playerId,player,score400_original,scoreFull_fixedFit,scoreFull_refit,deltaEvidence,deltaRefit,deltaTotal,status,note
203999,Nikola Jokić,1.0022,,1.5315,,,0.5293000000000001,NOT_IDENTIFIABLE_FIXED_FIT,"FIXED_FIT_MORE_DATA for fusion requires applying frozen 400-game fold betas — framework ready, run deferred to validation harness"
1628983,Shai Gilgeous-Alexander,0.266,,1.2962,,,1.0302,NOT_IDENTIFIABLE_FIXED_FIT,"FIXED_FIT_MORE_DATA for fusion requires applying frozen 400-game fold betas — framework ready, run deferred to validation harness"
1630532,Franz Wagner,0.6134,,1.3178,,,0.7044000000000001,NOT_IDENTIFIABLE_FIXED_FIT,"FIXED_FIT_MORE_DATA for fusion requires applying frozen 400-game fold betas — framework ready, run deferred to validation harness"
1641705,Victor Wembanyama,0.0187,,1.7019,,,1.6832,NOT_IDENTIFIABLE_FIXED_FIT,"FIXED_FIT_MORE_DATA for fusion requires applying frozen 400-game fold betas — framework ready, run deferred to validation harness"
1626181,Norman Powell,0.2985,,1.1709,,,0.8724000000000001,NOT_IDENTIFIABLE_FIXED_FIT,"FIXED_FIT_MORE_DATA for fusion requires applying frozen 400-game fold betas — framework ready, run deferred to validation harness"
1630202,Payton Pritchard,0.837,,0.9881,,,0.1511,NOT_IDENTIFIABLE_FIXED_FIT,"FIXED_FIT_MORE_DATA for fusion requires applying frozen 400-game fold betas — framework ready, run deferred to validation harness"
1629675,Naz Reid,0.4651,,0.9686,,,0.5035000000000001,NOT_IDENTIFIABLE_FIXED_FIT,"FIXED_FIT_MORE_DATA for fusion requires applying frozen 400-game fold betas — framework ready, run deferred to validation harness"
202710,Jimmy Butler,0.8493,,1.3221,,,0.4728,NOT_IDENTIFIABLE_FIXED_FIT,"FIXED_FIT_MORE_DATA for fusion requires applying frozen 400-game fold betas — framework ready, run deferred to validation harness"
1628991,Jaren Jackson Jr.,0.5942,,0.872,,,0.27780000000000005,NOT_IDENTIFIABLE_FIXED_FIT,"FIXED_FIT_MORE_DATA for fusion requires applying frozen 400-game fold betas — framework ready, run deferred to validation harness"
203897,Zach LaVine,-0.1608,,0.6579,,,0.8187,NOT_IDENTIFIABLE_FIXED_FIT,"FIXED_FIT_MORE_DATA for fusion requires applying frozen 400-game fold betas — framework ready, run deferred to validation harness"
1627826,Ivica Zubac,-0.1519,,0.6676,,,0.8195,NOT_IDENTIFIABLE_FIXED_FIT,"FIXED_FIT_MORE_DATA for fusion requires applying frozen 400-game fold betas — framework ready, run deferred to validation harness"
201942,DeMar DeRozan,0.5011,,0.6094,,,0.10830000000000006,NOT_IDENTIFIABLE_FIXED_FIT,"FIXED_FIT_MORE_DATA for fusion requires applying frozen 400-game fold betas — framework ready, run deferred to validation harness"
1631165,Keon Ellis,0.0829,,0.9171,,,0.8342,NOT_IDENTIFIABLE_FIXED_FIT,"FIXED_FIT_MORE_DATA for fusion requires applying frozen 400-game fold betas — framework ready, run deferred to validation harness"
1631128,Christian Braun,0.4256,,0.5697,,,0.1441,NOT_IDENTIFIABLE_FIXED_FIT,"FIXED_FIT_MORE_DATA for fusion requires applying frozen 400-game fold betas — framework ready, run deferred to validation harness"
1631106,Tari Eason,0.909,,1.2376,,,0.3286,NOT_IDENTIFIABLE_FIXED_FIT,"FIXED_FIT_MORE_DATA for fusion requires applying frozen 400-game fold betas — framework ready, run deferred to validation harness"
1628386,Jarrett Allen,0.3872,,0.6368,,,0.24960000000000004,NOT_IDENTIFIABLE_FIXED_FIT,"FIXED_FIT_MORE_DATA for fusion requires applying frozen 400-game fold betas — framework ready, run deferred to validation harness"
1627736,Malik Beasley,0.2739,,0.6076,,,0.33370000000000005,NOT_IDENTIFIABLE_FIXED_FIT,"FIXED_FIT_MORE_DATA for fusion requires applying frozen 400-game fold betas — framework ready, run deferred to validation harness"
1629631,De'Andre Hunter,0.3272,,0.8664,,,0.5391999999999999,NOT_IDENTIFIABLE_FIXED_FIT,"FIXED_FIT_MORE_DATA for fusion requires applying frozen 400-game fold betas — framework ready, run deferred to validation harness"
1630700,Dyson Daniels,0.1991,,0.5008,,,0.3017,NOT_IDENTIFIABLE_FIXED_FIT,"FIXED_FIT_MORE_DATA for fusion requires applying frozen 400-game fold betas — framework ready, run deferred to validation harness"
1627783,Pascal Siakam,0.7428,,0.5396,,,-0.20320000000000005,NOT_IDENTIFIABLE_FIXED_FIT,"FIXED_FIT_MORE_DATA for fusion requires applying frozen 400-game fold betas — framework ready, run deferred to validation harness"
1630596,Evan Mobley,0.0752,,0.6262,,,0.5509999999999999,NOT_IDENTIFIABLE_FIXED_FIT,"FIXED_FIT_MORE_DATA for fusion requires applying frozen 400-game fold betas — framework ready, run deferred to validation harness"
203497,Rudy Gobert,-0.3031,,0.5583,,,0.8613999999999999,NOT_IDENTIFIABLE_FIXED_FIT,"FIXED_FIT_MORE_DATA for fusion requires applying frozen 400-game fold betas — framework ready, run deferred to validation harness"
1626157,Karl-Anthony Towns,0.5479,,0.4707,,,-0.07720000000000005,NOT_IDENTIFIABLE_FIXED_FIT,"FIXED_FIT_MORE_DATA for fusion requires applying frozen 400-game fold betas — framework ready, run deferred to validation harness"
1630552,Jalen Johnson,-0.3617,,1.0738,,,1.4355000000000002,NOT_IDENTIFIABLE_FIXED_FIT,"FIXED_FIT_MORE_DATA for fusion requires applying frozen 400-game fold betas — framework ready, run deferred to validation harness"
1628369,Jayson Tatum,0.1329,,0.4024,,,0.26949999999999996,NOT_IDENTIFIABLE_FIXED_FIT,"FIXED_FIT_MORE_DATA for fusion requires applying frozen 400-game fold betas — framework ready, run deferred to validation harness"
1628378,Donovan Mitchell,0.1512,,0.4699,,,0.3187,NOT_IDENTIFIABLE_FIXED_FIT,"FIXED_FIT_MORE_DATA for fusion requires applying frozen 400-game fold betas — framework ready, run deferred to validation harness"
202696,Nikola Vučević,0.5596,,0.4312,,,-0.12839999999999996,NOT_IDENTIFIABLE_FIXED_FIT,"FIXED_FIT_MORE_DATA for fusion requires applying frozen 400-game fold betas — framework ready, run deferred to validation harness"
1629636,Darius Garland,0.2169,,0.4311,,,0.21419999999999997,NOT_IDENTIFIABLE_FIXED_FIT,"FIXED_FIT_MORE_DATA for fusion requires applying frozen 400-game fold betas — framework ready, run deferred to validation harness"
1627734,Domantas Sabonis,-0.1143,,0.3824,,,0.49670000000000003,NOT_IDENTIFIABLE_FIXED_FIT,"FIXED_FIT_MORE_DATA for fusion requires applying frozen 400-game fold betas — framework ready, run deferred to validation harness"
1630529,Herbert Jones,-0.4794,,2.1365,,,2.6159,NOT_IDENTIFIABLE_FIXED_FIT,"FIXED_FIT_MORE_DATA for fusion requires applying frozen 400-game fold betas — framework ready, run deferred to validation harness"
1630551,Justin Champagnie,0.7304,,0.8972,,,0.16679999999999995,NOT_IDENTIFIABLE_FIXED_FIT,"FIXED_FIT_MORE_DATA for fusion requires applying frozen 400-game fold betas — framework ready, run deferred to validation harness"
1630183,Jaden McDaniels,-0.2067,,0.3435,,,0.5502,NOT_IDENTIFIABLE_FIXED_FIT,"FIXED_FIT_MORE_DATA for fusion requires applying frozen 400-game fold betas — framework ready, run deferred to validation harness"
1629660,Ty Jerome,0.6345,,0.8313,,,0.19680000000000009,NOT_IDENTIFIABLE_FIXED_FIT,"FIXED_FIT_MORE_DATA for fusion requires applying frozen 400-game fold betas — framework ready, run deferred to validation harness"
1630168,Onyeka Okongwu,-0.2972,,0.4499,,,0.7471000000000001,NOT_IDENTIFIABLE_FIXED_FIT,"FIXED_FIT_MORE_DATA for fusion requires applying frozen 400-game fold betas — framework ready, run deferred to validation harness"
1628384,OG Anunoby,0.1238,,0.3044,,,0.1806,NOT_IDENTIFIABLE_FIXED_FIT,"FIXED_FIT_MORE_DATA for fusion requires applying frozen 400-game fold betas — framework ready, run deferred to validation harness"
1629008,Michael Porter Jr.,0.2088,,0.3044,,,0.09559999999999999,NOT_IDENTIFIABLE_FIXED_FIT,"FIXED_FIT_MORE_DATA for fusion requires applying frozen 400-game fold betas — framework ready, run deferred to validation harness"
1628970,Miles Bridges,-0.1076,,0.4688,,,0.5764,NOT_IDENTIFIABLE_FIXED_FIT,"FIXED_FIT_MORE_DATA for fusion requires applying frozen 400-game fold betas — framework ready, run deferred to validation harness"
203507,Giannis Antetokounmpo,0.2259,,0.3916,,,0.16570000000000001,NOT_IDENTIFIABLE_FIXED_FIT,"FIXED_FIT_MORE_DATA for fusion requires applying frozen 400-game fold betas — framework ready, run deferred to validation harness"
1629661,Cameron Johnson,0.7457,,0.5644,,,-0.18130000000000002,NOT_IDENTIFIABLE_FIXED_FIT,"FIXED_FIT_MORE_DATA for fusion requires applying frozen 400-game fold betas — framework ready, run deferred to validation harness"
1630583,Santi Aldama,0.0564,,0.5739,,,0.5175,NOT_IDENTIFIABLE_FIXED_FIT,"FIXED_FIT_MORE_DATA for fusion requires applying frozen 400-game fold betas — framework ready, run deferred to validation harness"
1630530,Trey Murphy III,0.2931,,0.4875,,,0.19439999999999996,NOT_IDENTIFIABLE_FIXED_FIT,"FIXED_FIT_MORE_DATA for fusion requires applying frozen 400-game fold betas — framework ready, run deferred to validation harness"
1630541,Moses Moody,-0.2641,,0.5732,,,0.8373,NOT_IDENTIFIABLE_FIXED_FIT,"FIXED_FIT_MORE_DATA for fusion requires applying frozen 400-game fold betas — framework ready, run deferred to validation harness"
1629048,Goga Bitadze,-0.0918,,0.7243,,,0.8161,NOT_IDENTIFIABLE_FIXED_FIT,"FIXED_FIT_MORE_DATA for fusion requires applying frozen 400-game fold betas — framework ready, run deferred to validation harness"
203084,Harrison Barnes,0.3861,,0.3522,,,-0.033899999999999986,NOT_IDENTIFIABLE_FIXED_FIT,"FIXED_FIT_MORE_DATA for fusion requires applying frozen 400-game fold betas — framework ready, run deferred to validation harness"
1628436,Luke Kornet,0,,0.7805,,,0.7805,NOT_IDENTIFIABLE_FIXED_FIT,"FIXED_FIT_MORE_DATA for fusion requires applying frozen 400-game fold betas — framework ready, run deferred to validation harness"
1631105,Jalen Duren,-0.4895,,0.3907,,,0.8802,NOT_IDENTIFIABLE_FIXED_FIT,"FIXED_FIT_MORE_DATA for fusion requires applying frozen 400-game fold betas — framework ready, run deferred to validation harness"
203076,Anthony Davis,0.5984,,0.5152,,,-0.08320000000000005,NOT_IDENTIFIABLE_FIXED_FIT,"FIXED_FIT_MORE_DATA for fusion requires applying frozen 400-game fold betas — framework ready, run deferred to validation harness"
1630162,Anthony Edwards,0.3227,,0.2064,,,-0.11629999999999999,NOT_IDENTIFIABLE_FIXED_FIT,"FIXED_FIT_MORE_DATA for fusion requires applying frozen 400-game fold betas — framework ready, run deferred to validation harness"
1642377,Jaylen Wells,0.1027,,0.3616,,,0.25889999999999996,NOT_IDENTIFIABLE_FIXED_FIT,"FIXED_FIT_MORE_DATA for fusion requires applying frozen 400-game fold betas — framework ready, run deferred to validation harness"
1631109,Mark Williams,0.4503,,0.8354,,,0.38510000000000005,NOT_IDENTIFIABLE_FIXED_FIT,"FIXED_FIT_MORE_DATA for fusion requires applying frozen 400-game fold betas — framework ready, run deferred to validation harness"
1627884,Derrick Jones Jr.,0.3815,,0.4192,,,0.03770000000000001,NOT_IDENTIFIABLE_FIXED_FIT,"FIXED_FIT_MORE_DATA for fusion requires applying frozen 400-game fold betas — framework ready, run deferred to validation harness"
201142,Kevin Durant,0.2119,,0.3034,,,0.0915,NOT_IDENTIFIABLE_FIXED_FIT,"FIXED_FIT_MORE_DATA for fusion requires applying frozen 400-game fold betas — framework ready, run deferred to validation harness"
1641709,Ausar Thompson,-0.5954,,0.6755,,,1.2709000000000001,NOT_IDENTIFIABLE_FIXED_FIT,"FIXED_FIT_MORE_DATA for fusion requires applying frozen 400-game fold betas — framework ready, run deferred to validation harness"
1628401,Derrick White,0.2657,,0.2355,,,-0.030200000000000005,NOT_IDENTIFIABLE_FIXED_FIT,"FIXED_FIT_MORE_DATA for fusion requires applying frozen 400-game fold betas — framework ready, run deferred to validation harness"
203552,Seth Curry,-0.1565,,0.9175,,,1.074,NOT_IDENTIFIABLE_FIXED_FIT,"FIXED_FIT_MORE_DATA for fusion requires applying frozen 400-game fold betas — framework ready, run deferred to validation harness"
1628449,Chris Boucher,0.9518,,1.2006,,,0.2487999999999999,NOT_IDENTIFIABLE_FIXED_FIT,"FIXED_FIT_MORE_DATA for fusion requires applying frozen 400-game fold betas — framework ready, run deferred to validation harness"
1630178,Tyrese Maxey,0.4656,,0.3705,,,-0.09510000000000002,NOT_IDENTIFIABLE_FIXED_FIT,"FIXED_FIT_MORE_DATA for fusion requires applying frozen 400-game fold betas — framework ready, run deferred to validation harness"
1629655,Daniel Gafford,1.0484,,0.6834,,,-0.365,NOT_IDENTIFIABLE_FIXED_FIT,"FIXED_FIT_MORE_DATA for fusion requires applying frozen 400-game fold betas — framework ready, run deferred to validation harness"
1629060,Rui Hachimura,0.0841,,0.3896,,,0.3055,NOT_IDENTIFIABLE_FIXED_FIT,"FIXED_FIT_MORE_DATA for fusion requires applying frozen 400-game fold betas — framework ready, run deferred to validation harness"
1627827,Dorian Finney-Smith,-0.2384,,0.4087,,,0.6471,NOT_IDENTIFIABLE_FIXED_FIT,"FIXED_FIT_MORE_DATA for fusion requires applying frozen 400-game fold betas — framework ready, run deferred to validation harness"
1630534,Ochai Agbaji,1.0046,,0.3991,,,-0.6054999999999999,NOT_IDENTIFIABLE_FIXED_FIT,"FIXED_FIT_MORE_DATA for fusion requires applying frozen 400-game fold betas — framework ready, run deferred to validation harness"
201939,Stephen Curry,0.5969,,0.2546,,,-0.3423,NOT_IDENTIFIABLE_FIXED_FIT,"FIXED_FIT_MORE_DATA for fusion requires applying frozen 400-game fold betas — framework ready, run deferred to validation harness"
1630198,Isaiah Joe,0.2837,,0.466,,,0.18230000000000002,NOT_IDENTIFIABLE_FIXED_FIT,"FIXED_FIT_MORE_DATA for fusion requires applying frozen 400-game fold betas — framework ready, run deferred to validation harness"
202681,Kyrie Irving,0.8141,,0.3701,,,-0.44400000000000006,NOT_IDENTIFIABLE_FIXED_FIT,"FIXED_FIT_MORE_DATA for fusion requires applying frozen 400-game fold betas — framework ready, run deferred to validation harness"
1630174,Aaron Nesmith,0.287,,0.7848,,,0.4978000000000001,NOT_IDENTIFIABLE_FIXED_FIT,"FIXED_FIT_MORE_DATA for fusion requires applying frozen 400-game fold betas — framework ready, run deferred to validation harness"
1642419,Jamison Battle,0.9173,,0.7934,,,-0.12390000000000001,NOT_IDENTIFIABLE_FIXED_FIT,"FIXED_FIT_MORE_DATA for fusion requires applying frozen 400-game fold betas — framework ready, run deferred to validation harness"
1629012,Collin Sexton,-0.2906,,0.3601,,,0.6507000000000001,NOT_IDENTIFIABLE_FIXED_FIT,"FIXED_FIT_MORE_DATA for fusion requires applying frozen 400-game fold betas — framework ready, run deferred to validation harness"
1629599,Amir Coffey,0.3918,,0.3696,,,-0.022199999999999998,NOT_IDENTIFIABLE_FIXED_FIT,"FIXED_FIT_MORE_DATA for fusion requires applying frozen 400-game fold betas — framework ready, run deferred to validation harness"
1628381,John Collins,-0.2537,,0.6063,,,0.8599999999999999,NOT_IDENTIFIABLE_FIXED_FIT,"FIXED_FIT_MORE_DATA for fusion requires applying frozen 400-game fold betas — framework ready, run deferred to validation harness"
1631117,Walker Kessler,0.1017,,0.3503,,,0.2486,NOT_IDENTIFIABLE_FIXED_FIT,"FIXED_FIT_MORE_DATA for fusion requires applying frozen 400-game fold betas — framework ready, run deferred to validation harness"
1630215,Jared Butler,1.2814,,0.7267,,,-0.5547000000000001,NOT_IDENTIFIABLE_FIXED_FIT,"FIXED_FIT_MORE_DATA for fusion requires applying frozen 400-game fold betas — framework ready, run deferred to validation harness"
1629637,Jaxson Hayes,0.3789,,0.6704,,,0.2915,NOT_IDENTIFIABLE_FIXED_FIT,"FIXED_FIT_MORE_DATA for fusion requires applying frozen 400-game fold betas — framework ready, run deferred to validation harness"
1627936,Alex Caruso,-0.0794,,0.726,,,0.8054,NOT_IDENTIFIABLE_FIXED_FIT,"FIXED_FIT_MORE_DATA for fusion requires applying frozen 400-game fold betas — framework ready, run deferred to validation harness"
1630573,Sam Hauser,-0.1083,,0.4259,,,0.5342,NOT_IDENTIFIABLE_FIXED_FIT,"FIXED_FIT_MORE_DATA for fusion requires applying frozen 400-game fold betas — framework ready, run deferred to validation harness"
1641717,Cason Wallace,0.2892,,0.2729,,,-0.016300000000000037,NOT_IDENTIFIABLE_FIXED_FIT,"FIXED_FIT_MORE_DATA for fusion requires applying frozen 400-game fold betas — framework ready, run deferred to validation harness"
1629006,Josh Okogie,0.4112,,1.3065,,,0.8953,NOT_IDENTIFIABLE_FIXED_FIT,"FIXED_FIT_MORE_DATA for fusion requires applying frozen 400-game fold betas — framework ready, run deferred to validation harness"
1631108,Max Christie,-0.4864,,0.1955,,,0.6819,NOT_IDENTIFIABLE_FIXED_FIT,"FIXED_FIT_MORE_DATA for fusion requires applying frozen 400-game fold betas — framework ready, run deferred to validation harness"
1629018,Gary Trent Jr.,-0.4422,,0.2437,,,0.6859,NOT_IDENTIFIABLE_FIXED_FIT,"FIXED_FIT_MORE_DATA for fusion requires applying frozen 400-game fold betas — framework ready, run deferred to validation harness"
1628973,Jalen Brunson,0.4083,,0.1566,,,-0.25170000000000003,NOT_IDENTIFIABLE_FIXED_FIT,"FIXED_FIT_MORE_DATA for fusion requires applying frozen 400-game fold betas — framework ready, run deferred to validation harness"
1629634,Brandon Clarke,0.5426,,0.4625,,,-0.08009999999999995,NOT_IDENTIFIABLE_FIXED_FIT,"FIXED_FIT_MORE_DATA for fusion requires applying frozen 400-game fold betas — framework ready, run deferred to validation harness"
1628404,Josh Hart,0.057,,0.0688,,,0.011799999999999998,NOT_IDENTIFIABLE_FIXED_FIT,"FIXED_FIT_MORE_DATA for fusion requires applying frozen 400-game fold betas — framework ready, run deferred to validation harness"
1626220,Royce O'Neale,0.084,,0.2532,,,0.16919999999999996,NOT_IDENTIFIABLE_FIXED_FIT,"FIXED_FIT_MORE_DATA for fusion requires applying frozen 400-game fold betas — framework ready, run deferred to validation harness"
204001,Kristaps Porziņģis,-0.1655,,0.4905,,,0.656,NOT_IDENTIFIABLE_FIXED_FIT,"FIXED_FIT_MORE_DATA for fusion requires applying frozen 400-game fold betas — framework ready, run deferred to validation harness"
203932,Aaron Gordon,0.7874,,0.3677,,,-0.41969999999999996,NOT_IDENTIFIABLE_FIXED_FIT,"FIXED_FIT_MORE_DATA for fusion requires applying frozen 400-game fold betas — framework ready, run deferred to validation harness"
1629627,Zion Williamson,0.1718,,0.7584,,,0.5866,NOT_IDENTIFIABLE_FIXED_FIT,"FIXED_FIT_MORE_DATA for fusion requires applying frozen 400-game fold betas — framework ready, run deferred to validation harness"
1629026,Kenrich Williams,0.4983,,0.5368,,,0.038500000000000034,NOT_IDENTIFIABLE_FIXED_FIT,"FIXED_FIT_MORE_DATA for fusion requires applying frozen 400-game fold betas — framework ready, run deferred to validation harness"
1629130,Duncan Robinson,0.1192,,0.2529,,,0.1337,NOT_IDENTIFIABLE_FIXED_FIT,"FIXED_FIT_MORE_DATA for fusion requires applying frozen 400-game fold betas — framework ready, run deferred to validation harness"
1628415,Dillon Brooks,0.0849,,0.1273,,,0.04239999999999999,NOT_IDENTIFIABLE_FIXED_FIT,"FIXED_FIT_MORE_DATA for fusion requires applying frozen 400-game fold betas — framework ready, run deferred to validation harness"
1630167,Obi Toppin,0.212,,0.3103,,,0.09830000000000003,NOT_IDENTIFIABLE_FIXED_FIT,"FIXED_FIT_MORE_DATA for fusion requires applying frozen 400-game fold betas — framework ready, run deferred to validation harness"
1629029,Luka Dončić,0.0564,,0.2337,,,0.17729999999999999,NOT_IDENTIFIABLE_FIXED_FIT,"FIXED_FIT_MORE_DATA for fusion requires applying frozen 400-game fold betas — framework ready, run deferred to validation harness"
1631217,Moussa Diabaté,-0.696,,0.4804,,,1.1764,NOT_IDENTIFIABLE_FIXED_FIT,"FIXED_FIT_MORE_DATA for fusion requires applying frozen 400-game fold betas — framework ready, run deferred to validation harness"
1630182,Josh Green,-0.3925,,0.2047,,,0.5972,NOT_IDENTIFIABLE_FIXED_FIT,"FIXED_FIT_MORE_DATA for fusion requires applying frozen 400-game fold betas — framework ready, run deferred to validation harness"
1631133,Jabari Walker,-0.1737,,0.8743,,,1.048,NOT_IDENTIFIABLE_FIXED_FIT,"FIXED_FIT_MORE_DATA for fusion requires applying frozen 400-game fold betas — framework ready, run deferred to validation harness"
1629639,Tyler Herro,0.1418,,0.0687,,,-0.07310000000000001,NOT_IDENTIFIABLE_FIXED_FIT,"FIXED_FIT_MORE_DATA for fusion requires applying frozen 400-game fold betas — framework ready, run deferred to validation harness"
1630572,Sandro Mamukelashvili,0.5723,,1.0422,,,0.4699,NOT_IDENTIFIABLE_FIXED_FIT,"FIXED_FIT_MORE_DATA for fusion requires applying frozen 400-game fold betas — framework ready, run deferred to validation harness"
1629640,Keldon Johnson,-0.2501,,0.2045,,,0.4546,NOT_IDENTIFIABLE_FIXED_FIT,"FIXED_FIT_MORE_DATA for fusion requires applying frozen 400-game fold betas — framework ready, run deferred to validation harness"
1629656,Quentin Grimes,-0.2196,,0.1562,,,0.3758,NOT_IDENTIFIABLE_FIXED_FIT,"FIXED_FIT_MORE_DATA for fusion requires applying frozen 400-game fold betas — framework ready, run deferred to validation harness"
1630598,Aaron Wiggins,-0.3299,,0.2043,,,0.5342,NOT_IDENTIFIABLE_FIXED_FIT,"FIXED_FIT_MORE_DATA for fusion requires applying frozen 400-game fold betas — framework ready, run deferred to validation harness"
1628379,Luke Kennard,-0.4286,,0.2617,,,0.6902999999999999,NOT_IDENTIFIABLE_FIXED_FIT,"FIXED_FIT_MORE_DATA for fusion requires applying frozen 400-game fold betas — framework ready, run deferred to validation harness"
1630577,Julian Champagnie,0.2544,,0.1561,,,-0.09830000000000003,NOT_IDENTIFIABLE_FIXED_FIT,"FIXED_FIT_MORE_DATA for fusion requires applying frozen 400-game fold betas — framework ready, run deferred to validation harness"
202699,Tobias Harris,-0.3491,,0.0881,,,0.43720000000000003,NOT_IDENTIFIABLE_FIXED_FIT,"FIXED_FIT_MORE_DATA for fusion requires applying frozen 400-game fold betas — framework ready, run deferred to validation harness"
203952,Andrew Wiggins,0.5304,,0.1657,,,-0.3647,NOT_IDENTIFIABLE_FIXED_FIT,"FIXED_FIT_MORE_DATA for fusion requires applying frozen 400-game fold betas — framework ready, run deferred to validation harness"
1641708,Amen Thompson,-0.2341,,0.0978,,,0.3319,NOT_IDENTIFIABLE_FIXED_FIT,"FIXED_FIT_MORE_DATA for fusion requires applying frozen 400-game fold betas — framework ready, run deferred to validation harness"
203081,Damian Lillard,0.1786,,0.1172,,,-0.06140000000000001,NOT_IDENTIFIABLE_FIXED_FIT,"FIXED_FIT_MORE_DATA for fusion requires applying frozen 400-game fold betas — framework ready, run deferred to validation harness"
1627751,Jakob Pöltl,-0.3122,,0.1848,,,0.497,NOT_IDENTIFIABLE_FIXED_FIT,"FIXED_FIT_MORE_DATA for fusion requires applying frozen 400-game fold betas — framework ready, run deferred to validation harness"
1628418,Thomas Bryant,0.2319,,0.5326,,,0.30069999999999997,NOT_IDENTIFIABLE_FIXED_FIT,"FIXED_FIT_MORE_DATA for fusion requires applying frozen 400-game fold betas — framework ready, run deferred to validation harness"
1627777,Georges Niang,-0.5347,,0.1654,,,0.7001,NOT_IDENTIFIABLE_FIXED_FIT,"FIXED_FIT_MORE_DATA for fusion requires applying frozen 400-game fold betas — framework ready, run deferred to validation harness"
1630231,KJ Martin,0.3117,,0.5228,,,0.21110000000000007,NOT_IDENTIFIABLE_FIXED_FIT,"FIXED_FIT_MORE_DATA for fusion requires applying frozen 400-game fold betas — framework ready, run deferred to validation harness"
1626172,Kevon Looney,0.08,,0.3929,,,0.3129,NOT_IDENTIFIABLE_FIXED_FIT,"FIXED_FIT_MORE_DATA for fusion requires applying frozen 400-game fold betas — framework ready, run deferred to validation harness"
1629023,P.J. Washington,0,,0.1267,,,0.1267,NOT_IDENTIFIABLE_FIXED_FIT,"FIXED_FIT_MORE_DATA for fusion requires applying frozen 400-game fold betas — framework ready, run deferred to validation harness"
1630527,Brandon Boston Jr.,-0.4757,,0.4595,,,0.9352,NOT_IDENTIFIABLE_FIXED_FIT,"FIXED_FIT_MORE_DATA for fusion requires applying frozen 400-game fold betas — framework ready, run deferred to validation harness"
1630631,Jose Alvarado,0.0069,,0.2511,,,0.2442,NOT_IDENTIFIABLE_FIXED_FIT,"FIXED_FIT_MORE_DATA for fusion requires applying frozen 400-game fold betas — framework ready, run deferred to validation harness"
1630241,Sam Merrill,-0.0817,,0.232,,,0.3137,NOT_IDENTIFIABLE_FIXED_FIT,"FIXED_FIT_MORE_DATA for fusion requires applying frozen 400-game fold betas — framework ready, run deferred to validation harness"
1630188,Jalen Smith,0.0448,,0.4198,,,0.375,NOT_IDENTIFIABLE_FIXED_FIT,"FIXED_FIT_MORE_DATA for fusion requires applying frozen 400-game fold betas — framework ready, run deferred to validation harness"
1630224,Jalen Green,-0.2554,,0,,,0.2554,NOT_IDENTIFIABLE_FIXED_FIT,"FIXED_FIT_MORE_DATA for fusion requires applying frozen 400-game fold betas — framework ready, run deferred to validation harness"
1626166,Cameron Payne,0.184,,0.3636,,,0.17959999999999998,NOT_IDENTIFIABLE_FIXED_FIT,"FIXED_FIT_MORE_DATA for fusion requires applying frozen 400-game fold betas — framework ready, run deferred to validation harness"
1630171,Isaac Okoro,-0.0637,,0.3728,,,0.4365,NOT_IDENTIFIABLE_FIXED_FIT,"FIXED_FIT_MORE_DATA for fusion requires applying frozen 400-game fold betas — framework ready, run deferred to validation harness"
1642276,Kel'el Ware,-0.3895,,0.2222,,,0.6117,NOT_IDENTIFIABLE_FIXED_FIT,"FIXED_FIT_MORE_DATA for fusion requires applying frozen 400-game fold betas — framework ready, run deferred to validation harness"
1628374,Lauri Markkanen,0.3546,,0.184,,,-0.17060000000000003,NOT_IDENTIFIABLE_FIXED_FIT,"FIXED_FIT_MORE_DATA for fusion requires applying frozen 400-game fold betas — framework ready, run deferred to validation harness"
1630559,Austin Reaves,-0.2819,,0,,,0.2819,NOT_IDENTIFIABLE_FIXED_FIT,"FIXED_FIT_MORE_DATA for fusion requires applying frozen 400-game fold betas — framework ready, run deferred to validation harness"
202692,Alec Burks,0.8969,,0.5381,,,-0.3588,NOT_IDENTIFIABLE_FIXED_FIT,"FIXED_FIT_MORE_DATA for fusion requires applying frozen 400-game fold betas — framework ready, run deferred to validation harness"
1629684,Grant Williams,0.8571,,1.1076,,,0.25049999999999994,NOT_IDENTIFIABLE_FIXED_FIT,"FIXED_FIT_MORE_DATA for fusion requires applying frozen 400-game fold betas — framework ready, run deferred to validation harness"
1630166,Deni Avdija,-0.4967,,0.0391,,,0.5357999999999999,NOT_IDENTIFIABLE_FIXED_FIT,"FIXED_FIT_MORE_DATA for fusion requires applying frozen 400-game fold betas — framework ready, run deferred to validation harness"
1629652,Luguentz Dort,0.2448,,0.0489,,,-0.1959,NOT_IDENTIFIABLE_FIXED_FIT,"FIXED_FIT_MORE_DATA for fusion requires applying frozen 400-game fold betas — framework ready, run deferred to validation harness"
1630217,Desmond Bane,-0.9148,,0.0196,,,0.9343999999999999,NOT_IDENTIFIABLE_FIXED_FIT,"FIXED_FIT_MORE_DATA for fusion requires applying frozen 400-game fold betas — framework ready, run deferred to validation harness"
1641726,Dereck Lively II,0.4124,,0.501,,,0.08860000000000001,NOT_IDENTIFIABLE_FIXED_FIT,"FIXED_FIT_MORE_DATA for fusion requires applying frozen 400-game fold betas — framework ready, run deferred to validation harness"
1630194,Paul Reed,-0.2901,,1.1627,,,1.4528,NOT_IDENTIFIABLE_FIXED_FIT,"FIXED_FIT_MORE_DATA for fusion requires applying frozen 400-game fold betas — framework ready, run deferred to validation harness"
1626164,Devin Booker,0.3044,,-0.0295,,,-0.3339,NOT_IDENTIFIABLE_FIXED_FIT,"FIXED_FIT_MORE_DATA for fusion requires applying frozen 400-game fold betas — framework ready, run deferred to validation harness"
201572,Brook Lopez,0.1036,,-0.0098,,,-0.1134,NOT_IDENTIFIABLE_FIXED_FIT,"FIXED_FIT_MORE_DATA for fusion requires applying frozen 400-game fold betas — framework ready, run deferred to validation harness"
1627750,Jamal Murray,-0.3093,,0,,,0.3093,NOT_IDENTIFIABLE_FIXED_FIT,"FIXED_FIT_MORE_DATA for fusion requires applying frozen 400-game fold betas — framework ready, run deferred to validation harness"
1628960,Grayson Allen,-0.7054,,0.1454,,,0.8508,NOT_IDENTIFIABLE_FIXED_FIT,"FIXED_FIT_MORE_DATA for fusion requires applying frozen 400-game fold betas — framework ready, run deferred to validation harness"
1628988,Aaron Holiday,0.5587,,0.4523,,,-0.1064,NOT_IDENTIFIABLE_FIXED_FIT,"FIXED_FIT_MORE_DATA for fusion requires applying frozen 400-game fold betas — framework ready, run deferred to validation harness"
1629638,Nickeil Alexander-Walker,0.2502,,0.0098,,,-0.24039999999999997,NOT_IDENTIFIABLE_FIXED_FIT,"FIXED_FIT_MORE_DATA for fusion requires applying frozen 400-game fold betas — framework ready, run deferred to validation harness"
1631204,Marcus Sasser,0.3147,,0.3875,,,0.07280000000000003,NOT_IDENTIFIABLE_FIXED_FIT,"FIXED_FIT_MORE_DATA for fusion requires applying frozen 400-game fold betas — framework ready, run deferred to validation harness"
1629731,Dean Wade,-0.0986,,0.1637,,,0.2623,NOT_IDENTIFIABLE_FIXED_FIT,"FIXED_FIT_MORE_DATA for fusion requires applying frozen 400-game fold betas — framework ready, run deferred to validation harness"
1631207,Dalen Terry,-0.2916,,0.2484,,,0.54,NOT_IDENTIFIABLE_FIXED_FIT,"FIXED_FIT_MORE_DATA for fusion requires applying frozen 400-game fold betas — framework ready, run deferred to validation harness"
1641744,Zach Edey,-0.2018,,0.0968,,,0.2986,NOT_IDENTIFIABLE_FIXED_FIT,"FIXED_FIT_MORE_DATA for fusion requires applying frozen 400-game fold betas — framework ready, run deferred to validation harness"
1630643,Jay Huff,0.789,,0.414,,,-0.37500000000000006,NOT_IDENTIFIABLE_FIXED_FIT,"FIXED_FIT_MORE_DATA for fusion requires applying frozen 400-game fold betas — framework ready, run deferred to validation harness"
1631260,AJ Green,0.4997,,0.0388,,,-0.4609,NOT_IDENTIFIABLE_FIXED_FIT,"FIXED_FIT_MORE_DATA for fusion requires applying frozen 400-game fold betas — framework ready, run deferred to validation harness"
1630540,Miles McBride,0.0736,,0.0485,,,-0.025099999999999997,NOT_IDENTIFIABLE_FIXED_FIT,"FIXED_FIT_MORE_DATA for fusion requires applying frozen 400-game fold betas — framework ready, run deferred to validation harness"
203939,Dwight Powell,-0.3304,,0.6326,,,0.9630000000000001,NOT_IDENTIFIABLE_FIXED_FIT,"FIXED_FIT_MORE_DATA for fusion requires applying frozen 400-game fold betas — framework ready, run deferred to validation harness"
1629312,Haywood Highsmith,-0.0737,,0.0097,,,0.0834,NOT_IDENTIFIABLE_FIXED_FIT,"FIXED_FIT_MORE_DATA for fusion requires applying frozen 400-game fold betas — framework ready, run deferred to validation harness"
1630548,Johnny Juzang,-0.0177,,0.106,,,0.1237,NOT_IDENTIFIABLE_FIXED_FIT,"FIXED_FIT_MORE_DATA for fusion requires applying frozen 400-game fold betas — framework ready, run deferred to validation harness"
203484,Kentavious Caldwell-Pope,-0.2739,,-0.0489,,,0.22499999999999998,NOT_IDENTIFIABLE_FIXED_FIT,"FIXED_FIT_MORE_DATA for fusion requires applying frozen 400-game fold betas — framework ready, run deferred to validation harness"
1628371,Jonathan Isaac,0.0266,,0.1721,,,0.14550000000000002,NOT_IDENTIFIABLE_FIXED_FIT,"FIXED_FIT_MORE_DATA for fusion requires applying frozen 400-game fold betas — framework ready, run deferred to validation harness"
1641764,Brandin Podziemski,-0.9628,,0.0097,,,0.9725,NOT_IDENTIFIABLE_FIXED_FIT,"FIXED_FIT_MORE_DATA for fusion requires applying frozen 400-game fold betas — framework ready, run deferred to validation harness"
1630228,Jonathan Kuminga,-0.1851,,0.1438,,,0.32889999999999997,NOT_IDENTIFIABLE_FIXED_FIT,"FIXED_FIT_MORE_DATA for fusion requires applying frozen 400-game fold betas — framework ready, run deferred to validation harness"
1642272,Jared McCain,0.4153,,0.5007,,,0.08540000000000003,NOT_IDENTIFIABLE_FIXED_FIT,"FIXED_FIT_MORE_DATA for fusion requires applying frozen 400-game fold betas — framework ready, run deferred to validation harness"
1630570,Trendon Watford,-1.1053,,0.2463,,,1.3516,NOT_IDENTIFIABLE_FIXED_FIT,"FIXED_FIT_MORE_DATA for fusion requires applying frozen 400-game fold betas — framework ready, run deferred to validation harness"
1627780,Gary Payton II,0.1912,,0.2185,,,0.02729999999999999,NOT_IDENTIFIABLE_FIXED_FIT,"FIXED_FIT_MORE_DATA for fusion requires applying frozen 400-game fold betas — framework ready, run deferred to validation harness"
1627747,Caris LeVert,0.2288,,0.0097,,,-0.21910000000000002,NOT_IDENTIFIABLE_FIXED_FIT,"FIXED_FIT_MORE_DATA for fusion requires applying frozen 400-game fold betas — framework ready, run deferred to validation harness"
203991,Clint Capela,0.297,,0.1056,,,-0.1914,NOT_IDENTIFIABLE_FIXED_FIT,"FIXED_FIT_MORE_DATA for fusion requires applying frozen 400-game fold betas — framework ready, run deferred to validation harness"
1627832,Fred VanVleet,0.5291,,-0.0488,,,-0.5779,NOT_IDENTIFIABLE_FIXED_FIT,"FIXED_FIT_MORE_DATA for fusion requires applying frozen 400-game fold betas — framework ready, run deferred to validation harness"
1629674,Neemias Queta,-0.4683,,0.2641,,,0.7323999999999999,NOT_IDENTIFIABLE_FIXED_FIT,"FIXED_FIT_MORE_DATA for fusion requires applying frozen 400-game fold betas — framework ready, run deferred to validation harness"
201950,Jrue Holiday,-0.1596,,-0.039,,,0.12059999999999998,NOT_IDENTIFIABLE_FIXED_FIT,"FIXED_FIT_MORE_DATA for fusion requires applying frozen 400-game fold betas — framework ready, run deferred to validation harness"
1631110,Jeremy Sochan,-0.2962,,0.0386,,,0.33480000000000004,NOT_IDENTIFIABLE_FIXED_FIT,"FIXED_FIT_MORE_DATA for fusion requires applying frozen 400-game fold betas — framework ready, run deferred to validation harness"
1628368,De'Aaron Fox,0.3057,,-0.0783,,,-0.384,NOT_IDENTIFIABLE_FIXED_FIT,"FIXED_FIT_MORE_DATA for fusion requires applying frozen 400-game fold betas — framework ready, run deferred to validation harness"
1642271,Kyle Filipowski,-0.0689,,0,,,0.0689,NOT_IDENTIFIABLE_FIXED_FIT,"FIXED_FIT_MORE_DATA for fusion requires applying frozen 400-game fold betas — framework ready, run deferred to validation harness"
1630533,Ziaire Williams,-0.5051,,0,,,0.5051,NOT_IDENTIFIABLE_FIXED_FIT,"FIXED_FIT_MORE_DATA for fusion requires applying frozen 400-game fold betas — framework ready, run deferred to validation harness"
201143,Al Horford,0.3861,,-0.0194,,,-0.40549999999999997,NOT_IDENTIFIABLE_FIXED_FIT,"FIXED_FIT_MORE_DATA for fusion requires applying frozen 400-game fold betas — framework ready, run deferred to validation harness"
1629673,Jordan Poole,0.2994,,-0.0684,,,-0.3678,NOT_IDENTIFIABLE_FIXED_FIT,"FIXED_FIT_MORE_DATA for fusion requires applying frozen 400-game fold betas — framework ready, run deferred to validation harness"
1630696,Dru Smith,0.4043,,1.1571,,,0.7528,NOT_IDENTIFIABLE_FIXED_FIT,"FIXED_FIT_MORE_DATA for fusion requires applying frozen 400-game fold betas — framework ready, run deferred to validation harness"
1626158,Richaun Holmes,0.0366,,0.4226,,,0.38599999999999995,NOT_IDENTIFIABLE_FIXED_FIT,"FIXED_FIT_MORE_DATA for fusion requires applying frozen 400-game fold betas — framework ready, run deferred to validation harness"
1641824,Matas Buzelis,-0.8432,,-0.0291,,,0.8140999999999999,NOT_IDENTIFIABLE_FIXED_FIT,"FIXED_FIT_MORE_DATA for fusion requires applying frozen 400-game fold betas — framework ready, run deferred to validation harness"
1627752,Taurean Prince,-0.1582,,-0.088,,,0.07020000000000001,NOT_IDENTIFIABLE_FIXED_FIT,"FIXED_FIT_MORE_DATA for fusion requires applying frozen 400-game fold betas — framework ready, run deferred to validation harness"
1630539,Kai Jones,-0.2623,,0.5333,,,0.7956,NOT_IDENTIFIABLE_FIXED_FIT,"FIXED_FIT_MORE_DATA for fusion requires applying frozen 400-game fold betas — framework ready, run deferred to validation harness"
1630264,Anthony Gill,0.8838,,0.6411,,,-0.24270000000000003,NOT_IDENTIFIABLE_FIXED_FIT,"FIXED_FIT_MORE_DATA for fusion requires applying frozen 400-game fold betas — framework ready, run deferred to validation harness"
1630625,Dalano Banton,-0.1695,,0.0479,,,0.2174,NOT_IDENTIFIABLE_FIXED_FIT,"FIXED_FIT_MORE_DATA for fusion requires applying frozen 400-game fold betas — framework ready, run deferred to validation harness"
201145,Jeff Green,-0.0014,,0.5966,,,0.598,NOT_IDENTIFIABLE_FIXED_FIT,"FIXED_FIT_MORE_DATA for fusion requires applying frozen 400-game fold betas — framework ready, run deferred to validation harness"
1630549,Day'Ron Sharpe,-0.0054,,0.1325,,,0.1379,NOT_IDENTIFIABLE_FIXED_FIT,"FIXED_FIT_MORE_DATA for fusion requires applying frozen 400-game fold betas — framework ready, run deferred to validation harness"
203937,Kyle Anderson,0.0883,,0.0763,,,-0.011999999999999997,NOT_IDENTIFIABLE_FIXED_FIT,"FIXED_FIT_MORE_DATA for fusion requires applying frozen 400-game fold betas — framework ready, run deferred to validation harness"
1628998,Cody Martin,0.1871,,0.0288,,,-0.1583,NOT_IDENTIFIABLE_FIXED_FIT,"FIXED_FIT_MORE_DATA for fusion requires applying frozen 400-game fold betas — framework ready, run deferred to validation harness"
1631230,Dominick Barlow,0.098,,0.5956,,,0.49760000000000004,NOT_IDENTIFIABLE_FIXED_FIT,"FIXED_FIT_MORE_DATA for fusion requires applying frozen 400-game fold betas — framework ready, run deferred to validation harness"
1641796,Pelle Larsson,0.3212,,0.1878,,,-0.1334,NOT_IDENTIFIABLE_FIXED_FIT,"FIXED_FIT_MORE_DATA for fusion requires applying frozen 400-game fold betas — framework ready, run deferred to validation harness"
1629726,Garrison Mathews,0.2362,,0.1324,,,-0.1038,NOT_IDENTIFIABLE_FIXED_FIT,"FIXED_FIT_MORE_DATA for fusion requires applying frozen 400-game fold betas — framework ready, run deferred to validation harness"
203903,Jordan Clarkson,-0.1341,,0.0762,,,0.2103,NOT_IDENTIFIABLE_FIXED_FIT,"FIXED_FIT_MORE_DATA for fusion requires applying frozen 400-game fold betas — framework ready, run deferred to validation harness"
1629750,Javonte Green,-0.3044,,0,,,0.3044,NOT_IDENTIFIABLE_FIXED_FIT,"FIXED_FIT_MORE_DATA for fusion requires applying frozen 400-game fold betas — framework ready, run deferred to validation harness"
1629057,Robert Williams III,0.8729,,0.6446,,,-0.22830000000000006,NOT_IDENTIFIABLE_FIXED_FIT,"FIXED_FIT_MORE_DATA for fusion requires applying frozen 400-game fold betas — framework ready, run deferred to validation harness"
1631131,Oscar Tshiebwe,0.0699,,0.9299,,,0.86,NOT_IDENTIFIABLE_FIXED_FIT,"FIXED_FIT_MORE_DATA for fusion requires applying frozen 400-game fold betas — framework ready, run deferred to validation harness"
1630591,Jalen Suggs,-0.2172,,0.0557,,,0.27290000000000003,NOT_IDENTIFIABLE_FIXED_FIT,"FIXED_FIT_MORE_DATA for fusion requires applying frozen 400-game fold betas — framework ready, run deferred to validation harness"
1631096,Chet Holmgren,0.5403,,0.0854,,,-0.45489999999999997,NOT_IDENTIFIABLE_FIXED_FIT,"FIXED_FIT_MORE_DATA for fusion requires applying frozen 400-game fold betas — framework ready, run deferred to validation harness"
1630557,Corey Kispert,-0.7778,,-0.0679,,,0.7099000000000001,NOT_IDENTIFIABLE_FIXED_FIT,"FIXED_FIT_MORE_DATA for fusion requires applying frozen 400-game fold betas — framework ready, run deferred to validation harness"
1630531,Jaden Springer,-0.2214,,0.5546,,,0.776,NOT_IDENTIFIABLE_FIXED_FIT,"FIXED_FIT_MORE_DATA for fusion requires applying frozen 400-game fold betas — framework ready, run deferred to validation harness"
1629014,Anfernee Simons,-0.7125,,-0.1273,,,0.5852,NOT_IDENTIFIABLE_FIXED_FIT,"FIXED_FIT_MORE_DATA for fusion requires applying frozen 400-game fold betas — framework ready, run deferred to validation harness"
1628978,Donte DiVincenzo,-0.7078,,-0.0777,,,0.6301,NOT_IDENTIFIABLE_FIXED_FIT,"FIXED_FIT_MORE_DATA for fusion requires applying frozen 400-game fold betas — framework ready, run deferred to validation harness"
1628366,Lonzo Ball,-0.0489,,0.0944,,,0.14329999999999998,NOT_IDENTIFIABLE_FIXED_FIT,"FIXED_FIT_MORE_DATA for fusion requires applying frozen 400-game fold betas — framework ready, run deferred to validation harness"
1631255,Karlo Matković,-0.4237,,0.1036,,,0.5273,NOT_IDENTIFIABLE_FIXED_FIT,"FIXED_FIT_MORE_DATA for fusion requires applying frozen 400-game fold betas — framework ready, run deferred to validation harness"
1641711,Gradey Dick,-0.3574,,-0.0874,,,0.27,NOT_IDENTIFIABLE_FIXED_FIT,"FIXED_FIT_MORE_DATA for fusion requires applying frozen 400-game fold betas — framework ready, run deferred to validation harness"
1630170,Devin Vassell,-0.4961,,-0.1171,,,0.379,NOT_IDENTIFIABLE_FIXED_FIT,"FIXED_FIT_MORE_DATA for fusion requires applying frozen 400-game fold betas — framework ready, run deferred to validation harness"
1631095,Jabari Smith Jr.,0.4988,,-0.0972,,,-0.596,NOT_IDENTIFIABLE_FIXED_FIT,"FIXED_FIT_MORE_DATA for fusion requires applying frozen 400-game fold betas — framework ready, run deferred to validation harness"
1629021,Moritz Wagner,-0.046,,0.2216,,,0.2676,NOT_IDENTIFIABLE_FIXED_FIT,"FIXED_FIT_MORE_DATA for fusion requires applying frozen 400-game fold betas — framework ready, run deferred to validation harness"
1641730,Noah Clowney,-0.0087,,0,,,0.0087,NOT_IDENTIFIABLE_FIXED_FIT,"FIXED_FIT_MORE_DATA for fusion requires applying frozen 400-game fold betas — framework ready, run deferred to validation harness"
203114,Khris Middleton,0.1581,,0.0473,,,-0.11079999999999998,NOT_IDENTIFIABLE_FIXED_FIT,"FIXED_FIT_MORE_DATA for fusion requires applying frozen 400-game fold betas — framework ready, run deferred to validation harness"
1629622,Max Strus,-0.2153,,-0.0578,,,0.1575,NOT_IDENTIFIABLE_FIXED_FIT,"FIXED_FIT_MORE_DATA for fusion requires applying frozen 400-game fold betas — framework ready, run deferred to validation harness"
1628470,Torrey Craig,0.175,,0.5785,,,0.4035,NOT_IDENTIFIABLE_FIXED_FIT,"FIXED_FIT_MORE_DATA for fusion requires applying frozen 400-game fold betas — framework ready, run deferred to validation harness"
1641741,Ricky Council IV,-0.107,,-0.0481,,,0.0589,NOT_IDENTIFIABLE_FIXED_FIT,"FIXED_FIT_MORE_DATA for fusion requires applying frozen 400-game fold betas — framework ready, run deferred to validation harness"
1630163,LaMelo Ball,-0.1307,,-0.0872,,,0.04350000000000001,NOT_IDENTIFIABLE_FIXED_FIT,"FIXED_FIT_MORE_DATA for fusion requires applying frozen 400-game fold betas — framework ready, run deferred to validation harness"
1641810,Antonio Reeves,0.4562,,0.1304,,,-0.3258,NOT_IDENTIFIABLE_FIXED_FIT,"FIXED_FIT_MORE_DATA for fusion requires applying frozen 400-game fold betas — framework ready, run deferred to validation harness"
1627741,Buddy Hield,1.249,,-0.1169,,,-1.3659000000000001,NOT_IDENTIFIABLE_FIXED_FIT,"FIXED_FIT_MORE_DATA for fusion requires applying frozen 400-game fold betas — framework ready, run deferred to validation harness"
1631218,Trayce Jackson-Davis,-0.0181,,-0.0095,,,0.008600000000000002,NOT_IDENTIFIABLE_FIXED_FIT,"FIXED_FIT_MORE_DATA for fusion requires applying frozen 400-game fold betas — framework ready, run deferred to validation harness"
1631209,Isaiah Wong,-0.1028,,0.6338,,,0.7366,NOT_IDENTIFIABLE_FIXED_FIT,"FIXED_FIT_MORE_DATA for fusion requires applying frozen 400-game fold betas — framework ready, run deferred to validation harness"
1626162,Kelly Oubre Jr.,-0.7237,,-0.1367,,,0.587,NOT_IDENTIFIABLE_FIXED_FIT,"FIXED_FIT_MORE_DATA for fusion requires applying frozen 400-game fold betas — framework ready, run deferred to validation harness"
201144,Mike Conley,-0.4231,,-0.1167,,,0.3064,NOT_IDENTIFIABLE_FIXED_FIT,"FIXED_FIT_MORE_DATA for fusion requires applying frozen 400-game fold betas — framework ready, run deferred to validation harness"
203926,Doug McDermott,-0.2037,,0.4282,,,0.6319,NOT_IDENTIFIABLE_FIXED_FIT,"FIXED_FIT_MORE_DATA for fusion requires applying frozen 400-game fold betas — framework ready, run deferred to validation harness"
1641727,Dariq Whitehead,0.2243,,0.6117,,,0.3874,NOT_IDENTIFIABLE_FIXED_FIT,"FIXED_FIT_MORE_DATA for fusion requires applying frozen 400-game fold betas — framework ready, run deferred to validation harness"
203944,Julius Randle,-0.4724,,-0.1565,,,0.31589999999999996,NOT_IDENTIFIABLE_FIXED_FIT,"FIXED_FIT_MORE_DATA for fusion requires applying frozen 400-game fold betas — framework ready, run deferred to validation harness"
1642261,Dalton Knecht,0.5188,,-0.1064,,,-0.6252,NOT_IDENTIFIABLE_FIXED_FIT,"FIXED_FIT_MORE_DATA for fusion requires applying frozen 400-game fold betas — framework ready, run deferred to validation harness"
1631107,Nikola Jović,0,,-0.0689,,,-0.0689,NOT_IDENTIFIABLE_FIXED_FIT,"FIXED_FIT_MORE_DATA for fusion requires applying frozen 400-game fold betas — framework ready, run deferred to validation harness"
1628380,Zach Collins,0.0088,,-0.0476,,,-0.056400000000000006,NOT_IDENTIFIABLE_FIXED_FIT,"FIXED_FIT_MORE_DATA for fusion requires applying frozen 400-game fold betas — framework ready, run deferred to validation harness"
1631157,Ryan Rollins,1.0438,,-0.0189,,,-1.0627,NOT_IDENTIFIABLE_FIXED_FIT,"FIXED_FIT_MORE_DATA for fusion requires applying frozen 400-game fold betas — framework ready, run deferred to validation harness"
1629626,Bol Bol,0.0946,,0.1538,,,0.05919999999999999,NOT_IDENTIFIABLE_FIXED_FIT,"FIXED_FIT_MORE_DATA for fusion requires applying frozen 400-game fold betas — framework ready, run deferred to validation harness"
1642382,Branden Carlson,-0.0272,,0.5021,,,0.5293,NOT_IDENTIFIABLE_FIXED_FIT,"FIXED_FIT_MORE_DATA for fusion requires applying frozen 400-game fold betas — framework ready, run deferred to validation harness"
1642349,Ajay Mitchell,-0.1783,,0.0737,,,0.252,NOT_IDENTIFIABLE_FIXED_FIT,"FIXED_FIT_MORE_DATA for fusion requires applying frozen 400-game fold betas — framework ready, run deferred to validation harness"
1626167,Myles Turner,-0.6042,,-0.1662,,,0.43799999999999994,NOT_IDENTIFIABLE_FIXED_FIT,"FIXED_FIT_MORE_DATA for fusion requires applying frozen 400-game fold betas — framework ready, run deferred to validation harness"
1630560,Cam Thomas,-0.4025,,-0.0094,,,0.3931,NOT_IDENTIFIABLE_FIXED_FIT,"FIXED_FIT_MORE_DATA for fusion requires applying frozen 400-game fold betas — framework ready, run deferred to validation harness"
1628975,Jevon Carter,-0.1321,,0.3053,,,0.4374,NOT_IDENTIFIABLE_FIXED_FIT,"FIXED_FIT_MORE_DATA for fusion requires applying frozen 400-game fold betas — framework ready, run deferred to validation harness"
1628420,Monté Morris,0.0842,,0.0553,,,-0.028899999999999995,NOT_IDENTIFIABLE_FIXED_FIT,"FIXED_FIT_MORE_DATA for fusion requires applying frozen 400-game fold betas — framework ready, run deferred to validation harness"
1630249,Vít Krejčí,-0.4263,,-0.1056,,,0.3207,NOT_IDENTIFIABLE_FIXED_FIT,"FIXED_FIT_MORE_DATA for fusion requires applying frozen 400-game fold betas — framework ready, run deferred to validation harness"
1628963,Marvin Bagley III,0.031,,0.3501,,,0.31910000000000005,NOT_IDENTIFIABLE_FIXED_FIT,"FIXED_FIT_MORE_DATA for fusion requires applying frozen 400-game fold betas — framework ready, run deferred to validation harness"
1631466,Nate Williams,0.099,,0.8076,,,0.7086,NOT_IDENTIFIABLE_FIXED_FIT,"FIXED_FIT_MORE_DATA for fusion requires applying frozen 400-game fold betas — framework ready, run deferred to validation harness"
1630169,Tyrese Haliburton,0.0667,,-0.1862,,,-0.2529,NOT_IDENTIFIABLE_FIXED_FIT,"FIXED_FIT_MORE_DATA for fusion requires applying frozen 400-game fold betas — framework ready, run deferred to validation harness"
1641767,Ben Sheppard,-0.2996,,-0.125,,,0.17459999999999998,NOT_IDENTIFIABLE_FIXED_FIT,"FIXED_FIT_MORE_DATA for fusion requires applying frozen 400-game fold betas — framework ready, run deferred to validation harness"
1631116,Patrick Baldwin Jr.,0.6068,,1.2208,,,0.6140000000000001,NOT_IDENTIFIABLE_FIXED_FIT,"FIXED_FIT_MORE_DATA for fusion requires applying frozen 400-game fold betas — framework ready, run deferred to validation harness"
1642258,Zaccharie Risacher,-0.7738,,-0.1755,,,0.5983,NOT_IDENTIFIABLE_FIXED_FIT,"FIXED_FIT_MORE_DATA for fusion requires applying frozen 400-game fold betas — framework ready, run deferred to validation harness"
1641763,Julian Phillips,-0.4272,,-0.1247,,,0.3025,NOT_IDENTIFIABLE_FIXED_FIT,"FIXED_FIT_MORE_DATA for fusion requires applying frozen 400-game fold betas — framework ready, run deferred to validation harness"
1629001,De'Anthony Melton,0.8465,,0.8796,,,0.03310000000000002,NOT_IDENTIFIABLE_FIXED_FIT,"FIXED_FIT_MORE_DATA for fusion requires applying frozen 400-game fold betas — framework ready, run deferred to validation harness"
1631111,Wendell Moore Jr.,-0.1323,,0.0364,,,0.16870000000000002,NOT_IDENTIFIABLE_FIXED_FIT,"FIXED_FIT_MORE_DATA for fusion requires applying frozen 400-game fold betas — framework ready, run deferred to validation harness"
1627739,Kris Dunn,0.381,,-0.1752,,,-0.5562,NOT_IDENTIFIABLE_FIXED_FIT,"FIXED_FIT_MORE_DATA for fusion requires applying frozen 400-game fold betas — framework ready, run deferred to validation harness"
201587,Nicolas Batum,-0.2735,,-0.1544,,,0.11910000000000001,NOT_IDENTIFIABLE_FIXED_FIT,"FIXED_FIT_MORE_DATA for fusion requires applying frozen 400-game fold betas — framework ready, run deferred to validation harness"
1630545,Terrence Shannon Jr.,-0.3703,,0.1316,,,0.5019,NOT_IDENTIFIABLE_FIXED_FIT,"FIXED_FIT_MORE_DATA for fusion requires applying frozen 400-game fold betas — framework ready, run deferred to validation harness"
1641724,Jett Howard,-0.2145,,-0.0655,,,0.149,NOT_IDENTIFIABLE_FIXED_FIT,"FIXED_FIT_MORE_DATA for fusion requires applying frozen 400-game fold betas — framework ready, run deferred to validation harness"
1630611,Gui Santos,-0.4293,,-0.0751,,,0.3542,NOT_IDENTIFIABLE_FIXED_FIT,"FIXED_FIT_MORE_DATA for fusion requires applying frozen 400-game fold betas — framework ready, run deferred to validation harness"
1629659,Talen Horton-Tucker,1.2142,,-0.0846,,,-1.2988,NOT_IDENTIFIABLE_FIXED_FIT,"FIXED_FIT_MORE_DATA for fusion requires applying frozen 400-game fold betas — framework ready, run deferred to validation harness"
1627759,Jaylen Brown,-0.4802,,-0.1956,,,0.2846,NOT_IDENTIFIABLE_FIXED_FIT,"FIXED_FIT_MORE_DATA for fusion requires applying frozen 400-game fold betas — framework ready, run deferred to validation harness"
1631098,Johnny Davis,0.1895,,0.2527,,,0.06319999999999998,NOT_IDENTIFIABLE_FIXED_FIT,"FIXED_FIT_MORE_DATA for fusion requires applying frozen 400-game fold betas — framework ready, run deferred to validation harness"
1630193,Immanuel Quickley,-0.1991,,-0.1235,,,0.0756,NOT_IDENTIFIABLE_FIXED_FIT,"FIXED_FIT_MORE_DATA for fusion requires applying frozen 400-game fold betas — framework ready, run deferred to validation harness"
1627763,Malcolm Brogdon,0.1165,,-0.0512,,,-0.16770000000000002,NOT_IDENTIFIABLE_FIXED_FIT,"FIXED_FIT_MORE_DATA for fusion requires applying frozen 400-game fold betas — framework ready, run deferred to validation harness"
1641720,Jalen Hood-Schifino,0.0814,,0.0862,,,0.004799999999999999,NOT_IDENTIFIABLE_FIXED_FIT,"FIXED_FIT_MORE_DATA for fusion requires applying frozen 400-game fold betas — framework ready, run deferred to validation harness"
1630208,Nick Richards,-0.3855,,-0.1733,,,0.2122,NOT_IDENTIFIABLE_FIXED_FIT,"FIXED_FIT_MORE_DATA for fusion requires applying frozen 400-game fold betas — framework ready, run deferred to validation harness"
1641890,Tyler Smith,0.1898,,0.5252,,,0.33540000000000003,NOT_IDENTIFIABLE_FIXED_FIT,"FIXED_FIT_MORE_DATA for fusion requires applying frozen 400-game fold betas — framework ready, run deferred to validation harness"
1641871,Duop Reath,-0.1591,,-0.0635,,,0.09559999999999999,NOT_IDENTIFIABLE_FIXED_FIT,"FIXED_FIT_MORE_DATA for fusion requires applying frozen 400-game fold betas — framework ready, run deferred to validation harness"
1631321,Sidy Cissoko,0.2447,,0.5019,,,0.2572,NOT_IDENTIFIABLE_FIXED_FIT,"FIXED_FIT_MORE_DATA for fusion requires applying frozen 400-game fold betas — framework ready, run deferred to validation harness"
1630230,Naji Marshall,-0.2385,,-0.2146,,,0.023899999999999977,NOT_IDENTIFIABLE_FIXED_FIT,"FIXED_FIT_MORE_DATA for fusion requires applying frozen 400-game fold betas — framework ready, run deferred to validation harness"
1629646,Charles Bassey,0.5704,,-0.0532,,,-0.6236,NOT_IDENTIFIABLE_FIXED_FIT,"FIXED_FIT_MORE_DATA for fusion requires applying frozen 400-game fold betas — framework ready, run deferred to validation harness"
1630537,Chris Duarte,0.6824,,0.7337,,,0.05130000000000001,NOT_IDENTIFIABLE_FIXED_FIT,"FIXED_FIT_MORE_DATA for fusion requires applying frozen 400-game fold betas — framework ready, run deferred to validation harness"
203914,Gary Harris,0.7007,,-0.1495,,,-0.8502,NOT_IDENTIFIABLE_FIXED_FIT,"FIXED_FIT_MORE_DATA for fusion requires applying frozen 400-game fold betas — framework ready, run deferred to validation harness"
1630538,Bones Hyland,-0.7167,,0.0332,,,0.7499,NOT_IDENTIFIABLE_FIXED_FIT,"FIXED_FIT_MORE_DATA for fusion requires applying frozen 400-game fold betas — framework ready, run deferred to validation harness"
1641809,Drew Peterson,-0.6314,,0.1094,,,0.7407999999999999,NOT_IDENTIFIABLE_FIXED_FIT,"FIXED_FIT_MORE_DATA for fusion requires applying frozen 400-game fold betas — framework ready, run deferred to validation harness"
202685,Jonas Valančiūnas,-0.1174,,-0.213,,,-0.09559999999999999,NOT_IDENTIFIABLE_FIXED_FIT,"FIXED_FIT_MORE_DATA for fusion requires applying frozen 400-game fold betas — framework ready, run deferred to validation harness"
1629162,Jordan McLaughlin,-0.159,,-0.0604,,,0.0986,NOT_IDENTIFIABLE_FIXED_FIT,"FIXED_FIT_MORE_DATA for fusion requires applying frozen 400-game fold betas — framework ready, run deferred to validation harness"
1631132,Christian Koloko,-0.39,,-0.1053,,,0.2847,NOT_IDENTIFIABLE_FIXED_FIT,"FIXED_FIT_MORE_DATA for fusion requires applying frozen 400-game fold betas — framework ready, run deferred to validation harness"
1641738,Kobe Brown,0.17,,-0.0589,,,-0.22890000000000002,NOT_IDENTIFIABLE_FIXED_FIT,"FIXED_FIT_MORE_DATA for fusion requires applying frozen 400-game fold betas — framework ready, run deferred to validation harness"
1628981,Bruno Fernando,-0.3788,,0.0652,,,0.444,NOT_IDENTIFIABLE_FIXED_FIT,"FIXED_FIT_MORE_DATA for fusion requires applying frozen 400-game fold betas — framework ready, run deferred to validation harness"
1630314,Brandon Williams,-0.5944,,-0.1548,,,0.43960000000000005,NOT_IDENTIFIABLE_FIXED_FIT,"FIXED_FIT_MORE_DATA for fusion requires applying frozen 400-game fold betas — framework ready, run deferred to validation harness"
1629650,Moses Brown,0.2367,,0.1298,,,-0.1069,NOT_IDENTIFIABLE_FIXED_FIT,"FIXED_FIT_MORE_DATA for fusion requires applying frozen 400-game fold betas — framework ready, run deferred to validation harness"
1629003,Shake Milton,-0.2224,,-0.1984,,,0.023999999999999994,NOT_IDENTIFIABLE_FIXED_FIT,"FIXED_FIT_MORE_DATA for fusion requires applying frozen 400-game fold betas — framework ready, run deferred to validation harness"
1630578,Alperen Sengun,-0.0754,,-0.2351,,,-0.1597,NOT_IDENTIFIABLE_FIXED_FIT,"FIXED_FIT_MORE_DATA for fusion requires applying frozen 400-game fold betas — framework ready, run deferred to validation harness"
1642403,Isaac Jones,-0.227,,-0.1032,,,0.12380000000000001,NOT_IDENTIFIABLE_FIXED_FIT,"FIXED_FIT_MORE_DATA for fusion requires applying frozen 400-game fold betas — framework ready, run deferred to validation harness"
1630604,E.J. Liddell,0.4176,,0.5722,,,0.15460000000000002,NOT_IDENTIFIABLE_FIXED_FIT,"FIXED_FIT_MORE_DATA for fusion requires applying frozen 400-game fold betas — framework ready, run deferred to validation harness"
1630543,Isaiah Jackson,0.2823,,0.2261,,,-0.0562,NOT_IDENTIFIABLE_FIXED_FIT,"FIXED_FIT_MORE_DATA for fusion requires applying frozen 400-game fold betas — framework ready, run deferred to validation harness"
1629111,Jock Landale,-0.1685,,-0.183,,,-0.014499999999999985,NOT_IDENTIFIABLE_FIXED_FIT,"FIXED_FIT_MORE_DATA for fusion requires applying frozen 400-game fold betas — framework ready, run deferred to validation harness"
1626153,Delon Wright,-0.3767,,-0.1948,,,0.18189999999999998,NOT_IDENTIFIABLE_FIXED_FIT,"FIXED_FIT_MORE_DATA for fusion requires applying frozen 400-game fold betas — framework ready, run deferred to validation harness"
1642270,Donovan Clingan,-0.2263,,-0.2315,,,-0.00520000000000001,NOT_IDENTIFIABLE_FIXED_FIT,"FIXED_FIT_MORE_DATA for fusion requires applying frozen 400-game fold betas — framework ready, run deferred to validation harness"
1630256,Jae'Sean Tate,-0.5674,,-0.2035,,,0.3639,NOT_IDENTIFIABLE_FIXED_FIT,"FIXED_FIT_MORE_DATA for fusion requires applying frozen 400-game fold betas — framework ready, run deferred to validation harness"
1630322,Lindy Waters III,-0.0179,,-0.2165,,,-0.1986,NOT_IDENTIFIABLE_FIXED_FIT,"FIXED_FIT_MORE_DATA for fusion requires applying frozen 400-game fold betas — framework ready, run deferred to validation harness"
1629723,John Konchar,-0.3138,,-0.2129,,,0.10090000000000002,NOT_IDENTIFIABLE_FIXED_FIT,"FIXED_FIT_MORE_DATA for fusion requires applying frozen 400-game fold betas — framework ready, run deferred to validation harness"
203109,Jae Crowder,0.0194,,-0.0136,,,-0.033,NOT_IDENTIFIABLE_FIXED_FIT,"FIXED_FIT_MORE_DATA for fusion requires applying frozen 400-game fold betas — framework ready, run deferred to validation harness"
1627814,Damion Lee,-0.0402,,-0.0901,,,-0.0499,NOT_IDENTIFIABLE_FIXED_FIT,"FIXED_FIT_MORE_DATA for fusion requires applying frozen 400-game fold betas — framework ready, run deferred to validation harness"
1641715,Cam Whitmore,-1.0665,,-0.2267,,,0.8398,NOT_IDENTIFIABLE_FIXED_FIT,"FIXED_FIT_MORE_DATA for fusion requires applying frozen 400-game fold betas — framework ready, run deferred to validation harness"
1628427,Vlatko Čančar,0.0197,,-0.0958,,,-0.11549999999999999,NOT_IDENTIFIABLE_FIXED_FIT,"FIXED_FIT_MORE_DATA for fusion requires applying frozen 400-game fold betas — framework ready, run deferred to validation harness"
1627824,Guerschon Yabusele,-0.3952,,-0.2436,,,0.15159999999999998,NOT_IDENTIFIABLE_FIXED_FIT,"FIXED_FIT_MORE_DATA for fusion requires applying frozen 400-game fold betas — framework ready, run deferred to validation harness"
1630658,Colin Castleton,0.0029,,-0.2064,,,-0.20929999999999999,NOT_IDENTIFIABLE_FIXED_FIT,"FIXED_FIT_MORE_DATA for fusion requires applying frozen 400-game fold betas — framework ready, run deferred to validation harness"
203078,Bradley Beal,0,,-0.2431,,,-0.2431,NOT_IDENTIFIABLE_FIXED_FIT,"FIXED_FIT_MORE_DATA for fusion requires applying frozen 400-game fold betas — framework ready, run deferred to validation harness"
1631245,Quenton Jackson,0.0501,,-0.2047,,,-0.25479999999999997,NOT_IDENTIFIABLE_FIXED_FIT,"FIXED_FIT_MORE_DATA for fusion requires applying frozen 400-game fold betas — framework ready, run deferred to validation harness"
1642352,Keshad Johnson,0.0411,,-0.0742,,,-0.1153,NOT_IDENTIFIABLE_FIXED_FIT,"FIXED_FIT_MORE_DATA for fusion requires applying frozen 400-game fold betas — framework ready, run deferred to validation harness"
1630526,Jeremiah Robinson-Earl,-0.3655,,-0.2406,,,0.12489999999999998,NOT_IDENTIFIABLE_FIXED_FIT,"FIXED_FIT_MORE_DATA for fusion requires applying frozen 400-game fold betas — framework ready, run deferred to validation harness"
1642353,Cam Christie,0.1479,,0.049,,,-0.0989,NOT_IDENTIFIABLE_FIXED_FIT,"FIXED_FIT_MORE_DATA for fusion requires applying frozen 400-game fold betas — framework ready, run deferred to validation harness"
1641706,Brandon Miller,-0.2441,,-0.2414,,,0.002700000000000008,NOT_IDENTIFIABLE_FIXED_FIT,"FIXED_FIT_MORE_DATA for fusion requires applying frozen 400-game fold betas — framework ready, run deferred to validation harness"
1642280,Trentyn Flowers,0.0999,,0.1679,,,0.06799999999999999,NOT_IDENTIFIABLE_FIXED_FIT,"FIXED_FIT_MORE_DATA for fusion requires applying frozen 400-game fold betas — framework ready, run deferred to validation harness"
1631386,Tazé Moore,0.0607,,0.0634,,,0.002700000000000001,NOT_IDENTIFIABLE_FIXED_FIT,"FIXED_FIT_MORE_DATA for fusion requires applying frozen 400-game fold betas — framework ready, run deferred to validation harness"
1628408,PJ Dozier,0.0417,,-0.0751,,,-0.1168,NOT_IDENTIFIABLE_FIXED_FIT,"FIXED_FIT_MORE_DATA for fusion requires applying frozen 400-game fold betas — framework ready, run deferred to validation harness"
1630618,D.J. Carton,-0.1205,,-0.081,,,0.03949999999999999,NOT_IDENTIFIABLE_FIXED_FIT,"FIXED_FIT_MORE_DATA for fusion requires applying frozen 400-game fold betas — framework ready, run deferred to validation harness"
1641707,Taylor Hendricks,-0.2142,,-0.1746,,,0.039599999999999996,NOT_IDENTIFIABLE_FIXED_FIT,"FIXED_FIT_MORE_DATA for fusion requires applying frozen 400-game fold betas — framework ready, run deferred to validation harness"
201567,Kevin Love,0.4068,,-0.2356,,,-0.6424,NOT_IDENTIFIABLE_FIXED_FIT,"FIXED_FIT_MORE_DATA for fusion requires applying frozen 400-game fold betas — framework ready, run deferred to validation harness"
1630191,Isaiah Stewart,-0.2218,,-0.2517,,,-0.029899999999999982,NOT_IDENTIFIABLE_FIXED_FIT,"FIXED_FIT_MORE_DATA for fusion requires applying frozen 400-game fold betas — framework ready, run deferred to validation harness"
1641789,Jazian Gortman,-0.0693,,-0.186,,,-0.1167,NOT_IDENTIFIABLE_FIXED_FIT,"FIXED_FIT_MORE_DATA for fusion requires applying frozen 400-game fold betas — framework ready, run deferred to validation harness"
1641766,Adama Sanogo,-0.1253,,-0.0835,,,0.04179999999999999,NOT_IDENTIFIABLE_FIXED_FIT,"FIXED_FIT_MORE_DATA for fusion requires applying frozen 400-game fold betas — framework ready, run deferred to validation harness"
1630592,Jalen Wilson,-0.4086,,-0.2537,,,0.15490000000000004,NOT_IDENTIFIABLE_FIXED_FIT,"FIXED_FIT_MORE_DATA for fusion requires applying frozen 400-game fold betas — framework ready, run deferred to validation harness"
1642285,Cam Spencer,-0.3116,,-0.2459,,,0.06569999999999998,NOT_IDENTIFIABLE_FIXED_FIT,"FIXED_FIT_MORE_DATA for fusion requires applying frozen 400-game fold betas — framework ready, run deferred to validation harness"
1641739,Toumani Camara,-0.6902,,-0.2551,,,0.43510000000000004,NOT_IDENTIFIABLE_FIXED_FIT,"FIXED_FIT_MORE_DATA for fusion requires applying frozen 400-game fold betas — framework ready, run deferred to validation harness"
1630227,Daishen Nix,-0.2739,,-0.281,,,-0.007100000000000051,NOT_IDENTIFIABLE_FIXED_FIT,"FIXED_FIT_MORE_DATA for fusion requires applying frozen 400-game fold betas — framework ready, run deferred to validation harness"
1642502,Malevy Leons,-0.3577,,-0.3567,,,0.0010000000000000009,NOT_IDENTIFIABLE_FIXED_FIT,"FIXED_FIT_MORE_DATA for fusion requires applying frozen 400-game fold betas — framework ready, run deferred to validation harness"
1629098,Jack McVeigh,-0.1625,,-0.3508,,,-0.1883,NOT_IDENTIFIABLE_FIXED_FIT,"FIXED_FIT_MORE_DATA for fusion requires applying frozen 400-game fold betas — framework ready, run deferred to validation harness"
1631170,Jaime Jaquez Jr.,-0.7258,,-0.2603,,,0.4655,NOT_IDENTIFIABLE_FIXED_FIT,"FIXED_FIT_MORE_DATA for fusion requires applying frozen 400-game fold betas — framework ready, run deferred to validation harness"
1630699,MarJon Beauchamp,-0.1046,,-0.3213,,,-0.21669999999999998,NOT_IDENTIFIABLE_FIXED_FIT,"FIXED_FIT_MORE_DATA for fusion requires applying frozen 400-game fold betas — framework ready, run deferred to validation harness"
1630649,Stanley Umude,0.0907,,-0.377,,,-0.4677,NOT_IDENTIFIABLE_FIXED_FIT,"FIXED_FIT_MORE_DATA for fusion requires applying frozen 400-game fold betas — framework ready, run deferred to validation harness"
201949,James Johnson,-0.1229,,-0.627,,,-0.5041,NOT_IDENTIFIABLE_FIXED_FIT,"FIXED_FIT_MORE_DATA for fusion requires applying frozen 400-game fold betas — framework ready, run deferred to validation harness"
1628976,Wendell Carter Jr.,-0.1612,,-0.2626,,,-0.10139999999999999,NOT_IDENTIFIABLE_FIXED_FIT,"FIXED_FIT_MORE_DATA for fusion requires applying frozen 400-game fold betas — framework ready, run deferred to validation harness"
1642358,AJ Johnson,-0.0031,,-0.2786,,,-0.2755,NOT_IDENTIFIABLE_FIXED_FIT,"FIXED_FIT_MORE_DATA for fusion requires applying frozen 400-game fold betas — framework ready, run deferred to validation harness"
1629628,RJ Barrett,-0.613,,-0.2632,,,0.3498,NOT_IDENTIFIABLE_FIXED_FIT,"FIXED_FIT_MORE_DATA for fusion requires applying frozen 400-game fold betas — framework ready, run deferred to validation harness"
1641857,Liam Robbins,0.0991,,-0.5568,,,-0.6558999999999999,NOT_IDENTIFIABLE_FIXED_FIT,"FIXED_FIT_MORE_DATA for fusion requires applying frozen 400-game fold betas — framework ready, run deferred to validation harness"
1630200,Tre Jones,-0.8491,,-0.275,,,0.5740999999999999,NOT_IDENTIFIABLE_FIXED_FIT,"FIXED_FIT_MORE_DATA for fusion requires applying frozen 400-game fold betas — framework ready, run deferred to validation harness"
202709,Cory Joseph,-0.1406,,-0.2867,,,-0.1461,NOT_IDENTIFIABLE_FIXED_FIT,"FIXED_FIT_MORE_DATA for fusion requires applying frozen 400-game fold betas — framework ready, run deferred to validation harness"
203083,Andre Drummond,-0.512,,-0.2815,,,0.23050000000000004,NOT_IDENTIFIABLE_FIXED_FIT,"FIXED_FIT_MORE_DATA for fusion requires applying frozen 400-game fold betas — framework ready, run deferred to validation harness"
1641757,Jordan Miller,-0.9946,,-0.304,,,0.6906000000000001,NOT_IDENTIFIABLE_FIXED_FIT,"FIXED_FIT_MORE_DATA for fusion requires applying frozen 400-game fold betas — framework ready, run deferred to validation harness"
1631102,TyTy Washington Jr.,0.1879,,-0.4657,,,-0.6536,NOT_IDENTIFIABLE_FIXED_FIT,"FIXED_FIT_MORE_DATA for fusion requires applying frozen 400-game fold betas — framework ready, run deferred to validation harness"
1631210,Jacob Toppin,-0.1376,,-0.6087,,,-0.4711,NOT_IDENTIFIABLE_FIXED_FIT,"FIXED_FIT_MORE_DATA for fusion requires applying frozen 400-game fold betas — framework ready, run deferred to validation harness"
202704,Reggie Jackson,0.1781,,-0.3235,,,-0.5016,NOT_IDENTIFIABLE_FIXED_FIT,"FIXED_FIT_MORE_DATA for fusion requires applying frozen 400-game fold betas — framework ready, run deferred to validation harness"
1631216,Caleb Houstan,-0.4161,,-0.2913,,,0.12480000000000002,NOT_IDENTIFIABLE_FIXED_FIT,"FIXED_FIT_MORE_DATA for fusion requires applying frozen 400-game fold betas — framework ready, run deferred to validation harness"
1631169,Josh Minott,-0.995,,-0.3506,,,0.6444,NOT_IDENTIFIABLE_FIXED_FIT,"FIXED_FIT_MORE_DATA for fusion requires applying frozen 400-game fold betas — framework ready, run deferred to validation harness"
1630243,Trevelin Queen,0.411,,-0.3317,,,-0.7426999999999999,NOT_IDENTIFIABLE_FIXED_FIT,"FIXED_FIT_MORE_DATA for fusion requires applying frozen 400-game fold betas — framework ready, run deferred to validation harness"
1631306,Cole Swider,-0.0562,,-0.4394,,,-0.3832,NOT_IDENTIFIABLE_FIXED_FIT,"FIXED_FIT_MORE_DATA for fusion requires applying frozen 400-game fold betas — framework ready, run deferred to validation harness"
1629610,DaQuan Jeffries,0.3613,,-0.2867,,,-0.648,NOT_IDENTIFIABLE_FIXED_FIT,"FIXED_FIT_MORE_DATA for fusion requires applying frozen 400-game fold betas — framework ready, run deferred to validation harness"
1629234,Drew Eubanks,-0.8311,,-0.3004,,,0.5307,NOT_IDENTIFIABLE_FIXED_FIT,"FIXED_FIT_MORE_DATA for fusion requires applying frozen 400-game fold betas — framework ready, run deferred to validation harness"
201988,Patty Mills,0.5221,,-0.3585,,,-0.8806,NOT_IDENTIFIABLE_FIXED_FIT,"FIXED_FIT_MORE_DATA for fusion requires applying frozen 400-game fold betas — framework ready, run deferred to validation harness"
203500,Steven Adams,-2.0531,,-0.3014,,,1.7517,NOT_IDENTIFIABLE_FIXED_FIT,"FIXED_FIT_MORE_DATA for fusion requires applying frozen 400-game fold betas — framework ready, run deferred to validation harness"
1642422,Armel Traoré,-0.5664,,-0.8142,,,-0.24780000000000002,NOT_IDENTIFIABLE_FIXED_FIT,"FIXED_FIT_MORE_DATA for fusion requires applying frozen 400-game fold betas — framework ready, run deferred to validation harness"
1641712,Rayan Rupert,-0.1081,,-0.336,,,-0.22790000000000002,NOT_IDENTIFIABLE_FIXED_FIT,"FIXED_FIT_MORE_DATA for fusion requires applying frozen 400-game fold betas — framework ready, run deferred to validation harness"
1631097,Bennedict Mathurin,-0.228,,-0.2738,,,-0.04579999999999998,NOT_IDENTIFIABLE_FIXED_FIT,"FIXED_FIT_MORE_DATA for fusion requires applying frozen 400-game fold betas — framework ready, run deferred to validation harness"
1630346,Matt Ryan,-0.5992,,-0.9157,,,-0.3165,NOT_IDENTIFIABLE_FIXED_FIT,"FIXED_FIT_MORE_DATA for fusion requires applying frozen 400-game fold betas — framework ready, run deferred to validation harness"
1631212,Peyton Watson,-0.2885,,-0.282,,,0.006500000000000006,NOT_IDENTIFIABLE_FIXED_FIT,"FIXED_FIT_MORE_DATA for fusion requires applying frozen 400-game fold betas — framework ready, run deferred to validation harness"
1631222,Jake LaRavia,-0.0745,,-0.2898,,,-0.2153,NOT_IDENTIFIABLE_FIXED_FIT,"FIXED_FIT_MORE_DATA for fusion requires applying frozen 400-game fold betas — framework ready, run deferred to validation harness"
1642359,Pacôme Dadiet,-0.4119,,-0.6988,,,-0.2869,NOT_IDENTIFIABLE_FIXED_FIT,"FIXED_FIT_MORE_DATA for fusion requires applying frozen 400-game fold betas — framework ready, run deferred to validation harness"
201569,Eric Gordon,-0.8887,,-0.3215,,,0.5672,NOT_IDENTIFIABLE_FIXED_FIT,"FIXED_FIT_MORE_DATA for fusion requires applying frozen 400-game fold betas — framework ready, run deferred to validation harness"
1630811,Keaton Wallace,-0.266,,-0.3654,,,-0.09939999999999999,NOT_IDENTIFIABLE_FIXED_FIT,"FIXED_FIT_MORE_DATA for fusion requires applying frozen 400-game fold betas — framework ready, run deferred to validation harness"
1629669,Jaylen Nowell,-0.4815,,-0.6151,,,-0.1336,NOT_IDENTIFIABLE_FIXED_FIT,"FIXED_FIT_MORE_DATA for fusion requires applying frozen 400-game fold betas — framework ready, run deferred to validation harness"
1641732,Colby Jones,-0.6432,,-0.3735,,,0.2697,NOT_IDENTIFIABLE_FIXED_FIT,"FIXED_FIT_MORE_DATA for fusion requires applying frozen 400-game fold betas — framework ready, run deferred to validation harness"
204060,Joe Ingles,-0.3768,,-0.7777,,,-0.4008999999999999,NOT_IDENTIFIABLE_FIXED_FIT,"FIXED_FIT_MORE_DATA for fusion requires applying frozen 400-game fold betas — framework ready, run deferred to validation harness"
1642278,Tyler Kolek,-0.181,,-0.4701,,,-0.2891,NOT_IDENTIFIABLE_FIXED_FIT,"FIXED_FIT_MORE_DATA for fusion requires applying frozen 400-game fold betas — framework ready, run deferred to validation harness"
202066,Garrett Temple,0.1223,,-0.5281,,,-0.6504,NOT_IDENTIFIABLE_FIXED_FIT,"FIXED_FIT_MORE_DATA for fusion requires applying frozen 400-game fold betas — framework ready, run deferred to validation harness"
1641723,Kobe Bufkin,-0.5736,,-0.7691,,,-0.1955,NOT_IDENTIFIABLE_FIXED_FIT,"FIXED_FIT_MORE_DATA for fusion requires applying frozen 400-game fold betas — framework ready, run deferred to validation harness"
203924,Jerami Grant,-0.1982,,-0.3004,,,-0.10220000000000001,NOT_IDENTIFIABLE_FIXED_FIT,"FIXED_FIT_MORE_DATA for fusion requires applying frozen 400-game fold betas — framework ready, run deferred to validation harness"
1630550,JT Thor,0.0925,,-0.5414,,,-0.6339,NOT_IDENTIFIABLE_FIXED_FIT,"FIXED_FIT_MORE_DATA for fusion requires applying frozen 400-game fold betas — framework ready, run deferred to validation harness"
203468,CJ McCollum,0.3562,,-0.2924,,,-0.6486000000000001,NOT_IDENTIFIABLE_FIXED_FIT,"FIXED_FIT_MORE_DATA for fusion requires applying frozen 400-game fold betas — framework ready, run deferred to validation harness"
200768,Kyle Lowry,-0.2201,,-0.363,,,-0.1429,NOT_IDENTIFIABLE_FIXED_FIT,"FIXED_FIT_MORE_DATA for fusion requires applying frozen 400-game fold betas — framework ready, run deferred to validation harness"
1642346,Ryan Dunn,-0.5399,,-0.3091,,,0.23080000000000006,NOT_IDENTIFIABLE_FIXED_FIT,"FIXED_FIT_MORE_DATA for fusion requires applying frozen 400-game fold betas — framework ready, run deferred to validation harness"
1631099,Keegan Murray,-0.5045,,-0.2847,,,0.21979999999999994,NOT_IDENTIFIABLE_FIXED_FIT,"FIXED_FIT_MORE_DATA for fusion requires applying frozen 400-game fold betas — framework ready, run deferred to validation harness"
1631223,David Roddy,-0.995,,-0.4325,,,0.5625,NOT_IDENTIFIABLE_FIXED_FIT,"FIXED_FIT_MORE_DATA for fusion requires applying frozen 400-game fold betas — framework ready, run deferred to validation harness"
1642345,Oso Ighodaro,-0.2093,,-0.3342,,,-0.12489999999999998,NOT_IDENTIFIABLE_FIXED_FIT,"FIXED_FIT_MORE_DATA for fusion requires applying frozen 400-game fold betas — framework ready, run deferred to validation harness"
1642266,Ja'Kobe Walter,-0.7453,,-0.3262,,,0.4191,NOT_IDENTIFIABLE_FIXED_FIT,"FIXED_FIT_MORE_DATA for fusion requires applying frozen 400-game fold betas — framework ready, run deferred to validation harness"
1631247,Luke Travers,-0.4176,,-1.2814,,,-0.8638000000000001,NOT_IDENTIFIABLE_FIXED_FIT,"FIXED_FIT_MORE_DATA for fusion requires applying frozen 400-game fold betas — framework ready, run deferred to validation harness"
1641783,Tristan da Silva,-0.3413,,-0.3104,,,0.030899999999999983,NOT_IDENTIFIABLE_FIXED_FIT,"FIXED_FIT_MORE_DATA for fusion requires applying frozen 400-game fold betas — framework ready, run deferred to validation harness"
203482,Kelly Olynyk,0.0075,,-0.3604,,,-0.3679,NOT_IDENTIFIABLE_FIXED_FIT,"FIXED_FIT_MORE_DATA for fusion requires applying frozen 400-game fold betas — framework ready, run deferred to validation harness"
1641842,Ronald Holland II,-0.6961,,-0.3277,,,0.36840000000000006,NOT_IDENTIFIABLE_FIXED_FIT,"FIXED_FIT_MORE_DATA for fusion requires applying frozen 400-game fold betas — framework ready, run deferred to validation harness"
1630311,Pat Spencer,-0.1933,,-0.6371,,,-0.4438,NOT_IDENTIFIABLE_FIXED_FIT,"FIXED_FIT_MORE_DATA for fusion requires applying frozen 400-game fold betas — framework ready, run deferred to validation harness"
1641725,Trey Alexander,-0.3252,,-1.0704,,,-0.7452000000000001,NOT_IDENTIFIABLE_FIXED_FIT,"FIXED_FIT_MORE_DATA for fusion requires applying frozen 400-game fold betas — framework ready, run deferred to validation harness"
1642530,Yuki Kawamura,-0.909,,-1.3644,,,-0.4554,NOT_IDENTIFIABLE_FIXED_FIT,"FIXED_FIT_MORE_DATA for fusion requires applying frozen 400-game fold betas — framework ready, run deferred to validation harness"
1631120,JD Davison,-0.5893,,-1.5032,,,-0.9139,NOT_IDENTIFIABLE_FIXED_FIT,"FIXED_FIT_MORE_DATA for fusion requires applying frozen 400-game fold betas — framework ready, run deferred to validation harness"
1642277,Johnny Furphy,-0.4974,,-0.5413,,,-0.043899999999999995,NOT_IDENTIFIABLE_FIXED_FIT,"FIXED_FIT_MORE_DATA for fusion requires applying frozen 400-game fold betas — framework ready, run deferred to validation harness"
201959,Taj Gibson,-0.5777,,-0.5351,,,0.04259999999999997,NOT_IDENTIFIABLE_FIXED_FIT,"FIXED_FIT_MORE_DATA for fusion requires applying frozen 400-game fold betas — framework ready, run deferred to validation harness"
1626196,Josh Richardson,-1.3127,,-1.1167,,,0.19599999999999995,NOT_IDENTIFIABLE_FIXED_FIT,"FIXED_FIT_MORE_DATA for fusion requires applying frozen 400-game fold betas — framework ready, run deferred to validation harness"
1630245,Ayo Dosunmu,-0.2181,,-0.3387,,,-0.12060000000000001,NOT_IDENTIFIABLE_FIXED_FIT,"FIXED_FIT_MORE_DATA for fusion requires applying frozen 400-game fold betas — framework ready, run deferred to validation harness"
1642402,Enrique Freeman,-0.4009,,-0.9019,,,-0.5010000000000001,NOT_IDENTIFIABLE_FIXED_FIT,"FIXED_FIT_MORE_DATA for fusion requires applying frozen 400-game fold betas — framework ready, run deferred to validation harness"
1628964,Mo Bamba,-0.0312,,-0.5706,,,-0.5394,NOT_IDENTIFIABLE_FIXED_FIT,"FIXED_FIT_MORE_DATA for fusion requires applying frozen 400-game fold betas — framework ready, run deferred to validation harness"
1631213,Tyrese Martin,0.8283,,-0.3565,,,-1.1848,NOT_IDENTIFIABLE_FIXED_FIT,"FIXED_FIT_MORE_DATA for fusion requires applying frozen 400-game fold betas — framework ready, run deferred to validation harness"
1630192,Zeke Nnaji,-0.5674,,-0.472,,,0.09540000000000004,NOT_IDENTIFIABLE_FIXED_FIT,"FIXED_FIT_MORE_DATA for fusion requires applying frozen 400-game fold betas — framework ready, run deferred to validation harness"
1631311,Lester Quinones,-0.2798,,-0.9471,,,-0.6673,NOT_IDENTIFIABLE_FIXED_FIT,"FIXED_FIT_MORE_DATA for fusion requires applying frozen 400-game fold betas — framework ready, run deferred to validation harness"
1641737,Adem Bona,0.1807,,-0.408,,,-0.5887,NOT_IDENTIFIABLE_FIXED_FIT,"FIXED_FIT_MORE_DATA for fusion requires applying frozen 400-game fold betas — framework ready, run deferred to validation harness"
1629651,Nic Claxton,-0.0821,,-0.3313,,,-0.24919999999999998,NOT_IDENTIFIABLE_FIXED_FIT,"FIXED_FIT_MORE_DATA for fusion requires applying frozen 400-game fold betas — framework ready, run deferred to validation harness"
1630173,Precious Achiuwa,0.0006,,-0.3747,,,-0.37529999999999997,NOT_IDENTIFIABLE_FIXED_FIT,"FIXED_FIT_MORE_DATA for fusion requires applying frozen 400-game fold betas — framework ready, run deferred to validation harness"
1629629,Cam Reddish,-0.2415,,-0.491,,,-0.2495,NOT_IDENTIFIABLE_FIXED_FIT,"FIXED_FIT_MORE_DATA for fusion requires applying frozen 400-game fold betas — framework ready, run deferred to validation harness"
203501,Tim Hardaway Jr.,-0.0187,,-0.3227,,,-0.304,NOT_IDENTIFIABLE_FIXED_FIT,"FIXED_FIT_MORE_DATA for fusion requires applying frozen 400-game fold betas — framework ready, run deferred to validation harness"
201599,DeAndre Jordan,-0.6788,,-0.4671,,,0.21169999999999994,NOT_IDENTIFIABLE_FIXED_FIT,"FIXED_FIT_MORE_DATA for fusion requires applying frozen 400-game fold betas — framework ready, run deferred to validation harness"
1641729,Brice Sensabaugh,0.0087,,-0.358,,,-0.36669999999999997,NOT_IDENTIFIABLE_FIXED_FIT,"FIXED_FIT_MORE_DATA for fusion requires applying frozen 400-game fold betas — framework ready, run deferred to validation harness"
1631104,Blake Wesley,-0.8418,,-0.484,,,0.3578,NOT_IDENTIFIABLE_FIXED_FIT,"FIXED_FIT_MORE_DATA for fusion requires applying frozen 400-game fold betas — framework ready, run deferred to validation harness"
203954,Joel Embiid,-1.0976,,-0.5246,,,0.573,NOT_IDENTIFIABLE_FIXED_FIT,"FIXED_FIT_MORE_DATA for fusion requires applying frozen 400-game fold betas — framework ready, run deferred to validation harness"
203458,Alex Len,-0.4482,,-0.6976,,,-0.2494,NOT_IDENTIFIABLE_FIXED_FIT,"FIXED_FIT_MORE_DATA for fusion requires applying frozen 400-game fold betas — framework ready, run deferred to validation harness"
1630568,Luka Garza,-0.8492,,-0.9786,,,-0.12940000000000007,NOT_IDENTIFIABLE_FIXED_FIT,"FIXED_FIT_MORE_DATA for fusion requires applying frozen 400-game fold betas — framework ready, run deferred to validation harness"
1630695,Micah Potter,-0.1888,,-0.4868,,,-0.29800000000000004,NOT_IDENTIFIABLE_FIXED_FIT,"FIXED_FIT_MORE_DATA for fusion requires applying frozen 400-game fold betas — framework ready, run deferred to validation harness"
1626204,Larry Nance Jr.,0.9557,,-0.6247,,,-1.5804,NOT_IDENTIFIABLE_FIXED_FIT,"FIXED_FIT_MORE_DATA for fusion requires applying frozen 400-game fold betas — framework ready, run deferred to validation harness"
1631288,Jamal Cain,-0.3331,,-0.6358,,,-0.3027,NOT_IDENTIFIABLE_FIXED_FIT,"FIXED_FIT_MORE_DATA for fusion requires applying frozen 400-game fold betas — framework ready, run deferred to validation harness"
1642355,Bronny James,-0.336,,-1.3292,,,-0.9931999999999999,NOT_IDENTIFIABLE_FIXED_FIT,"FIXED_FIT_MORE_DATA for fusion requires applying frozen 400-game fold betas — framework ready, run deferred to validation harness"
1641765,Olivier-Maxence Prosper,-0.5426,,-0.581,,,-0.03839999999999999,NOT_IDENTIFIABLE_FIXED_FIT,"FIXED_FIT_MORE_DATA for fusion requires applying frozen 400-game fold betas — framework ready, run deferred to validation harness"
1631172,Ousmane Dieng,-0.4105,,-0.7316,,,-0.32110000000000005,NOT_IDENTIFIABLE_FIXED_FIT,"FIXED_FIT_MORE_DATA for fusion requires applying frozen 400-game fold betas — framework ready, run deferred to validation harness"
1641745,Adam Flagler,0.27,,-1.2425,,,-1.5125,NOT_IDENTIFIABLE_FIXED_FIT,"FIXED_FIT_MORE_DATA for fusion requires applying frozen 400-game fold betas — framework ready, run deferred to validation harness"
1641775,Jordan Walsh,-0.4763,,-0.7795,,,-0.30319999999999997,NOT_IDENTIFIABLE_FIXED_FIT,"FIXED_FIT_MORE_DATA for fusion requires applying frozen 400-game fold betas — framework ready, run deferred to validation harness"
1628989,Kevin Huerter,0.0372,,-0.3696,,,-0.4068,NOT_IDENTIFIABLE_FIXED_FIT,"FIXED_FIT_MORE_DATA for fusion requires applying frozen 400-game fold betas — framework ready, run deferred to validation harness"
1642281,Jaylon Tyson,-0.6136,,-0.7033,,,-0.0897,NOT_IDENTIFIABLE_FIXED_FIT,"FIXED_FIT_MORE_DATA for fusion requires applying frozen 400-game fold betas — framework ready, run deferred to validation harness"
1642367,Jonathan Mogbo,-0.1,,-0.4144,,,-0.3144,NOT_IDENTIFIABLE_FIXED_FIT,"FIXED_FIT_MORE_DATA for fusion requires applying frozen 400-game fold betas — framework ready, run deferred to validation harness"
203967,Dario Šarić,-0.8349,,-1.2721,,,-0.43720000000000003,NOT_IDENTIFIABLE_FIXED_FIT,"FIXED_FIT_MORE_DATA for fusion requires applying frozen 400-game fold betas — framework ready, run deferred to validation harness"
204456,T.J. McConnell,-0.1196,,-0.4062,,,-0.2866,NOT_IDENTIFIABLE_FIXED_FIT,"FIXED_FIT_MORE_DATA for fusion requires applying frozen 400-game fold betas — framework ready, run deferred to validation harness"
1630574,Ariel Hukporti,-1.2239,,-1.2776,,,-0.05370000000000008,NOT_IDENTIFIABLE_FIXED_FIT,"FIXED_FIT_MORE_DATA for fusion requires applying frozen 400-game fold betas — framework ready, run deferred to validation harness"
1631103,Malaki Branham,-0.1678,,-0.7985,,,-0.6307,NOT_IDENTIFIABLE_FIXED_FIT,"FIXED_FIT_MORE_DATA for fusion requires applying frozen 400-game fold betas — framework ready, run deferred to validation harness"
202693,Markieff Morris,-0.3005,,-1.7636,,,-1.4631,NOT_IDENTIFIABLE_FIXED_FIT,"FIXED_FIT_MORE_DATA for fusion requires applying frozen 400-game fold betas — framework ready, run deferred to validation harness"
1628969,Mikal Bridges,-0.4962,,-0.3345,,,0.16169999999999995,NOT_IDENTIFIABLE_FIXED_FIT,"FIXED_FIT_MORE_DATA for fusion requires applying frozen 400-game fold betas — framework ready, run deferred to validation harness"
1641998,Trey Jemison,-0.3731,,-0.8932,,,-0.5201,NOT_IDENTIFIABLE_FIXED_FIT,"FIXED_FIT_MORE_DATA for fusion requires applying frozen 400-game fold betas — framework ready, run deferred to validation harness"
1641854,Craig Porter Jr.,-0.4188,,-0.7294,,,-0.31060000000000004,NOT_IDENTIFIABLE_FIXED_FIT,"FIXED_FIT_MORE_DATA for fusion requires applying frozen 400-game fold betas — framework ready, run deferred to validation harness"
1628997,Caleb Martin,-1.0861,,-0.4612,,,0.6249,NOT_IDENTIFIABLE_FIXED_FIT,"FIXED_FIT_MORE_DATA for fusion requires applying frozen 400-game fold betas — framework ready, run deferred to validation harness"
1641721,Maxwell Lewis,-0.3185,,-1.0251,,,-0.7065999999999999,NOT_IDENTIFIABLE_FIXED_FIT,"FIXED_FIT_MORE_DATA for fusion requires applying frozen 400-game fold betas — framework ready, run deferred to validation harness"
1631093,Jaden Ivey,-0.7131,,-0.5391,,,0.17399999999999993,NOT_IDENTIFIABLE_FIXED_FIT,"FIXED_FIT_MORE_DATA for fusion requires applying frozen 400-game fold betas — framework ready, run deferred to validation harness"
202691,Klay Thompson,-0.3626,,-0.3807,,,-0.018100000000000005,NOT_IDENTIFIABLE_FIXED_FIT,"FIXED_FIT_MORE_DATA for fusion requires applying frozen 400-game fold betas — framework ready, run deferred to validation harness"
1629632,Coby White,-0.1328,,-0.3532,,,-0.2204,NOT_IDENTIFIABLE_FIXED_FIT,"FIXED_FIT_MORE_DATA for fusion requires applying frozen 400-game fold betas — framework ready, run deferred to validation harness"
1630544,Tre Mann,-1.0323,,-1.097,,,-0.06469999999999998,NOT_IDENTIFIABLE_FIXED_FIT,"FIXED_FIT_MORE_DATA for fusion requires applying frozen 400-game fold betas — framework ready, run deferred to validation harness"
1626192,Pat Connaughton,-0.5353,,-0.7027,,,-0.1674,NOT_IDENTIFIABLE_FIXED_FIT,"FIXED_FIT_MORE_DATA for fusion requires applying frozen 400-game fold betas — framework ready, run deferred to validation harness"
1626168,Trey Lyles,-0.2066,,-0.4631,,,-0.2565,NOT_IDENTIFIABLE_FIXED_FIT,"FIXED_FIT_MORE_DATA for fusion requires applying frozen 400-game fold betas — framework ready, run deferred to validation harness"
1631115,Orlando Robinson,-0.2755,,-0.63,,,-0.3545,NOT_IDENTIFIABLE_FIXED_FIT,"FIXED_FIT_MORE_DATA for fusion requires applying frozen 400-game fold betas — framework ready, run deferred to validation harness"
203935,Marcus Smart,-0.2791,,-0.6388,,,-0.3597,NOT_IDENTIFIABLE_FIXED_FIT,"FIXED_FIT_MORE_DATA for fusion requires applying frozen 400-game fold betas — framework ready, run deferred to validation harness"
1631200,Kris Murray,-0.3423,,-0.5261,,,-0.18380000000000002,NOT_IDENTIFIABLE_FIXED_FIT,"FIXED_FIT_MORE_DATA for fusion requires applying frozen 400-game fold betas — framework ready, run deferred to validation harness"
1630214,Xavier Tillman,-0.8879,,-1.5625,,,-0.6746,NOT_IDENTIFIABLE_FIXED_FIT,"FIXED_FIT_MORE_DATA for fusion requires applying frozen 400-game fold betas — framework ready, run deferred to validation harness"
1642275,Tidjane Salaün,-0.421,,-0.5191,,,-0.09810000000000002,NOT_IDENTIFIABLE_FIXED_FIT,"FIXED_FIT_MORE_DATA for fusion requires applying frozen 400-game fold betas — framework ready, run deferred to validation harness"
1628464,Daniel Theis,-1.113,,-0.7652,,,0.3478,NOT_IDENTIFIABLE_FIXED_FIT,"FIXED_FIT_MORE_DATA for fusion requires applying frozen 400-game fold betas — framework ready, run deferred to validation harness"
1631248,Baylor Scheierman,-0.328,,-1.1892,,,-0.8612,NOT_IDENTIFIABLE_FIXED_FIT,"FIXED_FIT_MORE_DATA for fusion requires applying frozen 400-game fold betas — framework ready, run deferred to validation harness"
1629004,Svi Mykhailiuk,-0.4075,,-0.7145,,,-0.30700000000000005,NOT_IDENTIFIABLE_FIXED_FIT,"FIXED_FIT_MORE_DATA for fusion requires applying frozen 400-game fold betas — framework ready, run deferred to validation harness"
1629611,Terance Mann,-0.317,,-0.5124,,,-0.19539999999999996,NOT_IDENTIFIABLE_FIXED_FIT,"FIXED_FIT_MORE_DATA for fusion requires applying frozen 400-game fold betas — framework ready, run deferred to validation harness"
1630579,Jericho Sims,-0.3802,,-0.8612,,,-0.481,NOT_IDENTIFIABLE_FIXED_FIT,"FIXED_FIT_MORE_DATA for fusion requires applying frozen 400-game fold betas — framework ready, run deferred to validation harness"
203901,Elfrid Payton,-0.6132,,-1.0102,,,-0.397,NOT_IDENTIFIABLE_FIXED_FIT,"FIXED_FIT_MORE_DATA for fusion requires applying frozen 400-game fold betas — framework ready, run deferred to validation harness"
1629618,Jalen Pickett,-0.0631,,-0.8285,,,-0.7654,NOT_IDENTIFIABLE_FIXED_FIT,"FIXED_FIT_MORE_DATA for fusion requires applying frozen 400-game fold betas — framework ready, run deferred to validation harness"
202331,Paul George,-1.007,,-0.5593,,,0.4476999999999999,NOT_IDENTIFIABLE_FIXED_FIT,"FIXED_FIT_MORE_DATA for fusion requires applying frozen 400-game fold betas — framework ready, run deferred to validation harness"
1642265,Rob Dillingham,-0.6431,,-1.051,,,-0.40789999999999993,NOT_IDENTIFIABLE_FIXED_FIT,"FIXED_FIT_MORE_DATA for fusion requires applying frozen 400-game fold betas — framework ready, run deferred to validation harness"
1629630,Ja Morant,-0.548,,-0.5144,,,0.033600000000000074,NOT_IDENTIFIABLE_FIXED_FIT,"FIXED_FIT_MORE_DATA for fusion requires applying frozen 400-game fold betas — framework ready, run deferred to validation harness"
203915,Spencer Dinwiddie,-0.1196,,-0.4499,,,-0.33030000000000004,NOT_IDENTIFIABLE_FIXED_FIT,"FIXED_FIT_MORE_DATA for fusion requires applying frozen 400-game fold betas — framework ready, run deferred to validation harness"
1630556,Kessler Edwards,-0.3155,,-0.9363,,,-0.6208,NOT_IDENTIFIABLE_FIXED_FIT,"FIXED_FIT_MORE_DATA for fusion requires applying frozen 400-game fold betas — framework ready, run deferred to validation harness"
203471,Dennis Schröder,-0.0941,,-0.4594,,,-0.36529999999999996,NOT_IDENTIFIABLE_FIXED_FIT,"FIXED_FIT_MORE_DATA for fusion requires applying frozen 400-game fold betas — framework ready, run deferred to validation harness"
1641816,Hunter Tyson,-0.5128,,-1.3763,,,-0.8635,NOT_IDENTIFIABLE_FIXED_FIT,"FIXED_FIT_MORE_DATA for fusion requires applying frozen 400-game fold betas — framework ready, run deferred to validation harness"
1630288,Jeff Dowtin Jr.,-0.1309,,-0.9825,,,-0.8516,NOT_IDENTIFIABLE_FIXED_FIT,"FIXED_FIT_MORE_DATA for fusion requires applying frozen 400-game fold betas — framework ready, run deferred to validation harness"
1628392,Isaiah Hartenstein,-0.3317,,-0.5432,,,-0.21150000000000002,NOT_IDENTIFIABLE_FIXED_FIT,"FIXED_FIT_MORE_DATA for fusion requires applying frozen 400-game fold betas — framework ready, run deferred to validation harness"
1627742,Brandon Ingram,-0.4437,,-1.0283,,,-0.5846,NOT_IDENTIFIABLE_FIXED_FIT,"FIXED_FIT_MORE_DATA for fusion requires applying frozen 400-game fold betas — framework ready, run deferred to validation harness"
1631114,Jalen Williams,0.4829,,-0.4601,,,-0.9430000000000001,NOT_IDENTIFIABLE_FIXED_FIT,"FIXED_FIT_MORE_DATA for fusion requires applying frozen 400-game fold betas — framework ready, run deferred to validation harness"
1631101,Shaedon Sharpe,-0.3513,,-0.4601,,,-0.10880000000000001,NOT_IDENTIFIABLE_FIXED_FIT,"FIXED_FIT_MORE_DATA for fusion requires applying frozen 400-game fold betas — framework ready, run deferred to validation harness"
1629216,Gabe Vincent,-1.0312,,-0.5716,,,0.4595999999999999,NOT_IDENTIFIABLE_FIXED_FIT,"FIXED_FIT_MORE_DATA for fusion requires applying frozen 400-game fold betas — framework ready, run deferred to validation harness"
1641710,Anthony Black,-0.7291,,-0.5164,,,0.2127,NOT_IDENTIFIABLE_FIXED_FIT,"FIXED_FIT_MORE_DATA for fusion requires applying frozen 400-game fold betas — framework ready, run deferred to validation harness"
203486,Mason Plumlee,-0.6711,,-0.6357,,,0.03539999999999999,NOT_IDENTIFIABLE_FIXED_FIT,"FIXED_FIT_MORE_DATA for fusion requires applying frozen 400-game fold betas — framework ready, run deferred to validation harness"
1631124,Julian Strawther,-0.5305,,-0.6282,,,-0.09770000000000001,NOT_IDENTIFIABLE_FIXED_FIT,"FIXED_FIT_MORE_DATA for fusion requires applying frozen 400-game fold betas — framework ready, run deferred to validation harness"
1641716,Jarace Walker,-0.8495,,-0.7015,,,0.14800000000000002,NOT_IDENTIFIABLE_FIXED_FIT,"FIXED_FIT_MORE_DATA for fusion requires applying frozen 400-game fold betas — framework ready, run deferred to validation harness"
1631323,Simone Fontecchio,-0.3648,,-0.6939,,,-0.32909999999999995,NOT_IDENTIFIABLE_FIXED_FIT,"FIXED_FIT_MORE_DATA for fusion requires applying frozen 400-game fold betas — framework ready, run deferred to validation harness"
202684,Tristan Thompson,-0.9084,,-2.0406,,,-1.1322,NOT_IDENTIFIABLE_FIXED_FIT,"FIXED_FIT_MORE_DATA for fusion requires applying frozen 400-game fold betas — framework ready, run deferred to validation harness"
1641794,Dillon Jones,-1.4151,,-1.289,,,0.1261000000000001,NOT_IDENTIFIABLE_FIXED_FIT,"FIXED_FIT_MORE_DATA for fusion requires applying frozen 400-game fold betas — framework ready, run deferred to validation harness"
1628467,Maxi Kleber,-0.6512,,-1.1549,,,-0.5037,NOT_IDENTIFIABLE_FIXED_FIT,"FIXED_FIT_MORE_DATA for fusion requires applying frozen 400-game fold betas — framework ready, run deferred to validation harness"
1630175,Cole Anthony,-1.7326,,-0.7593,,,0.9732999999999999,NOT_IDENTIFIABLE_FIXED_FIT,"FIXED_FIT_MORE_DATA for fusion requires applying frozen 400-game fold betas — framework ready, run deferred to validation harness"
1630172,Patrick Williams,-0.9684,,-0.6412,,,0.32720000000000005,NOT_IDENTIFIABLE_FIXED_FIT,"FIXED_FIT_MORE_DATA for fusion requires applying frozen 400-game fold betas — framework ready, run deferred to validation harness"
203992,Bogdan Bogdanović,-0.8979,,-0.7524,,,0.14550000000000007,NOT_IDENTIFIABLE_FIXED_FIT,"FIXED_FIT_MORE_DATA for fusion requires applying frozen 400-game fold betas — framework ready, run deferred to validation harness"
203995,Vasilije Micić,-1.1289,,-1.1747,,,-0.04580000000000006,NOT_IDENTIFIABLE_FIXED_FIT,"FIXED_FIT_MORE_DATA for fusion requires applying frozen 400-game fold betas — framework ready, run deferred to validation harness"
203994,Jusuf Nurkić,-1.3344,,-0.9561,,,0.3783000000000001,NOT_IDENTIFIABLE_FIXED_FIT,"FIXED_FIT_MORE_DATA for fusion requires applying frozen 400-game fold betas — framework ready, run deferred to validation harness"
1626156,D'Angelo Russell,-0.6177,,-0.7554,,,-0.13769999999999993,NOT_IDENTIFIABLE_FIXED_FIT,"FIXED_FIT_MORE_DATA for fusion requires applying frozen 400-game fold betas — framework ready, run deferred to validation harness"
101108,Chris Paul,0.2917,,-0.5874,,,-0.8791,NOT_IDENTIFIABLE_FIXED_FIT,"FIXED_FIT_MORE_DATA for fusion requires applying frozen 400-game fold betas — framework ready, run deferred to validation harness"
1628370,Malik Monk,0.3898,,-0.6254,,,-1.0151999999999999,NOT_IDENTIFIABLE_FIXED_FIT,"FIXED_FIT_MORE_DATA for fusion requires applying frozen 400-game fold betas — framework ready, run deferred to validation harness"
1631246,Vince Williams Jr.,-0.5979,,-1.7474,,,-1.1495000000000002,NOT_IDENTIFIABLE_FIXED_FIT,"FIXED_FIT_MORE_DATA for fusion requires applying frozen 400-game fold betas — framework ready, run deferred to validation harness"
1641748,Andre Jackson Jr.,-1.3384,,-1.0756,,,0.26280000000000014,NOT_IDENTIFIABLE_FIXED_FIT,"FIXED_FIT_MORE_DATA for fusion requires applying frozen 400-game fold betas — framework ready, run deferred to validation harness"
1630702,Jaden Hardy,-1.1643,,-1.1204,,,0.04389999999999983,NOT_IDENTIFIABLE_FIXED_FIT,"FIXED_FIT_MORE_DATA for fusion requires applying frozen 400-game fold betas — framework ready, run deferred to validation harness"
1630553,Keon Johnson,-1.1146,,-0.6728,,,0.4418000000000001,NOT_IDENTIFIABLE_FIXED_FIT,"FIXED_FIT_MORE_DATA for fusion requires applying frozen 400-game fold betas — framework ready, run deferred to validation harness"
1630595,Cade Cunningham,-0.7862,,-0.5886,,,0.1976,NOT_IDENTIFIABLE_FIXED_FIT,"FIXED_FIT_MORE_DATA for fusion requires applying frozen 400-game fold betas — framework ready, run deferred to validation harness"
2544,LeBron James,-0.5494,,-0.5981,,,-0.048699999999999966,NOT_IDENTIFIABLE_FIXED_FIT,"FIXED_FIT_MORE_DATA for fusion requires applying frozen 400-game fold betas — framework ready, run deferred to validation harness"
1642263,Reed Sheppard,-0.606,,-1.5128,,,-0.9067999999999999,NOT_IDENTIFIABLE_FIXED_FIT,"FIXED_FIT_MORE_DATA for fusion requires applying frozen 400-game fold betas — framework ready, run deferred to validation harness"
1626145,Tyus Jones,0.2361,,-0.6649,,,-0.901,NOT_IDENTIFIABLE_FIXED_FIT,"FIXED_FIT_MORE_DATA for fusion requires applying frozen 400-game fold betas — framework ready, run deferred to validation harness"
1629028,Deandre Ayton,-0.5149,,-0.9878,,,-0.4729,NOT_IDENTIFIABLE_FIXED_FIT,"FIXED_FIT_MORE_DATA for fusion requires applying frozen 400-game fold betas — framework ready, run deferred to validation harness"
1627732,Ben Simmons,-1.0486,,-1.1009,,,-0.05230000000000001,NOT_IDENTIFIABLE_FIXED_FIT,"FIXED_FIT_MORE_DATA for fusion requires applying frozen 400-game fold betas — framework ready, run deferred to validation harness"
1642274,Yves Missi,-0.5323,,-0.7318,,,-0.1995,NOT_IDENTIFIABLE_FIXED_FIT,"FIXED_FIT_MORE_DATA for fusion requires applying frozen 400-game fold betas — framework ready, run deferred to validation harness"
203110,Draymond Green,-0.6265,,-0.713,,,-0.08650000000000002,NOT_IDENTIFIABLE_FIXED_FIT,"FIXED_FIT_MORE_DATA for fusion requires applying frozen 400-game fold betas — framework ready, run deferred to validation harness"
1626171,Bobby Portis,-1.0298,,-1.0106,,,0.019200000000000106,NOT_IDENTIFIABLE_FIXED_FIT,"FIXED_FIT_MORE_DATA for fusion requires applying frozen 400-game fold betas — framework ready, run deferred to validation harness"
1642273,Kyshawn George,-0.5745,,-0.7791,,,-0.2046,NOT_IDENTIFIABLE_FIXED_FIT,"FIXED_FIT_MORE_DATA for fusion requires applying frozen 400-game fold betas — framework ready, run deferred to validation harness"
1641722,Jordan Hawkins,-0.7938,,-0.9744,,,-0.1806000000000001,NOT_IDENTIFIABLE_FIXED_FIT,"FIXED_FIT_MORE_DATA for fusion requires applying frozen 400-game fold betas — framework ready, run deferred to validation harness"
1630567,Scottie Barnes,-0.3471,,-0.7043,,,-0.3572,NOT_IDENTIFIABLE_FIXED_FIT,"FIXED_FIT_MORE_DATA for fusion requires applying frozen 400-game fold betas — framework ready, run deferred to validation harness"
1642354,KJ Simpson,-0.2746,,-1.4729,,,-1.1983000000000001,NOT_IDENTIFIABLE_FIXED_FIT,"FIXED_FIT_MORE_DATA for fusion requires applying frozen 400-game fold betas — framework ready, run deferred to validation harness"
1630703,Scoot Henderson,-1.16,,-0.837,,,0.32299999999999995,NOT_IDENTIFIABLE_FIXED_FIT,"FIXED_FIT_MORE_DATA for fusion requires applying frozen 400-game fold betas — framework ready, run deferred to validation harness"
1641733,Nick Smith Jr.,0.4009,,-1.0141,,,-1.415,NOT_IDENTIFIABLE_FIXED_FIT,"FIXED_FIT_MORE_DATA for fusion requires applying frozen 400-game fold betas — framework ready, run deferred to validation harness"
1627749,Dejounte Murray,-1.7118,,-1.2793,,,0.4324999999999999,NOT_IDENTIFIABLE_FIXED_FIT,"FIXED_FIT_MORE_DATA for fusion requires applying frozen 400-game fold betas — framework ready, run deferred to validation harness"
1628398,Kyle Kuzma,-1.0707,,-0.7811,,,0.28959999999999997,NOT_IDENTIFIABLE_FIXED_FIT,"FIXED_FIT_MORE_DATA for fusion requires applying frozen 400-game fold betas — framework ready, run deferred to validation harness"
1631094,Paolo Banchero,0.2705,,-0.9689,,,-1.2394,NOT_IDENTIFIABLE_FIXED_FIT,"FIXED_FIT_MORE_DATA for fusion requires applying frozen 400-game fold betas — framework ready, run deferred to validation harness"
1641731,Bilal Coulibaly,-0.6524,,-0.8396,,,-0.18720000000000003,NOT_IDENTIFIABLE_FIXED_FIT,"FIXED_FIT_MORE_DATA for fusion requires applying frozen 400-game fold betas — framework ready, run deferred to validation harness"
1642264,Stephon Castle,-0.9085,,-0.8116,,,0.09689999999999999,NOT_IDENTIFIABLE_FIXED_FIT,"FIXED_FIT_MORE_DATA for fusion requires applying frozen 400-game fold betas — framework ready, run deferred to validation harness"
1642262,Cody Williams,-1.9795,,-1.3881,,,0.5914000000000001,NOT_IDENTIFIABLE_FIXED_FIT,"FIXED_FIT_MORE_DATA for fusion requires applying frozen 400-game fold betas — framework ready, run deferred to validation harness"
1630590,Scotty Pippen Jr.,-0.3717,,-0.973,,,-0.6013,NOT_IDENTIFIABLE_FIXED_FIT,"FIXED_FIT_MORE_DATA for fusion requires applying frozen 400-game fold betas — framework ready, run deferred to validation harness"
1626179,Terry Rozier,-0.7956,,-1.0579,,,-0.2623000000000001,NOT_IDENTIFIABLE_FIXED_FIT,"FIXED_FIT_MORE_DATA for fusion requires applying frozen 400-game fold betas — framework ready, run deferred to validation harness"
1630581,Josh Giddey,-0.9213,,-0.851,,,0.07030000000000003,NOT_IDENTIFIABLE_FIXED_FIT,"FIXED_FIT_MORE_DATA for fusion requires applying frozen 400-game fold betas — framework ready, run deferred to validation harness"
1628389,Bam Adebayo,-1.256,,-0.8048,,,0.45120000000000005,NOT_IDENTIFIABLE_FIXED_FIT,"FIXED_FIT_MORE_DATA for fusion requires applying frozen 400-game fold betas — framework ready, run deferred to validation harness"
1630558,Davion Mitchell,-0.9011,,-0.9665,,,-0.06540000000000001,NOT_IDENTIFIABLE_FIXED_FIT,"FIXED_FIT_MORE_DATA for fusion requires applying frozen 400-game fold betas — framework ready, run deferred to validation harness"
1642267,Carlton Carrington,-0.4221,,-0.8633,,,-0.4412,NOT_IDENTIFIABLE_FIXED_FIT,"FIXED_FIT_MORE_DATA for fusion requires applying frozen 400-game fold betas — framework ready, run deferred to validation harness"
1642259,Alexandre Sarr,-1.2458,,-1.1014,,,0.14440000000000008,NOT_IDENTIFIABLE_FIXED_FIT,"FIXED_FIT_MORE_DATA for fusion requires applying frozen 400-game fold betas — framework ready, run deferred to validation harness"
1629614,Andrew Nembhard,-0.8321,,-1.169,,,-0.3369000000000001,NOT_IDENTIFIABLE_FIXED_FIT,"FIXED_FIT_MORE_DATA for fusion requires applying frozen 400-game fold betas — framework ready, run deferred to validation harness"
1641718,Keyonte George,-1.2635,,-1.0559,,,0.2076,NOT_IDENTIFIABLE_FIXED_FIT,"FIXED_FIT_MORE_DATA for fusion requires applying frozen 400-game fold betas — framework ready, run deferred to validation harness"
1629645,Kevin Porter Jr.,-2.1404,,-1.5587,,,0.5817000000000001,NOT_IDENTIFIABLE_FIXED_FIT,"FIXED_FIT_MORE_DATA for fusion requires applying frozen 400-game fold betas — framework ready, run deferred to validation harness"
201935,James Harden,-0.6551,,-0.9829,,,-0.3278,NOT_IDENTIFIABLE_FIXED_FIT,"FIXED_FIT_MORE_DATA for fusion requires applying frozen 400-game fold betas — framework ready, run deferred to validation harness"
1642347,Jamal Shead,-1.278,,-1.7622,,,-0.48419999999999996,NOT_IDENTIFIABLE_FIXED_FIT,"FIXED_FIT_MORE_DATA for fusion requires applying frozen 400-game fold betas — framework ready, run deferred to validation harness"
1629027,Trae Young,-0.887,,-1.2486,,,-0.3615999999999999,NOT_IDENTIFIABLE_FIXED_FIT,"FIXED_FIT_MORE_DATA for fusion requires applying frozen 400-game fold betas — framework ready, run deferred to validation harness"
201566,Russell Westbrook,-0.7108,,-1.5653,,,-0.8544999999999999,NOT_IDENTIFIABLE_FIXED_FIT,"FIXED_FIT_MORE_DATA for fusion requires applying frozen 400-game fold betas — framework ready, run deferred to validation harness"
1642268,Isaiah Collier,-1.6193,,-2.369,,,-0.7497000000000003,NOT_IDENTIFIABLE_FIXED_FIT,"FIXED_FIT_MORE_DATA for fusion requires applying frozen 400-game fold betas — framework ready, run deferred to validation harness"
