season,playerName,normalizedName,espnPlayerId,nbaPlayerId,matchMethod,confidence,status
2024-25,Shai Gilgeous-Alexander,shaigilgeousalexander,4278073,1628983,unique_name_espn_board_drbl,HIGH_CONFIDENCE_UNIQUE_NAME,ALIAS
2024-25,Giannis Antetokounmpo,giannisantetokounmpo,3032977,203507,unique_name_espn_board_drbl,HIGH_CONFIDENCE_UNIQUE_NAME,ALIAS
2024-25,Nikola Jokic,nikolajokic,3112335,203999,unique_name_espn_board_drbl,HIGH_CONFIDENCE_UNIQUE_NAME,ALIAS
2024-25,Anthony Edwards,anthonyedwards,4594268,1630162,unique_name_espn_board_drbl,HIGH_CONFIDENCE_UNIQUE_NAME,ALIAS
2024-25,Jayson Tatum,jaysontatum,4065648,1628369,unique_name_espn_board_drbl,HIGH_CONFIDENCE_UNIQUE_NAME,ALIAS
2024-25,Kevin Durant,kevindurant,3202,201142,unique_name_espn_board_drbl,HIGH_CONFIDENCE_UNIQUE_NAME,ALIAS
2024-25,Cade Cunningham,cadecunningham,4432166,1630595,unique_name_espn_board_drbl,HIGH_CONFIDENCE_UNIQUE_NAME,ALIAS
2024-25,Jalen Brunson,jalenbrunson,3934672,1628973,unique_name_espn_board_drbl,HIGH_CONFIDENCE_UNIQUE_NAME,ALIAS
2024-25,Devin Booker,devinbooker,3136193,1626164,unique_name_espn_board_drbl,HIGH_CONFIDENCE_UNIQUE_NAME,ALIAS
2024-25,Damian Lillard,damianlillard,6606,203081,unique_name_espn_board_drbl,HIGH_CONFIDENCE_UNIQUE_NAME,ALIAS
2024-25,Stephen Curry,stephencurry,3975,201939,unique_name_espn_board_drbl,HIGH_CONFIDENCE_UNIQUE_NAME,ALIAS
2024-25,Karl-Anthony Towns,karlanthonytowns,3136195,1626157,unique_name_espn_board_drbl,HIGH_CONFIDENCE_UNIQUE_NAME,ALIAS
2024-25,LeBron James,lebronjames,1966,2544,unique_name_espn_board_drbl,HIGH_CONFIDENCE_UNIQUE_NAME,ALIAS
2024-25,Trae Young,traeyoung,4277905,1629027,unique_name_espn_board_drbl,HIGH_CONFIDENCE_UNIQUE_NAME,ALIAS
2024-25,Franz Wagner,franzwagner,4566434,1630532,unique_name_espn_board_drbl,HIGH_CONFIDENCE_UNIQUE_NAME,ALIAS
2024-25,Donovan Mitchell,donovanmitchell,3908809,1628378,unique_name_espn_board_drbl,HIGH_CONFIDENCE_UNIQUE_NAME,ALIAS
2024-25,Tyler Herro,tylerherro,4395725,1629639,unique_name_espn_board_drbl,HIGH_CONFIDENCE_UNIQUE_NAME,ALIAS
2024-25,De'Aaron Fox,deaaronfox,4066259,1628368,unique_name_espn_board_drbl,HIGH_CONFIDENCE_UNIQUE_NAME,ALIAS
2024-25,Zach LaVine,zachlavine,3064440,203897,unique_name_espn_board_drbl,HIGH_CONFIDENCE_UNIQUE_NAME,ALIAS
2024-25,James Harden,jamesharden,3992,201935,unique_name_espn_board_drbl,HIGH_CONFIDENCE_UNIQUE_NAME,ALIAS
2024-25,DeMar DeRozan,demarderozan,3978,201942,unique_name_espn_board_drbl,HIGH_CONFIDENCE_UNIQUE_NAME,ALIAS
2024-25,Jaylen Brown,jaylenbrown,3917376,1627759,unique_name_espn_board_drbl,HIGH_CONFIDENCE_UNIQUE_NAME,ALIAS
2024-25,Jaren Jackson Jr.,jarenjacksonjr,4277961,1628991,unique_name_espn_board_drbl,HIGH_CONFIDENCE_UNIQUE_NAME,ALIAS
2024-25,Norman Powell,normanpowell,2595516,1626181,unique_name_espn_board_drbl,HIGH_CONFIDENCE_UNIQUE_NAME,ALIAS
2024-25,Jalen Williams,jalenwilliams,4593803,1631114,unique_name_espn_board_drbl,HIGH_CONFIDENCE_UNIQUE_NAME,ALIAS
2024-25,Jamal Murray,jamalmurray,3936299,1627750,unique_name_espn_board_drbl,HIGH_CONFIDENCE_UNIQUE_NAME,ALIAS
2024-25,RJ Barrett,rjbarrett,4395625,1629628,unique_name_espn_board_drbl,HIGH_CONFIDENCE_UNIQUE_NAME,ALIAS
2024-25,Jalen Green,jalengreen,4437244,1630224,unique_name_espn_board_drbl,HIGH_CONFIDENCE_UNIQUE_NAME,ALIAS
2024-25,Darius Garland,dariusgarland,4396907,1629636,unique_name_espn_board_drbl,HIGH_CONFIDENCE_UNIQUE_NAME,ALIAS
2024-25,Jordan Poole,jordanpoole,4277956,1629673,unique_name_espn_board_drbl,HIGH_CONFIDENCE_UNIQUE_NAME,ALIAS
2024-25,Coby White,cobywhite,4395651,1629632,unique_name_espn_board_drbl,HIGH_CONFIDENCE_UNIQUE_NAME,ALIAS
2024-25,Miles Bridges,milesbridges,4066383,1628970,unique_name_espn_board_drbl,HIGH_CONFIDENCE_UNIQUE_NAME,ALIAS
2024-25,Pascal Siakam,pascalsiakam,3149673,1627783,unique_name_espn_board_drbl,HIGH_CONFIDENCE_UNIQUE_NAME,ALIAS
2024-25,Austin Reaves,austinreaves,4066457,1630559,unique_name_espn_board_drbl,HIGH_CONFIDENCE_UNIQUE_NAME,ALIAS
2024-25,Scottie Barnes,scottiebarnes,4433134,1630567,unique_name_espn_board_drbl,HIGH_CONFIDENCE_UNIQUE_NAME,ALIAS
2024-25,Anfernee Simons,anferneesimons,4351851,1629014,unique_name_espn_board_drbl,HIGH_CONFIDENCE_UNIQUE_NAME,ALIAS
2024-25,Desmond Bane,desmondbane,4066320,1630217,unique_name_espn_board_drbl,HIGH_CONFIDENCE_UNIQUE_NAME,ALIAS
2024-25,Domantas Sabonis,domantassabonis,3155942,1627734,unique_name_espn_board_drbl,HIGH_CONFIDENCE_UNIQUE_NAME,ALIAS
2024-25,Alperen Sengun,alperensengun,4871144,1630578,unique_name_espn_board_drbl,HIGH_CONFIDENCE_UNIQUE_NAME,ALIAS
2024-25,Julius Randle,juliusrandle,3064514,203944,unique_name_espn_board_drbl,HIGH_CONFIDENCE_UNIQUE_NAME,ALIAS
2024-25,Tyrese Haliburton,tyresehaliburton,4396993,1630169,unique_name_espn_board_drbl,HIGH_CONFIDENCE_UNIQUE_NAME,ALIAS
2024-25,Shaedon Sharpe,shaedonsharpe,4914336,1631101,unique_name_espn_board_drbl,HIGH_CONFIDENCE_UNIQUE_NAME,ALIAS
2024-25,Evan Mobley,evanmobley,4432158,1630596,unique_name_espn_board_drbl,HIGH_CONFIDENCE_UNIQUE_NAME,ALIAS
2024-25,Nikola Vucevic,nikolavucevic,6478,202696,unique_name_espn_board_drbl,HIGH_CONFIDENCE_UNIQUE_NAME,ALIAS
2024-25,Collin Sexton,collinsexton,4277811,1629012,unique_name_espn_board_drbl,HIGH_CONFIDENCE_UNIQUE_NAME,ALIAS
2024-25,Michael Porter Jr.,michaelporterjr,4278104,1629008,unique_name_espn_board_drbl,HIGH_CONFIDENCE_UNIQUE_NAME,ALIAS
2024-25,Bam Adebayo,bamadebayo,4066261,1628389,unique_name_espn_board_drbl,HIGH_CONFIDENCE_UNIQUE_NAME,ALIAS
2024-25,OG Anunoby,oganunoby,3934719,1628384,unique_name_espn_board_drbl,HIGH_CONFIDENCE_UNIQUE_NAME,ALIAS
2024-25,Andrew Wiggins,andrewwiggins,3059319,203952,unique_name_espn_board_drbl,HIGH_CONFIDENCE_UNIQUE_NAME,ALIAS
2024-25,Mikal Bridges,mikalbridges,3147657,1628969,unique_name_espn_board_drbl,HIGH_CONFIDENCE_UNIQUE_NAME,ALIAS
2024-25,Malik Monk,malikmonk,4066262,1628370,unique_name_espn_board_drbl,HIGH_CONFIDENCE_UNIQUE_NAME,ALIAS
2024-25,De'Andre Hunter,deandrehunter,4065732,1629631,unique_name_espn_board_drbl,HIGH_CONFIDENCE_UNIQUE_NAME,ALIAS
2024-25,Deni Avdija,deniavdija,4683021,1630166,unique_name_espn_board_drbl,HIGH_CONFIDENCE_UNIQUE_NAME,ALIAS
2024-25,Keyonte George,keyontegeorge,4433627,1641718,unique_name_espn_board_drbl,HIGH_CONFIDENCE_UNIQUE_NAME,ALIAS
2024-25,Ivica Zubac,ivicazubac,4017837,1627826,unique_name_espn_board_drbl,HIGH_CONFIDENCE_UNIQUE_NAME,ALIAS
2024-25,Derrick White,derrickwhite,3078576,1628401,unique_name_espn_board_drbl,HIGH_CONFIDENCE_UNIQUE_NAME,ALIAS
2024-25,Malik Beasley,malikbeasley,3907822,1627736,unique_name_espn_board_drbl,HIGH_CONFIDENCE_UNIQUE_NAME,ALIAS
2024-25,Devin Vassell,devinvassell,4395630,1630170,unique_name_espn_board_drbl,HIGH_CONFIDENCE_UNIQUE_NAME,ALIAS
2024-25,Bennedict Mathurin,bennedictmathurin,4683634,1631097,unique_name_espn_board_drbl,HIGH_CONFIDENCE_UNIQUE_NAME,ALIAS
2024-25,Myles Turner,mylesturner,3133628,1626167,unique_name_espn_board_drbl,HIGH_CONFIDENCE_UNIQUE_NAME,ALIAS
2024-25,Christian Braun,christianbraun,4431767,1631128,unique_name_espn_board_drbl,HIGH_CONFIDENCE_UNIQUE_NAME,ALIAS
2024-25,Kelly Oubre Jr.,kellyoubrejr,3133603,1626162,unique_name_espn_board_drbl,HIGH_CONFIDENCE_UNIQUE_NAME,ALIAS
2024-25,Kyle Kuzma,kylekuzma,3134907,1628398,unique_name_espn_board_drbl,HIGH_CONFIDENCE_UNIQUE_NAME,ALIAS
2024-25,Stephon Castle,stephoncastle,4845367,1642264,unique_name_espn_board_drbl,HIGH_CONFIDENCE_UNIQUE_NAME,ALIAS
2024-25,Josh Giddey,joshgiddey,4871145,1630581,unique_name_espn_board_drbl,HIGH_CONFIDENCE_UNIQUE_NAME,ALIAS
2024-25,Quentin Grimes,quentingrimes,4397014,1629656,unique_name_espn_board_drbl,HIGH_CONFIDENCE_UNIQUE_NAME,ALIAS
2024-25,Payton Pritchard,paytonpritchard,4066354,1630202,unique_name_espn_board_drbl,HIGH_CONFIDENCE_UNIQUE_NAME,ALIAS
2024-25,Naz Reid,nazreid,4396971,1629675,unique_name_espn_board_drbl,HIGH_CONFIDENCE_UNIQUE_NAME,ALIAS
2024-25,Dyson Daniels,dysondaniels,4869342,1630700,unique_name_espn_board_drbl,HIGH_CONFIDENCE_UNIQUE_NAME,ALIAS
2024-25,Fred VanVleet,fredvanvleet,2991230,1627832,unique_name_espn_board_drbl,HIGH_CONFIDENCE_UNIQUE_NAME,ALIAS
2024-25,Amen Thompson,amenthompson,4684740,1641708,unique_name_espn_board_drbl,HIGH_CONFIDENCE_UNIQUE_NAME,ALIAS
2024-25,Dillon Brooks,dillonbrooks,3155526,1628415,unique_name_espn_board_drbl,HIGH_CONFIDENCE_UNIQUE_NAME,ALIAS
2024-25,Klay Thompson,klaythompson,6475,202691,unique_name_espn_board_drbl,HIGH_CONFIDENCE_UNIQUE_NAME,ALIAS
2024-25,Tobias Harris,tobiasharris,6440,202699,unique_name_espn_board_drbl,HIGH_CONFIDENCE_UNIQUE_NAME,ALIAS
2024-25,Josh Hart,joshhart,3062679,1628404,unique_name_espn_board_drbl,HIGH_CONFIDENCE_UNIQUE_NAME,ALIAS
2024-25,Jarrett Allen,jarrettallen,4066328,1628386,unique_name_espn_board_drbl,HIGH_CONFIDENCE_UNIQUE_NAME,ALIAS
2024-25,Onyeka Okongwu,onyekaokongwu,4431680,1630168,unique_name_espn_board_drbl,HIGH_CONFIDENCE_UNIQUE_NAME,ALIAS
2024-25,Russell Westbrook,russellwestbrook,3468,201566,unique_name_espn_board_drbl,HIGH_CONFIDENCE_UNIQUE_NAME,ALIAS
2024-25,Naji Marshall,najimarshall,4278594,1630230,unique_name_espn_board_drbl,HIGH_CONFIDENCE_UNIQUE_NAME,ALIAS
2024-25,Rui Hachimura,ruihachimura,4066648,1629060,unique_name_espn_board_drbl,HIGH_CONFIDENCE_UNIQUE_NAME,ALIAS
2024-25,Dennis Schroder,dennisschroder,3032979,203471,unique_name_espn_board_drbl,HIGH_CONFIDENCE_UNIQUE_NAME,ALIAS
2024-25,Brook Lopez,brooklopez,3448,201572,unique_name_espn_board_drbl,HIGH_CONFIDENCE_UNIQUE_NAME,ALIAS
2024-25,Alex Sarr,alexsarr,5160992,,none,UNRESOLVED,UNMATCHED_ESPN
2024-25,Keldon Johnson,keldonjohnson,4395723,1629640,unique_name_espn_board_drbl,HIGH_CONFIDENCE_UNIQUE_NAME,ALIAS
2024-25,Scoot Henderson,scoothenderson,4683678,1630703,unique_name_espn_board_drbl,HIGH_CONFIDENCE_UNIQUE_NAME,ALIAS
2024-25,D'Angelo Russell,dangelorussell,3136776,1626156,unique_name_espn_board_drbl,HIGH_CONFIDENCE_UNIQUE_NAME,ALIAS
2024-25,Zaccharie Risacher,zaccharierisacher,5211175,1642258,unique_name_espn_board_drbl,HIGH_CONFIDENCE_UNIQUE_NAME,ALIAS
2024-25,Ty Jerome,tyjerome,4065733,1629660,unique_name_espn_board_drbl,HIGH_CONFIDENCE_UNIQUE_NAME,ALIAS
2024-25,Santi Aldama,santialdama,4593125,1630583,unique_name_espn_board_drbl,HIGH_CONFIDENCE_UNIQUE_NAME,ALIAS
2024-25,Keegan Murray,keeganmurray,4594327,1631099,unique_name_espn_board_drbl,HIGH_CONFIDENCE_UNIQUE_NAME,ALIAS
2024-25,Harrison Barnes,harrisonbarnes,6578,203084,unique_name_espn_board_drbl,HIGH_CONFIDENCE_UNIQUE_NAME,ALIAS
2024-25,Bilal Coulibaly,bilalcoulibaly,5104155,1641731,unique_name_espn_board_drbl,HIGH_CONFIDENCE_UNIQUE_NAME,ALIAS
2024-25,Jaden McDaniels,jadenmcdaniels,4431671,1630183,unique_name_espn_board_drbl,HIGH_CONFIDENCE_UNIQUE_NAME,ALIAS
2024-25,Caris LeVert,carislevert,2991043,1627747,unique_name_espn_board_drbl,HIGH_CONFIDENCE_UNIQUE_NAME,ALIAS
2024-25,Rudy Gobert,rudygobert,3032976,203497,unique_name_espn_board_drbl,HIGH_CONFIDENCE_UNIQUE_NAME,ALIAS
2024-25,Aaron Wiggins,aaronwiggins,4397183,1630598,unique_name_espn_board_drbl,HIGH_CONFIDENCE_UNIQUE_NAME,ALIAS
2024-25,Jalen Duren,jalenduren,4433621,1631105,unique_name_espn_board_drbl,HIGH_CONFIDENCE_UNIQUE_NAME,ALIAS
2024-25,Brandin Podziemski,brandinpodziemski,4709138,1641764,unique_name_espn_board_drbl,HIGH_CONFIDENCE_UNIQUE_NAME,ALIAS
2024-25,Donte DiVincenzo,dontedivincenzo,3934673,1628978,unique_name_espn_board_drbl,HIGH_CONFIDENCE_UNIQUE_NAME,ALIAS
2024-25,Corey Kispert,coreykispert,4280151,1630557,unique_name_espn_board_drbl,HIGH_CONFIDENCE_UNIQUE_NAME,ALIAS
2024-25,Toumani Camara,toumanicamara,4431736,1641739,unique_name_espn_board_drbl,HIGH_CONFIDENCE_UNIQUE_NAME,ALIAS
2024-25,Gary Trent Jr.,garytrentjr,4277843,1629018,unique_name_espn_board_drbl,HIGH_CONFIDENCE_UNIQUE_NAME,ALIAS
2024-25,Buddy Hield,buddyhield,2990984,1627741,unique_name_espn_board_drbl,HIGH_CONFIDENCE_UNIQUE_NAME,ALIAS
2024-25,Jrue Holiday,jrueholiday,3995,201950,unique_name_espn_board_drbl,HIGH_CONFIDENCE_UNIQUE_NAME,ALIAS
2024-25,Walker Kessler,walkerkessler,4433136,1631117,unique_name_espn_board_drbl,HIGH_CONFIDENCE_UNIQUE_NAME,ALIAS
2024-25,Duncan Robinson,duncanrobinson,3157465,1629130,unique_name_espn_board_drbl,HIGH_CONFIDENCE_UNIQUE_NAME,ALIAS
2024-25,Spencer Dinwiddie,spencerdinwiddie,2580782,203915,unique_name_espn_board_drbl,HIGH_CONFIDENCE_UNIQUE_NAME,ALIAS
2024-25,Guerschon Yabusele,guerschonyabusele,4017844,1627824,unique_name_espn_board_drbl,HIGH_CONFIDENCE_UNIQUE_NAME,ALIAS
2024-25,Tim Hardaway Jr.,timhardawayjr,2528210,203501,unique_name_espn_board_drbl,HIGH_CONFIDENCE_UNIQUE_NAME,ALIAS
2024-25,Brice Sensabaugh,bricesensabaugh,5105839,1641729,unique_name_espn_board_drbl,HIGH_CONFIDENCE_UNIQUE_NAME,ALIAS
2024-25,Grayson Allen,graysonallen,3135045,1628960,unique_name_espn_board_drbl,HIGH_CONFIDENCE_UNIQUE_NAME,ALIAS
2024-25,Keon Johnson,keonjohnson,4432192,1630553,unique_name_espn_board_drbl,HIGH_CONFIDENCE_UNIQUE_NAME,ALIAS
2024-25,Terry Rozier,terryrozier,3074752,1626179,unique_name_espn_board_drbl,HIGH_CONFIDENCE_UNIQUE_NAME,ALIAS
2024-25,Obi Toppin,obitoppin,4278355,1630167,unique_name_espn_board_drbl,HIGH_CONFIDENCE_UNIQUE_NAME,ALIAS
2024-25,Ochai Agbaji,ochaiagbaji,4397018,1630534,unique_name_espn_board_drbl,HIGH_CONFIDENCE_UNIQUE_NAME,ALIAS
2024-25,Jaylen Wells,jaylenwells,5112087,1642377,unique_name_espn_board_drbl,HIGH_CONFIDENCE_UNIQUE_NAME,ALIAS
2024-25,Jonas Valanciunas,jonasvalanciunas,6477,202685,unique_name_espn_board_drbl,HIGH_CONFIDENCE_UNIQUE_NAME,ALIAS
2024-25,Nic Claxton,nicclaxton,4278067,1629651,unique_name_espn_board_drbl,HIGH_CONFIDENCE_UNIQUE_NAME,ALIAS
2024-25,Kevin Porter Jr.,kevinporterjr,4397140,1629645,unique_name_espn_board_drbl,HIGH_CONFIDENCE_UNIQUE_NAME,ALIAS
2024-25,Tyus Jones,tyusjones,3135046,1626145,unique_name_espn_board_drbl,HIGH_CONFIDENCE_UNIQUE_NAME,ALIAS
2024-25,Isaiah Joe,isaiahjoe,4395702,1630198,unique_name_espn_board_drbl,HIGH_CONFIDENCE_UNIQUE_NAME,ALIAS
2024-25,Derrick Jones Jr.,derrickjonesjr,3936099,1627884,unique_name_espn_board_drbl,HIGH_CONFIDENCE_UNIQUE_NAME,ALIAS
2024-25,Luguentz Dort,luguentzdort,4397020,1629652,unique_name_espn_board_drbl,HIGH_CONFIDENCE_UNIQUE_NAME,ALIAS
2024-25,Ausar Thompson,ausarthompson,4684742,1641709,unique_name_espn_board_drbl,HIGH_CONFIDENCE_UNIQUE_NAME,ALIAS
2024-25,Andrew Nembhard,andrewnembhard,4395712,1629614,unique_name_espn_board_drbl,HIGH_CONFIDENCE_UNIQUE_NAME,ALIAS
2024-25,Ziaire Williams,ziairewilliams,4433137,1630533,unique_name_espn_board_drbl,HIGH_CONFIDENCE_UNIQUE_NAME,ALIAS
2024-25,Julian Champagnie,julianchampagnie,4592479,1630577,unique_name_espn_board_drbl,HIGH_CONFIDENCE_UNIQUE_NAME,ALIAS
2024-25,Georges Niang,georgesniang,2990969,1627777,unique_name_espn_board_drbl,HIGH_CONFIDENCE_UNIQUE_NAME,ALIAS
2024-25,Kevin Huerter,kevinhuerter,4066372,1628989,unique_name_espn_board_drbl,HIGH_CONFIDENCE_UNIQUE_NAME,ALIAS
2024-25,Scotty Pippen Jr.,scottypippenjr,4431785,1630590,unique_name_espn_board_drbl,HIGH_CONFIDENCE_UNIQUE_NAME,ALIAS
2024-25,Nick Smith Jr.,nicksmithjr,4683686,1641733,unique_name_espn_board_drbl,HIGH_CONFIDENCE_UNIQUE_NAME,ALIAS
2024-25,Bub Carrington,bubcarrington,4845374,,none,UNRESOLVED,UNMATCHED_ESPN
2024-25,Moses Moody,mosesmoody,4432171,1630541,unique_name_espn_board_drbl,HIGH_CONFIDENCE_UNIQUE_NAME,ALIAS
2024-25,Amir Coffey,amircoffey,4066387,1629599,unique_name_espn_board_drbl,HIGH_CONFIDENCE_UNIQUE_NAME,ALIAS
2024-25,Max Christie,maxchristie,4432582,1631108,unique_name_espn_board_drbl,HIGH_CONFIDENCE_UNIQUE_NAME,ALIAS
2024-25,Kyle Filipowski,kylefilipowski,4684793,1642271,unique_name_espn_board_drbl,HIGH_CONFIDENCE_UNIQUE_NAME,ALIAS
2024-25,Miles McBride,milesmcbride,4431823,1630540,unique_name_espn_board_drbl,HIGH_CONFIDENCE_UNIQUE_NAME,ALIAS
2024-25,Jalen Wilson,jalenwilson,4431714,1630592,unique_name_espn_board_drbl,HIGH_CONFIDENCE_UNIQUE_NAME,ALIAS
2024-25,Anthony Black,anthonyblack,4712849,1641710,unique_name_espn_board_drbl,HIGH_CONFIDENCE_UNIQUE_NAME,ALIAS
2024-25,Nickeil Alexander-Walker,nickeilalexanderwalker,4278039,1629638,unique_name_espn_board_drbl,HIGH_CONFIDENCE_UNIQUE_NAME,ALIAS
2024-25,Cole Anthony,coleanthony,4432809,1630175,unique_name_espn_board_drbl,HIGH_CONFIDENCE_UNIQUE_NAME,ALIAS
2024-25,Kel'el Ware,kelelware,5105623,1642276,unique_name_espn_board_drbl,HIGH_CONFIDENCE_UNIQUE_NAME,ALIAS
2024-25,Zach Edey,zachedey,4600663,1641744,unique_name_espn_board_drbl,HIGH_CONFIDENCE_UNIQUE_NAME,ALIAS
2024-25,T.J. McConnell,tjmcconnell,2530530,204456,unique_name_espn_board_drbl,HIGH_CONFIDENCE_UNIQUE_NAME,ALIAS
2024-25,Yves Missi,yvesmissi,5061589,1642274,unique_name_espn_board_drbl,HIGH_CONFIDENCE_UNIQUE_NAME,ALIAS
2024-25,Wendell Carter Jr.,wendellcarterjr,4277847,1628976,unique_name_espn_board_drbl,HIGH_CONFIDENCE_UNIQUE_NAME,ALIAS
2024-25,Royce O'Neale,royceoneale,2583632,1626220,unique_name_espn_board_drbl,HIGH_CONFIDENCE_UNIQUE_NAME,ALIAS
2024-25,Dalton Knecht,daltonknecht,4897943,1642261,unique_name_espn_board_drbl,HIGH_CONFIDENCE_UNIQUE_NAME,ALIAS
2024-25,Julian Strawther,julianstrawther,4432181,1631124,unique_name_espn_board_drbl,HIGH_CONFIDENCE_UNIQUE_NAME,ALIAS
2024-25,Jared Butler,jaredbutler,4395695,1630215,unique_name_espn_board_drbl,HIGH_CONFIDENCE_UNIQUE_NAME,ALIAS
2024-25,Draymond Green,draymondgreen,6589,203110,unique_name_espn_board_drbl,HIGH_CONFIDENCE_UNIQUE_NAME,ALIAS
2024-25,Patrick Williams,patrickwilliams,4431687,1630172,unique_name_espn_board_drbl,HIGH_CONFIDENCE_UNIQUE_NAME,ALIAS
2024-25,Al Horford,alhorford,3213,201143,unique_name_espn_board_drbl,HIGH_CONFIDENCE_UNIQUE_NAME,ALIAS
2024-25,Johnny Juzang,johnnyjuzang,4432817,1630548,unique_name_espn_board_drbl,HIGH_CONFIDENCE_UNIQUE_NAME,ALIAS
2024-25,Luke Kennard,lukekennard,3913174,1628379,unique_name_espn_board_drbl,HIGH_CONFIDENCE_UNIQUE_NAME,ALIAS
2024-25,Chris Paul,chrispaul,2779,101108,unique_name_espn_board_drbl,HIGH_CONFIDENCE_UNIQUE_NAME,ALIAS
2024-25,Justin Champagnie,justinchampagnie,4432907,1630551,unique_name_espn_board_drbl,HIGH_CONFIDENCE_UNIQUE_NAME,ALIAS
2024-25,Kentavious Caldwell-Pope,kentaviouscaldwellpope,2581018,203484,unique_name_espn_board_drbl,HIGH_CONFIDENCE_UNIQUE_NAME,ALIAS
2024-25,Tyrese Martin,tyresemartin,4397179,1631213,unique_name_espn_board_drbl,HIGH_CONFIDENCE_UNIQUE_NAME,ALIAS
2024-25,Dorian Finney-Smith,dorianfinneysmith,2578185,1627827,unique_name_espn_board_drbl,HIGH_CONFIDENCE_UNIQUE_NAME,ALIAS
2024-25,Kyshawn George,kyshawngeorge,5174563,1642273,unique_name_espn_board_drbl,HIGH_CONFIDENCE_UNIQUE_NAME,ALIAS
2024-25,Isaiah Collier,isaiahcollier,4683766,1642268,unique_name_espn_board_drbl,HIGH_CONFIDENCE_UNIQUE_NAME,ALIAS
2024-25,Jaime Jaquez Jr.,jaimejaquezjr,4432848,1631170,unique_name_espn_board_drbl,HIGH_CONFIDENCE_UNIQUE_NAME,ALIAS
2024-25,Matas Buzelis,matasbuzelis,4711294,1641824,unique_name_espn_board_drbl,HIGH_CONFIDENCE_UNIQUE_NAME,ALIAS
2024-25,Sam Hauser,samhauser,4065804,1630573,unique_name_espn_board_drbl,HIGH_CONFIDENCE_UNIQUE_NAME,ALIAS
2024-25,Cason Wallace,casonwallace,4683692,1641717,unique_name_espn_board_drbl,HIGH_CONFIDENCE_UNIQUE_NAME,ALIAS
2024-25,Brandon Clarke,brandonclarke,3906665,1629634,unique_name_espn_board_drbl,HIGH_CONFIDENCE_UNIQUE_NAME,ALIAS
2024-25,Dalano Banton,dalanobanton,4397885,1630625,unique_name_espn_board_drbl,HIGH_CONFIDENCE_UNIQUE_NAME,ALIAS
2024-25,Keon Ellis,keonellis,4702177,1631165,unique_name_espn_board_drbl,HIGH_CONFIDENCE_UNIQUE_NAME,ALIAS
2024-25,Taurean Prince,taureanprince,2990962,1627752,unique_name_espn_board_drbl,HIGH_CONFIDENCE_UNIQUE_NAME,ALIAS
2024-25,Mike Conley,mikeconley,3195,201144,unique_name_espn_board_drbl,HIGH_CONFIDENCE_UNIQUE_NAME,ALIAS
2024-25,Jalen Smith,jalensmith,4397189,1630188,unique_name_espn_board_drbl,HIGH_CONFIDENCE_UNIQUE_NAME,ALIAS
2024-25,Peyton Watson,peytonwatson,4576087,1631212,unique_name_espn_board_drbl,HIGH_CONFIDENCE_UNIQUE_NAME,ALIAS
2024-25,Davion Mitchell,davionmitchell,4278053,1630558,unique_name_espn_board_drbl,HIGH_CONFIDENCE_UNIQUE_NAME,ALIAS
2024-25,Terance Mann,terancemann,3907823,1629611,unique_name_espn_board_drbl,HIGH_CONFIDENCE_UNIQUE_NAME,ALIAS
2024-25,Josh Green,joshgreen,4432811,1630182,unique_name_espn_board_drbl,HIGH_CONFIDENCE_UNIQUE_NAME,ALIAS
2024-25,AJ Green,ajgreen,4397475,1631260,unique_name_espn_board_drbl,HIGH_CONFIDENCE_UNIQUE_NAME,ALIAS
2024-25,Ricky Council IV,rickycounciliv,4701234,1641741,unique_name_espn_board_drbl,HIGH_CONFIDENCE_UNIQUE_NAME,ALIAS
2024-25,Tristan da Silva,tristandasilva,4702382,1641783,unique_name_espn_board_drbl,HIGH_CONFIDENCE_UNIQUE_NAME,ALIAS
2024-25,Goga Bitadze,gogabitadze,4348700,1629048,unique_name_espn_board_drbl,HIGH_CONFIDENCE_UNIQUE_NAME,ALIAS
2024-25,Sam Merrill,sammerrill,4066757,1630241,unique_name_espn_board_drbl,HIGH_CONFIDENCE_UNIQUE_NAME,ALIAS
2024-25,Jamal Shead,jamalshead,4432241,1642347,unique_name_espn_board_drbl,HIGH_CONFIDENCE_UNIQUE_NAME,ALIAS
2024-25,Jamison Battle,jamisonbattle,4431893,1642419,unique_name_espn_board_drbl,HIGH_CONFIDENCE_UNIQUE_NAME,ALIAS
2024-25,Cameron Payne,cameronpayne,3064230,1626166,unique_name_espn_board_drbl,HIGH_CONFIDENCE_UNIQUE_NAME,ALIAS
2024-25,Jake LaRavia,jakelaravia,4592691,1631222,unique_name_espn_board_drbl,HIGH_CONFIDENCE_UNIQUE_NAME,ALIAS
2024-25,Ryan Dunn,ryandunn,4888725,1642346,unique_name_espn_board_drbl,HIGH_CONFIDENCE_UNIQUE_NAME,ALIAS
2024-25,Jay Huff,jayhuff,4065731,1630643,unique_name_espn_board_drbl,HIGH_CONFIDENCE_UNIQUE_NAME,ALIAS
2024-25,Trayce Jackson-Davis,traycejacksondavis,4431684,1631218,unique_name_espn_board_drbl,HIGH_CONFIDENCE_UNIQUE_NAME,ALIAS
2024-25,Trey Lyles,treylyles,3136196,1626168,unique_name_espn_board_drbl,HIGH_CONFIDENCE_UNIQUE_NAME,ALIAS
2024-25,Talen Horton-Tucker,talenhortontucker,4396991,1629659,unique_name_espn_board_drbl,HIGH_CONFIDENCE_UNIQUE_NAME,ALIAS
2024-25,Seth Curry,sethcurry,2326307,203552,unique_name_espn_board_drbl,HIGH_CONFIDENCE_UNIQUE_NAME,ALIAS
2024-25,Donovan Clingan,donovanclingan,5105565,1642270,unique_name_espn_board_drbl,HIGH_CONFIDENCE_UNIQUE_NAME,ALIAS
2024-25,Thomas Bryant,thomasbryant,3934723,1628418,unique_name_espn_board_drbl,HIGH_CONFIDENCE_UNIQUE_NAME,ALIAS
2024-25,Haywood Highsmith,haywoodhighsmith,4291678,1629312,unique_name_espn_board_drbl,HIGH_CONFIDENCE_UNIQUE_NAME,ALIAS
2024-25,Gary Payton II,garypaytonii,3134903,1627780,unique_name_espn_board_drbl,HIGH_CONFIDENCE_UNIQUE_NAME,ALIAS
2024-25,Ronald Holland II,ronaldhollandii,4683771,1641842,unique_name_espn_board_drbl,HIGH_CONFIDENCE_UNIQUE_NAME,ALIAS
2024-25,Kris Dunn,krisdunn,2991139,1627739,unique_name_espn_board_drbl,HIGH_CONFIDENCE_UNIQUE_NAME,ALIAS
2024-25,Gabe Vincent,gabevincent,3137259,1629216,unique_name_espn_board_drbl,HIGH_CONFIDENCE_UNIQUE_NAME,ALIAS
2024-25,Zach Collins,zachcollins,4066650,1628380,unique_name_espn_board_drbl,HIGH_CONFIDENCE_UNIQUE_NAME,ALIAS
2024-25,Jeremiah Robinson-Earl,jeremiahrobinsonearl,4432813,1630526,unique_name_espn_board_drbl,HIGH_CONFIDENCE_UNIQUE_NAME,ALIAS
2024-25,Kenrich Williams,kenrichwilliams,3133626,1629026,unique_name_espn_board_drbl,HIGH_CONFIDENCE_UNIQUE_NAME,ALIAS
2024-25,Sandro Mamukelashvili,sandromamukelashvili,4278580,1630572,unique_name_espn_board_drbl,HIGH_CONFIDENCE_UNIQUE_NAME,ALIAS
2024-25,Jonathan Mogbo,jonathanmogbo,5107897,1642367,unique_name_espn_board_drbl,HIGH_CONFIDENCE_UNIQUE_NAME,ALIAS
2024-25,Jarace Walker,jaracewalker,5106060,1641716,unique_name_espn_board_drbl,HIGH_CONFIDENCE_UNIQUE_NAME,ALIAS
2024-25,Isaiah Stewart,isaiahstewart,4432810,1630191,unique_name_espn_board_drbl,HIGH_CONFIDENCE_UNIQUE_NAME,ALIAS
2024-25,Luke Kornet,lukekornet,3064560,1628436,unique_name_espn_board_drbl,HIGH_CONFIDENCE_UNIQUE_NAME,ALIAS
2024-25,Simone Fontecchio,simonefontecchio,3899664,1631323,unique_name_espn_board_drbl,HIGH_CONFIDENCE_UNIQUE_NAME,ALIAS
2024-25,Tidjane Salaun,tidjanesalaun,5211176,1642275,unique_name_espn_board_drbl,HIGH_CONFIDENCE_UNIQUE_NAME,ALIAS
2024-25,Kyle Anderson,kyleanderson,2993874,203937,unique_name_espn_board_drbl,HIGH_CONFIDENCE_UNIQUE_NAME,ALIAS
2024-25,Adem Bona,adembona,5105637,1641737,unique_name_espn_board_drbl,HIGH_CONFIDENCE_UNIQUE_NAME,ALIAS
2024-25,Moussa Diabate,moussadiabate,4433249,1631217,unique_name_espn_board_drbl,HIGH_CONFIDENCE_UNIQUE_NAME,ALIAS
2024-25,Aaron Holiday,aaronholiday,3922230,1628988,unique_name_espn_board_drbl,HIGH_CONFIDENCE_UNIQUE_NAME,ALIAS
2024-25,Dean Wade,deanwade,3912848,1629731,unique_name_espn_board_drbl,HIGH_CONFIDENCE_UNIQUE_NAME,ALIAS
2024-25,Jonathan Isaac,jonathanisaac,4065654,1628371,unique_name_espn_board_drbl,HIGH_CONFIDENCE_UNIQUE_NAME,ALIAS
2024-25,Ben Sheppard,bensheppard,4433076,1641767,unique_name_espn_board_drbl,HIGH_CONFIDENCE_UNIQUE_NAME,ALIAS
2024-25,Jabari Walker,jabariwalker,4432446,1631133,unique_name_espn_board_drbl,HIGH_CONFIDENCE_UNIQUE_NAME,ALIAS
2024-25,Javonte Green,javontegreen,2596112,1629750,unique_name_espn_board_drbl,HIGH_CONFIDENCE_UNIQUE_NAME,ALIAS
2024-25,Neemias Queta,neemiasqueta,4397424,1629674,unique_name_espn_board_drbl,HIGH_CONFIDENCE_UNIQUE_NAME,ALIAS
2024-25,Julian Phillips,julianphillips,5105553,1641763,unique_name_espn_board_drbl,HIGH_CONFIDENCE_UNIQUE_NAME,ALIAS
2024-25,Drew Eubanks,dreweubanks,3914285,1629234,unique_name_espn_board_drbl,HIGH_CONFIDENCE_UNIQUE_NAME,ALIAS
2024-25,Kevon Looney,kevonlooney,3155535,1626172,unique_name_espn_board_drbl,HIGH_CONFIDENCE_UNIQUE_NAME,ALIAS
2024-25,Mason Plumlee,masonplumlee,2488653,203486,unique_name_espn_board_drbl,HIGH_CONFIDENCE_UNIQUE_NAME,ALIAS
2024-25,Dalen Terry,dalenterry,4433159,1631207,unique_name_espn_board_drbl,HIGH_CONFIDENCE_UNIQUE_NAME,ALIAS
2024-25,Jett Howard,jetthoward,5105806,1641724,unique_name_espn_board_drbl,HIGH_CONFIDENCE_UNIQUE_NAME,ALIAS
2024-25,Oso Ighodaro,osoighodaro,4601023,1642345,unique_name_espn_board_drbl,HIGH_CONFIDENCE_UNIQUE_NAME,ALIAS
2024-25,Kris Murray,krismurray,4594326,1631200,unique_name_espn_board_drbl,HIGH_CONFIDENCE_UNIQUE_NAME,ALIAS
2024-25,Caleb Houstan,calebhoustan,4433623,1631216,unique_name_espn_board_drbl,HIGH_CONFIDENCE_UNIQUE_NAME,ALIAS
2024-25,Nicolas Batum,nicolasbatum,3416,201587,unique_name_espn_board_drbl,HIGH_CONFIDENCE_UNIQUE_NAME,ALIAS
2024-25,Steven Adams,stevenadams,2991235,203500,unique_name_espn_board_drbl,HIGH_CONFIDENCE_UNIQUE_NAME,ALIAS
2024-25,Blake Wesley,blakewesley,4683935,1631104,unique_name_espn_board_drbl,HIGH_CONFIDENCE_UNIQUE_NAME,ALIAS
2024-25,Andre Jackson Jr.,andrejacksonjr,4432190,1641748,unique_name_espn_board_drbl,HIGH_CONFIDENCE_UNIQUE_NAME,ALIAS
2024-25,Luka Doncic,lukadoncic,3945274,1629029,unique_name_espn_board_drbl,HIGH_CONFIDENCE_UNIQUE_NAME,ALIAS
2024-25,Tyrese Maxey,tyresemaxey,4431678,1630178,unique_name_espn_board_drbl,HIGH_CONFIDENCE_UNIQUE_NAME,ALIAS
2024-25,Paolo Banchero,paolobanchero,4432573,1631094,unique_name_espn_board_drbl,HIGH_CONFIDENCE_UNIQUE_NAME,ALIAS
2024-25,LaMelo Ball,lameloball,4432816,1630163,unique_name_espn_board_drbl,HIGH_CONFIDENCE_UNIQUE_NAME,ALIAS
2024-25,Anthony Davis,anthonydavis,6583,203076,unique_name_espn_board_drbl,HIGH_CONFIDENCE_UNIQUE_NAME,ALIAS
2024-25,Kyrie Irving,kyrieirving,6442,202681,unique_name_espn_board_drbl,HIGH_CONFIDENCE_UNIQUE_NAME,ALIAS
2024-25,Zion Williamson,zionwilliamson,4395628,1629627,unique_name_espn_board_drbl,HIGH_CONFIDENCE_UNIQUE_NAME,ALIAS
2024-25,Victor Wembanyama,victorwembanyama,5104157,1641705,unique_name_espn_board_drbl,HIGH_CONFIDENCE_UNIQUE_NAME,ALIAS
2024-25,Cam Thomas,camthomas,4432174,1630560,unique_name_espn_board_drbl,HIGH_CONFIDENCE_UNIQUE_NAME,ALIAS
2024-25,Joel Embiid,joelembiid,3059318,203954,unique_name_espn_board_drbl,HIGH_CONFIDENCE_UNIQUE_NAME,ALIAS
2024-25,Ja Morant,jamorant,4279888,1629630,unique_name_espn_board_drbl,HIGH_CONFIDENCE_UNIQUE_NAME,ALIAS
2024-25,Brandon Ingram,brandoningram,3913176,1627742,unique_name_espn_board_drbl,HIGH_CONFIDENCE_UNIQUE_NAME,ALIAS
2024-25,Kawhi Leonard,kawhileonard,6450,202695,unique_name_espn_board_drbl,HIGH_CONFIDENCE_UNIQUE_NAME,ALIAS
2024-25,Trey Murphy III,treymurphyiii,4397688,1630530,unique_name_espn_board_drbl,HIGH_CONFIDENCE_UNIQUE_NAME,ALIAS
2024-25,CJ McCollum,cjmccollum,2490149,203468,unique_name_espn_board_drbl,HIGH_CONFIDENCE_UNIQUE_NAME,ALIAS
2024-25,Brandon Miller,brandonmiller,4433287,1641706,unique_name_espn_board_drbl,HIGH_CONFIDENCE_UNIQUE_NAME,ALIAS
2024-25,Kristaps Porzingis,kristapsporzingis,3102531,204001,unique_name_espn_board_drbl,HIGH_CONFIDENCE_UNIQUE_NAME,ALIAS
2024-25,Lauri Markkanen,laurimarkkanen,4066336,1628374,unique_name_espn_board_drbl,HIGH_CONFIDENCE_UNIQUE_NAME,ALIAS
2024-25,John Collins,johncollins,3908845,1628381,unique_name_espn_board_drbl,HIGH_CONFIDENCE_UNIQUE_NAME,ALIAS
2024-25,Jalen Johnson,jalenjohnson,4701230,1630552,unique_name_espn_board_drbl,HIGH_CONFIDENCE_UNIQUE_NAME,ALIAS
2024-25,Cameron Johnson,cameronjohnson,3138196,1629661,unique_name_espn_board_drbl,HIGH_CONFIDENCE_UNIQUE_NAME,ALIAS
2024-25,Jaden Ivey,jadenivey,4433218,1631093,unique_name_espn_board_drbl,HIGH_CONFIDENCE_UNIQUE_NAME,ALIAS
2024-25,Jimmy Butler III,jimmybutleriii,6430,,none,UNRESOLVED,UNMATCHED_ESPN
2024-25,Dejounte Murray,dejountemurray,3907497,1627749,unique_name_espn_board_drbl,HIGH_CONFIDENCE_UNIQUE_NAME,ALIAS
2024-25,Immanuel Quickley,immanuelquickley,4395724,1630193,unique_name_espn_board_drbl,HIGH_CONFIDENCE_UNIQUE_NAME,ALIAS
2024-25,Bradley Beal,bradleybeal,6580,203078,unique_name_espn_board_drbl,HIGH_CONFIDENCE_UNIQUE_NAME,ALIAS
2024-25,Paul George,paulgeorge,4251,202331,unique_name_espn_board_drbl,HIGH_CONFIDENCE_UNIQUE_NAME,ALIAS
2024-25,Jordan Clarkson,jordanclarkson,2528426,203903,unique_name_espn_board_drbl,HIGH_CONFIDENCE_UNIQUE_NAME,ALIAS
2024-25,Jalen Suggs,jalensuggs,4432165,1630591,unique_name_espn_board_drbl,HIGH_CONFIDENCE_UNIQUE_NAME,ALIAS
2024-25,Jared McCain,jaredmccain,4683778,1642272,unique_name_espn_board_drbl,HIGH_CONFIDENCE_UNIQUE_NAME,ALIAS
2024-25,Jonathan Kuminga,jonathankuminga,4433247,1630228,unique_name_espn_board_drbl,HIGH_CONFIDENCE_UNIQUE_NAME,ALIAS
2024-25,Mark Williams,markwilliams,4701232,1631109,unique_name_espn_board_drbl,HIGH_CONFIDENCE_UNIQUE_NAME,ALIAS
2024-25,Chet Holmgren,chetholmgren,4433255,1631096,unique_name_espn_board_drbl,HIGH_CONFIDENCE_UNIQUE_NAME,ALIAS
2024-25,Aaron Gordon,aarongordon,3064290,203932,unique_name_espn_board_drbl,HIGH_CONFIDENCE_UNIQUE_NAME,ALIAS
2024-25,P.J. Washington,pjwashington,4278078,1629023,unique_name_espn_board_drbl,HIGH_CONFIDENCE_UNIQUE_NAME,ALIAS
2024-25,Jakob Poeltl,jakobpoeltl,3134908,,none,UNRESOLVED,UNMATCHED_ESPN
2024-25,Jerami Grant,jeramigrant,2991070,203924,unique_name_espn_board_drbl,HIGH_CONFIDENCE_UNIQUE_NAME,ALIAS
2024-25,Deandre Ayton,deandreayton,4278129,1629028,unique_name_espn_board_drbl,HIGH_CONFIDENCE_UNIQUE_NAME,ALIAS
2024-25,Gradey Dick,gradeydick,5106258,1641711,unique_name_espn_board_drbl,HIGH_CONFIDENCE_UNIQUE_NAME,ALIAS
2024-25,Tre Mann,tremann,4432819,1630544,unique_name_espn_board_drbl,HIGH_CONFIDENCE_UNIQUE_NAME,ALIAS
2024-25,Tolu Smith,tolusmith,4397882,1642449,unique_name_espn_board_drbl,HIGH_CONFIDENCE_UNIQUE_NAME,ALIAS
2024-25,Bobby Portis,bobbyportis,3064482,1626171,unique_name_espn_board_drbl,HIGH_CONFIDENCE_UNIQUE_NAME,ALIAS
2024-25,Moritz Wagner,moritzwagner,3150844,1629021,unique_name_espn_board_drbl,HIGH_CONFIDENCE_UNIQUE_NAME,ALIAS
2024-25,Malcolm Brogdon,malcolmbrogdon,2566769,1627763,unique_name_espn_board_drbl,HIGH_CONFIDENCE_UNIQUE_NAME,ALIAS
2024-25,Lonnie Walker IV,lonniewalkeriv,4277890,1629022,unique_name_espn_board_drbl,HIGH_CONFIDENCE_UNIQUE_NAME,ALIAS
2024-25,Ayo Dosunmu,ayodosunmu,4397002,1630245,unique_name_espn_board_drbl,HIGH_CONFIDENCE_UNIQUE_NAME,ALIAS
2024-25,Daniel Gafford,danielgafford,4278049,1629655,unique_name_espn_board_drbl,HIGH_CONFIDENCE_UNIQUE_NAME,ALIAS
2024-25,Jabari Smith Jr.,jabarismithjr,4432639,1631095,unique_name_espn_board_drbl,HIGH_CONFIDENCE_UNIQUE_NAME,ALIAS
2024-25,Drew Timme,drewtimme,4431695,1631166,unique_name_espn_board_drbl,HIGH_CONFIDENCE_UNIQUE_NAME,ALIAS
2024-25,Tari Eason,tarieason,4433192,1631106,unique_name_espn_board_drbl,HIGH_CONFIDENCE_UNIQUE_NAME,ALIAS
2024-25,Aaron Nesmith,aaronnesmith,4396909,1630174,unique_name_espn_board_drbl,HIGH_CONFIDENCE_UNIQUE_NAME,ALIAS
2024-25,Khris Middleton,khrismiddleton,6609,203114,unique_name_espn_board_drbl,HIGH_CONFIDENCE_UNIQUE_NAME,ALIAS
2024-25,Jeremy Sochan,jeremysochan,4610139,1631110,unique_name_espn_board_drbl,HIGH_CONFIDENCE_UNIQUE_NAME,ALIAS
2024-25,Isaiah Hartenstein,isaiahhartenstein,4222252,1628392,unique_name_espn_board_drbl,HIGH_CONFIDENCE_UNIQUE_NAME,ALIAS
2024-25,Bogdan Bogdanovic,bogdanbogdanovic,3037789,203992,unique_name_espn_board_drbl,HIGH_CONFIDENCE_UNIQUE_NAME,ALIAS
2024-25,Jordan Hawkins,jordanhawkins,4683750,1641722,unique_name_espn_board_drbl,HIGH_CONFIDENCE_UNIQUE_NAME,ALIAS
2024-25,Nikola Jovic,nikolajovic,4997528,1631107,unique_name_espn_board_drbl,HIGH_CONFIDENCE_UNIQUE_NAME,ALIAS
2024-25,Brandon Boston Jr.,brandonbostonjr,4432162,1630527,unique_name_espn_board_drbl,HIGH_CONFIDENCE_UNIQUE_NAME,ALIAS
2024-25,Grant Williams,grantwilliams,4066218,1629684,unique_name_espn_board_drbl,HIGH_CONFIDENCE_UNIQUE_NAME,ALIAS
2024-25,Jose Alvarado,josealvarado,4277869,1630631,unique_name_espn_board_drbl,HIGH_CONFIDENCE_UNIQUE_NAME,ALIAS
2024-25,De'Anthony Melton,deanthonymelton,4066436,1629001,unique_name_espn_board_drbl,HIGH_CONFIDENCE_UNIQUE_NAME,ALIAS
2024-25,Herbert Jones,herbertjones,4277813,1630529,unique_name_espn_board_drbl,HIGH_CONFIDENCE_UNIQUE_NAME,ALIAS
2024-25,Trendon Watford,trendonwatford,4431675,1630570,unique_name_espn_board_drbl,HIGH_CONFIDENCE_UNIQUE_NAME,ALIAS
2024-25,Keion Brooks Jr.,keionbrooksjr,4431689,1631232,unique_name_espn_board_drbl,HIGH_CONFIDENCE_UNIQUE_NAME,ALIAS
2024-25,Justin Edwards,justinedwards,4711297,1642348,unique_name_espn_board_drbl,HIGH_CONFIDENCE_UNIQUE_NAME,ALIAS
2024-25,Chris Boucher,chrisboucher,3948153,1628449,unique_name_espn_board_drbl,HIGH_CONFIDENCE_UNIQUE_NAME,ALIAS
2024-25,Tosan Evbuomwan,tosanevbuomwan,4597865,1641787,unique_name_espn_board_drbl,HIGH_CONFIDENCE_UNIQUE_NAME,ALIAS
2024-25,Tristan Vukcevic,tristanvukcevic,4997537,1641774,unique_name_espn_board_drbl,HIGH_CONFIDENCE_UNIQUE_NAME,ALIAS
2024-25,Max Strus,maxstrus,4065778,1629622,unique_name_espn_board_drbl,HIGH_CONFIDENCE_UNIQUE_NAME,ALIAS
2024-25,Cam Whitmore,camwhitmore,5105592,1641715,unique_name_espn_board_drbl,HIGH_CONFIDENCE_UNIQUE_NAME,ALIAS
2024-25,Nick Richards,nickrichards,4278076,1630208,unique_name_espn_board_drbl,HIGH_CONFIDENCE_UNIQUE_NAME,ALIAS
2024-25,Noah Clowney,noahclowney,4712896,1641730,unique_name_espn_board_drbl,HIGH_CONFIDENCE_UNIQUE_NAME,ALIAS
2024-25,A.J. Lawson,ajlawson,4067017,1630639,unique_name_espn_board_drbl,HIGH_CONFIDENCE_UNIQUE_NAME,ALIAS
2024-25,Killian Hayes,killianhayes,4683024,1630165,unique_name_espn_board_drbl,HIGH_CONFIDENCE_UNIQUE_NAME,ALIAS
2024-25,Marcus Smart,marcussmart,2990992,203935,unique_name_espn_board_drbl,HIGH_CONFIDENCE_UNIQUE_NAME,ALIAS
2024-25,Jusuf Nurkic,jusufnurkic,3102530,203994,unique_name_espn_board_drbl,HIGH_CONFIDENCE_UNIQUE_NAME,ALIAS
2024-25,Clint Capela,clintcapela,3102529,203991,unique_name_espn_board_drbl,HIGH_CONFIDENCE_UNIQUE_NAME,ALIAS
2024-25,Svi Mykhailiuk,svimykhailiuk,3133602,1629004,unique_name_espn_board_drbl,HIGH_CONFIDENCE_UNIQUE_NAME,ALIAS
2024-25,Kelly Olynyk,kellyolynyk,2489663,203482,unique_name_espn_board_drbl,HIGH_CONFIDENCE_UNIQUE_NAME,ALIAS
2024-25,Dereck Lively II,derecklivelyii,4683688,1641726,unique_name_espn_board_drbl,HIGH_CONFIDENCE_UNIQUE_NAME,ALIAS
2024-25,Jaden Hardy,jadenhardy,4868423,1630702,unique_name_espn_board_drbl,HIGH_CONFIDENCE_UNIQUE_NAME,ALIAS
2024-25,Dante Exum,danteexum,3102528,203957,unique_name_espn_board_drbl,HIGH_CONFIDENCE_UNIQUE_NAME,ALIAS
2024-25,Oshae Brissett,oshaebrissett,4278031,1629052,unique_name_espn_board_drbl,HIGH_CONFIDENCE_UNIQUE_NAME,ALIAS
2024-25,Ja'Kobe Walter,jakobewalter,4684272,1642266,unique_name_espn_board_drbl,HIGH_CONFIDENCE_UNIQUE_NAME,ALIAS
2024-25,Larry Nance Jr.,larrynancejr,2580365,1626204,unique_name_espn_board_drbl,HIGH_CONFIDENCE_UNIQUE_NAME,ALIAS
2024-25,Jared Rhoden,jaredrhoden,4397119,1631197,unique_name_espn_board_drbl,HIGH_CONFIDENCE_UNIQUE_NAME,ALIAS
2024-25,Jaylen Nowell,jaylennowell,4278541,1629669,unique_name_espn_board_drbl,HIGH_CONFIDENCE_UNIQUE_NAME,ALIAS
2024-25,Brandon Williams,brandonwilliams,4397040,1630314,unique_name_espn_board_drbl,HIGH_CONFIDENCE_UNIQUE_NAME,ALIAS
2024-25,Bruce Brown,brucebrown,4065670,1628971,unique_name_espn_board_drbl,HIGH_CONFIDENCE_UNIQUE_NAME,ALIAS
2024-25,Quinten Post,quintenpost,4593016,1642366,unique_name_espn_board_drbl,HIGH_CONFIDENCE_UNIQUE_NAME,ALIAS
2024-25,Day'Ron Sharpe,dayronsharpe,4432194,1630549,unique_name_espn_board_drbl,HIGH_CONFIDENCE_UNIQUE_NAME,ALIAS
2024-25,Caleb Martin,calebmartin,3138160,1628997,unique_name_espn_board_drbl,HIGH_CONFIDENCE_UNIQUE_NAME,ALIAS
2024-25,Tyson Etienne,tysonetienne,4432887,1630623,unique_name_espn_board_drbl,HIGH_CONFIDENCE_UNIQUE_NAME,ALIAS
2024-25,KJ Simpson,kjsimpson,4683834,1642354,unique_name_espn_board_drbl,HIGH_CONFIDENCE_UNIQUE_NAME,ALIAS
2024-25,Karlo Matkovic,karlomatkovic,4997538,1631255,unique_name_espn_board_drbl,HIGH_CONFIDENCE_UNIQUE_NAME,ALIAS
2024-25,Oscar Tshiebwe,oscartshiebwe,4432827,1631131,unique_name_espn_board_drbl,HIGH_CONFIDENCE_UNIQUE_NAME,ALIAS
2024-25,Lonzo Ball,lonzoball,4066421,1628366,unique_name_espn_board_drbl,HIGH_CONFIDENCE_UNIQUE_NAME,ALIAS
2024-25,AJ Johnson,ajjohnson,5170947,1642358,unique_name_espn_board_drbl,HIGH_CONFIDENCE_UNIQUE_NAME,ALIAS
2024-25,Garrison Mathews,garrisonmathews,3913180,1629726,unique_name_espn_board_drbl,HIGH_CONFIDENCE_UNIQUE_NAME,ALIAS
2024-25,Matisse Thybulle,matissethybulle,3907498,1629680,unique_name_espn_board_drbl,HIGH_CONFIDENCE_UNIQUE_NAME,ALIAS
2024-25,Richaun Holmes,richaunholmes,2993370,1626158,unique_name_espn_board_drbl,HIGH_CONFIDENCE_UNIQUE_NAME,ALIAS
2024-25,Andre Drummond,andredrummond,6585,203083,unique_name_espn_board_drbl,HIGH_CONFIDENCE_UNIQUE_NAME,ALIAS
2024-25,Damion Baugh,damionbaugh,4431766,1641878,unique_name_espn_board_drbl,HIGH_CONFIDENCE_UNIQUE_NAME,ALIAS
2024-25,Alec Burks,alecburks,6429,202692,unique_name_espn_board_drbl,HIGH_CONFIDENCE_UNIQUE_NAME,ALIAS
2024-25,Vit Krejci,vitkrejci,4578893,1630249,unique_name_espn_board_drbl,HIGH_CONFIDENCE_UNIQUE_NAME,ALIAS
2024-25,GG Jackson,ggjackson,5105550,1641713,unique_name_espn_board_drbl,HIGH_CONFIDENCE_UNIQUE_NAME,ALIAS
2024-25,Nae'Qwan Tomlin,naeqwantomlin,5106268,1641772,unique_name_espn_board_drbl,HIGH_CONFIDENCE_UNIQUE_NAME,ALIAS
2024-25,Tre Jones,trejones,4395626,1630200,unique_name_espn_board_drbl,HIGH_CONFIDENCE_UNIQUE_NAME,ALIAS
2024-25,Daeqwon Plowden,daeqwonplowden,4279318,1631342,unique_name_espn_board_drbl,HIGH_CONFIDENCE_UNIQUE_NAME,ALIAS
2024-25,Josh Okogie,joshokogie,4065663,1629006,unique_name_espn_board_drbl,HIGH_CONFIDENCE_UNIQUE_NAME,ALIAS
2024-25,Alex Caruso,alexcaruso,2991350,1627936,unique_name_espn_board_drbl,HIGH_CONFIDENCE_UNIQUE_NAME,ALIAS
2024-25,Jalen Hood-Schifino,jalenhoodschifino,4433626,1641720,unique_name_espn_board_drbl,HIGH_CONFIDENCE_UNIQUE_NAME,ALIAS
2024-25,Marcus Garrett,marcusgarrett,4277892,1630585,unique_name_espn_board_drbl,HIGH_CONFIDENCE_UNIQUE_NAME,ALIAS
2024-25,Jaylen Sims,jaylensims,4397570,1631301,unique_name_espn_board_drbl,HIGH_CONFIDENCE_UNIQUE_NAME,ALIAS
2024-25,Isaiah Jackson,isaiahjackson,4432170,1630543,unique_name_espn_board_drbl,HIGH_CONFIDENCE_UNIQUE_NAME,ALIAS
2024-25,Jeff Dowtin Jr.,jeffdowtinjr,4066786,1630288,unique_name_espn_board_drbl,HIGH_CONFIDENCE_UNIQUE_NAME,ALIAS
2024-25,Antonio Reeves,antonioreeves,4592686,1641810,unique_name_espn_board_drbl,HIGH_CONFIDENCE_UNIQUE_NAME,ALIAS
2024-25,Orlando Robinson,orlandorobinson,4593049,1631115,unique_name_espn_board_drbl,HIGH_CONFIDENCE_UNIQUE_NAME,ALIAS
2024-25,Jaxson Hayes,jaxsonhayes,4397077,1629637,unique_name_espn_board_drbl,HIGH_CONFIDENCE_UNIQUE_NAME,ALIAS
2024-25,Eric Gordon,ericgordon,3431,201569,unique_name_espn_board_drbl,HIGH_CONFIDENCE_UNIQUE_NAME,ALIAS
2024-25,Bol Bol,bolbol,4397102,1629626,unique_name_espn_board_drbl,HIGH_CONFIDENCE_UNIQUE_NAME,ALIAS
2024-25,Cody Martin,codymartin,3138161,1628998,unique_name_espn_board_drbl,HIGH_CONFIDENCE_UNIQUE_NAME,ALIAS
2024-25,DaQuan Jeffries,daquanjeffries,3913220,1629610,unique_name_espn_board_drbl,HIGH_CONFIDENCE_UNIQUE_NAME,ALIAS
2024-25,Marcus Bagley,marcusbagley,4433147,1630542,unique_name_espn_board_drbl,HIGH_CONFIDENCE_UNIQUE_NAME,ALIAS
2024-25,Precious Achiuwa,preciousachiuwa,4431679,1630173,unique_name_espn_board_drbl,HIGH_CONFIDENCE_UNIQUE_NAME,ALIAS
2024-25,Vince Williams Jr.,vincewilliamsjr,4397227,1631246,unique_name_espn_board_drbl,HIGH_CONFIDENCE_UNIQUE_NAME,ALIAS
2024-25,Lester Quinones,lesterquinones,4431720,1631311,unique_name_espn_board_drbl,HIGH_CONFIDENCE_UNIQUE_NAME,ALIAS
2024-25,Marcus Sasser,marcussasser,4432107,1631204,unique_name_espn_board_drbl,HIGH_CONFIDENCE_UNIQUE_NAME,ALIAS
2024-25,Vasilije Micic,vasilijemicic,3102532,203995,unique_name_espn_board_drbl,HIGH_CONFIDENCE_UNIQUE_NAME,ALIAS
2024-25,Ajay Mitchell,ajaymitchell,4900671,1642349,unique_name_espn_board_drbl,HIGH_CONFIDENCE_UNIQUE_NAME,ALIAS
2024-25,KJ Martin,kjmartin,4431828,1630231,unique_name_espn_board_drbl,HIGH_CONFIDENCE_UNIQUE_NAME,ALIAS
2024-25,Ryan Rollins,ryanrollins,4591725,1631157,unique_name_espn_board_drbl,HIGH_CONFIDENCE_UNIQUE_NAME,ALIAS
2024-25,Dru Smith,drusmith,4066993,1630696,unique_name_espn_board_drbl,HIGH_CONFIDENCE_UNIQUE_NAME,ALIAS
2024-25,Bones Hyland,boneshyland,4592492,1630538,unique_name_espn_board_drbl,HIGH_CONFIDENCE_UNIQUE_NAME,ALIAS
2024-25,Isaac Okoro,isaacokoro,4432822,1630171,unique_name_espn_board_drbl,HIGH_CONFIDENCE_UNIQUE_NAME,ALIAS
2024-25,Isaiah Wong,isaiahwong,4431727,1631209,unique_name_espn_board_drbl,HIGH_CONFIDENCE_UNIQUE_NAME,ALIAS
2024-25,James Wiseman,jameswiseman,4432808,,none,UNRESOLVED,UNMATCHED_ESPN
2024-25,Isaiah Mobley,isaiahmobley,4432815,1630600,unique_name_espn_board_drbl,HIGH_CONFIDENCE_UNIQUE_NAME,ALIAS
2024-25,N'Faly Dante,nfalydante,4592401,1642368,unique_name_espn_board_drbl,HIGH_CONFIDENCE_UNIQUE_NAME,ALIAS
2024-25,Mouhamed Gueye,mouhamedgueye,4712863,1631243,unique_name_espn_board_drbl,HIGH_CONFIDENCE_UNIQUE_NAME,ALIAS
2024-25,Jaylin Williams,jaylinwilliams,4432823,1631119,unique_name_espn_board_drbl,HIGH_CONFIDENCE_UNIQUE_NAME,ALIAS
2024-25,Cole Swider,coleswider,4397134,1631306,unique_name_espn_board_drbl,HIGH_CONFIDENCE_UNIQUE_NAME,ALIAS
2024-25,Chuma Okeke,chumaokeke,4278052,1629643,unique_name_espn_board_drbl,HIGH_CONFIDENCE_UNIQUE_NAME,ALIAS
2024-25,Collin Gillespie,collingillespie,4278585,1631221,unique_name_espn_board_drbl,HIGH_CONFIDENCE_UNIQUE_NAME,ALIAS
2024-25,Moses Brown,mosesbrown,4397126,1629650,unique_name_espn_board_drbl,HIGH_CONFIDENCE_UNIQUE_NAME,ALIAS
2024-25,Robert Williams III,robertwilliamsiii,4066211,1629057,unique_name_espn_board_drbl,HIGH_CONFIDENCE_UNIQUE_NAME,ALIAS
2024-25,Quenton Jackson,quentonjackson,4592829,1631245,unique_name_espn_board_drbl,HIGH_CONFIDENCE_UNIQUE_NAME,ALIAS
2024-25,Landry Shamet,landryshamet,3914044,1629013,unique_name_espn_board_drbl,HIGH_CONFIDENCE_UNIQUE_NAME,ALIAS
2024-25,Dariq Whitehead,dariqwhitehead,4432735,1641727,unique_name_espn_board_drbl,HIGH_CONFIDENCE_UNIQUE_NAME,ALIAS
2024-25,Jordan Goodwin,jordangoodwin,4278402,1630692,unique_name_espn_board_drbl,HIGH_CONFIDENCE_UNIQUE_NAME,ALIAS
2024-25,Shake Milton,shakemilton,3915195,1629003,unique_name_espn_board_drbl,HIGH_CONFIDENCE_UNIQUE_NAME,ALIAS
2024-25,Keaton Wallace,keatonwallace,4279118,1630811,unique_name_espn_board_drbl,HIGH_CONFIDENCE_UNIQUE_NAME,ALIAS
2024-25,Jeff Green,jeffgreen,3209,201145,unique_name_espn_board_drbl,HIGH_CONFIDENCE_UNIQUE_NAME,ALIAS
2024-25,Kevin Love,kevinlove,3449,201567,unique_name_espn_board_drbl,HIGH_CONFIDENCE_UNIQUE_NAME,ALIAS
2024-25,Kobe Bufkin,kobebufkin,4683736,1641723,unique_name_espn_board_drbl,HIGH_CONFIDENCE_UNIQUE_NAME,ALIAS
2024-25,Jamal Cain,jamalcain,4278572,1631288,unique_name_espn_board_drbl,HIGH_CONFIDENCE_UNIQUE_NAME,ALIAS
2024-25,Pat Connaughton,patconnaughton,2578239,1626192,unique_name_espn_board_drbl,HIGH_CONFIDENCE_UNIQUE_NAME,ALIAS
2024-25,Monte Morris,montemorris,3059310,1628420,unique_name_espn_board_drbl,HIGH_CONFIDENCE_UNIQUE_NAME,ALIAS
2024-25,Bismack Biyombo,bismackbiyombo,6427,202687,unique_name_espn_board_drbl,HIGH_CONFIDENCE_UNIQUE_NAME,ALIAS
2024-25,Mitchell Robinson,mitchellrobinson,4351852,1629011,unique_name_espn_board_drbl,HIGH_CONFIDENCE_UNIQUE_NAME,ALIAS
2024-25,Alex Reese,alexreese,4277812,1642024,unique_name_espn_board_drbl,HIGH_CONFIDENCE_UNIQUE_NAME,ALIAS
2024-25,Ben Simmons,bensimmons,3907387,1627732,unique_name_espn_board_drbl,HIGH_CONFIDENCE_UNIQUE_NAME,ALIAS
2024-25,Malaki Branham,malakibranham,4565201,1631103,unique_name_espn_board_drbl,HIGH_CONFIDENCE_UNIQUE_NAME,ALIAS
2024-25,Alondes Williams,alondeswilliams,4592216,,none,UNRESOLVED,UNMATCHED_ESPN
2024-25,Kai Jones,kaijones,4431699,1630539,unique_name_espn_board_drbl,HIGH_CONFIDENCE_UNIQUE_NAME,ALIAS
2024-25,Lindy Waters III,lindywatersiii,4066317,1630322,unique_name_espn_board_drbl,HIGH_CONFIDENCE_UNIQUE_NAME,ALIAS
2024-25,Trevelin Queen,trevelinqueen,4409222,1630243,unique_name_espn_board_drbl,HIGH_CONFIDENCE_UNIQUE_NAME,ALIAS
2024-25,Jaylen Martin,jaylenmartin,4684737,1641798,unique_name_espn_board_drbl,HIGH_CONFIDENCE_UNIQUE_NAME,ALIAS
2024-25,Jock Landale,jocklandale,3146557,1629111,unique_name_espn_board_drbl,HIGH_CONFIDENCE_UNIQUE_NAME,ALIAS
2024-25,Colin Castleton,colincastleton,4397204,1630658,unique_name_espn_board_drbl,HIGH_CONFIDENCE_UNIQUE_NAME,ALIAS
2024-25,Taylor Hendricks,taylorhendricks,4684806,1641707,unique_name_espn_board_drbl,HIGH_CONFIDENCE_UNIQUE_NAME,ALIAS
2024-25,David Roddy,davidroddy,4593041,1631223,unique_name_espn_board_drbl,HIGH_CONFIDENCE_UNIQUE_NAME,ALIAS
2024-25,Cody Williams,codywilliams,4895758,1642262,unique_name_espn_board_drbl,HIGH_CONFIDENCE_UNIQUE_NAME,ALIAS
2024-25,Pelle Larsson,pellelarsson,4601025,1641796,unique_name_espn_board_drbl,HIGH_CONFIDENCE_UNIQUE_NAME,ALIAS
2024-25,Rob Dillingham,robdillingham,4684275,1642265,unique_name_espn_board_drbl,HIGH_CONFIDENCE_UNIQUE_NAME,ALIAS
2024-25,Reed Sheppard,reedsheppard,4711272,1642263,unique_name_espn_board_drbl,HIGH_CONFIDENCE_UNIQUE_NAME,ALIAS
2024-25,Reggie Jackson,reggiejackson,6443,202704,unique_name_espn_board_drbl,HIGH_CONFIDENCE_UNIQUE_NAME,ALIAS
2024-25,Marvin Bagley III,marvinbagleyiii,4277848,1628963,unique_name_espn_board_drbl,HIGH_CONFIDENCE_UNIQUE_NAME,ALIAS
2024-25,Charles Bassey,charlesbassey,4397886,1629646,unique_name_espn_board_drbl,HIGH_CONFIDENCE_UNIQUE_NAME,ALIAS
2024-25,Tony Bradley,tonybradley,4065673,1628396,unique_name_espn_board_drbl,HIGH_CONFIDENCE_UNIQUE_NAME,ALIAS
2024-25,Lamar Stevens,lamarstevens,4066405,1630205,unique_name_espn_board_drbl,HIGH_CONFIDENCE_UNIQUE_NAME,ALIAS
2024-25,Mo Bamba,mobamba,4277919,1628964,unique_name_espn_board_drbl,HIGH_CONFIDENCE_UNIQUE_NAME,ALIAS
2024-25,Terrence Shannon Jr.,terrenceshannonjr,4432847,1630545,unique_name_espn_board_drbl,HIGH_CONFIDENCE_UNIQUE_NAME,ALIAS
2024-25,Daniel Theis,danieltheis,2451037,1628464,unique_name_espn_board_drbl,HIGH_CONFIDENCE_UNIQUE_NAME,ALIAS
2024-25,Micah Potter,micahpotter,4066399,1630695,unique_name_espn_board_drbl,HIGH_CONFIDENCE_UNIQUE_NAME,ALIAS
2024-25,Jevon Carter,jevoncarter,3133635,1628975,unique_name_espn_board_drbl,HIGH_CONFIDENCE_UNIQUE_NAME,ALIAS
2024-25,Cam Spencer,camspencer,4433083,1642285,unique_name_espn_board_drbl,HIGH_CONFIDENCE_UNIQUE_NAME,ALIAS
2024-25,Dominick Barlow,dominickbarlow,4870562,1631230,unique_name_espn_board_drbl,HIGH_CONFIDENCE_UNIQUE_NAME,ALIAS
2024-25,Duop Reath,duopreath,4066268,1641871,unique_name_espn_board_drbl,HIGH_CONFIDENCE_UNIQUE_NAME,ALIAS
2024-25,Kessler Edwards,kessleredwards,4397693,1630556,unique_name_espn_board_drbl,HIGH_CONFIDENCE_UNIQUE_NAME,ALIAS
2024-25,Wendell Moore Jr.,wendellmoorejr,4592187,1631111,unique_name_espn_board_drbl,HIGH_CONFIDENCE_UNIQUE_NAME,ALIAS
2024-25,Torrey Craig,torreycraig,2528693,1628470,unique_name_espn_board_drbl,HIGH_CONFIDENCE_UNIQUE_NAME,ALIAS
2024-25,Maxwell Lewis,maxwelllewis,4684286,1641721,unique_name_espn_board_drbl,HIGH_CONFIDENCE_UNIQUE_NAME,ALIAS
2024-25,Jordan Miller,jordanmiller,4396818,1641757,unique_name_espn_board_drbl,HIGH_CONFIDENCE_UNIQUE_NAME,ALIAS
2024-25,Paul Reed,paulreed,4278562,1630194,unique_name_espn_board_drbl,HIGH_CONFIDENCE_UNIQUE_NAME,ALIAS
2024-25,Jarred Vanderbilt,jarredvanderbilt,4278077,1629020,unique_name_espn_board_drbl,HIGH_CONFIDENCE_UNIQUE_NAME,ALIAS
2024-25,Jalen Pickett,jalenpickett,4398390,1629618,unique_name_espn_board_drbl,HIGH_CONFIDENCE_UNIQUE_NAME,ALIAS
2024-25,Jaylen Clark,jaylenclark,4432247,1641740,unique_name_espn_board_drbl,HIGH_CONFIDENCE_UNIQUE_NAME,ALIAS
2024-25,Gui Santos,guisantos,4997536,1630611,unique_name_espn_board_drbl,HIGH_CONFIDENCE_UNIQUE_NAME,ALIAS
2024-25,Colby Jones,colbyjones,4433378,1641732,unique_name_espn_board_drbl,HIGH_CONFIDENCE_UNIQUE_NAME,ALIAS
2024-25,Josh Richardson,joshrichardson,2581190,1626196,unique_name_espn_board_drbl,HIGH_CONFIDENCE_UNIQUE_NAME,ALIAS
2024-25,Malachi Flynn,malachiflynn,4066668,1630201,unique_name_espn_board_drbl,HIGH_CONFIDENCE_UNIQUE_NAME,ALIAS
2024-25,Ron Harper Jr.,ronharperjr,4397251,1631199,unique_name_espn_board_drbl,HIGH_CONFIDENCE_UNIQUE_NAME,ALIAS
2024-25,Kyle Lowry,kylelowry,3012,200768,unique_name_espn_board_drbl,HIGH_CONFIDENCE_UNIQUE_NAME,ALIAS
2024-25,Olivier-Maxence Prosper,oliviermaxenceprosper,4595400,1641765,unique_name_espn_board_drbl,HIGH_CONFIDENCE_UNIQUE_NAME,ALIAS
2024-25,Ousmane Dieng,ousmanedieng,4997526,1631172,unique_name_espn_board_drbl,HIGH_CONFIDENCE_UNIQUE_NAME,ALIAS
2024-25,Devin Carter,devincarter,4433188,1642269,unique_name_espn_board_drbl,HIGH_CONFIDENCE_UNIQUE_NAME,ALIAS
2024-25,Patty Mills,pattymills,4004,201988,unique_name_espn_board_drbl,HIGH_CONFIDENCE_UNIQUE_NAME,ALIAS
2024-25,Branden Carlson,brandencarlson,4592435,1642382,unique_name_espn_board_drbl,HIGH_CONFIDENCE_UNIQUE_NAME,ALIAS
2024-25,Markieff Morris,markieffmorris,6461,202693,unique_name_espn_board_drbl,HIGH_CONFIDENCE_UNIQUE_NAME,ALIAS
2024-25,DeAndre Jordan,deandrejordan,3442,201599,unique_name_espn_board_drbl,HIGH_CONFIDENCE_UNIQUE_NAME,ALIAS
2024-25,Emoni Bates,emonibates,4433620,1641734,unique_name_espn_board_drbl,HIGH_CONFIDENCE_UNIQUE_NAME,ALIAS
2024-25,Craig Porter Jr.,craigporterjr,4701233,1641854,unique_name_espn_board_drbl,HIGH_CONFIDENCE_UNIQUE_NAME,ALIAS
2024-25,Jackson Rowe,jacksonrowe,4066889,1642050,unique_name_espn_board_drbl,HIGH_CONFIDENCE_UNIQUE_NAME,ALIAS
2024-25,Baylor Scheierman,baylorscheierman,4593841,1631248,unique_name_espn_board_drbl,HIGH_CONFIDENCE_UNIQUE_NAME,ALIAS
2024-25,Jae'Sean Tate,jaeseantate,3136777,1630256,unique_name_espn_board_drbl,HIGH_CONFIDENCE_UNIQUE_NAME,ALIAS
2024-25,Jaylon Tyson,jaylontyson,4683747,1642281,unique_name_espn_board_drbl,HIGH_CONFIDENCE_UNIQUE_NAME,ALIAS
2024-25,JT Thor,jtthor,4702233,1630550,unique_name_espn_board_drbl,HIGH_CONFIDENCE_UNIQUE_NAME,ALIAS
2024-25,Elfrid Payton,elfridpayton,2583639,203901,unique_name_espn_board_drbl,HIGH_CONFIDENCE_UNIQUE_NAME,ALIAS
2024-25,Cory Joseph,coryjoseph,6446,202709,unique_name_espn_board_drbl,HIGH_CONFIDENCE_UNIQUE_NAME,ALIAS
2024-25,Luka Garza,lukagarza,4277951,1630568,unique_name_espn_board_drbl,HIGH_CONFIDENCE_UNIQUE_NAME,ALIAS
2024-25,Doug McDermott,dougmcdermott,2528588,203926,unique_name_espn_board_drbl,HIGH_CONFIDENCE_UNIQUE_NAME,ALIAS
2024-25,Dario Saric,dariosaric,3032978,203967,unique_name_espn_board_drbl,HIGH_CONFIDENCE_UNIQUE_NAME,ALIAS
2024-25,Bruno Fernando,brunofernando,4277952,1628981,unique_name_espn_board_drbl,HIGH_CONFIDENCE_UNIQUE_NAME,ALIAS
2024-25,Jamaree Bouyea,jamareebouyea,4280245,1631123,unique_name_espn_board_drbl,HIGH_CONFIDENCE_UNIQUE_NAME,ALIAS
2024-25,Isaac Jones,isaacjones,5107818,1642403,unique_name_espn_board_drbl,HIGH_CONFIDENCE_UNIQUE_NAME,ALIAS
2024-25,Damion Lee,damionlee,2595209,1627814,unique_name_espn_board_drbl,HIGH_CONFIDENCE_UNIQUE_NAME,ALIAS
2024-25,Kevin Knox II,kevinknoxii,4278075,1628995,unique_name_espn_board_drbl,HIGH_CONFIDENCE_UNIQUE_NAME,ALIAS
2024-25,Nate Williams,natewilliams,4397821,1631466,unique_name_espn_board_drbl,HIGH_CONFIDENCE_UNIQUE_NAME,ALIAS
2024-25,Zeke Nnaji,zekennaji,4431690,1630192,unique_name_espn_board_drbl,HIGH_CONFIDENCE_UNIQUE_NAME,ALIAS
2024-25,Elijah Harkless,elijahharkless,4397449,1641989,unique_name_espn_board_drbl,HIGH_CONFIDENCE_UNIQUE_NAME,ALIAS
2024-25,Cam Reddish,camreddish,4395627,1629629,unique_name_espn_board_drbl,HIGH_CONFIDENCE_UNIQUE_NAME,ALIAS
2024-25,Delon Wright,delonwright,3064447,1626153,unique_name_espn_board_drbl,HIGH_CONFIDENCE_UNIQUE_NAME,ALIAS
2024-25,Kylor Kelley,kylorkelley,3950760,1630283,unique_name_espn_board_drbl,HIGH_CONFIDENCE_UNIQUE_NAME,ALIAS
2024-25,Maxi Kleber,maxikleber,2960236,1628467,unique_name_espn_board_drbl,HIGH_CONFIDENCE_UNIQUE_NAME,ALIAS
2024-25,Gary Harris,garyharris,2999547,203914,unique_name_espn_board_drbl,HIGH_CONFIDENCE_UNIQUE_NAME,ALIAS
2024-25,P.J. Tucker,pjtucker,3033,200782,unique_name_espn_board_drbl,HIGH_CONFIDENCE_UNIQUE_NAME,ALIAS
2024-25,Taze Moore,tazemoore,4066808,1631386,unique_name_espn_board_drbl,HIGH_CONFIDENCE_UNIQUE_NAME,ALIAS
2024-25,Rayan Rupert,rayanrupert,5099752,1641712,unique_name_espn_board_drbl,HIGH_CONFIDENCE_UNIQUE_NAME,ALIAS
2024-25,Pete Nance,petenance,4397233,1631250,unique_name_espn_board_drbl,HIGH_CONFIDENCE_UNIQUE_NAME,ALIAS
2024-25,Tyler Smith,tylersmith,5167876,1641890,unique_name_espn_board_drbl,HIGH_CONFIDENCE_UNIQUE_NAME,ALIAS
2024-25,Markelle Fultz,markellefultz,4066636,1628365,unique_name_espn_board_drbl,HIGH_CONFIDENCE_UNIQUE_NAME,ALIAS
2024-25,Taj Gibson,tajgibson,3986,201959,unique_name_espn_board_drbl,HIGH_CONFIDENCE_UNIQUE_NAME,ALIAS
2024-25,RayJ Dennis,rayjdennis,4431941,1642484,unique_name_espn_board_drbl,HIGH_CONFIDENCE_UNIQUE_NAME,ALIAS
2024-25,Keshad Johnson,keshadjohnson,4431786,1642352,unique_name_espn_board_drbl,HIGH_CONFIDENCE_UNIQUE_NAME,ALIAS
2024-25,David Duke Jr.,daviddukejr,4397107,1630561,unique_name_espn_board_drbl,HIGH_CONFIDENCE_UNIQUE_NAME,ALIAS
2024-25,Hunter Tyson,huntertyson,4395620,1641816,unique_name_espn_board_drbl,HIGH_CONFIDENCE_UNIQUE_NAME,ALIAS
2024-25,Josh Minott,joshminott,4687718,1631169,unique_name_espn_board_drbl,HIGH_CONFIDENCE_UNIQUE_NAME,ALIAS
2024-25,Reece Beekman,reecebeekman,4432187,1641736,unique_name_espn_board_drbl,HIGH_CONFIDENCE_UNIQUE_NAME,ALIAS
2024-25,Jae Crowder,jaecrowder,6581,203109,unique_name_espn_board_drbl,HIGH_CONFIDENCE_UNIQUE_NAME,ALIAS
2024-25,Jaden Springer,jadenspringer,4432164,1630531,unique_name_espn_board_drbl,HIGH_CONFIDENCE_UNIQUE_NAME,ALIAS
2024-25,Anthony Gill,anthonygill,2581184,1630264,unique_name_espn_board_drbl,HIGH_CONFIDENCE_UNIQUE_NAME,ALIAS
2024-25,Pat Spencer,patspencer,4592714,1630311,unique_name_espn_board_drbl,HIGH_CONFIDENCE_UNIQUE_NAME,ALIAS
2024-25,Trey Jemison III,treyjemisoniii,4395623,,none,UNRESOLVED,UNMATCHED_ESPN
2024-25,Dillon Jones,dillonjones,4702159,1641794,unique_name_espn_board_drbl,HIGH_CONFIDENCE_UNIQUE_NAME,ALIAS
2024-25,John Konchar,johnkonchar,3134932,1629723,unique_name_espn_board_drbl,HIGH_CONFIDENCE_UNIQUE_NAME,ALIAS
2024-25,Christian Koloko,christiankoloko,4431778,1631132,unique_name_espn_board_drbl,HIGH_CONFIDENCE_UNIQUE_NAME,ALIAS
2024-25,Johnny Davis,johnnydavis,4432356,1631098,unique_name_espn_board_drbl,HIGH_CONFIDENCE_UNIQUE_NAME,ALIAS
2024-25,Miles Norris,milesnorris,4397104,1641936,unique_name_espn_board_drbl,HIGH_CONFIDENCE_UNIQUE_NAME,ALIAS
2024-25,Mason Jones,masonjones,4395704,1630222,unique_name_espn_board_drbl,HIGH_CONFIDENCE_UNIQUE_NAME,ALIAS
2024-25,Bronny James,bronnyjames,4683774,1642355,unique_name_espn_board_drbl,HIGH_CONFIDENCE_UNIQUE_NAME,ALIAS
2024-25,MarJon Beauchamp,marjonbeauchamp,4432179,1630699,unique_name_espn_board_drbl,HIGH_CONFIDENCE_UNIQUE_NAME,ALIAS
2024-25,Patrick Baldwin Jr.,patrickbaldwinjr,4433246,1631116,unique_name_espn_board_drbl,HIGH_CONFIDENCE_UNIQUE_NAME,ALIAS
2024-25,TyTy Washington Jr.,tytywashingtonjr,4683749,1631102,unique_name_espn_board_drbl,HIGH_CONFIDENCE_UNIQUE_NAME,ALIAS
2024-25,Drew Peterson,drewpeterson,4397689,1641809,unique_name_espn_board_drbl,HIGH_CONFIDENCE_UNIQUE_NAME,ALIAS
2024-25,Jordan McLaughlin,jordanmclaughlin,3134916,1629162,unique_name_espn_board_drbl,HIGH_CONFIDENCE_UNIQUE_NAME,ALIAS
2024-25,Chris Duarte,chrisduarte,4592402,1630537,unique_name_espn_board_drbl,HIGH_CONFIDENCE_UNIQUE_NAME,ALIAS
2024-25,Enrique Freeman,enriquefreeman,4592699,1642402,unique_name_espn_board_drbl,HIGH_CONFIDENCE_UNIQUE_NAME,ALIAS
2024-25,Dwight Powell,dwightpowell,2531367,203939,unique_name_espn_board_drbl,HIGH_CONFIDENCE_UNIQUE_NAME,ALIAS
2024-25,JD Davison,jddavison,4576085,1631120,unique_name_espn_board_drbl,HIGH_CONFIDENCE_UNIQUE_NAME,ALIAS
2024-25,Johnny Furphy,johnnyfurphy,5157066,1642277,unique_name_espn_board_drbl,HIGH_CONFIDENCE_UNIQUE_NAME,ALIAS
2024-25,Josh Christopher,joshchristopher,4432168,1630528,unique_name_espn_board_drbl,HIGH_CONFIDENCE_UNIQUE_NAME,ALIAS
2024-25,Adama Sanogo,adamasanogo,4702023,1641766,unique_name_espn_board_drbl,HIGH_CONFIDENCE_UNIQUE_NAME,ALIAS
2024-25,Tyler Kolek,tylerkolek,4433225,1642278,unique_name_espn_board_drbl,HIGH_CONFIDENCE_UNIQUE_NAME,ALIAS
2024-25,Kobe Brown,kobebrown,4431752,1641738,unique_name_espn_board_drbl,HIGH_CONFIDENCE_UNIQUE_NAME,ALIAS
2024-25,Ariel Hukporti,arielhukporti,4871141,1630574,unique_name_espn_board_drbl,HIGH_CONFIDENCE_UNIQUE_NAME,ALIAS
2024-25,Garrett Temple,garretttemple,4023,202066,unique_name_espn_board_drbl,HIGH_CONFIDENCE_UNIQUE_NAME,ALIAS
2024-25,Bobi Klintman,bobiklintman,4906923,1641752,unique_name_espn_board_drbl,HIGH_CONFIDENCE_UNIQUE_NAME,ALIAS
2024-25,Jericho Sims,jerichosims,4277922,1630579,unique_name_espn_board_drbl,HIGH_CONFIDENCE_UNIQUE_NAME,ALIAS
2024-25,Vlatko Cancar,vlatkocancar,4230557,1628427,unique_name_espn_board_drbl,HIGH_CONFIDENCE_UNIQUE_NAME,ALIAS
2024-25,Jahmir Young,jahmiryoung,4433133,1642443,unique_name_espn_board_drbl,HIGH_CONFIDENCE_UNIQUE_NAME,ALIAS
2024-25,Trentyn Flowers,trentynflowers,5165257,1642280,unique_name_espn_board_drbl,HIGH_CONFIDENCE_UNIQUE_NAME,ALIAS
2024-25,Adam Flagler,adamflagler,4397654,1641745,unique_name_espn_board_drbl,HIGH_CONFIDENCE_UNIQUE_NAME,ALIAS
2024-25,E.J. Liddell,ejliddell,4432821,1630604,unique_name_espn_board_drbl,HIGH_CONFIDENCE_UNIQUE_NAME,ALIAS
2024-25,PJ Hall,pjhall,4701225,1641790,unique_name_espn_board_drbl,HIGH_CONFIDENCE_UNIQUE_NAME,ALIAS
2024-25,Tristan Thompson,tristanthompson,6474,202684,unique_name_espn_board_drbl,HIGH_CONFIDENCE_UNIQUE_NAME,ALIAS
2024-25,Alex Ducas,alexducas,4432971,1642505,unique_name_espn_board_drbl,HIGH_CONFIDENCE_UNIQUE_NAME,ALIAS
2024-25,Emanuel Miller,emanuelmiller,4432872,1641801,unique_name_espn_board_drbl,HIGH_CONFIDENCE_UNIQUE_NAME,ALIAS
2024-25,Pacome Dadiet,pacomedadiet,5211983,1642359,unique_name_espn_board_drbl,HIGH_CONFIDENCE_UNIQUE_NAME,ALIAS
2024-25,Yuki Kawamura,yukikawamura,5159895,1642530,unique_name_espn_board_drbl,HIGH_CONFIDENCE_UNIQUE_NAME,ALIAS
2024-25,Alex Len,alexlen,2596107,203458,unique_name_espn_board_drbl,HIGH_CONFIDENCE_UNIQUE_NAME,ALIAS
2024-25,Phillip Wheeler,phillipwheeler,4909710,1630762,unique_name_espn_board_drbl,HIGH_CONFIDENCE_UNIQUE_NAME,ALIAS
2024-25,Jordan Walsh,jordanwalsh,4683689,1641775,unique_name_espn_board_drbl,HIGH_CONFIDENCE_UNIQUE_NAME,ALIAS
2024-25,Jack McVeigh,jackmcveigh,3911893,1629098,unique_name_espn_board_drbl,HIGH_CONFIDENCE_UNIQUE_NAME,ALIAS
2024-25,Armel Traore,armeltraore,5104156,1642422,unique_name_espn_board_drbl,HIGH_CONFIDENCE_UNIQUE_NAME,ALIAS
2024-25,Leonard Miller,leonardmiller,5044385,1631159,unique_name_espn_board_drbl,HIGH_CONFIDENCE_UNIQUE_NAME,ALIAS
2024-25,Kevin McCullar Jr.,kevinmccullarjr,4411057,1641755,unique_name_espn_board_drbl,HIGH_CONFIDENCE_UNIQUE_NAME,ALIAS
2024-25,Quincy Olivari,quincyolivari,4432070,,none,UNRESOLVED,UNMATCHED_ESPN
2024-25,Jazian Gortman,jaziangortman,4708972,1641789,unique_name_espn_board_drbl,HIGH_CONFIDENCE_UNIQUE_NAME,ALIAS
2024-25,Matt Ryan,mattryan,3908336,1630346,unique_name_espn_board_drbl,HIGH_CONFIDENCE_UNIQUE_NAME,ALIAS
2024-25,Sidy Cissoko,sidycissoko,5081727,1631321,unique_name_espn_board_drbl,HIGH_CONFIDENCE_UNIQUE_NAME,ALIAS
2024-25,Chris Livingston,chrislivingston,4433622,1641753,unique_name_espn_board_drbl,HIGH_CONFIDENCE_UNIQUE_NAME,ALIAS
2024-25,Cam Christie,camchristie,4845363,1642353,unique_name_espn_board_drbl,HIGH_CONFIDENCE_UNIQUE_NAME,ALIAS
2024-25,Jacob Toppin,jacobtoppin,4592461,1631210,unique_name_espn_board_drbl,HIGH_CONFIDENCE_UNIQUE_NAME,ALIAS
2024-25,Trey Alexander,treyalexander,4433268,1641725,unique_name_espn_board_drbl,HIGH_CONFIDENCE_UNIQUE_NAME,ALIAS
2024-25,Spencer Jones,spencerjones,4592427,1642461,unique_name_espn_board_drbl,HIGH_CONFIDENCE_UNIQUE_NAME,ALIAS
2024-25,Skal Labissiere,skallabissiere,3936296,,none,UNRESOLVED,UNMATCHED_ESPN
2024-25,Jalen Bridges,jalenbridges,4432946,1641779,unique_name_espn_board_drbl,HIGH_CONFIDENCE_UNIQUE_NAME,ALIAS
2024-25,Xavier Tillman,xaviertillman,4277964,1630214,unique_name_espn_board_drbl,HIGH_CONFIDENCE_UNIQUE_NAME,ALIAS
2024-25,Braxton Key,braxtonkey,4066240,1630296,unique_name_espn_board_drbl,HIGH_CONFIDENCE_UNIQUE_NAME,ALIAS
2024-25,Yuri Collins,yuricollins,4432957,1641879,unique_name_espn_board_drbl,HIGH_CONFIDENCE_UNIQUE_NAME,ALIAS
2024-25,Bryce McGowens,brycemcgowens,4576086,1631121,unique_name_espn_board_drbl,HIGH_CONFIDENCE_UNIQUE_NAME,ALIAS
2024-25,Luke Travers,luketravers,4997539,1631247,unique_name_espn_board_drbl,HIGH_CONFIDENCE_UNIQUE_NAME,ALIAS
2024-25,Daniss Jenkins,danissjenkins,5107199,1642450,unique_name_espn_board_drbl,HIGH_CONFIDENCE_UNIQUE_NAME,ALIAS
2024-25,Justin Minaya,justinminaya,4278111,1631303,unique_name_espn_board_drbl,HIGH_CONFIDENCE_UNIQUE_NAME,ALIAS
2024-25,Anton Watson,antonwatson,4431705,1641817,unique_name_espn_board_drbl,HIGH_CONFIDENCE_UNIQUE_NAME,ALIAS
2024-25,Isaiah Crawford,isaiahcrawford,4592857,1642384,unique_name_espn_board_drbl,HIGH_CONFIDENCE_UNIQUE_NAME,ALIAS
2024-25,Harrison Ingram,harrisoningram,4433618,1631127,unique_name_espn_board_drbl,HIGH_CONFIDENCE_UNIQUE_NAME,ALIAS
2024-25,Joe Ingles,joeingles,2968436,204060,unique_name_espn_board_drbl,HIGH_CONFIDENCE_UNIQUE_NAME,ALIAS
2024-25,PJ Dozier,pjdozier,3923250,1628408,unique_name_espn_board_drbl,HIGH_CONFIDENCE_UNIQUE_NAME,ALIAS
2024-25,D.J. Carton,djcarton,4432820,1630618,unique_name_espn_board_drbl,HIGH_CONFIDENCE_UNIQUE_NAME,ALIAS
2024-25,Ulrich Chomche,ulrichchomche,5211984,1642279,unique_name_espn_board_drbl,HIGH_CONFIDENCE_UNIQUE_NAME,ALIAS
2024-25,Liam Robbins,liamrobbins,4397347,1641857,unique_name_espn_board_drbl,HIGH_CONFIDENCE_UNIQUE_NAME,ALIAS
2024-25,Stanley Umude,stanleyumude,4279532,1630649,unique_name_espn_board_drbl,HIGH_CONFIDENCE_UNIQUE_NAME,ALIAS
2024-25,James Johnson,jamesjohnson,3999,201949,unique_name_espn_board_drbl,HIGH_CONFIDENCE_UNIQUE_NAME,ALIAS
2024-25,Yongxi Cui,yongxicui,5159486,,none,UNRESOLVED,UNMATCHED_ESPN
2024-25,Tristen Newton,tristennewton,4592965,1641803,unique_name_espn_board_drbl,HIGH_CONFIDENCE_UNIQUE_NAME,ALIAS
2024-25,Daishen Nix,daishennix,4432176,1630227,unique_name_espn_board_drbl,HIGH_CONFIDENCE_UNIQUE_NAME,ALIAS
2024-25,Malevy Leons,malevyleons,4897449,1642502,unique_name_espn_board_drbl,HIGH_CONFIDENCE_UNIQUE_NAME,ALIAS
2024-25,Jimmy Butler,jimmybutler,,202710,none,UNRESOLVED,UNMATCHED_NBA
2024-25,Jakob Pöltl,jakobpoltl,,1627751,none,UNRESOLVED,UNMATCHED_NBA
2024-25,Trey Jemison,treyjemison,,1641998,none,UNRESOLVED,UNMATCHED_NBA
2024-25,Carlton Carrington,carltoncarrington,,1642267,none,UNRESOLVED,UNMATCHED_NBA
2024-25,Alexandre Sarr,alexandresarr,,1642259,none,UNRESOLVED,UNMATCHED_NBA
2025-26,Luka Doncic,lukadoncic,3945274,1629029,unique_name_espn_board_drbl,HIGH_CONFIDENCE_UNIQUE_NAME,ALIAS
2025-26,Shai Gilgeous-Alexander,shaigilgeousalexander,4278073,1628983,unique_name_espn_board_drbl,HIGH_CONFIDENCE_UNIQUE_NAME,ALIAS
2025-26,Anthony Edwards,anthonyedwards,4594268,1630162,unique_name_espn_board_drbl,HIGH_CONFIDENCE_UNIQUE_NAME,ALIAS
2025-26,Jaylen Brown,jaylenbrown,3917376,1627759,unique_name_espn_board_drbl,HIGH_CONFIDENCE_UNIQUE_NAME,ALIAS
2025-26,Tyrese Maxey,tyresemaxey,4431678,1630178,unique_name_espn_board_drbl,HIGH_CONFIDENCE_UNIQUE_NAME,ALIAS
2025-26,Kawhi Leonard,kawhileonard,6450,202695,unique_name_espn_board_drbl,HIGH_CONFIDENCE_UNIQUE_NAME,ALIAS
2025-26,Donovan Mitchell,donovanmitchell,3908809,1628378,unique_name_espn_board_drbl,HIGH_CONFIDENCE_UNIQUE_NAME,ALIAS
2025-26,Nikola Jokic,nikolajokic,3112335,203999,unique_name_espn_board_drbl,HIGH_CONFIDENCE_UNIQUE_NAME,ALIAS
2025-26,Devin Booker,devinbooker,3136193,1626164,unique_name_espn_board_drbl,HIGH_CONFIDENCE_UNIQUE_NAME,ALIAS
2025-26,Jalen Brunson,jalenbrunson,3934672,1628973,unique_name_espn_board_drbl,HIGH_CONFIDENCE_UNIQUE_NAME,ALIAS
2025-26,Kevin Durant,kevindurant,3202,201142,unique_name_espn_board_drbl,HIGH_CONFIDENCE_UNIQUE_NAME,ALIAS
2025-26,Jamal Murray,jamalmurray,3936299,1627750,unique_name_espn_board_drbl,HIGH_CONFIDENCE_UNIQUE_NAME,ALIAS
2025-26,Victor Wembanyama,victorwembanyama,5104157,1641705,unique_name_espn_board_drbl,HIGH_CONFIDENCE_UNIQUE_NAME,ALIAS
2025-26,Deni Avdija,deniavdija,4683021,1630166,unique_name_espn_board_drbl,HIGH_CONFIDENCE_UNIQUE_NAME,ALIAS
2025-26,Pascal Siakam,pascalsiakam,3149673,1627783,unique_name_espn_board_drbl,HIGH_CONFIDENCE_UNIQUE_NAME,ALIAS
2025-26,Cade Cunningham,cadecunningham,4432166,1630595,unique_name_espn_board_drbl,HIGH_CONFIDENCE_UNIQUE_NAME,ALIAS
2025-26,James Harden,jamesharden,3992,201935,unique_name_espn_board_drbl,HIGH_CONFIDENCE_UNIQUE_NAME,ALIAS
2025-26,Jalen Johnson,jalenjohnson,4701230,1630552,unique_name_espn_board_drbl,HIGH_CONFIDENCE_UNIQUE_NAME,ALIAS
2025-26,Paolo Banchero,paolobanchero,4432573,1631094,unique_name_espn_board_drbl,HIGH_CONFIDENCE_UNIQUE_NAME,ALIAS
2025-26,Norman Powell,normanpowell,2595516,1626181,unique_name_espn_board_drbl,HIGH_CONFIDENCE_UNIQUE_NAME,ALIAS
2025-26,Trey Murphy III,treymurphyiii,4397688,1630530,unique_name_espn_board_drbl,HIGH_CONFIDENCE_UNIQUE_NAME,ALIAS
2025-26,Brandon Ingram,brandoningram,3913176,1627742,unique_name_espn_board_drbl,HIGH_CONFIDENCE_UNIQUE_NAME,ALIAS
2025-26,Julius Randle,juliusrandle,3064514,203944,unique_name_espn_board_drbl,HIGH_CONFIDENCE_UNIQUE_NAME,ALIAS
2025-26,Cooper Flagg,cooperflagg,5041939,1642843,unique_name_espn_board_drbl,HIGH_CONFIDENCE_UNIQUE_NAME,ALIAS
2025-26,Zion Williamson,zionwilliamson,4395628,1629627,unique_name_espn_board_drbl,HIGH_CONFIDENCE_UNIQUE_NAME,ALIAS
2025-26,LeBron James,lebronjames,1966,2544,unique_name_espn_board_drbl,HIGH_CONFIDENCE_UNIQUE_NAME,ALIAS
2025-26,Nickeil Alexander-Walker,nickeilalexanderwalker,4278039,1629638,unique_name_espn_board_drbl,HIGH_CONFIDENCE_UNIQUE_NAME,ALIAS
2025-26,Alperen Sengun,alperensengun,4871144,1630578,unique_name_espn_board_drbl,HIGH_CONFIDENCE_UNIQUE_NAME,ALIAS
2025-26,Brandon Miller,brandonmiller,4433287,1641706,unique_name_espn_board_drbl,HIGH_CONFIDENCE_UNIQUE_NAME,ALIAS
2025-26,Bam Adebayo,bamadebayo,4066261,1628389,unique_name_espn_board_drbl,HIGH_CONFIDENCE_UNIQUE_NAME,ALIAS
2025-26,Desmond Bane,desmondbane,4066320,1630217,unique_name_espn_board_drbl,HIGH_CONFIDENCE_UNIQUE_NAME,ALIAS
2025-26,LaMelo Ball,lameloball,4432816,1630163,unique_name_espn_board_drbl,HIGH_CONFIDENCE_UNIQUE_NAME,ALIAS
2025-26,Karl-Anthony Towns,karlanthonytowns,3136195,1626157,unique_name_espn_board_drbl,HIGH_CONFIDENCE_UNIQUE_NAME,ALIAS
2025-26,Jalen Duren,jalenduren,4433621,1631105,unique_name_espn_board_drbl,HIGH_CONFIDENCE_UNIQUE_NAME,ALIAS
2025-26,CJ McCollum,cjmccollum,2490149,203468,unique_name_espn_board_drbl,HIGH_CONFIDENCE_UNIQUE_NAME,ALIAS
2025-26,De'Aaron Fox,deaaronfox,4066259,1628368,unique_name_espn_board_drbl,HIGH_CONFIDENCE_UNIQUE_NAME,ALIAS
2025-26,Kon Knueppel,konknueppel,5061575,1642851,unique_name_espn_board_drbl,HIGH_CONFIDENCE_UNIQUE_NAME,ALIAS
2025-26,DeMar DeRozan,demarderozan,3978,201942,unique_name_espn_board_drbl,HIGH_CONFIDENCE_UNIQUE_NAME,ALIAS
2025-26,Amen Thompson,amenthompson,4684740,1641708,unique_name_espn_board_drbl,HIGH_CONFIDENCE_UNIQUE_NAME,ALIAS
2025-26,Evan Mobley,evanmobley,4432158,1630596,unique_name_espn_board_drbl,HIGH_CONFIDENCE_UNIQUE_NAME,ALIAS
2025-26,Scottie Barnes,scottiebarnes,4433134,1630567,unique_name_espn_board_drbl,HIGH_CONFIDENCE_UNIQUE_NAME,ALIAS
2025-26,Saddiq Bey,saddiqbey,4397136,1630180,unique_name_espn_board_drbl,HIGH_CONFIDENCE_UNIQUE_NAME,ALIAS
2025-26,Ryan Rollins,ryanrollins,4591725,1631157,unique_name_espn_board_drbl,HIGH_CONFIDENCE_UNIQUE_NAME,ALIAS
2025-26,Chet Holmgren,chetholmgren,4433255,1631096,unique_name_espn_board_drbl,HIGH_CONFIDENCE_UNIQUE_NAME,ALIAS
2025-26,Miles Bridges,milesbridges,4066383,1628970,unique_name_espn_board_drbl,HIGH_CONFIDENCE_UNIQUE_NAME,ALIAS
2025-26,Payton Pritchard,paytonpritchard,4066354,1630202,unique_name_espn_board_drbl,HIGH_CONFIDENCE_UNIQUE_NAME,ALIAS
2025-26,OG Anunoby,oganunoby,3934719,1628384,unique_name_espn_board_drbl,HIGH_CONFIDENCE_UNIQUE_NAME,ALIAS
2025-26,Stephon Castle,stephoncastle,4845367,1642264,unique_name_espn_board_drbl,HIGH_CONFIDENCE_UNIQUE_NAME,ALIAS
2025-26,Derrick White,derrickwhite,3078576,1628401,unique_name_espn_board_drbl,HIGH_CONFIDENCE_UNIQUE_NAME,ALIAS
2025-26,Immanuel Quickley,immanuelquickley,4395724,1630193,unique_name_espn_board_drbl,HIGH_CONFIDENCE_UNIQUE_NAME,ALIAS
2025-26,Matas Buzelis,matasbuzelis,4711294,1641824,unique_name_espn_board_drbl,HIGH_CONFIDENCE_UNIQUE_NAME,ALIAS
2025-26,VJ Edgecombe,vjedgecombe,5124612,1642845,unique_name_espn_board_drbl,HIGH_CONFIDENCE_UNIQUE_NAME,ALIAS
2025-26,Jabari Smith Jr.,jabarismithjr,4432639,1631095,unique_name_espn_board_drbl,HIGH_CONFIDENCE_UNIQUE_NAME,ALIAS
2025-26,Collin Sexton,collinsexton,4277811,1629012,unique_name_espn_board_drbl,HIGH_CONFIDENCE_UNIQUE_NAME,ALIAS
2025-26,Andrew Wiggins,andrewwiggins,3059319,203952,unique_name_espn_board_drbl,HIGH_CONFIDENCE_UNIQUE_NAME,ALIAS
2025-26,Jaime Jaquez Jr.,jaimejaquezjr,4432848,1631170,unique_name_espn_board_drbl,HIGH_CONFIDENCE_UNIQUE_NAME,ALIAS
2025-26,Naji Marshall,najimarshall,4278594,1630230,unique_name_espn_board_drbl,HIGH_CONFIDENCE_UNIQUE_NAME,ALIAS
2025-26,Onyeka Okongwu,onyekaokongwu,4431680,1630168,unique_name_espn_board_drbl,HIGH_CONFIDENCE_UNIQUE_NAME,ALIAS
2025-26,Russell Westbrook,russellwestbrook,3468,201566,unique_name_espn_board_drbl,HIGH_CONFIDENCE_UNIQUE_NAME,ALIAS
2025-26,Nikola Vucevic,nikolavucevic,6478,202696,unique_name_espn_board_drbl,HIGH_CONFIDENCE_UNIQUE_NAME,ALIAS
2025-26,Anthony Black,anthonyblack,4712849,1641710,unique_name_espn_board_drbl,HIGH_CONFIDENCE_UNIQUE_NAME,ALIAS
2025-26,Brice Sensabaugh,bricesensabaugh,5105839,1641729,unique_name_espn_board_drbl,HIGH_CONFIDENCE_UNIQUE_NAME,ALIAS
2025-26,Jaden McDaniels,jadenmcdaniels,4431671,1630183,unique_name_espn_board_drbl,HIGH_CONFIDENCE_UNIQUE_NAME,ALIAS
2025-26,Ayo Dosunmu,ayodosunmu,4397002,1630245,unique_name_espn_board_drbl,HIGH_CONFIDENCE_UNIQUE_NAME,ALIAS
2025-26,Mikal Bridges,mikalbridges,3147657,1628969,unique_name_espn_board_drbl,HIGH_CONFIDENCE_UNIQUE_NAME,ALIAS
2025-26,Jeremiah Fears,jeremiahfears,5144091,1642847,unique_name_espn_board_drbl,HIGH_CONFIDENCE_UNIQUE_NAME,ALIAS
2025-26,Tre Jones,trejones,4395626,1630200,unique_name_espn_board_drbl,HIGH_CONFIDENCE_UNIQUE_NAME,ALIAS
2025-26,Devin Vassell,devinvassell,4395630,1630170,unique_name_espn_board_drbl,HIGH_CONFIDENCE_UNIQUE_NAME,ALIAS
2025-26,Brandin Podziemski,brandinpodziemski,4709138,1641764,unique_name_espn_board_drbl,HIGH_CONFIDENCE_UNIQUE_NAME,ALIAS
2025-26,Ace Bailey,acebailey,4873138,1642846,unique_name_espn_board_drbl,HIGH_CONFIDENCE_UNIQUE_NAME,ALIAS
2025-26,Bobby Portis,bobbyportis,3064482,1626171,unique_name_espn_board_drbl,HIGH_CONFIDENCE_UNIQUE_NAME,ALIAS
2025-26,Cedric Coward,cedriccoward,4903027,1642907,unique_name_espn_board_drbl,HIGH_CONFIDENCE_UNIQUE_NAME,ALIAS
2025-26,Naz Reid,nazreid,4396971,1629675,unique_name_espn_board_drbl,HIGH_CONFIDENCE_UNIQUE_NAME,ALIAS
2025-26,John Collins,johncollins,3908845,1628381,unique_name_espn_board_drbl,HIGH_CONFIDENCE_UNIQUE_NAME,ALIAS
2025-26,Reed Sheppard,reedsheppard,4711272,1642263,unique_name_espn_board_drbl,HIGH_CONFIDENCE_UNIQUE_NAME,ALIAS
2025-26,Tim Hardaway Jr.,timhardawayjr,2528210,203501,unique_name_espn_board_drbl,HIGH_CONFIDENCE_UNIQUE_NAME,ALIAS
2025-26,Toumani Camara,toumanicamara,4431736,1641739,unique_name_espn_board_drbl,HIGH_CONFIDENCE_UNIQUE_NAME,ALIAS
2025-26,Quentin Grimes,quentingrimes,4397014,1629656,unique_name_espn_board_drbl,HIGH_CONFIDENCE_UNIQUE_NAME,ALIAS
2025-26,Tobias Harris,tobiasharris,6440,202699,unique_name_espn_board_drbl,HIGH_CONFIDENCE_UNIQUE_NAME,ALIAS
2025-26,Jaylon Tyson,jaylontyson,4683747,1642281,unique_name_espn_board_drbl,HIGH_CONFIDENCE_UNIQUE_NAME,ALIAS
2025-26,Keldon Johnson,keldonjohnson,4395723,1629640,unique_name_espn_board_drbl,HIGH_CONFIDENCE_UNIQUE_NAME,ALIAS
2025-26,Brandon Williams,brandonwilliams,4397040,1630314,unique_name_espn_board_drbl,HIGH_CONFIDENCE_UNIQUE_NAME,ALIAS
2025-26,Kyle Kuzma,kylekuzma,3134907,1628398,unique_name_espn_board_drbl,HIGH_CONFIDENCE_UNIQUE_NAME,ALIAS
2025-26,Collin Gillespie,collingillespie,4278585,1631221,unique_name_espn_board_drbl,HIGH_CONFIDENCE_UNIQUE_NAME,ALIAS
2025-26,Jaylen Wells,jaylenwells,5112087,1642377,unique_name_espn_board_drbl,HIGH_CONFIDENCE_UNIQUE_NAME,ALIAS
2025-26,Maxime Raynaud,maximeraynaud,4898371,1642875,unique_name_espn_board_drbl,HIGH_CONFIDENCE_UNIQUE_NAME,ALIAS
2025-26,Deandre Ayton,deandreayton,4278129,1629028,unique_name_espn_board_drbl,HIGH_CONFIDENCE_UNIQUE_NAME,ALIAS
2025-26,Malik Monk,malikmonk,4066262,1628370,unique_name_espn_board_drbl,HIGH_CONFIDENCE_UNIQUE_NAME,ALIAS
2025-26,Max Christie,maxchristie,4432582,1631108,unique_name_espn_board_drbl,HIGH_CONFIDENCE_UNIQUE_NAME,ALIAS
2025-26,Noah Clowney,noahclowney,4712896,1641730,unique_name_espn_board_drbl,HIGH_CONFIDENCE_UNIQUE_NAME,ALIAS
2025-26,Tre Johnson,trejohnson,5238230,1642848,unique_name_espn_board_drbl,HIGH_CONFIDENCE_UNIQUE_NAME,ALIAS
2025-26,Donte DiVincenzo,dontedivincenzo,3934673,1628978,unique_name_espn_board_drbl,HIGH_CONFIDENCE_UNIQUE_NAME,ALIAS
2025-26,Duncan Robinson,duncanrobinson,3157465,1629130,unique_name_espn_board_drbl,HIGH_CONFIDENCE_UNIQUE_NAME,ALIAS
2025-26,Moses Moody,mosesmoody,4432171,1630541,unique_name_espn_board_drbl,HIGH_CONFIDENCE_UNIQUE_NAME,ALIAS
2025-26,Donovan Clingan,donovanclingan,5105565,1642270,unique_name_espn_board_drbl,HIGH_CONFIDENCE_UNIQUE_NAME,ALIAS
2025-26,Josh Hart,joshhart,3062679,1628404,unique_name_espn_board_drbl,HIGH_CONFIDENCE_UNIQUE_NAME,ALIAS
2025-26,Myles Turner,mylesturner,3133628,1626167,unique_name_espn_board_drbl,HIGH_CONFIDENCE_UNIQUE_NAME,ALIAS
2025-26,Dyson Daniels,dysondaniels,4869342,1630700,unique_name_espn_board_drbl,HIGH_CONFIDENCE_UNIQUE_NAME,ALIAS
2025-26,Wendell Carter Jr.,wendellcarterjr,4277847,1628976,unique_name_espn_board_drbl,HIGH_CONFIDENCE_UNIQUE_NAME,ALIAS
2025-26,Dylan Harper,dylanharper,5037871,1642844,unique_name_espn_board_drbl,HIGH_CONFIDENCE_UNIQUE_NAME,ALIAS
2025-26,Klay Thompson,klaythompson,6475,202691,unique_name_espn_board_drbl,HIGH_CONFIDENCE_UNIQUE_NAME,ALIAS
2025-26,Nic Claxton,nicclaxton,4278067,1629651,unique_name_espn_board_drbl,HIGH_CONFIDENCE_UNIQUE_NAME,ALIAS
2025-26,Derik Queen,derikqueen,4869780,1642852,unique_name_espn_board_drbl,HIGH_CONFIDENCE_UNIQUE_NAME,ALIAS
2025-26,Mark Williams,markwilliams,4701232,1631109,unique_name_espn_board_drbl,HIGH_CONFIDENCE_UNIQUE_NAME,ALIAS
2025-26,Isaiah Collier,isaiahcollier,4683766,1642268,unique_name_espn_board_drbl,HIGH_CONFIDENCE_UNIQUE_NAME,ALIAS
2025-26,Jarace Walker,jaracewalker,5106060,1641716,unique_name_espn_board_drbl,HIGH_CONFIDENCE_UNIQUE_NAME,ALIAS
2025-26,Rui Hachimura,ruihachimura,4066648,1629060,unique_name_espn_board_drbl,HIGH_CONFIDENCE_UNIQUE_NAME,ALIAS
2025-26,Pelle Larsson,pellelarsson,4601025,1641796,unique_name_espn_board_drbl,HIGH_CONFIDENCE_UNIQUE_NAME,ALIAS
2025-26,Kyle Filipowski,kylefilipowski,4684793,1642271,unique_name_espn_board_drbl,HIGH_CONFIDENCE_UNIQUE_NAME,ALIAS
2025-26,Sandro Mamukelashvili,sandromamukelashvili,4278580,1630572,unique_name_espn_board_drbl,HIGH_CONFIDENCE_UNIQUE_NAME,ALIAS
2025-26,Julian Champagnie,julianchampagnie,4592479,1630577,unique_name_espn_board_drbl,HIGH_CONFIDENCE_UNIQUE_NAME,ALIAS
2025-26,Cam Spencer,camspencer,4433083,1642285,unique_name_espn_board_drbl,HIGH_CONFIDENCE_UNIQUE_NAME,ALIAS
2025-26,Isaiah Joe,isaiahjoe,4395702,1630198,unique_name_espn_board_drbl,HIGH_CONFIDENCE_UNIQUE_NAME,ALIAS
2025-26,Kel'el Ware,kelelware,5105623,1642276,unique_name_espn_board_drbl,HIGH_CONFIDENCE_UNIQUE_NAME,ALIAS
2025-26,Rudy Gobert,rudygobert,3032976,203497,unique_name_espn_board_drbl,HIGH_CONFIDENCE_UNIQUE_NAME,ALIAS
2025-26,Dennis Schroder,dennisschroder,3032979,203471,unique_name_espn_board_drbl,HIGH_CONFIDENCE_UNIQUE_NAME,ALIAS
2025-26,Bub Carrington,bubcarrington,4845374,1642267,unique_name_espn_board_drbl,HIGH_CONFIDENCE_UNIQUE_NAME,ALIAS
2025-26,Jock Landale,jocklandale,3146557,1629111,unique_name_espn_board_drbl,HIGH_CONFIDENCE_UNIQUE_NAME,ALIAS
2025-26,Marvin Bagley III,marvinbagleyiii,4277848,1628963,unique_name_espn_board_drbl,HIGH_CONFIDENCE_UNIQUE_NAME,ALIAS
2025-26,Tari Eason,tarieason,4433192,1631106,unique_name_espn_board_drbl,HIGH_CONFIDENCE_UNIQUE_NAME,ALIAS
2025-26,AJ Green,ajgreen,4397475,1631260,unique_name_espn_board_drbl,HIGH_CONFIDENCE_UNIQUE_NAME,ALIAS
2025-26,Will Riley,willriley,5144126,1642860,unique_name_espn_board_drbl,HIGH_CONFIDENCE_UNIQUE_NAME,ALIAS
2025-26,Neemias Queta,neemiasqueta,4397424,1629674,unique_name_espn_board_drbl,HIGH_CONFIDENCE_UNIQUE_NAME,ALIAS
2025-26,Khris Middleton,khrismiddleton,6609,203114,unique_name_espn_board_drbl,HIGH_CONFIDENCE_UNIQUE_NAME,ALIAS
2025-26,Precious Achiuwa,preciousachiuwa,4431679,1630173,unique_name_espn_board_drbl,HIGH_CONFIDENCE_UNIQUE_NAME,ALIAS
2025-26,Kevin Huerter,kevinhuerter,4066372,1628989,unique_name_espn_board_drbl,HIGH_CONFIDENCE_UNIQUE_NAME,ALIAS
2025-26,Isaiah Stewart,isaiahstewart,4432810,1630191,unique_name_espn_board_drbl,HIGH_CONFIDENCE_UNIQUE_NAME,ALIAS
2025-26,Jordan Miller,jordanmiller,4396818,1641757,unique_name_espn_board_drbl,HIGH_CONFIDENCE_UNIQUE_NAME,ALIAS
2025-26,Harrison Barnes,harrisonbarnes,6578,203084,unique_name_espn_board_drbl,HIGH_CONFIDENCE_UNIQUE_NAME,ALIAS
2025-26,Tristan da Silva,tristandasilva,4702382,1641783,unique_name_espn_board_drbl,HIGH_CONFIDENCE_UNIQUE_NAME,ALIAS
2025-26,Ausar Thompson,ausarthompson,4684742,1641709,unique_name_espn_board_drbl,HIGH_CONFIDENCE_UNIQUE_NAME,ALIAS
2025-26,Royce O'Neale,royceoneale,2583632,1626220,unique_name_espn_board_drbl,HIGH_CONFIDENCE_UNIQUE_NAME,ALIAS
2025-26,Zaccharie Risacher,zaccharierisacher,5211175,1642258,unique_name_espn_board_drbl,HIGH_CONFIDENCE_UNIQUE_NAME,ALIAS
2025-26,Jay Huff,jayhuff,4065731,1630643,unique_name_espn_board_drbl,HIGH_CONFIDENCE_UNIQUE_NAME,ALIAS
2025-26,Aaron Wiggins,aaronwiggins,4397183,1630598,unique_name_espn_board_drbl,HIGH_CONFIDENCE_UNIQUE_NAME,ALIAS
2025-26,Davion Mitchell,davionmitchell,4278053,1630558,unique_name_espn_board_drbl,HIGH_CONFIDENCE_UNIQUE_NAME,ALIAS
2025-26,Marcus Smart,marcussmart,2990992,203935,unique_name_espn_board_drbl,HIGH_CONFIDENCE_UNIQUE_NAME,ALIAS
2025-26,Daniss Jenkins,danissjenkins,5107199,1642450,unique_name_espn_board_drbl,HIGH_CONFIDENCE_UNIQUE_NAME,ALIAS
2025-26,Isaac Okoro,isaacokoro,4432822,1630171,unique_name_espn_board_drbl,HIGH_CONFIDENCE_UNIQUE_NAME,ALIAS
2025-26,Sam Hauser,samhauser,4065804,1630573,unique_name_espn_board_drbl,HIGH_CONFIDENCE_UNIQUE_NAME,ALIAS
2025-26,Gui Santos,guisantos,4997536,1630611,unique_name_espn_board_drbl,HIGH_CONFIDENCE_UNIQUE_NAME,ALIAS
2025-26,Corey Kispert,coreykispert,4280151,1630557,unique_name_espn_board_drbl,HIGH_CONFIDENCE_UNIQUE_NAME,ALIAS
2025-26,Cody Williams,codywilliams,4895758,1642262,unique_name_espn_board_drbl,HIGH_CONFIDENCE_UNIQUE_NAME,ALIAS
2025-26,Jonas Valanciunas,jonasvalanciunas,6477,202685,unique_name_espn_board_drbl,HIGH_CONFIDENCE_UNIQUE_NAME,ALIAS
2025-26,Day'Ron Sharpe,dayronsharpe,4432194,1630549,unique_name_espn_board_drbl,HIGH_CONFIDENCE_UNIQUE_NAME,ALIAS
2025-26,Jordan Goodwin,jordangoodwin,4278402,1630692,unique_name_espn_board_drbl,HIGH_CONFIDENCE_UNIQUE_NAME,ALIAS
2025-26,Justin Champagnie,justinchampagnie,4432907,1630551,unique_name_espn_board_drbl,HIGH_CONFIDENCE_UNIQUE_NAME,ALIAS
2025-26,Jordan Clarkson,jordanclarkson,2528426,203903,unique_name_espn_board_drbl,HIGH_CONFIDENCE_UNIQUE_NAME,ALIAS
2025-26,Nique Clifford,niqueclifford,4702384,1642363,unique_name_espn_board_drbl,HIGH_CONFIDENCE_UNIQUE_NAME,ALIAS
2025-26,Cason Wallace,casonwallace,4683692,1641717,unique_name_espn_board_drbl,HIGH_CONFIDENCE_UNIQUE_NAME,ALIAS
2025-26,Simone Fontecchio,simonefontecchio,3899664,1631323,unique_name_espn_board_drbl,HIGH_CONFIDENCE_UNIQUE_NAME,ALIAS
2025-26,Bones Hyland,boneshyland,4592492,1630538,unique_name_espn_board_drbl,HIGH_CONFIDENCE_UNIQUE_NAME,ALIAS
2025-26,Vit Krejci,vitkrejci,4578893,1630249,unique_name_espn_board_drbl,HIGH_CONFIDENCE_UNIQUE_NAME,ALIAS
2025-26,Brook Lopez,brooklopez,3448,201572,unique_name_espn_board_drbl,HIGH_CONFIDENCE_UNIQUE_NAME,ALIAS
2025-26,Draymond Green,draymondgreen,6589,203110,unique_name_espn_board_drbl,HIGH_CONFIDENCE_UNIQUE_NAME,ALIAS
2025-26,Luke Kennard,lukekennard,3913174,1628379,unique_name_espn_board_drbl,HIGH_CONFIDENCE_UNIQUE_NAME,ALIAS
2025-26,Luguentz Dort,luguentzdort,4397020,1629652,unique_name_espn_board_drbl,HIGH_CONFIDENCE_UNIQUE_NAME,ALIAS
2025-26,Jared McCain,jaredmccain,4683778,1642272,unique_name_espn_board_drbl,HIGH_CONFIDENCE_UNIQUE_NAME,ALIAS
2025-26,Jake LaRavia,jakelaravia,4592691,1631222,unique_name_espn_board_drbl,HIGH_CONFIDENCE_UNIQUE_NAME,ALIAS
2025-26,Ronald Holland II,ronaldhollandii,4683771,1641842,unique_name_espn_board_drbl,HIGH_CONFIDENCE_UNIQUE_NAME,ALIAS
2025-26,Gary Trent Jr.,garytrentjr,4277843,1629018,unique_name_espn_board_drbl,HIGH_CONFIDENCE_UNIQUE_NAME,ALIAS
2025-26,Luka Garza,lukagarza,4277951,1630568,unique_name_espn_board_drbl,HIGH_CONFIDENCE_UNIQUE_NAME,ALIAS
2025-26,Bruce Brown,brucebrown,4065670,1628971,unique_name_espn_board_drbl,HIGH_CONFIDENCE_UNIQUE_NAME,ALIAS
2025-26,Moussa Diabate,moussadiabate,4433249,1631217,unique_name_espn_board_drbl,HIGH_CONFIDENCE_UNIQUE_NAME,ALIAS
2025-26,Walter Clayton Jr.,walterclaytonjr,4896372,1642383,unique_name_espn_board_drbl,HIGH_CONFIDENCE_UNIQUE_NAME,ALIAS
2025-26,Paul Reed,paulreed,4278562,1630194,unique_name_espn_board_drbl,HIGH_CONFIDENCE_UNIQUE_NAME,ALIAS
2025-26,Dominick Barlow,dominickbarlow,4870562,1631230,unique_name_espn_board_drbl,HIGH_CONFIDENCE_UNIQUE_NAME,ALIAS
2025-26,Quinten Post,quintenpost,4593016,1642366,unique_name_espn_board_drbl,HIGH_CONFIDENCE_UNIQUE_NAME,ALIAS
2025-26,Ryan Kalkbrenner,ryankalkbrenner,4576060,1641750,unique_name_espn_board_drbl,HIGH_CONFIDENCE_UNIQUE_NAME,ALIAS
2025-26,Jaxson Hayes,jaxsonhayes,4397077,1629637,unique_name_espn_board_drbl,HIGH_CONFIDENCE_UNIQUE_NAME,ALIAS
2025-26,Ja'Kobe Walter,jakobewalter,4684272,1642266,unique_name_espn_board_drbl,HIGH_CONFIDENCE_UNIQUE_NAME,ALIAS
2025-26,Gary Payton II,garypaytonii,3134903,1627780,unique_name_espn_board_drbl,HIGH_CONFIDENCE_UNIQUE_NAME,ALIAS
2025-26,Taylor Hendricks,taylorhendricks,4684806,1641707,unique_name_espn_board_drbl,HIGH_CONFIDENCE_UNIQUE_NAME,ALIAS
2025-26,Jose Alvarado,josealvarado,4277869,1630631,unique_name_espn_board_drbl,HIGH_CONFIDENCE_UNIQUE_NAME,ALIAS
2025-26,Caris LeVert,carislevert,2991043,1627747,unique_name_espn_board_drbl,HIGH_CONFIDENCE_UNIQUE_NAME,ALIAS
2025-26,Kobe Sanders,kobesanders,4702352,1642920,unique_name_espn_board_drbl,HIGH_CONFIDENCE_UNIQUE_NAME,ALIAS
2025-26,Kris Dunn,krisdunn,2991139,1627739,unique_name_espn_board_drbl,HIGH_CONFIDENCE_UNIQUE_NAME,ALIAS
2025-26,Terance Mann,terancemann,3907823,1629611,unique_name_espn_board_drbl,HIGH_CONFIDENCE_UNIQUE_NAME,ALIAS
2025-26,Jaylin Williams,jaylinwilliams,4432823,1631119,unique_name_espn_board_drbl,HIGH_CONFIDENCE_UNIQUE_NAME,ALIAS
2025-26,Pat Spencer,patspencer,4592714,1630311,unique_name_espn_board_drbl,HIGH_CONFIDENCE_UNIQUE_NAME,ALIAS
2025-26,Ben Sheppard,bensheppard,4433076,1641767,unique_name_espn_board_drbl,HIGH_CONFIDENCE_UNIQUE_NAME,ALIAS
2025-26,Patrick Williams,patrickwilliams,4431687,1630172,unique_name_espn_board_drbl,HIGH_CONFIDENCE_UNIQUE_NAME,ALIAS
2025-26,Javonte Green,javontegreen,2596112,1629750,unique_name_espn_board_drbl,HIGH_CONFIDENCE_UNIQUE_NAME,ALIAS
2025-26,Robert Williams III,robertwilliamsiii,4066211,1629057,unique_name_espn_board_drbl,HIGH_CONFIDENCE_UNIQUE_NAME,ALIAS
2025-26,Keon Ellis,keonellis,4702177,1631165,unique_name_espn_board_drbl,HIGH_CONFIDENCE_UNIQUE_NAME,ALIAS
2025-26,Jamal Shead,jamalshead,4432241,1642347,unique_name_espn_board_drbl,HIGH_CONFIDENCE_UNIQUE_NAME,ALIAS
2025-26,Ryan Nembhard,ryannembhard,4433629,1642948,unique_name_espn_board_drbl,HIGH_CONFIDENCE_UNIQUE_NAME,ALIAS
2025-26,Luke Kornet,lukekornet,3064560,1628436,unique_name_espn_board_drbl,HIGH_CONFIDENCE_UNIQUE_NAME,ALIAS
2025-26,Drake Powell,drakepowell,5037873,1642962,unique_name_espn_board_drbl,HIGH_CONFIDENCE_UNIQUE_NAME,ALIAS
2025-26,Oso Ighodaro,osoighodaro,4601023,1642345,unique_name_espn_board_drbl,HIGH_CONFIDENCE_UNIQUE_NAME,ALIAS
2025-26,Andre Drummond,andredrummond,6585,203083,unique_name_espn_board_drbl,HIGH_CONFIDENCE_UNIQUE_NAME,ALIAS
2025-26,Will Richard,willrichard,4897262,1642954,unique_name_espn_board_drbl,HIGH_CONFIDENCE_UNIQUE_NAME,ALIAS
2025-26,Rob Dillingham,robdillingham,4684275,1642265,unique_name_espn_board_drbl,HIGH_CONFIDENCE_UNIQUE_NAME,ALIAS
2025-26,Thomas Bryant,thomasbryant,3934723,1628418,unique_name_espn_board_drbl,HIGH_CONFIDENCE_UNIQUE_NAME,ALIAS
2025-26,Justin Edwards,justinedwards,4711297,1642348,unique_name_espn_board_drbl,HIGH_CONFIDENCE_UNIQUE_NAME,ALIAS
2025-26,Gradey Dick,gradeydick,5106258,1641711,unique_name_espn_board_drbl,HIGH_CONFIDENCE_UNIQUE_NAME,ALIAS
2025-26,Goga Bitadze,gogabitadze,4348700,1629048,unique_name_espn_board_drbl,HIGH_CONFIDENCE_UNIQUE_NAME,ALIAS
2025-26,Nae'Qwan Tomlin,naeqwantomlin,5106268,1641772,unique_name_espn_board_drbl,HIGH_CONFIDENCE_UNIQUE_NAME,ALIAS
2025-26,Ryan Dunn,ryandunn,4888725,1642346,unique_name_espn_board_drbl,HIGH_CONFIDENCE_UNIQUE_NAME,ALIAS
2025-26,Dean Wade,deanwade,3912848,1629731,unique_name_espn_board_drbl,HIGH_CONFIDENCE_UNIQUE_NAME,ALIAS
2025-26,Kobe Brown,kobebrown,4431752,1641738,unique_name_espn_board_drbl,HIGH_CONFIDENCE_UNIQUE_NAME,ALIAS
2025-26,Yves Missi,yvesmissi,5061589,1642274,unique_name_espn_board_drbl,HIGH_CONFIDENCE_UNIQUE_NAME,ALIAS
2025-26,Karlo Matkovic,karlomatkovic,4997538,1631255,unique_name_espn_board_drbl,HIGH_CONFIDENCE_UNIQUE_NAME,ALIAS
2025-26,Mitchell Robinson,mitchellrobinson,4351852,1629011,unique_name_espn_board_drbl,HIGH_CONFIDENCE_UNIQUE_NAME,ALIAS
2025-26,Dru Smith,drusmith,4066993,1630696,unique_name_espn_board_drbl,HIGH_CONFIDENCE_UNIQUE_NAME,ALIAS
2025-26,Guerschon Yabusele,guerschonyabusele,4017844,1627824,unique_name_espn_board_drbl,HIGH_CONFIDENCE_UNIQUE_NAME,ALIAS
2025-26,Baylor Scheierman,baylorscheierman,4593841,1631248,unique_name_espn_board_drbl,HIGH_CONFIDENCE_UNIQUE_NAME,ALIAS
2025-26,Spencer Jones,spencerjones,4592427,1642461,unique_name_espn_board_drbl,HIGH_CONFIDENCE_UNIQUE_NAME,ALIAS
2025-26,Sion James,sionjames,4602025,1642883,unique_name_espn_board_drbl,HIGH_CONFIDENCE_UNIQUE_NAME,ALIAS
2025-26,Jordan Walsh,jordanwalsh,4683689,1641775,unique_name_espn_board_drbl,HIGH_CONFIDENCE_UNIQUE_NAME,ALIAS
2025-26,Rayan Rupert,rayanrupert,5099752,1641712,unique_name_espn_board_drbl,HIGH_CONFIDENCE_UNIQUE_NAME,ALIAS
2025-26,Sidy Cissoko,sidycissoko,5081727,1631321,unique_name_espn_board_drbl,HIGH_CONFIDENCE_UNIQUE_NAME,ALIAS
2025-26,Ochai Agbaji,ochaiagbaji,4397018,1630534,unique_name_espn_board_drbl,HIGH_CONFIDENCE_UNIQUE_NAME,ALIAS
2025-26,Jericho Sims,jerichosims,4277922,1630579,unique_name_espn_board_drbl,HIGH_CONFIDENCE_UNIQUE_NAME,ALIAS
2025-26,Adem Bona,adembona,5105637,1641737,unique_name_espn_board_drbl,HIGH_CONFIDENCE_UNIQUE_NAME,ALIAS
2025-26,Josh Okogie,joshokogie,4065663,1629006,unique_name_espn_board_drbl,HIGH_CONFIDENCE_UNIQUE_NAME,ALIAS
2025-26,Craig Porter Jr.,craigporterjr,4701233,1641854,unique_name_espn_board_drbl,HIGH_CONFIDENCE_UNIQUE_NAME,ALIAS
2025-26,Mouhamed Gueye,mouhamedgueye,4712863,1631243,unique_name_espn_board_drbl,HIGH_CONFIDENCE_UNIQUE_NAME,ALIAS
2025-26,Jarred Vanderbilt,jarredvanderbilt,4278077,1629020,unique_name_espn_board_drbl,HIGH_CONFIDENCE_UNIQUE_NAME,ALIAS
2025-26,Tyler Kolek,tylerkolek,4433225,1642278,unique_name_espn_board_drbl,HIGH_CONFIDENCE_UNIQUE_NAME,ALIAS
2025-26,Jabari Walker,jabariwalker,4432446,1631133,unique_name_espn_board_drbl,HIGH_CONFIDENCE_UNIQUE_NAME,ALIAS
2025-26,Micah Peavy,micahpeavy,4432185,1642877,unique_name_espn_board_drbl,HIGH_CONFIDENCE_UNIQUE_NAME,ALIAS
2025-26,Josh Green,joshgreen,4432811,1630182,unique_name_espn_board_drbl,HIGH_CONFIDENCE_UNIQUE_NAME,ALIAS
2025-26,Carter Bryant,carterbryant,5061568,1642868,unique_name_espn_board_drbl,HIGH_CONFIDENCE_UNIQUE_NAME,ALIAS
2025-26,Jaylen Clark,jaylenclark,4432247,1641740,unique_name_espn_board_drbl,HIGH_CONFIDENCE_UNIQUE_NAME,ALIAS
2025-26,Nicolas Batum,nicolasbatum,3416,201587,unique_name_espn_board_drbl,HIGH_CONFIDENCE_UNIQUE_NAME,ALIAS
2025-26,Caleb Martin,calebmartin,3138160,1628997,unique_name_espn_board_drbl,HIGH_CONFIDENCE_UNIQUE_NAME,ALIAS
2025-26,Hugo Gonzalez,hugogonzalez,5175647,1642864,unique_name_espn_board_drbl,HIGH_CONFIDENCE_UNIQUE_NAME,ALIAS
2025-26,Noah Penda,noahpenda,5214637,1642869,unique_name_espn_board_drbl,HIGH_CONFIDENCE_UNIQUE_NAME,ALIAS
2025-26,Clint Capela,clintcapela,3102529,203991,unique_name_espn_board_drbl,HIGH_CONFIDENCE_UNIQUE_NAME,ALIAS
2025-26,Mohamed Diawara,mohameddiawara,5289900,1642885,unique_name_espn_board_drbl,HIGH_CONFIDENCE_UNIQUE_NAME,ALIAS
2025-26,Dwight Powell,dwightpowell,2531367,203939,unique_name_espn_board_drbl,HIGH_CONFIDENCE_UNIQUE_NAME,ALIAS
2025-26,Jamison Battle,jamisonbattle,4431893,1642419,unique_name_espn_board_drbl,HIGH_CONFIDENCE_UNIQUE_NAME,ALIAS
2025-26,Tyus Jones,tyusjones,3135046,1626145,unique_name_espn_board_drbl,HIGH_CONFIDENCE_UNIQUE_NAME,ALIAS
2025-26,Giannis Antetokounmpo,giannisantetokounmpo,3032977,203507,unique_name_espn_board_drbl,HIGH_CONFIDENCE_UNIQUE_NAME,ALIAS
2025-26,Joel Embiid,joelembiid,3059318,203954,unique_name_espn_board_drbl,HIGH_CONFIDENCE_UNIQUE_NAME,ALIAS
2025-26,Lauri Markkanen,laurimarkkanen,4066336,1628374,unique_name_espn_board_drbl,HIGH_CONFIDENCE_UNIQUE_NAME,ALIAS
2025-26,Stephen Curry,stephencurry,3975,201939,unique_name_espn_board_drbl,HIGH_CONFIDENCE_UNIQUE_NAME,ALIAS
2025-26,Michael Porter Jr.,michaelporterjr,4278104,1629008,unique_name_espn_board_drbl,HIGH_CONFIDENCE_UNIQUE_NAME,ALIAS
2025-26,Keyonte George,keyontegeorge,4433627,1641718,unique_name_espn_board_drbl,HIGH_CONFIDENCE_UNIQUE_NAME,ALIAS
2025-26,Austin Reaves,austinreaves,4066457,1630559,unique_name_espn_board_drbl,HIGH_CONFIDENCE_UNIQUE_NAME,ALIAS
2025-26,Jayson Tatum,jaysontatum,4065648,1628369,unique_name_espn_board_drbl,HIGH_CONFIDENCE_UNIQUE_NAME,ALIAS
2025-26,Shaedon Sharpe,shaedonsharpe,4914336,1631101,unique_name_espn_board_drbl,HIGH_CONFIDENCE_UNIQUE_NAME,ALIAS
2025-26,Franz Wagner,franzwagner,4566434,1630532,unique_name_espn_board_drbl,HIGH_CONFIDENCE_UNIQUE_NAME,ALIAS
2025-26,Tyler Herro,tylerherro,4395725,1629639,unique_name_espn_board_drbl,HIGH_CONFIDENCE_UNIQUE_NAME,ALIAS
2025-26,Anthony Davis,anthonydavis,6583,203076,unique_name_espn_board_drbl,HIGH_CONFIDENCE_UNIQUE_NAME,ALIAS
2025-26,Dillon Brooks,dillonbrooks,3155526,1628415,unique_name_espn_board_drbl,HIGH_CONFIDENCE_UNIQUE_NAME,ALIAS
2025-26,Jimmy Butler III,jimmybutleriii,6430,202710,unique_name_espn_board_drbl,HIGH_CONFIDENCE_UNIQUE_NAME,ALIAS
2025-26,Ty Jerome,tyjerome,4065733,1629660,unique_name_espn_board_drbl,HIGH_CONFIDENCE_UNIQUE_NAME,ALIAS
2025-26,Ja Morant,jamorant,4279888,1629630,unique_name_espn_board_drbl,HIGH_CONFIDENCE_UNIQUE_NAME,ALIAS
2025-26,Jaren Jackson Jr.,jarenjacksonjr,4277961,1628991,unique_name_espn_board_drbl,HIGH_CONFIDENCE_UNIQUE_NAME,ALIAS
2025-26,RJ Barrett,rjbarrett,4395625,1629628,unique_name_espn_board_drbl,HIGH_CONFIDENCE_UNIQUE_NAME,ALIAS
2025-26,Zach LaVine,zachlavine,3064440,203897,unique_name_espn_board_drbl,HIGH_CONFIDENCE_UNIQUE_NAME,ALIAS
2025-26,Darius Garland,dariusgarland,4396907,1629636,unique_name_espn_board_drbl,HIGH_CONFIDENCE_UNIQUE_NAME,ALIAS
2025-26,Jerami Grant,jeramigrant,2991070,203924,unique_name_espn_board_drbl,HIGH_CONFIDENCE_UNIQUE_NAME,ALIAS
2025-26,Trae Young,traeyoung,4277905,1629027,unique_name_espn_board_drbl,HIGH_CONFIDENCE_UNIQUE_NAME,ALIAS
2025-26,Jalen Green,jalengreen,4437244,1630224,unique_name_espn_board_drbl,HIGH_CONFIDENCE_UNIQUE_NAME,ALIAS
2025-26,Bennedict Mathurin,bennedictmathurin,4683634,1631097,unique_name_espn_board_drbl,HIGH_CONFIDENCE_UNIQUE_NAME,ALIAS
2025-26,Kevin Porter Jr.,kevinporterjr,4397140,1629645,unique_name_espn_board_drbl,HIGH_CONFIDENCE_UNIQUE_NAME,ALIAS
2025-26,Coby White,cobywhite,4395651,1629632,unique_name_espn_board_drbl,HIGH_CONFIDENCE_UNIQUE_NAME,ALIAS
2025-26,Paul George,paulgeorge,4251,202331,unique_name_espn_board_drbl,HIGH_CONFIDENCE_UNIQUE_NAME,ALIAS
2025-26,Jalen Williams,jalenwilliams,4593803,1631114,unique_name_espn_board_drbl,HIGH_CONFIDENCE_UNIQUE_NAME,ALIAS
2025-26,Josh Giddey,joshgiddey,4871145,1630581,unique_name_espn_board_drbl,HIGH_CONFIDENCE_UNIQUE_NAME,ALIAS
2025-26,Andrew Nembhard,andrewnembhard,4395712,1629614,unique_name_espn_board_drbl,HIGH_CONFIDENCE_UNIQUE_NAME,ALIAS
2025-26,Dejounte Murray,dejountemurray,3907497,1627749,unique_name_espn_board_drbl,HIGH_CONFIDENCE_UNIQUE_NAME,ALIAS
2025-26,Kristaps Porzingis,kristapsporzingis,3102531,204001,unique_name_espn_board_drbl,HIGH_CONFIDENCE_UNIQUE_NAME,ALIAS
2025-26,Grayson Allen,graysonallen,3135045,1628960,unique_name_espn_board_drbl,HIGH_CONFIDENCE_UNIQUE_NAME,ALIAS
2025-26,Dariq Whitehead,dariqwhitehead,4432735,1641727,unique_name_espn_board_drbl,HIGH_CONFIDENCE_UNIQUE_NAME,ALIAS
2025-26,Jrue Holiday,jrueholiday,3995,201950,unique_name_espn_board_drbl,HIGH_CONFIDENCE_UNIQUE_NAME,ALIAS
2025-26,Alex Sarr,alexsarr,5160992,1642259,unique_name_espn_board_drbl,HIGH_CONFIDENCE_UNIQUE_NAME,ALIAS
2025-26,Aaron Gordon,aarongordon,3064290,203932,unique_name_espn_board_drbl,HIGH_CONFIDENCE_UNIQUE_NAME,ALIAS
2025-26,Domantas Sabonis,domantassabonis,3155942,1627734,unique_name_espn_board_drbl,HIGH_CONFIDENCE_UNIQUE_NAME,ALIAS
2025-26,Jarrett Allen,jarrettallen,4066328,1628386,unique_name_espn_board_drbl,HIGH_CONFIDENCE_UNIQUE_NAME,ALIAS
2025-26,Kennedy Chandler,kennedychandler,4432646,1631113,unique_name_espn_board_drbl,HIGH_CONFIDENCE_UNIQUE_NAME,ALIAS
2025-26,Kyshawn George,kyshawngeorge,5174563,1642273,unique_name_espn_board_drbl,HIGH_CONFIDENCE_UNIQUE_NAME,ALIAS
2025-26,Peyton Watson,peytonwatson,4576087,1631212,unique_name_espn_board_drbl,HIGH_CONFIDENCE_UNIQUE_NAME,ALIAS
2025-26,Walker Kessler,walkerkessler,4433136,1631117,unique_name_espn_board_drbl,HIGH_CONFIDENCE_UNIQUE_NAME,ALIAS
2025-26,Anfernee Simons,anferneesimons,4351851,1629014,unique_name_espn_board_drbl,HIGH_CONFIDENCE_UNIQUE_NAME,ALIAS
2025-26,Cormac Ryan,cormacryan,4397114,1642504,unique_name_espn_board_drbl,HIGH_CONFIDENCE_UNIQUE_NAME,ALIAS
2025-26,Scoot Henderson,scoothenderson,4683678,1630703,unique_name_espn_board_drbl,HIGH_CONFIDENCE_UNIQUE_NAME,ALIAS
2025-26,P.J. Washington,pjwashington,4278078,1629023,unique_name_espn_board_drbl,HIGH_CONFIDENCE_UNIQUE_NAME,ALIAS
2025-26,Ivica Zubac,ivicazubac,4017837,1627826,unique_name_espn_board_drbl,HIGH_CONFIDENCE_UNIQUE_NAME,ALIAS
2025-26,Kelly Oubre Jr.,kellyoubrejr,3133603,1626162,unique_name_espn_board_drbl,HIGH_CONFIDENCE_UNIQUE_NAME,ALIAS
2025-26,Santi Aldama,santialdama,4593125,1630583,unique_name_espn_board_drbl,HIGH_CONFIDENCE_UNIQUE_NAME,ALIAS
2025-26,Keegan Murray,keeganmurray,4594327,1631099,unique_name_espn_board_drbl,HIGH_CONFIDENCE_UNIQUE_NAME,ALIAS
2025-26,Aaron Nesmith,aaronnesmith,4396909,1630174,unique_name_espn_board_drbl,HIGH_CONFIDENCE_UNIQUE_NAME,ALIAS
2025-26,Jalen Suggs,jalensuggs,4432165,1630591,unique_name_espn_board_drbl,HIGH_CONFIDENCE_UNIQUE_NAME,ALIAS
2025-26,De'Andre Hunter,deandrehunter,4065732,1629631,unique_name_espn_board_drbl,HIGH_CONFIDENCE_UNIQUE_NAME,ALIAS
2025-26,Zach Edey,zachedey,4600663,1641744,unique_name_espn_board_drbl,HIGH_CONFIDENCE_UNIQUE_NAME,ALIAS
2025-26,Ajay Mitchell,ajaymitchell,4900671,1642349,unique_name_espn_board_drbl,HIGH_CONFIDENCE_UNIQUE_NAME,ALIAS
2025-26,Cam Thomas,camthomas,4432174,1630560,unique_name_espn_board_drbl,HIGH_CONFIDENCE_UNIQUE_NAME,ALIAS
2025-26,Jordan Poole,jordanpoole,4277956,1629673,unique_name_espn_board_drbl,HIGH_CONFIDENCE_UNIQUE_NAME,ALIAS
2025-26,Sam Merrill,sammerrill,4066757,1630241,unique_name_espn_board_drbl,HIGH_CONFIDENCE_UNIQUE_NAME,ALIAS
2025-26,GG Jackson,ggjackson,5105550,1641713,unique_name_espn_board_drbl,HIGH_CONFIDENCE_UNIQUE_NAME,ALIAS
2025-26,De'Anthony Melton,deanthonymelton,4066436,1629001,unique_name_espn_board_drbl,HIGH_CONFIDENCE_UNIQUE_NAME,ALIAS
2025-26,Cameron Johnson,cameronjohnson,3138196,1629661,unique_name_espn_board_drbl,HIGH_CONFIDENCE_UNIQUE_NAME,ALIAS
2025-26,Jonathan Kuminga,jonathankuminga,4433247,1630228,unique_name_espn_board_drbl,HIGH_CONFIDENCE_UNIQUE_NAME,ALIAS
2025-26,Tristen Newton,tristennewton,4592965,1641803,unique_name_espn_board_drbl,HIGH_CONFIDENCE_UNIQUE_NAME,ALIAS
2025-26,Miles McBride,milesmcbride,4431823,1630540,unique_name_espn_board_drbl,HIGH_CONFIDENCE_UNIQUE_NAME,ALIAS
2025-26,Christian Braun,christianbraun,4431767,1631128,unique_name_espn_board_drbl,HIGH_CONFIDENCE_UNIQUE_NAME,ALIAS
2025-26,Blake Hinson,blakehinson,4396963,1642396,unique_name_espn_board_drbl,HIGH_CONFIDENCE_UNIQUE_NAME,ALIAS
2025-26,Julian Reese,julianreese,4683742,1642882,unique_name_espn_board_drbl,HIGH_CONFIDENCE_UNIQUE_NAME,ALIAS
2025-26,Bilal Coulibaly,bilalcoulibaly,5104155,1641731,unique_name_espn_board_drbl,HIGH_CONFIDENCE_UNIQUE_NAME,ALIAS
2025-26,Obi Toppin,obitoppin,4278355,1630167,unique_name_espn_board_drbl,HIGH_CONFIDENCE_UNIQUE_NAME,ALIAS
2025-26,Scotty Pippen Jr.,scottypippenjr,4431785,1630590,unique_name_espn_board_drbl,HIGH_CONFIDENCE_UNIQUE_NAME,ALIAS
2025-26,Max Strus,maxstrus,4065778,1629622,unique_name_espn_board_drbl,HIGH_CONFIDENCE_UNIQUE_NAME,ALIAS
2025-26,Alondes Williams,alondeswilliams,4592216,1631214,unique_name_espn_board_drbl,HIGH_CONFIDENCE_UNIQUE_NAME,ALIAS
2025-26,Jusuf Nurkic,jusufnurkic,3102530,203994,unique_name_espn_board_drbl,HIGH_CONFIDENCE_UNIQUE_NAME,ALIAS
2025-26,Daeqwon Plowden,daeqwonplowden,4279318,1631342,unique_name_espn_board_drbl,HIGH_CONFIDENCE_UNIQUE_NAME,ALIAS
2025-26,Tyler Burton,tylerburton,4431914,1631174,unique_name_espn_board_drbl,HIGH_CONFIDENCE_UNIQUE_NAME,ALIAS
2025-26,Jakob Poeltl,jakobpoeltl,3134908,1627751,unique_name_espn_board_drbl,HIGH_CONFIDENCE_UNIQUE_NAME,ALIAS
2025-26,Lucas Williamson,lucaswilliamson,4279147,1631351,unique_name_espn_board_drbl,HIGH_CONFIDENCE_UNIQUE_NAME,ALIAS
2025-26,Caleb Love,caleblove,4433144,1631126,unique_name_espn_board_drbl,HIGH_CONFIDENCE_UNIQUE_NAME,ALIAS
2025-26,Adama Bal,adamabal,4896365,1642380,unique_name_espn_board_drbl,HIGH_CONFIDENCE_UNIQUE_NAME,ALIAS
2025-26,DaQuan Jeffries,daquanjeffries,3913220,1629610,unique_name_espn_board_drbl,HIGH_CONFIDENCE_UNIQUE_NAME,ALIAS
2025-26,Egor Demin,egordemin,5175643,1642856,unique_name_espn_board_drbl,HIGH_CONFIDENCE_UNIQUE_NAME,ALIAS
2025-26,Ziaire Williams,ziairewilliams,4433137,1630533,unique_name_espn_board_drbl,HIGH_CONFIDENCE_UNIQUE_NAME,ALIAS
2025-26,Jalen Smith,jalensmith,4397189,1630188,unique_name_espn_board_drbl,HIGH_CONFIDENCE_UNIQUE_NAME,ALIAS
2025-26,D'Angelo Russell,dangelorussell,3136776,1626156,unique_name_espn_board_drbl,HIGH_CONFIDENCE_UNIQUE_NAME,ALIAS
2025-26,Derrick Jones Jr.,derrickjonesjr,3936099,1627884,unique_name_espn_board_drbl,HIGH_CONFIDENCE_UNIQUE_NAME,ALIAS
2025-26,Olivier-Maxence Prosper,oliviermaxenceprosper,4595400,1641765,unique_name_espn_board_drbl,HIGH_CONFIDENCE_UNIQUE_NAME,ALIAS
2025-26,Toby Okani,tobyokani,4700873,1643253,unique_name_espn_board_drbl,HIGH_CONFIDENCE_UNIQUE_NAME,ALIAS
2025-26,Micah Potter,micahpotter,4066399,1630695,unique_name_espn_board_drbl,HIGH_CONFIDENCE_UNIQUE_NAME,ALIAS
2025-26,Zach Collins,zachcollins,4066650,1628380,unique_name_espn_board_drbl,HIGH_CONFIDENCE_UNIQUE_NAME,ALIAS
2025-26,Javon Small,javonsmall,4781746,1642914,unique_name_espn_board_drbl,HIGH_CONFIDENCE_UNIQUE_NAME,ALIAS
2025-26,Daniel Gafford,danielgafford,4278049,1629655,unique_name_espn_board_drbl,HIGH_CONFIDENCE_UNIQUE_NAME,ALIAS
2025-26,Svi Mykhailiuk,svimykhailiuk,3133602,1629004,unique_name_espn_board_drbl,HIGH_CONFIDENCE_UNIQUE_NAME,ALIAS
2025-26,T.J. McConnell,tjmcconnell,2530530,204456,unique_name_espn_board_drbl,HIGH_CONFIDENCE_UNIQUE_NAME,ALIAS
2025-26,Landry Shamet,landryshamet,3914044,1629013,unique_name_espn_board_drbl,HIGH_CONFIDENCE_UNIQUE_NAME,ALIAS
2025-26,Taurean Prince,taureanprince,2990962,1627752,unique_name_espn_board_drbl,HIGH_CONFIDENCE_UNIQUE_NAME,ALIAS
2025-26,Isaiah Hartenstein,isaiahhartenstein,4222252,1628392,unique_name_espn_board_drbl,HIGH_CONFIDENCE_UNIQUE_NAME,ALIAS
2025-26,Cam Whitmore,camwhitmore,5105592,1641715,unique_name_espn_board_drbl,HIGH_CONFIDENCE_UNIQUE_NAME,ALIAS
2025-26,Jaden Hardy,jadenhardy,4868423,1630702,unique_name_espn_board_drbl,HIGH_CONFIDENCE_UNIQUE_NAME,ALIAS
2025-26,Quenton Jackson,quentonjackson,4592829,1631245,unique_name_espn_board_drbl,HIGH_CONFIDENCE_UNIQUE_NAME,ALIAS
2025-26,Tristan Vukcevic,tristanvukcevic,4997537,1641774,unique_name_espn_board_drbl,HIGH_CONFIDENCE_UNIQUE_NAME,ALIAS
2025-26,Devin Carter,devincarter,4433188,1642269,unique_name_espn_board_drbl,HIGH_CONFIDENCE_UNIQUE_NAME,ALIAS
2025-26,Danny Wolf,dannywolf,5107173,1642874,unique_name_espn_board_drbl,HIGH_CONFIDENCE_UNIQUE_NAME,ALIAS
2025-26,Nolan Traore,nolantraore,5279130,1642849,unique_name_espn_board_drbl,HIGH_CONFIDENCE_UNIQUE_NAME,ALIAS
2025-26,Herbert Jones,herbertjones,4277813,1630529,unique_name_espn_board_drbl,HIGH_CONFIDENCE_UNIQUE_NAME,ALIAS
2025-26,John Poulakidas,johnpoulakidas,4898238,1642967,unique_name_espn_board_drbl,HIGH_CONFIDENCE_UNIQUE_NAME,ALIAS
2025-26,Payton Sandfort,paytonsandfort,4697270,1642362,unique_name_espn_board_drbl,HIGH_CONFIDENCE_UNIQUE_NAME,ALIAS
2025-26,Jaden Ivey,jadenivey,4433218,1631093,unique_name_espn_board_drbl,HIGH_CONFIDENCE_UNIQUE_NAME,ALIAS
2025-26,Collin Murray-Boyles,collinmurrayboyles,5093267,1642867,unique_name_espn_board_drbl,HIGH_CONFIDENCE_UNIQUE_NAME,ALIAS
2025-26,Kentavious Caldwell-Pope,kentaviouscaldwellpope,2581018,203484,unique_name_espn_board_drbl,HIGH_CONFIDENCE_UNIQUE_NAME,ALIAS
2025-26,Josh Oduro,joshoduro,4432068,1642490,unique_name_espn_board_drbl,HIGH_CONFIDENCE_UNIQUE_NAME,ALIAS
2025-26,Kadary Richmond,kadaryrichmond,4701845,1642955,unique_name_espn_board_drbl,HIGH_CONFIDENCE_UNIQUE_NAME,ALIAS
2025-26,Al Horford,alhorford,3213,201143,unique_name_espn_board_drbl,HIGH_CONFIDENCE_UNIQUE_NAME,ALIAS
2025-26,Malachi Smith,malachismith,4397784,1641869,unique_name_espn_board_drbl,HIGH_CONFIDENCE_UNIQUE_NAME,ALIAS
2025-26,LJ Cryer,ljcryer,4433149,1643018,unique_name_espn_board_drbl,HIGH_CONFIDENCE_UNIQUE_NAME,ALIAS
2025-26,Chaney Johnson,chaneyjohnson,5174655,1643052,unique_name_espn_board_drbl,HIGH_CONFIDENCE_UNIQUE_NAME,ALIAS
2025-26,Bradley Beal,bradleybeal,6580,203078,unique_name_espn_board_drbl,HIGH_CONFIDENCE_UNIQUE_NAME,ALIAS
2025-26,Bez Mbeng,bezmbeng,4898237,1643016,unique_name_espn_board_drbl,HIGH_CONFIDENCE_UNIQUE_NAME,ALIAS
2025-26,Sharife Cooper,sharifecooper,4432173,1630536,unique_name_espn_board_drbl,HIGH_CONFIDENCE_UNIQUE_NAME,ALIAS
2025-26,Bryce McGowens,brycemcgowens,4576086,1631121,unique_name_espn_board_drbl,HIGH_CONFIDENCE_UNIQUE_NAME,ALIAS
2025-26,Trevon Scott,trevonscott,3934620,1630286,unique_name_espn_board_drbl,HIGH_CONFIDENCE_UNIQUE_NAME,ALIAS
2025-26,DeJon Jarreau,dejonjarreau,4066796,1630610,unique_name_espn_board_drbl,HIGH_CONFIDENCE_UNIQUE_NAME,ALIAS
2025-26,Nate Williams,natewilliams,4397821,1631466,unique_name_espn_board_drbl,HIGH_CONFIDENCE_UNIQUE_NAME,ALIAS
2025-26,Mouhamadou Gueye,mouhamadougueye,4592933,1631338,unique_name_espn_board_drbl,HIGH_CONFIDENCE_UNIQUE_NAME,ALIAS
2025-26,David Roddy,davidroddy,4593041,1631223,unique_name_espn_board_drbl,HIGH_CONFIDENCE_UNIQUE_NAME,ALIAS
2025-26,Tyson Etienne,tysonetienne,4432887,1630623,unique_name_espn_board_drbl,HIGH_CONFIDENCE_UNIQUE_NAME,ALIAS
2025-26,Leonard Miller,leonardmiller,5044385,1631159,unique_name_espn_board_drbl,HIGH_CONFIDENCE_UNIQUE_NAME,ALIAS
2025-26,Oscar Tshiebwe,oscartshiebwe,4432827,1631131,unique_name_espn_board_drbl,HIGH_CONFIDENCE_UNIQUE_NAME,ALIAS
2025-26,Buddy Hield,buddyhield,2990984,1627741,unique_name_espn_board_drbl,HIGH_CONFIDENCE_UNIQUE_NAME,ALIAS
2025-26,Ousmane Dieng,ousmanedieng,4997526,1631172,unique_name_espn_board_drbl,HIGH_CONFIDENCE_UNIQUE_NAME,ALIAS
2025-26,Ben Saraf,bensaraf,5242502,1642879,unique_name_espn_board_drbl,HIGH_CONFIDENCE_UNIQUE_NAME,ALIAS
2025-26,Vince Williams Jr.,vincewilliamsjr,4397227,1631246,unique_name_espn_board_drbl,HIGH_CONFIDENCE_UNIQUE_NAME,ALIAS
2025-26,Bogdan Bogdanovic,bogdanbogdanovic,3037789,203992,unique_name_espn_board_drbl,HIGH_CONFIDENCE_UNIQUE_NAME,ALIAS
2025-26,Josh Minott,joshminott,4687718,1631169,unique_name_espn_board_drbl,HIGH_CONFIDENCE_UNIQUE_NAME,ALIAS
2025-26,Cameron Payne,cameronpayne,3064230,1626166,unique_name_espn_board_drbl,HIGH_CONFIDENCE_UNIQUE_NAME,ALIAS
2025-26,Jamir Watkins,jamirwatkins,4606840,1642364,unique_name_espn_board_drbl,HIGH_CONFIDENCE_UNIQUE_NAME,ALIAS
2025-26,Nikola Jovic,nikolajovic,4997528,1631107,unique_name_espn_board_drbl,HIGH_CONFIDENCE_UNIQUE_NAME,ALIAS
2025-26,Jalen Slawson,jalenslawson,4398207,1641771,unique_name_espn_board_drbl,HIGH_CONFIDENCE_UNIQUE_NAME,ALIAS
2025-26,Julian Strawther,julianstrawther,4432181,1631124,unique_name_espn_board_drbl,HIGH_CONFIDENCE_UNIQUE_NAME,ALIAS
2025-26,Seth Curry,sethcurry,2326307,203552,unique_name_espn_board_drbl,HIGH_CONFIDENCE_UNIQUE_NAME,ALIAS
2025-26,Leaky Black,leakyblack,4395650,1641778,unique_name_espn_board_drbl,HIGH_CONFIDENCE_UNIQUE_NAME,ALIAS
2025-26,Grant Williams,grantwilliams,4066218,1629684,unique_name_espn_board_drbl,HIGH_CONFIDENCE_UNIQUE_NAME,ALIAS
2025-26,Lawson Lovering,lawsonlovering,4596528,1643133,unique_name_espn_board_drbl,HIGH_CONFIDENCE_UNIQUE_NAME,ALIAS
2025-26,Ethan Thompson,ethanthompson,4278516,1630679,unique_name_espn_board_drbl,HIGH_CONFIDENCE_UNIQUE_NAME,ALIAS
2025-26,Moritz Wagner,moritzwagner,3150844,1629021,unique_name_espn_board_drbl,HIGH_CONFIDENCE_UNIQUE_NAME,ALIAS
2025-26,Elijah Harkless,elijahharkless,4397449,1641989,unique_name_espn_board_drbl,HIGH_CONFIDENCE_UNIQUE_NAME,ALIAS
2025-26,MarJon Beauchamp,marjonbeauchamp,4432179,1630699,unique_name_espn_board_drbl,HIGH_CONFIDENCE_UNIQUE_NAME,ALIAS
2025-26,Isaiah Jackson,isaiahjackson,4432170,1630543,unique_name_espn_board_drbl,HIGH_CONFIDENCE_UNIQUE_NAME,ALIAS
2025-26,Kevin Love,kevinlove,3449,201567,unique_name_espn_board_drbl,HIGH_CONFIDENCE_UNIQUE_NAME,ALIAS
2025-26,Cole Anthony,coleanthony,4432809,1630175,unique_name_espn_board_drbl,HIGH_CONFIDENCE_UNIQUE_NAME,ALIAS
2025-26,Trendon Watford,trendonwatford,4431675,1630570,unique_name_espn_board_drbl,HIGH_CONFIDENCE_UNIQUE_NAME,ALIAS
2025-26,Kenrich Williams,kenrichwilliams,3133626,1629026,unique_name_espn_board_drbl,HIGH_CONFIDENCE_UNIQUE_NAME,ALIAS
2025-26,Jevon Carter,jevoncarter,3133635,1628975,unique_name_espn_board_drbl,HIGH_CONFIDENCE_UNIQUE_NAME,ALIAS
2025-26,Jalen Wilson,jalenwilson,4431714,1630592,unique_name_espn_board_drbl,HIGH_CONFIDENCE_UNIQUE_NAME,ALIAS
2025-26,Tyrese Martin,tyresemartin,4397179,1631213,unique_name_espn_board_drbl,HIGH_CONFIDENCE_UNIQUE_NAME,ALIAS
2025-26,Alex Caruso,alexcaruso,2991350,1627936,unique_name_espn_board_drbl,HIGH_CONFIDENCE_UNIQUE_NAME,ALIAS
2025-26,Jahmai Mashack,jahmaimashack,4683934,1642942,unique_name_espn_board_drbl,HIGH_CONFIDENCE_UNIQUE_NAME,ALIAS
2025-26,Kasparas Jakucionis,kasparasjakucionis,5214640,1642857,unique_name_espn_board_drbl,HIGH_CONFIDENCE_UNIQUE_NAME,ALIAS
2025-26,Kyle Anderson,kyleanderson,2993874,203937,unique_name_espn_board_drbl,HIGH_CONFIDENCE_UNIQUE_NAME,ALIAS
2025-26,Nick Smith Jr.,nicksmithjr,4683686,1641733,unique_name_espn_board_drbl,HIGH_CONFIDENCE_UNIQUE_NAME,ALIAS
2025-26,Mac McClung,macmcclung,4397071,1630644,unique_name_espn_board_drbl,HIGH_CONFIDENCE_UNIQUE_NAME,ALIAS
2025-26,Hayden Gray,haydengray,5176420,1643060,unique_name_espn_board_drbl,HIGH_CONFIDENCE_UNIQUE_NAME,ALIAS
2025-26,Tidjane Salaun,tidjanesalaun,5211176,1642275,unique_name_espn_board_drbl,HIGH_CONFIDENCE_UNIQUE_NAME,ALIAS
2025-26,Charles Bassey,charlesbassey,4397886,1629646,unique_name_espn_board_drbl,HIGH_CONFIDENCE_UNIQUE_NAME,ALIAS
2025-26,Steven Adams,stevenadams,2991235,203500,unique_name_espn_board_drbl,HIGH_CONFIDENCE_UNIQUE_NAME,ALIAS
2025-26,Anthony Gill,anthonygill,2581184,1630264,unique_name_espn_board_drbl,HIGH_CONFIDENCE_UNIQUE_NAME,ALIAS
2025-26,Kris Murray,krismurray,4594326,1631200,unique_name_espn_board_drbl,HIGH_CONFIDENCE_UNIQUE_NAME,ALIAS
2025-26,Matisse Thybulle,matissethybulle,3907498,1629680,unique_name_espn_board_drbl,HIGH_CONFIDENCE_UNIQUE_NAME,ALIAS
2025-26,Branden Carlson,brandencarlson,4592435,1642382,unique_name_espn_board_drbl,HIGH_CONFIDENCE_UNIQUE_NAME,ALIAS
2025-26,Nick Richards,nickrichards,4278076,1630208,unique_name_espn_board_drbl,HIGH_CONFIDENCE_UNIQUE_NAME,ALIAS
2025-26,Jamaree Bouyea,jamareebouyea,4280245,1631123,unique_name_espn_board_drbl,HIGH_CONFIDENCE_UNIQUE_NAME,ALIAS
2025-26,Doug McDermott,dougmcdermott,2528588,203926,unique_name_espn_board_drbl,HIGH_CONFIDENCE_UNIQUE_NAME,ALIAS
2025-26,E.J. Liddell,ejliddell,4432821,1630604,unique_name_espn_board_drbl,HIGH_CONFIDENCE_UNIQUE_NAME,ALIAS
2025-26,Terrence Shannon Jr.,terrenceshannonjr,4432847,1630545,unique_name_espn_board_drbl,HIGH_CONFIDENCE_UNIQUE_NAME,ALIAS
2025-26,Killian Hayes,killianhayes,4683024,1630165,unique_name_espn_board_drbl,HIGH_CONFIDENCE_UNIQUE_NAME,ALIAS
2025-26,Eric Gordon,ericgordon,3431,201569,unique_name_espn_board_drbl,HIGH_CONFIDENCE_UNIQUE_NAME,ALIAS
2025-26,Tre Mann,tremann,4432819,1630544,unique_name_espn_board_drbl,HIGH_CONFIDENCE_UNIQUE_NAME,ALIAS
2025-26,Aaron Holiday,aaronholiday,3922230,1628988,unique_name_espn_board_drbl,HIGH_CONFIDENCE_UNIQUE_NAME,ALIAS
2025-26,Jett Howard,jetthoward,5105806,1641724,unique_name_espn_board_drbl,HIGH_CONFIDENCE_UNIQUE_NAME,ALIAS
2025-26,Tyrese Proctor,tyreseproctor,5023693,1642878,unique_name_espn_board_drbl,HIGH_CONFIDENCE_UNIQUE_NAME,ALIAS
2025-26,Haywood Highsmith,haywoodhighsmith,4291678,1629312,unique_name_espn_board_drbl,HIGH_CONFIDENCE_UNIQUE_NAME,ALIAS
2025-26,Dylan Cardwell,dylancardwell,4433174,1642928,unique_name_espn_board_drbl,HIGH_CONFIDENCE_UNIQUE_NAME,ALIAS
2025-26,Pete Nance,petenance,4397233,1631250,unique_name_espn_board_drbl,HIGH_CONFIDENCE_UNIQUE_NAME,ALIAS
2025-26,Jamal Cain,jamalcain,4278572,1631288,unique_name_espn_board_drbl,HIGH_CONFIDENCE_UNIQUE_NAME,ALIAS
2025-26,Trey Alexander,treyalexander,4433268,1641725,unique_name_espn_board_drbl,HIGH_CONFIDENCE_UNIQUE_NAME,ALIAS
2025-26,Drew Eubanks,dreweubanks,3914285,1629234,unique_name_espn_board_drbl,HIGH_CONFIDENCE_UNIQUE_NAME,ALIAS
2025-26,Garrison Mathews,garrisonmathews,3913180,1629726,unique_name_espn_board_drbl,HIGH_CONFIDENCE_UNIQUE_NAME,ALIAS
2025-26,Jalen Pickett,jalenpickett,4398390,1629618,unique_name_espn_board_drbl,HIGH_CONFIDENCE_UNIQUE_NAME,ALIAS
2025-26,Andersson Garcia,anderssongarcia,4702431,1643158,unique_name_espn_board_drbl,HIGH_CONFIDENCE_UNIQUE_NAME,ALIAS
2025-26,Nikola Topic,nikolatopic,5159925,1642260,unique_name_espn_board_drbl,HIGH_CONFIDENCE_UNIQUE_NAME,ALIAS
2025-26,Marcus Sasser,marcussasser,4432107,1631204,unique_name_espn_board_drbl,HIGH_CONFIDENCE_UNIQUE_NAME,ALIAS
2025-26,Asa Newell,asanewell,4873201,1642854,unique_name_espn_board_drbl,HIGH_CONFIDENCE_UNIQUE_NAME,ALIAS
2025-26,Johnny Furphy,johnnyfurphy,5157066,1642277,unique_name_espn_board_drbl,HIGH_CONFIDENCE_UNIQUE_NAME,ALIAS
2025-26,Jordan Hawkins,jordanhawkins,4683750,1641722,unique_name_espn_board_drbl,HIGH_CONFIDENCE_UNIQUE_NAME,ALIAS
2025-26,Blake Wesley,blakewesley,4683935,1631104,unique_name_espn_board_drbl,HIGH_CONFIDENCE_UNIQUE_NAME,ALIAS
2025-26,Tyler Smith,tylersmith,5167876,1641890,unique_name_espn_board_drbl,HIGH_CONFIDENCE_UNIQUE_NAME,ALIAS
2025-26,Zyon Pullin,zyonpullin,4592979,1642389,unique_name_espn_board_drbl,HIGH_CONFIDENCE_UNIQUE_NAME,ALIAS
2025-26,Jeremiah Robinson-Earl,jeremiahrobinsonearl,4432813,1630526,unique_name_espn_board_drbl,HIGH_CONFIDENCE_UNIQUE_NAME,ALIAS
2025-26,Lonzo Ball,lonzoball,4066421,1628366,unique_name_espn_board_drbl,HIGH_CONFIDENCE_UNIQUE_NAME,ALIAS
2025-26,Malaki Branham,malakibranham,4565201,1631103,unique_name_espn_board_drbl,HIGH_CONFIDENCE_UNIQUE_NAME,ALIAS
2025-26,KJ Simpson,kjsimpson,4683834,1642354,unique_name_espn_board_drbl,HIGH_CONFIDENCE_UNIQUE_NAME,ALIAS
2025-26,Mike Conley,mikeconley,3195,201144,unique_name_espn_board_drbl,HIGH_CONFIDENCE_UNIQUE_NAME,ALIAS
2025-26,PJ Hall,pjhall,4701225,1641790,unique_name_espn_board_drbl,HIGH_CONFIDENCE_UNIQUE_NAME,ALIAS
2025-26,Taelon Peter,taelonpeter,4703421,1643007,unique_name_espn_board_drbl,HIGH_CONFIDENCE_UNIQUE_NAME,ALIAS
2025-26,Moussa Cisse,moussacisse,4701208,1630619,unique_name_espn_board_drbl,HIGH_CONFIDENCE_UNIQUE_NAME,ALIAS
2025-26,John Konchar,johnkonchar,3134932,1629723,unique_name_espn_board_drbl,HIGH_CONFIDENCE_UNIQUE_NAME,ALIAS
2025-26,Jase Richardson,jaserichardson,5239561,1642859,unique_name_espn_board_drbl,HIGH_CONFIDENCE_UNIQUE_NAME,ALIAS
2025-26,DeAndre Jordan,deandrejordan,3442,201599,unique_name_espn_board_drbl,HIGH_CONFIDENCE_UNIQUE_NAME,ALIAS
2025-26,Kam Jones,kamjones,4697268,1642880,unique_name_espn_board_drbl,HIGH_CONFIDENCE_UNIQUE_NAME,ALIAS
2025-26,Gabe Vincent,gabevincent,3137259,1629216,unique_name_espn_board_drbl,HIGH_CONFIDENCE_UNIQUE_NAME,ALIAS
2025-26,RayJ Dennis,rayjdennis,4431941,1642484,unique_name_espn_board_drbl,HIGH_CONFIDENCE_UNIQUE_NAME,ALIAS
2025-26,Skal Labissiere,skallabissiere,3936296,1627746,unique_name_espn_board_drbl,HIGH_CONFIDENCE_UNIQUE_NAME,ALIAS
2025-26,Rasheer Fleming,rasheerfleming,5105977,1642853,unique_name_espn_board_drbl,HIGH_CONFIDENCE_UNIQUE_NAME,ALIAS
2025-26,Yanic Konan Niederhauser,yanickonanniederhauser,5108024,1642949,unique_name_espn_board_drbl,HIGH_CONFIDENCE_UNIQUE_NAME,ALIAS
2025-26,Dereck Lively II,derecklivelyii,4683688,1641726,unique_name_espn_board_drbl,HIGH_CONFIDENCE_UNIQUE_NAME,ALIAS
2025-26,Liam McNeeley,liammcneeley,5239590,1642862,unique_name_espn_board_drbl,HIGH_CONFIDENCE_UNIQUE_NAME,ALIAS
2025-26,Keshad Johnson,keshadjohnson,4431786,1642352,unique_name_espn_board_drbl,HIGH_CONFIDENCE_UNIQUE_NAME,ALIAS
2025-26,Keshon Gilbert,keshongilbert,4585618,1642933,unique_name_espn_board_drbl,HIGH_CONFIDENCE_UNIQUE_NAME,ALIAS
2025-26,Grant Nelson,grantnelson,4702670,1641761,unique_name_espn_board_drbl,HIGH_CONFIDENCE_UNIQUE_NAME,ALIAS
2025-26,Ron Harper Jr.,ronharperjr,4397251,1631199,unique_name_espn_board_drbl,HIGH_CONFIDENCE_UNIQUE_NAME,ALIAS
2025-26,Dalton Knecht,daltonknecht,4897943,1642261,unique_name_espn_board_drbl,HIGH_CONFIDENCE_UNIQUE_NAME,ALIAS
2025-26,A.J. Lawson,ajlawson,4067017,1630639,unique_name_espn_board_drbl,HIGH_CONFIDENCE_UNIQUE_NAME,ALIAS
2025-26,Tristan Enaruna,tristanenaruna,4431734,1642400,unique_name_espn_board_drbl,HIGH_CONFIDENCE_UNIQUE_NAME,ALIAS
2025-26,Brandon Clarke,brandonclarke,3906665,1629634,unique_name_espn_board_drbl,HIGH_CONFIDENCE_UNIQUE_NAME,ALIAS
2025-26,Tony Bradley,tonybradley,4065673,1628396,unique_name_espn_board_drbl,HIGH_CONFIDENCE_UNIQUE_NAME,ALIAS
2025-26,Joan Beringer,joanberinger,5279133,1642866,unique_name_espn_board_drbl,HIGH_CONFIDENCE_UNIQUE_NAME,ALIAS
2025-26,Riley Minix,rileyminix,5177362,1642434,unique_name_espn_board_drbl,HIGH_CONFIDENCE_UNIQUE_NAME,ALIAS
2025-26,Omer Yurtseven,omeryurtseven,3074213,1630209,unique_name_espn_board_drbl,HIGH_CONFIDENCE_UNIQUE_NAME,ALIAS
2025-26,Koby Brea,kobybrea,4591259,1642886,unique_name_espn_board_drbl,HIGH_CONFIDENCE_UNIQUE_NAME,ALIAS
2025-26,Larry Nance Jr.,larrynancejr,2580365,1626204,unique_name_espn_board_drbl,HIGH_CONFIDENCE_UNIQUE_NAME,ALIAS
2025-26,Tolu Smith,tolusmith,4397882,1642449,unique_name_espn_board_drbl,HIGH_CONFIDENCE_UNIQUE_NAME,ALIAS
2025-26,DaRon Holmes II,daronholmesii,4433607,1641747,unique_name_espn_board_drbl,HIGH_CONFIDENCE_UNIQUE_NAME,ALIAS
2025-26,Dalen Terry,dalenterry,4433159,1631207,unique_name_espn_board_drbl,HIGH_CONFIDENCE_UNIQUE_NAME,ALIAS
2025-26,Patrick Baldwin Jr.,patrickbaldwinjr,4433246,1631116,unique_name_espn_board_drbl,HIGH_CONFIDENCE_UNIQUE_NAME,ALIAS
2025-26,Zeke Nnaji,zekennaji,4431690,1630192,unique_name_espn_board_drbl,HIGH_CONFIDENCE_UNIQUE_NAME,ALIAS
2025-26,Myron Gardner,myrongardner,4431772,1642066,unique_name_espn_board_drbl,HIGH_CONFIDENCE_UNIQUE_NAME,ALIAS
2025-26,Jeremy Sochan,jeremysochan,4610139,1631110,unique_name_espn_board_drbl,HIGH_CONFIDENCE_UNIQUE_NAME,ALIAS
2025-26,Keaton Wallace,keatonwallace,4279118,1630811,unique_name_espn_board_drbl,HIGH_CONFIDENCE_UNIQUE_NAME,ALIAS
2025-26,Olivier Sarr,oliviersarr,4278046,1630846,unique_name_espn_board_drbl,HIGH_CONFIDENCE_UNIQUE_NAME,ALIAS
2025-26,Yuki Kawamura,yukikawamura,5159895,1642530,unique_name_espn_board_drbl,HIGH_CONFIDENCE_UNIQUE_NAME,ALIAS
2025-26,Trayce Jackson-Davis,traycejacksondavis,4431684,1631218,unique_name_espn_board_drbl,HIGH_CONFIDENCE_UNIQUE_NAME,ALIAS
2025-26,Drew Timme,drewtimme,4431695,1631166,unique_name_espn_board_drbl,HIGH_CONFIDENCE_UNIQUE_NAME,ALIAS
2025-26,Taj Gibson,tajgibson,3986,201959,unique_name_espn_board_drbl,HIGH_CONFIDENCE_UNIQUE_NAME,ALIAS
2025-26,Isaiah Stevens,isaiahstevens,4432117,1641815,unique_name_espn_board_drbl,HIGH_CONFIDENCE_UNIQUE_NAME,ALIAS
2025-26,AJ Johnson,ajjohnson,5170947,1642358,unique_name_espn_board_drbl,HIGH_CONFIDENCE_UNIQUE_NAME,ALIAS
2025-26,Dorian Finney-Smith,dorianfinneysmith,2578185,1627827,unique_name_espn_board_drbl,HIGH_CONFIDENCE_UNIQUE_NAME,ALIAS
2025-26,Malevy Leons,malevyleons,4897449,1642502,unique_name_espn_board_drbl,HIGH_CONFIDENCE_UNIQUE_NAME,ALIAS
2025-26,James Wiseman,jameswiseman,4432808,1630164,unique_name_espn_board_drbl,HIGH_CONFIDENCE_UNIQUE_NAME,ALIAS
2025-26,Enrique Freeman,enriquefreeman,4592699,1642402,unique_name_espn_board_drbl,HIGH_CONFIDENCE_UNIQUE_NAME,ALIAS
2025-26,Amir Coffey,amircoffey,4066387,1629599,unique_name_espn_board_drbl,HIGH_CONFIDENCE_UNIQUE_NAME,ALIAS
2025-26,Kelly Olynyk,kellyolynyk,2489663,203482,unique_name_espn_board_drbl,HIGH_CONFIDENCE_UNIQUE_NAME,ALIAS
2025-26,Alex Antetokounmpo,alexantetokounmpo,4432452,1630828,unique_name_espn_board_drbl,HIGH_CONFIDENCE_UNIQUE_NAME,ALIAS
2025-26,Mark Sears,marksears,4703530,1641813,unique_name_espn_board_drbl,HIGH_CONFIDENCE_UNIQUE_NAME,ALIAS
2025-26,Miles Kelly,mileskelly,4696317,1642939,unique_name_espn_board_drbl,HIGH_CONFIDENCE_UNIQUE_NAME,ALIAS
2025-26,Khaman Maluach,khamanmaluach,5203685,1642863,unique_name_espn_board_drbl,HIGH_CONFIDENCE_UNIQUE_NAME,ALIAS
2025-26,Monte Morris,montemorris,3059310,1628420,unique_name_espn_board_drbl,HIGH_CONFIDENCE_UNIQUE_NAME,ALIAS
2025-26,Emanuel Miller,emanuelmiller,4432872,1641801,unique_name_espn_board_drbl,HIGH_CONFIDENCE_UNIQUE_NAME,ALIAS
2025-26,Chris Livingston,chrislivingston,4433622,1641753,unique_name_espn_board_drbl,HIGH_CONFIDENCE_UNIQUE_NAME,ALIAS
2025-26,CJ Huntley,cjhuntley,4702602,1643047,unique_name_espn_board_drbl,HIGH_CONFIDENCE_UNIQUE_NAME,ALIAS
2025-26,Chris Paul,chrispaul,2779,101108,unique_name_espn_board_drbl,HIGH_CONFIDENCE_UNIQUE_NAME,ALIAS
2025-26,Duop Reath,duopreath,4066268,1641871,unique_name_espn_board_drbl,HIGH_CONFIDENCE_UNIQUE_NAME,ALIAS
2025-26,Julian Phillips,julianphillips,5105553,1641763,unique_name_espn_board_drbl,HIGH_CONFIDENCE_UNIQUE_NAME,ALIAS
2025-26,David Jones Garcia,davidjonesgarcia,4713010,1642357,unique_name_espn_board_drbl,HIGH_CONFIDENCE_UNIQUE_NAME,ALIAS
2025-26,Bronny James,bronnyjames,4683774,1642355,unique_name_espn_board_drbl,HIGH_CONFIDENCE_UNIQUE_NAME,ALIAS
2025-26,Curtis Jones,curtisjones,4898369,1642938,unique_name_espn_board_drbl,HIGH_CONFIDENCE_UNIQUE_NAME,ALIAS
2025-26,Kobe Bufkin,kobebufkin,4683736,1641723,unique_name_espn_board_drbl,HIGH_CONFIDENCE_UNIQUE_NAME,ALIAS
2025-26,Cam Christie,camchristie,4845363,1642353,unique_name_espn_board_drbl,HIGH_CONFIDENCE_UNIQUE_NAME,ALIAS
2025-26,Norchad Omier,norchadomier,4702134,1641807,unique_name_espn_board_drbl,HIGH_CONFIDENCE_UNIQUE_NAME,ALIAS
2025-26,Kevon Looney,kevonlooney,3155535,1626172,unique_name_espn_board_drbl,HIGH_CONFIDENCE_UNIQUE_NAME,ALIAS
2025-26,Jae'Sean Tate,jaeseantate,3136777,1630256,unique_name_espn_board_drbl,HIGH_CONFIDENCE_UNIQUE_NAME,ALIAS
2025-26,Rocco Zikarsky,roccozikarsky,5157587,1642911,unique_name_espn_board_drbl,HIGH_CONFIDENCE_UNIQUE_NAME,ALIAS
2025-26,Christian Koloko,christiankoloko,4431778,1631132,unique_name_espn_board_drbl,HIGH_CONFIDENCE_UNIQUE_NAME,ALIAS
2025-26,Antonio Reeves,antonioreeves,4592686,1641810,unique_name_espn_board_drbl,HIGH_CONFIDENCE_UNIQUE_NAME,ALIAS
2025-26,Gary Harris,garyharris,2999547,203914,unique_name_espn_board_drbl,HIGH_CONFIDENCE_UNIQUE_NAME,ALIAS
2025-26,Pat Connaughton,patconnaughton,2578239,1626192,unique_name_espn_board_drbl,HIGH_CONFIDENCE_UNIQUE_NAME,ALIAS
2025-26,Jonathan Isaac,jonathanisaac,4065654,1628371,unique_name_espn_board_drbl,HIGH_CONFIDENCE_UNIQUE_NAME,ALIAS
2025-26,Mo Bamba,mobamba,4277919,1628964,unique_name_espn_board_drbl,HIGH_CONFIDENCE_UNIQUE_NAME,ALIAS
2025-26,John Tonje,johntonje,4593043,1642910,unique_name_espn_board_drbl,HIGH_CONFIDENCE_UNIQUE_NAME,ALIAS
2025-26,JD Davison,jddavison,4576085,1631120,unique_name_espn_board_drbl,HIGH_CONFIDENCE_UNIQUE_NAME,ALIAS
2025-26,Lachlan Olbrich,lachlanolbrich,5107156,1642950,unique_name_espn_board_drbl,HIGH_CONFIDENCE_UNIQUE_NAME,ALIAS
2025-26,Hunter Dickinson,hunterdickinson,4432180,1630621,unique_name_espn_board_drbl,HIGH_CONFIDENCE_UNIQUE_NAME,ALIAS
2025-26,Kevin McCullar Jr.,kevinmccullarjr,4411057,1641755,unique_name_espn_board_drbl,HIGH_CONFIDENCE_UNIQUE_NAME,ALIAS
2025-26,Lindy Waters III,lindywatersiii,4066317,1630322,unique_name_espn_board_drbl,HIGH_CONFIDENCE_UNIQUE_NAME,ALIAS
2025-26,Andre Jackson Jr.,andrejacksonjr,4432190,1641748,unique_name_espn_board_drbl,HIGH_CONFIDENCE_UNIQUE_NAME,ALIAS
2025-26,Chaz Lanier,chazlanier,4700852,1642404,unique_name_espn_board_drbl,HIGH_CONFIDENCE_UNIQUE_NAME,ALIAS
2025-26,Chris Boucher,chrisboucher,3948153,1628449,unique_name_espn_board_drbl,HIGH_CONFIDENCE_UNIQUE_NAME,ALIAS
2025-26,Caleb Houstan,calebhoustan,4433623,1631216,unique_name_espn_board_drbl,HIGH_CONFIDENCE_UNIQUE_NAME,ALIAS
2025-26,Luke Travers,luketravers,4997539,1631247,unique_name_espn_board_drbl,HIGH_CONFIDENCE_UNIQUE_NAME,ALIAS
2025-26,Jeff Green,jeffgreen,3209,201145,unique_name_espn_board_drbl,HIGH_CONFIDENCE_UNIQUE_NAME,ALIAS
2025-26,Alijah Martin,alijahmartin,4702656,1642918,unique_name_espn_board_drbl,HIGH_CONFIDENCE_UNIQUE_NAME,ALIAS
2025-26,Yang Hansen,yanghansen,5217746,1642905,unique_name_espn_board_drbl,HIGH_CONFIDENCE_UNIQUE_NAME,ALIAS
2025-26,Hunter Tyson,huntertyson,4395620,1641816,unique_name_espn_board_drbl,HIGH_CONFIDENCE_UNIQUE_NAME,ALIAS
2025-26,Ariel Hukporti,arielhukporti,4871141,1630574,unique_name_espn_board_drbl,HIGH_CONFIDENCE_UNIQUE_NAME,ALIAS
2025-26,Chris Youngblood,chrisyoungblood,4706557,1642959,unique_name_espn_board_drbl,HIGH_CONFIDENCE_UNIQUE_NAME,ALIAS
2025-26,Johnny Juzang,johnnyjuzang,4432817,1630548,unique_name_espn_board_drbl,HIGH_CONFIDENCE_UNIQUE_NAME,ALIAS
2025-26,Jordan McLaughlin,jordanmclaughlin,3134916,1629162,unique_name_espn_board_drbl,HIGH_CONFIDENCE_UNIQUE_NAME,ALIAS
2025-26,Maxi Kleber,maxikleber,2960236,1628467,unique_name_espn_board_drbl,HIGH_CONFIDENCE_UNIQUE_NAME,ALIAS
2025-26,Dalano Banton,dalanobanton,4397885,1630625,unique_name_espn_board_drbl,HIGH_CONFIDENCE_UNIQUE_NAME,ALIAS
2025-26,Colby Jones,colbyjones,4433378,,none,UNRESOLVED,UNMATCHED_ESPN
2025-26,Isaiah Crawford,isaiahcrawford,4592857,1642384,unique_name_espn_board_drbl,HIGH_CONFIDENCE_UNIQUE_NAME,ALIAS
2025-26,Alex Morales,alexmorales,4593034,1631457,unique_name_espn_board_drbl,HIGH_CONFIDENCE_UNIQUE_NAME,ALIAS
2025-26,Jayson Kent,jaysonkent,4703889,,none,UNRESOLVED,UNMATCHED_ESPN
2025-26,Trentyn Flowers,trentynflowers,5165257,,none,UNRESOLVED,UNMATCHED_ESPN
2025-26,Adou Thiero,adouthiero,5060631,1642876,unique_name_espn_board_drbl,HIGH_CONFIDENCE_UNIQUE_NAME,ALIAS
2025-26,Sean Pedulla,seanpedulla,4709131,1642951,unique_name_espn_board_drbl,HIGH_CONFIDENCE_UNIQUE_NAME,ALIAS
2025-26,Bobi Klintman,bobiklintman,4906923,1641752,unique_name_espn_board_drbl,HIGH_CONFIDENCE_UNIQUE_NAME,ALIAS
2025-26,Isaiah Livers,isaiahlivers,4277957,1630587,unique_name_espn_board_drbl,HIGH_CONFIDENCE_UNIQUE_NAME,ALIAS
2025-26,Jahmir Young,jahmiryoung,4433133,1642443,unique_name_espn_board_drbl,HIGH_CONFIDENCE_UNIQUE_NAME,ALIAS
2025-26,Cody Martin,codymartin,3138161,1628998,unique_name_espn_board_drbl,HIGH_CONFIDENCE_UNIQUE_NAME,ALIAS
2025-26,Orlando Robinson,orlandorobinson,4593049,1631115,unique_name_espn_board_drbl,HIGH_CONFIDENCE_UNIQUE_NAME,ALIAS
2025-26,Brooks Barnhizer,brooksbarnhizer,4684208,1642964,unique_name_espn_board_drbl,HIGH_CONFIDENCE_UNIQUE_NAME,ALIAS
2025-26,Wendell Moore Jr.,wendellmoorejr,4592187,1631111,unique_name_espn_board_drbl,HIGH_CONFIDENCE_UNIQUE_NAME,ALIAS
2025-26,Pacome Dadiet,pacomedadiet,5211983,1642359,unique_name_espn_board_drbl,HIGH_CONFIDENCE_UNIQUE_NAME,ALIAS
2025-26,Jacob Toppin,jacobtoppin,4592461,1631210,unique_name_espn_board_drbl,HIGH_CONFIDENCE_UNIQUE_NAME,ALIAS
2025-26,Harrison Ingram,harrisoningram,4433618,1631127,unique_name_espn_board_drbl,HIGH_CONFIDENCE_UNIQUE_NAME,ALIAS
2025-26,Mason Plumlee,masonplumlee,2488653,203486,unique_name_espn_board_drbl,HIGH_CONFIDENCE_UNIQUE_NAME,ALIAS
2025-26,Jonathan Mogbo,jonathanmogbo,5107897,1642367,unique_name_espn_board_drbl,HIGH_CONFIDENCE_UNIQUE_NAME,ALIAS
2025-26,Joe Ingles,joeingles,2968436,204060,unique_name_espn_board_drbl,HIGH_CONFIDENCE_UNIQUE_NAME,ALIAS
2025-26,Buddy Boeheim,buddyboeheim,4395676,1631205,unique_name_espn_board_drbl,HIGH_CONFIDENCE_UNIQUE_NAME,ALIAS
2025-26,Xavier Tillman,xaviertillman,4277964,1630214,unique_name_espn_board_drbl,HIGH_CONFIDENCE_UNIQUE_NAME,ALIAS
2025-26,Thanasis Antetokounmpo,thanasisantetokounmpo,3102533,203648,unique_name_espn_board_drbl,HIGH_CONFIDENCE_UNIQUE_NAME,ALIAS
2025-26,Amari Williams,amariwilliams,4702745,1642873,unique_name_espn_board_drbl,HIGH_CONFIDENCE_UNIQUE_NAME,ALIAS
2025-26,TyTy Washington Jr.,tytywashingtonjr,4683749,1631102,unique_name_espn_board_drbl,HIGH_CONFIDENCE_UNIQUE_NAME,ALIAS
2025-26,Dillon Jones,dillonjones,4702159,1641794,unique_name_espn_board_drbl,HIGH_CONFIDENCE_UNIQUE_NAME,ALIAS
2025-26,Isaac Jones,isaacjones,5107818,1642403,unique_name_espn_board_drbl,HIGH_CONFIDENCE_UNIQUE_NAME,ALIAS
2025-26,Nigel Hayes-Davis,nigelhayesdavis,3059409,1628502,unique_name_espn_board_drbl,HIGH_CONFIDENCE_UNIQUE_NAME,ALIAS
2025-26,Colin Castleton,colincastleton,4397204,1630658,unique_name_espn_board_drbl,HIGH_CONFIDENCE_UNIQUE_NAME,ALIAS
2025-26,Kyle Lowry,kylelowry,3012,200768,unique_name_espn_board_drbl,HIGH_CONFIDENCE_UNIQUE_NAME,ALIAS
2025-26,Javonte Cooke,javontecooke,4597259,1631451,unique_name_espn_board_drbl,HIGH_CONFIDENCE_UNIQUE_NAME,ALIAS
2025-26,Dario Saric,dariosaric,3032978,203967,unique_name_espn_board_drbl,HIGH_CONFIDENCE_UNIQUE_NAME,ALIAS
2025-26,Stanley Umude,stanleyumude,4279532,,none,UNRESOLVED,UNMATCHED_ESPN
2025-26,Trey Jemison III,treyjemisoniii,4395623,1641998,unique_name_espn_board_drbl,HIGH_CONFIDENCE_UNIQUE_NAME,ALIAS
2025-26,Trevor Keels,trevorkeels,4432645,1631211,unique_name_espn_board_drbl,HIGH_CONFIDENCE_UNIQUE_NAME,ALIAS
2025-26,Hunter Sallis,huntersallis,4433281,1642282,unique_name_espn_board_drbl,HIGH_CONFIDENCE_UNIQUE_NAME,ALIAS
2025-26,Bismack Biyombo,bismackbiyombo,6427,202687,unique_name_espn_board_drbl,HIGH_CONFIDENCE_UNIQUE_NAME,ALIAS
2025-26,Johni Broome,johnibroome,4433569,1641780,unique_name_espn_board_drbl,HIGH_CONFIDENCE_UNIQUE_NAME,ALIAS
2025-26,Drew Peterson,drewpeterson,4397689,1641809,unique_name_espn_board_drbl,HIGH_CONFIDENCE_UNIQUE_NAME,ALIAS
2025-26,Markelle Fultz,markellefultz,4066636,1628365,unique_name_espn_board_drbl,HIGH_CONFIDENCE_UNIQUE_NAME,ALIAS
2025-26,Vladislav Goldin,vladislavgoldin,4700818,1642884,unique_name_espn_board_drbl,HIGH_CONFIDENCE_UNIQUE_NAME,ALIAS
2025-26,Chris Manon,chrismanon,4702972,1643024,unique_name_espn_board_drbl,HIGH_CONFIDENCE_UNIQUE_NAME,ALIAS
2025-26,Garrett Temple,garretttemple,4023,202066,unique_name_espn_board_drbl,HIGH_CONFIDENCE_UNIQUE_NAME,ALIAS
2025-26,N'Faly Dante,nfalydante,4592401,1642368,unique_name_espn_board_drbl,HIGH_CONFIDENCE_UNIQUE_NAME,ALIAS
2025-26,Max Shulga,maxshulga,4701992,1642917,unique_name_espn_board_drbl,HIGH_CONFIDENCE_UNIQUE_NAME,ALIAS
2025-26,Jahmyl Telfort,jahmyltelfort,4702785,1643141,unique_name_espn_board_drbl,HIGH_CONFIDENCE_UNIQUE_NAME,ALIAS
2025-26,Chucky Hepburn,chuckyhepburn,,1642935,none,UNRESOLVED,UNMATCHED_NBA
