rowId,foldId,N,csvRawPB,reconRawPB,absResidual
F1_1627741,0,854,5.7892,5.789183330215507,0.00001666978449321732
F1_1628369,0,1311,3.5857,3.5857334266835115,0.00003342668351136169
F1_1626181,0,1082,4.0424,4.042387537457003,0.000012462542996694026
F1_201942,0,1263,2.7409,2.7409039330537524,0.0000039330537524584486
F1_1628401,0,1255,2.7333,2.733349932967865,0.00004993296786537371
F1_1628991,0,866,3.6702,3.6702097806553375,0.000009780655337632282
F1_1631106,0,704,4.393,4.393040163926883,0.00004016392688299675
F1_1629652,0,988,2.9819,2.9818672419781924,0.000032758021807577364
F1_203076,0,1074,2.7332,2.733249752998969,0.00004975299896914365
F1_1629675,0,817,3.2413,3.2412950358039154,0.000004964196084422667
F1_202696,0,1207,2.1509,2.1509330969839406,0.000033096983940605895
F1_1630202,0,1058,2.4401,2.4401395203158445,0.00003952031584431026
F1_1627747,0,676,3.7609,3.760895017976404,0.0000049820235958897285
F1_1628983,0,1180,1.977,1.9770323875843394,0.00003238758433932176
F1_203999,0,1322,1.7157,1.715660524636097,0.00003947536390302986
F1_201939,0,603,3.6961,3.696105436890733,0.0000054368907331792116
F1_1628378,0,1104,1.992,1.9919611043192402,0.00003889568075976513
F1_203081,0,1180,1.7832,1.783241672485337,0.000041672485337151954
F1_1629660,0,581,3.5829,3.5828518270854017,0.000048172914598243466
F1_1626157,0,890,2.2898,2.28975920713043,0.00004079286957026085
F1_1631260,0,379,5.2549,5.254879482817991,0.00002051718200934971
F1_202681,0,1176,1.6843,1.6843169331327514,0.000016933132751528746
F1_1628386,0,1178,1.6642,1.6641610637849265,0.000038936215073448466
F1_1631128,0,1247,1.5341,1.5340669595676801,0.00003304043231988629
F1_1627783,0,1086,1.7583,1.7582836384801552,0.0000163615198447431
F1_1630598,0,663,2.8449,2.8448790580027965,0.000020941997203482998
F1_1629599,0,732,2.5752,2.575247867687465,0.00004786768746489756
F1_1630643,0,615,3.0439,3.043901985363604,0.0000019853636041844425
F1_1630162,0,1181,1.5414,1.5414179558132157,0.000017955813215619898
F1_1627734,0,1258,1.4223,1.4222692268282953,0.00003077317170463445
F1_1631218,0,616,2.7666,2.76656495725348,0.000035042746520108636
F1_1629636,0,1119,1.5017,1.5017049861027871,0.000004986102787096769
F1_1630541,0,567,2.9383,2.9382959976041922,0.000004002395807667369
F1_203078,0,870,1.9013,1.9013493311293994,0.000049331129399421414
F1_1629673,0,691,2.3645,2.3645135975324227,0.000013597532422693348
F1_1641717,0,802,2.0207,2.020734256699448,0.00003425669944778775
F1_1630224,0,1098,1.463,1.4630268595700338,0.000026859570033677116
F1_201142,0,1275,1.2421,1.242116747603767,0.00001674760376690898
F1_1626164,0,1225,1.2922,1.292189877261219,0.000010122738780982132
F1_1631114,0,1129,1.3839,1.3839086712384863,0.000008671238486357424
F1_1626220,0,829,1.8782,1.8781645696269669,0.00003543037303321839
F1_203501,0,1046,1.4606,1.4606215785317629,0.000021578531762989073
F1_1629655,0,649,2.3315,2.3314729559679486,0.000027044032051559697
F1_1631172,0,437,3.4248,3.4248331696716523,0.000033169671652455435
F1_203471,0,1118,1.3126,1.3126383795541017,0.00003837955410168625
F1_200768,0,651,2.2461,2.2461236580770105,0.00002365807701032452
F1_1629639,0,797,1.8245,1.8245453076335907,0.000045307633590674357
F1_1627739,0,668,2.1669,2.1668566945354035,0.000043305464596521404
F1_1628449,0,611,2.2768,2.2767856409714775,0.000014359028522648032
F1_1630596,0,1092,1.2664,1.2663746885327731,0.000025311467226840634
F1_203507,0,1007,1.3607,1.360674959518779,0.00002504048122098368
F1_1630241,0,763,1.7889,1.788924890017814,0.000024890017814138687
F1_201143,0,856,1.516,1.515955414953665,0.00004458504633508831
F1_1630198,0,724,1.6525,1.6525203653685023,0.000020365368502250902
F1_1641726,0,562,2.1273,2.1273224163746796,0.000022416374679590234
F1_1630188,0,547,2.1806,2.180629452141034,0.000029452141034003176
F1_1630533,0,632,1.8732,1.8731946044418506,0.000005395558149379198
F1_1630625,0,249,4.6517,4.651706534837029,0.0000065348370288376145
F1_202691,0,972,1.19,1.1899913481491815,0.000008651850818441886
F1_1628415,0,1038,1.1031,1.1030910900836597,0.00000890991634028282
F1_203924,0,1215,0.9333,0.9332780933520063,0.00002190664799373021
F1_1630591,0,1098,1.0289,1.0288892257353186,0.000010774264681323587
F1_1630700,0,889,1.2322,1.2321950815534184,0.000004918446581569924
F1_1630532,0,1076,1.01,1.009972165867095,0.000027834132904969167
F1_203937,0,556,1.8204,1.820409681710866,0.000009681710865905302
F1_203944,0,1041,0.9606,0.9605753035699672,0.000024696430032777883
F1_1629674,0,492,2.0314,2.0314451633005337,0.00004516330053361273
F1_1629731,0,729,1.3451,1.345103824178349,0.000003824178349098872
F1_1629638,0,743,1.3133,1.313340328663876,0.000040328663876154636
F1_1630534,0,1230,0.7886,0.788645562458929,0.00004556245892906041
F1_1641716,0,384,2.509,2.5090395475182308,0.00003954751823087577
F1_1627780,0,435,2.2084,2.2083736278440775,0.00002637215592260489
F1_1628989,0,572,1.6649,1.6648841470873303,0.00001585291266970046
F1_1630215,0,164,5.7062,5.706231971087223,0.000031971087222970596
F1_1631095,0,971,0.9321,0.9321288178162528,0.000028817816252746375
F1_1629750,0,766,1.1767,1.176747602222632,0.00004760222263189284
F1_1628998,0,796,1.1222,1.1221584331452485,0.000041566854751540205
F1_202710,0,823,1.0795,1.0794639829128783,0.00003601708712164253
F1_1631165,0,656,1.3423,1.3423095171420962,0.000009517142096182596
F1_1628384,0,1041,0.8447,0.8446924482839874,0.000007551716012632603
F1_1627832,0,1140,0.7588,0.7587716912126443,0.000028308787355713072
F1_203952,0,670,1.2859,1.2858900806188696,0.000009919381130485405
F1_1626172,0,548,1.5572,1.5571705740866402,0.000029425913359748535
F1_1628973,0,961,0.8831,0.8831164732774118,0.000016473277411832576
F1_1631096,0,980,0.8453,0.8452699976804573,0.000030002319542754563
F1_1630322,0,488,1.6649,1.664948195461772,0.00004819546177192713
F1_1629008,0,1288,0.6168,0.6168063189603605,0.0000063189603605184885
F1_1627752,0,933,0.8447,0.8447004142488145,4.1424881447316153e-7
F1_1627742,0,1233,0.6325,0.6324923934886291,0.0000076065113708834176
F1_1641744,0,738,1.0539,1.05392400615563,0.000024006155630029724
F1_1641767,0,578,1.3084,1.30839355281424,0.000006447185759927976
F1_203497,0,1085,0.682,0.6820382871932986,0.000038287193298569555
F1_203897,0,910,0.79,0.7900252308675175,0.000025230867517489486
F1_1629312,0,362,1.9724,1.9724112138096737,0.000011213809673726871
F1_1629634,0,557,1.243,1.2429925154180046,0.000007484581995509387
F1_1630577,0,1026,0.6707,0.6707097737770711,0.000009773777071120371
F1_1630578,0,904,0.7353,0.7352714995432432,0.000028500456756730408
F1_1628368,0,1268,0.518,0.5179907078345541,0.000009292165445873302
F1_1630230,0,704,0.9325,0.9325165884214212,0.000016588421421159794
F1_1630217,0,538,1.2192,1.219167808322878,0.00003219167712198434
F1_1631103,0,609,1.0497,1.0497036616493534,0.000003661649353281504
F1_1629631,0,263,2.3324,2.3324184930682894,0.00001849306828960451
F1_1630231,0,509,1.181,1.1810406244392937,0.00004062443929364612
F1_1630540,0,731,0.8158,0.8157521678240144,0.00004783217598558487
F1_1629651,0,603,0.9805,0.9804669486113894,0.00003305138861064982
F1_1631124,0,575,1.0156,1.015554317342729,0.00004568265727100673
F1_1642367,0,590,0.9887,0.9887112075168284,0.000011207516828370956
F1_1642419,0,439,1.3162,1.3161763297523352,0.00002367024766480874
F1_1630194,0,107,5.3287,5.328714337433297,0.000014337433296596203
F1_1629060,0,981,0.5607,0.560731576437452,0.000031576437451996675
F1_1629001,0,221,2.4337,2.4336689093136177,0.00003109068638229573
F1_1641712,0,407,1.3159,1.315937156651738,0.00003715665173786853
F1_203991,0,799,0.6619,0.6618726744739606,0.000027325526039456705
F1_1630171,0,740,0.699,0.6990008764474898,8.76447489805976e-7
F1_1627759,0,909,0.5507,0.5507322125087429,0.000032212508742968105
F1_203110,0,915,0.5434,0.5434327346837289,0.00003273468372888555
F1_1628436,0,662,0.7511,0.7510531878402155,0.00004681215978452613
F1_201950,0,1140,0.4216,0.4216063402532017,0.000006340253201730928
F1_1628370,0,828,0.5588,0.5587618233287072,0.0000381766712928
F1_1628418,0,273,1.6668,1.666831438539652,0.00003143853965204002
F1_1629029,0,1231,0.3468,0.34683124757354233,0.00003124757354233676
F1_1629723,0,236,1.804,1.8040410394191586,0.000041039419158561685
F1_1630573,0,447,0.9354,0.9353811063396124,0.000018893660387653277
F1_1641711,0,1254,0.3276,0.3275703007965204,0.000029699203479616187
F1_1629640,0,989,0.4009,0.40087837140715044,0.000021628592849542994
F1_1642278,0,101,3.7215,3.721541993098823,0.00004199309882313429
F1_1641796,0,211,1.7735,1.77351688912818,0.000016889128179986557
F1_1630572,0,225,1.6471,1.6470549730841362,0.000045026915863832784
F1_101108,0,1035,0.345,0.34497289578997603,0.0000271042100239427
F1_1631157,0,89,4.0117,4.011730776161858,0.00003077616185809262
F1_1629629,0,206,1.622,1.62202669640043,0.000026696400429848666
F1_1630537,0,65,5.1133,5.113307262237343,0.0000072622373430419884
F1_1629656,0,417,0.7959,0.7959453900732221,0.000045390073222018046
F1_1631105,0,827,0.3962,0.39624140818560816,0.00004140818560816051
F1_1628380,0,515,0.6167,0.6166874093737488,0.000012590626251252068
F1_1642346,0,537,0.5844,0.5844364431356344,0.00003644313563433421
F1_1629111,0,230,1.3237,1.3237276066519588,0.000027606651958667072
F1_1629661,0,1081,0.2786,0.27863571218324984,0.00003571218324982528
F1_1626204,0,264,1.1004,1.1004253849320809,0.0000253849320808186
F1_1627826,0,1132,0.2551,0.2551186758650238,0.000018675865023798366
F1_1629646,0,67,4.1401,4.14008550671822,0.00001449328178004805
F1_1631097,0,942,0.2851,0.2851462461871799,0.000046246187179854736
F1_1631093,0,1192,0.2239,0.22387798442876308,0.00002201557123690523
F1_1628975,0,53,4.6957,4.6957363136900785,0.00003631369007806029
F1_1629023,0,946,0.2615,0.2615326655655238,0.00003266556552378175
F1_1642349,0,426,0.5599,0.5598851380005672,0.000014861999432791428
F1_1641748,0,418,0.5483,0.548266744523169,0.00003325547683097341
F1_201959,0,138,1.6528,1.652774172774115,0.000025827225885066696
F1_1631321,0,54,3.9618,3.9618000447535486,4.4753548422704625e-8
F1_1631116,0,71,2.861,2.8610436877466365,0.0000436877466363228
F1_1641816,0,189,1.0657,1.065678770984875,0.000021229015125134865
F1_202692,0,250,0.7984,0.7983594052428407,0.000040594757159340134
F1_1628420,0,248,0.7851,0.7850575639127679,0.00004243608723208947
F1_202709,0,93,2.0823,2.0822863974330694,0.000013602566930615012
F1_1630548,0,343,0.5488,0.5487658377328586,0.00003416226714136883
F1_1627884,0,888,0.2034,0.20341081012196002,0.000010810121960025398
F1_203084,0,1047,0.1682,0.16821982081767964,0.000019820817679649938
F1_203939,0,186,0.8988,0.8987550136463559,0.00004498635364413861
F1_1628960,0,469,0.3529,0.35291064569236913,0.000010645692369137816
F1_1630560,0,1097,0.1492,0.1491869290186894,0.000013070981310592256
F1_1630168,0,802,0.1812,0.181178243772585,0.000021756227414987395
F1_1631204,0,107,1.3517,1.3517055747959486,0.000005574795948648514
F1_1627936,0,671,0.2045,0.20452256929123105,0.0000225692912310671
F1_1631099,0,1216,0.1032,0.10318713501552544,0.00001286498447455875
F1_201587,0,619,0.1932,0.19315444584134137,0.00004555415865864498
F1_1628379,0,78,1.4545,1.4545004065055562,4.065055563273745e-7
F1_202331,0,219,0.4661,0.4660699009416079,0.000030099058392130118
F1_1630811,0,467,0.2105,0.21047622241115602,0.000023777588843976183
F1_1641737,0,51,1.9193,1.9193035034419739,0.000003503441973862209
F1_1629659,0,390,0.2471,0.24705827024819507,0.00004172975180491423
F1_2544,0,1201,0.0751,0.0751438579867337,0.000043857986733703
F1_1631216,0,125,0.6682,0.6681615937477251,0.00003840625227491401
F1_1630553,0,337,0.2374,0.23739611635309465,0.0000038836469053449285
F1_1641842,0,538,0.1412,0.14121026259376337,0.000010262593763382677
F1_1630631,0,915,0.0783,0.07828280725952078,0.000017192740479218815
F1_1629726,0,713,0.0986,0.09860210618394111,0.0000021061839411140593
F1_1641708,0,795,0.0844,0.08435795886850429,0.00004204113149570976
F1_1629028,0,1199,0.0558,0.05581791343283323,0.000017913432833228937
F1_1629637,0,591,0.0981,0.09808772549186463,0.000012274508135373674
F1_1631217,0,359,0.1488,0.14879841099551622,0.0000015890044837707507
F1_1641733,0,73,0.6727,0.6727217336713346,0.000021733671334622784
F1_203926,0,129,0.317,0.31702533132457333,0.000025331324573329983
F1_1630193,0,61,0.6027,0.6027040476098746,0.000004047609874602287
F1_1642276,0,79,0.4118,0.41178827926543937,0.000011720734560627388
F1_1628969,0,1036,0.0088,0.008773442199718397,0.00002655780028160311
F1_1629130,0,379,0.018,0.017969128314228915,0.00003087168577108404
F1_1631107,0,448,0.0134,0.013424859024039929,0.000024859024039928374
F1_1628978,0,910,-0.0089,-0.008866178164653958,0.00003382183534604219
F1_1631101,0,86,-0.1047,-0.10468711232441076,0.000012887675589240422
F1_1642377,0,975,-0.0135,-0.013503496635119482,0.000003496635119481714
F1_203552,0,630,-0.0255,-0.02552427694512424,0.000024276945124242916
F1_1628963,0,145,-0.1166,-0.11656729314613135,0.0000327068538686498
F1_1630178,0,1132,-0.0283,-0.028320795226538985,0.000020795226538986022
F1_1630559,0,1185,-0.0279,-0.02794718984642492,0.0000471898464249193
F1_1642272,0,321,-0.1173,-0.11725089265133887,0.00004910734866113431
F1_1641741,0,151,-0.3059,-0.3058834445317514,0.00001655546824858023
F1_1628467,0,114,-0.4148,-0.4148141448091864,0.000014144809186378282
F1_1631098,0,106,-0.499,-0.49896983501797115,0.00003016498202884632
F1_1641854,0,104,-0.5409,-0.5409499189538973,0.00004991895389727663
F1_1630228,0,780,-0.0753,-0.07525089656364892,0.000049103436351088936
F1_1630592,0,766,-0.0793,-0.07927640668265012,0.000023593317349870913
F1_1629684,0,861,-0.0856,-0.08564065168786925,0.00004065168786925033
F1_1628988,0,112,-0.66,-0.6599871090470124,0.000012890952987620885
F1_1642359,0,85,-0.9766,-0.976601385389431,0.000001385389430952344
F1_1641890,0,83,-1.0127,-1.012689730107059,0.000010269892940950598
F1_1630200,0,64,-1.3212,-1.3212067868960449,0.000006786896044941315
F1_1641739,0,1172,-0.0768,-0.0767836398879353,0.000016360112064697785
F1_1629628,0,755,-0.1437,-0.14368142747583937,0.000018572524160626047
F1_1630163,0,1083,-0.1372,-0.1372407970796052,0.00004079707960522039
F1_1631132,0,51,-2.9265,-2.9265187752616724,0.000018775261672487886
F1_1631133,0,298,-0.5383,-0.5382997622461939,2.377538060871487e-7
F1_1630249,0,218,-0.7409,-0.740871878097178,0.000028121902821975908
F1_1641731,0,755,-0.2153,-0.21533774605524744,0.00003774605524745067
F1_1642265,0,52,-3.3294,-3.3294206553322345,0.000020655332234387203
F1_1642267,0,598,-0.2897,-0.28973104100274033,0.0000310410027403174
F1_1627814,0,70,-2.6151,-2.6151311167279303,0.00003111672793032483
F1_1642345,0,126,-1.4716,-1.4716348848760343,0.00003488487603431345
F1_1642402,0,66,-2.9561,-2.95605773179305,0.000042268206950080156
F1_203486,0,512,-0.3836,-0.3835831585722511,0.000016841427748881532
F1_1641724,0,435,-0.458,-0.4580075934324855,0.000007593432485464291
F1_1642271,0,393,-0.5826,-0.5825680045258428,0.00003199547415722037
F1_1630699,0,74,-3.1777,-3.1777456847048318,0.000045684704831572276
F1_1629669,0,109,-2.1723,-2.1723476109477744,0.000047610947774501255
F1_1642263,0,357,-0.6741,-0.6740529723585637,0.00004702764143638127
F1_204456,0,599,-0.409,-0.4089892368202104,0.000010763179789596844
F1_1630539,0,264,-0.9362,-0.9362487528145427,0.0000487528145426408
F1_1630611,0,68,-3.6431,-3.6431115676166415,0.000011567616641450229
F1_1626162,0,936,-0.2814,-0.28142994886761713,0.000029948867617146657
F1_1641794,0,139,-1.9828,-1.9827686857785558,0.000031314221444089796
F1_1626166,0,295,-0.9424,-0.9423516593841195,0.00004834061588054883
F1_202684,0,96,-2.8982,-2.8981692671137864,0.0000307328862136913
F1_1629632,0,1312,-0.2147,-0.2147384585863091,0.00003845858630910359
F1_1641871,0,71,-3.9852,-3.9851663594032396,0.00003364059676025377
F1_1631170,0,401,-0.7114,-0.7114235238224703,0.00002352382247028384
F1_1629162,0,135,-2.1885,-2.1884733272905192,0.00002667270948064626
F1_1630544,0,864,-0.3627,-0.36266663981821656,0.00003336018178345945
F1_201599,0,67,-4.711,-4.710955310152416,0.000044689847584322706
F1_1628374,0,590,-0.5352,-0.5351758221367938,0.00002417786320618731
F1_203500,0,149,-2.1647,-2.164734674066906,0.000034674066906159595
F1_1630527,0,571,-0.6053,-0.6053418013942684,0.00004180139426845919
F1_1631117,0,914,-0.379,-0.3790318711666709,0.00003187116667091594
F1_1629048,0,286,-1.2286,-1.2285853018926354,0.000014698107364541357
F1_1630696,0,98,-3.6558,-3.655785611231358,0.000014388768642348282
F1_1642281,0,91,-3.9583,-3.9583087290356245,0.000008729035624543968
F1_1628371,0,359,-1.0039,-1.0039110453974778,0.000011045397477760233
F1_202685,0,470,-0.7702,-0.7701617333143744,0.000038266685625565344
F1_201988,0,538,-0.7128,-0.7127779100581573,0.000022089941842717842
F1_1626145,0,1032,-0.3775,-0.3774837732031318,0.000016226796868190618
F1_1627827,0,915,-0.4335,-0.433530598676402,0.00003059867640198277
F1_1641729,0,451,-0.881,-0.8810299870291823,0.000029987029182332314
F1_1627777,0,724,-0.5498,-0.5497916418019342,0.000008358198065772093
F1_1641765,0,141,-2.8333,-2.8333391316087493,0.000039131608749354285
F1_1630579,0,365,-1.1008,-1.1007826802295086,0.000017319770491353026
F1_1641706,0,376,-1.1004,-1.1003615321292701,0.000038467870729919085
F1_203992,0,128,-3.246,-3.246049057649963,0.00004905764996321338
F1_1630583,0,1114,-0.38,-0.37997402645033934,0.000025973549660662787
F1_1626153,0,402,-1.0547,-1.0546524657332619,0.0000475342667380918
F1_1629234,0,370,-1.1619,-1.1618564264752405,0.00004357352475947707
F1_1641763,0,528,-0.8483,-0.848253417469895,0.00004658253010503266
F1_1628404,0,1004,-0.4465,-0.4464780039516241,0.00002199604837588298
F1_1631169,0,92,-4.8795,-4.879467116893423,0.00003288310657723059
F1_1631222,0,1033,-0.438,-0.4380065411514462,0.000006541151446215476
F1_1631207,0,536,-0.8761,-0.8760576460346731,0.00004235396532692448
F1_1641783,0,459,-1.0378,-1.0377865237526276,0.000013476247372468109
F1_203458,0,215,-2.2378,-2.2377735030358847,0.00002649696411527458
F1_1630167,0,718,-0.6823,-0.6822620272460825,0.00003797275391748123
F1_1641730,0,475,-1.0325,-1.0324619891116709,0.000038010888329109704
F1_1629021,0,680,-0.7213,-0.7213216806475554,0.000021680647555366583
F1_1627736,0,936,-0.5294,-0.5294309420971376,0.00003094209713760954
F1_1630574,0,97,-5.2565,-5.256536372147453,0.00003637214745300099
F1_1642261,0,587,-0.8916,-0.8916220529579064,0.000022052957906470994
F1_1630169,0,1149,-0.4603,-0.46031550469030874,0.00001550469030875412
F1_1628381,0,806,-0.6621,-0.6620735758775719,0.000026424122428148067
F1_1630314,0,56,-9.6026,-9.602597674165796,0.000002325834204341959
F1_203995,0,173,-3.198,-3.197998914960613,0.000001085039386783393
F1_1630526,0,571,-0.9705,-0.9705398723108153,0.00003987231081525877
F1_201569,0,588,-0.9489,-0.9488806577150137,0.00001934228498623458
F1_1641705,0,1117,-0.5151,-0.5151217418421805,0.00002174184218051156
F1_1641775,0,326,-1.8155,-1.8155409587132287,0.0000409587132288447
F1_1629003,0,229,-2.5865,-2.5865277586774647,0.00002775867746462879
F1_1631288,0,258,-2.3374,-2.3374105762192126,0.000010576219212410365
F1_202704,0,80,-7.5562,-7.556235935575498,0.00003593557549841364
F1_1627824,0,554,-1.1033,-1.103303071307668,0.0000030713076679678153
F1_1631323,0,704,-0.8804,-0.8804311142101479,0.000031114210147897836
F1_201144,0,806,-0.829,-0.8289988823677606,0.0000011176322393113836
F1_1626196,0,82,-8.1924,-8.192404745595377,0.000004745595377997347
F1_1627750,0,689,-0.9924,-0.9924479863212603,0.000047986321260351517
F1_1642530,0,56,-12.3739,-12.373902221399248,0.0000022213992476594058
F1_1628981,0,165,-4.2248,-4.224774464887428,0.000025535112571972718
F1_1641715,0,301,-2.3581,-2.3581335416153606,0.000033541615360732635
F1_1630702,0,321,-2.2718,-2.271840833431494,0.00004083343149430263
F1_203484,0,1069,-0.7119,-0.7118640005618639,0.00003599943813603623
F1_1631223,0,787,-0.9736,-0.9735971226896248,0.0000028773103751822404
F1_203915,0,496,-1.566,-1.5659879092209894,0.000012090779010653918
F1_1629012,0,850,-0.9241,-0.9241163219659406,0.0000163219659405911
F1_1629014,0,1285,-0.6175,-0.6175394618257379,0.00003946182573788537
F1_1628970,0,998,-0.8022,-0.802246177524878,0.00004617752487801052
F1_1641824,0,367,-2.2915,-2.2915045242188565,0.000004524218856438722
F1_203935,0,460,-1.8799,-1.8799280167536025,0.00002801675360264433
F1_1630182,0,555,-1.5939,-1.593906342582271,0.000006342582270946195
F1_1630191,0,752,-1.1775,-1.1774535236463923,0.00004647635360766067
F1_1626156,0,1023,-0.873,-0.8730422496803253,0.000042249680325290306
F1_1630214,0,352,-2.5528,-2.5528109299393833,0.000010929939383341747
F1_1642270,0,458,-1.9773,-1.9772671943662528,0.0000328056337473015
F1_1626192,0,551,-1.7209,-1.7209151062882233,0.00001510628822321003
F1_203914,0,571,-1.721,-1.7210499649380417,0.0000499649380416578
F1_1642275,0,384,-2.6004,-2.6003906845277487,0.00000931547225135887
F1_203903,0,594,-1.7214,-1.7214312705858175,0.00003127058581742226
F1_1626179,0,777,-1.3473,-1.3472796532902171,0.000020346709782792516
F1_1630595,0,1315,-0.798,-0.7979841557410445,0.00001584425895551078
F1_1630590,0,948,-1.1149,-1.114900108458716,1.0845871600828616e-7
F1_203967,0,178,-6.2043,-6.2042643404291296,0.00003565957087037219
F1_201566,0,953,-1.1609,-1.1608509237548554,0.000049076245144608066
F1_1630183,0,878,-1.2989,-1.2989288791755804,0.000028879175580476257
F1_1628398,0,408,-2.8252,-2.8251707729874274,0.000029227012572796696
F1_1641710,0,953,-1.2185,-1.2185373144985336,0.000037314498533724816
F1_1642273,0,603,-1.9362,-1.9362347691410173,0.00003476914101741002
F1_1630166,0,1037,-1.1756,-1.1756472719467579,0.00004727194675790969
F1_1630557,0,642,-1.918,-1.918017687852658,0.000017687852658099246
F1_1631104,0,337,-3.6559,-3.65587594241322,0.000024057586780035223
F1_1626168,0,471,-2.6253,-2.6252799969898173,0.000020003010182900738
F1_203083,0,770,-1.6789,-1.678869346421021,0.00003065357897913401
F1_1630567,0,565,-2.3139,-2.3139377046720107,0.00003770467201080763
F1_1642274,0,752,-1.7618,-1.7618226200795395,0.000022620079539459326
F1_1631200,0,564,-2.4245,-2.4244588076415887,0.00004119235841137936
F1_1627751,0,1316,-1.0499,-1.0498574564387684,0.00004254356123167824
F1_1631212,0,792,-1.7954,-1.7953924413664755,0.000007558633524640257
F1_1641722,0,975,-1.4695,-1.4695205960573012,0.000020596057301203174
F1_1642259,0,522,-2.7908,-2.7907904827847037,0.000009517215296295234
F1_201572,0,1038,-1.4405,-1.4404647249837061,0.00003527501629374541
F1_1641764,0,799,-1.9263,-1.926255399711595,0.00004460028840491681
F1_1626167,0,903,-1.717,-1.7169660825098554,0.00003391749014469703
F1_201935,0,1145,-1.3781,-1.3780730962681376,0.000026903731862537583
F1_1630552,0,1421,-1.1159,-1.1158618841143446,0.00003811588565527657
F1_1627732,0,638,-2.5201,-2.5200505044044434,0.00004949559555633698
F1_1630172,0,1061,-1.5412,-1.5412173149131534,0.000017314913153487765
F1_1629611,0,709,-2.3171,-2.317109498307754,0.000009498307754096658
F1_202699,0,1197,-1.4332,-1.4331834266263226,0.00001657337367744205
F1_203994,0,822,-2.108,-2.1080457781937767,0.000045778193776602194
F1_1628464,0,610,-2.8703,-2.8702970809880606,0.0000029190119392730196
F1_1631108,0,531,-3.3967,-3.3967264252374045,0.00002642523740448155
F1_1630175,0,335,-5.5225,-5.522486400622296,0.000013599377703954474
F1_1642264,0,757,-2.7645,-2.7645440368704453,0.00004403687044529647
F1_1642258,0,1028,-2.1687,-2.168698721979968,0.0000012780200320250401
F1_1626171,0,892,-2.5383,-2.5383343889926677,0.00003438899266772211
F1_1642347,0,605,-3.8039,-3.803885228416458,0.000014771583542128042
F1_1630558,0,1211,-1.9148,-1.9147729124461543,0.00002708755384572825
F1_1642262,0,796,-2.9521,-2.952066528068844,0.00003347193115610381
F1_1628389,0,780,-3.0666,-3.0665721341440673,0.000027865855932951433
F1_1629216,0,609,-3.9791,-3.9790966648840818,0.00000333511591810165
F1_1630703,0,909,-2.7918,-2.791794906437624,0.000005093562375879657
F1_1630245,0,1059,-2.4184,-2.4184010999126544,0.0000010999126542898807
F1_1629027,0,1408,-1.8228,-1.8228445164966418,0.000044516496641833214
F1_1630581,0,1086,-2.6006,-2.6006468012541255,0.00004680125412548364
F1_1629645,0,536,-5.3487,-5.348713392404157,0.00001339240415720866
F1_1629018,0,903,-3.2473,-3.2473314849335826,0.00003148493358251514
F1_1641718,0,1058,-3.2809,-3.280882095205462,0.000017904794538115
F1_1628997,0,941,-3.7096,-3.7095505853955886,0.00004941460441143519
F2_1630532,1,2318,3.0084,3.008389658612348,0.000010341387651990885
F2_1629660,1,1435,4.7093,4.709344804304075,0.00004480430407483027
F2_1631106,1,1751,3.8504,3.850387216937728,0.000012783062272259116
F2_1628991,1,1905,3.4327,3.4326688382936994,0.000031161706300686376
F2_202681,1,2321,2.6997,2.6997471509768665,0.000047150976866472405
F2_1628369,1,2553,2.276,2.276044841777745,0.00004484177774521925
F2_1628983,1,2336,2.4812,2.481195517720745,0.000004482279254869326
F2_1627741,1,1501,3.5985,3.5984564399165353,0.00004356008346473317
F2_203999,1,1941,2.7285,2.728495036307014,0.00000496369298597088
F2_203076,1,2183,2.3848,2.3847638101256323,0.00003618987436748711
F2_1628415,1,2205,2.253,2.2530446664419896,0.00004466644198952707
F2_201939,1,1706,2.8452,2.8452459800334413,0.00004598003344113977
F2_1626181,1,2022,2.3837,2.3837340941947107,0.00003409419471056552
F2_1626157,1,2024,2.2854,2.285421003172637,0.000021003172637090728
F2_1628378,1,2163,2.1381,2.138107278004597,0.000007278004596766863
F2_1627783,1,2352,1.941,1.94101173453858,0.000011734538579943887
F2_1628368,1,2697,1.6128,1.6127671770092886,0.00003282299071138972
F2_1628401,1,2429,1.745,1.745024625864997,0.000024625864996963287
F2_1631128,1,2236,1.8611,1.861114766869794,0.000014766869794069493
F2_1628384,1,2350,1.7387,1.7387469650286742,0.000046965028674295084
F2_1630162,1,2386,1.6687,1.6687414395556857,0.000041439555685585105
F2_203952,1,1697,2.346,2.3459992885570156,7.11442984524524e-7
F2_1628386,1,2270,1.6327,1.6326761956678084,0.0000238043321916237
F2_1630202,1,1885,1.9609,1.9609116439693393,0.000011643969339170113
F2_1629661,1,2269,1.619,1.6190328459272278,0.00003284592722785362
F2_1631114,1,2264,1.6044,1.6044428766439573,0.0000428766439573014
F2_1627832,1,2353,1.5137,1.5137103533803036,0.000010353380303529391
F2_203507,1,2333,1.4948,1.4947539965912522,0.00004600340874771902
F2_201942,1,2136,1.5861,1.586136252153532,0.0000362521535319793
F2_1630596,1,2122,1.5757,1.5756877870020887,0.0000122129979114316
F2_202696,1,2460,1.3558,1.355834801463884,0.000034801463884015504
F2_1629639,1,1891,1.7544,1.7544215002438377,0.00002150024383773541
F2_1629655,1,1466,2.1948,2.1947594949141713,0.00004050508582853496
F2_1628374,1,1711,1.8649,1.864851771182464,0.000048228817536077884
F2_1630643,1,1097,2.8234,2.8233932043625507,0.000006795637449208414
F2_1627884,1,1963,1.5657,1.5657087555027194,0.000008755502719282049
F2_1629599,1,1844,1.4937,1.4936622955840697,0.00003770441593031748
F2_1631260,1,1260,2.1214,2.1214178880502397,0.00001788805023972273
F2_1629675,1,1646,1.6115,1.611490620591511,0.000009379408488996432
F2_1627747,1,1325,1.9913,1.991267524328728,0.00003247567127218076
F2_201950,1,2050,1.2753,1.2752819343345465,0.000018065665453592672
F2_202710,1,1145,2.2629,2.2628770938177176,0.000022906182282511622
F2_1629652,1,2001,1.2713,1.271318780933076,0.000018780933075834838
F2_1627736,1,2189,1.155,1.1549989005606487,0.0000010994393513374945
F2_1628449,1,1227,2.0548,2.0548222929525473,0.000022292952547076084
F2_1642272,1,1548,1.6208,1.6208128788856655,0.000012878885665479345
F2_1642261,1,1508,1.6356,1.6356267049489166,0.00002670494891665598
F2_201142,1,1417,1.7068,1.7068289965907726,0.00002899659077248984
F2_1630578,1,2147,1.1257,1.1257372997309667,0.000037299730966777744
F2_1641726,1,1221,1.9243,1.9243284581904512,0.000028458190451274845
F2_1629636,1,2188,1.07,1.0699609581227874,0.0000390418772127088
F2_201143,1,1587,1.4169,1.416880788375142,0.00001921162485807315
F2_1629008,1,2345,0.9303,0.9302736958234687,0.0000263041765312666
F2_203084,1,2071,1.0365,1.0365233826477407,0.000023382647740710638
F2_1627739,1,1679,1.2651,1.2650895521153573,0.00001044788464255042
F2_1629023,1,1550,1.3097,1.3096798459318175,0.000020154068182565155
F2_1630534,1,2311,0.799,0.7990066680003306,0.000006668000330556367
F2_1628998,1,1657,1.1126,1.1125916713167399,0.000008328683260172554
F2_1627734,1,2344,0.7603,0.7603060077408987,0.000006007740898761327
F2_1629631,1,710,2.5047,2.504674364476361,0.000025635523638989355
F2_1630700,1,2175,0.8081,0.8081204892983526,0.00002048929835252178
F2_1630163,1,2235,0.7688,0.7688341801447751,0.00003418014477507558
F2_1629029,1,2141,0.8016,0.8015621119376072,0.00003788806239279907
F2_203078,1,1281,1.3321,1.332086225397515,0.000013774602485083776
F2_1642377,1,1888,0.8979,0.8978915137566267,0.000008486243373351243
F2_203932,1,863,1.9365,1.9365050535506414,0.00000505355064128743
F2_1628973,1,2231,0.7414,0.7414116829096572,0.000011682909657251273
F2_1630198,1,1336,1.2324,1.2324417793580302,0.00004177935803029165
F2_1629021,1,1380,1.185,1.1850114574498976,0.000011457449897500638
F2_1629634,1,1143,1.3838,1.3838309046027184,0.0000309046027184845
F2_203897,1,2227,0.7019,0.7019102905425468,0.000010290542546864678
F2_1628371,1,1047,1.4791,1.479118590503705,0.000018590503704896122
F2_1628381,1,1877,0.8243,0.8243205226657868,0.000020522665786781857
F2_1626204,1,594,2.5775,2.5774889380467148,0.00001106195328537396
F2_1641708,1,1943,0.7768,0.7768465306218396,0.00004653062183956891
F2_1629673,1,1703,0.8579,0.8578907381219374,0.000009261878062605255
F2_1641717,1,1686,0.859,0.858984272478755,0.000015727521245012532
F2_1631218,1,1290,1.108,1.1079655626587348,0.000034437341265292076
F2_1626164,1,2395,0.592,0.5920169539036703,0.00001695390367029148
F2_1629057,1,524,2.7049,2.704889903062882,0.000010096937117953786
F2_1630171,1,1390,1.0028,1.0028139235435978,0.000013923543597860188
F2_1630322,1,1024,1.3404,1.3403553135778217,0.00004468642217836383
F2_202692,1,452,3.0053,3.0053349071657873,0.00003490716578724573
F2_1631095,1,2069,0.6504,0.6504037412807303,0.0000037412807303294215
F2_1641705,1,1805,0.721,0.7209732618187998,0.0000267381812001366
F2_1627780,1,768,1.6529,1.6529309753661066,0.00003097536610652263
F2_1631165,1,1412,0.8952,0.8951725410502293,0.000027458949770742258
F2_201572,1,2298,0.5464,0.5464216434684382,0.00002164346843824827
F2_1642349,1,1058,1.134,1.1340449602588458,0.00004496025884592747
F2_1630215,1,343,3.4431,3.4431306335569976,0.00003063355699772785
F2_1631222,1,1788,0.6537,0.653738594450034,0.00003859445003406847
F2_1628404,1,2410,0.4782,0.4781876749648513,0.000012325035148696983
F2_1630572,1,502,2.2642,2.2641935283082226,0.0000064716917775875515
F2_1629656,1,1211,0.937,0.9369901522522804,0.000009847747719615718
F2_1629638,1,1558,0.7222,0.7221859589767641,0.000014041023235877859
F2_1629312,1,1202,0.924,0.9240463975236908,0.000046397523690733244
F2_203944,1,2194,0.5018,0.5017779394614117,0.000022060538588331013
F2_1626172,1,871,1.2637,1.2637480279793059,0.000048027979305809154
F2_1627759,1,1958,0.5556,0.5556388080071207,0.00003880800712074972
F2_1630577,1,2006,0.4949,0.4949185163421899,0.000018516342189911494
F2_1630540,1,1165,0.8393,0.8393439390264449,0.00004393902644483916
F2_1630583,1,2016,0.4824,0.4824491106703344,0.00004911067033441796
F2_1631097,1,2201,0.4326,0.43261169954542716,0.000011699545427179547
F2_1630241,1,1140,0.8115,0.8115379981164834,0.000037998116483417554
F2_203081,1,2060,0.4448,0.4447924680681132,0.000007531931886795018
F2_203991,1,1601,0.5704,0.5704053936350991,0.000005393635099104621
F2_201567,1,344,2.6089,2.608853815368866,0.00004618463113414961
F2_1627936,1,1051,0.8197,0.8196933833807142,0.000006616619285804148
F2_1630191,1,1646,0.5182,0.5181733185835846,0.000026681416415375026
F2_1630228,1,1412,0.5918,0.5917750920020357,0.000024907997964285222
F2_1629130,1,1052,0.7902,0.790225627874014,0.00002562787401394484
F2_1631111,1,482,1.7187,1.7186741984780094,0.000025801521990498344
F2_1627777,1,1482,0.5565,0.5565387849461125,0.00003878494611253558
F2_1630230,1,1688,0.4886,0.4885606437243277,0.000039356275672253194
F2_1629006,1,630,1.2397,1.2397382471711245,0.000038247171124439205
F2_1628370,1,997,0.7822,0.7822152494043225,0.00001524940432251487
F2_1628436,1,964,0.8071,0.807053218307553,0.00004678169244698438
F2_1628988,1,405,1.8846,1.8845620110681531,0.00003798893184692176
F2_1629048,1,1145,0.658,0.6580044372133588,0.000004437213358743364
F2_1629060,1,1473,0.5102,0.5102463185992735,0.00004631859927350934
F2_1630178,1,1432,0.5178,0.5177583661934902,0.00004163380650978876
F2_101108,1,2015,0.3678,0.36784989165579807,0.000049891655798051104
F2_1626166,1,873,0.8261,0.8261177040925649,0.00001770409256496297
F2_1627826,1,2484,0.2889,0.28894470117765314,0.00004470117765315029
F2_1629650,1,96,7.1628,7.1627955400977354,0.000004459902264386528
F2_1630537,1,150,4.4849,4.484946434276609,0.00004643427660955268
F2_1628420,1,575,1.1616,1.1615618751155776,0.00003812488442234141
F2_203471,1,2206,0.3023,0.30229471335404234,0.000005286645957669478
F2_1629731,1,1226,0.5367,0.5367154700365857,0.000015470036585751856
F2_1629637,1,731,0.8641,0.864104324948383,0.000004324948382983251
F2_1630560,1,2169,0.2912,0.29115865555691706,0.00004134444308295793
F2_1629651,1,1270,0.4879,0.4878980295824071,0.000001970417592922491
F2_1630264,1,168,3.6806,3.680609985510198,0.00000998551019781857
F2_1630541,1,1078,0.5654,0.5654477203324285,0.00004772033242850249
F2_1641890,1,133,4.4937,4.493729940368753,0.000029940368753145208
F2_204456,1,1289,0.4556,0.4556450754235651,0.00004507542356507743
F2_1631204,1,465,1.243,1.2429858519104269,0.000014148089573229328
F2_1630548,1,732,0.7627,0.762672409261568,0.000027590738432059503
F2_1629646,1,384,1.4154,1.415392581024001,0.0000074189759990961335
F2_1629726,1,1252,0.4244,0.42440001588149495,1.588149495246327e-8
F2_203468,1,588,0.8969,0.89694204441466,0.00004204441465993636
F2_1641745,1,99,5.0279,5.027855624682542,0.000044375317457934216
F2_203914,1,1136,0.4378,0.43783948442071713,0.00003948442071710634
F2_1630625,1,929,0.5305,0.5305363193392759,0.00003631933927594755
F2_1642419,1,776,0.6078,0.6077586674136112,0.000041332586388831416
F2_1629659,1,531,0.8682,0.8682322036869451,0.000032203686945120324
F2_1628964,1,261,1.7158,1.7158363710270392,0.00003637102703923922
F2_1630696,1,198,2.2232,2.2232354756033685,0.000035475603368695374
F2_203497,1,2174,0.1928,0.19283800423618966,0.00003800423618965931
F2_1630188,1,1042,0.3985,0.39849496278185076,0.000005037218149261946
F2_1628976,1,663,0.6187,0.6186737436015854,0.000026256398414581383
F2_1641724,1,702,0.5821,0.5821394770359481,0.000039477035948198846
F2_1630598,1,1420,0.2838,0.2838497146723157,0.00004971467231568161
F2_1627751,1,2382,0.1664,0.16637945208338958,0.000020547916610408334
F2_1641706,1,1623,0.2436,0.24359251827543887,0.000007481724561136938
F2_1642278,1,375,1.0199,1.019857562476422,0.000042437523578131575
F2_1630231,1,841,0.423,0.4229827499065922,0.0000172500934078057
F2_1629026,1,284,1.2029,1.2029386047849644,0.00003860478496431341
F2_1630573,1,1141,0.2937,0.29370890589404297,0.000008905894042954277
F2_1627827,1,1604,0.1975,0.19749682979787295,0.000003170202127061872
F2_203937,1,987,0.3183,0.31831303427082475,0.000013034270824718863
F2_203924,1,2270,0.1373,0.1372906768668999,0.00000932313310009203
F2_1630183,1,1955,0.1462,0.14615327623895807,0.00004672376104192244
F2_203939,1,483,0.5815,0.5815443190052871,0.00004431900528711896
F2_1630224,1,2407,0.1139,0.1138804745369952,0.00001952546300480751
F2_1641796,1,533,0.5087,0.5087365956009925,0.00003659560099245063
F2_1631101,1,1130,0.2392,0.23920639744687497,0.00000639744687497279
F2_1631107,1,929,0.2906,0.2906064685751485,0.000006468575148466105
F2_202066,1,108,2.4373,2.4372892477356882,0.000010752264311797433
F2_1628418,1,303,0.8332,0.8332487643263503,0.00004876432635025907
F2_1629012,1,1809,0.1389,0.1388918187583368,0.000008181241663185457
F2_1629111,1,649,0.3681,0.3681455812979723,0.00004558129797233024
F2_1630538,1,116,2.0567,2.056716575052154,0.000016575052153910974
F2_1642367,1,1015,0.2345,0.23449206847913662,0.000007931520863369013
F2_1631212,1,1730,0.1302,0.1301773764704512,0.000022623529548820853
F2_202709,1,159,1.3734,1.3733965912257091,0.0000034087742908361918
F2_1641810,1,376,0.5536,0.5535570990268569,0.0000429009731430785
F2_1629629,1,871,0.2279,0.22794542051667002,0.00004542051667003055
F2_1628380,1,1098,0.1764,0.17635180251513835,0.00004819748486165065
F2_1628470,1,229,0.8278,0.8277716174261944,0.00002838257380555209
F2_1626220,1,1630,0.1133,0.11333919429774353,0.00003919429774353056
F2_1631321,1,83,2.0505,2.0505348597529074,0.00003485975290740129
F2_1631117,1,1145,0.1374,0.13743399634986544,0.000033996349865450526
F2_1629626,1,83,1.6289,1.628889458671686,0.000010541328314017662
F2_1629162,1,488,0.2753,0.27526920372978425,0.000030796270215738275
F2_1630194,1,293,0.4357,0.4356547859920293,0.0000452140079706953
F2_1630256,1,186,0.6289,0.6288695150464683,0.000030484953531750847
F2_1631103,1,877,0.1293,0.12929095272732782,0.000009047272672174644
F2_1630530,1,635,0.1627,0.16274455509471678,0.00004455509471676389
F2_1628408,1,64,1.3623,1.3623319352070844,0.00003193520708433262
F2_1631323,1,1258,0.0607,0.06071319955681409,0.000013199556814093294
F2_1631124,1,1216,0.0619,0.06186877643387253,0.00003122356612746818
F2_1641711,1,2384,0.0295,0.029495557942903476,0.000004442057096522289
F2_203926,1,500,0.1395,0.13948083398231337,0.000019166017686644832
F2_1629674,1,1113,0.0294,0.029371931212142804,0.0000280687878571953
F2_1630167,1,1366,0.0231,0.0231434565297391,0.00004345652973910055
F2_1629723,1,543,0.0351,0.03505622741640403,0.00004377258359596764
F2_1641737,1,178,0.045,0.04495474202396247,0.000045257976037528513
F2_1631115,1,81,0.0033,0.0032727695949070546,0.00002723040509294535
F2_201599,1,203,-0.0278,-0.02775046673806022,0.000049533261939779805
F2_1642345,1,703,-0.0388,-0.0388073781448234,0.000007378144823398658
F2_1631248,1,77,-0.6308,-0.6308161127442404,0.000016112744240404098
F2_1627763,1,377,-0.1384,-0.13840971285438178,0.000009712854381782599
F2_1629004,1,67,-0.8775,-0.877517085638859,0.000017085638859049013
F2_1631110,1,836,-0.0715,-0.07151033290180464,0.000010332901804646633
F2_1631386,1,55,-1.2569,-1.2569057547152889,0.000005754715288963652
F2_1641757,1,318,-0.2701,-0.2701053187110244,0.0000053187110243824165
F2_1631116,1,175,-0.5696,-0.5695544403655881,0.00004555963441188471
F2_1631098,1,273,-0.3757,-0.3757310357673059,0.000031035767305898077
F2_1630545,1,64,-1.7174,-1.7173672456122864,0.00003275438771366268
F2_1642285,1,85,-1.3076,-1.3076460517805544,0.000046051780554279276
F2_1641733,1,94,-1.2498,-1.2498104080691503,0.000010408069150313892
F2_1629640,1,1735,-0.0689,-0.06893319568386166,0.000033195683861661496
F2_1631213,1,86,-1.4153,-1.4152881306687903,0.000011869331209668488
F2_1631207,1,1106,-0.1122,-0.11218470776224859,0.000015292237751401982
F2_1641854,1,531,-0.25,-0.25003310624271635,0.000033106242716351986
F2_1628975,1,192,-0.7864,-0.7864438124174247,0.00004381241742468234
F2_1641725,1,127,-1.2593,-1.2592548325456523,0.000045167454347794234
F2_1630170,1,385,-0.5088,-0.5088375798421266,0.00003757984212660048
F2_1642403,1,90,-2.2314,-2.2313508779693265,0.00004912203067330978
F2_1630531,1,69,-2.9982,-2.998236590916802,0.00003659091680185966
F2_1631245,1,613,-0.3378,-0.33782571554749075,0.000025715547490756663
F2_1628392,1,117,-1.7952,-1.7951900000074674,0.000009999992532483404
F2_1628379,1,850,-0.2517,-0.25166838693885357,0.00003161306114640716
F2_1642271,1,1087,-0.2002,-0.20022102304203904,0.000021023042039047812
F2_1631105,1,1586,-0.138,-0.13804189226569383,0.00004189226569381588
F2_1631217,1,1171,-0.1946,-0.19458472665905333,0.000015273340946669878
F2_1629018,1,1595,-0.1458,-0.1458125953213509,0.000012595321350894473
F2_1629632,1,2592,-0.0903,-0.09031416161125176,0.00001416161125175619
F2_1630579,1,853,-0.3052,-0.3052143457345444,0.000014345734544396471
F2_1642359,1,290,-0.9293,-0.9293324178049664,0.00003241780496643365
F2_1631132,1,349,-0.7739,-0.7739080782660291,0.000008078266029110104
F2_1642265,1,257,-1.0647,-1.0646920181332558,0.000007981866744222188
F2_1631216,1,211,-1.3285,-1.3284827651408853,0.000017234859114756418
F2_1641816,1,268,-1.0804,-1.0804412535293018,0.00004125352930173243
F2_1641729,1,582,-0.508,-0.5079631288253982,0.00003687117460182687
F2_1630539,1,338,-0.894,-0.8940054196515977,0.000005419651597726727
F2_203501,1,1667,-0.1823,-0.18228359233454086,0.000016407665459128307
F2_201587,1,1191,-0.2592,-0.25922033556896795,0.00002033556896796629
F2_1630249,1,340,-0.9322,-0.9322158453236289,0.000015845323628860264
F2_1630568,1,74,-4.6053,-4.605339203675785,0.00003920367578569284
F2_201959,1,350,-0.9916,-0.991646072312501,0.00004607231250097765
F2_1631133,1,425,-0.8305,-0.8304505053087782,0.0000494946912218408
F2_1642277,1,370,-0.9599,-0.9599200678573968,0.0000200678573968327
F2_202704,1,430,-0.8447,-0.8447079300065984,0.000007930006598377837
F2_1627749,1,120,-3.0305,-3.03054181527068,0.0000418152706798125
F2_1628963,1,222,-1.6489,-1.6489490679533862,0.000049067953386217056
F2_1641712,1,724,-0.5142,-0.514185399925835,0.000014600074164983212
F2_1630559,1,2268,-0.1669,-0.16687605193733898,0.000023948062661011127
F2_1641998,1,463,-0.8354,-0.8354218866227109,0.000021886622710853842
F2_1630168,1,1632,-0.246,-0.2459691768300388,0.00003082316996119716
F2_1641765,1,235,-1.7125,-1.712488709450284,0.000011290549715825549
F2_1630699,1,129,-3.2588,-3.2587570792183245,0.00004292078167544844
F2_1631120,1,59,-7.1441,-7.144078983630145,0.000021016369855075823
F2_203552,1,873,-0.4871,-0.4870630388315318,0.00003696116846818587
F2_1630192,1,169,-2.6954,-2.695352246845537,0.00004775315446270412
F2_1630346,1,97,-4.7368,-4.736829889675641,0.000029889675641214808
F2_1631255,1,120,-3.9471,-3.9471187571500987,0.000018757150098913655
F2_1641871,1,194,-2.4707,-2.470703832735368,0.000003832735368192175
F2_1642281,1,290,-1.7074,-1.7074043892938604,0.000004389293860374011
F2_1630590,1,1870,-0.283,-0.28301884059031296,0.000018840590312985128
F2_1642263,1,990,-0.5358,-0.5358376382055812,0.00003763820558111419
F2_1629750,1,1567,-0.3532,-0.35318744991474893,0.000012550085251084031
F2_202691,1,2010,-0.2791,-0.2790867607050178,0.000013239294982203553
F2_1642402,1,390,-1.4418,-1.4418229027550318,0.000022902755031806166
F2_1641732,1,118,-4.7668,-4.766771458189987,0.000028541810013216207
F2_203901,1,128,-4.4073,-4.407297281507249,0.0000027184927509082968
F2_1630208,1,575,-0.9901,-0.9901011378672547,0.0000011378672547524005
F2_1627752,1,2053,-0.2806,-0.2806446207627393,0.00004462076273931137
F2_201144,1,1353,-0.4423,-0.44229116024199006,0.000008839758009970833
F2_1628366,1,224,-2.777,-2.776985825571405,0.000014174428595303823
F2_1629028,1,1343,-0.4732,-0.4732089507497933,0.00000895074979329058
F2_1641775,1,447,-1.463,-1.4630391401098555,0.00003914010985539562
F2_1630529,1,489,-1.3606,-1.3606387274300766,0.00003872743007660162
F2_203083,1,1273,-0.5277,-0.5276570857416267,0.00004291425837321672
F2_1630200,1,390,-1.7591,-1.7591140770381677,0.000014077038167581435
F2_1642276,1,173,-4.0547,-4.054652876955538,0.00004712304446208293
F2_1630217,1,1192,-0.5944,-0.594408206140034,0.00000820614003393949
F2_1630570,1,215,-3.3349,-3.334914650871317,0.000014650871317023473
F2_1629630,1,979,-0.7351,-0.7350505532386908,0.00004944676130913539
F2_1628969,1,2429,-0.2985,-0.29850704814953055,0.000007048149530564096
F2_202684,1,209,-3.4698,-3.469779764803663,0.00002023519633720383
F2_1642530,1,115,-6.4456,-6.445580789732703,0.000019210267296898564
F2_203110,1,1938,-0.383,-0.3829552423627207,0.000044757637279291274
F2_1631288,1,722,-1.051,-1.0510391363851284,0.00003913638512842432
F2_202685,1,1192,-0.6529,-0.652921045982594,0.000021045982594003476
F2_1629003,1,580,-1.3845,-1.3844670063837787,0.0000329936162213329
F2_1641783,1,1392,-0.5913,-0.5913286126518188,0.000028612651818749057
F2_1626145,1,2097,-0.3995,-0.3995328288613177,0.0000328288613176686
F2_1628981,1,386,-2.1822,-2.182235362867526,0.00003536286752625628
F2_1642266,1,343,-2.4808,-2.4808096059668614,0.00000960596686150339
F2_1631170,1,824,-1.0434,-1.043386194631031,0.000013805368969110887
F2_1630533,1,1392,-0.6199,-0.6198880969363536,0.000011903063646401257
F2_203995,1,300,-2.8956,-2.895595397139739,0.000004602860260938257
F2_1630592,1,1540,-0.5739,-0.5739309347123015,0.00003093471230153355
F2_1631169,1,202,-4.388,-4.387955260392407,0.00004473960759288076
F2_203458,1,408,-2.1996,-2.199555748763179,0.000044251236821057915
F2_1628989,1,1793,-0.5025,-0.5024849656689127,0.000015034331087293573
F2_1630552,1,2559,-0.3542,-0.3541985788154952,0.0000014211845048017757
F2_1627750,1,1747,-0.5361,-0.5360861832382984,0.00001381676170164603
F2_1630591,1,2120,-0.4422,-0.44217816230092727,0.000021837699072713157
F2_1631200,1,990,-0.9497,-0.9496725563665426,0.00002744363345741352
F2_202699,1,2415,-0.392,-0.39195632812691467,0.000043671873085349144
F2_1641716,1,1221,-0.7899,-0.7898515649361966,0.00004843506380347584
F2_1628978,1,1756,-0.5605,-0.5604683597557708,0.00003164024422919187
F2_1629611,1,1482,-0.6751,-0.6750940258898424,0.000005974110157680457
F2_203954,1,511,-1.9777,-1.9776791318157536,0.000020868184246403132
F2_1628467,1,468,-2.1943,-2.194287567940519,0.00001243205948098236
F2_1631093,1,2187,-0.4709,-0.4709368508471395,0.000036850847139502374
F2_1626153,1,981,-1.058,-1.0579608852650244,0.00003911473497564266
F2_200768,1,1263,-0.8276,-0.8275575415693704,0.00004245843062955501
F2_1641723,1,164,-6.3784,-6.378402151026903,0.000002151026903263187
F2_1629234,1,827,-1.2702,-1.2702379152570495,0.00003791525704954779
F2_1641710,1,1861,-0.5691,-0.5690721740018849,0.000027825998115127426
F2_1630567,1,831,-1.2825,-1.28247911188147,0.00002088811852996031
F2_1627824,1,1409,-0.7698,-0.7698223183440208,0.00002231834402077748
F2_203486,1,1052,-1.0645,-1.064529846137835,0.000029846137834965702
F2_1641741,1,462,-2.481,-2.481048562854065,0.00004856285406518168
F2_203935,1,650,-1.8704,-1.870350852796683,0.00004914720331705702
F2_2544,1,2387,-0.5094,-0.5094315991783326,0.000031599178332619715
F2_1631223,1,934,-1.3157,-1.3156869787343668,0.000013021265633295087
F2_1641842,1,1137,-1.1082,-1.1082199337412948,0.00001993374129471981
F2_1630574,1,261,-4.9134,-4.913443390293542,0.00004339029354216706
F2_1628960,1,1055,-1.2835,-1.2835262940902972,0.000026294090297085404
F2_1630214,1,487,-2.8051,-2.8051457913238265,0.00004579132382653839
F2_1629628,1,1910,-0.7163,-0.7163498714329952,0.00004987143299517438
F2_1626192,1,926,-1.4881,-1.4881399957192007,0.000039995719200769386
F2_1631108,1,1008,-1.415,-1.4150465217099117,0.000046521709911706566
F2_1630526,1,1457,-0.9884,-0.9884059519684311,0.000005951968431117116
F2_201569,1,988,-1.463,-1.4630057409090937,0.000005740909093665536
F2_1641763,1,964,-1.501,-1.501046580661714,0.00004658066171403519
F2_203915,1,1091,-1.3281,-1.328144013514124,0.00004401351412397503
F2_1630702,1,927,-1.5848,-1.584782652501551,0.000017347498449060694
F2_202331,1,930,-1.5885,-1.588494994622119,0.000005005377881062145
F2_1642346,1,1150,-1.2879,-1.2879303170918361,0.00003031709183609621
F2_1630553,1,783,-2.0479,-2.047906930217515,0.000006930217514966586
F2_1631104,1,693,-2.3703,-2.370312797103879,0.000012797103879247373
F2_203500,1,406,-4.0944,-4.094425593925915,0.00002559392591461318
F2_1641794,1,493,-3.378,-3.3780256871920593,0.000025687192059198338
F2_1641722,1,1133,-1.5094,-1.509376977837741,0.000023022162259023204
F2_203484,1,1998,-0.8759,-0.8759127215760928,0.000012721576092777909
F2_1641748,1,1157,-1.5281,-1.5280596649610094,0.00004033503899059099
F2_1630182,1,1475,-1.2027,-1.2027337166628802,0.00003371666288010111
F2_1629014,1,1683,-1.0587,-1.0587392271852094,0.00003922718520943391
F2_1630166,1,1819,-0.9837,-0.9836780238354375,0.000021976164562564904
F2_1626156,1,1796,-1.0309,-1.0308552815278795,0.00004471847212039748
F2_1629614,1,766,-2.4288,-2.428761761581099,0.00003823841890104873
F2_1641824,1,811,-2.3071,-2.3071429752477877,0.00004297524778751338
F2_1631099,1,2590,-0.7256,-0.7255793692274737,0.000020630772526342156
F2_203992,1,407,-4.6802,-4.680160831914884,0.000039168085115726115
F2_201935,1,2562,-0.7509,-0.7508977864893215,0.000002213510678528152
F2_1641731,1,1983,-0.9763,-0.9762774321471142,0.000022567852885790884
F2_1642275,1,906,-2.147,-2.1470139485606885,0.000013948560688703537
F2_1627742,1,2204,-0.9043,-0.9043400684475777,0.00004006844757775685
F2_1630175,1,607,-3.3071,-3.307115180031284,0.000015180031283978934
F2_1628464,1,729,-2.7981,-2.798092260827738,0.000007739172261711502
F2_1642274,1,1437,-1.4644,-1.464360273657166,0.000039726342834001116
F2_1641739,1,2258,-0.9723,-0.9722979671109828,0.000002032889017233863
F2_1630527,1,1683,-1.3185,-1.3184669658582442,0.00003303414175581665
F2_1626168,1,1330,-1.7525,-1.752513439489343,0.000013439489342959021
F2_1626167,1,1984,-1.1748,-1.1748233263970935,0.000023326397093459406
F2_1642268,1,686,-3.4982,-3.4981799178137445,0.0000200821862557099
F2_1626162,1,1984,-1.219,-1.2189939100134395,0.000006089986560597893
F2_1626171,1,1606,-1.5371,-1.5371369690662466,0.00003696906624672813
F2_1641764,1,1409,-1.7862,-1.7862382146703109,0.000038214670310843246
F2_1642264,1,1799,-1.4042,-1.404249635188285,0.00004963518828504654
F2_201566,1,1690,-1.4998,-1.499846308889288,0.00004630888928791599
F2_1630595,1,2530,-1.0526,-1.0526133973975258,0.000013397397525816146
F2_1630245,1,2236,-1.2183,-1.2183432479725385,0.0000432479725385182
F2_1630557,1,1705,-1.6135,-1.6134505098957208,0.00004949010427912626
F2_1642258,1,1862,-1.5005,-1.5005037226157496,0.0000037226157496572654
F2_1629645,1,1319,-2.1193,-2.1193054869062005,0.000005486906200502517
F2_1642273,1,1642,-1.7378,-1.7377888333700362,0.000011166629963810237
F2_1642267,1,1730,-1.7321,-1.7321305927815702,0.00003059278157024892
F2_203994,1,1410,-2.1719,-2.1719492206044286,0.00004922060442869025
F2_1629216,1,1183,-2.6519,-2.65188116545147,0.000018834548530133333
F2_1628389,1,1880,-1.7207,-1.720700579604386,5.796043860417655e-7
F2_1626179,1,1386,-2.3373,-2.3373080115205425,0.000008011520542527961
F2_1627732,1,1309,-2.5715,-2.5714772219971174,0.000022778002882528625
F2_1630169,1,2443,-1.3796,-1.3796158172513384,0.00001581725133847911
F2_1629027,1,2548,-1.3616,-1.3615992203287293,7.79671270656479e-7
F2_1628398,1,1250,-2.9906,-2.9905883916451987,0.000011608354801406762
F2_1642347,1,985,-4.1776,-4.177577348908235,0.000022651091764913645
F2_1628997,1,2043,-2.0441,-2.044053154833801,0.000046845166199016575
F2_1630558,1,2126,-1.9959,-1.9959300559685516,0.000030055968551545575
F2_1630703,1,1611,-2.9738,-2.9737960491295645,0.000003950870435698306
F2_1642259,1,1561,-3.4698,-3.469775689185501,0.000024310814499273192
F2_1630581,1,2091,-2.7688,-2.768759289817766,0.000040710182234171555
F2_1641718,1,1962,-3.2198,-3.219779019602115,0.00002098039788522854
F3_1628983,2,3491,3.0287,3.0287344620061227,0.000034462006122559785
F3_203999,2,3021,3.2184,3.218350597972625,0.000049402027375133883
F3_1628991,2,2966,2.9969,2.996851637407969,0.000048362592031114815
F3_1630202,2,2887,2.7103,2.710308172586653,0.000008172586652754887
F3_202681,2,3399,2.275,2.2749993636336567,6.3636634317632e-7
F3_1628369,2,3459,2.1222,2.122152872773689,0.000047127226310728076
F3_1627741,2,2271,3.1104,3.110440602345435,0.00004060234543512564
F3_1629639,2,3147,2.0642,2.064248995664625,0.00004899566462501781
F3_202696,2,3395,1.7912,1.7911521571379867,0.0000478428620132032
F3_1630596,2,3074,1.9467,1.9466866302727537,0.000013369727246415053
F3_1629660,2,1822,3.2505,3.2505466177129656,0.00004661771296543549
F3_1628401,2,3405,1.739,1.7389893560453265,0.000010643954673650313
F3_1626181,2,2369,2.4922,2.49215540719075,0.00004459280925006581
F3_1626157,2,3099,1.8873,1.8872819585169591,0.000018041483040853734
F3_1631114,2,3275,1.7524,1.7523664849417182,0.000033515058281752275
F3_201939,2,2514,2.2813,2.2812732273640455,0.000026772635954408486
F3_201942,2,3130,1.7815,1.7815097924460754,0.00000979244607535179
F3_202710,2,2186,2.4184,2.4184317788058762,0.000031778805876125915
F3_1629655,2,2159,2.4319,2.4319035693434823,0.0000035693434821126857
F3_1628378,2,3194,1.6246,1.6246213978879307,0.000021397887930652004
F3_1630162,2,3349,1.5082,1.5081903102847158,0.00000968971528414464
F3_1627734,2,3636,1.3727,1.3726952147360483,0.000004785263951756491
F3_1629631,2,1839,2.68,2.6800311993717645,0.0000311993717643233
F3_203076,2,3313,1.454,1.4540037912473442,0.00000379124734428693
F3_1631128,2,3289,1.4053,1.4053175811545597,0.00001758115455974263
F3_1628415,2,3163,1.461,1.46099624436426,0.000003755635740176899
F3_1630583,2,2811,1.6147,1.6147493227502787,0.00004932275027869082
F3_1628973,2,3487,1.2987,1.2986659168383505,0.000034083161649434146
F3_1628384,2,3725,1.2095,1.2095000424552051,4.245520512924372e-8
F3_203507,2,3196,1.3809,1.380888762002268,0.00001123799773194989
F3_1627736,2,3056,1.4307,1.4307216032209087,0.00002160322090860589
F3_1629029,2,3002,1.4558,1.4558257313157337,0.000025731315733690252
F3_203952,2,2449,1.7396,1.7396100018023812,0.000010001802381198743
F3_1629661,2,2986,1.4264,1.4263579945895797,0.000042005410420209444
F3_1628404,2,3677,1.0917,1.0916903669980842,0.000009633001915698713
F3_1629636,2,3062,1.3035,1.3034640299322007,0.00003597006779942902
F3_1628386,2,3154,1.2506,1.2506179867131408,0.000017986713140905053
F3_1629675,2,2381,1.6047,1.6047210149822184,0.00002101498221840359
F3_1627783,2,3543,1.0571,1.0570723932618327,0.00002760673816726289
F3_1628368,2,4038,0.9229,0.922903179917248,0.0000031799172479640703
F3_1630534,2,3366,1.0989,1.0989340778819563,0.00003407788195630701
F3_1629021,2,2096,1.7595,1.7594904670755172,0.00000953292448291343
F3_1630643,2,1646,2.2019,2.201915016596384,0.00001501659638369901
F3_1627747,2,1973,1.6937,1.6937405899045468,0.00004058990454680611
F3_1629634,2,2021,1.6313,1.6313410053173414,0.00004100531734141377
F3_1641708,2,2842,1.136,1.1359593191602264,0.00004068083977348813
F3_1629599,2,2405,1.3007,1.3007144834552915,0.000014483455291536274
F3_1627884,2,2600,1.1453,1.1452887086412598,0.000011291358740228574
F3_1629638,2,2251,1.3157,1.3157144449691098,0.000014444969109739247
F3_1630700,2,3530,0.8373,0.8373352211939469,0.00003522119394683276
F3_1629060,2,2451,1.1804,1.1803645250438124,0.00003547495618749785
F3_1627832,2,3285,0.849,0.8489525191591286,0.000047480840871361174
F3_1630198,2,2028,1.3739,1.373942648774818,0.00004264877481818807
F3_1629659,2,948,2.9337,2.9337165180483264,0.000016518048326474855
F3_1641726,2,1950,1.4081,1.4080842968942053,0.000015703105794573347
F3_1626220,2,2420,1.1012,1.1011582963579714,0.000041703642028600996
F3_1631222,2,2451,1.0867,1.0866824085788531,0.000017591421146878616
F3_1629048,2,2039,1.2898,1.2898198912741599,0.000019891274159800076
F3_1628381,2,2655,0.9735,0.9734995522087627,4.4779123731242265e-7
F3_1629026,2,733,3.5027,3.502665613416119,0.000034386583880774424
F3_1629652,2,2988,0.8518,0.8518335446377273,0.000033544637727311866
F3_1641717,2,2602,0.9301,0.9300972470145582,0.0000027529854418339994
F3_1642272,2,2272,1.0414,1.0413504531774516,0.0000495468225485407
F3_1630578,2,3118,0.7464,0.7463979604055364,0.0000020395944635431817
F3_1629023,2,2606,0.8926,0.8925969503003371,0.0000030496996628048834
F3_1631260,2,1986,1.1419,1.1418828978355022,0.000017102164497684313
F3_1630231,2,1445,1.5466,1.5466397880204052,0.00003978802040527363
F3_1641705,2,2504,0.8858,0.8857607377417106,0.00003926225828942975
F3_201142,2,1901,1.1405,1.1405443006564384,0.00004430065643834524
F3_203081,2,3119,0.693,0.6929724797403675,0.000027520259632485278
F3_1630540,2,2079,1.022,1.0220063414360177,0.0000063414360176317075
F3_1631204,2,989,2.0876,2.0876330789702537,0.00003307897025361939
F3_1628370,2,2249,0.9122,0.9122394758536977,0.00003947585369767914
F3_1641744,2,1219,1.6538,1.6538344121801292,0.00003441218012922853
F3_1642419,2,1311,1.5203,1.5203147846157306,0.000014784615730567552
F3_203497,2,3197,0.6182,0.6181620235383491,0.0000379764616508238
F3_1631095,2,3062,0.6352,0.6352262982910989,0.000026298291098902915
F3_203991,2,2486,0.7769,0.7769115135264945,0.000011513526494422166
F3_1630598,2,2018,0.9519,0.9519459126976473,0.0000459126976473101
F3_1630224,2,3355,0.5656,0.5655504066700391,0.000049593329960906374
F3_1627759,2,2962,0.6355,0.6354743268740133,0.000025673125986669376
F3_1628988,2,628,2.9843,2.9842589805064534,0.00004101949354673451
F3_1628371,2,1448,1.2881,1.288130289051243,0.000030289051242915477
F3_1630573,2,1722,1.0701,1.0701477498227177,0.000047749822717602086
F3_1630163,2,2542,0.7151,0.7150974120084614,0.000002587991538516299
F3_1629008,2,3310,0.5467,0.5467325648723845,0.00003256487238456618
F3_1627936,2,1324,1.3535,1.3535465797869743,0.00004657978697442111
F3_1631165,2,2020,0.8832,0.883162279933745,0.000037720066255020335
F3_1628436,2,1283,1.3756,1.3756152169119318,0.000015216911931847932
F3_1629656,2,1960,0.8933,0.8933111296917218,0.00001112969172178957
F3_1630577,2,2902,0.5923,0.5922767202707336,0.000023279729266412197
F3_1626166,2,1307,1.3106,1.310648764955252,0.00004876495525207858
F3_1628374,2,2380,0.7147,0.7147431497543041,0.00004314975430408374
F3_203944,2,3042,0.5459,0.5458620560027913,0.00003794399720880026
F3_1626204,2,712,2.3222,2.32217556623766,0.00002443376234007033
F3_1630178,2,2371,0.6837,0.6837097623417018,0.000009762341701802235
F3_1642377,2,2559,0.6243,0.6242793074668753,0.000020692533124644363
F3_1626172,2,1450,1.0924,1.0924361733243653,0.000036173324365229576
F3_1630230,2,2110,0.7412,0.7411862337475266,0.000013766252473401686
F3_1629057,2,575,2.5737,2.573706484509986,0.000006484509985860143
F3_203932,2,1337,1.0929,1.0928716998347285,0.0000283001652714443
F3_201143,2,2190,0.6562,0.6561793037229109,0.000020696277089116144
F3_204001,2,749,1.9164,1.9164360675937382,0.00003606759373808721
F3_1629130,2,1977,0.715,0.7149963207897343,0.000003679210265672417
F3_201950,2,2864,0.4931,0.4930611792462072,0.00003882075379280092
F3_1628420,2,883,1.5368,1.5368019324568023,0.0000019324568023559863
F3_1627739,2,2322,0.5384,0.5384293339251249,0.000029333925124941373
F3_202692,2,612,2.0399,2.039901697318668,0.0000016973186682811559
F3_204456,2,2071,0.593,0.5930426366764339,0.00004263667643389368
F3_1630228,2,2247,0.5336,0.5336164548229188,0.000016454822918787748
F3_1628449,2,1590,0.7381,0.7381312434164693,0.00003124341646931761
F3_1630170,2,951,1.2211,1.2210946491491173,0.000005350850882823721
F3_1626145,2,3030,0.3602,0.36022695335005755,0.000026953350057534742
F3_1631107,2,1030,1.0383,1.0382527225560034,0.000047277443996573965
F3_1630171,2,1840,0.5686,0.5685553038442331,0.000044696155766854595
F3_1627751,2,3408,0.3063,0.30634795277290566,0.000047952772905646146
F3_1642349,2,1548,0.673,0.6730001445863887,1.4458638863956708e-7
F3_1631218,2,1737,0.5943,0.5942690460225933,0.00003095397740671135
F3_1631117,2,2063,0.4955,0.49546250902964567,0.0000374909703543258
F3_203084,2,2884,0.35,0.35000692456318594,0.000006924563185961574
F3_1629312,2,2148,0.4635,0.46349678361277,0.0000032163872299983964
F3_1630550,2,61,16.3114,16.31144212856321,0.00004212856321217373
F3_1631157,2,308,3.2081,3.208070225541954,0.000029774458045750407
F3_1629006,2,795,1.2264,1.2263857728305019,0.000014227169498060022
F3_1627826,2,3350,0.2833,0.28332552540836287,0.00002552540836286976
F3_1628998,2,2550,0.3716,0.37163367506956824,0.00003367506956825084
F3_1630572,2,638,1.4346,1.4346491882393377,0.000049188239337638606
F3_1630530,2,1869,0.4736,0.47355648448887394,0.000043515511126079875
F3_203552,2,1176,0.7514,0.7514440944420069,0.00004409444200692558
F3_1630560,2,2246,0.3906,0.39064087647064755,0.00004087647064754396
F3_1627777,2,2171,0.3979,0.39789302894212386,0.000006971057876115072
F3_203471,2,2990,0.2881,0.2881228502625558,0.000022850262555773604
F3_1642261,2,2348,0.3617,0.36167845907334295,0.00002154092665707097
F3_203926,2,597,1.4161,1.4161071276185484,0.00000712761854848587
F3_203897,2,3199,0.2598,0.2597803900268047,0.00001960997319527813
F3_203915,2,2072,0.3817,0.38165338421317135,0.00004661578682862988
F3_203937,2,1426,0.5457,0.545686827912465,0.000013172087534929489
F3_1630241,2,1768,0.4336,0.4335546929643426,0.000045307035657360384
F3_1631111,2,702,1.0897,1.0896636601805616,0.00003633981943829134
F3_203484,2,3148,0.2342,0.23422769244456937,0.00002769244456937714
F3_1627780,2,1262,0.5685,0.568468044964474,0.00003195503552599899
F3_1630696,2,690,0.9901,0.9900693412986332,0.00003065870136675919
F3_1629731,2,1556,0.4356,0.43559775621100305,0.0000022437889969362246
F3_1626164,2,3499,0.1888,0.18879572686858417,0.0000042731314158217515
F3_1628976,2,1484,0.4367,0.4366678690078946,0.00003213099210536141
F3_1631213,2,587,1.0951,1.0951383798616163,0.00003837986161636664
F3_1628989,2,2464,0.2592,0.25924516319969937,0.00004516319969938287
F3_1630552,2,3778,0.1562,0.15616475226388774,0.0000352477361122705
F3_1630188,2,1459,0.3856,0.38559876474607807,0.0000012352539219273595
F3_1641796,2,934,0.5964,0.5963826676921242,0.000017332307875816966
F3_1629012,2,2644,0.2055,0.20547844056277986,0.000021559437220125544
F3_203914,2,1163,0.4635,0.4635444028541618,0.00004440285416179579
F3_201567,2,646,0.8318,0.8317683515144655,0.00003164848553449673
F3_1642278,2,450,1.1756,1.1755920161976987,0.00000798380230127016
F3_1629018,2,2341,0.2205,0.2204571915829828,0.00004280841701720384
F3_1628470,2,280,1.8137,1.813681947498694,0.000018052501306042856
F3_1630538,2,424,1.1591,1.15914369823587,0.000043698235870026636
F3_1630256,2,267,1.8193,1.8193439857420548,0.000043985742054886146
F3_1630568,2,142,3.151,3.1509677983825446,0.000032201617455207554
F3_1630167,2,2064,0.2158,0.21580056440062703,5.644006270399959e-7
F3_1641724,2,1145,0.3667,0.36671198385143855,0.000011983851438523985
F3_1631172,2,763,0.5457,0.545684362190986,0.000015637809013924198
F3_1628418,2,406,0.9666,0.9666177064026701,0.000017706402670070176
F3_1630194,2,519,0.7372,0.7371963958440253,0.0000036041559746680107
F3_1629610,2,243,1.4891,1.4891090624867807,0.000009062486780564427
F3_201145,2,187,1.8774,1.877376342458265,0.000023657541734944942
F3_1629723,2,761,0.4511,0.45110436304272994,0.000004363042729937927
F3_1627827,2,1855,0.184,0.18396537991590864,0.00003462008409135797
F3_201572,2,3216,0.0896,0.08962295450339311,0.00002295450339311056
F3_1629651,2,1818,0.158,0.15796386117705719,0.00003613882294281612
F3_203078,2,2054,0.139,0.13896250968328577,0.0000374903167142393
F3_1628964,2,525,0.524,0.5239520990012384,0.000047900998761618574
F3_1642285,2,265,1.0003,1.0002969001833748,0.000003099816625162788
F3_203939,2,590,0.4448,0.4448223679239716,0.000022367923971644554
F3_201144,2,1986,0.1178,0.11775196222453177,0.00004803777546823207
F3_1628970,2,1358,0.165,0.16504902176049874,0.00004902176049872975
F3_1629674,2,1478,0.1302,0.13021782644222665,0.000017826442226642758
F3_1641706,2,2783,0.0664,0.06636614567481602,0.0000338543251839768
F3_1627752,2,2676,0.0645,0.06451750835321994,0.00001750835321993882
F3_1630551,2,344,0.4999,0.49992907944652687,0.000029079446526858455
F3_1630658,2,64,2.4825,2.482457343394174,0.000042656605825808214
F3_1628969,2,3862,0.0408,0.04078087531620771,0.000019124683792295927
F3_1641738,2,195,0.6822,0.6821600835229126,0.00003991647708745383
F3_203114,2,261,0.4599,0.4598506498223104,0.000049350177689588826
F3_1642403,2,587,0.202,0.20200311260371007,0.0000031126037100537296
F3_1628392,2,1100,0.1077,0.1077382622769343,0.00003826227693429218
F3_1630649,2,77,1.4576,1.4576419786941335,0.000041978694133470995
F3_1627763,2,885,0.1254,0.12536389323970132,0.000036106760298693086
F3_1631209,2,124,0.7304,0.7303761559378192,0.000023844062180811143
F3_1630539,2,544,0.1363,0.1362714699524864,0.000028530047513602996
F3_1641857,2,85,0.8713,0.8713037463761807,0.0000037463761807243756
F3_1630625,2,1555,0.0422,0.04220174095653906,0.0000017409565390563708
F3_1641789,2,55,1.1852,1.1851635575901118,0.00003644240988820435
F3_1631207,2,1518,0.0322,0.03220700798205,0.000007007982050000194
F3_203109,2,341,0.1324,0.13237730038968934,0.000022699610310650264
F3_1641854,2,593,0.0232,0.023197098480420755,0.000002901519579243811
F3_1630168,2,2604,0.0041,0.004118348197784266,0.000018348197784266024
F3_202709,2,192,0.0531,0.053074665553836754,0.000025334446163247093
F3_1631110,2,1321,0.0023,0.0022950185769316247,0.000004981423068375294
F3_1630549,2,180,-0.0501,-0.05005895491888491,0.00004104508111509031
F3_1641711,2,2899,-0.0032,-0.0031987591724943636,0.0000012408275056365048
F3_1629162,2,619,-0.0329,-0.03285710330051631,0.00004289669948368685
F3_202066,2,141,-0.3995,-0.3994795095984776,0.00002049040152241055
F3_1629618,2,150,-0.4455,-0.44551928140411584,0.00001928140411583401
F3_1630531,2,100,-0.6915,-0.6914568337853084,0.00004316621469158122
F3_1630193,2,274,-0.2958,-0.29575570033620846,0.00004429966379154715
F3_1641729,2,1133,-0.0744,-0.07437430805081963,0.000025691949180367546
F3_1631098,2,579,-0.1549,-0.15494834032452612,0.00004834032452610826
F3_1631321,2,120,-0.8148,-0.814841479895138,0.00004147989513803019
F3_1630215,2,747,-0.138,-0.1379736647751045,0.000026335224895507325
F3_1641766,2,58,-2.0665,-2.0664736090918407,0.000026390908159257265
F3_1629630,2,1749,-0.072,-0.07197658764219407,0.00002341235780592421
F3_1630173,2,344,-0.3878,-0.38781313784123145,0.000013137841231469771
F3_1630322,2,1554,-0.0953,-0.09530747726852583,0.0000074772685258323035
F3_1631115,2,177,-0.8889,-0.8889099031608546,0.000009903160854585202
F3_1641810,2,549,-0.2979,-0.2979466415155932,0.000046641515593193184
F3_203083,2,1548,-0.1059,-0.10590189477571393,0.0000018947757139398114
F3_1628379,2,1209,-0.1395,-0.13954014272523488,0.00004014272523486517
F3_1629111,2,696,-0.2591,-0.25909614951917537,0.000003850480824629798
F3_1631109,2,114,-1.6408,-1.640775373558669,0.00002462644133105485
F3_1641765,2,365,-0.5191,-0.5190946745057895,0.000005325494210506321
F3_1627814,2,153,-1.4058,-1.4057947876852723,0.000005212314727609524
F3_1630311,2,185,-1.1962,-1.1961654980538314,0.000034501946168497
F3_1630545,2,130,-1.7409,-1.7408619688137688,0.00003803118623113555
F3_1641730,2,1005,-0.2316,-0.23159447254527116,0.000005527454728843084
F3_1629726,2,1396,-0.1682,-0.1681864251804458,0.000013574819554190709
F3_203482,2,165,-1.5072,-1.5071790552944724,0.000020944705527714547
F3_1631169,2,368,-0.6778,-0.6778086417446775,0.000008641744677517771
F3_1641809,2,338,-0.756,-0.7559558162780107,0.000044183721989332625
F3_1631245,2,1011,-0.2619,-0.2618797622228285,0.00002023777717152786
F3_1630699,2,150,-1.8028,-1.802755931140625,0.000044068859375023806
F3_1642277,2,660,-0.4214,-0.4214119516826093,0.000011951682609312453
F3_1628963,2,618,-0.4712,-0.47118270210679775,0.000017297893202261605
F3_1641871,2,350,-0.8384,-0.8383698723061489,0.00003012769385113412
F3_1642345,2,1297,-0.2353,-0.23533128471037623,0.0000312847103762226
F3_1631124,2,1875,-0.1683,-0.16833164329142947,0.00003164329142946176
F3_1641741,2,802,-0.3943,-0.3942524181536962,0.00004758184630376805
F3_1628960,2,1866,-0.177,-0.17703252605555372,0.000032526055553733224
F3_1631288,2,837,-0.3962,-0.3962284521467298,0.000028452146729807115
F3_1641816,2,459,-0.725,-0.7249721055027518,0.000027894497248159844
F3_1630264,2,564,-0.6059,-0.6058650876194319,0.00003491238056807511
F3_1630591,2,3209,-0.1067,-0.10667956491625358,0.000020435083746425664
F3_1630611,2,100,-3.6596,-3.6595737983898102,0.00002620161018995759
F3_202704,2,475,-0.771,-0.7709584373078697,0.00004156269213029251
F3_202331,2,1473,-0.251,-0.2510219842053238,0.00002198420532378842
F3_1629646,2,656,-0.5939,-0.5939412035381284,0.00004120353812842037
F3_1642276,2,253,-1.5741,-1.5740975143283356,0.0000024856716644983123
F3_1642359,2,310,-1.288,-1.2880401219161088,0.000040121916108804
F3_203468,2,1834,-0.2337,-0.23368407302041547,0.000015926979584524048
F3_1630541,2,1471,-0.2937,-0.29374230964074066,0.00004230964074064536
F3_1628975,2,245,-1.8517,-1.851668327131361,0.00003167286863892116
F3_1631097,2,3380,-0.1353,-0.13530636320008826,0.000006363200088260745
F3_1629004,2,336,-1.4053,-1.405347249120634,0.00004724912063402975
F3_1641737,2,364,-1.3066,-1.306602354570603,0.000002354570602935979
F3_202699,2,3209,-0.1554,-0.1553884257803569,0.00001157421964312344
F3_1642265,2,381,-1.3128,-1.312782639493136,0.000017360506864072534
F3_1630288,2,332,-1.5274,-1.527350472771783,0.00004952722821705002
F3_202684,2,230,-2.2396,-2.239638145689194,0.00003814568919402461
F3_1630183,2,2737,-0.1904,-0.19044873625499875,0.000048736254998738016
F3_1642281,2,444,-1.1861,-1.1861108595975607,0.000010859597560752832
F3_1642271,2,1129,-0.4855,-0.48552911208563654,0.00002911208563655121
F3_1631323,2,1878,-0.3049,-0.30488757873325145,0.000012421266748552373
F3_1630695,2,410,-1.4091,-1.4090608140672514,0.00003918593274865323
F3_202691,2,2405,-0.2415,-0.2414565676067873,0.00004343239321269454
F3_1642367,2,1753,-0.3318,-0.33184512428300905,0.00004512428300906812
F3_1630570,2,792,-0.7504,-0.7503845329126653,0.00001546708733468627
F3_1631217,2,1744,-0.3441,-0.34414610023215847,0.00004610023215845249
F3_1631216,2,388,-1.5563,-1.5562914086989332,0.000008591301066784851
F3_1631132,2,585,-1.0701,-1.0700667847624288,0.000033215237571271317
F3_1630529,2,1054,-0.5982,-0.5981681035800441,0.000031896419955823596
F3_101108,2,2890,-0.2204,-0.22041206809477346,0.000012068094773443061
F3_1630192,2,274,-2.3545,-2.3544706042480996,0.000029395751900196387
F3_1630314,2,94,-6.9158,-6.915810449048605,0.000010449048605032374
F3_1631212,2,2419,-0.2803,-0.28031155402625363,0.000011554026253635108
F3_1630567,2,1969,-0.3592,-0.3591748630118681,0.000025136988131946314
F3_1630200,2,564,-1.2901,-1.2900920023147597,0.000007997685240290764
F3_1630208,2,986,-0.7411,-0.7410693994254949,0.000030600574505101896
F3_201935,2,3339,-0.2204,-0.22043819234980178,0.00003819234980176334
F3_1630217,2,2070,-0.357,-0.3569678169966385,0.00003218300336149671
F3_203935,2,1563,-0.4748,-0.4747897505606603,0.000010249439339693467
F3_1628380,2,1423,-0.5241,-0.5241209662828433,0.000020966282843315476
F3_1629640,2,2382,-0.3139,-0.31385966814734156,0.00004033185265844841
F3_1630346,2,172,-4.3795,-4.379541336803367,0.00004133680336693146
F3_1631103,2,966,-0.7801,-0.780129747876707,0.00002974787670695367
F3_1641732,2,294,-2.6005,-2.6004832995707563,0.00001670042924351023
F3_1630548,2,1299,-0.5967,-0.5966966325178974,0.0000033674821026119517
F3_1642270,2,1165,-0.6702,-0.6702220510878075,0.00002205108780750642
F3_203992,2,1223,-0.6609,-0.6608660905191986,0.00003390948080139733
F3_1628366,2,613,-1.3242,-1.3242402755287246,0.00004027552872454265
F3_1641767,2,1115,-0.7487,-0.7487010033008682,0.0000010033008681631372
F3_201599,2,394,-2.1311,-2.131149721961737,0.00004972196173680388
F3_1641712,2,987,-0.8582,-0.8581699975698455,0.00003000243015449655
F3_1629629,2,1401,-0.6227,-0.622707727247923,0.000007727247922972857
F3_203903,2,1403,-0.647,-0.6470096472438225,0.000009647243822463736
F3_1641715,2,329,-2.7702,-2.770206570438798,0.000006570438797925959
F3_1629673,2,2477,-0.3699,-0.36994276106398,0.000042761063979990244
F3_1641998,2,581,-1.5855,-1.585492493687251,0.000007506312748928323
F3_1629003,2,1351,-0.6851,-0.6850654330744717,0.0000345669255283898
F3_1642530,2,146,-6.4055,-6.405538953687538,0.0000389536875378127
F3_1626162,2,2823,-0.3333,-0.3333114061090541,0.000011406109054090674
F3_1641842,2,1725,-0.5476,-0.5475734776851382,0.000026522314861776586
F3_1627750,2,2518,-0.3768,-0.3767701622722772,0.000029837727722803464
F3_1626153,2,1191,-0.8111,-0.8110761569701931,0.00002384302980695807
F3_1630590,2,2439,-0.4008,-0.40084788531554627,0.00004788531554628106
F3_1630579,2,1189,-0.8333,-0.8333157180308589,0.000015718030858868914
F3_1630191,2,2409,-0.4132,-0.41320899391732724,0.000008993917327226875
F3_1642402,2,497,-2.0233,-2.023281079118181,0.00001892088181909557
F3_1630559,2,2630,-0.3941,-0.394064150893916,0.000035849106084007154
F3_1641775,2,611,-1.7122,-1.712166052591868,0.000033947408131895784
F3_1631170,2,1514,-0.7031,-0.7031268072536169,0.00002680725361692282
F3_1630245,2,3206,-0.3368,-0.3368232196040146,0.000023219604014634854
F3_1641757,2,910,-1.1908,-1.1907945624930274,0.000005437506972683082
F3_203954,2,654,-1.6621,-1.66214897601543,0.00004897601543008001
F3_1631105,2,2168,-0.5032,-0.5031828132456692,0.000017186754330822396
F3_200768,2,1399,-0.7956,-0.7956313800358702,0.00003138003587022098
F3_1642263,2,1225,-0.9269,-0.9268636087599608,0.000036391240039179706
F3_1631133,2,841,-1.426,-1.4259523885145748,0.00004761148542509197
F3_203458,2,523,-2.2945,-2.294504986665361,0.000004986665360640075
F3_1630249,2,549,-2.1909,-2.1908754679556273,0.000024532044372804762
F3_1641824,2,1390,-0.8661,-0.8661460699730112,0.00004606997301126459
F3_1630811,2,838,-1.4464,-1.4464169145485746,0.00001691454857466468
F3_1626192,2,1022,-1.1992,-1.1991970619487982,0.000002938051201883951
F3_1631200,2,1187,-1.0411,-1.041056653282174,0.00004334671782602051
F3_1641709,2,354,-3.5404,-3.5404377767326185,0.00003777673261851078
F3_203924,2,2905,-0.4637,-0.4637197612319058,0.000019761231905779386
F3_1626156,2,2604,-0.5395,-0.5395437612373486,0.000043761237348616255
F3_1631223,2,955,-1.4986,-1.4986286715892287,0.000028671589228812522
F3_1629234,2,1136,-1.2694,-1.2693904303814596,0.00000956961854048366
F3_1630527,2,2563,-0.5648,-0.5647572691454504,0.00004273085454953307
F3_1642346,2,1376,-1.0593,-1.0593433660827634,0.000043366082763451885
F3_1626171,2,2283,-0.6598,-0.6597908252670699,0.000009174732930161689
F3_1630166,2,2673,-0.5768,-0.5767764726742715,0.000023527325728522896
F3_1627824,2,2134,-0.7305,-0.7305188950107107,0.000018895010710617832
F3_1629632,2,3252,-0.4811,-0.4811061161988463,0.000006116198846273235
F3_1630214,2,600,-2.6113,-2.6113378395349036,0.000037839534903660876
F3_201587,2,1794,-0.8757,-0.8756913797245439,0.000008620275456117099
F3_203500,2,610,-2.5896,-2.58955322811657,0.000046771883429830297
F3_1629614,2,1144,-1.408,-1.4079832363490035,0.00001676365099645416
F3_1641794,2,699,-2.3376,-2.3376134400139277,0.000013440013927557004
F3_1641716,2,1935,-0.8615,-0.8615084715542645,0.000008471554264422032
F3_203995,2,1084,-1.5646,-1.5645731759776527,0.00002682402234732706
F3_1641763,2,1458,-1.171,-1.1710140550733308,0.000014055073330743184
F3_1629028,2,2124,-0.8123,-0.8122938662830632,0.000006133716936806977
F3_202685,2,1695,-1.0212,-1.021206685104028,0.000006685104027903677
F3_203486,2,1599,-1.0978,-1.0977590239661554,0.000040976033844675186
F3_201569,2,1064,-1.6513,-1.651334881152923,0.000034881152922938696
F3_1641783,2,2101,-0.8545,-0.8544743317120992,0.00002566828790084852
F3_1628978,2,2432,-0.7466,-0.7466118962165438,0.000011896216543738625
F3_1630592,2,2250,-0.8169,-0.8169276082213247,0.000027608221324748605
F3_203110,2,2678,-0.7154,-0.7154003702118312,3.702118311910141e-7
F3_1642266,2,1077,-1.8042,-1.804183507200455,0.000016492799544964853
F3_1642275,2,1487,-1.3093,-1.3092822405489744,0.000017759451025556316
F3_1631104,2,803,-2.527,-2.527036567625854,0.00003656762585402262
F3_1631101,2,2061,-0.99,-0.9899742261012483,0.000025773898751690894
F3_1628467,2,1032,-2.0069,-2.0069386654375156,0.00003866543751573914
F3_1630169,2,3646,-0.5776,-0.577633125367989,0.00003312536798905086
F3_1631108,2,1788,-1.1812,-1.1812212527384705,0.000021252738470423083
F3_1630182,2,2491,-0.852,-0.8520280985489884,0.000028098548988442218
F3_1629750,2,2256,-0.9524,-0.9524397530600659,0.000039753060065872425
F3_1626168,2,1353,-1.6222,-1.6221680827835887,0.00003191721641138123
F3_1629628,2,3145,-0.7216,-0.7216079613399922,0.000007961339992146321
F3_1642274,2,2536,-0.9188,-0.918772882621128,0.000027117378871954756
F3_1630526,2,2110,-1.1306,-1.1306199140515218,0.000019914051521796594
F3_1628464,2,1068,-2.2372,-2.2372412811841382,0.00004128118413815329
F3_1631093,2,3041,-0.7879,-0.7879271601575994,0.000027160157599404045
F3_203501,2,2538,-0.9534,-0.9533833464885595,0.000016653511440534174
F3_1642354,2,458,-5.3492,-5.349218624015799,0.00001862401579888484
F3_1641710,2,2661,-0.9238,-0.9237872933854107,0.000012706614589297338
F3_1641722,2,1296,-1.9588,-1.958837454555679,0.00003745455567893963
F3_1630175,2,1082,-2.358,-2.3580283102691726,0.000028310269172493463
F3_1629216,2,1888,-1.3709,-1.3709114750261515,0.000011475026151508416
F3_1630172,2,1837,-1.4278,-1.427797438690046,0.0000025613099539079087
F3_1641748,2,1657,-1.6606,-1.6605707357882964,0.00002926421170368343
F3_203994,2,1596,-1.7493,-1.7493374294971915,0.000037429497191432404
F3_1631099,2,3891,-0.7257,-0.725706955834861,0.00000695583486098883
F3_1630702,2,1325,-2.1662,-2.1661933305801573,0.000006669419842619817
F3_1629014,2,2570,-1.2211,-1.221119264074633,0.000019264074632818762
F3_1641764,2,2322,-1.3621,-1.362106289858779,0.0000062898587789295135
F3_1641739,2,3031,-1.0463,-1.0463269857458815,0.000026985745881447087
F3_1642258,2,2655,-1.235,-1.2349659331192793,0.00003406688072082886
F3_1630595,2,3242,-1.0285,-1.0285169795173432,0.00001697951734325187
F3_1627732,2,1719,-1.9475,-1.9475210688419529,0.000021068841952853745
F3_1630553,2,1546,-2.2743,-2.274341921816943,0.000041921816942736
F3_1626167,2,3005,-1.1776,-1.1776199767852555,0.000019976785255559903
F3_1630557,2,2078,-1.808,-1.808032363273284,0.00003236327328393074
F3_1628389,2,3083,-1.2505,-1.2505385972096632,0.0000385972096632603
F3_1626179,2,2235,-1.7662,-1.7661999028193742,9.718062576880016e-8
F3_1642262,2,1251,-3.2968,-3.2968416042793174,0.00004160427931720889
F3_201566,2,2475,-1.6704,-1.6704353698594885,0.000035369859488376676
F3_1627749,2,1280,-3.3389,-3.3389216118650182,0.000021611865018034138
F3_1629645,2,1740,-2.4613,-2.4613324303029716,0.00003243030297150895
F3_1628398,2,1439,-2.9877,-2.9876943777136686,0.000005622286331163906
F3_1642273,2,2003,-2.1621,-2.1621434863155176,0.00004348631551742699
F3_2544,2,3362,-1.3102,-1.3102137996100185,0.000013799610018461195
F3_1642347,2,1339,-3.4159,-3.41587100472514,0.000028995274860221798
F3_1630703,2,1832,-2.5988,-2.598766733282968,0.00003326671703218764
F3_1642264,2,2765,-1.7265,-1.726470722423542,0.000029277576457875654
F3_1628997,2,2312,-2.143,-2.1429998221584365,1.7784156325362233e-7
F3_1642267,2,2595,-2.1451,-2.1451462105273857,0.00004621052738595921
F3_1641731,2,3000,-1.9597,-1.9596797769003955,0.000020223099604477213
F3_1642268,2,1150,-5.2793,-5.279277616980955,0.000022383019045335573
F3_1630558,2,2979,-2.0749,-2.0748890677634058,0.000010932236594207723
F3_1629027,2,3971,-1.6266,-1.6266231015217296,0.000023101521729573804
F3_1642259,2,2278,-2.9098,-2.9098298585432394,0.0000298585432392251
F3_1641718,2,2882,-2.3098,-2.309788184493911,0.000011815506089085659
F3_1630581,2,2899,-2.5507,-2.550667106163297,0.000032893836702907464
F4_1628983,3,4534,3.6914,3.691426905056632,0.00002690505663238696
F4_203999,3,4544,3.081,3.0810495403822205,0.00004954038222049206
F4_1628369,3,4509,2.4623,2.462335654582752,0.00003565458275200939
F4_1628991,3,4164,2.5154,2.5153650721057366,0.0000349278942635145
F4_1626181,3,3529,2.7527,2.7526550791595072,0.000044920840492679304
F4_1630202,3,3855,2.3829,2.382937640176637,0.00003764017663732133
F4_1626157,3,4322,2.0668,2.066785858096142,0.00001414190385817804
F4_1628378,3,4207,2.1116,2.1116412915688345,0.000041291568834367354
F4_202681,3,4436,1.9088,1.9087873344021058,0.00001266559789425692
F4_1629631,3,2700,2.9761,2.976084915646378,0.000015084353622185631
F4_1630596,3,3915,1.9284,1.9284363069888992,0.000036306988899337256
F4_1627783,3,4749,1.5429,1.5428784133202884,0.000021586679711527168
F4_1629639,3,4360,1.6638,1.663828422199296,0.000028422199296107564
F4_202710,3,2497,2.729,2.7289873643221747,0.00001263567782538999
F4_1628386,3,4083,1.6632,1.663233215878164,0.00003321587816396132
F4_1629636,3,4040,1.6691,1.6691120890314377,0.000012089031437678699
F4_1628384,3,5034,1.3302,1.3301887088274615,0.000011291172538507865
F4_1630583,3,3379,1.9051,1.9051345002987627,0.00003450029876272964
F4_1629660,3,2333,2.7472,2.7471569757065946,0.00004302429340530267
F4_1631106,3,2245,2.8539,2.8538926982762742,0.000007301723725650078
F4_1628415,3,3784,1.691,1.6910144508440563,0.000014450844056268508
F4_1628973,3,4705,1.3577,1.3577430715839753,0.000043071583975429206
F4_1628401,3,4522,1.3704,1.3703578521392916,0.00004214786070844134
F4_203076,3,4438,1.3715,1.371483906723597,0.000016093276402839862
F4_1631128,3,4380,1.3604,1.3604300509861247,0.000030050986124630086
F4_202696,3,4572,1.2621,1.2621069381794632,0.000006938179463178429
F4_1628404,3,4946,1.0832,1.0832470998631583,0.00004709986315831749
F4_1628368,3,5218,1.0049,1.004863259245663,0.00003674075433690582
F4_1627736,3,3919,1.3119,1.3118505136683791,0.000049486331620940405
F4_201942,3,4286,1.1855,1.1855101684755813,0.000010168475581329162
F4_1627734,3,4685,1.0836,1.0835928054175124,0.0000071945824875463416
F4_1627747,3,2725,1.8487,1.8486805498383634,0.00001945016163662494
F4_203507,3,3479,1.4407,1.440738949726517,0.00003894972651696804
F4_1641705,3,3775,1.3238,1.3238379298030556,0.000037929803055503086
F4_1631114,3,4212,1.1583,1.158291991428204,0.000008008571796169761
F4_1629026,3,1156,4.0477,4.047733114624999,0.000033114624999441844
F4_1629655,3,2901,1.5826,1.5826111496322945,0.000011149632294538137
F4_201939,3,3482,1.2843,1.284295060273931,0.000004939726069075334
F4_1629661,3,4010,1.1144,1.1144326505318722,0.000032650531872180366
F4_1628969,3,5402,0.8148,0.8148479537672618,0.00004795376726185463
F4_1629048,3,2932,1.4796,1.4796335540415237,0.0000335540415237201
F4_1627741,3,2919,1.4374,1.4374177296607973,0.000017729660797272118
F4_1627832,3,4287,0.9671,0.967133635878386,0.0000336358783860069
F4_1630578,3,4070,1.0055,1.0054648074603234,0.00003519253967665392
F4_1630178,3,3798,1.051,1.0510282800768167,0.000028280076816766808
F4_1630162,3,4611,0.8646,0.8645689080152024,0.000031091984797670946
F4_1627759,3,4106,0.9668,0.9668378365321673,0.00003783653216726801
F4_1627884,3,3175,1.206,1.2059725901729146,0.000027409827085378424
F4_203952,3,3446,1.1098,1.1098049137890345,0.000004913789034555194
F4_1629675,3,3297,1.1473,1.1472735006514254,0.000026499348574571258
F4_1629634,3,2591,1.4413,1.441285728410736,0.000014271589263925577
F4_1641708,3,3609,1.0216,1.0215978994444717,0.000002100555528405934
F4_1630643,3,1958,1.8416,1.8416076190067683,0.000007619006768377901
F4_1627826,3,4426,0.8046,0.8045930410542744,0.000006958945725554777
F4_1641726,3,2577,1.2748,1.2747908892612039,0.000009110738796058726
F4_1630167,3,2599,1.2572,1.257233737576396,0.00003373757639590913
F4_1641744,3,1909,1.6839,1.6839497020907381,0.00004970209073817955
F4_1631165,3,2735,1.1713,1.171321605131542,0.00002160513154203514
F4_1630224,3,4303,0.7224,0.7223550621903531,0.00004493780964698324
F4_1630577,3,3761,0.8264,0.8263807589830753,0.00001924101692474256
F4_1629008,3,4585,0.6758,0.6757512784341493,0.00004872156585067344
F4_1630700,3,4202,0.7162,0.7162043000018693,0.000004300001869350645
F4_1630573,3,2203,1.3572,1.3571823174707922,0.00001768252920775204
F4_1631218,3,2526,1.1695,1.1694804260968712,0.000019573903128788928
F4_1629599,3,3273,0.8752,0.8752299730904829,0.00002997309048291541
F4_1630530,3,3070,0.9296,0.9296429700954612,0.00004297009546117003
F4_201950,3,3456,0.8202,0.8202286238557309,0.000028623855730880443
F4_1629731,3,2243,1.2636,1.2635952005861866,0.000004799413813483255
F4_1642349,3,2061,1.3538,1.3537824380624512,0.000017561937548649098
F4_1629060,3,3543,0.783,0.7829668822215746,0.00003311777842540664
F4_1626220,3,3292,0.8296,0.8296166915012443,0.000016691501244281426
F4_1641717,3,3304,0.8239,0.8239446825495648,0.000044682549564800667
F4_1629638,3,3053,0.8743,0.8743424096594296,0.00004240965942958752
F4_1642377,3,3579,0.7413,0.7413444107656119,0.00004441076561190194
F4_1630217,3,3261,0.8045,0.8045448589409843,0.000044858940984271456
F4_1630598,3,2553,0.9909,0.9908824463822307,0.00001755361776933917
F4_1629023,3,3598,0.6866,0.686620260624073,0.00002026062407300966
F4_203932,3,2022,1.21,1.2099897009691858,0.000010299030814175936
F4_1627936,3,1565,1.5451,1.5451087584951422,0.000008758495142258127
F4_203497,3,4353,0.5501,0.5500847242867879,0.000015275713212137276
F4_1631260,3,2599,0.9072,0.90716071354587,0.000039286454129983106
F4_1628374,3,3643,0.6347,0.6346905268171188,0.000009473182881247766
F4_201142,3,3231,0.7043,0.7043074171772005,0.000007417177200430558
F4_202692,3,1070,2.1267,2.1266949793833736,0.000005020616626438823
F4_1629659,3,1555,1.4574,1.4574110815032943,0.000011081503294319006
F4_1631109,3,740,3.0383,3.0383043770703506,0.000004377070350614076
F4_1629652,3,3725,0.6013,0.6013432385070767,0.00004323850707677046
F4_1630171,3,2022,1.1021,1.102119573263314,0.000019573263313921174
F4_1630194,3,892,2.4505,2.4504689021909374,0.00003109780906251913
F4_1628436,3,1831,1.1817,1.1816928455607898,0.0000071544392101774434
F4_203081,3,3434,0.6103,0.610323057682549,0.000023057682549065817
F4_1627777,3,2861,0.7097,0.7096747900576396,0.000025209942360437942
F4_1630163,3,3105,0.6486,0.6485667726248319,0.000033227375168087825
F4_1626166,3,1778,1.13,1.129994184200251,0.000005815799748898343
F4_1630540,3,2814,0.7083,0.7082554534543963,0.00004454654560370752
F4_203484,3,4220,0.4709,0.47094850405226946,0.0000485040522694713
F4_1629656,3,2890,0.6868,0.6867522482981522,0.000047751701847786876
F4_1630552,3,4733,0.4142,0.41416343956254625,0.0000365604374537587
F4_204001,3,1300,1.459,1.4589612184392564,0.00003878156074366146
F4_1630198,3,2563,0.729,0.7290038424316542,0.000003842431654188516
F4_1628988,3,881,2.118,2.117992098275205,0.000007901724794923126
F4_1629130,3,2739,0.6691,0.6691043331226104,0.000004333122610389317
F4_1631204,3,1264,1.4486,1.448616748789513,0.000016748789512854856
F4_1631222,3,3113,0.5876,0.5875856913091124,0.000014308690887587794
F4_1627739,3,3242,0.5603,0.5602809240121094,0.00001907598789063769
F4_1628449,3,2169,0.8316,0.831620263578014,0.00002026357801399037
F4_1628381,3,3273,0.543,0.5430315307671226,0.00003153076712258951
F4_1630170,3,2093,0.8264,0.8264477328706024,0.000047732870602335
F4_201572,3,4032,0.4285,0.4284569286956013,0.00004307130439867857
F4_1629018,3,2910,0.5797,0.5797258778570776,0.000025877857077638566
F4_203084,3,3808,0.4348,0.43483271330098117,0.00003271330098114644
F4_1642419,3,1707,0.97,0.9699977701885366,0.0000022298114633612087
F4_1641715,3,838,1.9634,1.963380900818559,0.00001909918144105127
F4_1630256,3,591,2.5818,2.581800040784636,4.0784636112789485e-8
F4_1631094,3,738,2.0535,2.0535255833248107,0.000025583324810618535
F4_1630534,3,4301,0.3472,0.34724061552775876,0.000040615527758747216
F4_202691,3,3339,0.4267,0.42674830100887423,0.00004830100887420752
F4_1630560,3,2337,0.6025,0.6024569317622513,0.000043068237748689064
F4_1630551,3,1435,0.9582,0.9581870312591179,0.000012968740882191021
F4_1630230,3,2505,0.5203,0.5202678089750609,0.00003219102493912107
F4_1628379,3,1995,0.6506,0.6505611123703328,0.00003888762966719472
F4_1631157,3,807,1.5756,1.575621935629954,0.00002193562995400633
F4_203897,3,4208,0.2955,0.29551299428034017,0.000012994280340183906
F4_1630241,3,2354,0.5229,0.5229224928222097,0.0000224928222096743
F4_1629726,3,1970,0.5569,0.5569290765969792,0.00002907659697926057
F4_1628418,3,766,1.4215,1.421472627063517,0.000027372936483027743
F4_1629057,3,772,1.4049,1.4048588522384662,0.00004114776153385513
F4_1631107,3,1753,0.6122,0.612154819294758,0.000045180705241953945
F4_1627780,3,1441,0.7258,0.7257829139379979,0.000017086062002125146
F4_1630550,3,102,10.1651,10.165146454668006,0.00004645466800567988
F4_1628392,3,1964,0.5014,0.5013829396222838,0.000017060377716204833
F4_1631110,3,2463,0.3968,0.3967984657960395,0.00000153420396048487
F4_1627751,3,3893,0.2504,0.25041955428768914,0.00001955428768912748
F4_1630541,3,1703,0.566,0.5660048102092302,0.000004810209230265983
F4_1630228,3,3230,0.2977,0.2976728903485999,0.000027109651400125667
F4_1629013,3,155,6.0201,6.020054230887419,0.00004576911258080685
F4_1629012,3,3754,0.2478,0.24783838747407735,0.00003838747407736154
F4_203937,3,1635,0.5625,0.5624972968192334,0.000002703180766561175
F4_203114,3,922,0.9737,0.9737354841019982,0.00003548410199816221
F4_1629006,3,1262,0.6963,0.6962776630822279,0.000022336917772092235
F4_1626164,3,4045,0.2085,0.20853367038479056,0.00003367038479057394
F4_1642276,3,612,1.3416,1.3416211705133165,0.000021170513316626227
F4_1630168,3,2804,0.2892,0.28923745107122,0.000037451071219996024
F4_1626145,3,4098,0.1974,0.19737511580885347,0.000024884191146518075
F4_1629674,3,1668,0.4695,0.4694874768554332,0.00001252314456678949
F4_203939,3,837,0.9348,0.9348313227152554,0.00003132271525541075
F4_1630572,3,770,1.0153,1.0152583510828443,0.00004164891715574548
F4_1628420,3,1499,0.5108,0.5107655573530028,0.000034442646997256965
F4_1631111,3,754,1.0006,1.0006446500640964,0.00004465006409648531
F4_1626172,3,1794,0.4143,0.414270421201115,0.000029578798884988267
F4_203552,3,1653,0.4494,0.4494132921779593,0.000013292177959256524
F4_1630188,3,2053,0.3618,0.3617854121834871,0.00001458781651292318
F4_1630243,3,514,1.442,1.4419997414776458,2.5852235419066005e-7
F4_1631169,3,641,1.123,1.1230162956890453,0.000016295689045264794
F4_1629630,3,2477,0.2869,0.286930956397477,0.00003095639747702217
F4_203926,3,833,0.8245,0.8245068877048173,0.000006887704817271079
F4_1629637,3,802,0.8547,0.8547449604612818,0.000044960461281773334
F4_1627827,3,2397,0.2801,0.2801439567971646,0.00004395679716456824
F4_1630174,3,557,1.1468,1.1468026429416915,0.0000026429416914997006
F4_1628371,3,1963,0.3177,0.317658245266819,0.00004175473318096534
F4_1642261,3,2915,0.2094,0.20938779222415838,0.000012207775841627244
F4_201143,3,2954,0.204,0.20395878188320546,0.000041218116794528026
F4_203991,3,3169,0.1899,0.18987735758920096,0.000022642410799050827
F4_1630183,3,3771,0.1363,0.13632396955459639,0.000023969554596381393
F4_1630537,3,236,2.0892,2.089162415894155,0.00003758410584486782
F4_1629723,3,1284,0.3825,0.38253434378176593,0.00003434378176592201
F4_1631119,3,276,1.7337,1.7336597632096142,0.00004023679038578365
F4_1641745,3,150,3.0563,3.0562674226363273,0.000032577363672459114
F4_203954,3,1318,0.3447,0.3446954302014339,0.000004569798566111949
F4_1642278,3,491,0.8315,0.8315297202408445,0.00002972024084446634
F4_1641727,3,131,2.9717,2.9716616197166843,0.00003838028331548671
F4_1630568,3,202,1.8548,1.854797210915085,0.0000027890849150224994
F4_1631466,3,51,7.0577,7.057655330299304,0.00004466970069572085
F4_1628978,3,3406,0.1016,0.10158420918700986,0.000015790812990135183
F4_1629640,3,3024,0.0916,0.09156090023660934,0.000039099763390657016
F4_1629312,3,2934,0.0928,0.09281868309880666,0.000018683098806662746
F4_1628975,3,476,0.5529,0.5529464503938065,0.00004645039380657412
F4_1631212,3,3391,0.0755,0.07554923245221669,0.000049232452216690925
F4_1630538,3,636,0.3903,0.39029689280794577,0.0000031071920542080633
F4_1629003,3,2064,0.0969,0.09690599129260614,0.000005991292606144505
F4_1631117,3,3273,0.0592,0.059201059649509724,0.000001059649509721483
F4_203944,3,4238,0.0448,0.04481975072627068,0.000019750726270681418
F4_1629618,3,325,0.5112,0.5112183814137993,0.000018381413799284374
F4_1642285,3,483,0.3403,0.3403184046616058,0.000018404661605797568
F4_1631116,3,237,0.6789,0.6789003089860229,3.0898602298989886e-7
F4_1630193,3,407,0.3842,0.38416632948721513,0.00003367051278485578
F4_1630548,3,1896,0.0726,0.07258793322744843,0.000012066772551569405
F4_1631133,3,1021,0.131,0.13100048524147978,4.852414797751337e-7
F4_1629626,3,151,0.849,0.8489807781924539,0.000019221807546099257
F4_1641871,3,380,0.3256,0.3256210266636942,0.000021026663694190262
F4_1630649,3,114,0.9913,0.9913242899977954,0.000024289997795468032
F4_1641857,3,134,0.7585,0.758504552059636,0.0000045520596360093535
F4_1629004,3,660,0.1484,0.14838774022075107,0.000012259779248929847
F4_1630559,3,3897,0.0221,0.02214532682669759,0.00004532682669758717
F4_1642352,3,51,1.0457,1.0456689436112254,0.00003105638877465289
F4_201145,3,256,0.2018,0.2017845744138683,0.000015425586131712077
F4_1631172,3,800,0.0638,0.06382456383047512,0.00002456383047512445
F4_1642348,3,66,0.7352,0.735158216663565,0.00004178333643500842
F4_1631131,3,68,0.6784,0.6784140399977728,0.000014039997772830048
F4_1641796,3,1116,0.0373,0.037309738061223535,0.000009738061223535377
F4_1631230,3,100,-0.2508,-0.2507770281646619,0.000022971835338114754
F4_1631217,3,2100,-0.0124,-0.01242714372040266,0.000027143720402659707
F4_1630527,3,3180,-0.0113,-0.011264298933650243,0.00003570106634975638
F4_1628998,3,3181,-0.0117,-0.011698110275269942,0.0000018897247300586617
F4_1628970,3,2385,-0.0181,-0.0181035253054325,0.000003525305432499487
F4_1641738,3,243,-0.2549,-0.2548854039952609,0.000014596004739131363
F4_1630631,3,1127,-0.0568,-0.05684304195428981,0.000043041954289807505
F4_1627750,3,3987,-0.0236,-0.02356717305190092,0.0000328269480990781
F4_1630311,3,206,-0.4742,-0.474157121852363,0.00004287814763703768
F4_1630695,3,670,-0.165,-0.16498821109061393,0.000011788909386079016
F4_1627763,3,1709,-0.0745,-0.07446077720180326,0.00003922279819673635
F4_1630173,3,1108,-0.1152,-0.11521818134555589,0.000018181345555895456
F4_1641854,3,662,-0.1988,-0.19881237629890633,0.000012376298906324745
F4_1629162,3,646,-0.2046,-0.2045777628385709,0.000022237161429100594
F4_1641810,3,596,-0.2273,-0.2272617435219115,0.000038256478088499746
F4_1629673,3,3503,-0.0389,-0.038924488867801685,0.00002448886780168774
F4_1626158,3,82,-1.6651,-1.6650643999326056,0.000035600067394447876
F4_1631213,3,1203,-0.1178,-0.11782569828228522,0.000025698282285213647
F4_201599,3,897,-0.1625,-0.16245222779825014,0.00004777220174986829
F4_1631210,3,87,-1.8398,-1.839753793497289,0.00004620650271114357
F4_1642382,3,83,-1.9947,-1.9947083872515121,0.000008387251512198546
F4_1630539,3,672,-0.2498,-0.24981345741700903,0.000013457417009032913
F4_1630288,3,396,-0.4848,-0.4847900468075492,0.00000995319245078452
F4_1631216,3,639,-0.32,-0.3199637566161604,0.000036243383839618115
F4_1641730,3,1976,-0.1148,-0.11482575816347697,0.0000257581634769688
F4_1628976,3,2256,-0.1123,-0.11225587408460252,0.000044125915397472126
F4_1642345,3,1663,-0.1585,-0.15850557978397362,0.0000055797839736138055
F4_1641741,3,1206,-0.2285,-0.2284720289949489,0.00002797100505111394
F4_1641711,3,3814,-0.073,-0.07298326857127614,0.000016731428723854025
F4_203915,3,3027,-0.1043,-0.10431726868040968,0.000017268680409673887
F4_1628370,3,3396,-0.0953,-0.09525370189600975,0.00004629810399024714
F4_1641737,3,428,-0.7611,-0.7610629584975711,0.000037041502428891704
F4_1631108,3,2789,-0.1224,-0.12238375056100136,0.000016249438998638954
F4_1630531,3,227,-1.5289,-1.5288509956189804,0.00004900438101951288
F4_1641725,3,202,-1.7936,-1.793630835780072,0.00003083578007201382
F4_1628971,3,166,-2.2661,-2.26608924704863,0.000010752951369763508
F4_1641816,3,795,-0.4758,-0.4757958468244611,0.00000415317553892347
F4_1626162,3,3921,-0.0977,-0.09768740234495817,0.000012597655041829414
F4_202709,3,500,-0.7728,-0.7728345495213751,0.000034549521375049075
F4_1631098,3,778,-0.5,-0.5000276051923931,0.000027605192393087563
F4_1630215,3,950,-0.4434,-0.44338029712144583,0.000019702878554184178
F4_201567,3,782,-0.5671,-0.5671062630889597,0.000006263088959679308
F4_1628960,3,2268,-0.1965,-0.19652342914097012,0.000023429140970115947
F4_202704,3,773,-0.5854,-0.585394409037958,0.0000055909620420013795
F4_1631115,3,198,-2.3228,-2.3227659200481057,0.00003407995189430579
F4_1630699,3,214,-2.1816,-2.1815565316001506,0.00004346839984936679
F4_1641729,3,1743,-0.2756,-0.27564066183728647,0.00004066183728645978
F4_101108,3,3930,-0.1242,-0.12420513181359302,0.000005131813593017842
F4_201144,3,2886,-0.1728,-0.1728330701071882,0.000033070107188198916
F4_201988,3,597,-0.8715,-0.8714898837749494,0.000010116225050649241
F4_1630264,3,652,-0.8118,-0.8117914148195681,0.000008585180431897044
F4_1641842,3,2148,-0.2485,-0.248460121351259,0.00003987864874099856
F4_1630322,3,1900,-0.2828,-0.28284881108033716,0.000048811080337163304
F4_202693,3,53,-10.6936,-10.693632646921316,0.00003264692131565994
F4_1641765,3,652,-0.8842,-0.8841543289734759,0.00004567102652408561
F4_1630200,3,1021,-0.583,-0.5829697234454357,0.000030276554564223623
F4_202066,3,204,-2.9272,-2.9272487147891826,0.000048714789182557894
F4_1641736,3,109,-5.5437,-5.543745758596615,0.00004575859661493098
F4_1631207,3,1908,-0.3225,-0.3225464520287158,0.000046452028715782134
F4_203078,3,3024,-0.2046,-0.2046255376251615,0.000025537625161498045
F4_1628366,3,1232,-0.507,-0.506986914467706,0.000013085532293954927
F4_1631255,3,158,-3.9582,-3.958173863265564,0.00002613673443629949
F4_1630314,3,188,-3.3608,-3.360797188078571,0.000002811921428591546
F4_1631323,3,2333,-0.2729,-0.2728767696970898,0.000023230302910182132
F4_1641733,3,491,-1.3078,-1.3077523219842195,0.000047678015780538985
F4_1630346,3,193,-3.3788,-3.378820552026374,0.000020552026374076604
F4_1629646,3,968,-0.6753,-0.6753373330285187,0.00003733302851871567
F4_1641789,3,214,-3.0748,-3.0748068580156365,0.000006858015636268533
F4_204060,3,102,-6.551,-6.551021023120998,0.000021023120997831768
F4_1641775,3,839,-0.8042,-0.804248859278867,0.00004885927886699726
F4_1641706,3,3239,-0.2115,-0.21146477837461777,0.00003522162538222018
F4_1631132,3,771,-0.9029,-0.9028534276714282,0.00004657232857185889
F4_1641709,3,960,-0.7425,-0.7424532357211705,0.00004676427882954748
F4_1628989,3,3150,-0.2289,-0.22886354820986093,0.00003645179013905819
F4_1629622,3,469,-1.5733,-1.5732690711352004,0.000030928864799495415
F4_1631105,3,2980,-0.2537,-0.2536728139799818,0.000027186020018166168
F4_201959,3,601,-1.2595,-1.2595390942777336,0.000039094277733520144
F4_204456,3,2757,-0.278,-0.2779895597389212,0.000010440261078825674
F4_1629611,3,1921,-0.4006,-0.400573489577892,0.000026510422107994813
F4_1641724,3,1416,-0.5549,-0.5548804387994279,0.000019561200572004722
F4_1642281,3,601,-1.3367,-1.3366550996180622,0.00004490038193782908
F4_1628380,3,1510,-0.5459,-0.5459147790726192,0.000014779072619153233
F4_1630625,3,1708,-0.4876,-0.48755968318547593,0.00004031681452404401
F4_203482,3,765,-1.0962,-1.0962367364532062,0.000036736453206120956
F4_1631097,3,4652,-0.182,-0.18198930217031736,0.00001069782968263211
F4_1630611,3,175,-4.9391,-4.939106482722808,0.0000064827228083430555
F4_1630549,3,753,-1.1522,-1.152179572786702,0.000020427213297979918
F4_1630192,3,325,-2.6994,-2.699395432740154,0.0000045672598458779134
F4_1626153,3,1507,-0.6074,-0.6073728979474976,0.000027102052502447904
F4_1630169,3,4974,-0.1864,-0.1863542076153617,0.000045792384638310146
F4_1642402,3,527,-1.9401,-1.9401398310341793,0.00003983103417937173
F4_1641767,3,1640,-0.6251,-0.6251310998660569,0.00003109986605687176
F4_1641712,3,1084,-0.9492,-0.9491750744667368,0.000024925533263275845
F4_201587,3,2456,-0.425,-0.4249518506844422,0.000048149315557799444
F4_1642271,3,1477,-0.7144,-0.7143676258309594,0.00003237416904067203
F4_1627824,3,2944,-0.3586,-0.3585944418355736,0.0000055581644263780206
F4_1629111,3,783,-1.3546,-1.3546314679461853,0.00003146794618524851
F4_203083,3,1970,-0.5452,-0.5451649284591075,0.0000350715408925506
F4_201569,3,1395,-0.7728,-0.7727696445812963,0.000030355418703775783
F4_1642277,3,881,-1.2354,-1.2354302898365737,0.000030289836573604845
F4_1631101,3,3092,-0.3552,-0.355197853929123,0.0000021460708770071335
F4_1630529,3,2193,-0.5041,-0.5040937551729116,0.000006244827088441873
F4_1630579,3,1342,-0.8279,-0.8278796989219124,0.000020301078087592295
F4_1630590,3,3266,-0.3406,-0.340611160289933,0.000011160289932976575
F4_1642346,3,2148,-0.5186,-0.5186204099915168,0.00002040999151686762
F4_1629234,3,1350,-0.8265,-0.8264993714611678,6.285388322035956e-7
F4_1642265,3,527,-2.1881,-2.1880864079687403,0.000013592031259612725
F4_1630191,3,2602,-0.4548,-0.45478672726999403,0.000013272730005953193
F4_1626171,3,3078,-0.3974,-0.3974450067032323,0.00004500670323231981
F4_1629614,3,2161,-0.5662,-0.5662464076978391,0.00004640769783903487
F4_1631124,3,2801,-0.4422,-0.4421709193038976,0.000029080696102357084
F4_1628964,3,884,-1.4192,-1.419181413155749,0.000018586844251045065
F4_1626192,3,1078,-1.1695,-1.1694670003132837,0.00003299968671632847
F4_1641763,3,1888,-0.6717,-0.671656753420332,0.00004324657966792156
F4_1641998,3,638,-1.9907,-1.990682328473624,0.000017671526375995228
F4_1629627,3,792,-1.6054,-1.6053959860201943,0.000004013979805650436
F4_1630214,3,685,-1.9127,-1.91274440904514,0.00004440904513991484
F4_1631170,3,2254,-0.6104,-0.6104488589770547,0.00004885897705464437
F4_1629629,3,2107,-0.675,-0.6749944008591519,0.0000055991408481892435
F4_202684,3,380,-3.7823,-3.782267973806654,0.00003202619334619072
F4_203967,3,561,-2.5677,-2.567679122611724,0.000020877388275941655
F4_203458,3,744,-2.0372,-2.037243400224772,0.0000434002247722276
F4_203468,3,2959,-0.514,-0.5140133702702052,0.000013370270205204093
F4_203500,3,839,-1.8246,-1.8246009870546718,9.870546717749562e-7
F4_1641824,3,1886,-0.8142,-0.8141877679452203,0.000012232054779737211
F4_1626168,3,1922,-0.7994,-0.7994253177807792,0.000025317780779188226
F4_1631103,3,1086,-1.4484,-1.448410873264471,0.000010873264471022992
F4_1630245,3,3957,-0.399,-0.3990254744519483,0.000025474451948281907
F4_200768,3,1868,-0.8471,-0.8471180957711434,0.000018095771143422645
F4_1630574,3,391,-4.0694,-4.069368570265899,0.00003142973410064087
F4_1631223,3,1112,-1.4511,-1.4511045029451173,0.000004502945117224044
F4_1631104,3,993,-1.6523,-1.6523386291431779,0.00003862914317775967
F4_1641783,3,3120,-0.5312,-0.531177475021872,0.00002252497812804677
F4_1627752,3,3263,-0.5185,-0.5185104601743667,0.0000104601743667887
F4_1630591,3,3936,-0.4304,-0.4303559185180625,0.00004408148193751904
F4_1630811,3,1064,-1.6493,-1.6493320687883932,0.00003206878839323579
F4_1629028,3,2917,-0.6036,-0.6036041505302308,0.000004150530230728755
F4_202685,3,2427,-0.7308,-0.7308498072232344,0.000049807223234443754
F4_1630533,3,1839,-1.0062,-1.0062256234744045,0.00002562347440449031
F4_1630249,3,1192,-1.5541,-1.554097723311438,0.0000022766885621194888
F4_1641757,3,1149,-1.6493,-1.6492819674444563,0.000018032555543667783
F4_203992,3,1473,-1.2985,-1.2984654543155862,0.00003454568441374484
F4_1629651,3,2793,-0.6905,-0.6904578298801036,0.000042170119896378644
F4_1641794,3,864,-2.2759,-2.2758791166316237,0.000020883368376356515
F4_1642266,3,1758,-1.146,-1.146032478774494,0.00003247877449408243
F4_202699,3,3938,-0.5191,-0.5190684307218888,0.0000315692781112098
F4_202331,3,2710,-0.766,-0.765997028181538,0.0000029718184619831334
F4_203924,3,3886,-0.5354,-0.5353611106525463,0.00003888934745366335
F4_1630166,3,3565,-0.6092,-0.609163858997509,0.00003614100249094143
F4_201935,3,4472,-0.4943,-0.49433838830599347,0.00003838830599345311
F4_1626156,3,3307,-0.6764,-0.6763743572789755,0.00002564272102445475
F4_1642270,3,1610,-1.4061,-1.4060918259417263,0.000008174058273580087
F4_1631200,3,1408,-1.6309,-1.6309451364898697,0.000045136489869701535
F4_1642263,3,1497,-1.5359,-1.535921275648991,0.00002127564899101486
F4_1641716,3,2540,-0.9134,-0.9134022393941921,0.0000022393941920828553
F4_1630208,3,1581,-1.4794,-1.4793714991331095,0.000028500866890546206
F4_1642367,3,2279,-1.0299,-1.0299137862803824,0.000013786280382399596
F4_203471,3,3874,-0.628,-0.6279618365149734,0.000038163485026609933
F4_203486,3,2191,-1.1462,-1.1461656334261996,0.000034366573800515
F4_1626167,3,4122,-0.6135,-0.613529987091384,0.000029987091383909537
F4_1628467,3,1790,-1.4727,-1.4726713046316877,0.000028695368312181557
F4_1630172,3,2796,-0.946,-0.9460232333596958,0.000023233359695895572
F4_1642354,3,537,-4.9362,-4.936210311480573,0.0000103114805725113
F4_1630526,3,2353,-1.1317,-1.1317012214957878,0.0000012214957878509125
F4_203501,3,3346,-0.8071,-0.8070605241187907,0.00003947588120933876
F4_1629750,3,2711,-1.003,-1.0030144472665052,0.000014447266505346334
F4_1630182,3,3527,-0.7758,-0.775830657563502,0.00003065756350195681
F4_1630557,3,2830,-0.9717,-0.9716804703532531,0.00001952964674689639
F4_1630702,3,1572,-1.8056,-1.8056469915913929,0.00004699159139276432
F4_1629632,3,4548,-0.6254,-0.6254298757621096,0.000029875762109665693
F4_1630592,3,3344,-0.859,-0.8589588591136974,0.00004114088630258195
F4_1629628,3,3772,-0.7728,-0.7727845400033387,0.000015459996661304487
F4_1629216,3,2365,-1.304,-1.3040020046729741,0.000002004672974065258
F4_1630567,3,3080,-1.0205,-1.0204621586316043,0.00003784136839568575
F4_1641710,3,3220,-0.9806,-0.9805595307646255,0.0000404692353744851
F4_1642275,3,2154,-1.5057,-1.5057181494727683,0.000018149472768236308
F4_1642274,3,3607,-0.9142,-0.9142299887400099,0.00002998874000992302
F4_1629014,3,3675,-0.9235,-0.9235016510565086,0.000001651056508622517
F4_1628464,3,1499,-2.3646,-2.3646422786529704,0.000042278652970573205
F4_1641722,3,1897,-1.8802,-1.880164942367962,0.00003505763203803802
F4_2544,3,4172,-0.8556,-0.8556031405777732,0.000003140577773175224
F4_1641748,3,2146,-1.767,-1.766998300025699,0.0000016999743008838664
F4_203110,3,3373,-1.216,-1.2160211691504488,0.000021169150448807628
F4_1631099,3,4624,-0.8965,-0.8965366186786253,0.000036618678625366385
F4_203995,3,1777,-2.4449,-2.444904409455902,0.000004409455901743797
F4_1642258,3,3407,-1.2767,-1.2766549978399135,0.000045002160086404785
F4_1628398,3,1618,-2.7181,-2.7181192037941435,0.000019203794143329844
F4_203994,3,2308,-1.9362,-1.9362396765917311,0.00003967659173120808
F4_1626179,3,2967,-1.5069,-1.5069247747218193,0.000024774721819387224
F4_201566,3,3770,-1.1912,-1.1912296825604023,0.000029682560402255476
F4_1630553,3,2527,-1.7885,-1.7884514476888096,0.00004855231119038628
F4_1630175,3,1543,-2.9677,-2.9677386014162774,0.00003860141627765046
F4_1628997,3,3148,-1.4827,-1.4826896907555822,0.00001030924441769443
F4_1630595,3,4294,-1.0906,-1.090632419926668,0.00003241992666791482
F4_1642262,3,1522,-3.1348,-3.1347518156005147,0.00004818439948506281
F4_1628389,3,4194,-1.2296,-1.2295635411277475,0.000036458872252564944
F4_1641739,3,3971,-1.352,-1.3519633694681503,0.00003663053184976839
F4_1629645,3,2363,-2.5024,-2.50238017481997,0.000019825180030075273
F4_1642347,3,1919,-3.0839,-3.083863643159335,0.00003635684066471967
F4_1642273,3,2724,-2.1824,-2.182399682156012,3.178439880180406e-7
F4_1642264,3,3384,-1.8188,-1.8187575889571026,0.0000424110428973723
F4_1629027,3,4886,-1.2913,-1.2912603127038262,0.00003968729617365163
F4_1630703,3,2668,-2.3753,-2.3753169732810666,0.000016973281066423596
F4_1642267,3,3838,-1.8315,-1.8314545631537489,0.00004543684625102351
F4_1642259,3,3243,-2.2441,-2.2441454792997466,0.00004547929974663134
F4_1641731,3,4086,-1.7833,-1.7833059632255612,0.000005963225561123053
F4_1630558,3,3364,-2.1898,-2.1898112457038437,0.000011245703843698607
F4_1627732,3,2640,-2.7998,-2.7998041647484064,0.000004164748406587648
F4_1630581,3,3513,-2.1825,-2.1824809211471097,0.000019078852890430653
F4_1641718,3,3603,-2.3944,-2.3943512439212897,0.0000487560787103547
F4_1642268,3,1747,-5.2263,-5.226268745006243,0.000031254993757556804
F4_1627749,3,2473,-3.7711,-3.7710790695379353,0.000020930462064860933
F5_1628983,4,5664,3.9103,3.910290763080243,0.00000923691975707186
F5_203999,4,5440,3.3682,3.368150653492952,0.00004934650704768728
F5_1626181,4,4415,2.8953,2.8952584045526897,0.000041595447310527334
F5_1628369,4,5843,2.1082,2.108206845336745,0.0000068453367449983205
F5_1628991,4,5282,2.2533,2.2533319178245983,0.000031917824598437505
F5_1626157,4,5254,2.1588,2.158777225210606,0.000022774789393942285
F5_1630202,4,4712,2.1903,2.1903364329270185,0.000036432927018381633
F5_1627783,4,5927,1.7368,1.7367628317896568,0.00003716821034305262
F5_1630596,4,4798,2.0281,2.0281197147326897,0.00001971473268991275
F5_1628378,4,5084,1.8084,1.8084098301430733,0.00000983014307331942
F5_1630532,4,3348,2.7241,2.724128105623618,0.000028105623618213116
F5_1628386,4,5015,1.7668,1.7667613173939987,0.00003868260600126128
F5_1630224,4,5404,1.5854,1.5854465654360963,0.00004656543609637964
F5_1629636,4,5070,1.6869,1.6868744528028918,0.000025547197108233277
F5_1629660,4,2797,2.8564,2.8563504434985307,0.00004955650146909463
F5_202681,4,4719,1.6376,1.6375973649763598,0.0000026350236401739835
F5_1628973,4,5993,1.2625,1.2625249493146444,0.000024949314644473475
F5_1629639,4,5637,1.3324,1.3324138896966171,0.0000138896966170865
F5_1631106,4,2439,3.0686,3.0685761636657127,0.00002383633428726384
F5_1630583,4,3888,1.9091,1.9090660244293411,0.00003397557065887291
F5_202696,4,5683,1.2793,1.2793360420119342,0.000036042011934078744
F5_201942,4,5424,1.2242,1.2242314256200202,0.00003142562002023119
F5_201939,4,4440,1.4882,1.4881892606424658,0.000010739357534150784
F5_1629675,4,4324,1.5275,1.5275243308694977,0.00002433086949760188
F5_1629631,4,3296,1.975,1.975008386209644,0.00000838620964382919
F5_1631128,4,5471,1.1797,1.17967779497111,0.00002220502889005438
F5_203081,4,4746,1.346,1.3460395462209658,0.0000395462209656916
F5_1630162,4,6145,1.0266,1.0266026416474852,0.0000026416474852020144
F5_1627734,4,5802,1.0785,1.0785017723839687,0.0000017723839687011633
F5_1627736,4,5003,1.2207,1.2206713831205716,0.000028616879428344788
F5_202710,4,2733,2.2142,2.2142275706297334,0.000027570629733464358
F5_203076,4,5144,1.1717,1.1717414994844684,0.00004149948446841023
F5_1641717,4,4457,1.2749,1.2748793547701107,0.000020645229889204586
F5_1628404,4,6357,0.8252,0.8252019826794221,0.0000019826794220856314
F5_1629655,4,3409,1.5293,1.5292556755532924,0.00004432444670765534
F5_1627884,4,3782,1.3737,1.373685479277616,0.000014520722383837281
F5_1631114,4,5435,0.9537,0.9537451173494229,0.00004511734942291845
F5_1628384,4,6363,0.803,0.8030425222649221,0.00004252226492207356
F5_203952,4,4331,1.1657,1.1657307549425224,0.000030754942522470685
F5_1631165,4,3530,1.4218,1.4217808654406996,0.00001913455930036001
F5_1627826,4,5279,0.9412,0.9411855856892684,0.000014414310731680757
F5_1629661,4,4276,1.1523,1.1523189190925684,0.000018919092568348006
F5_203507,4,4764,1.0183,1.0183419643693592,0.000041964369359215326
F5_1628368,4,5868,0.8099,0.809850921753893,0.00004907824610700384
F5_1627832,4,5333,0.8905,0.8905341006495715,0.00003410064957154457
F5_1628449,4,2577,1.8359,1.8359093856307087,0.00000938563070862486
F5_1628401,4,5573,0.8456,0.8456162206049992,0.000016220604999173105
F5_1629634,4,3244,1.4347,1.434677591787404,0.00002240821259613668
F5_1629008,4,5758,0.8038,0.8037600755203751,0.00003992447962486434
F5_1629652,4,4803,0.9555,0.9555420632517626,0.00004206325176259185
F5_1629599,4,4095,1.0985,1.0984903969176716,0.000009603082328446533
F5_1628415,4,4805,0.9313,0.9313168100167422,0.000016810016742141443
F5_1630598,4,3474,1.2729,1.2728921219098288,0.00000787809017110952
F5_1630530,4,3985,1.1037,1.103686062616377,0.000013937383622986133
F5_1629048,4,3471,1.2623,1.2623161419495934,0.00001614194959342896
F5_1641708,4,4601,0.9515,0.9515209697955695,0.000020969795569536487
F5_1631109,4,1480,2.9304,2.9304318606123694,0.000031860612369261077
F5_1641705,4,4784,0.8923,0.8923208134393091,0.000020813439309153026
F5_1630198,4,3341,1.2707,1.2707339566562317,0.00003395665623173727
F5_1630643,4,2336,1.8164,1.81638109948535,0.000018900514650033173
F5_1628436,4,2389,1.7378,1.7378399623597458,0.00003996235974579321
F5_1626166,4,2222,1.8495,1.8495181324690881,0.00001813246908821675
F5_1628374,4,4121,0.9954,0.9954491681154094,0.0000491681154094481
F5_203897,4,5441,0.7437,0.7437223999704319,0.000022399970431852267
F5_1627747,4,3569,1.0895,1.0895488009961558,0.000048800996155895504
F5_1630217,4,4248,0.9075,0.9074996257580651,3.7424193488622137e-7
F5_201142,4,4593,0.8197,0.8196648362254078,0.000035163774592228414
F5_1642377,4,4629,0.789,0.7890299325271923,0.000029932527192300107
F5_1631260,4,3341,1.0874,1.0873890241216537,0.000010975878346197732
F5_203932,4,2262,1.5949,1.5948827768166622,0.00001722318333774453
F5_1630167,4,3278,1.0657,1.0657130180750747,0.000013018075074588964
F5_1630700,4,5186,0.6588,0.6588362785333759,0.00003627853337584419
F5_1629018,4,3487,0.9721,0.9721059651335328,0.000005965133532792599
F5_204001,4,2153,1.5641,1.5641258414868289,0.00002584148682882592
F5_1629026,4,1713,1.9222,1.9221860977530612,0.000013902246938757301
F5_1629656,4,3698,0.8803,0.8802760807612429,0.000023919238757108552
F5_1630178,4,4897,0.6406,0.6406178135422529,0.000017813542252942405
F5_203497,4,5604,0.5431,0.5431431685600473,0.000043168560047268656
F5_1627936,4,1769,1.7024,1.7023805260493352,0.000019473950664705697
F5_1626164,4,5462,0.5247,0.5246545449804265,0.000045455019573537037
F5_1630578,4,5118,0.5538,0.5537607363803363,0.00003926361966366532
F5_201950,4,4597,0.6121,0.6121380315560935,0.00003803155609349851
F5_1641715,4,1520,1.8379,1.8379280197851475,0.000028019785147437304
F5_1628379,4,2735,0.9969,0.9969301254947026,0.000030125494702604172
F5_1628381,4,3398,0.7926,0.7925512385822254,0.00004876141777454546
F5_203084,4,4671,0.5753,0.5753488302531381,0.00004883025313806577
F5_202692,4,1454,1.8173,1.817284683184357,0.000015316815642929527
F5_1630183,4,5071,0.5171,0.5171294351235403,0.00002943512354025568
F5_1627741,4,3868,0.674,0.6740173942499834,0.000017394249983371246
F5_1630573,4,2761,0.9373,0.9373290288794314,0.000029028879431347576
F5_1630194,4,998,2.5062,2.506162795744645,0.00003720425535513883
F5_1627759,4,5142,0.4852,0.4852132505217199,0.000013250521719854191
F5_1629659,4,1778,1.3946,1.394596219298772,0.000003780701228084382
F5_1629060,4,4332,0.5415,0.5415328313498781,0.000032831349878081895
F5_203484,4,4925,0.4685,0.46852434897731315,0.000024348977313126685
F5_1628969,4,6762,0.3337,0.33374329057092095,0.00004329057092095079
F5_1628418,4,1379,1.6314,1.6313595211716134,0.00004047882838653649
F5_1641744,4,2508,0.857,0.8569634610369995,0.000036538963000487534
F5_1628988,4,1340,1.5731,1.5730961984575518,0.0000038015424481674387
F5_1631222,4,3840,0.5441,0.5441038390173477,0.000003839017347684326
F5_1630169,4,5975,0.3411,0.34109764142470395,0.0000023585752960686435
F5_1629012,4,4610,0.4399,0.4399065681812966,0.000006568181296573439
F5_1626204,4,1272,1.5659,1.5659157860092003,0.00001578600920026929
F5_1629731,4,3046,0.6502,0.6502092314244918,0.00000923142449182901
F5_1630577,4,4406,0.4345,0.43450982853982434,0.000009828539824341398
F5_1630534,4,4714,0.4021,0.4020563929535597,0.000043607046440297115
F5_1629023,4,4695,0.3979,0.3979220774465648,0.00002207744656484989
F5_201572,4,5142,0.3595,0.3595412788864057,0.00004127888640570454
F5_1626220,4,3627,0.5044,0.50444695097356,0.00004695097356000044
F5_1627750,4,5200,0.3489,0.348947122790257,0.00004712279025703703
F5_1630552,4,5037,0.3595,0.35953498868649136,0.00003498868649137732
F5_1642276,4,1332,1.3304,1.330394959435299,0.000005040564700964367
F5_1630540,4,3199,0.5497,0.54974086640652,0.00004086640652001261
F5_1631117,4,3970,0.4375,0.4375203301248413,0.0000203301248413168
F5_1630168,4,3567,0.4818,0.48177910755419046,0.00002089244580955052
F5_1630551,4,2039,0.8203,0.8202854489335546,0.000014551066445434024
F5_201143,4,3665,0.4498,0.4498035288285026,0.0000035288285026302546
F5_203114,4,1617,0.9982,0.998223086280538,0.000023086280538042736
F5_1630174,4,642,2.4824,2.4823716880009745,0.000028311999025643075
F5_1631157,4,1211,1.3132,1.3132001251140588,1.2511405889092941e-7
F5_1627751,4,4887,0.3051,0.3051221295922988,0.000022129592298802958
F5_1630163,4,3824,0.3881,0.38811122557852135,0.000011225578521345536
F5_1630631,4,1792,0.8263,0.8263422123010046,0.00004221230100454054
F5_1627777,4,3473,0.426,0.42604428272048883,0.000044282720488841854
F5_1631218,4,3474,0.41,0.4099800763254427,0.000019923674557276172
F5_1631204,4,1839,0.7636,0.7635874135905742,0.000012586409425696665
F5_1629674,4,1981,0.6897,0.6896734262493426,0.00002657375065739931
F5_1629006,4,1417,0.9491,0.949100573812589,5.738125889998003e-7
F5_1630256,4,1015,1.3056,1.3056059645047402,0.000005964504740108012
F5_1628960,4,3199,0.4129,0.4129328961704856,0.000032896170485630094
F5_1641729,4,2295,0.5705,0.5705327330342175,0.000032733034217469203
F5_1626172,4,2250,0.5703,0.5703402688089545,0.00004026880895446894
F5_1628370,4,4325,0.2957,0.29572508686100896,0.00002508686100893831
F5_203552,4,1823,0.6964,0.6963666027242905,0.00003339727570950135
F5_1630572,4,825,1.5385,1.538533780968617,0.000033780968617058704
F5_1630215,4,1401,0.9046,0.9045758627257083,0.0000241372742916246
F5_1630241,4,2562,0.4934,0.4934080954760129,0.00000809547601288152
F5_1627780,4,1579,0.7897,0.7896708382738951,0.0000291617261048982
F5_1631110,4,2685,0.4447,0.44474339633023724,0.00004339633023725531
F5_1631107,4,2772,0.4268,0.4267940453289891,0.000005954671010888202
F5_1631342,4,105,10.7768,10.776835543229403,0.00003554322940324539
F5_1630230,4,3323,0.3324,0.33239690090603763,0.0000030990939623443126
F5_1630541,4,2339,0.4631,0.4630832146735058,0.000016785326494184183
F5_1628970,4,3245,0.3256,0.3256228549943079,0.000022854994307874854
F5_203954,4,1565,0.6501,0.6501232509196869,0.000023250919686912397
F5_1627827,4,2853,0.3566,0.3566191649405201,0.000019164940520122187
F5_1629130,4,3515,0.2703,0.2702941748910475,0.000005825108952473013
F5_1630188,4,2545,0.3657,0.3657415724339191,0.00004157243391905707
F5_203926,4,866,1.0022,1.0022119732360353,0.000011973236035300872
F5_203937,4,2140,0.4047,0.4047015846292609,0.0000015846292609200674
F5_1630170,4,3092,0.2717,0.27174340331791175,0.000043403317911749895
F5_1628366,4,1936,0.4324,0.43239628702727434,0.000003712972725666841
F5_1629057,4,988,0.8237,0.8236858576725679,0.00001414232743213173
F5_1626167,4,5124,0.1574,0.15739387819567524,0.000006121804324771274
F5_1631212,4,4365,0.1813,0.18129873741523345,0.0000012625847665426182
F5_203914,4,1340,0.554,0.5539561431027628,0.000043856897237293246
F5_1630550,4,134,5.3416,5.341559546521531,0.000040453478468371884
F5_1629640,4,3741,0.1888,0.18877596089085652,0.000024039109143475512
F5_1629726,4,2550,0.2735,0.27346088713771716,0.000039112862282864036
F5_1642346,4,3096,0.2146,0.21455210501821834,0.000047894981781676504
F5_1628371,4,2555,0.252,0.251968224790849,0.00003177520915098597
F5_1628392,4,2821,0.2279,0.2278512464703341,0.0000487535296658792
F5_1631116,4,310,2.0156,2.015596276690255,0.0000037233097449629327
F5_1641787,4,767,0.81,0.8100484511731961,0.000048451173196073505
F5_1641890,4,164,3.5283,3.528319781901971,0.00001978190197071683
F5_1642382,4,253,2.2036,2.203646709058761,0.000046709058761251754
F5_1631105,4,3931,0.1407,0.1406836608111344,0.000016339188865593934
F5_1631094,4,1162,0.4744,0.4744481642553078,0.000048164255307792114
F5_1630559,4,4896,0.1108,0.11079759820878379,0.0000024017912162027644
F5_1641738,4,354,1.3772,1.3771842840730693,0.0000157159269307261
F5_1631119,4,867,0.5387,0.53871507880683,0.000015078806830048919
F5_1630568,4,227,1.9855,1.9855260907316346,0.000026090731634509368
F5_1641810,4,619,0.7059,0.7058956348073511,0.000004365192648903005
F5_1630538,4,805,0.5422,0.54216485152296,0.000035148477040003456
F5_1631172,4,876,0.4875,0.4875274332722138,0.000027433272213828186
F5_202695,4,360,1.1683,1.1683385538222952,0.00003855382229533966
F5_1629312,4,3923,0.1071,0.10710624992516793,0.000006249925167928216
F5_1641727,4,178,2.3072,2.307163470048819,0.00003652995118086366
F5_1629638,4,3890,0.0974,0.09742766815674485,0.000027668156744847794
F5_1641709,4,1559,0.2371,0.23713389328935783,0.00003389328935782254
F5_1631169,4,828,0.4418,0.44181308333555647,0.000013083335556440812
F5_1628975,4,541,0.642,0.6420447857500236,0.00004478575002353491
F5_1642278,4,539,0.623,0.6230169813117984,0.000016981311798391907
F5_1641809,4,442,0.7384,0.7383714682618138,0.000028531738186177158
F5_1641854,4,733,0.3874,0.38736138332894177,0.000038616671058255836
F5_1631250,4,107,2.4429,2.4428973949326696,0.000002605067330296862
F5_1631111,4,872,0.2938,0.2937582501881135,0.0000417498118864823
F5_1629618,4,487,0.52,0.519952411648842,0.00004758835115803439
F5_1631133,4,1241,0.2017,0.20172889349280557,0.000028893492805576182
F5_1629637,4,1214,0.1477,0.14774373368949598,0.000043733689495978334
F5_1628420,4,1876,0.0736,0.0736244127062452,0.000024412706245202642
F5_1630243,4,1089,0.1247,0.12468925886935842,0.000010741130641589436
F5_1631321,4,171,0.7673,0.7672685879301191,0.000031412069880887294
F5_1629630,4,3040,0.0421,0.04212881775570145,0.00002881775570145323
F5_1629611,4,2213,0.0493,0.04932055492316501,0.00002055492316501567
F5_1642366,4,55,1.9594,1.959438387809227,0.0000383878092269363
F5_1642358,4,51,1.5654,1.5653838369343729,0.000016163065627017303
F5_1642353,4,76,0.6581,0.6580667146517125,0.00003328534828750396
F5_201145,4,577,0.0578,0.057780758686408994,0.00001924131359100356
F5_202691,4,4210,0.007,0.006964668138215087,0.00003533186178491295
F5_1629610,4,654,0.0153,0.015280012474428527,0.000019987525571472584
F5_1642261,4,3354,-0.0093,-0.009342028046662352,0.00004202804666235231
F5_1631108,4,3712,-0.011,-0.010967434693276754,0.000032565306723245785
F5_1641796,4,1234,-0.0333,-0.03330931729379462,0.000009317293794615378
F5_1642348,4,748,-0.0667,-0.06669325455054122,0.0000067454494587781966
F5_1629162,4,688,-0.0973,-0.09733240299421561,0.000032402994215613434
F5_1629626,4,215,-0.3695,-0.3694761434725629,0.000023856527437082775
F5_1641790,4,60,-1.5022,-1.502158641480357,0.00004135851964304216
F5_1627763,4,1865,-0.0493,-0.04930703920556152,0.000007039205561526485
F5_1630811,4,1231,-0.0796,-0.07960064218385321,6.421838532055801e-7
F5_1642403,4,707,-0.1627,-0.16270111740471835,0.0000011174047183371005
F5_1629004,4,1000,-0.1198,-0.11977026738758421,0.000029732612415789283
F5_1641753,4,67,-1.8038,-1.803780748334192,0.000019251665807962226
F5_1628989,4,3592,-0.047,-0.04697413360655801,0.000025866393441986713
F5_1641745,4,175,-0.9778,-0.9777800317578856,0.00001996824211436543
F5_202699,4,5191,-0.0335,-0.03353299952075767,0.00003299952075766499
F5_1630346,4,235,-0.7424,-0.7423771320266591,0.000022867973340834347
F5_1642352,4,202,-0.8984,-0.8984234462253065,0.00002344622530647822
F5_1631217,4,2159,-0.0897,-0.08966986162974788,0.00003013837025211963
F5_1631230,4,129,-1.5108,-1.5108150142279015,0.00001501422790162188
F5_1629723,4,1457,-0.1499,-0.14994191852451524,0.0000419185245152387
F5_1626145,4,4918,-0.0525,-0.05246049964867651,0.000039500351323489
F5_1629627,4,1218,-0.2189,-0.21885477539658618,0.00004522460341382928
F5_1630590,4,3936,-0.0687,-0.06867262702817255,0.000027372971827449577
F5_201144,4,3719,-0.0739,-0.07389981043002006,1.8956997993591074e-7
F5_1630531,4,269,-1.029,-1.0289644199396044,0.000035580060395501434
F5_1631248,4,154,-1.8748,-1.8748122066385502,0.000012206638550171789
F5_1631132,4,841,-0.3529,-0.3528574744376869,0.00004252556231310045
F5_1627739,4,3808,-0.0828,-0.08280902656260267,0.000009026562602668098
F5_1630322,4,2553,-0.1255,-0.12550305891444372,0.0000030589144437154214
F5_1630699,4,360,-0.9706,-0.9706378996106074,0.000037899610607405876
F5_1642269,4,385,-0.9534,-0.9534297115985342,0.000029711598534154504
F5_1642505,4,105,-3.6396,-3.6395897746652963,0.000010225334703850564
F5_1630314,4,327,-1.1862,-1.1861987520457133,0.0000012479542865762028
F5_1630200,4,1476,-0.2664,-0.26639710530973626,0.0000028946902637660976
F5_1631115,4,224,-1.7886,-1.7886051895715804,0.000005189571580466179
F5_1626158,4,218,-1.9012,-1.9012314756967241,0.00003147569672412587
F5_1641989,4,294,-1.4231,-1.4231167234506523,0.00001672345065228953
F5_1631210,4,151,-2.7931,-2.7931408714847628,0.00004087148476283886
F5_1630611,4,618,-0.7098,-0.7097633906285724,0.00003660937142757614
F5_202693,4,74,-5.9306,-5.9306174171232,0.00001741712319969224
F5_1630649,4,197,-2.3764,-2.376370208462619,0.000029791537381029798
F5_1629013,4,547,-0.8652,-0.8652473311148199,0.00004733111481991514
F5_202066,4,235,-2.0589,-2.058930166962313,0.000030166962313060708
F5_1630570,4,835,-0.5841,-0.5841413106829841,0.00004131068298418583
F5_203468,4,4187,-0.125,-0.12497514157016323,0.000024858429836766005
F5_1630311,4,436,-1.2047,-1.2046509599694921,0.00004904003050798522
F5_203944,4,5560,-0.0988,-0.09884639854216633,0.00004639854216632877
F5_1631255,4,205,-2.8178,-2.81781887220685,0.00001887220684970714
F5_201599,4,1411,-0.4096,-0.409605816475969,0.000005816475968978274
F5_1626162,4,4961,-0.1202,-0.12021310707824333,0.000013107078243326797
F5_1630528,4,83,-7.6427,-7.642682946400989,0.000017053599010274922
F5_1641842,4,2717,-0.2376,-0.23758055690668628,0.000019443093313725734
F5_202709,4,795,-0.8158,-0.8157817362696319,0.00001826373036806217
F5_1627814,4,190,-3.4602,-3.4602204734972886,0.000020473497288620024
F5_1631124,4,3727,-0.1792,-0.17916429180617374,0.00003570819382625601
F5_1629234,4,1931,-0.3531,-0.3530658934700837,0.000034106529916311246
F5_1629003,4,2251,-0.3091,-0.30910502501309267,0.0000050250130926854375
F5_201988,4,978,-0.7212,-0.7211989601343063,0.0000010398656936638773
F5_201587,4,2884,-0.2587,-0.25869080882438766,0.000009191175612321967
F5_1631098,4,855,-0.8736,-0.8736479765676549,0.00004797656765487268
F5_1628998,4,3775,-0.2037,-0.2037304679576696,0.00003046795766961652
F5_1642355,4,78,-10.1051,-10.10507235386983,0.00002764613017092188
F5_1641736,4,530,-1.4998,-1.4997735947074335,0.000026405292566478167
F5_203915,4,4063,-0.1961,-0.19610124944573734,0.0000012494457373446455
F5_201959,4,668,-1.2055,-1.2054857976557416,0.000014202344258418265
F5_1641765,4,889,-0.9217,-0.921743286225944,0.0000432862259440725
F5_1641724,4,1754,-0.4692,-0.4692273893392014,0.000027389339201377982
F5_1631097,4,5618,-0.1475,-0.1474652618395071,0.000034738160492903125
F5_203991,4,3814,-0.2176,-0.2175631735503689,0.000036826449631099933
F5_1642271,4,2164,-0.3883,-0.3883460058294699,0.000046005829469897286
F5_1630288,4,810,-1.0716,-1.0716443030679579,0.000044303067957773834
F5_1641716,4,3110,-0.2796,-0.2795694987812707,0.00003050121872932854
F5_1641816,4,913,-0.9533,-0.9533230160048922,0.000023016004892184583
F5_1641871,4,499,-1.7465,-1.7465390252775361,0.000039025277536186564
F5_1630264,4,745,-1.1821,-1.1820647214779876,0.00003527852201234971
F5_1629646,4,1265,-0.697,-0.6969535726233347,0.00004642737666527008
F5_1629673,4,4253,-0.2076,-0.20758020853551562,0.000019791464484386623
F5_204060,4,138,-6.4949,-6.494851392730608,0.00004860726939259763
F5_1628976,4,3069,-0.2943,-0.294291111921153,0.000008888078847024694
F5_1628964,4,1178,-0.773,-0.7729857607646833,0.000014239235316737542
F5_1642265,4,650,-1.4426,-1.4425936138727111,0.000006386127288982024
F5_1641733,4,946,-1.0074,-1.0074414445119033,0.00004144451190324361
F5_1642422,4,254,-3.8075,-3.8075090492043433,0.00000904920434319223
F5_1641737,4,896,-1.1311,-1.1311050425885827,0.0000050425885826932415
F5_1628380,4,1644,-0.62,-0.6200245508443863,0.00002455084438635069
F5_204456,4,3430,-0.3079,-0.3079197506825101,0.000019750682510089046
F5_1629111,4,813,-1.3035,-1.303476917908828,0.000023082091172188512
F5_1630625,4,2127,-0.499,-0.4990477785487721,0.00004777854877208165
F5_1641767,4,2448,-0.4392,-0.4391662057089404,0.00003379429105959675
F5_1630556,4,106,-10.1851,-10.185096066839481,0.000003933160519054013
F5_200768,4,2015,-0.5418,-0.5418041343218342,0.000004134321834214916
F5_1630527,4,3747,-0.2915,-0.29146650756670694,0.000033492433293036417
F5_1626153,4,1577,-0.6997,-0.6996980984635685,0.0000019015364315366767
F5_1628971,4,651,-1.7503,-1.7502925868766033,0.000007413123396693422
F5_201569,4,2110,-0.5444,-0.544431277229395,0.00003127722939499922
F5_1642281,4,695,-1.6724,-1.672354485766796,0.000045514233204091425
F5_1626192,4,1324,-0.8815,-0.8814803111022337,0.00001968889776626792
F5_1630245,4,4184,-0.2857,-0.2856627650164726,0.00003723498352742327
F5_203458,4,866,-1.3965,-1.3965448698632201,0.00004486986322005393
F5_1626171,4,3966,-0.3072,-0.30719629758278943,0.0000037024172105382114
F5_203501,4,4387,-0.279,-0.27901947472070693,0.00001947472070690237
F5_1642277,4,922,-1.3315,-1.3315250499204685,0.00002504992046858945
F5_1630249,4,1874,-0.6579,-0.6579084698677337,0.00000846986773361813
F5_1627752,4,4125,-0.2995,-0.2995216162902013,0.000021616290201309507
F5_1630191,4,3325,-0.3717,-0.3717229550517459,0.000022955051745932042
F5_1630193,4,1035,-1.206,-1.2059736661802005,0.00002633381979944005
F5_1630192,4,410,-3.0819,-3.0819374874403147,0.00003748744031462081
F5_203078,4,3933,-0.3256,-0.3255599690927821,0.00004003090721788061
F5_1641775,4,918,-1.3963,-1.3962921206231929,0.00000787937680724049
F5_1631216,4,1384,-0.9738,-0.9737915250595454,0.000008474940454639146
F5_202684,4,469,-2.89,-2.8900296340403218,0.000029634040321635524
F5_1630173,4,1758,-0.8031,-0.8030552564124935,0.00004474358750650165
F5_1630214,4,718,-1.9757,-1.9757027413906183,0.000002741390618288264
F5_1630166,4,4405,-0.3221,-0.3220531593469899,0.00004684065301008289
F5_1630695,4,1132,-1.2577,-1.2577095947435852,0.000009594743585195076
F5_1630208,4,1986,-0.7192,-0.7192064595730813,0.000006459573081318837
F5_1641998,4,694,-2.1124,-2.11236146774924,0.00003853225075989286
F5_203482,4,1211,-1.2231,-1.2230555012960493,0.000044498703950734964
F5_1631103,4,1124,-1.3228,-1.3227506762406838,0.000049323759316211024
F5_1641711,4,4644,-0.3222,-0.3221658015974123,0.000034198402587670707
F5_1641712,4,1151,-1.3046,-1.3045981443169217,0.0000018556830783111877
F5_202704,4,1107,-1.3576,-1.3575532860311803,0.00004671396881961165
F5_1631323,4,2871,-0.5284,-0.5284157258700046,0.00001572587000464587
F5_1641763,4,2342,-0.6494,-0.6494335151476144,0.00003351514761440466
F5_1631223,4,1408,-1.0934,-1.093416434914141,0.000016434914141161272
F5_1641730,4,2902,-0.5311,-0.5310984213801849,0.0000015786198150902209
F5_1630574,4,472,-3.3258,-3.3258400203133514,0.000040020313351263326
F5_1631207,4,2202,-0.7254,-0.7254377881697808,0.000037788169780728076
F5_1631209,4,627,-2.5624,-2.562416477166394,0.00001647716639441299
F5_1641824,4,2265,-0.7123,-0.7122860030432041,0.000013996956795936377
F5_1641757,4,1408,-1.1462,-1.1462327325874975,0.00003273258749736385
F5_203903,4,2346,-0.6923,-0.6922977745883464,0.0000022254116536224444
F5_203083,4,2116,-0.7894,-0.789368032955126,0.000031967044873959516
F5_1641741,4,1825,-0.9174,-0.9173626731680641,0.00003732683193591324
F5_1642345,4,2289,-0.756,-0.7559832459505059,0.000016754049494083212
F5_101108,4,4835,-0.3586,-0.35855899967665295,0.00004100032334702908
F5_1641764,4,2952,-0.5886,-0.5886041287375476,0.000004128737547626216
F5_1630591,4,3986,-0.4449,-0.4449312315596544,0.00003123155965439883
F5_1629629,4,2314,-0.7675,-0.7675053473524124,0.000005347352412421458
F5_1627824,4,4002,-0.457,-0.457000196183183,1.9618318297665027e-7
F5_1629622,4,1276,-1.4469,-1.4469184661975387,0.000018466197538646867
F5_203500,4,1224,-1.5283,-1.5283495192354484,0.00004951923544838088
F5_1629632,4,5540,-0.3385,-0.33845588606846544,0.00004411393153458398
F5_1631104,4,1031,-1.8394,-1.8394221634841388,0.0000221634841388596
F5_1630549,4,1395,-1.3783,-1.3782658323840908,0.00003416761590924189
F5_1629750,4,3366,-0.5834,-0.5834332106427551,0.000033210642755077124
F5_1642270,4,2096,-0.955,-0.9550270244441743,0.00002702444417435057
F5_1631170,4,3285,-0.614,-0.6140459704759917,0.0000459704759917523
F5_201935,4,5256,-0.3839,-0.3839147026922913,0.000014702692291257424
F5_1629614,4,3291,-0.6133,-0.6133219778384402,0.000021977838440268016
F5_202331,4,3574,-0.5668,-0.5668477139750782,0.00004771397507818964
F5_1626168,4,2565,-0.7971,-0.7970959635031009,0.000004036496899173514
F5_1630579,4,1629,-1.2717,-1.2716655481362988,0.00003445186370121256
F5_1626156,4,3680,-0.5651,-0.5651465837218869,0.00004658372188681703
F5_1641783,4,3965,-0.5288,-0.5288456957130907,0.000045695713090654344
F5_1642367,4,2373,-0.9057,-0.9056914869636553,0.000008513036344637293
F5_1630533,4,2733,-0.8225,-0.822487111831806,0.000012888168194002958
F5_1641794,4,887,-2.5464,-2.546401026034494,0.0000010260344938117782
F5_1630182,4,4162,-0.5698,-0.5698433037479418,0.00004330374794181413
F5_1642263,4,1564,-1.6304,-1.6304047731213458,0.000004773121345724718
F5_2544,4,5112,-0.4998,-0.49979477363960184,0.000005226360398180585
F5_1631101,4,4311,-0.5977,-0.5977361679668055,0.000036167966805500384
F5_203992,4,2111,-1.235,-1.2350059449036377,0.0000059449036375891495
F5_1642266,4,2036,-1.3069,-1.3069129709312002,0.000012970931200229074
F5_203486,4,2866,-0.9304,-0.9303750729502979,0.000024927049702139215
F5_203924,4,3988,-0.6797,-0.6796799282704793,0.000020071729520676485
F5_1642354,4,698,-3.8936,-3.8936203415585617,0.000020341558561565165
F5_1630702,4,2223,-1.2362,-1.2362185702386368,0.00001857023863682805
F5_1630526,4,2774,-1.0146,-1.0146015187925645,0.0000015187925646031886
F5_1629014,4,4928,-0.5895,-0.5895498057402988,0.0000498057402987806
F5_203471,4,4905,-0.6102,-0.6102240893457207,0.000024089345720734734
F5_1629651,4,3701,-0.8159,-0.8159142416011056,0.00001424160110563566
F5_1628464,4,2205,-1.3922,-1.3922102138931325,0.000010213893132382523
F5_1631213,4,2198,-1.4597,-1.4596839238336674,0.000016076166332590347
F5_1631099,4,5529,-0.5998,-0.5998369522171084,0.00003695221710842134
F5_1630557,4,3787,-0.8817,-0.8816607439988893,0.00003925600111076566
F5_1629216,4,2735,-1.265,-1.2649514812802223,0.00004851871977762379
F5_202685,4,3108,-1.1636,-1.1635853519727284,0.000014648027271579878
F5_1629028,4,3677,-1.038,-1.0380074332681113,0.000007433268111256552
F5_1628467,4,2410,-1.6106,-1.6106397118925833,0.00003971189258322738
F5_1631200,4,2200,-1.8948,-1.8948402873721018,0.00004028737210171052
F5_1642274,4,4531,-0.942,-0.9420470387169865,0.00004703871698652495
F5_1641710,4,3828,-1.1176,-1.1176405019746019,0.000040501974601925284
F5_1641748,4,2593,-1.7288,-1.7287831254069033,0.00001687459309662742
F5_1630175,4,2534,-1.8121,-1.8121379743710355,0.000037974371035476295
F5_1630592,4,4380,-1.0575,-1.0574556709847764,0.00004432901522366528
F5_1641722,4,2599,-1.8557,-1.8557310942715706,0.000031094271570664134
F5_1629628,4,4683,-1.036,-1.0360185816231704,0.000018581623170366157
F5_201566,4,4921,-1.0438,-1.0438013960249999,0.0000013960249998223873
F5_1642258,4,3896,-1.3234,-1.323391955722263,0.000008044277736818373
F5_1630595,4,5600,-0.9383,-0.9382983236662656,0.000001676333734379476
F5_203995,4,2116,-2.4847,-2.484713218519473,0.000013218519472779633
F5_203110,4,4004,-1.3578,-1.3578329701675322,0.00003297016753234239
F5_1630172,4,3695,-1.4969,-1.496877612404463,0.000022387595536965677
F5_1630553,4,3577,-1.5963,-1.5963067850817763,0.00000678508177620607
F5_1630567,4,4246,-1.3565,-1.356521604211793,0.00002160421179286942
F5_1642347,4,2426,-2.3936,-2.393583178082497,0.00001682191750296269
F5_1629645,4,2806,-2.0757,-2.075725000856109,0.000025000856108903236
F5_1641739,4,5205,-1.1337,-1.1336768288150365,0.000023171184963421965
F5_1628389,4,5188,-1.1654,-1.1654162007186017,0.000016200718601755426
F5_1626179,4,4015,-1.5079,-1.5078734237748643,0.000026576225135688247
F5_1630703,4,3727,-1.7023,-1.7022822821141843,0.00001771788581561573
F5_1629027,4,5824,-1.1511,-1.1510800611691243,0.0000199388308756987
F5_1642262,4,2184,-3.0836,-3.0836212768314892,0.0000212768314891143
F5_1628398,4,2701,-2.5909,-2.5909198817439854,0.00001988174398537268
F5_1642273,4,3622,-1.9687,-1.9687398456668932,0.00003984566689330116
F5_1642264,4,4112,-1.7355,-1.7354652123949839,0.000034787605016184386
F5_1630558,4,3826,-1.962,-1.9620427774549158,0.00004277745491587659
F5_1627732,4,3062,-2.6308,-2.630772031562569,0.00002796843743091415
F5_1641718,4,3970,-2.0684,-2.06835979675476,0.0000402032452400114
F5_1627749,4,3543,-2.6584,-2.6583829040289957,0.00001709597100418847
F5_1642259,4,4175,-2.2635,-2.2634562598369494,0.00004374016305064288
F5_1642267,4,5045,-1.9803,-1.980328210759685,0.000028210759684954567
F5_1630581,4,4548,-2.2171,-2.2171431111786415,0.0000431111786416416
F5_1641731,4,5028,-2.1929,-2.192863054360129,0.00003694563987099997
F5_1642268,4,2711,-4.388,-4.387994770042436,0.000005229957563912535
