rowId,foldId,maxFeatureDate,asOfDate,futureDateMin,leakageOk
F1_1627741,0,2024-11-06,2024-11-07,2024-11-08,true
F1_1628369,0,2024-11-06,2024-11-07,2024-11-08,true
F1_1626181,0,2024-11-06,2024-11-07,2024-11-08,true
F1_201942,0,2024-11-06,2024-11-07,2024-11-08,true
F1_1628401,0,2024-11-06,2024-11-07,2024-11-08,true
F1_1628991,0,2024-11-06,2024-11-07,2024-11-08,true
F1_1631106,0,2024-11-06,2024-11-07,2024-11-08,true
F1_1629652,0,2024-11-06,2024-11-07,2024-11-08,true
F1_203076,0,2024-11-04,2024-11-07,2024-11-08,true
F1_1629675,0,2024-11-07,2024-11-07,2024-11-08,true
F1_202696,0,2024-11-07,2024-11-07,2024-11-08,true
F1_1630202,0,2024-11-06,2024-11-07,2024-11-08,true
F1_1627747,0,2024-11-06,2024-11-07,2024-11-08,true
F1_1628983,0,2024-11-06,2024-11-07,2024-11-08,true
F1_203999,0,2024-11-06,2024-11-07,2024-11-08,true
F1_201939,0,2024-11-06,2024-11-07,2024-11-08,true
F1_1628378,0,2024-11-06,2024-11-07,2024-11-08,true
F1_203081,0,2024-11-07,2024-11-07,2024-11-08,true
F1_1629660,0,2024-11-06,2024-11-07,2024-11-08,true
F1_1626157,0,2024-11-06,2024-11-07,2024-11-08,true
F1_1631260,0,2024-11-07,2024-11-07,2024-11-08,true
F1_202681,0,2024-11-06,2024-11-07,2024-11-08,true
F1_1628386,0,2024-11-06,2024-11-07,2024-11-08,true
F1_1631128,0,2024-11-06,2024-11-07,2024-11-08,true
F1_1627783,0,2024-11-06,2024-11-07,2024-11-08,true
F1_1630598,0,2024-11-06,2024-11-07,2024-11-08,true
F1_1629599,0,2024-11-06,2024-11-07,2024-11-08,true
F1_1630643,0,2024-11-06,2024-11-07,2024-11-08,true
F1_1630162,0,2024-11-07,2024-11-07,2024-11-08,true
F1_1627734,0,2024-11-06,2024-11-07,2024-11-08,true
F1_1631218,0,2024-11-06,2024-11-07,2024-11-08,true
F1_1629636,0,2024-11-06,2024-11-07,2024-11-08,true
F1_1630541,0,2024-11-06,2024-11-07,2024-11-08,true
F1_203078,0,2024-11-06,2024-11-07,2024-11-08,true
F1_1629673,0,2024-11-04,2024-11-07,2024-11-08,true
F1_1641717,0,2024-11-06,2024-11-07,2024-11-08,true
F1_1630224,0,2024-11-06,2024-11-07,2024-11-08,true
F1_201142,0,2024-11-06,2024-11-07,2024-11-08,true
F1_1626164,0,2024-11-06,2024-11-07,2024-11-08,true
F1_1631114,0,2024-11-06,2024-11-07,2024-11-08,true
F1_1626220,0,2024-11-06,2024-11-07,2024-11-08,true
F1_203501,0,2024-11-06,2024-11-07,2024-11-08,true
F1_1629655,0,2024-11-06,2024-11-07,2024-11-08,true
F1_1631172,0,2024-11-06,2024-11-07,2024-11-08,true
F1_203471,0,2024-11-04,2024-11-07,2024-11-08,true
F1_200768,0,2024-11-06,2024-11-07,2024-11-08,true
F1_1629639,0,2024-11-06,2024-11-07,2024-11-08,true
F1_1627739,0,2024-11-06,2024-11-07,2024-11-08,true
F1_1628449,0,2024-11-06,2024-11-07,2024-11-08,true
F1_1630596,0,2024-11-06,2024-11-07,2024-11-08,true
F1_203507,0,2024-11-07,2024-11-07,2024-11-08,true
F1_1630241,0,2024-11-06,2024-11-07,2024-11-08,true
F1_201143,0,2024-11-06,2024-11-07,2024-11-08,true
F1_1630198,0,2024-11-06,2024-11-07,2024-11-08,true
F1_1641726,0,2024-11-03,2024-11-07,2024-11-08,true
F1_1630188,0,2024-11-07,2024-11-07,2024-11-08,true
F1_1630533,0,2024-11-04,2024-11-07,2024-11-08,true
F1_1630625,0,2024-11-07,2024-11-07,2024-11-08,true
F1_202691,0,2024-11-06,2024-11-07,2024-11-08,true
F1_1628415,0,2024-11-06,2024-11-07,2024-11-08,true
F1_203924,0,2024-11-07,2024-11-07,2024-11-08,true
F1_1630591,0,2024-11-06,2024-11-07,2024-11-08,true
F1_1630700,0,2024-11-06,2024-11-07,2024-11-08,true
F1_1630532,0,2024-11-06,2024-11-07,2024-11-08,true
F1_203937,0,2024-11-06,2024-11-07,2024-11-08,true
F1_203944,0,2024-11-07,2024-11-07,2024-11-08,true
F1_1629674,0,2024-11-06,2024-11-07,2024-11-08,true
F1_1629731,0,2024-11-02,2024-11-07,2024-11-08,true
F1_1629638,0,2024-11-07,2024-11-07,2024-11-08,true
F1_1630534,0,2024-11-06,2024-11-07,2024-11-08,true
F1_1641716,0,2024-11-06,2024-11-07,2024-11-08,true
F1_1627780,0,2024-11-06,2024-11-07,2024-11-08,true
F1_1628989,0,2024-11-06,2024-11-07,2024-11-08,true
F1_1630215,0,2024-11-04,2024-11-07,2024-11-08,true
F1_1631095,0,2024-11-06,2024-11-07,2024-11-08,true
F1_1629750,0,2024-11-06,2024-11-07,2024-11-08,true
F1_1628998,0,2024-11-06,2024-11-07,2024-11-08,true
F1_202710,0,2024-11-06,2024-11-07,2024-11-08,true
F1_1631165,0,2024-11-06,2024-11-07,2024-11-08,true
F1_1628384,0,2024-11-06,2024-11-07,2024-11-08,true
F1_1627832,0,2024-11-06,2024-11-07,2024-11-08,true
F1_203952,0,2024-11-06,2024-11-07,2024-11-08,true
F1_1626172,0,2024-11-06,2024-11-07,2024-11-08,true
F1_1628973,0,2024-11-06,2024-11-07,2024-11-08,true
F1_1631096,0,2024-11-06,2024-11-07,2024-11-08,true
F1_1630322,0,2024-11-06,2024-11-07,2024-11-08,true
F1_1629008,0,2024-11-06,2024-11-07,2024-11-08,true
F1_1627752,0,2024-11-07,2024-11-07,2024-11-08,true
F1_1627742,0,2024-11-06,2024-11-07,2024-11-08,true
F1_1641744,0,2024-11-06,2024-11-07,2024-11-08,true
F1_1641767,0,2024-11-06,2024-11-07,2024-11-08,true
F1_203497,0,2024-11-07,2024-11-07,2024-11-08,true
F1_203897,0,2024-11-01,2024-11-07,2024-11-08,true
F1_1629312,0,2024-11-06,2024-11-07,2024-11-08,true
F1_1629634,0,2024-11-06,2024-11-07,2024-11-08,true
F1_1630577,0,2024-11-07,2024-11-07,2024-11-08,true
F1_1630578,0,2024-11-06,2024-11-07,2024-11-08,true
F1_1628368,0,2024-11-06,2024-11-07,2024-11-08,true
F1_1630230,0,2024-11-06,2024-11-07,2024-11-08,true
F1_1630217,0,2024-10-30,2024-11-07,2024-11-08,true
F1_1631103,0,2024-11-07,2024-11-07,2024-11-08,true
F1_1629631,0,2024-10-25,2024-11-07,2024-11-08,true
F1_1630231,0,2024-11-06,2024-11-07,2024-11-08,true
F1_1630540,0,2024-11-06,2024-11-07,2024-11-08,true
F1_1629651,0,2024-11-04,2024-11-07,2024-11-08,true
F1_1631124,0,2024-11-06,2024-11-07,2024-11-08,true
F1_1642367,0,2024-11-06,2024-11-07,2024-11-08,true
F1_1642419,0,2024-11-06,2024-11-07,2024-11-08,true
F1_1630194,0,2024-11-06,2024-11-07,2024-11-08,true
F1_1629060,0,2024-11-04,2024-11-07,2024-11-08,true
F1_1629001,0,2024-10-27,2024-11-07,2024-11-08,true
F1_1641712,0,2024-11-07,2024-11-07,2024-11-08,true
F1_203991,0,2024-11-06,2024-11-07,2024-11-08,true
F1_1630171,0,2024-11-06,2024-11-07,2024-11-08,true
F1_1627759,0,2024-11-01,2024-11-07,2024-11-08,true
F1_203110,0,2024-11-06,2024-11-07,2024-11-08,true
F1_1628436,0,2024-11-06,2024-11-07,2024-11-08,true
F1_201950,0,2024-11-06,2024-11-07,2024-11-08,true
F1_1628370,0,2024-11-06,2024-11-07,2024-11-08,true
F1_1628418,0,2024-11-04,2024-11-07,2024-11-08,true
F1_1629029,0,2024-11-06,2024-11-07,2024-11-08,true
F1_1629723,0,2024-10-30,2024-11-07,2024-11-08,true
F1_1630573,0,2024-11-06,2024-11-07,2024-11-08,true
F1_1641711,0,2024-11-06,2024-11-07,2024-11-08,true
F1_1629640,0,2024-11-07,2024-11-07,2024-11-08,true
F1_1642278,0,2024-11-06,2024-11-07,2024-11-08,true
F1_1641796,0,2024-11-06,2024-11-07,2024-11-08,true
F1_1630572,0,2024-11-07,2024-11-07,2024-11-08,true
F1_101108,0,2024-11-07,2024-11-07,2024-11-08,true
F1_1631157,0,2024-11-07,2024-11-07,2024-11-08,true
F1_1629629,0,2024-11-06,2024-11-07,2024-11-08,true
F1_1630537,0,2024-11-07,2024-11-07,2024-11-08,true
F1_1629656,0,2024-11-06,2024-11-07,2024-11-08,true
F1_1631105,0,2024-11-06,2024-11-07,2024-11-08,true
F1_1628380,0,2024-11-07,2024-11-07,2024-11-08,true
F1_1642346,0,2024-11-06,2024-11-07,2024-11-08,true
F1_1629111,0,2024-11-06,2024-11-07,2024-11-08,true
F1_1629661,0,2024-11-04,2024-11-07,2024-11-08,true
F1_1626204,0,2024-11-03,2024-11-07,2024-11-08,true
F1_1627826,0,2024-11-06,2024-11-07,2024-11-08,true
F1_1629646,0,2024-11-07,2024-11-07,2024-11-08,true
F1_1631097,0,2024-11-06,2024-11-07,2024-11-08,true
F1_1631093,0,2024-11-06,2024-11-07,2024-11-08,true
F1_1628975,0,2024-11-07,2024-11-07,2024-11-08,true
F1_1629023,0,2024-11-04,2024-11-07,2024-11-08,true
F1_1642349,0,2024-11-06,2024-11-07,2024-11-08,true
F1_1641748,0,2024-11-07,2024-11-07,2024-11-08,true
F1_201959,0,2024-11-06,2024-11-07,2024-11-08,true
F1_1631321,0,2024-11-07,2024-11-07,2024-11-08,true
F1_1631116,0,2024-10-30,2024-11-07,2024-11-08,true
F1_1641816,0,2024-11-06,2024-11-07,2024-11-08,true
F1_202692,0,2024-11-06,2024-11-07,2024-11-08,true
F1_1628420,0,2024-11-02,2024-11-07,2024-11-08,true
F1_202709,0,2024-11-04,2024-11-07,2024-11-08,true
F1_1630548,0,2024-11-07,2024-11-07,2024-11-08,true
F1_1627884,0,2024-11-06,2024-11-07,2024-11-08,true
F1_203084,0,2024-11-07,2024-11-07,2024-11-08,true
F1_203939,0,2024-11-06,2024-11-07,2024-11-08,true
F1_1628960,0,2024-11-06,2024-11-07,2024-11-08,true
F1_1630560,0,2024-11-04,2024-11-07,2024-11-08,true
F1_1630168,0,2024-11-06,2024-11-07,2024-11-08,true
F1_1631204,0,2024-11-03,2024-11-07,2024-11-08,true
F1_1627936,0,2024-11-06,2024-11-07,2024-11-08,true
F1_1631099,0,2024-11-06,2024-11-07,2024-11-08,true
F1_201587,0,2024-11-06,2024-11-07,2024-11-08,true
F1_1628379,0,2024-11-06,2024-11-07,2024-11-08,true
F1_202331,0,2024-11-06,2024-11-07,2024-11-08,true
F1_1630811,0,2024-11-06,2024-11-07,2024-11-08,true
F1_1641737,0,2024-11-06,2024-11-07,2024-11-08,true
F1_1629659,0,2024-11-07,2024-11-07,2024-11-08,true
F1_2544,0,2024-11-06,2024-11-07,2024-11-08,true
F1_1631216,0,2024-11-04,2024-11-07,2024-11-08,true
F1_1630553,0,2024-11-04,2024-11-07,2024-11-08,true
F1_1641842,0,2024-11-06,2024-11-07,2024-11-08,true
F1_1630631,0,2024-11-06,2024-11-07,2024-11-08,true
F1_1629726,0,2024-11-06,2024-11-07,2024-11-08,true
F1_1641708,0,2024-11-06,2024-11-07,2024-11-08,true
F1_1629028,0,2024-11-07,2024-11-07,2024-11-08,true
F1_1629637,0,2024-11-06,2024-11-07,2024-11-08,true
F1_1631217,0,2024-11-06,2024-11-07,2024-11-08,true
F1_1641733,0,2024-11-04,2024-11-07,2024-11-08,true
F1_203926,0,2024-11-06,2024-11-07,2024-11-08,true
F1_1630193,0,2024-10-23,2024-11-07,2024-11-08,true
F1_1642276,0,2024-11-06,2024-11-07,2024-11-08,true
F1_1628969,0,2024-11-06,2024-11-07,2024-11-08,true
F1_1629130,0,2024-11-06,2024-11-07,2024-11-08,true
F1_1631107,0,2024-11-06,2024-11-07,2024-11-08,true
F1_1628978,0,2024-11-07,2024-11-07,2024-11-08,true
F1_1631101,0,2024-11-07,2024-11-07,2024-11-08,true
F1_1642377,0,2024-11-06,2024-11-07,2024-11-08,true
F1_203552,0,2024-11-06,2024-11-07,2024-11-08,true
F1_1628963,0,2024-10-30,2024-11-07,2024-11-08,true
F1_1630178,0,2024-11-06,2024-11-07,2024-11-08,true
F1_1630559,0,2024-11-06,2024-11-07,2024-11-08,true
F1_1642272,0,2024-11-06,2024-11-07,2024-11-08,true
F1_1641741,0,2024-11-06,2024-11-07,2024-11-08,true
F1_1628467,0,2024-10-26,2024-11-07,2024-11-08,true
F1_1631098,0,2024-11-04,2024-11-07,2024-11-08,true
F1_1641854,0,2024-11-06,2024-11-07,2024-11-08,true
F1_1630228,0,2024-11-06,2024-11-07,2024-11-08,true
F1_1630592,0,2024-11-04,2024-11-07,2024-11-08,true
F1_1629684,0,2024-11-06,2024-11-07,2024-11-08,true
F1_1628988,0,2024-11-06,2024-11-07,2024-11-08,true
F1_1642359,0,2024-11-01,2024-11-07,2024-11-08,true
F1_1641890,0,2024-11-07,2024-11-07,2024-11-08,true
F1_1630200,0,2024-10-24,2024-11-07,2024-11-08,true
F1_1641739,0,2024-11-07,2024-11-07,2024-11-08,true
F1_1629628,0,2024-11-06,2024-11-07,2024-11-08,true
F1_1630163,0,2024-11-06,2024-11-07,2024-11-08,true
F1_1631132,0,2024-11-06,2024-11-07,2024-11-08,true
F1_1631133,0,2024-11-07,2024-11-07,2024-11-08,true
F1_1630249,0,2024-10-28,2024-11-07,2024-11-08,true
F1_1641731,0,2024-11-04,2024-11-07,2024-11-08,true
F1_1642265,0,2024-11-07,2024-11-07,2024-11-08,true
F1_1642267,0,2024-11-04,2024-11-07,2024-11-08,true
F1_1627814,0,2024-10-26,2024-11-07,2024-11-08,true
F1_1642345,0,2024-10-31,2024-11-07,2024-11-08,true
F1_1642402,0,2024-10-25,2024-11-07,2024-11-08,true
F1_203486,0,2024-11-06,2024-11-07,2024-11-08,true
F1_1641724,0,2024-11-06,2024-11-07,2024-11-08,true
F1_1642271,0,2024-11-07,2024-11-07,2024-11-08,true
F1_1630699,0,2024-11-07,2024-11-07,2024-11-08,true
F1_1629669,0,2024-11-04,2024-11-07,2024-11-08,true
F1_1642263,0,2024-11-06,2024-11-07,2024-11-08,true
F1_204456,0,2024-11-06,2024-11-07,2024-11-08,true
F1_1630539,0,2024-11-06,2024-11-07,2024-11-08,true
F1_1630611,0,2024-10-30,2024-11-07,2024-11-08,true
F1_1626162,0,2024-11-06,2024-11-07,2024-11-08,true
F1_1641794,0,2024-11-04,2024-11-07,2024-11-08,true
F1_1626166,0,2024-11-01,2024-11-07,2024-11-08,true
F1_202684,0,2024-11-01,2024-11-07,2024-11-08,true
F1_1629632,0,2024-11-07,2024-11-07,2024-11-08,true
F1_1641871,0,2024-11-07,2024-11-07,2024-11-08,true
F1_1631170,0,2024-10-30,2024-11-07,2024-11-08,true
F1_1629162,0,2024-11-06,2024-11-07,2024-11-08,true
F1_1630544,0,2024-11-06,2024-11-07,2024-11-08,true
F1_201599,0,2024-11-02,2024-11-07,2024-11-08,true
F1_1628374,0,2024-11-07,2024-11-07,2024-11-08,true
F1_203500,0,2024-11-04,2024-11-07,2024-11-08,true
F1_1630527,0,2024-11-06,2024-11-07,2024-11-08,true
F1_1631117,0,2024-11-07,2024-11-07,2024-11-08,true
F1_1629048,0,2024-11-06,2024-11-07,2024-11-08,true
F1_1630696,0,2024-10-30,2024-11-07,2024-11-08,true
F1_1642281,0,2024-10-30,2024-11-07,2024-11-08,true
F1_1628371,0,2024-11-06,2024-11-07,2024-11-08,true
F1_202685,0,2024-11-04,2024-11-07,2024-11-08,true
F1_201988,0,2024-11-07,2024-11-07,2024-11-08,true
F1_1626145,0,2024-11-06,2024-11-07,2024-11-08,true
F1_1627827,0,2024-11-04,2024-11-07,2024-11-08,true
F1_1641729,0,2024-11-07,2024-11-07,2024-11-08,true
F1_1627777,0,2024-11-06,2024-11-07,2024-11-08,true
F1_1641765,0,2024-11-06,2024-11-07,2024-11-08,true
F1_1630579,0,2024-11-06,2024-11-07,2024-11-08,true
F1_1641706,0,2024-11-06,2024-11-07,2024-11-08,true
F1_203992,0,2024-10-23,2024-11-07,2024-11-08,true
F1_1630583,0,2024-11-06,2024-11-07,2024-11-08,true
F1_1626153,0,2024-11-04,2024-11-07,2024-11-08,true
F1_1629234,0,2024-11-07,2024-11-07,2024-11-08,true
F1_1641763,0,2024-11-07,2024-11-07,2024-11-08,true
F1_1628404,0,2024-11-06,2024-11-07,2024-11-08,true
F1_1631169,0,2024-11-07,2024-11-07,2024-11-08,true
F1_1631222,0,2024-11-06,2024-11-07,2024-11-08,true
F1_1631207,0,2024-11-07,2024-11-07,2024-11-08,true
F1_1641783,0,2024-11-06,2024-11-07,2024-11-08,true
F1_203458,0,2024-11-06,2024-11-07,2024-11-08,true
F1_1630167,0,2024-11-06,2024-11-07,2024-11-08,true
F1_1641730,0,2024-11-03,2024-11-07,2024-11-08,true
F1_1629021,0,2024-11-06,2024-11-07,2024-11-08,true
F1_1627736,0,2024-11-06,2024-11-07,2024-11-08,true
F1_1630574,0,2024-11-01,2024-11-07,2024-11-08,true
F1_1642261,0,2024-11-06,2024-11-07,2024-11-08,true
F1_1630169,0,2024-11-06,2024-11-07,2024-11-08,true
F1_1628381,0,2024-11-07,2024-11-07,2024-11-08,true
F1_1630314,0,2024-11-06,2024-11-07,2024-11-08,true
F1_203995,0,2024-10-26,2024-11-07,2024-11-08,true
F1_1630526,0,2024-11-06,2024-11-07,2024-11-08,true
F1_201569,0,2024-11-06,2024-11-07,2024-11-08,true
F1_1641705,0,2024-11-07,2024-11-07,2024-11-08,true
F1_1641775,0,2024-11-06,2024-11-07,2024-11-08,true
F1_1629003,0,2024-11-04,2024-11-07,2024-11-08,true
F1_1631288,0,2024-11-04,2024-11-07,2024-11-08,true
F1_202704,0,2024-11-06,2024-11-07,2024-11-08,true
F1_1627824,0,2024-11-06,2024-11-07,2024-11-08,true
F1_1631323,0,2024-11-06,2024-11-07,2024-11-08,true
F1_201144,0,2024-11-07,2024-11-07,2024-11-08,true
F1_1626196,0,2024-11-04,2024-11-07,2024-11-08,true
F1_1627750,0,2024-11-01,2024-11-07,2024-11-08,true
F1_1642530,0,2024-11-06,2024-11-07,2024-11-08,true
F1_1628981,0,2024-11-06,2024-11-07,2024-11-08,true
F1_1641715,0,2024-11-06,2024-11-07,2024-11-08,true
F1_1630702,0,2024-11-06,2024-11-07,2024-11-08,true
F1_203484,0,2024-11-06,2024-11-07,2024-11-08,true
F1_1631223,0,2024-11-06,2024-11-07,2024-11-08,true
F1_203915,0,2024-11-06,2024-11-07,2024-11-08,true
F1_1629012,0,2024-11-07,2024-11-07,2024-11-08,true
F1_1629014,0,2024-11-07,2024-11-07,2024-11-08,true
F1_1628970,0,2024-11-06,2024-11-07,2024-11-08,true
F1_1641824,0,2024-11-07,2024-11-07,2024-11-08,true
F1_203935,0,2024-10-30,2024-11-07,2024-11-08,true
F1_1630182,0,2024-11-06,2024-11-07,2024-11-08,true
F1_1630191,0,2024-11-06,2024-11-07,2024-11-08,true
F1_1626156,0,2024-11-06,2024-11-07,2024-11-08,true
F1_1630214,0,2024-11-04,2024-11-07,2024-11-08,true
F1_1642270,0,2024-11-07,2024-11-07,2024-11-08,true
F1_1626192,0,2024-11-07,2024-11-07,2024-11-08,true
F1_203914,0,2024-11-06,2024-11-07,2024-11-08,true
F1_1642275,0,2024-11-06,2024-11-07,2024-11-08,true
F1_203903,0,2024-11-07,2024-11-07,2024-11-08,true
F1_1626179,0,2024-11-06,2024-11-07,2024-11-08,true
F1_1630595,0,2024-11-06,2024-11-07,2024-11-08,true
F1_1630590,0,2024-11-06,2024-11-07,2024-11-08,true
F1_203967,0,2024-11-01,2024-11-07,2024-11-08,true
F1_201566,0,2024-11-06,2024-11-07,2024-11-08,true
F1_1630183,0,2024-11-07,2024-11-07,2024-11-08,true
F1_1628398,0,2024-10-28,2024-11-07,2024-11-08,true
F1_1641710,0,2024-11-06,2024-11-07,2024-11-08,true
F1_1642273,0,2024-11-04,2024-11-07,2024-11-08,true
F1_1630166,0,2024-11-07,2024-11-07,2024-11-08,true
F1_1630557,0,2024-11-04,2024-11-07,2024-11-08,true
F1_1631104,0,2024-11-07,2024-11-07,2024-11-08,true
F1_1626168,0,2024-11-06,2024-11-07,2024-11-08,true
F1_203083,0,2024-11-06,2024-11-07,2024-11-08,true
F1_1630567,0,2024-10-28,2024-11-07,2024-11-08,true
F1_1642274,0,2024-11-06,2024-11-07,2024-11-08,true
F1_1631200,0,2024-11-07,2024-11-07,2024-11-08,true
F1_1627751,0,2024-11-06,2024-11-07,2024-11-08,true
F1_1631212,0,2024-11-06,2024-11-07,2024-11-08,true
F1_1641722,0,2024-11-06,2024-11-07,2024-11-08,true
F1_1642259,0,2024-11-04,2024-11-07,2024-11-08,true
F1_201572,0,2024-11-07,2024-11-07,2024-11-08,true
F1_1641764,0,2024-11-04,2024-11-07,2024-11-08,true
F1_1626167,0,2024-11-06,2024-11-07,2024-11-08,true
F1_201935,0,2024-11-06,2024-11-07,2024-11-08,true
F1_1630552,0,2024-11-06,2024-11-07,2024-11-08,true
F1_1627732,0,2024-11-03,2024-11-07,2024-11-08,true
F1_1630172,0,2024-11-07,2024-11-07,2024-11-08,true
F1_1629611,0,2024-11-06,2024-11-07,2024-11-08,true
F1_202699,0,2024-11-06,2024-11-07,2024-11-08,true
F1_203994,0,2024-11-06,2024-11-07,2024-11-08,true
F1_1628464,0,2024-11-06,2024-11-07,2024-11-08,true
F1_1631108,0,2024-11-06,2024-11-07,2024-11-08,true
F1_1630175,0,2024-11-04,2024-11-07,2024-11-08,true
F1_1642264,0,2024-11-07,2024-11-07,2024-11-08,true
F1_1642258,0,2024-11-06,2024-11-07,2024-11-08,true
F1_1626171,0,2024-11-07,2024-11-07,2024-11-08,true
F1_1642347,0,2024-11-06,2024-11-07,2024-11-08,true
F1_1630558,0,2024-11-06,2024-11-07,2024-11-08,true
F1_1642262,0,2024-11-07,2024-11-07,2024-11-08,true
F1_1628389,0,2024-11-06,2024-11-07,2024-11-08,true
F1_1629216,0,2024-11-06,2024-11-07,2024-11-08,true
F1_1630703,0,2024-11-07,2024-11-07,2024-11-08,true
F1_1630245,0,2024-11-07,2024-11-07,2024-11-08,true
F1_1629027,0,2024-11-06,2024-11-07,2024-11-08,true
F1_1630581,0,2024-11-07,2024-11-07,2024-11-08,true
F1_1629645,0,2024-11-06,2024-11-07,2024-11-08,true
F1_1629018,0,2024-11-07,2024-11-07,2024-11-08,true
F1_1641718,0,2024-11-07,2024-11-07,2024-11-08,true
F1_1628997,0,2024-11-06,2024-11-07,2024-11-08,true
F2_1630532,1,2024-11-23,2024-11-24,2024-11-25,true
F2_1629660,1,2024-11-24,2024-11-24,2024-11-25,true
F2_1631106,1,2024-11-23,2024-11-24,2024-11-25,true
F2_1628991,1,2024-11-23,2024-11-24,2024-11-25,true
F2_202681,1,2024-11-24,2024-11-24,2024-11-25,true
F2_1628369,1,2024-11-24,2024-11-24,2024-11-25,true
F2_1628983,1,2024-11-20,2024-11-24,2024-11-25,true
F2_1627741,1,2024-11-23,2024-11-24,2024-11-25,true
F2_203999,1,2024-11-23,2024-11-24,2024-11-25,true
F2_203076,1,2024-11-23,2024-11-24,2024-11-25,true
F2_1628415,1,2024-11-23,2024-11-24,2024-11-25,true
F2_201939,1,2024-11-23,2024-11-24,2024-11-25,true
F2_1626181,1,2024-11-18,2024-11-24,2024-11-25,true
F2_1626157,1,2024-11-23,2024-11-24,2024-11-25,true
F2_1628378,1,2024-11-24,2024-11-24,2024-11-25,true
F2_1627783,1,2024-11-24,2024-11-24,2024-11-25,true
F2_1628368,1,2024-11-24,2024-11-24,2024-11-25,true
F2_1628401,1,2024-11-24,2024-11-24,2024-11-25,true
F2_1631128,1,2024-11-23,2024-11-24,2024-11-25,true
F2_1628384,1,2024-11-23,2024-11-24,2024-11-25,true
F2_1630162,1,2024-11-24,2024-11-24,2024-11-25,true
F2_203952,1,2024-11-23,2024-11-24,2024-11-25,true
F2_1628386,1,2024-11-24,2024-11-24,2024-11-25,true
F2_1630202,1,2024-11-24,2024-11-24,2024-11-25,true
F2_1629661,1,2024-11-24,2024-11-24,2024-11-25,true
F2_1631114,1,2024-11-20,2024-11-24,2024-11-25,true
F2_1627832,1,2024-11-23,2024-11-24,2024-11-25,true
F2_203507,1,2024-11-23,2024-11-24,2024-11-25,true
F2_201942,1,2024-11-24,2024-11-24,2024-11-25,true
F2_1630596,1,2024-11-24,2024-11-24,2024-11-25,true
F2_202696,1,2024-11-23,2024-11-24,2024-11-25,true
F2_1629639,1,2024-11-24,2024-11-24,2024-11-25,true
F2_1629655,1,2024-11-24,2024-11-24,2024-11-25,true
F2_1628374,1,2024-11-23,2024-11-24,2024-11-25,true
F2_1630643,1,2024-11-23,2024-11-24,2024-11-25,true
F2_1627884,1,2024-11-24,2024-11-24,2024-11-25,true
F2_1629599,1,2024-11-24,2024-11-24,2024-11-25,true
F2_1631260,1,2024-11-23,2024-11-24,2024-11-25,true
F2_1629675,1,2024-11-24,2024-11-24,2024-11-25,true
F2_1627747,1,2024-11-17,2024-11-24,2024-11-25,true
F2_201950,1,2024-11-24,2024-11-24,2024-11-25,true
F2_202710,1,2024-11-24,2024-11-24,2024-11-25,true
F2_1629652,1,2024-11-20,2024-11-24,2024-11-25,true
F2_1627736,1,2024-11-23,2024-11-24,2024-11-25,true
F2_1628449,1,2024-11-24,2024-11-24,2024-11-25,true
F2_1642272,1,2024-11-24,2024-11-24,2024-11-25,true
F2_1642261,1,2024-11-23,2024-11-24,2024-11-25,true
F2_201142,1,2024-11-08,2024-11-24,2024-11-25,true
F2_1630578,1,2024-11-23,2024-11-24,2024-11-25,true
F2_1641726,1,2024-11-24,2024-11-24,2024-11-25,true
F2_1629636,1,2024-11-24,2024-11-24,2024-11-25,true
F2_201143,1,2024-11-24,2024-11-24,2024-11-25,true
F2_1629008,1,2024-11-23,2024-11-24,2024-11-25,true
F2_203084,1,2024-11-23,2024-11-24,2024-11-25,true
F2_1627739,1,2024-11-24,2024-11-24,2024-11-25,true
F2_1629023,1,2024-11-24,2024-11-24,2024-11-25,true
F2_1630534,1,2024-11-24,2024-11-24,2024-11-25,true
F2_1628998,1,2024-11-23,2024-11-24,2024-11-25,true
F2_1627734,1,2024-11-24,2024-11-24,2024-11-25,true
F2_1629631,1,2024-11-22,2024-11-24,2024-11-25,true
F2_1630700,1,2024-11-22,2024-11-24,2024-11-25,true
F2_1630163,1,2024-11-23,2024-11-24,2024-11-25,true
F2_1629029,1,2024-11-19,2024-11-24,2024-11-25,true
F2_203078,1,2024-11-12,2024-11-24,2024-11-25,true
F2_1642377,1,2024-11-23,2024-11-24,2024-11-25,true
F2_203932,1,2024-11-04,2024-11-24,2024-11-25,true
F2_1628973,1,2024-11-23,2024-11-24,2024-11-25,true
F2_1630198,1,2024-11-17,2024-11-24,2024-11-25,true
F2_1629021,1,2024-11-23,2024-11-24,2024-11-25,true
F2_1629634,1,2024-11-23,2024-11-24,2024-11-25,true
F2_203897,1,2024-11-23,2024-11-24,2024-11-25,true
F2_1628371,1,2024-11-23,2024-11-24,2024-11-25,true
F2_1628381,1,2024-11-23,2024-11-24,2024-11-25,true
F2_1626204,1,2024-11-17,2024-11-24,2024-11-25,true
F2_1641708,1,2024-11-23,2024-11-24,2024-11-25,true
F2_1629673,1,2024-11-22,2024-11-24,2024-11-25,true
F2_1641717,1,2024-11-20,2024-11-24,2024-11-25,true
F2_1631218,1,2024-11-23,2024-11-24,2024-11-25,true
F2_1626164,1,2024-11-20,2024-11-24,2024-11-25,true
F2_1629057,1,2024-11-22,2024-11-24,2024-11-25,true
F2_1630171,1,2024-11-24,2024-11-24,2024-11-25,true
F2_1630322,1,2024-11-23,2024-11-24,2024-11-25,true
F2_202692,1,2024-11-24,2024-11-24,2024-11-25,true
F2_1631095,1,2024-11-23,2024-11-24,2024-11-25,true
F2_1641705,1,2024-11-23,2024-11-24,2024-11-25,true
F2_1627780,1,2024-11-23,2024-11-24,2024-11-25,true
F2_1631165,1,2024-11-24,2024-11-24,2024-11-25,true
F2_201572,1,2024-11-23,2024-11-24,2024-11-25,true
F2_1642349,1,2024-11-20,2024-11-24,2024-11-25,true
F2_1630215,1,2024-11-24,2024-11-24,2024-11-25,true
F2_1631222,1,2024-11-23,2024-11-24,2024-11-25,true
F2_1628404,1,2024-11-23,2024-11-24,2024-11-25,true
F2_1630572,1,2024-11-23,2024-11-24,2024-11-25,true
F2_1629656,1,2024-11-24,2024-11-24,2024-11-25,true
F2_1629638,1,2024-11-24,2024-11-24,2024-11-25,true
F2_1629312,1,2024-11-24,2024-11-24,2024-11-25,true
F2_203944,1,2024-11-24,2024-11-24,2024-11-25,true
F2_1626172,1,2024-11-23,2024-11-24,2024-11-25,true
F2_1627759,1,2024-11-24,2024-11-24,2024-11-25,true
F2_1630577,1,2024-11-23,2024-11-24,2024-11-25,true
F2_1630540,1,2024-11-13,2024-11-24,2024-11-25,true
F2_1630583,1,2024-11-23,2024-11-24,2024-11-25,true
F2_1631097,1,2024-11-24,2024-11-24,2024-11-25,true
F2_1630241,1,2024-11-24,2024-11-24,2024-11-25,true
F2_203081,1,2024-11-23,2024-11-24,2024-11-25,true
F2_203991,1,2024-11-22,2024-11-24,2024-11-25,true
F2_201567,1,2024-11-24,2024-11-24,2024-11-25,true
F2_1627936,1,2024-11-20,2024-11-24,2024-11-25,true
F2_1630191,1,2024-11-23,2024-11-24,2024-11-25,true
F2_1630228,1,2024-11-22,2024-11-24,2024-11-25,true
F2_1629130,1,2024-11-24,2024-11-24,2024-11-25,true
F2_1631111,1,2024-11-23,2024-11-24,2024-11-25,true
F2_1627777,1,2024-11-24,2024-11-24,2024-11-25,true
F2_1630230,1,2024-11-24,2024-11-24,2024-11-25,true
F2_1629006,1,2024-11-20,2024-11-24,2024-11-25,true
F2_1628370,1,2024-11-10,2024-11-24,2024-11-25,true
F2_1628436,1,2024-11-22,2024-11-24,2024-11-25,true
F2_1628988,1,2024-11-22,2024-11-24,2024-11-25,true
F2_1629048,1,2024-11-23,2024-11-24,2024-11-25,true
F2_1629060,1,2024-11-23,2024-11-24,2024-11-25,true
F2_1630178,1,2024-11-24,2024-11-24,2024-11-25,true
F2_101108,1,2024-11-23,2024-11-24,2024-11-25,true
F2_1626166,1,2024-11-23,2024-11-24,2024-11-25,true
F2_1627826,1,2024-11-24,2024-11-24,2024-11-25,true
F2_1629650,1,2024-11-24,2024-11-24,2024-11-25,true
F2_1630537,1,2024-11-23,2024-11-24,2024-11-25,true
F2_1628420,1,2024-11-20,2024-11-24,2024-11-25,true
F2_203471,1,2024-11-22,2024-11-24,2024-11-25,true
F2_1629731,1,2024-11-17,2024-11-24,2024-11-25,true
F2_1629637,1,2024-11-10,2024-11-24,2024-11-25,true
F2_1630560,1,2024-11-24,2024-11-24,2024-11-25,true
F2_1629651,1,2024-11-24,2024-11-24,2024-11-25,true
F2_1630264,1,2024-11-24,2024-11-24,2024-11-25,true
F2_1630541,1,2024-11-23,2024-11-24,2024-11-25,true
F2_1641890,1,2024-11-22,2024-11-24,2024-11-25,true
F2_204456,1,2024-11-24,2024-11-24,2024-11-25,true
F2_1631204,1,2024-11-23,2024-11-24,2024-11-25,true
F2_1630548,1,2024-11-23,2024-11-24,2024-11-25,true
F2_1629646,1,2024-11-21,2024-11-24,2024-11-25,true
F2_1629726,1,2024-11-22,2024-11-24,2024-11-25,true
F2_203468,1,2024-10-29,2024-11-24,2024-11-25,true
F2_1641745,1,2024-11-20,2024-11-24,2024-11-25,true
F2_203914,1,2024-11-23,2024-11-24,2024-11-25,true
F2_1630625,1,2024-11-23,2024-11-24,2024-11-25,true
F2_1642419,1,2024-11-24,2024-11-24,2024-11-25,true
F2_1629659,1,2024-11-23,2024-11-24,2024-11-25,true
F2_1628964,1,2024-11-24,2024-11-24,2024-11-25,true
F2_1630696,1,2024-11-18,2024-11-24,2024-11-25,true
F2_203497,1,2024-11-24,2024-11-24,2024-11-25,true
F2_1630188,1,2024-11-23,2024-11-24,2024-11-25,true
F2_1628976,1,2024-11-03,2024-11-24,2024-11-25,true
F2_1641724,1,2024-11-23,2024-11-24,2024-11-25,true
F2_1630598,1,2024-11-20,2024-11-24,2024-11-25,true
F2_1627751,1,2024-11-24,2024-11-24,2024-11-25,true
F2_1641706,1,2024-11-23,2024-11-24,2024-11-25,true
F2_1642278,1,2024-11-23,2024-11-24,2024-11-25,true
F2_1630231,1,2024-11-24,2024-11-24,2024-11-25,true
F2_1629026,1,2024-11-20,2024-11-24,2024-11-25,true
F2_1630573,1,2024-11-24,2024-11-24,2024-11-25,true
F2_1627827,1,2024-11-22,2024-11-24,2024-11-25,true
F2_203937,1,2024-11-23,2024-11-24,2024-11-25,true
F2_203924,1,2024-11-23,2024-11-24,2024-11-25,true
F2_1630183,1,2024-11-24,2024-11-24,2024-11-25,true
F2_203939,1,2024-11-19,2024-11-24,2024-11-25,true
F2_1630224,1,2024-11-23,2024-11-24,2024-11-25,true
F2_1641796,1,2024-11-24,2024-11-24,2024-11-25,true
F2_1631101,1,2024-11-23,2024-11-24,2024-11-25,true
F2_1631107,1,2024-11-24,2024-11-24,2024-11-25,true
F2_202066,1,2024-11-24,2024-11-24,2024-11-25,true
F2_1628418,1,2024-11-08,2024-11-24,2024-11-25,true
F2_1629012,1,2024-11-23,2024-11-24,2024-11-25,true
F2_1629111,1,2024-11-23,2024-11-24,2024-11-25,true
F2_1630538,1,2024-11-24,2024-11-24,2024-11-25,true
F2_1642367,1,2024-11-24,2024-11-24,2024-11-25,true
F2_1631212,1,2024-11-23,2024-11-24,2024-11-25,true
F2_202709,1,2024-11-23,2024-11-24,2024-11-25,true
F2_1641810,1,2024-11-22,2024-11-24,2024-11-25,true
F2_1629629,1,2024-11-23,2024-11-24,2024-11-25,true
F2_1628380,1,2024-11-23,2024-11-24,2024-11-25,true
F2_1628470,1,2024-11-23,2024-11-24,2024-11-25,true
F2_1626220,1,2024-11-20,2024-11-24,2024-11-25,true
F2_1631321,1,2024-11-16,2024-11-24,2024-11-25,true
F2_1631117,1,2024-11-23,2024-11-24,2024-11-25,true
F2_1629626,1,2024-11-20,2024-11-24,2024-11-25,true
F2_1629162,1,2024-11-22,2024-11-24,2024-11-25,true
F2_1630194,1,2024-11-23,2024-11-24,2024-11-25,true
F2_1630256,1,2024-11-22,2024-11-24,2024-11-25,true
F2_1631103,1,2024-11-23,2024-11-24,2024-11-25,true
F2_1630530,1,2024-11-22,2024-11-24,2024-11-25,true
F2_1628408,1,2024-11-08,2024-11-24,2024-11-25,true
F2_1631323,1,2024-11-23,2024-11-24,2024-11-25,true
F2_1631124,1,2024-11-23,2024-11-24,2024-11-25,true
F2_1641711,1,2024-11-24,2024-11-24,2024-11-25,true
F2_203926,1,2024-11-24,2024-11-24,2024-11-25,true
F2_1629674,1,2024-11-22,2024-11-24,2024-11-25,true
F2_1630167,1,2024-11-24,2024-11-24,2024-11-25,true
F2_1629723,1,2024-11-19,2024-11-24,2024-11-25,true
F2_1641737,1,2024-11-24,2024-11-24,2024-11-25,true
F2_1631115,1,2024-11-18,2024-11-24,2024-11-25,true
F2_201599,1,2024-11-23,2024-11-24,2024-11-25,true
F2_1642345,1,2024-11-20,2024-11-24,2024-11-25,true
F2_1631248,1,2024-11-04,2024-11-24,2024-11-25,true
F2_1627763,1,2024-11-24,2024-11-24,2024-11-25,true
F2_1629004,1,2024-11-16,2024-11-24,2024-11-25,true
F2_1631110,1,2024-11-04,2024-11-24,2024-11-25,true
F2_1631386,1,2024-11-22,2024-11-24,2024-11-25,true
F2_1641757,1,2024-11-24,2024-11-24,2024-11-25,true
F2_1631116,1,2024-11-18,2024-11-24,2024-11-25,true
F2_1631098,1,2024-11-18,2024-11-24,2024-11-25,true
F2_1630545,1,2024-11-08,2024-11-24,2024-11-25,true
F2_1642285,1,2024-11-23,2024-11-24,2024-11-25,true
F2_1641733,1,2024-11-17,2024-11-24,2024-11-25,true
F2_1629640,1,2024-11-21,2024-11-24,2024-11-25,true
F2_1631213,1,2024-11-17,2024-11-24,2024-11-25,true
F2_1631207,1,2024-11-23,2024-11-24,2024-11-25,true
F2_1641854,1,2024-11-24,2024-11-24,2024-11-25,true
F2_1628975,1,2024-11-23,2024-11-24,2024-11-25,true
F2_1641725,1,2024-11-23,2024-11-24,2024-11-25,true
F2_1630170,1,2024-11-15,2024-11-24,2024-11-25,true
F2_1642403,1,2024-11-18,2024-11-24,2024-11-25,true
F2_1630531,1,2024-11-04,2024-11-24,2024-11-25,true
F2_1631245,1,2024-11-24,2024-11-24,2024-11-25,true
F2_1628392,1,2024-11-20,2024-11-24,2024-11-25,true
F2_1628379,1,2024-11-23,2024-11-24,2024-11-25,true
F2_1642271,1,2024-11-21,2024-11-24,2024-11-25,true
F2_1631105,1,2024-11-23,2024-11-24,2024-11-25,true
F2_1631217,1,2024-11-23,2024-11-24,2024-11-25,true
F2_1629018,1,2024-11-23,2024-11-24,2024-11-25,true
F2_1629632,1,2024-11-23,2024-11-24,2024-11-25,true
F2_1630579,1,2024-11-23,2024-11-24,2024-11-25,true
F2_1642359,1,2024-11-23,2024-11-24,2024-11-25,true
F2_1631132,1,2024-11-23,2024-11-24,2024-11-25,true
F2_1642265,1,2024-11-24,2024-11-24,2024-11-25,true
F2_1631216,1,2024-11-23,2024-11-24,2024-11-25,true
F2_1641816,1,2024-11-23,2024-11-24,2024-11-25,true
F2_1641729,1,2024-11-21,2024-11-24,2024-11-25,true
F2_1630539,1,2024-11-20,2024-11-24,2024-11-25,true
F2_203501,1,2024-11-23,2024-11-24,2024-11-25,true
F2_201587,1,2024-11-24,2024-11-24,2024-11-25,true
F2_1630249,1,2024-11-22,2024-11-24,2024-11-25,true
F2_1630568,1,2024-11-08,2024-11-24,2024-11-25,true
F2_201959,1,2024-11-23,2024-11-24,2024-11-25,true
F2_1631133,1,2024-11-22,2024-11-24,2024-11-25,true
F2_1642277,1,2024-11-24,2024-11-24,2024-11-25,true
F2_202704,1,2024-11-24,2024-11-24,2024-11-25,true
F2_1627749,1,2024-10-23,2024-11-24,2024-11-25,true
F2_1628963,1,2024-11-18,2024-11-24,2024-11-25,true
F2_1641712,1,2024-11-23,2024-11-24,2024-11-25,true
F2_1630559,1,2024-11-23,2024-11-24,2024-11-25,true
F2_1641998,1,2024-11-22,2024-11-24,2024-11-25,true
F2_1630168,1,2024-11-22,2024-11-24,2024-11-25,true
F2_1641765,1,2024-11-19,2024-11-24,2024-11-25,true
F2_1630699,1,2024-11-22,2024-11-24,2024-11-25,true
F2_1631120,1,2024-11-04,2024-11-24,2024-11-25,true
F2_203552,1,2024-11-23,2024-11-24,2024-11-25,true
F2_1630192,1,2024-11-23,2024-11-24,2024-11-25,true
F2_1630346,1,2024-11-18,2024-11-24,2024-11-25,true
F2_1631255,1,2024-11-20,2024-11-24,2024-11-25,true
F2_1641871,1,2024-11-23,2024-11-24,2024-11-25,true
F2_1642281,1,2024-11-24,2024-11-24,2024-11-25,true
F2_1630590,1,2024-11-23,2024-11-24,2024-11-25,true
F2_1642263,1,2024-11-23,2024-11-24,2024-11-25,true
F2_1629750,1,2024-11-22,2024-11-24,2024-11-25,true
F2_202691,1,2024-11-24,2024-11-24,2024-11-25,true
F2_1642402,1,2024-11-22,2024-11-24,2024-11-25,true
F2_1641732,1,2024-11-24,2024-11-24,2024-11-25,true
F2_203901,1,2024-11-22,2024-11-24,2024-11-25,true
F2_1630208,1,2024-11-01,2024-11-24,2024-11-25,true
F2_1627752,1,2024-11-23,2024-11-24,2024-11-25,true
F2_201144,1,2024-11-17,2024-11-24,2024-11-25,true
F2_1628366,1,2024-10-28,2024-11-24,2024-11-25,true
F2_1629028,1,2024-11-10,2024-11-24,2024-11-25,true
F2_1641775,1,2024-11-22,2024-11-24,2024-11-25,true
F2_1630529,1,2024-10-29,2024-11-24,2024-11-25,true
F2_203083,1,2024-11-24,2024-11-24,2024-11-25,true
F2_1630200,1,2024-11-23,2024-11-24,2024-11-25,true
F2_1642276,1,2024-11-18,2024-11-24,2024-11-25,true
F2_1630217,1,2024-11-23,2024-11-24,2024-11-25,true
F2_1630570,1,2024-11-24,2024-11-24,2024-11-25,true
F2_1629630,1,2024-11-06,2024-11-24,2024-11-25,true
F2_1628969,1,2024-11-23,2024-11-24,2024-11-25,true
F2_202684,1,2024-11-20,2024-11-24,2024-11-25,true
F2_1642530,1,2024-11-17,2024-11-24,2024-11-25,true
F2_203110,1,2024-11-23,2024-11-24,2024-11-25,true
F2_1631288,1,2024-11-20,2024-11-24,2024-11-25,true
F2_202685,1,2024-11-24,2024-11-24,2024-11-25,true
F2_1629003,1,2024-11-24,2024-11-24,2024-11-25,true
F2_1641783,1,2024-11-23,2024-11-24,2024-11-25,true
F2_1626145,1,2024-11-20,2024-11-24,2024-11-25,true
F2_1628981,1,2024-11-24,2024-11-24,2024-11-25,true
F2_1642266,1,2024-11-06,2024-11-24,2024-11-25,true
F2_1631170,1,2024-11-24,2024-11-24,2024-11-25,true
F2_1630533,1,2024-11-24,2024-11-24,2024-11-25,true
F2_203995,1,2024-11-23,2024-11-24,2024-11-25,true
F2_1630592,1,2024-11-24,2024-11-24,2024-11-25,true
F2_1631169,1,2024-11-24,2024-11-24,2024-11-25,true
F2_203458,1,2024-11-24,2024-11-24,2024-11-25,true
F2_1628989,1,2024-11-24,2024-11-24,2024-11-25,true
F2_1630552,1,2024-11-22,2024-11-24,2024-11-25,true
F2_1627750,1,2024-11-23,2024-11-24,2024-11-25,true
F2_1630591,1,2024-11-23,2024-11-24,2024-11-25,true
F2_1631200,1,2024-11-23,2024-11-24,2024-11-25,true
F2_202699,1,2024-11-23,2024-11-24,2024-11-25,true
F2_1641716,1,2024-11-24,2024-11-24,2024-11-25,true
F2_1628978,1,2024-11-24,2024-11-24,2024-11-25,true
F2_1629611,1,2024-11-24,2024-11-24,2024-11-25,true
F2_203954,1,2024-11-20,2024-11-24,2024-11-25,true
F2_1628467,1,2024-11-24,2024-11-24,2024-11-25,true
F2_1631093,1,2024-11-23,2024-11-24,2024-11-25,true
F2_1626153,1,2024-11-23,2024-11-24,2024-11-25,true
F2_200768,1,2024-11-18,2024-11-24,2024-11-25,true
F2_1641723,1,2024-11-22,2024-11-24,2024-11-25,true
F2_1629234,1,2024-11-23,2024-11-24,2024-11-25,true
F2_1641710,1,2024-11-23,2024-11-24,2024-11-25,true
F2_1630567,1,2024-11-24,2024-11-24,2024-11-25,true
F2_1627824,1,2024-11-24,2024-11-24,2024-11-25,true
F2_203486,1,2024-11-20,2024-11-24,2024-11-25,true
F2_1641741,1,2024-11-24,2024-11-24,2024-11-25,true
F2_203935,1,2024-11-15,2024-11-24,2024-11-25,true
F2_2544,1,2024-11-23,2024-11-24,2024-11-25,true
F2_1631223,1,2024-11-20,2024-11-24,2024-11-25,true
F2_1641842,1,2024-11-23,2024-11-24,2024-11-25,true
F2_1630574,1,2024-11-18,2024-11-24,2024-11-25,true
F2_1628960,1,2024-11-20,2024-11-24,2024-11-25,true
F2_1630214,1,2024-11-24,2024-11-24,2024-11-25,true
F2_1629628,1,2024-11-24,2024-11-24,2024-11-25,true
F2_1626192,1,2024-11-16,2024-11-24,2024-11-25,true
F2_1631108,1,2024-11-23,2024-11-24,2024-11-25,true
F2_1630526,1,2024-11-22,2024-11-24,2024-11-25,true
F2_201569,1,2024-11-24,2024-11-24,2024-11-25,true
F2_1641763,1,2024-11-22,2024-11-24,2024-11-25,true
F2_203915,1,2024-11-24,2024-11-24,2024-11-25,true
F2_1630702,1,2024-11-24,2024-11-24,2024-11-25,true
F2_202331,1,2024-11-20,2024-11-24,2024-11-25,true
F2_1642346,1,2024-11-20,2024-11-24,2024-11-25,true
F2_1630553,1,2024-11-24,2024-11-24,2024-11-25,true
F2_1631104,1,2024-11-23,2024-11-24,2024-11-25,true
F2_203500,1,2024-11-22,2024-11-24,2024-11-25,true
F2_1641794,1,2024-11-20,2024-11-24,2024-11-25,true
F2_1641722,1,2024-11-22,2024-11-24,2024-11-25,true
F2_203484,1,2024-11-23,2024-11-24,2024-11-25,true
F2_1641748,1,2024-11-23,2024-11-24,2024-11-25,true
F2_1630182,1,2024-11-23,2024-11-24,2024-11-25,true
F2_1629014,1,2024-11-23,2024-11-24,2024-11-25,true
F2_1630166,1,2024-11-23,2024-11-24,2024-11-25,true
F2_1626156,1,2024-11-23,2024-11-24,2024-11-25,true
F2_1629614,1,2024-11-06,2024-11-24,2024-11-25,true
F2_1641824,1,2024-11-23,2024-11-24,2024-11-25,true
F2_1631099,1,2024-11-24,2024-11-24,2024-11-25,true
F2_203992,1,2024-11-22,2024-11-24,2024-11-25,true
F2_201935,1,2024-11-24,2024-11-24,2024-11-25,true
F2_1641731,1,2024-11-24,2024-11-24,2024-11-25,true
F2_1642275,1,2024-11-23,2024-11-24,2024-11-25,true
F2_1627742,1,2024-11-22,2024-11-24,2024-11-25,true
F2_1630175,1,2024-11-23,2024-11-24,2024-11-25,true
F2_1628464,1,2024-11-22,2024-11-24,2024-11-25,true
F2_1642274,1,2024-11-20,2024-11-24,2024-11-25,true
F2_1641739,1,2024-11-23,2024-11-24,2024-11-25,true
F2_1630527,1,2024-11-22,2024-11-24,2024-11-25,true
F2_1626168,1,2024-11-24,2024-11-24,2024-11-25,true
F2_1626167,1,2024-11-24,2024-11-24,2024-11-25,true
F2_1642268,1,2024-11-23,2024-11-24,2024-11-25,true
F2_1626162,1,2024-11-24,2024-11-24,2024-11-25,true
F2_1626171,1,2024-11-23,2024-11-24,2024-11-25,true
F2_1641764,1,2024-11-23,2024-11-24,2024-11-25,true
F2_1642264,1,2024-11-23,2024-11-24,2024-11-25,true
F2_201566,1,2024-11-23,2024-11-24,2024-11-25,true
F2_1630595,1,2024-11-21,2024-11-24,2024-11-25,true
F2_1630245,1,2024-11-23,2024-11-24,2024-11-25,true
F2_1630557,1,2024-11-24,2024-11-24,2024-11-25,true
F2_1642258,1,2024-11-22,2024-11-24,2024-11-25,true
F2_1629645,1,2024-11-24,2024-11-24,2024-11-25,true
F2_1642273,1,2024-11-24,2024-11-24,2024-11-25,true
F2_1642267,1,2024-11-24,2024-11-24,2024-11-25,true
F2_203994,1,2024-11-20,2024-11-24,2024-11-25,true
F2_1629216,1,2024-11-23,2024-11-24,2024-11-25,true
F2_1628389,1,2024-11-24,2024-11-24,2024-11-25,true
F2_1626179,1,2024-11-17,2024-11-24,2024-11-25,true
F2_1627732,1,2024-11-24,2024-11-24,2024-11-25,true
F2_1630169,1,2024-11-24,2024-11-24,2024-11-25,true
F2_1629027,1,2024-11-22,2024-11-24,2024-11-25,true
F2_1628398,1,2024-11-24,2024-11-24,2024-11-25,true
F2_1642347,1,2024-11-24,2024-11-24,2024-11-25,true
F2_1628997,1,2024-11-24,2024-11-24,2024-11-25,true
F2_1630558,1,2024-11-24,2024-11-24,2024-11-25,true
F2_1630703,1,2024-11-20,2024-11-24,2024-11-25,true
F2_1642259,1,2024-11-24,2024-11-24,2024-11-25,true
F2_1630581,1,2024-11-23,2024-11-24,2024-11-25,true
F2_1641718,1,2024-11-23,2024-11-24,2024-11-25,true
F3_1628983,2,2024-12-10,2024-12-12,2024-12-13,true
F3_203999,2,2024-12-08,2024-12-12,2024-12-13,true
F3_1628991,2,2024-12-08,2024-12-12,2024-12-13,true
F3_1630202,2,2024-12-12,2024-12-12,2024-12-13,true
F3_202681,2,2024-12-10,2024-12-12,2024-12-13,true
F3_1628369,2,2024-12-07,2024-12-12,2024-12-13,true
F3_1627741,2,2024-12-11,2024-12-12,2024-12-13,true
F3_1629639,2,2024-12-12,2024-12-12,2024-12-13,true
F3_202696,2,2024-12-08,2024-12-12,2024-12-13,true
F3_1630596,2,2024-12-08,2024-12-12,2024-12-13,true
F3_1629660,2,2024-12-08,2024-12-12,2024-12-13,true
F3_1628401,2,2024-12-12,2024-12-12,2024-12-13,true
F3_1626181,2,2024-12-08,2024-12-12,2024-12-13,true
F3_1626157,2,2024-12-11,2024-12-12,2024-12-13,true
F3_1631114,2,2024-12-10,2024-12-12,2024-12-13,true
F3_201939,2,2024-12-11,2024-12-12,2024-12-13,true
F3_201942,2,2024-12-12,2024-12-12,2024-12-13,true
F3_202710,2,2024-12-12,2024-12-12,2024-12-13,true
F3_1629655,2,2024-12-10,2024-12-12,2024-12-13,true
F3_1628378,2,2024-12-08,2024-12-12,2024-12-13,true
F3_1630162,2,2024-12-08,2024-12-12,2024-12-13,true
F3_1627734,2,2024-12-12,2024-12-12,2024-12-13,true
F3_1629631,2,2024-12-11,2024-12-12,2024-12-13,true
F3_203076,2,2024-12-08,2024-12-12,2024-12-13,true
F3_1631128,2,2024-12-08,2024-12-12,2024-12-13,true
F3_1628415,2,2024-12-11,2024-12-12,2024-12-13,true
F3_1630583,2,2024-12-08,2024-12-12,2024-12-13,true
F3_1628973,2,2024-12-11,2024-12-12,2024-12-13,true
F3_1628384,2,2024-12-11,2024-12-12,2024-12-13,true
F3_203507,2,2024-12-10,2024-12-12,2024-12-13,true
F3_1627736,2,2024-12-12,2024-12-12,2024-12-13,true
F3_1629029,2,2024-12-10,2024-12-12,2024-12-13,true
F3_203952,2,2024-12-06,2024-12-12,2024-12-13,true
F3_1629661,2,2024-12-08,2024-12-12,2024-12-13,true
F3_1628404,2,2024-12-11,2024-12-12,2024-12-13,true
F3_1629636,2,2024-12-08,2024-12-12,2024-12-13,true
F3_1628386,2,2024-12-08,2024-12-12,2024-12-13,true
F3_1629675,2,2024-12-08,2024-12-12,2024-12-13,true
F3_1627783,2,2024-12-08,2024-12-12,2024-12-13,true
F3_1628368,2,2024-12-12,2024-12-12,2024-12-13,true
F3_1630534,2,2024-12-12,2024-12-12,2024-12-13,true
F3_1629021,2,2024-12-10,2024-12-12,2024-12-13,true
F3_1630643,2,2024-12-08,2024-12-12,2024-12-13,true
F3_1627747,2,2024-12-08,2024-12-12,2024-12-13,true
F3_1629634,2,2024-12-08,2024-12-12,2024-12-13,true
F3_1641708,2,2024-12-11,2024-12-12,2024-12-13,true
F3_1629599,2,2024-12-04,2024-12-12,2024-12-13,true
F3_1627884,2,2024-12-08,2024-12-12,2024-12-13,true
F3_1629638,2,2024-12-08,2024-12-12,2024-12-13,true
F3_1630700,2,2024-12-11,2024-12-12,2024-12-13,true
F3_1629060,2,2024-12-08,2024-12-12,2024-12-13,true
F3_1627832,2,2024-12-11,2024-12-12,2024-12-13,true
F3_1630198,2,2024-12-10,2024-12-12,2024-12-13,true
F3_1629659,2,2024-12-08,2024-12-12,2024-12-13,true
F3_1641726,2,2024-12-10,2024-12-12,2024-12-13,true
F3_1626220,2,2024-12-08,2024-12-12,2024-12-13,true
F3_1631222,2,2024-12-08,2024-12-12,2024-12-13,true
F3_1629048,2,2024-12-10,2024-12-12,2024-12-13,true
F3_1628381,2,2024-12-08,2024-12-12,2024-12-13,true
F3_1629026,2,2024-12-10,2024-12-12,2024-12-13,true
F3_1629652,2,2024-12-10,2024-12-12,2024-12-13,true
F3_1641717,2,2024-12-10,2024-12-12,2024-12-13,true
F3_1642272,2,2024-12-08,2024-12-12,2024-12-13,true
F3_1630578,2,2024-12-11,2024-12-12,2024-12-13,true
F3_1629023,2,2024-12-07,2024-12-12,2024-12-13,true
F3_1631260,2,2024-12-10,2024-12-12,2024-12-13,true
F3_1630231,2,2024-12-08,2024-12-12,2024-12-13,true
F3_1641705,2,2024-12-08,2024-12-12,2024-12-13,true
F3_201142,2,2024-12-03,2024-12-12,2024-12-13,true
F3_203081,2,2024-12-10,2024-12-12,2024-12-13,true
F3_1630540,2,2024-12-11,2024-12-12,2024-12-13,true
F3_1631204,2,2024-12-12,2024-12-12,2024-12-13,true
F3_1628370,2,2024-12-12,2024-12-12,2024-12-13,true
F3_1641744,2,2024-11-17,2024-12-12,2024-12-13,true
F3_1642419,2,2024-12-12,2024-12-12,2024-12-13,true
F3_203497,2,2024-12-08,2024-12-12,2024-12-13,true
F3_1631095,2,2024-12-11,2024-12-12,2024-12-13,true
F3_203991,2,2024-12-11,2024-12-12,2024-12-13,true
F3_1630598,2,2024-12-10,2024-12-12,2024-12-13,true
F3_1630224,2,2024-12-11,2024-12-12,2024-12-13,true
F3_1627759,2,2024-12-12,2024-12-12,2024-12-13,true
F3_1628988,2,2024-12-11,2024-12-12,2024-12-13,true
F3_1628371,2,2024-12-04,2024-12-12,2024-12-13,true
F3_1630573,2,2024-12-07,2024-12-12,2024-12-13,true
F3_1630163,2,2024-11-27,2024-12-12,2024-12-13,true
F3_1629008,2,2024-12-08,2024-12-12,2024-12-13,true
F3_1627936,2,2024-12-10,2024-12-12,2024-12-13,true
F3_1631165,2,2024-12-12,2024-12-12,2024-12-13,true
F3_1628436,2,2024-12-12,2024-12-12,2024-12-13,true
F3_1629656,2,2024-12-10,2024-12-12,2024-12-13,true
F3_1630577,2,2024-12-08,2024-12-12,2024-12-13,true
F3_1626166,2,2024-12-11,2024-12-12,2024-12-13,true
F3_1628374,2,2024-12-08,2024-12-12,2024-12-13,true
F3_203944,2,2024-12-08,2024-12-12,2024-12-13,true
F3_1626204,2,2024-12-08,2024-12-12,2024-12-13,true
F3_1630178,2,2024-12-08,2024-12-12,2024-12-13,true
F3_1642377,2,2024-12-08,2024-12-12,2024-12-13,true
F3_1626172,2,2024-12-11,2024-12-12,2024-12-13,true
F3_1630230,2,2024-12-10,2024-12-12,2024-12-13,true
F3_1629057,2,2024-11-25,2024-12-12,2024-12-13,true
F3_203932,2,2024-12-08,2024-12-12,2024-12-13,true
F3_201143,2,2024-12-12,2024-12-12,2024-12-13,true
F3_204001,2,2024-12-12,2024-12-12,2024-12-13,true
F3_1629130,2,2024-12-12,2024-12-12,2024-12-13,true
F3_201950,2,2024-12-12,2024-12-12,2024-12-13,true
F3_1628420,2,2024-12-08,2024-12-12,2024-12-13,true
F3_1627739,2,2024-12-08,2024-12-12,2024-12-13,true
F3_202692,2,2024-12-02,2024-12-12,2024-12-13,true
F3_204456,2,2024-12-08,2024-12-12,2024-12-13,true
F3_1630228,2,2024-12-11,2024-12-12,2024-12-13,true
F3_1628449,2,2024-12-05,2024-12-12,2024-12-13,true
F3_1630170,2,2024-12-08,2024-12-12,2024-12-13,true
F3_1626145,2,2024-12-08,2024-12-12,2024-12-13,true
F3_1631107,2,2024-12-12,2024-12-12,2024-12-13,true
F3_1630171,2,2024-12-05,2024-12-12,2024-12-13,true
F3_1627751,2,2024-12-12,2024-12-12,2024-12-13,true
F3_1642349,2,2024-12-10,2024-12-12,2024-12-13,true
F3_1631218,2,2024-12-11,2024-12-12,2024-12-13,true
F3_1631117,2,2024-12-08,2024-12-12,2024-12-13,true
F3_203084,2,2024-12-08,2024-12-12,2024-12-13,true
F3_1629312,2,2024-12-12,2024-12-12,2024-12-13,true
F3_1630550,2,2024-12-08,2024-12-12,2024-12-13,true
F3_1631157,2,2024-12-04,2024-12-12,2024-12-13,true
F3_1629006,2,2024-12-08,2024-12-12,2024-12-13,true
F3_1627826,2,2024-12-08,2024-12-12,2024-12-13,true
F3_1628998,2,2024-12-08,2024-12-12,2024-12-13,true
F3_1630572,2,2024-12-06,2024-12-12,2024-12-13,true
F3_1630530,2,2024-12-12,2024-12-12,2024-12-13,true
F3_203552,2,2024-12-08,2024-12-12,2024-12-13,true
F3_1630560,2,2024-11-25,2024-12-12,2024-12-13,true
F3_1627777,2,2024-12-08,2024-12-12,2024-12-13,true
F3_203471,2,2024-12-08,2024-12-12,2024-12-13,true
F3_1642261,2,2024-12-08,2024-12-12,2024-12-13,true
F3_203926,2,2024-12-08,2024-12-12,2024-12-13,true
F3_203897,2,2024-12-08,2024-12-12,2024-12-13,true
F3_203915,2,2024-12-10,2024-12-12,2024-12-13,true
F3_203937,2,2024-12-11,2024-12-12,2024-12-13,true
F3_1630241,2,2024-12-08,2024-12-12,2024-12-13,true
F3_1631111,2,2024-12-12,2024-12-12,2024-12-13,true
F3_203484,2,2024-12-10,2024-12-12,2024-12-13,true
F3_1627780,2,2024-12-11,2024-12-12,2024-12-13,true
F3_1630696,2,2024-12-12,2024-12-12,2024-12-13,true
F3_1629731,2,2024-12-08,2024-12-12,2024-12-13,true
F3_1626164,2,2024-12-08,2024-12-12,2024-12-13,true
F3_1628976,2,2024-12-10,2024-12-12,2024-12-13,true
F3_1631213,2,2024-12-02,2024-12-12,2024-12-13,true
F3_1628989,2,2024-12-12,2024-12-12,2024-12-13,true
F3_1630552,2,2024-12-11,2024-12-12,2024-12-13,true
F3_1630188,2,2024-12-08,2024-12-12,2024-12-13,true
F3_1641796,2,2024-12-04,2024-12-12,2024-12-13,true
F3_1629012,2,2024-12-08,2024-12-12,2024-12-13,true
F3_203914,2,2024-11-25,2024-12-12,2024-12-13,true
F3_201567,2,2024-12-12,2024-12-12,2024-12-13,true
F3_1642278,2,2024-12-07,2024-12-12,2024-12-13,true
F3_1629018,2,2024-12-10,2024-12-12,2024-12-13,true
F3_1628470,2,2024-11-29,2024-12-12,2024-12-13,true
F3_1630538,2,2024-12-08,2024-12-12,2024-12-13,true
F3_1630256,2,2024-12-08,2024-12-12,2024-12-13,true
F3_1630568,2,2024-12-06,2024-12-12,2024-12-13,true
F3_1630167,2,2024-12-08,2024-12-12,2024-12-13,true
F3_1641724,2,2024-12-10,2024-12-12,2024-12-13,true
F3_1631172,2,2024-11-20,2024-12-12,2024-12-13,true
F3_1628418,2,2024-12-08,2024-12-12,2024-12-13,true
F3_1630194,2,2024-12-12,2024-12-12,2024-12-13,true
F3_1629610,2,2024-12-08,2024-12-12,2024-12-13,true
F3_201145,2,2024-11-22,2024-12-12,2024-12-13,true
F3_1629723,2,2024-12-08,2024-12-12,2024-12-13,true
F3_1627827,2,2024-12-08,2024-12-12,2024-12-13,true
F3_201572,2,2024-12-10,2024-12-12,2024-12-13,true
F3_1629651,2,2024-12-08,2024-12-12,2024-12-13,true
F3_203078,2,2024-12-08,2024-12-12,2024-12-13,true
F3_1628964,2,2024-12-04,2024-12-12,2024-12-13,true
F3_1642285,2,2024-12-08,2024-12-12,2024-12-13,true
F3_203939,2,2024-12-10,2024-12-12,2024-12-13,true
F3_201144,2,2024-12-08,2024-12-12,2024-12-13,true
F3_1628970,2,2024-11-19,2024-12-12,2024-12-13,true
F3_1629674,2,2024-12-12,2024-12-12,2024-12-13,true
F3_1641706,2,2024-12-08,2024-12-12,2024-12-13,true
F3_1627752,2,2024-12-10,2024-12-12,2024-12-13,true
F3_1630551,2,2024-12-08,2024-12-12,2024-12-13,true
F3_1630658,2,2024-11-17,2024-12-12,2024-12-13,true
F3_1628969,2,2024-12-11,2024-12-12,2024-12-13,true
F3_1641738,2,2024-11-25,2024-12-12,2024-12-13,true
F3_203114,2,2024-12-10,2024-12-12,2024-12-13,true
F3_1642403,2,2024-12-12,2024-12-12,2024-12-13,true
F3_1628392,2,2024-12-10,2024-12-12,2024-12-13,true
F3_1630649,2,2024-12-04,2024-12-12,2024-12-13,true
F3_1627763,2,2024-12-05,2024-12-12,2024-12-13,true
F3_1631209,2,2024-12-08,2024-12-12,2024-12-13,true
F3_1630539,2,2024-12-08,2024-12-12,2024-12-13,true
F3_1641857,2,2024-12-04,2024-12-12,2024-12-13,true
F3_1630625,2,2024-12-08,2024-12-12,2024-12-13,true
F3_1641789,2,2024-12-10,2024-12-12,2024-12-13,true
F3_1631207,2,2024-12-08,2024-12-12,2024-12-13,true
F3_203109,2,2024-12-05,2024-12-12,2024-12-13,true
F3_1641854,2,2024-12-03,2024-12-12,2024-12-13,true
F3_1630168,2,2024-12-11,2024-12-12,2024-12-13,true
F3_202709,2,2024-11-29,2024-12-12,2024-12-13,true
F3_1631110,2,2024-12-08,2024-12-12,2024-12-13,true
F3_1630549,2,2024-12-08,2024-12-12,2024-12-13,true
F3_1641711,2,2024-12-12,2024-12-12,2024-12-13,true
F3_1629162,2,2024-12-08,2024-12-12,2024-12-13,true
F3_202066,2,2024-12-05,2024-12-12,2024-12-13,true
F3_1629618,2,2024-12-08,2024-12-12,2024-12-13,true
F3_1630531,2,2024-12-02,2024-12-12,2024-12-13,true
F3_1630193,2,2024-11-10,2024-12-12,2024-12-13,true
F3_1641729,2,2024-12-08,2024-12-12,2024-12-13,true
F3_1631098,2,2024-12-08,2024-12-12,2024-12-13,true
F3_1631321,2,2024-12-06,2024-12-12,2024-12-13,true
F3_1630215,2,2024-12-08,2024-12-12,2024-12-13,true
F3_1641766,2,2024-11-11,2024-12-12,2024-12-13,true
F3_1629630,2,2024-12-07,2024-12-12,2024-12-13,true
F3_1630173,2,2024-12-11,2024-12-12,2024-12-13,true
F3_1630322,2,2024-12-11,2024-12-12,2024-12-13,true
F3_1631115,2,2024-12-12,2024-12-12,2024-12-13,true
F3_1641810,2,2024-12-12,2024-12-12,2024-12-13,true
F3_203083,2,2024-12-08,2024-12-12,2024-12-13,true
F3_1628379,2,2024-12-03,2024-12-12,2024-12-13,true
F3_1629111,2,2024-11-26,2024-12-12,2024-12-13,true
F3_1631109,2,2024-12-07,2024-12-12,2024-12-13,true
F3_1641765,2,2024-12-10,2024-12-12,2024-12-13,true
F3_1627814,2,2024-11-20,2024-12-12,2024-12-13,true
F3_1630311,2,2024-12-11,2024-12-12,2024-12-13,true
F3_1630545,2,2024-12-06,2024-12-12,2024-12-13,true
F3_1641730,2,2024-11-24,2024-12-12,2024-12-13,true
F3_1629726,2,2024-12-08,2024-12-12,2024-12-13,true
F3_203482,2,2024-12-12,2024-12-12,2024-12-13,true
F3_1631169,2,2024-12-08,2024-12-12,2024-12-13,true
F3_1641809,2,2024-12-12,2024-12-12,2024-12-13,true
F3_1631245,2,2024-12-04,2024-12-12,2024-12-13,true
F3_1630699,2,2024-11-26,2024-12-12,2024-12-13,true
F3_1642277,2,2024-12-08,2024-12-12,2024-12-13,true
F3_1628963,2,2024-12-08,2024-12-12,2024-12-13,true
F3_1641871,2,2024-12-06,2024-12-12,2024-12-13,true
F3_1642345,2,2024-12-08,2024-12-12,2024-12-13,true
F3_1631124,2,2024-12-08,2024-12-12,2024-12-13,true
F3_1641741,2,2024-12-04,2024-12-12,2024-12-13,true
F3_1628960,2,2024-12-08,2024-12-12,2024-12-13,true
F3_1631288,2,2024-12-12,2024-12-12,2024-12-13,true
F3_1641816,2,2024-12-08,2024-12-12,2024-12-13,true
F3_1630264,2,2024-12-08,2024-12-12,2024-12-13,true
F3_1630591,2,2024-12-10,2024-12-12,2024-12-13,true
F3_1630611,2,2024-11-20,2024-12-12,2024-12-13,true
F3_202704,2,2024-12-04,2024-12-12,2024-12-13,true
F3_202331,2,2024-12-08,2024-12-12,2024-12-13,true
F3_1629646,2,2024-12-08,2024-12-12,2024-12-13,true
F3_1642276,2,2024-11-27,2024-12-12,2024-12-13,true
F3_1642359,2,2024-12-03,2024-12-12,2024-12-13,true
F3_203468,2,2024-12-12,2024-12-12,2024-12-13,true
F3_1630541,2,2024-12-08,2024-12-12,2024-12-13,true
F3_1628975,2,2024-12-05,2024-12-12,2024-12-13,true
F3_1631097,2,2024-12-08,2024-12-12,2024-12-13,true
F3_1629004,2,2024-12-08,2024-12-12,2024-12-13,true
F3_1641737,2,2024-12-04,2024-12-12,2024-12-13,true
F3_202699,2,2024-12-12,2024-12-12,2024-12-13,true
F3_1642265,2,2024-11-27,2024-12-12,2024-12-13,true
F3_1630288,2,2024-11-18,2024-12-12,2024-12-13,true
F3_202684,2,2024-12-03,2024-12-12,2024-12-13,true
F3_1630183,2,2024-12-08,2024-12-12,2024-12-13,true
F3_1642281,2,2024-12-08,2024-12-12,2024-12-13,true
F3_1642271,2,2024-12-08,2024-12-12,2024-12-13,true
F3_1631323,2,2024-12-12,2024-12-12,2024-12-13,true
F3_1630695,2,2024-12-08,2024-12-12,2024-12-13,true
F3_202691,2,2024-12-10,2024-12-12,2024-12-13,true
F3_1642367,2,2024-12-12,2024-12-12,2024-12-13,true
F3_1630570,2,2024-12-08,2024-12-12,2024-12-13,true
F3_1631217,2,2024-12-05,2024-12-12,2024-12-13,true
F3_1631216,2,2024-12-10,2024-12-12,2024-12-13,true
F3_1631132,2,2024-12-08,2024-12-12,2024-12-13,true
F3_1630529,2,2024-12-12,2024-12-12,2024-12-13,true
F3_101108,2,2024-12-08,2024-12-12,2024-12-13,true
F3_1630192,2,2024-12-08,2024-12-12,2024-12-13,true
F3_1630314,2,2024-11-19,2024-12-12,2024-12-13,true
F3_1631212,2,2024-12-08,2024-12-12,2024-12-13,true
F3_1630567,2,2024-12-09,2024-12-12,2024-12-13,true
F3_1630200,2,2024-12-01,2024-12-12,2024-12-13,true
F3_1630208,2,2024-12-08,2024-12-12,2024-12-13,true
F3_201935,2,2024-12-04,2024-12-12,2024-12-13,true
F3_1630217,2,2024-12-07,2024-12-12,2024-12-13,true
F3_203935,2,2024-12-08,2024-12-12,2024-12-13,true
F3_1628380,2,2024-12-08,2024-12-12,2024-12-13,true
F3_1629640,2,2024-12-08,2024-12-12,2024-12-13,true
F3_1630346,2,2024-12-05,2024-12-12,2024-12-13,true
F3_1631103,2,2024-12-06,2024-12-12,2024-12-13,true
F3_1641732,2,2024-12-12,2024-12-12,2024-12-13,true
F3_1630548,2,2024-12-08,2024-12-12,2024-12-13,true
F3_1642270,2,2024-11-23,2024-12-12,2024-12-13,true
F3_203992,2,2024-12-11,2024-12-12,2024-12-13,true
F3_1628366,2,2024-12-08,2024-12-12,2024-12-13,true
F3_1641767,2,2024-11-17,2024-12-12,2024-12-13,true
F3_201599,2,2024-12-08,2024-12-12,2024-12-13,true
F3_1641712,2,2024-12-08,2024-12-12,2024-12-13,true
F3_1629629,2,2024-12-08,2024-12-12,2024-12-13,true
F3_203903,2,2024-11-23,2024-12-12,2024-12-13,true
F3_1641715,2,2024-11-20,2024-12-12,2024-12-13,true
F3_1629673,2,2024-12-08,2024-12-12,2024-12-13,true
F3_1641998,2,2024-12-12,2024-12-12,2024-12-13,true
F3_1629003,2,2024-12-08,2024-12-12,2024-12-13,true
F3_1642530,2,2024-12-01,2024-12-12,2024-12-13,true
F3_1626162,2,2024-12-08,2024-12-12,2024-12-13,true
F3_1641842,2,2024-12-12,2024-12-12,2024-12-13,true
F3_1627750,2,2024-12-05,2024-12-12,2024-12-13,true
F3_1626153,2,2024-12-04,2024-12-12,2024-12-13,true
F3_1630590,2,2024-12-08,2024-12-12,2024-12-13,true
F3_1630579,2,2024-12-11,2024-12-12,2024-12-13,true
F3_1630191,2,2024-12-12,2024-12-12,2024-12-13,true
F3_1642402,2,2024-12-08,2024-12-12,2024-12-13,true
F3_1630559,2,2024-11-29,2024-12-12,2024-12-13,true
F3_1641775,2,2024-12-12,2024-12-12,2024-12-13,true
F3_1631170,2,2024-12-12,2024-12-12,2024-12-13,true
F3_1630245,2,2024-12-08,2024-12-12,2024-12-13,true
F3_1641757,2,2024-12-08,2024-12-12,2024-12-13,true
F3_203954,2,2024-12-08,2024-12-12,2024-12-13,true
F3_1631105,2,2024-12-07,2024-12-12,2024-12-13,true
F3_200768,2,2024-12-08,2024-12-12,2024-12-13,true
F3_1642263,2,2024-12-08,2024-12-12,2024-12-13,true
F3_1631133,2,2024-12-08,2024-12-12,2024-12-13,true
F3_203458,2,2024-12-12,2024-12-12,2024-12-13,true
F3_1630249,2,2024-12-11,2024-12-12,2024-12-13,true
F3_1641824,2,2024-12-08,2024-12-12,2024-12-13,true
F3_1630811,2,2024-11-17,2024-12-12,2024-12-13,true
F3_1626192,2,2024-12-04,2024-12-12,2024-12-13,true
F3_1631200,2,2024-12-08,2024-12-12,2024-12-13,true
F3_1641709,2,2024-12-12,2024-12-12,2024-12-13,true
F3_203924,2,2024-12-08,2024-12-12,2024-12-13,true
F3_1626156,2,2024-12-08,2024-12-12,2024-12-13,true
F3_1631223,2,2024-12-08,2024-12-12,2024-12-13,true
F3_1629234,2,2024-12-08,2024-12-12,2024-12-13,true
F3_1630527,2,2024-12-12,2024-12-12,2024-12-13,true
F3_1642346,2,2024-12-03,2024-12-12,2024-12-13,true
F3_1626171,2,2024-12-10,2024-12-12,2024-12-13,true
F3_1630166,2,2024-12-08,2024-12-12,2024-12-13,true
F3_1627824,2,2024-12-08,2024-12-12,2024-12-13,true
F3_1629632,2,2024-12-08,2024-12-12,2024-12-13,true
F3_1630214,2,2024-12-12,2024-12-12,2024-12-13,true
F3_201587,2,2024-12-08,2024-12-12,2024-12-13,true
F3_203500,2,2024-12-08,2024-12-12,2024-12-13,true
F3_1629614,2,2024-12-08,2024-12-12,2024-12-13,true
F3_1641794,2,2024-12-10,2024-12-12,2024-12-13,true
F3_1641716,2,2024-12-08,2024-12-12,2024-12-13,true
F3_203995,2,2024-12-08,2024-12-12,2024-12-13,true
F3_1641763,2,2024-12-08,2024-12-12,2024-12-13,true
F3_1629028,2,2024-12-08,2024-12-12,2024-12-13,true
F3_202685,2,2024-12-08,2024-12-12,2024-12-13,true
F3_203486,2,2024-12-08,2024-12-12,2024-12-13,true
F3_201569,2,2024-11-30,2024-12-12,2024-12-13,true
F3_1641783,2,2024-12-10,2024-12-12,2024-12-13,true
F3_1628978,2,2024-12-08,2024-12-12,2024-12-13,true
F3_1630592,2,2024-12-08,2024-12-12,2024-12-13,true
F3_203110,2,2024-12-11,2024-12-12,2024-12-13,true
F3_1642266,2,2024-12-12,2024-12-12,2024-12-13,true
F3_1642275,2,2024-12-05,2024-12-12,2024-12-13,true
F3_1631104,2,2024-12-06,2024-12-12,2024-12-13,true
F3_1631101,2,2024-12-08,2024-12-12,2024-12-13,true
F3_1628467,2,2024-12-05,2024-12-12,2024-12-13,true
F3_1630169,2,2024-12-08,2024-12-12,2024-12-13,true
F3_1631108,2,2024-12-08,2024-12-12,2024-12-13,true
F3_1630182,2,2024-12-08,2024-12-12,2024-12-13,true
F3_1629750,2,2024-12-07,2024-12-12,2024-12-13,true
F3_1626168,2,2024-11-25,2024-12-12,2024-12-13,true
F3_1629628,2,2024-12-12,2024-12-12,2024-12-13,true
F3_1642274,2,2024-12-12,2024-12-12,2024-12-13,true
F3_1630526,2,2024-12-08,2024-12-12,2024-12-13,true
F3_1628464,2,2024-12-12,2024-12-12,2024-12-13,true
F3_1631093,2,2024-12-12,2024-12-12,2024-12-13,true
F3_203501,2,2024-12-12,2024-12-12,2024-12-13,true
F3_1642354,2,2024-12-08,2024-12-12,2024-12-13,true
F3_1641710,2,2024-12-10,2024-12-12,2024-12-13,true
F3_1641722,2,2024-11-27,2024-12-12,2024-12-13,true
F3_1630175,2,2024-12-10,2024-12-12,2024-12-13,true
F3_1629216,2,2024-12-08,2024-12-12,2024-12-13,true
F3_1630172,2,2024-11-18,2024-12-12,2024-12-13,true
F3_1641748,2,2024-12-10,2024-12-12,2024-12-13,true
F3_203994,2,2024-11-27,2024-12-12,2024-12-13,true
F3_1631099,2,2024-12-12,2024-12-12,2024-12-13,true
F3_1630702,2,2024-12-03,2024-12-12,2024-12-13,true
F3_1629014,2,2024-12-08,2024-12-12,2024-12-13,true
F3_1641764,2,2024-12-11,2024-12-12,2024-12-13,true
F3_1641739,2,2024-12-08,2024-12-12,2024-12-13,true
F3_1642258,2,2024-12-11,2024-12-12,2024-12-13,true
F3_1630595,2,2024-12-12,2024-12-12,2024-12-13,true
F3_1627732,2,2024-12-08,2024-12-12,2024-12-13,true
F3_1630553,2,2024-12-08,2024-12-12,2024-12-13,true
F3_1626167,2,2024-12-08,2024-12-12,2024-12-13,true
F3_1630557,2,2024-12-03,2024-12-12,2024-12-13,true
F3_1628389,2,2024-12-12,2024-12-12,2024-12-13,true
F3_1626179,2,2024-12-12,2024-12-12,2024-12-13,true
F3_1642262,2,2024-11-23,2024-12-12,2024-12-13,true
F3_201566,2,2024-12-08,2024-12-12,2024-12-13,true
F3_1627749,2,2024-12-12,2024-12-12,2024-12-13,true
F3_1629645,2,2024-12-08,2024-12-12,2024-12-13,true
F3_1628398,2,2024-11-27,2024-12-12,2024-12-13,true
F3_1642273,2,2024-12-03,2024-12-12,2024-12-13,true
F3_2544,2,2024-12-06,2024-12-12,2024-12-13,true
F3_1642347,2,2024-12-12,2024-12-12,2024-12-13,true
F3_1630703,2,2024-12-08,2024-12-12,2024-12-13,true
F3_1642264,2,2024-12-08,2024-12-12,2024-12-13,true
F3_1628997,2,2024-12-08,2024-12-12,2024-12-13,true
F3_1642267,2,2024-12-08,2024-12-12,2024-12-13,true
F3_1641731,2,2024-12-08,2024-12-12,2024-12-13,true
F3_1642268,2,2024-12-08,2024-12-12,2024-12-13,true
F3_1630558,2,2024-12-12,2024-12-12,2024-12-13,true
F3_1629027,2,2024-12-11,2024-12-12,2024-12-13,true
F3_1642259,2,2024-12-05,2024-12-12,2024-12-13,true
F3_1641718,2,2024-12-08,2024-12-12,2024-12-13,true
F3_1630581,2,2024-12-08,2024-12-12,2024-12-13,true
F4_1628983,3,2024-12-31,2025-01-01,2025-01-02,true
F4_203999,3,2025-01-01,2025-01-01,2025-01-02,true
F4_1628369,3,2024-12-31,2025-01-01,2025-01-02,true
F4_1628991,3,2024-12-31,2025-01-01,2025-01-02,true
F4_1626181,3,2024-12-31,2025-01-01,2025-01-02,true
F4_1630202,3,2024-12-31,2025-01-01,2025-01-02,true
F4_1626157,3,2025-01-01,2025-01-01,2025-01-02,true
F4_1628378,3,2024-12-31,2025-01-01,2025-01-02,true
F4_202681,3,2025-01-01,2025-01-01,2025-01-02,true
F4_1629631,3,2025-01-01,2025-01-01,2025-01-02,true
F4_1630596,3,2024-12-31,2025-01-01,2025-01-02,true
F4_1627783,3,2024-12-31,2025-01-01,2025-01-02,true
F4_1629639,3,2025-01-01,2025-01-01,2025-01-02,true
F4_202710,3,2025-01-01,2025-01-01,2025-01-02,true
F4_1628386,3,2024-12-31,2025-01-01,2025-01-02,true
F4_1629636,3,2024-12-31,2025-01-01,2025-01-02,true
F4_1628384,3,2025-01-01,2025-01-01,2025-01-02,true
F4_1630583,3,2024-12-26,2025-01-01,2025-01-02,true
F4_1629660,3,2024-12-31,2025-01-01,2025-01-02,true
F4_1631106,3,2024-12-11,2025-01-01,2025-01-02,true
F4_1628415,3,2025-01-01,2025-01-01,2025-01-02,true
F4_1628973,3,2024-12-30,2025-01-01,2025-01-02,true
F4_1628401,3,2024-12-31,2025-01-01,2025-01-02,true
F4_203076,3,2024-12-31,2025-01-01,2025-01-02,true
F4_1631128,3,2025-01-01,2025-01-01,2025-01-02,true
F4_202696,3,2025-01-01,2025-01-01,2025-01-02,true
F4_1628404,3,2025-01-01,2025-01-01,2025-01-02,true
F4_1628368,3,2025-01-01,2025-01-01,2025-01-02,true
F4_1627736,3,2025-01-01,2025-01-01,2025-01-02,true
F4_201942,3,2025-01-01,2025-01-01,2025-01-02,true
F4_1627734,3,2025-01-01,2025-01-01,2025-01-02,true
F4_1627747,3,2024-12-31,2025-01-01,2025-01-02,true
F4_203507,3,2024-12-31,2025-01-01,2025-01-02,true
F4_1641705,3,2024-12-31,2025-01-01,2025-01-02,true
F4_1631114,3,2024-12-31,2025-01-01,2025-01-02,true
F4_1629026,3,2024-12-31,2025-01-01,2025-01-02,true
F4_1629655,3,2025-01-01,2025-01-01,2025-01-02,true
F4_201939,3,2024-12-30,2025-01-01,2025-01-02,true
F4_1629661,3,2025-01-01,2025-01-01,2025-01-02,true
F4_1628969,3,2025-01-01,2025-01-01,2025-01-02,true
F4_1629048,3,2025-01-01,2025-01-01,2025-01-02,true
F4_1627741,3,2024-12-30,2025-01-01,2025-01-02,true
F4_1627832,3,2025-01-01,2025-01-01,2025-01-02,true
F4_1630578,3,2025-01-01,2025-01-01,2025-01-02,true
F4_1630178,3,2025-01-01,2025-01-01,2025-01-02,true
F4_1630162,3,2024-12-31,2025-01-01,2025-01-02,true
F4_1627759,3,2024-12-31,2025-01-01,2025-01-02,true
F4_1627884,3,2024-12-31,2025-01-01,2025-01-02,true
F4_203952,3,2024-12-30,2025-01-01,2025-01-02,true
F4_1629675,3,2024-12-31,2025-01-01,2025-01-02,true
F4_1629634,3,2024-12-27,2025-01-01,2025-01-02,true
F4_1641708,3,2024-12-29,2025-01-01,2025-01-02,true
F4_1630643,3,2024-12-31,2025-01-01,2025-01-02,true
F4_1627826,3,2024-12-31,2025-01-01,2025-01-02,true
F4_1641726,3,2025-01-01,2025-01-01,2025-01-02,true
F4_1630167,3,2024-12-31,2025-01-01,2025-01-02,true
F4_1641744,3,2024-12-27,2025-01-01,2025-01-02,true
F4_1631165,3,2025-01-01,2025-01-01,2025-01-02,true
F4_1630224,3,2025-01-01,2025-01-01,2025-01-02,true
F4_1630577,3,2024-12-31,2025-01-01,2025-01-02,true
F4_1629008,3,2025-01-01,2025-01-01,2025-01-02,true
F4_1630700,3,2025-01-01,2025-01-01,2025-01-02,true
F4_1630573,3,2024-12-31,2025-01-01,2025-01-02,true
F4_1631218,3,2024-12-30,2025-01-01,2025-01-02,true
F4_1629599,3,2024-12-31,2025-01-01,2025-01-02,true
F4_1630530,3,2025-01-01,2025-01-01,2025-01-02,true
F4_201950,3,2024-12-31,2025-01-01,2025-01-02,true
F4_1629731,3,2024-12-31,2025-01-01,2025-01-02,true
F4_1642349,3,2024-12-31,2025-01-01,2025-01-02,true
F4_1629060,3,2024-12-31,2025-01-01,2025-01-02,true
F4_1626220,3,2024-12-28,2025-01-01,2025-01-02,true
F4_1641717,3,2024-12-31,2025-01-01,2025-01-02,true
F4_1629638,3,2024-12-31,2025-01-01,2025-01-02,true
F4_1642377,3,2024-12-31,2025-01-01,2025-01-02,true
F4_1630217,3,2024-12-31,2025-01-01,2025-01-02,true
F4_1630598,3,2024-12-31,2025-01-01,2025-01-02,true
F4_1629023,3,2025-01-01,2025-01-01,2025-01-02,true
F4_203932,3,2024-12-25,2025-01-01,2025-01-02,true
F4_1627936,3,2024-12-23,2025-01-01,2025-01-02,true
F4_203497,3,2024-12-31,2025-01-01,2025-01-02,true
F4_1631260,3,2024-12-31,2025-01-01,2025-01-02,true
F4_1628374,3,2025-01-01,2025-01-01,2025-01-02,true
F4_201142,3,2024-12-31,2025-01-01,2025-01-02,true
F4_202692,3,2025-01-01,2025-01-01,2025-01-02,true
F4_1629659,3,2025-01-01,2025-01-01,2025-01-02,true
F4_1631109,3,2024-12-30,2025-01-01,2025-01-02,true
F4_1629652,3,2024-12-31,2025-01-01,2025-01-02,true
F4_1630171,3,2024-12-16,2025-01-01,2025-01-02,true
F4_1630194,3,2024-12-28,2025-01-01,2025-01-02,true
F4_1628436,3,2024-12-31,2025-01-01,2025-01-02,true
F4_203081,3,2024-12-31,2025-01-01,2025-01-02,true
F4_1627777,3,2024-12-31,2025-01-01,2025-01-02,true
F4_1630163,3,2024-12-26,2025-01-01,2025-01-02,true
F4_1626166,3,2025-01-01,2025-01-01,2025-01-02,true
F4_1630540,3,2024-12-30,2025-01-01,2025-01-02,true
F4_203484,3,2025-01-01,2025-01-01,2025-01-02,true
F4_1629656,3,2025-01-01,2025-01-01,2025-01-02,true
F4_1630552,3,2024-12-29,2025-01-01,2025-01-02,true
F4_204001,3,2024-12-25,2025-01-01,2025-01-02,true
F4_1630198,3,2024-12-31,2025-01-01,2025-01-02,true
F4_1628988,3,2025-01-01,2025-01-01,2025-01-02,true
F4_1629130,3,2025-01-01,2025-01-01,2025-01-02,true
F4_1631204,3,2025-01-01,2025-01-01,2025-01-02,true
F4_1631222,3,2024-12-29,2025-01-01,2025-01-02,true
F4_1627739,3,2024-12-31,2025-01-01,2025-01-02,true
F4_1628449,3,2025-01-01,2025-01-01,2025-01-02,true
F4_1628381,3,2024-12-21,2025-01-01,2025-01-02,true
F4_1630170,3,2024-12-31,2025-01-01,2025-01-02,true
F4_201572,3,2024-12-31,2025-01-01,2025-01-02,true
F4_1629018,3,2024-12-31,2025-01-01,2025-01-02,true
F4_203084,3,2024-12-31,2025-01-01,2025-01-02,true
F4_1642419,3,2025-01-01,2025-01-01,2025-01-02,true
F4_1641715,3,2025-01-01,2025-01-01,2025-01-02,true
F4_1630256,3,2025-01-01,2025-01-01,2025-01-02,true
F4_1631094,3,2024-10-30,2025-01-01,2025-01-02,true
F4_1630534,3,2025-01-01,2025-01-01,2025-01-02,true
F4_202691,3,2025-01-01,2025-01-01,2025-01-02,true
F4_1630560,3,2024-12-29,2025-01-01,2025-01-02,true
F4_1630551,3,2025-01-01,2025-01-01,2025-01-02,true
F4_1630230,3,2024-12-27,2025-01-01,2025-01-02,true
F4_1628379,3,2024-12-31,2025-01-01,2025-01-02,true
F4_1631157,3,2024-12-31,2025-01-01,2025-01-02,true
F4_203897,3,2025-01-01,2025-01-01,2025-01-02,true
F4_1630241,3,2024-12-31,2025-01-01,2025-01-02,true
F4_1629726,3,2025-01-01,2025-01-01,2025-01-02,true
F4_1628418,3,2024-12-31,2025-01-01,2025-01-02,true
F4_1629057,3,2024-12-30,2025-01-01,2025-01-02,true
F4_1631107,3,2025-01-01,2025-01-01,2025-01-02,true
F4_1627780,3,2024-12-25,2025-01-01,2025-01-02,true
F4_1630550,3,2024-12-30,2025-01-01,2025-01-02,true
F4_1628392,3,2024-12-31,2025-01-01,2025-01-02,true
F4_1631110,3,2024-12-31,2025-01-01,2025-01-02,true
F4_1627751,3,2025-01-01,2025-01-01,2025-01-02,true
F4_1630541,3,2024-12-30,2025-01-01,2025-01-02,true
F4_1630228,3,2024-12-30,2025-01-01,2025-01-02,true
F4_1629013,3,2025-01-01,2025-01-01,2025-01-02,true
F4_1629012,3,2025-01-01,2025-01-01,2025-01-02,true
F4_203937,3,2024-12-27,2025-01-01,2025-01-02,true
F4_203114,3,2024-12-31,2025-01-01,2025-01-02,true
F4_1629006,3,2024-12-31,2025-01-01,2025-01-02,true
F4_1626164,3,2024-12-31,2025-01-01,2025-01-02,true
F4_1642276,3,2025-01-01,2025-01-01,2025-01-02,true
F4_1630168,3,2025-01-01,2025-01-01,2025-01-02,true
F4_1626145,3,2024-12-31,2025-01-01,2025-01-02,true
F4_1629674,3,2024-12-31,2025-01-01,2025-01-02,true
F4_203939,3,2025-01-01,2025-01-01,2025-01-02,true
F4_1630572,3,2024-12-31,2025-01-01,2025-01-02,true
F4_1628420,3,2024-12-31,2025-01-01,2025-01-02,true
F4_1631111,3,2024-12-28,2025-01-01,2025-01-02,true
F4_1626172,3,2024-12-27,2025-01-01,2025-01-02,true
F4_203552,3,2024-12-30,2025-01-01,2025-01-02,true
F4_1630188,3,2025-01-01,2025-01-01,2025-01-02,true
F4_1630243,3,2024-12-29,2025-01-01,2025-01-02,true
F4_1631169,3,2024-12-31,2025-01-01,2025-01-02,true
F4_1629630,3,2024-12-27,2025-01-01,2025-01-02,true
F4_203926,3,2025-01-01,2025-01-01,2025-01-02,true
F4_1629637,3,2024-11-26,2025-01-01,2025-01-02,true
F4_1627827,3,2024-12-31,2025-01-01,2025-01-02,true
F4_1630174,3,2024-11-01,2025-01-01,2025-01-02,true
F4_1628371,3,2025-01-01,2025-01-01,2025-01-02,true
F4_1642261,3,2024-12-31,2025-01-01,2025-01-02,true
F4_201143,3,2024-12-31,2025-01-01,2025-01-02,true
F4_203991,3,2025-01-01,2025-01-01,2025-01-02,true
F4_1630183,3,2024-12-31,2025-01-01,2025-01-02,true
F4_1630537,3,2024-12-23,2025-01-01,2025-01-02,true
F4_1629723,3,2024-12-31,2025-01-01,2025-01-02,true
F4_1631119,3,2024-12-31,2025-01-01,2025-01-02,true
F4_1641745,3,2024-12-05,2025-01-01,2025-01-02,true
F4_203954,3,2024-12-30,2025-01-01,2025-01-02,true
F4_1642278,3,2025-01-01,2025-01-01,2025-01-02,true
F4_1641727,3,2024-12-23,2025-01-01,2025-01-02,true
F4_1630568,3,2024-12-19,2025-01-01,2025-01-02,true
F4_1631466,3,2024-11-20,2025-01-01,2025-01-02,true
F4_1628978,3,2024-12-31,2025-01-01,2025-01-02,true
F4_1629640,3,2024-12-31,2025-01-01,2025-01-02,true
F4_1629312,3,2025-01-01,2025-01-01,2025-01-02,true
F4_1628975,3,2025-01-01,2025-01-01,2025-01-02,true
F4_1631212,3,2025-01-01,2025-01-01,2025-01-02,true
F4_1630538,3,2024-12-31,2025-01-01,2025-01-02,true
F4_1629003,3,2024-12-31,2025-01-01,2025-01-02,true
F4_1631117,3,2025-01-01,2025-01-01,2025-01-02,true
F4_203944,3,2024-12-31,2025-01-01,2025-01-02,true
F4_1629618,3,2025-01-01,2025-01-01,2025-01-02,true
F4_1642285,3,2024-12-31,2025-01-01,2025-01-02,true
F4_1631116,3,2024-12-30,2025-01-01,2025-01-02,true
F4_1630193,3,2025-01-01,2025-01-01,2025-01-02,true
F4_1630548,3,2025-01-01,2025-01-01,2025-01-02,true
F4_1631133,3,2024-12-30,2025-01-01,2025-01-02,true
F4_1629626,3,2024-12-08,2025-01-01,2025-01-02,true
F4_1641871,3,2024-12-30,2025-01-01,2025-01-02,true
F4_1630649,3,2024-12-23,2025-01-01,2025-01-02,true
F4_1641857,3,2024-12-23,2025-01-01,2025-01-02,true
F4_1629004,3,2025-01-01,2025-01-01,2025-01-02,true
F4_1630559,3,2024-12-31,2025-01-01,2025-01-02,true
F4_1642352,3,2024-12-23,2025-01-01,2025-01-02,true
F4_201145,3,2024-12-26,2025-01-01,2025-01-02,true
F4_1631172,3,2024-12-29,2025-01-01,2025-01-02,true
F4_1642348,3,2025-01-01,2025-01-01,2025-01-02,true
F4_1631131,3,2024-11-27,2025-01-01,2025-01-02,true
F4_1641796,3,2024-12-28,2025-01-01,2025-01-02,true
F4_1631230,3,2025-01-01,2025-01-01,2025-01-02,true
F4_1631217,3,2024-12-30,2025-01-01,2025-01-02,true
F4_1630527,3,2025-01-01,2025-01-01,2025-01-02,true
F4_1628998,3,2024-12-26,2025-01-01,2025-01-02,true
F4_1628970,3,2024-12-30,2025-01-01,2025-01-02,true
F4_1641738,3,2024-12-31,2025-01-01,2025-01-02,true
F4_1630631,3,2024-11-11,2025-01-01,2025-01-02,true
F4_1627750,3,2025-01-01,2025-01-01,2025-01-02,true
F4_1630311,3,2024-12-30,2025-01-01,2025-01-02,true
F4_1630695,3,2024-12-28,2025-01-01,2025-01-02,true
F4_1627763,3,2025-01-01,2025-01-01,2025-01-02,true
F4_1630173,3,2025-01-01,2025-01-01,2025-01-02,true
F4_1641854,3,2024-12-30,2025-01-01,2025-01-02,true
F4_1629162,3,2024-12-30,2025-01-01,2025-01-02,true
F4_1641810,3,2024-12-26,2025-01-01,2025-01-02,true
F4_1629673,3,2025-01-01,2025-01-01,2025-01-02,true
F4_1626158,3,2024-12-23,2025-01-01,2025-01-02,true
F4_1631213,3,2025-01-01,2025-01-01,2025-01-02,true
F4_201599,3,2025-01-01,2025-01-01,2025-01-02,true
F4_1631210,3,2024-12-30,2025-01-01,2025-01-02,true
F4_1642382,3,2024-12-29,2025-01-01,2025-01-02,true
F4_1630539,3,2024-12-31,2025-01-01,2025-01-02,true
F4_1630288,3,2024-12-30,2025-01-01,2025-01-02,true
F4_1631216,3,2025-01-01,2025-01-01,2025-01-02,true
F4_1641730,3,2025-01-01,2025-01-01,2025-01-02,true
F4_1628976,3,2025-01-01,2025-01-01,2025-01-02,true
F4_1642345,3,2024-12-31,2025-01-01,2025-01-02,true
F4_1641741,3,2025-01-01,2025-01-01,2025-01-02,true
F4_1641711,3,2025-01-01,2025-01-01,2025-01-02,true
F4_203915,3,2025-01-01,2025-01-01,2025-01-02,true
F4_1628370,3,2025-01-01,2025-01-01,2025-01-02,true
F4_1641737,3,2024-12-30,2025-01-01,2025-01-02,true
F4_1631108,3,2024-12-31,2025-01-01,2025-01-02,true
F4_1630531,3,2024-12-31,2025-01-01,2025-01-02,true
F4_1641725,3,2024-12-23,2025-01-01,2025-01-02,true
F4_1628971,3,2024-12-31,2025-01-01,2025-01-02,true
F4_1641816,3,2025-01-01,2025-01-01,2025-01-02,true
F4_1626162,3,2024-12-30,2025-01-01,2025-01-02,true
F4_202709,3,2025-01-01,2025-01-01,2025-01-02,true
F4_1631098,3,2025-01-01,2025-01-01,2025-01-02,true
F4_1630215,3,2025-01-01,2025-01-01,2025-01-02,true
F4_201567,3,2024-12-29,2025-01-01,2025-01-02,true
F4_1628960,3,2024-12-21,2025-01-01,2025-01-02,true
F4_202704,3,2025-01-01,2025-01-01,2025-01-02,true
F4_1631115,3,2024-12-22,2025-01-01,2025-01-02,true
F4_1630699,3,2024-12-23,2025-01-01,2025-01-02,true
F4_1641729,3,2025-01-01,2025-01-01,2025-01-02,true
F4_101108,3,2024-12-31,2025-01-01,2025-01-02,true
F4_201144,3,2024-12-31,2025-01-01,2025-01-02,true
F4_201988,3,2024-11-09,2025-01-01,2025-01-02,true
F4_1630264,3,2025-01-01,2025-01-01,2025-01-02,true
F4_1641842,3,2025-01-01,2025-01-01,2025-01-02,true
F4_1630322,3,2024-12-30,2025-01-01,2025-01-02,true
F4_202693,3,2024-12-19,2025-01-01,2025-01-02,true
F4_1641765,3,2025-01-01,2025-01-01,2025-01-02,true
F4_1630200,3,2024-12-31,2025-01-01,2025-01-02,true
F4_202066,3,2024-12-29,2025-01-01,2025-01-02,true
F4_1641736,3,2025-01-01,2025-01-01,2025-01-02,true
F4_1631207,3,2025-01-01,2025-01-01,2025-01-02,true
F4_203078,3,2024-12-31,2025-01-01,2025-01-02,true
F4_1628366,3,2025-01-01,2025-01-01,2025-01-02,true
F4_1631255,3,2024-12-01,2025-01-01,2025-01-02,true
F4_1630314,3,2025-01-01,2025-01-01,2025-01-02,true
F4_1631323,3,2024-12-28,2025-01-01,2025-01-02,true
F4_1641733,3,2024-12-23,2025-01-01,2025-01-02,true
F4_1630346,3,2024-12-30,2025-01-01,2025-01-02,true
F4_1629646,3,2024-12-31,2025-01-01,2025-01-02,true
F4_1641789,3,2025-01-01,2025-01-01,2025-01-02,true
F4_204060,3,2024-11-17,2025-01-01,2025-01-02,true
F4_1641775,3,2024-12-31,2025-01-01,2025-01-02,true
F4_1641706,3,2024-12-26,2025-01-01,2025-01-02,true
F4_1631132,3,2024-12-28,2025-01-01,2025-01-02,true
F4_1641709,3,2025-01-01,2025-01-01,2025-01-02,true
F4_1628989,3,2025-01-01,2025-01-01,2025-01-02,true
F4_1629622,3,2024-12-31,2025-01-01,2025-01-02,true
F4_1631105,3,2025-01-01,2025-01-01,2025-01-02,true
F4_201959,3,2024-12-13,2025-01-01,2025-01-02,true
F4_204456,3,2024-12-31,2025-01-01,2025-01-02,true
F4_1629611,3,2024-12-03,2025-01-01,2025-01-02,true
F4_1641724,3,2025-01-01,2025-01-01,2025-01-02,true
F4_1642281,3,2024-12-30,2025-01-01,2025-01-02,true
F4_1628380,3,2024-12-31,2025-01-01,2025-01-02,true
F4_1630625,3,2024-12-23,2025-01-01,2025-01-02,true
F4_203482,3,2025-01-01,2025-01-01,2025-01-02,true
F4_1631097,3,2024-12-31,2025-01-01,2025-01-02,true
F4_1630611,3,2024-12-30,2025-01-01,2025-01-02,true
F4_1630549,3,2025-01-01,2025-01-01,2025-01-02,true
F4_1630192,3,2025-01-01,2025-01-01,2025-01-02,true
F4_1626153,3,2024-12-26,2025-01-01,2025-01-02,true
F4_1630169,3,2024-12-31,2025-01-01,2025-01-02,true
F4_1642402,3,2024-12-27,2025-01-01,2025-01-02,true
F4_1641767,3,2024-12-31,2025-01-01,2025-01-02,true
F4_1641712,3,2024-12-30,2025-01-01,2025-01-02,true
F4_201587,3,2024-12-31,2025-01-01,2025-01-02,true
F4_1642271,3,2025-01-01,2025-01-01,2025-01-02,true
F4_1627824,3,2025-01-01,2025-01-01,2025-01-02,true
F4_1629111,3,2024-12-26,2025-01-01,2025-01-02,true
F4_203083,3,2025-01-01,2025-01-01,2025-01-02,true
F4_201569,3,2025-01-01,2025-01-01,2025-01-02,true
F4_1642277,3,2024-12-29,2025-01-01,2025-01-02,true
F4_1631101,3,2024-12-30,2025-01-01,2025-01-02,true
F4_1630529,3,2025-01-01,2025-01-01,2025-01-02,true
F4_1630579,3,2024-12-30,2025-01-01,2025-01-02,true
F4_1630590,3,2024-12-31,2025-01-01,2025-01-02,true
F4_1642346,3,2024-12-31,2025-01-01,2025-01-02,true
F4_1629234,3,2024-12-28,2025-01-01,2025-01-02,true
F4_1642265,3,2024-12-23,2025-01-01,2025-01-02,true
F4_1630191,3,2025-01-01,2025-01-01,2025-01-02,true
F4_1626171,3,2024-12-31,2025-01-01,2025-01-02,true
F4_1629614,3,2024-12-31,2025-01-01,2025-01-02,true
F4_1631124,3,2025-01-01,2025-01-01,2025-01-02,true
F4_1628964,3,2024-12-31,2025-01-01,2025-01-02,true
F4_1626192,3,2024-12-20,2025-01-01,2025-01-02,true
F4_1641763,3,2025-01-01,2025-01-01,2025-01-02,true
F4_1641998,3,2024-12-19,2025-01-01,2025-01-02,true
F4_1629627,3,2024-11-06,2025-01-01,2025-01-02,true
F4_1630214,3,2024-12-31,2025-01-01,2025-01-02,true
F4_1631170,3,2025-01-01,2025-01-01,2025-01-02,true
F4_1629629,3,2024-12-31,2025-01-01,2025-01-02,true
F4_202684,3,2024-12-30,2025-01-01,2025-01-02,true
F4_203967,3,2024-11-23,2025-01-01,2025-01-02,true
F4_203458,3,2025-01-01,2025-01-01,2025-01-02,true
F4_203468,3,2025-01-01,2025-01-01,2025-01-02,true
F4_203500,3,2025-01-01,2025-01-01,2025-01-02,true
F4_1641824,3,2025-01-01,2025-01-01,2025-01-02,true
F4_1626168,3,2025-01-01,2025-01-01,2025-01-02,true
F4_1631103,3,2024-12-31,2025-01-01,2025-01-02,true
F4_1630245,3,2024-12-23,2025-01-01,2025-01-02,true
F4_200768,3,2025-01-01,2025-01-01,2025-01-02,true
F4_1630574,3,2024-12-19,2025-01-01,2025-01-02,true
F4_1631223,3,2025-01-01,2025-01-01,2025-01-02,true
F4_1631104,3,2024-12-31,2025-01-01,2025-01-02,true
F4_1641783,3,2025-01-01,2025-01-01,2025-01-02,true
F4_1627752,3,2024-12-31,2025-01-01,2025-01-02,true
F4_1630591,3,2025-01-01,2025-01-01,2025-01-02,true
F4_1630811,3,2024-12-29,2025-01-01,2025-01-02,true
F4_1629028,3,2024-12-30,2025-01-01,2025-01-02,true
F4_202685,3,2025-01-01,2025-01-01,2025-01-02,true
F4_1630533,3,2024-12-01,2025-01-01,2025-01-02,true
F4_1630249,3,2025-01-01,2025-01-01,2025-01-02,true
F4_1641757,3,2024-12-31,2025-01-01,2025-01-02,true
F4_203992,3,2024-12-21,2025-01-01,2025-01-02,true
F4_1629651,3,2025-01-01,2025-01-01,2025-01-02,true
F4_1641794,3,2024-12-29,2025-01-01,2025-01-02,true
F4_1642266,3,2025-01-01,2025-01-01,2025-01-02,true
F4_202699,3,2025-01-01,2025-01-01,2025-01-02,true
F4_202331,3,2025-01-01,2025-01-01,2025-01-02,true
F4_203924,3,2024-12-28,2025-01-01,2025-01-02,true
F4_1630166,3,2024-12-30,2025-01-01,2025-01-02,true
F4_201935,3,2024-12-31,2025-01-01,2025-01-02,true
F4_1626156,3,2025-01-01,2025-01-01,2025-01-02,true
F4_1642270,3,2024-12-30,2025-01-01,2025-01-02,true
F4_1631200,3,2024-12-30,2025-01-01,2025-01-02,true
F4_1642263,3,2024-12-27,2025-01-01,2025-01-02,true
F4_1641716,3,2024-12-31,2025-01-01,2025-01-02,true
F4_1630208,3,2024-12-30,2025-01-01,2025-01-02,true
F4_1642367,3,2025-01-01,2025-01-01,2025-01-02,true
F4_203471,3,2024-12-30,2025-01-01,2025-01-02,true
F4_203486,3,2024-12-31,2025-01-01,2025-01-02,true
F4_1626167,3,2024-12-31,2025-01-01,2025-01-02,true
F4_1628467,3,2025-01-01,2025-01-01,2025-01-02,true
F4_1630172,3,2025-01-01,2025-01-01,2025-01-02,true
F4_1642354,3,2024-12-30,2025-01-01,2025-01-02,true
F4_1630526,3,2024-12-27,2025-01-01,2025-01-02,true
F4_203501,3,2025-01-01,2025-01-01,2025-01-02,true
F4_1629750,3,2025-01-01,2025-01-01,2025-01-02,true
F4_1630182,3,2024-12-30,2025-01-01,2025-01-02,true
F4_1630557,3,2025-01-01,2025-01-01,2025-01-02,true
F4_1630702,3,2025-01-01,2025-01-01,2025-01-02,true
F4_1629632,3,2025-01-01,2025-01-01,2025-01-02,true
F4_1630592,3,2025-01-01,2025-01-01,2025-01-02,true
F4_1629628,3,2024-12-29,2025-01-01,2025-01-02,true
F4_1629216,3,2024-12-28,2025-01-01,2025-01-02,true
F4_1630567,3,2025-01-01,2025-01-01,2025-01-02,true
F4_1641710,3,2024-12-27,2025-01-01,2025-01-02,true
F4_1642275,3,2024-12-30,2025-01-01,2025-01-02,true
F4_1642274,3,2025-01-01,2025-01-01,2025-01-02,true
F4_1629014,3,2024-12-30,2025-01-01,2025-01-02,true
F4_1628464,3,2025-01-01,2025-01-01,2025-01-02,true
F4_1641722,3,2025-01-01,2025-01-01,2025-01-02,true
F4_2544,3,2024-12-31,2025-01-01,2025-01-02,true
F4_1641748,3,2024-12-31,2025-01-01,2025-01-02,true
F4_203110,3,2024-12-30,2025-01-01,2025-01-02,true
F4_1631099,3,2024-12-30,2025-01-01,2025-01-02,true
F4_203995,3,2024-12-30,2025-01-01,2025-01-02,true
F4_1642258,3,2025-01-01,2025-01-01,2025-01-02,true
F4_1628398,3,2025-01-01,2025-01-01,2025-01-02,true
F4_203994,3,2024-12-27,2025-01-01,2025-01-02,true
F4_1626179,3,2024-12-29,2025-01-01,2025-01-02,true
F4_201566,3,2025-01-01,2025-01-01,2025-01-02,true
F4_1630553,3,2025-01-01,2025-01-01,2025-01-02,true
F4_1630175,3,2025-01-01,2025-01-01,2025-01-02,true
F4_1628997,3,2025-01-01,2025-01-01,2025-01-02,true
F4_1630595,3,2025-01-01,2025-01-01,2025-01-02,true
F4_1642262,3,2024-12-30,2025-01-01,2025-01-02,true
F4_1628389,3,2025-01-01,2025-01-01,2025-01-02,true
F4_1641739,3,2024-12-30,2025-01-01,2025-01-02,true
F4_1629645,3,2024-12-31,2025-01-01,2025-01-02,true
F4_1642347,3,2025-01-01,2025-01-01,2025-01-02,true
F4_1642273,3,2025-01-01,2025-01-01,2025-01-02,true
F4_1642264,3,2024-12-31,2025-01-01,2025-01-02,true
F4_1629027,3,2025-01-01,2025-01-01,2025-01-02,true
F4_1630703,3,2024-12-30,2025-01-01,2025-01-02,true
F4_1642267,3,2025-01-01,2025-01-01,2025-01-02,true
F4_1642259,3,2025-01-01,2025-01-01,2025-01-02,true
F4_1641731,3,2025-01-01,2025-01-01,2025-01-02,true
F4_1630558,3,2025-01-01,2025-01-01,2025-01-02,true
F4_1627732,3,2025-01-01,2025-01-01,2025-01-02,true
F4_1630581,3,2025-01-01,2025-01-01,2025-01-02,true
F4_1641718,3,2025-01-01,2025-01-01,2025-01-02,true
F4_1642268,3,2025-01-01,2025-01-01,2025-01-02,true
F4_1627749,3,2025-01-01,2025-01-01,2025-01-02,true
F5_1628983,4,2025-01-16,2025-01-18,2025-01-19,true
F5_203999,4,2025-01-17,2025-01-18,2025-01-19,true
F5_1626181,4,2025-01-16,2025-01-18,2025-01-19,true
F5_1628369,4,2025-01-18,2025-01-18,2025-01-19,true
F5_1628991,4,2025-01-17,2025-01-18,2025-01-19,true
F5_1626157,4,2025-01-13,2025-01-18,2025-01-19,true
F5_1630202,4,2025-01-18,2025-01-18,2025-01-19,true
F5_1627783,4,2025-01-18,2025-01-18,2025-01-19,true
F5_1630596,4,2025-01-16,2025-01-18,2025-01-19,true
F5_1628378,4,2025-01-18,2025-01-18,2025-01-19,true
F5_1630532,4,2024-12-06,2025-01-18,2025-01-19,true
F5_1628386,4,2025-01-18,2025-01-18,2025-01-19,true
F5_1630224,4,2025-01-18,2025-01-18,2025-01-19,true
F5_1629636,4,2025-01-18,2025-01-18,2025-01-19,true
F5_1629660,4,2025-01-18,2025-01-18,2025-01-19,true
F5_202681,4,2025-01-17,2025-01-18,2025-01-19,true
F5_1628973,4,2025-01-17,2025-01-18,2025-01-19,true
F5_1629639,4,2025-01-17,2025-01-18,2025-01-19,true
F5_1631106,4,2025-01-18,2025-01-18,2025-01-19,true
F5_1630583,4,2025-01-17,2025-01-18,2025-01-19,true
F5_202696,4,2025-01-17,2025-01-18,2025-01-19,true
F5_201942,4,2025-01-16,2025-01-18,2025-01-19,true
F5_201939,4,2025-01-18,2025-01-18,2025-01-19,true
F5_1629675,4,2025-01-18,2025-01-18,2025-01-19,true
F5_1629631,4,2025-01-18,2025-01-18,2025-01-19,true
F5_1631128,4,2025-01-17,2025-01-18,2025-01-19,true
F5_203081,4,2025-01-17,2025-01-18,2025-01-19,true
F5_1630162,4,2025-01-18,2025-01-18,2025-01-19,true
F5_1627734,4,2025-01-16,2025-01-18,2025-01-19,true
F5_1627736,4,2025-01-18,2025-01-18,2025-01-19,true
F5_202710,4,2025-01-17,2025-01-18,2025-01-19,true
F5_203076,4,2025-01-15,2025-01-18,2025-01-19,true
F5_1641717,4,2025-01-17,2025-01-18,2025-01-19,true
F5_1628404,4,2025-01-17,2025-01-18,2025-01-19,true
F5_1629655,4,2025-01-17,2025-01-18,2025-01-19,true
F5_1627884,4,2025-01-16,2025-01-18,2025-01-19,true
F5_1631114,4,2025-01-17,2025-01-18,2025-01-19,true
F5_1628384,4,2025-01-17,2025-01-18,2025-01-19,true
F5_203952,4,2025-01-18,2025-01-18,2025-01-19,true
F5_1631165,4,2025-01-16,2025-01-18,2025-01-19,true
F5_1627826,4,2025-01-16,2025-01-18,2025-01-19,true
F5_1629661,4,2025-01-14,2025-01-18,2025-01-19,true
F5_203507,4,2025-01-17,2025-01-18,2025-01-19,true
F5_1628368,4,2025-01-16,2025-01-18,2025-01-19,true
F5_1627832,4,2025-01-18,2025-01-18,2025-01-19,true
F5_1628449,4,2025-01-17,2025-01-18,2025-01-19,true
F5_1628401,4,2025-01-18,2025-01-18,2025-01-19,true
F5_1629634,4,2025-01-17,2025-01-18,2025-01-19,true
F5_1629008,4,2025-01-17,2025-01-18,2025-01-19,true
F5_1629652,4,2025-01-17,2025-01-18,2025-01-19,true
F5_1629599,4,2025-01-16,2025-01-18,2025-01-19,true
F5_1628415,4,2025-01-18,2025-01-18,2025-01-19,true
F5_1630598,4,2025-01-17,2025-01-18,2025-01-19,true
F5_1630530,4,2025-01-17,2025-01-18,2025-01-19,true
F5_1629048,4,2025-01-12,2025-01-18,2025-01-19,true
F5_1641708,4,2025-01-16,2025-01-18,2025-01-19,true
F5_1631109,4,2025-01-17,2025-01-18,2025-01-19,true
F5_1641705,4,2025-01-17,2025-01-18,2025-01-19,true
F5_1630198,4,2025-01-17,2025-01-18,2025-01-19,true
F5_1630643,4,2025-01-17,2025-01-18,2025-01-19,true
F5_1628436,4,2025-01-18,2025-01-18,2025-01-19,true
F5_1626166,4,2025-01-17,2025-01-18,2025-01-19,true
F5_1628374,4,2025-01-11,2025-01-18,2025-01-19,true
F5_203897,4,2025-01-17,2025-01-18,2025-01-19,true
F5_1627747,4,2025-01-18,2025-01-18,2025-01-19,true
F5_1630217,4,2025-01-17,2025-01-18,2025-01-19,true
F5_201142,4,2025-01-18,2025-01-18,2025-01-19,true
F5_1642377,4,2025-01-17,2025-01-18,2025-01-19,true
F5_1631260,4,2025-01-17,2025-01-18,2025-01-19,true
F5_203932,4,2025-01-17,2025-01-18,2025-01-19,true
F5_1630167,4,2025-01-18,2025-01-18,2025-01-19,true
F5_1630700,4,2025-01-18,2025-01-18,2025-01-19,true
F5_1629018,4,2025-01-17,2025-01-18,2025-01-19,true
F5_204001,4,2025-01-17,2025-01-18,2025-01-19,true
F5_1629026,4,2025-01-17,2025-01-18,2025-01-19,true
F5_1629656,4,2025-01-17,2025-01-18,2025-01-19,true
F5_1630178,4,2025-01-18,2025-01-18,2025-01-19,true
F5_203497,4,2025-01-18,2025-01-18,2025-01-19,true
F5_1627936,4,2025-01-17,2025-01-18,2025-01-19,true
F5_1626164,4,2025-01-18,2025-01-18,2025-01-19,true
F5_1630578,4,2025-01-18,2025-01-18,2025-01-19,true
F5_201950,4,2025-01-18,2025-01-18,2025-01-19,true
F5_1641715,4,2025-01-18,2025-01-18,2025-01-19,true
F5_1628379,4,2025-01-17,2025-01-18,2025-01-19,true
F5_1628381,4,2025-01-04,2025-01-18,2025-01-19,true
F5_203084,4,2025-01-17,2025-01-18,2025-01-19,true
F5_202692,4,2025-01-15,2025-01-18,2025-01-19,true
F5_1630183,4,2025-01-18,2025-01-18,2025-01-19,true
F5_1627741,4,2025-01-18,2025-01-18,2025-01-19,true
F5_1630573,4,2025-01-18,2025-01-18,2025-01-19,true
F5_1630194,4,2025-01-18,2025-01-18,2025-01-19,true
F5_1627759,4,2025-01-18,2025-01-18,2025-01-19,true
F5_1629659,4,2025-01-15,2025-01-18,2025-01-19,true
F5_1629060,4,2025-01-17,2025-01-18,2025-01-19,true
F5_203484,4,2025-01-17,2025-01-18,2025-01-19,true
F5_1628969,4,2025-01-17,2025-01-18,2025-01-19,true
F5_1628418,4,2025-01-18,2025-01-18,2025-01-19,true
F5_1641744,4,2025-01-17,2025-01-18,2025-01-19,true
F5_1628988,4,2025-01-18,2025-01-18,2025-01-19,true
F5_1631222,4,2025-01-17,2025-01-18,2025-01-19,true
F5_1630169,4,2025-01-18,2025-01-18,2025-01-19,true
F5_1629012,4,2025-01-17,2025-01-18,2025-01-19,true
F5_1626204,4,2024-12-28,2025-01-18,2025-01-19,true
F5_1629731,4,2025-01-18,2025-01-18,2025-01-19,true
F5_1630577,4,2025-01-17,2025-01-18,2025-01-19,true
F5_1630534,4,2025-01-15,2025-01-18,2025-01-19,true
F5_1629023,4,2025-01-17,2025-01-18,2025-01-19,true
F5_201572,4,2025-01-17,2025-01-18,2025-01-19,true
F5_1626220,4,2025-01-18,2025-01-18,2025-01-19,true
F5_1627750,4,2025-01-17,2025-01-18,2025-01-19,true
F5_1630552,4,2025-01-18,2025-01-18,2025-01-19,true
F5_1642276,4,2025-01-17,2025-01-18,2025-01-19,true
F5_1630540,4,2025-01-17,2025-01-18,2025-01-19,true
F5_1631117,4,2025-01-15,2025-01-18,2025-01-19,true
F5_1630168,4,2025-01-18,2025-01-18,2025-01-19,true
F5_1630551,4,2025-01-16,2025-01-18,2025-01-19,true
F5_201143,4,2025-01-17,2025-01-18,2025-01-19,true
F5_203114,4,2025-01-17,2025-01-18,2025-01-19,true
F5_1630174,4,2025-01-18,2025-01-18,2025-01-19,true
F5_1631157,4,2025-01-17,2025-01-18,2025-01-19,true
F5_1627751,4,2025-01-17,2025-01-18,2025-01-19,true
F5_1630163,4,2025-01-17,2025-01-18,2025-01-19,true
F5_1630631,4,2025-01-17,2025-01-18,2025-01-19,true
F5_1627777,4,2025-01-18,2025-01-18,2025-01-19,true
F5_1631218,4,2025-01-18,2025-01-18,2025-01-19,true
F5_1631204,4,2025-01-18,2025-01-18,2025-01-19,true
F5_1629674,4,2025-01-18,2025-01-18,2025-01-19,true
F5_1629006,4,2025-01-11,2025-01-18,2025-01-19,true
F5_1630256,4,2025-01-18,2025-01-18,2025-01-19,true
F5_1628960,4,2025-01-18,2025-01-18,2025-01-19,true
F5_1641729,4,2025-01-17,2025-01-18,2025-01-19,true
F5_1626172,4,2025-01-18,2025-01-18,2025-01-19,true
F5_1628370,4,2025-01-16,2025-01-18,2025-01-19,true
F5_203552,4,2025-01-17,2025-01-18,2025-01-19,true
F5_1630572,4,2025-01-17,2025-01-18,2025-01-19,true
F5_1630215,4,2025-01-16,2025-01-18,2025-01-19,true
F5_1630241,4,2025-01-18,2025-01-18,2025-01-19,true
F5_1627780,4,2025-01-18,2025-01-18,2025-01-19,true
F5_1631110,4,2025-01-06,2025-01-18,2025-01-19,true
F5_1631107,4,2025-01-17,2025-01-18,2025-01-19,true
F5_1631342,4,2025-01-15,2025-01-18,2025-01-19,true
F5_1630230,4,2025-01-17,2025-01-18,2025-01-19,true
F5_1630541,4,2025-01-18,2025-01-18,2025-01-19,true
F5_1628970,4,2025-01-17,2025-01-18,2025-01-19,true
F5_203954,4,2025-01-04,2025-01-18,2025-01-19,true
F5_1627827,4,2025-01-13,2025-01-18,2025-01-19,true
F5_1629130,4,2025-01-17,2025-01-18,2025-01-19,true
F5_1630188,4,2025-01-17,2025-01-18,2025-01-19,true
F5_203926,4,2025-01-06,2025-01-18,2025-01-19,true
F5_203937,4,2025-01-13,2025-01-18,2025-01-19,true
F5_1630170,4,2025-01-17,2025-01-18,2025-01-19,true
F5_1628366,4,2025-01-17,2025-01-18,2025-01-19,true
F5_1629057,4,2025-01-18,2025-01-18,2025-01-19,true
F5_1626167,4,2025-01-18,2025-01-18,2025-01-19,true
F5_1631212,4,2025-01-17,2025-01-18,2025-01-19,true
F5_203914,4,2025-01-01,2025-01-18,2025-01-19,true
F5_1630550,4,2025-01-05,2025-01-18,2025-01-19,true
F5_1629640,4,2025-01-17,2025-01-18,2025-01-19,true
F5_1629726,4,2025-01-18,2025-01-18,2025-01-19,true
F5_1642346,4,2025-01-18,2025-01-18,2025-01-19,true
F5_1628371,4,2025-01-17,2025-01-18,2025-01-19,true
F5_1628392,4,2025-01-14,2025-01-18,2025-01-19,true
F5_1631116,4,2025-01-13,2025-01-18,2025-01-19,true
F5_1641787,4,2025-01-17,2025-01-18,2025-01-19,true
F5_1641890,4,2024-12-23,2025-01-18,2025-01-19,true
F5_1642382,4,2025-01-17,2025-01-18,2025-01-19,true
F5_1631105,4,2025-01-18,2025-01-18,2025-01-19,true
F5_1631094,4,2025-01-17,2025-01-18,2025-01-19,true
F5_1630559,4,2025-01-17,2025-01-18,2025-01-19,true
F5_1641738,4,2025-01-16,2025-01-18,2025-01-19,true
F5_1631119,4,2025-01-17,2025-01-18,2025-01-19,true
F5_1630568,4,2025-01-17,2025-01-18,2025-01-19,true
F5_1641810,4,2025-01-08,2025-01-18,2025-01-19,true
F5_1630538,4,2025-01-16,2025-01-18,2025-01-19,true
F5_1631172,4,2025-01-17,2025-01-18,2025-01-19,true
F5_202695,4,2025-01-15,2025-01-18,2025-01-19,true
F5_1629312,4,2025-01-17,2025-01-18,2025-01-19,true
F5_1641727,4,2025-01-15,2025-01-18,2025-01-19,true
F5_1629638,4,2025-01-18,2025-01-18,2025-01-19,true
F5_1641709,4,2025-01-18,2025-01-18,2025-01-19,true
F5_1631169,4,2025-01-17,2025-01-18,2025-01-19,true
F5_1628975,4,2025-01-15,2025-01-18,2025-01-19,true
F5_1642278,4,2025-01-17,2025-01-18,2025-01-19,true
F5_1641809,4,2025-01-03,2025-01-18,2025-01-19,true
F5_1641854,4,2025-01-16,2025-01-18,2025-01-19,true
F5_1631250,4,2025-01-18,2025-01-18,2025-01-19,true
F5_1631111,4,2025-01-09,2025-01-18,2025-01-19,true
F5_1629618,4,2025-01-17,2025-01-18,2025-01-19,true
F5_1631133,4,2025-01-18,2025-01-18,2025-01-19,true
F5_1629637,4,2025-01-17,2025-01-18,2025-01-19,true
F5_1628420,4,2025-01-18,2025-01-18,2025-01-19,true
F5_1630243,4,2025-01-17,2025-01-18,2025-01-19,true
F5_1631321,4,2024-12-31,2025-01-18,2025-01-19,true
F5_1629630,4,2025-01-15,2025-01-18,2025-01-19,true
F5_1629611,4,2025-01-16,2025-01-18,2025-01-19,true
F5_1642366,4,2025-01-10,2025-01-18,2025-01-19,true
F5_1642358,4,2024-12-03,2025-01-18,2025-01-19,true
F5_1642353,4,2024-12-04,2025-01-18,2025-01-19,true
F5_201145,4,2025-01-16,2025-01-18,2025-01-19,true
F5_202691,4,2025-01-17,2025-01-18,2025-01-19,true
F5_1629610,4,2024-12-30,2025-01-18,2025-01-19,true
F5_1642261,4,2025-01-17,2025-01-18,2025-01-19,true
F5_1631108,4,2025-01-17,2025-01-18,2025-01-19,true
F5_1641796,4,2025-01-17,2025-01-18,2025-01-19,true
F5_1642348,4,2025-01-18,2025-01-18,2025-01-19,true
F5_1629162,4,2025-01-14,2025-01-18,2025-01-19,true
F5_1629626,4,2025-01-16,2025-01-18,2025-01-19,true
F5_1641790,4,2025-01-17,2025-01-18,2025-01-19,true
F5_1627763,4,2025-01-05,2025-01-18,2025-01-19,true
F5_1630811,4,2025-01-15,2025-01-18,2025-01-19,true
F5_1642403,4,2025-01-14,2025-01-18,2025-01-19,true
F5_1629004,4,2025-01-17,2025-01-18,2025-01-19,true
F5_1641753,4,2025-01-17,2025-01-18,2025-01-19,true
F5_1628989,4,2025-01-16,2025-01-18,2025-01-19,true
F5_1641745,4,2025-01-16,2025-01-18,2025-01-19,true
F5_202699,4,2025-01-18,2025-01-18,2025-01-19,true
F5_1630346,4,2025-01-12,2025-01-18,2025-01-19,true
F5_1642352,4,2025-01-17,2025-01-18,2025-01-19,true
F5_1631217,4,2025-01-17,2025-01-18,2025-01-19,true
F5_1631230,4,2025-01-04,2025-01-18,2025-01-19,true
F5_1629723,4,2025-01-17,2025-01-18,2025-01-19,true
F5_1626145,4,2025-01-18,2025-01-18,2025-01-19,true
F5_1629627,4,2025-01-17,2025-01-18,2025-01-19,true
F5_1630590,4,2025-01-17,2025-01-18,2025-01-19,true
F5_201144,4,2025-01-18,2025-01-18,2025-01-19,true
F5_1630531,4,2025-01-17,2025-01-18,2025-01-19,true
F5_1631248,4,2025-01-17,2025-01-18,2025-01-19,true
F5_1631132,4,2025-01-02,2025-01-18,2025-01-19,true
F5_1627739,4,2025-01-16,2025-01-18,2025-01-19,true
F5_1630322,4,2025-01-18,2025-01-18,2025-01-19,true
F5_1630699,4,2025-01-15,2025-01-18,2025-01-19,true
F5_1642269,4,2025-01-16,2025-01-18,2025-01-19,true
F5_1642505,4,2025-01-16,2025-01-18,2025-01-19,true
F5_1630314,4,2025-01-15,2025-01-18,2025-01-19,true
F5_1630200,4,2025-01-17,2025-01-18,2025-01-19,true
F5_1631115,4,2025-01-05,2025-01-18,2025-01-19,true
F5_1626158,4,2025-01-10,2025-01-18,2025-01-19,true
F5_1641989,4,2025-01-17,2025-01-18,2025-01-19,true
F5_1631210,4,2025-01-12,2025-01-18,2025-01-19,true
F5_1630611,4,2025-01-18,2025-01-18,2025-01-19,true
F5_202693,4,2025-01-03,2025-01-18,2025-01-19,true
F5_1630649,4,2025-01-17,2025-01-18,2025-01-19,true
F5_1629013,4,2025-01-13,2025-01-18,2025-01-19,true
F5_202066,4,2025-01-17,2025-01-18,2025-01-19,true
F5_1630570,4,2024-12-16,2025-01-18,2025-01-19,true
F5_203468,4,2025-01-17,2025-01-18,2025-01-19,true
F5_1630311,4,2025-01-10,2025-01-18,2025-01-19,true
F5_203944,4,2025-01-18,2025-01-18,2025-01-19,true
F5_1631255,4,2025-01-17,2025-01-18,2025-01-19,true
F5_201599,4,2025-01-17,2025-01-18,2025-01-19,true
F5_1626162,4,2025-01-18,2025-01-18,2025-01-19,true
F5_1630528,4,2025-01-11,2025-01-18,2025-01-19,true
F5_1641842,4,2025-01-18,2025-01-18,2025-01-19,true
F5_202709,4,2025-01-17,2025-01-18,2025-01-19,true
F5_1627814,4,2025-01-04,2025-01-18,2025-01-19,true
F5_1631124,4,2025-01-17,2025-01-18,2025-01-19,true
F5_1629234,4,2025-01-17,2025-01-18,2025-01-19,true
F5_1629003,4,2025-01-17,2025-01-18,2025-01-19,true
F5_201988,4,2025-01-17,2025-01-18,2025-01-19,true
F5_201587,4,2025-01-16,2025-01-18,2025-01-19,true
F5_1631098,4,2025-01-13,2025-01-18,2025-01-19,true
F5_1628998,4,2025-01-17,2025-01-18,2025-01-19,true
F5_1642355,4,2025-01-07,2025-01-18,2025-01-19,true
F5_1641736,4,2025-01-15,2025-01-18,2025-01-19,true
F5_203915,4,2025-01-17,2025-01-18,2025-01-19,true
F5_201959,4,2025-01-15,2025-01-18,2025-01-19,true
F5_1641765,4,2025-01-17,2025-01-18,2025-01-19,true
F5_1641724,4,2025-01-10,2025-01-18,2025-01-19,true
F5_1631097,4,2025-01-18,2025-01-18,2025-01-19,true
F5_203991,4,2025-01-18,2025-01-18,2025-01-19,true
F5_1642271,4,2025-01-17,2025-01-18,2025-01-19,true
F5_1630288,4,2025-01-18,2025-01-18,2025-01-19,true
F5_1641716,4,2025-01-18,2025-01-18,2025-01-19,true
F5_1641816,4,2025-01-17,2025-01-18,2025-01-19,true
F5_1641871,4,2025-01-18,2025-01-18,2025-01-19,true
F5_1630264,4,2025-01-13,2025-01-18,2025-01-19,true
F5_1629646,4,2025-01-17,2025-01-18,2025-01-19,true
F5_1629673,4,2025-01-18,2025-01-18,2025-01-19,true
F5_204060,4,2025-01-18,2025-01-18,2025-01-19,true
F5_1628976,4,2025-01-17,2025-01-18,2025-01-19,true
F5_1628964,4,2025-01-16,2025-01-18,2025-01-19,true
F5_1642265,4,2025-01-18,2025-01-18,2025-01-19,true
F5_1641733,4,2025-01-17,2025-01-18,2025-01-19,true
F5_1642422,4,2024-12-08,2025-01-18,2025-01-19,true
F5_1641737,4,2025-01-18,2025-01-18,2025-01-19,true
F5_1628380,4,2025-01-17,2025-01-18,2025-01-19,true
F5_204456,4,2025-01-18,2025-01-18,2025-01-19,true
F5_1629111,4,2025-01-07,2025-01-18,2025-01-19,true
F5_1630625,4,2025-01-18,2025-01-18,2025-01-19,true
F5_1641767,4,2025-01-18,2025-01-18,2025-01-19,true
F5_1630556,4,2024-12-30,2025-01-18,2025-01-19,true
F5_200768,4,2025-01-04,2025-01-18,2025-01-19,true
F5_1630527,4,2025-01-15,2025-01-18,2025-01-19,true
F5_1626153,4,2025-01-15,2025-01-18,2025-01-19,true
F5_1628971,4,2025-01-17,2025-01-18,2025-01-19,true
F5_201569,4,2025-01-18,2025-01-18,2025-01-19,true
F5_1642281,4,2025-01-16,2025-01-18,2025-01-19,true
F5_1626192,4,2025-01-15,2025-01-18,2025-01-19,true
F5_1630245,4,2025-01-17,2025-01-18,2025-01-19,true
F5_203458,4,2025-01-14,2025-01-18,2025-01-19,true
F5_1626171,4,2025-01-17,2025-01-18,2025-01-19,true
F5_203501,4,2025-01-18,2025-01-18,2025-01-19,true
F5_1642277,4,2025-01-18,2025-01-18,2025-01-19,true
F5_1630249,4,2025-01-18,2025-01-18,2025-01-19,true
F5_1627752,4,2025-01-17,2025-01-18,2025-01-19,true
F5_1630191,4,2025-01-18,2025-01-18,2025-01-19,true
F5_1630193,4,2025-01-11,2025-01-18,2025-01-19,true
F5_1630192,4,2025-01-17,2025-01-18,2025-01-19,true
F5_203078,4,2025-01-14,2025-01-18,2025-01-19,true
F5_1641775,4,2025-01-17,2025-01-18,2025-01-19,true
F5_1631216,4,2025-01-17,2025-01-18,2025-01-19,true
F5_202684,4,2025-01-16,2025-01-18,2025-01-19,true
F5_1630173,4,2025-01-17,2025-01-18,2025-01-19,true
F5_1630214,4,2025-01-15,2025-01-18,2025-01-19,true
F5_1630166,4,2025-01-11,2025-01-18,2025-01-19,true
F5_1630695,4,2025-01-15,2025-01-18,2025-01-19,true
F5_1630208,4,2025-01-18,2025-01-18,2025-01-19,true
F5_1641998,4,2025-01-17,2025-01-18,2025-01-19,true
F5_203482,4,2025-01-17,2025-01-18,2025-01-19,true
F5_1631103,4,2025-01-17,2025-01-18,2025-01-19,true
F5_1641711,4,2025-01-17,2025-01-18,2025-01-19,true
F5_1641712,4,2025-01-18,2025-01-18,2025-01-19,true
F5_202704,4,2025-01-14,2025-01-18,2025-01-19,true
F5_1631323,4,2025-01-18,2025-01-18,2025-01-19,true
F5_1641763,4,2025-01-17,2025-01-18,2025-01-19,true
F5_1631223,4,2025-01-15,2025-01-18,2025-01-19,true
F5_1641730,4,2025-01-17,2025-01-18,2025-01-19,true
F5_1630574,4,2025-01-17,2025-01-18,2025-01-19,true
F5_1631207,4,2025-01-17,2025-01-18,2025-01-19,true
F5_1631209,4,2024-12-30,2025-01-18,2025-01-19,true
F5_1641824,4,2025-01-17,2025-01-18,2025-01-19,true
F5_1641757,4,2025-01-16,2025-01-18,2025-01-19,true
F5_203903,4,2025-01-04,2025-01-18,2025-01-19,true
F5_203083,4,2025-01-18,2025-01-18,2025-01-19,true
F5_1641741,4,2025-01-18,2025-01-18,2025-01-19,true
F5_1642345,4,2025-01-18,2025-01-18,2025-01-19,true
F5_101108,4,2025-01-17,2025-01-18,2025-01-19,true
F5_1641764,4,2024-12-28,2025-01-18,2025-01-19,true
F5_1630591,4,2025-01-03,2025-01-18,2025-01-19,true
F5_1629629,4,2025-01-13,2025-01-18,2025-01-19,true
F5_1627824,4,2025-01-15,2025-01-18,2025-01-19,true
F5_1629622,4,2025-01-18,2025-01-18,2025-01-19,true
F5_203500,4,2025-01-18,2025-01-18,2025-01-19,true
F5_1629632,4,2025-01-17,2025-01-18,2025-01-19,true
F5_1631104,4,2025-01-17,2025-01-18,2025-01-19,true
F5_1630549,4,2025-01-17,2025-01-18,2025-01-19,true
F5_1629750,4,2025-01-17,2025-01-18,2025-01-19,true
F5_1642270,4,2025-01-14,2025-01-18,2025-01-19,true
F5_1631170,4,2025-01-17,2025-01-18,2025-01-19,true
F5_201935,4,2025-01-16,2025-01-18,2025-01-19,true
F5_1629614,4,2025-01-18,2025-01-18,2025-01-19,true
F5_202331,4,2025-01-15,2025-01-18,2025-01-19,true
F5_1626168,4,2025-01-16,2025-01-18,2025-01-19,true
F5_1630579,4,2025-01-17,2025-01-18,2025-01-19,true
F5_1626156,4,2025-01-17,2025-01-18,2025-01-19,true
F5_1641783,4,2025-01-17,2025-01-18,2025-01-19,true
F5_1642367,4,2025-01-17,2025-01-18,2025-01-19,true
F5_1630533,4,2025-01-17,2025-01-18,2025-01-19,true
F5_1641794,4,2025-01-02,2025-01-18,2025-01-19,true
F5_1630182,4,2025-01-17,2025-01-18,2025-01-19,true
F5_1642263,4,2025-01-18,2025-01-18,2025-01-19,true
F5_2544,4,2025-01-17,2025-01-18,2025-01-19,true
F5_1631101,4,2025-01-18,2025-01-18,2025-01-19,true
F5_203992,4,2025-01-18,2025-01-18,2025-01-19,true
F5_1642266,4,2025-01-11,2025-01-18,2025-01-19,true
F5_203486,4,2025-01-18,2025-01-18,2025-01-19,true
F5_203924,4,2025-01-18,2025-01-18,2025-01-19,true
F5_1642354,4,2025-01-05,2025-01-18,2025-01-19,true
F5_1630702,4,2025-01-17,2025-01-18,2025-01-19,true
F5_1630526,4,2025-01-17,2025-01-18,2025-01-19,true
F5_1629014,4,2025-01-18,2025-01-18,2025-01-19,true
F5_203471,4,2025-01-18,2025-01-18,2025-01-19,true
F5_1629651,4,2025-01-17,2025-01-18,2025-01-19,true
F5_1628464,4,2025-01-17,2025-01-18,2025-01-19,true
F5_1631213,4,2025-01-17,2025-01-18,2025-01-19,true
F5_1631099,4,2025-01-16,2025-01-18,2025-01-19,true
F5_1630557,4,2025-01-18,2025-01-18,2025-01-19,true
F5_1629216,4,2025-01-17,2025-01-18,2025-01-19,true
F5_202685,4,2025-01-18,2025-01-18,2025-01-19,true
F5_1629028,4,2025-01-16,2025-01-18,2025-01-19,true
F5_1628467,4,2025-01-17,2025-01-18,2025-01-19,true
F5_1631200,4,2025-01-18,2025-01-18,2025-01-19,true
F5_1642274,4,2025-01-15,2025-01-18,2025-01-19,true
F5_1641710,4,2025-01-17,2025-01-18,2025-01-19,true
F5_1641748,4,2025-01-15,2025-01-18,2025-01-19,true
F5_1630175,4,2025-01-17,2025-01-18,2025-01-19,true
F5_1630592,4,2025-01-17,2025-01-18,2025-01-19,true
F5_1641722,4,2025-01-17,2025-01-18,2025-01-19,true
F5_1629628,4,2025-01-17,2025-01-18,2025-01-19,true
F5_201566,4,2025-01-17,2025-01-18,2025-01-19,true
F5_1642258,4,2025-01-14,2025-01-18,2025-01-19,true
F5_1630595,4,2025-01-18,2025-01-18,2025-01-19,true
F5_203995,4,2025-01-17,2025-01-18,2025-01-19,true
F5_203110,4,2025-01-18,2025-01-18,2025-01-19,true
F5_1630172,4,2025-01-17,2025-01-18,2025-01-19,true
F5_1630553,4,2025-01-17,2025-01-18,2025-01-19,true
F5_1630567,4,2025-01-17,2025-01-18,2025-01-19,true
F5_1642347,4,2025-01-17,2025-01-18,2025-01-19,true
F5_1629645,4,2025-01-16,2025-01-18,2025-01-19,true
F5_1641739,4,2025-01-18,2025-01-18,2025-01-19,true
F5_1628389,4,2025-01-17,2025-01-18,2025-01-19,true
F5_1626179,4,2025-01-17,2025-01-18,2025-01-19,true
F5_1630703,4,2025-01-18,2025-01-18,2025-01-19,true
F5_1629027,4,2025-01-18,2025-01-18,2025-01-19,true
F5_1642262,4,2025-01-17,2025-01-18,2025-01-19,true
F5_1628398,4,2025-01-18,2025-01-18,2025-01-19,true
F5_1642273,4,2025-01-18,2025-01-18,2025-01-19,true
F5_1642264,4,2025-01-17,2025-01-18,2025-01-19,true
F5_1630558,4,2025-01-17,2025-01-18,2025-01-19,true
F5_1627732,4,2025-01-17,2025-01-18,2025-01-19,true
F5_1641718,4,2025-01-17,2025-01-18,2025-01-19,true
F5_1627749,4,2025-01-17,2025-01-18,2025-01-19,true
F5_1642259,4,2025-01-18,2025-01-18,2025-01-19,true
F5_1642267,4,2025-01-18,2025-01-18,2025-01-19,true
F5_1630581,4,2025-01-17,2025-01-18,2025-01-19,true
F5_1641731,4,2025-01-18,2025-01-18,2025-01-19,true
F5_1642268,4,2025-01-17,2025-01-18,2025-01-19,true
