season,playerId,player,teamId,drblP,drblLn,drblB,rawAbilityRate,fusedRateRaw,fusionDelta,posteriorAbilityRate,drbl100,possessions
2024-25,203999,Nikola Jokić,1610612743,2.63,6.17,0.45,2.6742,1.56,-1.1141999999999999,1.5315,1.5315,10737
2024-25,1628983,Shai Gilgeous-Alexander,1610612760,2.71,5.66,-0.09,2.7644,1.32,-1.4444000000000001,1.2962,1.2962,10880
2024-25,1630532,Franz Wagner,1610612753,1.29,4.24,0.07,1.3266,1.35,0.023400000000000087,1.3178,1.3178,8188
2024-25,1641705,Victor Wembanyama,1610612759,0.65,3.86,0.2,0.6765,1.7584,1.0819,1.7019,1.7019,6024
2024-25,1626181,Norman Powell,1610612746,2.07,1.33,-0.1,2.1189,1.2,-0.9189,1.1709,1.1709,8057
2024-25,1630202,Payton Pritchard,1610612738,1.62,-0.46,-0.03,1.6565,1.01,-0.6465000000000001,0.9881,0.9881,9025
2024-25,1629675,Naz Reid,1610612750,0.96,2.36,0.01,0.9765,0.99,0.013499999999999956,0.9686,0.9686,9046
2024-25,202710,Jimmy Butler,1610612748,1.83,0.16,-0.57,1.8862,1.36,-0.5262,1.3221,1.3221,6970
2024-25,1628991,Jaren Jackson Jr.,1610612763,1.37,2.31,-0.05,1.3944,0.89,-0.5044000000000001,0.872,0.872,9713
2024-25,203897,Zach LaVine,1610612741,0.7,3.19,-0.15,0.7166,0.67,-0.046599999999999975,0.6579,0.6579,10890
2024-25,1627826,Ivica Zubac,1610612746,1.27,3.74,0.03,1.2934,0.68,-0.6134000000000001,0.6676,0.6676,10739
2024-25,201942,DeMar DeRozan,1610612758,0.77,-0.23,-0.27,0.7831,0.62,-0.16310000000000002,0.6094,0.6094,11459
2024-25,1631165,Keon Ellis,1610612758,1.49,1.99,0.04,1.5258,0.94,-0.5858000000000001,0.9171,0.9171,8023
2024-25,1631128,Christian Braun,1610612743,1.39,1.66,-0.13,1.4143,0.58,-0.8342999999999999,0.5697,0.5697,11046
2024-25,1631106,Tari Eason,1610612745,1.73,2.47,0.11,1.7842,1.28,-0.5042,1.2376,1.2376,5836
2024-25,1628386,Jarrett Allen,1610612739,1.37,0.19,-0.43,1.4014,0.65,-0.7514,0.6368,0.6368,9655
2024-25,1627736,Malik Beasley,1610612765,1.2,-0.03,0.1,1.2254,0.62,-0.6054,0.6076,0.6076,9795
2024-25,1629631,De'Andre Hunter,1610612737,1.49,1.88,-0.39,1.5348,0.89,-0.6447999999999999,0.8664,0.8664,7330
2024-25,1630700,Dyson Daniels,1610612737,0.96,-0.3,0.28,0.9726,0.51,-0.4626,0.5008,0.5008,10870
2024-25,1627783,Pascal Siakam,1610612754,1.22,3.19,-0.15,1.2412,0.55,-0.6912,0.5396,0.5396,10334
2024-25,1630596,Evan Mobley,1610612739,1.03,2.39,-0.2,1.0481,0.64,-0.4081,0.6262,0.6262,9051
2024-25,203497,Rudy Gobert,1610612750,1.34,0.45,-0.63,1.3637,0.57,-0.7937,0.5583,0.5583,9585
2024-25,1626157,Karl-Anthony Towns,1610612752,0.82,0.52,-0.13,0.8352,0.48,-0.35520000000000007,0.4707,0.4707,10077
2024-25,1630552,Jalen Johnson,1610612737,0.32,2.58,0.08,0.3305,1.1136,0.7830999999999999,1.0738,1.0738,5396
2024-25,1628369,Jayson Tatum,1610612738,0.51,2.7,-0.31,0.5173,0.41,-0.1073,0.4024,0.4024,10587
2024-25,1628378,Donovan Mitchell,1610612739,0.98,0.75,-0.01,1.0025,0.48,-0.5225,0.4699,0.4699,9308
2024-25,202696,Nikola Vučević,1610612741,0.84,-1.34,0.07,0.8572,0.44,-0.41719999999999996,0.4312,0.4312,9771
2024-25,1629636,Darius Garland,1610612739,0.69,0.16,0.18,0.7003,0.44,-0.26030000000000003,0.4311,0.4311,9684
2024-25,1627734,Domantas Sabonis,1610612758,0.58,2.15,-0.1,0.5931,0.39,-0.20309999999999995,0.3824,0.3824,10119
2024-25,1630529,Herbert Jones,1610612740,0.42,5.71,-0.05,0.4559,2.2956,1.8397,2.1365,2.1365,2686
2024-25,1630551,Justin Champagnie,1610612764,1.07,0.71,-0.13,1.1111,0.93,-0.18109999999999993,0.8972,0.8972,5479
2024-25,1630183,Jaden McDaniels,1610612750,0.75,-0.86,-0.07,0.7592,0.35,-0.4092,0.3435,0.3435,10534
2024-25,1629660,Ty Jerome,1610612739,1.74,2.04,0.02,1.8019,0.86,-0.9419000000000001,0.8313,0.8313,5795
2024-25,1630168,Onyeka Okongwu,1610612737,0.73,0.81,-0.15,0.7473,0.46,-0.28729999999999994,0.4499,0.4499,8921
2024-25,1628384,OG Anunoby,1610612752,1.06,1.19,0.02,1.0764,0.31,-0.7664,0.3044,0.3044,10928
2024-25,1629008,Michael Porter Jr.,1610612743,0.42,-0.44,0.08,0.4308,0.31,-0.12080000000000002,0.3044,0.3044,10812
2024-25,1628970,Miles Bridges,1610612766,0.67,2.11,0.05,0.6839,0.48,-0.20389999999999997,0.4688,0.4688,8345
2024-25,203507,Giannis Antetokounmpo,1610612749,1.48,5.66,-0.42,1.5068,0.4,-1.1067999999999998,0.3916,0.3916,9335
2024-25,1629661,Cameron Johnson,1610612751,1.01,0.13,-0.2,1.0392,0.58,-0.45919999999999994,0.5644,0.5644,7215
2024-25,1630583,Santi Aldama,1610612763,0.44,1.98,0.18,0.4475,0.59,0.14249999999999996,0.5739,0.5739,7119
2024-25,1630530,Trey Murphy III,1610612740,0.79,-0.58,0.04,0.8141,0.5,-0.31410000000000005,0.4875,0.4875,7827
2024-25,1630541,Moses Moody,1610612744,0.63,-0.13,-0.24,0.6486,0.59,-0.058599999999999985,0.5732,0.5732,6827
2024-25,1629048,Goga Bitadze,1610612753,1,0.14,-0.03,1.0343,0.75,-0.2843,0.7243,0.7243,5644
2024-25,203084,Harrison Barnes,1610612759,1.13,-1.49,-0.37,1.1506,0.36,-0.7906000000000001,0.3522,0.3522,9064
2024-25,1628436,Luke Kornet,1610612738,1.33,1.14,-0.38,1.3802,0.81,-0.5702,0.7805,0.7805,5296
2024-25,1631105,Jalen Duren,1610612765,0.68,-2.94,-0.21,0.6982,0.4,-0.2982,0.3907,0.3907,8369
2024-25,203076,Anthony Davis,1610612747,0.59,1.48,-0.07,0.6092,0.53,-0.07919999999999994,0.5152,0.5152,6970
2024-25,1630162,Anthony Edwards,1610612750,0.8,1.77,-0.15,0.8152,0.21,-0.6052000000000001,0.2064,0.2064,11610
2024-25,1642377,Jaylen Wells,1610612763,0.26,-1.75,-0.09,0.2628,0.37,0.10720000000000002,0.3616,0.3616,8654
2024-25,1631109,Mark Williams,1610612766,1.25,-0.87,-0.15,1.2984,0.87,-0.4284,0.8354,0.8354,4827
2024-25,1627884,Derrick Jones Jr.,1610612746,0.86,0.84,-0.07,0.8821,0.43,-0.4521,0.4192,0.4192,7733
2024-25,201142,Kevin Durant,1610612756,0.71,2.76,-0.23,0.7265,0.31,-0.41650000000000004,0.3034,0.3034,9248
2024-25,1641709,Ausar Thompson,1610612765,0.94,1.57,0.09,0.9746,0.7,-0.27460000000000007,0.6755,0.6755,5515
2024-25,1628401,Derrick White,1610612738,0.49,0.29,-0.02,0.4988,0.24,-0.25880000000000003,0.2355,0.2355,10451
2024-25,203552,Seth Curry,1610612766,1.25,-1.6,-0.11,1.3126,0.96,-0.3526,0.9175,0.9175,4319
2024-25,1628449,Chris Boucher,1610612761,1.93,2.97,0.06,2.0391,1.27,-0.7690999999999999,1.2006,1.2006,3459
2024-25,1630178,Tyrese Maxey,1610612755,0.57,0.78,0.1,0.5813,0.38,-0.20130000000000003,0.3705,0.3705,7776
2024-25,1629655,Daniel Gafford,1610612742,1.5,0.12,-0.18,1.5596,0.71,-0.8496000000000001,0.6834,0.6834,5145
2024-25,1629060,Rui Hachimura,1610612747,1.02,2.22,-0.19,1.0483,0.4,-0.6483,0.3896,0.3896,7480
2024-25,1627827,Dorian Finney-Smith,1610612751,0.28,5.04,-0.09,0.291,0.42,0.129,0.4087,0.4087,7259
2024-25,1630534,Ochai Agbaji,1610612761,1.01,-0.51,0.16,1.0336,0.41,-0.6236000000000002,0.3991,0.3991,7355
2024-25,201939,Stephen Curry,1610612744,1.14,0.29,0.15,1.1632,0.26,-0.9032,0.2546,0.2546,9434
2024-25,1630198,Isaiah Joe,1610612760,1.24,1.61,0.1,1.2799,0.48,-0.7999,0.466,0.466,6664
2024-25,202681,Kyrie Irving,1610612742,1.05,1.9,0.05,1.0784,0.38,-0.6984,0.3701,0.3701,7454
2024-25,1630174,Aaron Nesmith,1610612754,1.89,2.12,-0.18,1.9777,0.82,-1.1577000000000002,0.7848,0.7848,4464
2024-25,1642419,Jamison Battle,1610612761,0.9,-2.2,0.14,0.9463,0.83,-0.11630000000000007,0.7934,0.7934,4336
2024-25,1629012,Collin Sexton,1610612762,0.52,1.96,-0.18,0.5341,0.37,-0.16410000000000002,0.3601,0.3601,7276
2024-25,1629599,Amir Coffey,1610612746,0.43,-2.56,-0.28,0.4438,0.38,-0.06379999999999997,0.3696,0.3696,7136
2024-25,1628381,John Collins,1610612762,1.28,3.39,-0.28,1.3288,0.63,-0.6988,0.6063,0.6063,5113
2024-25,1631117,Walker Kessler,1610612762,0.53,0.16,-0.27,0.5495,0.36,-0.1895,0.3503,0.3503,7243
2024-25,1630215,Jared Butler,1610612764,0.68,1.2,0.22,0.7148,0.76,0.04520000000000002,0.7267,0.7267,4371
2024-25,1629637,Jaxson Hayes,1610612747,0.96,2,-0.52,0.9998,0.7,-0.29980000000000007,0.6704,0.6704,4526
2024-25,1627936,Alex Caruso,1610612760,1.43,1.94,0.23,1.4982,0.76,-0.7382,0.726,0.726,4268
2024-25,1630573,Sam Hauser,1610612738,1.09,1.36,-0.13,1.1216,0.44,-0.6816,0.4259,0.4259,6035
2024-25,1641717,Cason Wallace,1610612760,0.74,-0.03,0.19,0.7636,0.28,-0.4835999999999999,0.2729,0.2729,7701
2024-25,1629006,Josh Okogie,1610612756,1.93,3.01,-0.21,2.081,1.41,-0.671,1.3065,1.3065,2524
2024-25,1631108,Max Christie,1610612747,-0.21,-0.16,-0.14,-0.2143,0.2,0.4143,0.1955,0.1955,8740
2024-25,1629018,Gary Trent Jr.,1610612749,0.8,-1.82,-0.07,0.818,0.25,-0.568,0.2437,0.2437,7728
2024-25,1628973,Jalen Brunson,1610612752,0.52,0.04,0.06,0.5316,0.16,-0.37159999999999993,0.1566,0.1566,9338
2024-25,1629634,Brandon Clarke,1610612763,1.18,1.18,-0.06,1.225,0.48,-0.7450000000000001,0.4625,0.4625,5288
2024-25,1628404,Josh Hart,1610612752,0.06,-0.88,0.05,0.0585,0.07,0.011500000000000003,0.0688,0.0688,11694
2024-25,1626220,Royce O'Neale,1610612756,0.19,0.84,0.21,0.195,0.26,0.065,0.2532,0.2532,7432
2024-25,204001,Kristaps Porziņģis,1610612738,1.25,-2.33,-0.33,1.3021,0.51,-0.7921,0.4905,0.4905,5035
2024-25,203932,Aaron Gordon,1610612743,0.91,0.06,-0.19,0.9402,0.38,-0.5602,0.3677,0.3677,5970
2024-25,1629627,Zion Williamson,1610612740,1.98,3.47,-0.07,2.0876,0.8,-1.2876,0.7584,0.7584,3647
2024-25,1629026,Kenrich Williams,1610612760,0.57,1.19,-0.07,0.5963,0.56,-0.0363,0.5368,0.5368,4632
2024-25,1629130,Duncan Robinson,1610612748,0.55,1.61,0.16,0.5663,0.26,-0.3063,0.2529,0.2529,7165
2024-25,1628415,Dillon Brooks,1610612745,0.79,0.43,0.05,0.809,0.13,-0.679,0.1273,0.1273,9518
2024-25,1630167,Obi Toppin,1610612754,0.74,-2.74,0.01,0.7606,0.32,-0.44060000000000005,0.3103,0.3103,6381
2024-25,1629029,Luka Dončić,1610612742,0.79,1.71,-0.06,0.8165,0.24,-0.5765,0.2337,0.2337,7368
2024-25,1631217,Moussa Diabaté,1610612766,0.8,2.12,-0.5,0.8369,0.5,-0.3369,0.4804,0.4804,4891
2024-25,1630182,Josh Green,1610612766,-0.01,-0.07,-0.17,-0.0145,0.21,0.2245,0.2047,0.2047,7785
2024-25,1631133,Jabari Walker,1610612757,1.7,2.41,-0.33,1.8049,0.93,-0.8748999999999999,0.8743,0.8743,3140
2024-25,1629639,Tyler Herro,1610612748,0.68,0.25,0.07,0.6898,0.07,-0.6197999999999999,0.0687,0.0687,10901
2024-25,1630572,Sandro Mamukelashvili,1610612759,1.79,1.93,-0.07,1.922,1.12,-0.8019999999999998,1.0422,1.0422,2680
2024-25,1629640,Keldon Johnson,1610612759,0.62,-3.19,-0.19,0.6356,0.21,-0.4256000000000001,0.2045,0.2045,7505
2024-25,1629656,Quentin Grimes,1610612742,0.23,-1.09,-0.1,0.2307,0.16,-0.07069999999999999,0.1562,0.1562,8263
2024-25,1630598,Aaron Wiggins,1610612760,0.35,0.38,0.04,0.3632,0.21,-0.15320000000000003,0.2043,0.2043,7221
2024-25,1628379,Luke Kennard,1610612763,0.28,1.17,0.09,0.2911,0.27,-0.021100000000000008,0.2617,0.2617,6333
2024-25,1630577,Julian Champagnie,1610612759,0.27,-0.57,0,0.2792,0.16,-0.1192,0.1561,0.1561,7917
2024-25,202699,Tobias Harris,1610612765,0.55,5.17,0.01,0.5639,0.09,-0.4739,0.0881,0.0881,9425
2024-25,203952,Andrew Wiggins,1610612744,0.47,-2.61,-0.15,0.4804,0.17,-0.3104,0.1657,0.1657,7631
2024-25,1641708,Amen Thompson,1610612745,0.72,0.97,-0.08,0.7403,0.1,-0.6403,0.0978,0.0978,9080
2024-25,203081,Damian Lillard,1610612749,0.75,-1.42,-0.11,0.7697,0.12,-0.6497,0.1172,0.1172,8516
2024-25,1627751,Jakob Pöltl,1610612761,1.02,2.25,0.15,1.0462,0.19,-0.8562000000000001,0.1848,0.1848,7060
2024-25,1628418,Thomas Bryant,1610612748,0.07,1.23,0.07,0.0755,0.56,0.48450000000000004,0.5326,0.5326,3895
2024-25,1627777,Georges Niang,1610612739,-0.28,-1.53,-0.02,-0.2891,0.17,0.45910000000000006,0.1654,0.1654,7167
2024-25,1630231,KJ Martin,1610612755,0.18,1.7,-0.24,0.1849,0.55,0.36510000000000004,0.5228,0.5228,3840
2024-25,1626172,Kevon Looney,1610612744,0.63,0.55,-0.18,0.6589,0.41,-0.24890000000000007,0.3929,0.3929,4598
2024-25,1629023,P.J. Washington,1610612742,0.09,0.95,-0.14,0.0883,0.13,0.0417,0.1267,0.1267,7641
2024-25,1630527,Brandon Boston Jr.,1610612740,0.24,1.09,-0.13,0.2554,0.4823,0.2269,0.4595,0.4595,4038
2024-25,1630631,Jose Alvarado,1610612740,0.02,0.77,0.39,0.0192,0.26,0.24080000000000001,0.2511,0.2511,5672
2024-25,1630241,Sam Merrill,1610612739,0.55,1.04,0.09,0.5667,0.24,-0.3267,0.232,0.232,5801
2024-25,1630188,Jalen Smith,1610612741,0.52,1.94,-0.09,0.5442,0.44,-0.10420000000000001,0.4198,0.4198,4157
2024-25,1630224,Jalen Green,1610612745,0.25,-1.98,0.03,0.2529,0,-0.2529,0,0,10969
2024-25,1626166,Cameron Payne,1610612752,0.29,1.88,0.44,0.305,0.38,0.07500000000000001,0.3636,0.3636,4428
2024-25,1630171,Isaac Okoro,1610612739,0.73,2.13,-0.15,0.7631,0.39,-0.3731,0.3728,0.3728,4345
2024-25,1642276,Kel'el Ware,1610612748,0.34,0.26,0.03,0.349,0.23,-0.11899999999999997,0.2222,0.2222,5710
2024-25,1628374,Lauri Markkanen,1610612762,0.54,-0.34,-0.2,0.5565,0.19,-0.3665,0.184,0.184,6152
2024-25,1630559,Austin Reaves,1610612747,0.29,0.06,-0.1,0.2929,0,-0.2929,0,0,10582
2024-25,202692,Alec Burks,1610612748,1.21,2.19,-0.04,1.2808,0.57,-0.7108,0.5381,0.5381,3377
2024-25,1629684,Grant Williams,1610612766,0.21,3.25,-0.39,0.2298,1.2207,0.9908999999999999,1.1076,1.1076,1958
2024-25,1630166,Deni Avdija,1610612757,0.74,0.75,-0.34,0.7592,0.04,-0.7192,0.0391,0.0391,8956
2024-25,1629652,Luguentz Dort,1610612760,0.45,-1.44,0.13,0.4646,0.05,-0.4146,0.0489,0.0489,8626
2024-25,1630217,Desmond Bane,1610612763,0.64,2.45,0.15,0.6535,0.02,-0.6335,0.0196,0.0196,9508
2024-25,1641726,Dereck Lively II,1610612742,1.07,3.6,-0.07,1.1322,0.53,-0.6022000000000001,0.501,0.501,3451
2024-25,1630194,Paul Reed,1610612765,0.95,1.91,-0.06,1.0525,1.29,0.23750000000000004,1.1627,1.1627,1827
2024-25,1626164,Devin Booker,1610612756,-0.17,0.35,-0.18,-0.1727,-0.03,0.1427,-0.0295,-0.0295,11430
2024-25,201572,Brook Lopez,1610612749,0.39,1.6,0.04,0.3988,-0.01,-0.4088,-0.0098,-0.0098,10423
2024-25,1627750,Jamal Murray,1610612743,0.46,1.08,0.22,0.4723,0,-0.4723,0,0,10017
2024-25,1628960,Grayson Allen,1610612756,0.16,-0.16,-0.12,0.1689,0.15,-0.0189,0.1454,0.1454,6277
2024-25,1628988,Aaron Holiday,1610612745,0.63,-0.11,0.1,0.6644,0.48,-0.1844,0.4523,0.4523,3271
2024-25,1641740,Jaylen Clark,1610612750,1.74,-0.58,-0.38,1.9022,0.86,-1.0421999999999998,0.787,0.787,2157
2024-25,1629638,Nickeil Alexander-Walker,1610612750,-0.05,1.38,-0.15,-0.0528,0.01,0.0628,0.0098,0.0098,8480
2024-25,1631204,Marcus Sasser,1610612765,0.64,1.76,-0.01,0.6753,0.41,-0.26530000000000004,0.3875,0.3875,3449
2024-25,1629731,Dean Wade,1610612739,0.11,2.02,-0.1,0.1093,0.17,0.06070000000000002,0.1637,0.1637,5213
2024-25,1631207,Dalen Terry,1610612741,-0.07,-4.71,-0.23,-0.0721,0.26,0.3321,0.2484,0.2484,4286
2024-25,1641744,Zach Edey,1610612763,0.21,-0.37,-0.03,0.2151,0.1,-0.11510000000000001,0.0968,0.0968,6097
2024-25,1630643,Jay Huff,1610612763,1.22,-2.01,0.04,1.296,0.44,-0.8560000000000001,0.414,0.414,3184
2024-25,1631260,AJ Green,1610612749,0.45,0.57,0.03,0.4584,0.04,-0.4184,0.0388,0.0388,6755
2024-25,1630540,Miles McBride,1610612752,0.27,2.98,0.17,0.2766,0.05,-0.22660000000000002,0.0485,0.0485,6500
2024-25,203939,Dwight Powell,1610612742,0.07,-0.07,-0.51,0.0787,0.69,0.6113,0.6326,0.6326,2206
2024-25,1629312,Haywood Highsmith,1610612748,-0.03,0.77,0.02,-0.0352,0.01,0.045200000000000004,0.0097,0.0097,7260
2024-25,1630548,Johnny Juzang,1610612762,0.39,-1.19,-0.08,0.4094,0.11,-0.2994,0.106,0.106,5273
2024-25,203484,Kentavious Caldwell-Pope,1610612753,0.47,-0.04,-0.09,0.4788,-0.05,-0.5288,-0.0489,-0.0489,9099
2024-25,1628371,Jonathan Isaac,1610612753,0.25,-1.17,-0.09,0.2586,0.18,-0.0786,0.1721,0.1721,4369
2024-25,1641764,Brandin Podziemski,1610612744,0.5,2.97,-0.05,0.5095,0.01,-0.49949999999999994,0.0097,0.0097,6993
2024-25,1630228,Jonathan Kuminga,1610612744,0.04,0.35,-0.44,0.037,0.15,0.11299999999999999,0.1438,0.1438,4641
2024-25,1642272,Jared McCain,1610612755,0.75,0.63,-0.07,0.8158,0.5426,-0.2732,0.5007,0.5007,2392
2024-25,1630570,Trendon Watford,1610612751,-0.29,-0.27,-0.27,-0.3031,0.26,0.5630999999999999,0.2463,0.2463,3596
2024-25,1627780,Gary Payton II,1610612744,1.34,0.9,-0.03,1.4066,0.23,-1.1766,0.2185,0.2185,3791
2024-25,1627747,Caris LeVert,1610612739,0.25,1.19,-0.07,0.2541,0.01,-0.24409999999999998,0.0097,0.0097,6779
2024-25,1642024,Alex Reese,1610612760,0.78,4.09,-0.14,0.9317,1.8276,0.8958999999999999,1.5228,1.5228,999
2024-25,203991,Clint Capela,1610612737,0,-1.38,0.05,-0.0012,0.11,0.11120000000000001,0.1056,0.1056,4846
2024-25,1627832,Fred VanVleet,1610612745,0.43,0.99,0.25,0.4368,-0.05,-0.4868,-0.0488,-0.0488,8397
2024-25,1629674,Neemias Queta,1610612738,0.13,-0.06,-0.5,0.1357,0.28,0.14430000000000004,0.2641,0.2641,3323
2024-25,201950,Jrue Holiday,1610612738,0.03,-0.91,-0.13,0.028,-0.04,-0.068,-0.039,-0.039,7860
2024-25,1631110,Jeremy Sochan,1610612759,0.03,0.71,-0.24,0.0351,0.04,0.004900000000000002,0.0386,0.0386,5657
2024-25,1628368,De'Aaron Fox,1610612758,0.03,1.02,0.05,0.034,-0.08,-0.114,-0.0783,-0.0783,9335
2024-25,1642271,Kyle Filipowski,1610612762,0.1,-0.31,-0.28,0.1047,0,-0.1047,0,0,6432
2024-25,1641787,Tosan Evbuomwan,1610612751,0.32,1.47,-0.3,0.3473,0.37,0.022699999999999998,0.3441,0.3441,2656
2024-25,1630533,Ziaire Williams,1610612751,-0.12,-2.02,-0.21,-0.1248,0,0.1248,0,0,6216
2024-25,201143,Al Horford,1610612738,0.24,1.43,-0.12,0.2436,-0.02,-0.2636,-0.0194,-0.0194,6682
2024-25,1629673,Jordan Poole,1610612764,0.41,-0.82,-0.02,0.4191,-0.07,-0.4891,-0.0684,-0.0684,8417
2024-25,1630696,Dru Smith,1610612748,1.58,1.88,-0.05,1.8654,1.3691,-0.49629999999999996,1.1571,1.1571,1092
2024-25,1626158,Richaun Holmes,1610612764,1.22,1.34,-0.38,1.3308,0.46,-0.8708,0.4226,0.4226,2259
2024-25,1641824,Matas Buzelis,1610612741,0.09,-0.47,-0.11,0.0973,-0.03,-0.1273,-0.0291,-0.0291,6630
2024-25,1627752,Taurean Prince,1610612749,-0.11,-1.63,0.02,-0.1132,-0.09,0.0232,-0.088,-0.088,8916
2024-25,1630539,Kai Jones,1610612746,2.56,0.1,-0.06,2.8355,0.59,-2.2455000000000003,0.5333,0.5333,1881
2024-25,1630264,Anthony Gill,1610612764,1.1,1.22,-0.62,1.2355,0.72,-0.5155000000000001,0.6411,0.6411,1626
2024-25,1630625,Dalano Banton,1610612757,-0.78,2.36,0.05,-0.8123,0.05,0.8623000000000001,0.0479,0.0479,4609
2024-25,201145,Jeff Green,1610612745,1.07,-2.89,-0.29,1.2011,0.67,-0.5311,0.5966,0.5966,1626
2024-25,1630549,Day'Ron Sharpe,1610612751,0.72,2.82,0.05,0.7552,0.14,-0.6152,0.1325,0.1325,3558
2024-25,203937,Kyle Anderson,1610612744,0.23,-1.84,0.17,0.2424,0.08,-0.1624,0.0763,0.0763,4127
2024-25,1628998,Cody Martin,1610612766,-0.1,2.91,-0.16,-0.1075,0.03,0.1375,0.0288,0.0288,4817
2024-25,1631230,Dominick Barlow,1610612737,0.7,0.67,-0.18,0.787,0.67,-0.11699999999999999,0.5956,0.5956,1602
2024-25,1641796,Pelle Larsson,1610612748,0.03,0.69,-0.23,0.0329,0.2,0.16710000000000003,0.1878,0.1878,3071
2024-25,1629726,Garrison Mathews,1610612737,0.41,-1.01,-0.24,0.4307,0.14,-0.2907,0.1324,0.1324,3507
2024-25,203903,Jordan Clarkson,1610612762,-0.12,-1.17,-0.09,-0.1304,0.08,0.21039999999999998,0.0762,0.0762,4009
2024-25,1629750,Javonte Green,1610612740,-0.21,1.01,-0.16,-0.2167,0,0.2167,0,0,5154
2024-25,1629057,Robert Williams III,1610612757,1.04,0.69,0.15,1.1774,0.7331,-0.44430000000000003,0.6446,0.6446,1456
2024-25,1631131,Oscar Tshiebwe,1610612762,1.86,2.43,-0.57,2.2036,1.1,-1.1035999999999997,0.9299,0.9299,1093
2024-25,1630591,Jalen Suggs,1610612753,-0.39,0.56,0.1,-0.4138,0.0585,0.4723,0.0557,0.0557,4056
2024-25,1631096,Chet Holmgren,1610612760,0.46,2.81,-0.09,0.4821,0.09,-0.3921,0.0854,0.0854,3696
2024-25,1630557,Corey Kispert,1610612764,0.09,1.14,-0.1,0.0922,-0.07,-0.1622,-0.0679,-0.0679,6614
2024-25,1631221,Collin Gillespie,1610612756,0.7,-0.14,0.27,0.7776,0.46,-0.31759999999999994,0.4151,0.4151,1847
2024-25,1629680,Matisse Thybulle,1610612757,1.77,0,0.08,2.0422,0.7778,-1.2643999999999997,0.6752,0.6752,1316
2024-25,1630531,Jaden Springer,1610612738,-0.04,0.22,-0.44,-0.0493,0.63,0.6793,0.5546,0.5546,1472
2024-25,1629014,Anfernee Simons,1610612757,0.25,-0.61,0.11,0.2504,-0.13,-0.3804,-0.1273,-0.1273,9310
2024-25,1628978,Donte DiVincenzo,1610612750,0.4,0.26,0.15,0.4146,-0.08,-0.49460000000000004,-0.0777,-0.0777,6658
2024-25,1628366,Lonzo Ball,1610612741,0.36,3.3,0.11,0.3799,0.1,-0.27990000000000004,0.0944,0.0944,3363
2024-25,1631255,Karlo Matković,1610612740,0.65,2.44,0.04,0.687,0.11,-0.5770000000000001,0.1036,0.1036,3253
2024-25,1641711,Gradey Dick,1610612761,-0.2,-0.19,-0.04,-0.209,-0.09,0.119,-0.0874,-0.0874,6624
2024-25,1641774,Tristan Vukcevic,1610612764,0.62,-0.37,-0.15,0.6772,0.29,-0.38720000000000004,0.265,0.265,2122
2024-25,1630170,Devin Vassell,1610612759,0.19,-2.93,0.03,0.1977,-0.12,-0.3177,-0.1171,-0.1171,7989
2024-25,1631095,Jabari Smith Jr.,1610612745,0.08,-0.5,-0.16,0.0842,-0.1,-0.1842,-0.0972,-0.0972,6903
2024-25,1629021,Moritz Wagner,1610612753,1.41,-0.73,-0.48,1.5326,0.2411,-1.2914999999999999,0.2216,0.2216,2282
2024-25,1641730,Noah Clowney,1610612751,-0.34,-1.78,-0.21,-0.3566,0,0.3566,0,0,4216
2024-25,203114,Khris Middleton,1610612749,0.41,0.82,-0.01,0.4339,0.05,-0.3839,0.0473,0.0473,3552
2024-25,1629622,Max Strus,1610612739,-0.05,0.93,0.1,-0.0531,-0.06,-0.006899999999999996,-0.0578,-0.0578,5381
2024-25,1629011,Mitchell Robinson,1610612752,0.86,1.09,0.11,1.0062,0.795,-0.21119999999999994,0.6762,0.6762,1139
2024-25,1628470,Torrey Craig,1610612741,0.02,-2.46,-0.05,0.024,0.67,0.646,0.5785,0.5785,1265
2024-25,1641741,Ricky Council IV,1610612755,-0.88,1.04,-0.28,-0.9109,-0.05,0.8609,-0.0481,-0.0481,5086
2024-25,1630163,LaMelo Ball,1610612766,-0.03,0.08,0.2,-0.036,-0.09,-0.054,-0.0872,-0.0872,6267
2024-25,1641810,Antonio Reeves,1610612740,0.82,2.2,0,0.8799,0.14,-0.7399,0.1304,0.1304,2711
2024-25,1627741,Buddy Hield,1610612744,0.44,-0.77,0.08,0.4482,-0.12,-0.5682,-0.1169,-0.1169,7528
2024-25,1631218,Trayce Jackson-Davis,1610612744,0.12,-0.96,-0.31,0.1249,-0.01,-0.1349,-0.0095,-0.0095,4137
2024-25,1631209,Isaiah Wong,1610612766,-0.14,2.31,-0.26,-0.167,0.7462,0.9132,0.6338,0.6338,1127
2024-25,1626162,Kelly Oubre Jr.,1610612755,0.19,-0.49,-0.2,0.1953,-0.14,-0.33530000000000004,-0.1367,-0.1367,8388
2024-25,201144,Mike Conley,1610612750,0.3,-0.08,0.13,0.3099,-0.12,-0.4299,-0.1167,-0.1167,7101
2024-25,1630639,A.J. Lawson,1610612761,-0.08,0.51,-0.16,-0.0873,0.23,0.3173,0.2098,0.2098,2076
2024-25,203926,Doug McDermott,1610612758,1.33,1.03,0.08,1.5189,0.49,-1.0289,0.4282,0.4282,1386
2024-25,1642366,Quinten Post,1610612744,0.63,-3.16,0.01,0.6729,0.09,-0.5829000000000001,0.0838,0.0838,2699
2024-25,1641727,Dariq Whitehead,1610612751,0.83,0.8,-0.03,0.9903,0.73,-0.2603,0.6117,0.6117,1034
2024-25,203944,Julius Randle,1610612750,-0.53,0.64,-0.37,-0.5376,-0.16,0.37759999999999994,-0.1565,-0.1565,8998
2024-25,1642261,Dalton Knecht,1610612747,0.24,-1.15,-0.06,0.2525,-0.11,-0.3625,-0.1064,-0.1064,5956
2024-25,1631107,Nikola Jović,1610612748,0.34,-0.53,-0.11,0.3565,-0.0719,-0.4284,-0.0689,-0.0689,4572
2024-25,1628380,Zach Collins,1610612759,0.03,1.79,-0.06,0.0361,-0.05,-0.08610000000000001,-0.0476,-0.0476,4039
2024-25,1631157,Ryan Rollins,1610612749,0.35,0.77,0.1,0.3751,-0.02,-0.3951,-0.0189,-0.0189,3402
2024-25,1629626,Bol Bol,1610612756,0.56,-0.49,0.03,0.6217,0.17,-0.4517,0.1538,0.1538,1903
2024-25,1642382,Branden Carlson,1610612760,-0.44,-1.02,0.05,-0.5201,0.6,1.1200999999999999,0.5021,0.5021,1026
2024-25,1642349,Ajay Mitchell,1610612760,0.2,-0.15,0.01,0.2203,0.08,-0.14029999999999998,0.0737,0.0737,2348
2024-25,1626167,Myles Turner,1610612754,0.43,-0.08,-0.08,0.4392,-0.17,-0.6092,-0.1662,-0.1662,8645
2024-25,1630560,Cam Thomas,1610612751,-0.25,-1.22,-0.34,-0.2678,-0.01,0.2578,-0.0094,-0.0094,3125
2024-25,1628975,Jevon Carter,1610612741,0.08,2.8,0.16,0.0923,0.35,0.2577,0.3053,0.3053,1366
2024-25,1641989,Elijah Harkless,1610612762,0.21,3.33,0,0.285,1.3311,1.0461,0.9924,0.9924,586
2024-25,1628420,Monté Morris,1610612756,0.7,0.32,-0.06,0.76,0.06,-0.7,0.0553,0.0553,2343
2024-25,1630249,Vít Krejčí,1610612737,0.68,0.39,0.08,0.7054,-0.11,-0.8154,-0.1056,-0.1056,4749
2024-25,1628963,Marvin Bagley III,1610612764,0.4,0.31,-0.18,0.4739,0.41,-0.06390000000000001,0.3501,0.3501,1170
2024-25,1631466,Nate Williams,1610612745,-1.4,-0.05,0.02,-1.8368,1.06,2.8968,0.8076,0.8076,640
2024-25,1630169,Tyrese Haliburton,1610612754,0.82,-0.1,0.44,0.8411,-0.19,-1.0311,-0.1862,-0.1862,9847
2024-25,1641767,Ben Sheppard,1610612754,-0.23,-1.5,0.07,-0.2392,-0.13,0.10919999999999999,-0.125,-0.125,5035
2024-25,1631116,Patrick Baldwin Jr.,1610612764,3.19,2.46,0,4.6818,1.79,-2.8918,1.2208,1.2208,429
2024-25,1642258,Zaccharie Risacher,1610612737,-0.31,-1.45,-0.03,-0.3183,-0.18,0.13830000000000003,-0.1755,-0.1755,7854
2024-25,1631243,Mouhamed Gueye,1610612737,0.11,0.2,0.1,0.1148,0.02,-0.0948,0.0184,0.0184,2242
2024-25,1641763,Julian Phillips,1610612741,0.22,-0.98,-0.33,0.2278,-0.13,-0.3578,-0.1247,-0.1247,4675
2024-25,1629001,De'Anthony Melton,1610612744,1.07,1.94,0.15,1.4776,1.2134,-0.2642,0.8796,0.8796,527
2024-25,1631111,Wendell Moore Jr.,1610612765,0.26,0.75,-0.03,0.2893,0.04,-0.2493,0.0364,0.0364,2039
2024-25,1630205,Lamar Stevens,1610612763,0.03,2.35,-0.08,0.0385,0.8718,0.8333,0.6642,0.6642,640
2024-25,1627739,Kris Dunn,1610612746,0.24,0.81,0.39,0.2486,-0.18,-0.4286,-0.1752,-0.1752,7311
2024-25,1630692,Jordan Goodwin,1610612747,-0.2,-0.29,0.07,-0.2155,0,0.2155,0,0,2216
2024-25,201587,Nicolas Batum,1610612746,0.63,2.04,0.1,0.6541,-0.16,-0.8141,-0.1544,-0.1544,5508
2024-25,1630545,Terrence Shannon Jr.,1610612750,0.46,1.33,-0.19,0.5266,0.15,-0.37659999999999993,0.1316,0.1316,1428
2024-25,1641724,Jett Howard,1610612753,-1.13,-0.93,-0.04,-1.2025,-0.07,1.1324999999999998,-0.0655,-0.0655,2912
2024-25,1630611,Gui Santos,1610612744,-0.37,3.41,-0.23,-0.3973,-0.08,0.31729999999999997,-0.0751,-0.0751,3041
2024-25,1629659,Talen Horton-Tucker,1610612741,0.23,-0.09,-0.28,0.2447,-0.09,-0.3347,-0.0846,-0.0846,3122
2024-25,1627759,Jaylen Brown,1610612738,-0.2,0.6,-0.42,-0.2029,-0.2,0.002899999999999986,-0.1956,-0.1956,8799
2024-25,1629643,Chuma Okeke,1610612755,0.38,0.79,0.01,0.4757,0.4598,-0.015900000000000025,0.3701,0.3701,826
2024-25,1631098,Johnny Davis,1610612764,0.38,0.38,0,0.4509,0.3037,-0.1472,0.2527,0.2527,991
2024-25,1630193,Immanuel Quickley,1610612761,1.01,0.21,0.28,1.0585,-0.13,-1.1885,-0.1235,-0.1235,3787
2024-25,1627763,Malcolm Brogdon,1610612764,0.09,-0.15,-0.2,0.0997,-0.0555,-0.1552,-0.0512,-0.0512,2359
2024-25,1631342,Daeqwon Plowden,1610612737,2.6,0.49,-0.07,4.3848,2.23,-2.1548000000000003,1.3216,1.3216,291
2024-25,1628396,Tony Bradley,1610612754,1.74,0.42,0.19,2.4509,0.94,-1.5109,0.666,0.666,486
2024-25,1641720,Jalen Hood-Schifino,1610612747,-2.11,1.06,-0.16,-2.452,0.1,2.552,0.0862,0.0862,1247
2024-25,1630208,Nick Richards,1610612766,-0.74,-1.22,-0.58,-0.7643,-0.18,0.5843,-0.1733,-0.1733,5185
2024-25,202687,Bismack Biyombo,1610612759,-1.13,-1.44,-0.08,-1.2326,-0.08,1.1525999999999998,-0.0733,-0.0733,2171
2024-25,1641890,Tyler Smith,1610612749,1.22,0.31,-0.09,1.7241,0.74,-0.9841,0.5252,0.5252,489
2024-25,1641871,Duop Reath,1610612757,-0.09,-1.42,-0.05,-0.0962,-0.07,0.026199999999999987,-0.0635,-0.0635,1949
2024-25,1642348,Justin Edwards,1610612755,-0.5,-2.22,-0.04,-0.5224,-0.19,0.3324,-0.1821,-0.1821,4636
2024-25,1631321,Sidy Cissoko,1610612759,0.32,0.05,-0.19,0.4605,0.73,0.26949999999999996,0.5019,0.5019,440
2024-25,1629013,Landry Shamet,1610612752,0.72,2.01,0,0.7701,-0.16,-0.9301,-0.1503,-0.1503,3088
2024-25,1630230,Naji Marshall,1610612742,-0.17,-0.34,0,-0.1715,-0.22,-0.04849999999999999,-0.2146,-0.2146,7960
2024-25,1629646,Charles Bassey,1610612759,-0.21,-2.16,-0.02,-0.2323,-0.06,0.1723,-0.0532,-0.0532,1568
2024-25,1630537,Chris Duarte,1610612741,1.57,1.41,-0.19,2.5488,1.1938,-1.355,0.7337,0.7337,319
2024-25,1630283,Kylor Kelley,1610612742,-0.34,-0.73,-0.37,-0.4706,0.49,0.9606,0.3524,0.3524,512
2024-25,203914,Gary Harris,1610612753,0.26,0.54,-0.03,0.2762,-0.16,-0.43620000000000003,-0.1495,-0.1495,2862
2024-25,1630538,Bones Hyland,1610612746,0.45,-0.41,0.12,0.5421,0.04,-0.5021,0.0332,0.0332,968
2024-25,1641809,Drew Peterson,1610612738,-0.03,1.87,-0.27,-0.0332,0.14,0.17320000000000002,0.1094,0.1094,714
2024-25,202685,Jonas Valančiūnas,1610612764,-0.15,-1.38,-0.1,-0.1591,-0.22,-0.06090000000000001,-0.213,-0.213,6064
2024-25,1642484,RayJ Dennis,1610612754,2.25,-0.19,0.6,3.8834,1.1246,-2.7588,0.6511,0.6511,275
2024-25,1629162,Jordan McLaughlin,1610612758,1.21,2.57,-0.14,1.4037,-0.07,-1.4737,-0.0604,-0.0604,1256
2024-25,1628365,Markelle Fultz,1610612758,-1.27,-0.06,0.25,-1.6048,0.07,1.6748,0.0555,0.0555,766
2024-25,1631303,Justin Minaya,1610612757,-0.6,-0.67,0,-0.8946,0.41,1.3046,0.2749,0.2749,407
2024-25,1631132,Christian Koloko,1610612747,0,0.33,-0.2,0.0045,-0.12,-0.1245,-0.1053,-0.1053,1428
2024-25,1641738,Kobe Brown,1610612746,-1.09,-0.17,0.02,-1.2887,-0.07,1.2187,-0.0589,-0.0589,1066
2024-25,1628981,Bruno Fernando,1610612761,-0.22,0.43,0.11,-0.2924,0.0855,0.3779,0.0652,0.0652,640
2024-25,1630314,Brandon Williams,1610612742,1.38,1.99,-0.08,1.5199,-0.17,-1.6899,-0.1548,-0.1548,2040
2024-25,1629650,Moses Brown,1610612754,1.9,-0.17,-0.07,2.6282,0.18,-2.4482,0.1298,0.1298,517
2024-25,1631197,Jared Rhoden,1610612766,1.54,0.77,-0.11,1.8573,-0.06,-1.9173,-0.0496,-0.0496,955
2024-25,1629003,Shake Milton,1610612751,-0.25,-0.27,-0.18,-0.2598,-0.21,0.04979999999999998,-0.1984,-0.1984,3407
2024-25,1630578,Alperen Sengun,1610612745,-0.32,3.46,-0.13,-0.3228,-0.24,0.08279999999999998,-0.2351,-0.2351,9596
2024-25,1642403,Isaac Jones,1610612758,0.68,-3.04,-0.37,0.788,-0.12,-0.908,-0.1032,-0.1032,1229
2024-25,1630604,E.J. Liddell,1610612741,0.31,0.71,-0.2,0.5895,1.09,0.5005000000000001,0.5722,0.5722,221
2024-25,1628971,Bruce Brown,1610612761,-0.56,-2.45,0.04,-0.5941,-0.22,0.3741,-0.209,-0.209,3799
2024-25,1630543,Isaiah Jackson,1610612754,0.3,0.61,-0.02,0.4634,0.3507,-0.11269999999999997,0.2261,0.2261,363
2024-25,1631301,Jaylen Sims,1610612766,0.56,0,-0.43,0.7992,0.1588,-0.6404000000000001,0.1108,0.1108,462
2024-25,1629111,Jock Landale,1610612745,-0.02,-1.29,-0.26,-0.0252,-0.2,-0.1748,-0.183,-0.183,2153
2024-25,1626153,Delon Wright,1610612749,-0.52,0.22,0.11,-0.5615,-0.21,0.35150000000000003,-0.1948,-0.1948,2571
2024-25,1641878,Damion Baugh,1610612766,-1.69,-3.02,0.24,-1.9103,-0.19,1.7203000000000002,-0.168,-0.168,1530
2024-25,1642270,Donovan Clingan,1610612757,-0.02,0.57,-0.11,-0.0211,-0.24,-0.21889999999999998,-0.2315,-0.2315,5452
2024-25,1642368,N'Faly Dante,1610612745,0.79,0.8,-0.17,1.5126,0.6294,-0.8832,0.3283,0.3283,218
2024-25,1630256,Jae'Sean Tate,1610612745,-0.04,-0.13,-0.23,-0.0472,-0.22,-0.1728,-0.2035,-0.2035,2459
2024-25,1628995,Kevin Knox II,1610612744,-1.53,-1.34,-0.06,-2.4068,0.16,2.5668,0.1017,0.1017,349
2024-25,1630322,Lindy Waters III,1610612744,0.14,-0.19,0.07,0.1536,-0.23,-0.3836,-0.2165,-0.2165,3204
2024-25,1629723,John Konchar,1610612763,0.55,-0.56,0.04,0.5892,-0.23,-0.8191999999999999,-0.2129,-0.2129,2491
2024-25,203109,Jae Crowder,1610612758,-0.66,-0.25,-0.23,-0.9699,-0.02,0.9499,-0.0136,-0.0136,421
2024-25,1627814,Damion Lee,1610612756,0.3,0.49,-0.14,0.4056,-0.12,-0.5256000000000001,-0.0901,-0.0901,604
2024-25,1641715,Cam Whitmore,1610612745,0.22,0.55,0.03,0.2359,-0.24,-0.4759,-0.2267,-0.2267,3406
2024-25,1631127,Harrison Ingram,1610612759,1.62,0.23,0.24,3.8292,0.9474,-2.8818,0.4013,0.4013,147
2024-25,1631119,Jaylin Williams,1610612760,0.18,1.15,0.15,0.1932,-0.24,-0.43320000000000003,-0.2264,-0.2264,3323
2024-25,1628427,Vlatko Čančar,1610612743,-0.95,0.79,-0.05,-1.2921,-0.13,1.1621000000000001,-0.0958,-0.0958,560
2024-25,1627824,Guerschon Yabusele,1610612755,-0.29,0.98,-0.21,-0.2967,-0.25,0.04670000000000002,-0.2436,-0.2436,7585
2024-25,1630658,Colin Castleton,1610612763,-0.27,1.1,-0.24,-0.3002,-0.23,0.07020000000000001,-0.2064,-0.2064,1749
2024-25,203078,Bradley Beal,1610612756,-0.1,-3.72,-0.05,-0.0998,-0.25,-0.1502,-0.2431,-0.2431,7020
2024-25,1631245,Quenton Jackson,1610612754,1.29,0.38,-0.06,1.4521,-0.23,-1.6821,-0.2047,-0.2047,1621
2024-25,203957,Danté Exum,1610612742,0.1,-0.29,0.05,0.1159,-0.23,-0.3459,-0.2035,-0.2035,1538
2024-25,1630222,Mason Jones,1610612758,0.74,0.12,0.18,1.602,0.44,-1.1620000000000001,0.2028,0.2028,171
2024-25,1642352,Keshad Johnson,1610612748,1.96,0.59,-0.18,2.9048,-0.11,-3.0147999999999997,-0.0742,-0.0742,414
2024-25,1630526,Jeremiah Robinson-Earl,1610612740,-0.64,-1.27,-0.09,-0.6701,-0.25,0.42010000000000003,-0.2406,-0.2406,5128
2024-25,1642353,Cam Christie,1610612746,-0.56,0.54,0.21,-1.0302,0.09,1.1202,0.049,0.049,239
2024-25,1641736,Reece Beekman,1610612744,-0.37,-0.84,-0.06,-0.4106,-0.24,0.17060000000000003,-0.2171,-0.2171,1893
2024-25,1641752,Bobi Klintman,1610612765,0.83,-0.13,0.06,1.964,0.3912,-1.5728,0.1644,0.1644,145
2024-25,1642384,Isaiah Crawford,1610612758,0.93,0.36,-0.22,1.9567,0.15,-1.8067000000000002,0.0717,0.0717,183
2024-25,1641706,Brandon Miller,1610612766,0.32,-1.11,0.1,0.3394,-0.2541,-0.5934999999999999,-0.2414,-0.2414,3790
2024-25,1630201,Malachi Flynn,1610612766,0.21,0.41,-0.06,0.516,0.2298,-0.2862,0.095,0.095,141
2024-25,1642280,Trentyn Flowers,1610612746,-0.32,0.7,-0.32,-0.8671,0.46,1.3271,0.1679,0.1679,115
2024-25,1631159,Leonard Miller,1610612750,1.25,-0.68,-0.1,3.1514,0.29,-2.8614,0.1148,0.1148,131
2024-25,1641798,Jaylen Martin,1610612751,-0.3,-0.32,-0.03,-0.3595,-0.2532,0.1063,-0.211,-0.211,999
2024-25,1641936,Miles Norris,1610612738,0.44,-0.14,-0.04,1.1253,0.177,-0.9482999999999999,0.0697,0.0697,130
2024-25,1642050,Jackson Rowe,1610612744,0.56,0.43,-0.15,1.0437,-0.18,-1.2237,-0.0959,-0.0959,228
2024-25,1631232,Keion Brooks Jr.,1610612740,0.19,-0.81,-0.21,0.218,-0.2622,-0.48019999999999996,-0.2293,-0.2293,1396
2024-25,1641755,Kevin McCullar Jr.,1610612752,0.09,0,-0.22,0.2278,0.0098,-0.218,0.0038,0.0038,124
2024-25,1642443,Jahmir Young,1610612741,-0.08,-0.05,-0.19,-0.2039,-0.0888,0.1151,-0.035,-0.035,130
2024-25,1631386,Tazé Moore,1610612757,0.4,0.06,-0.15,1.2858,0.2058,-1.08,0.0634,0.0634,89
2024-25,1628408,PJ Dozier,1610612750,0.15,-0.47,-0.62,0.3575,-0.1759,-0.5334,-0.0751,-0.0751,149
2024-25,1630618,D.J. Carton,1610612761,-0.89,0.7,0.25,-2.0679,-0.1883,1.8796,-0.081,-0.081,151
2024-25,1641707,Taylor Hendricks,1610612762,-0.61,-0.04,0.09,-0.991,-0.283,0.708,-0.1746,-0.1746,322
2024-25,1630600,Isaiah Mobley,1610612755,0.17,0,0.1,0.6221,0.1071,-0.515,0.0298,0.0298,77
2024-25,201567,Kevin Love,1610612748,-0.77,-0.27,0.04,-0.9143,-0.28,0.6343,-0.2356,-0.2356,1062
2024-25,1630191,Isaiah Stewart,1610612765,-0.22,-2.2,-0.08,-0.2237,-0.26,-0.0363,-0.2517,-0.2517,6066
2024-25,1641801,Emanuel Miller,1610612741,-0.27,-0.04,-0.04,-0.8657,-0.1603,0.7054,-0.0497,-0.0497,90
2024-25,1642449,Tolu Smith,1610612765,-0.02,0,-0.39,-0.087,-0.0734,0.013599999999999987,-0.0196,-0.0196,73
2024-25,1641789,Jazian Gortman,1610612742,-1.1,0.6,-0.03,-2.0191,-0.3416,1.6774999999999998,-0.186,-0.186,239
2024-25,1641766,Adama Sanogo,1610612741,-0.45,-0.17,0.1,-1.4583,-0.2733,1.185,-0.0835,-0.0835,88
2024-25,1631121,Bryce McGowens,1610612757,-3.42,-0.17,-0.18,-8.8471,-0.38,8.467099999999999,-0.1469,-0.1469,126
2024-25,1641879,Yuri Collins,1610612744,-0.36,-0.34,0.07,-1.3959,-0.2876,1.1082999999999998,-0.0746,-0.0746,70
2024-25,1630592,Jalen Wilson,1610612751,-0.32,0.72,-0.32,-0.3238,-0.26,0.06379999999999997,-0.2537,-0.2537,8064
2024-25,1642285,Cam Spencer,1610612763,0.81,-0.18,-0.13,0.9544,-0.29,-1.2444,-0.2459,-0.2459,1115
2024-25,1641803,Tristen Newton,1610612754,-1.05,-0.03,0.05,-3.8449,-0.5574,3.2875,-0.152,-0.152,75
2024-25,1631250,Pete Nance,1610612755,-0.87,-0.27,-0.09,-1.1933,-0.33,0.8633,-0.2409,-0.2409,541
2024-25,1631199,Ron Harper Jr.,1610612765,-0.98,0,-0.06,-4.9039,-0.5359,4.368,-0.1072,-0.1072,50
2024-25,1630296,Braxton Key,1610612744,-2.02,0,-0.35,-9.2362,-1.1381,8.0981,-0.249,-0.249,56
2024-25,1641739,Toumani Camara,1610612757,0.33,3.42,-0.01,0.3376,-0.26,-0.5976,-0.2551,-0.2551,10513
2024-25,200782,P.J. Tucker,1610612752,-0.95,0,-0.08,-1.7871,-0.4818,1.3053,-0.2551,-0.2551,225
2024-25,1642450,Daniss Jenkins,1610612765,-1.69,-0.48,-0.09,-6.5268,-1.0634,5.4634,-0.2757,-0.2757,70
2024-25,1630227,Daishen Nix,1610612750,-2.31,0.09,-0.37,-10.4191,-1.267,9.1521,-0.281,-0.281,57
2024-25,1641790,PJ Hall,1610612743,1.48,-0.72,-0.17,2.6427,-0.47,-3.1127000000000002,-0.2625,-0.2625,253
2024-25,1642502,Malevy Leons,1610612760,-1.71,-0.77,-0.51,-5.873,-1.2268,4.6462,-0.3567,-0.3567,82
2024-25,1641817,Anton Watson,1610612752,-2.03,-0.25,0.12,-6.2489,-1.1259,5.123,-0.3652,-0.3652,96
2024-25,1631123,Jamaree Bouyea,1610612749,-1.13,-0.28,-0.2,-2.2618,-0.6912,1.5706,-0.3447,-0.3447,199
2024-25,1629098,Jack McVeigh,1610612745,-1.34,0.35,0.06,-2.7599,-0.72,2.0399000000000003,-0.3508,-0.3508,190
2024-25,1641779,Jalen Bridges,1610612756,-0.38,0.11,-0.37,-1.027,-1.13,-0.10299999999999998,-0.4171,-0.4171,117
2024-25,1630561,David Duke Jr.,1610612759,0.7,0.55,0.01,1.6819,-0.96,-2.6418999999999997,-0.397,-0.397,141
2024-25,1631170,Jaime Jaquez Jr.,1610612748,-0.52,-2.48,-0.21,-0.5346,-0.27,0.26459999999999995,-0.2603,-0.2603,5390
2024-25,1641753,Chris Livingston,1610612749,-2.05,-1.73,-0.46,-3.058,-0.49,2.5679999999999996,-0.3288,-0.3288,408
2024-25,1642279,Ulrich Chomche,1610612761,-2.24,-0.72,-0.22,-5.8714,-1.4248,4.4466,-0.5426,-0.5426,123
2024-25,1630699,MarJon Beauchamp,1610612749,-0.37,1.12,-0.28,-0.4878,-0.42,0.06780000000000003,-0.3213,-0.3213,651
2024-25,1630649,Stanley Umude,1610612749,-1.85,-1.41,0.05,-2.9016,-0.59,2.3116000000000003,-0.377,-0.377,354
2024-25,1641772,Nae'Qwan Tomlin,1610612739,-0.37,-0.29,-0.31,-0.6385,-0.73,-0.09150000000000003,-0.4174,-0.4174,267
2024-25,1630585,Marcus Garrett,1610612766,-1.29,-0.28,0.25,-2.125,-0.6626,1.4624000000000001,-0.4033,-0.4033,311
2024-25,201949,James Johnson,1610612754,-2.53,0.09,0.02,-6.0973,-1.51,4.5873,-0.627,-0.627,142
2024-25,1628976,Wendell Carter Jr.,1610612753,-0.3,1.02,-0.3,-0.3043,-0.27,0.0343,-0.2626,-0.2626,7120
2024-25,1630762,Phillip Wheeler,1610612755,-2.41,0,-0.05,-5.2197,-1.2313,3.9883999999999995,-0.5693,-0.5693,172
2024-25,1642358,AJ Johnson,1610612749,-1.46,2.04,-0.12,-1.5694,-0.3,1.2693999999999999,-0.2786,-0.2786,2608
2024-25,1629628,RJ Barrett,1610612761,-0.41,-0.79,0.13,-0.4224,-0.27,0.15239999999999998,-0.2632,-0.2632,7729
2024-25,1641857,Liam Robbins,1610612749,-1.38,-0.68,-0.72,-2.5728,-1.0347,1.5381,-0.5568,-0.5568,233
2024-25,1630200,Tre Jones,1610612759,0.74,1.29,-0.02,0.7829,-0.29,-1.0729,-0.275,-0.275,3663
2024-25,202709,Cory Joseph,1610612753,0.47,0.26,0.06,0.5033,-0.31,-0.8132999999999999,-0.2867,-0.2867,2465
2024-25,203083,Andre Drummond,1610612755,-0.73,-3.1,-0.24,-0.7796,-0.3,0.47959999999999997,-0.2815,-0.2815,3050
2024-25,1641757,Jordan Miller,1610612746,-1.14,-0.49,-0.2,-1.2773,-0.34,0.9373,-0.304,-0.304,1687
2024-25,1631166,Drew Timme,1610612751,-0.81,0,-0.26,-0.9613,-0.3988,0.5625,-0.335,-0.335,1050
2024-25,1631102,TyTy Washington Jr.,1610612756,-1.83,0.18,0.08,-2.6389,-0.67,1.9689,-0.4657,-0.4657,456
2024-25,1630542,Marcus Bagley,1610612755,-0.96,0,-0.03,-1.1374,-0.4168,0.7205999999999999,-0.351,-0.351,1066
2024-25,1631210,Jacob Toppin,1610612752,-0.86,-0.39,0.02,-1.4486,-1.02,0.4286000000000001,-0.6087,-0.6087,296
2024-25,202704,Reggie Jackson,1610612755,-0.89,-0.08,0.23,-0.9989,-0.3649,0.634,-0.3235,-0.3235,1564
2024-25,1631216,Caleb Houstan,1610612753,0.98,-1.58,-0.06,1.0465,-0.31,-1.3565,-0.2913,-0.2913,3110
2024-25,1631169,Josh Minott,1610612750,0.68,-4.27,-0.15,0.7994,-0.41,-1.2094,-0.3506,-0.3506,1181
2024-25,1630243,Trevelin Queen,1610612753,-0.18,-0.96,0.04,-0.2016,-0.37,-0.1684,-0.3317,-0.3317,1731
2024-25,1642505,Alex Ducas,1610612760,-0.91,-2.66,-0.29,-1.2697,-0.72,0.5497000000000001,-0.5175,-0.5175,511
2024-25,1631306,Cole Swider,1610612765,-0.06,1.23,0.04,-0.0807,-0.56,-0.47930000000000006,-0.4394,-0.4394,729
2024-25,1629610,DaQuan Jeffries,1610612766,-0.51,1.62,0.04,-0.5328,-0.3,0.23280000000000006,-0.2867,-0.2867,4315
2024-25,1629234,Drew Eubanks,1610612762,-0.63,-3.12,-0.33,-0.6742,-0.32,0.3542,-0.3004,-0.3004,3072
2024-25,201988,Patty Mills,1610612762,-0.33,0.81,-0.08,-0.3784,-0.41,-0.03159999999999996,-0.3585,-0.3585,1392
2024-25,203500,Steven Adams,1610612745,-0.61,0.91,-0.24,-0.6527,-0.32,0.33269999999999994,-0.3014,-0.3014,3240
2024-25,1642422,Armel Traoré,1610612747,-1.42,-2.01,-0.21,-2.4472,-1.4063,1.0409,-0.8142,-0.8142,275
2024-25,1629020,Jarred Vanderbilt,1610612747,-0.61,0.67,-0.31,-0.66,-0.35,0.31000000000000005,-0.3226,-0.3226,2355
2024-25,1641712,Rayan Rupert,1610612757,-0.43,-1.68,-0.23,-0.4725,-0.37,0.10249999999999998,-0.336,-0.336,1978
2024-25,1631097,Bennedict Mathurin,1610612754,-0.16,2.1,-0.47,-0.1618,-0.28,-0.11820000000000003,-0.2738,-0.2738,8810
2024-25,1630346,Matt Ryan,1610612752,-1.75,-2.11,-0.02,-2.991,-1.5652,1.4258000000000002,-0.9157,-0.9157,282
2024-25,1630623,Tyson Etienne,1610612751,-1.58,0,-0.2,-2.0771,-0.7202,1.3569000000000002,-0.5492,-0.5492,642
2024-25,1631212,Peyton Watson,1610612743,-0.36,-0.5,-0.13,-0.366,-0.29,0.07600000000000001,-0.282,-0.282,7060
2024-25,1629052,Oshae Brissett,1610612755,-1.72,0,-0.36,-2.3374,-0.8117,1.5257,-0.5978,-0.5978,559
2024-25,1631222,Jake LaRavia,1610612763,-0.15,0.31,-0.17,-0.1563,-0.3,-0.1437,-0.2898,-0.2898,5688
2024-25,1642359,Pacôme Dadiet,1610612752,-2.33,-1.39,-0.21,-3.3727,-1.01,2.3627000000000002,-0.6988,-0.6988,449
2024-25,201569,Eric Gordon,1610612755,0.01,-0.88,-0.09,0.013,-0.342,-0.35500000000000004,-0.3215,-0.3215,3131
2024-25,1630811,Keaton Wallace,1610612737,-0.38,0.49,0.2,-0.4188,-0.4,0.018799999999999983,-0.3654,-0.3654,2112
2024-25,1629669,Jaylen Nowell,1610612740,-1.12,-0.96,0.19,-1.4607,-0.8012,0.6595000000000001,-0.6151,-0.6151,661
2024-25,1641732,Colby Jones,1610612758,0.04,-0.08,-0.15,0.0387,-0.41,-0.4487,-0.3735,-0.3735,2047
2024-25,204060,Joe Ingles,1610612750,-2.44,-0.57,0.32,-3.4862,-1.11,2.3762,-0.7777,-0.7777,468
2024-25,1642278,Tyler Kolek,1610612752,-1.94,-2.74,0.25,-2.2729,-0.55,1.7228999999999999,-0.4701,-0.4701,1177
2024-25,202066,Garrett Temple,1610612761,-0.88,1.05,0.09,-1.0716,-0.64,0.4316000000000001,-0.5281,-0.5281,944
2024-25,1641723,Kobe Bufkin,1610612737,-0.76,-1.88,-0.16,-1.0514,-1.0594,-0.008000000000000007,-0.7691,-0.7691,530
2024-25,203924,Jerami Grant,1610612757,-0.09,-1.79,-0.18,-0.0894,-0.31,-0.22060000000000002,-0.3004,-0.3004,6242
2024-25,1630550,JT Thor,1610612739,-1.03,-2.07,-0.37,-1.2399,-0.65,0.5899,-0.5414,-0.5414,997
2024-25,203468,CJ McCollum,1610612740,-0.17,-0.53,0.19,-0.1717,-0.3,-0.1283,-0.2924,-0.2924,7655
2024-25,200768,Kyle Lowry,1610612755,-0.39,-0.1,-0.06,-0.4229,-0.39,0.032899999999999985,-0.363,-0.363,2693
2024-25,1630528,Josh Christopher,1610612748,-2.68,-0.2,0.31,-4.454,-2.08,2.3739999999999997,-1.2497,-1.2497,301
2024-25,1642346,Ryan Dunn,1610612756,-0.32,-0.27,0.13,-0.3262,-0.32,0.006199999999999983,-0.3091,-0.3091,5655
2024-25,1641734,Emoni Bates,1610612739,-1.31,-1.2,0.13,-2.1735,-2.16,0.013500000000000068,-1.2994,-1.2994,302
2024-25,1631099,Keegan Murray,1610612758,-0.05,0.81,0.16,-0.0506,-0.29,-0.23939999999999997,-0.2847,-0.2847,10655
2024-25,1631223,David Roddy,1610612737,-0.48,-1.45,-0.14,-0.538,-0.48,0.05800000000000005,-0.4325,-0.4325,1823
2024-25,1642345,Oso Ighodaro,1610612756,-0.36,0.69,-0.33,-0.374,-0.35,0.02400000000000002,-0.3342,-0.3342,4222
2024-25,1642266,Ja'Kobe Walter,1610612761,0.18,0.71,-0.04,0.1893,-0.34,-0.5293,-0.3262,-0.3262,4721
2024-25,1631247,Luke Travers,1610612739,-3.98,-0.06,0,-6.2775,-2.02,4.2575,-1.2814,-1.2814,347
2024-25,1641783,Tristan da Silva,1610612753,-0.5,-0.32,-0.04,-0.5164,-0.32,0.19639999999999996,-0.3104,-0.3104,6500
2024-25,1642461,Spencer Jones,1610612743,-1.77,-2.06,-0.16,-2.4546,-1.39,1.0646000000000002,-1.0012,-1.0012,515
2024-25,203482,Kelly Olynyk,1610612761,-0.35,2.91,-0.09,-0.364,-0.38,-0.016000000000000014,-0.3604,-0.3604,3675
2024-25,1641842,Ronald Holland II,1610612765,-0.29,-2.91,-0.31,-0.3028,-0.34,-0.03720000000000001,-0.3277,-0.3277,5334
2024-25,1642269,Devin Carter,1610612758,-0.18,0.46,-0.1,-0.1996,-0.57,-0.37039999999999995,-0.5054,-0.5054,1566
2024-25,1630311,Pat Spencer,1610612744,-1.08,-1.26,0.21,-1.2921,-0.76,0.5321,-0.6371,-0.6371,1037
2024-25,1641725,Trey Alexander,1610612743,-2.91,-0.05,-0.17,-4.1035,-1.51,2.5935000000000006,-1.0704,-1.0704,487
2024-25,1642530,Yuki Kawamura,1610612763,-1.72,0.42,-0.08,-2.645,-2.1,0.5449999999999999,-1.3644,-1.3644,371
2024-25,1631120,JD Davison,1610612738,-2.96,-2.77,-0.32,-4.7024,-2.39,2.3124,-1.5032,-1.5032,339
2024-25,1642277,Johnny Furphy,1610612754,0.47,0.96,0.02,0.5341,-0.61,-1.1441,-0.5413,-0.5413,1577
2024-25,201959,Taj Gibson,1610612766,-0.72,-0.88,-0.13,-0.8095,-0.6,0.20950000000000002,-0.5351,-0.5351,1649
2024-25,1626196,Josh Richardson,1610612748,-1.91,-1.79,-0.09,-2.5648,-1.503,1.0618,-1.1167,-1.1167,578
2024-25,1630245,Ayo Dosunmu,1610612741,-0.22,-0.83,-0.08,-0.2245,-0.35,-0.12549999999999997,-0.3387,-0.3387,5993
2024-25,1642402,Enrique Freeman,1610612754,-0.71,-1.71,-0.6,-0.8946,-1.13,-0.23539999999999994,-0.9019,-0.9019,791
2024-25,1628964,Mo Bamba,1610612746,-0.98,-3.29,0.02,-1.1025,-0.64,0.4625,-0.5706,-0.5706,1645
2024-25,1631213,Tyrese Martin,1610612751,-0.33,-1.72,-0.06,-0.3429,-0.37,-0.027100000000000013,-0.3565,-0.3565,5298
2024-25,1630192,Zeke Nnaji,1610612743,0.19,-0.16,-0.08,0.2073,-0.51,-0.7173,-0.472,-0.472,2487
2024-25,1631311,Lester Quinones,1610612755,-0.29,-0.66,0.11,-0.3628,-1.19,-0.8271999999999999,-0.9471,-0.9471,780
2024-25,1641737,Adem Bona,1610612755,0.43,1.36,-0.37,0.4539,-0.43,-0.8839,-0.408,-0.408,3716
2024-25,1629651,Nic Claxton,1610612751,-0.19,-2.19,-0.12,-0.1947,-0.34,-0.1453,-0.3313,-0.3313,7622
2024-25,1630173,Precious Achiuwa,1610612752,-0.63,-3.9,-0.1,-0.6554,-0.39,0.26539999999999997,-0.3747,-0.3747,4884
2024-25,1629629,Cam Reddish,1610612747,-0.51,-0.91,-0.29,-0.554,-0.53,0.02400000000000002,-0.491,-0.491,2518
2024-25,203501,Tim Hardaway Jr.,1610612765,-0.03,-2.6,-0.05,-0.0287,-0.33,-0.3013,-0.3227,-0.3227,8864
2024-25,201599,DeAndre Jordan,1610612743,-0.54,-0.78,-0.19,-0.5799,-0.5,0.07989999999999997,-0.4671,-0.4671,2840
2024-25,1641729,Brice Sensabaugh,1610612762,0.6,-2.53,-0.07,0.6237,-0.37,-0.9937,-0.358,-0.358,5974
2024-25,1631104,Blake Wesley,1610612759,-0.73,3.07,-0.22,-0.7801,-0.52,0.2601,-0.484,-0.484,2687
2024-25,203954,Joel Embiid,1610612755,-0.51,-0.69,-0.47,-0.5517,-0.569,-0.017299999999999982,-0.5246,-0.5246,2361
2024-25,203458,Alex Len,1610612758,-1.97,-6.11,-0.04,-2.2365,-0.79,1.4465,-0.6976,-0.6976,1510
2024-25,1630568,Luka Garza,1610612750,-1.04,-0.44,-0.26,-1.2671,-1.19,0.07709999999999995,-0.9786,-0.9786,926
2024-25,1630695,Micah Potter,1610612762,-1.14,-0.22,-0.22,-1.2153,-0.52,0.6953,-0.4868,-0.4868,2933
2024-25,1626204,Larry Nance Jr.,1610612737,0.77,-2.8,0.12,0.8465,-0.6872,-1.5337,-0.6247,-0.6247,1998
2024-25,1631288,Jamal Cain,1610612740,0.02,-1.76,-0.27,0.0259,-0.7,-0.7259,-0.6358,-0.6358,1979
2024-25,1642355,Bronny James,1610612747,-2.18,-0.95,0.09,-2.7841,-1.7,1.0841,-1.3292,-1.3292,717
2024-25,1641765,Olivier-Maxence Prosper,1610612742,-0.78,-2.25,-0.34,-0.8474,-0.63,0.21740000000000004,-0.581,-0.581,2370
2024-25,1631172,Ousmane Dieng,1610612760,-0.39,-2.36,-0.02,-0.4363,-0.82,-0.38369999999999993,-0.7316,-0.7316,1655
2024-25,1641745,Adam Flagler,1610612760,-3.16,-2.09,-0.02,-3.9412,-1.55,2.3911999999999995,-1.2425,-1.2425,808
2024-25,1641775,Jordan Walsh,1610612738,-2.23,0.17,-0.33,-2.5139,-0.88,1.6339000000000001,-0.7795,-0.7795,1552
2024-25,1628989,Kevin Huerter,1610612758,0.14,-0.89,0.18,0.1448,-0.38,-0.5248,-0.3696,-0.3696,7126
2024-25,1642281,Jaylon Tyson,1610612739,-1.65,-2.24,0.05,-1.8303,-0.78,1.0503,-0.7033,-0.7033,1834
2024-25,1642367,Jonathan Mogbo,1610612761,-0.75,-0.41,0.02,-0.7765,-0.43,0.3465,-0.4144,-0.4144,5312
2024-25,203967,Dario Šarić,1610612743,-1.83,-0.73,-0.13,-2.2623,-1.57,0.6923000000000001,-1.2721,-1.2721,854
2024-25,1630165,Killian Hayes,1610612751,-0.82,2.02,-0.09,-1.0628,-2,-0.9372,-1.5444,-1.5444,678
2024-25,204456,T.J. McConnell,1610612754,-0.52,1.17,0.33,-0.5354,-0.42,0.1154,-0.4062,-0.4062,5905
2024-25,1630574,Ariel Hukporti,1610612752,-2.28,-4.08,-0.29,-2.8002,-1.57,1.2301999999999997,-1.2776,-1.2776,874
2024-25,1631103,Malaki Branham,1610612759,0.37,-2.62,-0.13,0.4109,-0.89,-1.3009,-0.7985,-0.7985,1745
2024-25,202693,Markieff Morris,1610612742,-2.4,-1.25,0.07,-3.1584,-2.32,0.8384,-1.7636,-1.7636,634
2024-25,1628969,Mikal Bridges,1610612752,-0.05,1.96,0.19,-0.0552,-0.34,-0.28480000000000005,-0.3345,-0.3345,12218
2024-25,1641998,Trey Jemison,1610612740,-1.25,0.52,-0.41,-1.4129,-1.01,0.40290000000000004,-0.8932,-0.8932,1530
2024-25,1641854,Craig Porter Jr.,1610612739,-0.91,-3.16,-0.02,-1.0023,-0.8,0.20229999999999992,-0.7294,-0.7294,2067
2024-25,1628997,Caleb Martin,1610612755,-0.93,-0.95,-0.33,-0.9713,-0.48,0.49130000000000007,-0.4612,-0.4612,4907
2024-25,1641721,Maxwell Lewis,1610612747,-0.3,-0.14,-0.08,-0.3426,-1.18,-0.8373999999999999,-1.0251,-1.0251,1324
2024-25,1631093,Jaden Ivey,1610612765,-0.33,-1.07,-0.14,-0.3498,-0.569,-0.21919999999999995,-0.5391,-0.5391,3610
2024-25,202691,Klay Thompson,1610612742,-0.67,-0.52,0.2,-0.6887,-0.39,0.29869999999999997,-0.3807,-0.3807,8166
2024-25,1629632,Coby White,1610612741,0.25,-1.31,-0.18,0.2565,-0.36,-0.6165,-0.3532,-0.3532,10460
2024-25,1630544,Tre Mann,1610612766,-0.46,-2.82,-0.1,-0.5313,-1.2652,-0.7339000000000001,-1.097,-1.097,1304
2024-25,1626192,Pat Connaughton,1610612749,-0.66,-1.13,0.04,-0.719,-0.76,-0.041000000000000036,-0.7027,-0.7027,2454
2024-25,1626168,Trey Lyles,1610612758,-0.55,-1.06,-0.13,-0.5694,-0.48,0.08940000000000003,-0.4631,-0.4631,5483
2024-25,1631115,Orlando Robinson,1610612758,-1.32,-0.74,-0.12,-1.405,-0.67,0.735,-0.63,-0.63,3152
2024-25,203935,Marcus Smart,1610612763,-0.44,-1.48,0.03,-0.4729,-0.68,-0.20710000000000006,-0.6388,-0.6388,3098
2024-25,1631200,Kris Murray,1610612757,-0.85,-1.15,-0.09,-0.8841,-0.55,0.33409999999999995,-0.5261,-0.5261,4396
2024-25,1630214,Xavier Tillman,1610612738,-3.27,-2.33,-0.24,-3.9823,-1.9,2.0823,-1.5625,-1.5625,926
2024-25,1642275,Tidjane Salaün,1610612766,-1.03,-2.14,-0.28,-1.0736,-0.54,0.5336000000000001,-0.5191,-0.5191,4975
2024-25,1628464,Daniel Theis,1610612740,-1.31,-0.59,-0.22,-1.4079,-0.824,0.5839,-0.7652,-0.7652,2604
2024-25,1631248,Baylor Scheierman,1610612738,-0.79,-2,-0.16,-0.8962,-1.35,-0.4538000000000001,-1.1892,-1.1892,1479
2024-25,1629004,Svi Mykhailiuk,1610612762,-0.95,1.83,0,-1.0071,-0.76,0.2471000000000001,-0.7145,-0.7145,3140
2024-25,1629611,Terance Mann,1610612746,-0.09,-2.29,-0.07,-0.0936,-0.53,-0.4364,-0.5124,-0.5124,5811
2024-25,1630579,Jericho Sims,1610612752,-1.2,-1.92,-0.28,-1.2916,-0.93,0.36160000000000003,-0.8612,-0.8612,2502
2024-25,203901,Elfrid Payton,1610612740,-3.22,1.06,0.7,-3.5399,-1.11,2.4299,-1.0102,-1.0102,2025
2024-25,1629618,Jalen Pickett,1610612743,-0.96,0.53,0.24,-1.0279,-0.89,0.13790000000000002,-0.8285,-0.8285,2695
2024-25,202331,Paul George,1610612755,-0.55,0.81,0.03,-0.5671,-0.58,-0.012899999999999912,-0.5593,-0.5593,5404
2024-25,202695,Kawhi Leonard,1610612746,0.82,0.78,0.13,0.8524,-0.63,-1.4824000000000002,-0.6045,-0.6045,4736
2024-25,1642265,Rob Dillingham,1610612750,-1.99,-1,0.19,-2.1823,-1.15,1.0323000000000002,-1.051,-1.051,2124
2024-25,1629630,Ja Morant,1610612763,0.01,2.66,0.11,0.0095,-0.53,-0.5395,-0.5144,-0.5144,6603
2024-25,203915,Spencer Dinwiddie,1610612742,-0.67,-0.55,-0.07,-0.6867,-0.46,0.22669999999999996,-0.4499,-0.4499,8876
2024-25,1630556,Kessler Edwards,1610612742,-0.82,-1.27,0.13,-0.8792,-1.01,-0.13080000000000003,-0.9363,-0.9363,2540
2024-25,203471,Dennis Schröder,1610612751,-0.84,0.51,-0.05,-0.861,-0.47,0.391,-0.4594,-0.4594,8663
2024-25,1641816,Hunter Tyson,1610612743,-0.9,-5.34,-0.2,-1.019,-1.55,-0.5310000000000001,-1.3763,-1.3763,1585
2024-25,1630288,Jeff Dowtin Jr.,1610612755,0.82,-0.06,0.01,0.881,-1.06,-1.941,-0.9825,-0.9825,2535
2024-25,1628392,Isaiah Hartenstein,1610612760,-0.34,1.09,0.13,-0.3514,-0.56,-0.20860000000000006,-0.5432,-0.5432,6484
2024-25,1627742,Brandon Ingram,1610612740,-0.58,-2.38,0.11,-0.6305,-1.1124,-0.4819000000000001,-1.0283,-1.0283,2446
2024-25,1631114,Jalen Williams,1610612760,0.43,-2.06,0.12,0.4414,-0.47,-0.9114,-0.4601,-0.4601,9284
2024-25,1641713,GG Jackson,1610612763,-2.58,-4.79,-0.05,-2.8466,-1.36,1.4866,-1.2333,-1.2333,1946
2024-25,1631101,Shaedon Sharpe,1610612757,-0.05,-2.59,-0.15,-0.0504,-0.47,-0.4196,-0.4601,-0.4601,9336
2024-25,1629216,Gabe Vincent,1610612747,-0.39,-1.98,0.03,-0.407,-0.59,-0.183,-0.5716,-0.5716,6205
2024-25,1641710,Anthony Black,1610612753,-0.51,-1.12,-0.16,-0.5277,-0.53,-0.0023000000000000798,-0.5164,-0.5164,7568
2024-25,203486,Mason Plumlee,1610612756,-0.49,2.58,-0.59,-0.5133,-0.66,-0.14670000000000005,-0.6357,-0.6357,5231
2024-25,1631124,Julian Strawther,1610612743,-0.85,-3.85,0.02,-0.8844,-0.65,0.23439999999999994,-0.6282,-0.6282,5768
2024-25,1641716,Jarace Walker,1610612754,-0.17,-3.33,0.01,-0.1809,-0.73,-0.5490999999999999,-0.7015,-0.7015,4917
2024-25,1631323,Simone Fontecchio,1610612765,-0.4,-0.65,-0.3,-0.4147,-0.72,-0.30529999999999996,-0.6939,-0.6939,5324
2024-25,202684,Tristan Thompson,1610612739,-2.75,-4.81,-0.49,-3.1646,-2.35,0.8146,-2.0406,-2.0406,1319
2024-25,1641794,Dillon Jones,1610612760,-1.98,-3.67,-0.25,-2.1545,-1.4,0.7545000000000002,-1.289,-1.289,2322
2024-25,1628467,Maxi Kleber,1610612742,-1.65,-1.34,-0.17,-1.7742,-1.2414,0.5327999999999999,-1.1549,-1.1549,2673
2024-25,1630175,Cole Anthony,1610612753,-0.68,1.65,0.14,-0.7029,-0.79,-0.08710000000000007,-0.7593,-0.7593,4952
2024-25,1630172,Patrick Williams,1610612741,-1.24,-1.52,-0.14,-1.2736,-0.66,0.6136,-0.6412,-0.6412,6807
2024-25,203992,Bogdan Bogdanović,1610612737,-0.42,-1.96,0.1,-0.4342,-0.78,-0.34580000000000005,-0.7524,-0.7524,5461
2024-25,1629022,Lonnie Walker IV,1610612755,-0.02,-2.82,0.08,-0.018,-1.8,-1.782,-1.6359,-1.6359,1994
2024-25,203995,Vasilije Micić,1610612766,-1.81,-0.37,0.01,-1.9261,-1.25,0.6760999999999999,-1.1747,-1.1747,3118
2024-25,203994,Jusuf Nurkić,1610612756,-0.94,0.23,-0.28,-0.9788,-1,-0.021199999999999997,-0.9561,-0.9561,4353
2024-25,1626156,D'Angelo Russell,1610612747,-1.32,2.16,0.23,-1.3603,-0.78,0.5803,-0.7554,-0.7554,6146
2024-25,101108,Chris Paul,1610612759,-0.64,2,0.23,-0.6487,-0.6,0.04870000000000008,-0.5874,-0.5874,9301
2024-25,1628370,Malik Monk,1610612758,-0.72,-1.04,0.27,-0.7394,-0.64,0.09939999999999993,-0.6254,-0.6254,8545
2024-25,1631246,Vince Williams Jr.,1610612763,-1.66,-0.29,0.04,-1.8095,-1.91,-0.10049999999999981,-1.7474,-1.7474,2150
2024-25,1641748,Andre Jackson Jr.,1610612749,-1.44,-2.15,-0.07,-1.5117,-1.13,0.38170000000000015,-1.0756,-1.0756,3953
2024-25,1630702,Jaden Hardy,1610612742,-1.24,-0.19,-0.05,-1.3111,-1.18,0.1311,-1.1204,-1.1204,3760
2024-25,1630553,Keon Johnson,1610612751,-0.63,-1.26,-0.1,-0.6465,-0.69,-0.04349999999999998,-0.6728,-0.6728,7816
2024-25,1630595,Cade Cunningham,1610612765,-0.79,2.22,0.34,-0.8046,-0.6,0.2046,-0.5886,-0.5886,10295
2024-25,2544,LeBron James,1610612747,-0.31,-3,0.07,-0.3127,-0.61,-0.2973,-0.5981,-0.5981,10062
2024-25,1642263,Reed Sheppard,1610612745,-1.09,-2.32,0.31,-1.1665,-1.62,-0.4535,-1.5128,-1.5128,2822
2024-25,1626145,Tyus Jones,1610612756,0.04,-2,0.28,0.0413,-0.68,-0.7213,-0.6649,-0.6649,8820
2024-25,1629028,Deandre Ayton,1610612757,-0.39,-2.29,-0.05,-0.4043,-1.0276,-0.6233000000000001,-0.9878,-0.9878,4954
2024-25,1627732,Ben Simmons,1610612751,-2.34,-0.17,0.27,-2.4481,-1.15,1.2981000000000003,-1.1009,-1.1009,4480
2024-25,1642274,Yves Missi,1610612740,-0.74,-2.12,-0.25,-0.7612,-0.75,0.011199999999999988,-0.7318,-0.7318,8030
2024-25,203110,Draymond Green,1610612744,-1.37,4.36,-0.08,-1.4062,-0.73,0.6761999999999999,-0.713,-0.713,8372
2024-25,1626171,Bobby Portis,1610612749,-0.76,-0.77,-0.03,-0.7896,-1.05,-0.2604000000000001,-1.0106,-1.0106,5132
2024-25,1642273,Kyshawn George,1610612764,-0.55,1.13,-0.03,-0.5657,-0.8,-0.23430000000000006,-0.7791,-0.7791,7444
2024-25,1641722,Jordan Hawkins,1610612740,-0.96,-2.28,-0.08,-0.9948,-1.01,-0.015199999999999991,-0.9744,-0.9744,5481
2024-25,1630567,Scottie Barnes,1610612761,-0.64,0.13,0.15,-0.6576,-0.72,-0.06240000000000001,-0.7043,-0.7043,8958
2024-25,1642354,KJ Simpson,1610612766,-1.78,-1.76,0.14,-1.8806,-1.56,0.3206,-1.4729,-1.4729,3382
2024-25,1630703,Scoot Henderson,1610612757,-1.14,1.13,-0.05,-1.171,-0.86,0.31100000000000005,-0.837,-0.837,7279
2024-25,1641733,Nick Smith Jr.,1610612766,-1.44,-2.26,0.14,-1.4871,-1.05,0.43710000000000004,-1.0141,-1.0141,5645
2024-25,1627749,Dejounte Murray,1610612740,-1.77,-1.64,0.15,-1.8513,-1.3403,0.5109999999999999,-1.2793,-1.2793,4195
2024-25,1628398,Kyle Kuzma,1610612764,-1.6,-0.6,-0.22,-1.6346,-0.8,0.8346,-0.7811,-0.7811,8258
2024-25,1631094,Paolo Banchero,1610612753,0,-3,-0.27,-0.0021,-1,-0.9979,-0.9689,-0.9689,6238
2024-25,1641731,Bilal Coulibaly,1610612764,-1.08,-1.03,-0.29,-1.1072,-0.86,0.24719999999999998,-0.8396,-0.8396,8214
2024-25,1642264,Stephon Castle,1610612759,-1.5,0.98,-0.25,-1.5299,-0.83,0.6999000000000001,-0.8116,-0.8116,8820
2024-25,1642262,Cody Williams,1610612762,-2.12,-3.07,-0.2,-2.212,-1.45,0.7620000000000002,-1.3881,-1.3881,4486
2024-25,1630590,Scotty Pippen Jr.,1610612763,0.09,-3.01,0.07,0.0923,-1,-1.0923,-0.973,-0.973,7220
2024-25,1626179,Terry Rozier,1610612748,-1.66,-1.81,-0.03,-1.7082,-1.09,0.6181999999999999,-1.0579,-1.0579,6584
2024-25,1630581,Josh Giddey,1610612741,-0.76,1.32,0.1,-0.7767,-0.87,-0.09330000000000005,-0.851,-0.851,8977
2024-25,1628389,Bam Adebayo,1610612748,-0.46,0.18,-0.2,-0.4657,-0.82,-0.35429999999999995,-0.8048,-0.8048,10589
2024-25,1630558,Davion Mitchell,1610612761,-0.69,0.65,0.2,-0.7102,-0.99,-0.27979999999999994,-0.9665,-0.9665,8229
2024-25,1642267,Carlton Carrington,1610612764,-1.24,-3.22,0.01,-1.2643,-0.88,0.3843,-0.8633,-0.8633,10321
2024-25,1642259,Alexandre Sarr,1610612764,-1.82,1.13,-0.04,-1.8634,-1.13,0.7334,-1.1014,-1.1014,7695
2024-25,1629614,Andrew Nembhard,1610612754,-1.11,-0.9,-0.14,-1.1352,-1.2,-0.06479999999999997,-1.169,-1.169,7546
2024-25,1641718,Keyonte George,1610612762,-1.15,-2.45,-0.1,-1.1746,-1.08,0.09460000000000002,-1.0559,-1.0559,8764
2024-25,1629645,Kevin Porter Jr.,1610612746,-0.68,0.15,0,-0.7003,-1.61,-0.9097000000000001,-1.5587,-1.5587,6073
2024-25,201935,James Harden,1610612746,-0.26,-0.65,0.11,-0.2599,-1,-0.7401,-0.9829,-0.9829,11469
2024-25,1642347,Jamal Shead,1610612761,-1.5,-4.06,0.33,-1.5499,-1.82,-0.2701,-1.7622,-1.7622,6099
2024-25,1629027,Trae Young,1610612737,-1.37,2.16,0.16,-1.3884,-1.27,0.11840000000000006,-1.2486,-1.2486,11689
2024-25,201566,Russell Westbrook,1610612743,-2.03,-2.03,0.21,-2.0751,-1.6,0.47509999999999986,-1.5653,-1.5653,9022
2024-25,1642268,Isaiah Collier,1610612762,-2.65,-0.24,-0.07,-2.7165,-2.43,0.28649999999999975,-2.369,-2.369,7772
2025-26,1628983,Shai Gilgeous-Alexander,1610612760,3.18,5.01,0.29,3.2533,1.55,-1.7032999999999998,1.5171,1.52,9235
2025-26,202695,Kawhi Leonard,1610612746,2.8,3.81,0.06,2.8679,1.25,-1.6179000000000001,1.2214,1.22,8540
2025-26,1631105,Jalen Duren,1610612765,2.39,2.01,-0.01,2.4466,1.23,-1.2166000000000001,1.2005,1.2,8146
2025-26,1630178,Tyrese Maxey,1610612755,1.49,2.55,-0.13,1.5205,0.78,-0.7404999999999999,0.766,0.77,10951
2025-26,1641705,Victor Wembanyama,1610612759,2.05,4.76,0.33,2.0991,0.56,-1.5391,0.546,0.55,7784
2025-26,201142,Kevin Durant,1610612745,1.36,2.28,-0.28,1.3852,0.57,-0.8152,0.5603,0.56,11517
2025-26,1628378,Donovan Mitchell,1610612739,1.57,2.87,-0.04,1.603,0.81,-0.7929999999999999,0.794,0.79,9900
2025-26,203999,Nikola Jokić,1610612743,1.56,3.66,0.03,1.5916,0.77,-0.8215999999999999,0.7545,0.75,9758
2025-26,1630162,Anthony Edwards,1610612750,1.61,0.06,0.01,1.6467,0.96,-0.6867000000000001,0.939,0.94,8938
2025-26,1628374,Lauri Markkanen,1610612762,2.22,2.72,0.03,2.2942,1.9747,-0.3195000000000001,1.9137,1.91,6266
2025-26,1642851,Kon Knueppel,1610612766,1.33,2.84,-0.06,1.3526,0.68,-0.6726,0.6671,0.67,10376
2025-26,1630217,Desmond Bane,1610612753,1.13,1.46,-0.17,1.1471,0.35,-0.7971,0.3439,0.34,11232
2025-26,1626181,Norman Powell,1610612748,1.61,1.54,-0.09,1.6494,0.75,-0.8994,0.7307,0.73,7564
2025-26,1629029,Luka Dončić,1610612747,1.25,1.72,-0.03,1.2754,0.42,-0.8554000000000002,0.4113,0.41,9501
2025-26,1629627,Zion Williamson,1610612740,1.51,-0.3,0.1,1.5477,0.7,-0.8477000000000001,0.6825,0.68,7789
2025-26,1630530,Trey Murphy III,1610612740,1.19,0.94,-0.29,1.2165,0.59,-0.6265,0.5781,0.58,9748
2025-26,1631096,Chet Holmgren,1610612760,1.33,3.57,0.01,1.36,0.37,-0.9900000000000001,0.3614,0.36,8379
2025-26,1630245,Ayo Dosunmu,1610612741,1.37,-1.85,-0.17,1.4009,0.42,-0.9809000000000001,0.4099,0.41,8119
2025-26,1629638,Nickeil Alexander-Walker,1610612737,0.95,0.73,-0.11,0.9703,-0.06,-1.0303,-0.0589,-0.06,11222
2025-26,1630198,Isaiah Joe,1610612760,1.7,-0.85,-0.01,1.7546,0.43,-1.3246,0.4165,0.42,6182
2025-26,203507,Giannis Antetokounmpo,1610612749,2.44,3.85,0.4,2.5566,1.23,-1.3266,1.1745,1.17,4232
2025-26,1629674,Neemias Queta,1610612738,1.39,0.96,0.12,1.4241,0.51,-0.9140999999999999,0.4968,0.5,7536
2025-26,202710,Jimmy Butler III,1610612744,2.1,3.78,0.48,2.185,2.4051,0.22009999999999996,2.3099,2.31,4853
2025-26,1629750,Javonte Green,1610612765,1.53,0.54,-0.07,1.5778,0.29,-1.2878,0.2812,0.28,6387
2025-26,1628384,OG Anunoby,1610612752,1.11,2.61,-0.05,1.1399,0.16,-0.9798999999999999,0.1565,0.16,8823
2025-26,1629640,Keldon Johnson,1610612759,1.21,-0.11,-0.19,1.2403,0.96,-0.2803,0.9367,0.94,8028
2025-26,1630572,Sandro Mamukelashvili,1610612761,1.29,0.78,-0.18,1.3221,0.51,-0.8121,0.4962,0.5,7199
2025-26,201939,Stephen Curry,1610612744,1.51,2.13,0.08,1.5674,0.75,-0.8173999999999999,0.7248,0.72,5745
2025-26,1629008,Michael Porter Jr.,1610612751,1.27,2.98,-0.12,1.3084,0.7,-0.6084,0.6801,0.68,6830
2025-26,1630541,Moses Moody,1610612744,1.33,0.73,0.13,1.3733,0.34,-1.0332999999999999,0.3298,0.33,6468
2025-26,1627750,Jamal Murray,1610612743,0.78,1.08,-0.14,0.7972,0.23,-0.5672,0.2259,0.23,10970
2025-26,203501,Tim Hardaway Jr.,1610612743,0.96,1.23,-0.15,0.9861,0.37,-0.6161,0.3617,0.36,8754
2025-26,1630200,Tre Jones,1610612741,1.07,1.16,0.03,1.094,0.32,-0.774,0.3118,0.31,7641
2025-26,1631109,Mark Williams,1610612756,1.33,0.33,0.12,1.3747,0.73,-0.6447,0.7062,0.71,5935
2025-26,1630241,Sam Merrill,1610612739,1.35,1.62,-0.23,1.396,1.09,-0.3059999999999998,1.0526,1.05,5636
2025-26,1630577,Julian Champagnie,1610612759,0.81,4.52,-0.14,0.823,0.06,-0.7629999999999999,0.0588,0.06,9440
2025-26,1628379,Luke Kennard,1610612737,1.08,0.54,-0.23,1.1112,0.79,-0.32119999999999993,0.768,0.77,6978
2025-26,1630202,Payton Pritchard,1610612738,0.74,0.02,-0.22,0.755,0.37,-0.385,0.3628,0.36,10030
2025-26,1630180,Saddiq Bey,1610612740,0.78,-0.15,-0.22,0.8011,0.25,-0.5511,0.2448,0.24,9453
2025-26,1628386,Jarrett Allen,1610612739,1.13,1.73,0.16,1.1666,0.33,-0.8366,0.3201,0.32,6448
2025-26,1629057,Robert Williams III,1610612757,1.67,1.49,0.06,1.7449,0.81,-0.9348999999999998,0.7737,0.77,4265
2025-26,1628969,Mikal Bridges,1610612752,0.68,0.28,-0.22,0.692,0.27,-0.42199999999999993,0.2651,0.27,10732
2025-26,1642266,Ja'Kobe Walter,1610612761,1.16,-3.74,-0.15,1.1995,0.16,-1.0395,0.1549,0.15,6062
2025-26,1628973,Jalen Brunson,1610612752,0.69,0.14,-0.08,0.7065,0.44,-0.2665,0.4316,0.43,10268
2025-26,1642276,Kel'el Ware,1610612748,0.94,-1.41,-0.23,0.9667,0.26,-0.7067,0.2532,0.25,7445
2025-26,1642263,Reed Sheppard,1610612745,0.8,0.22,-0.41,0.8235,0.4,-0.4235,0.391,0.39,8653
2025-26,1629130,Duncan Robinson,1610612765,0.8,-2.56,-0.44,0.8176,0.41,-0.4076,0.4008,0.4,8698
2025-26,1629655,Daniel Gafford,1610612742,1.35,1.11,0.02,1.4056,0.51,-0.8956,0.4903,0.49,4980
2025-26,1629637,Jaxson Hayes,1610612747,1.36,0.5,0.23,1.4174,0.58,-0.8374,0.5574,0.56,4934
2025-26,1641717,Cason Wallace,1610612760,0.79,-1.52,-0.19,0.8055,0.2,-0.6054999999999999,0.1954,0.2,8408
2025-26,1630573,Sam Hauser,1610612738,0.83,1.49,-0.2,0.8518,0.18,-0.6718,0.1756,0.18,7898
2025-26,1641750,Ryan Kalkbrenner,1610612766,1.04,-1.76,0.2,1.0743,0.54,-0.5343,0.5231,0.52,6205
2025-26,1630230,Naji Marshall,1610612742,0.69,0.95,-0.22,0.7092,0.53,-0.17920000000000003,0.5188,0.52,9293
2025-26,1641783,Tristan da Silva,1610612753,0.83,0.97,-0.32,0.8519,0.31,-0.5419,0.3022,0.3,7730
2025-26,202699,Tobias Harris,1610612765,0.91,-0.23,-0.35,0.9409,0.15,-0.7908999999999999,0.1458,0.15,6969
2025-26,203924,Jerami Grant,1610612757,0.85,0.26,0.16,0.8718,0.42,-0.45180000000000003,0.4089,0.41,7350
2025-26,1630540,Miles McBride,1610612752,1.39,2.48,-0.15,1.4511,0.64,-0.8111,0.6121,0.61,4395
2025-26,1630533,Ziaire Williams,1610612751,1.16,0.57,0.09,1.1988,0.13,-1.0688,0.1253,0.13,5297
2025-26,1630249,Vít Krejčí,1610612737,1.01,-1.2,-0.1,1.0416,0.51,-0.5316000000000001,0.4935,0.49,5966
2025-26,1629012,Collin Sexton,1610612766,0.88,-0.46,-0.06,0.9109,-0.02,-0.9309000000000001,-0.0194,-0.02,6787
2025-26,1630551,Justin Champagnie,1610612764,1.01,-0.43,-0.12,1.049,0.12,-0.9289999999999999,0.116,0.12,5788
2025-26,203497,Rudy Gobert,1610612750,0.59,0.58,0.25,0.6009,0.33,-0.2709,0.3235,0.32,9903
2025-26,1629011,Mitchell Robinson,1610612752,1.22,2.22,0.12,1.2706,0.15,-1.1206,0.1438,0.14,4669
2025-26,1630194,Paul Reed,1610612765,1.4,-0.11,0,1.4766,0.68,-0.7965999999999999,0.6467,0.65,3883
2025-26,1628963,Marvin Bagley III,1610612764,1.07,1.32,-0.12,1.1118,0.48,-0.6317999999999999,0.4621,0.46,5149
2025-26,1641706,Brandon Miller,1610612766,0.68,-0.37,0,0.7007,0.03,-0.6707,0.0293,0.03,8072
2025-26,1630568,Luka Garza,1610612738,1.16,0.08,0.13,1.2095,0.81,-0.39949999999999997,0.7762,0.78,4589
2025-26,1628381,John Collins,1610612746,0.71,-0.57,-0.19,0.7257,0.4,-0.3257,0.3897,0.39,7593
2025-26,1629680,Matisse Thybulle,1610612757,2.38,1.12,0.12,2.6155,1.76,-0.8554999999999999,1.6035,1.6,2049
2025-26,1628991,Jaren Jackson Jr.,1610612763,0.87,-0.48,-0.05,0.8945,0.1826,-0.7119,0.1767,0.18,5984
2025-26,1627780,Gary Payton II,1610612744,1.1,0.72,-0.11,1.145,0.04,-1.105,0.0384,0.04,4658
2025-26,1641708,Amen Thompson,1610612745,0.43,5.2,-0.17,0.4367,-0.26,-0.6967,-0.2557,-0.26,12012
2025-26,1629013,Landry Shamet,1610612752,1.01,0.57,-0.12,1.051,0.81,-0.24099999999999988,0.7779,0.78,4854
2025-26,1630532,Franz Wagner,1610612753,1.16,-0.72,-0.03,1.2133,0.67,-0.5433,0.6394,0.64,4174
2025-26,202331,Paul George,1610612755,1.03,1.22,-0.18,1.0747,0.1,-0.9747,0.0959,0.1,4694
2025-26,1631169,Josh Minott,1610612738,1.38,-1.54,0.08,1.4604,0.15,-1.3104,0.1416,0.14,3365
2025-26,1631255,Karlo Matković,1610612740,1.23,-0.35,-0.14,1.3004,0.73,-0.5704,0.6924,0.69,3688
2025-26,1631165,Keon Ellis,1610612758,0.76,-0.81,-0.11,0.7846,0.26,-0.5246,0.2516,0.25,6005
2025-26,1630596,Evan Mobley,1610612739,0.52,2.46,0.14,0.5335,-0.29,-0.8234999999999999,-0.2835,-0.28,8779
2025-26,1642396,Blake Hinson,1610612762,3.27,0.18,-0.23,3.8071,0.97,-2.8371000000000004,0.8332,0.83,1218
2025-26,1641739,Toumani Camara,1610612757,0.39,2,-0.14,0.3927,-0.22,-0.6127,-0.2163,-0.22,11640
2025-26,1628436,Luke Kornet,1610612759,0.75,-1.32,0.03,0.7708,0.35,-0.42080000000000006,0.3385,0.34,5861
2025-26,1630193,Immanuel Quickley,1610612761,0.48,1.12,-0.3,0.4907,0.17,-0.3207,0.1664,0.17,9153
2025-26,1629028,Deandre Ayton,1610612747,0.54,-2.55,-0.21,0.5565,0.05,-0.5065,0.0488,0.05,8061
2025-26,1629661,Cameron Johnson,1610612743,0.63,-0.09,-0.15,0.6496,-0.19,-0.8395999999999999,-0.1846,-0.18,6872
2025-26,1630170,Devin Vassell,1610612759,0.52,1.77,-0.19,0.5338,0.05,-0.48380000000000006,0.0488,0.05,8333
2025-26,1629639,Tyler Herro,1610612748,0.94,-0.33,-0.25,0.9819,1.04,0.05810000000000004,0.9951,1,4431
2025-26,203932,Aaron Gordon,1610612743,0.99,3.37,0.05,1.0368,0.7,-0.3368,0.668,0.67,4176
2025-26,1630549,Day'Ron Sharpe,1610612751,0.88,0.78,0.12,0.9125,0.43,-0.4825,0.4124,0.41,4696
2025-26,1630538,Bones Hyland,1610612750,0.81,-1.61,-0.22,0.8456,0.11,-0.7356,0.1057,0.11,4951
2025-26,1629004,Svi Mykhailiuk,1610612762,0.8,2.72,-0.35,0.8373,0.08,-0.7573000000000001,0.0769,0.08,4971
2025-26,1627783,Pascal Siakam,1610612754,0.46,1.99,-0.02,0.4739,0.1,-0.3739,0.0978,0.1,8690
2025-26,1628960,Grayson Allen,1610612756,0.65,2.04,0,0.6696,0.14,-0.5296,0.1355,0.14,6039
2025-26,1642270,Donovan Clingan,1610612757,0.44,-1.15,0.17,0.4508,0.38,-0.07079999999999997,0.3716,0.37,8850
2025-26,1629048,Goga Bitadze,1610612753,0.98,-0.54,0.01,1.0253,0.48,-0.5453000000000001,0.4565,0.46,3878
2025-26,1626171,Bobby Portis,1610612749,0.57,-0.17,-0.27,0.5833,-0.02,-0.6033000000000001,-0.0194,-0.02,6650
2025-26,1631323,Simone Fontecchio,1610612748,0.74,-0.73,-0.12,0.7701,0.28,-0.4901,0.2693,0.27,5031
2025-26,1630559,Austin Reaves,1610612747,0.51,0.41,-0.05,0.5256,0.28,-0.24559999999999993,0.2725,0.27,7310
2025-26,1627936,Alex Caruso,1610612760,0.87,2.36,-0.1,0.9104,0.52,-0.39039999999999997,0.4964,0.5,4205
2025-26,1630692,Jordan Goodwin,1610612756,0.58,0.68,-0.2,0.6012,0.17,-0.4311999999999999,0.1648,0.16,6325
2025-26,1629723,John Konchar,1610612763,0.76,0.65,-0.06,0.7895,0.6,-0.1895,0.5751,0.58,4616
2025-26,1642349,Ajay Mitchell,1610612760,0.54,1.2,-0.1,0.5581,0.17,-0.3881,0.1647,0.16,6235
2025-26,1630183,Jaden McDaniels,1610612750,0.34,0.71,-0.15,0.3513,0.08,-0.2713,0.0784,0.08,9895
2025-26,201950,Jrue Holiday,1610612757,0.51,3.13,-0.23,0.5238,0.1,-0.42380000000000007,0.097,0.1,6537
2025-26,1626157,Karl-Anthony Towns,1610612752,0.35,2,0.01,0.3615,-0.14,-0.5015000000000001,-0.1371,-0.14,9409
2025-26,1642867,Collin Murray-Boyles,1610612761,0.62,0.05,-0.12,0.6474,0.1,-0.5474,0.0963,0.1,5202
2025-26,1629731,Dean Wade,1610612739,0.57,1.37,-0.1,0.595,0.19,-0.40499999999999997,0.1834,0.18,5515
2025-26,1628978,Donte DiVincenzo,1610612750,0.3,2.87,-0.26,0.3071,0.15,-0.1571,0.1472,0.15,10628
2025-26,1631095,Jabari Smith Jr.,1610612745,0.29,-2.06,-0.32,0.2939,0.16,-0.1339,0.1571,0.16,11005
2025-26,1631221,Collin Gillespie,1610612756,0.34,3.11,-0.2,0.3488,0.11,-0.2388,0.1077,0.11,9235
2025-26,1642504,Cormac Ryan,1610612749,2.51,0,0.09,2.9751,1.097,-1.8780999999999999,0.9249,0.92,1075
2025-26,1630188,Jalen Smith,1610612741,0.63,3.55,0.01,0.6589,0.3,-0.35890000000000005,0.2878,0.29,4730
2025-26,1641765,Olivier-Maxence Prosper,1610612763,0.7,-0.53,0.04,0.7308,0.02,-0.7108,0.0191,0.02,4206
2025-26,203468,CJ McCollum,1610612764,0.31,1.65,-0.21,0.3181,-0.12,-0.4381,-0.1176,-0.12,9636
2025-26,1629060,Rui Hachimura,1610612747,0.37,0.47,-0.31,0.3786,-0.09,-0.4686,-0.0878,-0.09,8095
2025-26,1627884,Derrick Jones Jr.,1610612746,0.53,0.87,-0.1,0.5448,0.41,-0.13479999999999998,0.3957,0.4,5548
2025-26,1631248,Baylor Scheierman,1610612738,0.52,0.05,-0.15,0.5437,0.24,-0.30369999999999997,0.2316,0.23,5523
2025-26,1642066,Myron Gardner,1610612748,1.51,1.26,0.01,1.6852,1,-0.6852,0.898,0.9,1760
2025-26,1642843,Cooper Flagg,1610612742,0.3,0.29,-0.23,0.3064,-0.05,-0.3564,-0.049,-0.05,9629
2025-26,1627751,Jakob Poeltl,1610612761,0.6,-0.46,-0.29,0.6306,0.02,-0.6106,0.0192,0.02,4662
2025-26,1630695,Micah Potter,1610612754,0.69,1.49,0.03,0.7283,-0.07,-0.7983,-0.0666,-0.07,3937
2025-26,1641775,Jordan Walsh,1610612738,0.58,-1.09,0.01,0.6047,0.2,-0.4047,0.1919,0.19,4729
2025-26,1642364,Jamir Watkins,1610612764,0.62,3,0,0.6465,-0.04,-0.6865,-0.0382,-0.04,4360
2025-26,203084,Harrison Barnes,1610612759,0.33,-0.81,-0.16,0.3342,-0.09,-0.4242,-0.0878,-0.09,8147
2025-26,1641718,Keyonte George,1610612762,0.34,-1.6,-0.03,0.3469,0.1,-0.24689999999999998,0.0975,0.1,7785
2025-26,1631121,Bryce McGowens,1610612740,0.69,-0.05,-0.11,0.728,0.24,-0.488,0.2276,0.23,3675
2025-26,1642928,Dylan Cardwell,1610612758,0.67,2.1,-0.11,0.7085,0.29,-0.41850000000000004,0.2754,0.28,3770
2025-26,1642844,Dylan Harper,1610612759,0.4,1.51,-0.26,0.411,-0.19,-0.601,-0.1842,-0.18,6400
2025-26,1641709,Ausar Thompson,1610612765,0.33,3.05,-0.19,0.3414,-0.04,-0.38139999999999996,-0.039,-0.04,7625
2025-26,1642875,Maxime Raynaud,1610612758,0.31,-1.48,-0.39,0.3162,0.11,-0.2062,0.1074,0.11,8186
2025-26,1630264,Anthony Gill,1610612764,0.6,1.85,-0.25,0.6315,0.4,-0.23149999999999993,0.3811,0.38,4022
2025-26,1630643,Jay Huff,1610612754,0.34,-0.44,0,0.346,0.21,-0.13599999999999998,0.2043,0.2,7232
2025-26,1628970,Miles Bridges,1610612766,0.25,-1.03,0.02,0.2543,-0.18,-0.4343,-0.1763,-0.18,9654
2025-26,1631108,Max Christie,1610612742,0.25,-1.89,-0.41,0.259,0.27,0.01100000000000001,0.2643,0.26,9321
2025-26,1630167,Obi Toppin,1610612754,1.2,-0.45,-0.13,1.3346,-0.22,-1.5546,-0.1981,-0.2,1805
2025-26,203897,Zach LaVine,1610612758,0.46,-0.45,-0.37,0.4801,-0.0439,-0.524,-0.0422,-0.04,4990
2025-26,1642281,Jaylon Tyson,1610612739,0.31,0.03,-0.22,0.3188,0.14,-0.17879999999999996,0.1364,0.14,7513
2025-26,1642285,Cam Spencer,1610612763,0.33,-0.06,-0.11,0.341,0.02,-0.321,0.0194,0.02,6894
2025-26,1630543,Isaiah Jackson,1610612754,0.58,-0.13,-0.04,0.6053,0.17,-0.4352999999999999,0.1615,0.16,3814
2025-26,1631159,Leonard Miller,1610612750,0.69,4.09,-0.18,0.735,-1.24,-1.975,-1.1645,-1.16,3086
2025-26,201942,DeMar DeRozan,1610612758,0.22,-1.67,-0.09,0.2276,0.22,-0.007599999999999996,0.2156,0.22,9893
2025-26,1642854,Asa Newell,1610612737,0.96,0.49,-0.09,1.0521,0.35,-0.7021000000000001,0.3199,0.32,2129
2025-26,1642967,John Poulakidas,1610612742,1.75,-0.19,-0.24,2.0766,0.6356,-1.4409999999999998,0.5361,0.54,1077
2025-26,1631245,Quenton Jackson,1610612754,0.54,2.28,-0.03,0.572,0.56,-0.0119999999999999,0.5325,0.53,3872
2025-26,1641757,Jordan Miller,1610612746,0.4,-1.02,-0.02,0.4118,0.44,0.028200000000000003,0.4237,0.42,5199
2025-26,1631157,Ryan Rollins,1610612749,0.21,2.58,-0.2,0.2179,-0.01,-0.22790000000000002,-0.0098,-0.01,9777
2025-26,1630696,Dru Smith,1610612748,0.41,-3.1,-0.01,0.4249,0.31,-0.1149,0.2981,0.3,4993
2025-26,1631217,Moussa Diabaté,1610612766,0.27,3.72,0.26,0.2778,0.07,-0.20779999999999998,0.0682,0.07,7587
2025-26,1631103,Malaki Branham,1610612764,1.52,1.53,-0.08,1.7969,1.2071,-0.5897999999999999,1.0217,1.02,1102
2025-26,1642914,Javon Small,1610612763,0.53,0.34,-0.08,0.5602,-0.22,-0.7802,-0.2082,-0.21,3518
2025-26,1630191,Isaiah Stewart,1610612765,0.35,-1.17,-0.07,0.3591,0.09,-0.2691,0.0868,0.09,5465
2025-26,1626162,Kelly Oubre Jr.,1610612755,0.28,0.11,-0.18,0.2934,0.16,-0.1334,0.1553,0.16,6594
2025-26,1642864,Hugo González,1610612738,0.44,5.04,-0.15,0.4568,-0.31,-0.7667999999999999,-0.296,-0.3,4219
2025-26,1629660,Ty Jerome,1610612763,1.19,0.64,-0.09,1.3541,1.11,-0.24409999999999998,0.973,0.97,1421
2025-26,1631342,Daeqwon Plowden,1610612758,0.51,-0.96,-0.3,0.5417,-0.32,-0.8616999999999999,-0.3028,-0.3,3529
2025-26,1630168,Onyeka Okongwu,1610612737,0.19,-0.96,-0.08,0.1942,-0.16,-0.3542,-0.1568,-0.16,9769
2025-26,1631101,Shaedon Sharpe,1610612757,0.29,0.8,-0.07,0.2979,0.04,-0.2579,0.0388,0.04,6330
2025-26,1641729,Brice Sensabaugh,1610612762,0.24,0.21,-0.24,0.2419,0.02,-0.22190000000000001,0.0195,0.02,7709
2025-26,1642377,Jaylen Wells,1610612763,0.24,1,-0.1,0.2433,-0.12,-0.36329999999999996,-0.1169,-0.12,7600
2025-26,1630182,Josh Green,1610612766,0.49,2.69,-0.01,0.5137,0.14,-0.37370000000000003,0.1326,0.13,3573
2025-26,1628988,Aaron Holiday,1610612745,0.54,0.33,-0.34,0.5772,-0.02,-0.5972000000000001,-0.0188,-0.02,3075
2025-26,1642419,Jamison Battle,1610612761,0.74,3.99,-0.46,0.8101,0.1,-0.7101000000000001,0.0914,0.09,2138
2025-26,204456,T.J. McConnell,1610612754,0.4,0.64,-0.31,0.4153,0.22,-0.1953,0.2098,0.21,4103
2025-26,1641740,Jaylen Clark,1610612750,0.42,0.86,-0.01,0.4457,0.03,-0.41569999999999996,0.0285,0.03,3720
2025-26,1630639,A.J. Lawson,1610612761,1.56,-2.26,-0.19,1.9229,-0.22,-2.1429,-0.1785,-0.18,860
2025-26,1629675,Naz Reid,1610612750,0.19,0.82,-0.21,0.1899,0.18,-0.00990000000000002,0.1759,0.18,8666
2025-26,1641744,Zach Edey,1610612763,1.19,4.16,-0.1,1.3907,2.0374,0.6466999999999998,1.7426,1.74,1182
2025-26,1630595,Cade Cunningham,1610612765,0.18,4.55,-0.3,0.1829,0.11,-0.0729,0.1076,0.11,8786
2025-26,2544,LeBron James,1610612747,0.19,-1.09,-0.16,0.1952,0.01,-0.1852,0.0098,0.01,8209
2025-26,1629628,RJ Barrett,1610612761,0.21,0.39,-0.21,0.2152,0,-0.2152,0,0,7279
2025-26,1630173,Precious Achiuwa,1610612758,0.21,1.33,-0.34,0.2209,0,-0.2209,0,0,7022
2025-26,1629023,P.J. Washington,1610612742,0.21,-0.12,-0.29,0.2139,0.03,-0.1839,0.0292,0.03,7232
2025-26,1641764,Brandin Podziemski,1610612744,0.16,-0.19,0.08,0.16,-0.15,-0.31,-0.147,-0.15,9658
2025-26,1629726,Garrison Mathews,1610612754,1.43,1.03,0.16,1.7749,1.0311,-0.7438,0.8313,0.83,832
2025-26,1629599,Amir Coffey,1610612749,0.67,-0.09,-0.07,0.7385,0.14,-0.5985,0.1269,0.13,1942
2025-26,1631106,Tari Eason,1610612745,0.21,0.09,-0.45,0.221,0.52,0.29900000000000004,0.5039,0.5,6249
2025-26,1631117,Walker Kessler,1610612762,1.67,0.46,0.22,2.1994,0.9322,-1.2671999999999999,0.7065,0.71,626
2025-26,1630604,E.J. Liddell,1610612751,0.82,0.44,-0.01,0.931,2.07,1.1389999999999998,1.8133,1.81,1413
2025-26,1631131,Oscar Tshiebwe,1610612762,0.61,2.16,-0.19,0.6701,-0.36,-1.0301,-0.3266,-0.33,1953
2025-26,1641707,Taylor Hendricks,1610612762,0.27,-1.75,-0.06,0.2816,-0.41,-0.6916,-0.3931,-0.39,4638
2025-26,1642348,Justin Edwards,1610612755,0.3,-3.05,-0.26,0.3148,-0.54,-0.8548,-0.5148,-0.51,4087
2025-26,1628976,Wendell Carter Jr.,1610612753,0.14,0.34,-0.04,0.1383,-0.23,-0.3683,-0.2251,-0.23,9236
2025-26,1630611,Gui Santos,1610612744,0.21,1.03,0.05,0.2179,0.09,-0.1279,0.087,0.09,5854
2025-26,203648,Thanasis Antetokounmpo,1610612749,1.55,0.12,0.63,2.0866,1.14,-0.9465999999999999,0.8488,0.85,583
2025-26,1630166,Deni Avdija,1610612757,0.12,-0.1,0.24,0.1262,-0.03,-0.1562,-0.0294,-0.03,9387
2025-26,1641710,Anthony Black,1610612753,0.15,0.73,-0.15,0.156,0.04,-0.11599999999999999,0.039,0.04,7578
2025-26,1642907,Cedric Coward,1610612763,0.17,2.01,-0.15,0.1722,-0.15,-0.3222,-0.1456,-0.15,6655
2025-26,1642862,Liam McNeeley,1610612766,0.69,2.73,0.13,0.7901,0.12,-0.6701,0.1054,0.11,1448
2025-26,1642954,Will Richard,1610612744,0.19,-0.91,0.01,0.1917,0.15,-0.041700000000000015,0.1451,0.15,5892
2025-26,1642955,Kadary Richmond,1610612764,2.25,-0.04,-0.16,3.7365,1.0239,-2.7126,0.616,0.62,302
2025-26,203954,Joel Embiid,1610612755,0.21,1.01,0.14,0.222,0.02,-0.202,0.0192,0.02,4989
2025-26,1630631,Jose Alvarado,1610612740,0.18,2.04,-0.39,0.1908,-0.03,-0.2208,-0.029,-0.03,5669
2025-26,1642357,David Jones Garcia,1610612759,1.97,3.43,-0.11,3.1666,2.0976,-1.069,1.3031,1.3,328
2025-26,1629312,Haywood Highsmith,1610612756,1.78,0.89,0.12,2.7658,1.1561,-1.6097000000000001,0.7425,0.74,359
2025-26,1631128,Christian Braun,1610612743,0.16,1.12,-0.13,0.1664,-0.39,-0.5564,-0.3773,-0.38,5939
2025-26,1629610,DaQuan Jeffries,1610612758,2.25,0,-0.02,4.1537,1.1027,-3.0509999999999997,0.598,0.6,237
2025-26,1629646,Charles Bassey,1610612763,1.25,-0.38,0.15,1.6925,-0.4,-2.0925,-0.2953,-0.3,564
2025-26,1641810,Antonio Reeves,1610612766,2.03,1.52,-0.18,3.6253,0.61,-3.0153000000000003,0.3413,0.34,254
2025-26,202696,Nikola Vučević,1610612741,0.12,-0.56,-0.21,0.119,-0.02,-0.13899999999999998,-0.0195,-0.02,7638
2025-26,1643052,Chaney Johnson,1610612751,0.54,-0.43,0.09,0.6178,0.0905,-0.5273,0.0795,0.08,1434
2025-26,1642949,Yanic Konan Niederhäuser,1610612746,0.46,2.35,0.19,0.5158,-0.15,-0.6658000000000001,-0.1341,-0.13,1691
2025-26,1631214,Alondes Williams,1610612764,1.32,1.37,-0.05,1.9014,1.07,-0.8313999999999999,0.7428,0.74,454
2025-26,1641871,Duop Reath,1610612757,0.64,-0.01,-0.16,0.7612,0.24,-0.5212,0.2014,0.2,1043
2025-26,1641869,Malachi Smith,1610612751,0.48,0,-0.26,0.5418,0.1523,-0.38949999999999996,0.1336,0.13,1432
2025-26,1626192,Pat Connaughton,1610612766,0.58,-2.45,0.02,0.6903,0.57,-0.12030000000000007,0.4822,0.48,1098
2025-26,1630623,Tyson Etienne,1610612751,0.42,2.03,-0.06,0.4716,0.16,-0.3116,0.142,0.14,1577
2025-26,1631288,Jamal Cain,1610612753,0.33,-1.81,-0.13,0.3675,-0.95,-1.3175,-0.862,-0.86,1958
2025-26,1631123,Jamaree Bouyea,1610612756,0.27,0.42,-0.16,0.2866,0.5,0.21339999999999998,0.4625,0.46,2468
2025-26,1641763,Julian Phillips,1610612741,0.37,0.88,-0.02,0.4086,0.24,-0.16860000000000003,0.2149,0.21,1710
2025-26,1628392,Isaiah Hartenstein,1610612760,0.14,0.43,-0.15,0.1507,-0.15,-0.30069999999999997,-0.1438,-0.14,4629
2025-26,202691,Klay Thompson,1610612742,0.11,0.08,-0.49,0.1084,0.01,-0.0984,0.0097,0.01,6436
2025-26,1628380,Zach Collins,1610612741,0.72,0.8,-0.01,0.9171,0.609,-0.30810000000000004,0.4805,0.48,748
2025-26,203552,Seth Curry,1610612744,0.93,1.79,-0.07,1.2685,0.89,-0.37849999999999995,0.6491,0.65,539
2025-26,1631199,Ron Harper Jr.,1610612738,0.48,-1.34,-0.09,0.5573,-0.19,-0.7473000000000001,-0.1633,-0.16,1223
2025-26,1631223,David Roddy,1610612743,1.27,-0.71,-0.04,2.09,0.3472,-1.7428,0.2113,0.21,311
2025-26,1642400,Tristan Enaruna,1610612739,1.16,-0.36,-0.01,1.8117,-0.77,-2.5817,-0.4925,-0.49,355
2025-26,1628418,Thomas Bryant,1610612739,0.19,1.37,0.08,0.2071,0.1,-0.1071,0.0937,0.09,2997
2025-26,201959,Taj Gibson,1610612763,1.03,0,0.1,1.5417,0.4815,-1.0602,0.321,0.32,400
2025-26,201569,Eric Gordon,1610612755,1.19,-1,-0.29,1.9653,0.1665,-1.7988,0.1011,0.1,309
2025-26,1631216,Caleb Houstan,1610612737,1.15,-0.67,-0.02,1.8836,-0.08,-1.9636,-0.0491,-0.05,317
2025-26,1642275,Tidjane Salaün,1610612766,0.22,-1.2,-0.07,0.2395,0.21,-0.0295,0.1939,0.19,2407
2025-26,203937,Kyle Anderson,1610612762,0.15,1.38,-0.14,0.1571,0.17,0.012900000000000023,0.1612,0.16,3650
2025-26,1630567,Scottie Barnes,1610612761,0.05,2.85,-0.22,0.0484,-0.11,-0.15839999999999999,-0.1081,-0.11,11123
2025-26,1641725,Trey Alexander,1610612740,0.8,0.64,-0.37,1.1395,0.14,-0.9994999999999999,0.0978,0.1,464
2025-26,1642886,Koby Brea,1610612756,1,0.42,-0.34,1.6108,0.67,-0.9408,0.4162,0.42,328
2025-26,1642866,Joan Beringer,1610612750,0.34,0.76,0.08,0.393,-0.04,-0.433,-0.0348,-0.03,1336
2025-26,1642362,Payton Sandfort,1610612760,1.13,0,-0.11,1.9797,0.5257,-1.4540000000000002,0.2996,0.3,265
2025-26,1631124,Julian Strawther,1610612743,0.13,0.79,-0.21,0.1396,0.06,-0.0796,0.0569,0.06,3627
2025-26,1642939,Miles Kelly,1610612742,0.64,-1.16,-0.25,0.8563,0.03,-0.8262999999999999,0.0223,0.02,576
2025-26,1627746,Skal Labissiere,1610612764,1.34,-0.32,-0.16,3.0614,0.5522,-2.5092,0.2411,0.24,155
2025-26,1627752,Taurean Prince,1610612749,0.16,0.16,-0.24,0.1776,0.01,-0.1676,0.0093,0.01,2540
2025-26,1643024,Chris Mañon,1610612747,1.16,0.03,0.34,2.4113,0.97,-1.4413000000000002,0.4661,0.47,185
2025-26,1629684,Grant Williams,1610612766,0.14,1.74,0.25,0.1456,-0.41,-0.5556,-0.3839,-0.38,2942
2025-26,1642434,Riley Minix,1610612759,0.93,0.39,-0.17,1.6656,0.5542,-1.1114,0.3106,0.31,255
2025-26,1626220,Royce O'Neale,1610612756,0.04,-4.74,-0.25,0.0448,-0.27,-0.3148,-0.2643,-0.26,9346
2025-26,1641715,Cam Whitmore,1610612764,0.24,-0.99,-0.19,0.2693,-0.3032,-0.5725,-0.2685,-0.27,1547
2025-26,1631114,Jalen Williams,1610612760,0.1,-0.46,-0.16,0.1063,-0.09,-0.1963,-0.0856,-0.09,3891
2025-26,1628404,Josh Hart,1610612752,0.05,-1.45,-0.2,0.0519,-0.07,-0.12190000000000001,-0.0683,-0.07,7884
2025-26,1631207,Dalen Terry,1610612741,0.16,3.36,-0.05,0.1779,-0.14,-0.3179,-0.1288,-0.13,2299
2025-26,1630699,MarJon Beauchamp,1610612755,0.38,1.5,-0.13,0.4684,-0.08,-0.5484,-0.0648,-0.06,851
2025-26,1628368,De'Aaron Fox,1610612759,0.04,-0.22,-0.17,0.042,-0.01,-0.052000000000000005,-0.0098,-0.01,9311
2025-26,1642389,Zyon Pullin,1610612750,1.01,0,-0.15,2.1503,0.4866,-1.6637000000000002,0.2291,0.23,178
2025-26,1629001,De'Anthony Melton,1610612744,0.08,5.54,0.02,0.0793,0.36,0.2807,0.3455,0.35,4761
2025-26,1643133,Lawson Lovering,1610612763,0.92,0.86,-0.02,1.8835,0.7427,-1.1408,0.3647,0.36,193
2025-26,1626167,Myles Turner,1610612749,0.04,-0.91,0.11,0.0446,-0.04,-0.08460000000000001,-0.039,-0.04,7852
2025-26,1631210,Jacob Toppin,1610612737,1.27,0.49,-0.07,5.1176,0.8173,-4.3003,0.2028,0.2,66
2025-26,1630846,Olivier Sarr,1610612739,0.87,0,0.34,1.8604,0.4971,-1.3633000000000002,0.2327,0.23,176
2025-26,1630619,Moussa Cisse,1610612742,0.13,2.39,0.3,0.1431,-0.31,-0.4531,-0.2843,-0.28,2212
2025-26,1641747,DaRon Holmes II,1610612743,0.31,0.56,0.08,0.389,-0.15,-0.539,-0.12,-0.12,801
2025-26,1628389,Bam Adebayo,1610612748,0.03,3.4,0.05,0.0309,-0.48,-0.5109,-0.4706,-0.47,10045
2025-26,1641801,Emanuel Miller,1610612741,0.91,-0.61,-0.11,2.255,0.2573,-1.9977,0.1041,0.1,136
2025-26,1642261,Dalton Knecht,1610612747,0.12,-2.1,-0.26,0.135,-0.07,-0.20500000000000002,-0.0643,-0.06,2255
2025-26,1629014,Anfernee Simons,1610612738,0.05,-1.77,-0.15,0.0508,-0.6666,-0.7173999999999999,-0.6435,-0.64,5567
2025-26,1641815,Isaiah Stevens,1610612758,0.75,0.4,0.06,1.6302,0.5202,-1.11,0.2398,0.24,171
2025-26,201935,James Harden,1610612746,0.03,-0.44,0.01,0.028,-0.3,-0.328,-0.294,-0.29,9878
2025-26,1631243,Mouhamed Gueye,1610612737,0.05,1.06,0.02,0.0487,-0.21,-0.2587,-0.2018,-0.2,4910
2025-26,1629622,Max Strus,1610612739,0.16,0,-0.28,0.1911,0.0145,-0.17659999999999998,0.0125,0.01,1226
2025-26,1643018,LJ Cryer,1610612744,0.18,3.16,-0.2,0.207,1.2109,1.0039,1.0273,1.03,1119
2025-26,1642853,Rasheer Fleming,1610612756,0.08,0.43,-0.06,0.0892,-0.35,-0.4392,-0.3248,-0.32,2582
2025-26,1629026,Kenrich Williams,1610612760,0.06,0.97,-0.17,0.0664,0.18,0.11359999999999999,0.1701,0.17,3438
2025-26,1642352,Keshad Johnson,1610612748,0.16,0.97,0.03,0.1886,-0.64,-0.8286,-0.5489,-0.55,1205
2025-26,203991,Clint Capela,1610612745,0.06,1.16,-0.04,0.0586,-0.09,-0.1486,-0.0853,-0.09,3644
2025-26,1630583,Santi Aldama,1610612763,0.04,-2.26,-0.09,0.0436,-0.8384,-0.882,-0.8049,-0.8,4807
2025-26,1631111,Wendell Moore Jr.,1610612765,0.48,1.87,0.01,0.8784,0.8644,-0.014000000000000012,0.4697,0.47,238
2025-26,1631211,Trevor Keels,1610612748,0.77,-0.24,-0.14,3.0533,0.3163,-2.737,0.0802,0.08,68
2025-26,1630828,Alex Antetokounmpo,1610612749,0.7,0,0.45,2.2078,0.4378,-1.7700000000000002,0.1379,0.14,92
2025-26,1642402,Enrique Freeman,1610612750,0.54,0.11,0.05,1.1841,0.3173,-0.8667999999999999,0.1453,0.15,169
2025-26,1641771,Jalen Slawson,1610612754,0.13,2.01,0.04,0.152,0.8144,0.6624,0.7042,0.7,1277
2025-26,1642884,Vladislav Goldin,1610612748,0.72,0.19,-0.06,2.7735,0.4339,-2.3396,0.1125,0.11,70
2025-26,1642366,Quinten Post,1610612744,0.04,-0.51,-0.11,0.0391,0.16,0.12090000000000001,0.1535,0.15,4757
2025-26,1642911,Rocco Zikarsky,1610612750,0.49,0.02,0.07,1.169,0.2689,-0.9001000000000001,0.113,0.11,145
2025-26,1641753,Chris Livingston,1610612739,0.59,0.24,0.08,2.1896,0.3971,-1.7925,0.1062,0.11,73
2025-26,1628420,Monté Morris,1610612754,0.31,0.48,-0.14,0.5322,0.2873,-0.2449,0.1686,0.17,284
2025-26,1641813,Mark Sears,1610612749,0.46,0.84,0.11,1.3162,0.5244,-0.7918000000000001,0.1839,0.18,108
2025-26,1642368,N'Faly Dante,1610612737,0.51,0.23,-0.03,2.1972,0.3361,-1.8611,0.0776,0.08,60
2025-26,1630658,Colin Castleton,1610612753,0.43,0,-0.18,1.5111,0.2008,-1.3103,0.0574,0.06,80
2025-26,1641726,Dereck Lively II,1610612742,0.15,1.22,0.04,0.2112,0.5272,0.316,0.3772,0.38,503
2025-26,1629632,Coby White,1610612741,0.02,1.29,0.04,0.019,-0.44,-0.459,-0.4235,-0.42,5146
2025-26,1630644,Mac McClung,1610612754,0.12,-0.5,-0.01,0.1652,-0.06,-0.2252,-0.0448,-0.04,590
2025-26,1643047,CJ Huntley,1610612756,0.26,0,-0.19,0.5762,0.1012,-0.47500000000000003,0.0459,0.05,166
2025-26,1641774,Tristan Vukcevic,1610612764,0.03,-1.67,-0.02,0.028,-0.27,-0.29800000000000004,-0.253,-0.25,2975
2025-26,203952,Andrew Wiggins,1610612748,0.01,-3.31,-0.18,0.0089,-0.05,-0.0589,-0.0489,-0.05,9079
2025-26,1641794,Dillon Jones,1610612752,0.21,-0.24,0.14,0.4783,0.21,-0.2683,0.093,0.09,159
2025-26,1631338,Mouhamadou Gueye,1610612741,0.16,0,-0.02,0.325,0.0792,-0.24580000000000002,0.0399,0.04,203
2025-26,1642449,Tolu Smith,1610612765,0.11,-0.37,0.23,0.1713,-0.21,-0.3813,-0.1362,-0.14,369
2025-26,1641807,Norchad Omier,1610612746,0.16,-0.81,-0.05,0.5162,-0.1759,-0.6920999999999999,-0.0554,-0.06,92
2025-26,1643007,Taelon Peter,1610612754,0.02,-0.59,-0.16,0.0212,0.05,0.028800000000000003,0.0457,0.05,2099
2025-26,1631116,Patrick Baldwin Jr.,1610612746,0.04,-0.22,-0.12,0.0552,-0.0867,-0.1419,-0.0583,-0.06,410
2025-26,1631205,Buddy Boeheim,1610612760,0,-0.06,-0.09,-0.0152,-0.0351,-0.0199,-0.008,-0.01,59
2025-26,1631119,Jaylin Williams,1610612760,0,0.09,0.07,-0.0016,-0.41,-0.4084,-0.395,-0.4,5260
2025-26,203926,Doug McDermott,1610612758,0,-0.75,-0.39,-0.0045,0.17,0.17450000000000002,0.1541,0.15,1944
2025-26,1628449,Chris Boucher,1610612738,-0.03,0.32,0.22,-0.0464,0.1422,0.1886,0.0921,0.09,367
2025-26,1631115,Orlando Robinson,1610612753,-0.06,-0.45,-0.2,-0.1879,-0.2059,-0.017999999999999988,-0.0663,-0.07,95
2025-26,201599,DeAndre Jordan,1610612740,-0.03,-0.45,-0.03,-0.0331,-0.23,-0.19690000000000002,-0.1864,-0.19,856
2025-26,1642845,VJ Edgecombe,1610612755,0,-0.24,-0.28,-0.003,-0.38,-0.377,-0.3731,-0.37,10840
2025-26,1643060,Hayden Gray,1610612762,-0.16,0,0.03,-0.4584,-0.078,0.38039999999999996,-0.0272,-0.03,107
2025-26,1641772,Nae'Qwan Tomlin,1610612739,-0.01,0.17,-0.06,-0.0119,0.03,0.0419,0.0287,0.03,4295
2025-26,1629634,Brandon Clarke,1610612763,-0.19,-0.34,0,-0.5859,-0.2056,0.38029999999999997,-0.0657,-0.07,94
2025-26,1641803,Tristen Newton,1610612745,-0.31,0,0.07,-1.5604,-0.1572,1.4032,-0.0314,-0.03,50
2025-26,1628415,Dillon Brooks,1610612756,-0.01,-0.73,-0.16,-0.0112,-0.07,-0.058800000000000005,-0.0681,-0.07,7168
2025-26,1642910,John Tonje,1610612738,-0.26,-0.54,0.19,-0.5617,-0.2774,0.2843,-0.1302,-0.13,177
2025-26,1641767,Ben Sheppard,1610612754,-0.02,-0.61,-0.24,-0.0212,-0.25,-0.2288,-0.2419,-0.24,5938
2025-26,1630534,Ochai Agbaji,1610612761,-0.03,-1.12,-0.27,-0.0323,-0.25,-0.2177,-0.238,-0.24,3974
2025-26,1642490,Josh Oduro,1610612740,-0.22,0,-0.33,-0.3433,-0.1633,0.18,-0.1065,-0.11,375
2025-26,1631250,Pete Nance,1610612749,-0.05,3.64,-0.19,-0.0485,0.79,0.8385,0.7393,0.74,2914
2025-26,1631466,Nate Williams,1610612744,-0.13,-1.8,-0.26,-0.1547,-0.7788,-0.6241000000000001,-0.6446,-0.64,961
2025-26,203486,Mason Plumlee,1610612766,-0.17,-0.07,0.46,-0.2143,0.04,0.25429999999999997,0.0313,0.03,715
2025-26,1630163,LaMelo Ball,1610612766,-0.02,1.33,-0.17,-0.0189,-0.51,-0.4911,-0.4982,-0.5,8420
2025-26,1631127,Harrison Ingram,1610612759,-0.54,-0.21,-0.27,-1.5491,-0.11,1.4390999999999998,-0.0381,-0.04,106
2025-26,1642367,Jonathan Mogbo,1610612761,-0.14,-0.21,-0.18,-0.1616,-0.96,-0.7984,-0.8058,-0.81,1045
2025-26,1642938,Curtis Jones,1610612743,-0.3,0.63,-0.17,-0.4628,-0.72,-0.2572,-0.4651,-0.47,365
2025-26,1641824,Matas Buzelis,1610612741,-0.02,0.18,-0.04,-0.0208,-0.24,-0.2192,-0.2351,-0.24,9543
2025-26,204001,Kristaps Porziņģis,1610612737,-0.06,1.38,0.15,-0.0611,-0.33,-0.26890000000000003,-0.3113,-0.31,3335
2025-26,1631218,Trayce Jackson-Davis,1610612744,-0.09,-2.48,0.31,-0.0967,-0.02,0.07669999999999999,-0.0183,-0.02,2126
2025-26,1642461,Spencer Jones,1610612743,-0.03,0.31,-0.13,-0.0354,-0.17,-0.1346,-0.1644,-0.16,5880
2025-26,1631166,Drew Timme,1610612747,-0.22,0.99,-0.37,-0.2636,0.6,0.8635999999999999,0.4935,0.49,927
2025-26,1642384,Isaiah Crawford,1610612745,-0.48,0.75,-0.08,-0.7572,1.15,1.9072,0.7341,0.73,353
2025-26,1642359,Pacôme Dadiet,1610612752,-0.37,0.96,-0.06,-0.5045,0.13,0.6345,0.0947,0.09,536
2025-26,203939,Dwight Powell,1610612742,-0.07,3.64,0.48,-0.0721,-0.24,-0.1679,-0.2283,-0.23,3889
2025-26,1642346,Ryan Dunn,1610612756,-0.05,-1.68,-0.15,-0.0533,-0.36,-0.3067,-0.347,-0.35,5349
2025-26,1631133,Jabari Walker,1610612755,-0.09,0.34,-0.03,-0.0917,-0.32,-0.2283,-0.3011,-0.3,3180
2025-26,1630592,Jalen Wilson,1610612751,-0.08,2.51,0.09,-0.0879,-0.38,-0.2921,-0.3588,-0.36,3387
2025-26,1630164,James Wiseman,1610612754,-0.66,-0.17,-0.34,-1.1894,-0.4402,0.7492000000000001,-0.245,-0.24,251
2025-26,1629645,Kevin Porter Jr.,1610612749,-0.06,0.8,-0.02,-0.0581,-0.19,-0.13190000000000002,-0.1829,-0.18,5160
2025-26,203944,Julius Randle,1610612750,-0.03,1.37,0.03,-0.0295,0.03,0.0595,0.0295,0.03,11066
2025-26,1626164,Devin Booker,1610612756,-0.04,4.05,0.11,-0.0363,-0.21,-0.1737,-0.2055,-0.21,9091
2025-26,1628998,Cody Martin,1610612754,-0.78,-0.04,0.23,-1.4447,-0.3567,1.088,-0.1935,-0.19,237
2025-26,1642885,Mohamed Diawara,1610612752,-0.13,-0.48,-0.25,-0.1376,0.17,0.3076,0.1574,0.16,2495
2025-26,1641761,Grant Nelson,1610612751,-1.05,0.01,0.42,-2.5624,-0.4702,2.0921999999999996,-0.1928,-0.19,139
2025-26,1642859,Jase Richardson,1610612753,-0.15,-0.02,-0.2,-0.1605,-0.27,-0.10950000000000001,-0.2488,-0.25,2343
2025-26,1631102,TyTy Washington Jr.,1610612746,-0.7,-1.03,-0.44,-1.1042,0.54,1.6442,0.3426,0.34,347
2025-26,1626166,Cameron Payne,1610612755,-0.21,-0.06,-0.15,-0.2379,-1.16,-0.9220999999999999,-1.0354,-1.04,1662
2025-26,1643141,Jahmyl Telfort,1610612746,-1.29,0.08,0.34,-3.3305,-0.5906,2.7398999999999996,-0.2294,-0.23,127
2025-26,1641755,Kevin McCullar Jr.,1610612752,-0.53,-1.7,-0.24,-0.6977,-1.19,-0.49229999999999996,-0.8987,-0.9,617
2025-26,1630557,Corey Kispert,1610612764,-0.09,-2.38,-0.13,-0.0951,-0.13,-0.0349,-0.1246,-0.12,4588
2025-26,203967,Dario Šarić,1610612758,-1.11,0.15,-0.2,-2.2204,-0.5396,1.6808,-0.2698,-0.27,200
2025-26,1627742,Brandon Ingram,1610612761,-0.04,-1.88,-0.23,-0.043,-0.07,-0.02700000000000001,-0.0687,-0.07,10501
2025-26,1642935,Chucky Hepburn,1610612761,-1.79,-0.27,-0.08,-8.5279,-1.0535,7.474400000000001,-0.2207,-0.22,53
2025-26,204060,Joe Ingles,1610612750,-0.57,-1.92,-0.39,-0.748,-0.84,-0.09199999999999997,-0.6426,-0.64,651
2025-26,1641713,GG Jackson,1610612763,-0.1,-1.57,-0.03,-0.1043,-0.16,-0.0557,-0.1536,-0.15,4773
2025-26,1642443,Jahmir Young,1610612748,-1.27,-1.45,-0.14,-2.4833,-1.8,0.6832999999999998,-0.9198,-0.92,209
2025-26,1630209,Omer Yurtseven,1610612744,-0.81,0,-0.01,-1.1849,-0.3611,0.8238000000000001,-0.2482,-0.25,440
2025-26,1631457,Alex Morales,1610612753,-1.77,0,-0.19,-5.5515,-0.9646,4.5869,-0.3084,-0.31,94
2025-26,202066,Garrett Temple,1610612761,-1.06,-0.45,0.03,-1.7718,-1.09,0.6818,-0.6505,-0.65,296
2025-26,1642951,Sean Pedulla,1610612746,-1.68,-0.34,-0.29,-4.4537,-1.0281,3.4256,-0.3876,-0.39,121
2025-26,1629027,Trae Young,1610612737,-0.29,-1.22,0.14,-0.3258,-0.78,-0.45420000000000005,-0.6972,-0.7,1685
2025-26,1628975,Jevon Carter,1610612741,-0.15,-1.36,-0.27,-0.1534,0.08,0.2334,0.0759,0.08,3661
2025-26,1628964,Mo Bamba,1610612761,-1.51,-0.32,-0.2,-3.2392,-0.9015,2.3377,-0.4194,-0.42,174
2025-26,1631230,Dominick Barlow,1610612755,-0.09,-1.82,-0.1,-0.0884,0.08,0.1684,0.0778,0.08,6977
2025-26,1642382,Branden Carlson,1610612760,-0.29,-2.78,0.01,-0.3156,-0.44,-0.12440000000000001,-0.3991,-0.4,1951
2025-26,1641733,Nick Smith Jr.,1610612747,-0.38,1.57,-0.38,-0.4264,-0.54,-0.11360000000000003,-0.4764,-0.48,1497
2025-26,1641809,Drew Peterson,1610612766,-1.46,-0.42,-0.03,-2.5871,-0.8556,1.7315,-0.482,-0.48,258
2025-26,1631204,Marcus Sasser,1610612765,-0.32,0.81,-0.42,-0.3507,0.35,0.7007,0.3167,0.32,1902
2025-26,1641842,Ronald Holland II,1610612765,-0.1,1.08,-0.21,-0.1078,-0.31,-0.2022,-0.3006,-0.3,6410
2025-26,203076,Anthony Davis,1610612742,-0.25,-0.49,-0.26,-0.2655,-0.3406,-0.0751,-0.3163,-0.32,2606
2025-26,1642282,Hunter Sallis,1610612755,-2.38,-0.35,-0.23,-6.7772,-1.3898,5.3873999999999995,-0.4873,-0.49,108
2025-26,1630314,Brandon Williams,1610612742,-0.12,0.23,-0.1,-0.1194,-0.16,-0.0406,-0.1551,-0.16,6385
2025-26,1642403,Isaac Jones,1610612758,-2.31,-0.92,0,-5.6034,-0.68,4.9234,-0.28,-0.28,140
2025-26,1629021,Moritz Wagner,1610612753,-0.4,-0.71,0.09,-0.4405,1.26,1.7005,1.1334,1.13,1791
2025-26,1642863,Khaman Maluach,1610612756,-0.46,-0.42,0.04,-0.5142,-0.62,-0.1058,-0.5514,-0.55,1608
2025-26,1628396,Tony Bradley,1610612754,-0.4,-1.4,-0.09,-0.4415,0.01,0.4515,0.009,0.01,1883
2025-26,1643016,Bez Mbeng,1610612762,-0.36,0,-0.22,-0.3901,-0.1972,0.19290000000000002,-0.1806,-0.18,2178
2025-26,1642959,Chris Youngblood,1610612760,-0.94,-0.64,0.09,-1.2114,-0.63,0.5814,-0.4906,-0.49,704
2025-26,1642876,Adou Thiero,1610612747,-1.07,0.42,0.26,-1.4167,-0.24,1.1767,-0.1806,-0.18,608
2025-26,1642380,Adama Bal,1610612763,-0.69,0,-0.03,-0.8204,-0.3034,0.517,-0.2553,-0.26,1060
2025-26,202685,Jonas Valančiūnas,1610612743,-0.24,-1.63,-0.14,-0.2546,-0.67,-0.41540000000000005,-0.6332,-0.63,3441
2025-26,1642530,Yuki Kawamura,1610612741,-0.78,0.98,-0.02,-0.9472,-0.31,0.6372,-0.2549,-0.25,926
2025-26,1642277,Johnny Furphy,1610612754,-0.31,0.69,-0.2,-0.3291,0.084,0.4131,0.0781,0.08,2685
2025-26,1641890,Tyler Smith,1610612742,-0.93,0,-0.18,-1.1709,-0.4352,0.7357,-0.345,-0.34,765
2025-26,1627741,Buddy Hield,1610612744,-0.26,-2.96,-0.09,-0.2712,-0.37,-0.0988,-0.3489,-0.35,3313
2025-26,1642917,Max Shulga,1610612738,-2.54,0.1,0,-5.8661,-1.2696,4.596500000000001,-0.5503,-0.55,153
2025-26,1641727,Dariq Whitehead,1610612763,-0.9,0,-0.15,-1.1198,-0.4164,0.7033999999999999,-0.3341,-0.33,811
2025-26,1630679,Ethan Thompson,1610612754,-0.32,2.12,-0.05,-0.3406,-0.42,-0.07939999999999997,-0.3914,-0.39,2741
2025-26,1631093,Jaden Ivey,1610612765,-0.3,-0.56,-0.23,-0.3256,-0.3861,-0.0605,-0.3611,-0.36,2896
2025-26,1642873,Amari Williams,1610612738,-1.25,-2.2,0.22,-1.6988,-0.43,1.2688000000000001,-0.3167,-0.32,559
2025-26,1642950,Lachlan Olbrich,1610612741,-0.6,1.08,0.14,-0.6861,-0.61,0.07610000000000006,-0.5337,-0.53,1400
2025-26,1626204,Larry Nance Jr.,1610612739,-0.46,-2.13,-0.1,-0.5048,-0.48,0.024800000000000044,-0.4349,-0.43,1927
2025-26,1626172,Kevon Looney,1610612740,-0.65,0.04,-0.27,-0.7492,-0.44,0.3092,-0.3815,-0.38,1304
2025-26,1641752,Bobi Klintman,1610612765,-1.92,-0.56,-0.37,-3.1567,-2.06,1.0966999999999998,-1.2522,-1.25,310
2025-26,1642857,Kasparas Jakučionis,1610612748,-0.22,-1.15,-0.11,-0.2313,-0.46,-0.22870000000000001,-0.4394,-0.44,4275
2025-26,1630548,Johnny Juzang,1610612750,-1.76,-1.17,-0.25,-2.7112,-1.2676,1.4435999999999998,-0.8236,-0.82,371
2025-26,1642271,Kyle Filipowski,1610612762,-0.13,0.8,-0.11,-0.134,-0.15,-0.015999999999999986,-0.1462,-0.15,7667
2025-26,1642918,Alijah Martin,1610612761,-1.34,-0.97,-0.06,-1.815,-0.61,1.205,-0.4511,-0.45,568
2025-26,1630286,Trevon Scott,1610612751,-1.17,0,-0.14,-1.4835,-0.5314,0.9521000000000001,-0.4193,-0.42,748
2025-26,1631110,Jeremy Sochan,1610612759,-0.53,-4.54,-0.13,-0.5855,-0.94,-0.3544999999999999,-0.8511,-0.85,1915
2025-26,1628997,Caleb Martin,1610612742,-0.3,-2.29,-0.17,-0.3132,-0.13,0.18319999999999997,-0.1231,-0.12,3590
2025-26,1630591,Jalen Suggs,1610612753,-0.17,1.86,-0.32,-0.1707,-0.19,-0.01930000000000001,-0.1844,-0.18,6589
2025-26,1641778,Leaky Black,1610612764,-0.55,2.21,-0.28,-0.6081,0.5314,1.1395,0.4798,0.48,1860
2025-26,1631247,Luke Travers,1610612739,-1.79,-1.73,0.03,-2.6102,-1.4134,1.1967999999999999,-0.9675,-0.97,434
2025-26,1630700,Dyson Daniels,1610612737,-0.11,2.86,-0.27,-0.1074,-0.62,-0.5126,-0.6086,-0.61,10718
2025-26,1628369,Jayson Tatum,1610612738,-0.49,0.69,-0.03,-0.5325,0.0404,0.5729,0.037,0.04,2177
2025-26,1630625,Dalano Banton,1610612746,-2.61,-0.68,0.01,-4.626,-1.495,3.1310000000000002,-0.8422,-0.84,258
2025-26,1631120,JD Davison,1610612745,-1.13,0.35,-0.02,-1.399,-0.85,0.549,-0.6893,-0.69,858
2025-26,1641711,Gradey Dick,1610612761,-0.26,-0.39,-0.24,-0.2682,-0.24,0.028200000000000003,-0.2298,-0.23,4505
2025-26,1629651,Nic Claxton,1610612751,-0.15,-3.96,0.14,-0.1542,0.19,0.3442,0.1853,0.19,7832
2025-26,1642345,Oso Ighodaro,1610612756,-0.16,2.8,0.04,-0.1687,-0.4,-0.23130000000000003,-0.3892,-0.39,7198
2025-26,203914,Gary Harris,1610612749,-0.43,-0.72,-0.2,-0.4578,-0.57,-0.11219999999999997,-0.5301,-0.53,2660
2025-26,1627749,Dejounte Murray,1610612740,-0.69,2.14,-0.36,-0.7768,0.4273,1.2041,0.3806,0.38,1633
2025-26,1628989,Kevin Huerter,1610612741,-0.19,0.02,-0.29,-0.1975,-0.43,-0.23249999999999998,-0.4171,-0.42,6452
2025-26,1642933,Keshon Gilbert,1610612764,-2.52,-1.96,0.04,-4.1512,-1.59,2.5612000000000004,-0.964,-0.96,308
2025-26,1642882,Julian Reese,1610612764,-0.67,-0.98,-0.19,-0.7461,-0.6878,0.05830000000000002,-0.6161,-0.62,1718
2025-26,1631260,AJ Green,1610612749,-0.14,0.31,-0.21,-0.1386,-0.06,0.0786,-0.0587,-0.06,9285
2025-26,1642269,Devin Carter,1610612758,-0.43,-0.11,-0.29,-0.4562,-0.42,0.03620000000000001,-0.3922,-0.39,2823
2025-26,1630256,Jae'Sean Tate,1610612745,-0.72,-4.04,-0.36,-0.8071,-0.47,0.33710000000000007,-0.4184,-0.42,1621
2025-26,1641998,Trey Jemison III,1610612752,-2.42,-0.87,-0.33,-3.841,-0.74,3.101,-0.4669,-0.47,342
2025-26,1641730,Noah Clowney,1610612751,-0.18,0.61,0.1,-0.1839,-0.35,-0.16609999999999997,-0.3406,-0.34,7223
2025-26,1641780,Johni Broome,1610612755,-3.32,-1.57,-0.09,-6.5851,-2.1883,4.3968,-1.1023,-1.1,203
2025-26,1628467,Maxi Kleber,1610612747,-0.62,1.81,0.04,-0.6784,-0.4,0.2784,-0.3633,-0.36,1979
2025-26,1627826,Ivica Zubac,1610612746,-0.22,2.04,-0.2,-0.2286,-0.14,0.08859999999999998,-0.1355,-0.14,6013
2025-26,1630526,Jeremiah Robinson-Earl,1610612754,-0.8,-1.35,-0.19,-0.8997,-0.8805,0.019200000000000106,-0.7801,-0.78,1554
2025-26,1629111,Jock Landale,1610612763,-0.22,-1.65,-0.1,-0.2295,-0.3,-0.07049999999999998,-0.2906,-0.29,6163
2025-26,1631451,Javonte Cooke,1610612757,-2.47,-0.18,-0.39,-3.7742,-1.2604,2.5138,-0.8235,-0.82,377
2025-26,1630621,Hunter Dickinson,1610612740,-3.62,-0.73,-0.31,-7.3756,-2.1097,5.2659,-1.0361,-1.04,193
2025-26,1630228,Jonathan Kuminga,1610612744,-0.39,2.06,0.07,-0.4177,-0.93,-0.5123,-0.8788,-0.88,3432
2025-26,1628365,Markelle Fultz,1610612761,-3.94,0,-0.34,-8.7446,-2.0616,6.683,-0.9289,-0.93,164
2025-26,1641816,Hunter Tyson,1610612743,-1.74,-0.14,-0.03,-2.2792,-0.8058,1.4733999999999998,-0.6156,-0.62,647
2025-26,1642258,Zaccharie Risacher,1610612737,-0.22,-3.07,-0.18,-0.229,-0.47,-0.24099999999999996,-0.456,-0.46,6506
2025-26,1631174,Tyler Burton,1610612763,-0.99,0,0.09,-1.1447,-0.4098,0.7349000000000001,-0.3556,-0.36,1310
2025-26,1630703,Scoot Henderson,1610612757,-0.44,-1.13,0.01,-0.462,-1.5,-1.038,-1.4131,-1.41,3251
2025-26,1630545,Terrence Shannon Jr.,1610612750,-0.64,-2.78,0.02,-0.6959,-1.54,-0.8441000000000001,-1.4108,-1.41,2183
2025-26,1630536,Sharife Cooper,1610612764,-0.47,-1.37,-0.25,-0.5039,-1.18,-0.6760999999999999,-1.1068,-1.11,3026
2025-26,1642484,RayJ Dennis,1610612754,-1.43,-0.45,-0.23,-1.7572,-0.93,0.8272,-0.7575,-0.76,878
2025-26,1641989,Elijah Harkless,1610612762,-0.62,4.22,0.04,-0.675,0.16,0.8350000000000001,0.1473,0.15,2310
2025-26,1628401,Derrick White,1610612738,-0.15,4.17,-0.05,-0.1512,-0.57,-0.41879999999999995,-0.5593,-0.56,10487
2025-26,1630702,Jaden Hardy,1610612742,-0.39,1.61,-0.36,-0.4084,-0.59,-0.18159999999999998,-0.5611,-0.56,3886
2025-26,1631351,Lucas Williamson,1610612763,-1.33,0,-0.04,-1.5965,-0.5803,1.0162,-0.4836,-0.48,1000
2025-26,1642502,Malevy Leons,1610612744,-1.24,-2.35,-0.09,-1.471,-1.26,0.21100000000000008,-1.064,-1.06,1086
2025-26,1629234,Drew Eubanks,1610612758,-0.63,-1.46,-0.19,-0.6863,-0.82,-0.13369999999999993,-0.7557,-0.76,2352
2025-26,1627759,Jaylen Brown,1610612738,-0.16,-1.75,0.07,-0.168,-0.27,-0.10200000000000001,-0.2646,-0.26,9843
2025-26,1630587,Isaiah Livers,1610612756,-0.98,-1.22,-0.08,-1.1064,-0.63,0.47640000000000005,-0.5558,-0.56,1498
2025-26,203992,Bogdan Bogdanović,1610612746,-0.84,0.14,-0.13,-0.9357,-0.83,0.10570000000000002,-0.7466,-0.75,1790
2025-26,1631113,Kennedy Chandler,1610612762,-0.94,0,-0.25,-1.0567,-0.453,0.6036999999999999,-0.4026,-0.4,1596
2025-26,1630214,Xavier Tillman,1610612738,-1.91,-2.72,0,-2.4723,-0.84,1.6323000000000003,-0.6502,-0.65,685
2025-26,203903,Jordan Clarkson,1610612752,-0.32,-2.32,-0.22,-0.3316,-0.57,-0.23839999999999995,-0.5487,-0.55,5153
2025-26,1641796,Pelle Larsson,1610612748,-0.21,-0.02,-0.07,-0.2171,-0.03,0.1871,-0.0293,-0.03,8080
2025-26,1629006,Josh Okogie,1610612745,-0.32,0.88,-0.26,-0.3353,-0.64,-0.3047,-0.6173,-0.62,5430
2025-26,1642878,Tyrese Proctor,1610612739,-0.76,-1.93,-0.13,-0.8308,-0.94,-0.10919999999999996,-0.8617,-0.86,2201
2025-26,1642404,Chaz Lanier,1610612765,-1.51,-0.92,-0.35,-1.7992,-0.42,1.3792,-0.3523,-0.35,1041
2025-26,1643158,Andersson Garcia,1610612762,-2.04,-2.46,0.02,-2.6021,-1.7878,0.8143,-1.4013,-1.4,725
2025-26,1628502,Nigel Hayes-Davis,1610612756,-1.98,-3.83,-0.24,-2.4994,-2.322,0.1774,-1.8372,-1.84,758
2025-26,1641790,PJ Hall,1610612763,-1.75,-2.03,0.2,-2.1382,-1.4677,0.6704999999999999,-1.1979,-1.2,888
2025-26,203484,Kentavious Caldwell-Pope,1610612763,-0.41,0.18,-0.16,-0.4311,-0.1419,0.2892,-0.1358,-0.14,4416
2025-26,201143,Al Horford,1610612744,-0.45,-1.57,0,-0.4671,-0.29,0.17710000000000004,-0.2765,-0.28,4097
2025-26,1642353,Cam Christie,1610612746,-0.92,-0.08,-0.08,-1.0122,-0.22,0.7922,-0.1994,-0.2,1937
2025-26,201145,Jeff Green,1610612745,-2.09,-3.57,-0.3,-2.6461,-0.31,2.3361,-0.2449,-0.24,752
2025-26,1642964,Brooks Barnhizer,1610612760,-1.27,-2.87,-0.11,-1.4588,-0.38,1.0788000000000002,-0.3318,-0.33,1377
2025-26,1628371,Jonathan Isaac,1610612753,-0.89,-2.01,0.26,-0.9815,-0.55,0.4315,-0.5014,-0.5,2062
2025-26,1630811,Keaton Wallace,1610612737,-0.82,-1.54,-0.13,-0.8885,-0.29,0.5985,-0.2666,-0.27,2280
2025-26,1642272,Jared McCain,1610612755,-0.42,1.22,-0.26,-0.4399,-0.53,-0.09010000000000001,-0.5087,-0.51,4778
2025-26,203482,Kelly Olynyk,1610612759,-1.31,-2.61,0.09,-1.4872,-0.64,0.8472000000000001,-0.5625,-0.56,1451
2025-26,1643253,Toby Okani,1610612763,-1.88,0,-0.04,-2.2685,-0.8149,1.4536,-0.6739,-0.67,956
2025-26,1642869,Noah Penda,1610612753,-0.69,-1.26,-0.27,-0.7361,-0.35,0.3861,-0.3278,-0.33,2958
2025-26,203078,Bradley Beal,1610612746,-3.1,-1.44,-0.27,-4.3177,-1.92,2.3977000000000004,-1.3776,-1.38,508
2025-26,203500,Steven Adams,1610612745,-0.68,1.13,-0.09,-0.7271,0.1069,0.834,0.1003,0.1,3028
2025-26,1629162,Jordan McLaughlin,1610612759,-1.65,-5.94,-0.23,-1.9362,-0.86,1.0762,-0.7314,-0.73,1138
2025-26,1627734,Domantas Sabonis,1610612758,-0.85,-0.24,-0.24,-0.924,-0.5035,0.4205000000000001,-0.4647,-0.46,2397
2025-26,1630224,Jalen Green,1610612756,-0.63,-0.56,-0.15,-0.6635,0.27,0.9335,0.2549,0.25,3381
2025-26,1642877,Micah Peavy,1610612740,-0.55,0.18,-0.39,-0.5777,-0.57,0.00770000000000004,-0.5424,-0.54,3928
2025-26,1642874,Danny Wolf,1610612751,-0.45,0.73,-0.08,-0.4679,-0.62,-0.1521,-0.5956,-0.6,4872
2025-26,1641748,Andre Jackson Jr.,1610612749,-1.26,2.33,0.09,-1.4108,-0.38,1.0308000000000002,-0.3384,-0.34,1625
2025-26,1642260,Nikola Topić,1610612760,-2.71,0.54,-0.39,-3.5498,-0.82,2.7298,-0.6266,-0.63,648
2025-26,1641724,Jett Howard,1610612753,-0.8,0.5,-0.22,-0.8571,-0.83,0.027100000000000013,-0.7736,-0.77,2741
2025-26,1629652,Luguentz Dort,1610612760,-0.3,-0.79,-0.25,-0.3106,-0.28,0.03059999999999996,-0.2728,-0.27,7613
2025-26,1628370,Malik Monk,1610612758,-0.39,-1.12,-0.43,-0.3983,-0.07,0.3283,-0.0677,-0.07,5979
2025-26,1630590,Scotty Pippen Jr.,1610612763,-2.17,-0.97,-0.13,-2.6571,-1.63,1.0271,-1.3334,-1.33,899
2025-26,1629636,Darius Garland,1610612739,-0.41,-1.77,-0.33,-0.4206,-0.55,-0.12940000000000007,-0.5315,-0.53,5737
2025-26,1642259,Alex Sarr,1610612764,-0.43,-1.82,0,-0.4454,-0.32,0.1254,-0.3087,-0.31,5448
2025-26,1631132,Christian Koloko,1610612747,-1.4,0.79,-0.13,-1.5772,-0.79,0.7871999999999999,-0.6994,-0.7,1544
2025-26,1642278,Tyler Kolek,1610612752,-0.79,0.97,-0.41,-0.845,-0.79,0.05499999999999994,-0.7389,-0.74,2890
2025-26,202687,Bismack Biyombo,1610612759,-3.27,-3.64,0.04,-4.4558,-1.4,3.0558,-1.0267,-1.03,550
2025-26,201572,Brook Lopez,1610612746,-0.37,1.78,-0.12,-0.3791,-0.49,-0.1109,-0.4753,-0.48,6467
2025-26,1630574,Ariel Hukporti,1610612752,-1.13,-1.36,0.06,-1.2417,-0.88,0.3617,-0.7998,-0.8,1994
2025-26,1630165,Killian Hayes,1610612758,-1.33,1.22,-0.27,-1.4905,-0.1702,1.3203,-0.1519,-0.15,1664
2025-26,1642860,Will Riley,1610612764,-0.36,-1.98,-0.15,-0.3695,0.23,0.5995,0.2234,0.22,6812
2025-26,1630322,Lindy Waters III,1610612759,-1.81,-1.95,-0.26,-2.1173,-0.91,1.2073,-0.7797,-0.78,1197
2025-26,1631104,Blake Wesley,1610612757,-1.53,-1.68,0.01,-1.7445,-0.89,0.8544999999999999,-0.783,-0.78,1464
2025-26,200768,Kyle Lowry,1610612755,-3.83,-0.72,0,-5.4541,-0.87,4.5841,-0.6115,-0.61,473
2025-26,203083,Andre Drummond,1610612755,-0.49,-1.24,-0.21,-0.5042,-0.22,0.2842,-0.2117,-0.21,5128
2025-26,1642883,Sion James,1610612766,-0.34,-0.19,0.04,-0.3525,-0.39,-0.03750000000000003,-0.3798,-0.38,7427
2025-26,1642358,AJ Johnson,1610612764,-1.28,2.57,-0.28,-1.4161,-0.9,0.5160999999999999,-0.8132,-0.81,1873
2025-26,1627739,Kris Dunn,1610612746,-0.29,-0.52,-0.27,-0.2961,-0.26,0.036099999999999965,-0.2543,-0.25,8988
2025-26,1641731,Bilal Coulibaly,1610612764,-0.41,0.08,-0.03,-0.4223,-0.48,-0.057699999999999974,-0.4654,-0.47,6360
2025-26,1642354,KJ Simpson,1610612766,-2.16,-1.54,-0.16,-2.5695,-1.3,1.2695,-1.0922,-1.09,1051
2025-26,1631222,Jake LaRavia,1610612747,-0.31,-2.32,-0.12,-0.3177,-0.29,0.027700000000000002,-0.2834,-0.28,8523
2025-26,1631200,Kris Murray,1610612757,-0.48,-1.14,-0.08,-0.4946,-0.24,0.2546,-0.2317,-0.23,5589
2025-26,1630192,Zeke Nnaji,1610612743,-1.04,-2.65,-0.1,-1.1246,-0.46,0.6646000000000001,-0.4256,-0.43,2471
2025-26,1630174,Aaron Nesmith,1610612754,-0.47,2.14,-0.2,-0.4896,-0.29,0.1996,-0.2802,-0.28,5689
2025-26,1631212,Peyton Watson,1610612743,-0.41,0.18,-0.02,-0.4259,-0.38,0.045899999999999996,-0.3687,-0.37,6549
2025-26,1642355,Bronny James,1610612747,-1.65,-0.74,-0.41,-1.8764,-1.03,0.8464,-0.9083,-0.91,1492
2025-26,203935,Marcus Smart,1610612747,-0.37,5.37,-0.15,-0.3811,-0.99,-0.6089,-0.9638,-0.96,7364
2025-26,1629656,Quentin Grimes,1610612755,-0.3,-0.55,-0.15,-0.3095,-0.21,0.0995,-0.2055,-0.21,9191
2025-26,1630570,Trendon Watford,1610612755,-0.71,-1.35,-0.27,-0.7527,-0.86,-0.10729999999999995,-0.8168,-0.82,3779
2025-26,1641738,Kobe Brown,1610612746,-0.69,-3.23,-0.12,-0.7205,-0.5,0.22050000000000003,-0.476,-0.48,3967
2025-26,1641723,Kobe Bufkin,1610612747,-4.19,-1.2,-0.1,-5.9037,-1.62,4.2837,-1.1484,-1.15,487
2025-26,201567,Kevin Love,1610612762,-1.03,-0.62,-0.04,-1.1046,-1.08,0.024599999999999955,-1.0049,-1,2675
2025-26,1642450,Daniss Jenkins,1610612765,-0.48,-0.7,-0.32,-0.4993,-0.24,0.25930000000000003,-0.2322,-0.23,5976
2025-26,1627827,Dorian Finney-Smith,1610612745,-1.12,-2.94,-0.38,-1.211,-0.95,0.2610000000000001,-0.8801,-0.88,2519
2025-26,203994,Jusuf Nurkić,1610612762,-0.63,-0.28,-0.16,-0.6563,-0.4067,0.2496,-0.3903,-0.39,4771
2025-26,101108,Chris Paul,1610612746,-2.82,-3.05,-0.34,-3.4309,-2.4122,1.0187,-1.9815,-1.98,920
2025-26,1630171,Isaac Okoro,1610612741,-0.44,-2.35,-0.01,-0.4503,-0.28,0.17029999999999995,-0.2725,-0.27,7282
2025-26,1641737,Adem Bona,1610612755,-0.62,0.07,0.11,-0.6457,-0.32,0.32570000000000005,-0.308,-0.31,5133
2025-26,1630552,Jalen Johnson,1610612737,-0.31,1.35,-0.15,-0.3176,-0.34,-0.02240000000000003,-0.3338,-0.33,10755
2025-26,1642274,Yves Missi,1610612740,-0.62,4.28,-0.1,-0.6411,-0.53,0.11109999999999998,-0.5109,-0.51,5347
2025-26,1630579,Jericho Sims,1610612749,-0.63,-1.79,-0.08,-0.6524,-0.2,0.45239999999999997,-0.1927,-0.19,5291
2025-26,1629618,Jalen Pickett,1610612743,-1,0.06,-0.36,-1.0634,-0.73,0.3333999999999999,-0.6877,-0.69,3253
2025-26,201587,Nicolas Batum,1610612746,-0.64,-1.86,-0.21,-0.662,-0.57,0.09200000000000008,-0.549,-0.55,5229
2025-26,1631099,Keegan Murray,1610612758,-1,1.1,-0.37,-1.0586,-0.78,0.27859999999999996,-0.7365,-0.74,3389
2025-26,1631213,Tyrese Martin,1610612751,-1.11,-1.39,-0.21,-1.1795,-0.85,0.3295,-0.7977,-0.8,3053
2025-26,1627824,Guerschon Yabusele,1610612752,-0.81,-0.26,-0.01,-0.8448,-0.8,0.04479999999999995,-0.7645,-0.76,4313
2025-26,1629631,De'Andre Hunter,1610612739,-0.71,-1.61,-0.05,-0.7349,-0.9109,-0.17600000000000005,-0.8761,-0.88,5029
2025-26,1630598,Aaron Wiggins,1610612760,-0.64,-0.06,-0.22,-0.6597,-0.44,0.21969999999999995,-0.4256,-0.43,5896
2025-26,1642856,Egor Dëmin,1610612751,-0.7,0.33,-0.13,-0.7247,-0.53,0.19469999999999998,-0.511,-0.51,5378
2025-26,1629018,Gary Trent Jr.,1610612749,-0.67,-3.81,-0.22,-0.6902,-0.49,0.20020000000000004,-0.4733,-0.47,5675
2025-26,1631126,Caleb Love,1610612757,-0.9,-1.37,-0.26,-0.9394,-0.48,0.45940000000000003,-0.4584,-0.46,4236
2025-26,1630610,DeJon Jarreau,1610612763,-3.47,0,0.02,-4.1992,-1.4892,2.71,-1.2309,-1.23,953
2025-26,1642920,Kobe Sanders,1610612746,-0.72,-0.47,-0.27,-0.7474,-1.3,-0.5526000000000001,-1.254,-1.25,5450
2025-26,1629611,Terance Mann,1610612751,-0.64,0.64,-0.13,-0.6595,-0.44,0.21949999999999997,-0.4264,-0.43,6250
2025-26,1631097,Bennedict Mathurin,1610612754,-0.6,-0.78,-0.02,-0.6151,-0.23,0.3851,-0.2234,-0.22,6777
2025-26,1642868,Carter Bryant,1610612759,-1.17,-2.48,-0.18,-1.2403,-0.86,0.38029999999999997,-0.8118,-0.81,3369
2025-26,1629216,Gabe Vincent,1610612747,-1.06,0.99,-0.18,-1.1205,-0.74,0.38050000000000006,-0.7023,-0.7,3729
2025-26,1642905,Yang Hansen,1610612757,-3.01,-0.64,-0.09,-3.5073,-2.38,1.1273,-2.0457,-2.05,1224
2025-26,1629020,Jarred Vanderbilt,1610612747,-0.87,-0.36,-0.18,-0.9107,-0.49,0.42069999999999996,-0.4703,-0.47,4767
2025-26,1630578,Alperen Sengun,1610612745,-0.44,-3.49,-0.22,-0.4508,-0.49,-0.03920000000000001,-0.4801,-0.48,9731
2025-26,1641854,Craig Porter Jr.,1610612739,-0.9,-1.67,-0.18,-0.9369,-0.61,0.32689999999999997,-0.5853,-0.59,4732
2025-26,1628971,Bruce Brown,1610612743,-0.54,-4.03,-0.2,-0.5501,-0.31,0.24010000000000004,-0.3025,-0.3,8071
2025-26,1631246,Vince Williams Jr.,1610612763,-1.25,0.66,-0.26,-1.3297,-0.3461,0.9836,-0.3266,-0.33,3344
2025-26,1628398,Kyle Kuzma,1610612749,-0.57,-1.08,-0.07,-0.5877,-0.44,0.1477,-0.4287,-0.43,7571
2025-26,1626145,Tyus Jones,1610612753,-1.04,-1.26,-0.42,-1.0937,-0.64,0.4536999999999999,-0.6101,-0.61,4080
2025-26,1630558,Davion Mitchell,1610612748,-0.51,2.96,-0.39,-0.5231,-0.63,-0.1069,-0.6156,-0.62,8546
2025-26,1642880,Kam Jones,1610612754,-1.6,-0.23,-0.33,-1.7205,-0.88,0.8404999999999999,-0.8172,-0.82,2603
2025-26,1642273,Kyshawn George,1610612764,-0.74,-0.1,-0.22,-0.7691,-0.85,-0.08089999999999997,-0.8222,-0.82,5921
2025-26,1629673,Jordan Poole,1610612740,-1.09,-2.85,-0.31,-1.1416,-0.69,0.4516,-0.6571,-0.66,3993
2025-26,1631094,Paolo Banchero,1610612753,-0.45,0.67,0.08,-0.4558,-0.39,0.06579999999999997,-0.3824,-0.38,10014
2025-26,1630175,Cole Anthony,1610612749,-1.99,-1.4,-0.41,-2.1733,-1.4555,0.7177999999999998,-1.33,-1.33,2120
2025-26,1630529,Herbert Jones,1610612740,-0.69,1.16,-0.35,-0.707,-0.92,-0.21300000000000008,-0.8933,-0.89,6703
2025-26,201144,Mike Conley,1610612750,-1.12,-2.95,-0.03,-1.1768,-0.76,0.41680000000000006,-0.7249,-0.72,4126
2025-26,1629630,Ja Morant,1610612763,-1.86,-0.01,-0.12,-2.015,-0.8279,1.1871,-0.7652,-0.77,2437
2025-26,1641722,Jordan Hawkins,1610612740,-1.62,-1.46,-0.5,-1.7355,-1.65,0.08550000000000013,-1.5419,-1.54,2853
2025-26,1630208,Nick Richards,1610612756,-1.65,-2.72,0.07,-1.7679,-1.71,0.05790000000000006,-1.5984,-1.6,2865
2025-26,1631321,Sidy Cissoko,1610612757,-0.83,0.31,0.05,-0.8563,-0.61,0.24629999999999996,-0.5904,-0.59,6021
2025-26,1630560,Cam Thomas,1610612751,-1.43,-0.51,-0.03,-1.5177,-0.36,1.1577000000000002,-0.3402,-0.34,3442
2025-26,1641712,Rayan Rupert,1610612757,-1.12,-2.95,-0.12,-1.1737,-0.78,0.39369999999999994,-0.7468,-0.75,4501
2025-26,1627747,Caris LeVert,1610612765,-1.12,-3.88,-0.27,-1.1673,-0.3,0.8673,-0.2878,-0.29,4704
2025-26,1626156,D'Angelo Russell,1610612742,-2.62,-0.36,-0.27,-2.8818,-1.3155,1.5663000000000002,-1.1956,-1.2,1995
2025-26,1631170,Jaime Jaquez Jr.,1610612748,-0.63,2.05,-0.23,-0.6407,-0.66,-0.019299999999999984,-0.6458,-0.65,9104
2025-26,1628366,Lonzo Ball,1610612739,-1.82,-2.08,-0.08,-1.9367,-1.5737,0.363,-1.4773,-1.48,3065
2025-26,1642347,Jamal Shead,1610612761,-0.77,1.48,-0.31,-0.7853,-0.51,0.2753,-0.4969,-0.5,7611
2025-26,1642264,Stephon Castle,1610612759,-0.71,-1.3,0.06,-0.7292,-0.68,0.04919999999999991,-0.6641,-0.66,8371
2025-26,1629614,Andrew Nembhard,1610612754,-0.82,-2.25,-0.15,-0.8411,-0.55,0.2910999999999999,-0.5355,-0.54,7387
2025-26,1630311,Pat Spencer,1610612744,-1.23,1.41,-0.19,-1.274,-0.72,0.554,-0.6924,-0.69,5022
2025-26,1642942,Jahmai Mashack,1610612763,-2.17,-0.43,-0.16,-2.3293,-0.76,1.5693,-0.7089,-0.71,2775
2025-26,1642962,Drake Powell,1610612751,-1.19,-4.14,-0.11,-1.232,-0.75,0.482,-0.7226,-0.72,5283
2025-26,1630544,Tre Mann,1610612766,-2.31,-4.88,-0.27,-2.4786,-1.27,1.2086000000000001,-1.1827,-1.18,2708
2025-26,1642848,Tre Johnson,1610612764,-1.09,1.79,-0.36,-1.128,-0.26,0.8679999999999999,-0.2518,-0.25,6116
2025-26,1642847,Jeremiah Fears,1610612740,-0.78,-1.66,-0.35,-0.7991,-0.52,0.2791,-0.5086,-0.51,8958
2025-26,1641716,Jarace Walker,1610612754,-0.85,-2.51,-0.18,-0.8732,-0.57,0.3032,-0.5567,-0.56,8366
2025-26,1630172,Patrick Williams,1610612741,-1.12,-2.4,-0.2,-1.1581,-0.86,0.2980999999999999,-0.8339,-0.83,6385
2025-26,1642879,Ben Saraf,1610612751,-1.96,-1.73,-0.17,-2.063,-1.81,0.2530000000000001,-1.7188,-1.72,3769
2025-26,1642846,Ace Bailey,1610612762,-0.9,-2.14,-0.36,-0.9217,-0.93,-0.008300000000000085,-0.9088,-0.91,8566
2025-26,1642363,Nique Clifford,1610612758,-0.98,2.94,-0.48,-1.0085,-0.51,0.49849999999999994,-0.4974,-0.5,7879
2025-26,203114,Khris Middleton,1610612764,-1.34,0.88,-0.33,-1.3786,-1.03,0.3486,-0.9976,-1,6152
2025-26,1631107,Nikola Jović,1610612748,-2.35,0.16,-0.09,-2.4834,-1.02,1.4634,-0.9661,-0.97,3583
2025-26,1642268,Isaiah Collier,1610612762,-1.4,-3.43,-0.08,-1.4459,-0.92,0.5258999999999999,-0.8916,-0.89,6280
2025-26,1630581,Josh Giddey,1610612741,-1.2,1.68,-0.1,-1.2333,-0.46,0.7733000000000001,-0.448,-0.45,7473
2025-26,1642265,Rob Dillingham,1610612750,-2.15,-2.89,-0.43,-2.2513,-1.23,1.0213,-1.1751,-1.18,4281
2025-26,1642383,Walter Clayton Jr.,1610612762,-1.59,2.45,-0.17,-1.648,-0.68,0.9679999999999999,-0.6576,-0.66,5862
2025-26,1642262,Cody Williams,1610612762,-1.36,-0.41,-0.27,-1.4032,-0.83,0.5732,-0.8068,-0.81,6949
2025-26,1631172,Ousmane Dieng,1610612760,-2.07,-2.34,-0.21,-2.1661,-0.92,1.2461000000000002,-0.8812,-0.88,4538
2025-26,203471,Dennis Schröder,1610612758,-1.35,0.18,-0.2,-1.3904,-0.75,0.6404000000000001,-0.7295,-0.73,7112
2025-26,1642948,Ryan Nembhard,1610612742,-2.03,-0.36,-0.56,-2.1089,-1.58,0.5289000000000001,-1.5177,-1.52,4871
2025-26,1642852,Derik Queen,1610612740,-1.28,-0.37,-0.23,-1.3097,-1.11,0.1997,-1.0853,-1.09,8778
2025-26,1642849,Nolan Traore,1610612751,-2.47,-0.69,-0.29,-2.5686,-1.29,1.2786,-1.2408,-1.24,5042
2025-26,201566,Russell Westbrook,1610612758,-1.95,-0.55,-0.58,-1.9988,-1.76,0.2387999999999999,-1.7154,-1.72,7685
2025-26,203110,Draymond Green,1610612744,-1.98,-2.55,-0.06,-2.0319,-1.34,0.6918999999999997,-1.3061,-1.31,7704
2025-26,1642267,Bub Carrington,1610612764,-1.73,-3.03,-0.41,-1.7643,-1.18,0.5843,-1.156,-1.16,9635
