season,playerId,player,fusedRateRaw,posteriorAbilityRate,posteriorDelta,shrinkageMagnitude,reliability,possessions,priorMean,priorStrength
2024-25,203999,Nikola Jokić,1.56,1.5315,-0.02849999999999997,0.02849999999999997,0.9817134497577032,10737,0,200
2024-25,1628983,Shai Gilgeous-Alexander,1.32,1.2962,-0.023800000000000043,0.023800000000000043,0.9819494584837545,10880,0,200
2024-25,1630532,Franz Wagner,1.35,1.3178,-0.032200000000000006,0.032200000000000006,0.9761564139246542,8188,0,200
2024-25,1641705,Victor Wembanyama,1.7584,1.7019,-0.056499999999999995,0.056499999999999995,0.967866323907455,6024,0,200
2024-25,1626181,Norman Powell,1.2,1.1709,-0.029099999999999904,0.029099999999999904,0.9757781276492673,8057,0,200
2024-25,1630202,Payton Pritchard,1.01,0.9881,-0.02190000000000003,0.02190000000000003,0.978319783197832,9025,0,200
2024-25,1629675,Naz Reid,0.99,0.9686,-0.021399999999999975,0.021399999999999975,0.9783690244430023,9046,0,200
2024-25,202710,Jimmy Butler,1.36,1.3221,-0.037900000000000045,0.037900000000000045,0.9721059972105998,6970,0,200
2024-25,1628991,Jaren Jackson Jr.,0.89,0.872,-0.018000000000000016,0.018000000000000016,0.9798244729143549,9713,0,200
2024-25,203897,Zach LaVine,0.67,0.6579,-0.0121,0.0121,0.981965734896303,10890,0,200
2024-25,1627826,Ivica Zubac,0.68,0.6676,-0.012400000000000078,0.012400000000000078,0.9817167931255142,10739,0,200
2024-25,201942,DeMar DeRozan,0.62,0.6094,-0.010599999999999943,0.010599999999999943,0.982845870143237,11459,0,200
2024-25,1631165,Keon Ellis,0.94,0.9171,-0.02289999999999992,0.02289999999999992,0.9756779764076371,8023,0,200
2024-25,1631128,Christian Braun,0.58,0.5697,-0.010299999999999976,0.010299999999999976,0.9822158989863062,11046,0,200
2024-25,1631106,Tari Eason,1.28,1.2376,-0.04239999999999999,0.04239999999999999,0.9668654738237243,5836,0,200
2024-25,1628386,Jarrett Allen,0.65,0.6368,-0.01319999999999999,0.01319999999999999,0.9797057331303907,9655,0,200
2024-25,1627736,Malik Beasley,0.62,0.6076,-0.012399999999999967,0.012399999999999967,0.9799899949974987,9795,0,200
2024-25,1629631,De'Andre Hunter,0.89,0.8664,-0.023600000000000065,0.023600000000000065,0.9734395750332006,7330,0,200
2024-25,1630700,Dyson Daniels,0.51,0.5008,-0.009199999999999986,0.009199999999999986,0.98193315266486,10870,0,200
2024-25,1627783,Pascal Siakam,0.55,0.5396,-0.010400000000000076,0.010400000000000076,0.981013859882286,10334,0,200
2024-25,1630596,Evan Mobley,0.64,0.6262,-0.013800000000000034,0.013800000000000034,0.9783807155983137,9051,0,200
2024-25,203497,Rudy Gobert,0.57,0.5583,-0.011699999999999933,0.011699999999999933,0.9795605518650996,9585,0,200
2024-25,1626157,Karl-Anthony Towns,0.48,0.4707,-0.009299999999999975,0.009299999999999975,0.9805390678213487,10077,0,200
2024-25,1630552,Jalen Johnson,1.1136,1.0738,-0.039799999999999836,0.039799999999999836,0.9642601858470335,5396,0,200
2024-25,1628369,Jayson Tatum,0.41,0.4024,-0.007599999999999996,0.007599999999999996,0.9814591638082878,10587,0,200
2024-25,1628378,Donovan Mitchell,0.48,0.4699,-0.010099999999999998,0.010099999999999998,0.97896508203618,9308,0,200
2024-25,202696,Nikola Vučević,0.44,0.4312,-0.008799999999999975,0.008799999999999975,0.9799418313108014,9771,0,200
2024-25,1629636,Darius Garland,0.44,0.4311,-0.008900000000000019,0.008900000000000019,0.9797652772157022,9684,0,200
2024-25,1627734,Domantas Sabonis,0.39,0.3824,-0.007599999999999996,0.007599999999999996,0.9806182769648222,10119,0,200
2024-25,1630529,Herbert Jones,2.2956,2.1365,-0.15910000000000002,0.15910000000000002,0.9306999306999307,2686,0,200
2024-25,1630551,Justin Champagnie,0.93,0.8972,-0.03280000000000005,0.03280000000000005,0.9647825321359395,5479,0,200
2024-25,1630183,Jaden McDaniels,0.35,0.3435,-0.00649999999999995,0.00649999999999995,0.9813676169182038,10534,0,200
2024-25,1629660,Ty Jerome,0.86,0.8313,-0.028699999999999948,0.028699999999999948,0.9666388657214345,5795,0,200
2024-25,1630168,Onyeka Okongwu,0.46,0.4499,-0.010099999999999998,0.010099999999999998,0.9780725797609912,8921,0,200
2024-25,1628384,OG Anunoby,0.31,0.3044,-0.005599999999999994,0.005599999999999994,0.9820273184759166,10928,0,200
2024-25,1629008,Michael Porter Jr.,0.31,0.3044,-0.005599999999999994,0.005599999999999994,0.9818379949146385,10812,0,200
2024-25,1628970,Miles Bridges,0.48,0.4688,-0.011199999999999988,0.011199999999999988,0.9765944997074313,8345,0,200
2024-25,203507,Giannis Antetokounmpo,0.4,0.3916,-0.008400000000000019,0.008400000000000019,0.9790246460409019,9335,0,200
2024-25,1629661,Cameron Johnson,0.58,0.5644,-0.015599999999999947,0.015599999999999947,0.9730276466621712,7215,0,200
2024-25,1630583,Santi Aldama,0.59,0.5739,-0.016100000000000003,0.016100000000000003,0.9726738625495286,7119,0,200
2024-25,1630530,Trey Murphy III,0.5,0.4875,-0.012500000000000011,0.012500000000000011,0.9750840911922263,7827,0,200
2024-25,1630541,Moses Moody,0.59,0.5732,-0.016799999999999926,0.016799999999999926,0.9715383520705849,6827,0,200
2024-25,1629048,Goga Bitadze,0.75,0.7243,-0.025699999999999945,0.025699999999999945,0.9657768651608487,5644,0,200
2024-25,203084,Harrison Barnes,0.36,0.3522,-0.007799999999999974,0.007799999999999974,0.9784110535405872,9064,0,200
2024-25,1628436,Luke Kornet,0.81,0.7805,-0.02950000000000008,0.02950000000000008,0.9636098981077147,5296,0,200
2024-25,1631105,Jalen Duren,0.4,0.3907,-0.00930000000000003,0.00930000000000003,0.9766600536818766,8369,0,200
2024-25,203076,Anthony Davis,0.53,0.5152,-0.014800000000000035,0.014800000000000035,0.9721059972105998,6970,0,200
2024-25,1630162,Anthony Edwards,0.21,0.2064,-0.003599999999999992,0.003599999999999992,0.983065198983912,11610,0,200
2024-25,1642377,Jaylen Wells,0.37,0.3616,-0.008400000000000019,0.008400000000000019,0.9774113395075672,8654,0,200
2024-25,1631109,Mark Williams,0.87,0.8354,-0.034599999999999964,0.034599999999999964,0.9602148398647304,4827,0,200
2024-25,1627884,Derrick Jones Jr.,0.43,0.4192,-0.010799999999999976,0.010799999999999976,0.9747888566746502,7733,0,200
2024-25,201142,Kevin Durant,0.31,0.3034,-0.006599999999999995,0.006599999999999995,0.97883149872989,9248,0,200
2024-25,1641709,Ausar Thompson,0.7,0.6755,-0.024499999999999966,0.024499999999999966,0.9650043744531933,5515,0,200
2024-25,1628401,Derrick White,0.24,0.2355,-0.004500000000000004,0.004500000000000004,0.9812224204300066,10451,0,200
2024-25,203552,Seth Curry,0.96,0.9175,-0.04249999999999998,0.04249999999999998,0.9557424208895774,4319,0,200
2024-25,1628449,Chris Boucher,1.27,1.2006,-0.06940000000000013,0.06940000000000013,0.9453402569007926,3459,0,200
2024-25,1630178,Tyrese Maxey,0.38,0.3705,-0.009500000000000008,0.009500000000000008,0.9749247743229689,7776,0,200
2024-25,1629655,Daniel Gafford,0.71,0.6834,-0.026599999999999957,0.026599999999999957,0.9625818521983162,5145,0,200
2024-25,1629060,Rui Hachimura,0.4,0.3896,-0.01040000000000002,0.01040000000000002,0.9739583333333334,7480,0,200
2024-25,1627827,Dorian Finney-Smith,0.42,0.4087,-0.011299999999999977,0.011299999999999977,0.9731867542566027,7259,0,200
2024-25,1630534,Ochai Agbaji,0.41,0.3991,-0.010899999999999965,0.010899999999999965,0.9735274652547982,7355,0,200
2024-25,201939,Stephen Curry,0.26,0.2546,-0.005400000000000016,0.005400000000000016,0.9792401909902428,9434,0,200
2024-25,1630198,Isaiah Joe,0.48,0.466,-0.013999999999999957,0.013999999999999957,0.9708624708624709,6664,0,200
2024-25,202681,Kyrie Irving,0.38,0.3701,-0.00990000000000002,0.00990000000000002,0.9738698719623726,7454,0,200
2024-25,1630174,Aaron Nesmith,0.82,0.7848,-0.0351999999999999,0.0351999999999999,0.9571183533447685,4464,0,200
2024-25,1642419,Jamison Battle,0.83,0.7934,-0.036599999999999966,0.036599999999999966,0.9559082892416225,4336,0,200
2024-25,1629012,Collin Sexton,0.37,0.3601,-0.00990000000000002,0.00990000000000002,0.9732477260567148,7276,0,200
2024-25,1629599,Amir Coffey,0.38,0.3696,-0.01040000000000002,0.01040000000000002,0.9727371864776445,7136,0,200
2024-25,1628381,John Collins,0.63,0.6063,-0.023700000000000054,0.023700000000000054,0.9623564840956146,5113,0,200
2024-25,1631117,Walker Kessler,0.36,0.3503,-0.009699999999999986,0.009699999999999986,0.9731291146043262,7243,0,200
2024-25,1630215,Jared Butler,0.76,0.7267,-0.033299999999999996,0.033299999999999996,0.9562458980529425,4371,0,200
2024-25,1629637,Jaxson Hayes,0.7,0.6704,-0.02959999999999996,0.02959999999999996,0.9576809140922556,4526,0,200
2024-25,1627936,Alex Caruso,0.76,0.726,-0.03400000000000003,0.03400000000000003,0.955237242614145,4268,0,200
2024-25,1630573,Sam Hauser,0.44,0.4259,-0.014100000000000001,0.014100000000000001,0.9679230152365678,6035,0,200
2024-25,1641717,Cason Wallace,0.28,0.2729,-0.007100000000000051,0.007100000000000051,0.9746867485128464,7701,0,200
2024-25,1629006,Josh Okogie,1.41,1.3065,-0.10349999999999993,0.10349999999999993,0.9265785609397944,2524,0,200
2024-25,1631108,Max Christie,0.2,0.1955,-0.004500000000000004,0.004500000000000004,0.9776286353467561,8740,0,200
2024-25,1629018,Gary Trent Jr.,0.25,0.2437,-0.0063,0.0063,0.9747729566094854,7728,0,200
2024-25,1628973,Jalen Brunson,0.16,0.1566,-0.003400000000000014,0.003400000000000014,0.9790312434472636,9338,0,200
2024-25,1629634,Brandon Clarke,0.48,0.4625,-0.01749999999999996,0.01749999999999996,0.9635568513119533,5288,0,200
2024-25,1628404,Josh Hart,0.07,0.0688,-0.0012000000000000066,0.0012000000000000066,0.9831847990583488,11694,0,200
2024-25,1626220,Royce O'Neale,0.26,0.2532,-0.006800000000000028,0.006800000000000028,0.9737945492662474,7432,0,200
2024-25,204001,Kristaps Porziņģis,0.51,0.4905,-0.019500000000000017,0.019500000000000017,0.9617956064947469,5035,0,200
2024-25,203932,Aaron Gordon,0.38,0.3677,-0.012299999999999978,0.012299999999999978,0.9675850891410048,5970,0,200
2024-25,1629627,Zion Williamson,0.8,0.7584,-0.04160000000000008,0.04160000000000008,0.9480114374837536,3647,0,200
2024-25,1629026,Kenrich Williams,0.56,0.5368,-0.0232,0.0232,0.9586092715231788,4632,0,200
2024-25,1629130,Duncan Robinson,0.26,0.2529,-0.007099999999999995,0.007099999999999995,0.9728445349626612,7165,0,200
2024-25,1628415,Dillon Brooks,0.13,0.1273,-0.002700000000000008,0.002700000000000008,0.9794196336694793,9518,0,200
2024-25,1630167,Obi Toppin,0.32,0.3103,-0.009699999999999986,0.009699999999999986,0.9696094818416654,6381,0,200
2024-25,1629029,Luka Dončić,0.24,0.2337,-0.0063,0.0063,0.9735729386892178,7368,0,200
2024-25,1631217,Moussa Diabaté,0.5,0.4804,-0.019600000000000006,0.019600000000000006,0.9607149872323708,4891,0,200
2024-25,1630182,Josh Green,0.21,0.2047,-0.005299999999999999,0.005299999999999999,0.9749530369442705,7785,0,200
2024-25,1631133,Jabari Walker,0.93,0.8743,-0.05570000000000008,0.05570000000000008,0.9401197604790419,3140,0,200
2024-25,1629639,Tyler Herro,0.07,0.0687,-0.0013000000000000095,0.0013000000000000095,0.9819836050806233,10901,0,200
2024-25,1630572,Sandro Mamukelashvili,1.12,1.0422,-0.07780000000000009,0.07780000000000009,0.9305555555555556,2680,0,200
2024-25,1629640,Keldon Johnson,0.21,0.2045,-0.005500000000000005,0.005500000000000005,0.9740428293316029,7505,0,200
2024-25,1629656,Quentin Grimes,0.16,0.1562,-0.003799999999999998,0.003799999999999998,0.9763677183032021,8263,0,200
2024-25,1630598,Aaron Wiggins,0.21,0.2043,-0.005699999999999983,0.005699999999999983,0.9730494542514486,7221,0,200
2024-25,1628379,Luke Kennard,0.27,0.2617,-0.00830000000000003,0.00830000000000003,0.969386193173121,6333,0,200
2024-25,1630577,Julian Champagnie,0.16,0.1561,-0.0039000000000000146,0.0039000000000000146,0.9753603548108907,7917,0,200
2024-25,202699,Tobias Harris,0.09,0.0881,-0.001899999999999999,0.001899999999999999,0.9792207792207792,9425,0,200
2024-25,203952,Andrew Wiggins,0.17,0.1657,-0.004300000000000026,0.004300000000000026,0.9744604775890691,7631,0,200
2024-25,1641708,Amen Thompson,0.1,0.0978,-0.0022000000000000075,0.0022000000000000075,0.978448275862069,9080,0,200
2024-25,203081,Damian Lillard,0.12,0.1172,-0.002799999999999997,0.002799999999999997,0.9770536943552088,8516,0,200
2024-25,1627751,Jakob Pöltl,0.19,0.1848,-0.00520000000000001,0.00520000000000001,0.9724517906336089,7060,0,200
2024-25,1628418,Thomas Bryant,0.56,0.5326,-0.02740000000000009,0.02740000000000009,0.9511599511599511,3895,0,200
2024-25,1627777,Georges Niang,0.17,0.1654,-0.004600000000000021,0.004600000000000021,0.9728519071535224,7167,0,200
2024-25,1630231,KJ Martin,0.55,0.5228,-0.027200000000000002,0.027200000000000002,0.9504950495049505,3840,0,200
2024-25,1626172,Kevon Looney,0.41,0.3929,-0.01709999999999995,0.01709999999999995,0.9583159649854106,4598,0,200
2024-25,1629023,P.J. Washington,0.13,0.1267,-0.0032999999999999974,0.0032999999999999974,0.9744930493559495,7641,0,200
2024-25,1630527,Brandon Boston Jr.,0.4823,0.4595,-0.022799999999999987,0.022799999999999987,0.9528079282680509,4038,0,200
2024-25,1630631,Jose Alvarado,0.26,0.2511,-0.008900000000000019,0.008900000000000019,0.9659400544959128,5672,0,200
2024-25,1630241,Sam Merrill,0.24,0.232,-0.00799999999999998,0.00799999999999998,0.9666722212964506,5801,0,200
2024-25,1630188,Jalen Smith,0.44,0.4198,-0.020199999999999996,0.020199999999999996,0.954096855634611,4157,0,200
2024-25,1630224,Jalen Green,0,0,0,0,0.98209329393858,10969,0,200
2024-25,1626166,Cameron Payne,0.38,0.3636,-0.016400000000000026,0.016400000000000026,0.9567847882454624,4428,0,200
2024-25,1630171,Isaac Okoro,0.39,0.3728,-0.017199999999999993,0.017199999999999993,0.9559955995599559,4345,0,200
2024-25,1642276,Kel'el Ware,0.23,0.2222,-0.007800000000000001,0.007800000000000001,0.9661590524534687,5710,0,200
2024-25,1628374,Lauri Markkanen,0.19,0.184,-0.006000000000000005,0.006000000000000005,0.9685138539042821,6152,0,200
2024-25,1630559,Austin Reaves,0,0,0,0,0.9814505657577444,10582,0,200
2024-25,202692,Alec Burks,0.57,0.5381,-0.03189999999999993,0.03189999999999993,0.9440872239306681,3377,0,200
2024-25,1629684,Grant Williams,1.2207,1.1076,-0.11309999999999998,0.11309999999999998,0.907321594068582,1958,0,200
2024-25,1630166,Deni Avdija,0.04,0.0391,-0.000899999999999998,0.000899999999999998,0.9781564001747488,8956,0,200
2024-25,1629652,Luguentz Dort,0.05,0.0489,-0.0011000000000000038,0.0011000000000000038,0.9773396782234308,8626,0,200
2024-25,1630217,Desmond Bane,0.02,0.0196,-0.00040000000000000105,0.00040000000000000105,0.9793984342810054,9508,0,200
2024-25,1641726,Dereck Lively II,0.53,0.501,-0.029000000000000026,0.029000000000000026,0.945220487537661,3451,0,200
2024-25,1630194,Paul Reed,1.29,1.1627,-0.12729999999999997,0.12729999999999997,0.9013320177602367,1827,0,200
2024-25,1626164,Devin Booker,-0.03,-0.0295,0.0005000000000000004,0.0005000000000000004,0.9828030954428203,11430,0,200
2024-25,201572,Brook Lopez,-0.01,-0.0098,0.00020000000000000052,0.00020000000000000052,0.9811729266685494,10423,0,200
2024-25,1627750,Jamal Murray,0,0,0,0,0.9804247822257023,10017,0,200
2024-25,1628960,Grayson Allen,0.15,0.1454,-0.004599999999999993,0.004599999999999993,0.9691215068704647,6277,0,200
2024-25,1628988,Aaron Holiday,0.48,0.4523,-0.027700000000000002,0.027700000000000002,0.9423797176606166,3271,0,200
2024-25,1641740,Jaylen Clark,0.86,0.787,-0.07299999999999995,0.07299999999999995,0.9151463725074247,2157,0,200
2024-25,1629638,Nickeil Alexander-Walker,0.01,0.0098,-0.00020000000000000052,0.00020000000000000052,0.9769585253456221,8480,0,200
2024-25,1631204,Marcus Sasser,0.41,0.3875,-0.022499999999999964,0.022499999999999964,0.9451904631405864,3449,0,200
2024-25,1629731,Dean Wade,0.17,0.1637,-0.0063,0.0063,0.9630519120635507,5213,0,200
2024-25,1631207,Dalen Terry,0.26,0.2484,-0.0116,0.0116,0.9554168524297816,4286,0,200
2024-25,1641744,Zach Edey,0.1,0.0968,-0.0032000000000000084,0.0032000000000000084,0.9682388438939178,6097,0,200
2024-25,1630643,Jay Huff,0.44,0.414,-0.026000000000000023,0.026000000000000023,0.9408983451536643,3184,0,200
2024-25,1631260,AJ Green,0.04,0.0388,-0.0011999999999999997,0.0011999999999999997,0.9712437095614666,6755,0,200
2024-25,1630540,Miles McBride,0.05,0.0485,-0.0015000000000000013,0.0015000000000000013,0.9701492537313433,6500,0,200
2024-25,203939,Dwight Powell,0.69,0.6326,-0.057399999999999896,0.057399999999999896,0.9168744804655029,2206,0,200
2024-25,1629312,Haywood Highsmith,0.01,0.0097,-0.0002999999999999999,0.0002999999999999999,0.9731903485254692,7260,0,200
2024-25,1630548,Johnny Juzang,0.11,0.106,-0.0040000000000000036,0.0040000000000000036,0.9634569705828613,5273,0,200
2024-25,203484,Kentavious Caldwell-Pope,-0.05,-0.0489,0.0011000000000000038,0.0011000000000000038,0.978492311001183,9099,0,200
2024-25,1628371,Jonathan Isaac,0.18,0.1721,-0.00789999999999999,0.00789999999999999,0.9562267454585248,4369,0,200
2024-25,1641764,Brandin Podziemski,0.01,0.0097,-0.0002999999999999999,0.0002999999999999999,0.9721951897678298,6993,0,200
2024-25,1630228,Jonathan Kuminga,0.15,0.1438,-0.006199999999999983,0.006199999999999983,0.9586862218549886,4641,0,200
2024-25,1642272,Jared McCain,0.5426,0.5007,-0.04189999999999994,0.04189999999999994,0.9228395061728395,2392,0,200
2024-25,1630570,Trendon Watford,0.26,0.2463,-0.013700000000000018,0.013700000000000018,0.9473129610115911,3596,0,200
2024-25,1627780,Gary Payton II,0.23,0.2185,-0.01150000000000001,0.01150000000000001,0.9498872463041844,3791,0,200
2024-25,1627747,Caris LeVert,0.01,0.0097,-0.0002999999999999999,0.0002999999999999999,0.9713425992262502,6779,0,200
2024-25,1642024,Alex Reese,1.8276,1.5228,-0.30479999999999996,0.30479999999999996,0.8331943286071727,999,0,200
2024-25,203991,Clint Capela,0.11,0.1056,-0.004400000000000001,0.004400000000000001,0.9603646452635751,4846,0,200
2024-25,1627832,Fred VanVleet,-0.05,-0.0488,0.0011999999999999997,0.0011999999999999997,0.976736070722345,8397,0,200
2024-25,1629674,Neemias Queta,0.28,0.2641,-0.015900000000000025,0.015900000000000025,0.9432302015327846,3323,0,200
2024-25,201950,Jrue Holiday,-0.04,-0.039,0.0010000000000000009,0.0010000000000000009,0.9751861042183623,7860,0,200
2024-25,1631110,Jeremy Sochan,0.04,0.0386,-0.0013999999999999985,0.0013999999999999985,0.9658528256786751,5657,0,200
2024-25,1628368,De'Aaron Fox,-0.08,-0.0783,0.001700000000000007,0.001700000000000007,0.9790246460409019,9335,0,200
2024-25,1642271,Kyle Filipowski,0,0,0,0,0.9698431845597105,6432,0,200
2024-25,1641787,Tosan Evbuomwan,0.37,0.3441,-0.02589999999999998,0.02589999999999998,0.9299719887955182,2656,0,200
2024-25,1630533,Ziaire Williams,0,0,0,0,0.9688279301745636,6216,0,200
2024-25,201143,Al Horford,-0.02,-0.0194,0.0005999999999999998,0.0005999999999999998,0.9709386806161,6682,0,200
2024-25,1629673,Jordan Poole,-0.07,-0.0684,0.0016000000000000042,0.0016000000000000042,0.9767900661483114,8417,0,200
2024-25,1630696,Dru Smith,1.3691,1.1571,-0.21199999999999997,0.21199999999999997,0.8452012383900929,1092,0,200
2024-25,1626158,Richaun Holmes,0.46,0.4226,-0.037400000000000044,0.037400000000000044,0.9186661244408296,2259,0,200
2024-25,1641824,Matas Buzelis,-0.03,-0.0291,0.000899999999999998,0.000899999999999998,0.9707174231332357,6630,0,200
2024-25,1627752,Taurean Prince,-0.09,-0.088,0.0020000000000000018,0.0020000000000000018,0.9780605528740676,8916,0,200
2024-25,1630539,Kai Jones,0.59,0.5333,-0.05669999999999997,0.05669999999999997,0.9038923594425757,1881,0,200
2024-25,1630264,Anthony Gill,0.72,0.6411,-0.07889999999999997,0.07889999999999997,0.8904709748083242,1626,0,200
2024-25,1630625,Dalano Banton,0.05,0.0479,-0.0021000000000000046,0.0021000000000000046,0.9584113121231025,4609,0,200
2024-25,201145,Jeff Green,0.67,0.5966,-0.07340000000000002,0.07340000000000002,0.8904709748083242,1626,0,200
2024-25,1630549,Day'Ron Sharpe,0.14,0.1325,-0.007500000000000007,0.007500000000000007,0.9467802022352315,3558,0,200
2024-25,203937,Kyle Anderson,0.08,0.0763,-0.003699999999999995,0.003699999999999995,0.9537785994915646,4127,0,200
2024-25,1628998,Cody Martin,0.03,0.0288,-0.0011999999999999997,0.0011999999999999997,0.9601355391668328,4817,0,200
2024-25,1631230,Dominick Barlow,0.67,0.5956,-0.07440000000000002,0.07440000000000002,0.8890122086570478,1602,0,200
2024-25,1641796,Pelle Larsson,0.2,0.1878,-0.012200000000000016,0.012200000000000016,0.938856618771018,3071,0,200
2024-25,1629726,Garrison Mathews,0.14,0.1324,-0.007600000000000023,0.007600000000000023,0.9460480172646345,3507,0,200
2024-25,203903,Jordan Clarkson,0.08,0.0762,-0.003799999999999998,0.003799999999999998,0.9524827750059397,4009,0,200
2024-25,1629750,Javonte Green,0,0,0,0,0.9626447515875981,5154,0,200
2024-25,1629057,Robert Williams III,0.7331,0.6446,-0.08850000000000002,0.08850000000000002,0.8792270531400966,1456,0,200
2024-25,1631131,Oscar Tshiebwe,1.1,0.9299,-0.17010000000000014,0.17010000000000014,0.8453209590100541,1093,0,200
2024-25,1630591,Jalen Suggs,0.0585,0.0557,-0.002800000000000004,0.002800000000000004,0.9530075187969925,4056,0,200
2024-25,1631096,Chet Holmgren,0.09,0.0854,-0.004599999999999993,0.004599999999999993,0.9486652977412731,3696,0,200
2024-25,1630557,Corey Kispert,-0.07,-0.0679,0.0021000000000000046,0.0021000000000000046,0.9706486645142354,6614,0,200
2024-25,1631221,Collin Gillespie,0.46,0.4151,-0.044899999999999995,0.044899999999999995,0.9022960429897411,1847,0,200
2024-25,1629680,Matisse Thybulle,0.7778,0.6752,-0.10260000000000002,0.10260000000000002,0.8680738786279684,1316,0,200
2024-25,1630531,Jaden Springer,0.63,0.5546,-0.07540000000000002,0.07540000000000002,0.8803827751196173,1472,0,200
2024-25,1629014,Anfernee Simons,-0.13,-0.1273,0.002700000000000008,0.002700000000000008,0.9789695057833859,9310,0,200
2024-25,1628978,Donte DiVincenzo,-0.08,-0.0777,0.0022999999999999965,0.0022999999999999965,0.9708369787109945,6658,0,200
2024-25,1628366,Lonzo Ball,0.1,0.0944,-0.005600000000000008,0.005600000000000008,0.9438675273645805,3363,0,200
2024-25,1631255,Karlo Matković,0.11,0.1036,-0.006400000000000003,0.006400000000000003,0.9420793512887344,3253,0,200
2024-25,1641711,Gradey Dick,-0.09,-0.0874,0.002599999999999991,0.002599999999999991,0.9706916764361079,6624,0,200
2024-25,1641774,Tristan Vukcevic,0.29,0.265,-0.024999999999999967,0.024999999999999967,0.9138673557278209,2122,0,200
2024-25,1630170,Devin Vassell,-0.12,-0.1171,0.0029,0.0029,0.9755769935279033,7989,0,200
2024-25,1631095,Jabari Smith Jr.,-0.1,-0.0972,0.002800000000000011,0.002800000000000011,0.9718428832887512,6903,0,200
2024-25,1629021,Moritz Wagner,0.2411,0.2216,-0.019500000000000017,0.019500000000000017,0.91941982272361,2282,0,200
2024-25,1641730,Noah Clowney,0,0,0,0,0.9547101449275363,4216,0,200
2024-25,203114,Khris Middleton,0.05,0.0473,-0.002700000000000001,0.002700000000000001,0.9466950959488273,3552,0,200
2024-25,1629622,Max Strus,-0.06,-0.0578,0.0022000000000000006,0.0022000000000000006,0.9641641282924207,5381,0,200
2024-25,1629011,Mitchell Robinson,0.795,0.6762,-0.11880000000000002,0.11880000000000002,0.8506348020911128,1139,0,200
2024-25,1628470,Torrey Craig,0.67,0.5785,-0.09150000000000003,0.09150000000000003,0.863481228668942,1265,0,200
2024-25,1641741,Ricky Council IV,-0.05,-0.0481,0.0019000000000000059,0.0019000000000000059,0.9621642073401437,5086,0,200
2024-25,1630163,LaMelo Ball,-0.09,-0.0872,0.002799999999999997,0.002799999999999997,0.9690737590845833,6267,0,200
2024-25,1641810,Antonio Reeves,0.14,0.1304,-0.009600000000000025,0.009600000000000025,0.9312950875987633,2711,0,200
2024-25,1627741,Buddy Hield,-0.12,-0.1169,0.0030999999999999917,0.0030999999999999917,0.974120082815735,7528,0,200
2024-25,1631218,Trayce Jackson-Davis,-0.01,-0.0095,0.0005000000000000004,0.0005000000000000004,0.9538851740834678,4137,0,200
2024-25,1631209,Isaiah Wong,0.7462,0.6338,-0.11239999999999994,0.11239999999999994,0.8492840994724944,1127,0,200
2024-25,1626162,Kelly Oubre Jr.,-0.14,-0.1367,0.003300000000000025,0.003300000000000025,0.9767116907312529,8388,0,200
2024-25,201144,Mike Conley,-0.12,-0.1167,0.0032999999999999974,0.0032999999999999974,0.9726064922613341,7101,0,200
2024-25,1630639,A.J. Lawson,0.23,0.2098,-0.020200000000000023,0.020200000000000023,0.9121265377855887,2076,0,200
2024-25,203926,Doug McDermott,0.49,0.4282,-0.061799999999999966,0.061799999999999966,0.8738965952080706,1386,0,200
2024-25,1642366,Quinten Post,0.09,0.0838,-0.006199999999999997,0.006199999999999997,0.931010693342532,2699,0,200
2024-25,1641727,Dariq Whitehead,0.73,0.6117,-0.11829999999999996,0.11829999999999996,0.8379254457050244,1034,0,200
2024-25,203944,Julius Randle,-0.16,-0.1565,0.003500000000000003,0.003500000000000003,0.9782561426397043,8998,0,200
2024-25,1642261,Dalton Knecht,-0.11,-0.1064,0.003600000000000006,0.003600000000000006,0.967511371020143,5956,0,200
2024-25,1631107,Nikola Jović,-0.0719,-0.0689,0.0030000000000000027,0.0030000000000000027,0.9580888516345348,4572,0,200
2024-25,1628380,Zach Collins,-0.05,-0.0476,0.0023999999999999994,0.0023999999999999994,0.9528190610993159,4039,0,200
2024-25,1631157,Ryan Rollins,-0.02,-0.0189,0.0011000000000000003,0.0011000000000000003,0.9444752915047196,3402,0,200
2024-25,1629626,Bol Bol,0.17,0.1538,-0.01620000000000002,0.01620000000000002,0.9048977650974798,1903,0,200
2024-25,1642382,Branden Carlson,0.6,0.5021,-0.09789999999999999,0.09789999999999999,0.8368678629690048,1026,0,200
2024-25,1642349,Ajay Mitchell,0.08,0.0737,-0.0063,0.0063,0.9215070643642073,2348,0,200
2024-25,1626167,Myles Turner,-0.17,-0.1662,0.0038000000000000256,0.0038000000000000256,0.9773883550028265,8645,0,200
2024-25,1630560,Cam Thomas,-0.01,-0.0094,0.0005999999999999998,0.0005999999999999998,0.9398496240601504,3125,0,200
2024-25,1628975,Jevon Carter,0.35,0.3053,-0.04469999999999996,0.04469999999999996,0.8722860791826309,1366,0,200
2024-25,1641989,Elijah Harkless,1.3311,0.9924,-0.3387,0.3387,0.7455470737913485,586,0,200
2024-25,1628420,Monté Morris,0.06,0.0553,-0.004699999999999996,0.004699999999999996,0.9213527329925285,2343,0,200
2024-25,1630249,Vít Krejčí,-0.11,-0.1056,0.004400000000000001,0.004400000000000001,0.9595877955142453,4749,0,200
2024-25,1628963,Marvin Bagley III,0.41,0.3501,-0.05989999999999995,0.05989999999999995,0.8540145985401459,1170,0,200
2024-25,1631466,Nate Williams,1.06,0.8076,-0.25240000000000007,0.25240000000000007,0.7619047619047619,640,0,200
2024-25,1630169,Tyrese Haliburton,-0.19,-0.1862,0.003799999999999998,0.003799999999999998,0.9800935602667463,9847,0,200
2024-25,1641767,Ben Sheppard,-0.13,-0.125,0.0050000000000000044,0.0050000000000000044,0.9617956064947469,5035,0,200
2024-25,1631116,Patrick Baldwin Jr.,1.79,1.2208,-0.5691999999999999,0.5691999999999999,0.6820349761526232,429,0,200
2024-25,1642258,Zaccharie Risacher,-0.18,-0.1755,0.004500000000000004,0.004500000000000004,0.9751676185746213,7854,0,200
2024-25,1631243,Mouhamed Gueye,0.02,0.0184,-0.0016000000000000007,0.0016000000000000007,0.9180999180999181,2242,0,200
2024-25,1641763,Julian Phillips,-0.13,-0.1247,0.005299999999999999,0.005299999999999999,0.958974358974359,4675,0,200
2024-25,1629001,De'Anthony Melton,1.2134,0.8796,-0.3338,0.3338,0.7248968363136176,527,0,200
2024-25,1631111,Wendell Moore Jr.,0.04,0.0364,-0.003599999999999999,0.003599999999999999,0.9106744082179544,2039,0,200
2024-25,1630205,Lamar Stevens,0.8718,0.6642,-0.2076,0.2076,0.7619047619047619,640,0,200
2024-25,1627739,Kris Dunn,-0.18,-0.1752,0.004799999999999999,0.004799999999999999,0.9733723871654906,7311,0,200
2024-25,1630692,Jordan Goodwin,0,0,0,0,0.9172185430463576,2216,0,200
2024-25,201587,Nicolas Batum,-0.16,-0.1544,0.005599999999999994,0.005599999999999994,0.9649614576033637,5508,0,200
2024-25,1630545,Terrence Shannon Jr.,0.15,0.1316,-0.0184,0.0184,0.8771498771498771,1428,0,200
2024-25,1641724,Jett Howard,-0.07,-0.0655,0.004500000000000004,0.004500000000000004,0.9357326478149101,2912,0,200
2024-25,1630611,Gui Santos,-0.08,-0.0751,0.004900000000000002,0.004900000000000002,0.9382906510336316,3041,0,200
2024-25,1629659,Talen Horton-Tucker,-0.09,-0.0846,0.005400000000000002,0.005400000000000002,0.9397953040337146,3122,0,200
2024-25,1627759,Jaylen Brown,-0.2,-0.1956,0.004400000000000015,0.004400000000000015,0.9777753083675964,8799,0,200
2024-25,1629643,Chuma Okeke,0.4598,0.3701,-0.0897,0.0897,0.8050682261208577,826,0,200
2024-25,1631098,Johnny Davis,0.3037,0.2527,-0.051000000000000045,0.051000000000000045,0.8320738874895046,991,0,200
2024-25,1630193,Immanuel Quickley,-0.13,-0.1235,0.006500000000000006,0.006500000000000006,0.9498369701529973,3787,0,200
2024-25,1627763,Malcolm Brogdon,-0.0555,-0.0512,0.004299999999999998,0.004299999999999998,0.9218444704962876,2359,0,200
2024-25,1631342,Daeqwon Plowden,2.23,1.3216,-0.9083999999999999,0.9083999999999999,0.5926680244399185,291,0,200
2024-25,1628396,Tony Bradley,0.94,0.666,-0.2739999999999999,0.2739999999999999,0.7084548104956269,486,0,200
2024-25,1641720,Jalen Hood-Schifino,0.1,0.0862,-0.013800000000000007,0.013800000000000007,0.861782999308915,1247,0,200
2024-25,1630208,Nick Richards,-0.18,-0.1733,0.006699999999999984,0.006699999999999984,0.9628597957288765,5185,0,200
2024-25,202687,Bismack Biyombo,-0.08,-0.0733,0.006699999999999998,0.006699999999999998,0.9156474061577393,2171,0,200
2024-25,1641890,Tyler Smith,0.74,0.5252,-0.2148,0.2148,0.7097242380261248,489,0,200
2024-25,1641871,Duop Reath,-0.07,-0.0635,0.006500000000000006,0.006500000000000006,0.9069334574220568,1949,0,200
2024-25,1642348,Justin Edwards,-0.19,-0.1821,0.00789999999999999,0.00789999999999999,0.9586435070306039,4636,0,200
2024-25,1631321,Sidy Cissoko,0.73,0.5019,-0.22809999999999997,0.22809999999999997,0.6875,440,0,200
2024-25,1629013,Landry Shamet,-0.16,-0.1503,0.009700000000000014,0.009700000000000014,0.9391727493917275,3088,0,200
2024-25,1630230,Naji Marshall,-0.22,-0.2146,0.005399999999999988,0.005399999999999988,0.9754901960784313,7960,0,200
2024-25,1629646,Charles Bassey,-0.06,-0.0532,0.0068000000000000005,0.0068000000000000005,0.8868778280542986,1568,0,200
2024-25,1630537,Chris Duarte,1.1938,0.7337,-0.46009999999999995,0.46009999999999995,0.6146435452793835,319,0,200
2024-25,1630283,Kylor Kelley,0.49,0.3524,-0.1376,0.1376,0.7191011235955056,512,0,200
2024-25,203914,Gary Harris,-0.16,-0.1495,0.01050000000000001,0.01050000000000001,0.9346832135858916,2862,0,200
2024-25,1630538,Bones Hyland,0.04,0.0332,-0.0068000000000000005,0.0068000000000000005,0.8287671232876712,968,0,200
2024-25,1641809,Drew Peterson,0.14,0.1094,-0.030600000000000016,0.030600000000000016,0.7811816192560175,714,0,200
2024-25,202685,Jonas Valančiūnas,-0.22,-0.213,0.007000000000000006,0.007000000000000006,0.9680715197956578,6064,0,200
2024-25,1642484,RayJ Dennis,1.1246,0.6511,-0.47350000000000003,0.47350000000000003,0.5789473684210527,275,0,200
2024-25,1629162,Jordan McLaughlin,-0.07,-0.0604,0.009600000000000004,0.009600000000000004,0.8626373626373627,1256,0,200
2024-25,1628365,Markelle Fultz,0.07,0.0555,-0.014500000000000006,0.014500000000000006,0.7929606625258799,766,0,200
2024-25,1631303,Justin Minaya,0.41,0.2749,-0.1351,0.1351,0.6705107084019769,407,0,200
2024-25,1631132,Christian Koloko,-0.12,-0.1053,0.01469999999999999,0.01469999999999999,0.8771498771498771,1428,0,200
2024-25,1641738,Kobe Brown,-0.07,-0.0589,0.011100000000000006,0.011100000000000006,0.8420221169036335,1066,0,200
2024-25,1628981,Bruno Fernando,0.0855,0.0652,-0.020300000000000012,0.020300000000000012,0.7619047619047619,640,0,200
2024-25,1630314,Brandon Williams,-0.17,-0.1548,0.015200000000000019,0.015200000000000019,0.9107142857142857,2040,0,200
2024-25,1629650,Moses Brown,0.18,0.1298,-0.050199999999999995,0.050199999999999995,0.7210599721059973,517,0,200
2024-25,1631197,Jared Rhoden,-0.06,-0.0496,0.0104,0.0104,0.8268398268398268,955,0,200
2024-25,1629003,Shake Milton,-0.21,-0.1984,0.0116,0.0116,0.9445522594954255,3407,0,200
2024-25,1630578,Alperen Sengun,-0.24,-0.2351,0.004899999999999988,0.004899999999999988,0.9795835034708044,9596,0,200
2024-25,1642403,Isaac Jones,-0.12,-0.1032,0.016799999999999995,0.016799999999999995,0.8600419874037789,1229,0,200
2024-25,1630604,E.J. Liddell,1.09,0.5722,-0.5178,0.5178,0.5249406175771971,221,0,200
2024-25,1628971,Bruce Brown,-0.22,-0.209,0.01100000000000001,0.01100000000000001,0.9499874968742186,3799,0,200
2024-25,1630543,Isaiah Jackson,0.3507,0.2261,-0.12460000000000002,0.12460000000000002,0.6447602131438721,363,0,200
2024-25,1631301,Jaylen Sims,0.1588,0.1108,-0.048,0.048,0.6978851963746223,462,0,200
2024-25,1629111,Jock Landale,-0.2,-0.183,0.017000000000000015,0.017000000000000015,0.9150021249468764,2153,0,200
2024-25,1626153,Delon Wright,-0.21,-0.1948,0.015199999999999991,0.015199999999999991,0.9278238902923133,2571,0,200
2024-25,1641878,Damion Baugh,-0.19,-0.168,0.021999999999999992,0.021999999999999992,0.884393063583815,1530,0,200
2024-25,1642270,Donovan Clingan,-0.24,-0.2315,0.00849999999999998,0.00849999999999998,0.9646142958244869,5452,0,200
2024-25,1642368,N'Faly Dante,0.6294,0.3283,-0.3011,0.3011,0.5215311004784688,218,0,200
2024-25,1630256,Jae'Sean Tate,-0.22,-0.2035,0.016500000000000015,0.016500000000000015,0.9247837532907108,2459,0,200
2024-25,1628995,Kevin Knox II,0.16,0.1017,-0.058300000000000005,0.058300000000000005,0.6357012750455373,349,0,200
2024-25,1630322,Lindy Waters III,-0.23,-0.2165,0.013500000000000012,0.013500000000000012,0.9412455934195064,3204,0,200
2024-25,1629723,John Konchar,-0.23,-0.2129,0.017100000000000004,0.017100000000000004,0.9256781865477518,2491,0,200
2024-25,203109,Jae Crowder,-0.02,-0.0136,0.006400000000000001,0.006400000000000001,0.677938808373591,421,0,200
2024-25,1627814,Damion Lee,-0.12,-0.0901,0.029899999999999996,0.029899999999999996,0.7512437810945274,604,0,200
2024-25,1641715,Cam Whitmore,-0.24,-0.2267,0.013299999999999979,0.013299999999999979,0.9445368829728231,3406,0,200
2024-25,1631127,Harrison Ingram,0.9474,0.4013,-0.5461,0.5461,0.42363112391930835,147,0,200
2024-25,1631119,Jaylin Williams,-0.24,-0.2264,0.013600000000000001,0.013600000000000001,0.9432302015327846,3323,0,200
2024-25,1628427,Vlatko Čančar,-0.13,-0.0958,0.03420000000000001,0.03420000000000001,0.7368421052631579,560,0,200
2024-25,1627824,Guerschon Yabusele,-0.25,-0.2436,0.006399999999999989,0.006399999999999989,0.9743095696852923,7585,0,200
2024-25,1630658,Colin Castleton,-0.23,-0.2064,0.02360000000000001,0.02360000000000001,0.8973832734735762,1749,0,200
2024-25,203078,Bradley Beal,-0.25,-0.2431,0.0068999999999999895,0.0068999999999999895,0.9722991689750693,7020,0,200
2024-25,1631245,Quenton Jackson,-0.23,-0.2047,0.025300000000000017,0.025300000000000017,0.8901702361339923,1621,0,200
2024-25,203957,Danté Exum,-0.23,-0.2035,0.026500000000000024,0.026500000000000024,0.8849252013808976,1538,0,200
2024-25,1630222,Mason Jones,0.44,0.2028,-0.2372,0.2372,0.4609164420485175,171,0,200
2024-25,1642352,Keshad Johnson,-0.11,-0.0742,0.0358,0.0358,0.6742671009771987,414,0,200
2024-25,1630526,Jeremiah Robinson-Earl,-0.25,-0.2406,0.009399999999999992,0.009399999999999992,0.9624624624624625,5128,0,200
2024-25,1642353,Cam Christie,0.09,0.049,-0.040999999999999995,0.040999999999999995,0.5444191343963554,239,0,200
2024-25,1641736,Reece Beekman,-0.24,-0.2171,0.022900000000000004,0.022900000000000004,0.9044433827042523,1893,0,200
2024-25,1641752,Bobi Klintman,0.3912,0.1644,-0.2268,0.2268,0.42028985507246375,145,0,200
2024-25,1642384,Isaiah Crawford,0.15,0.0717,-0.0783,0.0783,0.47780678851174935,183,0,200
2024-25,1641706,Brandon Miller,-0.2541,-0.2414,0.012699999999999989,0.012699999999999989,0.949874686716792,3790,0,200
2024-25,1630201,Malachi Flynn,0.2298,0.095,-0.1348,0.1348,0.41348973607038125,141,0,200
2024-25,1642280,Trentyn Flowers,0.46,0.1679,-0.2921,0.2921,0.36507936507936506,115,0,200
2024-25,1631159,Leonard Miller,0.29,0.1148,-0.17519999999999997,0.17519999999999997,0.3957703927492447,131,0,200
2024-25,1641798,Jaylen Martin,-0.2532,-0.211,0.04219999999999999,0.04219999999999999,0.8331943286071727,999,0,200
2024-25,1641936,Miles Norris,0.177,0.0697,-0.10729999999999999,0.10729999999999999,0.3939393939393939,130,0,200
2024-25,1642050,Jackson Rowe,-0.18,-0.0959,0.0841,0.0841,0.5327102803738317,228,0,200
2024-25,1631232,Keion Brooks Jr.,-0.2622,-0.2293,0.032899999999999985,0.032899999999999985,0.87468671679198,1396,0,200
2024-25,1641755,Kevin McCullar Jr.,0.0098,0.0038,-0.006,0.006,0.38271604938271603,124,0,200
2024-25,1642443,Jahmir Young,-0.0888,-0.035,0.0538,0.0538,0.3939393939393939,130,0,200
2024-25,1631386,Tazé Moore,0.2058,0.0634,-0.14240000000000003,0.14240000000000003,0.3079584775086505,89,0,200
2024-25,1628408,PJ Dozier,-0.1759,-0.0751,0.1008,0.1008,0.4269340974212034,149,0,200
2024-25,1630618,D.J. Carton,-0.1883,-0.081,0.10729999999999999,0.10729999999999999,0.4301994301994302,151,0,200
2024-25,1641707,Taylor Hendricks,-0.283,-0.1746,0.10839999999999997,0.10839999999999997,0.6168582375478927,322,0,200
2024-25,1630600,Isaiah Mobley,0.1071,0.0298,-0.07730000000000001,0.07730000000000001,0.2779783393501805,77,0,200
2024-25,201567,Kevin Love,-0.28,-0.2356,0.04440000000000002,0.04440000000000002,0.8415213946117274,1062,0,200
2024-25,1630191,Isaiah Stewart,-0.26,-0.2517,0.00830000000000003,0.00830000000000003,0.9680817108203,6066,0,200
2024-25,1641801,Emanuel Miller,-0.1603,-0.0497,0.1106,0.1106,0.3103448275862069,90,0,200
2024-25,1642449,Tolu Smith,-0.0734,-0.0196,0.05380000000000001,0.05380000000000001,0.2673992673992674,73,0,200
2024-25,1641789,Jazian Gortman,-0.3416,-0.186,0.15560000000000002,0.15560000000000002,0.5444191343963554,239,0,200
2024-25,1641766,Adama Sanogo,-0.2733,-0.0835,0.18979999999999997,0.18979999999999997,0.3055555555555556,88,0,200
2024-25,1631121,Bryce McGowens,-0.38,-0.1469,0.2331,0.2331,0.38650306748466257,126,0,200
2024-25,1641879,Yuri Collins,-0.2876,-0.0746,0.21300000000000002,0.21300000000000002,0.25925925925925924,70,0,200
2024-25,1630592,Jalen Wilson,-0.26,-0.2537,0.006300000000000028,0.006300000000000028,0.9757986447241046,8064,0,200
2024-25,1642285,Cam Spencer,-0.29,-0.2459,0.04409999999999997,0.04409999999999997,0.8479087452471483,1115,0,200
2024-25,1641803,Tristen Newton,-0.5574,-0.152,0.4054,0.4054,0.2727272727272727,75,0,200
2024-25,1631250,Pete Nance,-0.33,-0.2409,0.08910000000000001,0.08910000000000001,0.7300944669365722,541,0,200
2024-25,1631199,Ron Harper Jr.,-0.5359,-0.1072,0.4287,0.4287,0.2,50,0,200
2024-25,1630296,Braxton Key,-1.1381,-0.249,0.8890999999999999,0.8890999999999999,0.21875,56,0,200
2024-25,1641739,Toumani Camara,-0.26,-0.2551,0.0049000000000000155,0.0049000000000000155,0.9813310930645011,10513,0,200
2024-25,200782,P.J. Tucker,-0.4818,-0.2551,0.2267,0.2267,0.5294117647058824,225,0,200
2024-25,1642450,Daniss Jenkins,-1.0634,-0.2757,0.7876999999999998,0.7876999999999998,0.25925925925925924,70,0,200
2024-25,1630227,Daishen Nix,-1.267,-0.281,0.9859999999999999,0.9859999999999999,0.22178988326848248,57,0,200
2024-25,1641790,PJ Hall,-0.47,-0.2625,0.20749999999999996,0.20749999999999996,0.5584988962472406,253,0,200
2024-25,1642502,Malevy Leons,-1.2268,-0.3567,0.8700999999999999,0.8700999999999999,0.2907801418439716,82,0,200
2024-25,1641817,Anton Watson,-1.1259,-0.3652,0.7606999999999999,0.7606999999999999,0.32432432432432434,96,0,200
2024-25,1631123,Jamaree Bouyea,-0.6912,-0.3447,0.34650000000000003,0.34650000000000003,0.49874686716791977,199,0,200
2024-25,1629098,Jack McVeigh,-0.72,-0.3508,0.3692,0.3692,0.48717948717948717,190,0,200
2024-25,1641779,Jalen Bridges,-1.13,-0.4171,0.7128999999999999,0.7128999999999999,0.36908517350157727,117,0,200
2024-25,1630561,David Duke Jr.,-0.96,-0.397,0.563,0.563,0.41348973607038125,141,0,200
2024-25,1631170,Jaime Jaquez Jr.,-0.27,-0.2603,0.009700000000000042,0.009700000000000042,0.964221824686941,5390,0,200
2024-25,1641753,Chris Livingston,-0.49,-0.3288,0.1612,0.1612,0.6710526315789473,408,0,200
2024-25,1642279,Ulrich Chomche,-1.4248,-0.5426,0.8822000000000001,0.8822000000000001,0.38080495356037153,123,0,200
2024-25,1630699,MarJon Beauchamp,-0.42,-0.3213,0.09870000000000001,0.09870000000000001,0.7649823736780259,651,0,200
2024-25,1630649,Stanley Umude,-0.59,-0.377,0.21299999999999997,0.21299999999999997,0.6389891696750902,354,0,200
2024-25,1641772,Nae'Qwan Tomlin,-0.73,-0.4174,0.3126,0.3126,0.5717344753747323,267,0,200
2024-25,1630585,Marcus Garrett,-0.6626,-0.4033,0.2593,0.2593,0.6086105675146771,311,0,200
2024-25,201949,James Johnson,-1.51,-0.627,0.883,0.883,0.4152046783625731,142,0,200
2024-25,1628976,Wendell Carter Jr.,-0.27,-0.2626,0.007400000000000018,0.007400000000000018,0.9726775956284153,7120,0,200
2024-25,1630762,Phillip Wheeler,-1.2313,-0.5693,0.662,0.662,0.46236559139784944,172,0,200
2024-25,1642358,AJ Johnson,-0.3,-0.2786,0.021399999999999975,0.021399999999999975,0.9287749287749287,2608,0,200
2024-25,1629628,RJ Barrett,-0.27,-0.2632,0.006800000000000028,0.006800000000000028,0.9747761382267626,7729,0,200
2024-25,1641857,Liam Robbins,-1.0347,-0.5568,0.4779,0.4779,0.5381062355658198,233,0,200
2024-25,1630200,Tre Jones,-0.29,-0.275,0.014999999999999958,0.014999999999999958,0.9482267667615842,3663,0,200
2024-25,202709,Cory Joseph,-0.31,-0.2867,0.023299999999999987,0.023299999999999987,0.924953095684803,2465,0,200
2024-25,203083,Andre Drummond,-0.3,-0.2815,0.018500000000000016,0.018500000000000016,0.9384615384615385,3050,0,200
2024-25,1641757,Jordan Miller,-0.34,-0.304,0.03600000000000003,0.03600000000000003,0.8940116587175411,1687,0,200
2024-25,1631166,Drew Timme,-0.3988,-0.335,0.06379999999999997,0.06379999999999997,0.84,1050,0,200
2024-25,1631102,TyTy Washington Jr.,-0.67,-0.4657,0.20430000000000004,0.20430000000000004,0.6951219512195121,456,0,200
2024-25,1630542,Marcus Bagley,-0.4168,-0.351,0.06580000000000003,0.06580000000000003,0.8420221169036335,1066,0,200
2024-25,1631210,Jacob Toppin,-1.02,-0.6087,0.4113,0.4113,0.5967741935483871,296,0,200
2024-25,202704,Reggie Jackson,-0.3649,-0.3235,0.04139999999999999,0.04139999999999999,0.8866213151927438,1564,0,200
2024-25,1631216,Caleb Houstan,-0.31,-0.2913,0.018699999999999994,0.018699999999999994,0.9395770392749244,3110,0,200
2024-25,1631169,Josh Minott,-0.41,-0.3506,0.05939999999999995,0.05939999999999995,0.8551774076755974,1181,0,200
2024-25,1630243,Trevelin Queen,-0.37,-0.3317,0.0383,0.0383,0.8964267219057483,1731,0,200
2024-25,1642505,Alex Ducas,-0.72,-0.5175,0.2025,0.2025,0.7187060478199718,511,0,200
2024-25,1631306,Cole Swider,-0.56,-0.4394,0.12060000000000004,0.12060000000000004,0.7847147470398278,729,0,200
2024-25,1629610,DaQuan Jeffries,-0.3,-0.2867,0.013299999999999979,0.013299999999999979,0.955703211517165,4315,0,200
2024-25,1629234,Drew Eubanks,-0.32,-0.3004,0.019600000000000006,0.019600000000000006,0.9388753056234719,3072,0,200
2024-25,201988,Patty Mills,-0.41,-0.3585,0.05149999999999999,0.05149999999999999,0.8743718592964824,1392,0,200
2024-25,203500,Steven Adams,-0.32,-0.3014,0.018600000000000005,0.018600000000000005,0.9418604651162791,3240,0,200
2024-25,1642422,Armel Traoré,-1.4063,-0.8142,0.5921000000000001,0.5921000000000001,0.5789473684210527,275,0,200
2024-25,1629020,Jarred Vanderbilt,-0.35,-0.3226,0.02739999999999998,0.02739999999999998,0.9217221135029354,2355,0,200
2024-25,1641712,Rayan Rupert,-0.37,-0.336,0.033999999999999975,0.033999999999999975,0.9081726354453628,1978,0,200
2024-25,1631097,Bennedict Mathurin,-0.28,-0.2738,0.006200000000000039,0.006200000000000039,0.9778024417314095,8810,0,200
2024-25,1630346,Matt Ryan,-1.5652,-0.9157,0.6495,0.6495,0.5850622406639004,282,0,200
2024-25,1630623,Tyson Etienne,-0.7202,-0.5492,0.17099999999999993,0.17099999999999993,0.7624703087885986,642,0,200
2024-25,1631212,Peyton Watson,-0.29,-0.282,0.008000000000000007,0.008000000000000007,0.9724517906336089,7060,0,200
2024-25,1629052,Oshae Brissett,-0.8117,-0.5978,0.21389999999999998,0.21389999999999998,0.7364953886693018,559,0,200
2024-25,1631222,Jake LaRavia,-0.3,-0.2898,0.010199999999999987,0.010199999999999987,0.9660326086956522,5688,0,200
2024-25,1642359,Pacôme Dadiet,-1.01,-0.6988,0.31120000000000003,0.31120000000000003,0.6918335901386748,449,0,200
2024-25,201569,Eric Gordon,-0.342,-0.3215,0.020500000000000018,0.020500000000000018,0.9399579705794056,3131,0,200
2024-25,1630811,Keaton Wallace,-0.4,-0.3654,0.03460000000000002,0.03460000000000002,0.9134948096885813,2112,0,200
2024-25,1629669,Jaylen Nowell,-0.8012,-0.6151,0.18610000000000004,0.18610000000000004,0.7677119628339141,661,0,200
2024-25,1641732,Colby Jones,-0.41,-0.3735,0.03649999999999998,0.03649999999999998,0.9109924343569203,2047,0,200
2024-25,204060,Joe Ingles,-1.11,-0.7777,0.33230000000000015,0.33230000000000015,0.7005988023952096,468,0,200
2024-25,1642278,Tyler Kolek,-0.55,-0.4701,0.07990000000000003,0.07990000000000003,0.8547567175018156,1177,0,200
2024-25,202066,Garrett Temple,-0.64,-0.5281,0.1119,0.1119,0.8251748251748252,944,0,200
2024-25,1641723,Kobe Bufkin,-1.0594,-0.7691,0.2902999999999999,0.2902999999999999,0.726027397260274,530,0,200
2024-25,203924,Jerami Grant,-0.31,-0.3004,0.009599999999999997,0.009599999999999997,0.9689537410742005,6242,0,200
2024-25,1630550,JT Thor,-0.65,-0.5414,0.10860000000000003,0.10860000000000003,0.8329156223893066,997,0,200
2024-25,203468,CJ McCollum,-0.3,-0.2924,0.007599999999999996,0.007599999999999996,0.9745385105028644,7655,0,200
2024-25,200768,Kyle Lowry,-0.39,-0.363,0.027000000000000024,0.027000000000000024,0.9308676114759765,2693,0,200
2024-25,1630528,Josh Christopher,-2.08,-1.2497,0.8303,0.8303,0.6007984031936128,301,0,200
2024-25,1642346,Ryan Dunn,-0.32,-0.3091,0.01090000000000002,0.01090000000000002,0.9658411614005123,5655,0,200
2024-25,1641734,Emoni Bates,-2.16,-1.2994,0.8606,0.8606,0.601593625498008,302,0,200
2024-25,1631099,Keegan Murray,-0.29,-0.2847,0.005299999999999971,0.005299999999999971,0.9815753109166283,10655,0,200
2024-25,1631223,David Roddy,-0.48,-0.4325,0.04749999999999999,0.04749999999999999,0.9011369253583786,1823,0,200
2024-25,1642345,Oso Ighodaro,-0.35,-0.3342,0.01579999999999998,0.01579999999999998,0.9547715965626413,4222,0,200
2024-25,1642266,Ja'Kobe Walter,-0.34,-0.3262,0.013800000000000034,0.013800000000000034,0.9593578540946962,4721,0,200
2024-25,1631247,Luke Travers,-2.02,-1.2814,0.7385999999999999,0.7385999999999999,0.6343692870201096,347,0,200
2024-25,1641783,Tristan da Silva,-0.32,-0.3104,0.009599999999999997,0.009599999999999997,0.9701492537313433,6500,0,200
2024-25,1642461,Spencer Jones,-1.39,-1.0012,0.3887999999999998,0.3887999999999998,0.7202797202797203,515,0,200
2024-25,203482,Kelly Olynyk,-0.38,-0.3604,0.019600000000000006,0.019600000000000006,0.9483870967741935,3675,0,200
2024-25,1641842,Ronald Holland II,-0.34,-0.3277,0.012300000000000033,0.012300000000000033,0.9638597759306108,5334,0,200
2024-25,1642269,Devin Carter,-0.57,-0.5054,0.06459999999999999,0.06459999999999999,0.8867497168742922,1566,0,200
2024-25,1630311,Pat Spencer,-0.76,-0.6371,0.12290000000000001,0.12290000000000001,0.8383185125303153,1037,0,200
2024-25,1641725,Trey Alexander,-1.51,-1.0704,0.4396,0.4396,0.7088791848617176,487,0,200
2024-25,1642530,Yuki Kawamura,-2.1,-1.3644,0.7356,0.7356,0.649737302977233,371,0,200
2024-25,1631120,JD Davison,-2.39,-1.5032,0.8868,0.8868,0.6289424860853432,339,0,200
2024-25,1642277,Johnny Furphy,-0.61,-0.5413,0.06869999999999998,0.06869999999999998,0.887450759707372,1577,0,200
2024-25,201959,Taj Gibson,-0.6,-0.5351,0.06489999999999996,0.06489999999999996,0.8918334234721471,1649,0,200
2024-25,1626196,Josh Richardson,-1.503,-1.1167,0.38629999999999987,0.38629999999999987,0.7429305912596401,578,0,200
2024-25,1630245,Ayo Dosunmu,-0.35,-0.3387,0.011299999999999977,0.011299999999999977,0.9677054739221702,5993,0,200
2024-25,1642402,Enrique Freeman,-1.13,-0.9019,0.22809999999999986,0.22809999999999986,0.798183652875883,791,0,200
2024-25,1628964,Mo Bamba,-0.64,-0.5706,0.06940000000000002,0.06940000000000002,0.8915989159891599,1645,0,200
2024-25,1631213,Tyrese Martin,-0.37,-0.3565,0.013500000000000012,0.013500000000000012,0.9636231356857039,5298,0,200
2024-25,1630192,Zeke Nnaji,-0.51,-0.472,0.038000000000000034,0.038000000000000034,0.9255675474506885,2487,0,200
2024-25,1631311,Lester Quinones,-1.19,-0.9471,0.2428999999999999,0.2428999999999999,0.7959183673469388,780,0,200
2024-25,1641737,Adem Bona,-0.43,-0.408,0.02200000000000002,0.02200000000000002,0.9489274770173647,3716,0,200
2024-25,1629651,Nic Claxton,-0.34,-0.3313,0.008700000000000041,0.008700000000000041,0.9744310917923804,7622,0,200
2024-25,1630173,Precious Achiuwa,-0.39,-0.3747,0.015300000000000036,0.015300000000000036,0.96066089693155,4884,0,200
2024-25,1629629,Cam Reddish,-0.53,-0.491,0.039000000000000035,0.039000000000000035,0.9264164827078735,2518,0,200
2024-25,203501,Tim Hardaway Jr.,-0.33,-0.3227,0.007300000000000029,0.007300000000000029,0.9779346866725508,8864,0,200
2024-25,201599,DeAndre Jordan,-0.5,-0.4671,0.032899999999999985,0.032899999999999985,0.9342105263157895,2840,0,200
2024-25,1641729,Brice Sensabaugh,-0.37,-0.358,0.01200000000000001,0.01200000000000001,0.9676060900550697,5974,0,200
2024-25,1631104,Blake Wesley,-0.52,-0.484,0.03600000000000003,0.03600000000000003,0.9307239348804988,2687,0,200
2024-25,203954,Joel Embiid,-0.569,-0.5246,0.044399999999999995,0.044399999999999995,0.9219055056618508,2361,0,200
2024-25,203458,Alex Len,-0.79,-0.6976,0.09240000000000004,0.09240000000000004,0.8830409356725146,1510,0,200
2024-25,1630568,Luka Garza,-1.19,-0.9786,0.21139999999999992,0.21139999999999992,0.822380106571936,926,0,200
2024-25,1630695,Micah Potter,-0.52,-0.4868,0.03320000000000001,0.03320000000000001,0.9361634216406001,2933,0,200
2024-25,1626204,Larry Nance Jr.,-0.6872,-0.6247,0.0625,0.0625,0.9090081892629663,1998,0,200
2024-25,1631288,Jamal Cain,-0.7,-0.6358,0.06419999999999992,0.06419999999999992,0.9082147774208352,1979,0,200
2024-25,1642355,Bronny James,-1.7,-1.3292,0.3708,0.3708,0.781897491821156,717,0,200
2024-25,1641765,Olivier-Maxence Prosper,-0.63,-0.581,0.049000000000000044,0.049000000000000044,0.9221789883268483,2370,0,200
2024-25,1631172,Ousmane Dieng,-0.82,-0.7316,0.08839999999999992,0.08839999999999992,0.8921832884097035,1655,0,200
2024-25,1641745,Adam Flagler,-1.55,-1.2425,0.3075000000000001,0.3075000000000001,0.8015873015873016,808,0,200
2024-25,1641775,Jordan Walsh,-0.88,-0.7795,0.10050000000000003,0.10050000000000003,0.8858447488584474,1552,0,200
2024-25,1628989,Kevin Huerter,-0.38,-0.3696,0.01040000000000002,0.01040000000000002,0.9726999726999727,7126,0,200
2024-25,1642281,Jaylon Tyson,-0.78,-0.7033,0.07669999999999999,0.07669999999999999,0.9016715830875123,1834,0,200
2024-25,1642367,Jonathan Mogbo,-0.43,-0.4144,0.015600000000000003,0.015600000000000003,0.9637155297532656,5312,0,200
2024-25,203967,Dario Šarić,-1.57,-1.2721,0.29790000000000005,0.29790000000000005,0.8102466793168881,854,0,200
2024-25,1630165,Killian Hayes,-2,-1.5444,0.4556,0.4556,0.7722095671981777,678,0,200
2024-25,204456,T.J. McConnell,-0.42,-0.4062,0.013799999999999979,0.013799999999999979,0.9672399672399672,5905,0,200
2024-25,1630574,Ariel Hukporti,-1.57,-1.2776,0.2924,0.2924,0.813780260707635,874,0,200
2024-25,1631103,Malaki Branham,-0.89,-0.7985,0.09150000000000003,0.09150000000000003,0.897172236503856,1745,0,200
2024-25,202693,Markieff Morris,-2.32,-1.7636,0.5563999999999998,0.5563999999999998,0.7601918465227818,634,0,200
2024-25,1628969,Mikal Bridges,-0.34,-0.3345,0.005500000000000005,0.005500000000000005,0.9838943469157674,12218,0,200
2024-25,1641998,Trey Jemison,-1.01,-0.8932,0.11680000000000001,0.11680000000000001,0.884393063583815,1530,0,200
2024-25,1641854,Craig Porter Jr.,-0.8,-0.7294,0.0706,0.0706,0.9117776797529775,2067,0,200
2024-25,1628997,Caleb Martin,-0.48,-0.4612,0.018799999999999983,0.018799999999999983,0.9608380654004308,4907,0,200
2024-25,1641721,Maxwell Lewis,-1.18,-1.0251,0.15490000000000004,0.15490000000000004,0.868766404199475,1324,0,200
2024-25,1631093,Jaden Ivey,-0.569,-0.5391,0.029899999999999927,0.029899999999999927,0.94750656167979,3610,0,200
2024-25,202691,Klay Thompson,-0.39,-0.3807,0.00930000000000003,0.00930000000000003,0.976093712646426,8166,0,200
2024-25,1629632,Coby White,-0.36,-0.3532,0.006799999999999973,0.006799999999999973,0.9812382739212008,10460,0,200
2024-25,1630544,Tre Mann,-1.2652,-1.097,0.16820000000000013,0.16820000000000013,0.8670212765957447,1304,0,200
2024-25,1626192,Pat Connaughton,-0.76,-0.7027,0.05730000000000002,0.05730000000000002,0.9246420497362472,2454,0,200
2024-25,1626168,Trey Lyles,-0.48,-0.4631,0.01689999999999997,0.01689999999999997,0.9648073200774239,5483,0,200
2024-25,1631115,Orlando Robinson,-0.67,-0.63,0.040000000000000036,0.040000000000000036,0.9403341288782816,3152,0,200
2024-25,203935,Marcus Smart,-0.68,-0.6388,0.041200000000000014,0.041200000000000014,0.9393571861734384,3098,0,200
2024-25,1631200,Kris Murray,-0.55,-0.5261,0.023900000000000032,0.023900000000000032,0.9564838990426457,4396,0,200
2024-25,1630214,Xavier Tillman,-1.9,-1.5625,0.3374999999999999,0.3374999999999999,0.822380106571936,926,0,200
2024-25,1642275,Tidjane Salaün,-0.54,-0.5191,0.02090000000000003,0.02090000000000003,0.961352657004831,4975,0,200
2024-25,1628464,Daniel Theis,-0.824,-0.7652,0.05879999999999996,0.05879999999999996,0.9286733238231099,2604,0,200
2024-25,1631248,Baylor Scheierman,-1.35,-1.1892,0.16080000000000005,0.16080000000000005,0.8808814770696843,1479,0,200
2024-25,1629004,Svi Mykhailiuk,-0.76,-0.7145,0.045499999999999985,0.045499999999999985,0.9401197604790419,3140,0,200
2024-25,1629611,Terance Mann,-0.53,-0.5124,0.01760000000000006,0.01760000000000006,0.9667276659457661,5811,0,200
2024-25,1630579,Jericho Sims,-0.93,-0.8612,0.06880000000000008,0.06880000000000008,0.9259807549962991,2502,0,200
2024-25,203901,Elfrid Payton,-1.11,-1.0102,0.09980000000000011,0.09980000000000011,0.9101123595505618,2025,0,200
2024-25,1629618,Jalen Pickett,-0.89,-0.8285,0.0615,0.0615,0.9309153713298791,2695,0,200
2024-25,202331,Paul George,-0.58,-0.5593,0.02069999999999994,0.02069999999999994,0.9643112062812277,5404,0,200
2024-25,202695,Kawhi Leonard,-0.63,-0.6045,0.025499999999999967,0.025499999999999967,0.9594813614262561,4736,0,200
2024-25,1642265,Rob Dillingham,-1.15,-1.051,0.09899999999999998,0.09899999999999998,0.9139414802065404,2124,0,200
2024-25,1629630,Ja Morant,-0.53,-0.5144,0.015600000000000058,0.015600000000000058,0.9706012053505806,6603,0,200
2024-25,203915,Spencer Dinwiddie,-0.46,-0.4499,0.010099999999999998,0.010099999999999998,0.9779638607315998,8876,0,200
2024-25,1630556,Kessler Edwards,-1.01,-0.9363,0.07369999999999999,0.07369999999999999,0.927007299270073,2540,0,200
2024-25,203471,Dennis Schröder,-0.47,-0.4594,0.010599999999999998,0.010599999999999998,0.9774342773327316,8663,0,200
2024-25,1641816,Hunter Tyson,-1.55,-1.3763,0.17369999999999997,0.17369999999999997,0.8879551820728291,1585,0,200
2024-25,1630288,Jeff Dowtin Jr.,-1.06,-0.9825,0.07750000000000001,0.07750000000000001,0.926873857404022,2535,0,200
2024-25,1628392,Isaiah Hartenstein,-0.56,-0.5432,0.016800000000000037,0.016800000000000037,0.9700777977259126,6484,0,200
2024-25,1627742,Brandon Ingram,-1.1124,-1.0283,0.08410000000000006,0.08410000000000006,0.9244142101284959,2446,0,200
2024-25,1631114,Jalen Williams,-0.47,-0.4601,0.009899999999999964,0.009899999999999964,0.9789118515394348,9284,0,200
2024-25,1641713,GG Jackson,-1.36,-1.2333,0.12670000000000003,0.12670000000000003,0.9068033550792172,1946,0,200
2024-25,1631101,Shaedon Sharpe,-0.47,-0.4601,0.009899999999999964,0.009899999999999964,0.9790268456375839,9336,0,200
2024-25,1629216,Gabe Vincent,-0.59,-0.5716,0.018399999999999972,0.018399999999999972,0.9687743950039032,6205,0,200
2024-25,1641710,Anthony Black,-0.53,-0.5164,0.013600000000000056,0.013600000000000056,0.9742533470648815,7568,0,200
2024-25,203486,Mason Plumlee,-0.66,-0.6357,0.02429999999999999,0.02429999999999999,0.9631743693610753,5231,0,200
2024-25,1631124,Julian Strawther,-0.65,-0.6282,0.02180000000000004,0.02180000000000004,0.9664879356568364,5768,0,200
2024-25,1641716,Jarace Walker,-0.73,-0.7015,0.02849999999999997,0.02849999999999997,0.9609145983974985,4917,0,200
2024-25,1631323,Simone Fontecchio,-0.72,-0.6939,0.026100000000000012,0.026100000000000012,0.9637943519188994,5324,0,200
2024-25,202684,Tristan Thompson,-2.35,-2.0406,0.3094000000000001,0.3094000000000001,0.8683344305464121,1319,0,200
2024-25,1641794,Dillon Jones,-1.4,-1.289,0.11099999999999999,0.11099999999999999,0.9206978588421887,2322,0,200
2024-25,1628467,Maxi Kleber,-1.2414,-1.1549,0.08650000000000002,0.08650000000000002,0.9303863557257223,2673,0,200
2024-25,1630175,Cole Anthony,-0.79,-0.7593,0.03070000000000006,0.03070000000000006,0.9611801242236024,4952,0,200
2024-25,1630172,Patrick Williams,-0.66,-0.6412,0.01880000000000004,0.01880000000000004,0.9714571143142572,6807,0,200
2024-25,203992,Bogdan Bogdanović,-0.78,-0.7524,0.02760000000000007,0.02760000000000007,0.964670552905847,5461,0,200
2024-25,1629022,Lonnie Walker IV,-1.8,-1.6359,0.16410000000000013,0.16410000000000013,0.9088422971741112,1994,0,200
2024-25,203995,Vasilije Micić,-1.25,-1.1747,0.07529999999999992,0.07529999999999992,0.9397227245328511,3118,0,200
2024-25,203994,Jusuf Nurkić,-1,-0.9561,0.04390000000000005,0.04390000000000005,0.9560729189545355,4353,0,200
2024-25,1626156,D'Angelo Russell,-0.78,-0.7554,0.024600000000000066,0.024600000000000066,0.9684840844626537,6146,0,200
2024-25,101108,Chris Paul,-0.6,-0.5874,0.012599999999999945,0.012599999999999945,0.978949584254289,9301,0,200
2024-25,1628370,Malik Monk,-0.64,-0.6254,0.014600000000000057,0.014600000000000057,0.9771297884505432,8545,0,200
2024-25,1631246,Vince Williams Jr.,-1.91,-1.7474,0.16259999999999986,0.16259999999999986,0.9148936170212766,2150,0,200
2024-25,1641748,Andre Jackson Jr.,-1.13,-1.0756,0.054400000000000004,0.054400000000000004,0.9518420418974235,3953,0,200
2024-25,1630702,Jaden Hardy,-1.18,-1.1204,0.059599999999999875,0.059599999999999875,0.9494949494949495,3760,0,200
2024-25,1630553,Keon Johnson,-0.69,-0.6728,0.017199999999999993,0.017199999999999993,0.9750499001996008,7816,0,200
2024-25,1630595,Cade Cunningham,-0.6,-0.5886,0.011399999999999966,0.011399999999999966,0.9809433063363506,10295,0,200
2024-25,2544,LeBron James,-0.61,-0.5981,0.011900000000000022,0.011900000000000022,0.9805106217111674,10062,0,200
2024-25,1642263,Reed Sheppard,-1.62,-1.5128,0.10720000000000018,0.10720000000000018,0.9338186631369954,2822,0,200
2024-25,1626145,Tyus Jones,-0.68,-0.6649,0.015100000000000002,0.015100000000000002,0.9778270509977827,8820,0,200
2024-25,1629028,Deandre Ayton,-1.0276,-0.9878,0.03980000000000006,0.03980000000000006,0.9611951882033372,4954,0,200
2024-25,1627732,Ben Simmons,-1.15,-1.1009,0.04909999999999992,0.04909999999999992,0.9572649572649573,4480,0,200
2024-25,1642274,Yves Missi,-0.75,-0.7318,0.018199999999999994,0.018199999999999994,0.9756986634264885,8030,0,200
2024-25,203110,Draymond Green,-0.73,-0.713,0.017000000000000015,0.017000000000000015,0.9766682221185254,8372,0,200
2024-25,1626171,Bobby Portis,-1.05,-1.0106,0.0394000000000001,0.0394000000000001,0.9624906226556639,5132,0,200
2024-25,1642273,Kyshawn George,-0.8,-0.7791,0.02090000000000003,0.02090000000000003,0.9738356881214024,7444,0,200
2024-25,1641722,Jordan Hawkins,-1.01,-0.9744,0.035599999999999965,0.035599999999999965,0.9647949304699877,5481,0,200
2024-25,1630567,Scottie Barnes,-0.72,-0.7043,0.015699999999999936,0.015699999999999936,0.978161170561258,8958,0,200
2024-25,1642354,KJ Simpson,-1.56,-1.4729,0.08709999999999996,0.08709999999999996,0.9441652707984366,3382,0,200
2024-25,1630703,Scoot Henderson,-0.86,-0.837,0.02300000000000002,0.02300000000000002,0.9732584570129696,7279,0,200
2024-25,1641733,Nick Smith Jr.,-1.05,-1.0141,0.03590000000000004,0.03590000000000004,0.9657827202737382,5645,0,200
2024-25,1627749,Dejounte Murray,-1.3403,-1.2793,0.06099999999999994,0.06099999999999994,0.9544937428896473,4195,0,200
2024-25,1628398,Kyle Kuzma,-0.8,-0.7811,0.018900000000000028,0.018900000000000028,0.976353747930953,8258,0,200
2024-25,1631094,Paolo Banchero,-1,-0.9689,0.031100000000000017,0.031100000000000017,0.9689344516930724,6238,0,200
2024-25,1641731,Bilal Coulibaly,-0.86,-0.8396,0.020399999999999974,0.020399999999999974,0.9762300927026385,8214,0,200
2024-25,1642264,Stephon Castle,-0.83,-0.8116,0.018399999999999972,0.018399999999999972,0.9778270509977827,8820,0,200
2024-25,1642262,Cody Williams,-1.45,-1.3881,0.061900000000000066,0.061900000000000066,0.9573196756295348,4486,0,200
2024-25,1630590,Scotty Pippen Jr.,-1,-0.973,0.027000000000000024,0.027000000000000024,0.9730458221024259,7220,0,200
2024-25,1626179,Terry Rozier,-1.09,-1.0579,0.03210000000000002,0.03210000000000002,0.9705188679245284,6584,0,200
2024-25,1630581,Josh Giddey,-0.87,-0.851,0.019000000000000017,0.019000000000000017,0.97820638552904,8977,0,200
2024-25,1628389,Bam Adebayo,-0.82,-0.8048,0.015199999999999991,0.015199999999999991,0.9814626007971081,10589,0,200
2024-25,1630558,Davion Mitchell,-0.99,-0.9665,0.023499999999999965,0.023499999999999965,0.9762723929291731,8229,0,200
2024-25,1642267,Carlton Carrington,-0.88,-0.8633,0.016700000000000048,0.016700000000000048,0.9809904001520768,10321,0,200
2024-25,1642259,Alexandre Sarr,-1.13,-1.1014,0.02859999999999996,0.02859999999999996,0.9746675110829639,7695,0,200
2024-25,1629614,Andrew Nembhard,-1.2,-1.169,0.030999999999999917,0.030999999999999917,0.9741802220500904,7546,0,200
2024-25,1641718,Keyonte George,-1.08,-1.0559,0.02410000000000001,0.02410000000000001,0.9776885319053994,8764,0,200
2024-25,1629645,Kevin Porter Jr.,-1.61,-1.5587,0.05130000000000012,0.05130000000000012,0.9681173282321058,6073,0,200
2024-25,201935,James Harden,-1,-0.9829,0.017100000000000004,0.017100000000000004,0.9828605707429943,11469,0,200
2024-25,1642347,Jamal Shead,-1.82,-1.7622,0.057800000000000074,0.057800000000000074,0.9682489284013336,6099,0,200
2024-25,1629027,Trae Young,-1.27,-1.2486,0.021400000000000086,0.021400000000000086,0.9831777273109598,11689,0,200
2024-25,201566,Russell Westbrook,-1.6,-1.5653,0.034700000000000175,0.034700000000000175,0.9783127304272392,9022,0,200
2024-25,1642268,Isaiah Collier,-2.43,-2.369,0.06099999999999994,0.06099999999999994,0.9749121926743602,7772,0,200
2025-26,1628983,Shai Gilgeous-Alexander,1.55,1.5171,-0.03290000000000015,0.03290000000000015,0.9788023317435082,9235,0,200
2025-26,202695,Kawhi Leonard,1.25,1.2214,-0.02859999999999996,0.02859999999999996,0.977116704805492,8540,0,200
2025-26,1631105,Jalen Duren,1.23,1.2005,-0.02950000000000008,0.02950000000000008,0.9760364246345554,8146,0,200
2025-26,1630178,Tyrese Maxey,0.78,0.766,-0.014000000000000012,0.014000000000000012,0.9820643888440499,10951,0,200
2025-26,1641705,Victor Wembanyama,0.56,0.546,-0.014000000000000012,0.014000000000000012,0.9749498997995992,7784,0,200
2025-26,201142,Kevin Durant,0.57,0.5603,-0.009699999999999931,0.009699999999999931,0.98293078433046,11517,0,200
2025-26,1628378,Donovan Mitchell,0.81,0.794,-0.016000000000000014,0.016000000000000014,0.9801980198019802,9900,0,200
2025-26,203999,Nikola Jokić,0.77,0.7545,-0.01550000000000007,0.01550000000000007,0.9799156457119904,9758,0,200
2025-26,1630162,Anthony Edwards,0.96,0.939,-0.02100000000000002,0.02100000000000002,0.9781133727292625,8938,0,200
2025-26,1628374,Lauri Markkanen,1.9747,1.9137,-0.06099999999999994,0.06099999999999994,0.9690689761831116,6266,0,200
2025-26,1642851,Kon Knueppel,0.68,0.6671,-0.012900000000000023,0.012900000000000023,0.981089258698941,10376,0,200
2025-26,1630217,Desmond Bane,0.35,0.3439,-0.006099999999999994,0.006099999999999994,0.9825052484254724,11232,0,200
2025-26,1626181,Norman Powell,0.75,0.7307,-0.019299999999999984,0.019299999999999984,0.9742400824317362,7564,0,200
2025-26,1629029,Luka Dončić,0.42,0.4113,-0.008699999999999986,0.008699999999999986,0.9793835687042572,9501,0,200
2025-26,1629627,Zion Williamson,0.7,0.6825,-0.01749999999999996,0.01749999999999996,0.9749655776692953,7789,0,200
2025-26,1630530,Trey Murphy III,0.59,0.5781,-0.011900000000000022,0.011900000000000022,0.9798954563731403,9748,0,200
2025-26,1631096,Chet Holmgren,0.37,0.3614,-0.008599999999999997,0.008599999999999997,0.9766872595873645,8379,0,200
2025-26,1630245,Ayo Dosunmu,0.42,0.4099,-0.010099999999999998,0.010099999999999998,0.9759586488760669,8119,0,200
2025-26,1629638,Nickeil Alexander-Walker,-0.06,-0.0589,0.0010999999999999968,0.0010999999999999968,0.9824899317107336,11222,0,200
2025-26,1630198,Isaiah Joe,0.43,0.4165,-0.013500000000000012,0.013500000000000012,0.9686618614854278,6182,0,200
2025-26,203507,Giannis Antetokounmpo,1.23,1.1745,-0.05549999999999988,0.05549999999999988,0.9548736462093863,4232,0,200
2025-26,1629674,Neemias Queta,0.51,0.4968,-0.01319999999999999,0.01319999999999999,0.9741468459152016,7536,0,200
2025-26,202710,Jimmy Butler III,2.4051,2.3099,-0.09520000000000017,0.09520000000000017,0.9604195527409459,4853,0,200
2025-26,1629750,Javonte Green,0.29,0.2812,-0.008799999999999975,0.008799999999999975,0.969637164111128,6387,0,200
2025-26,1628384,OG Anunoby,0.16,0.1565,-0.003500000000000003,0.003500000000000003,0.9778344231408622,8823,0,200
2025-26,1629640,Keldon Johnson,0.96,0.9367,-0.023299999999999987,0.023299999999999987,0.9756927564414195,8028,0,200
2025-26,1630572,Sandro Mamukelashvili,0.51,0.4962,-0.013800000000000034,0.013800000000000034,0.9729693201784025,7199,0,200
2025-26,201939,Stephen Curry,0.75,0.7248,-0.0252,0.0252,0.9663582842724979,5745,0,200
2025-26,1629008,Michael Porter Jr.,0.7,0.6801,-0.019899999999999918,0.019899999999999918,0.9715504978662873,6830,0,200
2025-26,1630541,Moses Moody,0.34,0.3298,-0.010200000000000042,0.010200000000000042,0.97000599880024,6468,0,200
2025-26,1627750,Jamal Murray,0.23,0.2259,-0.00410000000000002,0.00410000000000002,0.982094897045658,10970,0,200
2025-26,203501,Tim Hardaway Jr.,0.37,0.3617,-0.008299999999999974,0.008299999999999974,0.9776636140272504,8754,0,200
2025-26,1630200,Tre Jones,0.32,0.3118,-0.008199999999999985,0.008199999999999985,0.9744930493559495,7641,0,200
2025-26,1631109,Mark Williams,0.73,0.7062,-0.023799999999999932,0.023799999999999932,0.967400162999185,5935,0,200
2025-26,1630241,Sam Merrill,1.09,1.0526,-0.0374000000000001,0.0374000000000001,0.9657299520219328,5636,0,200
2025-26,1630577,Julian Champagnie,0.06,0.0588,-0.0011999999999999997,0.0011999999999999997,0.979253112033195,9440,0,200
2025-26,1628379,Luke Kennard,0.79,0.768,-0.02200000000000002,0.02200000000000002,0.9721370855391473,6978,0,200
2025-26,1630202,Payton Pritchard,0.37,0.3628,-0.007199999999999984,0.007199999999999984,0.9804496578690127,10030,0,200
2025-26,1630180,Saddiq Bey,0.25,0.2448,-0.00520000000000001,0.00520000000000001,0.9792810525225318,9453,0,200
2025-26,1628386,Jarrett Allen,0.33,0.3201,-0.00990000000000002,0.00990000000000002,0.9699157641395909,6448,0,200
2025-26,1629057,Robert Williams III,0.81,0.7737,-0.0363,0.0363,0.9552071668533034,4265,0,200
2025-26,1628969,Mikal Bridges,0.27,0.2651,-0.0049000000000000155,0.0049000000000000155,0.9817050859860958,10732,0,200
2025-26,1642266,Ja'Kobe Walter,0.16,0.1549,-0.005099999999999993,0.005099999999999993,0.9680613222612584,6062,0,200
2025-26,1628973,Jalen Brunson,0.44,0.4316,-0.008400000000000019,0.008400000000000019,0.980894153611005,10268,0,200
2025-26,1642276,Kel'el Ware,0.26,0.2532,-0.006800000000000028,0.006800000000000028,0.973839110529758,7445,0,200
2025-26,1642263,Reed Sheppard,0.4,0.391,-0.009000000000000008,0.009000000000000008,0.9774087879814752,8653,0,200
2025-26,1629130,Duncan Robinson,0.41,0.4008,-0.009199999999999986,0.009199999999999986,0.9775230388851427,8698,0,200
2025-26,1629655,Daniel Gafford,0.51,0.4903,-0.019699999999999995,0.019699999999999995,0.9613899613899614,4980,0,200
2025-26,1629637,Jaxson Hayes,0.58,0.5574,-0.022599999999999953,0.022599999999999953,0.9610440202571094,4934,0,200
2025-26,1641717,Cason Wallace,0.2,0.1954,-0.004600000000000021,0.004600000000000021,0.9767657992565055,8408,0,200
2025-26,1630573,Sam Hauser,0.18,0.1756,-0.004399999999999987,0.004399999999999987,0.9753025438379846,7898,0,200
2025-26,1641750,Ryan Kalkbrenner,0.54,0.5231,-0.016900000000000026,0.016900000000000026,0.9687743950039032,6205,0,200
2025-26,1630230,Naji Marshall,0.53,0.5188,-0.011199999999999988,0.011199999999999988,0.9789318445170125,9293,0,200
2025-26,1641783,Tristan da Silva,0.31,0.3022,-0.007799999999999974,0.007799999999999974,0.9747793190416141,7730,0,200
2025-26,202699,Tobias Harris,0.15,0.1458,-0.0041999999999999815,0.0041999999999999815,0.972102106290975,6969,0,200
2025-26,203924,Jerami Grant,0.42,0.4089,-0.011099999999999999,0.011099999999999999,0.9735099337748344,7350,0,200
2025-26,1630540,Miles McBride,0.64,0.6121,-0.027900000000000036,0.027900000000000036,0.956474428726877,4395,0,200
2025-26,1630533,Ziaire Williams,0.13,0.1253,-0.00470000000000001,0.00470000000000001,0.9636165181007822,5297,0,200
2025-26,1630249,Vít Krejčí,0.51,0.4935,-0.016500000000000015,0.016500000000000015,0.9675640609795654,5966,0,200
2025-26,1629012,Collin Sexton,-0.02,-0.0194,0.0005999999999999998,0.0005999999999999998,0.97137541147846,6787,0,200
2025-26,1630551,Justin Champagnie,0.12,0.116,-0.00399999999999999,0.00399999999999999,0.9665998663994656,5788,0,200
2025-26,203497,Rudy Gobert,0.33,0.3235,-0.006500000000000006,0.006500000000000006,0.9802038998317332,9903,0,200
2025-26,1629011,Mitchell Robinson,0.15,0.1438,-0.006199999999999983,0.006199999999999983,0.9589238036557814,4669,0,200
2025-26,1630194,Paul Reed,0.68,0.6467,-0.033299999999999996,0.033299999999999996,0.9510164095028165,3883,0,200
2025-26,1628963,Marvin Bagley III,0.48,0.4621,-0.01789999999999997,0.01789999999999997,0.9626098336137596,5149,0,200
2025-26,1641706,Brandon Miller,0.03,0.0293,-0.0006999999999999992,0.0006999999999999992,0.9758220502901354,8072,0,200
2025-26,1630568,Luka Garza,0.81,0.7762,-0.03380000000000005,0.03380000000000005,0.9582376278972645,4589,0,200
2025-26,1628381,John Collins,0.4,0.3897,-0.010300000000000031,0.010300000000000031,0.9743359425125112,7593,0,200
2025-26,1629680,Matisse Thybulle,1.76,1.6035,-0.15650000000000008,0.15650000000000008,0.9110715873721654,2049,0,200
2025-26,1628991,Jaren Jackson Jr.,0.1826,0.1767,-0.005900000000000016,0.005900000000000016,0.9676584734799483,5984,0,200
2025-26,1627780,Gary Payton II,0.04,0.0384,-0.0016000000000000042,0.0016000000000000042,0.9588307945656649,4658,0,200
2025-26,1641708,Amen Thompson,-0.26,-0.2557,0.004300000000000026,0.004300000000000026,0.9836226662299378,12012,0,200
2025-26,1629013,Landry Shamet,0.81,0.7779,-0.03210000000000002,0.03210000000000002,0.9604273842500989,4854,0,200
2025-26,1630532,Franz Wagner,0.67,0.6394,-0.03060000000000007,0.03060000000000007,0.9542752629172382,4174,0,200
2025-26,202331,Paul George,0.1,0.0959,-0.004100000000000006,0.004100000000000006,0.9591336330200245,4694,0,200
2025-26,1631169,Josh Minott,0.15,0.1416,-0.00839999999999999,0.00839999999999999,0.9438990182328191,3365,0,200
2025-26,1631255,Karlo Matković,0.73,0.6924,-0.03759999999999997,0.03759999999999997,0.948559670781893,3688,0,200
2025-26,1631165,Keon Ellis,0.26,0.2516,-0.008400000000000019,0.008400000000000019,0.967767929089444,6005,0,200
2025-26,1630596,Evan Mobley,-0.29,-0.2835,0.006500000000000006,0.006500000000000006,0.9777258046553068,8779,0,200
2025-26,1642396,Blake Hinson,0.97,0.8332,-0.13679999999999992,0.13679999999999992,0.8589562764456982,1218,0,200
2025-26,1641739,Toumani Camara,-0.22,-0.2163,0.003700000000000009,0.003700000000000009,0.9831081081081081,11640,0,200
2025-26,1628436,Luke Kornet,0.35,0.3385,-0.011499999999999955,0.011499999999999955,0.9670021448605841,5861,0,200
2025-26,1630193,Immanuel Quickley,0.17,0.1664,-0.00360000000000002,0.00360000000000002,0.978616486688763,9153,0,200
2025-26,1629028,Deandre Ayton,0.05,0.0488,-0.0011999999999999997,0.0011999999999999997,0.9757898559496428,8061,0,200
2025-26,1629661,Cameron Johnson,-0.19,-0.1846,0.005400000000000016,0.005400000000000016,0.9717194570135747,6872,0,200
2025-26,1630170,Devin Vassell,0.05,0.0488,-0.0011999999999999997,0.0011999999999999997,0.9765615844368921,8333,0,200
2025-26,1629639,Tyler Herro,1.04,0.9951,-0.04490000000000005,0.04490000000000005,0.9568127834161089,4431,0,200
2025-26,203932,Aaron Gordon,0.7,0.668,-0.03199999999999992,0.03199999999999992,0.9542961608775137,4176,0,200
2025-26,1630549,Day'Ron Sharpe,0.43,0.4124,-0.017600000000000005,0.017600000000000005,0.9591503267973857,4696,0,200
2025-26,1630538,Bones Hyland,0.11,0.1057,-0.004299999999999998,0.004299999999999998,0.96117258784702,4951,0,200
2025-26,1629004,Svi Mykhailiuk,0.08,0.0769,-0.0031000000000000055,0.0031000000000000055,0.961322761554825,4971,0,200
2025-26,1627783,Pascal Siakam,0.1,0.0978,-0.0022000000000000075,0.0022000000000000075,0.9775028121484814,8690,0,200
2025-26,1628960,Grayson Allen,0.14,0.1355,-0.004500000000000004,0.004500000000000004,0.9679435807020356,6039,0,200
2025-26,1642270,Donovan Clingan,0.38,0.3716,-0.008400000000000019,0.008400000000000019,0.9779005524861878,8850,0,200
2025-26,1629048,Goga Bitadze,0.48,0.4565,-0.023499999999999965,0.023499999999999965,0.9509563511525257,3878,0,200
2025-26,1626171,Bobby Portis,-0.02,-0.0194,0.0005999999999999998,0.0005999999999999998,0.9708029197080292,6650,0,200
2025-26,1631323,Simone Fontecchio,0.28,0.2693,-0.010700000000000043,0.010700000000000043,0.9617663926591474,5031,0,200
2025-26,1630559,Austin Reaves,0.28,0.2725,-0.007500000000000007,0.007500000000000007,0.9733688415446072,7310,0,200
2025-26,1627936,Alex Caruso,0.52,0.4964,-0.02360000000000001,0.02360000000000001,0.9545970488081725,4205,0,200
2025-26,1630692,Jordan Goodwin,0.17,0.1648,-0.00520000000000001,0.00520000000000001,0.9693486590038314,6325,0,200
2025-26,1629723,John Konchar,0.6,0.5751,-0.024900000000000033,0.024900000000000033,0.9584717607973422,4616,0,200
2025-26,1642349,Ajay Mitchell,0.17,0.1647,-0.005299999999999999,0.005299999999999999,0.9689199689199689,6235,0,200
2025-26,1630183,Jaden McDaniels,0.08,0.0784,-0.0016000000000000042,0.0016000000000000042,0.9801882119861317,9895,0,200
2025-26,201950,Jrue Holiday,0.1,0.097,-0.0030000000000000027,0.0030000000000000027,0.9703131957844738,6537,0,200
2025-26,1626157,Karl-Anthony Towns,-0.14,-0.1371,0.0029000000000000137,0.0029000000000000137,0.9791861796232698,9409,0,200
2025-26,1642867,Collin Murray-Boyles,0.1,0.0963,-0.003700000000000009,0.003700000000000009,0.9629766753054424,5202,0,200
2025-26,1629731,Dean Wade,0.19,0.1834,-0.006599999999999995,0.006599999999999995,0.9650043744531933,5515,0,200
2025-26,1628978,Donte DiVincenzo,0.15,0.1472,-0.002799999999999997,0.002799999999999997,0.981529368304396,10628,0,200
2025-26,1631095,Jabari Smith Jr.,0.16,0.1571,-0.0029000000000000137,0.0029000000000000137,0.9821508255243195,11005,0,200
2025-26,1631221,Collin Gillespie,0.11,0.1077,-0.0022999999999999965,0.0022999999999999965,0.9788023317435082,9235,0,200
2025-26,1642504,Cormac Ryan,1.097,0.9249,-0.17209999999999992,0.17209999999999992,0.8431372549019608,1075,0,200
2025-26,1630188,Jalen Smith,0.3,0.2878,-0.012199999999999989,0.012199999999999989,0.9594320486815415,4730,0,200
2025-26,1641765,Olivier-Maxence Prosper,0.02,0.0191,-0.0009000000000000015,0.0009000000000000015,0.9546073536087154,4206,0,200
2025-26,203468,CJ McCollum,-0.12,-0.1176,0.0023999999999999994,0.0023999999999999994,0.9796665311102074,9636,0,200
2025-26,1629060,Rui Hachimura,-0.09,-0.0878,0.0021999999999999936,0.0021999999999999936,0.9758890898131405,8095,0,200
2025-26,1627884,Derrick Jones Jr.,0.41,0.3957,-0.01429999999999998,0.01429999999999998,0.965205288796103,5548,0,200
2025-26,1631248,Baylor Scheierman,0.24,0.2316,-0.00839999999999999,0.00839999999999999,0.9650532937270663,5523,0,200
2025-26,1642066,Myron Gardner,1,0.898,-0.10199999999999998,0.10199999999999998,0.8979591836734694,1760,0,200
2025-26,1642843,Cooper Flagg,-0.05,-0.049,0.0010000000000000009,0.0010000000000000009,0.9796520500559569,9629,0,200
2025-26,1627751,Jakob Poeltl,0.02,0.0192,-0.0008000000000000021,0.0008000000000000021,0.9588646647470177,4662,0,200
2025-26,1630695,Micah Potter,-0.07,-0.0666,0.0034000000000000002,0.0034000000000000002,0.951655789219241,3937,0,200
2025-26,1641775,Jordan Walsh,0.2,0.1919,-0.008100000000000024,0.008100000000000024,0.9594238182187056,4729,0,200
2025-26,1642364,Jamir Watkins,-0.04,-0.0382,0.001800000000000003,0.001800000000000003,0.956140350877193,4360,0,200
2025-26,203084,Harrison Barnes,-0.09,-0.0878,0.0021999999999999936,0.0021999999999999936,0.9760392955552893,8147,0,200
2025-26,1641718,Keyonte George,0.1,0.0975,-0.0025000000000000022,0.0025000000000000022,0.9749530369442705,7785,0,200
2025-26,1631121,Bryce McGowens,0.24,0.2276,-0.012399999999999994,0.012399999999999994,0.9483870967741935,3675,0,200
2025-26,1642928,Dylan Cardwell,0.29,0.2754,-0.014600000000000002,0.014600000000000002,0.9496221662468514,3770,0,200
2025-26,1642844,Dylan Harper,-0.19,-0.1842,0.0058,0.0058,0.9696969696969697,6400,0,200
2025-26,1641709,Ausar Thompson,-0.04,-0.039,0.0010000000000000009,0.0010000000000000009,0.9744408945686901,7625,0,200
2025-26,1642875,Maxime Raynaud,0.11,0.1074,-0.002600000000000005,0.002600000000000005,0.9761507274028142,8186,0,200
2025-26,1630264,Anthony Gill,0.4,0.3811,-0.018900000000000028,0.018900000000000028,0.9526290857413549,4022,0,200
2025-26,1630643,Jay Huff,0.21,0.2043,-0.005699999999999983,0.005699999999999983,0.9730893433799784,7232,0,200
2025-26,1628970,Miles Bridges,-0.18,-0.1763,0.003699999999999981,0.003699999999999981,0.979703673635072,9654,0,200
2025-26,1631108,Max Christie,0.27,0.2643,-0.005700000000000038,0.005700000000000038,0.9789938031719357,9321,0,200
2025-26,1630167,Obi Toppin,-0.22,-0.1981,0.021900000000000003,0.021900000000000003,0.9002493765586035,1805,0,200
2025-26,203897,Zach LaVine,-0.0439,-0.0422,0.0017000000000000001,0.0017000000000000001,0.9614643545279383,4990,0,200
2025-26,1642281,Jaylon Tyson,0.14,0.1364,-0.00360000000000002,0.00360000000000002,0.9740697523661351,7513,0,200
2025-26,1642285,Cam Spencer,0.02,0.0194,-0.0005999999999999998,0.0005999999999999998,0.9718071609811108,6894,0,200
2025-26,1630543,Isaiah Jackson,0.17,0.1615,-0.008500000000000008,0.008500000000000008,0.9501743896362731,3814,0,200
2025-26,1631159,Leonard Miller,-1.24,-1.1645,0.0754999999999999,0.0754999999999999,0.9391357273280584,3086,0,200
2025-26,201942,DeMar DeRozan,0.22,0.2156,-0.004399999999999987,0.004399999999999987,0.9801842861389082,9893,0,200
2025-26,1642854,Asa Newell,0.35,0.3199,-0.03009999999999996,0.03009999999999996,0.91412623443538,2129,0,200
2025-26,1642967,John Poulakidas,0.6356,0.5361,-0.09950000000000003,0.09950000000000003,0.8433829287392326,1077,0,200
2025-26,1631245,Quenton Jackson,0.56,0.5325,-0.02750000000000008,0.02750000000000008,0.9508840864440079,3872,0,200
2025-26,1641757,Jordan Miller,0.44,0.4237,-0.01629999999999998,0.01629999999999998,0.9629561029820337,5199,0,200
2025-26,1631157,Ryan Rollins,-0.01,-0.0098,0.00020000000000000052,0.00020000000000000052,0.979953893956099,9777,0,200
2025-26,1630696,Dru Smith,0.31,0.2981,-0.011900000000000022,0.011900000000000022,0.9614866165992683,4993,0,200
2025-26,1631217,Moussa Diabaté,0.07,0.0682,-0.00180000000000001,0.00180000000000001,0.9743161679722615,7587,0,200
2025-26,1631103,Malaki Branham,1.2071,1.0217,-0.1854,0.1854,0.8463901689708141,1102,0,200
2025-26,1642914,Javon Small,-0.22,-0.2082,0.011800000000000005,0.011800000000000005,0.9462076385153309,3518,0,200
2025-26,1630191,Isaiah Stewart,0.09,0.0868,-0.0031999999999999945,0.0031999999999999945,0.9646954986760812,5465,0,200
2025-26,1626162,Kelly Oubre Jr.,0.16,0.1553,-0.00470000000000001,0.00470000000000001,0.9705622608183692,6594,0,200
2025-26,1642864,Hugo González,-0.31,-0.296,0.014000000000000012,0.014000000000000012,0.9547408916044354,4219,0,200
2025-26,1629660,Ty Jerome,1.11,0.973,-0.13700000000000012,0.13700000000000012,0.8766193707587908,1421,0,200
2025-26,1631342,Daeqwon Plowden,-0.32,-0.3028,0.017199999999999993,0.017199999999999993,0.946366318047734,3529,0,200
2025-26,1630168,Onyeka Okongwu,-0.16,-0.1568,0.0032000000000000084,0.0032000000000000084,0.9799378072023273,9769,0,200
2025-26,1631101,Shaedon Sharpe,0.04,0.0388,-0.0011999999999999997,0.0011999999999999997,0.9693721286370597,6330,0,200
2025-26,1641729,Brice Sensabaugh,0.02,0.0195,-0.0005000000000000004,0.0005000000000000004,0.9747123530155519,7709,0,200
2025-26,1642377,Jaylen Wells,-0.12,-0.1169,0.0030999999999999917,0.0030999999999999917,0.9743589743589743,7600,0,200
2025-26,1630182,Josh Green,0.14,0.1326,-0.007400000000000018,0.007400000000000018,0.9469917837264776,3573,0,200
2025-26,1628988,Aaron Holiday,-0.02,-0.0188,0.0011999999999999997,0.0011999999999999997,0.9389312977099237,3075,0,200
2025-26,1642419,Jamison Battle,0.1,0.0914,-0.00860000000000001,0.00860000000000001,0.9144568006843456,2138,0,200
2025-26,204456,T.J. McConnell,0.22,0.2098,-0.010200000000000015,0.010200000000000015,0.9535207994422495,4103,0,200
2025-26,1641740,Jaylen Clark,0.03,0.0285,-0.0014999999999999979,0.0014999999999999979,0.9489795918367347,3720,0,200
2025-26,1630639,A.J. Lawson,-0.22,-0.1785,0.04150000000000001,0.04150000000000001,0.8113207547169812,860,0,200
2025-26,1629675,Naz Reid,0.18,0.1759,-0.0040999999999999925,0.0040999999999999925,0.9774419129257839,8666,0,200
2025-26,1641744,Zach Edey,2.0374,1.7426,-0.29479999999999995,0.29479999999999995,0.8552821997105644,1182,0,200
2025-26,1630595,Cade Cunningham,0.11,0.1076,-0.0023999999999999994,0.0023999999999999994,0.9777431560204763,8786,0,200
2025-26,2544,LeBron James,0.01,0.0098,-0.00020000000000000052,0.00020000000000000052,0.9762159590914496,8209,0,200
2025-26,1629628,RJ Barrett,0,0,0,0,0.9732584570129696,7279,0,200
2025-26,1630173,Precious Achiuwa,0,0,0,0,0.972306840210468,7022,0,200
2025-26,1629023,P.J. Washington,0.03,0.0292,-0.0007999999999999986,0.0007999999999999986,0.9730893433799784,7232,0,200
2025-26,1641764,Brandin Podziemski,-0.15,-0.147,0.0030000000000000027,0.0030000000000000027,0.9797119091093528,9658,0,200
2025-26,1629726,Garrison Mathews,1.0311,0.8313,-0.19979999999999987,0.19979999999999987,0.8062015503875969,832,0,200
2025-26,1629599,Amir Coffey,0.14,0.1269,-0.0131,0.0131,0.9066293183940243,1942,0,200
2025-26,1631106,Tari Eason,0.52,0.5039,-0.016100000000000003,0.016100000000000003,0.9689874399131648,6249,0,200
2025-26,1631117,Walker Kessler,0.9322,0.7065,-0.2257,0.2257,0.7578692493946732,626,0,200
2025-26,1630604,E.J. Liddell,2.07,1.8133,-0.25669999999999993,0.25669999999999993,0.8760074395536268,1413,0,200
2025-26,1631131,Oscar Tshiebwe,-0.36,-0.3266,0.033399999999999985,0.033399999999999985,0.9071063632141199,1953,0,200
2025-26,1641707,Taylor Hendricks,-0.41,-0.3931,0.01689999999999997,0.01689999999999997,0.9586606035551881,4638,0,200
2025-26,1642348,Justin Edwards,-0.54,-0.5148,0.0252,0.0252,0.953347329134593,4087,0,200
2025-26,1628976,Wendell Carter Jr.,-0.23,-0.2251,0.0049000000000000155,0.0049000000000000155,0.9788045782111064,9236,0,200
2025-26,1630611,Gui Santos,0.09,0.087,-0.0030000000000000027,0.0030000000000000027,0.9669639907499175,5854,0,200
2025-26,203648,Thanasis Antetokounmpo,1.14,0.8488,-0.2911999999999999,0.2911999999999999,0.7445721583652618,583,0,200
2025-26,1630166,Deni Avdija,-0.03,-0.0294,0.0005999999999999998,0.0005999999999999998,0.9791384166058203,9387,0,200
2025-26,1641710,Anthony Black,0.04,0.039,-0.0010000000000000009,0.0010000000000000009,0.9742864489586012,7578,0,200
2025-26,1642907,Cedric Coward,-0.15,-0.1456,0.004399999999999987,0.004399999999999987,0.9708242159008024,6655,0,200
2025-26,1642862,Liam McNeeley,0.12,0.1054,-0.014600000000000002,0.014600000000000002,0.8786407766990292,1448,0,200
2025-26,1642954,Will Richard,0.15,0.1451,-0.004899999999999988,0.004899999999999988,0.9671700590938936,5892,0,200
2025-26,1642955,Kadary Richmond,1.0239,0.616,-0.40790000000000004,0.40790000000000004,0.601593625498008,302,0,200
2025-26,203954,Joel Embiid,0.02,0.0192,-0.0008000000000000021,0.0008000000000000021,0.961456928117171,4989,0,200
2025-26,1630631,Jose Alvarado,-0.03,-0.029,0.0009999999999999974,0.0009999999999999974,0.9659226444027943,5669,0,200
2025-26,1642357,David Jones Garcia,2.0976,1.3031,-0.7945,0.7945,0.6212121212121212,328,0,200
2025-26,1629312,Haywood Highsmith,1.1561,0.7425,-0.41359999999999986,0.41359999999999986,0.6422182468694096,359,0,200
2025-26,1631128,Christian Braun,-0.39,-0.3773,0.012699999999999989,0.012699999999999989,0.9674214041374817,5939,0,200
2025-26,1629610,DaQuan Jeffries,1.1027,0.598,-0.5047,0.5047,0.5423340961098398,237,0,200
2025-26,1629646,Charles Bassey,-0.4,-0.2953,0.10470000000000002,0.10470000000000002,0.7382198952879581,564,0,200
2025-26,1641810,Antonio Reeves,0.61,0.3413,-0.2687,0.2687,0.5594713656387665,254,0,200
2025-26,202696,Nikola Vučević,-0.02,-0.0195,0.0005000000000000004,0.0005000000000000004,0.974483286552692,7638,0,200
2025-26,1643052,Chaney Johnson,0.0905,0.0795,-0.010999999999999996,0.010999999999999996,0.8776009791921665,1434,0,200
2025-26,1642949,Yanic Konan Niederhäuser,-0.15,-0.1341,0.015899999999999997,0.015899999999999997,0.8942358540454786,1691,0,200
2025-26,1631214,Alondes Williams,1.07,0.7428,-0.32720000000000005,0.32720000000000005,0.6941896024464832,454,0,200
2025-26,1641871,Duop Reath,0.24,0.2014,-0.038599999999999995,0.038599999999999995,0.8390989541432019,1043,0,200
2025-26,1641869,Malachi Smith,0.1523,0.1336,-0.018699999999999994,0.018699999999999994,0.8774509803921569,1432,0,200
2025-26,1626192,Pat Connaughton,0.57,0.4822,-0.08779999999999993,0.08779999999999993,0.8459167950693375,1098,0,200
2025-26,1630623,Tyson Etienne,0.16,0.142,-0.018000000000000016,0.018000000000000016,0.887450759707372,1577,0,200
2025-26,1631288,Jamal Cain,-0.95,-0.862,0.08799999999999997,0.08799999999999997,0.907321594068582,1958,0,200
2025-26,1631123,Jamaree Bouyea,0.5,0.4625,-0.03749999999999998,0.03749999999999998,0.9250374812593704,2468,0,200
2025-26,1641763,Julian Phillips,0.24,0.2149,-0.025099999999999983,0.025099999999999983,0.8952879581151832,1710,0,200
2025-26,1628392,Isaiah Hartenstein,-0.15,-0.1438,0.006199999999999983,0.006199999999999983,0.9585835576723959,4629,0,200
2025-26,202691,Klay Thompson,0.01,0.0097,-0.0002999999999999999,0.0002999999999999999,0.9698613622664256,6436,0,200
2025-26,1628380,Zach Collins,0.609,0.4805,-0.1285,0.1285,0.7890295358649789,748,0,200
2025-26,203552,Seth Curry,0.89,0.6491,-0.2409,0.2409,0.7293640054127198,539,0,200
2025-26,1631199,Ron Harper Jr.,-0.19,-0.1633,0.0267,0.0267,0.859451862262825,1223,0,200
2025-26,1631223,David Roddy,0.3472,0.2113,-0.13590000000000002,0.13590000000000002,0.6086105675146771,311,0,200
2025-26,1642400,Tristan Enaruna,-0.77,-0.4925,0.2775,0.2775,0.6396396396396397,355,0,200
2025-26,1628418,Thomas Bryant,0.1,0.0937,-0.0063,0.0063,0.9374413512668126,2997,0,200
2025-26,201959,Taj Gibson,0.4815,0.321,-0.16049999999999998,0.16049999999999998,0.6666666666666666,400,0,200
2025-26,201569,Eric Gordon,0.1665,0.1011,-0.06540000000000001,0.06540000000000001,0.6070726915520629,309,0,200
2025-26,1631216,Caleb Houstan,-0.08,-0.0491,0.030900000000000004,0.030900000000000004,0.6131528046421664,317,0,200
2025-26,1642275,Tidjane Salaün,0.21,0.1939,-0.016100000000000003,0.016100000000000003,0.9232834675872651,2407,0,200
2025-26,203937,Kyle Anderson,0.17,0.1612,-0.008800000000000002,0.008800000000000002,0.948051948051948,3650,0,200
2025-26,1630567,Scottie Barnes,-0.11,-0.1081,0.001899999999999999,0.001899999999999999,0.9823368365274221,11123,0,200
2025-26,1641725,Trey Alexander,0.14,0.0978,-0.042200000000000015,0.042200000000000015,0.6987951807228916,464,0,200
2025-26,1642886,Koby Brea,0.67,0.4162,-0.2538,0.2538,0.6212121212121212,328,0,200
2025-26,1642866,Joan Beringer,-0.04,-0.0348,0.005200000000000003,0.005200000000000003,0.8697916666666666,1336,0,200
2025-26,1642362,Payton Sandfort,0.5257,0.2996,-0.22609999999999997,0.22609999999999997,0.5698924731182796,265,0,200
2025-26,1631124,Julian Strawther,0.06,0.0569,-0.0030999999999999986,0.0030999999999999986,0.9477397439247452,3627,0,200
2025-26,1642939,Miles Kelly,0.03,0.0223,-0.0076999999999999985,0.0076999999999999985,0.7422680412371134,576,0,200
2025-26,1627746,Skal Labissiere,0.5522,0.2411,-0.31110000000000004,0.31110000000000004,0.43661971830985913,155,0,200
2025-26,1627752,Taurean Prince,0.01,0.0093,-0.000700000000000001,0.000700000000000001,0.927007299270073,2540,0,200
2025-26,1643024,Chris Mañon,0.97,0.4661,-0.5039,0.5039,0.4805194805194805,185,0,200
2025-26,1629684,Grant Williams,-0.41,-0.3839,0.026099999999999957,0.026099999999999957,0.936346276257161,2942,0,200
2025-26,1642434,Riley Minix,0.5542,0.3106,-0.24360000000000004,0.24360000000000004,0.5604395604395604,255,0,200
2025-26,1626220,Royce O'Neale,-0.27,-0.2643,0.005700000000000038,0.005700000000000038,0.9790488162581186,9346,0,200
2025-26,1641715,Cam Whitmore,-0.3032,-0.2685,0.03470000000000001,0.03470000000000001,0.8855180309101317,1547,0,200
2025-26,1631114,Jalen Williams,-0.09,-0.0856,0.004400000000000001,0.004400000000000001,0.951112197506722,3891,0,200
2025-26,1628404,Josh Hart,-0.07,-0.0683,0.001700000000000007,0.001700000000000007,0.975259772389906,7884,0,200
2025-26,1631207,Dalen Terry,-0.14,-0.1288,0.011200000000000015,0.011200000000000015,0.9199679871948779,2299,0,200
2025-26,1630699,MarJon Beauchamp,-0.08,-0.0648,0.015200000000000005,0.015200000000000005,0.8097050428163654,851,0,200
2025-26,1628368,De'Aaron Fox,-0.01,-0.0098,0.00020000000000000052,0.00020000000000000052,0.9789717169593103,9311,0,200
2025-26,1642389,Zyon Pullin,0.4866,0.2291,-0.25749999999999995,0.25749999999999995,0.4708994708994709,178,0,200
2025-26,1629001,De'Anthony Melton,0.36,0.3455,-0.014500000000000013,0.014500000000000013,0.9596855472686958,4761,0,200
2025-26,1643133,Lawson Lovering,0.7427,0.3647,-0.378,0.378,0.4910941475826972,193,0,200
2025-26,1626167,Myles Turner,-0.04,-0.039,0.0010000000000000009,0.0010000000000000009,0.9751614505712867,7852,0,200
2025-26,1631210,Jacob Toppin,0.8173,0.2028,-0.6145,0.6145,0.24812030075187969,66,0,200
2025-26,1630846,Olivier Sarr,0.4971,0.2327,-0.26439999999999997,0.26439999999999997,0.46808510638297873,176,0,200
2025-26,1630619,Moussa Cisse,-0.31,-0.2843,0.0257,0.0257,0.9170812603648425,2212,0,200
2025-26,1641747,DaRon Holmes II,-0.15,-0.12,0.03,0.03,0.8001998001998002,801,0,200
2025-26,1628389,Bam Adebayo,-0.48,-0.4706,0.009399999999999964,0.009399999999999964,0.9804782820888238,10045,0,200
2025-26,1641801,Emanuel Miller,0.2573,0.1041,-0.15319999999999998,0.15319999999999998,0.40476190476190477,136,0,200
2025-26,1642261,Dalton Knecht,-0.07,-0.0643,0.005700000000000011,0.005700000000000011,0.9185336048879837,2255,0,200
2025-26,1629014,Anfernee Simons,-0.6666,-0.6435,0.02310000000000001,0.02310000000000001,0.9653199237038321,5567,0,200
2025-26,1641815,Isaiah Stevens,0.5202,0.2398,-0.2804,0.2804,0.4609164420485175,171,0,200
2025-26,201935,James Harden,-0.3,-0.294,0.006000000000000005,0.006000000000000005,0.9801547926175829,9878,0,200
2025-26,1631243,Mouhamed Gueye,-0.21,-0.2018,0.008199999999999985,0.008199999999999985,0.9608610567514677,4910,0,200
2025-26,1629622,Max Strus,0.0145,0.0125,-0.002,0.002,0.8597475455820477,1226,0,200
2025-26,1643018,LJ Cryer,1.2109,1.0273,-0.18359999999999999,0.18359999999999999,0.8483699772554966,1119,0,200
2025-26,1642853,Rasheer Fleming,-0.35,-0.3248,0.0252,0.0252,0.9281092739036664,2582,0,200
2025-26,1629026,Kenrich Williams,0.18,0.1701,-0.009899999999999992,0.009899999999999992,0.9450247388675096,3438,0,200
2025-26,1642352,Keshad Johnson,-0.64,-0.5489,0.09109999999999996,0.09109999999999996,0.8576512455516014,1205,0,200
2025-26,203991,Clint Capela,-0.09,-0.0853,0.004699999999999996,0.004699999999999996,0.9479708636836629,3644,0,200
2025-26,1630583,Santi Aldama,-0.8384,-0.8049,0.033500000000000085,0.033500000000000085,0.9600559217096065,4807,0,200
2025-26,1631111,Wendell Moore Jr.,0.8644,0.4697,-0.39469999999999994,0.39469999999999994,0.54337899543379,238,0,200
2025-26,1631211,Trevor Keels,0.3163,0.0802,-0.23610000000000003,0.23610000000000003,0.2537313432835821,68,0,200
2025-26,1630828,Alex Antetokounmpo,0.4378,0.1379,-0.29990000000000006,0.29990000000000006,0.3150684931506849,92,0,200
2025-26,1642402,Enrique Freeman,0.3173,0.1453,-0.17200000000000001,0.17200000000000001,0.45799457994579945,169,0,200
2025-26,1641771,Jalen Slawson,0.8144,0.7042,-0.11019999999999996,0.11019999999999996,0.8645903859174001,1277,0,200
2025-26,1642884,Vladislav Goldin,0.4339,0.1125,-0.3214,0.3214,0.25925925925925924,70,0,200
2025-26,1642366,Quinten Post,0.16,0.1535,-0.006500000000000006,0.006500000000000006,0.9596530159370587,4757,0,200
2025-26,1642911,Rocco Zikarsky,0.2689,0.113,-0.15589999999999998,0.15589999999999998,0.42028985507246375,145,0,200
2025-26,1641753,Chris Livingston,0.3971,0.1062,-0.2909,0.2909,0.2673992673992674,73,0,200
2025-26,1628420,Monté Morris,0.2873,0.1686,-0.1187,0.1187,0.5867768595041323,284,0,200
2025-26,1641813,Mark Sears,0.5244,0.1839,-0.34049999999999997,0.34049999999999997,0.35064935064935066,108,0,200
2025-26,1642368,N'Faly Dante,0.3361,0.0776,-0.2585,0.2585,0.23076923076923078,60,0,200
2025-26,1630658,Colin Castleton,0.2008,0.0574,-0.1434,0.1434,0.2857142857142857,80,0,200
2025-26,1641726,Dereck Lively II,0.5272,0.3772,-0.15000000000000002,0.15000000000000002,0.7155049786628734,503,0,200
2025-26,1629632,Coby White,-0.44,-0.4235,0.016500000000000015,0.016500000000000015,0.9625888514777403,5146,0,200
2025-26,1630644,Mac McClung,-0.06,-0.0448,0.015199999999999998,0.015199999999999998,0.7468354430379747,590,0,200
2025-26,1643047,CJ Huntley,0.1012,0.0459,-0.055299999999999995,0.055299999999999995,0.453551912568306,166,0,200
2025-26,1641774,Tristan Vukcevic,-0.27,-0.253,0.017000000000000015,0.017000000000000015,0.937007874015748,2975,0,200
2025-26,203952,Andrew Wiggins,-0.05,-0.0489,0.0011000000000000038,0.0011000000000000038,0.9784459532277185,9079,0,200
2025-26,1641794,Dillon Jones,0.21,0.093,-0.11699999999999999,0.11699999999999999,0.4428969359331476,159,0,200
2025-26,1631338,Mouhamadou Gueye,0.0792,0.0399,-0.03930000000000001,0.03930000000000001,0.5037220843672456,203,0,200
2025-26,1642449,Tolu Smith,-0.21,-0.1362,0.0738,0.0738,0.648506151142355,369,0,200
2025-26,1641807,Norchad Omier,-0.1759,-0.0554,0.1205,0.1205,0.3150684931506849,92,0,200
2025-26,1643007,Taelon Peter,0.05,0.0457,-0.004300000000000005,0.004300000000000005,0.9130056546324489,2099,0,200
2025-26,1631116,Patrick Baldwin Jr.,-0.0867,-0.0583,0.0284,0.0284,0.6721311475409836,410,0,200
2025-26,1631205,Buddy Boeheim,-0.0351,-0.008,0.0271,0.0271,0.2277992277992278,59,0,200
2025-26,1631119,Jaylin Williams,-0.41,-0.395,0.014999999999999958,0.014999999999999958,0.9633699633699634,5260,0,200
2025-26,203926,Doug McDermott,0.17,0.1541,-0.015900000000000025,0.015900000000000025,0.9067164179104478,1944,0,200
2025-26,1628449,Chris Boucher,0.1422,0.0921,-0.05009999999999999,0.05009999999999999,0.6472663139329806,367,0,200
2025-26,1631115,Orlando Robinson,-0.2059,-0.0663,0.1396,0.1396,0.3220338983050847,95,0,200
2025-26,201599,DeAndre Jordan,-0.23,-0.1864,0.0436,0.0436,0.8106060606060606,856,0,200
2025-26,1642845,VJ Edgecombe,-0.38,-0.3731,0.006900000000000017,0.006900000000000017,0.9818840579710145,10840,0,200
2025-26,1643060,Hayden Gray,-0.078,-0.0272,0.0508,0.0508,0.3485342019543974,107,0,200
2025-26,1641772,Nae'Qwan Tomlin,0.03,0.0287,-0.001299999999999999,0.001299999999999999,0.9555061179087876,4295,0,200
2025-26,1629634,Brandon Clarke,-0.2056,-0.0657,0.13990000000000002,0.13990000000000002,0.3197278911564626,94,0,200
2025-26,1641803,Tristen Newton,-0.1572,-0.0314,0.12580000000000002,0.12580000000000002,0.2,50,0,200
2025-26,1628415,Dillon Brooks,-0.07,-0.0681,0.0019000000000000128,0.0019000000000000128,0.9728555917480999,7168,0,200
2025-26,1642910,John Tonje,-0.2774,-0.1302,0.14719999999999997,0.14719999999999997,0.46949602122015915,177,0,200
2025-26,1641767,Ben Sheppard,-0.25,-0.2419,0.008099999999999996,0.008099999999999996,0.9674160964483545,5938,0,200
2025-26,1630534,Ochai Agbaji,-0.25,-0.238,0.01200000000000001,0.01200000000000001,0.9520843315764255,3974,0,200
2025-26,1642490,Josh Oduro,-0.1633,-0.1065,0.0568,0.0568,0.6521739130434783,375,0,200
2025-26,1631250,Pete Nance,0.79,0.7393,-0.05070000000000008,0.05070000000000008,0.9357739242132306,2914,0,200
2025-26,1631466,Nate Williams,-0.7788,-0.6446,0.1342000000000001,0.1342000000000001,0.8277347114556417,961,0,200
2025-26,203486,Mason Plumlee,0.04,0.0313,-0.0087,0.0087,0.7814207650273224,715,0,200
2025-26,1630163,LaMelo Ball,-0.51,-0.4982,0.011800000000000033,0.011800000000000033,0.9767981438515081,8420,0,200
2025-26,1631127,Harrison Ingram,-0.11,-0.0381,0.07189999999999999,0.07189999999999999,0.3464052287581699,106,0,200
2025-26,1642367,Jonathan Mogbo,-0.96,-0.8058,0.1542,0.1542,0.8393574297188755,1045,0,200
2025-26,1642938,Curtis Jones,-0.72,-0.4651,0.25489999999999996,0.25489999999999996,0.6460176991150443,365,0,200
2025-26,1641824,Matas Buzelis,-0.24,-0.2351,0.004899999999999988,0.004899999999999988,0.9794724417530535,9543,0,200
2025-26,204001,Kristaps Porziņģis,-0.33,-0.3113,0.018699999999999994,0.018699999999999994,0.9434229137199435,3335,0,200
2025-26,1631218,Trayce Jackson-Davis,-0.02,-0.0183,0.0017000000000000001,0.0017000000000000001,0.9140154772141015,2126,0,200
2025-26,1642461,Spencer Jones,-0.17,-0.1644,0.005600000000000022,0.005600000000000022,0.9671052631578947,5880,0,200
2025-26,1631166,Drew Timme,0.6,0.4935,-0.10649999999999998,0.10649999999999998,0.8225377107364685,927,0,200
2025-26,1642384,Isaiah Crawford,1.15,0.7341,-0.41589999999999994,0.41589999999999994,0.6383363471971067,353,0,200
2025-26,1642359,Pacôme Dadiet,0.13,0.0947,-0.0353,0.0353,0.7282608695652174,536,0,200
2025-26,203939,Dwight Powell,-0.24,-0.2283,0.011699999999999988,0.011699999999999988,0.9510882856444118,3889,0,200
2025-26,1642346,Ryan Dunn,-0.36,-0.347,0.013000000000000012,0.013000000000000012,0.963957469814381,5349,0,200
2025-26,1631133,Jabari Walker,-0.32,-0.3011,0.018900000000000028,0.018900000000000028,0.9408284023668639,3180,0,200
2025-26,1630592,Jalen Wilson,-0.38,-0.3588,0.021199999999999997,0.021199999999999997,0.9442431000836353,3387,0,200
2025-26,1630164,James Wiseman,-0.4402,-0.245,0.19519999999999998,0.19519999999999998,0.5565410199556541,251,0,200
2025-26,1629645,Kevin Porter Jr.,-0.19,-0.1829,0.007099999999999995,0.007099999999999995,0.9626865671641791,5160,0,200
2025-26,203944,Julius Randle,0.03,0.0295,-0.0005000000000000004,0.0005000000000000004,0.9822474702645126,11066,0,200
2025-26,1626164,Devin Booker,-0.21,-0.2055,0.004500000000000004,0.004500000000000004,0.9784737918415671,9091,0,200
2025-26,1628998,Cody Martin,-0.3567,-0.1935,0.1632,0.1632,0.5423340961098398,237,0,200
2025-26,1642885,Mohamed Diawara,0.17,0.1574,-0.0126,0.0126,0.9257884972170687,2495,0,200
2025-26,1641761,Grant Nelson,-0.4702,-0.1928,0.2774,0.2774,0.41002949852507375,139,0,200
2025-26,1642859,Jase Richardson,-0.27,-0.2488,0.021200000000000024,0.021200000000000024,0.9213527329925285,2343,0,200
2025-26,1631102,TyTy Washington Jr.,0.54,0.3426,-0.19740000000000002,0.19740000000000002,0.6343692870201096,347,0,200
2025-26,1626166,Cameron Payne,-1.16,-1.0354,0.12459999999999982,0.12459999999999982,0.8925886143931256,1662,0,200
2025-26,1643141,Jahmyl Telfort,-0.5906,-0.2294,0.3612,0.3612,0.38837920489296635,127,0,200
2025-26,1641755,Kevin McCullar Jr.,-1.19,-0.8987,0.2912999999999999,0.2912999999999999,0.7552019583843329,617,0,200
2025-26,1630557,Corey Kispert,-0.13,-0.1246,0.005400000000000002,0.005400000000000002,0.9582289055973267,4588,0,200
2025-26,203967,Dario Šarić,-0.5396,-0.2698,0.2698,0.2698,0.5,200,0,200
2025-26,1627742,Brandon Ingram,-0.07,-0.0687,0.0013000000000000095,0.0013000000000000095,0.9813101579291655,10501,0,200
2025-26,1642935,Chucky Hepburn,-1.0535,-0.2207,0.8328000000000001,0.8328000000000001,0.20948616600790515,53,0,200
2025-26,204060,Joe Ingles,-0.84,-0.6426,0.19740000000000002,0.19740000000000002,0.7649823736780259,651,0,200
2025-26,1641713,GG Jackson,-0.16,-0.1536,0.006400000000000017,0.006400000000000017,0.9597828272672431,4773,0,200
2025-26,1642443,Jahmir Young,-1.8,-0.9198,0.8802000000000001,0.8802000000000001,0.511002444987775,209,0,200
2025-26,1630209,Omer Yurtseven,-0.3611,-0.2482,0.11289999999999997,0.11289999999999997,0.6875,440,0,200
2025-26,1631457,Alex Morales,-0.9646,-0.3084,0.6562,0.6562,0.3197278911564626,94,0,200
2025-26,202066,Garrett Temple,-1.09,-0.6505,0.4395000000000001,0.4395000000000001,0.5967741935483871,296,0,200
2025-26,1642951,Sean Pedulla,-1.0281,-0.3876,0.6405000000000001,0.6405000000000001,0.37694704049844235,121,0,200
2025-26,1629027,Trae Young,-0.78,-0.6972,0.08279999999999998,0.08279999999999998,0.8938992042440318,1685,0,200
2025-26,1628975,Jevon Carter,0.08,0.0759,-0.004100000000000006,0.004100000000000006,0.9481999481999482,3661,0,200
2025-26,1628964,Mo Bamba,-0.9015,-0.4194,0.4821,0.4821,0.46524064171123,174,0,200
2025-26,1631230,Dominick Barlow,0.08,0.0778,-0.0022000000000000075,0.0022000000000000075,0.972133203288282,6977,0,200
2025-26,1642382,Branden Carlson,-0.44,-0.3991,0.04089999999999999,0.04089999999999999,0.9070199907019991,1951,0,200
2025-26,1641733,Nick Smith Jr.,-0.54,-0.4764,0.06360000000000005,0.06360000000000005,0.8821449616971125,1497,0,200
2025-26,1641809,Drew Peterson,-0.8556,-0.482,0.37360000000000004,0.37360000000000004,0.5633187772925764,258,0,200
2025-26,1631204,Marcus Sasser,0.35,0.3167,-0.033299999999999996,0.033299999999999996,0.9048525214081827,1902,0,200
2025-26,1641842,Ronald Holland II,-0.31,-0.3006,0.00940000000000002,0.00940000000000002,0.9697428139183056,6410,0,200
2025-26,203076,Anthony Davis,-0.3406,-0.3163,0.02429999999999999,0.02429999999999999,0.9287241625089094,2606,0,200
2025-26,1642282,Hunter Sallis,-1.3898,-0.4873,0.9024999999999999,0.9024999999999999,0.35064935064935066,108,0,200
2025-26,1630314,Brandon Williams,-0.16,-0.1551,0.0049000000000000155,0.0049000000000000155,0.9696279422930904,6385,0,200
2025-26,1642403,Isaac Jones,-0.68,-0.28,0.4,0.4,0.4117647058823529,140,0,200
2025-26,1629021,Moritz Wagner,1.26,1.1334,-0.12660000000000005,0.12660000000000005,0.8995479658463084,1791,0,200
2025-26,1642863,Khaman Maluach,-0.62,-0.5514,0.0686,0.0686,0.8893805309734514,1608,0,200
2025-26,1628396,Tony Bradley,0.01,0.009,-0.0010000000000000009,0.0010000000000000009,0.9039846375420068,1883,0,200
2025-26,1643016,Bez Mbeng,-0.1972,-0.1806,0.016599999999999976,0.016599999999999976,0.9158957106812448,2178,0,200
2025-26,1642959,Chris Youngblood,-0.63,-0.4906,0.13940000000000002,0.13940000000000002,0.7787610619469026,704,0,200
2025-26,1642876,Adou Thiero,-0.24,-0.1806,0.05939999999999998,0.05939999999999998,0.7524752475247525,608,0,200
2025-26,1642380,Adama Bal,-0.3034,-0.2553,0.048099999999999976,0.048099999999999976,0.8412698412698413,1060,0,200
2025-26,202685,Jonas Valančiūnas,-0.67,-0.6332,0.036800000000000055,0.036800000000000055,0.9450700357044768,3441,0,200
2025-26,1642530,Yuki Kawamura,-0.31,-0.2549,0.05509999999999998,0.05509999999999998,0.822380106571936,926,0,200
2025-26,1642277,Johnny Furphy,0.084,0.0781,-0.0059000000000000025,0.0059000000000000025,0.9306759098786829,2685,0,200
2025-26,1641890,Tyler Smith,-0.4352,-0.345,0.0902,0.0902,0.7927461139896373,765,0,200
2025-26,1627741,Buddy Hield,-0.37,-0.3489,0.021100000000000008,0.021100000000000008,0.9430686023341873,3313,0,200
2025-26,1642917,Max Shulga,-1.2696,-0.5503,0.7193,0.7193,0.43342776203966005,153,0,200
2025-26,1641727,Dariq Whitehead,-0.4164,-0.3341,0.08229999999999998,0.08229999999999998,0.8021760633036598,811,0,200
2025-26,1630679,Ethan Thompson,-0.42,-0.3914,0.02859999999999996,0.02859999999999996,0.9319959197551854,2741,0,200
2025-26,1631093,Jaden Ivey,-0.3861,-0.3611,0.025000000000000022,0.025000000000000022,0.9354005167958657,2896,0,200
2025-26,1642873,Amari Williams,-0.43,-0.3167,0.11330000000000001,0.11330000000000001,0.7364953886693018,559,0,200
2025-26,1642950,Lachlan Olbrich,-0.61,-0.5337,0.07630000000000003,0.07630000000000003,0.875,1400,0,200
2025-26,1626204,Larry Nance Jr.,-0.48,-0.4349,0.04509999999999997,0.04509999999999997,0.9059708509637988,1927,0,200
2025-26,1626172,Kevon Looney,-0.44,-0.3815,0.058499999999999996,0.058499999999999996,0.8670212765957447,1304,0,200
2025-26,1641752,Bobi Klintman,-2.06,-1.2522,0.8078000000000001,0.8078000000000001,0.6078431372549019,310,0,200
2025-26,1642857,Kasparas Jakučionis,-0.46,-0.4394,0.020600000000000007,0.020600000000000007,0.9553072625698324,4275,0,200
2025-26,1630548,Johnny Juzang,-1.2676,-0.8236,0.44400000000000006,0.44400000000000006,0.649737302977233,371,0,200
2025-26,1642271,Kyle Filipowski,-0.15,-0.1462,0.003799999999999998,0.003799999999999998,0.9745773484174399,7667,0,200
2025-26,1642918,Alijah Martin,-0.61,-0.4511,0.15889999999999999,0.15889999999999999,0.7395833333333334,568,0,200
2025-26,1630286,Trevon Scott,-0.5314,-0.4193,0.11209999999999998,0.11209999999999998,0.7890295358649789,748,0,200
2025-26,1631110,Jeremy Sochan,-0.94,-0.8511,0.08889999999999998,0.08889999999999998,0.9054373522458629,1915,0,200
2025-26,1628997,Caleb Martin,-0.13,-0.1231,0.006900000000000003,0.006900000000000003,0.9472295514511874,3590,0,200
2025-26,1630591,Jalen Suggs,-0.19,-0.1844,0.005599999999999994,0.005599999999999994,0.9705405803505671,6589,0,200
2025-26,1641778,Leaky Black,0.5314,0.4798,-0.05159999999999998,0.05159999999999998,0.9029126213592233,1860,0,200
2025-26,1631247,Luke Travers,-1.4134,-0.9675,0.44589999999999996,0.44589999999999996,0.6845425867507886,434,0,200
2025-26,1630700,Dyson Daniels,-0.62,-0.6086,0.011399999999999966,0.011399999999999966,0.9816816266715516,10718,0,200
2025-26,1628369,Jayson Tatum,0.0404,0.037,-0.0034000000000000002,0.0034000000000000002,0.9158603281447202,2177,0,200
2025-26,1630625,Dalano Banton,-1.495,-0.8422,0.6528000000000002,0.6528000000000002,0.5633187772925764,258,0,200
2025-26,1631120,JD Davison,-0.85,-0.6893,0.16069999999999995,0.16069999999999995,0.8109640831758034,858,0,200
2025-26,1641711,Gradey Dick,-0.24,-0.2298,0.010199999999999987,0.010199999999999987,0.9574920297555791,4505,0,200
2025-26,1629651,Nic Claxton,0.19,0.1853,-0.00470000000000001,0.00470000000000001,0.9750996015936255,7832,0,200
2025-26,1642345,Oso Ighodaro,-0.4,-0.3892,0.010800000000000032,0.010800000000000032,0.9729656663963233,7198,0,200
2025-26,203914,Gary Harris,-0.57,-0.5301,0.039899999999999936,0.039899999999999936,0.9300699300699301,2660,0,200
2025-26,1627749,Dejounte Murray,0.4273,0.3806,-0.04670000000000002,0.04670000000000002,0.8908892525913803,1633,0,200
2025-26,1628989,Kevin Huerter,-0.43,-0.4171,0.012899999999999967,0.012899999999999967,0.9699338544798557,6452,0,200
2025-26,1642933,Keshon Gilbert,-1.59,-0.964,0.6260000000000001,0.6260000000000001,0.6062992125984252,308,0,200
2025-26,1642882,Julian Reese,-0.6878,-0.6161,0.07169999999999999,0.07169999999999999,0.8957247132429614,1718,0,200
2025-26,1631260,AJ Green,-0.06,-0.0587,0.0012999999999999956,0.0012999999999999956,0.9789140748550342,9285,0,200
2025-26,1642269,Devin Carter,-0.42,-0.3922,0.02779999999999999,0.02779999999999999,0.9338405557393318,2823,0,200
2025-26,1630256,Jae'Sean Tate,-0.47,-0.4184,0.05159999999999998,0.05159999999999998,0.8901702361339923,1621,0,200
2025-26,1641998,Trey Jemison III,-0.74,-0.4669,0.2731,0.2731,0.6309963099630996,342,0,200
2025-26,1641730,Noah Clowney,-0.35,-0.3406,0.009399999999999964,0.009399999999999964,0.9730567156136333,7223,0,200
2025-26,1641780,Johni Broome,-2.1883,-1.1023,1.0859999999999999,1.0859999999999999,0.5037220843672456,203,0,200
2025-26,1628467,Maxi Kleber,-0.4,-0.3633,0.03670000000000001,0.03670000000000001,0.9082147774208352,1979,0,200
2025-26,1627826,Ivica Zubac,-0.14,-0.1355,0.004500000000000004,0.004500000000000004,0.967809431836472,6013,0,200
2025-26,1630526,Jeremiah Robinson-Earl,-0.8805,-0.7801,0.10039999999999993,0.10039999999999993,0.8859749144811858,1554,0,200
2025-26,1629111,Jock Landale,-0.3,-0.2906,0.009399999999999964,0.009399999999999964,0.9685682853999685,6163,0,200
2025-26,1631451,Javonte Cooke,-1.2604,-0.8235,0.43689999999999996,0.43689999999999996,0.6533795493934142,377,0,200
2025-26,1630621,Hunter Dickinson,-2.1097,-1.0361,1.0736,1.0736,0.4910941475826972,193,0,200
2025-26,1630228,Jonathan Kuminga,-0.93,-0.8788,0.05120000000000002,0.05120000000000002,0.9449339207048458,3432,0,200
2025-26,1628365,Markelle Fultz,-2.0616,-0.9289,1.1326999999999998,1.1326999999999998,0.45054945054945056,164,0,200
2025-26,1641816,Hunter Tyson,-0.8058,-0.6156,0.19019999999999992,0.19019999999999992,0.7638724911452184,647,0,200
2025-26,1642258,Zaccharie Risacher,-0.47,-0.456,0.013999999999999957,0.013999999999999957,0.9701759618252311,6506,0,200
2025-26,1631174,Tyler Burton,-0.4098,-0.3556,0.05419999999999997,0.05419999999999997,0.8675496688741722,1310,0,200
2025-26,1630703,Scoot Henderson,-1.5,-1.4131,0.08689999999999998,0.08689999999999998,0.9420457838307736,3251,0,200
2025-26,1630545,Terrence Shannon Jr.,-1.54,-1.4108,0.12919999999999998,0.12919999999999998,0.9160721779269828,2183,0,200
2025-26,1630536,Sharife Cooper,-1.18,-1.1068,0.07319999999999993,0.07319999999999993,0.9380037197768134,3026,0,200
2025-26,1642484,RayJ Dennis,-0.93,-0.7575,0.1725000000000001,0.1725000000000001,0.8144712430426716,878,0,200
2025-26,1641989,Elijah Harkless,0.16,0.1473,-0.012700000000000017,0.012700000000000017,0.9203187250996016,2310,0,200
2025-26,1628401,Derrick White,-0.57,-0.5593,0.010699999999999932,0.010699999999999932,0.9812856741835876,10487,0,200
2025-26,1630702,Jaden Hardy,-0.59,-0.5611,0.028899999999999926,0.028899999999999926,0.951052373959863,3886,0,200
2025-26,1631351,Lucas Williamson,-0.5803,-0.4836,0.09670000000000006,0.09670000000000006,0.8333333333333334,1000,0,200
2025-26,1642502,Malevy Leons,-1.26,-1.064,0.19599999999999995,0.19599999999999995,0.8444790046656299,1086,0,200
2025-26,1629234,Drew Eubanks,-0.82,-0.7557,0.06429999999999991,0.06429999999999991,0.9216300940438872,2352,0,200
2025-26,1627759,Jaylen Brown,-0.27,-0.2646,0.005400000000000016,0.005400000000000016,0.9800856317833316,9843,0,200
2025-26,1630587,Isaiah Livers,-0.63,-0.5558,0.07420000000000004,0.07420000000000004,0.8822143698468787,1498,0,200
2025-26,203992,Bogdan Bogdanović,-0.83,-0.7466,0.08339999999999992,0.08339999999999992,0.8994974874371859,1790,0,200
2025-26,1631113,Kennedy Chandler,-0.453,-0.4026,0.0504,0.0504,0.888641425389755,1596,0,200
2025-26,1630214,Xavier Tillman,-0.84,-0.6502,0.18979999999999997,0.18979999999999997,0.7740112994350282,685,0,200
2025-26,203903,Jordan Clarkson,-0.57,-0.5487,0.021299999999999986,0.021299999999999986,0.9626377732112834,5153,0,200
2025-26,1641796,Pelle Larsson,-0.03,-0.0293,0.0006999999999999992,0.0006999999999999992,0.9758454106280193,8080,0,200
2025-26,1629006,Josh Okogie,-0.64,-0.6173,0.022700000000000053,0.022700000000000053,0.9644760213143873,5430,0,200
2025-26,1642878,Tyrese Proctor,-0.94,-0.8617,0.07829999999999993,0.07829999999999993,0.9167013744273219,2201,0,200
2025-26,1642404,Chaz Lanier,-0.42,-0.3523,0.06769999999999998,0.06769999999999998,0.83883964544722,1041,0,200
2025-26,1643158,Andersson Garcia,-1.7878,-1.4013,0.38650000000000007,0.38650000000000007,0.7837837837837838,725,0,200
2025-26,1628502,Nigel Hayes-Davis,-2.322,-1.8372,0.4848000000000001,0.4848000000000001,0.791231732776618,758,0,200
2025-26,1641790,PJ Hall,-1.4677,-1.1979,0.26980000000000004,0.26980000000000004,0.8161764705882353,888,0,200
2025-26,203484,Kentavious Caldwell-Pope,-0.1419,-0.1358,0.006099999999999994,0.006099999999999994,0.9566724436741768,4416,0,200
2025-26,201143,Al Horford,-0.29,-0.2765,0.013499999999999956,0.013499999999999956,0.9534558994647429,4097,0,200
2025-26,1642353,Cam Christie,-0.22,-0.1994,0.020600000000000007,0.020600000000000007,0.9064108563406644,1937,0,200
2025-26,201145,Jeff Green,-0.31,-0.2449,0.06509999999999999,0.06509999999999999,0.7899159663865546,752,0,200
2025-26,1642964,Brooks Barnhizer,-0.38,-0.3318,0.04820000000000002,0.04820000000000002,0.8731769181991123,1377,0,200
2025-26,1628371,Jonathan Isaac,-0.55,-0.5014,0.04860000000000009,0.04860000000000009,0.9115826702033598,2062,0,200
2025-26,1630811,Keaton Wallace,-0.29,-0.2666,0.023399999999999976,0.023399999999999976,0.9193548387096774,2280,0,200
2025-26,1642272,Jared McCain,-0.53,-0.5087,0.021299999999999986,0.021299999999999986,0.9598232221775813,4778,0,200
2025-26,203482,Kelly Olynyk,-0.64,-0.5625,0.07750000000000001,0.07750000000000001,0.8788612961841308,1451,0,200
2025-26,1643253,Toby Okani,-0.8149,-0.6739,0.1409999999999999,0.1409999999999999,0.8269896193771626,956,0,200
2025-26,1642869,Noah Penda,-0.35,-0.3278,0.022199999999999998,0.022199999999999998,0.9366687777074097,2958,0,200
2025-26,203078,Bradley Beal,-1.92,-1.3776,0.5424,0.5424,0.7175141242937854,508,0,200
2025-26,203500,Steven Adams,0.1069,0.1003,-0.006599999999999995,0.006599999999999995,0.9380421313506815,3028,0,200
2025-26,1629162,Jordan McLaughlin,-0.86,-0.7314,0.12859999999999994,0.12859999999999994,0.8505231689088192,1138,0,200
2025-26,1627734,Domantas Sabonis,-0.5035,-0.4647,0.038799999999999946,0.038799999999999946,0.9229880631497882,2397,0,200
2025-26,1630224,Jalen Green,0.27,0.2549,-0.015100000000000002,0.015100000000000002,0.9441496788606535,3381,0,200
2025-26,1642877,Micah Peavy,-0.57,-0.5424,0.027599999999999958,0.027599999999999958,0.9515503875968992,3928,0,200
2025-26,1642874,Danny Wolf,-0.62,-0.5956,0.024399999999999977,0.024399999999999977,0.9605678233438486,4872,0,200
2025-26,1641748,Andre Jackson Jr.,-0.38,-0.3384,0.041600000000000026,0.041600000000000026,0.8904109589041096,1625,0,200
2025-26,1642260,Nikola Topić,-0.82,-0.6266,0.1933999999999999,0.1933999999999999,0.7641509433962265,648,0,200
2025-26,1641724,Jett Howard,-0.83,-0.7736,0.056400000000000006,0.056400000000000006,0.9319959197551854,2741,0,200
2025-26,1629652,Luguentz Dort,-0.28,-0.2728,0.00720000000000004,0.00720000000000004,0.9744016382951491,7613,0,200
2025-26,1628370,Malik Monk,-0.07,-0.0677,0.0023000000000000104,0.0023000000000000104,0.9676323029616443,5979,0,200
2025-26,1630590,Scotty Pippen Jr.,-1.63,-1.3334,0.2966,0.2966,0.8180163785259327,899,0,200
2025-26,1629636,Darius Garland,-0.55,-0.5315,0.018500000000000072,0.018500000000000072,0.9663129526696985,5737,0,200
2025-26,1642259,Alex Sarr,-0.32,-0.3087,0.011300000000000032,0.011300000000000032,0.9645892351274787,5448,0,200
2025-26,1631132,Christian Koloko,-0.79,-0.6994,0.09060000000000001,0.09060000000000001,0.8853211009174312,1544,0,200
2025-26,1642278,Tyler Kolek,-0.79,-0.7389,0.051100000000000034,0.051100000000000034,0.9352750809061489,2890,0,200
2025-26,202687,Bismack Biyombo,-1.4,-1.0267,0.37329999999999997,0.37329999999999997,0.7333333333333333,550,0,200
2025-26,201572,Brook Lopez,-0.49,-0.4753,0.01469999999999999,0.01469999999999999,0.9700014999250037,6467,0,200
2025-26,1630574,Ariel Hukporti,-0.88,-0.7998,0.08020000000000005,0.08020000000000005,0.9088422971741112,1994,0,200
2025-26,1630165,Killian Hayes,-0.1702,-0.1519,0.018299999999999983,0.018299999999999983,0.8927038626609443,1664,0,200
2025-26,1642860,Will Riley,0.23,0.2234,-0.0066000000000000225,0.0066000000000000225,0.9714774671990872,6812,0,200
2025-26,1630322,Lindy Waters III,-0.91,-0.7797,0.13030000000000008,0.13030000000000008,0.8568360773085183,1197,0,200
2025-26,1631104,Blake Wesley,-0.89,-0.783,0.10699999999999998,0.10699999999999998,0.8798076923076923,1464,0,200
2025-26,200768,Kyle Lowry,-0.87,-0.6115,0.25849999999999995,0.25849999999999995,0.7028231797919762,473,0,200
2025-26,203083,Andre Drummond,-0.22,-0.2117,0.008300000000000002,0.008300000000000002,0.9624624624624625,5128,0,200
2025-26,1642883,Sion James,-0.39,-0.3798,0.010199999999999987,0.010199999999999987,0.973777369870198,7427,0,200
2025-26,1642358,AJ Johnson,-0.9,-0.8132,0.08679999999999999,0.08679999999999999,0.9035214664737096,1873,0,200
2025-26,1627739,Kris Dunn,-0.26,-0.2543,0.005699999999999983,0.005699999999999983,0.978232477144101,8988,0,200
2025-26,1641731,Bilal Coulibaly,-0.48,-0.4654,0.014600000000000002,0.014600000000000002,0.9695121951219512,6360,0,200
2025-26,1642354,KJ Simpson,-1.3,-1.0922,0.20779999999999998,0.20779999999999998,0.8401278976818545,1051,0,200
2025-26,1631222,Jake LaRavia,-0.29,-0.2834,0.006599999999999995,0.006599999999999995,0.9770721082196492,8523,0,200
2025-26,1631200,Kris Murray,-0.24,-0.2317,0.008300000000000002,0.008300000000000002,0.9654517187769909,5589,0,200
2025-26,1630192,Zeke Nnaji,-0.46,-0.4256,0.03440000000000004,0.03440000000000004,0.9251216772744291,2471,0,200
2025-26,1630174,Aaron Nesmith,-0.29,-0.2802,0.009799999999999975,0.009799999999999975,0.9660383766344032,5689,0,200
2025-26,1631212,Peyton Watson,-0.38,-0.3687,0.011299999999999977,0.011299999999999977,0.9703659801452067,6549,0,200
2025-26,1642355,Bronny James,-1.03,-0.9083,0.12170000000000003,0.12170000000000003,0.8817966903073287,1492,0,200
2025-26,203935,Marcus Smart,-0.99,-0.9638,0.0262,0.0262,0.9735589635113696,7364,0,200
2025-26,1629656,Quentin Grimes,-0.21,-0.2055,0.004500000000000004,0.004500000000000004,0.9787030135235865,9191,0,200
2025-26,1630570,Trendon Watford,-0.86,-0.8168,0.043200000000000016,0.043200000000000016,0.9497361146016587,3779,0,200
2025-26,1641738,Kobe Brown,-0.5,-0.476,0.02400000000000002,0.02400000000000002,0.9520038396928245,3967,0,200
2025-26,1641723,Kobe Bufkin,-1.62,-1.1484,0.4716,0.4716,0.7088791848617176,487,0,200
2025-26,201567,Kevin Love,-1.08,-1.0049,0.07510000000000017,0.07510000000000017,0.9304347826086956,2675,0,200
2025-26,1642450,Daniss Jenkins,-0.24,-0.2322,0.007800000000000001,0.007800000000000001,0.9676165803108808,5976,0,200
2025-26,1627827,Dorian Finney-Smith,-0.95,-0.8801,0.06989999999999996,0.06989999999999996,0.9264435454211107,2519,0,200
2025-26,203994,Jusuf Nurkić,-0.4067,-0.3903,0.016400000000000026,0.016400000000000026,0.9597666465499899,4771,0,200
2025-26,101108,Chris Paul,-2.4122,-1.9815,0.43069999999999986,0.43069999999999986,0.8214285714285714,920,0,200
2025-26,1630171,Isaac Okoro,-0.28,-0.2725,0.007500000000000007,0.007500000000000007,0.9732691793638064,7282,0,200
2025-26,1641737,Adem Bona,-0.32,-0.308,0.01200000000000001,0.01200000000000001,0.9624976561035065,5133,0,200
2025-26,1630552,Jalen Johnson,-0.34,-0.3338,0.006200000000000039,0.006200000000000039,0.9817434961204929,10755,0,200
2025-26,1642274,Yves Missi,-0.53,-0.5109,0.019100000000000006,0.019100000000000006,0.9639444744907157,5347,0,200
2025-26,1630579,Jericho Sims,-0.2,-0.1927,0.007300000000000001,0.007300000000000001,0.9635767619741396,5291,0,200
2025-26,1629618,Jalen Pickett,-0.73,-0.6877,0.042300000000000004,0.042300000000000004,0.9420793512887344,3253,0,200
2025-26,201587,Nicolas Batum,-0.57,-0.549,0.020999999999999908,0.020999999999999908,0.9631608030944926,5229,0,200
2025-26,1631099,Keegan Murray,-0.78,-0.7365,0.04349999999999998,0.04349999999999998,0.9442741710782948,3389,0,200
2025-26,1631213,Tyrese Martin,-0.85,-0.7977,0.05230000000000001,0.05230000000000001,0.9385182908084845,3053,0,200
2025-26,1627824,Guerschon Yabusele,-0.8,-0.7645,0.03550000000000009,0.03550000000000009,0.955683580766674,4313,0,200
2025-26,1629631,De'Andre Hunter,-0.9109,-0.8761,0.03480000000000005,0.03480000000000005,0.9617517689806846,5029,0,200
2025-26,1630598,Aaron Wiggins,-0.44,-0.4256,0.014400000000000024,0.014400000000000024,0.9671916010498688,5896,0,200
2025-26,1642856,Egor Dëmin,-0.53,-0.511,0.019000000000000017,0.019000000000000017,0.9641448547866619,5378,0,200
2025-26,1629018,Gary Trent Jr.,-0.49,-0.4733,0.016699999999999993,0.016699999999999993,0.9659574468085106,5675,0,200
2025-26,1631126,Caleb Love,-0.48,-0.4584,0.021600000000000008,0.021600000000000008,0.9549143372407575,4236,0,200
2025-26,1630610,DeJon Jarreau,-1.4892,-1.2309,0.2583,0.2583,0.826539462272333,953,0,200
2025-26,1642920,Kobe Sanders,-1.3,-1.254,0.04600000000000004,0.04600000000000004,0.9646017699115044,5450,0,200
2025-26,1629611,Terance Mann,-0.44,-0.4264,0.013600000000000001,0.013600000000000001,0.9689922480620154,6250,0,200
2025-26,1631097,Bennedict Mathurin,-0.23,-0.2234,0.0066000000000000225,0.0066000000000000225,0.9713343844059051,6777,0,200
2025-26,1642868,Carter Bryant,-0.86,-0.8118,0.04820000000000002,0.04820000000000002,0.9439618940879798,3369,0,200
2025-26,1629216,Gabe Vincent,-0.74,-0.7023,0.037699999999999956,0.037699999999999956,0.9490964622041231,3729,0,200
2025-26,1642905,Yang Hansen,-2.38,-2.0457,0.3342999999999998,0.3342999999999998,0.8595505617977528,1224,0,200
2025-26,1629020,Jarred Vanderbilt,-0.49,-0.4703,0.019699999999999995,0.019699999999999995,0.9597342460237568,4767,0,200
2025-26,1630578,Alperen Sengun,-0.49,-0.4801,0.009899999999999964,0.009899999999999964,0.9798610411841708,9731,0,200
2025-26,1641854,Craig Porter Jr.,-0.61,-0.5853,0.024699999999999944,0.024699999999999944,0.959448499594485,4732,0,200
2025-26,1628971,Bruce Brown,-0.31,-0.3025,0.007500000000000007,0.007500000000000007,0.9758191270704872,8071,0,200
2025-26,1631246,Vince Williams Jr.,-0.3461,-0.3266,0.019500000000000017,0.019500000000000017,0.9435665914221218,3344,0,200
2025-26,1628398,Kyle Kuzma,-0.44,-0.4287,0.011299999999999977,0.011299999999999977,0.974263286578304,7571,0,200
2025-26,1626145,Tyus Jones,-0.64,-0.6101,0.029900000000000038,0.029900000000000038,0.9532710280373832,4080,0,200
2025-26,1630558,Davion Mitchell,-0.63,-0.6156,0.014399999999999968,0.014399999999999968,0.9771324033844043,8546,0,200
2025-26,1642880,Kam Jones,-0.88,-0.8172,0.06279999999999997,0.06279999999999997,0.9286478772743489,2603,0,200
2025-26,1642273,Kyshawn George,-0.85,-0.8222,0.027799999999999936,0.027799999999999936,0.9673256003920928,5921,0,200
2025-26,1629673,Jordan Poole,-0.69,-0.6571,0.03289999999999993,0.03289999999999993,0.9523014548056284,3993,0,200
2025-26,1631094,Paolo Banchero,-0.39,-0.3824,0.007599999999999996,0.007599999999999996,0.9804190327002154,10014,0,200
2025-26,1630175,Cole Anthony,-1.4555,-1.33,0.12549999999999994,0.12549999999999994,0.9137931034482759,2120,0,200
2025-26,1630529,Herbert Jones,-0.92,-0.8933,0.026700000000000057,0.026700000000000057,0.9710270896711575,6703,0,200
2025-26,201144,Mike Conley,-0.76,-0.7249,0.03510000000000002,0.03510000000000002,0.9537679149329634,4126,0,200
2025-26,1629630,Ja Morant,-0.8279,-0.7652,0.06269999999999998,0.06269999999999998,0.9241562381494122,2437,0,200
2025-26,1641722,Jordan Hawkins,-1.65,-1.5419,0.10809999999999986,0.10809999999999986,0.9344906649197511,2853,0,200
2025-26,1630208,Nick Richards,-1.71,-1.5984,0.11159999999999992,0.11159999999999992,0.9347471451876019,2865,0,200
2025-26,1631321,Sidy Cissoko,-0.61,-0.5904,0.01959999999999995,0.01959999999999995,0.967850827841183,6021,0,200
2025-26,1630560,Cam Thomas,-0.36,-0.3402,0.019799999999999984,0.019799999999999984,0.9450851180669961,3442,0,200
2025-26,1641712,Rayan Rupert,-0.78,-0.7468,0.03320000000000001,0.03320000000000001,0.9574558604552222,4501,0,200
2025-26,1627747,Caris LeVert,-0.3,-0.2878,0.012199999999999989,0.012199999999999989,0.9592169657422512,4704,0,200
2025-26,1626156,D'Angelo Russell,-1.3155,-1.1956,0.1198999999999999,0.1198999999999999,0.908883826879271,1995,0,200
2025-26,1631170,Jaime Jaquez Jr.,-0.66,-0.6458,0.01419999999999999,0.01419999999999999,0.9785038693035254,9104,0,200
2025-26,1628366,Lonzo Ball,-1.5737,-1.4773,0.09640000000000004,0.09640000000000004,0.9387442572741195,3065,0,200
2025-26,1642347,Jamal Shead,-0.51,-0.4969,0.0131,0.0131,0.9743950838561004,7611,0,200
2025-26,1642264,Stephon Castle,-0.68,-0.6641,0.015900000000000025,0.015900000000000025,0.9766654999416637,8371,0,200
2025-26,1629614,Andrew Nembhard,-0.55,-0.5355,0.014500000000000068,0.014500000000000068,0.9736391195465929,7387,0,200
2025-26,1630311,Pat Spencer,-0.72,-0.6924,0.027599999999999958,0.027599999999999958,0.9617004978935274,5022,0,200
2025-26,1642942,Jahmai Mashack,-0.76,-0.7089,0.051100000000000034,0.051100000000000034,0.9327731092436975,2775,0,200
2025-26,1642962,Drake Powell,-0.75,-0.7226,0.02739999999999998,0.02739999999999998,0.963523618457049,5283,0,200
2025-26,1630544,Tre Mann,-1.27,-1.1827,0.08729999999999993,0.08729999999999993,0.9312242090784044,2708,0,200
2025-26,1642848,Tre Johnson,-0.26,-0.2518,0.008199999999999985,0.008199999999999985,0.9683343888537049,6116,0,200
2025-26,1642847,Jeremiah Fears,-0.52,-0.5086,0.011399999999999966,0.011399999999999966,0.978161170561258,8958,0,200
2025-26,1641716,Jarace Walker,-0.57,-0.5567,0.013299999999999979,0.013299999999999979,0.9766518795236984,8366,0,200
2025-26,1630172,Patrick Williams,-0.86,-0.8339,0.026100000000000012,0.026100000000000012,0.9696279422930904,6385,0,200
2025-26,1642879,Ben Saraf,-1.81,-1.7188,0.09119999999999995,0.09119999999999995,0.9496094734189973,3769,0,200
2025-26,1642846,Ace Bailey,-0.93,-0.9088,0.021199999999999997,0.021199999999999997,0.9771845767738991,8566,0,200
2025-26,1642363,Nique Clifford,-0.51,-0.4974,0.0126,0.0126,0.9752444609481371,7879,0,200
2025-26,203114,Khris Middleton,-1.03,-0.9976,0.032399999999999984,0.032399999999999984,0.9685138539042821,6152,0,200
2025-26,1631107,Nikola Jović,-1.02,-0.9661,0.05390000000000006,0.05390000000000006,0.9471319058947925,3583,0,200
2025-26,1642268,Isaiah Collier,-0.92,-0.8916,0.028400000000000092,0.028400000000000092,0.9691358024691358,6280,0,200
2025-26,1630581,Josh Giddey,-0.46,-0.448,0.01200000000000001,0.01200000000000001,0.9739345757852209,7473,0,200
2025-26,1642265,Rob Dillingham,-1.23,-1.1751,0.05489999999999995,0.05489999999999995,0.9553671055567954,4281,0,200
2025-26,1642383,Walter Clayton Jr.,-0.68,-0.6576,0.022400000000000087,0.022400000000000087,0.9670075882547015,5862,0,200
2025-26,1642262,Cody Williams,-0.83,-0.8068,0.0232,0.0232,0.9720240593089943,6949,0,200
2025-26,1631172,Ousmane Dieng,-0.92,-0.8812,0.03880000000000006,0.03880000000000006,0.9577880962431405,4538,0,200
2025-26,203471,Dennis Schröder,-0.75,-0.7295,0.020499999999999963,0.020499999999999963,0.9726477024070022,7112,0,200
2025-26,1642948,Ryan Nembhard,-1.58,-1.5177,0.06230000000000002,0.06230000000000002,0.9605600473279432,4871,0,200
2025-26,1642852,Derik Queen,-1.11,-1.0853,0.024700000000000166,0.024700000000000166,0.977723323680107,8778,0,200
2025-26,1642849,Nolan Traore,-1.29,-1.2408,0.04920000000000013,0.04920000000000013,0.9618466234261732,5042,0,200
2025-26,201566,Russell Westbrook,-1.76,-1.7154,0.04459999999999997,0.04459999999999997,0.9746353836398225,7685,0,200
2025-26,203110,Draymond Green,-1.34,-1.3061,0.03390000000000004,0.03390000000000004,0.9746963562753036,7704,0,200
2025-26,1642267,Bub Carrington,-1.18,-1.156,0.02400000000000002,0.02400000000000002,0.9796644636502287,9635,0,200
