season,playerId,player,teamId,drbl100_400,drbl100_full,deltaDRBL,absoluteDeltaDRBL,rank400,rankFull,rankChange,P400,PFull,LN400,LNFull,B400,BFull,fused400,fusedFull,posterior400,posteriorFull,war400,warFull,poss400,possFull
2024-25,203999,Nikola Jokić,1610612743,1.0022,1.5315,0.5293000000000001,0.5293000000000001,7,3,4,2.96,2.63,4.61,6.17,0.41,0.45,1.06,1.56,1.0022,1.5315,7.11568368363109,28.914181240578213,3365,10737
2024-25,1628983,Shai Gilgeous-Alexander,1610612760,0.266,1.2962,1.0302,1.0302,94,9,85,1.65,2.71,4.09,5.66,0.16,-0.09,0.28,1.32,0.266,1.2962,5.497509827880551,25.440480170203234,3782,10880
2024-25,1630532,Franz Wagner,1610612753,0.6134,1.3178,0.7044000000000001,0.7044000000000001,29,7,22,2.28,1.29,4.9,4.24,0.12,0.07,0.65,1.35,0.6134,1.3178,6.326338724987382,19.412414798364516,3348,8188
2024-25,1641705,Victor Wembanyama,1610612759,0.0187,1.7019,1.6832,1.6832,169,2,167,1.2,0.65,1.01,3.86,0,0.2,0.02,1.7584,0.0187,1.7019,2.5261937051490255,17.769548987801056,2937,6024
2024-25,1626181,Norman Powell,1610612746,0.2985,1.1709,0.8724000000000001,0.8724000000000001,83,13,70,2.34,2.07,0.21,1.33,0.06,-0.1,0.32,1.2,0.2985,1.1709,5.684697275190205,17.317831326173835,2845,8057
2024-25,1630202,Payton Pritchard,1610612738,0.837,0.9881,0.1511,0.1511,18,20,-2,1.66,1.62,-0.71,-0.46,-0.24,-0.03,0.89,1.01,0.837,0.9881,4.95335578996208,16.911760834133176,3106,9025
2024-25,1629675,Naz Reid,1610612750,0.4651,0.9686,0.5035000000000001,0.5035000000000001,51,21,30,1.17,0.96,-0.6,2.36,-0.21,0.01,0.5,0.99,0.4651,0.9686,2.2591628635991783,16.68522854025751,2662,9046
2024-25,202710,Jimmy Butler,1610612748,0.8493,1.3221,0.4728,0.4728,16,5,11,2.31,1.83,0.3,0.16,-0.14,-0.57,0.92,1.36,0.8493,1.3221,4.9261654706924265,16.569910501496995,2084,6970
2024-25,1628991,Jaren Jackson Jr.,1610612763,0.5942,0.872,0.27780000000000005,0.27780000000000005,33,28,5,1.5,1.37,1.09,2.31,0.07,-0.05,0.63,0.89,0.5942,0.872,6.024228680404571,16.501235206075247,3307,9713
2024-25,203897,Zach LaVine,1610612741,-0.1608,0.6579,0.8187,0.8187,235,50,185,0.5,0.7,3.01,3.19,-0.26,-0.15,-0.17,0.67,-0.1608,0.6579,2.122570193051812,14.986467405767932,3611,10890
2024-25,1627826,Ivica Zubac,1610612746,-0.1519,0.6676,0.8195,0.8195,229,47,182,0.65,1.27,2.47,3.74,-0.25,0.03,-0.16,0.68,-0.1519,0.6676,2.1011352315835947,14.935679277215945,3798,10739
2024-25,201942,DeMar DeRozan,1610612758,0.5011,0.6094,0.10830000000000006,0.10830000000000006,45,59,-14,0.96,0.77,0.24,-0.23,0.25,-0.27,0.53,0.62,0.5011,0.6094,3.7728645610025837,14.931805809496899,3429,11459
2024-25,1631165,Keon Ellis,1610612758,0.0829,0.9171,0.8342,0.8342,148,24,124,0.82,1.49,-0.07,1.99,0.07,0.04,0.09,0.94,0.0829,0.9171,2.102309520100378,14.175524124795631,2156,8023
2024-25,1631128,Christian Braun,1610612743,0.4256,0.5697,0.1441,0.1441,54,68,-14,1.36,1.39,3.39,1.66,0.09,-0.13,0.45,0.58,0.4256,0.5697,4.4410452923722765,13.732648605099087,3532,11046
2024-25,1631106,Tari Eason,1610612745,0.909,1.2376,0.3286,0.3286,11,10,1,2.24,1.73,1.78,2.47,0.37,0.11,0.99,1.28,0.909,1.2376,4.3425548437785935,13.130716725806106,2147,5836
2024-25,1628386,Jarrett Allen,1610612739,0.3872,0.6368,0.24960000000000004,0.24960000000000004,66,54,12,0.67,1.37,-1.71,0.19,-0.3,-0.43,0.41,0.65,0.3872,0.6368,3.1879879011471046,12.979831607493702,3468,9655
2024-25,1627736,Malik Beasley,1610612765,0.2739,0.6076,0.33370000000000005,0.33370000000000005,91,60,31,1.35,1.2,1.61,-0.03,0.11,0.1,0.29,0.62,0.2739,0.6076,4.092001488167736,12.736932714199042,3270,9795
2024-25,1629631,De'Andre Hunter,1610612737,0.3272,0.8664,0.5391999999999999,0.5391999999999999,75,29,46,2.46,1.49,0.25,1.88,-0.06,-0.39,0.36,0.89,0.3272,0.8664,4.164068806840496,12.390929007642773,2087,7330
2024-25,1630700,Dyson Daniels,1610612737,0.1991,0.5008,0.3017,0.3017,111,83,28,0.89,0.96,-1,-0.3,0.21,0.28,0.21,0.51,0.1991,0.5008,3.0900978034618922,12.3849570724327,3747,10870
2024-25,1627783,Pascal Siakam,1610612754,0.7428,0.5396,-0.20320000000000005,0.20320000000000005,24,72,-48,1.22,1.22,2.38,3.19,0.07,-0.15,0.78,0.55,0.7428,0.5396,4.519222040806862,12.378621575694941,3836,10334
2024-25,1630596,Evan Mobley,1610612739,0.0752,0.6262,0.5509999999999999,0.5509999999999999,151,57,94,1.28,1.03,2.98,2.39,-0.24,-0.2,0.08,0.64,0.0752,0.6262,3.802692198141488,12.023224355703741,3461,9051
2024-25,203497,Rudy Gobert,1610612750,-0.3031,0.5583,0.8613999999999999,0.8613999999999999,295,70,225,0.48,1.34,1.64,0.45,-0.47,-0.63,-0.32,0.57,-0.3031,0.5583,2.14949831852417,11.751597318857993,3554,9585
2024-25,1626157,Karl-Anthony Towns,1610612752,0.5479,0.4707,-0.07720000000000005,0.07720000000000005,38,88,-50,1.33,0.82,-0.6,0.52,-0.07,-0.13,0.58,0.48,0.5479,0.4707,3.389033905532938,11.024244550491758,3413,10077
2024-25,1630552,Jalen Johnson,1610612737,-0.3617,1.0738,1.4355000000000002,1.4355000000000002,318,17,301,0.19,0.32,3.15,2.58,0.09,0.08,-0.38,1.1136,-0.3617,1.0738,1.5299991716866144,10.808485856845154,4147,5396
2024-25,1628369,Jayson Tatum,1610612738,0.1329,0.4024,0.26949999999999996,0.26949999999999996,128,106,22,1.7,0.51,4.28,2.7,-0.4,-0.31,0.14,0.41,0.1329,0.4024,4.589916335955044,10.49226585825886,3770,10587
2024-25,1628378,Donovan Mitchell,1610612739,0.1512,0.4699,0.3187,0.3187,125,89,36,0.96,0.98,-0.66,0.75,0.13,-0.01,0.16,0.48,0.1512,0.4699,3.0032498694954293,10.171734068187975,3572,9308
2024-25,202696,Nikola Vučević,1610612741,0.5596,0.4312,-0.12839999999999996,0.12839999999999996,36,96,-60,1.84,0.84,0.83,-1.34,-0.27,0.07,0.59,0.44,0.5596,0.4312,6.002708527684694,10.10772990532959,3806,9771
2024-25,1629636,Darius Garland,1610612739,0.2169,0.4311,0.21419999999999997,0.21419999999999997,107,97,10,0.98,0.69,1.14,0.16,0.16,0.18,0.23,0.44,0.2169,0.4311,1.826804890644159,10.016272023761136,3405,9684
2024-25,1627734,Domantas Sabonis,1610612758,-0.1143,0.3824,0.49670000000000003,0.49670000000000003,214,114,100,1.05,0.58,2.55,2.15,-0.01,-0.1,-0.12,0.39,-0.1143,0.3824,5.048636855413402,9.723405577767181,3952,10119
2024-25,1630529,Herbert Jones,1610612740,-0.4794,2.1365,2.6159,2.6159,358,1,357,0.25,0.42,-0.25,5.71,0.03,-0.05,-0.55,2.2956,-0.4794,2.1365,0.8520538778965994,9.682670859983533,1358,2686
2024-25,1630551,Justin Champagnie,1610612764,0.7304,0.8972,0.16679999999999995,0.16679999999999995,25,25,0,0.15,1.07,0.73,0.71,-0.03,-0.13,0.9184,0.93,0.7304,0.8972,1.2032271959161551,9.516285841582219,661,5479
2024-25,1630183,Jaden McDaniels,1610612750,-0.2067,0.3435,0.5502,0.5502,253,129,124,-0.41,0.75,-3.02,-0.86,-0.1,-0.07,-0.22,0.35,-0.2067,0.3435,1.495630319255199,9.504529931868959,3061,10534
2024-25,1629660,Ty Jerome,1610612739,0.6345,0.8313,0.19680000000000009,0.19680000000000009,28,31,-3,1.96,1.74,0.34,2.04,0.23,0.02,0.7,0.86,0.6345,0.8313,3.3317231292727207,9.48951056003471,2043,5795
2024-25,1630168,Onyeka Okongwu,1610612737,-0.2972,0.4499,0.7471000000000001,0.7471000000000001,292,95,197,0.05,0.73,-0.15,0.81,-0.17,-0.15,-0.32,0.46,-0.2972,0.4499,1.0560813086140377,9.479889443819182,2481,8921
2024-25,1628384,OG Anunoby,1610612752,0.1238,0.3044,0.1806,0.1806,129,133,-4,1.22,1.06,2.78,1.19,0.08,0.02,0.13,0.31,0.1238,0.3044,3.3856626322647787,9.215977236853728,3967,10928
2024-25,1629008,Michael Porter Jr.,1610612743,0.2088,0.3044,0.09559999999999999,0.09559999999999999,110,134,-24,0.37,0.42,0.45,-0.44,0.26,0.08,0.22,0.31,0.2088,0.3044,2.5430019257275016,9.11815024568654,3566,10812
2024-25,1628970,Miles Bridges,1610612766,-0.1076,0.4688,0.5764,0.5764,211,90,121,0.22,0.67,-0.5,2.11,-0.15,0.05,-0.12,0.48,-0.1076,0.4688,0.8452591734511025,9.105536379001652,1732,8345
2024-25,203507,Giannis Antetokounmpo,1610612749,0.2259,0.3916,0.16570000000000001,0.16570000000000001,105,110,-5,0.94,1.48,0.99,5.66,-0.31,-0.42,0.24,0.4,0.2259,0.3916,3.054182335285094,9.099505658967447,3180,9335
2024-25,1629661,Cameron Johnson,1610612751,0.7457,0.5644,-0.18130000000000002,0.18130000000000002,23,69,-46,1.37,1.01,-1.49,0.13,-0.06,-0.2,0.79,0.58,0.7457,0.5644,4.378459144813299,8.912220223903729,3406,7215
2024-25,1630583,Santi Aldama,1610612763,0.0564,0.5739,0.5175,0.5175,157,65,92,1.18,0.44,-0.08,1.98,0.04,0.18,0.06,0.59,0.0564,0.5739,3.7940256934476118,8.895577335811335,3157,7119
2024-25,1630530,Trey Murphy III,1610612740,0.2931,0.4875,0.19439999999999996,0.19439999999999996,85,86,-1,1.49,0.79,-0.36,-0.58,0.13,0.04,0.32,0.5,0.2931,0.4875,2.565060976639779,8.760943809685083,2132,7827
2024-25,1630541,Moses Moody,1610612744,-0.2641,0.5732,0.8373,0.8373,277,66,211,-0.74,0.63,-2.44,-0.13,-0.21,-0.24,-0.3,0.59,-0.2641,0.5732,-0.4263116007680109,8.523504217788043,1471,6827
2024-25,1629048,Goga Bitadze,1610612753,-0.0918,0.7243,0.8161,0.8161,204,41,163,1.52,1,0.16,0.14,-0.07,-0.03,-0.1,0.75,-0.0918,0.7243,2.63780440892755,8.331970448703728,2216,5644
2024-25,203084,Harrison Barnes,1610612759,0.3861,0.3522,-0.033899999999999986,0.033899999999999986,67,125,-58,0.41,1.13,0.65,-1.49,-0.36,-0.37,0.41,0.36,0.3861,0.3522,2.4036019560222526,8.297051660250744,3143,9064
2024-25,1628436,Luke Kornet,1610612738,0,0.7805,0.7805,0.7805,177,36,141,0.51,1.33,-1.09,1.14,-0.38,-0.38,0,0.81,0,0.7805,1.2946551961305566,8.266860980421429,1398,5296
2024-25,1631105,Jalen Duren,1610612765,-0.4895,0.3907,0.8802,0.8802,362,111,251,-0.19,0.68,-2.31,-2.94,-0.31,-0.21,-0.53,0.4,-0.4895,0.3907,-0.15525510479715188,8.146521813298515,2419,8369
2024-25,203076,Anthony Davis,1610612747,0.5984,0.5152,-0.08320000000000005,0.08320000000000005,31,79,-48,0.94,0.59,-0.22,1.48,0.14,-0.07,0.63,0.53,0.5984,0.5152,4.118735158255616,8.092697222484867,3634,6970
2024-25,1630162,Anthony Edwards,1610612750,0.3227,0.2064,-0.11629999999999999,0.11629999999999999,76,157,-81,0.65,0.8,0.99,1.77,-0.07,-0.15,0.34,0.21,0.3227,0.2064,3.638422334303019,8.076153062750945,3775,11610
2024-25,1642377,Jaylen Wells,1610612763,0.1027,0.3616,0.25889999999999996,0.25889999999999996,134,122,12,0.39,0.26,-0.95,-1.75,0.01,-0.09,0.11,0.37,0.1027,0.3616,1.8287631526573693,8.04435921525645,2894,8654
2024-25,1631109,Mark Williams,1610612766,0.4503,0.8354,0.38510000000000005,0.38510000000000005,53,30,23,1.35,1.25,-0.49,-0.87,0.04,-0.15,0.7061,0.87,0.4503,0.8354,0.7919571337259707,7.934208061076099,283,4827
2024-25,1627884,Derrick Jones Jr.,1610612746,0.3815,0.4192,0.03770000000000001,0.03770000000000001,69,102,-33,1.24,0.86,-0.74,0.84,-0.09,-0.07,0.41,0.43,0.3815,0.4192,3.133270041664222,7.859624287908271,2843,7733
2024-25,201142,Kevin Durant,1610612756,0.2119,0.3034,0.0915,0.0915,109,135,-26,0.87,0.71,2.31,2.76,-0.13,-0.23,0.23,0.31,0.2119,0.3034,1.7239965027307191,7.785232997356881,2227,9248
2024-25,1641709,Ausar Thompson,1610612765,-0.5954,0.6755,1.2709000000000001,1.2709000000000001,388,44,344,-1.44,0.94,0.65,1.57,-0.1,0.09,-0.81,0.7,-0.5954,0.6755,-0.3902364491461875,7.735870325424827,449,5515
2024-25,1628401,Derrick White,1610612738,0.2657,0.2355,-0.030200000000000005,0.030200000000000005,95,149,-54,0.62,0.49,1.01,0.29,-0.18,-0.02,0.28,0.24,0.2657,0.2355,3.8243341863876776,7.728336221196142,3713,10451
2024-25,203552,Seth Curry,1610612766,-0.1565,0.9175,1.074,1.074,230,23,207,0.89,1.25,-1.34,-1.6,-0.11,-0.11,-0.18,0.96,-0.1565,0.9175,1.3333024013660437,7.633675772555285,1364,4319
2024-25,1628449,Chris Boucher,1610612761,0.9518,1.2006,0.2487999999999999,0.2487999999999999,9,12,-3,1.22,1.93,1.02,2.97,0.14,0.06,1.06,1.27,0.9518,1.2006,1.9297570471534122,7.589672920010791,1833,3459
2024-25,1630178,Tyrese Maxey,1610612755,0.4656,0.3705,-0.09510000000000002,0.09510000000000002,50,116,-66,0.67,0.57,0.18,0.78,0.24,0.1,0.5,0.38,0.4656,0.3705,2.0761421645417752,7.3325259419204984,2806,7776
2024-25,1629655,Daniel Gafford,1610612742,1.0484,0.6834,-0.365,0.365,4,42,-38,1.72,1.5,-2.47,0.12,-0.12,-0.18,1.14,0.71,1.0484,0.6834,2.782539597788887,7.278137770446818,2312,5145
2024-25,1629060,Rui Hachimura,1610612747,0.0841,0.3896,0.3055,0.3055,146,112,34,1.17,1.02,1.21,2.22,0.07,-0.19,0.09,0.4,0.0841,0.3896,2.364230424540322,7.268752547179392,2675,7480
2024-25,1627827,Dorian Finney-Smith,1610612751,-0.2384,0.4087,0.6471,0.6471,269,105,164,0.53,0.28,3.81,5.04,-0.19,-0.09,-0.26,0.42,-0.2384,0.4087,1.973770833159609,7.2629768628437095,1982,7259
2024-25,1630534,Ochai Agbaji,1610612761,1.0046,0.3991,-0.6054999999999999,0.6054999999999999,6,108,-102,1.13,1.01,-2.54,-0.51,0.13,0.16,1.06,0.41,1.0046,0.3991,4.3663609171719076,7.2526017935761695,3607,7355
2024-25,201939,Stephen Curry,1610612744,0.5969,0.2546,-0.3423,0.3423,32,141,-109,1.4,1.14,2.52,0.29,0.19,0.15,0.64,0.26,0.5969,0.2546,3.194143938681617,7.247882125850325,2623,9434
2024-25,1630198,Isaiah Joe,1610612760,0.2837,0.466,0.18230000000000002,0.18230000000000002,89,91,-2,0.24,1.24,2.8,1.61,0.01,0.1,0.31,0.48,0.2837,0.466,1.2971682043162653,7.243210390365693,2166,6664
2024-25,202681,Kyrie Irving,1610612742,0.8141,0.3701,-0.44400000000000006,0.44400000000000006,20,117,-97,1.49,1.05,0.18,1.9,0.18,0.05,0.86,0.38,0.8141,0.3701,4.508267943711688,7.0243957902463725,3508,7454
2024-25,1630174,Aaron Nesmith,1610612754,0.287,0.7848,0.4978000000000001,0.4978000000000001,88,35,53,0.88,1.89,0,2.12,0.06,-0.18,0.3901,0.82,0.287,0.7848,0.5973528986001895,6.9970726039919295,557,4464
2024-25,1642419,Jamison Battle,1610612761,0.9173,0.7934,-0.12390000000000001,0.12390000000000001,10,33,-23,1.28,0.9,-0.22,-2.2,0.04,0.14,1.05,0.83,0.9173,0.7934,2.0819750905158356,6.852646430547949,1463,4336
2024-25,1629012,Collin Sexton,1610612762,-0.2906,0.3601,0.6507000000000001,0.6507000000000001,289,123,166,0.45,0.52,2.37,1.96,-0.3,-0.18,-0.31,0.37,-0.2906,0.3601,1.3406588732410434,6.746983271594251,3099,7276
2024-25,1629599,Amir Coffey,1610612746,0.3918,0.3696,-0.022199999999999998,0.022199999999999998,64,119,-55,1,0.43,0.52,-2.56,0.01,-0.28,0.42,0.38,0.3918,0.3696,2.849047552034319,6.71934536043525,2701,7136
2024-25,1628381,John Collins,1610612762,-0.2537,0.6063,0.8599999999999999,0.8599999999999999,274,61,213,0.89,1.28,0.84,3.39,-0.32,-0.28,-0.27,0.63,-0.2537,0.6063,2.9301270218529383,6.638672986791001,2973,5113
2024-25,1631117,Walker Kessler,1610612762,0.1017,0.3503,0.2486,0.2486,135,126,9,0.71,0.53,-0.4,0.16,-0.15,-0.27,0.11,0.36,0.1017,0.3503,1.85235631479065,6.6093921151627955,2469,7243
2024-25,1630215,Jared Butler,1610612764,1.2814,0.7267,-0.5547000000000001,0.5547000000000001,1,39,-38,1.25,0.68,1.12,1.2,0.32,0.22,1.57,0.76,1.2814,0.7267,1.194364764717286,6.468512927568475,785,4371
2024-25,1629637,Jaxson Hayes,1610612747,0.3789,0.6704,0.2915,0.2915,71,46,25,0.89,0.96,0.38,2,-0.27,-0.52,0.4734,0.7,0.3789,0.6704,0.817628186718002,6.313811166867015,802,4526
2024-25,1627936,Alex Caruso,1610612760,-0.0794,0.726,0.8054,0.8054,201,40,161,0.96,1.43,-0.27,1.94,0.24,0.23,-0.09,0.76,-0.0794,0.726,1.4148835901494956,6.311583071302267,1469,4268
2024-25,1630573,Sam Hauser,1610612738,-0.1083,0.4259,0.5342,0.5342,213,99,114,0.61,1.09,1.89,1.36,-0.33,-0.13,-0.12,0.44,-0.1083,0.4259,1.8276459034951114,6.194767376099363,1790,6035
2024-25,1641717,Cason Wallace,1610612760,0.2892,0.2729,-0.016300000000000037,0.016300000000000037,87,137,-50,0.44,0.74,0.01,-0.03,0.21,0.19,0.31,0.28,0.2892,0.2729,1.4129818325378953,6.128887675890675,2788,7701
2024-25,1629006,Josh Okogie,1610612756,0.4112,1.3065,0.8953,0.8953,58,8,50,1.56,1.93,-0.08,3.01,-0.06,-0.21,0.51,1.41,0.4112,1.3065,1.4102942290946658,5.941002937081493,795,2524
2024-25,1631108,Max Christie,1610612747,-0.4864,0.1955,0.6819,0.6819,361,162,199,-0.49,-0.21,-1.78,-0.16,-0.02,-0.14,-0.53,0.2,-0.4864,0.1955,-0.032046020006866745,5.9361277156671886,2034,8740
2024-25,1629018,Gary Trent Jr.,1610612749,-0.4422,0.2437,0.6859,0.6859,351,148,203,0.12,0.8,0.14,-1.82,-0.06,-0.07,-0.48,0.25,-0.4422,0.2437,0.8761577194560332,5.8102413713711,2522,7728
2024-25,1628973,Jalen Brunson,1610612752,0.4083,0.1566,-0.25170000000000003,0.25170000000000003,60,172,-112,0.54,0.52,0.66,0.04,0.23,0.06,0.43,0.16,0.4083,0.1566,2.2626624586977395,5.794758654538473,3730,9338
2024-25,1629634,Brandon Clarke,1610612763,0.5426,0.4625,-0.08009999999999995,0.08009999999999995,39,92,-53,0.99,1.18,2.63,1.18,0.02,-0.06,0.59,0.48,0.5426,0.4625,2.2752095787036417,5.719716359742453,2240,5288
2024-25,1628404,Josh Hart,1610612752,0.057,0.0688,0.011799999999999998,0.011799999999999998,156,206,-50,0.71,0.06,-1.19,-0.88,0.07,0.05,0.06,0.07,0.057,0.0688,3.2856774583584345,5.709192067459818,3879,11694
2024-25,1626220,Royce O'Neale,1610612756,0.084,0.2532,0.16919999999999996,0.16919999999999996,147,142,5,1.19,0.19,2.05,0.84,-0.14,0.21,0.09,0.26,0.084,0.2532,3.518405647900055,5.6941175283290795,2669,7432
2024-25,204001,Kristaps Porziņģis,1610612738,-0.1655,0.4905,0.656,0.656,238,85,153,0.78,1.25,-0.7,-2.33,-0.13,-0.33,-0.2,0.51,-0.1655,0.4905,1.0224876029559582,5.658560849169154,1057,5035
2024-25,203932,Aaron Gordon,1610612743,0.7874,0.3677,-0.41969999999999996,0.41969999999999996,22,120,-98,0.51,0.91,0.03,0.06,0.07,-0.19,0.88,0.38,0.7874,0.3677,1.7052760929588067,5.604328080653618,1622,5970
2024-25,1629627,Zion Williamson,1610612740,0.1718,0.7584,0.5866,0.5866,122,37,85,-0.88,1.98,1.6,3.47,0.01,-0.07,0.2151,0.8,0.1718,0.7584,-0.37093421121047304,5.571346026060155,792,3647
2024-25,1629026,Kenrich Williams,1610612760,0.4983,0.5368,0.038500000000000034,0.038500000000000034,48,74,-26,2.04,0.57,-0.32,1.19,0.03,-0.07,0.62,0.56,0.4983,0.5368,1.910614626400951,5.5289098644438175,804,4632
2024-25,1629130,Duncan Robinson,1610612748,0.1192,0.2529,0.1337,0.1337,131,143,-12,0.77,0.55,2.52,1.61,0.05,0.16,0.13,0.26,0.1192,0.2529,1.366473026137745,5.486312270656604,2248,7165
2024-25,1628415,Dillon Brooks,1610612745,0.0849,0.1273,0.04239999999999999,0.04239999999999999,144,183,-39,1.26,0.79,3.25,0.43,0.05,0.05,0.09,0.13,0.0849,0.1273,3.891111890640324,5.486106071581203,3320,9518
2024-25,1630167,Obi Toppin,1610612754,0.212,0.3103,0.09830000000000003,0.09830000000000003,108,131,-23,0.61,0.74,-2.39,-2.74,0.16,0.01,0.23,0.32,0.212,0.3103,2.471795413163536,5.438074649820157,2219,6381
2024-25,1629029,Luka Dončić,1610612742,0.0564,0.2337,0.17729999999999999,0.17729999999999999,158,150,8,1.13,0.79,1.31,1.71,0.3,-0.06,0.06,0.24,0.0564,0.2337,3.3869983428235595,5.428519854944671,2961,7368
2024-25,1631217,Moussa Diabaté,1610612766,-0.696,0.4804,1.1764,1.1764,407,87,320,0.62,0.8,3.55,2.12,-0.36,-0.5,-0.77,0.5,-0.696,0.4804,0.8990811874092794,5.4222677120729195,1924,4891
2024-25,1630182,Josh Green,1610612766,-0.3925,0.2047,0.5972,0.5972,332,158,174,-0.41,-0.01,-2.62,-0.07,-0.25,-0.17,-0.42,0.21,-0.3925,0.2047,0.44923607175797203,5.395456556709658,2847,7785
2024-25,1631133,Jabari Walker,1610612757,-0.1737,0.8743,1.048,1.048,242,27,215,0.88,1.7,-0.64,2.41,-0.15,-0.33,-0.21,0.93,-0.1737,0.8743,0.3602918579263162,5.345373393856247,889,3140
2024-25,1629639,Tyler Herro,1610612748,0.1418,0.0687,-0.07310000000000001,0.07310000000000001,127,207,-80,1.43,0.68,-0.5,0.25,0,0.07,0.15,0.07,0.1418,0.0687,5.237707270113528,5.320394064050989,3470,10901
2024-25,1630572,Sandro Mamukelashvili,1610612759,0.5723,1.0422,0.4699,0.4699,34,18,16,1.46,1.79,1.91,1.93,-0.31,-0.07,0.73,1.12,0.5723,1.0422,1.0983268077608408,5.240537442889246,651,2680
2024-25,1629640,Keldon Johnson,1610612759,-0.2501,0.2045,0.4546,0.4546,273,159,114,-0.05,0.62,-3.55,-3.19,-0.06,-0.19,-0.27,0.21,-0.2501,0.2045,0.6622538542899964,5.1991378536716875,2697,7505
2024-25,1629656,Quentin Grimes,1610612742,-0.2196,0.1562,0.3758,0.3758,259,173,86,0.57,0.23,2.84,-1.09,-0.14,-0.1,-0.24,0.16,-0.2196,0.1562,0.5229857504782102,5.122678241692922,2157,8263
2024-25,1630598,Aaron Wiggins,1610612760,-0.3299,0.2043,0.5342,0.5342,306,160,146,-0.02,0.35,-0.48,0.38,-0.03,0.04,-0.36,0.21,-0.3299,0.2043,0.9260741090534247,5.000218148261554,2215,7221
2024-25,1628379,Luke Kennard,1610612763,-0.4286,0.2617,0.6902999999999999,0.6902999999999999,349,140,209,-0.31,0.28,0.66,1.17,0.05,0.09,-0.49,0.27,-0.4286,0.2617,0.7571733584401256,4.933244145942185,1462,6333
2024-25,1630577,Julian Champagnie,1610612759,0.2544,0.1561,-0.09830000000000003,0.09830000000000003,96,174,-78,0.85,0.27,2.38,-0.57,-0.15,0,0.27,0.16,0.2544,0.1561,2.8724679912452804,4.906980895285855,3234,7917
2024-25,202699,Tobias Harris,1610612765,-0.3491,0.0881,0.43720000000000003,0.43720000000000003,314,197,117,-0.26,0.55,2.29,5.17,0.02,0.01,-0.37,0.09,-0.3491,0.0881,0.3331301586375971,4.875613313131443,3359,9425
2024-25,203952,Andrew Wiggins,1610612744,0.5304,0.1657,-0.3647,0.3647,41,168,-127,1.06,0.47,-0.35,-2.61,-0.03,-0.15,0.57,0.17,0.5304,0.1657,3.594133114414888,4.840138631264659,2656,7631
2024-25,1641708,Amen Thompson,1610612745,-0.2341,0.0978,0.3319,0.3319,268,193,75,0.6,0.72,0.7,0.97,-0.09,-0.08,-0.25,0.1,-0.2341,0.0978,2.049808706103172,4.829899822204839,3091,9080
2024-25,203081,Damian Lillard,1610612749,0.1786,0.1172,-0.06140000000000001,0.06140000000000001,119,185,-66,0.23,0.75,-1.66,-1.42,0.1,-0.11,0.19,0.12,0.1786,0.1172,1.5613158502634628,4.778914990587503,2960,8516
2024-25,1627751,Jakob Pöltl,1610612761,-0.3122,0.1848,0.497,0.497,299,164,135,0.51,1.02,1.98,2.25,-0.06,0.15,-0.33,0.19,-0.3122,0.1848,2.116182253428797,4.681222450864215,3292,7060
2024-25,1628418,Thomas Bryant,1610612748,0.2319,0.5326,0.30069999999999997,0.30069999999999997,103,76,27,0.93,0.07,1.55,1.23,-0.03,0.07,0.33,0.56,0.2319,0.5326,0.5165030573201861,4.624544082934658,479,3895
2024-25,1627777,Georges Niang,1610612739,-0.5347,0.1654,0.7001,0.7001,374,169,205,0.01,-0.28,0.07,-1.53,-0.22,-0.02,-0.58,0.17,-0.5347,0.1654,0.7333574552870052,4.542595023494614,2437,7167
2024-25,1630231,KJ Martin,1610612755,0.3117,0.5228,0.21110000000000007,0.21110000000000007,79,78,1,1.35,0.18,1.5,1.7,0.03,-0.24,0.35,0.55,0.3117,0.5228,2.4094800855176017,4.502519600123106,1751,3840
2024-25,1626172,Kevon Looney,1610612744,0.08,0.3929,0.3129,0.3129,150,109,41,0.84,0.63,0.21,0.55,-0.07,-0.18,0.09,0.41,0.08,0.3929,1.1592466438597813,4.4910158622323175,1551,4598
2024-25,1629023,P.J. Washington,1610612742,0,0.1267,0.1267,0.1267,176,184,-8,0.51,0.09,1.85,0.95,0.02,-0.14,0,0.13,0,0.1267,1.8967983974741431,4.39730652189978,2982,7641
2024-25,1630527,Brandon Boston Jr.,1610612740,-0.4757,0.4595,0.9352,0.9352,356,93,263,0.09,0.24,1.04,1.09,0.19,-0.13,-0.51,0.4823,-0.4757,0.4595,1.666759750580067,4.349405934054998,2684,4038
2024-25,1630631,Jose Alvarado,1610612740,0.0069,0.2511,0.2442,0.2442,173,145,28,0.57,0.02,-0.87,0.77,0.43,0.39,0.0082,0.26,0.0069,0.2511,0.8122461591818816,4.327718252940241,1127,5672
2024-25,1630241,Sam Merrill,1610612739,-0.0817,0.232,0.3137,0.3137,202,151,51,-0.2,0.55,-0.35,1.04,-0.05,0.09,-0.09,0.24,-0.0817,0.232,0.3028079575290935,4.2591370132371,1986,5801
2024-25,1630188,Jalen Smith,1610612741,0.0448,0.4198,0.375,0.375,160,101,59,0.43,0.52,1.16,1.94,-0.32,-0.09,0.05,0.44,0.0448,0.4198,0.9674830755799352,4.228828462298892,1668,4157
2024-25,1630224,Jalen Green,1610612745,-0.2554,0,0.2554,0.2554,275,232,43,0.02,0.25,-1.93,-1.98,0.08,0.03,-0.27,0,-0.2554,0,0.9357917293554847,4.21772355683026,3607,10969
2024-25,1626166,Cameron Payne,1610612752,0.184,0.3636,0.17959999999999998,0.17959999999999998,117,121,-4,0.84,0.29,0.6,1.88,0.36,0.44,0.21,0.38,0.184,0.3636,1.0643854495773495,4.129413225768035,1452,4428
2024-25,1630171,Isaac Okoro,1610612739,-0.0637,0.3728,0.4365,0.4365,195,115,80,0.16,0.73,-0.04,2.13,0,-0.15,-0.07,0.39,-0.0637,0.3728,1.4924407962397939,4.112262979424326,1840,4345
2024-25,1642276,Kel'el Ware,1610612748,-0.3895,0.2222,0.6117,0.6117,330,153,177,0.67,0.34,-0.66,0.26,0.06,0.03,-0.6973,0.23,-0.3895,0.2222,-0.23189346238741532,4.1079784701273425,386,5710
2024-25,1628374,Lauri Markkanen,1610612762,0.3546,0.184,-0.17060000000000003,0.17060000000000003,74,165,-91,1.05,0.54,0.35,-0.34,-0.22,-0.2,0.38,0.19,0.3546,0.184,2.9611052089730387,4.071743203074542,2832,6152
2024-25,1630559,Austin Reaves,1610612747,-0.2819,0,0.2819,0.2819,286,233,53,-0.11,0.29,-0.49,0.06,0.19,-0.1,-0.3,0,-0.2819,0,0.4674191213271129,4.068917009606874,2974,10582
2024-25,202692,Alec Burks,1610612748,0.8969,0.5381,-0.3588,0.3588,12,73,-61,1.95,1.21,2.56,2.19,0.25,-0.04,1.19,0.57,0.8969,0.5381,1.089967098563519,4.037517171164351,710,3377
2024-25,1629684,Grant Williams,1610612766,0.8571,1.1076,0.25049999999999994,0.25049999999999994,15,16,-1,0.2,0.21,2.53,3.25,-0.43,-0.39,0.9446,1.2207,0.8571,1.1076,0.8270830782698523,4.02173600830154,1958,1958
2024-25,1630166,Deni Avdija,1610612757,-0.4967,0.0391,0.5357999999999999,0.5357999999999999,365,218,147,-0.16,0.74,-1.31,0.75,-0.11,-0.34,-0.53,0.04,-0.4967,0.0391,0.666455040136129,3.9715256290595025,2961,8956
2024-25,1629652,Luguentz Dort,1610612760,0.2448,0.0489,-0.1959,0.1959,98,214,-116,0.46,0.45,-0.71,-1.44,0.11,0.13,0.26,0.05,0.2448,0.0489,1.9581678614978515,3.952607165352104,3223,8626
2024-25,1630217,Desmond Bane,1610612763,-0.9148,0.0196,0.9343999999999999,0.9343999999999999,440,225,215,-0.13,0.64,-1.15,2.45,0.22,0.15,-0.99,0.02,-0.9148,0.0196,0.06231124862995962,3.936846200351941,2451,9508
2024-25,1641726,Dereck Lively II,1610612742,0.4124,0.501,0.08860000000000001,0.08860000000000001,57,82,-25,1.4,1.07,1.74,3.6,-0.12,-0.07,0.45,0.53,0.4124,0.501,1.894786707038581,3.9330078527970542,2118,3451
2024-25,1630194,Paul Reed,1610612765,-0.2901,1.1627,1.4528,1.4528,288,14,274,1.97,0.95,0.57,1.91,0.01,-0.06,-0.38,1.29,-0.2901,1.1627,1.1375258837969093,3.9043984847367668,593,1827
2024-25,1626164,Devin Booker,1610612756,0.3044,-0.0295,-0.3339,0.3339,81,248,-167,0.07,-0.17,-0.05,0.35,0,-0.18,0.32,-0.03,0.3044,-0.0295,1.7904626637796934,3.8867440454784252,3604,11430
2024-25,201572,Brook Lopez,1610612749,0.1036,-0.0098,-0.1134,0.1134,133,242,-109,0.37,0.39,1.47,1.6,0.03,0.04,0.11,-0.01,0.1036,-0.0098,0.9199884846963035,3.853815349417634,3503,10423
2024-25,1627750,Jamal Murray,1610612743,-0.3093,0,0.3093,0.3093,297,234,63,-0.13,0.46,1.87,1.08,0.51,0.22,-0.33,0,-0.3093,0,0.6434624963877779,3.851667140921571,2860,10017
2024-25,1628960,Grayson Allen,1610612756,-0.7054,0.1454,0.8508,0.8508,409,176,233,-0.1,0.16,-0.73,-0.16,-0.11,-0.12,-0.77,0.15,-0.7054,0.1454,0.4795287835870554,3.7892675023012288,2078,6277
2024-25,1628988,Aaron Holiday,1610612745,0.5587,0.4523,-0.1064,0.1064,37,94,-57,1.78,0.63,1.87,-0.11,0.05,0.1,0.72,0.48,0.5587,0.4523,1.3411345132512864,3.4877569740148076,658,3271
2024-25,1629638,Nickeil Alexander-Walker,1610612750,0.2502,0.0098,-0.24039999999999997,0.24039999999999997,97,227,-130,1.03,-0.05,4.57,1.38,-0.25,-0.15,0.27,0.01,0.2502,0.0098,2.8424973879399342,3.3859335191888618,2536,8480
2024-25,1631204,Marcus Sasser,1610612765,0.3147,0.3875,0.07280000000000003,0.07280000000000003,78,113,-35,2.28,0.64,2.65,1.76,0.03,-0.01,0.37,0.41,0.3147,0.3875,2.3561309030668665,3.340677344047905,984,3449
2024-25,1629731,Dean Wade,1610612739,-0.0986,0.1637,0.2623,0.2623,206,171,35,0.78,0.11,1.69,2.02,-0.09,-0.1,-0.11,0.17,-0.0986,0.1637,0.28043970383214534,3.2907509407255,1744,5213
2024-25,1631207,Dalen Terry,1610612741,-0.2916,0.2484,0.54,0.54,290,146,144,0.16,-0.07,-3,-4.71,-0.48,-0.23,-0.33,0.26,-0.2916,0.2484,0.6726889801888385,3.252761775689244,1633,4286
2024-25,1641744,Zach Edey,1610612763,-0.2018,0.0968,0.2986,0.2986,250,194,56,0.52,0.21,0.64,-0.37,-0.05,-0.03,-0.23,0.1,-0.2018,0.0968,1.5376865788084426,3.233970679100787,1564,6097
2024-25,1630643,Jay Huff,1610612763,0.789,0.414,-0.37500000000000006,0.37500000000000006,21,104,-83,1.23,1.22,-2.88,-2.01,-0.05,0.04,0.88,0.44,0.789,0.414,1.8823492523801835,3.211180405707845,1646,3184
2024-25,1631260,AJ Green,1610612749,0.4997,0.0388,-0.4609,0.4609,46,219,-173,0.89,0.45,1.88,0.57,-0.13,0.03,0.55,0.04,0.4997,0.0388,2.102123824569879,2.9924407185567055,2161,6755
2024-25,1630540,Miles McBride,1610612752,0.0736,0.0485,-0.025099999999999997,0.025099999999999997,152,215,-63,0.63,0.27,2.39,2.98,0.06,0.17,0.08,0.05,0.0736,0.0485,1.9341607795468563,2.974512100849421,2268,6500
2024-25,203939,Dwight Powell,1610612742,-0.3304,0.6326,0.9630000000000001,0.9630000000000001,307,56,251,0.42,0.07,-0.23,-0.07,-0.23,-0.51,-0.44,0.69,-0.3304,0.6326,0.3507617386208426,2.951700875942239,645,2206
2024-25,1629312,Haywood Highsmith,1610612748,-0.0737,0.0097,0.0834,0.0834,198,228,-30,0.3,-0.03,1.23,0.77,-0.21,0.02,-0.08,0.01,-0.0737,0.0097,1.210449327740462,2.8977119890816705,2267,7260
2024-25,1630548,Johnny Juzang,1610612762,-0.0177,0.106,0.1237,0.1237,184,189,-5,-0.49,0.39,-1.25,-1.19,-0.13,-0.08,-0.02,0.11,-0.0177,0.106,0.26372322767853257,2.8700262964117744,1465,5273
2024-25,203484,Kentavious Caldwell-Pope,1610612753,-0.2739,-0.0489,0.22499999999999998,0.22499999999999998,280,254,26,0.69,0.47,0.77,-0.04,0.09,-0.09,-0.29,-0.05,-0.2739,-0.0489,1.6287731453250651,2.828023032269523,3454,9099
2024-25,1628371,Jonathan Isaac,1610612753,0.0266,0.1721,0.14550000000000002,0.14550000000000002,166,166,0,0.64,0.25,-2.46,-1.17,0.16,-0.09,0.03,0.18,0.0266,0.1721,1.3700929856421042,2.8132861290517237,1655,4369
2024-25,1641764,Brandin Podziemski,1610612744,-0.9628,0.0097,0.9725,0.9725,442,229,213,-1.04,0.5,2.35,2.97,-0.06,-0.05,-1.04,0.01,-0.9628,0.0097,-1.44857786695553,2.791143242375774,2392,6993
2024-25,1630228,Jonathan Kuminga,1610612744,-0.1851,0.1438,0.32889999999999997,0.32889999999999997,245,177,68,-0.18,0.04,-0.19,0.35,-0.21,-0.44,-0.2,0.15,-0.1851,0.1438,0.4818628500228117,2.790462694988761,2324,4641
2024-25,1642272,Jared McCain,1610612755,0.4153,0.5007,0.08540000000000003,0.08540000000000003,56,84,-28,1.01,0.75,0.48,0.63,0,-0.07,0.45,0.5426,0.4153,0.5007,1.9632376102700417,2.725013631299386,2272,2392
2024-25,1630570,Trendon Watford,1610612751,-1.1053,0.2463,1.3516,1.3516,456,147,309,-0.69,-0.29,-0.89,-0.27,-0.27,-0.27,-1.37,0.26,-1.1053,0.2463,-0.1010626359455759,2.717719489737396,792,3596
2024-25,1627780,Gary Payton II,1610612744,0.1912,0.2185,0.02729999999999999,0.02729999999999999,112,155,-43,0.92,1.34,0.44,0.9,-0.03,-0.03,0.22,0.23,0.1912,0.2185,0.7563645096331666,2.7062386628549846,1296,3791
2024-25,1627747,Caris LeVert,1610612739,0.2288,0.0097,-0.21910000000000002,0.21910000000000002,104,230,-126,0.91,0.25,2.16,1.19,0,-0.07,0.25,0.01,0.2288,0.0097,2.6145669904825155,2.70572859145794,2237,6779
2024-25,203991,Clint Capela,1610612737,0.297,0.1056,-0.1914,0.1914,84,190,-106,0.51,0,0.5,-1.38,-0.01,0.05,0.32,0.11,0.297,0.1056,2.101463224589393,2.6346939143642287,2692,4846
2024-25,1627832,Fred VanVleet,1610612745,0.5291,-0.0488,-0.5779,0.5779,42,253,-211,0.81,0.43,1.94,0.99,0.5,0.25,0.56,-0.05,0.5291,-0.0488,2.5584646059873903,2.611102961520606,3569,8397
2024-25,1629674,Neemias Queta,1610612738,-0.4683,0.2641,0.7323999999999999,0.7323999999999999,354,139,215,0.03,0.13,0.8,-0.06,-0.51,-0.5,-0.53,0.28,-0.4683,0.2641,-0.09038343777942229,2.60055259289291,1409,3323
2024-25,201950,Jrue Holiday,1610612738,-0.1596,-0.039,0.12059999999999998,0.12059999999999998,234,250,-16,0.04,0.03,-2.27,-0.91,-0.43,-0.13,-0.17,-0.04,-0.1596,-0.039,1.1271752135894684,2.5602237918563806,3146,7860
2024-25,1631110,Jeremy Sochan,1610612759,-0.2962,0.0386,0.33480000000000004,0.33480000000000004,291,220,71,0.61,0.03,-0.31,0.71,-0.15,-0.24,-0.33,0.04,-0.2962,0.0386,1.6481369697150796,2.50432530259358,1728,5657
2024-25,1628368,De'Aaron Fox,1610612758,0.3057,-0.0783,-0.384,0.384,80,273,-193,1.06,0.03,-0.36,1.02,0.11,0.05,0.32,-0.08,0.3057,-0.0783,3.2924725640186163,2.487695377308558,4268,9335
2024-25,1642271,Kyle Filipowski,1610612762,-0.0689,0,0.0689,0.0689,196,235,-39,0.11,0.1,-0.42,-0.31,-0.31,-0.28,-0.08,0,-0.0689,0,0.5993129660794871,2.4731878856351748,1172,6432
2024-25,1630533,Ziaire Williams,1610612751,-0.5051,0,0.5051,0.5051,368,236,132,-0.9,-0.12,-1.7,-2.02,-0.22,-0.21,-0.56,0,-0.5051,0,-0.716682571722507,2.390133068580262,1839,6216
2024-25,201143,Al Horford,1610612738,0.3861,-0.0194,-0.40549999999999997,0.40549999999999997,68,245,-177,0.29,0.24,-0.54,1.43,-0.4,-0.12,0.42,-0.02,0.3861,-0.0194,1.116461778436777,2.373923228692274,2446,6682
2024-25,1629673,Jordan Poole,1610612764,0.2994,-0.0684,-0.3678,0.3678,82,265,-183,0.74,0.41,-0.06,-0.82,0.06,-0.02,0.32,-0.07,0.2994,-0.0684,1.7434705942902666,2.3686574650233188,2937,8417
2024-25,1630696,Dru Smith,1610612748,0.4043,1.1571,0.7528,0.7528,62,15,47,0.92,1.58,2.24,1.88,-0.06,-0.05,0.49,1.3691,0.4043,1.1571,1.5801942048834268,2.32444600171833,822,1092
2024-25,1626158,Richaun Holmes,1610612764,0.0366,0.4226,0.38599999999999995,0.38599999999999995,164,100,64,0.14,1.22,-0.1,1.34,-0.05,-0.38,0.1476,0.46,0.0366,0.4226,0.07991715087330149,2.3075670699475173,82,2259
2024-25,1641824,Matas Buzelis,1610612741,-0.8432,-0.0291,0.8140999999999999,0.8140999999999999,428,247,181,-0.45,0.09,0.55,-0.47,-0.24,-0.11,-0.95,-0.03,-0.8432,-0.0291,-0.06060655429829549,2.2585129429769717,1573,6630
2024-25,1627752,Taurean Prince,1610612749,-0.1582,-0.088,0.07020000000000001,0.07020000000000001,231,279,-48,-0.39,-0.11,-1.14,-1.63,-0.16,0.02,-0.17,-0.09,-0.1582,-0.088,1.0303465962251623,2.245676146151354,2888,8916
2024-25,1630539,Kai Jones,1610612746,-0.2623,0.5333,0.7956,0.7956,276,75,201,0.81,2.56,-2.09,0.1,-0.26,-0.06,-0.35,0.59,-0.2623,0.5333,0.6072536734064049,2.235301076883813,559,1881
2024-25,1630264,Anthony Gill,1610612764,0.8838,0.6411,-0.24270000000000003,0.24270000000000003,13,53,-40,0.98,1.1,1.26,1.22,-0.19,-0.62,1.16,0.72,0.8838,0.6411,0.5127416696390144,2.1964741527385807,564,1626
2024-25,1630625,Dalano Banton,1610612757,-0.1695,0.0479,0.2174,0.2174,241,216,25,0.47,-0.78,4.84,2.36,0.13,0.05,-0.19,0.05,-0.1695,0.0479,1.0285654704958165,2.1049895919037906,1611,4609
2024-25,201145,Jeff Green,1610612745,-0.0014,0.5966,0.598,0.598,180,62,118,-0.36,1.07,-0.31,-2.89,-0.24,-0.29,-0.003,0.67,-0.0014,0.5966,0.12216920319330905,2.0874102163439514,217,1626
2024-25,1630549,Day'Ron Sharpe,1610612751,-0.0054,0.1325,0.1379,0.1379,182,178,4,-0.66,0.72,0.64,2.82,-0.43,0.05,-0.0083,0.14,-0.0054,0.1325,-0.03093378602818363,2.078692879116804,362,3558
2024-25,203937,Kyle Anderson,1610612744,0.0883,0.0763,-0.011999999999999997,0.011999999999999997,143,201,-58,0.48,0.23,-1.93,-1.84,0.15,0.17,0.1,0.08,0.0883,0.0763,0.9443309821247877,2.0615201739556723,1560,4127
2024-25,1628998,Cody Martin,1610612766,0.1871,0.0288,-0.1583,0.1583,116,224,-108,0.55,-0.1,2.75,2.91,-0.07,-0.16,0.2,0.03,0.1871,0.0288,2.4297541322919027,2.0613068905553122,2864,4817
2024-25,1631230,Dominick Barlow,1610612737,0.1,0.5956,0.49560000000000004,0.49560000000000004,136,63,73,0.86,0.7,0,0.67,0,-0.18,0.3822,0.67,0.098,0.5956,0.08,2.0541850337471113,69,1602
2024-25,1641796,Pelle Larsson,1610612748,0.3212,0.1878,-0.1334,0.1334,77,163,-86,0.23,0.03,0.54,0.69,-0.15,-0.23,0.39,0.2,0.3212,0.1878,0.7343547412581519,2.0501522440816498,1098,3071
2024-25,1629726,Garrison Mathews,1610612737,0.2362,0.1324,-0.1038,0.1038,101,179,-78,0.95,0.41,-1.8,-1.01,-0.03,-0.24,0.27,0.14,0.2362,0.1324,0.529850533755527,2.048368501495177,1527,3507
2024-25,203903,Jordan Clarkson,1610612762,-0.1341,0.0762,0.2103,0.2103,226,202,24,-0.33,-0.12,-1.2,-1.17,-0.13,-0.09,-0.15,0.08,-0.1341,0.0762,0.1827352348083194,2.001972503687421,1724,4009
2024-25,1629750,Javonte Green,1610612740,-0.3044,0,0.3044,0.3044,296,237,59,-0.39,-0.21,-1.05,1.01,0.04,-0.16,-0.33,0,-0.3044,0,-0.010653988510050545,1.9817802180602753,2458,5154
2024-25,1629057,Robert Williams III,1610612757,0.8729,0.6446,-0.22830000000000006,0.22830000000000006,14,52,-38,2.09,1.04,0.33,0.69,0.02,0.15,1.13,0.7331,0.8729,0.6446,1.4039410614111025,1.974511700652392,663,1456
2024-25,1631131,Oscar Tshiebwe,1610612762,0.0699,0.9299,0.86,0.86,153,22,131,0.68,1.86,-0.15,2.43,-0.26,-0.57,0.2754,1.1,0.0699,0.9299,0.14026438674621772,1.9522666188206523,68,1093
2024-25,1630591,Jalen Suggs,1610612753,-0.2172,0.0557,0.27290000000000003,0.27290000000000003,257,210,47,-0.42,-0.39,-1.7,0.56,0.14,0.1,-0.23,0.0585,-0.2172,0.0557,-0.13776094084385876,1.9001136272366805,3258,4056
2024-25,1631096,Chet Holmgren,1610612760,0.5403,0.0854,-0.45489999999999997,0.45489999999999997,40,199,-159,0.01,0.46,1.66,2.81,0.09,-0.09,0.6356,0.09,0.5403,0.0854,0.3136311248984039,1.8969229678594235,1134,3696
2024-25,1630557,Corey Kispert,1610612764,-0.7778,-0.0679,0.7099000000000001,0.7099000000000001,420,264,156,-0.35,0.09,-0.5,1.14,-0.01,-0.1,-0.85,-0.07,-0.7778,-0.0679,-0.3325895887173379,1.866253568539264,2375,6614
2024-25,1630531,Jaden Springer,1610612738,-0.2214,0.5546,0.776,0.776,262,71,191,-1.24,-0.04,-1.2,0.22,-0.15,-0.44,-0.5,0.63,-0.2214,0.5546,-0.4888042653051531,1.7965221057773626,160,1472
2024-25,1629014,Anfernee Simons,1610612757,-0.7125,-0.1273,0.5852,0.5852,412,295,117,-1.22,0.25,-0.34,-0.61,0.06,0.11,-0.76,-0.13,-0.7125,-0.1273,-0.6359138426781884,1.7934164582996135,2964,9310
2024-25,1628978,Donte DiVincenzo,1610612750,-0.7078,-0.0777,0.6301,0.6301,410,272,138,-0.6,0.4,-1.18,0.26,-0.11,0.15,-0.76,-0.08,-0.7078,-0.0777,-0.5532731796472613,1.7803198024052886,2735,6658
2024-25,1628366,Lonzo Ball,1610612741,-0.0489,0.0944,0.14329999999999998,0.14329999999999998,192,196,-4,-0.87,0.36,2.13,3.3,-0.07,0.11,-0.06,0.1,-0.0489,0.0944,-0.23793314766299037,1.7716366809603896,746,3363
2024-25,1631255,Karlo Matković,1610612740,-0.4237,0.1036,0.5273,0.5273,346,191,155,-0.85,0.65,0.5,2.44,-0.17,0.04,-0.96,0.11,-0.4237,0.1036,-0.16156487442551357,1.7587983768315898,158,3253
2024-25,1641711,Gradey Dick,1610612761,-0.3574,-0.0874,0.27,0.27,316,278,38,0.28,-0.2,2.12,-0.19,0.14,-0.04,-0.38,-0.09,-0.3574,-0.0874,1.96970091138491,1.6743799025872377,3174,6624
2024-25,1630170,Devin Vassell,1610612759,-0.4961,-0.1171,0.379,0.379,363,291,72,1.84,0.19,-3.97,-2.93,0.1,0.03,-0.57,-0.12,-0.4961,-0.1171,1.8229448710193477,1.6617746275304917,1344,7989
2024-25,1631095,Jabari Smith Jr.,1610612745,0.4988,-0.0972,-0.596,0.596,47,283,-236,0.4,0.08,-1.95,-0.5,0.09,-0.16,0.53,-0.1,0.4988,-0.0972,1.8470002324708905,1.6429359001614603,3355,6903
2024-25,1629021,Moritz Wagner,1610612753,-0.046,0.2216,0.2676,0.2676,191,154,37,1.02,1.41,-0.02,-0.73,-0.21,-0.48,-0.05,0.2411,-0.046,0.2216,3.110849830665438,1.6396887169148504,2104,2282
2024-25,1641730,Noah Clowney,1610612751,-0.0087,0,0.0087,0.0087,183,238,-55,0.27,-0.34,-2.3,-1.78,-0.27,-0.21,-0.01,0,-0.0087,0,0.036395588417702025,1.6211069847384791,1382,4216
2024-25,203114,Khris Middleton,1610612749,0.1581,0.0473,-0.11079999999999998,0.11079999999999998,124,217,-93,1.44,0.41,0,0.82,0.49,-0.01,0.2792,0.05,0.1581,0.0473,0.1941802849409168,1.6190317297164616,464,3552
2024-25,1629622,Max Strus,1610612739,-0.22,-0.0578,0.1622,0.1622,260,259,1,-1.09,-0.05,0,0.93,0,0.1,-0.4763,-0.06,-0.2153,-0.0578,-0.13,1.6002605295300174,165,5381
2024-25,1628470,Torrey Craig,1610612741,0.175,0.5785,0.4035,0.4035,121,64,57,1.77,0.02,-0.42,-2.46,-0.01,-0.05,0.3,0.67,0.175,0.5785,0.6450382001978957,1.589457235428255,280,1265
2024-25,1641741,Ricky Council IV,1610612755,-0.107,-0.0481,0.0589,0.0589,210,252,-42,0.25,-0.88,0.67,1.04,0,-0.28,-0.13,-0.05,-0.107,-0.0481,0.5820775855986586,1.5868918054112053,935,5086
2024-25,1630163,LaMelo Ball,1610612766,-0.1307,-0.0872,0.04350000000000001,0.04350000000000001,221,277,-56,1.21,-0.03,1.86,0.08,-0.05,0.2,-0.14,-0.09,-0.1307,-0.0872,2.7155076571635495,1.5860285728784413,2812,6267
2024-25,1641810,Antonio Reeves,1610612740,0.4562,0.1304,-0.3258,0.3258,52,181,-129,0.5,0.82,-0.07,2.2,0.16,0,0.62,0.14,0.4562,0.1304,0.4360028077699101,1.5752682369173876,540,2711
2024-25,1627741,Buddy Hield,1610612744,1.249,-0.1169,-1.3659000000000001,1.3659000000000001,2,290,-288,2.19,0.44,-0.25,-0.77,-0.02,0.08,1.35,-0.12,1.249,-0.1169,4.115165751801692,1.5681524093219175,2311,7528
2024-25,1631218,Trayce Jackson-Davis,1610612744,-0.0181,-0.0095,0.008600000000000002,0.008600000000000002,186,241,-55,0.42,0.12,-1.09,-0.96,-0.22,-0.31,-0.02,-0.01,-0.0181,-0.0095,0.9568246068392245,1.5314911783896688,1862,4137
2024-25,1631209,Isaiah Wong,1610612766,-0.1028,0.6338,0.7366,0.7366,208,55,153,-0.56,-0.14,0,2.31,-0.26,-0.26,-0.1659,0.7462,-0.1028,0.6338,0,1.510001707643444,267,1127
2024-25,1626162,Kelly Oubre Jr.,1610612755,-0.7237,-0.1367,0.587,0.587,415,296,119,0.06,0.19,-1.37,-0.49,-0.11,-0.2,-0.77,-0.14,-0.7237,-0.1367,0.5415323005528594,1.496961877079109,3233,8388
2024-25,201144,Mike Conley,1610612750,-0.4231,-0.1167,0.3064,0.3064,345,289,56,-0.04,0.3,2.04,-0.08,0.08,0.13,-0.46,-0.12,-0.4231,-0.1167,-0.01793971286208691,1.4813450102632173,2276,7101
2024-25,203926,Doug McDermott,1610612758,-0.2037,0.4282,0.6319,0.6319,251,98,153,0.4,1.33,0.92,1.03,-0.02,0.08,-0.26,0.49,-0.2037,0.4282,0.9981841570902434,1.4274972069805554,673,1386
2024-25,1641727,Dariq Whitehead,1610612751,0.2243,0.6117,0.3874,0.3874,106,58,48,1.27,0.83,0.03,0.8,-0.12,-0.03,0.5804,0.73,0.2243,0.6117,0.2826758070154054,1.3509524323719635,131,1034
2024-25,203944,Julius Randle,1610612750,-0.4724,-0.1565,0.31589999999999996,0.31589999999999996,355,303,52,-0.14,-0.53,-0.71,0.64,-0.42,-0.37,-0.5,-0.16,-0.4724,-0.1565,1.2950060583734562,1.3372836041894645,3458,8998
2024-25,1642261,Dalton Knecht,1610612747,0.5188,-0.1064,-0.6252,0.6252,44,287,-243,0.28,0.24,1.32,-1.15,0.11,-0.06,0.56,-0.11,0.5188,-0.1064,1.199542239632665,1.3349539163901978,2397,5956
2024-25,1631107,Nikola Jović,1610612748,0,-0.0689,-0.0689,0.0689,178,266,-88,0.32,0.34,-0.89,-0.53,-0.14,-0.11,0,-0.0719,0,-0.0689,0.9291008726445454,1.283176846220005,1217,4572
2024-25,1628380,Zach Collins,1610612759,0.0088,-0.0476,-0.056400000000000006,0.056400000000000006,170,251,-81,-0.11,0.03,-1.86,1.79,0.1,-0.06,0.01,-0.05,0.0088,-0.0476,0.2710007271295061,1.2632594926933942,1423,4039
2024-25,1631157,Ryan Rollins,1610612749,1.0438,-0.0189,-1.0627,1.0627,5,244,-239,1.04,0.35,2.13,0.77,-0.1,0.1,1.7216,-0.02,1.0438,-0.0189,0.8023873781794665,1.2111970900307059,589,3402
2024-25,1629626,Bol Bol,1610612756,0.0946,0.1538,0.05919999999999999,0.05919999999999999,140,175,-35,0.57,0.56,0.18,-0.49,-0.23,0.03,0.22,0.17,0.0946,0.1538,0.17397538083083544,1.1728879245287505,151,1903
2024-25,1642382,Branden Carlson,1610612760,-0.0272,0.5021,0.5293,0.5293,188,80,108,-0.32,-0.44,0,-1.02,0.14,0.05,-0.1097,0.6,-0.0272,0.5021,-0.02557984352008259,1.1710045492018977,64,1026
2024-25,1642349,Ajay Mitchell,1610612760,-0.1783,0.0737,0.252,0.252,243,203,40,0.33,0.2,0.79,-0.15,-0.03,0.01,-0.2,0.08,-0.1783,0.0737,0.161589549128702,1.1636718206784291,1694,2348
2024-25,1626167,Myles Turner,1610612754,-0.6042,-0.1662,0.43799999999999994,0.43799999999999994,391,304,87,-0.64,0.43,-1.69,-0.08,-0.02,-0.08,-0.64,-0.17,-0.6042,-0.1662,-0.41251088547572806,1.1584235417263937,3243,8645
2024-25,1630560,Cam Thomas,1610612751,-0.4025,-0.0094,0.3931,0.3931,335,240,95,0.15,-0.25,-1.15,-1.22,-0.38,-0.34,-0.4384,-0.01,-0.4025,-0.0094,0.852617450792189,1.1573262250093475,2246,3125
2024-25,1628975,Jevon Carter,1610612741,-0.1321,0.3053,0.4374,0.4374,223,132,91,0.02,0.08,1.68,2.8,-0.15,0.16,-0.24,0.35,-0.1321,0.3053,0.024328655521817674,1.1538502331395957,276,1366
2024-25,1628420,Monté Morris,1610612756,0.0842,0.0553,-0.028899999999999995,0.028899999999999995,145,212,-67,0.93,0.7,-0.01,0.32,0.03,-0.06,0.1,0.06,0.0842,0.0553,1.1652775024122646,1.096212165273577,1011,2343
2024-25,1630249,Vít Krejčí,1610612737,-0.4263,-0.1056,0.3207,0.3207,347,286,61,-1.12,0.68,-0.92,0.39,0.08,0.08,-0.56,-0.11,-0.4263,-0.1056,-0.7302539259526313,1.070148330828326,781,4749
2024-25,1628963,Marvin Bagley III,1610612764,0.031,0.3501,0.31910000000000005,0.31910000000000005,165,127,38,0.58,0.4,0.45,0.31,-0.15,-0.18,0.04,0.41,0.031,0.3501,0.7939192072786985,1.0672972668581442,687,1170
2024-25,1631466,Nate Williams,1610612745,0.099,0.8076,0.7086,0.7086,139,32,107,1.01,-1.4,-0.12,-0.05,-0.09,0.02,0.4875,1.06,0.099,0.8076,0.1824387371553716,1.0251590990810355,51,640
2024-25,1630169,Tyrese Haliburton,1610612754,0.0667,-0.1862,-0.2529,0.2529,154,313,-159,-0.3,0.82,-0.67,-0.1,0.51,0.44,0.07,-0.19,0.0667,-0.1862,0.30362483062977247,1.0226423549567885,3929,9847
2024-25,1641767,Ben Sheppard,1610612754,-0.2996,-0.125,0.17459999999999998,0.17459999999999998,293,294,-1,0.03,-0.23,-0.88,-1.5,0.1,0.07,-0.35,-0.13,-0.2996,-0.125,-0.15610059787876482,0.9873642254250363,1261,5035
2024-25,1631116,Patrick Baldwin Jr.,1610612764,0.6068,1.2208,0.6140000000000001,0.6140000000000001,30,11,19,1.58,3.19,1.26,2.46,0.15,0,1.1486,1.79,0.6068,1.2208,0.4639197268358939,0.954365741226883,230,429
2024-25,1642258,Zaccharie Risacher,1610612737,-0.7738,-0.1755,0.5983,0.5983,419,309,110,-1,-0.31,-1.81,-1.45,0.17,-0.03,-0.83,-0.18,-0.7738,-0.1755,-1.403733566549331,0.9423333921099019,2893,7854
2024-25,1641763,Julian Phillips,1610612741,-0.4272,-0.1247,0.3025,0.3025,348,293,55,-0.51,0.22,-0.32,-0.98,-0.27,-0.33,-0.48,-0.13,-0.4272,-0.1247,0.2816717672637113,0.9188821662713207,1642,4675
2024-25,1629001,De'Anthony Melton,1610612744,0.8465,0.8796,0.03310000000000002,0.03310000000000002,17,26,-9,1.06,1.07,1.93,1.94,-0.04,0.15,1.1678,1.2134,0.8465,0.8796,0.6627238772946356,0.9013475576160095,527,527
2024-25,1631111,Wendell Moore Jr.,1610612765,-0.1323,0.0364,0.16870000000000002,0.16870000000000002,224,221,3,1.46,0.26,0.82,0.75,-0.27,-0.03,-0.17,0.04,-0.1323,0.0364,1.0476541953494694,0.8958935317795275,675,2039
2024-25,1627739,Kris Dunn,1610612746,0.381,-0.1752,-0.5562,0.5562,70,308,-238,0.39,0.24,1.87,0.81,0.22,0.39,0.41,-0.18,0.381,-0.1752,1.8413249169993098,0.8804894961730406,2683,7311
2024-25,201587,Nicolas Batum,1610612746,-0.2735,-0.1544,0.11910000000000001,0.11910000000000001,279,301,-22,-0.65,0.63,3.12,2.04,0.02,0.1,-0.3,-0.16,-0.2735,-0.1544,-0.25629915112894347,0.8360341512130821,2075,5508
2024-25,1630545,Terrence Shannon Jr.,1610612750,-0.3703,0.1316,0.5019,0.5019,322,180,142,-0.65,0.46,-0.1,1.33,0.02,-0.19,-0.76,0.15,-0.3703,0.1316,-0.3000570959037062,0.8323442730216972,183,1428
2024-25,1641724,Jett Howard,1610612753,-0.2145,-0.0655,0.149,0.149,256,263,-7,0.24,-1.13,0.63,-0.93,-0.22,-0.04,-0.25,-0.07,-0.2145,-0.0655,0.40767136706418255,0.8322049982076105,1206,2912
2024-25,1630611,Gui Santos,1610612744,-0.4293,-0.0751,0.3542,0.3542,350,270,80,-1.24,-0.37,0.37,3.41,-0.16,-0.23,-1.07,-0.08,-0.4293,-0.0751,-0.24095576536902272,0.8250676161766273,134,3041
2024-25,1629659,Talen Horton-Tucker,1610612741,1.2142,-0.0846,-1.2988,1.2988,3,276,-273,1.69,0.23,2.26,-0.09,-0.12,-0.28,1.42,-0.09,1.2142,-0.0846,2.1231906715636986,0.8023389914838593,1135,3122
2024-25,1627759,Jaylen Brown,1610612738,-0.4802,-0.1956,0.2846,0.2846,359,315,44,-0.3,-0.2,0.73,0.6,-0.49,-0.42,-0.51,-0.2,-0.4802,-0.1956,0.1281375391238919,0.7891342619513309,3287,8799
2024-25,1631098,Johnny Davis,1610612764,0.1895,0.2527,0.06319999999999998,0.06319999999999998,114,144,-30,1.01,0.38,1.36,0.38,0.19,0,0.24,0.3037,0.1895,0.2527,0.9695854405345312,0.7585198791973418,595,991
2024-25,1630193,Immanuel Quickley,1610612761,-0.1991,-0.1235,0.0756,0.0756,249,292,-43,-0.2,1.01,-0.91,0.21,0.35,0.28,-0.3445,-0.13,-0.1991,-0.1235,0.010553551100323924,0.7511934813472411,274,3787
2024-25,1627763,Malcolm Brogdon,1610612764,0.1165,-0.0512,-0.16770000000000002,0.16770000000000002,132,257,-125,0.5,0.09,-0.69,-0.15,-0.02,-0.2,0.14,-0.0555,0.1165,-0.0512,1.5227131129890061,0.725012981635645,1204,2359
2024-25,1641720,Jalen Hood-Schifino,1610612747,0.0814,0.0862,0.004799999999999999,0.004799999999999999,149,198,-49,0.54,-2.11,0.28,1.06,0.04,-0.16,0.3831,0.1,0.0814,0.0862,0.10601335769425531,0.6415098926141809,54,1247
2024-25,1630208,Nick Richards,1610612766,-0.3855,-0.1733,0.2122,0.2122,329,306,23,-0.43,-0.74,0.33,-1.22,-0.43,-0.58,-0.45,-0.18,-0.3855,-0.1733,0.2254221369788276,0.6392970208115776,1209,5185
2024-25,1641890,Tyler Smith,1610612749,0.1898,0.5252,0.33540000000000003,0.33540000000000003,113,77,36,1.66,1.22,0.21,0.31,-0.15,-0.09,0.43,0.74,0.1898,0.5252,0.4516779980751459,0.5751367013434585,164,489
2024-25,1641871,Duop Reath,1610612757,-0.1591,-0.0635,0.09559999999999999,0.09559999999999999,233,262,-29,0.87,-0.09,-0.14,-1.42,-0.15,-0.05,-0.25,-0.07,-0.1591,-0.0635,0.31991187333114557,0.5628698158512405,363,1949
2024-25,1631321,Sidy Cissoko,1610612759,0.2447,0.5019,0.2572,0.2572,99,81,18,0.09,0.32,0.42,0.05,-0.01,-0.19,0.61,0.73,0.2447,0.5019,0.3904252206559464,0.5020525441121544,133,440
2024-25,1630230,Naji Marshall,1610612742,-0.2385,-0.2146,0.023899999999999977,0.023899999999999977,270,325,-55,0.24,-0.17,0.94,-0.34,0,0,-0.26,-0.22,-0.2385,-0.2146,1.0553270250043731,0.4859244000566717,2256,7960
2024-25,1629646,Charles Bassey,1610612759,0.5704,-0.0532,-0.6236,0.6236,35,258,-223,0.05,-0.21,1.44,-2.16,0.04,-0.02,0.71,-0.06,0.5704,-0.0532,0.10686032189638364,0.47718083575414466,799,1568
2024-25,1630537,Chris Duarte,1610612741,0.6824,0.7337,0.05130000000000001,0.05130000000000001,27,38,-11,1.81,1.57,0.88,1.41,-0.13,-0.19,1.3,1.1938,0.6824,0.7337,0.5332520318633641,0.47544442248761054,236,319
2024-25,203914,Gary Harris,1610612753,0.7007,-0.1495,-0.8502,0.8502,26,298,-272,0.42,0.26,1.8,0.54,-0.15,-0.03,0.8212,-0.16,0.7007,-0.1495,0.6990635631327561,0.45554802047523985,1163,2862
2024-25,1630538,Bones Hyland,1610612746,-0.7167,0.0332,0.7499,0.7499,414,222,192,0.72,0.45,-1.02,-0.41,0.16,0.12,-0.97,0.04,-0.7167,0.0332,0.5735095122410786,0.4206497313455416,424,968
2024-25,1641809,Drew Peterson,1610612738,-0.6314,0.1094,0.7407999999999999,0.7407999999999999,398,188,210,-0.7,-0.03,-1.36,1.87,-0.43,-0.27,-1.0051,0.14,-0.6314,0.1094,-0.2561005498593775,0.39228017522162995,262,714
2024-25,202685,Jonas Valančiūnas,1610612764,-0.1174,-0.213,-0.09559999999999999,0.09559999999999999,215,324,-109,-0.12,-0.15,-1.07,-1.38,-0.14,-0.1,-0.13,-0.22,-0.1174,-0.213,-0.17777160732057398,0.3848060616596194,1945,6064
2024-25,1629162,Jordan McLaughlin,1610612758,-0.159,-0.0604,0.0986,0.0986,232,261,-29,0.01,1.21,0.66,2.57,-0.22,-0.14,-0.21,-0.07,-0.159,-0.0604,0.141225563395625,0.3686007436811798,640,1256
2024-25,1631132,Christian Koloko,1610612747,-0.39,-0.1053,0.2847,0.2847,331,285,46,-1.11,0,0.48,0.33,-0.32,-0.2,-0.5,-0.12,-0.39,-0.1053,-0.1366362023407954,0.32243385595720253,620,1428
2024-25,1641738,Kobe Brown,1610612746,0.17,-0.0589,-0.22890000000000002,0.22890000000000002,123,260,-137,0.46,-1.09,0.31,-0.17,0.07,0.02,0.3443,-0.07,0.17,-0.0589,0.17491154843148257,0.3152512548307367,195,1066
2024-25,1628981,Bruno Fernando,1610612761,-0.3788,0.0652,0.444,0.444,327,208,119,-0.31,-0.22,0.17,0.43,0.07,0.11,-0.5,0.0855,-0.3788,0.0652,0.13248443277015395,0.3089850940393862,618,640
2024-25,1630314,Brandon Williams,1610612742,-0.5944,-0.1548,0.43960000000000005,0.43960000000000005,387,302,85,-3.01,1.38,-0.82,1.99,-0.14,-0.08,-1.8591,-0.17,-0.5944,-0.1548,-0.5641727115451387,0.30841231882993914,94,2040
2024-25,1629650,Moses Brown,1610612754,0.2367,0.1298,-0.1069,0.1069,100,182,-82,0.46,1.9,-0.32,-0.17,-0.31,-0.07,0.46,0.18,0.2367,0.1298,0.18529779300774799,0.29994323443699156,212,517
2024-25,1629003,Shake Milton,1610612751,-0.2224,-0.1984,0.023999999999999994,0.023999999999999994,264,316,-52,-0.01,-0.25,1.5,-0.27,-0.27,-0.18,-0.25,-0.21,-0.2224,-0.1984,0.3667350983068845,0.2911761562048134,1651,3407
2024-25,1630578,Alperen Sengun,1610612745,-0.0754,-0.2351,-0.1597,0.1597,200,332,-132,0.21,-0.32,1.65,3.46,0.18,-0.13,-0.08,-0.24,-0.0754,-0.2351,1.4480945369971387,0.2892816268344077,3382,9596
2024-25,1642403,Isaac Jones,1610612758,-0.227,-0.1032,0.12380000000000001,0.12380000000000001,266,284,-18,0.04,0.68,-2.25,-3.04,-0.14,-0.37,-0.3,-0.12,-0.227,-0.1032,0.20243113122010603,0.2813910454030021,629,1229
2024-25,1630604,E.J. Liddell,1610612741,0.4176,0.5722,0.15460000000000002,0.15460000000000002,55,67,-12,1.67,0.31,0.48,0.71,-0.3,-0.2,1.01,1.09,0.4176,0.5722,0.41954197224038825,0.27558521500366506,141,221
2024-25,1630543,Isaiah Jackson,1610612754,0.2823,0.2261,-0.0562,0.0562,90,152,-62,0.3,0.3,0.86,0.61,-0.01,-0.02,0.4378,0.3507,0.2823,0.2261,0.21064533322464143,0.2632890878297016,363,363
2024-25,1629111,Jock Landale,1610612745,-0.1685,-0.183,-0.014499999999999985,0.014499999999999985,240,311,-71,-0.73,-0.02,-0.11,-1.29,-0.05,-0.26,-0.2164,-0.2,-0.1685,-0.183,-0.040061553872721936,0.23398063255325163,744,2153
2024-25,1626153,Delon Wright,1610612749,-0.3767,-0.1948,0.18189999999999998,0.18189999999999998,325,314,11,-0.41,-0.52,-1.05,0.22,0.02,0.11,-0.44,-0.21,-0.3767,-0.1948,-0.1725822965719582,0.23367917191670057,1434,2571
2024-25,1642270,Donovan Clingan,1610612757,-0.2263,-0.2315,-0.00520000000000001,0.00520000000000001,265,331,-66,-0.19,-0.02,-0.15,0.57,0.17,-0.11,-0.26,-0.24,-0.2263,-0.2315,-0.20882114378566613,0.19394048007621978,1320,5452
2024-25,1630256,Jae'Sean Tate,1610612745,-0.5674,-0.2035,0.3639,0.3639,381,317,64,1.12,-0.04,-0.25,-0.13,-0.56,-0.23,-0.98,-0.22,-0.5674,-0.2035,0.11136382300841106,0.1912532599620039,392,2459
2024-25,1630322,Lindy Waters III,1610612744,-0.0179,-0.2165,-0.1986,0.1986,185,326,-141,-0.18,0.14,0.12,-0.19,-0.06,0.07,-0.02,-0.23,-0.0179,-0.2165,0.7765716204240208,0.18641481674535906,1540,3204
2024-25,1629723,John Konchar,1610612763,-0.3138,-0.2129,0.10090000000000002,0.10090000000000002,300,323,-23,-0.01,0.55,0.1,-0.56,-0.19,0.04,-0.39,-0.23,-0.3138,-0.2129,0.28855948664724396,0.15844801203187964,870,2491
2024-25,203109,Jae Crowder,1610612758,0.0194,-0.0136,-0.033,0.033,168,243,-75,0.02,-0.66,0.08,-0.25,-0.21,-0.23,0.03,-0.02,0.0194,-0.0136,0.034609447504781614,0.15324977554551128,341,421
2024-25,1627814,Damion Lee,1610612756,-0.0402,-0.0901,-0.0499,0.0499,190,280,-90,-0.23,0.3,0.05,0.49,0.03,-0.14,-0.0928,-0.12,-0.0402,-0.0901,-0.011161993171630243,0.15021783519339887,153,604
2024-25,1641715,Cam Whitmore,1610612745,-1.0665,-0.2267,0.8398,0.8398,452,329,123,-1.94,0.22,-1.68,0.55,0.06,0.03,-1.6865,-0.24,-1.0665,-0.2267,-0.7739121020088112,0.14580203978919865,522,3406
2024-25,1628427,Vlatko Čančar,1610612743,0.0197,-0.0958,-0.11549999999999999,0.11549999999999999,167,281,-114,0.01,-0.95,0.22,0.79,-0.19,-0.05,0.0466,-0.13,0.0197,-0.0958,0.042790749905065685,0.1344635023272399,146,560
2024-25,1627824,Guerschon Yabusele,1610612755,-0.3952,-0.2436,0.15159999999999998,0.15159999999999998,333,338,-5,-0.41,-0.29,1.71,0.98,-0.23,-0.21,-0.43,-0.25,-0.3952,-0.2436,-0.4392612059730769,0.13147828837379288,2415,7585
2024-25,1630658,Colin Castleton,1610612763,0.0029,-0.2064,-0.20929999999999999,0.20929999999999999,174,320,-146,0.2,-0.27,0.05,1.1,-0.23,-0.24,0.0112,-0.23,0.0029,-0.2064,0.029433109364346233,0.1283865080853251,64,1749
2024-25,203078,Bradley Beal,1610612756,0,-0.2431,-0.2431,0.2431,179,337,-158,-0.09,-0.1,-2.25,-3.72,-0.15,-0.05,0,-0.25,0,-0.2431,0.3984582073606423,0.12697522011531123,2359,7020
2024-25,1631245,Quenton Jackson,1610612754,0.0501,-0.2047,-0.25479999999999997,0.25479999999999997,159,319,-160,0.25,1.29,0.06,0.38,0.04,-0.06,0.06,-0.23,0.0501,-0.2047,0.38025442836605855,0.12314425834602027,1011,1621
2024-25,1642352,Keshad Johnson,1610612748,0.04,-0.0742,-0.1142,0.1142,162,268,-106,0.45,1.96,0,0.59,0,-0.18,0.2021,-0.11,0.0411,-0.0742,0.04,0.11288585434482384,51,414
2024-25,1630526,Jeremiah Robinson-Earl,1610612740,-0.3655,-0.2406,0.12489999999999998,0.12489999999999998,321,334,-13,-0.37,-0.64,-2.07,-1.27,-0.08,-0.09,-0.4,-0.25,-0.3655,-0.2406,0.04517958214545984,0.11207703545695723,2187,5128
2024-25,1642353,Cam Christie,1610612746,0.1479,0.049,-0.0989,0.0989,126,213,-87,1.01,-0.56,0,0.54,-0.01,0.21,0.5372,0.09,0.1479,0.049,0.20805415504427882,0.1095506445923411,76,239
2024-25,1641706,Brandon Miller,1610612766,-0.2441,-0.2414,0.002700000000000008,0.002700000000000008,272,336,-64,0.43,0.32,-0.35,-1.11,-0.14,0.1,-0.26,-0.2541,-0.2441,-0.2414,1.581336864309131,0.07826370315820645,2783,3790
2024-25,1642280,Trentyn Flowers,1610612746,0.0999,0.1679,0.06799999999999999,0.06799999999999999,137,167,-30,0.82,-0.32,0,0.7,-0.11,-0.32,0.4223,0.46,0.0999,0.1679,0.16102617684045548,0.07332276332513434,62,115
2024-25,1631386,Tazé Moore,1610612757,0.0607,0.0634,0.002700000000000001,0.002700000000000001,155,209,-54,0.39,0.4,0.09,0.06,-0.25,-0.15,0.1972,0.2058,0.0607,0.0634,0.10075042405076004,0.042726769669974726,89,89
2024-25,1628408,PJ Dozier,1610612750,0.0417,-0.0751,-0.1168,0.1168,161,271,-110,0.74,0.15,-0.08,-0.47,-0.09,-0.62,0.1,-0.1759,0.0417,-0.0751,0.03747458844656221,0.04042587136149867,136,149
2024-25,1630618,D.J. Carton,1610612761,-0.1205,-0.081,0.03949999999999999,0.03949999999999999,219,274,-55,-0.89,-0.89,0.56,0.7,-0.03,0.25,-0.2802,-0.1883,-0.1205,-0.081,-0.16856326219326562,0.03962564410177386,151,151
2024-25,1641707,Taylor Hendricks,1610612762,-0.2142,-0.1746,0.039599999999999996,0.039599999999999996,255,307,-52,-0.61,-0.61,-0.32,-0.04,0.29,0.09,-0.3472,-0.283,-0.2142,-0.1746,-0.12656424260189011,0.039070805800201606,322,322
2024-25,201567,Kevin Love,1610612748,0.4068,-0.2356,-0.6424,0.6424,61,333,-272,0.17,-0.77,0.81,-0.27,0.09,0.04,0.52,-0.28,0.4068,-0.2356,0.10058104458415724,0.03121474161168064,623,1062
2024-25,1630191,Isaiah Stewart,1610612765,-0.2218,-0.2517,-0.029899999999999982,0.029899999999999982,263,341,-78,-0.15,-0.22,-1.59,-2.2,-0.18,-0.08,-0.24,-0.26,-0.2218,-0.2517,0.36202363424928474,0.031087223762419756,2292,6066
2024-25,1641789,Jazian Gortman,1610612742,-0.0693,-0.186,-0.1167,0.1167,197,312,-115,-1.78,-1.1,0.11,0.6,0.02,-0.03,-0.2,-0.3416,-0.0693,-0.186,-0.15299011415650035,0.024892961332886446,143,239
2024-25,1641766,Adama Sanogo,1610612741,-0.1253,-0.0835,0.04179999999999999,0.04179999999999999,220,275,-55,-0.31,-0.45,-0.03,-0.17,-0.28,0.1,-0.41,-0.2733,-0.1253,-0.0835,-0.062028325407221196,0.022761483902152095,58,88
2024-25,1630592,Jalen Wilson,1610612751,-0.4086,-0.2537,0.15490000000000004,0.15490000000000004,337,342,-5,-0.56,-0.32,1.94,0.72,-0.39,-0.32,-0.44,-0.26,-0.4086,-0.2537,0.10244274759627278,0.01701685001203519,2565,8064
2024-25,1642285,Cam Spencer,1610612763,-0.3116,-0.2459,0.06569999999999998,0.06569999999999998,298,339,-41,-1,0.81,0.63,-0.18,-0.23,-0.13,-0.52,-0.29,-0.3116,-0.2459,-0.10752700696627307,0.015461916048704425,307,1115
2024-25,1641739,Toumani Camara,1610612757,-0.6902,-0.2551,0.43510000000000004,0.43510000000000004,406,343,63,-0.65,0.33,1.09,3.42,-0.14,-0.01,-0.73,-0.26,-0.6902,-0.2551,-0.4481106645637655,0,3424,10513
2024-25,1630227,Daishen Nix,1610612750,-0.2739,-0.281,-0.007100000000000051,0.007100000000000051,281,353,-72,-2.3,-2.31,0.15,0.09,-0.29,-0.37,-1.2348,-1.267,-0.2739,-0.281,-0.3806393938572675,-0.0022252316887017383,57,57
2024-25,1642502,Malevy Leons,1610612760,-0.3577,-0.3567,0.0010000000000000009,0.0010000000000000009,317,389,-72,-1.71,-1.71,-0.82,-0.77,-0.44,-0.51,-1.2303,-1.2268,-0.3577,-0.3567,-0.30000052463298144,-0.012557644276171434,82,82
2024-25,1629098,Jack McVeigh,1610612745,-0.1625,-0.3508,-0.1883,0.1883,237,385,-148,-0.8,-1.34,-0.11,0.35,-0.19,0.06,-0.4876,-0.72,-0.1625,-0.3508,-0.13459415332732666,-0.027407293772040653,100,190
2024-25,1631170,Jaime Jaquez Jr.,1610612748,-0.7258,-0.2603,0.4655,0.4655,416,345,71,-0.6,-0.52,-1.35,-2.48,-0.28,-0.21,-0.81,-0.27,-0.7258,-0.2603,-0.38850661202753456,-0.04224669360626712,1736,5390
2024-25,1630699,MarJon Beauchamp,1610612749,-0.1046,-0.3213,-0.21669999999999998,0.21669999999999998,209,368,-159,-0.5,-0.37,0.42,1.12,-0.39,-0.28,-0.2441,-0.42,-0.1046,-0.3213,-0.10398481624188162,-0.0649590394246614,214,651
2024-25,1630649,Stanley Umude,1610612749,0.0907,-0.377,-0.4677,0.4677,142,399,-257,0.7,-1.85,-0.04,-1.41,-0.04,0.05,0.3263,-0.59,0.0907,-0.377,0.14080756456193608,-0.06504405132416881,114,354
2024-25,201949,James Johnson,1610612754,-0.12,-0.627,-0.507,0.507,218,454,-236,-1.12,-2.53,0,0.09,0,0.02,-0.5012,-1.51,-0.1229,-0.627,-0.1,-0.07960037962067389,65,142
2024-25,1628976,Wendell Carter Jr.,1610612753,-0.1612,-0.2626,-0.10139999999999999,0.10139999999999999,236,347,-111,0.81,-0.3,1.54,1.02,-0.21,-0.3,-0.18,-0.27,-0.1612,-0.2626,1.0062548579754227,-0.0804899899591362,1636,7120
2024-25,1642358,AJ Johnson,1610612749,-0.0031,-0.2786,-0.2755,0.2755,181,352,-171,-0.08,-1.46,0.15,2.04,-0.11,-0.12,-0.0152,-0.3,-0.0031,-0.2786,-0.00016369559188458726,-0.09237959746471046,51,2608
2024-25,1629628,RJ Barrett,1610612761,-0.613,-0.2632,0.3498,0.3498,393,348,45,-0.33,-0.41,-1.03,-0.79,0.12,0.13,-0.65,-0.27,-0.613,-0.2632,-0.5549011751047869,-0.09436456502608107,3145,7729
2024-25,1641857,Liam Robbins,1610612749,0.0991,-0.5568,-0.6558999999999999,0.6558999999999999,138,439,-301,1.16,-1.38,0.03,-0.68,-0.27,-0.72,0.3322,-1.0347,0.0991,-0.5568,0.15521525080500997,-0.10595753526528882,134,233
2024-25,1630200,Tre Jones,1610612759,-0.8491,-0.275,0.5740999999999999,0.5740999999999999,429,350,79,-0.59,0.74,1.49,1.29,-0.07,-0.02,-1.12,-0.29,-0.8491,-0.275,-0.27575344943064867,-0.10987290601281438,764,3663
2024-25,202709,Cory Joseph,1610612753,-0.1406,-0.2867,-0.1461,0.1461,228,357,-129,0.38,0.47,-0.03,0.26,-0.1,0.06,-0.25,-0.31,-0.1406,-0.2867,0.04863457554476249,-0.11740987411754582,326,2465
2024-25,203083,Andre Drummond,1610612755,-0.512,-0.2815,0.23050000000000004,0.23050000000000004,369,354,15,-0.01,-0.73,-2.07,-3.1,-0.4,-0.24,-0.57,-0.3,-0.512,-0.2815,0.6538363033087776,-0.12136805227546124,1672,3050
2024-25,1641757,Jordan Miller,1610612746,-0.9946,-0.304,0.6906000000000001,0.6906000000000001,444,365,79,-0.76,-1.14,-0.47,-0.49,-0.22,-0.2,-1.18,-0.34,-0.9946,-0.304,-0.7115503003284164,-0.12434392094917528,925,1687
2024-25,1631102,TyTy Washington Jr.,1610612756,0.1879,-0.4657,-0.6536,0.6536,115,416,-301,0.99,-1.83,0.13,0.18,-0.09,0.08,0.5458,-0.67,0.1879,-0.4657,0.23087297283359562,-0.1447517509314549,105,456
2024-25,1631210,Jacob Toppin,1610612752,-0.1376,-0.6087,-0.4711,0.4711,227,450,-223,-0.88,-0.86,-0.31,-0.39,-0.1,0.02,-0.4997,-1.02,-0.1376,-0.6087,-0.1144274983506432,-0.15776279200499915,81,296
2024-25,202704,Reggie Jackson,1610612755,0.1781,-0.3235,-0.5016,0.5016,120,372,-252,0.47,-0.89,0.35,-0.08,0.31,0.23,0.25,-0.3649,0.1781,-0.3235,0.29108326076036006,-0.16124767696352954,504,1564
2024-25,1631216,Caleb Houstan,1610612753,-0.4161,-0.2913,0.12480000000000002,0.12480000000000002,340,360,-20,-0.63,0.98,0.31,-1.58,-0.39,-0.06,-0.62,-0.31,-0.4161,-0.2913,-0.10331920107782147,-0.16969520692096363,416,3110
2024-25,1631169,Josh Minott,1610612750,-0.995,-0.3506,0.6444,0.6444,445,384,61,0.05,0.68,-0.93,-4.27,-0.2,-0.15,-1.46,-0.41,-0.995,-0.3506,0.14141132579523916,-0.1700019431186544,485,1181
2024-25,1630243,Trevelin Queen,1610612753,0.41,-0.3317,-0.7417,0.7417,59,377,-318,1.75,-0.18,0,-0.96,0,0.04,0.7493,-0.37,0.411,-0.3317,0.26,-0.1998602625961735,243,1731
2024-25,1631306,Cole Swider,1610612765,-0.0562,-0.4394,-0.3832,0.3832,193,409,-216,-0.66,-0.06,0.28,1.23,-0.02,0.04,-0.2681,-0.56,-0.0562,-0.4394,-0.09678127403135917,-0.2025132669281412,53,729
2024-25,1629610,DaQuan Jeffries,1610612766,0.3613,-0.2867,-0.648,0.648,72,358,-286,1.32,-0.51,0,1.62,-0.04,0.04,0.6587,-0.3,0.3613,-0.2867,0.46973172277716874,-0.20552681818142404,427,4315
2024-25,1629234,Drew Eubanks,1610612762,-0.8311,-0.3004,0.5307,0.5307,424,362,62,-0.82,-0.63,1.78,-3.12,-0.22,-0.33,-0.97,-0.32,-0.8311,-0.3004,-0.31352580604333097,-0.20975872259732797,1235,3072
2024-25,201988,Patty Mills,1610612762,0.5221,-0.3585,-0.8806,0.8806,43,391,-348,-0.17,-0.33,2.11,0.81,-0.08,-0.08,0.697,-0.41,0.5221,-0.3585,0.07297533437627424,-0.21695036754289027,597,1392
2024-25,203500,Steven Adams,1610612745,-2.0531,-0.3014,1.7517,1.7517,475,364,111,-2.31,-0.61,-1.08,0.91,-0.59,-0.24,-2.68,-0.32,-2.0531,-0.3014,-1.2478411990925955,-0.2261135650514967,698,3240
2024-25,1642422,Armel Traoré,1610612747,-0.5664,-0.8142,-0.24780000000000002,0.24780000000000002,380,488,-108,-1.54,-1.42,-0.84,-2.01,0.1,-0.21,-1.0125,-1.4063,-0.5664,-0.8142,-0.396509106416095,-0.23175163260659307,254,275
2024-25,1641712,Rayan Rupert,1610612757,-0.1081,-0.336,-0.22790000000000002,0.22790000000000002,212,381,-169,0.58,-0.43,0.38,-1.68,-0.18,-0.23,-0.13,-0.37,-0.1081,-0.336,0.6231702612143791,-0.24119895676514883,1035,1978
2024-25,1631097,Bennedict Mathurin,1610612754,-0.228,-0.2738,-0.04579999999999998,0.04579999999999998,267,349,-82,-0.18,-0.16,0.86,2.1,-0.27,-0.47,-0.24,-0.28,-0.228,-0.2738,0.45765957409036645,-0.24832367744939668,3659,8810
2024-25,1630346,Matt Ryan,1610612752,-0.5992,-0.9157,-0.3165,0.3165,390,497,-107,-2.85,-1.75,-1.94,-2.11,-0.21,-0.02,-1.23,-1.5652,-0.5992,-0.9157,-0.6915149094231665,-0.2807943040729493,190,282
2024-25,1631212,Peyton Watson,1610612743,-0.2885,-0.282,0.006500000000000006,0.006500000000000006,287,355,-68,-0.3,-0.36,-1.55,-0.5,0.17,-0.13,-0.31,-0.29,-0.2885,-0.282,0.5546370421031754,-0.2862579766498006,2575,7060
2024-25,1631222,Jake LaRavia,1610612763,-0.0745,-0.2898,-0.2153,0.2153,199,359,-160,0.76,-0.15,2.5,0.31,-0.15,-0.17,-0.08,-0.3,-0.0745,-0.2898,1.45329534923342,-0.29750185547188285,2747,5688
2024-25,1642359,Pacôme Dadiet,1610612752,-0.4119,-0.6988,-0.2869,0.2869,339,466,-127,-1.68,-2.33,-0.24,-1.39,0.02,-0.21,-0.66,-1.01,-0.4119,-0.6988,-0.5074822800585789,-0.30028689956265986,332,449
2024-25,201569,Eric Gordon,1610612755,-0.8887,-0.3215,0.5672,0.5672,434,369,65,-1.07,0.01,0.09,-0.88,-0.01,-0.09,-1.04,-0.342,-0.8887,-0.3215,-0.5991054712177151,-0.31336592000974645,1167,3131
2024-25,1630811,Keaton Wallace,1610612737,-0.266,-0.3654,-0.09939999999999999,0.09939999999999999,278,395,-117,-1.17,-0.38,0.09,0.49,0.02,0.2,-0.3294,-0.4,-0.266,-0.3654,-0.3643481384016916,-0.3511317027143183,942,2112
2024-25,1629669,Jaylen Nowell,1610612740,-0.4815,-0.6151,-0.1336,0.1336,360,451,-91,-1.14,-1.12,-0.49,-0.96,0.21,0.19,-0.6272,-0.8012,-0.4815,-0.6151,-0.4717517718520224,-0.3586778653684647,661,661
2024-25,1641732,Colby Jones,1610612758,-0.6432,-0.3735,0.2697,0.2697,400,397,3,-1.21,0.04,-3,-0.08,-0.15,-0.15,-0.98,-0.41,-0.6432,-0.3735,-0.4843653597575702,-0.3653172344278657,298,2047
2024-25,204060,Joe Ingles,1610612750,-0.3768,-0.7777,-0.4008999999999999,0.4008999999999999,326,481,-155,-2.01,-2.44,-0.2,-0.57,0.01,0.32,-1.1157,-1.11,-0.3768,-0.7777,-0.37839600194054535,-0.36865138906812045,102,468
2024-25,1642278,Tyler Kolek,1610612752,-0.181,-0.4701,-0.2891,0.2891,244,418,-174,-0.27,-1.94,-1.97,-2.74,-0.22,0.25,-0.26,-0.55,-0.181,-0.4701,0.047562262427335515,-0.38143060691215697,464,1177
2024-25,202066,Garrett Temple,1610612761,0.1223,-0.5281,-0.6504,0.6504,130,431,-301,0.18,-0.88,0.07,1.05,0.2,0.09,0.28,-0.64,0.1223,-0.5281,-0.042951369517691004,-0.3884501178342486,141,944
2024-25,1641723,Kobe Bufkin,1610612737,-0.5736,-0.7691,-0.1955,0.1955,383,480,-97,-0.77,-0.76,-1.26,-1.88,0.07,-0.16,-0.79,-1.0594,-0.5736,-0.7691,-0.22983248941459067,-0.4106195330462144,530,530
2024-25,203924,Jerami Grant,1610612757,-0.1982,-0.3004,-0.10220000000000001,0.10220000000000001,248,363,-115,-0.62,-0.09,-1.01,-1.79,0.11,-0.18,-0.21,-0.31,-0.1982,-0.3004,1.4235290979414716,-0.42620896694418003,3277,6242
2024-25,1630550,JT Thor,1610612739,0.0925,-0.5414,-0.6339,0.6339,141,435,-294,3.18,-1.03,-0.24,-2.07,0.04,-0.37,0.31,-0.65,0.0925,-0.5414,0.608185962598421,-0.4302462785191901,61,997
2024-25,203468,CJ McCollum,1610612740,0.3562,-0.2924,-0.6486000000000001,0.6486000000000001,73,361,-288,-0.01,-0.17,0.06,-0.53,0.44,0.19,0.39,-0.3,0.3562,-0.2924,0.6596136610488283,-0.43038253872691135,2134,7655
2024-25,200768,Kyle Lowry,1610612755,-0.2201,-0.363,-0.1429,0.1429,261,393,-132,-0.33,-0.39,-2.36,-0.1,-0.18,-0.06,-0.25,-0.39,-0.2201,-0.363,-0.03395881102233193,-0.4379841701381832,1564,2693
2024-25,1642346,Ryan Dunn,1610612756,-0.5399,-0.3091,0.23080000000000006,0.23080000000000006,376,366,10,-0.56,-0.32,0.41,-0.27,-0.11,0.13,-0.61,-0.32,-0.5399,-0.3091,-0.20822239773593793,-0.4602851729180034,1485,5655
2024-25,1631099,Keegan Murray,1610612758,-0.5045,-0.2847,0.21979999999999994,0.21979999999999994,367,356,11,-0.63,-0.05,2.58,0.81,0.1,0.16,-0.53,-0.29,-0.5045,-0.2847,-0.48760423217935195,-0.47538533620284684,4071,10655
2024-25,1631223,David Roddy,1610612737,-0.995,-0.4325,0.5625,0.5625,446,408,38,-0.62,-0.48,-2.22,-1.45,-0.3,-0.14,-1.2034,-0.48,-0.995,-0.4325,-0.3145105206209833,-0.48746215076371896,999,1823
2024-25,1642345,Oso Ighodaro,1610612756,-0.2093,-0.3342,-0.12489999999999998,0.12489999999999998,254,378,-124,-0.08,-0.36,1.87,0.69,-0.35,-0.33,-0.24,-0.35,-0.2093,-0.3342,0.39215719758625806,-0.5033792723736156,1316,4222
2024-25,1642266,Ja'Kobe Walter,1610612761,-0.7453,-0.3262,0.4191,0.4191,418,373,45,-0.53,0.18,2.7,0.71,0.02,-0.04,-0.86,-0.34,-0.7453,-0.3262,-0.7973152889882749,-0.5059460589635296,1288,4721
2024-25,1631247,Luke Travers,1610612739,-0.4176,-1.2814,-0.8638000000000001,0.8638000000000001,341,536,-195,-1.66,-3.98,-0.24,-0.06,-0.11,0,-0.9462,-2.02,-0.4176,-1.2814,-0.3555441508087485,-0.5367900039922526,158,347
2024-25,1641783,Tristan da Silva,1610612753,-0.3413,-0.3104,0.030899999999999983,0.030899999999999983,311,367,-56,0.04,-0.5,-2.49,-0.32,-0.15,-0.04,-0.37,-0.32,-0.3413,-0.3104,-0.1320301240073829,-0.5418001290414133,2442,6500
2024-25,203482,Kelly Olynyk,1610612761,0.0075,-0.3604,-0.3679,0.3679,172,392,-220,0.27,-0.35,0,2.91,-0.12,-0.09,0.0126,-0.38,0.0075,-0.3604,0.10407615945205903,-0.5832924174047112,380,3675
2024-25,1641842,Ronald Holland II,1610612765,-0.6961,-0.3277,0.36840000000000006,0.36840000000000006,408,374,34,-0.79,-0.29,-1.19,-2.91,-0.31,-0.31,-0.77,-0.34,-0.6961,-0.3277,0.4643728319546071,-0.5837007458369198,1756,5334
2024-25,1630311,Pat Spencer,1610612744,-0.1933,-0.6371,-0.4438,0.4438,247,459,-212,-0.91,-1.08,0.6,-1.26,0.13,0.21,-0.4,-0.76,-0.1933,-0.6371,0.056770540685529496,-0.5970940389976107,172,1037
2024-25,1641725,Trey Alexander,1610612743,-0.3252,-1.0704,-0.7452000000000001,0.7452000000000001,304,518,-214,-1.48,-2.91,0.24,-0.05,0,-0.17,-0.6693,-1.51,-0.3252,-1.0704,-0.335204639171517,-0.5984763867465157,189,487
2024-25,1642530,Yuki Kawamura,1610612763,-0.909,-1.3644,-0.4554,0.4554,439,540,-101,-3.96,-1.72,-0.07,0.42,-0.23,-0.08,-2.105,-2.1,-0.909,-1.3644,-0.8982934692424491,-0.6203310770539222,146,371
2024-25,1631120,JD Davison,1610612738,-0.5893,-1.5032,-0.9139,0.9139,386,544,-158,-2.56,-2.96,-0.94,-2.77,-0.64,-0.32,-1.83,-2.39,-0.5893,-1.5032,-0.6041417185636251,-0.6377488697125699,68,339
2024-25,1642277,Johnny Furphy,1610612754,-0.4974,-0.5413,-0.043899999999999995,0.043899999999999995,366,434,-68,0.4,0.47,1.22,0.96,0.1,0.02,-0.63,-0.61,-0.4974,-0.5413,0.22934434487996752,-0.6803022995165279,690,1577
2024-25,201959,Taj Gibson,1610612766,-0.5777,-0.5351,0.04259999999999997,0.04259999999999997,385,432,-47,-0.74,-0.72,-1.6,-0.88,-0.26,-0.13,-0.77,-0.6,-0.5777,-0.5351,-0.14556215919827994,-0.6959520255418036,598,1649
2024-25,1626196,Josh Richardson,1610612748,-1.3127,-1.1167,0.19599999999999995,0.19599999999999995,467,523,-56,-1.91,-1.91,-2.41,-1.79,-0.25,-0.09,-1.7669,-1.503,-1.3127,-1.1167,-0.8346929172190556,-0.7506442200674451,578,578
2024-25,1630245,Ayo Dosunmu,1610612741,-0.2181,-0.3387,-0.12060000000000001,0.12060000000000001,258,382,-124,-0.12,-0.22,-3.43,-0.83,-0.13,-0.08,-0.23,-0.35,-0.2181,-0.3387,0.9421930428013671,-0.755181202647539,3641,5993
2024-25,1642402,Enrique Freeman,1610612754,-0.4009,-0.9019,-0.5010000000000001,0.5010000000000001,334,496,-162,-0.69,-0.71,-0.52,-1.71,-0.08,-0.6,-0.56,-1.13,-0.4009,-0.9019,-0.20086412039485138,-0.7711646455974766,497,791
2024-25,1628964,Mo Bamba,1610612746,-0.0312,-0.5706,-0.5394,0.5394,189,442,-253,-1.27,-0.98,-2.45,-3.29,0,0.02,-0.04,-0.64,-0.0312,-0.5706,-0.21000539580048475,-0.7822865835920736,656,1645
2024-25,1631213,Tyrese Martin,1610612751,0.8283,-0.3565,-1.1848,1.1848,19,388,-369,1.3,-0.33,-0.82,-1.72,-0.18,-0.06,1.06,-0.37,0.8283,-0.3565,0.9362431627463401,-0.8097491953909214,825,5298
2024-25,1630192,Zeke Nnaji,1610612743,-0.5674,-0.472,0.09540000000000004,0.09540000000000004,382,419,-37,-1.53,0.19,-3.22,-0.16,0.05,-0.08,-0.96,-0.51,-0.5674,-0.472,-0.5299928980999398,-0.8130850080646769,274,2487
2024-25,1631311,Lester Quinones,1610612755,-0.2798,-0.9471,-0.6673,0.6673,285,499,-214,-1.77,-0.29,-0.25,-0.66,-0.32,0.11,-1.0679,-1.19,-0.2798,-0.9471,-0.3006770394626777,-0.8135819659240318,71,780
2024-25,1641737,Adem Bona,1610612755,0.1807,-0.408,-0.5887,0.5887,118,404,-286,-0.23,0.43,1.03,1.36,-0.19,-0.37,0.28,-0.43,0.1807,-0.408,-0.1778549931061459,-0.8564140960864806,411,3716
2024-25,1629651,Nic Claxton,1610612751,-0.0821,-0.3313,-0.24919999999999998,0.24919999999999998,203,376,-173,0.11,-0.19,-1,-2.19,-0.23,-0.12,-0.09,-0.34,-0.0821,-0.3313,0.5339629842869413,-0.8754362622528533,2076,7622
2024-25,1630173,Precious Achiuwa,1610612752,0.0006,-0.3747,-0.37529999999999997,0.37529999999999997,175,398,-223,-1.41,-0.63,0,-3.9,-0.21,-0.1,0.0008,-0.39,0.0006,-0.3747,0.19672612586176233,-0.8804555818514286,487,4884
2024-25,1629629,Cam Reddish,1610612747,-0.2415,-0.491,-0.2495,0.2495,271,422,-151,-0.46,-0.51,-0.7,-0.91,-0.02,-0.29,-0.27,-0.53,-0.2415,-0.491,0.15471339810194873,-0.8953323628045875,1621,2518
2024-25,203501,Tim Hardaway Jr.,1610612765,-0.0187,-0.3227,-0.304,0.304,187,371,-184,-0.73,-0.03,-2.39,-2.6,-0.04,-0.05,-0.02,-0.33,-0.0187,-0.3227,-0.9078399046118198,-0.9031857138473796,2712,8864
2024-25,201599,DeAndre Jordan,1610612743,-0.6788,-0.4671,0.21169999999999994,0.21169999999999994,405,417,-12,-1.12,-0.54,-0.25,-0.78,-0.3,-0.19,-0.92,-0.5,-0.6788,-0.4671,-0.4254522657797311,-0.9075171002733455,489,2840
2024-25,1641729,Brice Sensabaugh,1610612762,0.0087,-0.358,-0.36669999999999997,0.36669999999999997,171,390,-219,0.31,0.6,-2.52,-2.53,-0.43,-0.07,0.01,-0.37,0.0087,-0.358,0.46655664349045955,-0.9265763460980135,1314,5974
2024-25,1631104,Blake Wesley,1610612759,-0.8418,-0.484,0.3578,0.3578,427,420,7,-1.41,-0.73,1.25,3.07,-0.19,-0.22,-1.02,-0.52,-0.8418,-0.484,-0.37687299099252103,-0.9270733039573681,816,2687
2024-25,203954,Joel Embiid,1610612755,-1.0976,-0.5246,0.573,0.573,455,429,26,-1.1,-0.51,0.09,-0.69,-0.28,-0.47,-1.4,-0.569,-1.0976,-0.5246,-0.5914963678287695,-0.9590811885038147,833,2361
2024-25,203458,Alex Len,1610612758,-0.4482,-0.6976,-0.2494,0.2494,353,465,-112,-1.36,-1.97,-4.08,-6.11,-0.04,-0.04,-0.61,-0.79,-0.4482,-0.6976,-0.5149323018245288,-1.0071423041375607,526,1510
2024-25,1630568,Luka Garza,1610612750,-0.8492,-0.9786,-0.12940000000000007,0.12940000000000007,430,505,-75,0.06,-1.04,-0.06,-0.44,-0.09,-0.26,-1.69,-1.19,-0.8492,-0.9786,-0.04882983335861176,-1.0098343476219618,189,926
2024-25,1630695,Micah Potter,1610612762,-0.1888,-0.4868,-0.29800000000000004,0.29800000000000004,246,421,-175,0.31,-1.14,2.59,-0.22,-0.34,-0.22,-0.27,-0.52,-0.1888,-0.4868,-0.10593772872594592,-1.0243272184544732,611,2933
2024-25,1626204,Larry Nance Jr.,1610612737,0.9557,-0.6247,-1.5804,1.5804,8,452,-444,1.93,0.77,-1.67,-2.8,0.15,0.12,1.18,-0.6872,0.9557,-0.6247,1.9951764390866347,-1.1130843141800673,1059,1998
2024-25,1631288,Jamal Cain,1610612740,-0.3331,-0.6358,-0.3027,0.3027,309,458,-149,0.71,0.02,-2.64,-1.76,0.09,-0.27,-0.41,-0.7,-0.3331,-0.6358,0.4293667168636084,-1.1356102065947549,778,1979
2024-25,1642355,Bronny James,1610612747,-0.336,-1.3292,-0.9931999999999999,0.9931999999999999,310,539,-229,-2.5,-2.18,-0.09,-0.95,0.05,0.09,-1.354,-1.7,-0.336,-1.3292,-0.42706775671287633,-1.1608189479444284,66,717
2024-25,1641765,Olivier-Maxence Prosper,1610612742,-0.5426,-0.581,-0.03839999999999999,0.03839999999999999,377,444,-67,-1.87,-0.78,-1.36,-2.25,0.06,-0.34,-0.78,-0.63,-0.5426,-0.581,-0.625240930208782,-1.1642153542061309,398,2370
2024-25,1631172,Ousmane Dieng,1610612760,-0.4105,-0.7316,-0.32110000000000005,0.32110000000000005,338,474,-136,-0.36,-0.39,-1.1,-2.36,0.06,-0.02,-0.5181,-0.82,-0.4105,-0.7316,0.026888137741986937,-1.1886705946947456,776,1655
2024-25,1641745,Adam Flagler,1610612760,0.27,-1.2425,-1.5125,1.5125,93,530,-437,0.83,-3.16,-0.12,-2.09,-0.06,-0.02,0.63,-1.55,0.27,-1.2425,0.23553308141138843,-1.2025554194233328,150,808
2024-25,1641775,Jordan Walsh,1610612738,-0.4763,-0.7795,-0.30319999999999997,0.30319999999999997,357,483,-126,-1.28,-2.23,-0.06,0.17,-0.38,-0.33,-0.63,-0.88,-0.4763,-0.7795,-0.8305037009443883,-1.2267470325852832,566,1552
2024-25,1628989,Kevin Huerter,1610612758,0.0372,-0.3696,-0.4068,0.4068,163,396,-233,0.23,0.14,-3.75,-0.89,0.12,0.18,0.04,-0.38,0.0372,-0.3696,0.953730840395543,-1.2298493639960302,2690,7126
2024-25,1642281,Jaylon Tyson,1610612739,-0.6136,-0.7033,-0.0897,0.0897,395,469,-74,-1.67,-1.65,-0.91,-2.24,-0.2,0.05,-0.89,-0.78,-0.6136,-0.7033,-0.5459970175785743,-1.2390014074610847,577,1834
2024-25,1642367,Jonathan Mogbo,1610612761,-0.1,-0.4144,-0.3144,0.3144,207,405,-198,0.19,-0.75,0.61,-0.41,0.04,0.02,-0.11,-0.43,-0.1,-0.4144,0.581831908472603,-1.2754823649326759,1907,5312
2024-25,203967,Dario Šarić,1610612743,-0.8349,-1.2721,-0.43720000000000003,0.43720000000000003,426,533,-107,-1.74,-1.83,-0.93,-0.73,-0.19,-0.13,-1.1326,-1.57,-0.8349,-1.2721,-0.7335028956106774,-1.3091199456803173,561,854
2024-25,204456,T.J. McConnell,1610612754,-0.1196,-0.4062,-0.2866,0.2866,216,403,-187,0.5,-0.52,1.29,1.17,0.28,0.33,-0.13,-0.42,-0.1196,-0.4062,1.6446592408169038,-1.3448844819491454,2232,5905
2024-25,1630574,Ariel Hukporti,1610612752,-1.2239,-1.2776,-0.05370000000000008,0.05370000000000008,462,534,-72,-2.91,-2.28,-3.03,-4.08,-0.41,-0.29,-1.85,-1.57,-1.2239,-1.2776,-1.0426431576596626,-1.3470240988170665,391,874
2024-25,1631103,Malaki Branham,1610612759,-0.1678,-0.7985,-0.6307,0.6307,239,485,-246,-0.73,0.37,-1.32,-2.62,-0.3,-0.13,-0.2,-0.89,-0.1678,-0.7985,-0.4250115314471692,-1.4292746188936607,979,1745
2024-25,202693,Markieff Morris,1610612742,-0.3005,-1.7636,-1.4631,1.4631,294,553,-259,-2.53,-2.4,-0.21,-1.25,-0.07,0.07,-1.4345,-2.32,-0.3005,-1.7636,-0.4133582508925423,-1.4415681836522134,53,634
2024-25,1628969,Mikal Bridges,1610612752,-0.4962,-0.3345,0.16169999999999995,0.16169999999999995,364,379,-15,-0.2,-0.05,0.36,1.96,0.07,0.19,-0.52,-0.34,-0.4962,-0.3345,1.1315716572494505,-1.4622486847802536,4187,12218
2024-25,1641998,Trey Jemison,1610612740,-0.3731,-0.8932,-0.5201,0.5201,324,495,-171,-0.66,-1.25,1.56,0.52,-0.02,-0.41,-0.49,-1.01,-0.3731,-0.8932,-0.1498733447374887,-1.471569546201776,625,1530
2024-25,1641854,Craig Porter Jr.,1610612739,-0.4188,-0.7294,-0.31060000000000004,0.31060000000000004,342,473,-131,-0.59,-0.91,0.32,-3.16,0.06,-0.02,-0.56,-0.8,-0.4188,-0.7294,-0.09282857381408395,-1.4777270304336498,645,2067
2024-25,1628997,Caleb Martin,1610612755,-1.0861,-0.4612,0.6249,0.6249,454,414,40,-1.74,-0.93,-0.58,-0.95,-0.29,-0.33,-1.18,-0.48,-1.0861,-0.4612,-2.033317511995743,-1.524384997534569,2542,4907
2024-25,1641721,Maxwell Lewis,1610612747,-0.3185,-1.0251,-0.7065999999999999,0.7065999999999999,303,513,-210,-1.69,-0.3,-0.1,-0.14,-0.02,-0.08,-0.9193,-1.18,-0.3185,-1.0251,-0.31650609559999127,-1.5366654487554314,106,1324
2024-25,1631093,Jaden Ivey,1610612765,-0.7131,-0.5391,0.17399999999999993,0.17399999999999993,413,433,-20,-0.57,-0.33,0.16,-1.07,-0.08,-0.14,-0.76,-0.569,-0.7131,-0.5391,-0.8855847934563215,-1.5453475150881026,3053,3610
2024-25,202691,Klay Thompson,1610612742,-0.3626,-0.3807,-0.018100000000000005,0.018100000000000005,319,400,-81,-0.23,-0.67,1.65,-0.52,0.2,0.2,-0.39,-0.39,-0.3626,-0.3807,0.7726057469912223,-1.5459649064717593,2583,8166
2024-25,1629632,Coby White,1610612741,-0.1328,-0.3532,-0.2204,0.2204,225,387,-162,-0.29,0.25,0.24,-1.31,-0.22,-0.18,-0.14,-0.36,-0.1328,-0.3532,0.5656099962885894,-1.5466829857080238,3642,10460
2024-25,1630544,Tre Mann,1610612766,-1.0323,-1.097,-0.06469999999999998,0.06469999999999998,450,520,-70,-0.47,-0.46,-2.52,-2.82,-0.27,-0.1,-1.1906,-1.2652,-1.0323,-1.097,-0.10943264298650472,-1.6547741086285028,1304,1304
2024-25,1626192,Pat Connaughton,1610612749,-0.5353,-0.7027,-0.1674,0.1674,375,468,-93,-0.79,-0.66,0.9,-1.13,-0.03,0.04,-0.64,-0.76,-0.5353,-0.7027,-0.45227567421904474,-1.655637491891585,1078,2454
2024-25,1626168,Trey Lyles,1610612758,-0.2066,-0.4631,-0.2565,0.2565,252,415,-163,-1.12,-0.55,0.76,-1.06,-0.05,-0.13,-0.2372,-0.48,-0.2066,-0.4631,-0.8597735828006501,-1.7190250170179056,1498,5483
2024-25,1631115,Orlando Robinson,1610612758,-0.2755,-0.63,-0.3545,0.3545,283,456,-173,-1.15,-1.32,-0.35,-0.74,-0.18,-0.12,-0.58,-0.67,-0.2755,-0.63,-0.03789546265216743,-1.7811572600536276,189,3152
2024-25,203935,Marcus Smart,1610612763,-0.2791,-0.6388,-0.3597,0.3597,284,460,-176,-0.68,-0.44,0.03,-1.48,0.05,0.03,-0.31,-0.68,-0.2791,-0.6388,-0.7688510462214839,-1.7917352123295682,1602,3098
2024-25,1631200,Kris Murray,1610612757,-0.3423,-0.5261,-0.18380000000000002,0.18380000000000002,312,430,-118,-0.3,-0.85,-1.44,-1.15,-0.04,-0.09,-0.4,-0.55,-0.3423,-0.5261,0.17152643325665679,-1.795674398467381,1276,4396
2024-25,1630214,Xavier Tillman,1610612738,-0.8879,-1.5625,-0.6746,0.6746,433,548,-115,-2.42,-3.27,-0.22,-2.33,-0.5,-0.24,-1.18,-1.9,-0.8879,-1.5625,-1.1630175938243026,-1.8248202157304119,600,926
2024-25,1642275,Tidjane Salaün,1610612766,-0.421,-0.5191,-0.09810000000000002,0.09810000000000002,343,428,-85,-0.79,-1.03,-2.61,-2.14,-0.39,-0.28,-0.47,-0.54,-0.421,-0.5191,-0.5968100551300427,-1.9796920002308862,1704,4975
2024-25,1628464,Daniel Theis,1610612740,-1.113,-0.7652,0.3478,0.3478,457,479,-22,-1.96,-1.31,-0.96,-0.59,0.1,-0.22,-1.31,-0.824,-1.113,-0.7652,-1.1613139025293533,-2.0021514205752142,1071,2604
2024-25,1631248,Baylor Scheierman,1610612738,-0.328,-1.1892,-0.8612,0.8612,305,528,-223,-1.47,-0.79,-0.69,-2,-0.08,-0.16,-0.8,-1.35,-0.328,-1.1892,-0.2953424889977329,-2.0823904445544215,139,1479
2024-25,1629004,Svi Mykhailiuk,1610612762,-0.4075,-0.7145,-0.30700000000000005,0.30700000000000005,336,472,-136,-0.15,-0.95,-0.25,1.83,-0.17,0,-0.65,-0.76,-0.4075,-0.7145,-0.15938815101578027,-2.1743089579755273,527,3140
2024-25,1629611,Terance Mann,1610612746,-0.317,-0.5124,-0.19539999999999996,0.19539999999999996,302,424,-122,-0.46,-0.09,-2.67,-2.29,0.05,-0.07,-0.35,-0.53,-0.317,-0.5124,-0.13693363616134388,-2.2536749519512824,1921,5811
2024-25,1630579,Jericho Sims,1610612752,-0.3802,-0.8612,-0.481,0.481,328,493,-165,-0.88,-1.2,-0.32,-1.92,-0.33,-0.28,-0.44,-0.93,-0.3802,-0.8612,-0.7599863414727276,-2.2857683005881912,1324,2502
2024-25,203901,Elfrid Payton,1610612740,-0.6132,-1.0102,-0.397,0.397,394,510,-116,-1.2,-3.22,1.8,1.06,0.43,0.7,-0.85,-1.11,-0.6132,-1.0102,-0.43588712420211567,-2.3047833824296045,518,2025
2024-25,1629618,Jalen Pickett,1610612743,-0.0631,-0.8285,-0.7654,0.7654,194,489,-295,-0.47,-0.96,0.04,0.53,0.17,0.24,-0.1377,-0.89,-0.0631,-0.8285,-0.040389346271177094,-2.329255203253229,150,2695
2024-25,202331,Paul George,1610612755,-1.007,-0.5593,0.4476999999999999,0.4476999999999999,447,440,7,-1.09,-0.55,-0.04,0.81,0.14,0.03,-1.12,-0.58,-1.007,-0.5593,0.09728974677673918,-2.4778508787613474,1889,5404
2024-25,1642265,Rob Dillingham,1610612750,-0.6431,-1.051,-0.40789999999999993,0.40789999999999993,399,515,-116,-1.71,-1.99,-0.86,-1,-0.14,0.19,-0.89,-1.15,-0.6431,-1.051,-0.6200611148744012,-2.548083369101196,455,2124
2024-25,1629630,Ja Morant,1610612763,-0.548,-0.5144,0.033600000000000074,0.033600000000000074,378,425,-47,-0.77,0.01,1.78,2.66,0.26,0.11,-0.6,-0.53,-0.548,-0.5144,-0.34744269013097673,-2.5807410520497287,1967,6603
2024-25,203915,Spencer Dinwiddie,1610612742,-0.1196,-0.4499,-0.33030000000000004,0.33030000000000004,217,410,-193,0.31,-0.67,-1.31,-0.55,0.1,-0.07,-0.13,-0.46,-0.1196,-0.4499,0.3109631809747881,-2.6061947301666004,2301,8876
2024-25,1630556,Kessler Edwards,1610612742,-0.3155,-0.9363,-0.6208,0.6208,301,498,-197,-3.58,-0.82,-0.42,-1.27,-0.22,0.13,-1.5774,-1.01,-0.3155,-0.9363,-0.4259997232187667,-2.6080083173560915,87,2540
2024-25,203471,Dennis Schröder,1610612751,-0.0941,-0.4594,-0.36529999999999996,0.36529999999999996,205,411,-206,-0.32,-0.84,2.37,0.51,-0.08,-0.05,-0.1,-0.47,-0.0941,-0.4594,0.4667104424534231,-2.667701894572433,3201,8663
2024-25,1641816,Hunter Tyson,1610612743,-0.5128,-1.3763,-0.8635,0.8635,370,541,-171,-0.92,-0.9,-1.32,-5.34,-0.16,-0.2,-0.69,-1.55,-0.5128,-1.3763,-0.282790554415599,-2.6786315006809107,481,1585
2024-25,1630288,Jeff Dowtin Jr.,1610612755,-0.1309,-0.9825,-0.8516,0.8516,222,506,-284,-0.14,0.82,0.47,-0.06,0.14,0.01,-0.2098,-1.06,-0.1309,-0.9825,-0.2156783039839492,-2.779405269570386,375,2535
2024-25,1628392,Isaiah Hartenstein,1610612760,-0.3317,-0.5432,-0.21150000000000002,0.21150000000000002,308,437,-129,0.21,-0.34,2.03,1.09,0.08,0.13,-0.38,-0.56,-0.3317,-0.5432,0.2086553083821229,-2.8157032404355906,1371,6484
2024-25,1627742,Brandon Ingram,1610612740,-0.4437,-1.0283,-0.5846,0.5846,352,514,-162,-0.57,-0.58,-0.01,-2.38,0.09,0.11,-0.48,-1.1124,-0.4437,-1.0283,-0.3477325008724914,-2.8506829239371574,2446,2446
2024-25,1631114,Jalen Williams,1610612760,0.4829,-0.4601,-0.9430000000000001,0.9430000000000001,49,412,-363,0.78,0.43,-1.13,-2.06,0.26,0.12,0.51,-0.47,0.4829,-0.4601,2.285026767116942,-2.868729563483651,3571,9284
2024-25,1631101,Shaedon Sharpe,1610612757,-0.3513,-0.4601,-0.10880000000000001,0.10880000000000001,315,413,-98,-0.2,-0.05,-0.21,-2.59,-0.11,-0.15,-0.38,-0.47,-0.3513,-0.4601,-0.19668172476984597,-2.884797415411823,2406,9336
2024-25,1629216,Gabe Vincent,1610612747,-1.0312,-0.5716,0.4595999999999999,0.4595999999999999,449,443,6,-0.84,-0.39,0.28,-1.98,-0.02,0.03,-1.13,-0.59,-1.0312,-0.5716,-0.7376267807606425,-2.9601663428075478,1975,6205
2024-25,1641710,Anthony Black,1610612753,-0.7291,-0.5164,0.2127,0.2127,417,426,-9,-0.86,-0.51,-0.13,-1.12,-0.17,-0.16,-0.78,-0.53,-0.7291,-0.5164,-0.8584700362858634,-2.980719778277281,2829,7568
2024-25,203486,Mason Plumlee,1610612756,-0.6711,-0.6357,0.03539999999999999,0.03539999999999999,404,457,-53,-0.83,-0.49,1.03,2.58,-0.33,-0.59,-0.75,-0.66,-0.6711,-0.6357,-0.8639489571686508,-3.0009179423868404,1707,5231
2024-25,1631124,Julian Strawther,1610612743,-0.5305,-0.6282,-0.09770000000000001,0.09770000000000001,372,455,-83,-0.09,-0.85,-5.58,-3.85,0.16,0.02,-0.58,-0.65,-0.5305,-0.6282,-0.18677667034031317,-3.243777947259385,1995,5768
2024-25,1641716,Jarace Walker,1610612754,-0.8495,-0.7015,0.14800000000000002,0.14800000000000002,431,467,-36,-0.53,-0.17,-1.5,-3.33,-0.05,0.01,-0.93,-0.73,-0.8495,-0.7015,-0.6209539512889614,-3.3084533122250517,2029,4917
2024-25,1631323,Simone Fontecchio,1610612765,-0.3648,-0.6939,-0.32909999999999995,0.32909999999999995,320,464,-144,0.38,-0.4,-0.19,-0.65,-0.31,-0.3,-0.4,-0.72,-0.3648,-0.6939,0.6755343947418911,-3.5213182852214024,1959,5324
2024-25,202684,Tristan Thompson,1610612739,-0.9084,-2.0406,-1.1322,1.1322,437,554,-117,-2.78,-2.75,-1.88,-4.81,-0.45,-0.49,-1.51,-2.35,-0.9084,-2.0406,-1.0902793773274493,-3.549811289475981,291,1319
2024-25,1641794,Dillon Jones,1610612760,-1.4151,-1.289,0.1261000000000001,0.1261000000000001,470,537,-67,-2.18,-1.98,-2.81,-3.67,-0.33,-0.25,-1.82,-1.4,-1.4151,-1.289,-1.1258627734824755,-3.618606566231074,710,2322
2024-25,1628467,Maxi Kleber,1610612742,-0.6512,-1.1549,-0.5037,0.5037,401,525,-124,-1.92,-1.65,0.25,-1.34,-0.35,-0.17,-0.77,-1.2414,-0.6512,-1.1549,-1.2425340649645267,-3.6253134624730614,1230,2673
2024-25,1630175,Cole Anthony,1610612753,-1.7326,-0.7593,0.9732999999999999,0.9732999999999999,473,478,-5,-1.57,-0.68,-0.31,1.65,-0.18,0.14,-2.03,-0.79,-1.7326,-0.7593,-2.3207939195981524,-3.7634321750184836,1266,4952
2024-25,1630172,Patrick Williams,1610612741,-0.9684,-0.6412,0.32720000000000005,0.32720000000000005,443,461,-18,-0.48,-1.24,-0.13,-1.52,-0.34,-0.14,-1.06,-0.66,-0.9684,-0.6412,-1.3070792100969737,-3.9614681485725685,2132,6807
2024-25,203992,Bogdan Bogdanović,1610612737,-0.8979,-0.7524,0.14550000000000007,0.14550000000000007,435,476,-41,-1.1,-0.42,-2.44,-1.96,-0.02,0.1,-1.03,-0.78,-0.8979,-0.7524,-0.5202791562065106,-4.09346660727473,1350,5461
2024-25,203995,Vasilije Micić,1610612766,-1.1289,-1.1747,-0.04580000000000006,0.04580000000000006,459,527,-68,-0.69,-1.81,-0.07,-0.37,-0.16,0.01,-1.3,-1.25,-1.1289,-1.1747,-1.1627442328849134,-4.321909709395175,1329,3118
2024-25,203994,Jusuf Nurkić,1610612756,-1.3344,-0.9561,0.3783000000000001,0.3783000000000001,468,500,-32,-1.23,-0.94,-0.39,0.23,-0.61,-0.28,-1.47,-1,-1.3344,-0.9561,-1.4423186503776035,-4.599464818928383,1832,4353
2024-25,1626156,D'Angelo Russell,1610612747,-0.6177,-0.7554,-0.13769999999999993,0.13769999999999993,396,477,-81,-0.44,-1.32,3.2,2.16,0.27,0.23,-0.66,-0.78,-0.6177,-0.7554,-0.7839349129486822,-4.634721846215577,2858,6146
2024-25,101108,Chris Paul,1610612759,0.2917,-0.5874,-0.8791,0.8791,86,445,-359,0.02,-0.64,-0.5,2,0.18,0.23,0.31,-0.6,0.2917,-0.5874,1.5707314227760856,-4.658655559802958,3272,9301
2024-25,1628370,Malik Monk,1610612758,0.3898,-0.6254,-1.0151999999999999,1.0151999999999999,65,453,-388,0.13,-0.72,0.49,-1.04,0.41,0.27,0.42,-0.64,0.3898,-0.6254,1.671828563184657,-4.769429079467467,2559,8545
2024-25,1631246,Vince Williams Jr.,1610612763,-0.5979,-1.7474,-1.1495000000000002,1.1495000000000002,389,551,-162,-2.7,-1.66,0.67,-0.29,-0.26,0.04,-1.1646,-1.91,-0.5979,-1.7474,-0.6851234257370912,-4.8360993601955125,211,2150
2024-25,1641748,Andre Jackson Jr.,1610612749,-1.3384,-1.0756,0.26280000000000014,0.26280000000000014,469,519,-50,-1.49,-1.44,3.34,-2.15,-0.39,-0.07,-1.5,-1.13,-1.3384,-1.0756,-1.323752956886528,-4.888842159514896,1864,3953
2024-25,1630702,Jaden Hardy,1610612742,-1.1643,-1.1204,0.04389999999999983,0.04389999999999983,461,524,-63,-2.43,-1.24,-1.96,-0.19,-0.07,-0.05,-1.34,-1.18,-1.1643,-1.1204,-2.108451715728224,-4.904053109583672,1325,3760
2024-25,1630553,Keon Johnson,1610612751,-1.1146,-0.6728,0.4418000000000001,0.4418000000000001,458,463,-5,-1.78,-0.63,-2.42,-1.26,-0.22,-0.1,-1.24,-0.69,-1.1146,-0.6728,-1.9962182598879263,-4.92095781623891,1816,7816
2024-25,1630595,Cade Cunningham,1610612765,-0.7862,-0.5886,0.1976,0.1976,421,446,-25,-0.75,-0.79,0.05,2.22,0.13,0.34,-0.83,-0.6,-0.7862,-0.5886,-1.3435379898277193,-5.175148369866546,3414,10295
2024-25,2544,LeBron James,1610612747,-0.5494,-0.5981,-0.048699999999999966,0.048699999999999966,379,448,-69,-1.43,-0.31,-4.27,-3,0.11,0.07,-0.58,-0.61,-0.5494,-0.5981,-3.1273240400178257,-5.202104226335349,3587,10062
2024-25,1642263,Reed Sheppard,1610612745,-0.606,-1.5128,-0.9067999999999999,0.9067999999999999,392,545,-153,-1.32,-1.09,-1.31,-2.32,0.28,0.31,-0.7,-1.62,-0.606,-1.5128,-0.9306397315726664,-5.3497647709488865,1400,2822
2024-25,1626145,Tyus Jones,1610612756,0.2361,-0.6649,-0.901,0.901,102,462,-360,0.35,0.04,-1.26,-2,0.23,0.28,0.25,-0.68,0.2361,-0.6649,1.984483131537357,-5.448050886665543,3273,8820
2024-25,1629028,Deandre Ayton,1610612757,-0.5149,-0.9878,-0.4729,0.4729,371,508,-137,-0.11,-0.39,-0.95,-2.29,-0.18,-0.05,-0.56,-1.0276,-0.5149,-0.9878,-0.10996492113658692,-5.4712027620920285,2506,4954
2024-25,1627732,Ben Simmons,1610612751,-1.0486,-1.1009,-0.05230000000000001,0.05230000000000001,451,521,-70,-1.77,-2.34,-0.21,-0.17,-0.16,0.27,-1.15,-1.15,-1.0486,-1.1009,-2.4704673925529037,-5.711449103245676,2084,4480
2024-25,1642274,Yves Missi,1610612740,-0.5323,-0.7318,-0.1995,0.1995,373,475,-102,-0.17,-0.74,-2.42,-2.12,-0.1,-0.25,-0.57,-0.75,-0.5323,-0.7318,0.5072557274992222,-5.769807360572415,2854,8030
2024-25,203110,Draymond Green,1610612744,-0.6265,-0.713,-0.08650000000000002,0.08650000000000002,397,471,-74,-1,-1.37,2.47,4.36,-0.2,-0.08,-0.67,-0.73,-0.6265,-0.713,-1.1410760988150206,-5.778305234456153,2641,8372
2024-25,1626171,Bobby Portis,1610612749,-1.0298,-1.0106,0.019200000000000106,0.019200000000000106,448,511,-63,-1.1,-0.76,-3.72,-0.77,-0.13,-0.03,-1.12,-1.05,-1.0298,-1.0106,-0.7481973834851209,-5.844155090061823,2517,5132
2024-25,1642273,Kyshawn George,1610612764,-0.5745,-0.7791,-0.2046,0.2046,384,482,-98,-1.17,-0.55,2.33,1.13,0.05,-0.03,-0.63,-0.8,-0.5745,-0.7791,-1.1758699713371297,-5.87947120363378,2286,7444
2024-25,1641722,Jordan Hawkins,1610612740,-0.7938,-0.9744,-0.1806000000000001,0.1806000000000001,422,504,-82,-0.94,-0.96,-1.29,-2.28,0.01,-0.08,-0.91,-1.01,-0.7938,-0.9744,-1.131559687677985,-5.942517626049844,1598,5481
2024-25,1630567,Scottie Barnes,1610612761,-0.3471,-0.7043,-0.3572,0.3572,313,470,-157,-0.76,-0.64,-0.41,0.13,0.15,0.15,-0.38,-0.72,-0.3471,-0.7043,0.2132938182359865,-6.065287922476223,2445,8958
2024-25,1642354,KJ Simpson,1610612766,-0.2746,-1.4729,-1.1983000000000001,1.1983000000000001,282,543,-261,-3.06,-1.78,0.68,-1.76,0.08,0.14,-0.39,-1.56,-0.2746,-1.4729,-1.2819092742477458,-6.207978285574941,458,3382
2024-25,1630703,Scoot Henderson,1610612757,-1.16,-0.837,0.32299999999999995,0.32299999999999995,460,490,-30,-2.02,-1.14,-2.31,1.13,0.12,-0.05,-1.27,-0.86,-1.16,-0.837,-3.299607832863406,-6.384408876768047,2141,7279
2024-25,1641733,Nick Smith Jr.,1610612766,0.4009,-1.0141,-1.415,1.415,63,512,-449,-0.02,-1.44,-0.97,-2.26,-0.01,0.14,0.57,-1.05,0.4009,-1.0141,-0.06003214860618413,-6.458123388190379,491,5645
2024-25,1627749,Dejounte Murray,1610612740,-1.7118,-1.2793,0.4324999999999999,0.4324999999999999,472,535,-63,-2.67,-1.77,-1.78,-1.64,0.18,0.15,-1.93,-1.3403,-1.7118,-1.2793,-2.1472444281564975,-6.476156763468865,1594,4195
2024-25,1628398,Kyle Kuzma,1610612764,-1.0707,-0.7811,0.28959999999999997,0.28959999999999997,453,484,-31,-1.96,-1.6,-0.89,-0.6,-0.24,-0.22,-1.2195,-0.8,-1.0707,-0.7811,-1.755426390718131,-6.547284893359909,1439,8258
2024-25,1631094,Paolo Banchero,1610612753,0.2705,-0.9689,-1.2394,1.2394,92,502,-410,1.29,0,-0.46,-3,-0.2,-0.27,0.3438,-1,0.2705,-0.9689,1.0094914568473172,-6.711545367925129,738,6238
2024-25,1641731,Bilal Coulibaly,1610612764,-0.6524,-0.8396,-0.18720000000000003,0.18720000000000003,402,491,-89,-0.77,-1.08,-0.78,-1.03,-0.12,-0.29,-0.69,-0.86,-0.6524,-0.8396,-0.8731508159918691,-7.2366876865726395,3293,8214
2024-25,1642264,Stephon Castle,1610612759,-0.9085,-0.8116,0.09689999999999999,0.09689999999999999,438,487,-49,-1.39,-1.5,2.45,0.98,-0.13,-0.25,-0.97,-0.83,-0.9085,-0.8116,-2.9791885566927103,-7.398341431013604,3009,8820
2024-25,1642262,Cody Williams,1610612762,-1.9795,-1.3881,0.5914000000000001,0.5914000000000001,474,542,-68,-2.43,-2.12,-3.31,-3.07,-0.1,-0.2,-2.296,-1.45,-1.9795,-1.3881,-2.0143705496644744,-7.661076434193324,1251,4486
2024-25,1630590,Scotty Pippen Jr.,1610612763,-0.3717,-0.973,-0.6013,0.6013,323,503,-180,-0.88,0.09,-3.05,-3.01,0.07,0.07,-0.4,-1,-0.3717,-0.973,-1.4585194319214885,-7.812711134378511,2745,7220
2024-25,1626179,Terry Rozier,1610612748,-0.7956,-1.0579,-0.2623000000000001,0.2623000000000001,423,517,-94,-1.37,-1.66,-1.23,-1.81,-0.08,-0.03,-0.86,-1.09,-0.7956,-1.0579,-1.9925712183922626,-7.967054759843749,2371,6584
2024-25,1630581,Josh Giddey,1610612741,-0.9213,-0.851,0.07030000000000003,0.07030000000000003,441,492,-51,-2.12,-0.76,-1.09,1.32,-0.08,0.1,-0.98,-0.87,-0.9213,-0.851,-3.2853852403288033,-8.063159054203366,2899,8977
2024-25,1628389,Bam Adebayo,1610612748,-1.256,-0.8048,0.45120000000000005,0.45120000000000005,464,486,-22,-1.53,-0.46,0.78,0.18,-0.13,-0.2,-1.33,-0.82,-1.256,-0.8048,-1.9368235076795548,-8.773670121187404,3343,10589
2024-25,1630558,Davion Mitchell,1610612761,-0.9011,-0.9665,-0.06540000000000001,0.06540000000000001,436,501,-65,-1.8,-0.69,1.08,0.65,0.1,0.2,-0.96,-0.99,-0.9011,-0.9665,-2.635788305130442,-8.823919539581874,2947,8229
2024-25,1642267,Carlton Carrington,1610612764,-0.4221,-0.8633,-0.4412,0.4412,344,494,-150,-1.04,-1.24,-1.93,-3.22,-0.09,0.01,-0.45,-0.88,-0.4221,-0.8633,-1.8041053673548104,-9.461692073954412,2993,10321
2024-25,1642259,Alexandre Sarr,1610612764,-1.2458,-1.1014,0.14440000000000008,0.14440000000000008,463,522,-59,-1.57,-1.82,-1.51,1.13,-0.07,-0.04,-1.34,-1.13,-1.2458,-1.1014,-2.376748456481489,-9.815978110039282,2554,7695
2024-25,1629614,Andrew Nembhard,1610612754,-0.8321,-1.169,-0.3369000000000001,0.3369000000000001,425,526,-101,-0.48,-1.11,0.42,-0.9,0.12,-0.14,-0.94,-1.2,-0.8321,-1.169,-0.7948917516775422,-10.394798961822033,1362,7546
2024-25,1641718,Keyonte George,1610612762,-1.2635,-1.0559,0.2076,0.2076,465,516,-51,-1.73,-1.15,-2.36,-2.45,-0.1,-0.1,-1.34,-1.08,-1.2635,-1.0559,-3.5955515420680975,-10.578572079009295,3035,8764
2024-25,1629645,Kevin Porter Jr.,1610612746,-2.1404,-1.5587,0.5817000000000001,0.5817000000000001,476,547,-71,-2.45,-0.68,-2.5,0.15,0.01,0,-2.35,-1.61,-2.1404,-1.5587,-3.229739839361023,-11.932961765559211,2024,6073
2024-25,201935,James Harden,1610612746,-0.6551,-0.9829,-0.3278,0.3278,403,507,-104,-0.77,-0.26,1.6,-0.65,0.1,0.11,-0.69,-1,-0.6551,-0.9829,-0.2850903169957031,-12.581667975758824,3797,11469
2024-25,1642347,Jamal Shead,1610612761,-1.278,-1.7622,-0.48419999999999996,0.48419999999999996,466,552,-86,-2.51,-1.5,-3.3,-4.06,0.18,0.33,-1.45,-1.82,-1.278,-1.7622,-2.1780363179240685,-13.854833766429921,1524,6099
2024-25,1629027,Trae Young,1610612737,-0.887,-1.2486,-0.3615999999999999,0.3615999999999999,432,531,-99,-1.58,-1.37,1.23,2.16,0.35,0.16,-0.93,-1.27,-0.887,-1.2486,-3.3811613378335243,-17.50434426835639,4090,11689
2024-25,201566,Russell Westbrook,1610612743,-0.7108,-1.5653,-0.8544999999999999,0.8544999999999999,411,549,-138,-1.41,-2.03,-1.43,-2.03,0.47,0.21,-0.76,-1.6,-0.7108,-1.5653,-2.5743815950100504,-17.817264780275632,2776,9022
2024-25,1642268,Isaiah Collier,1610612762,-1.6193,-2.369,-0.7497000000000003,0.7497000000000003,471,555,-84,-4.23,-2.65,-0.63,-0.24,-0.28,-0.07,-1.88,-2.43,-1.6193,-2.369,-3.7994372771322666,-24.763831875062348,1269,7772
2025-26,1628983,Shai Gilgeous-Alexander,1610612760,2.29,1.52,-0.77,0.77,1,6,-5,3.49,3.18,4.22,5.01,0.79,0.29,2.43,1.55,2.2945,1.5171,4.71,10.01,3733,9235
2025-26,202695,Kawhi Leonard,1610612746,0.43,1.22,0.79,0.79,78,8,70,1.7,2.8,0.52,3.81,0.34,0.06,0.47,1.25,0.4316,1.2214,1.49,8.16,2108,8540
2025-26,1631105,Jalen Duren,1610612765,0.42,1.2,0.78,0.78,82,9,73,1.21,2.39,2.67,2.01,-0.19,-0.01,0.45,1.23,0.4198,1.2005,1.28,6.64,2875,8146
2025-26,1630178,Tyrese Maxey,1610612755,1,0.77,-0.22999999999999998,0.22999999999999998,11,27,-16,1.84,1.49,1.62,2.55,0.35,-0.13,1.05,0.78,0.997,0.766,2.21,5.55,4085,10951
2025-26,1641705,Victor Wembanyama,1610612759,0.65,0.55,-0.09999999999999998,0.09999999999999998,41,55,-14,1.26,2.05,2.08,4.76,0.67,0.33,0.72,0.56,0.6521,0.546,0.94,5.45,2129,7784
2025-26,201142,Kevin Durant,1610612745,0.27,0.56,0.29000000000000004,0.29000000000000004,117,53,64,1.53,1.36,0.79,2.28,-0.19,-0.28,0.29,0.57,0.2734,0.5603,1.27,5.32,3450,11517
2025-26,1628378,Donovan Mitchell,1610612739,0.96,0.79,-0.16999999999999993,0.16999999999999993,14,24,-10,1.81,1.57,0.91,2.87,0.23,-0.04,1.01,0.81,0.9601,0.794,2.52,5.29,3838,9900
2025-26,203999,Nikola Jokić,1610612743,1.64,0.75,-0.8899999999999999,0.8899999999999999,5,30,-25,2.24,1.56,2.27,3.66,-0.02,0.03,1.73,0.77,1.6446,0.7545,3.26,5.18,3866,9758
2025-26,1630162,Anthony Edwards,1610612750,0.48,0.94,0.45999999999999996,0.45999999999999996,70,17,53,1.49,1.61,-0.83,0.06,0.32,0.01,0.51,0.96,0.4764,0.939,1.35,4.91,3352,8938
2025-26,1628374,Lauri Markkanen,1610612762,1.18,1.91,0.73,0.73,9,2,7,2.35,2.22,2.16,2.72,0.24,0.03,1.24,1.9747,1.1751,1.9137,2.92,4.79,3278,6266
2025-26,1642851,Kon Knueppel,1610612766,0.24,0.67,0.43000000000000005,0.43000000000000005,132,43,89,0.79,1.33,1.99,2.84,-0.1,-0.06,0.25,0.68,0.2375,0.6671,1.32,4.68,3625,10376
2025-26,1630217,Desmond Bane,1610612753,-0.39,0.34,0.73,0.73,364,96,268,-0.2,1.13,0.79,1.46,-0.09,-0.17,-0.41,0.35,-0.389,0.3439,0.08,4.29,3698,11232
2025-26,1626181,Norman Powell,1610612748,1.47,0.73,-0.74,0.74,7,34,-27,2.71,1.61,2.61,1.54,-0.1,-0.09,1.56,0.75,1.4674,0.7307,2.79,4.16,3031,7564
2025-26,1629029,Luka Dončić,1610612747,1.22,0.41,-0.81,0.81,8,79,-71,1.17,1.25,0.29,1.72,0.31,-0.03,1.3,0.42,1.2224,0.4113,1.38,4.04,3019,9501
2025-26,1629627,Zion Williamson,1610612740,0.27,0.68,0.41000000000000003,0.41000000000000003,119,41,78,0.22,1.51,1.35,-0.3,0.05,0.1,0.3,0.7,0.265,0.6825,0.07,4.02,1520,7789
2025-26,1630530,Trey Murphy III,1610612740,0.48,0.58,0.09999999999999998,0.09999999999999998,68,51,17,1.38,1.19,-0.61,0.94,-0.25,-0.29,0.51,0.59,0.4848,0.5781,1.82,3.95,3721,9748
2025-26,1631096,Chet Holmgren,1610612760,0.53,0.36,-0.17000000000000004,0.17000000000000004,59,91,-32,1.15,1.33,2.61,3.57,0.01,0.01,0.57,0.37,0.5323,0.3614,1.3,3.8,3077,8379
2025-26,1630245,Ayo Dosunmu,1610612741,0.66,0.41,-0.25000000000000006,0.25000000000000006,39,80,-41,1.11,1.37,0.23,-1.85,-0.02,-0.17,0.71,0.42,0.6556,0.4099,1.03,3.79,2553,8119
2025-26,1629638,Nickeil Alexander-Walker,1610612737,-0.06,-0.06,0,0,248,263,-15,0.5,0.95,0.78,0.73,-0.02,-0.11,-0.06,-0.06,-0.057,-0.0589,0.45,3.63,3807,11222
2025-26,1630198,Isaiah Joe,1610612760,0.2,0.42,0.21999999999999997,0.21999999999999997,154,76,78,1.58,1.7,-0.92,-0.85,0.11,-0.01,0.22,0.43,0.1973,0.4165,0.79,3.62,1965,6182
2025-26,203507,Giannis Antetokounmpo,1610612749,0.96,1.17,0.20999999999999996,0.20999999999999996,15,10,5,1.7,2.44,2.52,3.85,0.58,0.4,1.05,1.23,0.9565,1.1745,1.46,3.61,2179,4232
2025-26,1629674,Neemias Queta,1610612738,0.9,0.5,-0.4,0.4,18,60,-42,1.74,1.39,2.35,0.96,0.12,0.12,0.97,0.51,0.8953,0.4968,1.24,3.58,2379,7536
2025-26,202710,Jimmy Butler III,1610612744,1.69,2.31,0.6200000000000001,0.6200000000000001,4,1,3,2.25,2.1,2.59,3.78,0.46,0.48,1.8,2.4051,1.6892,2.3099,2.19,3.53,3029,4853
2025-26,1629750,Javonte Green,1610612765,-0.04,0.28,0.32,0.32,240,112,128,0.19,1.53,1.22,0.54,-0.13,-0.07,-0.04,0.29,-0.0366,0.2812,0.25,3.36,2027,6387
2025-26,1628384,OG Anunoby,1610612752,0.86,0.16,-0.7,0.7,21,149,-128,0.71,1.11,2.62,2.61,0.15,-0.05,0.94,0.16,0.8556,0.1565,0.88,3.35,2428,8823
2025-26,1629640,Keldon Johnson,1610612759,0.33,0.94,0.6099999999999999,0.6099999999999999,98,18,80,1.68,1.21,-0.02,-0.11,-0.25,-0.19,0.36,0.96,0.3343,0.9367,1.47,3.32,2685,8028
2025-26,1630572,Sandro Mamukelashvili,1610612761,0.79,0.5,-0.29000000000000004,0.29000000000000004,27,61,-34,1.23,1.29,2.15,0.78,-0.17,-0.18,0.86,0.51,0.7903,0.4962,1.01,3.17,2328,7199
2025-26,201939,Stephen Curry,1610612744,0.58,0.72,0.14,0.14,49,36,13,1.03,1.51,0.95,2.13,0.36,0.08,0.62,0.75,0.577,0.7248,1.55,3,2681,5745
2025-26,1629008,Michael Porter Jr.,1610612751,0.63,0.68,0.050000000000000044,0.050000000000000044,45,42,3,2.21,1.27,0.84,2.98,0.16,-0.12,0.67,0.7,0.6277,0.6801,1.96,2.98,2851,6830
2025-26,1630541,Moses Moody,1610612744,0.28,0.33,0.04999999999999999,0.04999999999999999,114,100,14,0.67,1.33,-0.01,0.73,0.34,0.13,0.3,0.34,0.2798,0.3298,0.73,2.96,2773,6468
2025-26,1627750,Jamal Murray,1610612743,0.13,0.23,0.1,0.1,177,124,53,0.83,0.78,0.39,1.08,0.05,-0.14,0.14,0.23,0.1327,0.2259,1.21,2.92,3692,10970
2025-26,203501,Tim Hardaway Jr.,1610612743,0.21,0.36,0.15,0.15,150,92,58,0.65,0.96,0.33,1.23,-0.16,-0.15,0.23,0.37,0.2147,0.3617,0.63,2.88,2848,8754
2025-26,1630200,Tre Jones,1610612741,0.25,0.31,0.06,0.06,127,106,21,1.2,1.07,-1.23,1.16,-0.02,0.03,0.27,0.32,0.2495,0.3118,0.59,2.79,2427,7641
2025-26,1631109,Mark Williams,1610612756,0.89,0.71,-0.18000000000000005,0.18000000000000005,19,37,-18,1.94,1.33,2.59,0.33,0.13,0.12,0.96,0.73,0.885,0.7062,1.72,2.72,2240,5935
2025-26,1630241,Sam Merrill,1610612739,0.21,1.05,0.8400000000000001,0.8400000000000001,149,12,137,1.14,1.35,-0.96,1.62,0.05,-0.23,0.2435,1.09,0.2116,1.0526,0.7,2.62,1447,5636
2025-26,1630577,Julian Champagnie,1610612759,0.11,0.06,-0.05,0.05,185,209,-24,0.23,0.81,1.11,4.52,-0.07,-0.14,0.12,0.06,0.1128,0.0588,0.55,2.59,3153,9440
2025-26,1628379,Luke Kennard,1610612737,0.46,0.77,0.31,0.31,72,28,44,0.74,1.08,1.86,0.54,-0.07,-0.23,0.5,0.79,0.458,0.768,0.53,2.58,2127,6978
2025-26,1630202,Payton Pritchard,1610612738,0.43,0.36,-0.07,0.07,81,93,-12,0.6,0.74,1.33,0.02,0.11,-0.22,0.45,0.37,0.4261,0.3628,0.03,2.52,3588,10030
2025-26,1630180,Saddiq Bey,1610612740,-0.03,0.24,0.27,0.27,233,121,112,0.78,0.78,-1.53,-0.15,-0.24,-0.22,-0.03,0.25,-0.0283,0.2448,1.04,2.52,3281,9453
2025-26,1628386,Jarrett Allen,1610612739,0.23,0.32,0.09,0.09,138,101,37,0.42,1.13,2.35,1.73,0.07,0.16,0.25,0.33,0.2261,0.3201,0.18,2.51,2158,6448
2025-26,1629057,Robert Williams III,1610612757,0.09,0.77,0.68,0.68,195,29,166,1.02,1.67,-0.9,1.49,0.29,0.06,0.1,0.81,0.0853,0.7737,0.44,2.48,1150,4265
2025-26,1628969,Mikal Bridges,1610612752,0.54,0.27,-0.27,0.27,56,114,-58,1.41,0.68,1.18,0.28,0.38,-0.22,0.57,0.27,0.5395,0.2651,1.9,2.48,4020,10732
2025-26,1642266,Ja'Kobe Walter,1610612761,0.22,0.15,-0.07,0.07,147,157,-10,0.02,1.16,-3.07,-3.74,-0.09,-0.15,0.25,0.16,0.224,0.1549,0.03,2.42,1752,6062
2025-26,1628973,Jalen Brunson,1610612752,0.78,0.43,-0.35000000000000003,0.35000000000000003,28,75,-47,1.31,0.69,1.5,0.14,0.28,-0.08,0.83,0.44,0.7822,0.4316,1.59,2.42,3753,10268
2025-26,1642276,Kel'el Ware,1610612748,0.29,0.25,-0.03999999999999998,0.03999999999999998,111,118,-7,1.52,0.94,-1.8,-1.41,-0.11,-0.23,0.31,0.26,0.2904,0.2532,1.2,2.4,2973,7445
2025-26,1642263,Reed Sheppard,1610612745,1,0.39,-0.61,0.61,12,85,-73,1.96,0.8,2.1,0.22,0.06,-0.41,1.08,0.4,0.9955,0.391,1.48,2.38,2472,8653
2025-26,1629130,Duncan Robinson,1610612765,0.17,0.4,0.23,0.23,167,83,84,0.59,0.8,0.01,-2.56,-0.22,-0.44,0.18,0.41,0.1686,0.4008,0.4,2.37,3066,8698
2025-26,1629655,Daniel Gafford,1610612742,0.83,0.49,-0.33999999999999997,0.33999999999999997,24,64,-40,1.26,1.35,0.27,1.11,0.04,0.02,0.94,0.51,0.8288,0.4903,0.76,2.33,1565,4980
2025-26,1629637,Jaxson Hayes,1610612747,-0.05,0.56,0.6100000000000001,0.6100000000000001,245,54,191,0.1,1.36,-1.55,0.5,-0.11,0.23,-0.06,0.58,-0.0534,0.5574,0.06,2.33,1604,4934
2025-26,1641717,Cason Wallace,1610612760,0.34,0.2,-0.14,0.14,95,134,-39,0.39,0.79,-1.52,-1.52,0.03,-0.19,0.36,0.2,0.3364,0.1954,0.93,2.26,3048,8408
2025-26,1630573,Sam Hauser,1610612738,-0.75,0.18,0.9299999999999999,0.9299999999999999,442,141,301,0.02,0.83,0.25,1.49,0.11,-0.2,-0.81,0.18,-0.7484,0.1756,-0.61,2.24,2549,7898
2025-26,1641750,Ryan Kalkbrenner,1610612766,0.29,0.52,0.23000000000000004,0.23000000000000004,112,58,54,0.97,1.04,-2.67,-1.76,-0.01,0.2,0.31,0.54,0.2892,0.5231,0.87,2.22,2668,6205
2025-26,1630230,Naji Marshall,1610612742,0.5,0.52,0.020000000000000018,0.020000000000000018,63,59,4,1.34,0.69,-2.19,0.95,-0.2,-0.22,0.53,0.53,0.4995,0.5188,1.62,2.2,3389,9293
2025-26,1641783,Tristan da Silva,1610612753,0.7,0.3,-0.39999999999999997,0.39999999999999997,36,108,-72,0.98,0.83,0.1,0.97,-0.26,-0.32,0.76,0.31,0.7038,0.3022,0.86,2.19,2389,7730
2025-26,202699,Tobias Harris,1610612765,0.85,0.15,-0.7,0.7,22,158,-136,1.22,0.91,-0.21,-0.23,-0.3,-0.35,0.94,0.15,0.8478,0.1458,0.46,2.19,1948,6969
2025-26,203924,Jerami Grant,1610612757,0.2,0.41,0.20999999999999996,0.20999999999999996,153,81,72,0.86,0.85,-1.67,0.26,0.09,0.16,0.21,0.42,0.1986,0.4089,0.81,2.14,3193,7350
2025-26,1630540,Miles McBride,1610612752,0.2,0.61,0.41,0.41,155,49,106,0.77,1.39,0.83,2.48,0.06,-0.15,0.22,0.64,0.2018,0.6121,0.64,2.13,2338,4395
2025-26,1630533,Ziaire Williams,1610612751,-0.3,0.13,0.43,0.43,340,171,169,-0.52,1.16,-2.02,0.57,0.2,0.09,-0.33,0.13,-0.3017,0.1253,-0.08,2.12,2004,5297
2025-26,1630249,Vít Krejčí,1610612737,0.52,0.49,-0.030000000000000027,0.030000000000000027,61,65,-4,1.28,1.01,-0.82,-1.2,-0.03,-0.1,0.56,0.51,0.5182,0.4935,1.3,2.07,2377,5966
2025-26,1629012,Collin Sexton,1610612766,-0.07,-0.02,0.05,0.05,252,243,9,0.07,0.88,0.08,-0.46,-0.06,-0.06,-0.08,-0.02,-0.0732,-0.0194,0.05,2.06,2147,6787
2025-26,1630551,Justin Champagnie,1610612764,-0.66,0.12,0.78,0.78,427,175,252,-0.76,1.01,-2.47,-0.43,-0.03,-0.12,-0.76,0.12,-0.6625,0.116,-0.19,2.02,1345,5788
2025-26,203497,Rudy Gobert,1610612750,-0.09,0.32,0.41000000000000003,0.41000000000000003,263,102,161,0.75,0.59,1.54,0.58,-0.27,0.25,-0.09,0.33,-0.085,0.3235,0.85,1.98,3593,9903
2025-26,1629011,Mitchell Robinson,1610612752,-0.34,0.14,0.48000000000000004,0.48000000000000004,354,165,189,0.42,1.22,1.03,2.22,-0.45,0.12,-0.4,0.15,-0.3403,0.1438,-0.31,1.98,1430,4669
2025-26,1630194,Paul Reed,1610612765,1.17,0.65,-0.5199999999999999,0.5199999999999999,10,45,-35,1.1,1.4,0.01,-0.11,0.11,0,1.42,0.68,1.1715,0.6467,0.44,1.91,956,3883
2025-26,1628963,Marvin Bagley III,1610612764,0.11,0.46,0.35000000000000003,0.35000000000000003,184,72,112,0.7,1.07,0.9,1.32,-0.1,-0.12,0.12,0.48,0.1075,0.4621,0.6,1.91,1549,5149
2025-26,1641706,Brandon Miller,1610612766,0.12,0.03,-0.09,0.09,183,221,-38,-1.25,0.68,-1.04,-0.37,0.37,0,0.14,0.03,0.122,0.0293,-0.77,1.89,1200,8072
2025-26,1630568,Luka Garza,1610612738,0.14,0.78,0.64,0.64,176,25,151,0.81,1.16,-2.23,0.08,0.27,0.13,0.17,0.81,0.1435,0.7762,0.29,1.85,1237,4589
2025-26,1628381,John Collins,1610612746,-0.55,0.39,0.9400000000000001,0.9400000000000001,404,86,318,-0.2,0.71,0.16,-0.57,-0.12,-0.19,-0.59,0.4,-0.5526,0.3897,-0.5,1.84,2868,7593
2025-26,1629680,Matisse Thybulle,1610612757,1.48,1.6,0.1200000000000001,0.1200000000000001,6,5,1,4.7,2.38,1.16,1.12,0.47,0.12,2.7864,1.76,1.4843,1.6035,0.67,1.79,228,2049
2025-26,1628991,Jaren Jackson Jr.,1610612763,-0.29,0.18,0.47,0.47,334,142,192,0.31,0.87,-2.86,-0.48,0.09,-0.05,-0.31,0.1826,-0.2912,0.1767,0.54,1.78,2975,5984
2025-26,1627780,Gary Payton II,1610612744,-0.04,0.04,0.08,0.08,242,216,26,-0.47,1.1,2.63,0.72,0.15,-0.11,-0.05,0.04,-0.0429,0.0384,-0.23,1.78,1339,4658
2025-26,1641708,Amen Thompson,1610612745,0.5,-0.26,-0.76,0.76,67,343,-276,-0.18,0.43,3.59,5.2,-0.27,-0.17,0.53,-0.26,0.5025,-0.2557,-0.22,1.75,3779,12012
2025-26,1629013,Landry Shamet,1610612752,-0.31,0.78,1.09,1.09,342,26,316,1,1.01,-2.14,0.57,0.03,-0.12,-0.3582,0.81,-0.3126,0.7779,0.53,1.7,1475,4854
2025-26,1630532,Franz Wagner,1610612753,0.56,0.64,0.07999999999999996,0.07999999999999996,54,47,7,1.39,1.16,-0.81,-0.72,0.03,-0.03,0.59,0.67,0.5575,0.6394,1.68,1.69,3435,4174
2025-26,202331,Paul George,1610612755,0.34,0.1,-0.24000000000000002,0.24000000000000002,96,184,-88,0.52,1.03,-0.08,1.22,0.25,-0.18,0.4,0.1,0.338,0.0959,0.8,1.68,939,4694
2025-26,1631169,Josh Minott,1610612738,0.11,0.14,0.030000000000000013,0.030000000000000013,186,166,20,0.67,1.38,-0.74,-1.54,0.16,0.08,0.12,0.15,0.1086,0.1416,0.48,1.64,1831,3365
2025-26,1631255,Karlo Matković,1610612740,0.71,0.69,-0.020000000000000018,0.020000000000000018,35,40,-5,1.23,1.23,1.66,-0.35,-0.18,-0.14,0.9,0.73,0.7054,0.6924,0.43,1.6,755,3688
2025-26,1631165,Keon Ellis,1610612758,0.71,0.25,-0.45999999999999996,0.45999999999999996,33,119,-86,0.65,0.76,-0.65,-0.81,0.12,-0.11,0.79,0.26,0.7088,0.2516,0.6,1.57,1681,6005
2025-26,1630596,Evan Mobley,1610612739,0.02,-0.28,-0.30000000000000004,0.30000000000000004,219,352,-133,0.09,0.52,4.28,2.46,0.29,0.14,0.02,-0.29,0.019,-0.2835,0.07,1.56,3777,8779
2025-26,1641739,Toumani Camara,1610612757,-0.33,-0.22,0.11000000000000001,0.11000000000000001,349,323,26,-0.06,0.39,2.83,2,-0.14,-0.14,-0.35,-0.22,-0.3327,-0.2163,-0.28,1.52,3766,11640
2025-26,1628436,Luke Kornet,1610612759,-0.05,0.34,0.39,0.39,243,97,146,0.6,0.75,0.89,-1.32,-0.13,0.03,-0.05,0.35,-0.0452,0.3385,0.36,1.51,1936,5861
2025-26,1630193,Immanuel Quickley,1610612761,0.38,0.17,-0.21,0.21,91,146,-55,0.16,0.48,1.37,1.12,-0.29,-0.3,0.4,0.17,0.3791,0.1664,0.47,1.5,3730,9153
2025-26,1629028,Deandre Ayton,1610612747,-0.2,0.05,0.25,0.25,294,212,82,0.76,0.54,0.31,-2.55,-0.18,-0.21,-0.21,0.05,-0.1961,0.0488,0.91,1.5,2719,8061
2025-26,1629661,Cameron Johnson,1610612743,-0.27,-0.18,0.09000000000000002,0.09000000000000002,328,304,24,0.07,0.63,-1.09,-0.09,-0.21,-0.15,-0.29,-0.19,-0.2729,-0.1846,0.05,1.49,3028,6872
2025-26,1630170,Devin Vassell,1610612759,0.33,0.05,-0.28,0.28,99,213,-114,0.56,0.52,-0.12,1.77,0.11,-0.19,0.35,0.05,0.3305,0.0488,0.67,1.48,3525,8333
2025-26,1629639,Tyler Herro,1610612748,1.82,1,-0.8200000000000001,0.8200000000000001,3,15,-12,3.36,0.94,-0.08,-0.33,-0.03,-0.25,2.26,1.04,1.8195,0.9951,0.83,1.45,677,4431
2025-26,203932,Aaron Gordon,1610612743,2.15,0.67,-1.48,1.48,2,44,-42,2.46,0.99,3.74,3.37,-0.07,0.05,2.4344,0.7,2.1505,0.668,1.41,1.44,1515,4176
2025-26,1630549,Day'Ron Sharpe,1610612751,-0.36,0.41,0.77,0.77,357,82,275,-0.23,0.88,0.77,0.78,0.12,0.12,-0.41,0.43,-0.3647,0.4124,0.05,1.43,1572,4696
2025-26,1630538,Bones Hyland,1610612750,0.33,0.11,-0.22000000000000003,0.22000000000000003,100,176,-76,1.4,0.81,0.12,-1.61,-0.19,-0.22,0.41,0.11,0.3319,0.1057,0.51,1.4,945,4951
2025-26,1629004,Svi Mykhailiuk,1610612762,-0.07,0.08,0.15000000000000002,0.15000000000000002,251,200,51,0.88,0.8,0.9,2.72,-0.23,-0.35,-0.08,0.08,-0.0746,0.0769,0.63,1.39,2757,4971
2025-26,1627783,Pascal Siakam,1610612754,0.3,0.1,-0.19999999999999998,0.19999999999999998,105,185,-80,0.88,0.46,2.69,1.99,0.27,-0.02,0.32,0.1,0.3036,0.0978,0.85,1.37,3599,8690
2025-26,1628960,Grayson Allen,1610612756,0.68,0.14,-0.54,0.54,38,167,-129,0.49,0.65,1.69,2.04,0.15,0,0.74,0.14,0.6811,0.1355,0.27,1.35,2072,6039
2025-26,1642270,Donovan Clingan,1610612757,0.53,0.37,-0.16000000000000003,0.16000000000000003,60,90,-30,0.62,0.44,-1.28,-1.15,0.35,0.17,0.57,0.38,0.5277,0.3716,0.2,1.33,2519,8850
2025-26,1629048,Goga Bitadze,1610612753,0.48,0.46,-0.019999999999999962,0.019999999999999962,71,73,-2,1.2,0.98,1.15,-0.54,-0.02,0.01,0.53,0.48,0.477,0.4565,0.85,1.33,1797,3878
2025-26,1626171,Bobby Portis,1610612749,-0.59,-0.02,0.57,0.57,410,244,166,-0.32,0.57,-1.55,-0.17,-0.08,-0.27,-0.64,-0.02,-0.594,-0.0194,0.27,1.29,2668,6650
2025-26,1631323,Simone Fontecchio,1610612748,-0.03,0.27,0.30000000000000004,0.30000000000000004,235,115,120,0.17,0.74,-3.57,-0.73,-0.17,-0.12,-0.03,0.28,-0.0276,0.2693,0.14,1.29,2220,5031
2025-26,1630559,Austin Reaves,1610612747,0.73,0.27,-0.45999999999999996,0.45999999999999996,32,116,-84,1.17,0.51,1.85,0.41,-0.04,-0.05,0.77,0.28,0.7252,0.2725,1.08,1.28,3125,7310
2025-26,1627936,Alex Caruso,1610612760,0.81,0.5,-0.31000000000000005,0.31000000000000005,25,62,-37,1.08,0.87,4.02,2.36,0.1,-0.1,0.93,0.52,0.8126,0.4964,0.82,1.28,1540,4205
2025-26,1630692,Jordan Goodwin,1610612756,0.3,0.16,-0.13999999999999999,0.13999999999999999,106,150,-44,0.43,0.58,1.04,0.68,0.11,-0.2,0.33,0.17,0.3001,0.1648,0.38,1.27,1952,6325
2025-26,1629723,John Konchar,1610612763,0.38,0.58,0.19999999999999996,0.19999999999999996,90,52,38,1.59,0.76,1.62,0.65,0.09,-0.06,0.44,0.6,0.3783,0.5751,0.76,1.21,1227,4616
2025-26,1642349,Ajay Mitchell,1610612760,0.23,0.16,-0.07,0.07,135,151,-16,0.2,0.54,1.4,1.2,0.08,-0.1,0.25,0.17,0.2344,0.1647,0.51,1.16,3136,6235
2025-26,1630183,Jaden McDaniels,1610612750,0.41,0.08,-0.32999999999999996,0.32999999999999996,84,201,-117,0.78,0.34,2.12,0.71,-0.06,-0.15,0.43,0.08,0.4077,0.0784,0.96,1.16,3724,9895
2025-26,201950,Jrue Holiday,1610612757,0.42,0.1,-0.31999999999999995,0.31999999999999995,83,186,-103,-0.24,0.51,1.51,3.13,0.07,-0.23,0.4724,0.1,0.4224,0.097,-0.15,1.14,1690,6537
2025-26,1626157,Karl-Anthony Towns,1610612752,-0.26,-0.14,0.12,0.12,324,290,34,-0.37,0.35,1.37,2,0.17,0.01,-0.28,-0.14,-0.2632,-0.1371,0.05,1.13,3530,9409
2025-26,1642867,Collin Murray-Boyles,1610612761,-0.21,0.1,0.31,0.31,300,187,113,0.34,0.62,-1.56,0.05,-0.3,-0.12,-0.24,0.1,-0.2142,0.0963,0.22,1.12,1680,5202
2025-26,1629731,Dean Wade,1610612739,0.2,0.18,-0.020000000000000018,0.020000000000000018,156,143,13,-0.05,0.57,-0.06,1.37,0.19,-0.1,0.22,0.19,0.2038,0.1834,0.28,1.09,2591,5515
2025-26,1628978,Donte DiVincenzo,1610612750,0.45,0.15,-0.30000000000000004,0.30000000000000004,75,159,-84,0.96,0.3,1.69,2.87,0.01,-0.26,0.47,0.15,0.4454,0.1472,1.13,1.09,3760,10628
2025-26,1631095,Jabari Smith Jr.,1610612745,0.23,0.16,-0.07,0.07,137,152,-15,0.47,0.29,1.38,-2.06,-0.33,-0.32,0.24,0.16,0.2262,0.1571,0.27,1.08,3397,11005
2025-26,1631221,Collin Gillespie,1610612756,0.41,0.11,-0.3,0.3,86,177,-91,0.66,0.34,1.91,3.11,0.07,-0.2,0.44,0.11,0.413,0.1077,0.51,1.07,2943,9235
2025-26,1630188,Jalen Smith,1610612741,-0.07,0.29,0.36,0.36,253,111,142,-0.15,0.63,0.57,3.55,0.04,0.01,-0.08,0.3,-0.071,0.2878,0.03,1.04,1578,4730
2025-26,1641765,Olivier-Maxence Prosper,1610612763,0.15,0.02,-0.13,0.13,173,227,-54,0.27,0.7,0,-0.53,-0.09,0.04,0.2,0.02,0.1494,0.0191,-0.01,1.02,652,4206
2025-26,203468,CJ McCollum,1610612764,-0.31,-0.12,0.19,0.19,343,282,61,0.04,0.31,0,1.65,-0.04,-0.21,-0.33,-0.12,-0.311,-0.1176,-0.51,1.02,3427,9636
2025-26,1629060,Rui Hachimura,1610612747,0.16,-0.09,-0.25,0.25,168,276,-108,0.22,0.37,-0.89,0.47,-0.23,-0.31,0.17,-0.09,0.1607,-0.0878,0.57,1.02,3308,8095
2025-26,1627884,Derrick Jones Jr.,1610612746,-0.47,0.4,0.87,0.87,379,84,295,0.48,0.53,-2.04,0.87,0.08,-0.1,-0.5374,0.41,-0.4674,0.3957,0.25,1.01,1335,5548
2025-26,1631248,Baylor Scheierman,1610612738,0.43,0.23,-0.19999999999999998,0.19999999999999998,80,125,-45,0.74,0.52,-0.55,0.05,-0.12,-0.15,0.51,0.24,0.4277,0.2316,0.16,1,1009,5523
2025-26,1642066,Myron Gardner,1610612748,0.07,0.9,0.8300000000000001,0.8300000000000001,204,20,184,0.59,1.51,-0.36,1.26,-0.01,0.01,0.1924,1,0.0736,0.898,0.06,0.99,124,1760
2025-26,1642843,Cooper Flagg,1610612742,-0.71,-0.05,0.6599999999999999,0.6599999999999999,435,260,175,-0.23,0.3,-3.48,0.29,0,-0.23,-0.75,-0.05,-0.7117,-0.049,-0.27,0.98,3781,9629
2025-26,1627751,Jakob Poeltl,1610612761,0.22,0.02,-0.2,0.2,148,228,-80,0.21,0.6,0.79,-0.46,-0.58,-0.29,0.24,0.02,0.22,0.0192,-0.01,0.98,2003,4662
2025-26,1641775,Jordan Walsh,1610612738,0.57,0.19,-0.37999999999999995,0.37999999999999995,51,138,-87,1.36,0.58,1.06,-1.09,0.14,0.01,0.63,0.2,0.5698,0.1919,1.28,0.95,1800,4729
2025-26,1642364,Jamir Watkins,1610612764,0.26,-0.04,-0.3,0.3,124,254,-130,0.62,0.62,0.09,3,-0.2,0,0.37,-0.04,0.2624,-0.0382,0.09,0.94,402,4360
2025-26,203084,Harrison Barnes,1610612759,0.13,-0.09,-0.22,0.22,178,277,-99,0.29,0.33,0.13,-0.81,-0.14,-0.16,0.14,-0.09,0.1318,-0.0878,0.2,0.91,3347,8147
2025-26,1641718,Keyonte George,1610612762,-0.22,0.1,0.32,0.32,308,188,120,-0.62,0.34,-2.5,-1.6,-0.04,-0.03,-0.23,0.1,-0.2187,0.0975,-0.28,0.9,3710,7785
2025-26,1631121,Bryce McGowens,1610612740,0.32,0.23,-0.09,0.09,101,126,-25,0.6,0.69,0.77,-0.05,-0.15,-0.11,0.37,0.24,0.321,0.2276,0.69,0.89,1117,3675
2025-26,1642928,Dylan Cardwell,1610612758,-0.2,0.28,0.48000000000000004,0.48000000000000004,298,113,185,-0.97,0.67,-0.45,2.1,0.36,-0.11,-0.39,0.29,-0.1955,0.2754,-0.12,0.89,370,3770
2025-26,1642844,Dylan Harper,1610612759,0.46,-0.18,-0.64,0.64,74,305,-231,0,0.4,1.11,1.51,0.04,-0.26,0.53,-0.19,0.4644,-0.1842,0.12,0.88,1505,6400
2025-26,1641709,Ausar Thompson,1610612765,0.3,-0.04,-0.33999999999999997,0.33999999999999997,109,255,-146,0.21,0.33,2.28,3.05,-0.19,-0.19,0.33,-0.04,0.3038,-0.039,0.12,0.87,2440,7625
2025-26,1642875,Maxime Raynaud,1610612758,-0.33,0.11,0.44,0.44,348,178,170,0.04,0.31,-0.82,-1.48,-0.48,-0.39,-0.37,0.11,-0.3305,0.1074,-0.03,0.86,1672,8186
2025-26,1630264,Anthony Gill,1610612764,0.12,0.38,0.26,0.26,180,87,93,1.21,0.6,0.8,1.85,-0.56,-0.25,0.3,0.4,0.1193,0.3811,0.18,0.85,142,4022
2025-26,1630643,Jay Huff,1610612754,0.3,0.2,-0.09999999999999998,0.09999999999999998,107,135,-28,0.36,0.34,0.92,-0.44,0.69,0,0.33,0.21,0.3026,0.2043,0.36,0.83,2104,7232
2025-26,1628970,Miles Bridges,1610612766,-0.07,-0.18,-0.10999999999999999,0.10999999999999999,257,306,-49,-0.42,0.25,-2.72,-1.03,0.14,0.02,-0.07,-0.18,-0.0666,-0.1763,-0.46,0.82,3768,9654
2025-26,1631108,Max Christie,1610612742,0.44,0.26,-0.18,0.18,77,117,-40,0.93,0.25,0.89,-1.89,-0.29,-0.41,0.47,0.27,0.4426,0.2643,1,0.8,3321,9321
2025-26,1630167,Obi Toppin,1610612754,0.13,-0.2,-0.33,0.33,179,316,-137,-0.13,1.2,0.73,-0.45,0.06,-0.13,0.2096,-0.22,0.1335,-0.1981,-0.02,0.8,351,1805
2025-26,203897,Zach LaVine,1610612758,-0.39,-0.04,0.35000000000000003,0.35000000000000003,363,256,107,0.35,0.46,-1.54,-0.45,-0.37,-0.37,-0.41,-0.0439,-0.3852,-0.0422,0.4,0.8,3035,4990
2025-26,1642281,Jaylon Tyson,1610612739,0.48,0.14,-0.33999999999999997,0.33999999999999997,69,168,-99,1.26,0.31,-0.35,0.03,0.14,-0.22,0.51,0.14,0.4752,0.1364,1.55,0.8,2799,7513
2025-26,1642285,Cam Spencer,1610612763,0.4,0.02,-0.38,0.38,88,229,-141,0.92,0.33,0.92,-0.06,-0.06,-0.11,0.43,0.02,0.3962,0.0194,1.54,0.78,2284,6894
2025-26,1630543,Isaiah Jackson,1610612754,0.07,0.16,0.09,0.09,202,153,49,0.45,0.58,-0.08,-0.13,-0.28,-0.04,0.08,0.17,0.0732,0.1615,0.49,0.77,2070,3814
2025-26,1631159,Leonard Miller,1610612750,-0.38,-1.16,-0.7799999999999999,0.7799999999999999,360,550,-190,-1.37,0.69,-0.28,4.09,-0.16,-0.18,-0.81,-1.24,-0.3803,-1.1645,-0.17,0.76,177,3086
2025-26,201942,DeMar DeRozan,1610612758,0.09,0.22,0.13,0.13,194,129,65,0.96,0.22,-0.94,-1.67,-0.03,-0.09,0.09,0.22,0.0856,0.2156,1.08,0.75,3919,9893
2025-26,1642854,Asa Newell,1610612737,0.22,0.32,0.1,0.1,143,103,40,1.37,0.96,0.54,0.49,0.08,-0.09,0.27,0.35,0.2161,0.3199,0.54,0.75,754,2129
2025-26,1631245,Quenton Jackson,1610612754,0.92,0.53,-0.39,0.39,16,57,-41,1.43,0.54,2.45,2.28,0.07,-0.03,1.24,0.56,0.9196,0.5325,0.44,0.74,618,3872
2025-26,1641757,Jordan Miller,1610612746,0.3,0.42,0.12,0.12,110,77,33,0.12,0.4,-0.28,-1.02,0.07,-0.02,0.46,0.44,0.3006,0.4237,-0.03,0.71,310,5199
2025-26,1631157,Ryan Rollins,1610612749,0.19,-0.01,-0.2,0.2,164,240,-76,0.17,0.21,2.27,2.58,0.08,-0.2,0.2,-0.01,0.1896,-0.0098,0,0.71,3651,9777
2025-26,1630696,Dru Smith,1610612748,0.83,0.3,-0.53,0.53,23,109,-86,0.86,0.41,0.9,-3.1,0.03,-0.01,0.91,0.31,0.835,0.2981,0.78,0.71,2188,4993
2025-26,1631217,Moussa Diabaté,1610612766,0.5,0.07,-0.43,0.43,65,208,-143,1.02,0.27,1.11,3.72,0.18,0.26,0.54,0.07,0.4957,0.0682,0.82,0.7,2171,7587
2025-26,1631103,Malaki Branham,1610612764,0.03,1.02,0.99,0.99,216,14,202,0.01,1.52,0.19,1.53,-0.15,-0.08,0.05,1.2071,0.0323,1.0217,0.01,0.66,417,1102
2025-26,1642914,Javon Small,1610612763,-0.16,-0.21,-0.04999999999999999,0.04999999999999999,285,319,-34,-0.83,0.53,0.45,0.34,-0.18,-0.08,-0.2443,-0.22,-0.1638,-0.2082,-0.17,0.66,407,3518
2025-26,1630191,Isaiah Stewart,1610612765,0.41,0.09,-0.31999999999999995,0.31999999999999995,85,193,-108,1.02,0.35,-0.29,-1.17,-0.07,-0.07,0.45,0.09,0.4143,0.0868,0.72,0.65,2213,5465
2025-26,1626162,Kelly Oubre Jr.,1610612755,-0.2,0.16,0.36,0.36,295,154,141,0.53,0.28,-1.1,0.11,-0.2,-0.18,-0.2211,0.16,-0.1986,0.1553,0.35,0.65,1768,6594
2025-26,1642864,Hugo González,1610612738,0.43,-0.3,-0.73,0.73,79,361,-282,0.76,0.44,2.78,5.04,0.03,-0.15,0.5,-0.31,0.4257,-0.296,0.31,0.64,1122,4219
2025-26,1631342,Daeqwon Plowden,1610612758,-0.09,-0.3,-0.21,0.21,265,362,-97,-0.51,0.51,-0.19,-0.96,-0.22,-0.3,-0.3664,-0.32,-0.0899,-0.3028,-0.05,0.64,65,3529
2025-26,1630168,Onyeka Okongwu,1610612737,0.38,-0.16,-0.54,0.54,92,300,-208,-0.1,0.19,-1.2,-0.96,-0.03,-0.08,0.4,-0.16,0.3792,-0.1568,0.04,0.63,3669,9769
2025-26,1631101,Shaedon Sharpe,1610612757,0.18,0.04,-0.13999999999999999,0.13999999999999999,165,217,-52,0.09,0.29,0.66,0.8,0.26,-0.07,0.19,0.04,0.1776,0.0388,0.35,0.63,2747,6330
2025-26,1641729,Brice Sensabaugh,1610612762,0.23,0.02,-0.21000000000000002,0.21000000000000002,139,230,-91,0.14,0.24,-1.53,0.21,0.1,-0.24,0.26,0.02,0.2335,0.0195,0.16,0.62,1694,7709
2025-26,1642377,Jaylen Wells,1610612763,-0.25,-0.12,0.13,0.13,318,283,35,0.78,0.24,1.31,1,-0.02,-0.1,-0.27,-0.12,-0.2535,-0.1169,1.13,0.62,2944,7600
2025-26,1630182,Josh Green,1610612766,0.23,0.13,-0.1,0.1,140,172,-32,-0.16,0.49,0,2.69,-0.17,-0.01,0.4844,0.14,0.2281,0.1326,0.13,0.61,85,3573
2025-26,1628988,Aaron Holiday,1610612745,0.23,-0.02,-0.25,0.25,136,245,-109,0.52,0.54,2.14,0.33,-0.27,-0.34,0.27,-0.02,0.2316,-0.0188,0.49,0.59,1145,3075
2025-26,1642419,Jamison Battle,1610612761,0.66,0.09,-0.5700000000000001,0.5700000000000001,40,194,-154,1.86,0.74,0.91,3.99,-0.48,-0.46,0.89,0.1,0.6641,0.0914,0.45,0.58,665,2138
2025-26,204456,T.J. McConnell,1610612754,0.27,0.21,-0.060000000000000026,0.060000000000000026,118,131,-13,1.5,0.4,2.43,0.64,0.2,-0.31,0.31,0.22,0.2657,0.2098,0.64,0.57,1150,4103
2025-26,1641740,Jaylen Clark,1610612750,-0.03,0.03,0.06,0.06,234,222,12,0.68,0.42,0.61,0.86,-0.05,-0.01,-0.03,0.03,-0.0265,0.0285,0.25,0.55,1413,3720
2025-26,1630639,A.J. Lawson,1610612761,0.03,-0.18,-0.21,0.21,215,307,-92,0.13,1.56,0,-2.26,0.08,-0.19,0.1472,-0.22,0.0348,-0.1785,0.02,0.55,52,860
2025-26,1629675,Naz Reid,1610612750,-0.54,0.18,0.72,0.72,393,144,249,-0.13,0.19,-2.7,0.82,-0.01,-0.21,-0.57,0.18,-0.5352,0.1759,0.05,0.55,3185,8666
2025-26,1641744,Zach Edey,1610612763,0.58,1.74,1.1600000000000001,1.1600000000000001,50,4,46,1.19,1.19,4.71,4.16,-0.16,-0.1,0.68,2.0374,0.5816,1.7426,0.55,0.55,1182,1182
2025-26,1630595,Cade Cunningham,1610612765,0.29,0.11,-0.18,0.18,113,179,-66,0.21,0.18,0.61,4.55,-0.01,-0.3,0.31,0.11,0.2928,0.1076,0.57,0.54,3517,8786
2025-26,2544,LeBron James,1610612747,-0.11,0.01,0.12,0.12,272,233,39,-0.21,0.19,-1.47,-1.09,0.05,-0.16,-0.13,0.01,-0.1135,0.0098,-0.44,0.53,1376,8209
2025-26,1629628,RJ Barrett,1610612761,-0.04,0,0.04,0.04,239,238,1,0.92,0.21,-1.06,0.39,-0.25,-0.21,-0.0443,0,-0.0407,0,0.75,0.52,2230,7279
2025-26,1630173,Precious Achiuwa,1610612758,-0.02,0,0.02,0.02,231,239,-8,0.13,0.21,0.76,1.33,-0.36,-0.34,-0.02,0,-0.0178,0,0.54,0.52,1538,7022
2025-26,1629023,P.J. Washington,1610612742,-0.14,0.03,0.17,0.17,276,223,53,0.53,0.21,-1,-0.12,-0.23,-0.29,-0.15,0.03,-0.1405,0.0292,0.34,0.52,2956,7232
2025-26,1641764,Brandin Podziemski,1610612744,-0.06,-0.15,-0.09,0.09,249,295,-46,0.22,0.16,0.08,-0.19,0.2,0.08,-0.06,-0.15,-0.0564,-0.147,0.17,0.52,3169,9658
2025-26,1629726,Garrison Mathews,1610612754,-0.52,0.83,1.35,1.35,389,23,366,0.53,1.43,0.87,1.03,0,0.16,-0.66,1.0311,-0.5182,0.8313,0.26,0.49,618,832
2025-26,1629599,Amir Coffey,1610612749,-0.27,0.13,0.4,0.4,330,173,157,-0.21,0.67,0.1,-0.09,-0.36,-0.07,-0.35,0.14,-0.2696,0.1269,-0.12,0.48,628,1942
2025-26,1631106,Tari Eason,1610612745,0.06,0.5,0.44,0.44,206,63,143,1.25,0.21,-0.69,0.09,-0.39,-0.45,0.0687,0.52,0.0577,0.5039,0.39,0.46,1204,6249
2025-26,1631117,Walker Kessler,1610612762,0.87,0.71,-0.16000000000000003,0.16000000000000003,20,38,-18,1.67,1.67,1.2,0.46,-0.06,0.22,1.1508,0.9322,0.8721,0.7065,0.46,0.46,626,626
2025-26,1630604,E.J. Liddell,1610612751,0.76,1.81,1.05,1.05,30,3,27,3.07,0.82,0.97,0.44,0.16,-0.01,1.926,2.07,0.7552,1.8133,0.34,0.44,129,1413
2025-26,1641707,Taylor Hendricks,1610612762,-0.15,-0.39,-0.24000000000000002,0.24000000000000002,280,398,-118,0.36,0.27,-0.69,-1.75,-0.21,-0.06,-0.18,-0.41,-0.1483,-0.3931,0.21,0.44,901,4638
2025-26,1642348,Justin Edwards,1610612755,-0.72,-0.51,0.20999999999999996,0.20999999999999996,437,442,-5,-1.5,0.3,-3.72,-3.05,-0.04,-0.26,-0.81,-0.54,-0.7166,-0.5148,-1.03,0.43,1542,4087
2025-26,1628976,Wendell Carter Jr.,1610612753,-0.1,-0.23,-0.13,0.13,266,326,-60,0.47,0.14,0.62,0.34,-0.15,-0.04,-0.11,-0.23,-0.1035,-0.2251,0.72,0.43,3187,9236
2025-26,1630611,Gui Santos,1610612744,-1.19,0.09,1.28,1.28,480,195,285,-1.66,0.21,-2.05,1.03,-0.06,0.05,-1.47,0.09,-1.187,0.087,-0.63,0.43,807,5854
2025-26,203648,Thanasis Antetokounmpo,1610612749,0.77,0.85,0.07999999999999996,0.07999999999999996,29,21,8,3.98,1.55,0.73,0.12,0.56,0.63,2.19,1.14,0.7725,0.8488,0.35,0.41,100,583
2025-26,1630166,Deni Avdija,1610612757,0.04,-0.03,-0.07,0.07,208,248,-40,0.69,0.12,1.49,-0.1,0.16,0.24,0.04,-0.03,0.0381,-0.0294,0.83,0.39,3917,9387
2025-26,1641710,Anthony Black,1610612753,-0.22,0.04,0.26,0.26,311,218,93,-0.3,0.15,0.96,0.73,-0.14,-0.15,-0.23,0.04,-0.216,0.039,-0.54,0.39,3107,7578
2025-26,1642907,Cedric Coward,1610612763,0.71,-0.15,-0.86,0.86,34,296,-262,0.55,0.17,2.51,2.01,-0.15,-0.15,0.76,-0.15,0.7142,-0.1456,0.58,0.38,3021,6655
2025-26,1642862,Liam McNeeley,1610612766,-0.36,0.11,0.47,0.47,356,180,176,0.79,0.69,1.87,2.73,-0.1,0.13,-0.43,0.12,-0.3597,0.1054,0.32,0.38,1024,1448
2025-26,1642954,Will Richard,1610612744,0.37,0.15,-0.22,0.22,93,160,-67,1.51,0.19,-1.91,-0.91,0.15,0.01,0.41,0.15,0.3717,0.1451,0.84,0.38,2079,5892
2025-26,203954,Joel Embiid,1610612755,0.15,0.02,-0.13,0.13,175,231,-56,-1.2,0.21,-0.77,1.01,0.62,0.14,0.17,0.02,0.1461,0.0192,-0.41,0.37,954,4989
2025-26,1630631,Jose Alvarado,1610612740,0.26,-0.03,-0.29000000000000004,0.29000000000000004,120,249,-129,0.54,0.18,1.62,2.04,-0.32,-0.39,0.28,-0.03,0.2595,-0.029,0.45,0.36,2467,5669
2025-26,1642357,David Jones Garcia,1610612759,0.3,1.3,1,1,108,7,101,1.95,1.97,2.53,3.43,-0.01,-0.11,0.49,2.0976,0.3033,1.3031,0.34,0.35,325,328
2025-26,1631128,Christian Braun,1610612743,0.11,-0.38,-0.49,0.49,189,393,-204,0,0.16,0.43,1.12,-0.15,-0.13,0.1295,-0.39,0.1128,-0.3773,0,0.33,1355,5939
2025-26,1629646,Charles Bassey,1610612763,-0.14,-0.3,-0.15999999999999998,0.15999999999999998,279,363,-84,-0.51,1.25,-0.12,-0.38,-0.19,0.15,-0.3348,-0.4,-0.1355,-0.2953,-0.06,0.32,136,564
2025-26,1641810,Antonio Reeves,1610612766,0.26,0.34,0.08000000000000002,0.08000000000000002,121,98,23,1.97,2.03,1.14,1.52,-0.11,-0.18,0.53,0.61,0.2643,0.3413,0.26,0.31,199,254
2025-26,202696,Nikola Vučević,1610612741,-0.27,-0.02,0.25,0.25,332,246,86,-0.27,0.12,-0.49,-0.56,-0.29,-0.21,-0.29,-0.02,-0.273,-0.0195,-0.36,0.3,3282,7638
2025-26,1642949,Yanic Konan Niederhäuser,1610612746,0.19,-0.13,-0.32,0.32,162,287,-125,0.76,0.46,-0.15,2.35,0.09,0.19,0.34,-0.15,0.1858,-0.1341,0.13,0.29,229,1691
2025-26,1641871,Duop Reath,1610612757,0.54,0.2,-0.34,0.34,57,136,-79,1.59,0.64,-0.23,-0.01,-0.13,-0.16,0.69,0.24,0.5392,0.2014,0.34,0.26,675,1043
2025-26,1626192,Pat Connaughton,1610612766,0.57,0.48,-0.08999999999999997,0.08999999999999997,53,67,-14,2.02,0.58,-0.18,-2.45,0.15,0.02,0.8144,0.57,0.5724,0.4822,0.44,0.25,486,1098
2025-26,1630623,Tyson Etienne,1610612751,-0.18,0.14,0.32,0.32,288,169,119,0.6,0.42,1.17,2.03,0.13,-0.06,-0.44,0.16,-0.1789,0.142,0.07,0.25,137,1577
2025-26,1631288,Jamal Cain,1610612753,-0.22,-0.86,-0.64,0.64,307,522,-215,-1.29,0.33,0.35,-1.81,-0.04,-0.13,-0.5645,-0.95,-0.2203,-0.862,-0.14,0.24,128,1958
2025-26,1631123,Jamaree Bouyea,1610612756,0.25,0.46,0.21000000000000002,0.21000000000000002,126,74,52,2.18,0.27,1.06,0.42,-0.05,-0.16,0.33,0.5,0.2452,0.4625,0.72,0.24,507,2468
2025-26,1641763,Julian Phillips,1610612741,0.25,0.21,-0.04000000000000001,0.04000000000000001,128,132,-4,0.9,0.37,1.79,0.88,0.12,-0.02,0.3,0.24,0.2467,0.2149,0.32,0.23,912,1710
2025-26,1628392,Isaiah Hartenstein,1610612760,-0.06,-0.14,-0.08000000000000002,0.08000000000000002,247,291,-44,0.55,0.14,-0.81,0.43,-0.27,-0.15,-0.0692,-0.15,-0.0635,-0.1438,0.53,0.23,2434,4629
2025-26,202691,Klay Thompson,1610612742,-0.12,0.01,0.13,0.13,274,234,40,-0.49,0.11,1.47,0.08,-0.08,-0.49,-0.13,0.01,-0.1198,0.0097,0.16,0.23,2450,6436
2025-26,1628380,Zach Collins,1610612741,0.21,0.48,0.27,0.27,152,68,84,-0.11,0.72,0,0.8,0.01,-0.01,0.3383,0.609,0.2109,0.4805,0.13,0.23,357,748
2025-26,203552,Seth Curry,1610612744,0.51,0.65,0.14,0.14,62,46,16,2.4,0.93,0.16,1.79,-0.02,-0.07,1.287,0.89,0.514,0.6491,0.27,0.23,133,539
2025-26,1631199,Ron Harper Jr.,1610612738,0.19,-0.16,-0.35,0.35,163,301,-138,1.12,0.48,0.09,-1.34,0.23,-0.09,0.6566,-0.19,0.1909,-0.1633,0.11,0.23,82,1223
2025-26,1628418,Thomas Bryant,1610612739,0.1,0.09,-0.010000000000000009,0.010000000000000009,191,196,-5,0.45,0.19,-1.28,1.37,0.22,0.08,0.13,0.1,0.1028,0.0937,0.23,0.21,762,2997
2025-26,201569,Eric Gordon,1610612755,0.25,0.1,-0.15,0.15,131,189,-58,0.51,1.19,-0.64,-1,-0.26,-0.29,0.46,0.1665,0.2523,0.1011,0.07,0.2,243,309
2025-26,1631216,Caleb Houstan,1610612737,-0.2,-0.05,0.15000000000000002,0.15000000000000002,296,261,35,-0.69,1.15,-1.13,-0.67,0.01,-0.02,-0.43,-0.08,-0.2019,-0.0491,-0.09,0.2,177,317
2025-26,1642275,Tidjane Salaün,1610612766,0.07,0.19,0.12,0.12,200,139,61,2.4,0.22,3.5,-1.2,-0.07,-0.07,0.09,0.21,0.0731,0.1939,0.81,0.19,812,2407
2025-26,203937,Kyle Anderson,1610612762,-0.03,0.16,0.19,0.19,236,155,81,1.11,0.15,1.28,1.38,-0.14,-0.14,-0.04,0.17,-0.031,0.1612,0.03,0.19,621,3650
2025-26,1630567,Scottie Barnes,1610612761,0.5,-0.11,-0.61,0.61,64,280,-216,0.29,0.05,1.3,2.85,0.05,-0.22,0.53,-0.11,0.5043,-0.1081,0.83,0.18,3924,11123
2025-26,1641725,Trey Alexander,1610612740,0.23,0.1,-0.13,0.13,141,190,-49,0.72,0.8,0.68,0.64,-0.2,-0.37,0.5537,0.14,0.228,0.0978,0.08,0.18,140,464
2025-26,1642866,Joan Beringer,1610612750,0.08,-0.03,-0.11,0.11,198,250,-52,0.51,0.34,-0.13,0.76,-0.28,0.08,0.1718,-0.04,0.0789,-0.0348,0.06,0.17,170,1336
2025-26,1631124,Julian Strawther,1610612743,-0.83,0.06,0.8899999999999999,0.8899999999999999,455,210,245,-1.85,0.13,-1.31,0.79,-0.04,-0.21,-1.33,0.06,-0.8272,0.0569,-0.34,0.17,407,3627
2025-26,1642939,Miles Kelly,1610612742,-0.08,0.02,0.1,0.1,260,232,28,-0.66,0.64,-0.12,-1.16,-0.3,-0.25,-0.358,0.03,-0.0826,0.0223,-0.04,0.16,68,576
2025-26,1627752,Taurean Prince,1610612749,-0.05,0.01,0.060000000000000005,0.060000000000000005,244,235,9,0.3,0.16,-0.41,0.16,-0.18,-0.24,-0.0604,0.01,-0.0481,0.0093,0.1,0.15,779,2540
2025-26,1626220,Royce O'Neale,1610612756,-0.5,-0.26,0.24,0.24,384,344,40,-0.36,0.04,-2.75,-4.74,-0.11,-0.25,-0.53,-0.27,-0.5006,-0.2643,-0.49,0.14,3296,9346
2025-26,1641715,Cam Whitmore,1610612764,0.19,-0.27,-0.46,0.46,161,347,-186,0.24,0.24,-0.45,-0.99,0.04,-0.19,0.21,-0.3032,0.186,-0.2685,0.14,0.14,1547,1547
2025-26,1631114,Jalen Williams,1610612760,-0.25,-0.09,0.16,0.16,319,278,41,0.29,0.1,0.8,-0.46,0.03,-0.16,-0.3,-0.09,-0.2464,-0.0856,0.3,0.14,1060,3891
2025-26,1628404,Josh Hart,1610612752,-0.34,-0.07,0.27,0.27,352,270,82,-0.18,0.05,-1.32,-1.45,0.01,-0.2,-0.36,-0.07,-0.3356,-0.0683,0,0.14,3102,7884
2025-26,1631207,Dalen Terry,1610612741,-0.02,-0.13,-0.11,0.11,232,288,-56,0.3,0.16,1.71,3.36,-0.02,-0.05,-0.02,-0.14,-0.0159,-0.1288,0.12,0.14,672,2299
2025-26,1628368,De'Aaron Fox,1610612759,0.04,-0.01,-0.05,0.05,212,241,-29,0.05,0.04,0.52,-0.22,0.13,-0.17,0.04,-0.01,0.037,-0.0098,-0.13,0.13,2557,9311
2025-26,1629001,De'Anthony Melton,1610612744,-0.01,0.35,0.36,0.36,229,95,134,-0.61,0.08,0,5.54,0.19,0.02,-0.0192,0.36,-0.0132,0.3455,-0.03,0.13,443,4761
2025-26,1626167,Myles Turner,1610612749,0.46,-0.04,-0.5,0.5,73,257,-184,0.21,0.04,1.99,-0.91,0.33,0.11,0.49,-0.04,0.4617,-0.039,0.2,0.12,3322,7852
2025-26,1631210,Jacob Toppin,1610612737,0.2,0.2,0,0,160,137,23,1.27,1.27,0.42,0.49,0.07,-0.07,0.8179,0.8173,0.2029,0.2028,0.11,0.11,66,66
2025-26,1630619,Moussa Cisse,1610612742,0.01,-0.28,-0.29000000000000004,0.29000000000000004,222,353,-131,-0.47,0.13,0.76,2.39,-0.12,0.3,0.01,-0.31,0.0081,-0.2843,-0.18,0.11,855,2212
2025-26,1628389,Bam Adebayo,1610612748,-0.22,-0.47,-0.24999999999999997,0.24999999999999997,310,423,-113,-0.78,0.03,2.61,3.4,0.07,0.05,-0.24,-0.48,-0.2247,-0.4706,-0.43,0.1,2783,10045
2025-26,1641801,Emanuel Miller,1610612741,0.15,0.1,-0.04999999999999999,0.04999999999999999,172,191,-19,0.91,0.91,-0.32,-0.61,-0.02,-0.11,0.3674,0.2573,0.1487,0.1041,0.1,0.1,136,136
2025-26,1642261,Dalton Knecht,1610612747,-0.15,-0.06,0.09,0.09,281,265,16,0.45,0.12,-1.22,-2.1,0,-0.26,-0.17,-0.07,-0.1471,-0.0643,0.2,0.1,1347,2255
2025-26,1629014,Anfernee Simons,1610612738,-0.23,-0.64,-0.41000000000000003,0.41000000000000003,317,474,-157,-0.23,0.05,-1.32,-1.77,0.2,-0.15,-0.25,-0.6666,-0.2322,-0.6435,-0.35,0.09,2587,5567
2025-26,201935,James Harden,1610612746,0.55,-0.29,-0.8400000000000001,0.8400000000000001,55,358,-303,0.34,0.03,-0.61,-0.44,-0.01,0.01,0.58,-0.3,0.5498,-0.294,0.6,0.09,3508,9878
2025-26,1631243,Mouhamed Gueye,1610612737,-0.03,-0.2,-0.17,0.17,238,317,-79,-0.17,0.05,0.82,1.06,0.07,0.02,-0.03,-0.21,-0.0272,-0.2018,-0.19,0.08,1984,4910
2025-26,1642853,Rasheer Fleming,1610612756,-1.04,-0.32,0.72,0.72,472,371,101,-1.08,0.08,-1.55,0.43,0.1,-0.06,-1.72,-0.35,-1.0428,-0.3248,-0.08,0.08,275,2582
2025-26,1629026,Kenrich Williams,1610612760,-0.03,0.17,0.2,0.2,237,147,90,-0.04,0.06,0.11,0.97,-0.38,-0.17,-0.05,0.18,-0.0331,0.1701,-0.12,0.08,500,3438
2025-26,1642352,Keshad Johnson,1610612748,-0.6,-0.55,0.04999999999999993,0.04999999999999993,415,452,-37,-0.46,0.16,-0.85,0.97,0.04,0.03,-0.83,-0.64,-0.6032,-0.5489,-0.13,0.08,483,1205
2025-26,203991,Clint Capela,1610612745,0,-0.09,-0.09,0.09,227,279,-52,-0.51,0.06,-2.33,1.16,-0.17,-0.04,0,-0.09,0,-0.0853,-0.17,0.07,966,3644
2025-26,1630583,Santi Aldama,1610612763,0.16,-0.8,-0.9600000000000001,0.9600000000000001,169,507,-338,0.58,0.04,-2.22,-2.26,0,-0.09,0.17,-0.8384,0.1596,-0.8049,0.21,0.07,2930,4807
2025-26,1631111,Wendell Moore Jr.,1610612765,0.23,0.47,0.23999999999999996,0.23999999999999996,142,71,71,0.19,0.48,1.21,1.87,0.04,0.01,0.5006,0.8644,0.2329,0.4697,0.02,0.07,174,238
2025-26,1642366,Quinten Post,1610612744,0.75,0.15,-0.6,0.6,31,162,-131,1.17,0.04,2.43,-0.51,0.15,-0.11,0.82,0.16,0.7481,0.1535,0.78,0.06,2016,4757
2025-26,1641753,Chris Livingston,1610612739,0.12,0.11,-0.009999999999999995,0.009999999999999995,181,183,-2,0.59,0.59,0.37,0.24,0.18,0.08,0.4575,0.3971,0.1223,0.1062,0.05,0.05,73,73
2025-26,1628420,Monté Morris,1610612754,0.11,0.17,0.06000000000000001,0.06000000000000001,188,148,40,0.31,0.31,0.18,0.48,-0.13,-0.14,0.1848,0.2873,0.1085,0.1686,0.05,0.05,284,284
2025-26,1641813,Mark Sears,1610612749,0.18,0.18,0,0,166,145,21,0.46,0.46,0.87,0.84,0,0.11,0.5198,0.5244,0.1823,0.1839,0.05,0.05,108,108
2025-26,1642368,N'Faly Dante,1610612737,0.08,0.08,0,0,199,204,-5,0.5,0.51,0.21,0.23,0.02,-0.03,0.3354,0.3361,0.0774,0.0776,0.04,0.04,60,60
2025-26,1641726,Dereck Lively II,1610612742,0.34,0.38,0.03999999999999998,0.03999999999999998,97,88,9,0.15,0.15,1.15,1.22,-0.09,0.04,0.4767,0.5272,0.3411,0.3772,0.04,0.04,503,503
2025-26,1629632,Coby White,1610612741,0,-0.42,-0.42,0.42,223,407,-184,-0.29,0.02,1.2,1.29,0.1,0.04,0,-0.44,0,-0.4235,0.02,0.03,1257,5146
2025-26,1630644,Mac McClung,1610612754,0.26,-0.04,-0.3,0.3,123,258,-135,1.32,0.12,-0.33,-0.5,0.27,-0.01,0.614,-0.06,0.2581,-0.0448,0.15,0.03,145,590
2025-26,1641774,Tristan Vukcevic,1610612764,-0.83,-0.25,0.58,0.58,456,337,119,-0.58,0.03,-2.51,-1.67,0.11,-0.02,-0.98,-0.27,-0.829,-0.253,-0.52,0.03,1085,2975
2025-26,203952,Andrew Wiggins,1610612748,-0.58,-0.05,0.5299999999999999,0.5299999999999999,409,262,147,-0.49,0.01,-2.38,-3.31,-0.06,-0.18,-0.61,-0.05,-0.5762,-0.0489,-0.46,0.03,3214,9079
2025-26,1642449,Tolu Smith,1610612765,0.4,-0.14,-0.54,0.54,89,292,-203,2.44,0.11,-0.2,-0.37,0.12,0.23,1.24,-0.21,0.3993,-0.1362,0.24,0.02,95,369
2025-26,1643007,Taelon Peter,1610612754,-0.37,0.05,0.42,0.42,359,215,144,-1.15,0.02,-0.42,-0.59,-0.15,-0.16,-0.53,0.05,-0.3667,0.0457,-0.25,0.02,449,2099
2025-26,1631119,Jaylin Williams,1610612760,-0.29,-0.4,-0.11000000000000004,0.11000000000000004,339,404,-65,-1,0,-1.14,0.09,0.17,0.07,-0.32,-0.41,-0.2891,-0.395,-0.79,0,1817,5260
2025-26,203926,Doug McDermott,1610612758,0.16,0.15,-0.010000000000000009,0.010000000000000009,170,163,7,1.33,0,0.27,-0.75,-0.12,-0.39,0.7779,0.17,0.163,0.1541,0.11,0,53,1944
2025-26,1628449,Chris Boucher,1610612738,0.11,0.09,-0.020000000000000004,0.020000000000000004,190,198,-8,-0.01,-0.03,0.16,0.32,0.64,0.22,0.1685,0.1422,0.1076,0.0921,0,-0.01,353,367
2025-26,1631115,Orlando Robinson,1610612753,-0.04,-0.07,-0.030000000000000006,0.030000000000000006,241,271,-30,0,-0.06,-0.45,-0.45,-0.04,-0.2,-0.1491,-0.2059,-0.0437,-0.0663,0,-0.01,83,95
2025-26,201599,DeAndre Jordan,1610612740,-0.08,-0.19,-0.11,0.11,259,312,-53,0.05,-0.03,-0.57,-0.45,-0.53,-0.03,-0.2368,-0.23,-0.0752,-0.1864,0.01,-0.01,93,856
2025-26,1642845,VJ Edgecombe,1610612755,-0.01,-0.37,-0.36,0.36,228,391,-163,0.33,0,2.59,-0.24,0.01,-0.28,-0.01,-0.38,-0.0094,-0.3731,0.56,-0.01,3094,10840
2025-26,1641772,Nae'Qwan Tomlin,1610612739,0.8,0.03,-0.77,0.77,26,224,-198,1.28,-0.01,3.52,0.17,0.21,-0.06,0.93,0.03,0.8016,0.0287,0.71,-0.02,1371,4295
2025-26,1629634,Brandon Clarke,1610612763,-0.1,-0.07,0.03,0.03,269,272,-3,-0.48,-0.19,0,-0.34,-0.01,0,-0.3649,-0.2056,-0.1005,-0.0657,-0.06,-0.02,94,94
2025-26,1628415,Dillon Brooks,1610612756,0.2,-0.07,-0.27,0.27,159,273,-114,0.26,-0.01,-0.84,-0.73,0.12,-0.16,0.21,-0.07,0.1955,-0.0681,0.11,-0.03,2611,7168
2025-26,1641767,Ben Sheppard,1610612754,-0.61,-0.24,0.37,0.37,417,332,85,-0.73,-0.02,-0.36,-0.61,-0.22,-0.24,-0.66,-0.25,-0.6078,-0.2419,-0.61,-0.04,2330,5938
2025-26,1630534,Ochai Agbaji,1610612761,-0.73,-0.24,0.49,0.49,438,333,105,-0.04,-0.03,-1.11,-1.12,-0.28,-0.27,-0.85,-0.25,-0.734,-0.238,-0.01,-0.04,1254,3974
2025-26,1631250,Pete Nance,1610612749,0.54,0.74,0.19999999999999996,0.19999999999999996,58,33,25,3.73,-0.05,0.91,3.64,-0.08,-0.19,1.4938,0.79,0.5362,0.7393,0.24,-0.05,128,2914
2025-26,203486,Mason Plumlee,1610612766,-0.08,0.03,0.11,0.11,258,225,33,-0.02,-0.17,0.58,-0.07,0,0.46,-0.12,0.04,-0.0824,0.0313,0.09,-0.05,430,715
2025-26,1630163,LaMelo Ball,1610612766,-0.67,-0.5,0.17000000000000004,0.17000000000000004,429,438,-9,-1.45,-0.02,2.08,1.33,0.01,-0.17,-0.73,-0.51,-0.6669,-0.4982,-0.83,-0.05,2219,8420
2025-26,1642367,Jonathan Mogbo,1610612761,-0.15,-0.81,-0.66,0.66,282,510,-228,-0.86,-0.14,-0.08,-0.21,-0.23,-0.18,-0.3,-0.96,-0.154,-0.8058,-0.09,-0.06,204,1045
2025-26,1641824,Matas Buzelis,1610612741,-0.07,-0.24,-0.16999999999999998,0.16999999999999998,255,334,-79,0.11,-0.02,1.73,0.18,0.06,-0.04,-0.07,-0.24,-0.0658,-0.2351,-0.22,-0.07,3178,9543
2025-26,204001,Kristaps Porziņģis,1610612737,-0.19,-0.31,-0.12,0.12,291,367,-76,0.2,-0.06,-1.31,1.38,0.34,0.15,-0.22,-0.33,-0.1937,-0.3113,0.11,-0.07,1473,3335
2025-26,1631218,Trayce Jackson-Davis,1610612744,-0.25,-0.02,0.23,0.23,320,247,73,0.34,-0.09,-0.5,-2.48,0.1,0.31,-0.3,-0.02,-0.2513,-0.0183,0.15,-0.07,1033,2126
2025-26,1642461,Spencer Jones,1610612743,-0.77,-0.16,0.61,0.61,443,302,141,0.21,-0.03,-0.41,0.31,-0.08,-0.13,-0.87,-0.17,-0.7737,-0.1644,0.09,-0.07,1643,5880
2025-26,1642359,Pacôme Dadiet,1610612752,-0.1,0.09,0.19,0.19,268,199,69,-0.43,-0.37,-0.08,0.96,0.02,-0.06,-0.3137,0.13,-0.0981,0.0947,-0.05,-0.09,102,536
2025-26,203939,Dwight Powell,1610612742,0.24,-0.23,-0.47,0.47,134,327,-193,0.45,-0.07,2.54,3.64,0.03,0.48,0.29,-0.24,0.2424,-0.2283,0.22,-0.09,982,3889
2025-26,1642346,Ryan Dunn,1610612756,0.41,-0.35,-0.76,0.76,87,384,-297,0.48,-0.05,2.03,-1.68,-0.05,-0.15,0.45,-0.36,0.41,-0.347,0.38,-0.1,1986,5349
2025-26,1631133,Jabari Walker,1610612755,-0.77,-0.3,0.47000000000000003,0.47000000000000003,445,364,81,-0.77,-0.09,-2.05,0.34,-0.29,-0.03,-0.88,-0.32,-0.7691,-0.3011,-0.51,-0.1,1385,3180
2025-26,1630592,Jalen Wilson,1610612751,-0.7,-0.36,0.33999999999999997,0.33999999999999997,433,387,46,-0.71,-0.08,-1.37,2.51,0.08,0.09,-0.83,-0.38,-0.7042,-0.3588,-0.18,-0.1,1094,3387
2025-26,1630164,James Wiseman,1610612754,-0.14,-0.24,-0.09999999999999998,0.09999999999999998,278,335,-57,0.16,-0.66,-0.39,-0.17,-0.29,-0.34,-0.4843,-0.4402,-0.1408,-0.245,-0.06,-0.1,152,251
2025-26,1629645,Kevin Porter Jr.,1610612749,1,-0.18,-1.18,1.18,13,308,-295,1.16,-0.06,1.68,0.8,0.26,-0.02,1.1734,-0.19,0.9955,-0.1829,0.51,-0.1,1140,5160
2025-26,203944,Julius Randle,1610612750,0.64,0.03,-0.61,0.61,42,226,-184,0.58,-0.03,3.52,1.37,0.09,0.03,0.67,0.03,0.6375,0.0295,1.14,-0.11,4087,11066
2025-26,1626164,Devin Booker,1610612756,-0.45,-0.21,0.24000000000000002,0.24000000000000002,377,320,57,-0.43,-0.04,-1.05,4.05,0.16,0.11,-0.47,-0.21,-0.445,-0.2055,-0.56,-0.11,3573,9091
2025-26,1628998,Cody Martin,1610612754,-0.25,-0.19,0.06,0.06,322,313,9,-0.79,-0.78,-0.3,-0.04,0.14,0.23,-0.4616,-0.3567,-0.2503,-0.1935,-0.11,-0.11,237,237
2025-26,1642885,Mohamed Diawara,1610612752,-0.38,0.16,0.54,0.54,361,156,205,-1.77,-0.13,-0.52,-0.48,-0.22,-0.25,-0.65,0.17,-0.3847,0.1574,-0.38,-0.11,337,2495
2025-26,1642859,Jase Richardson,1610612753,-0.12,-0.25,-0.13,0.13,273,338,-65,1.01,-0.15,1,-0.02,-0.16,-0.2,-0.17,-0.27,-0.1193,-0.2488,0.28,-0.13,565,2343
2025-26,1643141,Jahmyl Telfort,1610612746,-0.27,-0.23,0.04000000000000001,0.04000000000000001,331,328,3,-1.29,-1.29,-0.09,0.08,0.07,0.34,-0.6864,-0.5906,-0.2666,-0.2294,-0.14,-0.14,127,127
2025-26,1630557,Corey Kispert,1610612764,0.91,-0.12,-1.03,1.03,17,285,-268,0.73,-0.09,1.87,-2.38,-0.1,-0.13,1.0411,-0.13,0.9148,-0.1246,0.46,-0.15,1537,4588
2025-26,203967,Dario Šarić,1610612758,-0.22,-0.27,-0.05000000000000002,0.05000000000000002,306,348,-42,-1,-1.11,0.21,0.15,-0.42,-0.2,-0.46,-0.5396,-0.221,-0.2698,-0.14,-0.15,200,200
2025-26,1627742,Brandon Ingram,1610612761,-0.22,-0.07,0.15,0.15,312,274,38,-0.71,-0.04,-1.18,-1.88,-0.05,-0.23,-0.23,-0.07,-0.2189,-0.0687,-0.69,-0.15,3894,10501
2025-26,1642935,Chucky Hepburn,1610612761,-0.2,-0.22,-0.01999999999999999,0.01999999999999999,299,324,-25,-1.79,-1.79,-0.04,-0.27,0.05,-0.08,-0.9642,-1.0535,-0.202,-0.2207,-0.15,-0.15,53,53
2025-26,204060,Joe Ingles,1610612750,-0.16,-0.64,-0.48,0.48,284,476,-192,-0.9,-0.57,0,-1.92,-0.06,-0.39,-0.4789,-0.84,-0.1649,-0.6426,-0.09,-0.16,105,651
2025-26,1641713,GG Jackson,1610612763,-0.53,-0.15,0.38,0.38,391,297,94,-1.38,-0.1,-1.2,-1.57,0.41,-0.03,-1.01,-0.16,-0.5268,-0.1536,-0.19,-0.17,218,4773
2025-26,1642443,Jahmir Young,1610612748,-0.53,-0.92,-0.39,0.39,392,533,-141,-2.55,-1.27,-0.67,-1.45,0.01,-0.14,-1.5453,-1.8,-0.5287,-0.9198,-0.26,-0.17,104,209
2025-26,202066,Garrett Temple,1610612761,-0.23,-0.65,-0.42000000000000004,0.42000000000000004,314,477,-163,-1.08,-1.06,-0.68,-0.45,-0.03,0.03,-0.8084,-1.09,-0.231,-0.6505,-0.1,-0.17,86,296
2025-26,1629027,Trae Young,1610612737,-0.54,-0.7,-0.15999999999999992,0.15999999999999992,399,487,-88,-0.91,-0.29,-0.65,-1.22,0,0.14,-0.69,-0.78,-0.5351,-0.6972,-0.64,-0.18,810,1685
2025-26,1628975,Jevon Carter,1610612741,0.2,0.08,-0.12000000000000001,0.12000000000000001,157,205,-48,0.79,-0.15,-2.65,-1.36,0.08,-0.27,0.25,0.08,0.2027,0.0759,0.28,-0.19,857,3661
2025-26,1631230,Dominick Barlow,1610612755,-0.47,0.08,0.5499999999999999,0.5499999999999999,380,206,174,-0.16,-0.09,-0.12,-1.82,-0.12,-0.1,-0.52,0.08,-0.4684,0.0778,-0.22,-0.21,1756,6977
2025-26,1642382,Branden Carlson,1610612760,-0.51,-0.4,0.10999999999999999,0.10999999999999999,385,405,-20,0.03,-0.29,-2.01,-2.78,0.37,0.01,-0.66,-0.44,-0.5148,-0.3991,0.14,-0.21,673,1951
2025-26,1641733,Nick Smith Jr.,1610612747,-0.6,-0.48,0.12,0.12,414,429,-15,0.45,-0.38,2.06,1.57,-0.1,-0.38,-0.81,-0.54,-0.5993,-0.4764,0.09,-0.21,651,1497
2025-26,1641809,Drew Peterson,1610612766,-0.35,-0.48,-0.13,0.13,355,430,-75,-1.24,-1.46,-0.29,-0.42,0.16,-0.03,-0.62,-0.8556,-0.3493,-0.482,-0.22,-0.22,215,258
2025-26,1631204,Marcus Sasser,1610612765,-0.11,0.32,0.43,0.43,270,105,165,-1.1,-0.32,0,0.81,-0.12,-0.42,-0.4768,0.35,-0.1058,0.3167,-0.07,-0.22,70,1902
2025-26,1641842,Ronald Holland II,1610612765,-0.43,-0.3,0.13,0.13,374,365,9,-0.03,-0.1,-1.78,1.08,-0.17,-0.21,-0.47,-0.31,-0.4341,-0.3006,-0.08,-0.23,2341,6410
2025-26,203076,Anthony Davis,1610612742,0.28,-0.32,-0.6000000000000001,0.6000000000000001,115,372,-257,0.01,-0.25,0.21,-0.49,0.24,-0.26,0.32,-0.3406,0.2824,-0.3163,0.08,-0.23,1554,2606
2025-26,1642282,Hunter Sallis,1610612755,-0.3,-0.49,-0.19,0.19,341,436,-95,-2.39,-2.38,-0.4,-0.35,-0.33,-0.23,-0.87,-1.3898,-0.3032,-0.4873,-0.24,-0.24,107,108
2025-26,1630314,Brandon Williams,1610612742,-0.08,-0.16,-0.08,0.08,262,303,-41,-0.81,-0.12,2.64,0.23,0.06,-0.1,-0.09,-0.16,-0.0827,-0.1551,-0.55,-0.25,2433,6385
2025-26,1642403,Isaac Jones,1610612758,-0.23,-0.28,-0.05000000000000002,0.05000000000000002,315,354,-39,-1.26,-2.31,-0.61,-0.92,-0.15,0,-0.8878,-0.68,-0.2302,-0.28,-0.11,-0.26,70,140
2025-26,1642863,Khaman Maluach,1610612756,-0.41,-0.55,-0.14000000000000007,0.14000000000000007,368,453,-85,-0.92,-0.46,-0.76,-0.42,-0.05,0.04,-0.83,-0.62,-0.4119,-0.5514,-0.15,-0.28,164,1608
2025-26,1628396,Tony Bradley,1610612754,-0.42,0.01,0.43,0.43,371,237,134,0.09,-0.4,-1.54,-1.4,-0.43,-0.09,-0.5,0.01,-0.4222,0.009,0.05,-0.28,1055,1883
2025-26,1642959,Chris Youngblood,1610612760,-0.64,-0.49,0.15000000000000002,0.15000000000000002,423,437,-14,-0.75,-0.94,-0.73,-0.64,0.1,0.09,-0.97,-0.63,-0.6412,-0.4906,-0.26,-0.28,374,704
2025-26,1642876,Adou Thiero,1610612747,-0.54,-0.18,0.36000000000000004,0.36000000000000004,395,310,85,-1.74,-1.07,-0.57,0.42,0.13,0.26,-1.0104,-0.24,-0.5383,-0.1806,-0.24,-0.29,253,608
2025-26,202685,Jonas Valančiūnas,1610612743,-0.66,-0.63,0.030000000000000027,0.030000000000000027,428,472,-44,-0.94,-0.24,-1.85,-1.63,-0.1,-0.14,-0.76,-0.67,-0.6621,-0.6332,-0.28,-0.29,1325,3441
2025-26,1642277,Johnny Furphy,1610612754,-0.18,0.08,0.26,0.26,289,207,82,1.11,-0.31,-0.52,0.69,-0.35,-0.2,-0.26,0.084,-0.1767,0.0781,-0.08,-0.29,474,2685
2025-26,1627741,Buddy Hield,1610612744,-0.68,-0.35,0.33000000000000007,0.33000000000000007,431,385,46,-0.85,-0.26,-4.64,-2.96,0.07,-0.09,-0.75,-0.37,-0.6831,-0.3489,-0.66,-0.3,1893,3313
2025-26,1630679,Ethan Thompson,1610612754,-0.01,-0.39,-0.38,0.38,230,400,-170,0.64,-0.32,0.32,2.12,0.01,-0.05,-0.0187,-0.42,-0.0135,-0.3914,-0.08,-0.31,397,2741
2025-26,1631093,Jaden Ivey,1610612765,-0.88,-0.36,0.52,0.52,458,388,70,-0.35,-0.3,0.06,-0.56,-0.15,-0.23,-1.12,-0.3861,-0.8768,-0.3611,-0.21,-0.31,687,2896
2025-26,1642873,Amari Williams,1610612738,0,-0.32,-0.32,0.32,224,373,-149,-0.24,-1.25,-0.14,-2.2,-0.16,0.22,0.01,-0.43,0.004,-0.3167,-0.03,-0.32,133,559
2025-26,1642950,Lachlan Olbrich,1610612741,-0.42,-0.53,-0.11000000000000004,0.11000000000000004,372,447,-75,-1.89,-0.6,0,1.08,-0.23,0.14,-1.0099,-0.61,-0.4158,-0.5337,-0.21,-0.32,140,1400
2025-26,1626204,Larry Nance Jr.,1610612739,-1.09,-0.43,0.6600000000000001,0.6600000000000001,474,412,62,-1.62,-0.46,-1.67,-2.13,0.07,-0.1,-1.3066,-0.48,-1.0938,-0.4349,-0.66,-0.32,1028,1927
2025-26,1626172,Kevon Looney,1610612740,-0.63,-0.38,0.25,0.25,421,395,26,-0.78,-0.65,-0.22,0.04,-0.14,-0.27,-0.83,-0.44,-0.6253,-0.3815,-0.21,-0.33,611,1304
2025-26,1641752,Bobi Klintman,1610612765,-1.1,-1.25,-0.1499999999999999,0.1499999999999999,476,558,-82,-3.19,-1.92,-1.25,-0.56,-0.34,-0.37,-2.0478,-2.06,-1.0997,-1.2522,-0.46,-0.33,232,310
2025-26,1642857,Kasparas Jakučionis,1610612748,0.06,-0.44,-0.5,0.5,207,417,-210,-0.45,-0.22,-0.17,-1.15,0,-0.11,0.1259,-0.46,0.06,-0.4394,0.05,-0.33,241,4275
2025-26,1630548,Johnny Juzang,1610612750,-0.11,-0.82,-0.71,0.71,271,514,-243,-0.91,-1.76,0.42,-1.17,-0.04,-0.25,-0.3381,-1.2676,-0.1127,-0.8236,-0.09,-0.34,103,371
2025-26,1642271,Kyle Filipowski,1610612762,0.02,-0.15,-0.16999999999999998,0.16999999999999998,218,298,-80,-0.17,-0.13,1.42,0.8,-0.11,-0.11,0.02,-0.15,0.0185,-0.1462,0.2,-0.34,2320,7667
2025-26,1631110,Jeremy Sochan,1610612759,-0.74,-0.85,-0.10999999999999999,0.10999999999999999,441,521,-80,-1.18,-0.53,-3.25,-4.54,-0.19,-0.13,-0.86,-0.94,-0.7403,-0.8511,-0.56,-0.37,1242,1915
2025-26,1628997,Caleb Martin,1610612742,-0.42,-0.12,0.3,0.3,373,286,87,-0.79,-0.3,-2.49,-2.29,-0.02,-0.17,-0.52,-0.13,-0.4192,-0.1231,-0.3,-0.37,982,3590
2025-26,1630591,Jalen Suggs,1610612753,0.57,-0.18,-0.75,0.75,52,311,-259,0.84,-0.17,3.22,1.86,0,-0.32,0.62,-0.19,0.5695,-0.1844,0.68,-0.38,2117,6589
2025-26,1631247,Luke Travers,1610612739,-0.22,-0.97,-0.75,0.75,309,537,-228,-1.89,-1.79,-1.22,-1.73,0.25,0.03,-0.33,-1.4134,-0.2209,-0.9675,-0.42,-0.38,434,434
2025-26,1630700,Dyson Daniels,1610612737,-0.55,-0.61,-0.05999999999999994,0.05999999999999994,406,465,-59,-1.36,-0.11,1.58,2.86,-0.29,-0.27,-0.58,-0.62,-0.5538,-0.6086,-1.51,-0.38,4214,10718
2025-26,1631120,JD Davison,1610612745,0.37,-0.69,-1.06,1.06,94,484,-390,-1.76,-1.13,-0.38,0.35,0.1,-0.02,0.62,-0.85,0.3685,-0.6893,-0.19,-0.4,304,858
2025-26,1641711,Gradey Dick,1610612761,0.31,-0.23,-0.54,0.54,104,329,-225,-0.07,-0.26,2.48,-0.39,-0.12,-0.24,0.34,-0.24,0.3068,-0.2298,-0.12,-0.4,1876,4505
2025-26,1629651,Nic Claxton,1610612751,0.2,0.19,-0.010000000000000009,0.010000000000000009,158,140,18,0.46,-0.15,-0.74,-3.96,0.19,0.14,0.21,0.19,0.1978,0.1853,0.27,-0.4,3085,7832
2025-26,1642345,Oso Ighodaro,1610612756,-0.55,-0.39,0.16000000000000003,0.16000000000000003,405,401,4,-0.47,-0.16,2.52,2.8,-0.24,0.04,-0.6,-0.4,-0.5462,-0.3892,-0.62,-0.4,1999,7198
2025-26,203914,Gary Harris,1610612749,0.28,-0.53,-0.81,0.81,116,448,-332,-0.27,-0.43,-0.25,-0.72,-0.23,-0.2,0.33,-0.57,0.2794,-0.5301,-0.15,-0.41,1054,2660
2025-26,1628989,Kevin Huerter,1610612741,-0.23,-0.42,-0.18999999999999997,0.18999999999999997,313,410,-97,-0.18,-0.19,-1.56,0.02,-0.12,-0.29,-0.25,-0.43,-0.2292,-0.4171,-0.03,-0.42,2282,6452
2025-26,1631260,AJ Green,1610612749,0.07,-0.06,-0.13,0.13,201,268,-67,0.53,-0.14,-0.02,0.31,-0.15,-0.21,0.08,-0.06,0.0749,-0.0587,0.77,-0.43,3246,9285
2025-26,1642269,Devin Carter,1610612758,-0.09,-0.39,-0.30000000000000004,0.30000000000000004,264,402,-138,-0.68,-0.43,0.13,-0.11,-0.04,-0.29,-0.13,-0.42,-0.0862,-0.3922,0.04,-0.43,298,2823
2025-26,1630256,Jae'Sean Tate,1610612745,-0.62,-0.42,0.2,0.2,420,411,9,-0.42,-0.72,-1.6,-4.04,-0.43,-0.36,-0.89,-0.47,-0.6215,-0.4184,-0.09,-0.44,481,1621
2025-26,1641998,Trey Jemison III,1610612752,-0.27,-0.47,-0.19999999999999996,0.19999999999999996,329,425,-96,-1.07,-2.42,-0.37,-0.87,-0.06,-0.33,-0.6807,-0.74,-0.2694,-0.4669,-0.12,-0.44,131,342
2025-26,1641730,Noah Clowney,1610612751,-0.07,-0.34,-0.27,0.27,254,381,-127,0.25,-0.18,1.86,0.61,0.13,0.1,-0.07,-0.35,-0.0656,-0.3406,-0.08,-0.44,2864,7223
2025-26,1641780,Johni Broome,1610612755,-0.29,-1.1,-0.81,0.81,338,547,-209,-3.49,-3.32,-0.89,-1.57,-0.13,-0.09,-0.64,-2.1883,-0.2874,-1.1023,-0.42,-0.45,163,203
2025-26,1628467,Maxi Kleber,1610612747,0.04,-0.36,-0.39999999999999997,0.39999999999999997,210,389,-179,-0.18,-0.62,1.33,1.81,0.11,0.04,0.05,-0.4,0.0369,-0.3633,0.03,-0.45,648,1979
2025-26,1627826,Ivica Zubac,1610612746,0.16,-0.14,-0.30000000000000004,0.30000000000000004,171,293,-122,-0.08,-0.22,2.78,2.04,-0.42,-0.2,0.17,-0.14,0.1611,-0.1355,-0.08,-0.46,3392,6013
2025-26,1630526,Jeremiah Robinson-Earl,1610612754,-0.54,-0.78,-0.24,0.24,397,504,-107,-0.72,-0.8,-0.52,-1.35,-0.27,-0.19,-0.62,-0.8805,-0.5362,-0.7801,-0.38,-0.47,1339,1554
2025-26,1629111,Jock Landale,1610612763,-0.32,-0.29,0.030000000000000027,0.030000000000000027,344,359,-15,-0.34,-0.22,-4.93,-1.65,-0.01,-0.1,-0.34,-0.3,-0.3151,-0.2906,-0.05,-0.47,2407,6163
2025-26,1631451,Javonte Cooke,1610612757,-0.15,-0.82,-0.6699999999999999,0.6699999999999999,283,515,-232,-0.43,-2.47,0.02,-0.18,-0.43,-0.39,-0.37,-1.2604,-0.1504,-0.8235,-0.09,-0.47,116,377
2025-26,1630228,Jonathan Kuminga,1610612744,-0.73,-0.88,-0.15000000000000002,0.15000000000000002,440,524,-84,-2.2,-0.39,0.1,2.06,-0.08,0.07,-0.81,-0.93,-0.7295,-0.8788,-1.48,-0.48,1813,3432
2025-26,1641816,Hunter Tyson,1610612743,-0.29,-0.62,-0.33,0.33,336,469,-133,-1.59,-1.74,-0.44,-0.14,0.15,-0.03,-0.68,-0.8058,-0.2925,-0.6156,-0.1,-0.49,144,647
2025-26,1642258,Zaccharie Risacher,1610612737,0.32,-0.46,-0.78,0.78,102,420,-318,-0.36,-0.22,1.86,-3.07,0,-0.18,0.34,-0.47,0.3171,-0.456,-0.13,-0.5,2709,6506
2025-26,1630545,Terrence Shannon Jr.,1610612750,-0.61,-1.41,-0.7999999999999999,0.7999999999999999,418,566,-148,-1.76,-0.64,-2.12,-2.78,-0.24,0.02,-0.73,-1.54,-0.6071,-1.4108,-0.83,-0.51,911,2183
2025-26,1642484,RayJ Dennis,1610612754,-0.93,-0.76,0.17000000000000004,0.17000000000000004,463,499,-36,-1.33,-1.43,-1.64,-0.45,0,-0.23,-1.1832,-0.93,-0.929,-0.7575,-0.41,-0.51,731,878
2025-26,1641989,Elijah Harkless,1610612762,0.61,0.15,-0.45999999999999996,0.45999999999999996,47,164,-117,0.53,-0.62,2.34,4.22,0,0.04,1.0528,0.16,0.6132,0.1473,0.08,-0.52,279,2310
2025-26,1628401,Derrick White,1610612738,0.03,-0.56,-0.5900000000000001,0.5900000000000001,214,457,-243,-0.2,-0.15,0.31,4.17,0.4,-0.05,0.03,-0.57,0.0284,-0.5593,0.03,-0.53,3481,10487
2025-26,1630702,Jaden Hardy,1610612742,0.22,-0.56,-0.78,0.78,144,458,-314,0.77,-0.39,3.53,1.61,-0.31,-0.36,0.26,-0.59,0.2154,-0.5611,0.19,-0.53,920,3886
2025-26,1629234,Drew Eubanks,1610612758,-0.08,-0.76,-0.68,0.68,261,500,-239,-0.36,-0.63,0.26,-1.46,-0.43,-0.19,-0.09,-0.82,-0.0794,-0.7557,-0.27,-0.54,1482,2352
2025-26,1627759,Jaylen Brown,1610612738,-0.23,-0.26,-0.03,0.03,316,346,-30,-0.28,-0.16,0.31,-1.75,0.44,0.07,-0.24,-0.27,-0.2272,-0.2646,-0.3,-0.55,3442,9843
2025-26,1630587,Isaiah Livers,1610612756,0.59,-0.56,-1.15,1.15,48,459,-411,-0.07,-0.98,2.02,-1.22,0.12,-0.08,0.7449,-0.63,0.5869,-0.5558,-0.02,-0.55,743,1498
2025-26,203992,Bogdan Bogdanović,1610612746,0.03,-0.75,-0.78,0.78,213,497,-284,-0.62,-0.84,3.47,0.14,0.05,-0.13,0.04,-0.83,0.0345,-0.7466,0.05,-0.56,1171,1790
2025-26,1630214,Xavier Tillman,1610612738,-0.17,-0.65,-0.48,0.48,286,478,-192,-0.65,-1.91,-0.8,-2.72,0.23,0,-0.26,-0.84,-0.1735,-0.6502,-0.13,-0.56,405,685
2025-26,203903,Jordan Clarkson,1610612752,-0.27,-0.55,-0.28,0.28,333,455,-122,-0.48,-0.32,-2.26,-2.32,-0.09,-0.22,-0.29,-0.57,-0.2654,-0.5487,-0.8,-0.57,2328,5153
2025-26,1641796,Pelle Larsson,1610612748,-0.33,-0.03,0.30000000000000004,0.30000000000000004,351,253,98,-0.53,-0.21,-0.58,-0.02,-0.37,-0.07,-0.36,-0.03,-0.3311,-0.0293,-0.49,-0.59,2250,8080
2025-26,1629006,Josh Okogie,1610612745,0.11,-0.62,-0.73,0.73,187,470,-283,-0.29,-0.32,-0.23,0.88,-0.34,-0.26,0.12,-0.64,0.1099,-0.6173,0.13,-0.61,2245,5430
2025-26,1642878,Tyrese Proctor,1610612739,-1.08,-0.86,0.22000000000000008,0.22000000000000008,473,523,-50,-1.73,-0.76,-2.5,-1.93,0.07,-0.13,-1.32,-0.94,-1.0802,-0.8617,-0.47,-0.61,1051,2201
2025-26,1642404,Chaz Lanier,1610612765,-0.46,-0.35,0.11000000000000004,0.11000000000000004,378,386,-8,-1.11,-1.51,-0.32,-0.92,-0.1,-0.35,-0.6182,-0.42,-0.4623,-0.3523,-0.29,-0.62,593,1041
2025-26,1628502,Nigel Hayes-Davis,1610612756,-0.78,-1.84,-1.06,1.06,447,573,-126,-2.08,-1.98,-3.38,-3.83,-0.05,-0.24,-1.02,-2.322,-0.7806,-1.8372,-0.65,-0.63,610,758
2025-26,1641790,PJ Hall,1610612763,0.25,-1.2,-1.45,1.45,130,554,-424,1.1,-1.75,0.23,-2.03,0.1,0.2,0.6645,-1.4677,0.253,-1.1979,0.12,-0.63,123,888
2025-26,203484,Kentavious Caldwell-Pope,1610612763,-0.59,-0.14,0.44999999999999996,0.44999999999999996,411,294,117,-0.8,-0.41,-0.22,0.18,-0.07,-0.16,-0.64,-0.1419,-0.5927,-0.1358,-0.77,-0.63,2440,4416
2025-26,201143,Al Horford,1610612744,-0.69,-0.28,0.4099999999999999,0.4099999999999999,432,355,77,-1.2,-0.45,-1.98,-1.57,0.26,0,-0.81,-0.29,-0.695,-0.2765,-0.85,-0.64,1262,4097
2025-26,1642353,Cam Christie,1610612746,0.31,-0.2,-0.51,0.51,103,318,-215,0.33,-0.92,2.08,-0.08,0.17,-0.08,0.4,-0.22,0.3145,-0.1994,0.15,-0.65,724,1937
2025-26,201145,Jeff Green,1610612745,0,-0.24,-0.24,0.24,226,336,-110,-0.72,-2.09,-1.19,-3.57,0.03,-0.3,-0.01,-0.31,-0.0045,-0.2449,-0.08,-0.66,172,752
2025-26,1642964,Brooks Barnhizer,1610612760,-0.56,-0.33,0.23000000000000004,0.23000000000000004,407,376,31,-0.97,-1.27,-3.7,-2.87,-0.1,-0.11,-0.79,-0.38,-0.5627,-0.3318,-0.23,-0.67,501,1377
2025-26,1628371,Jonathan Isaac,1610612753,-0.26,-0.5,-0.24,0.24,326,439,-113,-0.97,-0.89,-1.61,-2.01,0.01,0.26,-0.32,-0.55,-0.2635,-0.5014,-0.27,-0.67,925,2062
2025-26,1630811,Keaton Wallace,1610612737,-0.47,-0.27,0.19999999999999996,0.19999999999999996,381,349,32,-0.52,-0.82,-1.91,-1.54,0.07,-0.13,-0.53,-0.29,-0.468,-0.2666,-0.34,-0.68,1486,2280
2025-26,1642272,Jared McCain,1610612755,-0.21,-0.51,-0.30000000000000004,0.30000000000000004,305,443,-138,-0.81,-0.42,-0.47,1.22,-0.04,-0.26,-0.25,-0.53,-0.2147,-0.5087,-0.68,-0.7,1287,4778
2025-26,203482,Kelly Olynyk,1610612759,-0.26,-0.56,-0.30000000000000004,0.30000000000000004,325,460,-135,0.36,-1.31,-0.12,-2.61,0,0.09,-0.34,-0.64,-0.2617,-0.5625,-0.03,-0.72,660,1451
2025-26,1642869,Noah Penda,1610612753,0.04,-0.33,-0.37,0.37,211,377,-166,-0.26,-0.69,1.36,-1.26,-0.37,-0.27,0.06,-0.35,0.0435,-0.3278,-0.09,-0.73,623,2958
2025-26,203078,Bradley Beal,1610612746,-1.09,-1.38,-0.2899999999999998,0.2899999999999998,475,563,-88,-3.09,-3.1,-0.42,-1.44,-0.14,-0.27,-1.5173,-1.92,-1.0887,-1.3776,-0.73,-0.73,508,508
2025-26,203500,Steven Adams,1610612745,-0.19,0.1,0.29000000000000004,0.29000000000000004,293,192,101,-0.64,-0.68,1.79,1.13,-0.68,-0.09,-0.21,0.1069,-0.1893,0.1003,-0.23,-0.73,1882,3028
2025-26,1629162,Jordan McLaughlin,1610612759,0.22,-0.73,-0.95,0.95,146,493,-347,0.57,-1.65,-0.8,-5.94,-0.1,-0.23,0.34,-0.86,0.2221,-0.7314,0.05,-0.73,377,1138
2025-26,1627734,Domantas Sabonis,1610612758,-0.78,-0.46,0.32,0.32,446,421,25,-1.03,-0.85,-1.02,-0.24,-0.33,-0.24,-0.8839,-0.5035,-0.7814,-0.4647,-0.59,-0.74,1525,2397
2025-26,1630224,Jalen Green,1610612756,0.7,0.25,-0.44999999999999996,0.44999999999999996,37,120,-83,2.74,-0.63,1.16,-0.56,0.17,-0.15,1.8189,0.27,0.6961,0.2549,0.3,-0.75,124,3381
2025-26,1642877,Micah Peavy,1610612740,-0.55,-0.54,0.010000000000000009,0.010000000000000009,402,450,-48,-0.85,-0.55,1.16,0.18,-0.38,-0.39,-0.62,-0.57,-0.5471,-0.5424,-0.41,-0.76,1521,3928
2025-26,1642874,Danny Wolf,1610612751,0.64,-0.6,-1.24,1.24,43,464,-421,-0.58,-0.45,2.38,0.73,0.03,-0.08,0.79,-0.62,0.6427,-0.5956,-0.04,-0.76,746,4872
2025-26,1641748,Andre Jackson Jr.,1610612749,0,-0.34,-0.34,0.34,225,382,-157,0.33,-1.26,2.07,2.33,0.12,0.09,0,-0.38,0,-0.3384,-0.06,-0.76,304,1625
2025-26,1641724,Jett Howard,1610612753,0.24,-0.77,-1.01,1.01,133,502,-369,0.67,-0.8,0.09,0.5,0,-0.22,0.3,-0.83,0.2373,-0.7736,0.26,-0.78,822,2741
2025-26,1629652,Luguentz Dort,1610612760,0.09,-0.27,-0.36,0.36,196,350,-154,0.02,-0.3,0.86,-0.79,-0.1,-0.25,0.1,-0.28,0.0908,-0.2728,0,-0.79,2274,7613
2025-26,1628370,Malik Monk,1610612758,0.04,-0.07,-0.11000000000000001,0.11000000000000001,209,275,-66,-0.01,-0.39,1.04,-1.12,-0.09,-0.43,0.04,-0.07,0.0369,-0.0677,0.06,-0.79,2175,5979
2025-26,1629636,Darius Garland,1610612739,-0.6,-0.53,0.06999999999999995,0.06999999999999995,416,449,-33,-1.86,-0.41,-2.8,-1.77,-0.02,-0.33,-0.68,-0.55,-0.6029,-0.5315,-1.24,-0.8,1550,5737
2025-26,1642259,Alex Sarr,1610612764,0.02,-0.31,-0.33,0.33,220,369,-149,0.18,-0.43,0.9,-1.82,0.19,0,0.02,-0.32,0.0183,-0.3087,-0.05,-0.81,2211,5448
2025-26,1642278,Tyler Kolek,1610612752,-0.32,-0.74,-0.42,0.42,345,495,-150,-0.06,-0.79,-2.38,0.97,0.05,-0.41,-0.39,-0.79,-0.3198,-0.7389,-0.16,-0.81,1164,2890
2025-26,202687,Bismack Biyombo,1610612759,-0.72,-1.03,-0.31000000000000005,0.31000000000000005,436,541,-105,-2.07,-3.27,-1.92,-3.64,-0.1,0.04,-1.29,-1.4,-0.7217,-1.0267,-0.31,-0.82,254,550
2025-26,201572,Brook Lopez,1610612746,-0.52,-0.48,0.040000000000000036,0.040000000000000036,390,432,-42,-1.42,-0.37,-0.27,1.78,0.38,-0.12,-0.61,-0.49,-0.5183,-0.4753,-0.68,-0.82,1172,6467
2025-26,1630574,Ariel Hukporti,1610612752,-0.82,-0.8,0.019999999999999907,0.019999999999999907,454,508,-54,-2.1,-1.13,-1.65,-1.36,0.12,0.06,-1.08,-0.88,-0.8207,-0.7998,-0.49,-0.83,656,1994
2025-26,1642860,Will Riley,1610612764,-0.34,0.22,0.56,0.56,353,130,223,-1.1,-0.36,0.25,-1.98,-0.26,-0.15,-0.42,0.23,-0.3439,0.2234,-0.23,-0.84,833,6812
2025-26,1630322,Lindy Waters III,1610612759,-0.49,-0.78,-0.29000000000000004,0.29000000000000004,382,505,-123,-0.7,-1.81,-1.7,-1.95,-0.03,-0.26,-0.7,-0.91,-0.491,-0.7797,-0.12,-0.84,470,1197
2025-26,1631104,Blake Wesley,1610612757,-0.2,-0.78,-0.5800000000000001,0.5800000000000001,297,506,-209,-0.51,-1.53,-0.32,-1.68,0.28,0.01,-0.2872,-0.89,-0.1971,-0.783,-0.11,-0.85,438,1464
2025-26,200768,Kyle Lowry,1610612755,0.07,-0.61,-0.6799999999999999,0.6799999999999999,205,466,-261,0.11,-3.83,0.06,-0.72,-0.03,0,0.16,-0.87,0.0672,-0.6115,-0.04,-0.86,103,473
2025-26,203083,Andre Drummond,1610612755,0.45,-0.21,-0.66,0.66,76,321,-245,0.82,-0.49,1.13,-1.24,-0.29,-0.21,0.49,-0.22,0.4476,-0.2117,0.42,-0.86,2189,5128
2025-26,1642883,Sion James,1610612766,0.03,-0.38,-0.41000000000000003,0.41000000000000003,217,396,-179,-0.19,-0.34,1.53,-0.19,-0.01,0.04,0.03,-0.39,0.0281,-0.3798,-0.1,-0.87,2823,7427
2025-26,1642358,AJ Johnson,1610612764,-0.54,-0.81,-0.27,0.27,394,511,-117,-1.58,-1.28,-0.15,2.57,-0.28,-0.28,-1.12,-0.9,-0.5397,-0.8132,-0.2,-0.88,186,1873
2025-26,1627739,Kris Dunn,1610612746,-0.21,-0.25,-0.04000000000000001,0.04000000000000001,303,341,-38,-0.41,-0.29,-1.13,-0.52,-0.13,-0.27,-0.22,-0.26,-0.2059,-0.2543,-0.36,-0.89,2831,8988
2025-26,1641731,Bilal Coulibaly,1610612764,-0.41,-0.47,-0.06,0.06,369,426,-57,-1.62,-0.41,0.69,0.08,-0.08,-0.03,-0.47,-0.48,-0.4133,-0.4654,-0.89,-0.9,1458,6360
2025-26,1642354,KJ Simpson,1610612766,-0.8,-1.09,-0.29000000000000004,0.29000000000000004,451,545,-94,-1.87,-2.16,-1.75,-1.54,0.02,-0.16,-0.97,-1.3,-0.7954,-1.0922,-0.86,-0.9,735,1051
2025-26,1631222,Jake LaRavia,1610612747,-0.07,-0.28,-0.21000000000000002,0.21000000000000002,256,356,-100,-0.28,-0.31,-3,-2.32,-0.1,-0.12,-0.07,-0.29,-0.0651,-0.2834,-0.25,-0.9,2758,8523
2025-26,1631200,Kris Murray,1610612757,-0.59,-0.23,0.36,0.36,412,330,82,-0.78,-0.48,-2.37,-1.14,-0.05,-0.08,-0.63,-0.24,-0.5857,-0.2317,-0.91,-0.92,2545,5589
2025-26,1630192,Zeke Nnaji,1610612743,-0.45,-0.43,0.020000000000000018,0.020000000000000018,376,413,-37,-0.77,-1.04,-2.38,-2.65,-0.25,-0.1,-0.61,-0.46,-0.4465,-0.4256,-0.2,-0.93,560,2471
2025-26,1630174,Aaron Nesmith,1610612754,0.62,-0.28,-0.9,0.9,46,357,-311,0.8,-0.47,0.96,2.14,0.07,-0.2,0.7111,-0.29,0.6236,-0.2802,0.43,-0.93,1426,5689
2025-26,1631212,Peyton Watson,1610612743,-0.32,-0.37,-0.04999999999999999,0.04999999999999999,347,392,-45,-0.61,-0.41,0.48,0.18,-0.04,-0.02,-0.34,-0.38,-0.3168,-0.3687,-0.54,-0.93,2812,6549
2025-26,1642355,Bronny James,1610612747,-0.81,-0.91,-0.09999999999999998,0.09999999999999998,452,531,-79,-1.95,-1.65,-0.27,-0.74,-0.01,-0.41,-1.13,-1.03,-0.8103,-0.9083,-0.53,-0.93,514,1492
2025-26,203935,Marcus Smart,1610612747,0.08,-0.96,-1.04,1.04,197,536,-339,-0.11,-0.37,3.71,5.37,-0.09,-0.15,0.09,-0.99,0.0818,-0.9638,0.24,-0.94,1946,7364
2025-26,1629656,Quentin Grimes,1610612755,-0.25,-0.21,0.04000000000000001,0.04000000000000001,321,322,-1,-0.28,-0.3,-0.16,-0.55,-0.17,-0.15,-0.27,-0.21,-0.2548,-0.2055,0,-0.95,3205,9191
2025-26,1630570,Trendon Watford,1610612755,-0.14,-0.82,-0.6799999999999999,0.6799999999999999,277,516,-239,-0.09,-0.71,-0.14,-1.35,-0.4,-0.27,-0.1674,-0.86,-0.1439,-0.8168,-0.04,-0.95,1220,3779
2025-26,1641738,Kobe Brown,1610612746,-0.33,-0.48,-0.14999999999999997,0.14999999999999997,350,433,-83,-0.69,-0.69,-1.7,-3.23,-0.04,-0.12,-0.4,-0.5,-0.3263,-0.476,-0.41,-0.95,793,3967
2025-26,201567,Kevin Love,1610612762,-0.77,-1,-0.22999999999999998,0.22999999999999998,444,539,-95,-1.21,-1.03,-0.36,-0.62,0.07,-0.04,-0.93,-1.08,-0.7745,-1.0049,-0.49,-0.98,1041,2675
2025-26,1642450,Daniss Jenkins,1610612765,0.12,-0.23,-0.35,0.35,182,331,-149,-0.44,-0.48,-1.46,-0.7,-0.28,-0.32,0.14,-0.24,0.1248,-0.2322,-0.16,-0.99,1528,5976
2025-26,1627827,Dorian Finney-Smith,1610612745,-0.06,-0.88,-0.8200000000000001,0.8200000000000001,250,525,-275,-0.66,-1.12,0,-2.94,0,-0.38,-0.2964,-0.95,-0.0612,-0.8801,-0.06,-1.02,52,2519
2025-26,203994,Jusuf Nurkić,1610612762,-0.73,-0.39,0.33999999999999997,0.33999999999999997,439,403,36,-1.54,-0.63,-0.25,-0.28,-0.3,-0.16,-0.78,-0.4067,-0.7252,-0.3903,-1.36,-1.04,2606,4771
2025-26,101108,Chris Paul,1610612746,-0.94,-1.98,-1.04,1.04,466,574,-108,-2.81,-2.82,-3.25,-3.05,-0.13,-0.34,-1.14,-2.4122,-0.9364,-1.9815,-1.05,-1.05,920,920
2025-26,1630171,Isaac Okoro,1610612741,-0.7,-0.27,0.42999999999999994,0.42999999999999994,434,351,83,-0.79,-0.44,-2.66,-2.35,-0.18,-0.01,-0.77,-0.28,-0.6983,-0.2725,-0.69,-1.09,1917,7282
2025-26,1641737,Adem Bona,1610612755,-0.38,-0.31,0.07,0.07,362,370,-8,-0.78,-0.62,-1.25,0.07,-0.15,0.11,-0.45,-0.32,-0.3839,-0.308,-0.49,-1.1,1327,5133
2025-26,1630552,Jalen Johnson,1610612737,0.21,-0.33,-0.54,0.54,151,378,-227,0.77,-0.31,0.14,1.35,-0.12,-0.15,0.22,-0.34,0.2093,-0.3338,0.4,-1.14,3914,10755
2025-26,1642274,Yves Missi,1610612740,-0.26,-0.51,-0.25,0.25,327,444,-117,-1.46,-0.62,2.15,4.28,-0.44,-0.1,-0.29,-0.53,-0.2574,-0.5109,-0.81,-1.14,1486,5347
2025-26,1630579,Jericho Sims,1610612749,-0.79,-0.19,0.6000000000000001,0.6000000000000001,449,315,134,-1.09,-0.63,-5.01,-1.79,-0.45,-0.08,-0.9,-0.2,-0.7851,-0.1927,-0.72,-1.15,1286,5291
2025-26,1629618,Jalen Pickett,1610612743,-0.29,-0.69,-0.39999999999999997,0.39999999999999997,337,485,-148,0.03,-1,-0.59,0.06,-0.22,-0.36,-0.4,-0.73,-0.2892,-0.6877,-0.16,-1.15,498,3253
2025-26,201587,Nicolas Batum,1610612746,-0.44,-0.55,-0.11000000000000004,0.11000000000000004,375,456,-81,-0.99,-0.64,-2.45,-1.86,0.08,-0.21,-0.48,-0.57,-0.4379,-0.549,-0.95,-1.15,2048,5229
2025-26,1631099,Keegan Murray,1610612758,0.64,-0.74,-1.38,1.38,44,496,-452,0.26,-1,1.21,1.1,0,-0.37,0.71,-0.78,0.6432,-0.7365,-0.29,-1.2,2006,3389
2025-26,1631213,Tyrese Martin,1610612751,0.1,-0.8,-0.9,0.9,193,509,-316,-1.59,-1.11,-0.29,-1.39,0.01,-0.21,0.11,-0.85,0.1002,-0.7977,-0.64,-1.2,1960,3053
2025-26,1627824,Guerschon Yabusele,1610612752,-0.54,-0.76,-0.21999999999999997,0.21999999999999997,400,501,-101,-1.15,-0.81,0.96,-0.26,-0.1,-0.01,-0.65,-0.8,-0.5447,-0.7645,-0.66,-1.21,1031,4313
2025-26,1629631,De'Andre Hunter,1610612739,0.15,-0.88,-1.03,1.03,174,526,-352,-0.28,-0.71,-0.42,-1.61,0.04,-0.05,0.16,-0.9109,0.15,-0.8761,-0.27,-1.23,3118,5029
2025-26,1630598,Aaron Wiggins,1610612760,0.26,-0.43,-0.69,0.69,125,414,-289,-0.05,-0.64,0.93,-0.06,-0.09,-0.22,0.29,-0.44,0.2569,-0.4256,-0.15,-1.3,1644,5896
2025-26,1642856,Egor Dëmin,1610612751,-0.41,-0.51,-0.10000000000000003,0.10000000000000003,370,445,-75,-1.32,-0.7,-0.36,0.33,0.1,-0.13,-0.45,-0.53,-0.4139,-0.511,-1.11,-1.3,2216,5378
2025-26,1629018,Gary Trent Jr.,1610612749,-0.54,-0.47,0.07000000000000006,0.07000000000000006,398,427,-29,-0.65,-0.67,-3.4,-3.81,-0.12,-0.22,-0.57,-0.49,-0.5369,-0.4733,-0.46,-1.31,3088,5675
2025-26,1631126,Caleb Love,1610612757,-0.51,-0.46,0.04999999999999999,0.04999999999999999,386,422,-36,-1.66,-0.9,-0.71,-1.37,0.04,-0.26,-0.58,-0.48,-0.5087,-0.4584,-0.89,-1.33,1317,4236
2025-26,1642920,Kobe Sanders,1610612746,-0.64,-1.25,-0.61,0.61,426,559,-133,-1.05,-0.72,2.49,-0.47,-0.27,-0.27,-0.72,-1.3,-0.6379,-1.254,-0.77,-1.36,1540,5450
2025-26,1629611,Terance Mann,1610612751,-0.63,-0.43,0.2,0.2,422,415,7,-0.61,-0.64,-0.91,0.64,-0.02,-0.13,-0.68,-0.44,-0.6312,-0.4264,-0.43,-1.37,2476,6250
2025-26,1631097,Bennedict Mathurin,1610612754,0.25,-0.22,-0.47,0.47,129,325,-196,-0.05,-0.6,-1.46,-0.78,-0.08,-0.02,0.27,-0.23,0.2473,-0.2234,0.17,-1.39,2068,6777
2025-26,1642868,Carter Bryant,1610612759,-0.57,-0.81,-0.2400000000000001,0.2400000000000001,408,512,-104,-1.26,-1.17,0,-2.48,-0.27,-0.18,-0.75,-0.86,-0.5708,-0.8118,-0.35,-1.39,642,3369
2025-26,1629216,Gabe Vincent,1610612747,-0.18,-0.7,-0.52,0.52,290,489,-199,-0.85,-1.06,1.47,0.99,-0.2,-0.18,-0.21,-0.74,-0.1808,-0.7023,-0.46,-1.39,1102,3729
2025-26,1642905,Yang Hansen,1610612757,-0.93,-2.05,-1.1199999999999997,1.1199999999999997,464,575,-111,-2.61,-3.01,-0.9,-0.64,-0.06,-0.09,-1.36,-2.38,-0.9323,-2.0457,-0.55,-1.43,436,1224
2025-26,1629020,Jarred Vanderbilt,1610612747,-0.79,-0.47,0.32000000000000006,0.32000000000000006,448,428,20,-0.74,-0.87,0.17,-0.36,-0.3,-0.18,-0.91,-0.49,-0.7889,-0.4703,-0.57,-1.45,1429,4767
2025-26,1630578,Alperen Sengun,1610612745,-0.19,-0.48,-0.29,0.29,292,434,-142,-0.17,-0.44,-2.62,-3.49,-0.09,-0.22,-0.2,-0.49,-0.1886,-0.4801,-0.02,-1.46,3408,9731
2025-26,1641854,Craig Porter Jr.,1610612739,0.26,-0.59,-0.85,0.85,122,462,-340,0.4,-0.9,-1.52,-1.67,0.19,-0.18,0.29,-0.61,0.2596,-0.5853,0.25,-1.48,1738,4732
2025-26,1628971,Bruce Brown,1610612743,-0.59,-0.3,0.29,0.29,413,366,47,-1.64,-0.54,-1.85,-4.03,-0.22,-0.2,-0.63,-0.31,-0.5856,-0.3025,-1.49,-1.48,2643,8071
2025-26,1631246,Vince Williams Jr.,1610612763,-0.36,-0.33,0.02999999999999997,0.02999999999999997,358,379,-21,-1.6,-1.25,2.12,0.66,-0.15,-0.26,-0.4,-0.3461,-0.3638,-0.3266,-1.14,-1.48,1876,3344
2025-26,1628398,Kyle Kuzma,1610612749,0.07,-0.43,-0.5,0.5,203,416,-213,-0.05,-0.57,-0.36,-1.08,0.03,-0.07,0.07,-0.44,0.0654,-0.4287,0.38,-1.48,2889,7571
2025-26,1626145,Tyus Jones,1610612753,-0.64,-0.61,0.030000000000000027,0.030000000000000027,424,467,-43,-0.88,-1.04,-1.59,-1.26,-0.29,-0.42,-0.72,-0.64,-0.6379,-0.6101,-0.38,-1.49,1578,4080
2025-26,1630558,Davion Mitchell,1610612748,-0.25,-0.62,-0.37,0.37,323,471,-148,-0.11,-0.51,1.83,2.96,-0.4,-0.39,-0.27,-0.63,-0.2549,-0.6156,-0.21,-1.49,3223,8546
2025-26,1642273,Kyshawn George,1610612764,-0.79,-0.82,-0.029999999999999916,0.029999999999999916,450,518,-68,-0.67,-0.74,-1.43,-0.1,-0.09,-0.22,-0.84,-0.85,-0.7881,-0.8222,-0.92,-1.52,3094,5921
2025-26,1629673,Jordan Poole,1610612740,-0.9,-0.66,0.24,0.24,461,480,-19,-1.34,-1.09,-3.5,-2.85,-0.04,-0.31,-1.05,-0.69,-0.9034,-0.6571,-0.58,-1.52,1153,3993
2025-26,1631094,Paolo Banchero,1610612753,0.1,-0.38,-0.48,0.48,192,397,-205,-0.2,-0.45,-0.27,0.67,0.06,0.08,0.11,-0.39,0.1006,-0.3824,-0.11,-1.52,2154,10014
2025-26,1630175,Cole Anthony,1610612749,-1,-1.33,-0.33000000000000007,0.33000000000000007,469,562,-93,-2.44,-1.99,-0.99,-1.4,-0.16,-0.41,-1.12,-1.4555,-0.9991,-1.33,-1.5,-1.54,1497,2120
2025-26,1630529,Herbert Jones,1610612740,-0.32,-0.89,-0.5700000000000001,0.5700000000000001,346,528,-182,-0.2,-0.69,0.53,1.16,-0.09,-0.35,-0.34,-0.92,-0.3155,-0.8933,-0.2,-1.58,2479,6703
2025-26,201144,Mike Conley,1610612750,-0.21,-0.72,-0.51,0.51,304,491,-187,-0.6,-1.12,-3.1,-2.95,-0.05,-0.03,-0.23,-0.76,-0.2075,-0.7249,-0.39,-1.62,1975,4126
2025-26,1629630,Ja Morant,1610612763,-0.88,-0.77,0.10999999999999999,0.10999999999999999,459,503,-44,-2.33,-1.86,1.78,-0.01,0.07,-0.12,-0.98,-0.8279,-0.8792,-0.7652,-1.7,-1.64,1537,2437
2025-26,1641722,Jordan Hawkins,1610612740,-0.89,-1.54,-0.65,0.65,460,569,-109,-1.82,-1.62,0.28,-1.46,-0.22,-0.5,-1.03,-1.65,-0.886,-1.5419,-0.8,-1.65,1234,2853
2025-26,1630208,Nick Richards,1610612756,-0.98,-1.6,-0.6200000000000001,0.6200000000000001,467,570,-103,-2.27,-1.65,-2.81,-2.72,-0.18,0.07,-1.2,-1.71,-0.9818,-1.5984,-0.94,-1.69,857,2865
2025-26,1631321,Sidy Cissoko,1610612757,-0.49,-0.59,-0.09999999999999998,0.09999999999999998,383,463,-80,-1.3,-0.83,1.41,0.31,-0.14,0.05,-0.54,-0.61,-0.4876,-0.5904,-0.37,-1.72,1688,6021
2025-26,1630560,Cam Thomas,1610612751,0.01,-0.34,-0.35000000000000003,0.35000000000000003,221,383,-162,0.63,-1.43,-0.83,-0.51,0.21,-0.03,0.0078,-0.36,0.0065,-0.3402,0.24,-1.74,943,3442
2025-26,1641712,Rayan Rupert,1610612757,-0.54,-0.75,-0.20999999999999996,0.20999999999999996,396,498,-102,-1.65,-1.12,-0.61,-2.95,-0.03,-0.12,-0.7,-0.78,-0.5389,-0.7468,-0.37,-1.76,558,4501
2025-26,1627747,Caris LeVert,1610612765,-0.21,-0.29,-0.07999999999999999,0.07999999999999999,302,360,-58,-0.63,-1.12,-1.56,-3.88,-0.1,-0.27,-0.23,-0.3,-0.2071,-0.2878,-0.29,-1.83,1701,4704
2025-26,1626156,D'Angelo Russell,1610612742,-1.18,-1.2,-0.020000000000000018,0.020000000000000018,479,555,-76,-2.65,-2.62,1.35,-0.36,-0.21,-0.27,-1.32,-1.3155,-1.1841,-1.1956,-1.69,-1.92,1791,1995
2025-26,1631170,Jaime Jaquez Jr.,1610612748,0.5,-0.65,-1.15,1.15,66,479,-413,0.1,-0.63,1.94,2.05,-0.4,-0.23,0.53,-0.66,0.5013,-0.6458,-0.07,-1.94,3422,9104
2025-26,1628366,Lonzo Ball,1610612739,-1.03,-1.48,-0.44999999999999996,0.44999999999999996,470,567,-97,-2.28,-1.82,-2.13,-2.08,0.12,-0.08,-1.13,-1.5737,-1.033,-1.4773,-1.35,-1.98,2104,3065
2025-26,1642347,Jamal Shead,1610612761,0.22,-0.5,-0.72,0.72,145,440,-295,-0.23,-0.77,0.68,1.48,-0.19,-0.31,0.24,-0.51,0.2209,-0.4969,0.15,-1.99,2263,7611
2025-26,1642264,Stephon Castle,1610612759,-0.05,-0.66,-0.61,0.61,246,481,-235,-0.94,-0.71,-0.04,-1.3,-0.12,0.06,-0.06,-0.68,-0.0549,-0.6641,-0.46,-2.03,2305,8371
2025-26,1629614,Andrew Nembhard,1610612754,-0.9,-0.54,0.36,0.36,462,451,11,-1.01,-0.82,-3.19,-2.25,-0.05,-0.15,-0.97,-0.55,-0.8958,-0.5355,-0.93,-2.07,2278,7387
2025-26,1630311,Pat Spencer,1610612744,-0.29,-0.69,-0.39999999999999997,0.39999999999999997,335,486,-151,0.77,-1.23,0.75,1.41,0.04,-0.19,-0.33,-0.72,-0.2853,-0.6924,0.21,-2.13,1166,5022
2025-26,1642942,Jahmai Mashack,1610612763,-0.12,-0.71,-0.59,0.59,275,490,-215,0.08,-2.17,-0.04,-0.43,-0.15,-0.16,-0.5191,-0.76,-0.1167,-0.7089,-0.08,-2.15,52,2775
2025-26,1642962,Drake Powell,1610612751,-0.1,-0.72,-0.62,0.62,267,492,-225,-0.03,-1.19,-0.44,-4.14,0.1,-0.11,-0.12,-0.75,-0.1046,-0.7226,0.02,-2.17,1251,5283
2025-26,1630544,Tre Mann,1610612766,-1.54,-1.18,0.3600000000000001,0.3600000000000001,483,552,-69,-2.42,-2.31,-4.19,-4.88,-0.2,-0.27,-1.73,-1.27,-1.5362,-1.1827,-1.47,-2.24,1656,2708
2025-26,1642848,Tre Johnson,1610612764,-0.39,-0.25,0.14,0.14,365,342,23,-0.39,-1.09,1.23,1.79,-0.18,-0.36,-0.43,-0.26,-0.3876,-0.2518,-0.61,-2.3,1896,6116
2025-26,1642847,Jeremiah Fears,1610612740,-0.4,-0.51,-0.10999999999999999,0.10999999999999999,367,446,-79,-0.74,-0.78,-2.88,-1.66,-0.13,-0.35,-0.42,-0.52,-0.3954,-0.5086,-0.39,-2.39,3075,8958
2025-26,1641716,Jarace Walker,1610612754,-1.03,-0.56,0.47,0.47,471,461,10,-2.03,-0.85,-2.55,-2.51,-0.31,-0.18,-1.1,-0.57,-1.029,-0.5567,-2.07,-2.44,2826,8366
2025-26,1630172,Patrick Williams,1610612741,-0.54,-0.83,-0.2899999999999999,0.2899999999999999,401,519,-118,-1.39,-1.12,-0.68,-2.4,-0.03,-0.2,-0.59,-0.86,-0.5413,-0.8339,-0.88,-2.46,2073,6385
2025-26,1642879,Ben Saraf,1610612751,-1.45,-1.72,-0.27,0.27,482,571,-89,-2.33,-1.96,1.27,-1.73,-0.11,-0.17,-1.79,-1.81,-1.45,-1.7188,-0.82,-2.59,853,3769
2025-26,1642846,Ace Bailey,1610612762,-0.61,-0.91,-0.30000000000000004,0.30000000000000004,419,532,-113,-0.59,-0.9,-0.3,-2.14,-0.07,-0.36,-0.66,-0.93,-0.6147,-0.9088,-0.97,-2.63,2602,8566
2025-26,1642363,Nique Clifford,1610612758,-0.81,-0.5,0.31000000000000005,0.31000000000000005,453,441,12,-0.81,-0.98,1.07,2.94,-0.46,-0.48,-0.91,-0.51,-0.8127,-0.4974,-0.99,-2.65,1713,7879
2025-26,203114,Khris Middleton,1610612764,-0.64,-1,-0.36,0.36,425,540,-115,-0.78,-1.34,1.6,0.88,-0.19,-0.33,-0.71,-1.03,-0.6388,-0.9976,-0.44,-2.83,1887,6152
2025-26,1631107,Nikola Jović,1610612748,-0.51,-0.97,-0.45999999999999996,0.45999999999999996,387,538,-151,-2.39,-2.35,0.11,0.16,-0.31,-0.09,-0.57,-1.02,-0.5051,-0.9661,-1.41,-2.97,1549,3583
2025-26,1642268,Isaiah Collier,1610612762,-0.83,-0.89,-0.06000000000000005,0.06000000000000005,457,529,-72,-1.55,-1.4,-3.47,-3.43,-0.28,-0.08,-0.93,-0.92,-0.8323,-0.8916,-1.2,-3.03,1576,6280
2025-26,1630581,Josh Giddey,1610612741,-0.17,-0.45,-0.28,0.28,287,419,-132,-0.3,-1.2,2.21,1.68,-0.11,-0.1,-0.18,-0.46,-0.1704,-0.448,-0.39,-3.07,3563,7473
2025-26,1642265,Rob Dillingham,1610612750,-0.98,-1.18,-0.19999999999999996,0.19999999999999996,468,553,-85,-2.75,-2.15,-3.25,-2.89,-0.17,-0.43,-1.15,-1.23,-0.9828,-1.1751,-1.28,-3.21,1106,4281
2025-26,1642383,Walter Clayton Jr.,1610612762,-0.55,-0.66,-0.10999999999999999,0.10999999999999999,403,482,-79,-0.77,-1.59,-0.24,2.45,-0.3,-0.17,-0.63,-0.68,-0.5535,-0.6576,-0.43,-3.22,1389,5862
2025-26,1642262,Cody Williams,1610612762,-1.39,-0.81,0.5799999999999998,0.5799999999999998,481,513,-32,-2.7,-1.36,0.04,-0.41,-0.26,-0.27,-1.76,-0.83,-1.3914,-0.8068,-0.69,-3.25,710,6949
2025-26,1631172,Ousmane Dieng,1610612760,-1.14,-0.88,0.2599999999999999,0.2599999999999999,477,527,-50,-1.92,-2.07,-2.1,-2.34,-0.15,-0.21,-1.4,-0.92,-1.1412,-0.8812,-0.55,-3.28,861,4538
2025-26,203471,Dennis Schröder,1610612758,-0.51,-0.73,-0.21999999999999997,0.21999999999999997,388,494,-106,-1.19,-1.35,1.03,0.18,-0.32,-0.2,-0.55,-0.75,-0.5085,-0.7295,-1.47,-3.3,2607,7112
2025-26,1642948,Ryan Nembhard,1610612742,-1.17,-1.52,-0.3500000000000001,0.3500000000000001,478,568,-90,-0.88,-2.03,-0.42,-0.36,-0.49,-0.56,-1.36,-1.58,-1.171,-1.5177,-0.57,-3.42,1261,4871
2025-26,1642852,Derik Queen,1610612740,-0.39,-1.09,-0.7000000000000001,0.7000000000000001,366,546,-180,-1.11,-1.28,-0.72,-0.37,-0.3,-0.23,-0.41,-1.11,-0.3853,-1.0853,-1.48,-3.83,2987,8778
2025-26,1642849,Nolan Traore,1610612751,-0.21,-1.24,-1.03,1.03,301,557,-256,-1.03,-2.47,-0.69,-0.69,-0.04,-0.29,-0.41,-1.29,-0.2124,-1.2408,-0.2,-4.32,241,5042
2025-26,201566,Russell Westbrook,1610612758,-0.93,-1.72,-0.7899999999999999,0.7899999999999999,465,572,-107,-1.72,-1.95,-0.62,-0.55,-0.45,-0.58,-0.99,-1.76,-0.9335,-1.7154,-2.12,-5.12,3314,7685
2025-26,203110,Draymond Green,1610612744,-0.67,-1.31,-0.64,0.64,430,560,-130,-1.88,-1.98,1.4,-2.55,-0.02,-0.06,-0.72,-1.34,-0.668,-1.3061,-1.83,-5.22,2601,7704
2025-26,1642267,Bub Carrington,1610612764,-2.19,-1.16,1.03,1.03,484,551,-67,-2.37,-1.73,-5.61,-3.03,-0.48,-0.41,-2.34,-1.18,-2.1895,-1.156,-2.65,-5.67,2899,9635
