season,gameId,playerId,name,status
1996-97,0029600012,922,Elden Campbell,RESOLVED
1996-97,0029600012,76,Cedric Ceballos,RESOLVED
1996-97,0029600012,406,Shaquille O'Neal,RESOLVED
1996-97,0029600012,224,Eddie Jones,RESOLVED
1996-97,0029600012,89,Nick Van Exel,RESOLVED
1996-97,0029600012,965,Derek Fisher,RESOLVED
1996-97,0029600012,2,Byron Scott,RESOLVED
1996-97,0029600012,399,Sean Rooks,RESOLVED
1996-97,0029600012,916,Corie Blount,RESOLVED
1996-97,0029600012,716,Rumeal Robinson,RESOLVED
1996-97,0029600012,969,Travis Knight,RESOLVED
1996-97,0029600012,1272,,RESOLVED
1996-97,0029600012,1269,,RESOLVED
1996-97,0029600012,1271,,RESOLVED
1996-97,0029600012,1270,,RESOLVED
1996-97,0029600012,833,,RESOLVED
1996-97,0029600012,1273,,RESOLVED
1996-97,0029600012,832,,RESOLVED
1996-97,0029600012,835,,RESOLVED
1996-97,0029600012,834,,RESOLVED
1996-97,0029600012,977,Kobe Bryant,RESOLVED
1996-97,0029600012,109,Robert Horry,RESOLVED
1996-97,0029600012,920,A.C. Green,RESOLVED
1996-97,0029600012,170,Joe Kleine,RESOLVED
1996-97,0029600012,445,Wesley Person,RESOLVED
1996-97,0029600012,208,Sam Cassell,RESOLVED
1996-97,0029600012,714,Michael Finley,RESOLVED
1996-97,0029600012,47,Wayman Tisdale,RESOLVED
1996-97,0029600012,330,Danny Manning,RESOLVED
1996-97,0029600012,959,Steve Nash,RESOLVED
1996-97,0029600012,364,Rex Chapman,RESOLVED
1996-97,0029600012,862,,RESOLVED
1996-97,0029600012,1314,,RESOLVED
1996-97,0029600012,863,,RESOLVED
1996-97,0029600012,1318,,RESOLVED
1996-97,0029600012,1316,,RESOLVED
1996-97,0029600012,2625,,RESOLVED
1996-97,0029600012,1317,,RESOLVED
1996-97,0029600012,359,Chucky Brown,RESOLVED
1996-97,0029600012,989,Ben Davis,RESOLVED
1996-97,0029600005,105,Dan Majerle,RESOLVED
1996-97,0029600005,703,Kurt Thomas,RESOLVED
1996-97,0029600005,297,Alonzo Mourning,RESOLVED
1996-97,0029600005,390,Sasha Danilovic,RESOLVED
1996-97,0029600005,896,Tim Hardaway,RESOLVED
1996-97,0029600005,136,P.J. Brown,RESOLVED
1996-97,0029600005,173,Keith Askins,RESOLVED
1996-97,0029600005,1134,Ike Austin,RESOLVED
1996-97,0029600005,202,Gary Grant,RESOLVED
1996-97,0029600005,836,,RESOLVED
1996-97,0029600005,1278,,RESOLVED
1996-97,0029600005,1276,,RESOLVED
1996-97,0029600005,784,,RESOLVED
1996-97,0029600005,840,,RESOLVED
1996-97,0029600005,839,,RESOLVED
1996-97,0029600005,1280,,RESOLVED
1996-97,0029600005,838,,RESOLVED
1996-97,0029600005,1275,,RESOLVED
1996-97,0029600005,1277,,RESOLVED
1996-97,0029600005,837,,RESOLVED
1996-97,0029600005,1281,,RESOLVED
1996-97,0029600005,1279,,RESOLVED
1996-97,0029600005,841,,RESOLVED
1996-97,0029600005,702,Voshon Lenard,RESOLVED
1996-97,0029600005,291,Ed Pinckney,RESOLVED
1996-97,0029600005,1110,Mark Strickland,RESOLVED
1996-97,0029600005,895,Tyrone Corbin,RESOLVED
1996-97,0029600005,363,Christian Laettner,RESOLVED
1996-97,0029600005,87,Dikembe Mutombo,RESOLVED
1996-97,0029600005,120,Steven Smith,RESOLVED
1996-97,0029600005,302,Mookie Blaylock,RESOLVED
1996-97,0029600005,80,Ken Norman,RESOLVED
1996-97,0029600005,468,Jon Barry,RESOLVED
1996-97,0029600005,1096,Ivano Newbill,RESOLVED
1996-97,0029600005,695,Eldridge Recasner,RESOLVED
1996-97,0029600005,790,,RESOLVED
1996-97,0029600005,1368,,RESOLVED
1996-97,0029600005,671,Donnie Boyce,RESOLVED
1996-97,0029600005,673,Alan Henderson,RESOLVED
1996-97,0029600005,968,Priest Lauderdale,RESOLVED
1996-97,0029600003,221,Clar. Weatherspoon,RESOLVED
1996-97,0029600003,934,Derrick Coleman,RESOLVED
1996-97,0029600003,262,Michael Cage,RESOLVED
1996-97,0029600003,711,Jerry Stackhouse,RESOLVED
1996-97,0029600003,947,Allen Iverson,RESOLVED
1996-97,0029600003,931,Don MacLean,RESOLVED
1996-97,0029600003,281,Scott Williams,RESOLVED
1996-97,0029600003,446,Lucious Harris,RESOLVED
1996-97,0029600003,77,Doug Overton,RESOLVED
1996-97,0029600003,707,Mark Davis,RESOLVED
1996-97,0029600003,861,,RESOLVED
1996-97,0029600003,1312,,RESOLVED
1996-97,0029600003,1309,,RESOLVED
1996-97,0029600003,1311,,RESOLVED
1996-97,0029600003,1310,,RESOLVED
1996-97,0029600003,1313,,RESOLVED
1996-97,0029600003,860,,RESOLVED
1996-97,0029600003,1361,Mark Bradtke,RESOLVED
1996-97,0029600003,777,Rex Walters,RESOLVED
1996-97,0029600003,452,Vin Baker,RESOLVED
1996-97,0029600003,299,Glenn Robinson,RESOLVED
1996-97,0029600003,457,Andrew Lang,RESOLVED
1996-97,0029600003,951,Ray Allen,RESOLVED
1996-97,0029600003,428,Sherman Douglas,RESOLVED
1996-97,0029600003,271,Johnny Newman,RESOLVED
1996-97,0029600003,288,Armen Gilliam,RESOLVED
1996-97,0029600003,386,Elliot Perry,RESOLVED
1996-97,0029600003,341,Joe Wolf,RESOLVED
1996-97,0029600003,241,Darrin Hancock,RESOLVED
1996-97,0029600003,116,David Wood,RESOLVED
1996-97,0029600003,1084,,RESOLVED
1996-97,0029600003,843,,RESOLVED
1996-97,0029600003,1282,,RESOLVED
1996-97,0029600003,845,,RESOLVED
1996-97,0029600003,823,,RESOLVED
1996-97,0029600003,1082,,RESOLVED
1996-97,0029600003,1083,,RESOLVED
1996-97,0029600003,1284,,RESOLVED
1996-97,0029600003,1286,,RESOLVED
1996-97,0029600003,704,Shawn Respert,RESOLVED
1996-97,0029600008,708,Kevin Garnett,RESOLVED
1996-97,0029600008,339,Tom Gugliotta,RESOLVED
1996-97,0029600008,1037,Stojko Vrankovic,RESOLVED
1996-97,0029600008,28,Doug West,RESOLVED
1996-97,0029600008,950,Stephon Marbury,RESOLVED
1996-97,0029600008,345,Terry Porter,RESOLVED
1996-97,0029600008,381,James Robinson,RESOLVED
1996-97,0029600008,417,Sam Mitchell,RESOLVED
1996-97,0029600008,685,Cherokee Parks,RESOLVED
1996-97,0029600008,713,Chris Carr,RESOLVED
1996-97,0029600008,1049,Shane Heal,RESOLVED
1996-97,0029600008,1290,,RESOLVED
1996-97,0029600008,847,,RESOLVED
1996-97,0029600008,849,,RESOLVED
1996-97,0029600008,1288,,RESOLVED
1996-97,0029600008,848,,RESOLVED
1996-97,0029600008,1289,,RESOLVED
1996-97,0029600008,1291,,RESOLVED
1996-97,0029600008,1292,,RESOLVED
1996-97,0029600008,846,,RESOLVED
1996-97,0029600008,1051,Dean Garrett,RESOLVED
1996-97,0029600008,61,Carl Herrera,RESOLVED
1996-97,0029600008,251,Sean Elliott,RESOLVED
1996-97,0029600008,246,Greg Anderson,RESOLVED
1996-97,0029600008,219,Vinny Del Negro,RESOLVED
1996-97,0029600008,422,Avery Johnson,RESOLVED
1996-97,0029600008,137,Vernon Maxwell,RESOLVED
1996-97,0029600008,1122,Dominique Wilkins,RESOLVED
1996-97,0029600008,293,Charles Smith,RESOLVED
1996-97,0029600008,724,Cory Alexander,RESOLVED
1996-97,0029600008,42,Monty Williams,RESOLVED
1996-97,0029600008,875,,RESOLVED
1996-97,0029600008,1331,,RESOLVED
1996-97,0029600008,877,,RESOLVED
1996-97,0029600008,1333,,RESOLVED
1996-97,0029600008,1371,,RESOLVED
1996-97,0029600008,1330,,RESOLVED
1996-97,0029600008,1118,Tim Kempton,RESOLVED
1996-97,0029600008,781,Will Perdue,RESOLVED
1996-97,0029600002,709,Ed O'Bannon,RESOLVED
1996-97,0029600002,420,Jayson Williams,RESOLVED
1996-97,0029600002,762,Shawn Bradley,RESOLVED
1996-97,0029600002,383,Kendall Gill,RESOLVED
1996-97,0029600002,123,Robert Pack,RESOLVED
1996-97,0029600002,355,Vincent Askew,RESOLVED
1996-97,0029600002,954,Kerry Kittles,RESOLVED
1996-97,0029600002,1365,Xavier McDaniel,RESOLVED
1996-97,0029600002,234,Khalid Reeves,RESOLVED
1996-97,0029600002,763,Tony Massenburg,RESOLVED
1996-97,0029600002,850,,RESOLVED
1996-97,0029600002,1296,,RESOLVED
1996-97,0029600002,1028,,RESOLVED
1996-97,0029600002,1020,,RESOLVED
1996-97,0029600002,1295,,RESOLVED
1996-97,0029600002,1294,,RESOLVED
1996-97,0029600002,154,Adrian Caldwell,RESOLVED
1996-97,0029600002,212,Yinka Dare,RESOLVED
1996-97,0029600002,168,Chris Mills,RESOLVED
1996-97,0029600002,238,Tyrone Hill,RESOLVED
1996-97,0029600002,770,Mark West,RESOLVED
1996-97,0029600002,682,Bob Sura,RESOLVED
1996-97,0029600002,210,Terrell Brandon,RESOLVED
1996-97,0029600002,198,Danny Ferry,RESOLVED
1996-97,0029600002,1002,Reggie Geary,RESOLVED
1996-97,0029600002,958,Vitaly Potapenko,RESOLVED
1996-97,0029600002,681,Donny Marshall,RESOLVED
1996-97,0029600002,226,Antonio Lang,RESOLVED
1996-97,0029600002,1063,Carl Thomas,RESOLVED
1996-97,0029600002,1225,,RESOLVED
1996-97,0029600002,1224,,RESOLVED
1996-97,0029600002,805,,RESOLVED
1996-97,0029600002,1227,,RESOLVED
1996-97,0029600002,1226,,RESOLVED
1996-97,0029600002,1228,,RESOLVED
1996-97,0029600002,806,,RESOLVED
1996-97,0029600002,807,,RESOLVED
1996-97,0029600002,184,Bobby Phills,RESOLVED
1996-97,0029600006,1005,Walt Williams,RESOLVED
1996-97,0029600006,461,Popeye Jones,RESOLVED
1996-97,0029600006,440,Zan Tabak,RESOLVED
1996-97,0029600006,57,Doug Christie,RESOLVED
1996-97,0029600006,757,Damon Stoudamire,RESOLVED
1996-97,0029600006,435,Carlos Rogers,RESOLVED
1996-97,0029600006,93,Hubert Davis,RESOLVED
1996-97,0029600006,948,Marcus Camby,RESOLVED
1996-97,0029600006,412,Sharone Wright,RESOLVED
1996-97,0029600006,1126,Donald Whiteside,RESOLVED
1996-97,0029600006,884,,RESOLVED
1996-97,0029600006,882,,RESOLVED
1996-97,0029600006,883,,RESOLVED
1996-97,0029600006,1344,,RESOLVED
1996-97,0029600006,1029,,RESOLVED
1996-97,0029600006,1340,,RESOLVED
1996-97,0029600006,1341,,RESOLVED
1996-97,0029600006,1342,,RESOLVED
1996-97,0029600006,104,Benoit Benjamin,RESOLVED
1996-97,0029600006,768,Acie Earl,RESOLVED
1996-97,0029600006,913,Larry Johnson,RESOLVED
1996-97,0029600006,433,Buck Williams,RESOLVED
1996-97,0029600006,121,Patrick Ewing,RESOLVED
1996-97,0029600006,275,Allan Houston,RESOLVED
1996-97,0029600006,369,Charlie Ward,RESOLVED
1996-97,0029600006,317,John Starks,RESOLVED
1996-97,0029600006,1006,Herb Williams,RESOLVED
1996-97,0029600006,961,John Wallace,RESOLVED
1996-97,0029600006,418,Scott Brooks,RESOLVED
1996-97,0029600006,851,,RESOLVED
1996-97,0029600006,1299,,RESOLVED
1996-97,0029600006,1300,,RESOLVED
1996-97,0029600006,852,,RESOLVED
1996-97,0029600006,855,,RESOLVED
1996-97,0029600006,853,,RESOLVED
1996-97,0029600006,1298,,RESOLVED
1996-97,0029600006,1137,Chris Jent,RESOLVED
1996-97,0029600006,962,Walter McCarty,RESOLVED
1996-97,0029600006,891,Charles Oakley,RESOLVED
1996-97,0029600004,140,Donald Royal,RESOLVED
1996-97,0029600004,270,Horace Grant,RESOLVED
1996-97,0029600004,280,Felton Spencer,RESOLVED
1996-97,0029600004,98,Nick Anderson,RESOLVED
1996-97,0029600004,358,Anfernee Hardaway,RESOLVED
1996-97,0029600004,710,David Vaughn,RESOLVED
1996-97,0029600004,786,Gerald Wilkins,RESOLVED
1996-97,0029600004,216,Brian Shaw,RESOLVED
1996-97,0029600004,400,Derek Strong,RESOLVED
1996-97,0029600004,353,Darrell Armstrong,RESOLVED
1996-97,0029600004,858,,RESOLVED
1996-97,0029600004,1307,,RESOLVED
1996-97,0029600004,857,,RESOLVED
1996-97,0029600004,859,,RESOLVED
1996-97,0029600004,1305,,RESOLVED
1996-97,0029600004,856,,RESOLVED
1996-97,0029600004,1304,,RESOLVED
1996-97,0029600004,1306,,RESOLVED
1996-97,0029600004,1308,,RESOLVED
1996-97,0029600004,7,Dan Schayes,RESOLVED
1996-97,0029600004,192,Dennis Scott,RESOLVED
1996-97,0029600004,265,Harvey Grant,RESOLVED
1996-97,0029600004,436,Juwan Howard,RESOLVED
1996-97,0029600004,185,Chris Webber,RESOLVED
1996-97,0029600004,384,Calbert Cheaney,RESOLVED
1996-97,0029600004,393,Rod Strickland,RESOLVED
1996-97,0029600004,1114,Jaren Jackson,RESOLVED
1996-97,0029600004,1112,Ben Wallace,RESOLVED
1996-97,0029600004,145,Tracy Murray,RESOLVED
1996-97,0029600004,43,Chris Whitney,RESOLVED
1996-97,0029600004,1358,,RESOLVED
1996-97,0029600004,1019,,RESOLVED
1996-97,0029600004,1359,,RESOLVED
1996-97,0029600004,1360,,RESOLVED
1996-97,0029600004,1357,,RESOLVED
1996-97,0029600004,1017,,RESOLVED
1996-97,0029600004,1373,,RESOLVED
1996-97,0029600004,732,Ashraf Amaya,RESOLVED
1996-97,0029600004,900,Matt Fish,RESOLVED
1996-97,0029600004,31,Lorenzo Williams,RESOLVED
1996-97,0029600007,255,Grant Hill,RESOLVED
1996-97,0029600007,3,Grant Long,RESOLVED
1996-97,0029600007,901,Otis Thorpe,RESOLVED
1996-97,0029600007,688,Michael Curry,RESOLVED
1996-97,0029600007,247,Joe Dumars,RESOLVED
1996-97,0029600007,278,Stacey Augmon,RESOLVED
1996-97,0029600007,283,Lindsey Hunter,RESOLVED
1996-97,0029600007,328,Rick Mahorn,RESOLVED
1996-97,0029600007,371,Terry Mills,RESOLVED
1996-97,0029600007,689,Theo Ratliff,RESOLVED
1996-97,0029600007,817,,RESOLVED
1996-97,0029600007,816,,RESOLVED
1996-97,0029600007,1244,,RESOLVED
1996-97,0029600007,815,,RESOLVED
1996-97,0029600007,1243,,RESOLVED
1996-97,0029600007,1246,,RESOLVED
1996-97,0029600007,1247,,RESOLVED
1996-97,0029600007,1245,,RESOLVED
1996-97,0029600007,2382,,RESOLVED
1996-97,0029600007,181,Kenny Smith,RESOLVED
1996-97,0029600007,966,Jerome Williams,RESOLVED
1996-97,0029600007,905,Dale Davis,RESOLVED
1996-97,0029600007,365,Derrick McKey,RESOLVED
1996-97,0029600007,213,Antonio Davis,RESOLVED
1996-97,0029600007,696,Travis Best,RESOLVED
1996-97,0029600007,397,Reggie Miller,RESOLVED
1996-97,0029600007,147,Jalen Rose,RESOLVED
1996-97,0029600007,1064,Brent Scott,RESOLVED
1996-97,0029600007,199,Reggie Williams,RESOLVED
1996-97,0029600007,906,Haywoode Workman,RESOLVED
1996-97,0029600007,706,Jerome Allen,RESOLVED
1996-97,0029600007,1260,,RESOLVED
1996-97,0029600007,1262,,RESOLVED
1996-97,0029600007,1261,,RESOLVED
1996-97,0029600007,828,,RESOLVED
1996-97,0029600007,1264,,RESOLVED
1996-97,0029600007,1259,,RESOLVED
1996-97,0029600007,1263,,RESOLVED
1996-97,0029600007,956,Erick Dampier,RESOLVED
1996-97,0029600007,697,Fred Hoiberg,RESOLVED
1996-97,0029600014,949,Shareef Abdur-Rahim,RESOLVED
1996-97,0029600014,211,Eric Mobley,RESOLVED
1996-97,0029600014,735,Bryant Reeves,RESOLVED
1996-97,0029600014,324,Anthony Peeler,RESOLVED
1996-97,0029600014,21,Greg Anthony,RESOLVED
1996-97,0029600014,432,Pete Chilcutt,RESOLVED
1996-97,0029600014,898,Blue Edwards,RESOLVED
1996-97,0029600014,195,Lee Mayberry,RESOLVED
1996-97,0029600014,248,George Lynch,RESOLVED
1996-97,0029600014,964,Roy Rogers,RESOLVED
1996-97,0029600014,734,Lawrence Moten,RESOLVED
1996-97,0029600014,316,Richard Manning,RESOLVED
1996-97,0029600014,1353,,RESOLVED
1996-97,0029600014,759,,RESOLVED
1996-97,0029600014,1352,,RESOLVED
1996-97,0029600014,1350,,RESOLVED
1996-97,0029600014,1364,,RESOLVED
1996-97,0029600014,890,,RESOLVED
1996-97,0029600014,1356,,RESOLVED
1996-97,0029600014,1354,,RESOLVED
1996-97,0029600014,1351,,RESOLVED
1996-97,0029600014,888,,RESOLVED
1996-97,0029600014,1355,,RESOLVED
1996-97,0029600014,361,Clifford Robinson,RESOLVED
1996-97,0029600014,739,Rasheed Wallace,RESOLVED
1996-97,0029600014,717,Arvydas Sabonis,RESOLVED
1996-97,0029600014,243,Aaron McKie,RESOLVED
1996-97,0029600014,72,Kenny Anderson,RESOLVED
1996-97,0029600014,718,Gary Trent,RESOLVED
1996-97,0029600014,201,Chris Dudley,RESOLVED
1996-97,0029600014,674,Reggie Jordan,RESOLVED
1996-97,0029600014,348,Mitchell Butler,RESOLVED
1996-97,0029600014,112,Dontonio Wingfield,RESOLVED
1996-97,0029600014,719,Randolph Childress,RESOLVED
1996-97,0029600014,867,,RESOLVED
1996-97,0029600014,1319,,RESOLVED
1996-97,0029600014,866,,RESOLVED
1996-97,0029600014,1321,,RESOLVED
1996-97,0029600014,1320,,RESOLVED
1996-97,0029600014,375,Isaiah Rider,RESOLVED
1996-97,0029600001,952,Antoine Walker,RESOLVED
1996-97,0029600001,677,Eric Williams,RESOLVED
1996-97,0029600001,442,Pervis Ellison,RESOLVED
1996-97,0029600001,133,David Wesley,RESOLVED
1996-97,0029600001,296,Rick Fox,RESOLVED
1996-97,0029600001,783,Frank Brickowski,RESOLVED
1996-97,0029600001,344,Dana Barros,RESOLVED
1996-97,0029600001,103,Todd Day,RESOLVED
1996-97,0029600001,1136,Brett Szabo,RESOLVED
1996-97,0029600001,1211,,RESOLVED
1996-97,0029600001,795,,RESOLVED
1996-97,0029600001,793,,RESOLVED
1996-97,0029600001,1213,,RESOLVED
1996-97,0029600001,1212,,RESOLVED
1996-97,0029600001,1210,,RESOLVED
1996-97,0029600001,794,,RESOLVED
1996-97,0029600001,937,Scottie Pippen,RESOLVED
1996-97,0029600001,23,Dennis Rodman,RESOLVED
1996-97,0029600001,26,Luc Longley,RESOLVED
1996-97,0029600001,166,Ron Harper,RESOLVED
1996-97,0029600001,893,Michael Jordan,RESOLVED
1996-97,0029600001,389,Toni Kukoc,RESOLVED
1996-97,0029600001,82,Bill Wennington,RESOLVED
1996-97,0029600001,70,Steve Kerr,RESOLVED
1996-97,0029600001,753,Randy Brown,RESOLVED
1996-97,0029600001,146,Jud Buechler,RESOLVED
1996-97,0029600001,54,Dickey Simpkins,RESOLVED
1996-97,0029600001,305,Robert Parish,RESOLVED
1996-97,0029600001,802,,RESOLVED
1996-97,0029600001,1219,,RESOLVED
1996-97,0029600001,801,,RESOLVED
1996-97,0029600001,804,,RESOLVED
1996-97,0029600001,1221,,RESOLVED
1996-97,0029600001,1229,,RESOLVED
1996-97,0029600001,1220,,RESOLVED
1996-97,0029600001,1222,,RESOLVED
1996-97,0029600010,107,Dale Ellis,RESOLVED
1996-97,0029600010,111,LaPhonso Ellis,RESOLVED
1996-97,0029600010,911,Ervin Johnson,RESOLVED
1996-97,0029600010,349,Mark Jackson,RESOLVED
1996-97,0029600010,179,Bryant Stith,RESOLVED
1996-97,0029600010,686,Antonio McDyess,RESOLVED
1996-97,0029600010,36,Sarunas Marciulionis,RESOLVED
1996-97,0029600010,894,Ricky Pierce,RESOLVED
1996-97,0029600010,785,Eric Murdock,RESOLVED
1996-97,0029600010,78,LaSalle Thompson,RESOLVED
1996-97,0029600010,813,,RESOLVED
1996-97,0029600010,814,,RESOLVED
1996-97,0029600010,1237,,RESOLVED
1996-97,0029600010,1236,,RESOLVED
1996-97,0029600010,1238,,RESOLVED
1996-97,0029600010,1239,,RESOLVED
1996-97,0029600010,1241,,RESOLVED
1996-97,0029600010,1240,,RESOLVED
1996-97,0029600010,1032,Darvin Ham,RESOLVED
1996-97,0029600010,67,Tom Hammonds,RESOLVED
1996-97,0029600010,45,George McCloud,RESOLVED
1996-97,0029600010,684,Loren Meyer,RESOLVED
1996-97,0029600010,376,Eric Montross,RESOLVED
1996-97,0029600010,467,Jason Kidd,RESOLVED
1996-97,0029600010,754,Jim Jackson,RESOLVED
1996-97,0029600010,423,Chris Gatling,RESOLVED
1996-97,0029600010,932,Oliver Miller,RESOLVED
1996-97,0029600010,157,Derek Harper,RESOLVED
1996-97,0029600010,469,Jamal Mashburn,RESOLVED
1996-97,0029600010,434,Tony Dumas,RESOLVED
1996-97,0029600010,122,Fred Roberts,RESOLVED
1996-97,0029600010,1231,,RESOLVED
1996-97,0029600010,810,,RESOLVED
1996-97,0029600010,811,,RESOLVED
1996-97,0029600010,1232,,RESOLVED
1996-97,0029600010,1370,,RESOLVED
1996-97,0029600010,1230,,RESOLVED
1996-97,0029600010,1065,Erick Strickland,RESOLVED
1996-97,0029600013,904,Chris Mullin,RESOLVED
1996-97,0029600013,693,Joe Smith,RESOLVED
1996-97,0029600013,957,Todd Fuller,RESOLVED
1996-97,0029600013,899,Mark Price,RESOLVED
1996-97,0029600013,84,Latrell Sprewell,RESOLVED
1996-97,0029600013,769,B.J. Armstrong,RESOLVED
1996-97,0029600013,32,Clifford Rozier,RESOLVED
1996-97,0029600013,902,Bimbo Coles,RESOLVED
1996-97,0029600013,692,Andrew DeClercq,RESOLVED
1996-97,0029600013,1077,Ray Owes,RESOLVED
1996-97,0029600013,2701,,RESOLVED
1996-97,0029600013,1251,,RESOLVED
1996-97,0029600013,820,,RESOLVED
1996-97,0029600013,1252,,RESOLVED
1996-97,0029600013,1248,,RESOLVED
1996-97,0029600013,1249,,RESOLVED
1996-97,0029600013,923,Donyell Marshall,RESOLVED
1996-97,0029600013,691,Lou Roe,RESOLVED
1996-97,0029600013,915,Rodney Rogers,RESOLVED
1996-97,0029600013,919,Loy Vaught,RESOLVED
1996-97,0029600013,404,Kevin Duckworth,RESOLVED
1996-97,0029600013,71,Pooh Richardson,RESOLVED
1996-97,0029600013,907,Malik Sealy,RESOLVED
1996-97,0029600013,239,Darrick Martin,RESOLVED
1996-97,0029600013,441,Lamond Murray,RESOLVED
1996-97,0029600013,914,Stanley Roberts,RESOLVED
1996-97,0029600013,143,Terry Dehere,RESOLVED
1996-97,0029600013,448,Bo Outlaw,RESOLVED
1996-97,0029600013,1267,,RESOLVED
1996-97,0029600013,1266,,RESOLVED
1996-97,0029600013,830,,RESOLVED
1996-97,0029600013,831,,RESOLVED
1996-97,0029600013,829,,RESOLVED
1996-97,0029600013,1265,,RESOLVED
1996-97,0029600013,1268,,RESOLVED
1996-97,0029600013,15,Eric Piatkowski,RESOLVED
1996-97,0029600013,953,Lorenzen Wright,RESOLVED
1996-97,0029600009,53,Mario Elie,RESOLVED
1996-97,0029600009,788,Kevin Willis,RESOLVED
1996-97,0029600009,165,Hakeem Olajuwon,RESOLVED
1996-97,0029600009,17,Clyde Drexler,RESOLVED
1996-97,0029600009,1074,Matt Maloney,RESOLVED
1996-97,0029600009,970,Othella Harrington,RESOLVED
1996-97,0029600009,988,Randy Livingston,RESOLVED
1996-97,0029600009,672,Matt Bullard,RESOLVED
1996-97,0029600009,694,Sam Mack,RESOLVED
1996-97,0029600009,929,Tracy Moore,RESOLVED
1996-97,0029600009,1023,Emanual Davis,RESOLVED
1996-97,0029600009,1254,,RESOLVED
1996-97,0029600009,822,,RESOLVED
1996-97,0029600009,1257,,RESOLVED
1996-97,0029600009,1256,,RESOLVED
1996-97,0029600009,1258,,RESOLVED
1996-97,0029600009,1255,,RESOLVED
1996-97,0029600009,825,,RESOLVED
1996-97,0029600009,824,,RESOLVED
1996-97,0029600009,821,,RESOLVED
1996-97,0029600009,826,,RESOLVED
1996-97,0029600009,787,Charles Barkley,RESOLVED
1996-97,0029600009,178,Olden Polynice,RESOLVED
1996-97,0029600009,722,Corliss Williamson,RESOLVED
1996-97,0029600009,258,Brian Grant,RESOLVED
1996-97,0029600009,782,Mitch Richmond,RESOLVED
1996-97,0029600009,51,Mahmoud Abdul-Rauf,RESOLVED
1996-97,0029600009,63,Michael Smith,RESOLVED
1996-97,0029600009,1489,Lionel Simmons,RESOLVED
1996-97,0029600009,721,Tyus Edney,RESOLVED
1996-97,0029600009,190,Duane Causwell,RESOLVED
1996-97,0029600009,870,,RESOLVED
1996-97,0029600009,1327,,RESOLVED
1996-97,0029600009,871,,RESOLVED
1996-97,0029600009,1324,,RESOLVED
1996-97,0029600009,1325,,RESOLVED
1996-97,0029600009,2179,,RESOLVED
1996-97,0029600011,935,Bryon Russell,RESOLVED
1996-97,0029600011,252,Karl Malone,RESOLVED
1996-97,0029600011,731,Greg Ostertag,RESOLVED
1996-97,0029600011,204,Jeff Hornacek,RESOLVED
1996-97,0029600011,304,John Stockton,RESOLVED
1996-97,0029600011,458,Howard Eisley,RESOLVED
1996-97,0029600011,156,Antoine Carr,RESOLVED
1996-97,0029600011,323,Greg Foster,RESOLVED
1996-97,0029600011,356,Chris Morris,RESOLVED
1996-97,0029600011,228,Adam Keefe,RESOLVED
1996-97,0029600011,1000,Shandon Anderson,RESOLVED
1996-97,0029600011,240,Brooks Thompson,RESOLVED
1996-97,0029600011,886,,RESOLVED
1996-97,0029600011,1348,,RESOLVED
1996-97,0029600011,885,,RESOLVED
1996-97,0029600011,887,,RESOLVED
1996-97,0029600011,1346,,RESOLVED
1996-97,0029600011,1347,,RESOLVED
1996-97,0029600011,1345,,RESOLVED
1996-97,0029600011,1372,,RESOLVED
1996-97,0029600011,1349,,RESOLVED
1996-97,0029600011,96,Detlef Schrempf,RESOLVED
1996-97,0029600011,431,Shawn Kemp,RESOLVED
1996-97,0029600011,29,Jim McIlvaine,RESOLVED
1996-97,0029600011,765,Hersey Hawkins,RESOLVED
1996-97,0029600011,56,Gary Payton,RESOLVED
1996-97,0029600011,64,Sam Perkins,RESOLVED
1996-97,0029600011,378,Craig Ehlo,RESOLVED
1996-97,0029600011,203,Nate McMillan,RESOLVED
1996-97,0029600011,1125,Larry Stewart,RESOLVED
1996-97,0029600011,1011,,RESOLVED
1996-97,0029600011,880,,RESOLVED
1996-97,0029600011,1335,,RESOLVED
1996-97,0029600011,1337,,RESOLVED
1996-97,0029600011,1336,,RESOLVED
1996-97,0029600011,1334,,RESOLVED
1996-97,0029600011,1339,,RESOLVED
1996-97,0029600011,727,Eric Snow,RESOLVED
1996-97,0029600011,771,Elmore Spencer,RESOLVED
1996-97,0029600011,766,David Wingate,RESOLVED
1996-97,0029600018,365,Derrick McKey,RESOLVED
1996-97,0029600018,905,Dale Davis,RESOLVED
1996-97,0029600018,213,Antonio Davis,RESOLVED
1996-97,0029600018,397,Reggie Miller,RESOLVED
1996-97,0029600018,696,Travis Best,RESOLVED
1996-97,0029600018,1064,Brent Scott,RESOLVED
1996-97,0029600018,906,Haywoode Workman,RESOLVED
1996-97,0029600018,147,Jalen Rose,RESOLVED
1996-97,0029600018,199,Reggie Williams,RESOLVED
1996-97,0029600018,706,Jerome Allen,RESOLVED
1996-97,0029600018,1260,,RESOLVED
1996-97,0029600018,1262,,RESOLVED
1996-97,0029600018,1259,,RESOLVED
1996-97,0029600018,1261,,RESOLVED
1996-97,0029600018,1264,,RESOLVED
1996-97,0029600018,1263,,RESOLVED
1996-97,0029600018,828,,RESOLVED
1996-97,0029600018,827,,RESOLVED
1996-97,0029600018,956,Erick Dampier,RESOLVED
1996-97,0029600018,697,Fred Hoiberg,RESOLVED
1996-97,0029600018,105,Dan Majerle,RESOLVED
1996-97,0029600018,703,Kurt Thomas,RESOLVED
1996-97,0029600018,297,Alonzo Mourning,RESOLVED
1996-97,0029600018,390,Sasha Danilovic,RESOLVED
1996-97,0029600018,896,Tim Hardaway,RESOLVED
1996-97,0029600018,1134,Ike Austin,RESOLVED
1996-97,0029600018,136,P.J. Brown,RESOLVED
1996-97,0029600018,202,Gary Grant,RESOLVED
1996-97,0029600018,173,Keith Askins,RESOLVED
1996-97,0029600018,836,,RESOLVED
1996-97,0029600018,840,,RESOLVED
1996-97,0029600018,784,,RESOLVED
1996-97,0029600018,1280,,RESOLVED
1996-97,0029600018,1276,,RESOLVED
1996-97,0029600018,1279,,RESOLVED
1996-97,0029600018,838,,RESOLVED
1996-97,0029600018,1278,,RESOLVED
1996-97,0029600018,702,Voshon Lenard,RESOLVED
1996-97,0029600018,291,Ed Pinckney,RESOLVED
1996-97,0029600018,1110,Mark Strickland,RESOLVED
1996-97,0029600020,452,Vin Baker,RESOLVED
1996-97,0029600020,299,Glenn Robinson,RESOLVED
1996-97,0029600020,457,Andrew Lang,RESOLVED
1996-97,0029600020,951,Ray Allen,RESOLVED
1996-97,0029600020,428,Sherman Douglas,RESOLVED
1996-97,0029600020,288,Armen Gilliam,RESOLVED
1996-97,0029600020,271,Johnny Newman,RESOLVED
1996-97,0029600020,386,Elliot Perry,RESOLVED
1996-97,0029600020,241,Darrin Hancock,RESOLVED
1996-97,0029600020,341,Joe Wolf,RESOLVED
1996-97,0029600020,704,Shawn Respert,RESOLVED
1996-97,0029600020,116,David Wood,RESOLVED
1996-97,0029600020,1084,,RESOLVED
1996-97,0029600020,845,,RESOLVED
1996-97,0029600020,843,,RESOLVED
1996-97,0029600020,844,,RESOLVED
1996-97,0029600020,1282,,RESOLVED
1996-97,0029600020,1083,,RESOLVED
1996-97,0029600020,1284,,RESOLVED
1996-97,0029600020,1082,,RESOLVED
1996-97,0029600020,823,,RESOLVED
1996-97,0029600020,1286,,RESOLVED
1996-97,0029600020,1285,,RESOLVED
1996-97,0029600020,296,Rick Fox,RESOLVED
1996-97,0029600020,129,Dino Radja,RESOLVED
1996-97,0029600020,442,Pervis Ellison,RESOLVED
1996-97,0029600020,344,Dana Barros,RESOLVED
1996-97,0029600020,952,Antoine Walker,RESOLVED
1996-97,0029600020,103,Todd Day,RESOLVED
1996-97,0029600020,783,Frank Brickowski,RESOLVED
1996-97,0029600020,677,Eric Williams,RESOLVED
1996-97,0029600020,55,Marty Conlon,RESOLVED
1996-97,0029600020,1136,Brett Szabo,RESOLVED
1996-97,0029600020,795,,RESOLVED
1996-97,0029600020,793,,RESOLVED
1996-97,0029600020,794,,RESOLVED
1996-97,0029600020,1211,,RESOLVED
1996-97,0029600020,1210,,RESOLVED
1996-97,0029600020,175,Alton Lister,RESOLVED
1996-97,0029600020,133,David Wesley,RESOLVED
1996-97,0029600019,937,Scottie Pippen,RESOLVED
1996-97,0029600019,23,Dennis Rodman,RESOLVED
1996-97,0029600019,26,Luc Longley,RESOLVED
1996-97,0029600019,166,Ron Harper,RESOLVED
1996-97,0029600019,893,Michael Jordan,RESOLVED
1996-97,0029600019,389,Toni Kukoc,RESOLVED
1996-97,0029600019,753,Randy Brown,RESOLVED
1996-97,0029600019,70,Steve Kerr,RESOLVED
1996-97,0029600019,82,Bill Wennington,RESOLVED
1996-97,0029600019,54,Dickey Simpkins,RESOLVED
1996-97,0029600019,146,Jud Buechler,RESOLVED
1996-97,0029600019,1220,,RESOLVED
1996-97,0029600019,1219,,RESOLVED
1996-97,0029600019,801,,RESOLVED
1996-97,0029600019,802,,RESOLVED
1996-97,0029600019,1229,,RESOLVED
1996-97,0029600019,1223,,RESOLVED
1996-97,0029600019,1221,,RESOLVED
1996-97,0029600019,1222,,RESOLVED
1996-97,0029600019,804,,RESOLVED
1996-97,0029600019,803,,RESOLVED
1996-97,0029600019,707,Mark Davis,RESOLVED
1996-97,0029600019,221,Clar. Weatherspoon,RESOLVED
1996-97,0029600019,934,Derrick Coleman,RESOLVED
1996-97,0029600019,947,Allen Iverson,RESOLVED
1996-97,0029600019,711,Jerry Stackhouse,RESOLVED
1996-97,0029600019,931,Don MacLean,RESOLVED
1996-97,0029600019,446,Lucious Harris,RESOLVED
1996-97,0029600019,77,Doug Overton,RESOLVED
1996-97,0029600019,281,Scott Williams,RESOLVED
1996-97,0029600019,262,Michael Cage,RESOLVED
1996-97,0029600019,777,Rex Walters,RESOLVED
1996-97,0029600019,1311,,RESOLVED
1996-97,0029600019,860,,RESOLVED
1996-97,0029600019,1310,,RESOLVED
1996-97,0029600019,1312,,RESOLVED
1996-97,0029600019,1309,,RESOLVED
1996-97,0029600019,1313,,RESOLVED
1996-97,0029600022,714,Michael Finley,RESOLVED
1996-97,0029600022,109,Robert Horry,RESOLVED
1996-97,0029600022,920,A.C. Green,RESOLVED
1996-97,0029600022,445,Wesley Person,RESOLVED
1996-97,0029600022,208,Sam Cassell,RESOLVED
1996-97,0029600022,364,Rex Chapman,RESOLVED
1996-97,0029600022,359,Chucky Brown,RESOLVED
1996-97,0029600022,47,Wayman Tisdale,RESOLVED
1996-97,0029600022,330,Danny Manning,RESOLVED
1996-97,0029600022,959,Steve Nash,RESOLVED
1996-97,0029600022,989,Ben Davis,RESOLVED
1996-97,0029600022,170,Joe Kleine,RESOLVED
1996-97,0029600022,145,Tracy Murray,RESOLVED
1996-97,0029600022,53,Mario Elie,RESOLVED
1996-97,0029600022,787,Charles Barkley,RESOLVED
1996-97,0029600022,165,Hakeem Olajuwon,RESOLVED
1996-97,0029600022,17,Clyde Drexler,RESOLVED
1996-97,0029600022,1074,Matt Maloney,RESOLVED
1996-97,0029600022,788,Kevin Willis,RESOLVED
1996-97,0029600022,988,Randy Livingston,RESOLVED
1996-97,0029600022,929,Tracy Moore,RESOLVED
1996-97,0029600022,672,Matt Bullard,RESOLVED
1996-97,0029600022,1023,Emanual Davis,RESOLVED
1996-97,0029600022,970,Othella Harrington,RESOLVED
1996-97,0029600022,57,Doug Christie,RESOLVED
1996-97,0029600022,694,Sam Mack,RESOLVED
1996-97,0029600022,56,Gary Payton,RESOLVED
1996-97,0029600022,9,Sedale Threatt,RESOLVED
1996-97,0029600024,431,Shawn Kemp,RESOLVED
1996-97,0029600024,96,Detlef Schrempf,RESOLVED
1996-97,0029600024,29,Jim McIlvaine,RESOLVED
1996-97,0029600024,765,Hersey Hawkins,RESOLVED
1996-97,0029600024,56,Gary Payton,RESOLVED
1996-97,0029600024,64,Sam Perkins,RESOLVED
1996-97,0029600024,378,Craig Ehlo,RESOLVED
1996-97,0029600024,203,Nate McMillan,RESOLVED
1996-97,0029600024,1125,Larry Stewart,RESOLVED
1996-97,0029600024,766,David Wingate,RESOLVED
1996-97,0029600024,727,Eric Snow,RESOLVED
1996-97,0029600024,771,Elmore Spencer,RESOLVED
1996-97,0029600024,1011,,RESOLVED
1996-97,0029600024,880,,RESOLVED
1996-97,0029600024,1337,,RESOLVED
1996-97,0029600024,879,,RESOLVED
1996-97,0029600024,1336,,RESOLVED
1996-97,0029600024,1335,,RESOLVED
1996-97,0029600024,1334,,RESOLVED
1996-97,0029600024,1339,,RESOLVED
1996-97,0029600024,1338,,RESOLVED
1996-97,0029600024,361,Clifford Robinson,RESOLVED
1996-97,0029600024,739,Rasheed Wallace,RESOLVED
1996-97,0029600024,717,Arvydas Sabonis,RESOLVED
1996-97,0029600024,72,Kenny Anderson,RESOLVED
1996-97,0029600024,243,Aaron McKie,RESOLVED
1996-97,0029600024,718,Gary Trent,RESOLVED
1996-97,0029600024,375,Isaiah Rider,RESOLVED
1996-97,0029600024,201,Chris Dudley,RESOLVED
1996-97,0029600024,674,Reggie Jordan,RESOLVED
1996-97,0029600024,112,Dontonio Wingfield,RESOLVED
1996-97,0029600024,348,Mitchell Butler,RESOLVED
1996-97,0029600024,719,Randolph Childress,RESOLVED
1996-97,0029600024,865,,RESOLVED
1996-97,0029600024,1321,,RESOLVED
1996-97,0029600024,1319,,RESOLVED
1996-97,0029600024,867,,RESOLVED
1996-97,0029600024,1320,,RESOLVED
1996-97,0029600024,866,,RESOLVED
1996-97,0029600024,1329,,RESOLVED
1996-97,0029600017,895,Tyrone Corbin,RESOLVED
1996-97,0029600017,363,Christian Laettner,RESOLVED
1996-97,0029600017,87,Dikembe Mutombo,RESOLVED
1996-97,0029600017,120,Steven Smith,RESOLVED
1996-97,0029600017,302,Mookie Blaylock,RESOLVED
1996-97,0029600017,80,Ken Norman,RESOLVED
1996-97,0029600017,468,Jon Barry,RESOLVED
1996-97,0029600017,1096,Ivano Newbill,RESOLVED
1996-97,0029600017,695,Eldridge Recasner,RESOLVED
1996-97,0029600017,968,Priest Lauderdale,RESOLVED
1996-97,0029600017,789,,RESOLVED
1996-97,0029600017,1208,,RESOLVED
1996-97,0029600017,792,,RESOLVED
1996-97,0029600017,1207,,RESOLVED
1996-97,0029600017,1206,,RESOLVED
1996-97,0029600017,791,,RESOLVED
1996-97,0029600017,1368,,RESOLVED
1996-97,0029600017,790,,RESOLVED
1996-97,0029600017,1205,,RESOLVED
1996-97,0029600017,671,Donnie Boyce,RESOLVED
1996-97,0029600017,673,Alan Henderson,RESOLVED
1996-97,0029600017,255,Grant Hill,RESOLVED
1996-97,0029600017,3,Grant Long,RESOLVED
1996-97,0029600017,901,Otis Thorpe,RESOLVED
1996-97,0029600017,278,Stacey Augmon,RESOLVED
1996-97,0029600017,247,Joe Dumars,RESOLVED
1996-97,0029600017,283,Lindsey Hunter,RESOLVED
1996-97,0029600017,371,Terry Mills,RESOLVED
1996-97,0029600017,688,Michael Curry,RESOLVED
1996-97,0029600017,966,Jerome Williams,RESOLVED
1996-97,0029600017,1247,,RESOLVED
1996-97,0029600017,1243,,RESOLVED
1996-97,0029600017,817,,RESOLVED
1996-97,0029600017,1245,,RESOLVED
1996-97,0029600017,1246,,RESOLVED
1996-97,0029600017,2382,,RESOLVED
1996-97,0029600017,815,,RESOLVED
1996-97,0029600017,328,Rick Mahorn,RESOLVED
1996-97,0029600017,689,Theo Ratliff,RESOLVED
1996-97,0029600017,181,Kenny Smith,RESOLVED
1996-97,0029600015,436,Juwan Howard,RESOLVED
1996-97,0029600015,265,Harvey Grant,RESOLVED
1996-97,0029600015,185,Chris Webber,RESOLVED
1996-97,0029600015,384,Calbert Cheaney,RESOLVED
1996-97,0029600015,393,Rod Strickland,RESOLVED
1996-97,0029600015,1112,Ben Wallace,RESOLVED
1996-97,0029600015,1114,Jaren Jackson,RESOLVED
1996-97,0029600015,145,Tracy Murray,RESOLVED
1996-97,0029600015,43,Chris Whitney,RESOLVED
1996-97,0029600015,900,Matt Fish,RESOLVED
1996-97,0029600015,1357,,RESOLVED
1996-97,0029600015,1017,,RESOLVED
1996-97,0029600015,1019,,RESOLVED
1996-97,0029600015,1018,,RESOLVED
1996-97,0029600015,1373,,RESOLVED
1996-97,0029600015,1358,,RESOLVED
1996-97,0029600015,1360,,RESOLVED
1996-97,0029600015,1359,,RESOLVED
1996-97,0029600015,732,Ashraf Amaya,RESOLVED
1996-97,0029600015,31,Lorenzo Williams,RESOLVED
1996-97,0029600015,168,Chris Mills,RESOLVED
1996-97,0029600015,238,Tyrone Hill,RESOLVED
1996-97,0029600015,770,Mark West,RESOLVED
1996-97,0029600015,682,Bob Sura,RESOLVED
1996-97,0029600015,210,Terrell Brandon,RESOLVED
1996-97,0029600015,198,Danny Ferry,RESOLVED
1996-97,0029600015,958,Vitaly Potapenko,RESOLVED
1996-97,0029600015,1002,Reggie Geary,RESOLVED
1996-97,0029600015,1063,Carl Thomas,RESOLVED
1996-97,0029600015,681,Donny Marshall,RESOLVED
1996-97,0029600015,807,,RESOLVED
1996-97,0029600015,1225,,RESOLVED
1996-97,0029600015,1227,,RESOLVED
1996-97,0029600015,805,,RESOLVED
1996-97,0029600015,1226,,RESOLVED
1996-97,0029600015,806,,RESOLVED
1996-97,0029600015,1224,,RESOLVED
1996-97,0029600015,1228,,RESOLVED
1996-97,0029600015,226,Antonio Lang,RESOLVED
1996-97,0029600015,184,Bobby Phills,RESOLVED
1996-97,0029600021,467,Jason Kidd,RESOLVED
1996-97,0029600021,45,George McCloud,RESOLVED
1996-97,0029600021,754,Jim Jackson,RESOLVED
1996-97,0029600021,932,Oliver Miller,RESOLVED
1996-97,0029600021,157,Derek Harper,RESOLVED
1996-97,0029600021,423,Chris Gatling,RESOLVED
1996-97,0029600021,684,Loren Meyer,RESOLVED
1996-97,0029600021,376,Eric Montross,RESOLVED
1996-97,0029600021,434,Tony Dumas,RESOLVED
1996-97,0029600021,469,Jamal Mashburn,RESOLVED
1996-97,0029600021,1065,Erick Strickland,RESOLVED
1996-97,0029600021,122,Fred Roberts,RESOLVED
1996-97,0029600021,178,Olden Polynice,RESOLVED
1996-97,0029600021,782,Mitch Richmond,RESOLVED
1996-97,0029600021,722,Corliss Williamson,RESOLVED
1996-97,0029600021,258,Brian Grant,RESOLVED
1996-97,0029600021,51,Mahmoud Abdul-Rauf,RESOLVED
1996-97,0029600021,1489,Lionel Simmons,RESOLVED
1996-97,0029600021,721,Tyus Edney,RESOLVED
1996-97,0029600021,63,Michael Smith,RESOLVED
1996-97,0029600021,190,Duane Causwell,RESOLVED
1996-97,0029600021,333,Kevin Gamble,RESOLVED
1996-97,0029600021,310,Bobby Hurley,RESOLVED
1996-97,0029600021,2179,,RESOLVED
1996-97,0029600021,182,Billy Owens,RESOLVED
1996-97,0029600023,919,Loy Vaught,RESOLVED
1996-97,0029600023,915,Rodney Rogers,RESOLVED
1996-97,0029600023,404,Kevin Duckworth,RESOLVED
1996-97,0029600023,71,Pooh Richardson,RESOLVED
1996-97,0029600023,907,Malik Sealy,RESOLVED
1996-97,0029600023,441,Lamond Murray,RESOLVED
1996-97,0029600023,914,Stanley Roberts,RESOLVED
1996-97,0029600023,448,Bo Outlaw,RESOLVED
1996-97,0029600023,15,Eric Piatkowski,RESOLVED
1996-97,0029600023,239,Darrick Martin,RESOLVED
1996-97,0029600023,143,Terry Dehere,RESOLVED
1996-97,0029600023,829,,RESOLVED
1996-97,0029600023,1266,,RESOLVED
1996-97,0029600023,1267,,RESOLVED
1996-97,0029600023,830,,RESOLVED
1996-97,0029600023,1268,,RESOLVED
1996-97,0029600023,831,,RESOLVED
1996-97,0029600023,1265,,RESOLVED
1996-97,0029600023,953,Lorenzen Wright,RESOLVED
1996-97,0029600023,935,Bryon Russell,RESOLVED
1996-97,0029600023,252,Karl Malone,RESOLVED
1996-97,0029600023,731,Greg Ostertag,RESOLVED
1996-97,0029600023,304,John Stockton,RESOLVED
1996-97,0029600023,204,Jeff Hornacek,RESOLVED
1996-97,0029600023,458,Howard Eisley,RESOLVED
1996-97,0029600023,156,Antoine Carr,RESOLVED
1996-97,0029600023,323,Greg Foster,RESOLVED
1996-97,0029600023,228,Adam Keefe,RESOLVED
1996-97,0029600023,356,Chris Morris,RESOLVED
1996-97,0029600023,1000,Shandon Anderson,RESOLVED
1996-97,0029600023,887,,RESOLVED
1996-97,0029600023,885,,RESOLVED
1996-97,0029600023,1346,,RESOLVED
1996-97,0029600023,886,,RESOLVED
1996-97,0029600023,1345,,RESOLVED
1996-97,0029600023,1347,,RESOLVED
1996-97,0029600023,1372,,RESOLVED
1996-97,0029600023,1348,,RESOLVED
1996-97,0029600023,1349,,RESOLVED
1996-97,0029600023,240,Brooks Thompson,RESOLVED
1996-97,0029600016,193,Anthony Mason,RESOLVED
1996-97,0029600016,761,Matt Geiger,RESOLVED
1996-97,0029600016,124,Vlade Divac,RESOLVED
1996-97,0029600016,209,Dell Curry,RESOLVED
1996-97,0029600016,177,Muggsy Bogues,RESOLVED
1996-97,0029600016,380,Tony Smith,RESOLVED
1996-97,0029600016,678,George Zidek,RESOLVED
1996-97,0029600016,197,Scott Burrell,RESOLVED
1996-97,0029600016,924,Anthony Goldwire,RESOLVED
1996-97,0029600016,990,Malik Rose,RESOLVED
1996-97,0029600016,1217,,RESOLVED
1996-97,0029600016,960,Tony Delk,RESOLVED
1996-97,0029600016,38,Brad Lohaus,RESOLVED
1996-97,0029600016,779,Glen Rice,RESOLVED
1996-97,0029600016,1005,Walt Williams,RESOLVED
1996-97,0029600016,461,Popeye Jones,RESOLVED
1996-97,0029600016,440,Zan Tabak,RESOLVED
1996-97,0029600016,57,Doug Christie,RESOLVED
1996-97,0029600016,757,Damon Stoudamire,RESOLVED
1996-97,0029600016,93,Hubert Davis,RESOLVED
1996-97,0029600016,948,Marcus Camby,RESOLVED
1996-97,0029600016,435,Carlos Rogers,RESOLVED
1996-97,0029600016,1126,Donald Whiteside,RESOLVED
1996-97,0029600016,104,Benoit Benjamin,RESOLVED
1996-97,0029600016,412,Sharone Wright,RESOLVED
1996-97,0029600016,768,Acie Earl,RESOLVED
1996-97,0029600016,107,Dale Ellis,RESOLVED
1996-97,0029600027,922,Elden Campbell,RESOLVED
1996-97,0029600027,76,Cedric Ceballos,RESOLVED
1996-97,0029600027,406,Shaquille O'Neal,RESOLVED
1996-97,0029600027,224,Eddie Jones,RESOLVED
1996-97,0029600027,89,Nick Van Exel,RESOLVED
1996-97,0029600027,916,Corie Blount,RESOLVED
1996-97,0029600027,977,Kobe Bryant,RESOLVED
1996-97,0029600027,965,Derek Fisher,RESOLVED
1996-97,0029600027,399,Sean Rooks,RESOLVED
1996-97,0029600027,2,Byron Scott,RESOLVED
1996-97,0029600027,969,Travis Knight,RESOLVED
1996-97,0029600027,834,,RESOLVED
1996-97,0029600027,1271,,RESOLVED
1996-97,0029600027,833,,RESOLVED
1996-97,0029600027,1272,,RESOLVED
1996-97,0029600027,1270,,RESOLVED
1996-97,0029600027,835,,RESOLVED
1996-97,0029600027,1269,,RESOLVED
1996-97,0029600027,832,,RESOLVED
1996-97,0029600027,1273,,RESOLVED
1996-97,0029600027,716,Rumeal Robinson,RESOLVED
1996-97,0029600027,708,Kevin Garnett,RESOLVED
1996-97,0029600027,339,Tom Gugliotta,RESOLVED
1996-97,0029600027,1037,Stojko Vrankovic,RESOLVED
1996-97,0029600027,28,Doug West,RESOLVED
1996-97,0029600027,345,Terry Porter,RESOLVED
1996-97,0029600027,1051,Dean Garrett,RESOLVED
1996-97,0029600027,685,Cherokee Parks,RESOLVED
1996-97,0029600027,381,James Robinson,RESOLVED
1996-97,0029600027,713,Chris Carr,RESOLVED
1996-97,0029600027,417,Sam Mitchell,RESOLVED
1996-97,0029600027,1049,Shane Heal,RESOLVED
1996-97,0029600027,847,,RESOLVED
1996-97,0029600027,846,,RESOLVED
1996-97,0029600027,848,,RESOLVED
1996-97,0029600027,849,,RESOLVED
1996-97,0029600027,1290,,RESOLVED
1996-97,0029600027,1292,,RESOLVED
1996-97,0029600027,950,Stephon Marbury,RESOLVED
1996-97,0029600025,913,Larry Johnson,RESOLVED
1996-97,0029600025,433,Buck Williams,RESOLVED
1996-97,0029600025,121,Patrick Ewing,RESOLVED
1996-97,0029600025,275,Allan Houston,RESOLVED
1996-97,0029600025,369,Charlie Ward,RESOLVED
1996-97,0029600025,317,John Starks,RESOLVED
1996-97,0029600025,961,John Wallace,RESOLVED
1996-97,0029600025,1006,Herb Williams,RESOLVED
1996-97,0029600025,418,Scott Brooks,RESOLVED
1996-97,0029600025,962,Walter McCarty,RESOLVED
1996-97,0029600025,1137,Chris Jent,RESOLVED
1996-97,0029600025,853,,RESOLVED
1996-97,0029600025,1300,,RESOLVED
1996-97,0029600025,1298,,RESOLVED
1996-97,0029600025,1299,,RESOLVED
1996-97,0029600025,1297,,RESOLVED
1996-97,0029600025,852,,RESOLVED
1996-97,0029600025,1302,,RESOLVED
1996-97,0029600025,1303,,RESOLVED
1996-97,0029600025,1301,,RESOLVED
1996-97,0029600025,851,,RESOLVED
1996-97,0029600025,855,,RESOLVED
1996-97,0029600025,891,Charles Oakley,RESOLVED
1996-97,0029600025,193,Anthony Mason,RESOLVED
1996-97,0029600025,761,Matt Geiger,RESOLVED
1996-97,0029600025,124,Vlade Divac,RESOLVED
1996-97,0029600025,209,Dell Curry,RESOLVED
1996-97,0029600025,177,Muggsy Bogues,RESOLVED
1996-97,0029600025,197,Scott Burrell,RESOLVED
1996-97,0029600025,380,Tony Smith,RESOLVED
1996-97,0029600025,924,Anthony Goldwire,RESOLVED
1996-97,0029600025,678,George Zidek,RESOLVED
1996-97,0029600025,960,Tony Delk,RESOLVED
1996-97,0029600025,990,Malik Rose,RESOLVED
1996-97,0029600025,797,,RESOLVED
1996-97,0029600025,799,,RESOLVED
1996-97,0029600025,1216,,RESOLVED
1996-97,0029600025,798,,RESOLVED
1996-97,0029600025,2018,,RESOLVED
1996-97,0029600025,779,Glen Rice,RESOLVED
1996-97,0029600026,251,Sean Elliott,RESOLVED
1996-97,0029600026,61,Carl Herrera,RESOLVED
1996-97,0029600026,246,Greg Anderson,RESOLVED
1996-97,0029600026,219,Vinny Del Negro,RESOLVED
1996-97,0029600026,422,Avery Johnson,RESOLVED
1996-97,0029600026,293,Charles Smith,RESOLVED
1996-97,0029600026,1122,Dominique Wilkins,RESOLVED
1996-97,0029600026,724,Cory Alexander,RESOLVED
1996-97,0029600026,137,Vernon Maxwell,RESOLVED
1996-97,0029600026,42,Monty Williams,RESOLVED
1996-97,0029600026,874,,RESOLVED
1996-97,0029600026,876,,RESOLVED
1996-97,0029600026,873,,RESOLVED
1996-97,0029600026,875,,RESOLVED
1996-97,0029600026,878,,RESOLVED
1996-97,0029600026,1333,,RESOLVED
1996-97,0029600026,877,,RESOLVED
1996-97,0029600026,1332,,RESOLVED
1996-97,0029600026,1331,,RESOLVED
1996-97,0029600026,1330,,RESOLVED
1996-97,0029600026,1371,,RESOLVED
1996-97,0029600026,1118,Tim Kempton,RESOLVED
1996-97,0029600026,781,Will Perdue,RESOLVED
1996-97,0029600026,456,Chuck Person,RESOLVED
1996-97,0029600026,764,David Robinson,RESOLVED
1996-97,0029600026,686,Antonio McDyess,RESOLVED
1996-97,0029600026,111,LaPhonso Ellis,RESOLVED
1996-97,0029600026,911,Ervin Johnson,RESOLVED
1996-97,0029600026,179,Bryant Stith,RESOLVED
1996-97,0029600026,349,Mark Jackson,RESOLVED
1996-97,0029600026,107,Dale Ellis,RESOLVED
1996-97,0029600026,785,Eric Murdock,RESOLVED
1996-97,0029600026,36,Sarunas Marciulionis,RESOLVED
1996-97,0029600026,67,Tom Hammonds,RESOLVED
1996-97,0029600026,894,Ricky Pierce,RESOLVED
1996-97,0029600026,1032,Darvin Ham,RESOLVED
1996-97,0029600026,814,,RESOLVED
1996-97,0029600026,1238,,RESOLVED
1996-97,0029600026,813,,RESOLVED
1996-97,0029600026,1241,,RESOLVED
1996-97,0029600026,1240,,RESOLVED
1996-97,0029600026,24,Keith Jennings,RESOLVED
1996-97,0029600026,1101,Rich King,RESOLVED
1996-97,0029600026,976,Jeff McInnis,RESOLVED
1996-97,0029600026,78,LaSalle Thompson,RESOLVED
1996-97,0029600028,949,Shareef Abdur-Rahim,RESOLVED
1996-97,0029600028,211,Eric Mobley,RESOLVED
1996-97,0029600028,735,Bryant Reeves,RESOLVED
1996-97,0029600028,324,Anthony Peeler,RESOLVED
1996-97,0029600028,21,Greg Anthony,RESOLVED
1996-97,0029600028,898,Blue Edwards,RESOLVED
1996-97,0029600028,248,George Lynch,RESOLVED
1996-97,0029600028,195,Lee Mayberry,RESOLVED
1996-97,0029600028,964,Roy Rogers,RESOLVED
1996-97,0029600028,734,Lawrence Moten,RESOLVED
1996-97,0029600028,1350,,RESOLVED
1996-97,0029600028,888,,RESOLVED
1996-97,0029600028,1353,,RESOLVED
1996-97,0029600028,1351,,RESOLVED
1996-97,0029600028,1354,,RESOLVED
1996-97,0029600028,1352,,RESOLVED
1996-97,0029600028,1364,,RESOLVED
1996-97,0029600028,1355,,RESOLVED
1996-97,0029600028,759,,RESOLVED
1996-97,0029600028,1356,,RESOLVED
1996-97,0029600028,890,,RESOLVED
1996-97,0029600028,432,Pete Chilcutt,RESOLVED
1996-97,0029600028,316,Richard Manning,RESOLVED
1996-97,0029600028,904,Chris Mullin,RESOLVED
1996-97,0029600028,1077,Ray Owes,RESOLVED
1996-97,0029600028,957,Todd Fuller,RESOLVED
1996-97,0029600028,84,Latrell Sprewell,RESOLVED
1996-97,0029600028,899,Mark Price,RESOLVED
1996-97,0029600028,923,Donyell Marshall,RESOLVED
1996-97,0029600028,769,B.J. Armstrong,RESOLVED
1996-97,0029600028,902,Bimbo Coles,RESOLVED
1996-97,0029600028,1252,,RESOLVED
1996-97,0029600028,1248,,RESOLVED
1996-97,0029600028,2701,,RESOLVED
1996-97,0029600028,1251,,RESOLVED
1996-97,0029600028,820,,RESOLVED
1996-97,0029600028,402,Jon Koncak,RESOLVED
1996-97,0029600028,140,Donald Royal,RESOLVED
1996-97,0029600028,693,Joe Smith,RESOLVED
1996-97,0029600028,280,Felton Spencer,RESOLVED
1996-97,0029600030,361,Clifford Robinson,RESOLVED
1996-97,0029600030,739,Rasheed Wallace,RESOLVED
1996-97,0029600030,717,Arvydas Sabonis,RESOLVED
1996-97,0029600030,72,Kenny Anderson,RESOLVED
1996-97,0029600030,375,Isaiah Rider,RESOLVED
1996-97,0029600030,243,Aaron McKie,RESOLVED
1996-97,0029600030,201,Chris Dudley,RESOLVED
1996-97,0029600030,674,Reggie Jordan,RESOLVED
1996-97,0029600030,718,Gary Trent,RESOLVED
1996-97,0029600030,112,Dontonio Wingfield,RESOLVED
1996-97,0029600030,348,Mitchell Butler,RESOLVED
1996-97,0029600030,864,,RESOLVED
1996-97,0029600030,865,,RESOLVED
1996-97,0029600030,867,,RESOLVED
1996-97,0029600030,866,,RESOLVED
1996-97,0029600030,1322,,RESOLVED
1996-97,0029600030,1319,,RESOLVED
1996-97,0029600030,1321,,RESOLVED
1996-97,0029600030,1320,,RESOLVED
1996-97,0029600030,1329,,RESOLVED
1996-97,0029600030,719,Randolph Childress,RESOLVED
1996-97,0029600030,363,Christian Laettner,RESOLVED
1996-97,0029600030,895,Tyrone Corbin,RESOLVED
1996-97,0029600030,87,Dikembe Mutombo,RESOLVED
1996-97,0029600030,120,Steven Smith,RESOLVED
1996-97,0029600030,302,Mookie Blaylock,RESOLVED
1996-97,0029600030,1096,Ivano Newbill,RESOLVED
1996-97,0029600030,468,Jon Barry,RESOLVED
1996-97,0029600030,416,Willie Burton,RESOLVED
1996-97,0029600030,695,Eldridge Recasner,RESOLVED
1996-97,0029600030,968,Priest Lauderdale,RESOLVED
1996-97,0029600030,671,Donnie Boyce,RESOLVED
1996-97,0029600030,791,,RESOLVED
1996-97,0029600030,1206,,RESOLVED
1996-97,0029600030,790,,RESOLVED
1996-97,0029600030,789,,RESOLVED
1996-97,0029600030,1368,,RESOLVED
1996-97,0029600030,792,,RESOLVED
1996-97,0029600030,1207,,RESOLVED
1996-97,0029600030,673,Alan Henderson,RESOLVED
1996-97,0029600029,935,Bryon Russell,RESOLVED
1996-97,0029600029,252,Karl Malone,RESOLVED
1996-97,0029600029,731,Greg Ostertag,RESOLVED
1996-97,0029600029,204,Jeff Hornacek,RESOLVED
1996-97,0029600029,304,John Stockton,RESOLVED
1996-97,0029600029,458,Howard Eisley,RESOLVED
1996-97,0029600029,156,Antoine Carr,RESOLVED
1996-97,0029600029,356,Chris Morris,RESOLVED
1996-97,0029600029,228,Adam Keefe,RESOLVED
1996-97,0029600029,323,Greg Foster,RESOLVED
1996-97,0029600029,1346,,RESOLVED
1996-97,0029600029,885,,RESOLVED
1996-97,0029600029,887,,RESOLVED
1996-97,0029600029,886,,RESOLVED
1996-97,0029600029,1372,,RESOLVED
1996-97,0029600029,1347,,RESOLVED
1996-97,0029600029,1345,,RESOLVED
1996-97,0029600029,1348,,RESOLVED
1996-97,0029600029,1349,,RESOLVED
1996-97,0029600029,1000,Shandon Anderson,RESOLVED
1996-97,0029600029,240,Brooks Thompson,RESOLVED
1996-97,0029600029,53,Mario Elie,RESOLVED
1996-97,0029600029,787,Charles Barkley,RESOLVED
1996-97,0029600029,165,Hakeem Olajuwon,RESOLVED
1996-97,0029600029,17,Clyde Drexler,RESOLVED
1996-97,0029600029,1074,Matt Maloney,RESOLVED
1996-97,0029600029,672,Matt Bullard,RESOLVED
1996-97,0029600029,788,Kevin Willis,RESOLVED
1996-97,0029600029,988,Randy Livingston,RESOLVED
1996-97,0029600029,929,Tracy Moore,RESOLVED
1996-97,0029600029,1023,Emanual Davis,RESOLVED
1996-97,0029600029,694,Sam Mack,RESOLVED
1996-97,0029600029,1254,,RESOLVED
1996-97,0029600029,1257,,RESOLVED
1996-97,0029600029,1256,,RESOLVED
1996-97,0029600029,821,,RESOLVED
1996-97,0029600029,822,,RESOLVED
1996-97,0029600029,1258,,RESOLVED
1996-97,0029600029,826,,RESOLVED
1996-97,0029600029,970,Othella Harrington,RESOLVED
1996-97,0029600031,913,Larry Johnson,RESOLVED
1996-97,0029600031,891,Charles Oakley,RESOLVED
1996-97,0029600031,121,Patrick Ewing,RESOLVED
1996-97,0029600031,275,Allan Houston,RESOLVED
1996-97,0029600031,369,Charlie Ward,RESOLVED
1996-97,0029600031,433,Buck Williams,RESOLVED
1996-97,0029600031,317,John Starks,RESOLVED
1996-97,0029600031,1006,Herb Williams,RESOLVED
1996-97,0029600031,961,John Wallace,RESOLVED
1996-97,0029600031,853,,RESOLVED
1996-97,0029600031,855,,RESOLVED
1996-97,0029600031,852,,RESOLVED
1996-97,0029600031,851,,RESOLVED
1996-97,0029600031,1297,,RESOLVED
1996-97,0029600031,1298,,RESOLVED
1996-97,0029600031,1300,,RESOLVED
1996-97,0029600031,1299,,RESOLVED
1996-97,0029600031,1301,,RESOLVED
1996-97,0029600031,1302,,RESOLVED
1996-97,0029600031,1303,,RESOLVED
1996-97,0029600031,418,Scott Brooks,RESOLVED
1996-97,0029600031,1137,Chris Jent,RESOLVED
1996-97,0029600031,962,Walter McCarty,RESOLVED
1996-97,0029600031,76,Cedric Ceballos,RESOLVED
1996-97,0029600031,922,Elden Campbell,RESOLVED
1996-97,0029600031,406,Shaquille O'Neal,RESOLVED
1996-97,0029600031,224,Eddie Jones,RESOLVED
1996-97,0029600031,89,Nick Van Exel,RESOLVED
1996-97,0029600031,916,Corie Blount,RESOLVED
1996-97,0029600031,2,Byron Scott,RESOLVED
1996-97,0029600031,399,Sean Rooks,RESOLVED
1996-97,0029600031,977,Kobe Bryant,RESOLVED
1996-97,0029600031,965,Derek Fisher,RESOLVED
1996-97,0029600031,1269,,RESOLVED
1996-97,0029600031,1271,,RESOLVED
1996-97,0029600031,1270,,RESOLVED
1996-97,0029600031,832,,RESOLVED
1996-97,0029600031,835,,RESOLVED
1996-97,0029600031,969,Travis Knight,RESOLVED
1996-97,0029600031,716,Rumeal Robinson,RESOLVED
1996-97,0029600037,109,Robert Horry,RESOLVED
1996-97,0029600037,920,A.C. Green,RESOLVED
1996-97,0029600037,330,Danny Manning,RESOLVED
1996-97,0029600037,445,Wesley Person,RESOLVED
1996-97,0029600037,208,Sam Cassell,RESOLVED
1996-97,0029600037,359,Chucky Brown,RESOLVED
1996-97,0029600037,364,Rex Chapman,RESOLVED
1996-97,0029600037,714,Michael Finley,RESOLVED
1996-97,0029600037,959,Steve Nash,RESOLVED
1996-97,0029600037,170,Joe Kleine,RESOLVED
1996-97,0029600037,47,Wayman Tisdale,RESOLVED
1996-97,0029600037,863,,RESOLVED
1996-97,0029600037,1317,,RESOLVED
1996-97,0029600037,1316,,RESOLVED
1996-97,0029600037,862,,RESOLVED
1996-97,0029600037,1314,,RESOLVED
1996-97,0029600037,1318,,RESOLVED
1996-97,0029600037,2625,,RESOLVED
1996-97,0029600037,989,Ben Davis,RESOLVED
1996-97,0029600037,708,Kevin Garnett,RESOLVED
1996-97,0029600037,339,Tom Gugliotta,RESOLVED
1996-97,0029600037,1037,Stojko Vrankovic,RESOLVED
1996-97,0029600037,28,Doug West,RESOLVED
1996-97,0029600037,345,Terry Porter,RESOLVED
1996-97,0029600037,417,Sam Mitchell,RESOLVED
1996-97,0029600037,685,Cherokee Parks,RESOLVED
1996-97,0029600037,381,James Robinson,RESOLVED
1996-97,0029600037,713,Chris Carr,RESOLVED
1996-97,0029600037,849,,RESOLVED
1996-97,0029600037,847,,RESOLVED
1996-97,0029600037,846,,RESOLVED
1996-97,0029600037,848,,RESOLVED
1996-97,0029600037,1291,,RESOLVED
1996-97,0029600037,1288,,RESOLVED
1996-97,0029600037,1292,,RESOLVED
1996-97,0029600037,1290,,RESOLVED
1996-97,0029600037,1051,Dean Garrett,RESOLVED
1996-97,0029600037,1049,Shane Heal,RESOLVED
1996-97,0029600037,950,Stephon Marbury,RESOLVED
1996-97,0029600032,707,Mark Davis,RESOLVED
1996-97,0029600032,221,Clar. Weatherspoon,RESOLVED
1996-97,0029600032,934,Derrick Coleman,RESOLVED
1996-97,0029600032,711,Jerry Stackhouse,RESOLVED
1996-97,0029600032,947,Allen Iverson,RESOLVED
1996-97,0029600032,446,Lucious Harris,RESOLVED
1996-97,0029600032,77,Doug Overton,RESOLVED
1996-97,0029600032,931,Don MacLean,RESOLVED
1996-97,0029600032,262,Michael Cage,RESOLVED
1996-97,0029600032,860,,RESOLVED
1996-97,0029600032,1311,,RESOLVED
1996-97,0029600032,1312,,RESOLVED
1996-97,0029600032,861,,RESOLVED
1996-97,0029600032,1309,,RESOLVED
1996-97,0029600032,1310,,RESOLVED
1996-97,0029600032,1313,,RESOLVED
1996-97,0029600032,1361,Mark Bradtke,RESOLVED
1996-97,0029600032,777,Rex Walters,RESOLVED
1996-97,0029600032,281,Scott Williams,RESOLVED
1996-97,0029600032,901,Otis Thorpe,RESOLVED
1996-97,0029600032,255,Grant Hill,RESOLVED
1996-97,0029600032,3,Grant Long,RESOLVED
1996-97,0029600032,247,Joe Dumars,RESOLVED
1996-97,0029600032,283,Lindsey Hunter,RESOLVED
1996-97,0029600032,688,Michael Curry,RESOLVED
1996-97,0029600032,371,Terry Mills,RESOLVED
1996-97,0029600032,689,Theo Ratliff,RESOLVED
1996-97,0029600032,278,Stacey Augmon,RESOLVED
1996-97,0029600032,328,Rick Mahorn,RESOLVED
1996-97,0029600032,181,Kenny Smith,RESOLVED
1996-97,0029600032,817,,RESOLVED
1996-97,0029600032,1246,,RESOLVED
1996-97,0029600032,1244,,RESOLVED
1996-97,0029600032,815,,RESOLVED
1996-97,0029600032,1243,,RESOLVED
1996-97,0029600032,816,,RESOLVED
1996-97,0029600032,1247,,RESOLVED
1996-97,0029600032,1245,,RESOLVED
1996-97,0029600032,2382,,RESOLVED
1996-97,0029600032,966,Jerome Williams,RESOLVED
1996-97,0029600038,904,Chris Mullin,RESOLVED
1996-97,0029600038,693,Joe Smith,RESOLVED
1996-97,0029600038,957,Todd Fuller,RESOLVED
1996-97,0029600038,899,Mark Price,RESOLVED
1996-97,0029600038,84,Latrell Sprewell,RESOLVED
1996-97,0029600038,769,B.J. Armstrong,RESOLVED
1996-97,0029600038,280,Felton Spencer,RESOLVED
1996-97,0029600038,1077,Ray Owes,RESOLVED
1996-97,0029600038,923,Donyell Marshall,RESOLVED
1996-97,0029600038,902,Bimbo Coles,RESOLVED
1996-97,0029600038,140,Donald Royal,RESOLVED
1996-97,0029600038,1248,,RESOLVED
1996-97,0029600038,1249,,RESOLVED
1996-97,0029600038,1252,,RESOLVED
1996-97,0029600038,1251,,RESOLVED
1996-97,0029600038,2701,,RESOLVED
1996-97,0029600038,820,,RESOLVED
1996-97,0029600038,402,Jon Koncak,RESOLVED
1996-97,0029600038,361,Clifford Robinson,RESOLVED
1996-97,0029600038,739,Rasheed Wallace,RESOLVED
1996-97,0029600038,717,Arvydas Sabonis,RESOLVED
1996-97,0029600038,72,Kenny Anderson,RESOLVED
1996-97,0029600038,375,Isaiah Rider,RESOLVED
1996-97,0029600038,201,Chris Dudley,RESOLVED
1996-97,0029600038,718,Gary Trent,RESOLVED
1996-97,0029600038,243,Aaron McKie,RESOLVED
1996-97,0029600038,112,Dontonio Wingfield,RESOLVED
1996-97,0029600038,348,Mitchell Butler,RESOLVED
1996-97,0029600038,865,,RESOLVED
1996-97,0029600038,867,,RESOLVED
1996-97,0029600038,866,,RESOLVED
1996-97,0029600038,864,,RESOLVED
1996-97,0029600038,1322,,RESOLVED
1996-97,0029600038,1320,,RESOLVED
1996-97,0029600038,1319,,RESOLVED
1996-97,0029600038,1321,,RESOLVED
1996-97,0029600038,1329,,RESOLVED
1996-97,0029600038,719,Randolph Childress,RESOLVED
1996-97,0029600038,674,Reggie Jordan,RESOLVED
1996-97,0029600040,431,Shawn Kemp,RESOLVED
1996-97,0029600040,96,Detlef Schrempf,RESOLVED
1996-97,0029600040,29,Jim McIlvaine,RESOLVED
1996-97,0029600040,765,Hersey Hawkins,RESOLVED
1996-97,0029600040,56,Gary Payton,RESOLVED
1996-97,0029600040,64,Sam Perkins,RESOLVED
1996-97,0029600040,378,Craig Ehlo,RESOLVED
1996-97,0029600040,203,Nate McMillan,RESOLVED
1996-97,0029600040,766,David Wingate,RESOLVED
1996-97,0029600040,1125,Larry Stewart,RESOLVED
1996-97,0029600040,727,Eric Snow,RESOLVED
1996-97,0029600040,1336,,RESOLVED
1996-97,0029600040,880,,RESOLVED
1996-97,0029600040,1335,,RESOLVED
1996-97,0029600040,1337,,RESOLVED
1996-97,0029600040,1339,,RESOLVED
1996-97,0029600040,1334,,RESOLVED
1996-97,0029600040,879,,RESOLVED
1996-97,0029600040,1338,,RESOLVED
1996-97,0029600040,1011,,RESOLVED
1996-97,0029600040,771,Elmore Spencer,RESOLVED
1996-97,0029600040,895,Tyrone Corbin,RESOLVED
1996-97,0029600040,363,Christian Laettner,RESOLVED
1996-97,0029600040,87,Dikembe Mutombo,RESOLVED
1996-97,0029600040,120,Steven Smith,RESOLVED
1996-97,0029600040,302,Mookie Blaylock,RESOLVED
1996-97,0029600040,695,Eldridge Recasner,RESOLVED
1996-97,0029600040,416,Willie Burton,RESOLVED
1996-97,0029600040,468,Jon Barry,RESOLVED
1996-97,0029600040,1096,Ivano Newbill,RESOLVED
1996-97,0029600040,671,Donnie Boyce,RESOLVED
1996-97,0029600040,968,Priest Lauderdale,RESOLVED
1996-97,0029600040,789,,RESOLVED
1996-97,0029600040,791,,RESOLVED
1996-97,0029600040,790,,RESOLVED
1996-97,0029600040,1206,,RESOLVED
1996-97,0029600040,1207,,RESOLVED
1996-97,0029600040,792,,RESOLVED
1996-97,0029600040,1368,,RESOLVED
1996-97,0029600040,673,Alan Henderson,RESOLVED
1996-97,0029600034,168,Chris Mills,RESOLVED
1996-97,0029600034,238,Tyrone Hill,RESOLVED
1996-97,0029600034,770,Mark West,RESOLVED
1996-97,0029600034,210,Terrell Brandon,RESOLVED
1996-97,0029600034,682,Bob Sura,RESOLVED
1996-97,0029600034,198,Danny Ferry,RESOLVED
1996-97,0029600034,958,Vitaly Potapenko,RESOLVED
1996-97,0029600034,1063,Carl Thomas,RESOLVED
1996-97,0029600034,226,Antonio Lang,RESOLVED
1996-97,0029600034,1002,Reggie Geary,RESOLVED
1996-97,0029600034,681,Donny Marshall,RESOLVED
1996-97,0029600034,1226,,RESOLVED
1996-97,0029600034,1224,,RESOLVED
1996-97,0029600034,124,Vlade Divac,RESOLVED
1996-97,0029600034,36,Sarunas Marciulionis,RESOLVED
1996-97,0029600034,35,Eric Riley,RESOLVED
1996-97,0029600034,251,Sean Elliott,RESOLVED
1996-97,0029600034,293,Charles Smith,RESOLVED
1996-97,0029600034,246,Greg Anderson,RESOLVED
1996-97,0029600034,422,Avery Johnson,RESOLVED
1996-97,0029600034,219,Vinny Del Negro,RESOLVED
1996-97,0029600034,61,Carl Herrera,RESOLVED
1996-97,0029600034,137,Vernon Maxwell,RESOLVED
1996-97,0029600034,1118,Tim Kempton,RESOLVED
1996-97,0029600034,1122,Dominique Wilkins,RESOLVED
1996-97,0029600034,724,Cory Alexander,RESOLVED
1996-97,0029600034,42,Monty Williams,RESOLVED
1996-97,0029600034,1332,,RESOLVED
1996-97,0029600034,1330,,RESOLVED
1996-97,0029600034,1331,,RESOLVED
1996-97,0029600034,1333,,RESOLVED
1996-97,0029600034,1371,,RESOLVED
1996-97,0029600035,937,Scottie Pippen,RESOLVED
1996-97,0029600035,23,Dennis Rodman,RESOLVED
1996-97,0029600035,26,Luc Longley,RESOLVED
1996-97,0029600035,166,Ron Harper,RESOLVED
1996-97,0029600035,893,Michael Jordan,RESOLVED
1996-97,0029600035,753,Randy Brown,RESOLVED
1996-97,0029600035,389,Toni Kukoc,RESOLVED
1996-97,0029600035,70,Steve Kerr,RESOLVED
1996-97,0029600035,82,Bill Wennington,RESOLVED
1996-97,0029600035,146,Jud Buechler,RESOLVED
1996-97,0029600035,54,Dickey Simpkins,RESOLVED
1996-97,0029600035,949,Shareef Abdur-Rahim,RESOLVED
1996-97,0029600035,211,Eric Mobley,RESOLVED
1996-97,0029600035,735,Bryant Reeves,RESOLVED
1996-97,0029600035,21,Greg Anthony,RESOLVED
1996-97,0029600035,324,Anthony Peeler,RESOLVED
1996-97,0029600035,964,Roy Rogers,RESOLVED
1996-97,0029600035,898,Blue Edwards,RESOLVED
1996-97,0029600035,248,George Lynch,RESOLVED
1996-97,0029600035,195,Lee Mayberry,RESOLVED
1996-97,0029600035,734,Lawrence Moten,RESOLVED
1996-97,0029600035,432,Pete Chilcutt,RESOLVED
1996-97,0029600033,1005,Walt Williams,RESOLVED
1996-97,0029600033,440,Zan Tabak,RESOLVED
1996-97,0029600033,104,Benoit Benjamin,RESOLVED
1996-97,0029600033,57,Doug Christie,RESOLVED
1996-97,0029600033,757,Damon Stoudamire,RESOLVED
1996-97,0029600033,435,Carlos Rogers,RESOLVED
1996-97,0029600033,948,Marcus Camby,RESOLVED
1996-97,0029600033,93,Hubert Davis,RESOLVED
1996-97,0029600033,461,Popeye Jones,RESOLVED
1996-97,0029600033,412,Sharone Wright,RESOLVED
1996-97,0029600033,1126,Donald Whiteside,RESOLVED
1996-97,0029600033,883,,RESOLVED
1996-97,0029600033,1340,,RESOLVED
1996-97,0029600033,884,,RESOLVED
1996-97,0029600033,1341,,RESOLVED
1996-97,0029600033,1342,,RESOLVED
1996-97,0029600033,882,,RESOLVED
1996-97,0029600033,1029,,RESOLVED
1996-97,0029600033,1344,,RESOLVED
1996-97,0029600033,768,Acie Earl,RESOLVED
1996-97,0029600033,45,George McCloud,RESOLVED
1996-97,0029600033,684,Loren Meyer,RESOLVED
1996-97,0029600033,376,Eric Montross,RESOLVED
1996-97,0029600033,754,Jim Jackson,RESOLVED
1996-97,0029600033,467,Jason Kidd,RESOLVED
1996-97,0029600033,469,Jamal Mashburn,RESOLVED
1996-97,0029600033,423,Chris Gatling,RESOLVED
1996-97,0029600033,932,Oliver Miller,RESOLVED
1996-97,0029600033,157,Derek Harper,RESOLVED
1996-97,0029600033,434,Tony Dumas,RESOLVED
1996-97,0029600033,122,Fred Roberts,RESOLVED
1996-97,0029600033,810,,RESOLVED
1996-97,0029600033,811,,RESOLVED
1996-97,0029600033,1230,,RESOLVED
1996-97,0029600033,1370,,RESOLVED
1996-97,0029600033,1231,,RESOLVED
1996-97,0029600033,1065,Erick Strickland,RESOLVED
1996-97,0029600036,111,LaPhonso Ellis,RESOLVED
1996-97,0029600036,686,Antonio McDyess,RESOLVED
1996-97,0029600036,911,Ervin Johnson,RESOLVED
1996-97,0029600036,349,Mark Jackson,RESOLVED
1996-97,0029600036,179,Bryant Stith,RESOLVED
1996-97,0029600036,107,Dale Ellis,RESOLVED
1996-97,0029600036,67,Tom Hammonds,RESOLVED
1996-97,0029600036,894,Ricky Pierce,RESOLVED
1996-97,0029600036,78,LaSalle Thompson,RESOLVED
1996-97,0029600036,785,Eric Murdock,RESOLVED
1996-97,0029600036,1032,Darvin Ham,RESOLVED
1996-97,0029600036,36,Sarunas Marciulionis,RESOLVED
1996-97,0029600036,1237,,RESOLVED
1996-97,0029600036,1239,,RESOLVED
1996-97,0029600036,1238,,RESOLVED
1996-97,0029600036,814,,RESOLVED
1996-97,0029600036,1241,,RESOLVED
1996-97,0029600036,813,,RESOLVED
1996-97,0029600036,1236,,RESOLVED
1996-97,0029600036,1240,,RESOLVED
1996-97,0029600036,919,Loy Vaught,RESOLVED
1996-97,0029600036,915,Rodney Rogers,RESOLVED
1996-97,0029600036,404,Kevin Duckworth,RESOLVED
1996-97,0029600036,71,Pooh Richardson,RESOLVED
1996-97,0029600036,907,Malik Sealy,RESOLVED
1996-97,0029600036,441,Lamond Murray,RESOLVED
1996-97,0029600036,914,Stanley Roberts,RESOLVED
1996-97,0029600036,448,Bo Outlaw,RESOLVED
1996-97,0029600036,143,Terry Dehere,RESOLVED
1996-97,0029600036,239,Darrick Martin,RESOLVED
1996-97,0029600036,953,Lorenzen Wright,RESOLVED
1996-97,0029600036,15,Eric Piatkowski,RESOLVED
1996-97,0029600036,829,,RESOLVED
1996-97,0029600036,1267,,RESOLVED
1996-97,0029600036,830,,RESOLVED
1996-97,0029600036,831,,RESOLVED
1996-97,0029600036,1268,,RESOLVED
1996-97,0029600036,1266,,RESOLVED
1996-97,0029600036,1265,,RESOLVED
1996-97,0029600039,178,Olden Polynice,RESOLVED
1996-97,0029600039,722,Corliss Williamson,RESOLVED
1996-97,0029600039,258,Brian Grant,RESOLVED
1996-97,0029600039,782,Mitch Richmond,RESOLVED
1996-97,0029600039,51,Mahmoud Abdul-Rauf,RESOLVED
1996-97,0029600039,182,Billy Owens,RESOLVED
1996-97,0029600039,63,Michael Smith,RESOLVED
1996-97,0029600039,721,Tyus Edney,RESOLVED
1996-97,0029600039,1489,Lionel Simmons,RESOLVED
1996-97,0029600039,190,Duane Causwell,RESOLVED
1996-97,0029600039,310,Bobby Hurley,RESOLVED
1996-97,0029600039,2179,,RESOLVED
1996-97,0029600039,53,Mario Elie,RESOLVED
1996-97,0029600039,787,Charles Barkley,RESOLVED
1996-97,0029600039,165,Hakeem Olajuwon,RESOLVED
1996-97,0029600039,17,Clyde Drexler,RESOLVED
1996-97,0029600039,1074,Matt Maloney,RESOLVED
1996-97,0029600039,788,Kevin Willis,RESOLVED
1996-97,0029600039,1023,Emanual Davis,RESOLVED
1996-97,0029600039,672,Matt Bullard,RESOLVED
1996-97,0029600039,694,Sam Mack,RESOLVED
1996-97,0029600039,970,Othella Harrington,RESOLVED
1996-97,0029600039,988,Randy Livingston,RESOLVED
1996-97,0029600039,929,Tracy Moore,RESOLVED
1996-97,0029600044,193,Anthony Mason,RESOLVED
1996-97,0029600044,761,Matt Geiger,RESOLVED
1996-97,0029600044,124,Vlade Divac,RESOLVED
1996-97,0029600044,209,Dell Curry,RESOLVED
1996-97,0029600044,924,Anthony Goldwire,RESOLVED
1996-97,0029600044,197,Scott Burrell,RESOLVED
1996-97,0029600044,380,Tony Smith,RESOLVED
1996-97,0029600044,678,George Zidek,RESOLVED
1996-97,0029600044,960,Tony Delk,RESOLVED
1996-97,0029600044,990,Malik Rose,RESOLVED
1996-97,0029600044,798,,RESOLVED
1996-97,0029600044,800,,RESOLVED
1996-97,0029600044,797,,RESOLVED
1996-97,0029600044,1217,,RESOLVED
1996-97,0029600044,936,,RESOLVED
1996-97,0029600044,1016,,RESOLVED
1996-97,0029600044,1215,,RESOLVED
1996-97,0029600044,799,,RESOLVED
1996-97,0029600044,1216,,RESOLVED
1996-97,0029600044,1218,,RESOLVED
1996-97,0029600044,2018,,RESOLVED
1996-97,0029600044,177,Muggsy Bogues,RESOLVED
1996-97,0029600044,779,Glen Rice,RESOLVED
1996-97,0029600044,76,Cedric Ceballos,RESOLVED
1996-97,0029600044,922,Elden Campbell,RESOLVED
1996-97,0029600044,406,Shaquille O'Neal,RESOLVED
1996-97,0029600044,224,Eddie Jones,RESOLVED
1996-97,0029600044,89,Nick Van Exel,RESOLVED
1996-97,0029600044,916,Corie Blount,RESOLVED
1996-97,0029600044,2,Byron Scott,RESOLVED
1996-97,0029600044,965,Derek Fisher,RESOLVED
1996-97,0029600044,977,Kobe Bryant,RESOLVED
1996-97,0029600044,399,Sean Rooks,RESOLVED
1996-97,0029600044,832,,RESOLVED
1996-97,0029600044,1271,,RESOLVED
1996-97,0029600044,1270,,RESOLVED
1996-97,0029600044,1269,,RESOLVED
1996-97,0029600044,835,,RESOLVED
1996-97,0029600044,969,Travis Knight,RESOLVED
1996-97,0029600044,716,Rumeal Robinson,RESOLVED
1996-97,0029600043,105,Dan Majerle,RESOLVED
1996-97,0029600043,703,Kurt Thomas,RESOLVED
1996-97,0029600043,297,Alonzo Mourning,RESOLVED
1996-97,0029600043,390,Sasha Danilovic,RESOLVED
1996-97,0029600043,896,Tim Hardaway,RESOLVED
1996-97,0029600043,136,P.J. Brown,RESOLVED
1996-97,0029600043,173,Keith Askins,RESOLVED
1996-97,0029600043,202,Gary Grant,RESOLVED
1996-97,0029600043,1134,Ike Austin,RESOLVED
1996-97,0029600043,702,Voshon Lenard,RESOLVED
1996-97,0029600043,937,Scottie Pippen,RESOLVED
1996-97,0029600043,23,Dennis Rodman,RESOLVED
1996-97,0029600043,26,Luc Longley,RESOLVED
1996-97,0029600043,893,Michael Jordan,RESOLVED
1996-97,0029600043,166,Ron Harper,RESOLVED
1996-97,0029600043,389,Toni Kukoc,RESOLVED
1996-97,0029600043,753,Randy Brown,RESOLVED
1996-97,0029600043,146,Jud Buechler,RESOLVED
1996-97,0029600043,70,Steve Kerr,RESOLVED
1996-97,0029600043,82,Bill Wennington,RESOLVED
1996-97,0029600046,452,Vin Baker,RESOLVED
1996-97,0029600046,299,Glenn Robinson,RESOLVED
1996-97,0029600046,457,Andrew Lang,RESOLVED
1996-97,0029600046,951,Ray Allen,RESOLVED
1996-97,0029600046,428,Sherman Douglas,RESOLVED
1996-97,0029600046,271,Johnny Newman,RESOLVED
1996-97,0029600046,288,Armen Gilliam,RESOLVED
1996-97,0029600046,241,Darrin Hancock,RESOLVED
1996-97,0029600046,116,David Wood,RESOLVED
1996-97,0029600046,386,Elliot Perry,RESOLVED
1996-97,0029600046,341,Joe Wolf,RESOLVED
1996-97,0029600046,704,Shawn Respert,RESOLVED
1996-97,0029600046,843,,RESOLVED
1996-97,0029600046,845,,RESOLVED
1996-97,0029600046,844,,RESOLVED
1996-97,0029600046,823,,RESOLVED
1996-97,0029600046,1083,,RESOLVED
1996-97,0029600046,1282,,RESOLVED
1996-97,0029600046,1084,,RESOLVED
1996-97,0029600046,1082,,RESOLVED
1996-97,0029600046,1285,,RESOLVED
1996-97,0029600046,1284,,RESOLVED
1996-97,0029600046,1286,,RESOLVED
1996-97,0029600046,949,Shareef Abdur-Rahim,RESOLVED
1996-97,0029600046,211,Eric Mobley,RESOLVED
1996-97,0029600046,735,Bryant Reeves,RESOLVED
1996-97,0029600046,21,Greg Anthony,RESOLVED
1996-97,0029600046,324,Anthony Peeler,RESOLVED
1996-97,0029600046,964,Roy Rogers,RESOLVED
1996-97,0029600046,898,Blue Edwards,RESOLVED
1996-97,0029600046,316,Richard Manning,RESOLVED
1996-97,0029600046,248,George Lynch,RESOLVED
1996-97,0029600046,195,Lee Mayberry,RESOLVED
1996-97,0029600046,734,Lawrence Moten,RESOLVED
1996-97,0029600046,432,Pete Chilcutt,RESOLVED
1996-97,0029600046,759,,RESOLVED
1996-97,0029600046,1364,,RESOLVED
1996-97,0029600046,1353,,RESOLVED
1996-97,0029600046,1354,,RESOLVED
1996-97,0029600046,1352,,RESOLVED
1996-97,0029600041,952,Antoine Walker,RESOLVED
1996-97,0029600041,129,Dino Radja,RESOLVED
1996-97,0029600041,442,Pervis Ellison,RESOLVED
1996-97,0029600041,133,David Wesley,RESOLVED
1996-97,0029600041,296,Rick Fox,RESOLVED
1996-97,0029600041,103,Todd Day,RESOLVED
1996-97,0029600041,677,Eric Williams,RESOLVED
1996-97,0029600041,783,Frank Brickowski,RESOLVED
1996-97,0029600041,344,Dana Barros,RESOLVED
1996-97,0029600041,55,Marty Conlon,RESOLVED
1996-97,0029600041,793,,RESOLVED
1996-97,0029600041,1210,,RESOLVED
1996-97,0029600041,794,,RESOLVED
1996-97,0029600041,795,,RESOLVED
1996-97,0029600041,1211,,RESOLVED
1996-97,0029600041,1213,,RESOLVED
1996-97,0029600041,1212,,RESOLVED
1996-97,0029600041,175,Alton Lister,RESOLVED
1996-97,0029600041,1136,Brett Szabo,RESOLVED
1996-97,0029600041,365,Derrick McKey,RESOLVED
1996-97,0029600041,905,Dale Davis,RESOLVED
1996-97,0029600041,213,Antonio Davis,RESOLVED
1996-97,0029600041,906,Haywoode Workman,RESOLVED
1996-97,0029600041,397,Reggie Miller,RESOLVED
1996-97,0029600041,355,Vincent Askew,RESOLVED
1996-97,0029600041,696,Travis Best,RESOLVED
1996-97,0029600041,147,Jalen Rose,RESOLVED
1996-97,0029600041,956,Erick Dampier,RESOLVED
1996-97,0029600041,706,Jerome Allen,RESOLVED
1996-97,0029600041,1261,,RESOLVED
1996-97,0029600041,827,,RESOLVED
1996-97,0029600041,1260,,RESOLVED
1996-97,0029600041,1262,,RESOLVED
1996-97,0029600041,1264,,RESOLVED
1996-97,0029600041,1259,,RESOLVED
1996-97,0029600041,828,,RESOLVED
1996-97,0029600041,1263,,RESOLVED
1996-97,0029600041,697,Fred Hoiberg,RESOLVED
1996-97,0029600041,1064,Brent Scott,RESOLVED
1996-97,0029600045,278,Stacey Augmon,RESOLVED
1996-97,0029600045,3,Grant Long,RESOLVED
1996-97,0029600045,901,Otis Thorpe,RESOLVED
1996-97,0029600045,247,Joe Dumars,RESOLVED
1996-97,0029600045,283,Lindsey Hunter,RESOLVED
1996-97,0029600045,688,Michael Curry,RESOLVED
1996-97,0029600045,371,Terry Mills,RESOLVED
1996-97,0029600045,181,Kenny Smith,RESOLVED
1996-97,0029600045,328,Rick Mahorn,RESOLVED
1996-97,0029600045,966,Jerome Williams,RESOLVED
1996-97,0029600045,689,Theo Ratliff,RESOLVED
1996-97,0029600045,817,,RESOLVED
1996-97,0029600045,1243,,RESOLVED
1996-97,0029600045,1245,,RESOLVED
1996-97,0029600045,815,,RESOLVED
1996-97,0029600045,1244,,RESOLVED
1996-97,0029600045,1247,,RESOLVED
1996-97,0029600045,2382,,RESOLVED
1996-97,0029600045,1246,,RESOLVED
1996-97,0029600045,816,,RESOLVED
1996-97,0029600045,255,Grant Hill,RESOLVED
1996-97,0029600045,45,George McCloud,RESOLVED
1996-97,0029600045,684,Loren Meyer,RESOLVED
1996-97,0029600045,376,Eric Montross,RESOLVED
1996-97,0029600045,467,Jason Kidd,RESOLVED
1996-97,0029600045,754,Jim Jackson,RESOLVED
1996-97,0029600045,469,Jamal Mashburn,RESOLVED
1996-97,0029600045,423,Chris Gatling,RESOLVED
1996-97,0029600045,932,Oliver Miller,RESOLVED
1996-97,0029600045,157,Derek Harper,RESOLVED
1996-97,0029600045,122,Fred Roberts,RESOLVED
1996-97,0029600045,434,Tony Dumas,RESOLVED
1996-97,0029600045,1065,Erick Strickland,RESOLVED
1996-97,0029600045,1231,,RESOLVED
1996-97,0029600045,811,,RESOLVED
1996-97,0029600045,810,,RESOLVED
1996-97,0029600045,1230,,RESOLVED
1996-97,0029600045,1370,,RESOLVED
1996-97,0029600042,436,Juwan Howard,RESOLVED
1996-97,0029600042,265,Harvey Grant,RESOLVED
1996-97,0029600042,185,Chris Webber,RESOLVED
1996-97,0029600042,384,Calbert Cheaney,RESOLVED
1996-97,0029600042,393,Rod Strickland,RESOLVED
1996-97,0029600042,145,Tracy Murray,RESOLVED
1996-97,0029600042,1112,Ben Wallace,RESOLVED
1996-97,0029600042,1114,Jaren Jackson,RESOLVED
1996-97,0029600042,43,Chris Whitney,RESOLVED
1996-97,0029600042,1018,,RESOLVED
1996-97,0029600042,1358,,RESOLVED
1996-97,0029600042,1017,,RESOLVED
1996-97,0029600042,1019,,RESOLVED
1996-97,0029600042,1360,,RESOLVED
1996-97,0029600042,1373,,RESOLVED
1996-97,0029600042,1359,,RESOLVED
1996-97,0029600042,1357,,RESOLVED
1996-97,0029600042,732,Ashraf Amaya,RESOLVED
1996-97,0029600042,900,Matt Fish,RESOLVED
1996-97,0029600042,31,Lorenzo Williams,RESOLVED
1996-97,0029600042,251,Sean Elliott,RESOLVED
1996-97,0029600042,293,Charles Smith,RESOLVED
1996-97,0029600042,246,Greg Anderson,RESOLVED
1996-97,0029600042,219,Vinny Del Negro,RESOLVED
1996-97,0029600042,422,Avery Johnson,RESOLVED
1996-97,0029600042,61,Carl Herrera,RESOLVED
1996-97,0029600042,137,Vernon Maxwell,RESOLVED
1996-97,0029600042,724,Cory Alexander,RESOLVED
1996-97,0029600042,1122,Dominique Wilkins,RESOLVED
1996-97,0029600042,42,Monty Williams,RESOLVED
1996-97,0029600042,873,,RESOLVED
1996-97,0029600042,875,,RESOLVED
1996-97,0029600042,1371,,RESOLVED
1996-97,0029600042,1333,,RESOLVED
1996-97,0029600042,1330,,RESOLVED
1996-97,0029600042,1331,,RESOLVED
1996-97,0029600042,878,,RESOLVED
1996-97,0029600042,877,,RESOLVED
1996-97,0029600042,1118,Tim Kempton,RESOLVED
1996-97,0029600042,781,Will Perdue,RESOLVED
1996-97,0029600052,361,Clifford Robinson,RESOLVED
1996-97,0029600052,739,Rasheed Wallace,RESOLVED
1996-97,0029600052,717,Arvydas Sabonis,RESOLVED
1996-97,0029600052,72,Kenny Anderson,RESOLVED
1996-97,0029600052,375,Isaiah Rider,RESOLVED
1996-97,0029600052,201,Chris Dudley,RESOLVED
1996-97,0029600052,243,Aaron McKie,RESOLVED
1996-97,0029600052,718,Gary Trent,RESOLVED
1996-97,0029600052,112,Dontonio Wingfield,RESOLVED
1996-97,0029600052,348,Mitchell Butler,RESOLVED
1996-97,0029600052,864,,RESOLVED
1996-97,0029600052,866,,RESOLVED
1996-97,0029600052,865,,RESOLVED
1996-97,0029600052,867,,RESOLVED
1996-97,0029600052,1321,,RESOLVED
1996-97,0029600052,1319,,RESOLVED
1996-97,0029600052,1322,,RESOLVED
1996-97,0029600052,1320,,RESOLVED
1996-97,0029600052,1329,,RESOLVED
1996-97,0029600052,719,Randolph Childress,RESOLVED
1996-97,0029600052,674,Reggie Jordan,RESOLVED
1996-97,0029600052,708,Kevin Garnett,RESOLVED
1996-97,0029600052,339,Tom Gugliotta,RESOLVED
1996-97,0029600052,1037,Stojko Vrankovic,RESOLVED
1996-97,0029600052,28,Doug West,RESOLVED
1996-97,0029600052,345,Terry Porter,RESOLVED
1996-97,0029600052,417,Sam Mitchell,RESOLVED
1996-97,0029600052,381,James Robinson,RESOLVED
1996-97,0029600052,1051,Dean Garrett,RESOLVED
1996-97,0029600052,713,Chris Carr,RESOLVED
1996-97,0029600052,1049,Shane Heal,RESOLVED
1996-97,0029600052,1292,,RESOLVED
1996-97,0029600052,849,,RESOLVED
1996-97,0029600052,846,,RESOLVED
1996-97,0029600052,848,,RESOLVED
1996-97,0029600052,847,,RESOLVED
1996-97,0029600052,1290,,RESOLVED
1996-97,0029600052,950,Stephon Marbury,RESOLVED
1996-97,0029600052,685,Cherokee Parks,RESOLVED
1996-97,0029600047,709,Ed O'Bannon,RESOLVED
1996-97,0029600047,420,Jayson Williams,RESOLVED
1996-97,0029600047,762,Shawn Bradley,RESOLVED
1996-97,0029600047,383,Kendall Gill,RESOLVED
1996-97,0029600047,123,Robert Pack,RESOLVED
1996-97,0029600047,1365,Xavier McDaniel,RESOLVED
1996-97,0029600047,954,Kerry Kittles,RESOLVED
1996-97,0029600047,763,Tony Massenburg,RESOLVED
1996-97,0029600047,154,Adrian Caldwell,RESOLVED
1996-97,0029600047,234,Khalid Reeves,RESOLVED
1996-97,0029600047,212,Yinka Dare,RESOLVED
1996-97,0029600047,1020,,RESOLVED
1996-97,0029600047,1294,,RESOLVED
1996-97,0029600047,850,,RESOLVED
1996-97,0029600047,1295,,RESOLVED
1996-97,0029600047,1296,,RESOLVED
1996-97,0029600047,1028,,RESOLVED
1996-97,0029600047,199,Reggie Williams,RESOLVED
1996-97,0029600047,98,Nick Anderson,RESOLVED
1996-97,0029600047,270,Horace Grant,RESOLVED
1996-97,0029600047,710,David Vaughn,RESOLVED
1996-97,0029600047,358,Anfernee Hardaway,RESOLVED
1996-97,0029600047,216,Brian Shaw,RESOLVED
1996-97,0029600047,786,Gerald Wilkins,RESOLVED
1996-97,0029600047,353,Darrell Armstrong,RESOLVED
1996-97,0029600047,938,Rony Seikaly,RESOLVED
1996-97,0029600047,400,Derek Strong,RESOLVED
1996-97,0029600047,7,Dan Schayes,RESOLVED
1996-97,0029600047,857,,RESOLVED
1996-97,0029600047,859,,RESOLVED
1996-97,0029600047,1305,,RESOLVED
1996-97,0029600047,858,,RESOLVED
1996-97,0029600047,1306,,RESOLVED
1996-97,0029600047,1304,,RESOLVED
1996-97,0029600047,856,,RESOLVED
1996-97,0029600047,1307,,RESOLVED
1996-97,0029600047,1308,,RESOLVED
1996-97,0029600047,32,Clifford Rozier,RESOLVED
1996-97,0029600047,192,Dennis Scott,RESOLVED
1996-97,0029600050,904,Chris Mullin,RESOLVED
1996-97,0029600050,693,Joe Smith,RESOLVED
1996-97,0029600050,957,Todd Fuller,RESOLVED
1996-97,0029600050,899,Mark Price,RESOLVED
1996-97,0029600050,84,Latrell Sprewell,RESOLVED
1996-97,0029600050,769,B.J. Armstrong,RESOLVED
1996-97,0029600050,902,Bimbo Coles,RESOLVED
1996-97,0029600050,280,Felton Spencer,RESOLVED
1996-97,0029600050,1077,Ray Owes,RESOLVED
1996-97,0029600050,923,Donyell Marshall,RESOLVED
1996-97,0029600050,1248,,RESOLVED
1996-97,0029600050,1251,,RESOLVED
1996-97,0029600050,1252,,RESOLVED
1996-97,0029600050,1249,,RESOLVED
1996-97,0029600050,820,,RESOLVED
1996-97,0029600050,2701,,RESOLVED
1996-97,0029600050,402,Jon Koncak,RESOLVED
1996-97,0029600050,140,Donald Royal,RESOLVED
1996-97,0029600050,913,Larry Johnson,RESOLVED
1996-97,0029600050,891,Charles Oakley,RESOLVED
1996-97,0029600050,121,Patrick Ewing,RESOLVED
1996-97,0029600050,275,Allan Houston,RESOLVED
1996-97,0029600050,369,Charlie Ward,RESOLVED
1996-97,0029600050,317,John Starks,RESOLVED
1996-97,0029600050,961,John Wallace,RESOLVED
1996-97,0029600050,433,Buck Williams,RESOLVED
1996-97,0029600050,853,,RESOLVED
1996-97,0029600050,855,,RESOLVED
1996-97,0029600050,852,,RESOLVED
1996-97,0029600050,851,,RESOLVED
1996-97,0029600050,1300,,RESOLVED
1996-97,0029600050,1301,,RESOLVED
1996-97,0029600050,1299,,RESOLVED
1996-97,0029600050,1298,,RESOLVED
1996-97,0029600050,1302,,RESOLVED
1996-97,0029600050,418,Scott Brooks,RESOLVED
1996-97,0029600050,963,Dontae' Jones,RESOLVED
1996-97,0029600050,962,Walter McCarty,RESOLVED
1996-97,0029600050,1006,Herb Williams,RESOLVED
1996-97,0029600049,109,Robert Horry,RESOLVED
1996-97,0029600049,330,Danny Manning,RESOLVED
1996-97,0029600049,170,Joe Kleine,RESOLVED
1996-97,0029600049,445,Wesley Person,RESOLVED
1996-97,0029600049,208,Sam Cassell,RESOLVED
1996-97,0029600049,714,Michael Finley,RESOLVED
1996-97,0029600049,364,Rex Chapman,RESOLVED
1996-97,0029600049,920,A.C. Green,RESOLVED
1996-97,0029600049,47,Wayman Tisdale,RESOLVED
1996-97,0029600049,959,Steve Nash,RESOLVED
1996-97,0029600049,359,Chucky Brown,RESOLVED
1996-97,0029600049,989,Ben Davis,RESOLVED
1996-97,0029600049,1318,,RESOLVED
1996-97,0029600049,2625,,RESOLVED
1996-97,0029600049,1314,,RESOLVED
1996-97,0029600049,1316,,RESOLVED
1996-97,0029600049,862,,RESOLVED
1996-97,0029600049,1317,,RESOLVED
1996-97,0029600049,863,,RESOLVED
1996-97,0029600049,96,Detlef Schrempf,RESOLVED
1996-97,0029600049,431,Shawn Kemp,RESOLVED
1996-97,0029600049,29,Jim McIlvaine,RESOLVED
1996-97,0029600049,765,Hersey Hawkins,RESOLVED
1996-97,0029600049,56,Gary Payton,RESOLVED
1996-97,0029600049,203,Nate McMillan,RESOLVED
1996-97,0029600049,64,Sam Perkins,RESOLVED
1996-97,0029600049,378,Craig Ehlo,RESOLVED
1996-97,0029600049,879,,RESOLVED
1996-97,0029600049,1334,,RESOLVED
1996-97,0029600049,880,,RESOLVED
1996-97,0029600049,1337,,RESOLVED
1996-97,0029600049,1335,,RESOLVED
1996-97,0029600049,1338,,RESOLVED
1996-97,0029600049,1011,,RESOLVED
1996-97,0029600049,1339,,RESOLVED
1996-97,0029600049,1336,,RESOLVED
1996-97,0029600049,727,Eric Snow,RESOLVED
1996-97,0029600049,771,Elmore Spencer,RESOLVED
1996-97,0029600049,1125,Larry Stewart,RESOLVED
1996-97,0029600049,766,David Wingate,RESOLVED
2023-24,0022300061,1629008,Michael Porter Jr.,RESOLVED
2023-24,0022300061,203932,Aaron Gordon,RESOLVED
2023-24,0022300061,203999,Nikola Jokic,RESOLVED
2023-24,0022300061,203484,Kentavious Caldwell-Pope,RESOLVED
2023-24,0022300061,1627750,Jamal Murray,RESOLVED
2023-24,0022300061,202704,Reggie Jackson,RESOLVED
2023-24,0022300061,1631128,Christian Braun,RESOLVED
2023-24,0022300061,1631212,Peyton Watson,RESOLVED
2023-24,0022300061,1630192,Zeke Nnaji,RESOLVED
2023-24,0022300061,1630296,Braxton Key,RESOLVED
2023-24,0022300061,1631221,Collin Gillespie,RESOLVED
2023-24,0022300061,1629618,Jalen Pickett,RESOLVED
2023-24,0022300061,203200,Justin Holiday,RESOLVED
2023-24,0022300061,201599,DeAndre Jordan,RESOLVED
2023-24,0022300061,1631124,Julian Strawther,RESOLVED
2023-24,0022300061,1628427,Vlatko Cancar,RESOLVED
2023-24,0022300061,1630643,Jay Huff,RESOLVED
2023-24,0022300061,1641816,Hunter Tyson,RESOLVED
2023-24,0022300061,1627752,Taurean Prince,RESOLVED
2023-24,0022300061,2544,LeBron James,RESOLVED
2023-24,0022300061,203076,Anthony Davis,RESOLVED
2023-24,0022300061,1630559,Austin Reaves,RESOLVED
2023-24,0022300061,1626156,D'Angelo Russell,RESOLVED
2023-24,0022300061,1629216,Gabe Vincent,RESOLVED
2023-24,0022300061,1629060,Rui Hachimura,RESOLVED
2023-24,0022300061,1629629,Cam Reddish,RESOLVED
2023-24,0022300061,1629637,Jaxson Hayes,RESOLVED
2023-24,0022300061,1626174,Christian Wood,RESOLVED
2023-24,0022300061,1631108,Max Christie,RESOLVED
2023-24,0022300061,1641721,Maxwell Lewis,RESOLVED
2023-24,0022300061,1630658,Colin Castleton,RESOLVED
2023-24,0022300061,1641788,Alex Fudge,RESOLVED
2023-24,0022300061,1641793,D'Moi Hodge,RESOLVED
2023-24,0022300061,1641720,Jalen Hood-Schifino,RESOLVED
2023-24,0022300061,1629020,Jarred Vanderbilt,RESOLVED
2023-24,0022300062,202691,Klay Thompson,RESOLVED
2023-24,0022300062,203952,Andrew Wiggins,RESOLVED
2023-24,0022300062,1626172,Kevon Looney,RESOLVED
2023-24,0022300062,101108,Chris Paul,RESOLVED
2023-24,0022300062,201939,Stephen Curry,RESOLVED
2023-24,0022300062,1630228,Jonathan Kuminga,RESOLVED
2023-24,0022300062,1627780,Gary Payton II,RESOLVED
2023-24,0022300062,1630541,Moses Moody,RESOLVED
2023-24,0022300062,203967,Dario Saric,RESOLVED
2023-24,0022300062,202709,Cory Joseph,RESOLVED
2023-24,0022300062,1631218,Trayce Jackson-Davis,RESOLVED
2023-24,0022300062,1641764,Brandin Podziemski,RESOLVED
2023-24,0022300062,1630586,Usman Garuba,RESOLVED
2023-24,0022300062,203110,Draymond Green,RESOLVED
2023-24,0022300062,1631311,Lester Quinones,RESOLVED
2023-24,0022300062,1629010,Jerome Robinson,RESOLVED
2023-24,0022300062,1629006,Josh Okogie,RESOLVED
2023-24,0022300062,201142,Kevin Durant,RESOLVED
2023-24,0022300062,203994,Jusuf Nurkic,RESOLVED
2023-24,0022300062,1628960,Grayson Allen,RESOLVED
2023-24,0022300062,1626164,Devin Booker,RESOLVED
2023-24,0022300062,201569,Eric Gordon,RESOLVED
2023-24,0022300062,1629234,Drew Eubanks,RESOLVED
2023-24,0022300062,1629139,Yuta Watanabe,RESOLVED
2023-24,0022300062,1630692,Jordan Goodwin,RESOLVED
2023-24,0022300062,1629642,Nassir Little,RESOLVED
2023-24,0022300062,1628962,Udoka Azubuike,RESOLVED
2023-24,0022300062,1628966,Keita Bates-Diop,RESOLVED
2023-24,0022300062,1629626,Bol Bol,RESOLVED
2023-24,0022300062,1630240,Saben Lee,RESOLVED
2023-24,0022300062,1629002,Chimezie Metu,RESOLVED
2023-24,0022300062,203078,Bradley Beal,RESOLVED
2023-24,0022300062,1627814,Damion Lee,RESOLVED
2023-24,0022300068,202710,Jimmy Butler,RESOLVED
2023-24,0022300068,201567,Kevin Love,RESOLVED
2023-24,0022300068,1628389,Bam Adebayo,RESOLVED
2023-24,0022300068,1629639,Tyler Herro,RESOLVED
2023-24,0022300068,200768,Kyle Lowry,RESOLVED
2023-24,0022300068,1628997,Caleb Martin,RESOLVED
2023-24,0022300068,1631170,Jaime Jaquez Jr.,RESOLVED
2023-24,0022300068,1628418,Thomas Bryant,RESOLVED
2023-24,0022300068,1629130,Duncan Robinson,RESOLVED
2023-24,0022300068,1630696,Dru Smith,RESOLVED
2023-24,0022300068,1631288,Jamal Cain,RESOLVED
2023-24,0022300068,1630181,RJ Hampton,RESOLVED
2023-24,0022300068,1631107,Nikola Jovic,RESOLVED
2023-24,0022300068,1631115,Orlando Robinson,RESOLVED
2023-24,0022300068,1629312,Haywood Highsmith,RESOLVED
2023-24,0022300068,1626196,Josh Richardson,RESOLVED
2023-24,0022300068,1631306,Cole Swider,RESOLVED
2023-24,0022300068,1641709,Ausar Thompson,RESOLVED
2023-24,0022300068,1630191,Isaiah Stewart,RESOLVED
2023-24,0022300068,1631105,Jalen Duren,RESOLVED
2023-24,0022300068,1630165,Killian Hayes,RESOLVED
2023-24,0022300068,1630595,Cade Cunningham,RESOLVED
2023-24,0022300068,1628963,Marvin Bagley III,RESOLVED
2023-24,0022300068,1631093,Jaden Ivey,RESOLVED
2023-24,0022300068,202692,Alec Burks,RESOLVED
2023-24,0022300068,1631204,Marcus Sasser,RESOLVED
2023-24,0022300068,203925,Joe Harris,RESOLVED
2023-24,0022300068,1630608,Malcolm Cazalon,RESOLVED
2023-24,0022300068,1631197,Jared Rhoden,RESOLVED
2023-24,0022300068,1630649,Stanley Umude,RESOLVED
2023-24,0022300068,1630164,James Wiseman,RESOLVED
2023-24,0022300068,202711,Bojan Bogdanovic,RESOLVED
2023-24,0022300068,1630587,Isaiah Livers,RESOLVED
2023-24,0022300068,1628420,Monte Morris,RESOLVED
2023-24,0022300069,1628384,O.G. Anunoby,RESOLVED
2023-24,0022300069,1627783,Pascal Siakam,RESOLVED
2023-24,0022300069,1627751,Jakob Poeltl,RESOLVED
2023-24,0022300069,1630567,Scottie Barnes,RESOLVED
2023-24,0022300069,203471,Dennis Schroder,RESOLVED
2023-24,0022300069,1629018,Gary Trent Jr.,RESOLVED
2023-24,0022300069,1630173,Precious Achiuwa,RESOLVED
2023-24,0022300069,1629667,Jalen McDaniels,RESOLVED
2023-24,0022300069,1630201,Malachi Flynn,RESOLVED
2023-24,0022300069,1641711,Gradey Dick,RESOLVED
2023-24,0022300069,1628449,Chris Boucher,RESOLVED
2023-24,0022300069,203490,Otto Porter Jr.,RESOLVED
2023-24,0022300069,202066,Garrett Temple,RESOLVED
2023-24,0022300069,201152,Thaddeus Young,RESOLVED
2023-24,0022300069,1631241,Javon Freeman-Liberty,RESOLVED
2023-24,0022300069,1631199,Ron Harper Jr.,RESOLVED
2023-24,0022300069,1631132,Christian Koloko,RESOLVED
2023-24,0022300069,1641806,Markquis Nowell,RESOLVED
2023-24,0022300069,1629638,Nickeil Alexander-Walker,RESOLVED
2023-24,0022300069,1626157,Karl-Anthony Towns,RESOLVED
2023-24,0022300069,203497,Rudy Gobert,RESOLVED
2023-24,0022300069,1630162,Anthony Edwards,RESOLVED
2023-24,0022300069,201144,Mike Conley,RESOLVED
2023-24,0022300069,203937,Kyle Anderson,RESOLVED
2023-24,0022300069,1629003,Shake Milton,RESOLVED
2023-24,0022300069,1629675,Naz Reid,RESOLVED
2023-24,0022300069,1628972,Troy Brown Jr.,RESOLVED
2023-24,0022300069,1630568,Luka Garza,RESOLVED
2023-24,0022300069,1629162,Jordan McLaughlin,RESOLVED
2023-24,0022300069,1631159,Leonard Miller,RESOLVED
2023-24,0022300069,1631169,Josh Minott,RESOLVED
2023-24,0022300069,1631111,Wendell Moore Jr.,RESOLVED
2023-24,0022300069,1630227,Daishen Nix,RESOLVED
2023-24,0022300069,1641740,Jaylen Clark,RESOLVED
2023-24,0022300069,1630183,Jaden McDaniels,RESOLVED
2023-24,0022300067,1628969,Mikal Bridges,RESOLVED
2023-24,0022300067,1629661,Cameron Johnson,RESOLVED
2023-24,0022300067,1629651,Nic Claxton,RESOLVED
2023-24,0022300067,203915,Spencer Dinwiddie,RESOLVED
2023-24,0022300067,1627732,Ben Simmons,RESOLVED
2023-24,0022300067,1630560,Cam Thomas,RESOLVED
2023-24,0022300067,1630549,Day'Ron Sharpe,RESOLVED
2023-24,0022300067,1627827,Dorian Finney-Smith,RESOLVED
2023-24,0022300067,1626220,Royce O'Neale,RESOLVED
2023-24,0022300067,1628372,Dennis Smith Jr.,RESOLVED
2023-24,0022300067,1641730,Noah Clowney,RESOLVED
2023-24,0022300067,1628385,Harry Giles III,RESOLVED
2023-24,0022300067,1629022,Lonnie Walker IV,RESOLVED
2023-24,0022300067,1630570,Trendon Watford,RESOLVED
2023-24,0022300067,1629717,Armoni Brooks,RESOLVED
2023-24,0022300067,1641727,Dariq Whitehead,RESOLVED
2023-24,0022300067,1630592,Jalen Wilson,RESOLVED
2023-24,0022300067,1629622,Max Strus,RESOLVED
2023-24,0022300067,1630171,Isaac Okoro,RESOLVED
2023-24,0022300067,1630596,Evan Mobley,RESOLVED
2023-24,0022300067,1628378,Donovan Mitchell,RESOLVED
2023-24,0022300067,1629636,Darius Garland,RESOLVED
2023-24,0022300067,1627747,Caris LeVert,RESOLVED
2023-24,0022300067,1629660,Ty Jerome,RESOLVED
2023-24,0022300067,1627777,Georges Niang,RESOLVED
2023-24,0022300067,1627745,Damian Jones,RESOLVED
2023-24,0022300067,1641734,Emoni Bates,RESOLVED
2023-24,0022300067,1630241,Sam Merrill,RESOLVED
2023-24,0022300067,1630600,Isaiah Mobley,RESOLVED
2023-24,0022300067,202684,Tristan Thompson,RESOLVED
2023-24,0022300067,1628386,Jarrett Allen,RESOLVED
2023-24,0022300067,1641854,Craig Porter,RESOLVED
2023-24,0022300067,201937,Ricky Rubio,RESOLVED
2023-24,0022300067,1629731,Dean Wade,RESOLVED
2023-24,0022300065,1629628,RJ Barrett,RESOLVED
2023-24,0022300065,203944,Julius Randle,RESOLVED
2023-24,0022300065,1629011,Mitchell Robinson,RESOLVED
2023-24,0022300065,1628973,Jalen Brunson,RESOLVED
2023-24,0022300065,1629656,Quentin Grimes,RESOLVED
2023-24,0022300065,1628404,Josh Hart,RESOLVED
2023-24,0022300065,1630193,Immanuel Quickley,RESOLVED
2023-24,0022300065,1628978,Donte DiVincenzo,RESOLVED
2023-24,0022300065,1628392,Isaiah Hartenstein,RESOLVED
2023-24,0022300065,1627853,Ryan Arcidiacono,RESOLVED
2023-24,0022300065,203095,Evan Fournier,RESOLVED
2023-24,0022300065,1629610,DaQuan Jeffries,RESOLVED
2023-24,0022300065,1630540,Miles McBride,RESOLVED
2023-24,0022300065,1630579,Jericho Sims,RESOLVED
2023-24,0022300065,1629685,Dylan Windler,RESOLVED
2023-24,0022300065,1629718,Charlie Brown Jr.,RESOLVED
2023-24,0022300065,1631210,Jacob Toppin,RESOLVED
2023-24,0022300065,1630613,Duane Washington Jr.,RESOLVED
2023-24,0022300065,1627759,Jaylen Brown,RESOLVED
2023-24,0022300065,1628369,Jayson Tatum,RESOLVED
2023-24,0022300065,204001,Kristaps Porzingis,RESOLVED
2023-24,0022300065,201950,Jrue Holiday,RESOLVED
2023-24,0022300065,1628401,Derrick White,RESOLVED
2023-24,0022300065,201143,Al Horford,RESOLVED
2023-24,0022300065,1630573,Sam Hauser,RESOLVED
2023-24,0022300065,1630202,Payton Pritchard,RESOLVED
2023-24,0022300065,1628436,Luke Kornet,RESOLVED
2023-24,0022300065,1630625,Dalano Banton,RESOLVED
2023-24,0022300065,1629052,Oshae Brissett,RESOLVED
2023-24,0022300065,1629004,Svi Mykhailiuk,RESOLVED
2023-24,0022300065,1629674,Neemias Queta,RESOLVED
2023-24,0022300065,1630205,Lamar Stevens,RESOLVED
2023-24,0022300065,1641775,Jordan Walsh,RESOLVED
2023-24,0022300065,1631120,JD Davison,RESOLVED
2023-24,0022300065,1630233,Nathan Knight,RESOLVED
2023-24,0022300066,1630532,Franz Wagner,RESOLVED
2023-24,0022300066,1631094,Paolo Banchero,RESOLVED
2023-24,0022300066,1628976,Wendell Carter Jr.,RESOLVED
2023-24,0022300066,1630591,Jalen Suggs,RESOLVED
2023-24,0022300066,1628365,Markelle Fultz,RESOLVED
2023-24,0022300066,1630175,Cole Anthony,RESOLVED
2023-24,0022300066,204060,Joe Ingles,RESOLVED
2023-24,0022300066,203914,Gary Harris,RESOLVED
2023-24,0022300066,1629021,Moritz Wagner,RESOLVED
2023-24,0022300066,1628371,Jonathan Isaac,RESOLVED
2023-24,0022300066,1641710,Anthony Black,RESOLVED
2023-24,0022300066,1631216,Caleb Houstan,RESOLVED
2023-24,0022300066,1629643,Chuma Okeke,RESOLVED
2023-24,0022300066,1641724,Jett Howard,RESOLVED
2023-24,0022300066,1629048,Goga Bitadze,RESOLVED
2023-24,0022300066,1630284,Kevon Harris,RESOLVED
2023-24,0022300066,1630243,Trevelin Queen,RESOLVED
2023-24,0022300066,1629678,Admiral Schofield,RESOLVED
2023-24,0022300066,1628415,Dillon Brooks,RESOLVED
2023-24,0022300066,1631095,Jabari Smith Jr.,RESOLVED
2023-24,0022300066,1630578,Alperen Sengun,RESOLVED
2023-24,0022300066,1630224,Jalen Green,RESOLVED
2023-24,0022300066,1627832,Fred VanVleet,RESOLVED
2023-24,0022300066,1641708,Amen Thompson,RESOLVED
2023-24,0022300066,1629111,Jock Landale,RESOLVED
2023-24,0022300066,1630256,Jae'Sean Tate,RESOLVED
2023-24,0022300066,201145,Jeff Green,RESOLVED
2023-24,0022300066,203493,Reggie Bullock Jr.,RESOLVED
2023-24,0022300066,1641715,Cam Whitmore,RESOLVED
2023-24,0022300066,1631257,Jermaine Samuels Jr.,RESOLVED
2023-24,0022300066,1628988,Aaron Holiday,RESOLVED
2023-24,0022300066,1631466,Nate Williams,RESOLVED
2023-24,0022300066,1626246,Boban Marjanovic,RESOLVED
2023-24,0022300066,1631106,Tari Eason,RESOLVED
2023-24,0022300066,1630207,Nate Hinton,RESOLVED
2023-24,0022300066,203506,Victor Oladipo,RESOLVED
2023-24,0022300064,1631097,Bennedict Mathurin,RESOLVED
2023-24,0022300064,1630167,Obi Toppin,RESOLVED
2023-24,0022300064,1626167,Myles Turner,RESOLVED
2023-24,0022300064,1628971,Bruce Brown,RESOLVED
2023-24,0022300064,1630169,Tyrese Haliburton,RESOLVED
2023-24,0022300064,1629614,Andrew Nembhard,RESOLVED
2023-24,0022300064,1627741,Buddy Hield,RESOLVED
2023-24,0022300064,1630188,Jalen Smith,RESOLVED
2023-24,0022300064,1630174,Aaron Nesmith,RESOLVED
2023-24,0022300064,1630543,Isaiah Jackson,RESOLVED
2023-24,0022300064,204456,T.J. McConnell,RESOLVED
2023-24,0022300064,1641716,Jarace Walker,RESOLVED
2023-24,0022300064,1629670,Jordan Nwora,RESOLVED
2023-24,0022300064,1641767,Ben Sheppard,RESOLVED
2023-24,0022300064,1628464,Daniel Theis,RESOLVED
2023-24,0022300064,1631112,Kendall Brown,RESOLVED
2023-24,0022300064,1631131,Oscar Tshiebwe,RESOLVED
2023-24,0022300064,1631209,Isaiah Wong,RESOLVED
2023-24,0022300064,1628398,Kyle Kuzma,RESOLVED
2023-24,0022300064,1630166,Deni Avdija,RESOLVED
2023-24,0022300064,1629655,Daniel Gafford,RESOLVED
2023-24,0022300064,1629673,Jordan Poole,RESOLVED
2023-24,0022300064,1626145,Tyus Jones,RESOLVED
2023-24,0022300064,1626153,Delon Wright,RESOLVED
2023-24,0022300064,1630557,Corey Kispert,RESOLVED
2023-24,0022300064,201568,Danilo Gallinari,RESOLVED
2023-24,0022300064,1641731,Bilal Coulibaly,RESOLVED
2023-24,0022300064,203488,Mike Muscala,RESOLVED
2023-24,0022300064,1630647,Eugene Omoruyi,RESOLVED
2023-24,0022300064,1631157,Ryan Rollins,RESOLVED
2023-24,0022300064,1630215,Jared Butler,RESOLVED
2023-24,0022300064,1631116,Patrick Baldwin Jr.,RESOLVED
2023-24,0022300064,1631219,John Butler Jr.,RESOLVED
2023-24,0022300064,1631098,Johnny Davis,RESOLVED
2023-24,0022300064,1630264,Anthony Gill,RESOLVED
2023-24,0022300064,1629013,Landry Shamet,RESOLVED
2023-24,0022300074,203496,Robert Covington,RESOLVED
2023-24,0022300074,202695,Kawhi Leonard,RESOLVED
2023-24,0022300074,1627826,Ivica Zubac,RESOLVED
2023-24,0022300074,202331,Paul George,RESOLVED
2023-24,0022300074,201566,Russell Westbrook,RESOLVED
2023-24,0022300074,1630538,Bones Hyland,RESOLVED
2023-24,0022300074,1626181,Norman Powell,RESOLVED
2023-24,0022300074,203486,Mason Plumlee,RESOLVED
2023-24,0022300074,1630231,Kenyon Martin Jr.,RESOLVED
2023-24,0022300074,201587,Nicolas Batum,RESOLVED
2023-24,0022300074,1641738,Kobe Brown,RESOLVED
2023-24,0022300074,1631217,Moussa Diabate,RESOLVED
2023-24,0022300074,1629599,Amir Coffey,RESOLVED
2023-24,0022300074,1641757,Jordan Miller,RESOLVED
2023-24,0022300074,1630527,Brandon Boston Jr.,RESOLVED
2023-24,0022300074,1629611,Terance Mann,RESOLVED
2023-24,0022300074,202694,Marcus Morris Sr.,RESOLVED
2023-24,0022300074,1630563,Joshua Primo,RESOLVED
2023-24,0022300074,1629680,Matisse Thybulle,RESOLVED
2023-24,0022300074,203924,Jerami Grant,RESOLVED
2023-24,0022300074,1629028,Deandre Ayton,RESOLVED
2023-24,0022300074,1629014,Anfernee Simons,RESOLVED
2023-24,0022300074,1630703,Scoot Henderson,RESOLVED
2023-24,0022300074,1629057,Robert Williams III,RESOLVED
2023-24,0022300074,1631101,Shaedon Sharpe,RESOLVED
2023-24,0022300074,1627763,Malcolm Brogdon,RESOLVED
2023-24,0022300074,1641739,Toumani Camara,RESOLVED
2023-24,0022300074,1631133,Jabari Walker,RESOLVED
2023-24,0022300074,1631200,Kris Murray,RESOLVED
2023-24,0022300074,1641712,Rayan Rupert,RESOLVED
2023-24,0022300074,1629650,Moses Brown,RESOLVED
2023-24,0022300074,1630219,Skylar Mays,RESOLVED
2023-24,0022300074,1631303,Justin Minaya,RESOLVED
2023-24,0022300074,1641871,Duop Reath,RESOLVED
2023-24,0022300074,1630688,Ish Wainright,RESOLVED
2023-24,0022300072,1628374,Lauri Markkanen,RESOLVED
2023-24,0022300072,1628381,John Collins,RESOLVED
2023-24,0022300072,1631117,Walker Kessler,RESOLVED
2023-24,0022300072,203903,Jordan Clarkson,RESOLVED
2023-24,0022300072,1629659,Talen Horton-Tucker,RESOLVED
2023-24,0022300072,203482,Kelly Olynyk,RESOLVED
2023-24,0022300072,1629012,Collin Sexton,RESOLVED
2023-24,0022300072,1627739,Kris Dunn,RESOLVED
2023-24,0022300072,1630534,Ochai Agbaji,RESOLVED
2023-24,0022300072,1641718,Keyonte George,RESOLVED
2023-24,0022300072,1641707,Taylor Hendricks,RESOLVED
2023-24,0022300072,1641729,Brice Sensabaugh,RESOLVED
2023-24,0022300072,1631323,Simone Fontecchio,RESOLVED
2023-24,0022300072,1629677,Luka Samanic,RESOLVED
2023-24,0022300072,1630209,Omer Yurtseven,RESOLVED
2023-24,0022300072,1630528,Josh Christopher,RESOLVED
2023-24,0022300072,1630548,Johnny Juzang,RESOLVED
2023-24,0022300072,1630695,Micah Potter,RESOLVED
2023-24,0022300072,203084,Harrison Barnes,RESOLVED
2023-24,0022300072,1631099,Keegan Murray,RESOLVED
2023-24,0022300072,1627734,Domantas Sabonis,RESOLVED
2023-24,0022300072,1628989,Kevin Huerter,RESOLVED
2023-24,0022300072,1628368,De'Aaron Fox,RESOLVED
2023-24,0022300072,1630558,Davion Mitchell,RESOLVED
2023-24,0022300072,1628370,Malik Monk,RESOLVED
2023-24,0022300072,1628426,Sasha Vezenkov,RESOLVED
2023-24,0022300072,201580,JaVale McGee,RESOLVED
2023-24,0022300072,1630537,Chris Duarte,RESOLVED
2023-24,0022300072,203458,Alex Len,RESOLVED
2023-24,0022300072,1630556,Kessler Edwards,RESOLVED
2023-24,0022300072,1641732,Colby Jones,RESOLVED
2023-24,0022300072,1631165,Keon Ellis,RESOLVED
2023-24,0022300072,1630259,Jordan Ford,RESOLVED
2023-24,0022300072,1626168,Trey Lyles,RESOLVED
2023-24,0022300072,1641771,Jalen Slawson,RESOLVED
2023-24,0022300073,1629640,Keldon Johnson,RESOLVED
2023-24,0022300073,1641705,Victor Wembanyama,RESOLVED
2023-24,0022300073,1628380,Zach Collins,RESOLVED
2023-24,0022300073,1630170,Devin Vassell,RESOLVED
2023-24,0022300073,1631110,Jeremy Sochan,RESOLVED
2023-24,0022300073,1626224,Cedi Osman,RESOLVED
2023-24,0022300073,1629646,Charles Bassey,RESOLVED
2023-24,0022300073,1630200,Tre Jones,RESOLVED
2023-24,0022300073,1631103,Malaki Branham,RESOLVED
2023-24,0022300073,203926,Doug McDermott,RESOLVED
2023-24,0022300073,1631230,Dominick Barlow,RESOLVED
2023-24,0022300073,1630577,Julian Champagnie,RESOLVED
2023-24,0022300073,1628984,Devonte' Graham,RESOLVED
2023-24,0022300073,1630572,Sandro Mamukelashvili,RESOLVED
2023-24,0022300073,1631104,Blake Wesley,RESOLVED
2023-24,0022300073,1641777,Charles Bediako,RESOLVED
2023-24,0022300073,1631321,Sidy Cissoko,RESOLVED
2023-24,0022300073,1641811,Sir'Jabari Rice,RESOLVED
2023-24,0022300073,1627884,Derrick Jones Jr.,RESOLVED
2023-24,0022300073,1629684,Grant Williams,RESOLVED
2023-24,0022300073,1628467,Maxi Kleber,RESOLVED
2023-24,0022300073,1629029,Luka Doncic,RESOLVED
2023-24,0022300073,202681,Kyrie Irving,RESOLVED
2023-24,0022300073,203501,Tim Hardaway Jr.,RESOLVED
2023-24,0022300073,1641726,Dereck Lively II,RESOLVED
2023-24,0022300073,1630182,Josh Green,RESOLVED
2023-24,0022300073,203957,Dante Exum,RESOLVED
2023-24,0022300073,203552,Seth Curry,RESOLVED
2023-24,0022300073,1630702,Jaden Hardy,RESOLVED
2023-24,0022300073,1626158,Richaun Holmes,RESOLVED
2023-24,0022300073,202693,Markieff Morris,RESOLVED
2023-24,0022300073,203939,Dwight Powell,RESOLVED
2023-24,0022300073,1641765,Olivier-Maxence Prosper,RESOLVED
2023-24,0022300073,1630535,Greg Brown III,RESOLVED
2023-24,0022300073,1641926,Dexter Dennis,RESOLVED
2023-24,0022300073,1630639,A.J. Lawson,RESOLVED
2023-24,0022300063,202330,Gordon Hayward,RESOLVED
2023-24,0022300063,1629023,P.J. Washington,RESOLVED
2023-24,0022300063,1631109,Mark Williams,RESOLVED
2023-24,0022300063,1626179,Terry Rozier,RESOLVED
2023-24,0022300063,1630163,LaMelo Ball,RESOLVED
2023-24,0022300063,1641706,Brandon Miller,RESOLVED
2023-24,0022300063,1630550,JT Thor,RESOLVED
2023-24,0022300063,1630208,Nick Richards,RESOLVED
2023-24,0022300063,1630177,Theo Maledon,RESOLVED
2023-24,0022300063,1641733,Nick Smith Jr.,RESOLVED
2023-24,0022300063,1641735,Amari Bailey,RESOLVED
2023-24,0022300063,1641778,Leaky Black,RESOLVED
2023-24,0022300063,1630547,James Bouknight,RESOLVED
2023-24,0022300063,1628970,Miles Bridges,RESOLVED
2023-24,0022300063,1628998,Cody Martin,RESOLVED
2023-24,0022300063,1631121,Bryce McGowens,RESOLVED
2023-24,0022300063,1628373,Frank Ntilikina,RESOLVED
2023-24,0022300063,202397,Ish Smith,RESOLVED
2023-24,0022300063,1629631,De'Andre Hunter,RESOLVED
2023-24,0022300063,1630180,Saddiq Bey,RESOLVED
2023-24,0022300063,203991,Clint Capela,RESOLVED
2023-24,0022300063,1627749,Dejounte Murray,RESOLVED
2023-24,0022300063,1629027,Trae Young,RESOLVED
2023-24,0022300063,1630552,Jalen Johnson,RESOLVED
2023-24,0022300063,203992,Bogdan Bogdanovic,RESOLVED
2023-24,0022300063,1631100,AJ Griffin,RESOLVED
2023-24,0022300063,1630168,Onyeka Okongwu,RESOLVED
2023-24,0022300063,1641723,Kobe Bufkin,RESOLVED
2023-24,0022300063,1628981,Bruno Fernando,RESOLVED
2023-24,0022300063,1630235,Trent Forrest,RESOLVED
2023-24,0022300063,1631243,Mouhamed Gueye,RESOLVED
2023-24,0022300063,1629726,Garrison Mathews,RESOLVED
2023-24,0022300063,201988,Patty Mills,RESOLVED
2023-24,0022300063,1641754,Seth Lundy,RESOLVED
2023-24,0022300063,202083,Wesley Matthews,RESOLVED
2023-24,0022300063,1641936,Miles Norris,RESOLVED
2023-24,0022300071,1630533,Ziaire Williams,RESOLVED
2023-24,0022300071,1628991,Jaren Jackson Jr.,RESOLVED
2023-24,0022300071,1630214,Xavier Tillman,RESOLVED
2023-24,0022300071,1630217,Desmond Bane,RESOLVED
2023-24,0022300071,203935,Marcus Smart,RESOLVED
2023-24,0022300071,1631223,David Roddy,RESOLVED
2023-24,0022300071,1628379,Luke Kennard,RESOLVED
2023-24,0022300071,1631222,Jake LaRavia,RESOLVED
2023-24,0022300071,201565,Derrick Rose,RESOLVED
2023-24,0022300071,1631367,Jacob Gilyard,RESOLVED
2023-24,0022300071,1641713,GG Jackson,RESOLVED
2023-24,0022300071,1629723,John Konchar,RESOLVED
2023-24,0022300071,1631254,Kenneth Lofton Jr.,RESOLVED
2023-24,0022300071,1629630,Ja Morant,RESOLVED
2023-24,0022300071,1631246,Vince Williams Jr.,RESOLVED
2023-24,0022300071,203500,Steven Adams,RESOLVED
2023-24,0022300071,1630583,Santi Aldama,RESOLVED
2023-24,0022300071,1629634,Brandon Clarke,RESOLVED
2023-24,0022300071,1627742,Brandon Ingram,RESOLVED
2023-24,0022300071,1629627,Zion Williamson,RESOLVED
2023-24,0022300071,202685,Jonas Valanciunas,RESOLVED
2023-24,0022300071,1630529,Herbert Jones,RESOLVED
2023-24,0022300071,203468,CJ McCollum,RESOLVED
2023-24,0022300071,1630700,Dyson Daniels,RESOLVED
2023-24,0022300071,1630184,Kira Lewis Jr.,RESOLVED
2023-24,0022300071,1626204,Larry Nance Jr.,RESOLVED
2023-24,0022300071,1641722,Jordan Hawkins,RESOLVED
2023-24,0022300071,1630346,Matt Ryan,RESOLVED
2023-24,0022300071,1629232,Kaiser Gates,RESOLVED
2023-24,0022300071,1630604,E.J. Liddell,RESOLVED
2023-24,0022300071,203469,Cody Zeller,RESOLVED
2023-24,0022300071,1630631,Jose Alvarado,RESOLVED
2023-24,0022300071,1630230,Naji Marshall,RESOLVED
2023-24,0022300071,1630530,Trey Murphy III,RESOLVED
2023-24,0022300071,1631220,Dereon Seabron,RESOLVED
2023-24,0022300070,201942,DeMar DeRozan,RESOLVED
2023-24,0022300070,1630172,Patrick Williams,RESOLVED
2023-24,0022300070,202696,Nikola Vucevic,RESOLVED
2023-24,0022300070,203897,Zach LaVine,RESOLVED
2023-24,0022300070,1629632,Coby White,RESOLVED
2023-24,0022300070,1628975,Jevon Carter,RESOLVED
2023-24,0022300070,1627936,Alex Caruso,RESOLVED
2023-24,0022300070,1628470,Torrey Craig,RESOLVED
2023-24,0022300070,203083,Andre Drummond,RESOLVED
2023-24,0022300070,1630245,Ayo Dosunmu,RESOLVED
2023-24,0022300070,1641763,Julian Phillips,RESOLVED
2023-24,0022300070,1631207,Dalen Terry,RESOLVED
2023-24,0022300070,1630678,Terry Taylor,RESOLVED
2023-24,0022300070,1628366,Lonzo Ball,RESOLVED
2023-24,0022300070,1641931,Onuralp Bitim,RESOLVED
2023-24,0022300070,1631171,Justin Lewis,RESOLVED
2023-24,0022300070,1641766,Adama Sanogo,RESOLVED
2023-24,0022300070,1629652,Luguentz Dort,RESOLVED
2023-24,0022300070,1631114,Jalen Williams,RESOLVED
2023-24,0022300070,1631096,Chet Holmgren,RESOLVED
2023-24,0022300070,1630581,Josh Giddey,RESOLVED
2023-24,0022300070,1628983,Shai Gilgeous-Alexander,RESOLVED
2023-24,0022300070,1631172,Ousmane Dieng,RESOLVED
2023-24,0022300070,1630598,Aaron Wiggins,RESOLVED
2023-24,0022300070,1630198,Isaiah Joe,RESOLVED
2023-24,0022300070,1630846,Olivier Sarr,RESOLVED
2023-24,0022300070,1641717,Cason Wallace,RESOLVED
2023-24,0022300070,1630322,Lindy Waters III,RESOLVED
2023-24,0022300070,1630197,Aleksej Pokusevski,RESOLVED
2023-24,0022300070,1630544,Tre Mann,RESOLVED
2023-24,0022300070,202722,Davis Bertans,RESOLVED
2023-24,0022300070,203995,Vasilije Micic,RESOLVED
2023-24,0022300070,1641749,Keyontae Johnson,RESOLVED
2023-24,0022300070,1631119,Jaylin Williams,RESOLVED
2023-24,0022300070,1629026,Kenrich Williams,RESOLVED
2023-24,0022300076,1627752,Taurean Prince,RESOLVED
2023-24,0022300076,2544,LeBron James,RESOLVED
2023-24,0022300076,203076,Anthony Davis,RESOLVED
2023-24,0022300076,1630559,Austin Reaves,RESOLVED
2023-24,0022300076,1626156,D'Angelo Russell,RESOLVED
2023-24,0022300076,1629216,Gabe Vincent,RESOLVED
2023-24,0022300076,1629060,Rui Hachimura,RESOLVED
2023-24,0022300076,1629629,Cam Reddish,RESOLVED
2023-24,0022300076,1629637,Jaxson Hayes,RESOLVED
2023-24,0022300076,1626174,Christian Wood,RESOLVED
2023-24,0022300076,1630658,Colin Castleton,RESOLVED
2023-24,0022300076,1631108,Max Christie,RESOLVED
2023-24,0022300076,1641793,D'Moi Hodge,RESOLVED
2023-24,0022300076,1641721,Maxwell Lewis,RESOLVED
2023-24,0022300076,1641788,Alex Fudge,RESOLVED
2023-24,0022300076,1641720,Jalen Hood-Schifino,RESOLVED
2023-24,0022300076,1629020,Jarred Vanderbilt,RESOLVED
2023-24,0022300076,1629006,Josh Okogie,RESOLVED
2023-24,0022300076,201142,Kevin Durant,RESOLVED
2023-24,0022300076,203994,Jusuf Nurkic,RESOLVED
2023-24,0022300076,1628960,Grayson Allen,RESOLVED
2023-24,0022300076,201569,Eric Gordon,RESOLVED
2023-24,0022300076,1630692,Jordan Goodwin,RESOLVED
2023-24,0022300076,1629234,Drew Eubanks,RESOLVED
2023-24,0022300076,1629139,Yuta Watanabe,RESOLVED
2023-24,0022300076,1629642,Nassir Little,RESOLVED
2023-24,0022300076,1628962,Udoka Azubuike,RESOLVED
2023-24,0022300076,1628966,Keita Bates-Diop,RESOLVED
2023-24,0022300076,1629626,Bol Bol,RESOLVED
2023-24,0022300076,1630240,Saben Lee,RESOLVED
2023-24,0022300076,1629002,Chimezie Metu,RESOLVED
2023-24,0022300076,203078,Bradley Beal,RESOLVED
2023-24,0022300076,1626164,Devin Booker,RESOLVED
2023-24,0022300076,1627814,Damion Lee,RESOLVED
2023-24,0022300075,203114,Khris Middleton,RESOLVED
2023-24,0022300075,203507,Giannis Antetokounmpo,RESOLVED
2023-24,0022300075,201572,Brook Lopez,RESOLVED
2023-24,0022300075,1627736,Malik Beasley,RESOLVED
2023-24,0022300075,203081,Damian Lillard,RESOLVED
2023-24,0022300075,203109,Jae Crowder,RESOLVED
2023-24,0022300075,1626192,Pat Connaughton,RESOLVED
2023-24,0022300075,1626171,Bobby Portis,RESOLVED
2023-24,0022300075,1626166,Cameron Payne,RESOLVED
2023-24,0022300075,1630699,MarJon Beauchamp,RESOLVED
2023-24,0022300075,203648,Thanasis Antetokounmpo,RESOLVED
2023-24,0022300075,1631260,AJ Green,RESOLVED
2023-24,0022300075,1641748,Andre Jackson Jr.,RESOLVED
2023-24,0022300075,1641753,Chris Livingston,RESOLVED
2023-24,0022300075,201577,Robin Lopez,RESOLVED
2023-24,0022300075,1629716,Marques Bolden,RESOLVED
2023-24,0022300075,1631102,TyTy Washington Jr.,RESOLVED
2023-24,0022300075,1629623,Lindell Wigginton,RESOLVED
2023-24,0022300075,202699,Tobias Harris,RESOLVED
2023-24,0022300075,200782,P.J. Tucker,RESOLVED
2023-24,0022300075,203954,Joel Embiid,RESOLVED
2023-24,0022300075,1629001,De'Anthony Melton,RESOLVED
2023-24,0022300075,1630178,Tyrese Maxey,RESOLVED
2023-24,0022300075,1626162,Kelly Oubre Jr.,RESOLVED
2023-24,0022300075,201980,Danny Green,RESOLVED
2023-24,0022300075,201976,Patrick Beverley,RESOLVED
2023-24,0022300075,1630194,Paul Reed,RESOLVED
2023-24,0022300075,1630531,Jaden Springer,RESOLVED
2023-24,0022300075,1628964,Mo Bamba,RESOLVED
2023-24,0022300075,1627863,Danuel House Jr.,RESOLVED
2023-24,0022300075,1627788,Furkan Korkmaz,RESOLVED
2023-24,0022300075,1630196,Filip Petrusev,RESOLVED
2023-24,0022300075,1641741,Ricky Council IV,RESOLVED
2023-24,0022300075,201935,James Harden,RESOLVED
2023-24,0022300075,1630606,Javonte Smart,RESOLVED
2023-24,0022300075,1631173,Terquavion Smith,RESOLVED
2023-24,0022300080,1627759,Jaylen Brown,RESOLVED
2023-24,0022300080,1628369,Jayson Tatum,RESOLVED
2023-24,0022300080,204001,Kristaps Porzingis,RESOLVED
2023-24,0022300080,1628401,Derrick White,RESOLVED
2023-24,0022300080,201950,Jrue Holiday,RESOLVED
2023-24,0022300080,1630573,Sam Hauser,RESOLVED
2023-24,0022300080,201143,Al Horford,RESOLVED
2023-24,0022300080,1629052,Oshae Brissett,RESOLVED
2023-24,0022300080,1630202,Payton Pritchard,RESOLVED
2023-24,0022300080,1630625,Dalano Banton,RESOLVED
2023-24,0022300080,1631120,JD Davison,RESOLVED
2023-24,0022300080,1628436,Luke Kornet,RESOLVED
2023-24,0022300080,1629004,Svi Mykhailiuk,RESOLVED
2023-24,0022300080,1630205,Lamar Stevens,RESOLVED
2023-24,0022300080,1641775,Jordan Walsh,RESOLVED
2023-24,0022300080,1630233,Nathan Knight,RESOLVED
2023-24,0022300080,1629674,Neemias Queta,RESOLVED
2023-24,0022300080,202710,Jimmy Butler,RESOLVED
2023-24,0022300080,201567,Kevin Love,RESOLVED
2023-24,0022300080,1628389,Bam Adebayo,RESOLVED
2023-24,0022300080,1629639,Tyler Herro,RESOLVED
2023-24,0022300080,200768,Kyle Lowry,RESOLVED
2023-24,0022300080,1630696,Dru Smith,RESOLVED
2023-24,0022300080,1629130,Duncan Robinson,RESOLVED
2023-24,0022300080,1628418,Thomas Bryant,RESOLVED
2023-24,0022300080,1631170,Jaime Jaquez Jr.,RESOLVED
2023-24,0022300080,1631288,Jamal Cain,RESOLVED
2023-24,0022300080,1630181,R.J. Hampton,RESOLVED
2023-24,0022300080,1631107,Nikola Jovic,RESOLVED
2023-24,0022300080,1628997,Caleb Martin,RESOLVED
2023-24,0022300080,1631115,Orlando Robinson,RESOLVED
2023-24,0022300080,1629312,Haywood Highsmith,RESOLVED
2023-24,0022300080,1626196,Josh Richardson,RESOLVED
2023-24,0022300080,1631306,Cole Swider,RESOLVED
2023-24,0022300084,1627884,Derrick Jones Jr.,RESOLVED
2023-24,0022300084,1629684,Grant Williams,RESOLVED
2023-24,0022300084,1641726,Dereck Lively II,RESOLVED
2023-24,0022300084,202681,Kyrie Irving,RESOLVED
2023-24,0022300084,1629029,Luka Doncic,RESOLVED
2023-24,0022300084,1630182,Josh Green,RESOLVED
2023-24,0022300084,203501,Tim Hardaway Jr.,RESOLVED
2023-24,0022300084,1628467,Maxi Kleber,RESOLVED
2023-24,0022300084,203957,Dante Exum,RESOLVED
2023-24,0022300084,203552,Seth Curry,RESOLVED
2023-24,0022300084,203939,Dwight Powell,RESOLVED
2023-24,0022300084,1630702,Jaden Hardy,RESOLVED
2023-24,0022300084,1626158,Richaun Holmes,RESOLVED
2023-24,0022300084,202693,Markieff Morris,RESOLVED
2023-24,0022300084,1641765,Olivier-Maxence Prosper,RESOLVED
2023-24,0022300084,1630535,Greg Brown III,RESOLVED
2023-24,0022300084,1641926,Dexter Dennis,RESOLVED
2023-24,0022300084,1630639,A.J. Lawson,RESOLVED
2023-24,0022300084,1630560,Cam Thomas,RESOLVED
2023-24,0022300084,1628969,Mikal Bridges,RESOLVED
2023-24,0022300084,1627827,Dorian Finney-Smith,RESOLVED
2023-24,0022300084,203915,Spencer Dinwiddie,RESOLVED
2023-24,0022300084,1627732,Ben Simmons,RESOLVED
2023-24,0022300084,1626220,Royce O'Neale,RESOLVED
2023-24,0022300084,1629022,Lonnie Walker IV,RESOLVED
2023-24,0022300084,1630549,Day'Ron Sharpe,RESOLVED
2023-24,0022300084,1628372,Dennis Smith Jr.,RESOLVED
2023-24,0022300084,1629717,Armoni Brooks,RESOLVED
2023-24,0022300084,1641730,Noah Clowney,RESOLVED
2023-24,0022300084,1628385,Harry Giles III,RESOLVED
2023-24,0022300084,1630570,Trendon Watford,RESOLVED
2023-24,0022300084,1630592,Jalen Wilson,RESOLVED
2023-24,0022300084,1629651,Nic Claxton,RESOLVED
2023-24,0022300084,1629661,Cameron Johnson,RESOLVED
2023-24,0022300084,1641727,Dariq Whitehead,RESOLVED
2023-24,0022300079,1629631,De'Andre Hunter,RESOLVED
2023-24,0022300079,1630180,Saddiq Bey,RESOLVED
2023-24,0022300079,203991,Clint Capela,RESOLVED
2023-24,0022300079,1627749,Dejounte Murray,RESOLVED
2023-24,0022300079,1629027,Trae Young,RESOLVED
2023-24,0022300079,203992,Bogdan Bogdanovic,RESOLVED
2023-24,0022300079,1630552,Jalen Johnson,RESOLVED
2023-24,0022300079,1631100,AJ Griffin,RESOLVED
2023-24,0022300079,1630168,Onyeka Okongwu,RESOLVED
2023-24,0022300079,1641723,Kobe Bufkin,RESOLVED
2023-24,0022300079,1628981,Bruno Fernando,RESOLVED
2023-24,0022300079,1630235,Trent Forrest,RESOLVED
2023-24,0022300079,1631243,Mouhamed Gueye,RESOLVED
2023-24,0022300079,1629726,Garrison Mathews,RESOLVED
2023-24,0022300079,201988,Patty Mills,RESOLVED
2023-24,0022300079,1641754,Seth Lundy,RESOLVED
2023-24,0022300079,202083,Wesley Matthews,RESOLVED
2023-24,0022300079,1641936,Miles Norris,RESOLVED
2023-24,0022300079,1629628,RJ Barrett,RESOLVED
2023-24,0022300079,203944,Julius Randle,RESOLVED
2023-24,0022300079,1629011,Mitchell Robinson,RESOLVED
2023-24,0022300079,1629656,Quentin Grimes,RESOLVED
2023-24,0022300079,1628973,Jalen Brunson,RESOLVED
2023-24,0022300079,1628404,Josh Hart,RESOLVED
2023-24,0022300079,1630193,Immanuel Quickley,RESOLVED
2023-24,0022300079,1628392,Isaiah Hartenstein,RESOLVED
2023-24,0022300079,1628978,Donte DiVincenzo,RESOLVED
2023-24,0022300079,1627853,Ryan Arcidiacono,RESOLVED
2023-24,0022300079,203095,Evan Fournier,RESOLVED
2023-24,0022300079,1629610,DaQuan Jeffries,RESOLVED
2023-24,0022300079,1630540,Miles McBride,RESOLVED
2023-24,0022300079,1630579,Jericho Sims,RESOLVED
2023-24,0022300079,1629685,Dylan Windler,RESOLVED
2023-24,0022300079,1629718,Charlie Brown Jr.,RESOLVED
2023-24,0022300079,1631210,Jacob Toppin,RESOLVED
2023-24,0022300079,1630613,Duane Washington Jr.,RESOLVED
2023-24,0022300086,1629680,Matisse Thybulle,RESOLVED
2023-24,0022300086,203924,Jerami Grant,RESOLVED
2023-24,0022300086,1629028,Deandre Ayton,RESOLVED
2023-24,0022300086,1631101,Shaedon Sharpe,RESOLVED
2023-24,0022300086,1630703,Scoot Henderson,RESOLVED
2023-24,0022300086,1627763,Malcolm Brogdon,RESOLVED
2023-24,0022300086,1629057,Robert Williams III,RESOLVED
2023-24,0022300086,1641739,Toumani Camara,RESOLVED
2023-24,0022300086,1631133,Jabari Walker,RESOLVED
2023-24,0022300086,1630219,Skylar Mays,RESOLVED
2023-24,0022300086,1629650,Moses Brown,RESOLVED
2023-24,0022300086,1631200,Kris Murray,RESOLVED
2023-24,0022300086,1641712,Rayan Rupert,RESOLVED
2023-24,0022300086,1631303,Justin Minaya,RESOLVED
2023-24,0022300086,1641871,Duop Reath,RESOLVED
2023-24,0022300086,1629014,Anfernee Simons,RESOLVED
2023-24,0022300086,1630688,Ish Wainright,RESOLVED
2023-24,0022300086,1630532,Franz Wagner,RESOLVED
2023-24,0022300086,1631094,Paolo Banchero,RESOLVED
2023-24,0022300086,1628976,Wendell Carter Jr.,RESOLVED
2023-24,0022300086,1630591,Jalen Suggs,RESOLVED
2023-24,0022300086,1628365,Markelle Fultz,RESOLVED
2023-24,0022300086,1629021,Moritz Wagner,RESOLVED
2023-24,0022300086,1630175,Cole Anthony,RESOLVED
2023-24,0022300086,1628371,Jonathan Isaac,RESOLVED
2023-24,0022300086,204060,Joe Ingles,RESOLVED
2023-24,0022300086,203914,Gary Harris,RESOLVED
2023-24,0022300086,1629048,Goga Bitadze,RESOLVED
2023-24,0022300086,1641710,Anthony Black,RESOLVED
2023-24,0022300086,1631216,Caleb Houstan,RESOLVED
2023-24,0022300086,1641724,Jett Howard,RESOLVED
2023-24,0022300086,1629643,Chuma Okeke,RESOLVED
2023-24,0022300086,1630284,Kevon Harris,RESOLVED
2023-24,0022300086,1630243,Trevelin Queen,RESOLVED
2023-24,0022300086,1629678,Admiral Schofield,RESOLVED
2023-24,0022300087,203084,Harrison Barnes,RESOLVED
2023-24,0022300087,1631099,Keegan Murray,RESOLVED
2023-24,0022300087,1627734,Domantas Sabonis,RESOLVED
2023-24,0022300087,1628989,Kevin Huerter,RESOLVED
2023-24,0022300087,1628368,De'Aaron Fox,RESOLVED
2023-24,0022300087,1628370,Malik Monk,RESOLVED
2023-24,0022300087,1628426,Sasha Vezenkov,RESOLVED
2023-24,0022300087,1630558,Davion Mitchell,RESOLVED
2023-24,0022300087,201580,JaVale McGee,RESOLVED
2023-24,0022300087,1630537,Chris Duarte,RESOLVED
2023-24,0022300087,1641732,Colby Jones,RESOLVED
2023-24,0022300087,1630556,Kessler Edwards,RESOLVED
2023-24,0022300087,1631165,Keon Ellis,RESOLVED
2023-24,0022300087,203458,Alex Len,RESOLVED
2023-24,0022300087,1641771,Jalen Slawson,RESOLVED
2023-24,0022300087,1630259,Jordan Ford,RESOLVED
2023-24,0022300087,1626168,Trey Lyles,RESOLVED
2023-24,0022300087,202691,Klay Thompson,RESOLVED
2023-24,0022300087,203952,Andrew Wiggins,RESOLVED
2023-24,0022300087,1626172,Kevon Looney,RESOLVED
2023-24,0022300087,201939,Stephen Curry,RESOLVED
2023-24,0022300087,101108,Chris Paul,RESOLVED
2023-24,0022300087,1630228,Jonathan Kuminga,RESOLVED
2023-24,0022300087,203967,Dario Saric,RESOLVED
2023-24,0022300087,1627780,Gary Payton II,RESOLVED
2023-24,0022300087,1630541,Moses Moody,RESOLVED
2023-24,0022300087,1631218,Trayce Jackson-Davis,RESOLVED
2023-24,0022300087,202709,Cory Joseph,RESOLVED
2023-24,0022300087,1641764,Brandin Podziemski,RESOLVED
2023-24,0022300087,1630586,Usman Garuba,RESOLVED
2023-24,0022300087,203110,Draymond Green,RESOLVED
2023-24,0022300087,1631311,Lester Quinones,RESOLVED
2023-24,0022300087,1629010,Jerome Robinson,RESOLVED
2023-24,0022300083,1629640,Keldon Johnson,RESOLVED
2023-24,0022300083,1641705,Victor Wembanyama,RESOLVED
2023-24,0022300083,1628380,Zach Collins,RESOLVED
2023-24,0022300083,1630170,Devin Vassell,RESOLVED
2023-24,0022300083,1631110,Jeremy Sochan,RESOLVED
2023-24,0022300083,1626224,Cedi Osman,RESOLVED
2023-24,0022300083,1631103,Malaki Branham,RESOLVED
2023-24,0022300083,1630200,Tre Jones,RESOLVED
2023-24,0022300083,1629646,Charles Bassey,RESOLVED
2023-24,0022300083,203926,Doug McDermott,RESOLVED
2023-24,0022300083,1631230,Dominick Barlow,RESOLVED
2023-24,0022300083,1630577,Julian Champagnie,RESOLVED
2023-24,0022300083,1628984,Devonte' Graham,RESOLVED
2023-24,0022300083,1630572,Sandro Mamukelashvili,RESOLVED
2023-24,0022300083,1631104,Blake Wesley,RESOLVED
2023-24,0022300083,1641777,Charles Bediako,RESOLVED
2023-24,0022300083,1631321,Sidy Cissoko,RESOLVED
2023-24,0022300083,1641811,Sir'Jabari Rice,RESOLVED
2023-24,0022300083,1628415,Dillon Brooks,RESOLVED
2023-24,0022300083,1631095,Jabari Smith Jr.,RESOLVED
2023-24,0022300083,1630578,Alperen Sengun,RESOLVED
2023-24,0022300083,1630224,Jalen Green,RESOLVED
2023-24,0022300083,1627832,Fred VanVleet,RESOLVED
2023-24,0022300083,1641708,Amen Thompson,RESOLVED
2023-24,0022300083,1630256,Jae'Sean Tate,RESOLVED
2023-24,0022300083,201145,Jeff Green,RESOLVED
2023-24,0022300083,1626246,Boban Marjanovic,RESOLVED
2023-24,0022300083,203493,Reggie Bullock Jr.,RESOLVED
2023-24,0022300083,1628988,Aaron Holiday,RESOLVED
2023-24,0022300083,1631257,Jermaine Samuels Jr.,RESOLVED
2023-24,0022300083,1641715,Cam Whitmore,RESOLVED
2023-24,0022300083,1631466,Nate Williams,RESOLVED
2023-24,0022300083,1631106,Tari Eason,RESOLVED
2023-24,0022300083,1630207,Nate Hinton,RESOLVED
2023-24,0022300083,1629111,Jock Landale,RESOLVED
2023-24,0022300083,203506,Victor Oladipo,RESOLVED
2023-24,0022300081,1630171,Isaac Okoro,RESOLVED
2023-24,0022300081,1629731,Dean Wade,RESOLVED
2023-24,0022300081,1630596,Evan Mobley,RESOLVED
2023-24,0022300081,1629622,Max Strus,RESOLVED
2023-24,0022300081,1628378,Donovan Mitchell,RESOLVED
2023-24,0022300081,1627747,Caris LeVert,RESOLVED
2023-24,0022300081,1627745,Damian Jones,RESOLVED
2023-24,0022300081,1627777,Georges Niang,RESOLVED
2023-24,0022300081,1629660,Ty Jerome,RESOLVED
2023-24,0022300081,1641734,Emoni Bates,RESOLVED
2023-24,0022300081,1630241,Sam Merrill,RESOLVED
2023-24,0022300081,1630600,Isaiah Mobley,RESOLVED
2023-24,0022300081,1641854,Craig Porter,RESOLVED
2023-24,0022300081,202684,Tristan Thompson,RESOLVED
2023-24,0022300081,1628386,Jarrett Allen,RESOLVED
2023-24,0022300081,1629636,Darius Garland,RESOLVED
2023-24,0022300081,201937,Ricky Rubio,RESOLVED
2023-24,0022300081,1631114,Jalen Williams,RESOLVED
2023-24,0022300081,1629652,Luguentz Dort,RESOLVED
2023-24,0022300081,1631096,Chet Holmgren,RESOLVED
2023-24,0022300081,1630581,Josh Giddey,RESOLVED
2023-24,0022300081,1628983,Shai Gilgeous-Alexander,RESOLVED
2023-24,0022300081,1631172,Ousmane Dieng,RESOLVED
2023-24,0022300081,1641717,Cason Wallace,RESOLVED
2023-24,0022300081,1630198,Isaiah Joe,RESOLVED
2023-24,0022300081,1630322,Lindy Waters III,RESOLVED
2023-24,0022300081,1630598,Aaron Wiggins,RESOLVED
2023-24,0022300081,203995,Vasilije Micic,RESOLVED
2023-24,0022300081,202722,Davis Bertans,RESOLVED
2023-24,0022300081,1630544,Tre Mann,RESOLVED
2023-24,0022300081,1630197,Aleksej Pokusevski,RESOLVED
2023-24,0022300081,1630846,Olivier Sarr,RESOLVED
2023-24,0022300081,1641749,Keyontae Johnson,RESOLVED
2023-24,0022300081,1631119,Jaylin Williams,RESOLVED
2023-24,0022300081,1629026,Kenrich Williams,RESOLVED
2023-24,0022300082,201942,DeMar DeRozan,RESOLVED
2023-24,0022300082,1630172,Patrick Williams,RESOLVED
2023-24,0022300082,202696,Nikola Vucevic,RESOLVED
2023-24,0022300082,203897,Zach LaVine,RESOLVED
2023-24,0022300082,1629632,Coby White,RESOLVED
2023-24,0022300082,1627936,Alex Caruso,RESOLVED
2023-24,0022300082,1628470,Torrey Craig,RESOLVED
2023-24,0022300082,1628975,Jevon Carter,RESOLVED
2023-24,0022300082,203083,Andre Drummond,RESOLVED
2023-24,0022300082,1630245,Ayo Dosunmu,RESOLVED
2023-24,0022300082,1641763,Julian Phillips,RESOLVED
2023-24,0022300082,1630678,Terry Taylor,RESOLVED
2023-24,0022300082,1631207,Dalen Terry,RESOLVED
2023-24,0022300082,1628366,Lonzo Ball,RESOLVED
2023-24,0022300082,1641931,Onuralp Bitim,RESOLVED
2023-24,0022300082,1631171,Justin Lewis,RESOLVED
2023-24,0022300082,1641766,Adama Sanogo,RESOLVED
2023-24,0022300082,1630567,Scottie Barnes,RESOLVED
2023-24,0022300082,1627783,Pascal Siakam,RESOLVED
2023-24,0022300082,1627751,Jakob Poeltl,RESOLVED
2023-24,0022300082,1628384,O.G. Anunoby,RESOLVED
2023-24,0022300082,203471,Dennis Schroder,RESOLVED
2023-24,0022300082,1629018,Gary Trent Jr.,RESOLVED
2023-24,0022300082,1629667,Jalen McDaniels,RESOLVED
2023-24,0022300082,1630201,Malachi Flynn,RESOLVED
2023-24,0022300082,1630173,Precious Achiuwa,RESOLVED
2023-24,0022300082,1641711,Gradey Dick,RESOLVED
2023-24,0022300082,1628449,Chris Boucher,RESOLVED
2023-24,0022300082,203490,Otto Porter Jr.,RESOLVED
2023-24,0022300082,202066,Garrett Temple,RESOLVED
2023-24,0022300082,201152,Thaddeus Young,RESOLVED
2023-24,0022300082,1631241,Javon Freeman-Liberty,RESOLVED
2023-24,0022300082,1631199,Ron Harper Jr.,RESOLVED
2023-24,0022300082,1631132,Christian Koloko,RESOLVED
2023-24,0022300082,1641806,Markquis Nowell,RESOLVED
2023-24,0022300078,1630533,Ziaire Williams,RESOLVED
2023-24,0022300078,1628991,Jaren Jackson Jr.,RESOLVED
2023-24,0022300078,1630214,Xavier Tillman,RESOLVED
2023-24,0022300078,1630217,Desmond Bane,RESOLVED
2023-24,0022300078,203935,Marcus Smart,RESOLVED
2023-24,0022300078,1631223,David Roddy,RESOLVED
2023-24,0022300078,1629723,John Konchar,RESOLVED
2023-24,0022300078,201565,Derrick Rose,RESOLVED
2023-24,0022300078,1631222,Jake LaRavia,RESOLVED
2023-24,0022300078,1631367,Jacob Gilyard,RESOLVED
2023-24,0022300078,1641713,GG Jackson,RESOLVED
2023-24,0022300078,1631254,Kenneth Lofton Jr.,RESOLVED
2023-24,0022300078,1629630,Ja Morant,RESOLVED
2023-24,0022300078,1631246,Vince Williams Jr.,RESOLVED
2023-24,0022300078,203500,Steven Adams,RESOLVED
2023-24,0022300078,1630583,Santi Aldama,RESOLVED
2023-24,0022300078,1629634,Brandon Clarke,RESOLVED
2023-24,0022300078,1628379,Luke Kennard,RESOLVED
2023-24,0022300078,1629008,Michael Porter Jr.,RESOLVED
2023-24,0022300078,203932,Aaron Gordon,RESOLVED
2023-24,0022300078,203999,Nikola Jokic,RESOLVED
2023-24,0022300078,203484,Kentavious Caldwell-Pope,RESOLVED
2023-24,0022300078,1627750,Jamal Murray,RESOLVED
2023-24,0022300078,1631128,Christian Braun,RESOLVED
2023-24,0022300078,202704,Reggie Jackson,RESOLVED
2023-24,0022300078,1631212,Peyton Watson,RESOLVED
2023-24,0022300078,1630192,Zeke Nnaji,RESOLVED
2023-24,0022300078,1631124,Julian Strawther,RESOLVED
2023-24,0022300078,203200,Justin Holiday,RESOLVED
2023-24,0022300078,201599,DeAndre Jordan,RESOLVED
2023-24,0022300078,1630296,Braxton Key,RESOLVED
2023-24,0022300078,1629618,Jalen Pickett,RESOLVED
2023-24,0022300078,1641816,Hunter Tyson,RESOLVED
2023-24,0022300078,1628427,Vlatko Cancar,RESOLVED
2023-24,0022300078,1631221,Collin Gillespie,RESOLVED
2023-24,0022300078,1630643,Jay Huff,RESOLVED
2023-24,0022300085,1628374,Lauri Markkanen,RESOLVED
2023-24,0022300085,1628381,John Collins,RESOLVED
2023-24,0022300085,1631117,Walker Kessler,RESOLVED
2023-24,0022300085,203903,Jordan Clarkson,RESOLVED
2023-24,0022300085,1629659,Talen Horton-Tucker,RESOLVED
2023-24,0022300085,1629012,Collin Sexton,RESOLVED
2023-24,0022300085,1630534,Ochai Agbaji,RESOLVED
2023-24,0022300085,203482,Kelly Olynyk,RESOLVED
2023-24,0022300085,1627739,Kris Dunn,RESOLVED
2023-24,0022300085,1641718,Keyonte George,RESOLVED
2023-24,0022300085,1631323,Simone Fontecchio,RESOLVED
2023-24,0022300085,1641707,Taylor Hendricks,RESOLVED
2023-24,0022300085,1629677,Luka Samanic,RESOLVED
2023-24,0022300085,1641729,Brice Sensabaugh,RESOLVED
2023-24,0022300085,1630209,Omer Yurtseven,RESOLVED
2023-24,0022300085,1630528,Josh Christopher,RESOLVED
2023-24,0022300085,1630548,Johnny Juzang,RESOLVED
2023-24,0022300085,1630695,Micah Potter,RESOLVED
2023-24,0022300085,203496,Robert Covington,RESOLVED
2023-24,0022300085,202695,Kawhi Leonard,RESOLVED
2023-24,0022300085,1627826,Ivica Zubac,RESOLVED
2023-24,0022300085,202331,Paul George,RESOLVED
2023-24,0022300085,201566,Russell Westbrook,RESOLVED
2023-24,0022300085,1630538,Bones Hyland,RESOLVED
2023-24,0022300085,1626181,Norman Powell,RESOLVED
2023-24,0022300085,203486,Mason Plumlee,RESOLVED
2023-24,0022300085,201587,Nicolas Batum,RESOLVED
2023-24,0022300085,1641738,Kobe Brown,RESOLVED
2023-24,0022300085,1629599,Amir Coffey,RESOLVED
2023-24,0022300085,1631217,Moussa Diabate,RESOLVED
2023-24,0022300085,1630231,Kenyon Martin Jr.,RESOLVED
2023-24,0022300085,1641757,Jordan Miller,RESOLVED
2023-24,0022300085,1630527,Brandon Boston Jr.,RESOLVED
2023-24,0022300085,1629611,Terance Mann,RESOLVED
2023-24,0022300085,202694,Marcus Morris Sr.,RESOLVED
2023-24,0022300085,1630563,Joshua Primo,RESOLVED
2023-24,0022300077,202330,Gordon Hayward,RESOLVED
2023-24,0022300077,1629023,P.J. Washington,RESOLVED
2023-24,0022300077,1631109,Mark Williams,RESOLVED
2023-24,0022300077,1626179,Terry Rozier,RESOLVED
2023-24,0022300077,1630163,LaMelo Ball,RESOLVED
2023-24,0022300077,1641706,Brandon Miller,RESOLVED
2023-24,0022300077,1630550,JT Thor,RESOLVED
2023-24,0022300077,1630208,Nick Richards,RESOLVED
2023-24,0022300077,1630177,Theo Maledon,RESOLVED
2023-24,0022300077,1641735,Amari Bailey,RESOLVED
2023-24,0022300077,1641778,Leaky Black,RESOLVED
2023-24,0022300077,1628970,Miles Bridges,RESOLVED
2023-24,0022300077,1631121,Bryce McGowens,RESOLVED
2023-24,0022300077,1628373,Frank Ntilikina,RESOLVED
2023-24,0022300077,1641733,Nick Smith Jr.,RESOLVED
2023-24,0022300077,1630547,James Bouknight,RESOLVED
2023-24,0022300077,1628998,Cody Martin,RESOLVED
2023-24,0022300077,202397,Ish Smith,RESOLVED
2023-24,0022300077,1630191,Isaiah Stewart,RESOLVED
2023-24,0022300077,1641709,Ausar Thompson,RESOLVED
2023-24,0022300077,1631105,Jalen Duren,RESOLVED
2023-24,0022300077,1630595,Cade Cunningham,RESOLVED
2023-24,0022300077,1630165,Killian Hayes,RESOLVED
2023-24,0022300077,202692,Alec Burks,RESOLVED
2023-24,0022300077,1631093,Jaden Ivey,RESOLVED
2023-24,0022300077,203925,Joe Harris,RESOLVED
2023-24,0022300077,1628963,Marvin Bagley III,RESOLVED
2023-24,0022300077,1631204,Marcus Sasser,RESOLVED
2023-24,0022300077,1630608,Malcolm Cazalon,RESOLVED
2023-24,0022300077,1631197,Jared Rhoden,RESOLVED
2023-24,0022300077,1630649,Stanley Umude,RESOLVED
2023-24,0022300077,1630164,James Wiseman,RESOLVED
2023-24,0022300077,202711,Bojan Bogdanovic,RESOLVED
2023-24,0022300077,1630587,Isaiah Livers,RESOLVED
2023-24,0022300077,1628420,Monte Morris,RESOLVED
2023-24,0022300093,1629638,Nickeil Alexander-Walker,RESOLVED
2023-24,0022300093,1626157,Karl-Anthony Towns,RESOLVED
2023-24,0022300093,203497,Rudy Gobert,RESOLVED
2023-24,0022300093,1630162,Anthony Edwards,RESOLVED
2023-24,0022300093,201144,Mike Conley,RESOLVED
2023-24,0022300093,203937,Kyle Anderson,RESOLVED
2023-24,0022300093,1629003,Shake Milton,RESOLVED
2023-24,0022300093,1629675,Naz Reid,RESOLVED
2023-24,0022300093,1628972,Troy Brown Jr.,RESOLVED
2023-24,0022300093,1629162,Jordan McLaughlin,RESOLVED
2023-24,0022300093,1631169,Josh Minott,RESOLVED
2023-24,0022300093,1631159,Leonard Miller,RESOLVED
2023-24,0022300093,1631111,Wendell Moore Jr.,RESOLVED
2023-24,0022300093,1641740,Jaylen Clark,RESOLVED
2023-24,0022300093,1630568,Luka Garza,RESOLVED
2023-24,0022300093,1630183,Jaden McDaniels,RESOLVED
2023-24,0022300093,1630227,Daishen Nix,RESOLVED
2023-24,0022300093,1631170,Jaime Jaquez Jr.,RESOLVED
2023-24,0022300093,1631107,Nikola Jovic,RESOLVED
2023-24,0022300093,1628389,Bam Adebayo,RESOLVED
2023-24,0022300093,1629639,Tyler Herro,RESOLVED
2023-24,0022300093,200768,Kyle Lowry,RESOLVED
2023-24,0022300093,1629130,Duncan Robinson,RESOLVED
2023-24,0022300093,1631288,Jamal Cain,RESOLVED
2023-24,0022300093,1630696,Dru Smith,RESOLVED
2023-24,0022300093,1628418,Thomas Bryant,RESOLVED
2023-24,0022300093,1631115,Orlando Robinson,RESOLVED
2023-24,0022300093,1630181,R.J. Hampton,RESOLVED
2023-24,0022300093,1631306,Cole Swider,RESOLVED
2023-24,0022300093,202710,Jimmy Butler,RESOLVED
2023-24,0022300093,1629312,Haywood Highsmith,RESOLVED
2023-24,0022300093,201567,Kevin Love,RESOLVED
2023-24,0022300093,1628997,Caleb Martin,RESOLVED
2023-24,0022300093,1626196,Josh Richardson,RESOLVED
2023-24,0022300090,1627742,Brandon Ingram,RESOLVED
2023-24,0022300090,1629627,Zion Williamson,RESOLVED
2023-24,0022300090,202685,Jonas Valanciunas,RESOLVED
2023-24,0022300090,1630529,Herbert Jones,RESOLVED
2023-24,0022300090,203468,CJ McCollum,RESOLVED
2023-24,0022300090,1630700,Dyson Daniels,RESOLVED
2023-24,0022300090,1630184,Kira Lewis Jr.,RESOLVED
2023-24,0022300090,1626204,Larry Nance Jr.,RESOLVED
2023-24,0022300090,1630346,Matt Ryan,RESOLVED
2023-24,0022300090,1641722,Jordan Hawkins,RESOLVED
2023-24,0022300090,203469,Cody Zeller,RESOLVED
2023-24,0022300090,1630604,E.J. Liddell,RESOLVED
2023-24,0022300090,1630631,Jose Alvarado,RESOLVED
2023-24,0022300090,1629232,Kaiser Gates,RESOLVED
2023-24,0022300090,1630230,Naji Marshall,RESOLVED
2023-24,0022300090,1630530,Trey Murphy III,RESOLVED
2023-24,0022300090,1631220,Dereon Seabron,RESOLVED
2023-24,0022300090,1629628,RJ Barrett,RESOLVED
2023-24,0022300090,203944,Julius Randle,RESOLVED
2023-24,0022300090,1629011,Mitchell Robinson,RESOLVED
2023-24,0022300090,1629656,Quentin Grimes,RESOLVED
2023-24,0022300090,1628973,Jalen Brunson,RESOLVED
2023-24,0022300090,1628404,Josh Hart,RESOLVED
2023-24,0022300090,1630193,Immanuel Quickley,RESOLVED
2023-24,0022300090,1628978,Donte DiVincenzo,RESOLVED
2023-24,0022300090,1628392,Isaiah Hartenstein,RESOLVED
2023-24,0022300090,1630540,Miles McBride,RESOLVED
2023-24,0022300090,1630579,Jericho Sims,RESOLVED
2023-24,0022300090,1629610,DaQuan Jeffries,RESOLVED
2023-24,0022300090,1629685,Dylan Windler,RESOLVED
2023-24,0022300090,1627853,Ryan Arcidiacono,RESOLVED
2023-24,0022300090,203095,Evan Fournier,RESOLVED
2023-24,0022300090,1629718,Charlie Brown Jr.,RESOLVED
2023-24,0022300090,1631210,Jacob Toppin,RESOLVED
2023-24,0022300090,1630613,Duane Washington Jr.,RESOLVED
2023-24,0022300091,1630171,Isaac Okoro,RESOLVED
2023-24,0022300091,1629731,Dean Wade,RESOLVED
2023-24,0022300091,1630596,Evan Mobley,RESOLVED
2023-24,0022300091,1629622,Max Strus,RESOLVED
2023-24,0022300091,1627747,Caris LeVert,RESOLVED
2023-24,0022300091,1627777,Georges Niang,RESOLVED
2023-24,0022300091,1627745,Damian Jones,RESOLVED
2023-24,0022300091,1641734,Emoni Bates,RESOLVED
2023-24,0022300091,1641854,Craig Porter,RESOLVED
2023-24,0022300091,1630241,Sam Merrill,RESOLVED
2023-24,0022300091,202684,Tristan Thompson,RESOLVED
2023-24,0022300091,1630600,Isaiah Mobley,RESOLVED
2023-24,0022300091,1628386,Jarrett Allen,RESOLVED
2023-24,0022300091,1629636,Darius Garland,RESOLVED
2023-24,0022300091,1629660,Ty Jerome,RESOLVED
2023-24,0022300091,1628378,Donovan Mitchell,RESOLVED
2023-24,0022300091,201937,Ricky Rubio,RESOLVED
2023-24,0022300091,1631097,Bennedict Mathurin,RESOLVED
2023-24,0022300091,1630167,Obi Toppin,RESOLVED
2023-24,0022300091,1626167,Myles Turner,RESOLVED
2023-24,0022300091,1628971,Bruce Brown,RESOLVED
2023-24,0022300091,1630169,Tyrese Haliburton,RESOLVED
2023-24,0022300091,1629614,Andrew Nembhard,RESOLVED
2023-24,0022300091,1627741,Buddy Hield,RESOLVED
2023-24,0022300091,1630174,Aaron Nesmith,RESOLVED
2023-24,0022300091,1630188,Jalen Smith,RESOLVED
2023-24,0022300091,204456,T.J. McConnell,RESOLVED
2023-24,0022300091,1630543,Isaiah Jackson,RESOLVED
2023-24,0022300091,1629670,Jordan Nwora,RESOLVED
2023-24,0022300091,1641767,Ben Sheppard,RESOLVED
2023-24,0022300091,1628464,Daniel Theis,RESOLVED
2023-24,0022300091,1641716,Jarace Walker,RESOLVED
2023-24,0022300091,1631112,Kendall Brown,RESOLVED
2023-24,0022300091,1631131,Oscar Tshiebwe,RESOLVED
2023-24,0022300091,1631209,Isaiah Wong,RESOLVED
2023-24,0022300092,1630567,Scottie Barnes,RESOLVED
2023-24,0022300092,1627783,Pascal Siakam,RESOLVED
2023-24,0022300092,1627751,Jakob Poeltl,RESOLVED
2023-24,0022300092,1629018,Gary Trent Jr.,RESOLVED
2023-24,0022300092,203471,Dennis Schroder,RESOLVED
2023-24,0022300092,1630173,Precious Achiuwa,RESOLVED
2023-24,0022300092,1641711,Gradey Dick,RESOLVED
2023-24,0022300092,1630201,Malachi Flynn,RESOLVED
2023-24,0022300092,1628449,Chris Boucher,RESOLVED
2023-24,0022300092,1629667,Jalen McDaniels,RESOLVED
2023-24,0022300092,1631241,Javon Freeman-Liberty,RESOLVED
2023-24,0022300092,203490,Otto Porter Jr.,RESOLVED
2023-24,0022300092,202066,Garrett Temple,RESOLVED
2023-24,0022300092,201152,Thaddeus Young,RESOLVED
2023-24,0022300092,1628384,O.G. Anunoby,RESOLVED
2023-24,0022300092,1631199,Ron Harper Jr.,RESOLVED
2023-24,0022300092,1631132,Christian Koloko,RESOLVED
2023-24,0022300092,1641806,Markquis Nowell,RESOLVED
2023-24,0022300092,202699,Tobias Harris,RESOLVED
2023-24,0022300092,200782,P.J. Tucker,RESOLVED
2023-24,0022300092,203954,Joel Embiid,RESOLVED
2023-24,0022300092,1629001,De'Anthony Melton,RESOLVED
2023-24,0022300092,1630178,Tyrese Maxey,RESOLVED
2023-24,0022300092,1626162,Kelly Oubre Jr.,RESOLVED
2023-24,0022300092,201976,Patrick Beverley,RESOLVED
2023-24,0022300092,201980,Danny Green,RESOLVED
2023-24,0022300092,1630194,Paul Reed,RESOLVED
2023-24,0022300092,1627863,Danuel House Jr.,RESOLVED
2023-24,0022300092,1628964,Mo Bamba,RESOLVED
2023-24,0022300092,1627788,Furkan Korkmaz,RESOLVED
2023-24,0022300092,1630196,Filip Petrusev,RESOLVED
2023-24,0022300092,1630531,Jaden Springer,RESOLVED
2023-24,0022300092,1641741,Ricky Council IV,RESOLVED
2023-24,0022300092,201935,James Harden,RESOLVED
2023-24,0022300092,1630606,Javonte Smart,RESOLVED
2023-24,0022300092,1631173,Terquavion Smith,RESOLVED
2023-24,0022300094,1629006,Josh Okogie,RESOLVED
2023-24,0022300094,201142,Kevin Durant,RESOLVED
2023-24,0022300094,203994,Jusuf Nurkic,RESOLVED
2023-24,0022300094,201569,Eric Gordon,RESOLVED
2023-24,0022300094,1628960,Grayson Allen,RESOLVED
2023-24,0022300094,1629234,Drew Eubanks,RESOLVED
2023-24,0022300094,1630692,Jordan Goodwin,RESOLVED
2023-24,0022300094,1629139,Yuta Watanabe,RESOLVED
2023-24,0022300094,1629642,Nassir Little,RESOLVED
2023-24,0022300094,1628966,Keita Bates-Diop,RESOLVED
2023-24,0022300094,1628962,Udoka Azubuike,RESOLVED
2023-24,0022300094,1629626,Bol Bol,RESOLVED
2023-24,0022300094,1630240,Saben Lee,RESOLVED
2023-24,0022300094,1629002,Chimezie Metu,RESOLVED
2023-24,0022300094,203078,Bradley Beal,RESOLVED
2023-24,0022300094,1626164,Devin Booker,RESOLVED
2023-24,0022300094,1627814,Damion Lee,RESOLVED
2023-24,0022300094,1628381,John Collins,RESOLVED
2023-24,0022300094,1628374,Lauri Markkanen,RESOLVED
2023-24,0022300094,1631117,Walker Kessler,RESOLVED
2023-24,0022300094,203903,Jordan Clarkson,RESOLVED
2023-24,0022300094,1629659,Talen Horton-Tucker,RESOLVED
2023-24,0022300094,203482,Kelly Olynyk,RESOLVED
2023-24,0022300094,1629012,Collin Sexton,RESOLVED
2023-24,0022300094,1630534,Ochai Agbaji,RESOLVED
2023-24,0022300094,1627739,Kris Dunn,RESOLVED
2023-24,0022300094,1641718,Keyonte George,RESOLVED
2023-24,0022300094,1631323,Simone Fontecchio,RESOLVED
2023-24,0022300094,1629677,Luka Samanic,RESOLVED
2023-24,0022300094,1630209,Omer Yurtseven,RESOLVED
2023-24,0022300094,1630528,Josh Christopher,RESOLVED
2023-24,0022300094,1641707,Taylor Hendricks,RESOLVED
2023-24,0022300094,1630548,Johnny Juzang,RESOLVED
2023-24,0022300094,1630695,Micah Potter,RESOLVED
2023-24,0022300094,1641729,Brice Sensabaugh,RESOLVED
2023-24,0022300088,1641709,Ausar Thompson,RESOLVED
2023-24,0022300088,1630191,Isaiah Stewart,RESOLVED
2023-24,0022300088,1631105,Jalen Duren,RESOLVED
2023-24,0022300088,1630595,Cade Cunningham,RESOLVED
2023-24,0022300088,1630165,Killian Hayes,RESOLVED
2023-24,0022300088,202692,Alec Burks,RESOLVED
2023-24,0022300088,1631093,Jaden Ivey,RESOLVED
2023-24,0022300088,1628963,Marvin Bagley III,RESOLVED
2023-24,0022300088,1631204,Marcus Sasser,RESOLVED
2023-24,0022300088,203925,Joe Harris,RESOLVED
2023-24,0022300088,1630649,Stanley Umude,RESOLVED
2023-24,0022300088,1630608,Malcolm Cazalon,RESOLVED
2023-24,0022300088,1631197,Jared Rhoden,RESOLVED
2023-24,0022300088,1630164,James Wiseman,RESOLVED
2023-24,0022300088,202711,Bojan Bogdanovic,RESOLVED
2023-24,0022300088,1630587,Isaiah Livers,RESOLVED
2023-24,0022300088,1628420,Monte Morris,RESOLVED
2023-24,0022300088,201942,DeMar DeRozan,RESOLVED
2023-24,0022300088,1630172,Patrick Williams,RESOLVED
2023-24,0022300088,202696,Nikola Vucevic,RESOLVED
2023-24,0022300088,203897,Zach LaVine,RESOLVED
2023-24,0022300088,1629632,Coby White,RESOLVED
2023-24,0022300088,1628470,Torrey Craig,RESOLVED
2023-24,0022300088,203083,Andre Drummond,RESOLVED
2023-24,0022300088,1628975,Jevon Carter,RESOLVED
2023-24,0022300088,1627936,Alex Caruso,RESOLVED
2023-24,0022300088,1630245,Ayo Dosunmu,RESOLVED
2023-24,0022300088,1641763,Julian Phillips,RESOLVED
2023-24,0022300088,1631207,Dalen Terry,RESOLVED
2023-24,0022300088,1630678,Terry Taylor,RESOLVED
2023-24,0022300088,1628366,Lonzo Ball,RESOLVED
2023-24,0022300088,1641931,Onuralp Bitim,RESOLVED
2023-24,0022300088,1631171,Justin Lewis,RESOLVED
2023-24,0022300088,1641766,Adama Sanogo,RESOLVED
2023-24,0022300089,1630166,Deni Avdija,RESOLVED
2023-24,0022300089,1628398,Kyle Kuzma,RESOLVED
2023-24,0022300089,1629655,Daniel Gafford,RESOLVED
2023-24,0022300089,1629673,Jordan Poole,RESOLVED
2023-24,0022300089,1626145,Tyus Jones,RESOLVED
2023-24,0022300089,1630557,Corey Kispert,RESOLVED
2023-24,0022300089,1626153,Delon Wright,RESOLVED
2023-24,0022300089,1641731,Bilal Coulibaly,RESOLVED
2023-24,0022300089,201568,Danilo Gallinari,RESOLVED
2023-24,0022300089,203488,Mike Muscala,RESOLVED
2023-24,0022300089,1631116,Patrick Baldwin Jr.,RESOLVED
2023-24,0022300089,1630215,Jared Butler,RESOLVED
2023-24,0022300089,1630264,Anthony Gill,RESOLVED
2023-24,0022300089,1630647,Eugene Omoruyi,RESOLVED
2023-24,0022300089,1631157,Ryan Rollins,RESOLVED
2023-24,0022300089,1631219,John Butler Jr.,RESOLVED
2023-24,0022300089,1631098,Johnny Davis,RESOLVED
2023-24,0022300089,1629013,Landry Shamet,RESOLVED
2023-24,0022300089,1630533,Ziaire Williams,RESOLVED
2023-24,0022300089,1628991,Jaren Jackson Jr.,RESOLVED
2023-24,0022300089,1630214,Xavier Tillman,RESOLVED
2023-24,0022300089,1630217,Desmond Bane,RESOLVED
2023-24,0022300089,203935,Marcus Smart,RESOLVED
2023-24,0022300089,1631222,Jake LaRavia,RESOLVED
2023-24,0022300089,1629723,John Konchar,RESOLVED
2023-24,0022300089,201565,Derrick Rose,RESOLVED
2023-24,0022300089,1631223,David Roddy,RESOLVED
2023-24,0022300089,1631254,Kenneth Lofton Jr.,RESOLVED
2023-24,0022300089,1631367,Jacob Gilyard,RESOLVED
2023-24,0022300089,1641713,GG Jackson,RESOLVED
2023-24,0022300089,1629630,Ja Morant,RESOLVED
2023-24,0022300089,1631246,Vince Williams Jr.,RESOLVED
2023-24,0022300089,203500,Steven Adams,RESOLVED
2023-24,0022300089,1630583,Santi Aldama,RESOLVED
2023-24,0022300089,1629634,Brandon Clarke,RESOLVED
2023-24,0022300089,1628379,Luke Kennard,RESOLVED
2023-24,0022300100,203084,Harrison Barnes,RESOLVED
2023-24,0022300100,1631099,Keegan Murray,RESOLVED
2023-24,0022300100,1627734,Domantas Sabonis,RESOLVED
2023-24,0022300100,1628989,Kevin Huerter,RESOLVED
2023-24,0022300100,1628368,De'Aaron Fox,RESOLVED
2023-24,0022300100,1628370,Malik Monk,RESOLVED
2023-24,0022300100,1628426,Sasha Vezenkov,RESOLVED
2023-24,0022300100,1630558,Davion Mitchell,RESOLVED
2023-24,0022300100,201580,JaVale McGee,RESOLVED
2023-24,0022300100,1630537,Chris Duarte,RESOLVED
2023-24,0022300100,1630556,Kessler Edwards,RESOLVED
2023-24,0022300100,1631165,Keon Ellis,RESOLVED
2023-24,0022300100,1641732,Colby Jones,RESOLVED
2023-24,0022300100,203458,Alex Len,RESOLVED
2023-24,0022300100,1641771,Jalen Slawson,RESOLVED
2023-24,0022300100,1630259,Jordan Ford,RESOLVED
2023-24,0022300100,1626168,Trey Lyles,RESOLVED
2023-24,0022300100,1627752,Taurean Prince,RESOLVED
2023-24,0022300100,2544,LeBron James,RESOLVED
2023-24,0022300100,203076,Anthony Davis,RESOLVED
2023-24,0022300100,1630559,Austin Reaves,RESOLVED
2023-24,0022300100,1626156,D'Angelo Russell,RESOLVED
2023-24,0022300100,1629216,Gabe Vincent,RESOLVED
2023-24,0022300100,1629060,Rui Hachimura,RESOLVED
2023-24,0022300100,1629629,Cam Reddish,RESOLVED
2023-24,0022300100,1629637,Jaxson Hayes,RESOLVED
2023-24,0022300100,1626174,Christian Wood,RESOLVED
2023-24,0022300100,1631108,Max Christie,RESOLVED
2023-24,0022300100,1641721,Maxwell Lewis,RESOLVED
2023-24,0022300100,1630658,Colin Castleton,RESOLVED
2023-24,0022300100,1641788,Alex Fudge,RESOLVED
2023-24,0022300100,1641793,D'Moi Hodge,RESOLVED
2023-24,0022300100,1641720,Jalen Hood-Schifino,RESOLVED
2023-24,0022300100,1629020,Jarred Vanderbilt,RESOLVED
2023-24,0022300097,203109,Jae Crowder,RESOLVED
2023-24,0022300097,203507,Giannis Antetokounmpo,RESOLVED
2023-24,0022300097,201572,Brook Lopez,RESOLVED
2023-24,0022300097,1627736,Malik Beasley,RESOLVED
2023-24,0022300097,203081,Damian Lillard,RESOLVED
2023-24,0022300097,1626192,Pat Connaughton,RESOLVED
2023-24,0022300097,1626171,Bobby Portis,RESOLVED
2023-24,0022300097,1630699,MarJon Beauchamp,RESOLVED
2023-24,0022300097,1626166,Cameron Payne,RESOLVED
2023-24,0022300097,1641748,Andre Jackson Jr.,RESOLVED
2023-24,0022300097,203648,Thanasis Antetokounmpo,RESOLVED
2023-24,0022300097,1631260,AJ Green,RESOLVED
2023-24,0022300097,201577,Robin Lopez,RESOLVED
2023-24,0022300097,1631102,TyTy Washington Jr.,RESOLVED
2023-24,0022300097,1641753,Chris Livingston,RESOLVED
2023-24,0022300097,1629716,Marques Bolden,RESOLVED
2023-24,0022300097,203114,Khris Middleton,RESOLVED
2023-24,0022300097,1629623,Lindell Wigginton,RESOLVED
2023-24,0022300097,1629631,De'Andre Hunter,RESOLVED
2023-24,0022300097,1630552,Jalen Johnson,RESOLVED
2023-24,0022300097,203991,Clint Capela,RESOLVED
2023-24,0022300097,1627749,Dejounte Murray,RESOLVED
2023-24,0022300097,1629027,Trae Young,RESOLVED
2023-24,0022300097,203992,Bogdan Bogdanovic,RESOLVED
2023-24,0022300097,1630180,Saddiq Bey,RESOLVED
2023-24,0022300097,1630168,Onyeka Okongwu,RESOLVED
2023-24,0022300097,1631100,AJ Griffin,RESOLVED
2023-24,0022300097,1630235,Trent Forrest,RESOLVED
2023-24,0022300097,1628981,Bruno Fernando,RESOLVED
2023-24,0022300097,1641723,Kobe Bufkin,RESOLVED
2023-24,0022300097,1631243,Mouhamed Gueye,RESOLVED
2023-24,0022300097,1629726,Garrison Mathews,RESOLVED
2023-24,0022300097,201988,Patty Mills,RESOLVED
2023-24,0022300097,1641754,Seth Lundy,RESOLVED
2023-24,0022300097,202083,Wesley Matthews,RESOLVED
2023-24,0022300097,1641936,Miles Norris,RESOLVED
2023-24,0022300098,202699,Tobias Harris,RESOLVED
2023-24,0022300098,200782,P.J. Tucker,RESOLVED
2023-24,0022300098,203954,Joel Embiid,RESOLVED
2023-24,0022300098,1629001,De'Anthony Melton,RESOLVED
2023-24,0022300098,1630178,Tyrese Maxey,RESOLVED
2023-24,0022300098,1626162,Kelly Oubre Jr.,RESOLVED
2023-24,0022300098,201976,Patrick Beverley,RESOLVED
2023-24,0022300098,1627863,Danuel House Jr.,RESOLVED
2023-24,0022300098,1630194,Paul Reed,RESOLVED
2023-24,0022300098,1630531,Jaden Springer,RESOLVED
2023-24,0022300098,1627788,Furkan Korkmaz,RESOLVED
2023-24,0022300098,1630196,Filip Petrusev,RESOLVED
2023-24,0022300098,1628964,Mo Bamba,RESOLVED
2023-24,0022300098,201980,Danny Green,RESOLVED
2023-24,0022300098,1641741,Ricky Council IV,RESOLVED
2023-24,0022300098,201935,James Harden,RESOLVED
2023-24,0022300098,1630606,Javonte Smart,RESOLVED
2023-24,0022300098,1631173,Terquavion Smith,RESOLVED
2023-24,0022300098,1629680,Matisse Thybulle,RESOLVED
2023-24,0022300098,203924,Jerami Grant,RESOLVED
2023-24,0022300098,1629028,Deandre Ayton,RESOLVED
2023-24,0022300098,1631101,Shaedon Sharpe,RESOLVED
2023-24,0022300098,1630703,Scoot Henderson,RESOLVED
2023-24,0022300098,1627763,Malcolm Brogdon,RESOLVED
2023-24,0022300098,1629057,Robert Williams III,RESOLVED
2023-24,0022300098,1641739,Toumani Camara,RESOLVED
2023-24,0022300098,1631133,Jabari Walker,RESOLVED
2023-24,0022300098,1631200,Kris Murray,RESOLVED
2023-24,0022300098,1630219,Skylar Mays,RESOLVED
2023-24,0022300098,1641712,Rayan Rupert,RESOLVED
2023-24,0022300098,1629650,Moses Brown,RESOLVED
2023-24,0022300098,1631303,Justin Minaya,RESOLVED
2023-24,0022300098,1641871,Duop Reath,RESOLVED
2023-24,0022300098,1629014,Anfernee Simons,RESOLVED
2023-24,0022300098,1630688,Ish Wainright,RESOLVED
2023-24,0022300099,203496,Robert Covington,RESOLVED
2023-24,0022300099,202695,Kawhi Leonard,RESOLVED
2023-24,0022300099,1627826,Ivica Zubac,RESOLVED
2023-24,0022300099,202331,Paul George,RESOLVED
2023-24,0022300099,201566,Russell Westbrook,RESOLVED
2023-24,0022300099,1630538,Bones Hyland,RESOLVED
2023-24,0022300099,1626181,Norman Powell,RESOLVED
2023-24,0022300099,203486,Mason Plumlee,RESOLVED
2023-24,0022300099,1630231,Kenyon Martin Jr.,RESOLVED
2023-24,0022300099,201587,Nicolas Batum,RESOLVED
2023-24,0022300099,1629599,Amir Coffey,RESOLVED
2023-24,0022300099,1641738,Kobe Brown,RESOLVED
2023-24,0022300099,1631217,Moussa Diabate,RESOLVED
2023-24,0022300099,1641757,Jordan Miller,RESOLVED
2023-24,0022300099,1630527,Brandon Boston Jr.,RESOLVED
2023-24,0022300099,1629611,Terance Mann,RESOLVED
2023-24,0022300099,202694,Marcus Morris Sr.,RESOLVED
2023-24,0022300099,1630563,Joshua Primo,RESOLVED
2023-24,0022300099,1629640,Keldon Johnson,RESOLVED
2023-24,0022300099,1641705,Victor Wembanyama,RESOLVED
2023-24,0022300099,1628380,Zach Collins,RESOLVED
2023-24,0022300099,1630170,Devin Vassell,RESOLVED
2023-24,0022300099,1631110,Jeremy Sochan,RESOLVED
2023-24,0022300099,1626224,Cedi Osman,RESOLVED
2023-24,0022300099,1631103,Malaki Branham,RESOLVED
2023-24,0022300099,1629646,Charles Bassey,RESOLVED
2023-24,0022300099,1630200,Tre Jones,RESOLVED
2023-24,0022300099,203926,Doug McDermott,RESOLVED
2023-24,0022300099,1631104,Blake Wesley,RESOLVED
2023-24,0022300099,1630577,Julian Champagnie,RESOLVED
2023-24,0022300099,1630572,Sandro Mamukelashvili,RESOLVED
2023-24,0022300099,1631230,Dominick Barlow,RESOLVED
2023-24,0022300099,1628984,Devonte' Graham,RESOLVED
2023-24,0022300099,1641777,Charles Bediako,RESOLVED
2023-24,0022300099,1631321,Sidy Cissoko,RESOLVED
2023-24,0022300099,1641811,Sir'Jabari Rice,RESOLVED
2023-24,0022300095,1629652,Luguentz Dort,RESOLVED
2023-24,0022300095,1631114,Jalen Williams,RESOLVED
2023-24,0022300095,1631096,Chet Holmgren,RESOLVED
2023-24,0022300095,1630581,Josh Giddey,RESOLVED
2023-24,0022300095,1628983,Shai Gilgeous-Alexander,RESOLVED
2023-24,0022300095,1630197,Aleksej Pokusevski,RESOLVED
2023-24,0022300095,1630598,Aaron Wiggins,RESOLVED
2023-24,0022300095,1641717,Cason Wallace,RESOLVED
2023-24,0022300095,1630198,Isaiah Joe,RESOLVED
2023-24,0022300095,1631172,Ousmane Dieng,RESOLVED
2023-24,0022300095,203995,Vasilije Micic,RESOLVED
2023-24,0022300095,1630544,Tre Mann,RESOLVED
2023-24,0022300095,1641749,Keyontae Johnson,RESOLVED
2023-24,0022300095,1630846,Olivier Sarr,RESOLVED
2023-24,0022300095,202722,Davis Bertans,RESOLVED
2023-24,0022300095,1630322,Lindy Waters III,RESOLVED
2023-24,0022300095,1631119,Jaylin Williams,RESOLVED
2023-24,0022300095,1629026,Kenrich Williams,RESOLVED
2023-24,0022300095,1629008,Michael Porter Jr.,RESOLVED
2023-24,0022300095,203932,Aaron Gordon,RESOLVED
2023-24,0022300095,203999,Nikola Jokic,RESOLVED
2023-24,0022300095,203484,Kentavious Caldwell-Pope,RESOLVED
2023-24,0022300095,1627750,Jamal Murray,RESOLVED
2023-24,0022300095,202704,Reggie Jackson,RESOLVED
2023-24,0022300095,1631128,Christian Braun,RESOLVED
2023-24,0022300095,1631212,Peyton Watson,RESOLVED
2023-24,0022300095,1630192,Zeke Nnaji,RESOLVED
2023-24,0022300095,1631124,Julian Strawther,RESOLVED
2023-24,0022300095,1631221,Collin Gillespie,RESOLVED
2023-24,0022300095,1641816,Hunter Tyson,RESOLVED
2023-24,0022300095,203200,Justin Holiday,RESOLVED
2023-24,0022300095,1630296,Braxton Key,RESOLVED
2023-24,0022300095,201599,DeAndre Jordan,RESOLVED
2023-24,0022300095,1628427,Vlatko Cancar,RESOLVED
2023-24,0022300095,1630643,Jay Huff,RESOLVED
2023-24,0022300095,1629618,Jalen Pickett,RESOLVED
2023-24,0022300096,1628415,Dillon Brooks,RESOLVED
2023-24,0022300096,1631095,Jabari Smith Jr.,RESOLVED
2023-24,0022300096,1630578,Alperen Sengun,RESOLVED
2023-24,0022300096,1630224,Jalen Green,RESOLVED
2023-24,0022300096,1627832,Fred VanVleet,RESOLVED
2023-24,0022300096,1641708,Amen Thompson,RESOLVED
2023-24,0022300096,201145,Jeff Green,RESOLVED
2023-24,0022300096,1630256,Jae'Sean Tate,RESOLVED
2023-24,0022300096,203493,Reggie Bullock Jr.,RESOLVED
2023-24,0022300096,1631106,Tari Eason,RESOLVED
2023-24,0022300096,1628988,Aaron Holiday,RESOLVED
2023-24,0022300096,1626246,Boban Marjanovic,RESOLVED
2023-24,0022300096,1631257,Jermaine Samuels Jr.,RESOLVED
2023-24,0022300096,1641715,Cam Whitmore,RESOLVED
2023-24,0022300096,1631466,Nate Williams,RESOLVED
2023-24,0022300096,1630207,Nate Hinton,RESOLVED
2023-24,0022300096,1629111,Jock Landale,RESOLVED
2023-24,0022300096,203506,Victor Oladipo,RESOLVED
2023-24,0022300096,203952,Andrew Wiggins,RESOLVED
2023-24,0022300096,203110,Draymond Green,RESOLVED
2023-24,0022300096,1626172,Kevon Looney,RESOLVED
2023-24,0022300096,202691,Klay Thompson,RESOLVED
2023-24,0022300096,201939,Stephen Curry,RESOLVED
2023-24,0022300096,1630228,Jonathan Kuminga,RESOLVED
2023-24,0022300096,101108,Chris Paul,RESOLVED
2023-24,0022300096,1627780,Gary Payton II,RESOLVED
2023-24,0022300096,203967,Dario Saric,RESOLVED
2023-24,0022300096,1630541,Moses Moody,RESOLVED
2023-24,0022300096,1631218,Trayce Jackson-Davis,RESOLVED
2023-24,0022300096,202709,Cory Joseph,RESOLVED
2023-24,0022300096,1641764,Brandin Podziemski,RESOLVED
2023-24,0022300096,1630586,Usman Garuba,RESOLVED
2023-24,0022300096,1631311,Lester Quinones,RESOLVED
2023-24,0022300096,1629010,Jerome Robinson,RESOLVED
2023-24,0022300111,1627752,Taurean Prince,RESOLVED
2023-24,0022300111,2544,LeBron James,RESOLVED
2023-24,0022300111,203076,Anthony Davis,RESOLVED
2023-24,0022300111,1630559,Austin Reaves,RESOLVED
2023-24,0022300111,1626156,D'Angelo Russell,RESOLVED
2023-24,0022300111,1629216,Gabe Vincent,RESOLVED
2023-24,0022300111,1629629,Cam Reddish,RESOLVED
2023-24,0022300111,1626174,Christian Wood,RESOLVED
2023-24,0022300111,1629637,Jaxson Hayes,RESOLVED
2023-24,0022300111,1630658,Colin Castleton,RESOLVED
2023-24,0022300111,1631108,Max Christie,RESOLVED
2023-24,0022300111,1641793,D'Moi Hodge,RESOLVED
2023-24,0022300111,1641721,Maxwell Lewis,RESOLVED
2023-24,0022300111,1641788,Alex Fudge,RESOLVED
2023-24,0022300111,1629060,Rui Hachimura,RESOLVED
2023-24,0022300111,1641720,Jalen Hood-Schifino,RESOLVED
2023-24,0022300111,1629020,Jarred Vanderbilt,RESOLVED
2023-24,0022300111,1630532,Franz Wagner,RESOLVED
2023-24,0022300111,1631094,Paolo Banchero,RESOLVED
2023-24,0022300111,1628976,Wendell Carter Jr.,RESOLVED
2023-24,0022300111,1630591,Jalen Suggs,RESOLVED
2023-24,0022300111,1628365,Markelle Fultz,RESOLVED
2023-24,0022300111,1630175,Cole Anthony,RESOLVED
2023-24,0022300111,1629021,Moritz Wagner,RESOLVED
2023-24,0022300111,1628371,Jonathan Isaac,RESOLVED
2023-24,0022300111,204060,Joe Ingles,RESOLVED
2023-24,0022300111,203914,Gary Harris,RESOLVED
2023-24,0022300111,1629048,Goga Bitadze,RESOLVED
2023-24,0022300111,1641710,Anthony Black,RESOLVED
2023-24,0022300111,1631216,Caleb Houstan,RESOLVED
2023-24,0022300111,1641724,Jett Howard,RESOLVED
2023-24,0022300111,1629643,Chuma Okeke,RESOLVED
2023-24,0022300111,1630284,Kevon Harris,RESOLVED
2023-24,0022300111,1630243,Trevelin Queen,RESOLVED
2023-24,0022300111,1629678,Admiral Schofield,RESOLVED
2023-24,0022300107,203114,Khris Middleton,RESOLVED
2023-24,0022300107,203507,Giannis Antetokounmpo,RESOLVED
2023-24,0022300107,201572,Brook Lopez,RESOLVED
2023-24,0022300107,1627736,Malik Beasley,RESOLVED
2023-24,0022300107,203081,Damian Lillard,RESOLVED
2023-24,0022300107,203109,Jae Crowder,RESOLVED
2023-24,0022300107,1626192,Pat Connaughton,RESOLVED
2023-24,0022300107,1626171,Bobby Portis,RESOLVED
2023-24,0022300107,1631260,AJ Green,RESOLVED
2023-24,0022300107,1626166,Cameron Payne,RESOLVED
2023-24,0022300107,203648,Thanasis Antetokounmpo,RESOLVED
2023-24,0022300107,1641748,Andre Jackson Jr.,RESOLVED
2023-24,0022300107,1641753,Chris Livingston,RESOLVED
2023-24,0022300107,201577,Robin Lopez,RESOLVED
2023-24,0022300107,1630699,MarJon Beauchamp,RESOLVED
2023-24,0022300107,1629716,Marques Bolden,RESOLVED
2023-24,0022300107,1631102,TyTy Washington Jr.,RESOLVED
2023-24,0022300107,1629623,Lindell Wigginton,RESOLVED
2023-24,0022300107,202710,Jimmy Butler,RESOLVED
2023-24,0022300107,201567,Kevin Love,RESOLVED
2023-24,0022300107,1628418,Thomas Bryant,RESOLVED
2023-24,0022300107,1629639,Tyler Herro,RESOLVED
2023-24,0022300107,200768,Kyle Lowry,RESOLVED
2023-24,0022300107,1626196,Josh Richardson,RESOLVED
2023-24,0022300107,1631170,Jaime Jaquez Jr.,RESOLVED
2023-24,0022300107,1631115,Orlando Robinson,RESOLVED
2023-24,0022300107,1629130,Duncan Robinson,RESOLVED
2023-24,0022300107,1631107,Nikola Jovic,RESOLVED
2023-24,0022300107,1631288,Jamal Cain,RESOLVED
2023-24,0022300107,1630181,R.J. Hampton,RESOLVED
2023-24,0022300107,1630696,Dru Smith,RESOLVED
2023-24,0022300107,1628389,Bam Adebayo,RESOLVED
2023-24,0022300107,1629312,Haywood Highsmith,RESOLVED
2023-24,0022300107,1628997,Caleb Martin,RESOLVED
2023-24,0022300107,1631306,Cole Swider,RESOLVED
2023-24,0022300104,1629631,De'Andre Hunter,RESOLVED
2023-24,0022300104,1630552,Jalen Johnson,RESOLVED
2023-24,0022300104,203991,Clint Capela,RESOLVED
2023-24,0022300104,1627749,Dejounte Murray,RESOLVED
2023-24,0022300104,1629027,Trae Young,RESOLVED
2023-24,0022300104,203992,Bogdan Bogdanovic,RESOLVED
2023-24,0022300104,1630180,Saddiq Bey,RESOLVED
2023-24,0022300104,1631100,AJ Griffin,RESOLVED
2023-24,0022300104,1630168,Onyeka Okongwu,RESOLVED
2023-24,0022300104,1641723,Kobe Bufkin,RESOLVED
2023-24,0022300104,1631243,Mouhamed Gueye,RESOLVED
2023-24,0022300104,1628981,Bruno Fernando,RESOLVED
2023-24,0022300104,1630235,Trent Forrest,RESOLVED
2023-24,0022300104,1629726,Garrison Mathews,RESOLVED
2023-24,0022300104,201988,Patty Mills,RESOLVED
2023-24,0022300104,1641754,Seth Lundy,RESOLVED
2023-24,0022300104,202083,Wesley Matthews,RESOLVED
2023-24,0022300104,1641936,Miles Norris,RESOLVED
2023-24,0022300104,1630183,Jaden McDaniels,RESOLVED
2023-24,0022300104,1626157,Karl-Anthony Towns,RESOLVED
2023-24,0022300104,203497,Rudy Gobert,RESOLVED
2023-24,0022300104,1630162,Anthony Edwards,RESOLVED
2023-24,0022300104,201144,Mike Conley,RESOLVED
2023-24,0022300104,203937,Kyle Anderson,RESOLVED
2023-24,0022300104,1629638,Nickeil Alexander-Walker,RESOLVED
2023-24,0022300104,1629675,Naz Reid,RESOLVED
2023-24,0022300104,1629003,Shake Milton,RESOLVED
2023-24,0022300104,1629162,Jordan McLaughlin,RESOLVED
2023-24,0022300104,1631169,Josh Minott,RESOLVED
2023-24,0022300104,1630227,Daishen Nix,RESOLVED
2023-24,0022300104,1630568,Luka Garza,RESOLVED
2023-24,0022300104,1628972,Troy Brown Jr.,RESOLVED
2023-24,0022300104,1641740,Jaylen Clark,RESOLVED
2023-24,0022300104,1631159,Leonard Miller,RESOLVED
2023-24,0022300104,1631111,Wendell Moore Jr.,RESOLVED
2023-24,0022300101,202330,Gordon Hayward,RESOLVED
2023-24,0022300101,1629023,P.J. Washington,RESOLVED
2023-24,0022300101,1631109,Mark Williams,RESOLVED
2023-24,0022300101,1626179,Terry Rozier,RESOLVED
2023-24,0022300101,1630163,LaMelo Ball,RESOLVED
2023-24,0022300101,1630208,Nick Richards,RESOLVED
2023-24,0022300101,1630177,Theo Maledon,RESOLVED
2023-24,0022300101,1630550,JT Thor,RESOLVED
2023-24,0022300101,1641706,Brandon Miller,RESOLVED
2023-24,0022300101,1641735,Amari Bailey,RESOLVED
2023-24,0022300101,1641778,Leaky Black,RESOLVED
2023-24,0022300101,1628970,Miles Bridges,RESOLVED
2023-24,0022300101,1631121,Bryce McGowens,RESOLVED
2023-24,0022300101,1641733,Nick Smith Jr.,RESOLVED
2023-24,0022300101,1630547,James Bouknight,RESOLVED
2023-24,0022300101,1628998,Cody Martin,RESOLVED
2023-24,0022300101,1628373,Frank Ntilikina,RESOLVED
2023-24,0022300101,202397,Ish Smith,RESOLVED
2023-24,0022300101,1630560,Cam Thomas,RESOLVED
2023-24,0022300101,1628969,Mikal Bridges,RESOLVED
2023-24,0022300101,1627827,Dorian Finney-Smith,RESOLVED
2023-24,0022300101,203915,Spencer Dinwiddie,RESOLVED
2023-24,0022300101,1627732,Ben Simmons,RESOLVED
2023-24,0022300101,1629022,Lonnie Walker IV,RESOLVED
2023-24,0022300101,1626220,Royce O'Neale,RESOLVED
2023-24,0022300101,1628372,Dennis Smith Jr.,RESOLVED
2023-24,0022300101,1630549,Day'Ron Sharpe,RESOLVED
2023-24,0022300101,1629651,Nic Claxton,RESOLVED
2023-24,0022300101,1628385,Harry Giles III,RESOLVED
2023-24,0022300101,1630570,Trendon Watford,RESOLVED
2023-24,0022300101,1629717,Armoni Brooks,RESOLVED
2023-24,0022300101,1641730,Noah Clowney,RESOLVED
2023-24,0022300101,1629661,Cameron Johnson,RESOLVED
2023-24,0022300101,1641727,Dariq Whitehead,RESOLVED
2023-24,0022300101,1630592,Jalen Wilson,RESOLVED
2023-24,0022300102,1631097,Bennedict Mathurin,RESOLVED
2023-24,0022300102,1630167,Obi Toppin,RESOLVED
2023-24,0022300102,1626167,Myles Turner,RESOLVED
2023-24,0022300102,1628971,Bruce Brown,RESOLVED
2023-24,0022300102,1630169,Tyrese Haliburton,RESOLVED
2023-24,0022300102,1629614,Andrew Nembhard,RESOLVED
2023-24,0022300102,1630174,Aaron Nesmith,RESOLVED
2023-24,0022300102,1630188,Jalen Smith,RESOLVED
2023-24,0022300102,1627741,Buddy Hield,RESOLVED
2023-24,0022300102,1630543,Isaiah Jackson,RESOLVED
2023-24,0022300102,204456,T.J. McConnell,RESOLVED
2023-24,0022300102,1629670,Jordan Nwora,RESOLVED
2023-24,0022300102,1641767,Ben Sheppard,RESOLVED
2023-24,0022300102,1628464,Daniel Theis,RESOLVED
2023-24,0022300102,1641716,Jarace Walker,RESOLVED
2023-24,0022300102,1631112,Kendall Brown,RESOLVED
2023-24,0022300102,1631131,Oscar Tshiebwe,RESOLVED
2023-24,0022300102,1631209,Isaiah Wong,RESOLVED
2023-24,0022300102,201942,DeMar DeRozan,RESOLVED
2023-24,0022300102,1630172,Patrick Williams,RESOLVED
2023-24,0022300102,202696,Nikola Vucevic,RESOLVED
2023-24,0022300102,203897,Zach LaVine,RESOLVED
2023-24,0022300102,1629632,Coby White,RESOLVED
2023-24,0022300102,1627936,Alex Caruso,RESOLVED
2023-24,0022300102,1628975,Jevon Carter,RESOLVED
2023-24,0022300102,203083,Andre Drummond,RESOLVED
2023-24,0022300102,1628470,Torrey Craig,RESOLVED
2023-24,0022300102,1630245,Ayo Dosunmu,RESOLVED
2023-24,0022300102,1641763,Julian Phillips,RESOLVED
2023-24,0022300102,1631207,Dalen Terry,RESOLVED
2023-24,0022300102,1628366,Lonzo Ball,RESOLVED
2023-24,0022300102,1641931,Onuralp Bitim,RESOLVED
2023-24,0022300102,1631171,Justin Lewis,RESOLVED
2023-24,0022300102,1641766,Adama Sanogo,RESOLVED
2023-24,0022300102,1630678,Terry Taylor,RESOLVED
2023-24,0022300105,1628384,OG Anunoby,RESOLVED
2023-24,0022300105,1627783,Pascal Siakam,RESOLVED
2023-24,0022300105,1627751,Jakob Poeltl,RESOLVED
2023-24,0022300105,1630567,Scottie Barnes,RESOLVED
2023-24,0022300105,203471,Dennis Schroder,RESOLVED
2023-24,0022300105,1641711,Gradey Dick,RESOLVED
2023-24,0022300105,1629018,Gary Trent Jr.,RESOLVED
2023-24,0022300105,1630201,Malachi Flynn,RESOLVED
2023-24,0022300105,1628449,Chris Boucher,RESOLVED
2023-24,0022300105,1629667,Jalen McDaniels,RESOLVED
2023-24,0022300105,1631199,Ron Harper Jr.,RESOLVED
2023-24,0022300105,203490,Otto Porter Jr.,RESOLVED
2023-24,0022300105,202066,Garrett Temple,RESOLVED
2023-24,0022300105,201152,Thaddeus Young,RESOLVED
2023-24,0022300105,1630173,Precious Achiuwa,RESOLVED
2023-24,0022300105,1631241,Javon Freeman-Liberty,RESOLVED
2023-24,0022300105,1631132,Christian Koloko,RESOLVED
2023-24,0022300105,1641806,Markquis Nowell,RESOLVED
2023-24,0022300105,1629680,Matisse Thybulle,RESOLVED
2023-24,0022300105,203924,Jerami Grant,RESOLVED
2023-24,0022300105,1629028,Deandre Ayton,RESOLVED
2023-24,0022300105,1631101,Shaedon Sharpe,RESOLVED
2023-24,0022300105,1630703,Scoot Henderson,RESOLVED
2023-24,0022300105,1627763,Malcolm Brogdon,RESOLVED
2023-24,0022300105,1641739,Toumani Camara,RESOLVED
2023-24,0022300105,1631133,Jabari Walker,RESOLVED
2023-24,0022300105,1630219,Skylar Mays,RESOLVED
2023-24,0022300105,1629650,Moses Brown,RESOLVED
2023-24,0022300105,1631303,Justin Minaya,RESOLVED
2023-24,0022300105,1631200,Kris Murray,RESOLVED
2023-24,0022300105,1641712,Rayan Rupert,RESOLVED
2023-24,0022300105,1641871,Duop Reath,RESOLVED
2023-24,0022300105,1629014,Anfernee Simons,RESOLVED
2023-24,0022300105,1630688,Ish Wainright,RESOLVED
2023-24,0022300105,1629057,Robert Williams III,RESOLVED
2023-24,0022300103,1641731,Bilal Coulibaly,RESOLVED
2023-24,0022300103,1630166,Deni Avdija,RESOLVED
2023-24,0022300103,1628398,Kyle Kuzma,RESOLVED
2023-24,0022300103,1629673,Jordan Poole,RESOLVED
2023-24,0022300103,1626145,Tyus Jones,RESOLVED
2023-24,0022300103,1630557,Corey Kispert,RESOLVED
2023-24,0022300103,201568,Danilo Gallinari,RESOLVED
2023-24,0022300103,1626153,Delon Wright,RESOLVED
2023-24,0022300103,1631098,Johnny Davis,RESOLVED
2023-24,0022300103,1630264,Anthony Gill,RESOLVED
2023-24,0022300103,1631157,Ryan Rollins,RESOLVED
2023-24,0022300103,1630647,Eugene Omoruyi,RESOLVED
2023-24,0022300103,1630215,Jared Butler,RESOLVED
2023-24,0022300103,1631116,Patrick Baldwin Jr.,RESOLVED
2023-24,0022300103,203488,Mike Muscala,RESOLVED
2023-24,0022300103,1631219,John Butler Jr.,RESOLVED
2023-24,0022300103,1629655,Daniel Gafford,RESOLVED
2023-24,0022300103,1629013,Landry Shamet,RESOLVED
2023-24,0022300103,1627759,Jaylen Brown,RESOLVED
2023-24,0022300103,1628369,Jayson Tatum,RESOLVED
2023-24,0022300103,204001,Kristaps Porzingis,RESOLVED
2023-24,0022300103,1628401,Derrick White,RESOLVED
2023-24,0022300103,201950,Jrue Holiday,RESOLVED
2023-24,0022300103,1630202,Payton Pritchard,RESOLVED
2023-24,0022300103,201143,Al Horford,RESOLVED
2023-24,0022300103,1630573,Sam Hauser,RESOLVED
2023-24,0022300103,1629052,Oshae Brissett,RESOLVED
2023-24,0022300103,1630625,Dalano Banton,RESOLVED
2023-24,0022300103,1628436,Luke Kornet,RESOLVED
2023-24,0022300103,1630205,Lamar Stevens,RESOLVED
2023-24,0022300103,1629004,Svi Mykhailiuk,RESOLVED
2023-24,0022300103,1641775,Jordan Walsh,RESOLVED
2023-24,0022300103,1631120,JD Davison,RESOLVED
2023-24,0022300103,1630233,Nathan Knight,RESOLVED
2023-24,0022300103,1629674,Neemias Queta,RESOLVED
2023-24,0022300108,1630529,Herbert Jones,RESOLVED
2023-24,0022300108,1629627,Zion Williamson,RESOLVED
2023-24,0022300108,202685,Jonas Valanciunas,RESOLVED
2023-24,0022300108,1641722,Jordan Hawkins,RESOLVED
2023-24,0022300108,203468,CJ McCollum,RESOLVED
2023-24,0022300108,1630700,Dyson Daniels,RESOLVED
2023-24,0022300108,1626204,Larry Nance Jr.,RESOLVED
2023-24,0022300108,1630346,Matt Ryan,RESOLVED
2023-24,0022300108,1629232,Kaiser Gates,RESOLVED
2023-24,0022300108,1630184,Kira Lewis Jr.,RESOLVED
2023-24,0022300108,203469,Cody Zeller,RESOLVED
2023-24,0022300108,1627742,Brandon Ingram,RESOLVED
2023-24,0022300108,1630604,E.J. Liddell,RESOLVED
2023-24,0022300108,1630631,Jose Alvarado,RESOLVED
2023-24,0022300108,1630230,Naji Marshall,RESOLVED
2023-24,0022300108,1630530,Trey Murphy III,RESOLVED
2023-24,0022300108,1631220,Dereon Seabron,RESOLVED
2023-24,0022300108,203952,Andrew Wiggins,RESOLVED
2023-24,0022300108,203110,Draymond Green,RESOLVED
2023-24,0022300108,1626172,Kevon Looney,RESOLVED
2023-24,0022300108,1630541,Moses Moody,RESOLVED
2023-24,0022300108,201939,Stephen Curry,RESOLVED
2023-24,0022300108,101108,Chris Paul,RESOLVED
2023-24,0022300108,203967,Dario Saric,RESOLVED
2023-24,0022300108,1627780,Gary Payton II,RESOLVED
2023-24,0022300108,1631218,Trayce Jackson-Davis,RESOLVED
2023-24,0022300108,1641764,Brandin Podziemski,RESOLVED
2023-24,0022300108,202709,Cory Joseph,RESOLVED
2023-24,0022300108,1629010,Jerome Robinson,RESOLVED
2023-24,0022300108,1631311,Lester Quinones,RESOLVED
2023-24,0022300108,1630586,Usman Garuba,RESOLVED
2023-24,0022300108,1630228,Jonathan Kuminga,RESOLVED
2023-24,0022300108,202691,Klay Thompson,RESOLVED
2023-24,0022300106,1630533,Ziaire Williams,RESOLVED
2023-24,0022300106,1628991,Jaren Jackson Jr.,RESOLVED
2023-24,0022300106,1630214,Xavier Tillman,RESOLVED
2023-24,0022300106,1630217,Desmond Bane,RESOLVED
2023-24,0022300106,203935,Marcus Smart,RESOLVED
2023-24,0022300106,1631223,David Roddy,RESOLVED
2023-24,0022300106,1629723,John Konchar,RESOLVED
2023-24,0022300106,1631222,Jake LaRavia,RESOLVED
2023-24,0022300106,201565,Derrick Rose,RESOLVED
2023-24,0022300106,1631367,Jacob Gilyard,RESOLVED
2023-24,0022300106,1631246,Vince Williams Jr.,RESOLVED
2023-24,0022300106,1631254,Kenneth Lofton Jr.,RESOLVED
2023-24,0022300106,1641713,GG Jackson,RESOLVED
2023-24,0022300106,1629630,Ja Morant,RESOLVED
2023-24,0022300106,203500,Steven Adams,RESOLVED
2023-24,0022300106,1630583,Santi Aldama,RESOLVED
2023-24,0022300106,1629634,Brandon Clarke,RESOLVED
2023-24,0022300106,1628379,Luke Kennard,RESOLVED
2023-24,0022300106,1627884,Derrick Jones Jr.,RESOLVED
2023-24,0022300106,1629684,Grant Williams,RESOLVED
2023-24,0022300106,1641726,Dereck Lively II,RESOLVED
2023-24,0022300106,1630182,Josh Green,RESOLVED
2023-24,0022300106,1629029,Luka Doncic,RESOLVED
2023-24,0022300106,203501,Tim Hardaway Jr.,RESOLVED
2023-24,0022300106,1628467,Maxi Kleber,RESOLVED
2023-24,0022300106,1630702,Jaden Hardy,RESOLVED
2023-24,0022300106,203957,Dante Exum,RESOLVED
2023-24,0022300106,203552,Seth Curry,RESOLVED
2023-24,0022300106,203939,Dwight Powell,RESOLVED
2023-24,0022300106,1626158,Richaun Holmes,RESOLVED
2023-24,0022300106,202693,Markieff Morris,RESOLVED
2023-24,0022300106,1641765,Olivier-Maxence Prosper,RESOLVED
2023-24,0022300106,1630535,Greg Brown III,RESOLVED
2023-24,0022300106,1641926,Dexter Dennis,RESOLVED
2023-24,0022300106,202681,Kyrie Irving,RESOLVED
2023-24,0022300106,1630639,A.J. Lawson,RESOLVED
2023-24,0022300110,1629008,Michael Porter Jr.,RESOLVED
2023-24,0022300110,203932,Aaron Gordon,RESOLVED
2023-24,0022300110,203999,Nikola Jokic,RESOLVED
2023-24,0022300110,203484,Kentavious Caldwell-Pope,RESOLVED
2023-24,0022300110,1627750,Jamal Murray,RESOLVED
2023-24,0022300110,202704,Reggie Jackson,RESOLVED
2023-24,0022300110,1631128,Christian Braun,RESOLVED
2023-24,0022300110,1631212,Peyton Watson,RESOLVED
2023-24,0022300110,1630192,Zeke Nnaji,RESOLVED
2023-24,0022300110,1631124,Julian Strawther,RESOLVED
2023-24,0022300110,1631221,Collin Gillespie,RESOLVED
2023-24,0022300110,203200,Justin Holiday,RESOLVED
2023-24,0022300110,201599,DeAndre Jordan,RESOLVED
2023-24,0022300110,1629618,Jalen Pickett,RESOLVED
2023-24,0022300110,1641816,Hunter Tyson,RESOLVED
2023-24,0022300110,1628427,Vlatko Cancar,RESOLVED
2023-24,0022300110,1630643,Jay Huff,RESOLVED
2023-24,0022300110,1630296,Braxton Key,RESOLVED
2023-24,0022300110,1628381,John Collins,RESOLVED
2023-24,0022300110,1628374,Lauri Markkanen,RESOLVED
2023-24,0022300110,1631117,Walker Kessler,RESOLVED
2023-24,0022300110,1629659,Talen Horton-Tucker,RESOLVED
2023-24,0022300110,203903,Jordan Clarkson,RESOLVED
2023-24,0022300110,203482,Kelly Olynyk,RESOLVED
2023-24,0022300110,1629012,Collin Sexton,RESOLVED
2023-24,0022300110,1641718,Keyonte George,RESOLVED
2023-24,0022300110,1630534,Ochai Agbaji,RESOLVED
2023-24,0022300110,1627739,Kris Dunn,RESOLVED
2023-24,0022300110,1631323,Simone Fontecchio,RESOLVED
2023-24,0022300110,1629677,Luka Samanic,RESOLVED
2023-24,0022300110,1630209,Omer Yurtseven,RESOLVED
2023-24,0022300110,1630528,Josh Christopher,RESOLVED
2023-24,0022300110,1641707,Taylor Hendricks,RESOLVED
2023-24,0022300110,1630548,Johnny Juzang,RESOLVED
2023-24,0022300110,1630695,Micah Potter,RESOLVED
2023-24,0022300110,1641729,Brice Sensabaugh,RESOLVED
