foldId,foldLabel,playerId,N,rawAbilityRate,P_post,target,yhat_identity,yhat_zero_linear,yhat_affine,b_zero_fit,a_affine_fit,b_affine_fit,historyDateMax,futureDateMin,futureDateMax
1,F2,1630532,2318,3.0084,1.7798548238897398,2.127335011860731,1.7798548238897398,1.9167676929700876,1.7839842481298551,1.0769236160402875,-0.18391649714864355,1.1056523930293363,2024-11-24,2024-11-25,2024-12-12
1,F2,1629660,1435,4.7093,2.226637726523888,-2.1713766206053986,2.226637726523888,2.39791875205983,2.277970833591894,1.0769236160402875,-0.18391649714864355,1.1056523930293363,2024-11-24,2024-11-25,2024-12-12
1,F2,1631106,1751,3.8504,2.0119517755893765,-0.6908540796309444,2.0119517755893765,2.1667183814663886,2.040602798191373,1.0769236160402875,-0.18391649714864355,1.1056523930293363,2024-11-24,2024-11-25,2024-12-12
1,F2,1628991,1905,3.4327,1.8657042796005707,2.186755141007808,1.8657042796005707,2.0092209992492864,1.8789039042768012,1.0769236160402875,-0.18391649714864355,1.1056523930293363,2024-11-24,2024-11-25,2024-12-12
1,F2,202681,2321,2.6997,1.598062662586075,1.346120600800403,1.598062662586075,1.7209914212511657,1.582985309950483,1.0769236160402875,-0.18391649714864355,1.1056523930293363,2024-11-24,2024-11-25,2024-12-12
1,F2,1628369,2553,2.276,1.399139898868288,1.7218768578948394,1.399139898868288,1.5067667992354787,1.3630458802179026,1.0769236160402875,-0.18391649714864355,1.1056523930293363,2024-11-24,2024-11-25,2024-12-12
1,F2,1628983,2336,2.4812,1.4725821138211381,4.110261560209524,1.4725821138211381,1.5858584549325103,1.4442474409298962,1.0769236160402875,-0.18391649714864355,1.1056523930293363,2024-11-24,2024-11-25,2024-12-12
1,F2,1627741,1501,3.5985,1.741808610125766,2.1513499029985574,1.741808610125766,1.8757948268667473,1.7419183608360118,1.0769236160402875,-0.18391649714864355,1.1056523930293363,2024-11-24,2024-11-25,2024-12-12
1,F2,203999,1941,2.7285,1.495627929963287,4.06205775853879,1.495627929963287,1.610677038586913,1.4697281026967774,1.0769236160402875,-0.18391649714864355,1.1056523930293363,2024-11-24,2024-11-25,2024-12-12
1,F2,203076,2183,2.3848,1.3761613534232089,-0.38250696977332993,1.3761613534232089,1.4820206609834183,1.3376395964582175,1.0769236160402875,-0.18391649714864355,1.1056523930293363,2024-11-24,2024-11-25,2024-12-12
1,F2,1628415,2205,2.253,1.3056149802890933,-0.3485627118833348,1.3056149802890933,1.406047605729299,1.2596398301829421,1.0769236160402875,-0.18391649714864355,1.1056523930293363,2024-11-24,2024-11-25,2024-12-12
1,F2,201939,1706,2.8452,1.4682127041742286,1.0906593213211486,1.4682127041742286,1.5811529344955992,1.4394163926976653,1.0769236160402875,-0.18391649714864355,1.1056523930293363,2024-11-24,2024-11-25,2024-12-12
1,F2,1626181,2022,2.3837,1.3307127001656545,3.0522407750280904,1.3307127001656545,1.4330759329731315,1.287389184224042,1.0769236160402875,-0.18391649714864355,1.1056523930293363,2024-11-24,2024-11-25,2024-12-12
1,F2,1626157,2024,2.2854,1.2763933774834437,1.1178286038409193,1.2763933774834437,1.374578171569346,1.2273308951127229,1.0769236160402875,-0.18391649714864355,1.1056523930293363,2024-11-24,2024-11-25,2024-12-12
1,F2,1628378,2163,2.1381,1.2289955620515547,0.4972756459766252,1.2289955620515547,1.3235343447820258,1.174925387056092,1.0769236160402875,-0.18391649714864355,1.1056523930293363,2024-11-24,2024-11-25,2024-12-12
1,F2,1627783,2352,1.941,1.1551700404858298,-0.6790003255251216,1.1551700404858298,1.2440298971414052,1.0933000224703096,1.0769236160402875,-0.18391649714864355,1.1056523930293363,2024-11-24,2024-11-25,2024-12-12
1,F2,1628368,2697,1.6128,1.012269397253898,-0.49945585347488425,1.012269397253898,1.0901368196975902,0.9353015843154926,1.0769236160402875,-0.18391649714864355,1.1056523930293363,2024-11-24,2024-11-25,2024-12-12
1,F2,1628401,2429,1.745,1.052024075452966,1.7524826247172824,1.052024075452966,1.1329495714982483,0.9792564394004033,1.0769236160402875,-0.18391649714864355,1.1056523930293363,2024-11-24,2024-11-25,2024-12-12
1,F2,1631128,2236,1.8611,1.0848330552659018,0.43002934651344793,1.0848330552659018,1.168282336676988,1.015531766443427,1.0769236160402875,-0.18391649714864355,1.1056523930293363,2024-11-24,2024-11-25,2024-12-12
1,F2,1628384,2350,1.7387,1.0344164556962023,0.30432281481151435,1.0344164556962023,1.1139875099599321,0.9597885324807869,1.0769236160402875,-0.18391649714864355,1.1056523930293363,2024-11-24,2024-11-25,2024-12-12
1,F2,1630162,2386,1.6687,0.9988756146512795,1.113430702694162,0.9988756146512795,1.0757127389047207,0.9204927165291927,1.0769236160402875,-0.18391649714864355,1.1056523930293363,2024-11-24,2024-11-25,2024-12-12
1,F2,203952,1697,2.346,1.2075104640582346,0.39971588953314885,1.2075104640582346,1.3003965353600797,1.151170337045308,1.0769236160402875,-0.18391649714864355,1.1056523930293363,2024-11-24,2024-11-25,2024-12-12
1,F2,1628386,2270,1.6327,0.9576819121447028,0.2663212449377304,0.9576819121447028,1.0313502678432502,0.8749468007750576,1.0769236160402875,-0.18391649714864355,1.1056523930293363,2024-11-24,2024-11-25,2024-12-12
1,F2,1630202,1885,1.9609,1.0606302725968437,4.127644709151773,1.0606302725968437,1.1422177884467888,0.9887719018674139,1.0769236160402875,-0.18391649714864355,1.1056523930293363,2024-11-24,2024-11-25,2024-12-12
1,F2,1629661,2269,1.619,0.9494729904368054,0.8206076156553549,0.9494729904368054,1.0225098861937898,0.8658705868445304,1.0769236160402875,-0.18391649714864355,1.1056523930293363,2024-11-24,2024-11-25,2024-12-12
1,F2,1631114,2264,1.6044,0.9400521739130435,2.060801438964894,0.9400521739130435,1.012364386396968,0.8554544385107428,1.0769236160402875,-0.18391649714864355,1.1056523930293363,2024-11-24,2024-11-25,2024-12-12
1,F2,1627832,2353,1.5137,0.9010210220086011,-0.8165652356144466,0.9010210220086011,0.9703308171498182,0.8122995520049046,1.0769236160402875,-0.18391649714864355,1.1056523930293363,2024-11-24,2024-11-25,2024-12-12
1,F2,203507,2333,1.4948,0.8866942283244343,1.0151724525604868,0.8866942283244343,0.9549019546892021,0.796459098283568,1.0769236160402875,-0.18391649714864355,1.1056523930293363,2024-11-24,2024-11-25,2024-12-12
1,F2,201942,2136,1.5861,0.906828051391863,2.1540902206342087,0.906828051391863,0.9765845442316927,0.8187201079388997,1.0769236160402875,-0.18391649714864355,1.1056523930293363,2024-11-24,2024-11-25,2024-12-12
1,F2,1630596,2122,1.5757,0.8983437399247718,2.750004089422476,0.8983437399247718,0.9674475888469408,0.8093394086621041,1.0769236160402875,-0.18391649714864355,1.1056523930293363,2024-11-24,2024-11-25,2024-12-12
1,F2,202696,2460,1.3558,0.8214945812807881,2.959629388548291,0.8214945812807881,0.8846869150304082,0.7243709525050924,1.0769236160402875,-0.18391649714864355,1.1056523930293363,2024-11-24,2024-11-25,2024-12-12
1,F2,1629639,1891,1.7544,0.9503209395588657,2.5266357846382714,0.9503209395588657,1.0234230626285372,0.8668081238205034,1.0769236160402875,-0.18391649714864355,1.1056523930293363,2024-11-24,2024-11-25,2024-12-12
1,F2,1629655,1466,2.1948,1.049437964774951,2.937200288261422,1.049437964774951,1.1301645278354,0.9763970999406173,1.0769236160402875,-0.18391649714864355,1.1056523930293363,2024-11-24,2024-11-25,2024-12-12
1,F2,1628374,1711,1.8649,0.9637100271821202,-2.2380256160122003,0.9637100271821202,1.0378420872872527,0.8816118005916342,1.0769236160402875,-0.18391649714864355,1.1056523930293363,2024-11-24,2024-11-25,2024-12-12
1,F2,1630643,1097,2.8234,1.1484129773822764,0.9619270145587104,1.1484129773822764,1.2367530563101141,1.0858290594800155,1.0769236160402875,-0.18391649714864355,1.1056523930293363,2024-11-24,2024-11-25,2024-12-12
1,F2,1627884,1963,1.5657,0.8626071007577883,-0.14997350826542627,0.8626071007577883,0.9289619581701061,0.7698271080483029,1.0769236160402875,-0.18391649714864355,1.1056523930293363,2024-11-24,2024-11-25,2024-12-12
1,F2,1629599,1844,1.4937,0.7997627177700349,0.6707093231795054,0.7997627177700349,0.8612833579951139,0.7003430656094413,1.0769236160402875,-0.18391649714864355,1.1056523930293363,2024-11-24,2024-11-25,2024-12-12
1,F2,1631260,1260,2.1214,0.9346027972027973,-0.5436077091593996,0.9346027972027973,1.006495823925004,0.8494293221105407,1.0769236160402875,-0.18391649714864355,1.1056523930293363,2024-11-24,2024-11-25,2024-12-12
1,F2,1629675,1646,1.6115,0.8171685150955021,1.5827342221054304,0.8171685150955021,0.8800280721909205,0.7195878270749277,1.0769236160402875,-0.18391649714864355,1.1056523930293363,2024-11-24,2024-11-25,2024-12-12
1,F2,1627747,1325,1.9913,0.9020418803418804,1.080061983613123,0.9020418803418804,0.9714302035975582,0.8134282664640387,1.0769236160402875,-0.18391649714864355,1.1056523930293363,2024-11-24,2024-11-25,2024-12-12
1,F2,201950,2050,1.2753,0.7162643835616439,-1.4378592247428128,0.7162643835616439,0.7713620299860731,0.6080229325779705,1.0769236160402875,-0.18391649714864355,1.1056523930293363,2024-11-24,2024-11-25,2024-12-12
1,F2,202710,1145,2.2629,0.9439054644808744,2.5773612667951404,0.9439054644808744,1.0165140860089306,0.8597148384481024,1.0769236160402875,-0.18391649714864355,1.1056523930293363,2024-11-24,2024-11-25,2024-12-12
1,F2,1629652,2001,1.2713,0.7064346848097751,0.011060700955207402,0.7064346848097751,0.7607761952616238,0.5971547026302092,1.0769236160402875,-0.18391649714864355,1.1056523930293363,2024-11-24,2024-11-25,2024-12-12
1,F2,1627736,2189,1.155,0.6672723673792558,2.126581710826024,0.6672723673792558,0.7186013707618313,0.553854792646581,1.0769236160402875,-0.18391649714864355,1.1056523930293363,2024-11-24,2024-11-25,2024-12-12
1,F2,1628449,1227,2.0548,0.8918428015564203,-3.70830621557103,0.8918428015564203,0.9604465747916406,0.8021516305981999,1.0769236160402875,-0.18391649714864355,1.1056523930293363,2024-11-24,2024-11-25,2024-12-12
1,F2,1642272,1548,1.6208,0.7970134688691233,-0.20488724088358612,0.7970134688691233,0.8583226269273494,0.697303351983115,1.0769236160402875,-0.18391649714864355,1.1056523930293363,2024-11-24,2024-11-25,2024-12-12
1,F2,1642261,1508,1.6356,0.7935922779922779,-1.9326210958279684,0.7935922779922779,0.854638265677093,0.6935207041031208,1.0769236160402875,-0.18391649714864355,1.1056523930293363,2024-11-24,2024-11-25,2024-12-12
1,F2,201142,1417,1.7068,0.8016359297315214,-0.5038623347230582,0.8016359297315214,0.8633006641942879,0.70241418689731,1.0769236160402875,-0.18391649714864355,1.1056523930293363,2024-11-24,2024-11-25,2024-12-12
1,F2,1630578,2147,1.1257,0.6450167867627435,-0.0941826564167244,0.6450167867627435,0.6946338104072208,0.529247856679677,1.0769236160402875,-0.18391649714864355,1.1056523930293363,2024-11-24,2024-11-25,2024-12-12
1,F2,1641726,1221,1.9243,0.8328856079404466,0.5529680339264736,0.8328856079404466,0.896954180651139,0.7369654683904048,1.0769236160402875,-0.18391649714864355,1.1056523930293363,2024-11-24,2024-11-25,2024-12-12
1,F2,1629636,2188,1.07,0.6180464625131996,1.8461665278687285,0.6180464625131996,0.665588831290623,0.4994280531323916,1.0769236160402875,-0.18391649714864355,1.1056523930293363,2024-11-24,2024-11-25,2024-12-12
1,F2,201143,1587,1.4169,0.7055601819893317,-1.2964824044860703,0.7055601819893317,0.7598344225219944,0.596187806494075,1.0769236160402875,-0.18391649714864355,1.1056523930293363,2024-11-24,2024-11-25,2024-12-12
1,F2,1629008,2345,0.9303,0.5529920152091254,-0.40705429821403966,0.5529920152091254,0.5955301606604171,0.4275004477934411,1.0769236160402875,-0.18391649714864355,1.1056523930293363,2024-11-24,2024-11-25,2024-12-12
1,F2,203084,2071,1.0365,0.584742985562517,-1.3698582638819492,0.584742985562517,0.6297235304661795,0.462605984145672,1.0769236160402875,-0.18391649714864355,1.1056523930293363,2024-11-24,2024-11-25,2024-12-12
1,F2,1627739,1679,1.2651,0.6477898444647758,-1.3492113623572097,0.6477898444647758,0.6976201817351818,0.5323138945639374,1.0769236160402875,-0.18391649714864355,1.1056523930293363,2024-11-24,2024-11-25,2024-12-12
1,F2,1629023,1550,1.3097,0.6444555555555556,0.2863019206712973,0.6444555555555556,0.6940294072661413,0.5286273300524068,1.0769236160402875,-0.18391649714864355,1.1056523930293363,2024-11-24,2024-11-25,2024-12-12
1,F2,1630534,2311,0.799,0.4721270774737919,1.7583574406292366,0.4721270774737919,0.508444799503609,0.3380919358742013,1.0769236160402875,-0.18391649714864355,1.1056523930293363,2024-11-24,2024-11-25,2024-12-12
1,F2,1628998,1657,1.1126,0.5660356770033774,-0.9890229854330057,0.5660356770033774,0.6095771880862895,0.44192220367012114,1.0769236160402875,-0.18391649714864355,1.1056523930293363,2024-11-24,2024-11-25,2024-12-12
1,F2,1627734,2344,0.7603,0.4518618661257606,2.452726060636072,0.4518618661257606,0.48662071481886643,0.31568565645200525,1.0769236160402875,-0.18391649714864355,1.1056523930293363,2024-11-24,2024-11-25,2024-12-12
1,F2,1629631,710,2.5047,0.7698428571428572,2.7914151908897726,0.7698428571428572,0.8290619534970722,0.6672621001078979,1.0769236160402875,-0.18391649714864355,1.1056523930293363,2024-11-24,2024-11-25,2024-12-12
1,F2,1630700,2175,0.8081,0.46559403973509933,0.8753763791804251,0.46559403973509933,0.5014092168783285,0.3308686670646649,1.0769236160402875,-0.18391649714864355,1.1056523930293363,2024-11-24,2024-11-25,2024-12-12
1,F2,1630163,2235,0.7688,0.4480490221642764,0.37474043361424875,0.4480490221642764,0.4825145731124675,0.3114699764017428,1.0769236160402875,-0.18391649714864355,1.1056523930293363,2024-11-24,2024-11-25,2024-12-12
1,F2,1629029,2141,0.8016,0.45876118684843625,3.051624927438701,0.45876118684843625,0.494050756239752,0.3233139069193085,1.0769236160402875,-0.18391649714864355,1.1056523930293363,2024-11-24,2024-11-25,2024-12-12
1,F2,203078,1281,1.3321,0.5923013189864631,-1.821130575012333,0.5923013189864631,0.6378632782283337,0.47096287358317157,1.0769236160402875,-0.18391649714864355,1.1056523930293363,2024-11-24,2024-11-25,2024-12-12
1,F2,1642377,1888,0.8979,0.48601926605504586,-0.15848590258917894,0.48601926605504586,0.5234056254652466,0.35345186742347956,1.0769236160402875,-0.18391649714864355,1.1056523930293363,2024-11-24,2024-11-25,2024-12-12
1,F2,203932,863,1.9365,0.6785219244823387,-0.4543479101261315,0.6785219244823387,0.7307162844761351,0.5662928923781249,1.0769236160402875,-0.18391649714864355,1.1056523930293363,2024-11-24,2024-11-25,2024-12-12
1,F2,1628973,2231,0.7414,0.43175760897937876,2.2661129862182907,0.43175760897937876,0.4649699655149811,0.293457336428031,1.0769236160402875,-0.18391649714864355,1.1056523930293363,2024-11-24,2024-11-25,2024-12-12
1,F2,1630198,1336,1.2324,0.5607923705722071,1.6538280120569124,0.5607923705722071,0.6039305475644262,0.43612492936711156,1.0769236160402875,-0.18391649714864355,1.1056523930293363,2024-11-24,2024-11-25,2024-12-12
1,F2,1629021,1380,1.185,0.548758389261745,2.8574088732297143,0.548758389261745,0.5909708688962021,0.4228195291335288,1.0769236160402875,-0.18391649714864355,1.1056523930293363,2024-11-24,2024-11-25,2024-12-12
1,F2,1629634,1143,1.3838,0.5766253736784542,1.9460976133756522,0.5766253736784542,0.6209814825223829,0.45363072714037467,1.0769236160402875,-0.18391649714864355,1.1056523930293363,2024-11-24,2024-11-25,2024-12-12
1,F2,203897,2227,0.7019,0.40844821008622945,-0.7310560899437704,0.40844821008622945,0.43986752337124524,0.26768524376174513,1.0769236160402875,-0.18391649714864355,1.1056523930293363,2024-11-24,2024-11-25,2024-12-12
1,F2,1628371,1047,1.4791,0.5850463543634303,0.7984110371919608,0.5850463543634303,0.6300502354922528,0.46294140458637223,1.0769236160402875,-0.18391649714864355,1.1056523930293363,2024-11-24,2024-11-25,2024-12-12
1,F2,1628381,1877,0.8243,0.44498449813057234,1.3186003896880547,0.44498449813057234,0.4792143148086485,0.30808167807038195,1.0769236160402875,-0.18391649714864355,1.1056523930293363,2024-11-24,2024-11-25,2024-12-12
1,F2,1626204,594,2.5775,0.6978281677301732,1.0498447305872631,0.6978281677301732,0.7515076337667465,0.5876388864254994,1.0769236160402875,-0.18391649714864355,1.1056523930293363,2024-11-24,2024-11-25,2024-12-12
1,F2,1641708,1943,0.7768,0.4260012418854079,1.918826285973404,0.4260012418854079,0.45877079784888664,0.2870927953754268,1.0769236160402875,-0.18391649714864355,1.1056523930293363,2024-11-24,2024-11-25,2024-12-12
1,F2,1629673,1703,0.8579,0.4423262791401756,-3.0599300367858384,0.4423262791401756,0.4763516160012835,0.3051426118824538,1.0769236160402875,-0.18391649714864355,1.1056523930293363,2024-11-24,2024-11-25,2024-12-12
1,F2,1641717,1686,0.859,0.44074071819841754,1.0690193277677857,0.44074071819841754,0.47464408797843316,0.30338953263290513,1.0769236160402875,-0.18391649714864355,1.1056523930293363,2024-11-24,2024-11-25,2024-12-12
1,F2,1631218,1290,1.108,0.49457439446366785,-0.8509113904318403,0.49457439446366785,0.5326188452867487,0.3629108656211457,1.0769236160402875,-0.18391649714864355,1.1056523930293363,2024-11-24,2024-11-25,2024-12-12
1,F2,1626164,2395,0.592,0.3549036295369211,-0.6771317884262092,0.3549036295369211,0.3822041000667237,0.20848355014365033,1.0769236160402875,-0.18391649714864355,1.1056523930293363,2024-11-24,2024-11-25,2024-12-12
1,F2,1629057,524,2.7049,0.6673105461393597,1.3062634641666062,0.6673105461393597,0.7186424863702183,0.5538970050840528,1.0769236160402875,-0.18391649714864355,1.1056523930293363,2024-11-24,2024-11-25,2024-12-12
1,F2,1630171,1390,1.0028,0.46618461538461536,-0.777152769349769,0.46618461538461536,0.5020452217423507,0.3315216384448172,1.0769236160402875,-0.18391649714864355,1.1056523930293363,2024-11-24,2024-11-25,2024-12-12
1,F2,1630322,1024,1.3404,0.5230829268292684,-2.8428036853758223,0.5230829268292684,0.5633203570499128,0.39443139265292626,1.0769236160402875,-0.18391649714864355,1.1056523930293363,2024-11-24,2024-11-25,2024-12-12
1,F2,202692,452,3.0053,0.6619861598440545,-0.6773872228650442,0.6619861598440545,0.7129085290278829,0.548010084635236,1.0769236160402875,-0.18391649714864355,1.1056523930293363,2024-11-24,2024-11-25,2024-12-12
1,F2,1631095,2069,0.6504,0.366769582992641,0.6180822760053772,0.366769582992641,0.3949828255700233,0.2216031699775417,1.0769236160402875,-0.18391649714864355,1.1056523930293363,2024-11-24,2024-11-25,2024-12-12
1,F2,1641705,1805,0.721,0.38220411160058737,1.346571444014328,0.38220411160058737,0.41160463393037017,0.23866839346819735,1.0769236160402875,-0.18391649714864355,1.1056523930293363,2024-11-24,2024-11-25,2024-12-12
1,F2,1627780,768,1.6529,0.5360756756756757,-1.1122786481915357,0.5360756756756757,0.5773125551198891,0.4087968565069856,1.0769236160402875,-0.18391649714864355,1.1056523930293363,2024-11-24,2024-11-25,2024-12-12
1,F2,1631165,1412,0.8952,0.4196621513944223,0.8682131931575072,0.4196621513944223,0.4519440815949279,0.2800839648044391,1.0769236160402875,-0.18391649714864355,1.1056523930293363,2024-11-24,2024-11-25,2024-12-12
1,F2,201572,2298,0.5464,0.3221208825038481,-1.0542408042968314,0.3221208825038481,0.3468995855881327,0.1722372274364578,1.0769236160402875,-0.18391649714864355,1.1056523930293363,2024-11-24,2024-11-25,2024-12-12
1,F2,1642349,1058,1.134,0.45138148984198645,-0.3259072623795501,0.45138148984198645,0.48610338625428434,0.3151545272642958,1.0769236160402875,-0.18391649714864355,1.1056523930293363,2024-11-24,2024-11-25,2024-12-12
1,F2,1630215,343,3.4431,0.6078143592382913,-3.132920915294867,0.6078143592382913,0.654569637632111,0.48811490366076593,1.0769236160402875,-0.18391649714864355,1.1056523930293363,2024-11-24,2024-11-25,2024-12-12
1,F2,1631222,1788,0.6537,0.34498689492325857,2.267030987094802,0.34498689492325857,0.37152453436726635,0.19751908878701746,1.0769236160402875,-0.18391649714864355,1.1056523930293363,2024-11-24,2024-11-25,2024-12-12
1,F2,1628404,2410,0.4782,0.28739700748129676,2.2594705846477185,0.28739700748129676,0.30950462453591565,0.1338446919225223,1.0769236160402875,-0.18391649714864355,1.1056523930293363,2024-11-24,2024-11-25,2024-12-12
1,F2,1630572,502,2.2642,0.5407366317792579,-1.6155682686293191,0.5407366317792579,0.5823320488211639,0.413950253776716,1.0769236160402875,-0.18391649714864355,1.1056523930293363,2024-11-24,2024-11-25,2024-12-12
1,F2,1629656,1211,0.937,0.4036666666666667,0.8257387015708983,0.4036666666666667,0.43471816634159605,0.26239851883753185,1.0769236160402875,-0.18391649714864355,1.1056523930293363,2024-11-24,2024-11-25,2024-12-12
1,F2,1629638,1558,0.7222,0.35629753008233056,2.648588897966458,0.35629753008233056,0.38370522448248656,0.21002471961732716,1.0769236160402875,-0.18391649714864355,1.1056523930293363,2024-11-24,2024-11-25,2024-12-12
1,F2,1629312,1202,0.924,0.39637687366167024,-0.10883172271822501,0.39637687366167024,0.4268676160984701,0.25433854175686904,1.0769236160402875,-0.18391649714864355,1.1056523930293363,2024-11-24,2024-11-25,2024-12-12
1,F2,203944,2194,0.5018,0.2901816552451239,0.6677489955354169,0.2901816552451239,0.3125034774751349,0.13692354438634152,1.0769236160402875,-0.18391649714864355,1.1056523930293363,2024-11-24,2024-11-25,2024-12-12
1,F2,1626172,871,1.2637,0.4454401861594496,0.8381784098150402,0.4454401861594496,0.4797050560084933,0.3085855106299849,1.0769236160402875,-0.18391649714864355,1.1056523930293363,2024-11-24,2024-11-25,2024-12-12
1,F2,1627759,1958,0.5556,0.30575177065767284,0.8126613025501714,0.30575177065767284,0.32927130246738173,0.1541386797519692,1.0769236160402875,-0.18391649714864355,1.1056523930293363,2024-11-24,2024-11-25,2024-12-12
1,F2,1630577,2006,0.4949,0.27531042706600106,0.8350184592928434,0.27531042706600106,0.2964883006495137,0.12048113536280908,1.0769236160402875,-0.18391649714864355,1.1056523930293363,2024-11-24,2024-11-25,2024-12-12
1,F2,1630540,1165,0.8393,0.3536291139240506,1.2527403714202021,0.3536291139240506,0.3808315441042114,0.2070743789063268,1.0769236160402875,-0.18391649714864355,1.1056523930293363,2024-11-24,2024-11-25,2024-12-12
1,F2,1630583,2016,0.4824,0.26894867256637167,4.490224573641142,0.26894867256637167,0.28963717698941227,0.11344724627642866,1.0769236160402875,-0.18391649714864355,1.1056523930293363,2024-11-24,2024-11-25,2024-12-12
1,F2,1631097,2201,0.4326,0.25050055248618786,-1.1792297325698533,0.25050055248618786,0.2697699608035153,0.09305003816288088,1.0769236160402875,-0.18391649714864355,1.1056523930293363,2024-11-24,2024-11-25,2024-12-12
1,F2,1630241,1140,0.8115,0.3376313868613139,-0.253592762154754,0.3376313868613139,0.3636032140273834,0.18938645369638174,1.0769236160402875,-0.18391649714864355,1.1056523930293363,2024-11-24,2024-11-25,2024-12-12
1,F2,203081,2060,0.4448,0.25035191256830597,1.1485191493774876,0.25035191256830597,0.26960988696566196,0.09288569408197511,1.0769236160402875,-0.18391649714864355,1.1056523930293363,2024-11-24,2024-11-25,2024-12-12
1,F2,203991,1601,0.5704,0.2852890971571384,1.1342709827176736,0.2852890971571384,0.3072345661273344,0.13151407582832536,1.0769236160402875,-0.18391649714864355,1.1056523930293363,2024-11-24,2024-11-25,2024-12-12
1,F2,201567,344,2.6089,0.4616572016460906,-1.1896788695057938,0.4616572016460906,0.49716954296774807,0.32651589261058334,1.0769236160402875,-0.18391649714864355,1.1056523930293363,2024-11-24,2024-11-25,2024-12-12
1,F2,1627936,1051,0.8197,0.324973481705017,3.4140721735285062,0.324973481705017,0.34997161703496915,0.17539121056958373,1.0769236160402875,-0.18391649714864355,1.1056523930293363,2024-11-24,2024-11-25,2024-12-12
1,F2,1630191,1646,0.5182,0.2627717806531115,-2.409860335466755,0.2627717806531115,0.2829851362142941,0.10661775095104903,1.0769236160402875,-0.18391649714864355,1.1056523930293363,2024-11-24,2024-11-25,2024-12-12
1,F2,1630228,1412,0.5918,0.2774308100929615,0.435160047918505,0.2774308100929615,0.2987717912062984,0.12282554193070666,1.0769236160402875,-0.18391649714864355,1.1056523930293363,2024-11-24,2024-11-25,2024-12-12
1,F2,1629130,1052,0.7902,0.3134579185520362,0.6341946205908091,0.3134579185520362,0.33757023512352075,0.16265900061241007,1.0769236160402875,-0.18391649714864355,1.1056523930293363,2024-11-24,2024-11-25,2024-12-12
1,F2,1631111,482,1.7187,0.397893083573487,-0.27077693669721054,0.397893083573487,0.42850045835937994,0.25601494287420407,1.0769236160402875,-0.18391649714864355,1.1056523930293363,2024-11-24,2024-11-25,2024-12-12
1,F2,1627777,1482,0.5565,0.26759669046073975,0.05178858444226229,0.26759669046073975,0.2881811955313934,0.11195242402600392,1.0769236160402875,-0.18391649714864355,1.1056523930293363,2024-11-24,2024-11-25,2024-12-12
1,F2,1630230,1688,0.4886,0.25083844282238443,1.7492164534563044,0.25083844282238443,0.27013384288619713,0.09342362742167815,1.0769236160402875,-0.18391649714864355,1.1056523930293363,2024-11-24,2024-11-25,2024-12-12
1,F2,1629006,630,1.2397,0.3502291479820628,1.1944829043322316,0.3502291479820628,0.37717004048755204,0.2033151984263497,1.0769236160402875,-0.18391649714864355,1.1056523930293363,2024-11-24,2024-11-25,2024-12-12
1,F2,1628370,997,0.7822,0.3002901039661147,1.0072445965466938,0.3002901039661147,0.32338950462430216,0.14809997490451937,1.0769236160402875,-0.18391649714864355,1.1056523930293363,2024-11-24,2024-11-25,2024-12-12
1,F2,1628436,964,0.8071,0.30344945397815914,3.104143481434826,0.30344945397815914,0.32679188326361,0.15159311780575357,1.0769236160402875,-0.18391649714864355,1.1056523930293363,2024-11-24,2024-11-25,2024-12-12
1,F2,1628988,405,1.8846,0.3806798004987531,4.978555659525524,0.3806798004987531,0.40996306730661247,0.2369830352507331,1.0769236160402875,-0.18391649714864355,1.1056523930293363,2024-11-24,2024-11-25,2024-12-12
1,F2,1629048,1145,0.658,0.27446630236794173,2.102782829666119,0.27446630236794173,0.29557924282729076,0.11954782687038462,1.0769236160402875,-0.18391649714864355,1.1056523930293363,2024-11-24,2024-11-25,2024-12-12
1,F2,1629060,1473,0.5102,0.24455730556459485,2.1909002807850526,0.24455730556459485,0.263369537837693,0.08647887298165735,1.0769236160402875,-0.18391649714864355,1.1056523930293363,2024-11-24,2024-11-25,2024-12-12
1,F2,1630178,1432,0.5178,0.24455461741424803,0.9167892722012895,0.24455461741424803,0.26336664290510103,0.08647590082179357,1.0769236160402875,-0.18391649714864355,1.1056523930293363,2024-11-24,2024-11-25,2024-12-12
1,F2,101108,2015,0.3678,0.2050116182572614,-1.5483048530965846,0.2050116182572614,0.220781853263881,0.04275508917631429,1.0769236160402875,-0.18391649714864355,1.1056523930293363,2024-11-24,2024-11-25,2024-12-12
1,F2,1626166,873,0.8261,0.29162365547917507,2.272430793474909,0.29162365547917507,0.3140564015815202,0.13851789539586906,1.0769236160402875,-0.18391649714864355,1.1056523930293363,2024-11-24,2024-11-25,2024-12-12
1,F2,1627826,2484,0.2889,0.17571684622918704,0.25989580826431846,0.17571684622918704,0.18923362144033126,0.010365254380225009,1.0769236160402875,-0.18391649714864355,1.1056523930293363,2024-11-24,2024-11-25,2024-12-12
1,F2,1629650,96,7.1628,0.4054415094339623,-5.765193135783092,0.4054415094339623,0.436629536432455,0.26436087799044306,1.0769236160402875,-0.18391649714864355,1.1056523930293363,2024-11-24,2024-11-25,2024-12-12
1,F2,1630537,150,4.4849,0.38442,-2.8401258277977175,0.38442,0.4139909764782073,0.24111839577969385,1.0769236160402875,-0.18391649714864355,1.1056523930293363,2024-11-24,2024-11-25,2024-12-12
1,F2,1628420,575,1.1616,0.3070896551724138,2.242801208495508,0.3070896551724138,0.33071210189684086,0.1556179149672895,1.0769236160402875,-0.18391649714864355,1.1056523930293363,2024-11-24,2024-11-25,2024-12-12
1,F2,203471,2206,0.3023,0.17521644771413558,0.22644544202231592,0.17521644771413558,0.18869473046204085,0.009811987564590036,1.0769236160402875,-0.18391649714864355,1.1056523930293363,2024-11-24,2024-11-25,2024-12-12
1,F2,1629731,1226,0.5367,0.23283588110403394,0.09181955205534664,0.23283588110403394,0.25074645902248266,0.0735190519771256,1.0769236160402875,-0.18391649714864355,1.1056523930293363,2024-11-24,2024-11-25,2024-12-12
1,F2,1629637,731,0.8641,0.27098116688116686,0.7011760274385437,0.27098116688116686,0.2918260181164828,0.11569447847940051,1.0769236160402875,-0.18391649714864355,1.1056523930293363,2024-11-24,2024-11-25,2024-12-12
1,F2,1630560,2169,0.2912,0.16758100291854602,3.1476123827638967,0.16758100291854602,0.18047193964269856,0.001369839754503055,1.0769236160402875,-0.18391649714864355,1.1056523930293363,2024-11-24,2024-11-25,2024-12-12
1,F2,1629651,1270,0.4879,0.21589999999999998,-0.6100549056219136,0.21589999999999998,0.23250780870309806,0.05479385450639013,1.0769236160402875,-0.18391649714864355,1.1056523930293363,2024-11-24,2024-11-25,2024-12-12
1,F2,1630264,168,3.6806,0.3497402714932127,-2.408114122035082,0.3497402714932127,0.3766435578513825,0.20277467096655682,1.0769236160402875,-0.18391649714864355,1.1056523930293363,2024-11-24,2024-11-25,2024-12-12
1,F2,1630541,1078,0.5654,0.22759566840926063,-2.6476398511874617,0.22759566840926063,0.2451031502184072,0.06772519827116674,1.0769236160402875,-0.18391649714864355,1.1056523930293363,2024-11-24,2024-11-25,2024-12-12
1,F2,1641890,133,4.4937,0.34487137911136756,-0.2588049857305008,0.34487137911136756,0.3714001326614148,0.19739136845316746,1.0769236160402875,-0.18391649714864355,1.1056523930293363,2024-11-24,2024-11-25,2024-12-12
1,F2,204456,1289,0.4556,0.20327739702319142,0.8264737231072817,0.20327739702319142,0.2189142294614725,0.0408376433188225,1.0769236160402875,-0.18391649714864355,1.1056523930293363,2024-11-24,2024-11-25,2024-12-12
1,F2,1631204,465,1.243,0.27990072639225183,2.8491903515617727,0.27990072639225183,0.301431702398647,0.12555641079759916,1.0769236160402875,-0.18391649714864355,1.1056523930293363,2024-11-24,2024-11-25,2024-12-12
1,F2,1630548,732,0.7627,0.23940668953687821,-2.3487808500232195,0.23940668953687821,0.25782271780028937,0.08078408204503723,1.0769236160402875,-0.18391649714864355,1.1056523930293363,2024-11-24,2024-11-25,2024-12-12
1,F2,1629646,384,1.4154,0.27394838709677416,-3.41191598343929,0.27394838709677416,0.2950214876406625,0.11897519261143175,1.0769236160402875,-0.18391649714864355,1.1056523930293363,2024-11-24,2024-11-25,2024-12-12
1,F2,1629726,1252,0.4244,0.18630743338008415,-5.320027707374946,0.18630743338008415,0.2006388748508652,0.022074762407200132,1.0769236160402875,-0.18391649714864355,1.1056523930293363,2024-11-24,2024-11-25,2024-12-12
1,F2,203468,588,0.8969,0.24103162705667278,-0.782819284139337,0.24103162705667278,0.25957265138994606,0.08258069810232121,1.0769236160402875,-0.18391649714864355,1.1056523930293363,2024-11-24,2024-11-25,2024-12-12
1,F2,1641745,99,5.0279,0.29297357268981755,-0.753735277037306,0.29297357268981755,0.31551015930536036,0.1400104345902074,1.0769236160402875,-0.18391649714864355,1.1056523930293363,2024-11-24,2024-11-25,2024-12-12
1,F2,203914,1136,0.4378,0.1817766081871345,1.6627825500797497,0.1817766081871345,0.19575952220042742,0.01706524469021775,1.0769236160402875,-0.18391649714864355,1.1056523930293363,2024-11-24,2024-11-25,2024-12-12
1,F2,1630625,929,0.5305,0.19487327006722024,-0.6800264876103495,0.19487327006722024,0.20986362667038636,0.03154560023863062,1.0769236160402875,-0.18391649714864355,1.1056523930293363,2024-11-24,2024-11-25,2024-12-12
1,F2,1642419,776,0.6078,0.19850707070707072,2.848832249802979,0.19850707070707072,0.21377695239542363,0.03556332061187284,1.0769236160402875,-0.18391649714864355,1.1056523930293363,2024-11-24,2024-11-25,2024-12-12
1,F2,1629659,531,0.8682,0.2163370248709526,5.566004436077632,0.2163370248709526,0.2329784511074239,0.05527705210077222,1.0769236160402875,-0.18391649714864355,1.1056523930293363,2024-11-24,2024-11-25,2024-12-12
1,F2,1628964,261,1.7158,0.24063610961848467,-0.6448325013284938,0.24063610961848467,0.2591467093202055,0.08214339330030368,1.0769236160402875,-0.18391649714864355,1.1056523930293363,2024-11-24,2024-11-25,2024-12-12
1,F2,1630696,198,2.2232,0.24482402669632924,0.49498299851639194,0.24482402669632924,0.26365677612335475,0.08677377383923096,1.0769236160402875,-0.18391649714864355,1.1056523930293363,2024-11-24,2024-11-25,2024-12-12
1,F2,203497,2174,0.1928,0.11106179120296768,1.5416493927953772,0.11106179120296768,0.11960506578621134,-0.06112076193095785,1.0769236160402875,-0.18391649714864355,1.1056523930293363,2024-11-24,2024-11-25,2024-12-12
1,F2,1630188,1042,0.3985,0.157167676003028,0.3461274549713861,0.157167676003028,0.16925758196582924,-0.010143680069036265,1.0769236160402875,-0.18391649714864355,1.1056523930293363,2024-11-24,2024-11-25,2024-12-12
1,F2,1628976,663,0.6187,0.18126296950950066,0.3009756594694843,0.18126296950950066,0.19520637257837184,0.01649733885713947,1.0769236160402875,-0.18391649714864355,1.1056523930293363,2024-11-24,2024-11-25,2024-12-12
1,F2,1641724,702,0.5821,0.17751268462206776,0.03348708418345383,0.17751268462206776,0.19116760221621634,0.01235082739680754,1.0769236160402875,-0.18391649714864355,1.1056523930293363,2024-11-24,2024-11-25,2024-12-12
1,F2,1630598,1420,0.2838,0.13344238410596027,2.5322295321177632,0.13344238410596027,0.14370725482442773,-0.03637560583034871,1.0769236160402875,-0.18391649714864355,1.1056523930293363,2024-11-24,2024-11-25,2024-12-12
1,F2,1627751,2382,0.1664,0.09953912606730286,0.6118974806794051,0.09953912606730286,0.10719603558188984,-0.07386082421228136,1.0769236160402875,-0.18391649714864355,1.1056523930293363,2024-11-24,2024-11-25,2024-12-12
1,F2,1641706,1623,0.2436,0.12266919019547005,-0.17355566319709853,0.12266919019547005,0.1321053478820394,-0.04828701345805128,1.0769236160402875,-0.18391649714864355,1.1056523930293363,2024-11-24,2024-11-25,2024-12-12
1,F2,1642278,375,1.0199,0.19365189873417724,1.9980399135368816,0.19365189873417724,0.20854830303787772,0.030195188101474202,1.0769236160402875,-0.18391649714864355,1.1056523930293363,2024-11-24,2024-11-25,2024-12-12
1,F2,1630231,841,0.423,0.14573658336747233,3.1175634131126175,0.14573658336747233,0.15694716834945513,-0.022782494996478414,1.0769236160402875,-0.18391649714864355,1.1056523930293363,2024-11-24,2024-11-25,2024-12-12
1,F2,1629026,284,1.2029,0.18132887473460724,4.952140871530728,0.18132887473460724,0.19527734747170955,0.0165702071269917,1.0769236160402875,-0.18391649714864355,1.1056523930293363,2024-11-24,2024-11-25,2024-12-12
1,F2,1630573,1141,0.2937,0.12225892010215252,2.620769059214857,0.12225892010215252,0.1316635183295907,-0.048740629568516214,1.0769236160402875,-0.18391649714864355,1.1056523930293363,2024-11-24,2024-11-25,2024-12-12
1,F2,1627827,1604,0.1975,0.09887328339575531,0.14835134941701242,0.09887328339575531,0.10647897388433293,-0.07459701475545896,1.0769236160402875,-0.18391649714864355,1.1056523930293363,2024-11-24,2024-11-25,2024-12-12
1,F2,203937,987,0.3183,0.12143877077696175,1.0711885231959124,0.12143877077696175,0.13078028015261325,-0.04964742963255478,1.0769236160402875,-0.18391649714864355,1.1056523930293363,2024-11-24,2024-11-25,2024-12-12
1,F2,203924,2270,0.1373,0.08053514211886305,-2.591086882825298,0.08053514211886305,0.08673019646896446,-0.09487262454196493,1.0769236160402875,-0.18391649714864355,1.1056523930293363,2024-11-24,2024-11-25,2024-12-12
1,F2,1630183,1955,0.1462,0.08039971870604783,-1.0048312425178665,0.08039971870604783,0.08658435579753897,-0.09502235576241629,1.0769236160402875,-0.18391649714864355,1.1056523930293363,2024-11-24,2024-11-25,2024-12-12
1,F2,203939,483,0.5815,0.13483653384541527,-0.1510373278352967,0.13483653384541527,0.14520864760314323,-0.03483416083467905,1.0769236160402875,-0.18391649714864355,1.1056523930293363,2024-11-24,2024-11-25,2024-12-12
1,F2,1630224,2407,0.1139,0.06841959071624656,1.71981263645272,0.06841959071624656,0.07368267304213674,-0.10826821294313778,1.0769236160402875,-0.18391649714864355,1.1056523930293363,2024-11-24,2024-11-25,2024-12-12
1,F2,1641796,533,0.5087,0.1271153774027192,0.7127585712571461,0.1271153774027192,0.1368935518868622,-0.043371075932499864,1.0769236160402875,-0.18391649714864355,1.1056523930293363,2024-11-24,2024-11-25,2024-12-12
1,F2,1631101,1130,0.2392,0.0990095238095238,-2.4811848247525057,0.0990095238095238,0.10662569440337931,-0.07444638021594852,1.0769236160402875,-0.18391649714864355,1.1056523930293363,2024-11-24,2024-11-25,2024-12-12
1,F2,1631107,929,0.2906,0.10674867536575723,7.9246760667693215,0.10674867536575723,0.11496016948240204,-0.06588956877778232,1.0769236160402875,-0.18391649714864355,1.1056523930293363,2024-11-24,2024-11-25,2024-12-12
1,F2,202066,108,2.4373,0.15411498829039813,-9.69156263211688,0.15411498829039813,0.16597007047570211,-0.01351889154367672,1.0769236160402875,-0.18391649714864355,1.1056523930293363,2024-11-24,2024-11-25,2024-12-12
1,F2,1628418,303,0.8332,0.1326640042038886,1.360233364060749,0.1326640042038886,0.1428689991256356,-0.037236223431760196,1.0769236160402875,-0.18391649714864355,1.1056523930293363,2024-11-24,2024-11-25,2024-12-12
1,F2,1629012,1809,0.1389,0.07370786154297448,0.3237541937012497,0.07370786154297448,0.07937773678345693,-0.10242122364857884,1.0769236160402875,-0.18391649714864355,1.1056523930293363,2024-11-24,2024-11-25,2024-12-12
1,F2,1629111,649,0.3681,0.10622361049355268,-8.856098728912185,0.10622361049355268,0.11439471472157178,-0.06647010801023091,1.0769236160402875,-0.18391649714864355,1.1056523930293363,2024-11-24,2024-11-25,2024-12-12
1,F2,1630538,116,2.0567,0.13903100233100235,0.8012257903943714,0.13903100233100235,0.1497257697720087,-0.03019653671610359,1.0769236160402875,-0.18391649714864355,1.1056523930293363,2024-11-24,2024-11-25,2024-12-12
1,F2,1642367,1015,0.2345,0.09102007648183556,-1.1075424296155938,0.09102007648183556,0.09802166989708189,-0.08327993177278885,1.0769236160402875,-0.18391649714864355,1.1056523930293363,2024-11-24,2024-11-25,2024-12-12
1,F2,1631212,1730,0.1302,0.06764144144144144,-1.3046729877249508,0.06764144144144144,0.07284466571129447,-0.10912857555096012,1.0769236160402875,-0.18391649714864355,1.1056523930293363,2024-11-24,2024-11-25,2024-12-12
1,F2,202709,159,1.3734,0.1241447413303013,-6.208079824907812,0.1241447413303013,0.1336944037458142,-0.04665556681478797,1.0769236160402875,-0.18391649714864355,1.1056523930293363,2024-11-24,2024-11-25,2024-12-12
1,F2,1641810,376,0.5536,0.1053408906882591,-2.157985788243506,0.1053408906882591,0.11344409291690463,-0.06744608927532816,1.0769236160402875,-0.18391649714864355,1.1056523930293363,2024-11-24,2024-11-25,2024-12-12
1,F2,1629629,871,0.2279,0.08033221367867259,-2.0066182487504096,0.08033221367867259,0.08651165803935713,-0.09509699285747522,1.0769236160402875,-0.18391649714864355,1.1056523930293363,2024-11-24,2024-11-25,2024-12-12
1,F2,1628380,1098,0.1764,0.0717891771682728,-2.8810972367421805,0.0717891771682728,0.07731146026861319,-0.10454262161893575,1.0769236160402875,-0.18391649714864355,1.1056523930293363,2024-11-24,2024-11-25,2024-12-12
1,F2,1628470,229,0.8278,0.1036447238928376,6.262800005630406,0.1036447238928376,0.11161745083817186,-0.06932146015166284,1.0769236160402875,-0.18391649714864355,1.1056523930293363,2024-11-24,2024-11-25,2024-12-12
1,F2,1626220,1630,0.1133,0.05717616099071208,3.158561471488877,0.05717616099071208,0.06157435804541928,-0.12069953792503216,1.0769236160402875,-0.18391649714864355,1.1056523930293363,2024-11-24,2024-11-25,2024-12-12
1,F2,1631321,83,2.0505,0.10112388591800357,-7.257849506071026,0.10112388591800357,0.10890270089086192,-0.07210863069097731,1.0769236160402875,-0.18391649714864355,1.1056523930293363,2024-11-24,2024-11-25,2024-12-12
1,F2,1631117,1145,0.1374,0.057312568306010926,0.9444566823780685,0.057312568306010926,0.06172125830466526,-0.12054871885044528,1.0769236160402875,-0.18391649714864355,1.1056523930293363,2024-11-24,2024-11-25,2024-12-12
1,F2,1629626,83,1.6289,0.08033196672608438,-0.06621403699359696,0.08033196672608438,0.08651139209028284,-0.09509726590119534,1.0769236160402875,-0.18391649714864355,1.1056523930293363,2024-11-24,2024-11-25,2024-12-12
1,F2,1629162,488,0.2753,0.06434214559386973,-1.1771497861611473,0.06434214559386973,0.06929157609674085,-0.11277644990013952,1.0769236160402875,-0.18391649714864355,1.1056523930293363,2024-11-24,2024-11-25,2024-12-12
1,F2,1630194,293,0.4357,0.06743798203909139,1.12867990580692,0.06743798203909139,0.07262555547599826,-0.10935353092605277,1.0769236160402875,-0.18391649714864355,1.1056523930293363,2024-11-24,2024-11-25,2024-12-12
1,F2,1630256,186,0.6289,0.06549574468085106,4.571759610147495,0.06549574468085106,0.07053391419695355,-0.11150097030902215,1.0769236160402875,-0.18391649714864355,1.1056523930293363,2024-11-24,2024-11-25,2024-12-12
1,F2,1631103,877,0.1293,0.04577961243439645,-9.77069002800636,0.04577961243439645,0.04930114576377313,-0.13330015910859755,1.0769236160402875,-0.18391649714864355,1.1056523930293363,2024-11-24,2024-11-25,2024-12-12
1,F2,1630530,635,0.1627,0.046225727069351234,0.6313984775231493,0.046225727069351234,0.04978157714961713,-0.1328069113948944,1.0769236160402875,-0.18391649714864355,1.1056523930293363,2024-11-24,2024-11-25,2024-12-12
1,F2,1628408,64,1.3623,0.05239615384615385,0.8437288531134577,0.05239615384615385,0.05642665546660322,-0.12598456426311028,1.0769236160402875,-0.18391649714864355,1.1056523930293363,2024-11-24,2024-11-25,2024-12-12
1,F2,1631323,1258,0.0607,0.026718194541637506,-1.0378563077509335,0.026718194541637506,0.028773454679848137,-0.15437546141625869,1.0769236160402875,-0.18391649714864355,1.1056523930293363,2024-11-24,2024-11-25,2024-12-12
1,F2,1631124,1216,0.0619,0.026729545454545454,-0.5883383433393564,0.026729545454545454,0.028785678746022322,-0.15436291125223894,1.0769236160402875,-0.18391649714864355,1.1056523930293363,2024-11-24,2024-11-25,2024-12-12
1,F2,1641711,2384,0.0295,0.017652610441767067,-0.1895333104927439,0.017652610441767067,0.019010513069498327,-0.16439884617048914,1.0769236160402875,-0.18391649714864355,1.1056523930293363,2024-11-24,2024-11-25,2024-12-12
1,F2,203926,500,0.1395,0.03321428571428572,8.036884442409065,0.03321428571428572,0.03576924867562384,-0.14719304266588346,1.0769236160402875,-0.18391649714864355,1.1056523930293363,2024-11-24,2024-11-25,2024-12-12
1,F2,1629674,1113,0.0294,0.012061260597124953,0.46683988800655546,0.012061260597124953,0.012989056376260041,-0.1705809355064819,1.0769236160402875,-0.18391649714864355,1.1056523930293363,2024-11-24,2024-11-25,2024-12-12
1,F2,1630167,1366,0.0231,0.010638772757923128,0.5998053356674482,0.010638772757923128,0.011457145628693478,-0.17215371258995055,1.0769236160402875,-0.18391649714864355,1.1056523930293363,2024-11-24,2024-11-25,2024-12-12
1,F2,1629723,543,0.0351,0.008893747083527765,1.467340018587968,0.008893747083527765,0.009577886269340481,-0.1740831044027434,1.0769236160402875,-0.18391649714864355,1.1056523930293363,2024-11-24,2024-11-25,2024-12-12
1,F2,1641737,178,0.045,0.004505061867266591,-2.6023999842691805,0.004505061867266591,0.004851607516581947,-0.17893546471435504,1.0769236160402875,-0.18391649714864355,1.1056523930293363,2024-11-24,2024-11-25,2024-12-12
1,F2,1631115,81,0.0033,0.00015901249256395004,-1.6439894683688108,0.00015901249256395004,0.00017124430848754842,-0.18374068460571866,1.0769236160402875,-0.18391649714864355,1.1056523930293363,2024-11-24,2024-11-25,2024-12-12
1,F2,201599,203,-0.0278,-0.0031300055463117024,-4.360939208164818,-0.0031300055463117024,-0.003370776891160154,-0.18737719527111818,1.0769236160402875,-0.18391649714864355,1.1056523930293363,2024-11-24,2024-11-25,2024-12-12
1,F2,1642345,703,-0.0388,-0.011843855840208424,-0.4611840209335491,-0.011843855840208424,-0.012754928059297134,-0.19701168470106448,1.0769236160402875,-0.18391649714864355,1.1056523930293363,2024-11-24,2024-11-25,2024-12-12
1,F2,1631248,77,-0.6308,-0.028963387000596304,-2.5250680372281358,-0.028963387000596304,-0.03119135546145643,-0.21593993529608763,1.0769236160402875,-0.18391649714864355,1.1056523930293363,2024-11-24,2024-11-25,2024-12-12
1,F2,1627763,377,-0.1384,-0.026391906929691452,0.31177348388131676,-0.026391906929691452,-0.02842206784492204,-0.21309677220206444,1.0769236160402875,-0.18391649714864355,1.1056523930293363,2024-11-24,2024-11-25,2024-12-12
1,F2,1629004,67,-0.8775,-0.03526844631073785,-1.5359438667377499,-0.03526844631073785,-0.03798142273308254,-0.2229111392105375,1.0769236160402875,-0.18391649714864355,1.1056523930293363,2024-11-24,2024-11-25,2024-12-12
1,F2,1631110,836,-0.0715,-0.024537766830870278,0.1372172354214641,-0.024537766830870278,-0.026425300585054247,-0.21104673776479116,1.0769236160402875,-0.18391649714864355,1.1056523930293363,2024-11-24,2024-11-25,2024-12-12
1,F2,1631386,55,-1.2569,-0.041770090634441086,-0.9880479106655211,-0.041770090634441086,-0.04498319704837284,-0.2300996978156656,1.0769236160402875,-0.18391649714864355,1.1056523930293363,2024-11-24,2024-11-25,2024-12-12
1,F2,1641757,318,-0.2701,-0.04478196037539103,-1.6895891013744146,-0.04478196037539103,-0.04822675070083898,-0.23342977880223956,1.0769236160402875,-0.18391649714864355,1.1056523930293363,2024-11-24,2024-11-25,2024-12-12
1,F2,1631116,175,-0.5696,-0.056157746478873234,5.205264090096397,-0.056157746478873234,-0.060477603406701885,-0.24600744393014454,1.0769236160402875,-0.18391649714864355,1.1056523930293363,2024-11-24,2024-11-25,2024-12-12
1,F2,1631098,273,-0.3757,-0.0547603310197544,0.0777676590856068,-0.0547603310197544,-0.05897269369735703,-0.2444623881837136,1.0769236160402875,-0.18391649714864355,1.1056523930293363,2024-11-24,2024-11-25,2024-12-12
1,F2,1630545,64,-1.7174,-0.06605384615384616,-1.7503469097492883,-0.06605384615384616,-0.07113494685336884,-0.25694909021743517,1.0769236160402875,-0.18391649714864355,1.1056523930293363,2024-11-24,2024-11-25,2024-12-12
1,F2,1642285,85,-1.3076,-0.06596201780415431,2.07142155203185,-0.06596201780415431,-0.07103605473496369,-0.25684755998285047,1.0769236160402875,-0.18391649714864355,1.1056523930293363,2024-11-24,2024-11-25,2024-12-12
1,F2,1641733,94,-1.2498,-0.06935135773317591,-1.816903723975662,-0.06935135773317591,-0.07468611494731536,-0.2605949917861631,1.0769236160402875,-0.18391649714864355,1.1056523930293363,2024-11-24,2024-11-25,2024-12-12
1,F2,1629640,1735,-0.0689,-0.035844527736131934,-0.9552819074920346,-0.035844527736131934,-0.03860181842485158,-0.22354808501710424,1.0769236160402875,-0.18391649714864355,1.1056523930293363,2024-11-24,2024-11-25,2024-12-12
1,F2,1631213,86,-1.4153,-0.0721920521945433,1.5369369130941515,-0.0721920521945433,-0.07774532589871674,-0.26373581241523913,1.0769236160402875,-0.18391649714864355,1.1056523930293363,2024-11-24,2024-11-25,2024-12-12
1,F2,1631207,1106,-0.1122,-0.04585853658536585,0.42438524360930097,-0.04585853658536585,-0.04938614104582801,-0.23462009786507668,1.0769236160402875,-0.18391649714864355,1.1056523930293363,2024-11-24,2024-11-25,2024-12-12
1,F2,1641854,531,-0.25,-0.06229469732519944,2.3642410701382484,-0.06229469732519944,-0.06708663070358901,-0.2527927783192885,1.0769236160402875,-0.18391649714864355,1.1056523930293363,2024-11-24,2024-11-25,2024-12-12
1,F2,1628975,192,-0.7864,-0.08425714285714285,-5.694055264988378,-0.08425714285714285,-0.09073850696293737,-0.27707560877845816,1.0769236160402875,-0.18391649714864355,1.1056523930293363,2024-11-24,2024-11-25,2024-12-12
1,F2,1641725,127,-1.2593,-0.09260631152287203,-5.404253052140532,-0.09260631152287203,-0.0997299238733647,-0.2863068870935272,1.0769236160402875,-0.18391649714864355,1.1056523930293363,2024-11-24,2024-11-25,2024-12-12
1,F2,1630170,385,-0.5088,-0.09868413098236777,2.4041050023038855,-0.09868413098236777,-0.10627527118332486,-0.2930268427233189,1.0769236160402875,-0.18391649714864355,1.1056523930293363,2024-11-24,2024-11-25,2024-12-12
1,F2,1642403,90,-2.2314,-0.11883195266272188,0.6465183699131994,-0.11883195266272188,-0.12797293616266672,-0.31530332997853083,1.0769236160402875,-0.18391649714864355,1.1056523930293363,2024-11-24,2024-11-25,2024-12-12
1,F2,1630531,69,-2.9982,-0.12395194727381666,4.449758351124062,-0.12395194727381666,-0.1334867792733537,-0.32096426427258506,1.0769236160402875,-0.18391649714864355,1.1056523930293363,2024-11-24,2024-11-25,2024-12-12
1,F2,1631245,613,-0.3378,-0.09357044735652958,-0.11606745207480475,-0.09357044735652958,-0.1007682245217012,-0.287372886185216,1.0769236160402875,-0.18391649714864355,1.1056523930293363,2024-11-24,2024-11-25,2024-12-12
1,F2,1628392,117,-1.7952,-0.12232871287128712,0.3319355160859115,-0.12232871287128712,-0.1317386798109006,-0.3191695312709807,1.0769236160402875,-0.18391649714864355,1.1056523930293363,2024-11-24,2024-11-25,2024-12-12
1,F2,1628379,850,-0.2517,-0.08732448979591836,0.14219227481171284,-0.08732448979591836,-0.09404180531989359,-0.28046702826156655,1.0769236160402875,-0.18391649714864355,1.1056523930293363,2024-11-24,2024-11-25,2024-12-12
1,F2,1642271,1087,-0.2002,-0.08098898399702269,-7.865808867944583,-0.08098898399702269,-0.08721894950550266,-0.2734621611139663,1.0769236160402875,-0.18391649714864355,1.1056523930293363,2024-11-24,2024-11-25,2024-12-12
1,F2,1631105,1586,-0.138,-0.06869679849340866,-1.5162526369345846,-0.06869679849340866,-0.07398120464391264,-0.2598712767963349,1.0769236160402875,-0.18391649714864355,1.1056523930293363,2024-11-24,2024-11-25,2024-12-12
1,F2,1631217,1171,-0.1946,-0.08223623240707326,-0.6319295339571489,-0.08223623240707326,-0.08856214077335481,-0.2748411843032408,1.0769236160402875,-0.18391649714864355,1.1056523930293363,2024-11-24,2024-11-25,2024-12-12
1,F2,1629018,1595,-0.1458,-0.07278591549295775,1.0037996814997976,-0.07278591549295775,-0.07838487130947885,-0.26439241879226333,1.0769236160402875,-0.18391649714864355,1.1056523930293363,2024-11-24,2024-11-25,2024-12-12
1,F2,1629632,2592,-0.0903,-0.05583435114503817,-1.9909805324005991,-0.05583435114503817,-0.06012933133437768,-0.24564988110539526,1.0769236160402875,-0.18391649714864355,1.1056523930293363,2024-11-24,2024-11-25,2024-12-12
1,F2,1630579,853,-0.3052,-0.10612947411333062,-2.1640210947286476,-0.10612947411333062,-0.1142933370305821,-0.30125880417299256,1.0769236160402875,-0.18391649714864355,1.1056523930293363,2024-11-24,2024-11-25,2024-12-12
1,F2,1642359,290,-0.9293,-0.1425910052910053,-6.474548343180372,-0.1425910052910053,-0.1535596210328092,-0.3415725833731023,1.0769236160402875,-0.18391649714864355,1.1056523930293363,2024-11-24,2024-11-25,2024-12-12
1,F2,1631132,349,-0.7739,-0.13857932272960494,-1.50013512846387,-0.13857932272960494,-0.14923934534238015,-0.33713705694901597,1.0769236160402875,-0.18391649714864355,1.1056523930293363,2024-11-24,2024-11-25,2024-12-12
1,F2,1642265,257,-1.0647,-0.14734943457189015,-1.8188038290238882,-0.14734943457189015,-0.1586840859006517,-0.3468337520945735,1.0769236160402875,-0.18391649714864355,1.1056523930293363,2024-11-24,2024-11-25,2024-12-12
1,F2,1631216,211,-1.3285,-0.15478382109331862,-1.8281639909782654,-0.15478382109331862,-0.16669035231634963,-0.355053599342696,1.0769236160402875,-0.18391649714864355,1.1056523930293363,2024-11-24,2024-11-25,2024-12-12
1,F2,1641816,268,-1.0804,-0.15500385438972164,-0.2157787410840047,-0.15500385438972164,-0.1669273113695612,-0.35529687968341006,1.0769236160402875,-0.18391649714864355,1.1056523930293363,2024-11-24,2024-11-25,2024-12-12
1,F2,1641729,582,-0.508,-0.13549770852428966,0.3855681111224405,-0.13549770852428966,-0.14592068222915092,-0.3337298628285159,1.0769236160402875,-0.18391649714864355,1.1056523930293363,2024-11-24,2024-11-25,2024-12-12
1,F2,1630539,338,-0.894,-0.15591950464396284,1.821808090788162,-0.15591950464396284,-0.16791339675238687,-0.3563092705781898,1.0769236160402875,-0.18391649714864355,1.1056523930293363,2024-11-24,2024-11-25,2024-12-12
1,F2,203501,1667,-0.1823,-0.09301931435567799,-2.442622174923985,-0.09301931435567799,-0.10017469637750497,-0.286763524663947,1.0769236160402875,-0.18391649714864355,1.1056523930293363,2024-11-24,2024-11-25,2024-12-12
1,F2,201587,1191,-0.2592,-0.11060809745610892,-2.0810242581118836,-0.11060809745610892,-0.11911647227576934,-0.3062106047894124,1.0769236160402875,-0.18391649714864355,1.1056523930293363,2024-11-24,2024-11-25,2024-12-12
1,F2,1630249,340,-0.9322,-0.16337525773195877,-4.2330183444318035,-0.16337525773195877,-0.17594267332821498,-0.36455274182176833,1.0769236160402875,-0.18391649714864355,1.1056523930293363,2024-11-24,2024-11-25,2024-12-12
1,F2,1630568,74,-4.6053,-0.2035795698924731,11.60396714881688,-0.2035795698924731,-0.21923964656052858,-0.40900473577213947,1.0769236160402875,-0.18391649714864355,1.1056523930293363,2024-11-24,2024-11-25,2024-12-12
1,F2,201959,350,-0.9916,-0.1779794871794872,-1.998123435892424,-0.1779794871794872,-0.19167031291432934,-0.38069994305877763,1.0769236160402875,-0.18391649714864355,1.1056523930293363,2024-11-24,2024-11-25,2024-12-12
1,F2,1631133,425,-0.8305,-0.17430246913580247,-2.022287672708119,-0.17430246913580247,-0.18771044534647902,-0.3766344392595656,1.0769236160402875,-0.18391649714864355,1.1056523930293363,2024-11-24,2024-11-25,2024-12-12
1,F2,1642277,370,-0.9599,-0.18028578680203047,0.27362293451523095,-0.18028578680203047,-0.194154021443511,-0.38324990875548526,1.0769236160402875,-0.18391649714864355,1.1056523930293363,2024-11-24,2024-11-25,2024-12-12
1,F2,202704,430,-0.8447,-0.17892660098522167,-0.00977167832563365,-0.17892660098522167,-0.1926902821388026,-0.3817471217045591,1.0769236160402875,-0.18391649714864355,1.1056523930293363,2024-11-24,2024-11-25,2024-12-12
1,F2,1627749,120,-3.0305,-0.21143023255813953,-3.3776864218018767,-0.21143023255813953,-0.22769421058675055,-0.4176848397352996,1.0769236160402875,-0.18391649714864355,1.1056523930293363,2024-11-24,2024-11-25,2024-12-12
1,F2,1628963,222,-1.6489,-0.20090878155872668,0.21729763409285116,-0.20090878155872668,-0.21636341153047217,-0.4060517722596579,1.0769236160402875,-0.18391649714864355,1.1056523930293363,2024-11-24,2024-11-25,2024-12-12
1,F2,1641712,724,-0.5142,-0.16018967297762476,-1.786368200025134,-0.16018967297762476,-0.1725120418753748,-0.3610305924149412,1.0769236160402875,-0.18391649714864355,1.1056523930293363,2024-11-24,2024-11-25,2024-12-12
1,F2,1630559,2268,-0.1669,-0.0978617373319545,-1.8713492142785588,-0.0978617373319545,-0.10538961603951323,-0.2921175612157274,1.0769236160402875,-0.18391649714864355,1.1056523930293363,2024-11-24,2024-11-25,2024-12-12
1,F2,1641998,463,-0.8354,-0.1874891904992729,-4.500952302268781,-0.1874891904992729,-0.2019115370009433,-0.3912143692912977,1.0769236160402875,-0.18391649714864355,1.1056523930293363,2024-11-24,2024-11-25,2024-12-12
1,F2,1630168,1632,-0.246,-0.12421782178217822,0.43392809309050734,-0.12421782178217822,-0.13377310581031135,-0.3212582290590005,1.0769236160402875,-0.18391649714864355,1.1056523930293363,2024-11-24,2024-11-25,2024-12-12
1,F2,1641765,235,-1.7125,-0.21931198910081742,1.6676644572451105,-0.21931198910081742,-0.23618226034344042,-0.4263993227179861,1.0769236160402875,-0.18391649714864355,1.1056523930293363,2024-11-24,2024-11-25,2024-12-12
1,F2,1630699,129,-3.2588,-0.24313776749566224,7.358045722141738,-0.24313776749566224,-0.2618408037673913,-0.4527423516160329,1.0769236160402875,-0.18391649714864355,1.1056523930293363,2024-11-24,2024-11-25,2024-12-12
1,F2,1631120,59,-7.1441,-0.2540698613622664,-6.696720374306346,-0.2540698613622664,-0.27361383382510646,-0.4648294473604651,1.0769236160402875,-0.18391649714864355,1.1056523930293363,2024-11-24,2024-11-25,2024-12-12
1,F2,203552,873,-0.4871,-0.17195240598463404,4.34129186656174,-0.17195240598463404,-0.18517960683979967,-0.37403608631270613,1.0769236160402875,-0.18391649714864355,1.1056523930293363,2024-11-24,2024-11-25,2024-12-12
1,F2,1630192,169,-2.6954,-0.2575028829847371,-1.7975548936289119,-0.2575028829847371,-0.2773109358847221,-0.4686251759326713,1.0769236160402875,-0.18391649714864355,1.1056523930293363,2024-11-24,2024-11-25,2024-12-12
1,F2,1630346,97,-4.7368,-0.27075403653506186,-3.9115672875439804,-0.27075403653506186,-0.29158141608284294,-0.48327634556598703,1.0769236160402875,-0.18391649714864355,1.1056523930293363,2024-11-24,2024-11-25,2024-12-12
1,F2,1631255,120,-3.9471,-0.27537906976744186,-4.0777772901149065,-0.27537906976744186,-0.2965622235957641,-0.4883900246272082,1.0769236160402875,-0.18391649714864355,1.1056523930293363,2024-11-24,2024-11-25,2024-12-12
1,F2,1641871,194,-2.4707,-0.2671771460423634,1.203819192723176,-0.2671771460423634,-0.28772937823926603,-0.47932154803313115,1.0769236160402875,-0.18391649714864355,1.1056523930293363,2024-11-24,2024-11-25,2024-12-12
1,F2,1642281,290,-1.7074,-0.2619820105820106,-0.1864993653483929,-0.2619820105820106,-0.28213461417348373,-0.47357753407928044,1.0769236160402875,-0.18391649714864355,1.1056523930293363,2024-11-24,2024-11-25,2024-12-12
1,F2,1630590,1870,-0.283,-0.1525100864553314,-0.8108751975266999,-0.1525100864553314,-0.16424171378809238,-0.3525396391990917,1.0769236160402875,-0.18391649714864355,1.1056523930293363,2024-11-24,2024-11-25,2024-12-12
1,F2,1642263,990,-0.5358,-0.20480386100386103,-2.5535529074716594,-0.20480386100386103,-0.22055811457129046,-0.41035837616921006,1.0769236160402875,-0.18391649714864355,1.1056523930293363,2024-11-24,2024-11-25,2024-12-12
1,F2,1629750,1567,-0.3532,-0.1747598358067572,-2.2955157898683436,-0.1747598358067572,-0.18820299431561988,-0.3771401278137985,1.0769236160402875,-0.18391649714864355,1.1056523930293363,2024-11-24,2024-11-25,2024-12-12
1,F2,202691,2010,-0.2791,-0.15539916897506925,-0.06880228986373657,-0.15539916897506925,-0.16735303498228724,-0.35573396020069903,1.0769236160402875,-0.18391649714864355,1.1056523930293363,2024-11-24,2024-11-25,2024-12-12
1,F2,1642402,390,-1.4418,-0.28256381909547734,-4.101803350520239,-0.28256381909547734,-0.3042996498224551,-0.49633385991506657,1.0769236160402875,-0.18391649714864355,1.1056523930293363,2024-11-24,2024-11-25,2024-12-12
1,F2,1641732,118,-4.7668,-0.32740535506402796,-1.1315416516475003,-0.32740535506402796,-0.35259055888650725,-0.5459130114658055,1.0769236160402875,-0.18391649714864355,1.1056523930293363,2024-11-24,2024-11-25,2024-12-12
1,F2,203901,128,-4.4073,-0.3264666666666667,-2.03194925535941,-0.3264666666666667,-0.3515796631832859,-0.5448751483929541,1.0769236160402875,-0.18391649714864355,1.1056523930293363,2024-11-24,2024-11-25,2024-12-12
1,F2,1630208,575,-0.9901,-0.2617505747126437,-0.3781240712958311,-0.2617505747126437,-0.2818853754201637,-0.4733216464564821,1.0769236160402875,-0.18391649714864355,1.1056523930293363,2024-11-24,2024-11-25,2024-12-12
1,F2,1627752,2053,-0.2806,-0.15769827539009035,1.205714461660771,-0.15769827539009035,-0.16982899697641318,-0.3582759727102962,1.0769236160402875,-0.18391649714864355,1.1056523930293363,2024-11-24,2024-11-25,2024-12-12
1,F2,201144,1353,-0.4423,-0.20265218421943787,1.333054504030681,-0.20265218421943787,-0.21824092302805953,-0.4079793695834869,1.0769236160402875,-0.18391649714864355,1.1056523930293363,2024-11-24,2024-11-25,2024-12-12
1,F2,1628366,224,-2.777,-0.34103508771929825,-0.48386669398683657,-0.34103508771929825,-0.36726873986328334,-0.5609827579924553,1.0769236160402875,-0.18391649714864355,1.1056523930293363,2024-11-24,2024-11-25,2024-12-12
1,F2,1629028,1343,-0.4732,-0.21593870200475707,-1.3861607198308525,-0.21593870200475707,-0.23254948780600906,-0.42266963976785193,1.0769236160402875,-0.18391649714864355,1.1056523930293363,2024-11-24,2024-11-25,2024-12-12
1,F2,1641775,447,-1.463,-0.3194728871519297,-2.38035766565244,-0.3194728871519297,-0.3440478968584868,-0.5371424593361657,1.0769236160402875,-0.18391649714864355,1.1056523930293363,2024-11-24,2024-11-25,2024-12-12
1,F2,1630529,489,-1.3606,-0.31849372905696505,0.05712347106653364,-0.31849372905696505,-0.3429934183821824,-0.536059850845314,1.0769236160402875,-0.18391649714864355,1.1056523930293363,2024-11-24,2024-11-25,2024-12-12
1,F2,203083,1273,-0.5277,-0.233819039331709,1.8393210281397088,-0.233819039331709,-0.25180524533617027,-0.44243907752156814,1.0769236160402875,-0.18391649714864355,1.1056523930293363,2024-11-24,2024-11-25,2024-12-12
1,F2,1630200,390,-1.7591,-0.34474824120603015,-0.2288854972199916,-0.34474824120603015,-0.3712675225431272,-0.5650882150307457,1.0769236160402875,-0.18391649714864355,1.1056523930293363,2024-11-24,2024-11-25,2024-12-12
1,F2,1642276,173,-4.0547,-0.39563626621545406,3.77681933930826,-0.39563626621545406,-0.42607003844942465,-0.6213526816589519,1.0769236160402875,-0.18391649714864355,1.1056523930293363,2024-11-24,2024-11-25,2024-12-12
1,F2,1630217,1192,-0.5944,-0.2537696275071633,-0.04714769001057335,-0.2537696275071633,-0.27329050489621115,-0.46449749308010196,1.0769236160402875,-0.18391649714864355,1.1056523930293363,2024-11-24,2024-11-25,2024-12-12
1,F2,1630570,215,-3.3349,-0.39504325068870527,0.2158964889988796,-0.39504325068870527,-0.42543140602399027,-0.6206970126226985,1.0769236160402875,-0.18391649714864355,1.1056523930293363,2024-11-24,2024-11-25,2024-12-12
1,F2,1629630,979,-0.7351,-0.27904726638231875,0.7466531230121546,-0.27904726638231875,-0.30051259115860407,-0.49244577499254893,1.0769236160402875,-0.18391649714864355,1.1056523930293363,2024-11-24,2024-11-25,2024-12-12
1,F2,1628969,2429,-0.2985,-0.17995941921072225,0.6166139920610649,-0.17995941921072225,-0.193802548476921,-0.38288905964714814,1.0769236160402875,-0.18391649714864355,1.1056523930293363,2024-11-24,2024-11-25,2024-12-12
1,F2,202684,209,-3.4698,-0.4008779436152571,10.04886343548262,-0.4008779436152571,-0.4317149246289371,-0.6271481548195319,1.0769236160402875,-0.18391649714864355,1.1056523930293363,2024-11-24,2024-11-25,2024-12-12
1,F2,1642530,115,-6.4456,-0.4322122448979592,-6.2879777660644525,-0.4322122448979592,-0.4654595736724005,-0.6617930000166536,1.0769236160402875,-0.18391649714864355,1.1056523930293363,2024-11-24,2024-11-25,2024-12-12
1,F2,203110,1938,-0.383,-0.20979479932165063,-1.5616288486695398,-0.20979479932165063,-0.22593297391191847,-0.41587661906373596,1.0769236160402875,-0.18391649714864355,1.1056523930293363,2024-11-24,2024-11-25,2024-12-12
1,F2,1631288,722,-1.051,-0.3267967269595176,3.71926770420451,-0.3267967269595176,-0.3519351129073742,-0.5452400803455888,1.0769236160402875,-0.18391649714864355,1.1056523930293363,2024-11-24,2024-11-25,2024-12-12
1,F2,202685,1192,-0.6529,-0.27874527220630374,-1.8883459583249165,-0.27874527220630374,-0.3001873664985469,-0.49211187440915705,1.0769236160402875,-0.18391649714864355,1.1056523930293363,2024-11-24,2024-11-25,2024-12-12
1,F2,1629003,580,-1.3845,-0.36835321100917434,-0.1473180879195765,-0.36835321100917434,-0.3966882719800511,-0.5911871063809773,1.0769236160402875,-0.18391649714864355,1.1056523930293363,2024-11-24,2024-11-25,2024-12-12
1,F2,1641783,1392,-0.5913,-0.2750967914438503,-1.3659716059678007,-0.2750967914438503,-0.2962582314027921,-0.4880779229232289,1.0769236160402875,-0.18391649714864355,1.1056523930293363,2024-11-24,2024-11-25,2024-12-12
1,F2,1626145,2097,-0.3995,-0.2266030565323235,2.0880205214045526,-0.2266030565323235,-0.2440341830465715,-0.434460708871369,1.0769236160402875,-0.18391649714864355,1.1056523930293363,2024-11-24,2024-11-25,2024-12-12
1,F2,1628981,386,-2.1822,-0.4241335347432024,1.4522742037726137,-0.4241335347432024,-0.45675941991959845,-0.6528607548014564,1.0769236160402875,-0.18391649714864355,1.1056523930293363,2024-11-24,2024-11-25,2024-12-12
1,F2,1642266,343,-2.4808,-0.4379384457025219,-1.4840741704554383,-0.4379384457025219,-0.47162625454902296,-0.6681241876391849,1.0769236160402875,-0.18391649714864355,1.1056523930293363,2024-11-24,2024-11-25,2024-12-12
1,F2,1631170,824,-1.0434,-0.35468712871287134,-0.2943525827800272,-0.35468712871287134,-0.3819709452164123,-0.576077169786734,1.0769236160402875,-0.18391649714864355,1.1056523930293363,2024-11-24,2024-11-25,2024-12-12
1,F2,1630533,1392,-0.6199,-0.28840267379679146,-2.2171509402629352,-0.28840267379679146,-0.31058765034092817,-0.5027896035881251,1.0769236160402875,-0.18391649714864355,1.1056523930293363,2024-11-24,2024-11-25,2024-12-12
1,F2,203995,300,-2.8956,-0.45719999999999994,-1.0580535948431857,-0.45719999999999994,-0.4923694772536194,-0.689420771241656,1.0769236160402875,-0.18391649714864355,1.1056523930293363,2024-11-24,2024-11-25,2024-12-12
1,F2,1630592,1540,-0.5739,-0.2814668789808917,-1.3443679789094312,-0.2814668789808917,-0.3031183291076759,-0.495121025452365,1.0769236160402875,-0.18391649714864355,1.1056523930293363,2024-11-24,2024-11-25,2024-12-12
1,F2,1631169,202,-4.388,-0.4918845726970033,3.843736738747445,-0.4918845726970033,-0.5297221127032885,-0.7277698520452978,1.0769236160402875,-0.18391649714864355,1.1056523930293363,2024-11-24,2024-11-25,2024-12-12
1,F2,203458,408,-2.1996,-0.44693067729083674,-2.6113597636035446,-0.44693067729083674,-0.4813102011073827,-0.6780664700134793,1.0769236160402875,-0.18391649714864355,1.1056523930293363,2024-11-24,2024-11-25,2024-12-12
1,F2,1628989,1793,-0.5025,-0.2655415561450044,2.2854703533824074,-0.2655415561450044,-0.2859679728526432,-0.47751315414910156,1.0769236160402875,-0.18391649714864355,1.1056523930293363,2024-11-24,2024-11-25,2024-12-12
1,F2,1630552,2559,-0.3542,-0.21793647511421013,1.203021634764269,-0.21793647511421013,-0.2347009368470693,-0.4248784823870484,1.0769236160402875,-0.18391649714864355,1.1056523930293363,2024-11-24,2024-11-25,2024-12-12
1,F2,1627750,1747,-0.5361,-0.27982273677920527,-0.04318975051942776,-0.27982273677920527,-0.3013477135425513,-0.4933031756925899,1.0769236160402875,-0.18391649714864355,1.1056523930293363,2024-11-24,2024-11-25,2024-12-12
1,F2,1630591,2120,-0.4422,-0.25200645161290325,0.5466761972703411,-0.25200645161290325,-0.2713916991364495,-0.46254803343328166,1.0769236160402875,-0.18391649714864355,1.1056523930293363,2024-11-24,2024-11-25,2024-12-12
1,F2,1631200,990,-0.9497,-0.3630127413127413,-1.475558377891447,-0.3630127413127413,-0.39093699404321486,-0.5852824032812154,1.0769236160402875,-0.18391649714864355,1.1056523930293363,2024-11-24,2024-11-25,2024-12-12
1,F2,202699,2415,-0.392,-0.23578580323785803,0.5362679108807296,-0.23578580323785803,-0.2539232998338778,-0.4446136347409255,1.0769236160402875,-0.18391649714864355,1.1056523930293363,2024-11-24,2024-11-25,2024-12-12
1,F2,1641716,1221,-0.7899,-0.34188865650478556,-0.970376553884507,-0.34188865650478556,-0.3681879682462894,-0.5619265083627445,1.0769236160402875,-0.18391649714864355,1.1056523930293363,2024-11-24,2024-11-25,2024-12-12
1,F2,1628978,1756,-0.5605,-0.293277115613826,-1.2317477062567774,-0.293277115613826,-0.315837051848707,-0.5081790418478116,1.0769236160402875,-0.18391649714864355,1.1056523930293363,2024-11-24,2024-11-25,2024-12-12
1,F2,1629611,1482,-0.6751,-0.32462628163530177,0.49545948056320743,-0.32462628163530177,-0.34959770908040194,-0.5428403222789302,1.0769236160402875,-0.18391649714864355,1.1056523930293363,2024-11-24,2024-11-25,2024-12-12
1,F2,203954,511,-1.9777,-0.47873268593083845,-0.5483348608196692,-0.47873268593083845,-0.5155585352493178,-0.7132284369694367,1.0769236160402875,-0.18391649714864355,1.1056523930293363,2024-11-24,2024-11-25,2024-12-12
1,F2,1628467,468,-2.1943,-0.49658239845261126,-1.841368097594012,-0.49658239845261126,-0.534781312203545,-0.7329640143340206,1.0769236160402875,-0.18391649714864355,1.1056523930293363,2024-11-24,2024-11-25,2024-12-12
1,F2,1631093,2187,-0.4709,-0.27194568259836277,-1.6495536289568962,-0.27194568259836277,-0.29286472787037315,-0.48459389188751967,1.0769236160402875,-0.18391649714864355,1.1056523930293363,2024-11-24,2024-11-25,2024-12-12
1,F2,1626153,981,-1.058,-0.4021301820999613,0.358258409168622,-0.4021301820999613,-0.43306348982602966,-0.6285326952967886,1.0769236160402875,-0.18391649714864355,1.1056523930293363,2024-11-24,2024-11-25,2024-12-12
1,F2,200768,1263,-0.8276,-0.365092141110723,-0.4571311976837717,-0.365092141110723,-0.39317634879285074,-0.5875814966439186,1.0769236160402875,-0.18391649714864355,1.1056523930293363,2024-11-24,2024-11-25,2024-12-12
1,F2,1641723,164,-6.3784,-0.5930031746031746,1.2139079997723854,-0.5930031746031746,-0.6386191231170208,-0.839571876222637,1.0769236160402875,-0.18391649714864355,1.1056523930293363,2024-11-24,2024-11-25,2024-12-12
1,F2,1629234,827,-1.2702,-0.43282051915945613,-1.2588651940823412,-0.43282051915945613,-0.46611463858963603,-0.6624655399094959,1.0769236160402875,-0.18391649714864355,1.1056523930293363,2024-11-24,2024-11-25,2024-12-12
1,F2,1641710,1861,-0.5691,-0.30600840797457385,-1.7553276892047112,-0.30600840797457385,-0.3295476812547096,-0.5222554257128286,1.0769236160402875,-0.18391649714864355,1.1056523930293363,2024-11-24,2024-11-25,2024-12-12
1,F2,1630567,831,-1.2825,-0.438402920608803,0.2861982851456573,-0.438402920608803,-0.4721264585446552,-0.6686377354308166,1.0769236160402875,-0.18391649714864355,1.1056523930293363,2024-11-24,2024-11-25,2024-12-12
1,F2,1627824,1409,-0.7698,-0.36046799601196416,-0.6527428564480582,-0.36046799601196416,-0.3881964977320004,-0.582468799549761,1.0769236160402875,-0.18391649714864355,1.1056523930293363,2024-11-24,2024-11-25,2024-12-12
1,F2,203486,1052,-1.0645,-0.4222677224736048,-1.147881576646749,-0.4222677224736048,-0.454750082623371,-0.6507978150006324,1.0769236160402875,-0.18391649714864355,1.1056523930293363,2024-11-24,2024-11-25,2024-12-12
1,F2,1641741,462,-2.481,-0.5558787584869058,2.442519268455315,-0.5558787584869058,-0.5986389626697043,-0.7985251767038675,1.0769236160402875,-0.18391649714864355,1.1056523930293363,2024-11-24,2024-11-25,2024-12-12
1,F2,203935,650,-1.8704,-0.5403377777777777,0.5181921072398489,-0.5403377777777777,-0.5819025135276177,-0.7813422541927971,1.0769236160402875,-0.18391649714864355,1.1056523930293363,2024-11-24,2024-11-25,2024-12-12
1,F2,2544,2387,-0.5094,-0.30497562076749435,-3.3205739599098005,-0.30497562076749435,-0.3284354483210614,-0.521113522065831,1.0769236160402875,-0.18391649714864355,1.1056523930293363,2024-11-24,2024-11-25,2024-12-12
1,F2,1631223,934,-1.3157,-0.4849501973164957,-9.563435031673768,-0.4849501973164957,-0.5222543200935315,-0.7201028433116758,1.0769236160402875,-0.18391649714864355,1.1056523930293363,2024-11-24,2024-11-25,2024-12-12
1,F2,1641842,1137,-1.1082,-0.4603666057727439,0.5483832458028259,-0.4603666057727439,-0.4957796697929769,-0.6929219364920709,1.0769236160402875,-0.18391649714864355,1.1056523930293363,2024-11-24,2024-11-25,2024-12-12
1,F2,1630574,261,-4.9134,-0.6890904889844169,-1.5890947597011804,-0.6890904889844169,-0.7420978211760682,-0.9458110453080196,1.0769236160402875,-0.18391649714864355,1.1056523930293363,2024-11-24,2024-11-25,2024-12-12
1,F2,1628960,1055,-1.2835,-0.5100160075329567,1.2649589711849767,-0.5100160075329567,-0.5492482830708223,-0.7478169163607251,1.0769236160402875,-0.18391649714864355,1.1056523930293363,2024-11-24,2024-11-25,2024-12-12
1,F2,1630214,487,-2.8051,-0.6545681360804984,-1.746953228078213,-0.6545681360804984,-0.7049198840525612,-0.9076413232067988,1.0769236160402875,-0.18391649714864355,1.1056523930293363,2024-11-24,2024-11-25,2024-12-12
1,F2,1629628,1910,-0.7163,-0.3897814814814815,-0.7726340005070078,-0.3897814814814815,-0.41976488250257743,-0.6148793249071636,1.0769236160402875,-0.18391649714864355,1.1056523930293363,2024-11-24,2024-11-25,2024-12-12
1,F2,1626192,926,-1.4881,-0.5455188440221694,1.6269520602432994,-0.5455188440221694,-0.5874821261224723,-0.7870707124843525,1.0769236160402875,-0.18391649714864355,1.1056523930293363,2024-11-24,2024-11-25,2024-12-12
1,F2,1631108,1008,-1.415,-0.5469018404907976,-0.8768564867518857,-0.5469018404907976,-0.5889715076804383,-0.7885998258394423,1.0769236160402875,-0.18391649714864355,1.1056523930293363,2024-11-24,2024-11-25,2024-12-12
1,F2,1630526,1457,-0.9884,-0.47108236833496886,-1.437678829661504,-0.47108236833496886,-0.5073197275601173,-0.7047698450121291,1.0769236160402875,-0.18391649714864355,1.1056523930293363,2024-11-24,2024-11-25,2024-12-12
1,F2,201569,988,-1.463,-0.5585177743431221,-4.077038471162768,-0.5585177743431221,-0.6014809811683683,-0.8014430109005354,1.0769236160402875,-0.18391649714864355,1.1056523930293363,2024-11-24,2024-11-25,2024-12-12
1,F2,1641763,964,-1.501,-0.5643385335413416,-0.5322130811223365,-0.5643385335413416,-0.6077494942122147,-0.8078787472372942,1.0769236160402875,-0.18391649714864355,1.1056523930293363,2024-11-24,2024-11-25,2024-12-12
1,F2,203915,1091,-1.3281,-0.538445596432553,2.2887326446499254,-0.538445596432553,-0.5798647787511143,-0.779250159360404,1.0769236160402875,-0.18391649714864355,1.1056523930293363,2024-11-24,2024-11-25,2024-12-12
1,F2,1630702,927,-1.5848,-0.5813650969529086,-3.516095787824346,-0.5813650969529086,-0.6260858024501387,-0.8267042078183591,1.0769236160402875,-0.18391649714864355,1.1056523930293363,2024-11-24,2024-11-25,2024-12-12
1,F2,202331,930,-1.5885,-0.5839150197628459,2.013843302257604,-0.5839150197628459,-0.62883187454324,-0.8295235360752062,1.0769236160402875,-0.18391649714864355,1.1056523930293363,2024-11-24,2024-11-25,2024-12-12
1,F2,1642346,1150,-1.2879,-0.5385763636363636,0.1451010493432763,-0.5385763636363636,-0.5800056050411015,-0.779394742432227,1.0769236160402875,-0.18391649714864355,1.1056523930293363,2024-11-24,2024-11-25,2024-12-12
1,F2,1630553,783,-2.0479,-0.6728937054133445,-2.504979853649909,-0.6728937054133445,-0.7246551224444869,-0.9279030327932851,1.0769236160402875,-0.18391649714864355,1.1056523930293363,2024-11-24,2024-11-25,2024-12-12
1,F2,1631104,693,-2.3703,-0.7163619276057566,-3.497552177616146,-0.7163619276057566,-0.771467077470782,-0.9759637766810565,1.0769236160402875,-0.18391649714864355,1.1056523930293363,2024-11-24,2024-11-25,2024-12-12
1,F2,203500,406,-4.0944,-0.8286771684945164,0.4202400054238157,-0.8286771684945164,-0.8924220128251413,-1.1001453915433803,1.0769236160402875,-0.18391649714864355,1.1056523930293363,2024-11-24,2024-11-25,2024-12-12
1,F2,1641794,493,-3.378,-0.7956779741997133,0.14578991583410816,-0.7956779741997133,-0.8568844011787659,-1.0636597534032912,1.0769236160402875,-0.18391649714864355,1.1056523930293363,2024-11-24,2024-11-25,2024-12-12
1,F2,1641722,1133,-1.5094,-0.6257410171972192,-5.145358435221571,-0.6257410171972192,-0.6738752789447571,-0.8757685502293601,1.0769236160402875,-0.18391649714864355,1.1056523930293363,2024-11-24,2024-11-25,2024-12-12
1,F2,203484,1998,-0.8759,-0.48639471928849365,2.1704813899727995,-0.48639471928849365,-0.5238099599190652,-0.7216999824867988,1.0769236160402875,-0.18391649714864355,1.1056523930293363,2024-11-24,2024-11-25,2024-12-12
1,F2,1641748,1157,-1.5281,-0.6412809938338774,-1.9587261080736293,-0.6412809938338774,-0.6906106467774885,-0.8929503625853011,1.0769236160402875,-0.18391649714864355,1.1056523930293363,2024-11-24,2024-11-25,2024-12-12
1,F2,1630182,1475,-1.2027,-0.5769048780487805,-0.3249815311096339,-0.5769048780487805,-0.6212824873795738,-0.8217727561135751,1.0769236160402875,-0.18391649714864355,1.1056523930293363,2024-11-24,2024-11-25,2024-12-12
1,F2,1629014,1683,-1.0587,-0.5427328967407858,-1.5261528322520432,-0.5427328967407858,-0.584481873702107,-0.7839904232058371,1.0769236160402875,-0.18391649714864355,1.1056523930293363,2024-11-24,2024-11-25,2024-12-12
1,F2,1630166,1819,-0.9837,-0.5233548698449839,0.298395862253981,-0.5233548698449839,-0.5636132189057541,-0.7625650613963069,1.0769236160402875,-0.18391649714864355,1.1056523930293363,2024-11-24,2024-11-25,2024-12-12
1,F2,1626156,1796,-1.0309,-0.5451991755005888,0.5382986502945186,-0.5451991755005888,-0.5871378675422775,-0.7867172702184907,1.0769236160402875,-0.18391649714864355,1.1056523930293363,2024-11-24,2024-11-25,2024-12-12
1,F2,1629614,766,-2.4288,-0.7863316990701607,0.666272187964864,-0.7863316990701607,-0.8468191767697406,-1.0533260219403906,1.0769236160402875,-0.18391649714864355,1.1056523930293363,2024-11-24,2024-11-25,2024-12-12
1,F2,1641824,811,-2.3071,-0.776050642886769,1.1515456373054436,-0.776050642886769,-0.8357472645680091,-1.0419587475683545,1.0769236160402875,-0.18391649714864355,1.1056523930293363,2024-11-24,2024-11-25,2024-12-12
1,F2,1631099,2590,-0.7256,-0.4485212410501193,-0.7324430005487682,-0.4485212410501193,-0.4830231167825719,-0.6798250806401958,1.0769236160402875,-0.18391649714864355,1.1056523930293363,2024-11-24,2024-11-25,2024-12-12
1,F2,203992,407,-4.6802,-0.9490988540109616,1.3454304877427912,-0.9490988540109616,-1.0221069698411778,-1.233289916307264,1.0769236160402875,-0.18391649714864355,1.1056523930293363,2024-11-24,2024-11-25,2024-12-12
1,F2,201935,2562,-0.7509,-0.4622310908217203,1.4776870818664956,-0.4622310908217203,-0.4977875777739736,-0.6949834088482391,1.0769236160402875,-0.18391649714864355,1.1056523930293363,2024-11-24,2024-11-25,2024-12-12
1,F2,1641731,1983,-0.9763,-0.5403301423388222,-3.8647987599627722,-0.5403301423388222,-0.5818942907430876,-0.7813338120514441,1.0769236160402875,-0.18391649714864355,1.1056523930293363,2024-11-24,2024-11-25,2024-12-12
1,F2,1642275,906,-2.147,-0.7762098962490023,0.01076060497595111,-0.7762098962490023,-0.835918768274732,-1.0421348264294057,1.0769236160402875,-0.18391649714864355,1.1056523930293363,2024-11-24,2024-11-25,2024-12-12
1,F2,1627742,2204,-0.9043,-0.5239424815983175,-2.4363487336602123,-0.5239424815983175,-0.5642460318799819,-0.7632147557375523,1.0769236160402875,-0.18391649714864355,1.1056523930293363,2024-11-24,2024-11-25,2024-12-12
1,F2,1630175,607,-3.3071,-0.9095648844585411,-1.165923483135231,-0.9095648844585411,-0.9795319043943584,-1.1895790882656814,1.0769236160402875,-0.18391649714864355,1.1056523930293363,2024-11-24,2024-11-25,2024-12-12
1,F2,1628464,729,-2.7981,-0.875832932589094,-1.033014975522695,-0.875832932589094,-0.9432051688110165,-1.1522832749596765,1.0769236160402875,-0.18391649714864355,1.1056523930293363,2024-11-24,2024-11-25,2024-12-12
1,F2,1642274,1437,-1.4644,-0.692901810997695,-0.20218192609754956,-0.692901810997695,-0.7462023238605016,-0.9500250426126059,1.0769236160402875,-0.18391649714864355,1.1056523930293363,2024-11-24,2024-11-25,2024-12-12
1,F2,1641739,2258,-0.9723,-0.5690651632970452,-1.2439099068301072,-0.5690651632970452,-0.6128397134204105,-0.8131047567376516,1.0769236160402875,-0.18391649714864355,1.1056523930293363,2024-11-24,2024-11-25,2024-12-12
1,F2,1630527,1683,-1.3185,-0.675916996649406,0.8792239467767291,-0.675916996649406,-0.7279109761747692,-0.9312457419832612,1.0769236160402875,-0.18391649714864355,1.1056523930293363,2024-11-24,2024-11-25,2024-12-12
1,F2,1626168,1330,-1.7525,-0.7955034129692832,6.24572459457899,-0.7955034129692832,-0.8566964120672705,-1.0634667493611358,1.0769236160402875,-0.18391649714864355,1.1056523930293363,2024-11-24,2024-11-25,2024-12-12
1,F2,1626167,1984,-1.1748,-0.6503357142857144,-1.1711120906616785,-0.6503357142857144,-0.7003618890687148,-0.9029617359210863,1.0769236160402875,-0.18391649714864355,1.1056523930293363,2024-11-24,2024-11-25,2024-12-12
1,F2,1642268,686,-3.4982,-1.0497660542432197,-7.911487521561323,-1.0497660542432197,-1.1305178551319528,-1.3445928471436235,1.0769236160402875,-0.18391649714864355,1.1056523930293363,2024-11-24,2024-11-25,2024-12-12
1,F2,1626162,1984,-1.219,-0.6748035714285715,1.7617203964577255,-0.6748035714285715,-0.7267119022597577,-0.9300146807233863,1.0769236160402875,-0.18391649714864355,1.1056523930293363,2024-11-24,2024-11-25,2024-12-12
1,F2,1626171,1606,-1.5371,-0.7699883343730505,1.418387188255961,-0.7699883343730505,-0.8292186213618635,-1.0352559416528795,1.0769236160402875,-0.18391649714864355,1.1056523930293363,2024-11-24,2024-11-25,2024-12-12
1,F2,1641764,1409,-1.7862,-0.8364093718843469,-0.7032337996448297,-0.8364093718843469,-0.9007490052596765,-1.1086945207247358,1.0769236160402875,-0.18391649714864355,1.1056523930293363,2024-11-24,2024-11-25,2024-12-12
1,F2,1642264,1799,-1.4042,-0.7432055898793762,-2.303474058019166,-0.7432055898793762,-0.8003756513142528,-1.0056435361115552,1.0769236160402875,-0.18391649714864355,1.1056523930293363,2024-11-24,2024-11-25,2024-12-12
1,F2,201566,1690,-1.4998,-0.770413981762918,-2.044097963876658,-0.770413981762918,-0.8296770110881178,-1.0357265597080731,1.0769236160402875,-0.18391649714864355,1.1056523930293363,2024-11-24,2024-11-25,2024-12-12
1,F2,1630595,2530,-1.0526,-0.6448130750605326,-1.0206755223098392,-0.6448130750605326,-0.6944144284642462,-0.8968556166459265,1.0769236160402875,-0.18391649714864355,1.1056523930293363,2024-11-24,2024-11-25,2024-12-12
1,F2,1630245,2236,-1.2183,-0.7101456725755995,1.7063357120098757,-0.7101456725755995,-0.7647726456254766,-0.9690907594312826,1.0769236160402875,-0.18391649714864355,1.1056523930293363,2024-11-24,2024-11-25,2024-12-12
1,F2,1630557,1705,-1.6135,-0.8323804841149773,-2.685771955170778,-0.8323804841149773,-0.8964102008744665,-1.1042399713212858,1.0769236160402875,-0.18391649714864355,1.1056523930293363,2024-11-24,2024-11-25,2024-12-12
1,F2,1642258,1862,-1.5005,-0.8070280184864239,-0.6353266620358736,-0.8070280184864239,-0.8691075319142276,-1.0762089570298816,1.0769236160402875,-0.18391649714864355,1.1056523930293363,2024-11-24,2024-11-25,2024-12-12
1,F2,1629645,1319,-2.1193,-0.9576418979102431,-3.5473429944349038,-0.9576418979102431,-1.031307175569183,-1.2427355532382591,1.0769236160402875,-0.18391649714864355,1.1056523930293363,2024-11-24,2024-11-25,2024-12-12
1,F2,1642273,1642,-1.7378,-0.8801565700185071,-4.075828773638366,-0.8801565700185071,-0.9478613960659472,-1.1570637150300986,1.0769236160402875,-0.18391649714864355,1.1056523930293363,2024-11-24,2024-11-25,2024-12-12
1,F2,1642267,1730,-1.7321,-0.8998597597597596,-2.956408937423484,-0.8998597597597596,-0.9690802264096248,-1.1788485939178255,1.0769236160402875,-0.18391649714864355,1.1056523930293363,2024-11-24,2024-11-25,2024-12-12
1,F2,203994,1410,-2.1719,-1.0174016611295682,1.5494807646008593,-1.0174016611295682,-1.0956638758690498,-1.3088090784485724,1.0769236160402875,-0.18391649714864355,1.1056523930293363,2024-11-24,2024-11-25,2024-12-12
1,F2,1629216,1183,-2.6519,-1.1272719008264462,0.7883718775207638,-1.1272719008264462,-1.213985731698625,-1.4302873718921325,1.0769236160402875,-0.18391649714864355,1.1056523930293363,2024-11-24,2024-11-25,2024-12-12
1,F2,1628389,1880,-1.7207,-0.9295735632183908,-0.5131253832558368,-0.9295735632183908,-1.0010797230766042,-1.2117017318178644,1.0769236160402875,-0.18391649714864355,1.1056523930293363,2024-11-24,2024-11-25,2024-12-12
1,F2,1626179,1386,-2.3373,-1.0848954454119222,-0.8341851474130659,-1.0848954454119222,-1.1683495260986456,-1.383433742554963,1.0769236160402875,-0.18391649714864355,1.1056523930293363,2024-11-24,2024-11-25,2024-12-12
1,F2,1627732,1309,-2.5715,-1.15713080096253,0.05550211850085198,-1.15713080096253,-1.246141486404162,-1.4633009362808176,1.0769236160402875,-0.18391649714864355,1.1056523930293363,2024-11-24,2024-11-25,2024-12-12
1,F2,1630169,2443,-1.3796,-0.8336291862478358,1.0604964721570351,-0.8336291862478358,-0.8977549576907417,-1.1056206018226615,1.0769236160402875,-0.18391649714864355,1.1056523930293363,2024-11-24,2024-11-25,2024-12-12
1,F2,1629027,2548,-1.3616,-0.8363926711668274,-2.1399585027702357,-0.8363926711668274,-0.9007310198625749,-1.108676055536445,1.0769236160402875,-0.18391649714864355,1.1056523930293363,2024-11-24,2024-11-25,2024-12-12
1,F2,1628398,1250,-2.9906,-1.3116666666666668,-2.9712273728315677,-1.3116666666666668,-1.4125648097061771,-1.6341638860054564,1.0769236160402875,-0.18391649714864355,1.1056523930293363,2024-11-24,2024-11-25,2024-12-12
1,F2,1642347,985,-4.1776,-1.5918514506769825,-1.2948598790167627,-1.5918514506769825,-1.7143024204620334,-1.9439508629368698,1.0769236160402875,-0.18391649714864355,1.1056523930293363,2024-11-24,2024-11-25,2024-12-12
1,F2,1628997,2043,-2.0441,-1.1463344221795222,-2.881479524509989,-1.1463344221795222,-1.2345146111250247,-1.4513638942433338,1.0769236160402875,-0.18391649714864355,1.1056523930293363,2024-11-24,2024-11-25,2024-12-12
1,F2,1630558,2126,-1.9959,-1.1388307568438003,-2.274950888848298,-1.1388307568438003,-1.2264337367181228,-1.4430674487084014,1.0769236160402875,-0.18391649714864355,1.1056523930293363,2024-11-24,2024-11-25,2024-12-12
1,F2,1630703,1611,-2.9738,-1.4919937091248834,0.13813652565981802,-1.4919937091248834,-1.6067632603401303,-1.8335429120272864,1.0769236160402875,-0.18391649714864355,1.1056523930293363,2024-11-24,2024-11-25,2024-12-12
1,F2,1642259,1561,-3.4698,-1.7134950332173364,-1.6845351952747685,-1.7134950332173364,-1.8453032672394865,-2.0784463810692735,1.0769236160402875,-0.18391649714864355,1.1056523930293363,2024-11-24,2024-11-25,2024-12-12
1,F2,1630581,2091,-2.7688,-1.568561582227039,-1.9714687648276543,-1.568561582227039,-1.6892210111138175,-1.918200364151851,1.0769236160402875,-0.18391649714864355,1.1056523930293363,2024-11-24,2024-11-25,2024-12-12
1,F2,1641718,1962,-3.2198,-1.77351139809096,-0.37816195434715516,-1.77351139809096,-1.9099363079207825,-2.144803618512717,1.0769236160402875,-0.18391649714864355,1.1056523930293363,2024-11-24,2024-11-25,2024-12-12
2,F3,1628983,3491,3.0287,2.0768398546454527,5.998747979995235,2.0768398546454527,1.9632455494009429,1.8384771378693023,0.945304253965262,-0.16984440691003744,0.9670083806833485,2024-12-12,2024-12-13,2025-01-01
2,F3,203999,3021,3.2184,2.1040438000432804,2.8469807562902303,2.1040438000432804,1.988961554710148,1.864783581056654,0.945304253965262,-0.16984440691003744,0.9670083806833485,2024-12-12,2024-12-13,2025-01-01
2,F3,1628991,2966,2.9969,1.946737932544897,1.3775940556700095,1.946737932544897,1.8402596489902303,1.712667488855053,0.945304253965262,-0.16984440691003744,0.9670083806833485,2024-12-12,2024-12-13,2025-01-01
2,F3,1630202,2887,2.7103,1.7438457989748164,1.4241111984357122,1.7438457989748164,1.648464852030345,1.51646909531806,0.945304253965262,-0.16984440691003744,0.9670083806833485,2024-12-12,2024-12-13,2025-01-01
2,F3,202681,3399,2.275,1.5468543708741749,0.7376135188669543,1.5468543708741749,1.4622480170521166,1.325976733421958,0.945304253965262,-0.16984440691003744,0.9670083806833485,2024-12-12,2024-12-13,2025-01-01
2,F3,1628369,3459,2.1222,1.4510159715358766,3.6217122715763526,1.4510159715358766,1.3716515704644017,1.2333001980705465,0.945304253965262,-0.16984440691003744,0.9670083806833485,2024-12-12,2024-12-13,2025-01-01
2,F3,1627741,2271,3.1104,1.8247787135107205,-4.434400481077414,1.8247787135107205,1.7249710804269422,1.5947319019474082,0.945304253965262,-0.16984440691003744,0.9670083806833485,2024-12-12,2024-12-13,2025-01-01
2,F3,1629639,3147,2.0642,1.36845110596166,0.6462255250573447,1.36845110596166,1.2936026518090247,1.1534592811102846,0.945304253965262,-0.16984440691003744,0.9670083806833485,2024-12-12,2024-12-13,2025-01-01
2,F3,202696,3395,1.7912,1.2174422422422422,-0.2712057298361416,1.2174422422422422,1.1508533305485984,1.0074324443361382,0.945304253965262,-0.16984440691003744,0.9670083806833485,2024-12-12,2024-12-13,2025-01-01
2,F3,1630596,3074,1.9467,1.280307188703466,1.9027948810401996,1.280307188703466,1.2102798318636918,1.0682233744153518,0.945304253965262,-0.16984440691003744,0.9670083806833485,2024-12-12,2024-12-13,2025-01-01
2,F3,1629660,1822,3.2505,1.730687025131502,0.9709463766807703,1.730687025131502,1.6360258071392932,1.503744450732058,0.945304253965262,-0.16984440691003744,0.9670083806833485,2024-12-12,2024-12-13,2025-01-01
2,F3,1628401,3405,1.739,1.183075924075924,0.2398551835352364,1.183075924075924,1.1183667037928544,0.974199926656078,0.945304253965262,-0.16984440691003744,0.9670083806833485,2024-12-12,2024-12-13,2025-01-01
2,F3,1626181,2369,2.4922,1.4875338372385993,3.3114706503117395,1.4875338372385993,1.4061720642589175,1.268613280249748,0.945304253965262,-0.16984440691003744,0.9670083806833485,2024-12-12,2024-12-13,2025-01-01
2,F3,1626157,3099,1.8873,1.244678165567142,2.5353290241141164,1.244678165567142,1.1765995647282979,1.033769810446965,0.945304253965262,-0.16984440691003744,0.9670083806833485,2024-12-12,2024-12-13,2025-01-01
2,F3,1631114,3275,1.7524,1.1772533333333333,-0.8717602784220344,1.1772533333333333,1.1128625839947845,0.9685694326107034,0.945304253965262,-0.16984440691003744,0.9670083806833485,2024-12-12,2024-12-13,2025-01-01
2,F3,201939,2514,2.2813,1.3940661643169663,-1.2746824860454842,1.3940661643169663,1.3178166754378642,1.1782292572115591,0.945304253965262,-0.16984440691003744,0.9670083806833485,2024-12-12,2024-12-13,2025-01-01
2,F3,201942,3130,1.7815,1.1788784355179704,-0.3930330992039401,1.1788784355179704,1.1143988000030502,0.9701409200427143,0.945304253965262,-0.16984440691003744,0.9670083806833485,2024-12-12,2024-12-13,2025-01-01
2,F3,202710,2186,2.4184,1.396360908610671,4.949691688834541,1.396360908610671,1.3199859069804656,1.1804482941750964,0.945304253965262,-0.16984440691003744,0.9670083806833485,2024-12-12,2024-12-13,2025-01-01
2,F3,1629655,2159,2.4319,1.3967736366054802,-0.9047420889986012,1.3967736366054802,1.3203760605096893,1.1808474056050198,0.945304253965262,-0.16984440691003744,0.9670083806833485,2024-12-12,2024-12-13,2025-01-01
2,F3,1628378,3194,1.6246,1.0823889027951608,3.7378804802240153,1.0823889027951608,1.0231868342570578,0.8768347332515373,0.945304253965262,-0.16984440691003744,0.9670083806833485,2024-12-12,2024-12-13,2025-01-01
2,F3,1630162,3349,1.5082,1.020602505556678,-0.8295139971497449,1.020602505556678,0.9647798901103327,0.817086769309694,0.945304253965262,-0.16984440691003744,0.9670083806833485,2024-12-12,2024-12-13,2025-01-01
2,F3,1627734,3636,1.3727,0.9532347593582888,0.11162497926369849,0.9532347593582888,0.9010968730489433,0.7519415941481028,0.945304253965262,-0.16984440691003744,0.9670083806833485,2024-12-12,2024-12-13,2025-01-01
2,F3,1629631,1839,2.68,1.4331259086943882,3.6173647312713624,1.4331259086943882,1.3547400179566367,1.2160003573718754,0.945304253965262,-0.16984440691003744,0.9670083806833485,2024-12-12,2024-12-13,2025-01-01
2,F3,203076,3313,1.454,0.9804807653165072,1.1815404488686192,0.9804807653165072,0.9268526383848099,0.7782887102498484,0.945304253965262,-0.16984440691003744,0.9670083806833485,2024-12-12,2024-12-13,2025-01-01
2,F3,1631128,3289,1.4053,0.9453940887707097,1.212545153834434,0.9453940887707097,0.8936850537885644,0.7443595999797364,0.945304253965262,-0.16984440691003744,0.9670083806833485,2024-12-12,2024-12-13,2025-01-01
2,F3,1628415,3163,1.461,0.9702168801175731,2.8546187425580563,0.9702168801175731,0.9171501440440465,0.7683634472441074,0.945304253965262,-0.16984440691003744,0.9670083806833485,2024-12-12,2024-12-13,2025-01-01
2,F3,1630583,2811,1.6147,1.0290006121060984,3.3380153525234784,1.0290006121060984,0.9727186559567532,0.8252078087248552,0.945304253965262,-0.16984440691003744,0.9670083806833485,2024-12-12,2024-12-13,2025-01-01
2,F3,1628973,3487,1.2987,0.8902234912522115,1.5603243908421183,0.8902234912522115,0.8415320532605226,0.6910091698120406,0.945304253965262,-0.16984440691003744,0.9670083806833485,2024-12-12,2024-12-13,2025-01-01
2,F3,1628384,3725,1.2095,0.8460821596244131,1.6518013920273913,0.8460821596244131,0.7998050646970736,0.6483241321934367,0.945304253965262,-0.16984440691003744,0.9670083806833485,2024-12-12,2024-12-13,2025-01-01
2,F3,203507,3196,1.3809,0.9202160967472893,2.3098443984681625,0.9202160967472893,0.8698841908225217,0.7200122706843104,0.945304253965262,-0.16984440691003744,0.9670083806833485,2024-12-12,2024-12-13,2025-01-01
2,F3,1627736,3056,1.4307,0.9390505154639176,0.8847841644926673,0.9390505154639176,0.8876884469563133,0.7382253114285893,0.945304253965262,-0.16984440691003744,0.9670083806833485,2024-12-12,2024-12-13,2025-01-01
2,F3,1629029,3002,1.4558,0.9496548457192524,5.3616517842051445,0.9496548457192524,0.8977127654571339,0.7484797876570319,0.945304253965262,-0.16984440691003744,0.9670083806833485,2024-12-12,2024-12-13,2025-01-01
2,F3,203952,2449,1.7396,1.0521808841689306,-0.4480082135432325,1.0521808841689306,0.9946310657458207,0.847623326076134,0.945304253965262,-0.16984440691003744,0.9670083806833485,2024-12-12,2024-12-13,2025-01-01
2,F3,1629661,2986,1.4264,0.9287462712603575,0.21438285700948181,0.9287462712603575,0.877947801076791,0.7282610209271387,0.945304253965262,-0.16984440691003744,0.9670083806833485,2024-12-12,2024-12-13,2025-01-01
2,F3,1628404,3677,1.0917,0.7606937464468447,1.0391044769406075,0.7606937464468447,0.7190870344809747,0.5657528210374756,0.945304253965262,-0.16984440691003744,0.9670083806833485,2024-12-12,2024-12-13,2025-01-01
2,F3,1629636,3062,1.3035,0.8561383526383527,2.8796046158560036,0.8561383526383527,0.8093112267318464,0.6580485551156856,0.945304253965262,-0.16984440691003744,0.9670083806833485,2024-12-12,2024-12-13,2025-01-01
2,F3,1628386,3154,1.2506,0.8296997055111485,3.0454403620736437,0.8296997055111485,0.7843186611334138,0.6324821617697494,0.945304253965262,-0.16984440691003744,0.9670083806833485,2024-12-12,2024-12-13,2025-01-01
2,F3,1629675,2381,1.6047,0.9597565184626979,-0.045756814552087986,0.9597565184626979,0.9072619196736779,0.7582481898588643,0.945304253965262,-0.16984440691003744,0.9670083806833485,2024-12-12,2024-12-13,2025-01-01
2,F3,1627783,3543,1.0571,0.7282335796227882,2.9637064073748496,0.7282335796227882,0.688402300697772,0.5343635676802333,0.945304253965262,-0.16984440691003744,0.9670083806833485,2024-12-12,2024-12-13,2025-01-01
2,F3,1628368,4038,0.9229,0.6609915218162469,1.3393801673900116,0.6609915218162469,0.6248380974078704,0.46933993424691367,0.945304253965262,-0.16984440691003744,0.9670083806833485,2024-12-12,2024-12-13,2025-01-01
2,F3,1630534,3366,1.0989,0.7448444220700766,-2.3779589891793678,0.7448444220700766,0.7041046007251405,0.5504263915369719,0.945304253965262,-0.16984440691003744,0.9670083806833485,2024-12-12,2024-12-13,2025-01-01
2,F3,1629021,2096,1.7595,0.9978116883116883,2.08975123646742,0.9978116883116883,0.943235633617299,0.7950478580311663,0.945304253965262,-0.16984440691003744,0.9670083806833485,2024-12-12,2024-12-13,2025-01-01
2,F3,1630643,1646,2.2019,1.116551879235983,-0.06267988912378623,1.116551879235983,1.0554812412146821,0.9098706177789001,0.945304253965262,-0.16984440691003744,0.9670083806833485,2024-12-12,2024-12-13,2025-01-01
2,F3,1627747,1973,1.6937,0.9352561153092639,2.260149515786096,0.9352561153092639,0.8841015843488728,0.7345560946793729,0.945304253965262,-0.16984440691003744,0.9670083806833485,2024-12-12,2024-12-13,2025-01-01
2,F3,1629634,2021,1.6313,0.9104825462579397,0.7632404686615508,0.9104825462579397,0.8606830241387537,0.7105998457873047,0.945304253965262,-0.16984440691003744,0.9670083806833485,2024-12-12,2024-12-13,2025-01-01
2,F3,1641708,2842,1.136,0.7268149482215217,0.5801110196842412,0.7268149482215217,0.6870612623993461,0.5329917392261081,0.945304253965262,-0.16984440691003744,0.9670083806833485,2024-12-12,2024-12-13,2025-01-01
2,F3,1629599,2405,1.3007,0.7810695380774032,-0.3254201410144594,0.7810695380774032,0.7383483569872514,0.5854563823072833,0.945304253965262,-0.16984440691003744,0.9670083806833485,2024-12-12,2024-12-13,2025-01-01
2,F3,1627884,2600,1.1453,0.7089952380952381,1.4630357720149563,0.7089952380952381,0.6702162146125423,0.5157599301926439,0.945304253965262,-0.16984440691003744,0.9670083806833485,2024-12-12,2024-12-13,2025-01-01
2,F3,1629638,2251,1.3157,0.7690575694624773,-0.3792221550307295,0.7690575694624773,0.7269933919570647,0.5738407079881445,0.945304253965262,-0.16984440691003744,0.9670083806833485,2024-12-12,2024-12-13,2025-01-01
2,F3,1630700,3530,0.8373,0.5761538011695907,0.06801842213746644,0.5761538011695907,0.5446406391838698,0.3873011473835244,0.945304253965262,-0.16984440691003744,0.9670083806833485,2024-12-12,2024-12-13,2025-01-01
2,F3,1629060,2451,1.1804,0.714184250802271,-0.13285462327682585,0.714184250802271,0.6751214103983804,0.520777748967817,0.945304253965262,-0.16984440691003744,0.9670083806833485,2024-12-12,2024-12-13,2025-01-01
2,F3,1627832,3285,0.849,0.5709242579324463,1.3584253346218498,0.5709242579324463,0.5396971297155019,0.3822441352460598,0.945304253965262,-0.16984440691003744,0.9670083806833485,2024-12-12,2024-12-13,2025-01-01
2,F3,1630198,2028,1.3739,0.7679904079382579,-1.724495249800996,0.7679904079382579,0.7259845996285521,0.5728087538506815,0.945304253965262,-0.16984440691003744,0.9670083806833485,2024-12-12,2024-12-13,2025-01-01
2,F3,1629659,948,2.9337,1.0915021978021977,-0.8602470019157459,1.0915021978021977,1.0318016707948503,0.8856473658989817,0.945304253965262,-0.16984440691003744,0.9670083806833485,2024-12-12,2024-12-13,2025-01-01
2,F3,1641726,1950,1.4081,0.7734633802816901,0.8310636431470613,0.7734633802816901,0.7311582236666329,0.5781011639740288,0.945304253965262,-0.16984440691003744,0.9670083806833485,2024-12-12,2024-12-13,2025-01-01
2,F3,1626220,2420,1.1012,0.6629114427860696,0.041076758123393925,0.6629114427860696,0.626653006867921,0.47119651391498196,0.945304253965262,-0.16984440691003744,0.9670083806833485,2024-12-12,2024-12-13,2025-01-01
2,F3,1631222,2451,1.0867,0.6574923969390274,-1.2758280267536475,0.6574923969390274,0.6215303597762791,0.4659562511655848,0.945304253965262,-0.16984440691003744,0.9670083806833485,2024-12-12,2024-12-13,2025-01-01
2,F3,1629048,2039,1.2898,0.7226991481176148,1.9004902964720862,0.7226991481176148,0.6831705790526522,0.5290117260324126,0.945304253965262,-0.16984440691003744,0.9670083806833485,2024-12-12,2024-12-13,2025-01-01
2,F3,1628381,2655,0.9735,0.6074365452408931,-1.268224648837949,0.6074365452408931,0.5742123502301786,0.41755182307124616,0.945304253965262,-0.16984440691003744,0.9670083806833485,2024-12-12,2024-12-13,2025-01-01
2,F3,1629026,733,3.5027,1.1005054007715387,5.003808372802584,1.1005054007715387,1.040312436861081,0.8943535386233276,0.945304253965262,-0.16984440691003744,0.9670083806833485,2024-12-12,2024-12-13,2025-01-01
2,F3,1629652,2988,0.8518,0.5547468177855275,-0.44956988561177436,0.5547468177855275,0.5244045267263512,0.36660041504598606,0.945304253965262,-0.16984440691003744,0.9670083806833485,2024-12-12,2024-12-13,2025-01-01
2,F3,1641717,2602,0.9301,0.5759448357924798,0.39553652515637855,0.5759448357924798,0.5444431033239554,0.38709907611258554,0.945304253965262,-0.16984440691003744,0.9670083806833485,2024-12-12,2024-12-13,2025-01-01
2,F3,1642272,2272,1.0414,0.6110694214876035,-5.601588643243876,0.6110694214876035,0.5776465236003232,0.4210648448478005,0.945304253965262,-0.16984440691003744,0.9670083806833485,2024-12-12,2024-12-13,2025-01-01
2,F3,1630578,3118,0.7464,0.493275794828317,1.907166018617471,0.493275794828317,0.46629570722930386,0.30715742067718504,0.945304253965262,-0.16984440691003744,0.9670083806833485,2024-12-12,2024-12-13,2025-01-01
2,F3,1629023,2606,0.8926,0.5530469805040418,0.1256316122187991,0.5530469805040418,0.522797663313114,0.36495665814899136,0.945304253965262,-0.16984440691003744,0.9670083806833485,2024-12-12,2024-12-13,2025-01-01
2,F3,1631260,1986,1.1419,0.6324075292805353,0.11446302532475953,0.6324075292805353,0.597817527668551,0.4416989739114904,0.945304253965262,-0.16984440691003744,0.9670083806833485,2024-12-12,2024-12-13,2025-01-01
2,F3,1630231,1445,1.5466,0.7339366174055829,0.7639730636829575,0.7339366174055829,0.6937934065743725,0.5398784530115496,0.945304253965262,-0.16984440691003744,0.9670083806833485,2024-12-12,2024-12-13,2025-01-01
2,F3,1641705,2504,0.8858,0.5404588693957115,2.2191976119106043,0.5404588693957115,0.510898068333022,0.35278384921026285,0.945304253965262,-0.16984440691003744,0.9670083806833485,2024-12-12,2024-12-13,2025-01-01
2,F3,201142,1901,1.1405,0.6192774921451014,0.09408657526122202,0.6192774921451014,0.5854056477097035,0.42900211796284216,0.945304253965262,-0.16984440691003744,0.9670083806833485,2024-12-12,2024-12-13,2025-01-01
2,F3,203081,3119,0.693,0.458034965034965,-0.06796587425305861,0.458034965034965,0.43298240091238244,0.2730792429247782,0.945304253965262,-0.16984440691003744,0.9670083806833485,2024-12-12,2024-12-13,2025-01-01
2,F3,1630540,2079,1.022,0.5775313944006524,-0.19708655620708052,0.5775313944006524,0.5459428839254261,0.38863329158313364,0.945304253965262,-0.16984440691003744,0.9670083806833485,2024-12-12,2024-12-13,2025-01-01
2,F3,1631204,989,2.0876,0.7974648126689842,-0.9093333865556171,0.7974648126689842,0.7538468798036014,0.6013107502409468,0.945304253965262,-0.16984440691003744,0.9670083806833485,2024-12-12,2024-12-13,2025-01-01
2,F3,1628370,2249,0.9122,0.5330054040010392,-2.0502045875689343,0.5330054040010392,0.5038522757886554,0.3455762857084814,0.945304253965262,-0.16984440691003744,0.9670083806833485,2024-12-12,2024-12-13,2025-01-01
2,F3,1641744,1219,1.6538,0.7151409010287336,1.74620351595366,0.7151409010287336,0.6760257359270123,0.521702837754189,0.945304253965262,-0.16984440691003744,0.9670083806833485,2024-12-12,2024-12-13,2025-01-01
2,F3,1642419,1311,1.5203,0.6846833734111989,-0.8826435455690802,0.6846833734111989,0.6472341055048922,0.4922501532931385,0.945304253965262,-0.16984440691003744,0.9670083806833485,2024-12-12,2024-12-13,2025-01-01
2,F3,203497,3197,0.6182,0.4120044611215342,0.322676825433333,0.4120044611215342,0.3894695697508517,0.22856735987341298,0.945304253965262,-0.16984440691003744,0.9670083806833485,2024-12-12,2024-12-13,2025-01-01
2,F3,1631095,3062,0.6352,0.417199141999142,-0.4091033870452435,0.417199141999142,0.3943801236824463,0.2335906598170352,0.945304253965262,-0.16984440691003744,0.9670083806833485,2024-12-12,2024-12-13,2025-01-01
2,F3,203991,2486,0.7769,0.4726807146353402,-1.9515625474856295,0.4726807146353402,0.4468270903121272,0.28724180552973083,0.945304253965262,-0.16984440691003744,0.9670083806833485,2024-12-12,2024-12-13,2025-01-01
2,F3,1630598,2018,0.9519,0.5309381426202322,1.1526628049617929,0.5309381426202322,0.5018980848113205,0.343577226628178,0.945304253965262,-0.16984440691003744,0.9670083806833485,2024-12-12,2024-12-13,2025-01-01
2,F3,1630224,3355,0.5656,0.38296427850655906,1.3071759454807708,0.38296427850655906,0.36201776158898763,0.20048525990815713,0.945304253965262,-0.16984440691003744,0.9670083806833485,2024-12-12,2024-12-13,2025-01-01
2,F3,1627759,2962,0.6355,0.41261530030688287,1.8476032629742547,0.41261530030688287,0.3900469986312504,0.2291580464848949,0.945304253965262,-0.16984440691003744,0.9670083806833485,2024-12-12,2024-12-13,2025-01-01
2,F3,1628988,628,2.9843,0.8411761220825853,-0.055730676243164856,0.8411761220825853,0.7951673665386704,0.643579952774542,0.945304253965262,-0.16984440691003744,0.9670083806833485,2024-12-12,2024-12-13,2025-01-01
2,F3,1628371,1448,1.2881,0.6119320209973753,-2.4372483318879463,0.6119320209973753,0.5784619425863788,0.4218989858029233,0.945304253965262,-0.16984440691003744,0.9670083806833485,2024-12-12,2024-12-13,2025-01-01
2,F3,1630573,1722,1.0701,0.5546996387718242,2.3748532601012897,0.5546996387718242,0.5243599282039996,0.36655479254434253,0.945304253965262,-0.16984440691003744,0.9670083806833485,2024-12-12,2024-12-13,2025-01-01
2,F3,1630163,2542,0.7151,0.4388662964751328,0.4263581426898221,0.4388662964751328,0.4148621769799229,0.2545429797808791,0.945304253965262,-0.16984440691003744,0.9670083806833485,2024-12-12,2024-12-13,2025-01-01
2,F3,1629008,3310,0.5467,0.3685492871690428,1.0227408691756883,0.3685492871690428,0.34839120895676107,0.186545842477301,0.945304253965262,-0.16984440691003744,0.9670083806833485,2024-12-12,2024-12-13,2025-01-01
2,F3,1627936,1324,1.3535,0.6128707250341997,2.581154735992914,0.6128707250341997,0.5793493035056033,0.42280672047351375,0.945304253965262,-0.16984440691003744,0.9670083806833485,2024-12-12,2024-12-13,2025-01-01
2,F3,1631165,2020,0.8832,0.4928353591160221,1.9515585320169813,0.4928353591160221,0.46587936147687325,0.30673151565224366,0.945304253965262,-0.16984440691003744,0.9670083806833485,2024-12-12,2024-12-13,2025-01-01
2,F3,1628436,1283,1.3756,0.6121730142212972,0.7025006654558255,0.6121730142212972,0.578689754506129,0.4221320282701436,0.945304253965262,-0.16984440691003744,0.9670083806833485,2024-12-12,2024-12-13,2025-01-01
2,F3,1629656,1960,0.8933,0.4918168539325843,0.2367011315800267,0.4918168539325843,0.4649165641942838,0.3057466126040898,0.945304253965262,-0.16984440691003744,0.9670083806833485,2024-12-12,2024-12-13,2025-01-01
2,F3,1630577,2902,0.5923,0.381798000888494,1.5995266859936976,0.381798000888494,0.3609152743953263,0.1993574596772848,0.945304253965262,-0.16984440691003744,0.9670083806833485,2024-12-12,2024-12-13,2025-01-01
2,F3,1626166,1307,1.3106,0.5892515307877537,0.6219711843278081,0.5892515307877537,0.5570219787092061,0.39996676169221257,0.945304253965262,-0.16984440691003744,0.9670083806833485,2024-12-12,2024-12-13,2025-01-01
2,F3,1628374,2380,0.7147,0.42738341708542715,0.5014953658975165,0.42738341708542715,0.4040073622450641,0.2434389391766576,0.945304253965262,-0.16984440691003744,0.9670083806833485,2024-12-12,2024-12-13,2025-01-01
2,F3,203944,3042,0.5459,0.3577397242567859,-1.2213582734914548,0.3577397242567859,0.33817288315229954,0.17609290454962473,0.945304253965262,-0.16984440691003744,0.9670083806833485,2024-12-12,2024-12-13,2025-01-01
2,F3,1626204,712,2.3222,0.7151411764705883,0.5863624896822758,0.7151411764705883,0.6760259963033692,0.5217031041087709,0.945304253965262,-0.16984440691003744,0.9670083806833485,2024-12-12,2024-12-13,2025-01-01
2,F3,1630178,2371,0.6837,0.4082227902291614,1.698137922710194,0.4082227902291614,0.38589474016919506,0.22491045242750218,0.945304253965262,-0.16984440691003744,0.9670083806833485,2024-12-12,2024-12-13,2025-01-01
2,F3,1642377,2559,0.6243,0.38412688146188984,1.042897465540664,0.38412688146188984,0.3631167751083344,0.20160950670936922,0.945304253965262,-0.16984440691003744,0.9670083806833485,2024-12-12,2024-12-13,2025-01-01
2,F3,1626172,1450,1.0924,0.5193377049180328,-2.4919665948808007,0.5193377049180328,0.49093214170357236,0.3323595061505561,0.945304253965262,-0.16984440691003744,0.9670083806833485,2024-12-12,2024-12-13,2025-01-01
2,F3,1630230,2110,0.7412,0.42154501347708895,-0.6705368973868998,0.42154501347708895,0.39848829447773587,0.23779315395758266,0.945304253965262,-0.16984440691003744,0.9670083806833485,2024-12-12,2024-12-13,2025-01-01
2,F3,1629057,575,2.5737,0.6804034482758621,-2.0502216725749056,0.6804034482758621,0.6431882740678055,0.48811142981857036,0.945304253965262,-0.16984440691003744,0.9670083806833485,2024-12-12,2024-12-13,2025-01-01
2,F3,203932,1337,1.0929,0.49751695607763025,1.4326033673673817,0.49751695607763025,0.47030489500003225,0.3112586591491004,0.945304253965262,-0.16984440691003744,0.9670083806833485,2024-12-12,2024-12-13,2025-01-01
2,F3,201143,2190,0.6562,0.3791762532981531,-1.1327513898688601,0.3791762532981531,0.3584369252453538,0.19682220778538873,0.945304253965262,-0.16984440691003744,0.9670083806833485,2024-12-12,2024-12-13,2025-01-01
2,F3,204001,749,1.9164,0.611061558109834,0.8336350773235428,0.611061558109834,0.5776390903158671,0.42105724089559693,0.945304253965262,-0.16984440691003744,0.9670083806833485,2024-12-12,2024-12-13,2025-01-01
2,F3,1629130,1977,0.715,0.3951789208834218,0.5475097131982426,0.3951789208834218,0.37356431498850035,0.21229692145363338,0.945304253965262,-0.16984440691003744,0.9670083806833485,2024-12-12,2024-12-13,2025-01-01
2,F3,201950,2864,0.4931,0.3163616487455197,2.3654933267876146,0.3163616487455197,0.29905801235060375,0.13607995875368184,0.945304253965262,-0.16984440691003744,0.9670083806833485,2024-12-12,2024-12-13,2025-01-01
2,F3,1628420,883,1.5368,0.5465140555779299,-0.9709324342385375,0.5465140555779299,0.5166220615896248,0.35863926499506604,0.945304253965262,-0.16984440691003744,0.9670083806833485,2024-12-12,2024-12-13,2025-01-01
2,F3,1627739,2322,0.5384,0.31875696073431925,0.5879844743000271,0.31875696073431925,0.30132231096318995,0.13839624552120233,0.945304253965262,-0.16984440691003744,0.9670083806833485,2024-12-12,2024-12-13,2025-01-01
2,F3,202692,612,2.0399,0.5643846292947559,2.2332350162626122,0.5643846292947559,0.5335151909449402,0.3759202595468564,0.945304253965262,-0.16984440691003744,0.9670083806833485,2024-12-12,2024-12-13,2025-01-01
2,F3,204456,2071,0.593,0.3345418142195587,-2.934992037553543,0.3345418142195587,0.3162438001110052,0.15366033112928762,0.945304253965262,-0.16984440691003744,0.9670083806833485,2024-12-12,2024-12-13,2025-01-01
2,F3,1630228,2247,0.5336,0.31167122433064726,-0.23649223995267826,0.31167122433064726,0.2946241341983223,0.1315442790355384,0.945304253965262,-0.16984440691003744,0.9670083806833485,2024-12-12,2024-12-13,2025-01-01
2,F3,1628449,1590,0.7381,0.36789310344827586,1.0834088795796004,0.36789310344827586,0.3477709156941374,0.1859113073200514,0.945304253965262,-0.16984440691003744,0.9670083806833485,2024-12-12,2024-12-13,2025-01-01
2,F3,1630170,951,1.2211,0.4552199529596237,0.4926761384304803,0.4552199529596237,0.43032135802259874,0.27035710265619833,0.945304253965262,-0.16984440691003744,0.9670083806833485,2024-12-12,2024-12-13,2025-01-01
2,F3,1626145,3030,0.3602,0.23572483801295896,-0.2914217285758872,0.23572483801295896,0.2228316921389224,0.058103486983718644,0.945304253965262,-0.16984440691003744,0.9670083806833485,2024-12-12,2024-12-13,2025-01-01
2,F3,1631107,1030,1.0383,0.40663460076045627,0.0007595985029217381,0.40663460076045627,0.38439341790832526,0.2233746599011513,0.945304253965262,-0.16984440691003744,0.9670083806833485,2024-12-12,2024-12-13,2025-01-01
2,F3,1630171,1840,0.5686,0.3041348837209302,6.420536954827001,0.3041348837209302,0.28749999936062565,0.12425657450625777,0.945304253965262,-0.16984440691003744,0.9670083806833485,2024-12-12,2024-12-13,2025-01-01
2,F3,1627751,3408,0.3063,0.2084405750798722,-0.10545903841053744,0.2084405750798722,0.19703976232196876,0.0317193760666557,0.945304253965262,-0.16984440691003744,0.9670083806833485,2024-12-12,2024-12-13,2025-01-01
2,F3,1642349,1548,0.673,0.33094155019059723,3.4099917780932407,0.33094155019059723,0.3128404552090298,0.15017884564060907,0.945304253965262,-0.16984440691003744,0.9670083806833485,2024-12-12,2024-12-13,2025-01-01
2,F3,1631218,1737,0.5943,0.3093494456098292,2.4120415124646457,0.3093494456098292,0.292429346896767,0.1292990995544151,0.945304253965262,-0.16984440691003744,0.9670083806833485,2024-12-12,2024-12-13,2025-01-01
2,F3,1631117,2063,0.4955,0.2790653835653836,-0.6994391706071946,0.2790653835653836,0.2638016942188046,0.10001415775630168,0.945304253965262,-0.16984440691003744,0.9670083806833485,2024-12-12,2024-12-13,2025-01-01
2,F3,203084,2884,0.35,0.2251115075825156,0.6644686416183726,0.2251115075825156,0.21279886573428533,0.04784030751051829,0.945304253965262,-0.16984440691003744,0.9670083806833485,2024-12-12,2024-12-13,2025-01-01
2,F3,1629312,2148,0.4635,0.2656344717182498,-0.9612561451344457,0.2656344717182498,0.2511053961150766,0.087026353439904,0.945304253965262,-0.16984440691003744,0.9670083806833485,2024-12-12,2024-12-13,2025-01-01
2,F3,1630550,61,16.3114,0.599033955448525,1.038971574615972,0.599033955448525,0.5662693463551279,0.4094264483225818,0.945304253965262,-0.16984440691003744,0.9670083806833485,2024-12-12,2024-12-13,2025-01-01
2,F3,1631157,308,3.2081,0.517869392033543,0.5461424362053653,0.517869392033543,0.4895441392877121,0.3309396352857892,0.945304253965262,-0.16984440691003744,0.9670083806833485,2024-12-12,2024-12-13,2025-01-01
2,F3,1629006,795,1.2264,0.4070931106471816,-0.22477462240012758,0.4070931106471816,0.3848268492547319,0.2238180428042409,0.945304253965262,-0.16984440691003744,0.9670083806833485,2024-12-12,2024-12-13,2025-01-01
2,F3,1627826,3350,0.2833,0.19172828282828283,2.418357726315479,0.19172828282828283,0.18124156136303066,0.015558449398939384,0.945304253965262,-0.16984440691003744,0.9670083806833485,2024-12-12,2024-12-13,2025-01-01
2,F3,1628998,2550,0.3716,0.2283325301204819,-1.6007553563824506,0.2283325301204819,0.21584371204154285,0.050955063299101655,0.945304253965262,-0.16984440691003744,0.9670083806833485,2024-12-12,2024-12-13,2025-01-01
2,F3,1630572,638,1.4346,0.40896997319034856,-1.0023330092457157,0.40896997319034856,0.3866010554008956,0.22563298461287395,0.945304253965262,-0.16984440691003744,0.9670083806833485,2024-12-12,2024-12-13,2025-01-01
2,F3,1630530,1869,0.4736,0.25516240991640243,1.6440908374958083,0.25516240991640243,0.24120611154600316,0.07689978191448366,0.945304253965262,-0.16984440691003744,0.9670083806833485,2024-12-12,2024-12-13,2025-01-01
2,F3,203552,1176,0.7514,0.31831642651296826,-0.3303272551960132,0.31831642651296826,0.3009058720897296,0.1379702452371781,0.945304253965262,-0.16984440691003744,0.9670083806833485,2024-12-12,2024-12-13,2025-01-01
2,F3,1630560,2246,0.3906,0.22810390015600626,6.080625959334311,0.22810390015600626,0.2156275871635401,0.05073397620737838,0.945304253965262,-0.16984440691003744,0.9670083806833485,2024-12-12,2024-12-13,2025-01-01
2,F3,1627777,2171,0.3979,0.22907475470697428,1.6903124322530165,0.22907475470697428,0.2165453401005517,0.051672800694589016,0.945304253965262,-0.16984440691003744,0.9670083806833485,2024-12-12,2024-12-13,2025-01-01
2,F3,203471,2990,0.2881,0.18767298474945535,-3.707436664087974,0.18767298474945535,0.17740807083801788,0.011636942170544146,0.945304253965262,-0.16984440691003744,0.9670083806833485,2024-12-12,2024-12-13,2025-01-01
2,F3,1642261,2348,0.3617,0.21511438703140834,-0.4345619629584615,0.21511438703140834,0.2033485451499201,0.03817300815489583,0.945304253965262,-0.16984440691003744,0.9670083806833485,2024-12-12,2024-12-13,2025-01-01
2,F3,203926,597,1.4161,0.38480277651342737,-0.6959851464112554,0.38480277651342737,0.3637557015757869,0.2022631028886684,0.945304253965262,-0.16984440691003744,0.9670083806833485,2024-12-12,2024-12-13,2025-01-01
2,F3,203897,3199,0.2598,0.17318195457386953,0.4206716540489293,0.17318195457386953,0.16370963836869762,-0.0023760054539826436,0.945304253965262,-0.16984440691003744,0.9670083806833485,2024-12-12,2024-12-13,2025-01-01
2,F3,203915,2072,0.3817,0.215381917211329,-1.1725103692140506,0.215381917211329,0.20360144256706317,0.038431712080964825,0.945304253965262,-0.16984440691003744,0.9670083806833485,2024-12-12,2024-12-13,2025-01-01
2,F3,203937,1426,0.5457,0.25716067415730337,0.5838022566115625,0.25716067415730337,0.24309507923347348,0.07883212018225472,0.945304253965262,-0.16984440691003744,0.9670083806833485,2024-12-12,2024-12-13,2025-01-01
2,F3,1630241,1768,0.4336,0.22761425178147265,0.7979720561445157,0.22761425178147265,0.2151647204721463,0.0502604821256164,0.945304253965262,-0.16984440691003744,0.9670083806833485,2024-12-12,2024-12-13,2025-01-01
2,F3,1631111,702,1.0897,0.3323064291920069,-0.3923518532790401,0.3323064291920069,0.31413068113521025,0.15149869507359098,0.945304253965262,-0.16984440691003744,0.9670083806833485,2024-12-12,2024-12-13,2025-01-01
2,F3,203484,3148,0.2342,0.15527834877843302,1.146268593724121,0.15527834877843302,0.14678528364895438,-0.01968894230262072,0.945304253965262,-0.16984440691003744,0.9670083806833485,2024-12-12,2024-12-13,2025-01-01
2,F3,1627780,1262,0.5685,0.2506802935010482,1.7891500796654871,0.2506802935010482,0.23696914783180129,0.07256553777763772,0.945304253965262,-0.16984440691003744,0.9670083806833485,2024-12-12,2024-12-13,2025-01-01
2,F3,1630696,690,0.9901,0.29832707423580784,3.280214390147587,0.29832707423580784,0.28200985234811965,0.11864037406073219,0.945304253965262,-0.16984440691003744,0.9670083806833485,2024-12-12,2024-12-13,2025-01-01
2,F3,1629731,1556,0.4356,0.2147634980988593,3.111309458285137,0.2147634980988593,0.20301684834931216,0.037833695616431906,0.945304253965262,-0.16984440691003744,0.9670083806833485,2024-12-12,2024-12-13,2025-01-01
2,F3,1626164,3499,0.1888,0.12955701117866247,0.35763312835244593,0.12955701117866247,0.12247079379821463,-0.04456169132398455,0.945304253965262,-0.16984440691003744,0.9670083806833485,2024-12-12,2024-12-13,2025-01-01
2,F3,1628976,1484,0.4367,0.21013709468223085,-1.1885841589639925,0.21013709468223085,0.19864348951901387,0.03335992474013011,0.945304253965262,-0.16984440691003744,0.9670083806833485,2024-12-12,2024-12-13,2025-01-01
2,F3,1631213,587,1.0951,0.2939294467306813,-1.2757003177360995,0.2939294467306813,0.2778527563601689,0.11438783140815123,0.945304253965262,-0.16984440691003744,0.9670083806833485,2024-12-12,2024-12-13,2025-01-01
2,F3,1628989,2464,0.2592,0.1571527559055118,-1.9964576742153568,0.1571527559055118,0.14855716867984475,-0.017876374901922926,0.945304253965262,-0.16984440691003744,0.9670083806833485,2024-12-12,2024-12-13,2025-01-01
2,F3,1630552,3778,0.1562,0.10972919300855336,1.4663071504400162,0.10972919300855336,0.10372747293516077,-0.06373535766514565,0.945304253965262,-0.16984440691003744,0.9670083806833485,2024-12-12,2024-12-13,2025-01-01
2,F3,1630188,1459,0.3856,0.1839131742399477,0.3021796183090458,0.1839131742399477,0.173853905969277,0.008001173898068925,0.945304253965262,-0.16984440691003744,0.9670083806833485,2024-12-12,2024-12-13,2025-01-01
2,F3,1641796,934,0.5964,0.2198254143646409,-2.853277039402676,0.2198254143646409,0.20780189932857143,0.04272861106776005,0.945304253965262,-0.16984440691003744,0.9670083806833485,2024-12-12,2024-12-13,2025-01-01
2,F3,1629012,2644,0.2055,0.12802591894439208,0.3857094865925462,0.12802591894439208,0.12102344579594565,-0.046042270346123224,0.945304253965262,-0.16984440691003744,0.9670083806833485,2024-12-12,2024-12-13,2025-01-01
2,F3,203914,1163,0.4635,0.19509609120521174,1.0571163825136305,0.19509609120521174,0.18442516494828137,0.01881514832396522,0.945304253965262,-0.16984440691003744,0.9670083806833485,2024-12-12,2024-12-13,2025-01-01
2,F3,201567,646,0.8318,0.23924434550311663,-7.209022995273817,0.23924434550311663,0.22615869754123105,0.061506880222578914,0.945304253965262,-0.16984440691003744,0.9670083806833485,2024-12-12,2024-12-13,2025-01-01
2,F3,1642278,450,1.1756,0.25805853658536587,-3.048463258832769,0.25805853658536587,0.24394383240619655,0.07970036067489186,0.945304253965262,-0.16984440691003744,0.9670083806833485,2024-12-12,2024-12-13,2025-01-01
2,F3,1629018,2341,0.2205,0.13097957371225577,2.031753861928167,0.13097957371225577,0.12381554821275198,-0.04318606143195369,0.945304253965262,-0.16984440691003744,0.9670083806833485,2024-12-12,2024-12-13,2025-01-01
2,F3,1628470,280,1.8137,0.27012553191489364,2.8681142253665013,0.27012553191489364,0.2553508144237781,0.09136924628821202,0.945304253965262,-0.16984440691003744,0.9670083806833485,2024-12-12,2024-12-13,2025-01-01
2,F3,1630538,424,1.1591,0.24281541501976286,-1.104081788184159,0.24281541501976286,0.2295344447465224,0.06496013437317866,0.945304253965262,-0.16984440691003744,0.9670083806833485,2024-12-12,2024-12-13,2025-01-01
2,F3,1630256,267,1.8193,0.26017841456882695,3.2020453063002514,0.26017841456882695,0.2459477620818496,0.08175030045092485,0.945304253965262,-0.16984440691003744,0.9670083806833485,2024-12-12,2024-12-13,2025-01-01
2,F3,1630568,142,3.151,0.25685533869115956,-1.2317563788945125,0.25685533869115956,0.24280644431844128,0.07853685822757381,0.945304253965262,-0.16984440691003744,0.9670083806833485,2024-12-12,2024-12-13,2025-01-01
2,F3,1630167,2064,0.2158,0.12156419213973799,5.234229771368837,0.12156419213973799,0.11491514795954479,-0.052290814319909965,0.945304253965262,-0.16984440691003744,0.9670083806833485,2024-12-12,2024-12-13,2025-01-01
2,F3,1641724,1145,0.3667,0.15295865209471768,-4.481595165784563,0.15295865209471768,0.14459246450592914,-0.021932108436416825,0.945304253965262,-0.16984440691003744,0.9670083806833485,2024-12-12,2024-12-13,2025-01-01
2,F3,1631172,763,0.5457,0.17620359712230216,-9.898834044207236,0.17620359712230216,0.16656600992369341,0.0005459482137810945,0.945304253965262,-0.16984440691003744,0.9670083806833485,2024-12-12,2024-12-13,2025-01-01
2,F3,1628418,406,0.9666,0.19563290129611166,1.916506818382718,0.19563290129611166,0.18493261381078058,0.01933424818070084,0.945304253965262,-0.16984440691003744,0.9670083806833485,2024-12-12,2024-12-13,2025-01-01
2,F3,1630194,519,0.7372,0.18056007550731476,4.809686256544483,0.18056007550731476,0.17068420747335356,0.0047586993223541485,0.945304253965262,-0.16984440691003744,0.9670083806833485,2024-12-12,2024-12-13,2025-01-01
2,F3,1629610,243,1.4891,0.19633819858925666,-0.8692414582582193,0.19633819858925666,0.18559933434230072,0.02001627657404534,0.945304253965262,-0.16984440691003744,0.9670083806833485,2024-12-12,2024-12-13,2025-01-01
2,F3,201145,187,1.8774,0.19645987688864017,-4.374493536697907,0.19645987688864017,0.18571435735632322,0.020133940509296483,0.945304253965262,-0.16984440691003744,0.9670083806833485,2024-12-12,2024-12-13,2025-01-01
2,F3,1629723,761,0.4511,0.14539902583650993,0.26823085927800305,0.14539902583650993,0.13744631764565787,-0.02924233038293761,0.945304253965262,-0.16984440691003744,0.9670083806833485,2024-12-12,2024-12-13,2025-01-01
2,F3,1627827,1855,0.184,0.09879015918958033,0.5672118272696697,0.09879015918958033,0.09338675773181569,-0.07431349504467115,0.945304253965262,-0.16984440691003744,0.9670083806833485,2024-12-12,2024-12-13,2025-01-01
2,F3,201572,3216,0.0896,0.059832558139534885,1.73982904811941,0.059832558139534885,0.05655997173492619,-0.1119858217513835,0.945304253965262,-0.16984440691003744,0.9670083806833485,2024-12-12,2024-12-13,2025-01-01
2,F3,1629651,1818,0.158,0.08403861907548274,-2.2853686639302557,0.08403861907548274,0.07944206410942005,-0.08857835796299011,0.945304253965262,-0.16984440691003744,0.9670083806833485,2024-12-12,2024-12-13,2025-01-01
2,F3,203078,2054,0.139,0.07813519430760811,-0.9415150455490868,0.07813519430760811,0.07386153156338426,-0.09428701918825853,0.945304253965262,-0.16984440691003744,0.9670083806833485,2024-12-12,2024-12-13,2025-01-01
2,F3,1628964,525,0.524,0.12945882352941177,-4.285685901852952,0.12945882352941177,0.1223779765956911,-0.044656639603689596,0.945304253965262,-0.16984440691003744,0.9670083806833485,2024-12-12,2024-12-13,2025-01-01
2,F3,1642285,265,1.0003,0.14213378016085793,-0.4603537654449253,0.14213378016085793,0.13435966701822236,-0.032399850316283174,0.945304253965262,-0.16984440691003744,0.9670083806833485,2024-12-12,2024-12-13,2025-01-01
2,F3,203939,590,0.4448,0.11983196347031962,2.0686915911771995,0.11983196347031962,0.11327766482950301,-0.0539658939604975,0.945304253965262,-0.16984440691003744,0.9670083806833485,2024-12-12,2024-12-13,2025-01-01
2,F3,201144,1986,0.1178,0.06524004461795874,-0.8303703375601051,0.06524004461795874,0.06167169170623989,-0.10675673700831576,0.945304253965262,-0.16984440691003744,0.9670083806833485,2024-12-12,2024-12-13,2025-01-01
2,F3,1628970,1358,0.165,0.07575050709939149,-0.2577874066785324,0.07575050709939149,0.07160727660108056,-0.09659303170391238,0.945304253965262,-0.16984440691003744,0.9670083806833485,2024-12-12,2024-12-13,2025-01-01
2,F3,1629674,1478,0.1302,0.0625196881091618,3.051663357334856,0.0625196881091618,0.05910012712617205,-0.1093873445507689,0.945304253965262,-0.16984440691003744,0.9670083806833485,2024-12-12,2024-12-13,2025-01-01
2,F3,1641706,2783,0.0664,0.042160894364590466,-1.8603482586074969,0.042160894364590466,0.039854872793827406,-0.1290744687223731,0.945304253965262,-0.16984440691003744,0.9670083806833485,2024-12-12,2024-12-13,2025-01-01
2,F3,1627752,2676,0.0645,0.040365294667913935,-3.214835225916824,0.040365294667913935,0.03815748476214035,-0.13081082867741178,0.945304253965262,-0.16984440691003744,0.9670083806833485,2024-12-12,2024-12-13,2025-01-01
2,F3,1630551,344,0.4999,0.088459670781893,1.0972034371121777,0.088459670781893,0.08362130309449005,-0.08430316391145698,0.945304253965262,-0.16984440691003744,0.9670083806833485,2024-12-12,2024-12-13,2025-01-01
2,F3,1630658,64,2.4825,0.09548076923076923,-1.8379043442118626,0.09548076923076923,0.09025837732572164,-0.0775137028697908,0.945304253965262,-0.16984440691003744,0.9670083806833485,2024-12-12,2024-12-13,2025-01-01
2,F3,1628969,3862,0.0408,0.0288483339436104,2.7418142283119264,0.0288483339436104,0.027270452796705372,-0.14194782621781427,0.945304253965262,-0.16984440691003744,0.9670083806833485,2024-12-12,2024-12-13,2025-01-01
2,F3,1641738,195,0.6822,0.07411086350974931,-4.1006783004954,0.07411086350974931,0.07005731454080492,-0.09817858079643009,0.945304253965262,-0.16984440691003744,0.9670083806833485,2024-12-12,2024-12-13,2025-01-01
2,F3,203114,261,0.4599,0.0644996775926921,1.1752027422955318,0.0644996775926921,0.06097181960775973,-0.10747267812653019,0.945304253965262,-0.16984440691003744,0.9670083806833485,2024-12-12,2024-12-13,2025-01-01
2,F3,1642403,587,0.202,0.054217649748513945,-1.9093285015989205,0.054217649748513945,0.051252174947268844,-0.11741548522227001,0.945304253965262,-0.16984440691003744,0.9670083806833485,2024-12-12,2024-12-13,2025-01-01
2,F3,1628392,1100,0.1077,0.04387777777777778,1.0072199703279974,0.04387777777777778,0.04147784998787577,-0.12741422807316474,0.945304253965262,-0.16984440691003744,0.9670083806833485,2024-12-12,2024-12-13,2025-01-01
2,F3,1630649,77,1.4576,0.06692617769827072,0.01777697338716507,0.06692617769827072,0.06326560047981036,-0.10512623218870663,0.945304253965262,-0.16984440691003744,0.9670083806833485,2024-12-12,2024-12-13,2025-01-01
2,F3,1627763,885,0.1254,0.04465955734406439,-0.2696476754501723,0.04465955734406439,0.04221686953754963,-0.1266582406807186,0.945304253965262,-0.16984440691003744,0.9670083806833485,2024-12-12,2024-12-13,2025-01-01
2,F3,1631209,124,0.7304,0.05253457076566125,-3.3624457716851066,0.05253457076566125,0.04966115322501867,-0.11904303670404057,0.945304253965262,-0.16984440691003744,0.9670083806833485,2024-12-12,2024-12-13,2025-01-01
2,F3,1630539,544,0.1363,0.03458358208955224,-1.9092030920007816,0.03458358208955224,0.032692007266610576,-0.13640179319538986,0.945304253965262,-0.16984440691003744,0.9670083806833485,2024-12-12,2024-12-13,2025-01-01
2,F3,1641857,85,0.8713,0.043952818991097924,0.5465504893915997,0.043952818991097924,0.04154878676605002,-0.1273416625909875,0.945304253965262,-0.16984440691003744,0.9670083806833485,2024-12-12,2024-12-13,2025-01-01
2,F3,1630625,1555,0.0422,0.02079904912836767,-5.877529229461249,0.02079904912836767,0.01966142961947843,-0.1497315520926612,0.945304253965262,-0.16984440691003744,0.9670083806833485,2024-12-12,2024-12-13,2025-01-01
2,F3,1641789,55,1.1852,0.03938731117824774,-4.549867234748739,0.03938731117824774,0.0372329928090511,-0.13175654690808894,0.945304253965262,-0.16984440691003744,0.9670083806833485,2024-12-12,2024-12-13,2025-01-01
2,F3,1631207,1518,0.0322,0.01567658755612572,-1.7378712721200529,0.01567658755612572,0.014819144904464534,-0.15468501536274756,0.945304253965262,-0.16984440691003744,0.9670083806833485,2024-12-12,2024-12-13,2025-01-01
2,F3,203109,341,0.1324,0.023260381246780006,-5.883580057577702,0.023260381246780006,0.021988137341434944,-0.14735142330651138,0.945304253965262,-0.16984440691003744,0.9670083806833485,2024-12-12,2024-12-13,2025-01-01
2,F3,1641854,593,0.0232,0.0062734154126766984,-2.1120703230499305,0.0062734154126766984,0.0059302862764945225,-0.16377796163047098,0.945304253965262,-0.16984440691003744,0.9670083806833485,2024-12-12,2024-12-13,2025-01-01
2,F3,1630168,2604,0.0041,0.002539581351094196,3.9315491839397696,0.002539581351094196,0.002400677054480191,-0.1673886104601022,0.945304253965262,-0.16984440691003744,0.9670083806833485,2024-12-12,2024-12-13,2025-01-01
2,F3,202709,192,0.0531,0.005689285714285714,-1.3084735233295133,0.005689285714285714,0.00537810598773808,-0.1643428199442211,0.945304253965262,-0.16984440691003744,0.9670083806833485,2024-12-12,2024-12-13,2025-01-01
2,F3,1631110,1321,0.0023,0.0010401574803149607,0.8478553159614903,0.0010401574803149607,0.0009832652909355206,-0.1688385659093424,0.945304253965262,-0.16984440691003744,0.9670083806833485,2024-12-12,2024-12-13,2025-01-01
2,F3,1630549,180,-0.0501,-0.00506629213483146,-1.5028232090774478,-0.00506629213483146,-0.004789187506886928,-0.1747435538634096,0.945304253965262,-0.16984440691003744,0.9670083806833485,2024-12-12,2024-12-13,2025-01-01
2,F3,1641711,2899,-0.0032,-0.002061969326517004,-0.2613936268337158,-0.002061969326517004,-0.00194918837590241,-0.17183834852949137,0.945304253965262,-0.16984440691003744,0.9670083806833485,2024-12-12,2024-12-13,2025-01-01
2,F3,1629162,619,-0.0329,-0.009177602523659305,-4.3352887851768465,-0.009177602523659305,-0.008675626706817464,-0.17871922546499663,0.945304253965262,-0.16984440691003744,0.9670083806833485,2024-12-12,2024-12-13,2025-01-01
2,F3,202066,141,-0.3995,-0.032354681217690986,-8.599493288300803,-0.032354681217690986,-0.03058501779077325,-0.20113165480188275,0.945304253965262,-0.16984440691003744,0.9670083806833485,2024-12-12,2024-12-13,2025-01-01
2,F3,1629618,150,-0.4455,-0.03818571428571429,1.318131351765263,-0.03818571428571429,-0.03609711815498779,-0.206770312646703,0.945304253965262,-0.16984440691003744,0.9670083806833485,2024-12-12,2024-12-13,2025-01-01
2,F3,1630531,100,-0.6915,-0.04067647058823529,-2.1957030930933885,-0.04067647058823529,-0.03845164068335168,-0.2091788948654807,0.945304253965262,-0.16984440691003744,0.9670083806833485,2024-12-12,2024-12-13,2025-01-01
2,F3,1630193,274,-0.2958,-0.043249306296691575,1.872892407839654,-0.043249306296691575,-0.04088375322330914,-0.2116668485576793,0.945304253965262,-0.16984440691003744,0.9670083806833485,2024-12-12,2024-12-13,2025-01-01
2,F3,1641729,1133,-0.0744,-0.030843468715697032,-0.6567806045421519,-0.030843468715697032,-0.029156462183992878,-0.19967029964746114,0.945304253965262,-0.16984440691003744,0.9670083806833485,2024-12-12,2024-12-13,2025-01-01
2,F3,1631098,579,-0.1549,-0.041159752179899034,-1.5607113172691316,-0.041159752179899034,-0.03890848882781452,-0.20964623221484951,0.945304253965262,-0.16984440691003744,0.9670083806833485,2024-12-12,2024-12-13,2025-01-01
2,F3,1631321,120,-0.8148,-0.05684651162790697,4.5226679834727435,-0.05684651162790697,-0.05373724926494619,-0.2248154600668369,0.945304253965262,-0.16984440691003744,0.9670083806833485,2024-12-12,2024-12-13,2025-01-01
2,F3,1630215,747,-0.138,-0.04392245419684704,-1.5984744590827356,-0.04392245419684704,-0.04152008279687388,-0.21231778821856903,0.945304253965262,-0.16984440691003744,0.9670083806833485,2024-12-12,2024-12-13,2025-01-01
2,F3,1641766,58,-2.0665,-0.07229010856453559,-0.7389256506993277,-0.07229010856453559,-0.06833614714566612,-0.23974954773245247,0.945304253965262,-0.16984440691003744,0.9670083806833485,2024-12-12,2024-12-13,2025-01-01
2,F3,1629630,1749,-0.072,-0.03760167214093759,1.2550335311006489,-0.03760167214093759,-0.03554502063103539,-0.20620553899803168,0.945304253965262,-0.16984440691003744,0.9670083806833485,2024-12-12,2024-12-13,2025-01-01
2,F3,1630173,344,-0.3878,-0.0686230452674897,-0.0048668206146164385,-0.0686230452674897,-0.06486965661140875,-0.23620346679171278,0.945304253965262,-0.16984440691003744,0.9670083806833485,2024-12-12,2024-12-13,2025-01-01
2,F3,1630322,1554,-0.0953,-0.04695504121750158,-1.18297511438455,-0.04695504121750158,-0.04438680020801846,-0.21525032528269353,0.945304253965262,-0.16984440691003744,0.9670083806833485,2024-12-12,2024-12-13,2025-01-01
2,F3,1631115,177,-0.8889,-0.0885398424310636,-14.437733515077225,-0.0885398424310636,-0.08369708969549841,-0.2554631765652591,0.945304253965262,-0.16984440691003744,0.9670083806833485,2024-12-12,2024-12-13,2025-01-01
2,F3,1641810,549,-0.2979,-0.07610381572824569,0.4987580538594609,-0.07610381572824569,-0.07194126075089906,-0.24343743452123223,0.945304253965262,-0.16984440691003744,0.9670083806833485,2024-12-12,2024-12-13,2025-01-01
2,F3,203083,1548,-0.1059,-0.052075349428208385,-2.1689263002943675,-0.052075349428208385,-0.04922704934121286,-0.22020170623412877,0.945304253965262,-0.16984440691003744,0.9670083806833485,2024-12-12,2024-12-13,2025-01-01
2,F3,1628379,1209,-0.1395,-0.060041117835528665,1.849750266548171,-0.060041117835528665,-0.05675712410275481,-0.22790467104259013,0.945304253965262,-0.16984440691003744,0.9670083806833485,2024-12-12,2024-12-13,2025-01-01
2,F3,1629111,696,-0.2591,-0.0785425087108014,-10.208938563383752,-0.0785425087108014,-0.0742465676014242,-0.2457956710732773,0.945304253965262,-0.16984440691003744,0.9670083806833485,2024-12-12,2024-12-13,2025-01-01
2,F3,1631109,114,-1.6408,-0.10913138856476079,3.882602026872335,-0.10913138856476079,-0.10316236585140431,-0.27537537424777203,0.945304253965262,-0.16984440691003744,0.9670083806833485,2024-12-12,2024-12-13,2025-01-01
2,F3,1641765,365,-0.5191,-0.09642315521628499,-1.3645573500894346,-0.09642315521628499,-0.09114921880670694,-0.26308640609611633,0.945304253965262,-0.16984440691003744,0.9670083806833485,2024-12-12,2024-12-13,2025-01-01
2,F3,1627814,153,-1.4058,-0.1226967484312607,-16.555821160146152,-0.1226967484312607,-0.11598575823977632,-0.28849319092566306,0.945304253965262,-0.16984440691003744,0.9670083806833485,2024-12-12,2024-12-13,2025-01-01
2,F3,1630311,185,-1.1962,-0.12397591036414565,5.734469921298313,-0.12397591036414565,-0.1171949554564429,-0.2897301512350139,0.945304253965262,-0.16984440691003744,0.9670083806833485,2024-12-12,2024-12-13,2025-01-01
2,F3,1630545,130,-1.7409,-0.13081907514450866,-0.5194903617732568,-0.13081907514450866,-0.1236638282339053,-0.29634754892802206,0.945304253965262,-0.16984440691003744,0.9670083806833485,2024-12-12,2024-12-13,2025-01-01
2,F3,1641730,1005,-0.2316,-0.08935047984644913,-0.000573748530136199,-0.08935047984644913,-0.08446338869268577,-0.2562470697396324,0.945304253965262,-0.16984440691003744,0.9670083806833485,2024-12-12,2024-12-13,2025-01-01
2,F3,1629726,1396,-0.1682,-0.078373564753004,2.3062019968682286,-0.078373564753004,-0.07408686415943659,-0.2456323008502214,0.945304253965262,-0.16984440691003744,0.9670083806833485,2024-12-12,2024-12-13,2025-01-01
2,F3,203482,165,-1.5072,-0.14089971671388102,-0.9865131427741327,-0.14089971671388102,-0.13319310159213205,-0.30609561380827005,0.945304253965262,-0.16984440691003744,0.9670083806833485,2024-12-12,2024-12-13,2025-01-01
2,F3,1631169,368,-0.6778,-0.1267430894308943,3.5371925733739156,-0.1267430894308943,-0.11981078159972401,-0.29240603658341136,0.945304253965262,-0.16984440691003744,0.9670083806833485,2024-12-12,2024-12-13,2025-01-01
2,F3,1641809,338,-0.756,-0.1318513931888545,2.9965733812526745,-0.1318513931888545,-0.12463968287267052,-0.2973458091284351,0.945304253965262,-0.16984440691003744,0.9670083806833485,2024-12-12,2024-12-13,2025-01-01
2,F3,1631245,1011,-0.2619,-0.10140976637303717,-7.656969358251137,-0.10140976637303717,-0.09586308354605541,-0.2679085008759048,0.945304253965262,-0.16984440691003744,0.9670083806833485,2024-12-12,2024-12-13,2025-01-01
2,F3,1630699,150,-1.8028,-0.1545257142857143,-3.119456091439111,-0.1545257142857143,-0.14607381506130637,-0.3192720676554038,0.945304253965262,-0.16984440691003744,0.9670083806833485,2024-12-12,2024-12-13,2025-01-01
2,F3,1642277,660,-0.4214,-0.1230637168141593,-3.708154877481969,-0.1230637168141593,-0.11633265501320113,-0.28884805242737177,0.945304253965262,-0.16984440691003744,0.9670083806833485,2024-12-12,2024-12-13,2025-01-01
2,F3,1628963,618,-0.4712,-0.13129017132551848,0.5629230018820508,-0.13129017132551848,-0.12410915745784068,-0.29680310288316647,0.945304253965262,-0.16984440691003744,0.9670083806833485,2024-12-12,2024-12-13,2025-01-01
2,F3,1641871,350,-0.8384,-0.15048205128205128,13.78387337242597,-0.15048205128205128,-0.14225132322234177,-0.31536181164220245,0.945304253965262,-0.16984440691003744,0.9670083806833485,2024-12-12,2024-12-13,2025-01-01
2,F3,1642345,1297,-0.2353,-0.10534487400759407,0.07657021326246453,-0.10534487400759407,-0.09958295753281322,-0.27171378293741233,0.945304253965262,-0.16984440691003744,0.9670083806833485,2024-12-12,2024-12-13,2025-01-01
2,F3,1631124,1875,-0.1683,-0.09080935251798561,-1.0111119998379494,-0.09080935251798561,-0.08584246723508288,-0.25765781183935804,0.945304253965262,-0.16984440691003744,0.9670083806833485,2024-12-12,2024-12-13,2025-01-01
2,F3,1641741,802,-0.3943,-0.13165220649458784,0.09635331740521062,-0.13165220649458784,-0.12445139084324697,-0.2971531939257587,0.945304253965262,-0.16984440691003744,0.9670083806833485,2024-12-12,2024-12-13,2025-01-01
2,F3,1628960,1866,-0.177,-0.09529197922677436,-0.30005151623698156,-0.09529197922677436,-0.09007991333183918,-0.2619925494342318,0.945304253965262,-0.16984440691003744,0.9670083806833485,2024-12-12,2024-12-13,2025-01-01
2,F3,1631288,837,-0.3962,-0.13607689782519491,-5.761510165818634,-0.13607689782519491,-0.12863407038055305,-0.30143190752439264,0.945304253965262,-0.16984440691003744,0.9670083806833485,2024-12-12,2024-12-13,2025-01-01
2,F3,1641816,459,-0.725,-0.16161971830985916,-0.1569351660330057,-0.16161971830985916,-0.1527798072429772,-0.3261320289993533,0.945304253965262,-0.16984440691003744,0.9670083806833485,2024-12-12,2024-12-13,2025-01-01
2,F3,1630264,564,-0.6059,-0.15791478743068393,-2.2149438634052054,-0.15791478743068393,-0.14927752032224562,-0.3225493297893383,0.945304253965262,-0.16984440691003744,0.9670083806833485,2024-12-12,2024-12-13,2025-01-01
2,F3,1630591,3209,-0.1067,-0.07119989602828031,-1.821844732388192,-0.07119989602828031,-0.06730556459741774,-0.23869530307316755,0.945304253965262,-0.16984440691003744,0.9670083806833485,2024-12-12,2024-12-13,2025-01-01
2,F3,1630611,100,-3.6596,-0.21527058823529413,-6.673813081603258,-0.21527058823529413,-0.2034962028124278,-0.3780128698482011,0.945304253965262,-0.16984440691003744,0.9670083806833485,2024-12-12,2024-12-13,2025-01-01
2,F3,202704,475,-0.771,-0.17649397590361446,-0.3038333405547336,-0.17649397590361446,-0.1668405062209292,-0.3405155607489576,0.945304253965262,-0.16984440691003744,0.9670083806833485,2024-12-12,2024-12-13,2025-01-01
2,F3,202331,1473,-0.251,-0.12031337455255452,-1.3597417748585325,-0.12031337455255452,-0.11373274477344568,-0.2861884484106524,0.945304253965262,-0.16984440691003744,0.9670083806833485,2024-12-12,2024-12-13,2025-01-01
2,F3,1629646,656,-0.5939,-0.17269432624113473,-0.8642510817035615,-0.17269432624113473,-0.16324868123140943,-0.336841267681679,0.945304253965262,-0.16984440691003744,0.9670083806833485,2024-12-12,2024-12-13,2025-01-01
2,F3,1642276,253,-1.5741,-0.21492029141932,3.3910527457594704,-0.21492029141932,-0.203165065742137,-0.37767412989142746,0.945304253965262,-0.16984440691003744,0.9670083806833485,2024-12-12,2024-12-13,2025-01-01
2,F3,1642359,310,-1.288,-0.20904712041884818,-11.681318423806744,-0.20904712041884818,-0.19761313221112556,-0.3719947243127848,0.945304253965262,-0.16984440691003744,0.9670083806833485,2024-12-12,2024-12-13,2025-01-01
2,F3,203468,1834,-0.2337,-0.12481240535818287,-0.9384005498694676,-0.12481240535818287,-0.11798569773272692,-0.29053904890464755,0.945304253965262,-0.16984440691003744,0.9670083806833485,2024-12-12,2024-12-13,2025-01-01
2,F3,1630541,1471,-0.2937,-0.1406814392705959,5.966845804843988,-0.1406814392705959,-0.13298676299644996,-0.3058845376912992,0.945304253965262,-0.16984440691003744,0.9670083806833485,2024-12-12,2024-12-13,2025-01-01
2,F3,1628975,245,-1.8517,-0.24588970189701895,3.0974880915978504,-0.24588970189701895,-0.23244058120950215,-0.40762180936818504,0.945304253965262,-0.16984440691003744,0.9670083806833485,2024-12-12,2024-12-13,2025-01-01
2,F3,1631097,3380,-0.1353,-0.09183012048192771,-0.31651073176907707,-0.09183012048192771,-0.08680740353370879,-0.25864490301522314,0.945304253965262,-0.16984440691003744,0.9670083806833485,2024-12-12,2024-12-13,2025-01-01
2,F3,1629004,336,-1.4053,-0.24389504132231404,1.7626252941414773,-0.24389504132231404,-0.23055502008301682,-0.4056929558758267,0.945304253965262,-0.16984440691003744,0.9670083806833485,2024-12-12,2024-12-13,2025-01-01
2,F3,1641737,364,-1.3066,-0.24216008146639512,2.2915185009838153,-0.24216008146639512,-0.2289149551507577,-0.4040152351550039,0.945304253965262,-0.16984440691003744,0.9670083806833485,2024-12-12,2024-12-13,2025-01-01
2,F3,202699,3209,-0.1554,-0.10369694323144106,-2.1206951212825023,-0.10369694323144106,-0.0980251615598755,-0.2701202200660864,0.945304253965262,-0.16984440691003744,0.9670083806833485,2024-12-12,2024-12-13,2025-01-01
2,F3,1642265,381,-1.3128,-0.25248702675416457,-4.467981398726386,-0.25248702675416457,-0.2386770604617527,-0.4140014777951354,0.945304253965262,-0.16984440691003744,0.9670083806833485,2024-12-12,2024-12-13,2025-01-01
2,F3,1630288,332,-1.5274,-0.26247246376811595,4.858254998995769,-0.26247246376811595,-0.2481163365487431,-0.4236574790724121,0.945304253965262,-0.16984440691003744,0.9670083806833485,2024-12-12,2024-12-13,2025-01-01
2,F3,202684,230,-2.2396,-0.281479781420765,-6.148523588062246,-0.281479781420765,-0.2660840347822613,-0.4420377145368343,0.945304253965262,-0.16984440691003744,0.9670083806833485,2024-12-12,2024-12-13,2025-01-01
2,F3,1630183,2737,-0.1904,-0.12015789716393821,0.9619707172124347,-0.12015789716393821,-0.11358577133659127,-0.2860381004728536,0.945304253965262,-0.16984440691003744,0.9670083806833485,2024-12-12,2024-12-13,2025-01-01
2,F3,1642281,444,-1.1861,-0.25764598825831697,-1.778777540532123,-0.25764598825831697,-0.24355384871767097,-0.4189902368052736,0.945304253965262,-0.16984440691003744,0.9670083806833485,2024-12-12,2024-12-13,2025-01-01
2,F3,1642271,1129,-0.4855,-0.20085360938072552,-1.476571355179852,-0.20085360938072552,-0.18986777137187688,-0.3640715304716986,0.945304253965262,-0.16984440691003744,0.9670083806833485,2024-12-12,2024-12-13,2025-01-01
2,F3,1631323,1878,-0.3049,-0.1646354801610121,-0.17036329775881623,-0.1646354801610121,-0.15563061974981823,-0.3290482959835633,0.945304253965262,-0.16984440691003744,0.9670083806833485,2024-12-12,2024-12-13,2025-01-01
2,F3,1630695,410,-1.4091,-0.28742835820895524,1.7732277608683575,-0.28742835820895524,-0.2717072497251765,-0.4477900381441527,0.945304253965262,-0.16984440691003744,0.9670083806833485,2024-12-12,2024-12-13,2025-01-01
2,F3,202691,2405,-0.2415,-0.14502059925093633,2.1566122781791996,-0.14502059925093633,-0.13708858938450158,-0.3100805417574142,0.945304253965262,-0.16984440691003744,0.9670083806833485,2024-12-12,2024-12-13,2025-01-01
2,F3,1642367,1753,-0.3318,-0.17347014613778705,-3.3776038015898693,-0.17347014613778705,-0.16398206708002575,-0.3375914920236427,0.945304253965262,-0.16984440691003744,0.9670083806833485,2024-12-12,2024-12-13,2025-01-01
2,F3,1630570,792,-0.7504,-0.24846020066889632,2.5238526606902494,-0.24846020066889632,-0.23487048463337032,-0.4101075032231267,0.945304253965262,-0.16984440691003744,0.9670083806833485,2024-12-12,2024-12-13,2025-01-01
2,F3,1631217,1744,-0.3441,-0.17945885167464115,1.5427077874238537,-0.17945885167464115,-0.16964321589975925,-0.3433826204672254,0.945304253965262,-0.16984440691003744,0.9670083806833485,2024-12-12,2024-12-13,2025-01-01
2,F3,1631216,388,-1.5563,-0.3037446680080483,1.5795677546905227,-0.3037446680080483,-0.28713112678727426,-0.46356804646170147,0.945304253965262,-0.16984440691003744,0.9670083806833485,2024-12-12,2024-12-13,2025-01-01
2,F3,1631132,585,-1.0701,-0.28650274599542336,-0.4065136016534652,-0.28650274599542336,-0.2708322645622026,-0.4468949633764045,0.945304253965262,-0.16984440691003744,0.9670083806833485,2024-12-12,2024-12-13,2025-01-01
2,F3,1630529,1054,-0.5982,-0.23756699321778446,-0.4253713383854522,-0.23756699321778446,-0.22457308929050818,-0.3995736803253792,0.945304253965262,-0.16984440691003744,0.9670083806833485,2024-12-12,2024-12-13,2025-01-01
2,F3,101108,2890,-0.2204,-0.14186102449888643,0.12687645561079786,-0.14186102449888643,-0.1341018299306676,-0.3070252064927864,0.945304253965262,-0.16984440691003744,0.9670083806833485,2024-12-12,2024-12-13,2025-01-01
2,F3,1630192,274,-2.3545,-0.3442545357524013,-4.645545453736074,-0.3442545357524013,-0.3254252770935813,-0.5027414280708649,0.945304253965262,-0.16984440691003744,0.9670083806833485,2024-12-12,2024-12-13,2025-01-01
2,F3,1630314,94,-6.9158,-0.3837574970484061,0.19449406141498193,-0.3837574970484061,-0.3627675944509198,-0.5409411227059115,0.945304253965262,-0.16984440691003744,0.9670083806833485,2024-12-12,2024-12-13,2025-01-01
2,F3,1631212,2419,-0.2803,-0.16871005225180394,0.9404289011713244,-0.16871005225180394,-0.15948233008033189,-0.3329884413430575,0.945304253965262,-0.16984440691003744,0.9670083806833485,2024-12-12,2024-12-13,2025-01-01
2,F3,1630567,1969,-0.3592,-0.19816889885121886,-2.1531804942873918,-0.19816889885121886,-0.1873299030876689,-0.3614753928899569,0.945304253965262,-0.16984440691003744,0.9670083806833485,2024-12-12,2024-12-13,2025-01-01
2,F3,1630200,564,-1.2901,-0.33623678373382626,0.27199787814192233,-0.33623678373382626,-0.31784606200318377,-0.49498819467466204,0.945304253965262,-0.16984440691003744,0.9670083806833485,2024-12-12,2024-12-13,2025-01-01
2,F3,1630208,986,-0.7411,-0.2825694508894045,-2.726525415756043,-0.2825694508894045,-0.26711410396638224,-0.4430914340451834,0.945304253965262,-0.16984440691003744,0.9670083806833485,2024-12-12,2024-12-13,2025-01-01
2,F3,201935,3339,-0.2204,-0.14900093136262402,-1.2421114356773792,-0.14900093136262402,-0.1408512142618745,-0.3139295562673192,0.945304253965262,-0.16984440691003744,0.9670083806833485,2024-12-12,2024-12-13,2025-01-01
2,F3,1630217,2070,-0.357,-0.20135967302452315,2.850098668046225,-0.20135967302452315,-0.19034615548713593,-0.36456089825641014,0.945304253965262,-0.16984440691003744,0.9670083806833485,2024-12-12,2024-12-13,2025-01-01
2,F3,203935,1563,-0.4748,-0.23462295289282326,0.9519991026436196,-0.23462295289282326,-0.2217900754474771,-0.396726768658072,0.945304253965262,-0.16984440691003744,0.9670083806833485,2024-12-12,2024-12-13,2025-01-01
2,F3,1628380,1423,-0.5241,-0.24670668210387034,-1.0205021927715021,-0.24670668210387034,-0.2332128760744442,-0.4084118360750627,0.945304253965262,-0.16984440691003744,0.9670083806833485,2024-12-12,2024-12-13,2025-01-01
2,F3,1629640,2382,-0.3139,-0.18777242591662482,1.57514885287241,-0.18777242591662482,-0.17750207299636245,-0.35142191643265686,0.945304253965262,-0.16984440691003744,0.9670083806833485,2024-12-12,2024-12-13,2025-01-01
2,F3,1630346,172,-4.3795,-0.42509819413092553,4.765688346830256,-0.42509819413092553,-0.40184713126491467,-0.5809179232479995,0.945304253965262,-0.16984440691003744,0.9670083806833485,2024-12-12,2024-12-13,2025-01-01
2,F3,1631103,966,-0.7801,-0.2936775526110678,-6.785271265362479,-0.2936775526110678,-0.27761463977734946,-0.453833061503515,0.945304253965262,-0.16984440691003744,0.9670083806833485,2024-12-12,2024-12-13,2025-01-01
2,F3,1641732,294,-2.6005,-0.4036678986272439,0.41388312018946216,-0.4036678986272439,-0.38158898176155176,-0.5601946478954186,0.945304253965262,-0.16984440691003744,0.9670083806833485,2024-12-12,2024-12-13,2025-01-01
2,F3,1630548,1299,-0.5967,-0.2673726457399103,1.5172372343037903,-0.2673726457399103,-0.2527484994118842,-0.4283959961060107,0.945304253965262,-0.16984440691003744,0.9670083806833485,2024-12-12,2024-12-13,2025-01-01
2,F3,1642270,1165,-0.6702,-0.28238083182640145,-3.3574448458882897,-0.28238083182640145,-0.2669358015637465,-0.44290903783050284,0.945304253965262,-0.16984440691003744,0.9670083806833485,2024-12-12,2024-12-13,2025-01-01
2,F3,203992,1223,-0.6609,-0.2863197662061637,-4.428084702098906,-0.2863197662061637,-0.2706592929890258,-0.44671802038669467,0.945304253965262,-0.16984440691003744,0.9670083806833485,2024-12-12,2024-12-13,2025-01-01
2,F3,1628366,613,-1.3242,-0.366802801626751,0.29247349892213975,-0.366802801626751,-0.34674024874414383,-0.5245457901412374,0.945304253965262,-0.16984440691003744,0.9670083806833485,2024-12-12,2024-12-13,2025-01-01
2,F3,1641767,1115,-0.7487,-0.30747716390423574,-0.3961175075350493,-0.30747716390423574,-0.29065947103584816,-0.46717740127418095,0.945304253965262,-0.16984440691003744,0.9670083806833485,2024-12-12,2024-12-13,2025-01-01
2,F3,201599,394,-2.1311,-0.4210899699097292,1.364455956888071,-0.4210899699097292,-0.39805813985777116,-0.5770419368344446,0.945304253965262,-0.16984440691003744,0.9670083806833485,2024-12-12,2024-12-13,2025-01-01
2,F3,1641712,987,-0.8582,-0.3274230382682644,-1.975770235427169,-0.3274230382682644,-0.3095143909212211,-0.48646522894425387,0.945304253965262,-0.16984440691003744,0.9670083806833485,2024-12-12,2024-12-13,2025-01-01
2,F3,1629629,1401,-0.6227,-0.290703998667111,-0.8177875944450504,-0.290703998667111,-0.27480372658473184,-0.45095760991929473,0.945304253965262,-0.16984440691003744,0.9670083806833485,2024-12-12,2024-12-13,2025-01-01
2,F3,203903,1403,-0.647,-0.3022780552780553,-0.681029675358028,-0.3022780552780553,-0.28574473153469226,-0.4621498196605814,0.945304253965262,-0.16984440691003744,0.9670083806833485,2024-12-12,2024-12-13,2025-01-01
2,F3,1641715,329,-2.7702,-0.47247060653188183,5.016973962822855,-0.47247060653188183,-0.4466284742281354,-0.626727443052912,0.945304253965262,-0.16984440691003744,0.9670083806833485,2024-12-12,2024-12-13,2025-01-01
2,F3,1629673,2477,-0.3699,-0.22473443708609273,0.7819743706156322,-0.22473443708609273,-0.212442419389972,-0.3871644910004438,0.945304253965262,-0.16984440691003744,0.9670083806833485,2024-12-12,2024-12-13,2025-01-01
2,F3,1641998,581,-1.5855,-0.4223638239339752,-6.276963412791309,-0.4223638239339752,-0.3992623194858217,-0.5782737643516578,0.945304253965262,-0.16984440691003744,0.9670083806833485,2024-12-12,2024-12-13,2025-01-01
2,F3,1629003,1351,-0.6851,-0.31364625550660796,1.567757299258127,-0.31364625550660796,-0.29649113957067197,-0.4731429645548782,0.945304253965262,-0.16984440691003744,0.9670083806833485,2024-12-12,2024-12-13,2025-01-01
2,F3,1642530,146,-6.4055,-0.5356260022909507,10.931628752048164,-0.5356260022909507,-0.5063295385000428,-0.6877992400373052,0.945304253965262,-0.16984440691003744,0.9670083806833485,2024-12-12,2024-12-13,2025-01-01
2,F3,1626162,2823,-0.3333,-0.2127302509608863,0.49512881597450803,-0.2127302509608863,-0.20109481118042358,-0.3755563424140864,0.945304253965262,-0.16984440691003744,0.9670083806833485,2024-12-12,2024-12-13,2025-01-01
2,F3,1641842,1725,-0.5476,-0.2840932330827068,0.933920419632337,-0.2840932330827068,-0.26855454175582744,-0.4445649441964428,0.945304253965262,-0.16984440691003744,0.9670083806833485,2024-12-12,2024-12-13,2025-01-01
2,F3,1627750,2518,-0.3768,-0.2303988343856241,0.6010301359659335,-0.2303988343856241,-0.21779699825336835,-0.3926420106606108,0.945304253965262,-0.16984440691003744,0.9670083806833485,2024-12-12,2024-12-13,2025-01-01
2,F3,1626153,1191,-0.8111,-0.3461197061984952,0.12087794379575047,-0.3461197061984952,-0.3271884306506442,-0.5045450635236406,0.945304253965262,-0.16984440691003744,0.9670083806833485,2024-12-12,2024-12-13,2025-01-01
2,F3,1630590,2439,-0.4008,-0.2420280267392919,-0.13804363188736943,-0.2420280267392919,-0.22879012325547082,-0.4038875371271863,0.945304253965262,-0.16984440691003744,0.9670083806833485,2024-12-12,2024-12-13,2025-01-01
2,F3,1630579,1189,-0.8333,-0.35525051989960565,-0.8742085510718441,-0.35525051989960565,-0.33581982768446816,-0.5133746368950728,0.945304253965262,-0.16984440691003744,0.9670083806833485,2024-12-12,2024-12-13,2025-01-01
2,F3,1630191,2409,-0.4132,-0.24829104514841605,-1.1001898539650703,-0.24829104514841605,-0.2347105812002786,-0.4099439284171834,0.945304253965262,-0.16984440691003744,0.9670083806833485,2024-12-12,2024-12-13,2025-01-01
2,F3,1642402,497,-2.0233,-0.47953271340009535,-0.7761426733373618,-0.47953271340009535,-0.4533043138926149,-0.6335565595797559,0.945304253965262,-0.16984440691003744,0.9670083806833485,2024-12-12,2024-12-13,2025-01-01
2,F3,1630559,2630,-0.3941,-0.24503144208037825,0.9015539253667861,-0.24503144208037825,-0.23162926455382427,-0.4067918649326897,0.945304253965262,-0.16984440691003744,0.9670083806833485,2024-12-12,2024-12-13,2025-01-01
2,F3,1641775,611,-1.7122,-0.473158842152872,1.605812878065255,-0.473158842152872,-0.4472790662883878,-0.6273929726662943,0.945304253965262,-0.16984440691003744,0.9670083806833485,2024-12-12,2024-12-13,2025-01-01
2,F3,1631170,1514,-0.7031,-0.3418411689145793,-0.42572758454177323,-0.3418411689145793,-0.32314391115540947,-0.5004076821130278,0.945304253965262,-0.16984440691003744,0.9670083806833485,2024-12-12,2024-12-13,2025-01-01
2,F3,1630245,3206,-0.3368,-0.22467349146899707,-0.6837337690279581,-0.22467349146899707,-0.21238480723887093,-0.3871055560779464,0.945304253965262,-0.16984440691003744,0.9670083806833485,2024-12-12,2024-12-13,2025-01-01
2,F3,1641757,910,-1.1908,-0.43172430278884466,-3.420007411790197,-0.43172430278884466,-0.4081108199664817,-0.5873254258515257,0.945304253965262,-0.16984440691003744,0.9670083806833485,2024-12-12,2024-12-13,2025-01-01
2,F3,203954,654,-1.6621,-0.4822597160603372,2.3597400930019377,-0.4822597160603372,-0.45588216110791613,-0.6361935940063556,0.945304253965262,-0.16984440691003744,0.9670083806833485,2024-12-12,2024-12-13,2025-01-01
2,F3,1631105,2168,-0.5032,-0.2895269639065817,0.40711477867881546,-0.2895269639065817,-0.2736910706185386,-0.44981940744150734,0.945304253965262,-0.16984440691003744,0.9670083806833485,2024-12-12,2024-12-13,2025-01-01
2,F3,200768,1399,-0.7956,-0.37113851283761257,-1.0331963935660333,-0.37113851283761257,-0.35083881499573616,-0.5287384592183633,0.945304253965262,-0.16984440691003744,0.9670083806833485,2024-12-12,2024-12-13,2025-01-01
2,F3,1642263,1225,-0.9269,-0.4019300884955752,-4.32827154130871,-0.4019300884955752,-0.37994622245150145,-0.5585141709340586,0.945304253965262,-0.16984440691003744,0.9670083806833485,2024-12-12,2024-12-13,2025-01-01
2,F3,1631133,841,-1.426,-0.49130110610405564,7.338273136661566,-0.49130110610405564,-0.4644290255780023,-0.6449366939516583,0.945304253965262,-0.16984440691003744,0.9670083806833485,2024-12-12,2024-12-13,2025-01-01
2,F3,203458,523,-2.2945,-0.5652489401789921,-1.4614552369057179,-0.5652489401789921,-0.5343322277005571,-0.7164448692355034,0.945304253965262,-0.16984440691003744,0.9670083806833485,2024-12-12,2024-12-13,2025-01-01
2,F3,1630249,549,-2.1909,-0.5597040949278734,-1.015457502283648,-0.5597040949278734,-0.5290906618970955,-0.7110829574080795,0.945304253965262,-0.16984440691003744,0.9670083806833485,2024-12-12,2024-12-13,2025-01-01
2,F3,1641824,1390,-0.8661,-0.4026351170568562,-0.6831055381240866,-0.4026351170568562,-0.38061268894964734,-0.5591959394614384,0.945304253965262,-0.16984440691003744,0.9670083806833485,2024-12-12,2024-12-13,2025-01-01
2,F3,1630811,838,-1.4464,-0.49716292042657917,-2.4260134582614694,-0.49716292042657917,-0.4699702235930383,-0.6506051175275482,0.945304253965262,-0.16984440691003744,0.9670083806833485,2024-12-12,2024-12-13,2025-01-01
2,F3,1626192,1022,-1.1992,-0.46742273073989327,-0.7402266605919404,-0.46742273073989327,-0.4418566957684803,-0.6218461048574104,0.945304253965262,-0.16984440691003744,0.9670083806833485,2024-12-12,2024-12-13,2025-01-01
2,F3,1631200,1187,-1.0411,-0.4434107283817725,-4.8551644997095815,-0.4434107283817725,-0.4191580477931248,-0.5986262973401193,0.945304253965262,-0.16984440691003744,0.9670083806833485,2024-12-12,2024-12-13,2025-01-01
2,F3,1641709,354,-3.5404,-0.6414030706243603,0.8879267470908001,-0.6414030706243603,-0.6063210511675892,-0.7900865515998275,0.945304253965262,-0.16984440691003744,0.9670083806833485,2024-12-12,2024-12-13,2025-01-01
2,F3,203924,2905,-0.4637,-0.2990118756936737,-0.7565358134445579,-0.2990118756936737,-0.28265719807936185,-0.45899139662966754,0.945304253965262,-0.16984440691003744,0.9670083806833485,2024-12-12,2024-12-13,2025-01-01
2,F3,1626156,2604,-0.5395,-0.3341717411988582,-1.1707695312301578,-0.3341717411988582,-0.31589396851025925,-0.4929912812368803,0.945304253965262,-0.16984440691003744,0.9670083806833485,2024-12-12,2024-12-13,2025-01-01
2,F3,1631223,955,-1.4986,-0.5601420743639921,-1.2001737453604802,-0.5601420743639921,-0.5295046857212078,-0.7115064871933732,0.945304253965262,-0.16984440691003744,0.9670083806833485,2024-12-12,2024-12-13,2025-01-01
2,F3,1629234,1136,-1.2694,-0.5270608187134503,1.4970679826414095,-0.5270608187134503,-0.49823283402823837,-0.6795166357357709,0.945304253965262,-0.16984440691003744,0.9670083806833485,2024-12-12,2024-12-13,2025-01-01
2,F3,1630527,2563,-0.5648,-0.3477257746817199,2.2845842586472265,-0.3477257746817199,-0.328706654019996,-0.5060981452068702,0.945304253965262,-0.16984440691003744,0.9670083806833485,2024-12-12,2024-12-13,2025-01-01
2,F3,1642346,1376,-1.0593,-0.4897838709677419,0.42632253043327917,-0.4897838709677419,-0.4629947767493794,-0.6434695148593756,0.945304253965262,-0.16984440691003744,0.9670083806833485,2024-12-12,2024-12-13,2025-01-01
2,F3,1626171,2283,-0.6598,-0.38792773628637656,0.36113665209378726,-0.38792773628637656,-0.3667097393426261,-0.5449737789984834,0.945304253965262,-0.16984440691003744,0.9670083806833485,2024-12-12,2024-12-13,2025-01-01
2,F3,1630166,2673,-0.5768,-0.36082059443014275,-0.7041012576673754,-0.36082059443014275,-0.34108524283308844,-0.5187609456471329,0.945304253965262,-0.16984440691003744,0.9670083806833485,2024-12-12,2024-12-13,2025-01-01
2,F3,1627824,2134,-0.7305,-0.41748446705945363,0.6146314929101753,-0.41748446705945363,-0.3946498426757218,-0.5735553853616504,0.945304253965262,-0.16984440691003744,0.9670083806833485,2024-12-12,2024-12-13,2025-01-01
2,F3,1629632,3252,-0.4811,-0.3224520197856554,-0.9828292806168463,-0.3224520197856554,-0.30481526600307085,-0.4816582124110391,0.945304253965262,-0.16984440691003744,0.9670083806833485,2024-12-12,2024-12-13,2025-01-01
2,F3,1630214,600,-2.6113,-0.7121727272727272,2.964173925882065,-0.7121727272727272,-0.6732199086489513,-0.8585214026768814,0.945304253965262,-0.16984440691003744,0.9670083806833485,2024-12-12,2024-12-13,2025-01-01
2,F3,201587,1794,-0.8757,-0.4628773718326458,0.7578549668037576,-0.4628773718326458,-0.4375599486576604,-0.6174507047008885,0.945304253965262,-0.16984440691003744,0.9670083806833485,2024-12-12,2024-12-13,2025-01-01
2,F3,203500,610,-2.5896,-0.7147764705882353,0.17720963340306717,-0.7147764705882353,-0.6756812382813349,-0.8610392442841259,0.945304253965262,-0.16984440691003744,0.9670083806833485,2024-12-12,2024-12-13,2025-01-01
2,F3,1629614,1144,-1.408,-0.5870087463556851,0.3752186937777717,-0.5870087463556851,-0.5549018650448446,-0.7374867841704109,0.945304253965262,-0.16984440691003744,0.9670083806833485,2024-12-12,2024-12-13,2025-01-01
2,F3,1641794,699,-2.3376,-0.7107361461505003,-1.9941530249282502,-0.7107361461505003,-0.6718619024029441,-0.8571322166921564,0.945304253965262,-0.16984440691003744,0.9670083806833485,2024-12-12,2024-12-13,2025-01-01
2,F3,1641716,1935,-0.8615,-0.4715707213578501,-1.1195874538619779,-0.4715707213578501,-0.44577780894504293,-0.6258572465479706,0.945304253965262,-0.16984440691003744,0.9670083806833485,2024-12-12,2024-12-13,2025-01-01
2,F3,203995,1084,-1.5646,-0.6319025335320417,-3.823505770407065,-0.6319025335320417,-0.5973401530392657,-0.7808994526105625,0.945304253965262,-0.16984440691003744,0.9670083806833485,2024-12-12,2024-12-13,2025-01-01
2,F3,1641763,1458,-1.171,-0.5583119686069327,1.0097518828266716,-0.5583119686069327,-0.5277746789638532,-0.7097367595887599,0.945304253965262,-0.16984440691003744,0.9670083806833485,2024-12-12,2024-12-13,2025-01-01
2,F3,1629028,2124,-0.8123,-0.46329892588614396,-0.041793266414275325,-0.46329892588614396,-0.4379584454977085,-0.6178583510035323,0.945304253965262,-0.16984440691003744,0.9670083806833485,2024-12-12,2024-12-13,2025-01-01
2,F3,202685,1695,-1.0212,-0.5253213960546282,-0.05253557368849057,-0.5253213960546282,-0.49658855038941024,-0.6778345994471394,0.945304253965262,-0.16984440691003744,0.9670083806833485,2024-12-12,2024-12-13,2025-01-01
2,F3,203486,1599,-1.0978,-0.548728415129728,-1.3122654925828832,-0.548728415129728,-0.5187153050937481,-0.700469383059576,0.945304253965262,-0.16984440691003744,0.9670083806833485,2024-12-12,2024-12-13,2025-01-01
2,F3,201569,1064,-1.6513,-0.6595282282282282,2.0318036345307835,-0.6595282282282282,-0.6234548397543163,-0.8076137309039743,0.945304253965262,-0.16984440691003744,0.9670083806833485,2024-12-12,2024-12-13,2025-01-01
2,F3,1641783,2101,-0.8545,-0.4850863280194542,0.12439660095028911,-0.4850863280194542,-0.4585541694171785,-0.6389269514597615,0.945304253965262,-0.16984440691003744,0.9670083806833485,2024-12-12,2024-12-13,2025-01-01
2,F3,1628978,2432,-0.7466,-0.45033015873015875,2.209210356785076,-0.45033015873015875,-0.4256990147364707,-0.6053174444765635,0.945304253965262,-0.16984440691003744,0.9670083806833485,2024-12-12,2024-12-13,2025-01-01
2,F3,1630592,2250,-0.8169,-0.47740909090909084,-0.9609359873382444,-0.47740909090909084,-0.451296844518052,-0.6315029988335469,0.945304253965262,-0.16984440691003744,0.9670083806833485,2024-12-12,2024-12-13,2025-01-01
2,F3,203110,2678,-0.7154,-0.44783571762505847,-3.180618319344898,-0.44783571762505847,-0.42334100894855364,-0.6029052990228105,0.945304253965262,-0.16984440691003744,0.9670083806833485,2024-12-12,2024-12-13,2025-01-01
2,F3,1642266,1077,-1.8042,-0.7258585730295106,-0.11572385769693107,-0.7258585730295106,-0.6861571968619512,-0.8717557302204305,0.945304253965262,-0.16984440691003744,0.9670083806833485,2024-12-12,2024-12-13,2025-01-01
2,F3,1642275,1487,-1.3093,-0.6306864593456429,-1.9754575916099564,-0.6306864593456429,-0.5961905929377255,-0.7797234986807822,0.945304253965262,-0.16984440691003744,0.9670083806833485,2024-12-12,2024-12-13,2025-01-01
2,F3,1631104,803,-2.527,-0.8444365376612568,2.0371540047678467,-0.8444365376612568,-0.7982494512548832,-0.9864216157837028,0.945304253965262,-0.16984440691003744,0.9670083806833485,2024-12-12,2024-12-13,2025-01-01
2,F3,1631101,2061,-0.99,-0.5573313302376399,0.9279431407442315,-0.5573313302376399,-0.5268476773417593,-0.7087884740672341,0.945304253965262,-0.16984440691003744,0.9670083806833485,2024-12-12,2024-12-13,2025-01-01
2,F3,1628467,1032,-2.0069,-0.7869,-0.7755705746401543,-0.7869,-0.7438599174452647,-0.9307833016697644,0.945304253965262,-0.16984440691003744,0.9670083806833485,2024-12-12,2024-12-13,2025-01-01
2,F3,1630169,3646,-0.5776,-0.40143530308806713,0.8919635848431673,-0.40143530308806713,-0.37947849970098413,-0.5580357092983584,0.945304253965262,-0.16984440691003744,0.9670083806833485,2024-12-12,2024-12-13,2025-01-01
2,F3,1631108,1788,-1.1812,-0.6233723730814641,1.7504567453511142,-0.6233723730814641,-0.5892765560783284,-0.7726507159662802,0.945304253965262,-0.16984440691003744,0.9670083806833485,2024-12-12,2024-12-13,2025-01-01
2,F3,1630182,2491,-0.852,-0.5187807382058176,-0.631480971450011,-0.5187807382058176,-0.4904056387011983,-0.6715097284921573,0.945304253965262,-0.16984440691003744,0.9670083806833485,2024-12-12,2024-12-13,2025-01-01
2,F3,1629750,2256,-0.9524,-0.5572132780082988,-1.2990529998775235,-0.5572132780082988,-0.526736082067173,-0.7086743165721029,0.945304253965262,-0.16984440691003744,0.9670083806833485,2024-12-12,2024-12-13,2025-01-01
2,F3,1626168,1353,-1.6222,-0.7432565526583137,1.1398423131620856,-0.7432565526583137,-0.7026035810154597,-0.8885797223284413,0.945304253965262,-0.16984440691003744,0.9670083806833485,2024-12-12,2024-12-13,2025-01-01
2,F3,1629628,3145,-0.7216,-0.47827860906217073,-0.9105756180055745,-0.47827860906217073,-0.4521188037270585,-0.6323438301747315,0.945304253965262,-0.16984440691003744,0.9670083806833485,2024-12-12,2024-12-13,2025-01-01
2,F3,1642274,2536,-0.9188,-0.5633647969052225,-0.9133102546395737,-0.5633647969052225,-0.5325511390487826,-0.71462288689936,0.945304253965262,-0.16984440691003744,0.9670083806833485,2024-12-12,2024-12-13,2025-01-01
2,F3,1630526,2110,-1.1306,-0.6430097035040432,-1.203178272939687,-0.6430097035040432,-0.6078398080633138,-0.7916401790591623,0.945304253965262,-0.16984440691003744,0.9670083806833485,2024-12-12,2024-12-13,2025-01-01
2,F3,1628464,1068,-2.2372,-0.8955508245877061,-2.6937171154140844,-0.8955508245877061,-0.8465680041248567,-1.0358495596142325,0.945304253965262,-0.16984440691003744,0.9670083806833485,2024-12-12,2024-12-13,2025-01-01
2,F3,1631093,3041,-0.7879,-0.5162688860159449,2.4992020461710327,-0.5162688860159449,-0.4880311741407797,-0.6690807463735124,0.945304253965262,-0.16984440691003744,0.9670083806833485,2024-12-12,2024-12-13,2025-01-01
2,F3,203501,2538,-0.9534,-0.5847581440309328,-0.3514934691891154,-0.5847581440309328,-0.5527743610932722,-0.7353104328607901,0.945304253965262,-0.16984440691003744,0.9670083806833485,2024-12-12,2024-12-13,2025-01-01
2,F3,1642354,458,-5.3492,-1.190443926141885,-2.5380253770036743,-1.190443926141885,-1.125331707489032,-1.3210136602228295,0.945304253965262,-0.16984440691003744,0.9670083806833485,2024-12-12,2024-12-13,2025-01-01
2,F3,1641710,2661,-0.9238,-0.5769142924196198,-1.259280104038697,-0.5769142924196198,-0.5453595347976257,-0.7277253626158138,0.945304253965262,-0.16984440691003744,0.9670083806833485,2024-12-12,2024-12-13,2025-01-01
2,F3,1641722,1296,-1.9588,-0.8765900552486189,-1.6866790507843092,-0.8765900552486189,-0.8286443082101634,-1.0175143367591315,0.945304253965262,-0.16984440691003744,0.9670083806833485,2024-12-12,2024-12-13,2025-01-01
2,F3,1630175,1082,-2.358,-0.9512885906040269,-4.371756797359503,-0.9512885906040269,-0.8992571514466052,-1.0897484464725824,0.945304253965262,-0.16984440691003744,0.9670083806833485,2024-12-12,2024-12-13,2025-01-01
2,F3,1629216,1888,-1.3709,-0.7420467889908257,-1.0743137373727387,-0.7420467889908257,-0.7014599862742906,-0.8874098707233341,0.945304253965262,-0.16984440691003744,0.9670083806833485,2024-12-12,2024-12-13,2025-01-01
2,F3,1630172,1837,-1.4278,-0.7631273203375036,-0.03954980424620158,-0.7631273203375036,-0.7213875022321533,-0.9077949212048297,0.945304253965262,-0.16984440691003744,0.9670083806833485,2024-12-12,2024-12-13,2025-01-01
2,F3,1641748,1657,-1.6606,-0.8448308873196194,-2.164202320234397,-0.8448308873196194,-0.7986222316644831,-0.9868029552082591,0.945304253965262,-0.16984440691003744,0.9670083806833485,2024-12-12,2024-12-13,2025-01-01
2,F3,203994,1596,-1.7493,-0.8735553191489361,-2.3799155136173686,-0.8735553191489361,-0.8257755592654714,-1.0145797215175758,0.945304253965262,-0.16984440691003744,0.9670083806833485,2024-12-12,2024-12-13,2025-01-01
2,F3,1631099,3891,-0.7257,-0.5142412493170643,-1.827067616842968,-0.5142412493170643,-0.48611444054383174,-0.6671200046927139,0.945304253965262,-0.16984440691003744,0.9670083806833485,2024-12-12,2024-12-13,2025-01-01
2,F3,1630702,1325,-2.1662,-0.9812700854700854,0.11726506078913192,-0.9812700854700854,-0.9275987860837279,-1.1187408032734756,0.945304253965262,-0.16984440691003744,0.9670083806833485,2024-12-12,2024-12-13,2025-01-01
2,F3,1629014,2570,-1.2211,-0.7525724220623502,-0.20578463694060223,-0.7525724220623502,-0.7114099119924802,-0.8975882461154961,0.945304253965262,-0.16984440691003744,0.9670083806833485,2024-12-12,2024-12-13,2025-01-01
2,F3,1641764,2322,-1.3621,-0.8064243243243244,2.2431739303154794,-0.8064243243243244,-0.762316344284846,-0.9496634869185658,0.945304253965262,-0.16984440691003744,0.9670083806833485,2024-12-12,2024-12-13,2025-01-01
2,F3,1641739,3031,-1.0463,-0.6848057223061973,-2.3655925686086094,-0.6848057223061973,-0.6473497624358022,-0.8320572795200442,0.945304253965262,-0.16984440691003744,0.9670083806833485,2024-12-12,2024-12-13,2025-01-01
2,F3,1642258,2655,-1.235,-0.7706051703877791,-1.405854305129064,-0.7706051703877791,-0.7284563456951931,-0.9150260648729396,0.945304253965262,-0.16984440691003744,0.9670083806833485,2024-12-12,2024-12-13,2025-01-01
2,F3,1630595,3242,-1.0285,-0.6886404378356051,-1.2084067779326688,-0.6886404378356051,-0.650974735338498,-0.835765481574518,0.945304253965262,-0.16984440691003744,0.9670083806833485,2024-12-12,2024-12-13,2025-01-01
2,F3,1627732,1719,-1.9475,-1.0086630009038866,-4.399389033483102,-1.0086630009038866,-0.9534934255718109,-1.1452299820693117,0.945304253965262,-0.16984440691003744,0.9670083806833485,2024-12-12,2024-12-13,2025-01-01
2,F3,1630553,1546,-2.2743,-1.1176312142403053,-1.0295600611555518,-1.1176312142403053,-1.0565015411857217,-1.2506031575937198,0.945304253965262,-0.16984440691003744,0.9670083806833485,2024-12-12,2024-12-13,2025-01-01
2,F3,1626167,3005,-1.1776,-0.7684447339847991,0.8957203494734982,-0.7684447339847991,-0.7264140759730346,-0.9129369047653245,0.945304253965262,-0.16984440691003744,0.9670083806833485,2024-12-12,2024-12-13,2025-01-01
2,F3,1630557,2078,-1.808,-1.0214855899945623,1.3317777423296664,-1.0214855899945623,-0.9656146735860752,-1.157629533182054,0.945304253965262,-0.16984440691003744,0.9670083806833485,2024-12-12,2024-12-13,2025-01-01
2,F3,1628389,3083,-1.2505,-0.823252509075379,-1.1707092762118843,-0.823252509075379,-0.7782240989165311,-0.9659364826045232,0.945304253965262,-0.16984440691003744,0.9670083806833485,2024-12-12,2024-12-13,2025-01-01
2,F3,1626179,2235,-1.7662,-1.0293238591916558,-0.7155056156686884,-1.0293238591916558,-0.9730242228018126,-1.1652092051856955,0.945304253965262,-0.16984440691003744,0.9670083806833485,2024-12-12,2024-12-13,2025-01-01
2,F3,1642262,1251,-3.2968,-1.4466141003156787,-2.4330796772939007,-1.4466141003156787,-1.3674904628745412,-1.5687323655300012,0.945304253965262,-0.16984440691003744,0.9670083806833485,2024-12-12,2024-12-13,2025-01-01
2,F3,201566,2475,-1.6704,-1.0145374233128837,-0.27072632654658446,-1.0145374233128837,-0.9590465420646247,-1.1509105977704859,0.945304253965262,-0.16984440691003744,0.9670083806833485,2024-12-12,2024-12-13,2025-01-01
2,F3,1627749,1280,-3.3389,-1.4839555555555555,-4.214719649596078,-1.4839555555555555,-1.4027894993620502,-1.6048418656938739,0.945304253965262,-0.16984440691003744,0.9670083806833485,2024-12-12,2024-12-13,2025-01-01
2,F3,1629645,1740,-2.4613,-1.282234131736527,-2.6160397197376533,-1.282234131736527,-1.212101379309993,-1.4097755582974956,0.945304253965262,-0.16984440691003744,0.9670083806833485,2024-12-12,2024-12-13,2025-01-01
2,F3,1628398,1439,-2.9877,-1.4147088845014806,-0.5164165220108973,-1.4147088845014806,-1.3373303266417,-1.5378797544501603,0.945304253965262,-0.16984440691003744,0.9670083806833485,2024-12-12,2024-12-13,2025-01-01
2,F3,1642273,2003,-2.1621,-1.2019667776852623,-2.2522140210177444,-1.2019667776852623,-1.1362243080707968,-1.332156354234645,0.945304253965262,-0.16984440691003744,0.9670083806833485,2024-12-12,2024-12-13,2025-01-01
2,F3,2544,3362,-1.3102,-0.8877251914550583,1.1031474906920933,-0.8877251914550583,-0.8391703998345933,-1.028282106790809,0.945304253965262,-0.16984440691003744,0.9670083806833485,2024-12-12,2024-12-13,2025-01-01
2,F3,1642347,1339,-3.4159,-1.5562742769649542,-2.3240544620889856,-1.5562742769649542,-1.4711526943516835,-1.674774675377067,0.945304253965262,-0.16984440691003744,0.9670083806833485,2024-12-12,2024-12-13,2025-01-01
2,F3,1630703,1832,-2.5988,-1.3872382284382285,-1.8804564221997373,-1.3872382284382285,-1.3113621986058912,-1.511315399814126,0.945304253965262,-0.16984440691003744,0.9670083806833485,2024-12-12,2024-12-13,2025-01-01
2,F3,1642264,2765,-1.7265,-1.093647766323024,-2.2388364938148717,-1.093647766323024,-1.0338298858447612,-1.2274109624600258,0.945304253965262,-0.16984440691003744,0.9670083806833485,2024-12-12,2024-12-13,2025-01-01
2,F3,1628997,2312,-2.143,-1.2665173824130878,0.322936944450318,-1.2665173824130878,-1.1972442693160403,-1.3945773299846307,0.945304253965262,-0.16984440691003744,0.9670083806833485,2024-12-12,2024-12-13,2025-01-01
2,F3,1642267,2595,-2.1451,-1.3269450536352798,-1.195130277546483,-1.3269450536352798,-1.2543668039795928,-1.4530113944816683,0.945304253965262,-0.16984440691003744,0.9670083806833485,2024-12-12,2024-12-13,2025-01-01
2,F3,1641731,3000,-1.9597,-1.2780652173913043,-1.306433331414722,-1.2780652173913043,-1.2081604868450373,-1.4057441831873145,0.945304253965262,-0.16984440691003744,0.9670083806833485,2024-12-12,2024-12-13,2025-01-01
2,F3,1642268,1150,-5.2793,-2.2077072727272724,-5.132766299393443,-2.2077072727272724,-2.0869550764191374,-2.304715841732889,0.945304253965262,-0.16984440691003744,0.9670083806833485,2024-12-12,2024-12-13,2025-01-01
2,F3,1630558,2979,-2.0749,-1.3498858047608648,-3.0834153749810693,-1.3498858047608648,-1.2760527936077666,-1.4751952930792802,0.945304253965262,-0.16984440691003744,0.9670083806833485,2024-12-12,2024-12-13,2025-01-01
2,F3,1629027,3971,-1.6266,-1.1594379106085084,0.2584804620194203,-1.1594379106085084,-1.0960215891068181,-1.291030583350456,0.945304253965262,-0.16984440691003744,0.9670083806833485,2024-12-12,2024-12-13,2025-01-01
2,F3,1642259,2278,-2.9098,-1.7092636410520887,-0.671422657636443,-1.7092636410520887,-1.615774191034692,-1.822716672604742,0.945304253965262,-0.16984440691003744,0.9670083806833485,2024-12-12,2024-12-13,2025-01-01
2,F3,1641718,2882,-2.3098,-1.4852395359214636,-2.689071791915028,-1.4852395359214636,-1.404003251463951,-1.6060834854683401,0.945304253965262,-0.16984440691003744,0.9670083806833485,2024-12-12,2024-12-13,2025-01-01
2,F3,1630581,2899,-2.5507,-1.643582862858413,-0.43500198602041856,-1.643582862858413,-1.5536858720044615,-1.7592028096416534,0.945304253965262,-0.16984440691003744,0.9670083806833485,2024-12-12,2024-12-13,2025-01-01
3,F4,1628983,4534,3.6914,2.7285307466579716,4.810501578588851,2.7285307466579716,2.6159322153302855,2.4826470595735333,0.9587329072741432,-0.18474582915234444,0.9775931211304919,2025-01-01,2025-01-02,2025-01-18
3,F4,203999,4544,3.081,2.27865625,4.831299248014665,2.27865625,2.184622731240897,2.042852846268658,0.9587329072741432,-0.18474582915234444,0.9775931211304919,2025-01-01,2025-01-02,2025-01-18
3,F4,1628369,4509,2.4623,1.8174023080700605,0.9045891903763037,1.8174023080700605,1.7424033985027472,1.5919341655436257,0.9587329072741432,-0.18474582915234444,0.9775931211304919,2025-01-01,2025-01-02,2025-01-18
3,F4,1628991,4164,2.5154,1.8171626648161001,1.3120616795453004,1.8171626648161001,1.7421736446291691,1.5916998919470287,0.9587329072741432,-0.18474582915234444,0.9775931211304919,2025-01-01,2025-01-02,2025-01-18
3,F4,1626181,3529,2.7527,1.893990699941509,3.467790397880504,1.893990699941509,1.8158312101051124,1.6668064505956004,0.9587329072741432,-0.18474582915234444,0.9775931211304919,2025-01-01,2025-01-02,2025-01-18
3,F4,1630202,3855,2.3829,1.6839742438130154,1.283105864677233,1.6839742438130154,1.614481522545629,1.4614958077601812,0.9587329072741432,-0.18474582915234444,0.9775931211304919,2025-01-01,2025-01-02,2025-01-18
3,F4,1626157,4322,2.0668,1.5083940560621412,2.586267656482791,1.5083940560621412,1.4461470186834935,1.2898498240081262,0.9587329072741432,-0.18474582915234444,0.9775931211304919,2025-01-01,2025-01-02,2025-01-18
3,F4,1628378,4207,2.1116,1.5297918374375754,0.36405076592376373,1.5297918374375754,1.46666177583078,1.310768147888205,0.9587329072741432,-0.18474582915234444,0.9775931211304919,2025-01-01,2025-01-02,2025-01-18
3,F4,202681,4436,1.9088,1.4028225314777998,-2.516952475809066,1.4028225314777998,1.3449321239933842,1.1866438277872156,0.9587329072741432,-0.18474582915234444,0.9775931211304919,2025-01-01,2025-01-02,2025-01-18
3,F4,1629631,2700,2.9761,1.8687139534883723,-2.5329691377101664,1.8687139534883723,1.7915975614916653,1.6420960771384543,0.9587329072741432,-0.18474582915234444,0.9775931211304919,2025-01-01,2025-01-02,2025-01-18
3,F4,1630596,3915,1.9284,1.3689367180417045,2.4678879772580653,1.3689367180417045,1.3124446795624474,1.1535172896681776,0.9587329072741432,-0.18474582915234444,0.9775931211304919,2025-01-01,2025-01-02,2025-01-18
3,F4,1627783,4749,1.5429,1.1540765632383052,2.5248212149056197,1.1540765632383052,1.1064511786904119,0.9434714803273418,0.9587329072741432,-0.18474582915234444,0.9775931211304919,2025-01-01,2025-01-02,2025-01-18
3,F4,1629639,4360,1.6638,1.2171422818791946,0.21504668509857222,1.2171422818791946,1.166914358472325,1.0051240930498264,0.9587329072741432,-0.18474582915234444,0.9775931211304919,2025-01-01,2025-01-02,2025-01-18
3,F4,202710,2497,2.729,1.6632445691969735,-3.245637047801081,1.6632445691969735,1.5946073013341442,1.4412306204522651,0.9587329072741432,-0.18474582915234444,0.9775931211304919,2025-01-01,2025-01-02,2025-01-18
3,F4,1628386,4083,1.6632,1.1949402780221714,2.2049806599607313,1.1949402780221714,1.1456285667671693,0.9834195668038879,0.9587329072741432,-0.18474582915234444,0.9775931211304919,2025-01-01,2025-01-02,2025-01-18
3,F4,1629636,4040,1.6691,1.1955964539007093,1.7734567730945514,1.1955964539007093,1.1462576641748832,0.9840610398289982,0.9587329072741432,-0.18474582915234444,0.9775931211304919,2025-01-01,2025-01-02,2025-01-18
3,F4,1628384,5034,1.3302,1.0093799819113658,-1.2122416412062063,1.0093799819113658,0.9677258046022058,0.802017097771027,0.9587329072741432,-0.18474582915234444,0.9775931211304919,2025-01-01,2025-01-02,2025-01-18
3,F4,1630583,3379,1.9051,1.2928967463346053,1.9424483020052938,1.2928967463346053,1.2395426564186565,1.0791811363963602,0.9587329072741432,-0.18474582915234444,0.9775931211304919,2025-01-01,2025-01-02,2025-01-18
3,F4,1629660,2333,2.7472,1.6296002034070685,3.431290005180446,1.6296002034070685,1.5623513407069938,1.408340119891256,0.9587329072741432,-0.18474582915234444,0.9775931211304919,2025-01-01,2025-01-02,2025-01-18
3,F4,1631106,2245,2.8539,1.6663213263979193,5.536405187724112,1.6663213263979193,1.5975570897103837,1.4442384371272985,0.9587329072741432,-0.18474582915234444,0.9775931211304919,2025-01-01,2025-01-02,2025-01-18
3,F4,1628415,3784,1.691,1.1884739970282316,-1.9045626283443309,1.1884739970282316,1.139429130390598,0.9770981749849155,0.9587329072741432,-0.18474582915234444,0.9775931211304919,2025-01-01,2025-01-02,2025-01-18
3,F4,1628973,4705,1.3577,1.0131607454401268,0.9152914203934945,1.0131607454401268,0.9713505470118509,0.805713146189365,0.9587329072741432,-0.18474582915234444,0.9775931211304919,2025-01-01,2025-01-02,2025-01-18
3,F4,1628401,4522,1.3704,1.0122425351192421,-1.433528933271673,1.0122425351192421,0.97047022856142,0.8048155100959171,0.9587329072741432,-0.18474582915234444,0.9775931211304919,2025-01-01,2025-01-02,2025-01-18
3,F4,203076,4438,1.3715,1.0080684001324942,-0.07640213760711989,1.0080684001324942,0.9664683479902204,0.8007349044462022,0.9587329072741432,-0.18474582915234444,0.9775931211304919,2025-01-01,2025-01-02,2025-01-18
3,F4,1631128,4380,1.3604,0.9964133779264214,0.4346821645557157,0.9964133779264214,0.9552942946662475,0.7893410349109222,0.9587329072741432,-0.18474582915234444,0.9775931211304919,2025-01-01,2025-01-02,2025-01-18
3,F4,202696,4572,1.2621,0.9349191834089435,1.3407963382781487,0.9349191834089435,0.8963377867760243,0.7292247333611754,0.9587329072741432,-0.18474582915234444,0.9775931211304919,2025-01-01,2025-01-02,2025-01-18
3,F4,1628404,4946,1.0832,0.8184398411243506,-0.09891647834037684,0.8184398411243506,0.7846652083101365,0.6153553295899534,0.9587329072741432,-0.18474582915234444,0.9775931211304919,2025-01-01,2025-01-02,2025-01-18
3,F4,1628368,5218,1.0049,0.7690771780580815,-0.7091711040345208,0.7690771780580815,0.7373395988378184,0.5670987297356864,0.9587329072741432,-0.18474582915234444,0.9775931211304919,2025-01-01,2025-01-02,2025-01-18
3,F4,1627736,3919,1.3119,0.9315702301141512,0.9041029451321829,0.9315702301141512,0.8931270350473828,0.7259508196571991,0.9587329072741432,-0.18474582915234444,0.9775931211304919,2025-01-01,2025-01-02,2025-01-18
3,F4,201942,4286,1.1855,0.8632437988447164,1.3887997830179835,0.8632437988447164,0.8276202369527705,0.6591553704568043,0.9587329072741432,-0.18474582915234444,0.9775931211304919,2025-01-01,2025-01-02,2025-01-18
3,F4,1627734,4685,1.0836,0.8077431980906921,1.0724696503856501,0.8077431980906921,0.7744099846364033,0.6048983649410604,0.9587329072741432,-0.18474582915234444,0.9775931211304919,2025-01-01,2025-01-02,2025-01-18
3,F4,1627747,2725,1.8487,1.1647878612716762,-1.3644986780384047,1.1647878612716762,1.1167204525946255,0.9539427716031439,0.9587329072741432,-0.18474582915234444,0.9775931211304919,2025-01-01,2025-01-02,2025-01-18
3,F4,203507,3479,1.4407,0.9868468793069501,-0.07417617766220355,0.9868468793069501,0.9461225776323678,0.7799888916672229,0.9587329072741432,-0.18474582915234444,0.9775931211304919,2025-01-01,2025-01-02,2025-01-18
3,F4,1641705,3775,1.3238,0.9297386046511629,-0.7119044163011214,0.9297386046511629,0.8913709954422145,0.7241602352040943,0.9587329072741432,-0.18474582915234444,0.9775931211304919,2025-01-01,2025-01-02,2025-01-18
3,F4,1631114,4212,1.1583,0.8394286992429456,0.2653491816723831,0.8394286992429456,0.8047879172745416,0.6358738929070757,0.9587329072741432,-0.18474582915234444,0.9775931211304919,2025-01-01,2025-01-02,2025-01-18
3,F4,1629026,1156,4.0477,1.6978015965166908,-2.501242376418322,1.6978015965166908,1.6277382606031288,1.4750133326467394,0.9587329072741432,-0.18474582915234444,0.9775931211304919,2025-01-01,2025-01-02,2025-01-18
3,F4,1629655,2901,1.5826,1.0200227949344591,1.233099875286413,1.0200227949344591,0.9779294196734112,0.8124214385718811,0.9587329072741432,-0.18474582915234444,0.9775931211304919,2025-01-01,2025-01-02,2025-01-18
3,F4,201939,3482,1.2843,0.8799552538370721,2.2518536317557007,0.8799552538370721,0.8436420587823728,0.6754923739014131,0.9587329072741432,-0.18474582915234444,0.9775931211304919,2025-01-01,2025-01-02,2025-01-18
3,F4,1629661,4010,1.1144,0.7965675579322639,1.7081803928503887,0.7965675579322639,0.7636955306566638,0.5939731359979512,0.9587329072741432,-0.18474582915234444,0.9775931211304919,2025-01-01,2025-01-02,2025-01-18
3,F4,1628969,5402,0.8148,0.6286131962296487,-1.5919158103954538,0.6286131962296487,0.6026721571721426,0.4297821073336123,0.9587329072741432,-0.18474582915234444,0.9775931211304919,2025-01-01,2025-01-02,2025-01-18
3,F4,1629048,2932,1.4796,0.9572345984112974,0.044866697603353614,0.9572345984112974,0.9177323094782601,0.7510401295626488,0.9587329072741432,-0.18474582915234444,0.9775931211304919,2025-01-01,2025-01-02,2025-01-18
3,F4,1627741,2919,1.4374,0.9284732462934278,-1.6551468973365517,0.9284732462934278,0.8901578547451596,0.7229232295778074,0.9587329072741432,-0.18474582915234444,0.9775931211304919,2025-01-01,2025-01-02,2025-01-18
3,F4,1627832,4287,0.9671,0.7042564464073381,0.5657774271670566,0.7042564464073381,0.675193830330664,0.5037304283672741,0.9587329072741432,-0.18474582915234444,0.9775931211304919,2025-01-01,2025-01-02,2025-01-18
3,F4,1630578,4070,1.0055,0.7217610229276896,-1.2004371386514203,0.7217610229276896,0.6919760438686234,0.5208427819618722,0.9587329072741432,-0.18474582915234444,0.9775931211304919,2025-01-01,2025-01-02,2025-01-18
3,F4,1630178,3798,1.051,0.7394772137828826,-0.7555841440538784,0.7394772137828826,0.7089611390330461,0.5381620082745437,0.9587329072741432,-0.18474582915234444,0.9775931211304919,2025-01-01,2025-01-02,2025-01-18
3,F4,1630162,4611,0.8646,0.6418725809048462,1.5168418256975447,0.6418725809048462,0.615384365590461,0.4427443905825083,0.9587329072741432,-0.18474582915234444,0.9775931211304919,2025-01-01,2025-01-02,2025-01-18
3,F4,1627759,4106,0.9668,0.6957029092183666,-1.4218765808408282,0.6957029092183666,0.666993272754004,0.4953685492500019,0.9587329072741432,-0.18474582915234444,0.9775931211304919,2025-01-01,2025-01-02,2025-01-18
3,F4,1627884,3175,1.206,0.8018952879581152,2.213114755737495,0.8018952879581152,0.7688034007535199,0.599181488222464,0.9587329072741432,-0.18474582915234444,0.9775931211304919,2025-01-01,2025-01-02,2025-01-18
3,F4,203952,3446,1.1098,0.7579014665081252,1.4007455043744612,0.7579014665081252,0.7266250764126715,0.5561734310007107,0.9587329072741432,-0.18474582915234444,0.9775931211304919,2025-01-01,2025-01-02,2025-01-18
3,F4,1629675,3297,1.1473,0.7724419236267102,2.744039381963504,0.7724419236267102,0.7405654911390674,0.5703880818579321,0.9587329072741432,-0.18474582915234444,0.9775931211304919,2025-01-01,2025-01-02,2025-01-18
3,F4,1629634,2591,1.4413,0.8910542352660462,1.401817876019518,0.8910542352660462,0.8542830175155548,0.6863426617979334,0.9587329072741432,-0.18474582915234444,0.9775931211304919,2025-01-01,2025-01-02,2025-01-18
3,F4,1641708,3609,1.0216,0.707804645805337,0.6926621192422712,0.707804645805337,0.6785956058550959,0.5071991236911573,0.9587329072741432,-0.18474582915234444,0.9775931211304919,2025-01-01,2025-01-02,2025-01-18
3,F4,1630643,1958,1.8416,1.013449353569421,1.6744652551147403,1.013449353569421,0.9716272451227119,0.8059952875112653,0.9587329072741432,-0.18474582915234444,0.9775931211304919,2025-01-01,2025-01-02,2025-01-18
3,F4,1627826,4426,0.8046,0.5909657484234981,1.6385756016506587,0.5909657484234981,0.5665783100855003,0.39297822133020016,0.9587329072741432,-0.18474582915234444,0.9775931211304919,2025-01-01,2025-01-02,2025-01-18
3,F4,1641726,2577,1.2748,0.7864878142207326,0.5481352680537742,0.7864878142207326,0.7540317486635292,0.5841192478827999,0.9587329072741432,-0.18474582915234444,0.9775931211304919,2025-01-01,2025-01-02,2025-01-18
3,F4,1630167,2599,1.2572,0.7781526077637534,0.3482115831225378,0.7781526077637534,0.7460405119442993,0.5759708073872547,0.9587329072741432,-0.18474582915234444,0.9775931211304919,2025-01-01,2025-01-02,2025-01-18
3,F4,1641744,1909,1.6839,0.9160915075520091,-1.77646897144546,0.9160915075520091,0.8782870743644904,0.7108189269565617,0.9587329072741432,-0.18474582915234444,0.9775931211304919,2025-01-01,2025-01-02,2025-01-18
3,F4,1631165,2735,1.1713,0.738986274509804,2.2524568758298176,0.738986274509804,0.7084904593964725,0.5376820694182893,0.9587329072741432,-0.18474582915234444,0.9775931211304919,2025-01-01,2025-01-02,2025-01-18
3,F4,1630224,4303,0.7224,0.5265944773843808,4.964073695218936,0.5265944773843808,0.5048634542572354,0.3300493095639326,0.9587329072741432,-0.18474582915234444,0.9775931211304919,2025-01-01,2025-01-02,2025-01-18
3,F4,1630577,3761,0.8264,0.5797594478642044,-1.860248259874195,0.5797594478642044,0.5558344609705007,0.38202301899011387,0.9587329072741432,-0.18474582915234444,0.9775931211304919,2025-01-01,2025-01-02,2025-01-18
3,F4,1629008,4585,0.6758,0.5009770412287793,1.2941343913051524,0.5009770412287793,0.4803031752148659,0.305005880197217,0.9587329072741432,-0.18474582915234444,0.9775931211304919,2025-01-01,2025-01-02,2025-01-18
3,F4,1630700,4202,0.7162,0.5186956911409858,0.40420897396377414,0.5186956911409858,0.49729062795816836,0.32232751046710945,0.9587329072741432,-0.18474582915234444,0.9775931211304919,2025-01-01,2025-01-02,2025-01-18
3,F4,1630573,2203,1.3572,0.7861981593478832,-0.7738184602004039,0.7861981593478832,0.7537540470051761,0.5838360832716005,0.9587329072741432,-0.18474582915234444,0.9775931211304919,2025-01-01,2025-01-02,2025-01-18
3,F4,1631218,2526,1.1695,0.715985700436258,-1.620359210473832,0.715985700436258,0.6864390521459673,0.5151968664219384,0.9587329072741432,-0.18474582915234444,0.9775931211304919,2025-01-01,2025-01-02,2025-01-18
3,F4,1629599,3273,0.8752,0.587836979273548,1.979665131316476,0.587836979273548,0.563578656142179,0.38991955813160367,0.9587329072741432,-0.18474582915234444,0.9775931211304919,2025-01-01,2025-01-02,2025-01-18
3,F4,1630530,3070,0.9296,0.6111074946466809,1.6946910247130764,0.6111074946466809,0.5858888649996302,0.4126686538855397,0.9587329072741432,-0.18474582915234444,0.9775931211304919,2025-01-01,2025-01-02,2025-01-18
3,F4,201950,3456,0.8202,0.5606430379746835,-0.03317010317208825,0.5606430379746835,0.5375069297404762,0.36333494818140727,0.9587329072741432,-0.18474582915234444,0.9775931211304919,2025-01-01,2025-01-02,2025-01-18
3,F4,1629731,2243,1.2636,0.7375110070257611,-1.0870342842230107,0.7375110070257611,0.707076071912489,0.5362398580740615,0.9587329072741432,-0.18474582915234444,0.9775931211304919,2025-01-01,2025-01-02,2025-01-18
3,F4,1642349,2061,1.3538,0.7621365200764817,-1.5242139657926908,0.7621365200764817,0.7306853616327237,0.5603135902367551,0.9587329072741432,-0.18474582915234444,0.9775931211304919,2025-01-01,2025-01-02,2025-01-18
3,F4,1629060,3543,0.783,0.539406766478709,-0.5581950148861348,0.539406766478709,0.5171470174294776,0.3425745152484831,0.9587329072741432,-0.18474582915234444,0.9775931211304919,2025-01-01,2025-01-02,2025-01-18
3,F4,1626220,3292,0.8296,0.5582672117743255,-2.7148904222967634,0.5582672117743255,0.5352291469802288,0.36101235683093574,0.9587329072741432,-0.18474582915234444,0.9775931211304919,2025-01-01,2025-01-02,2025-01-18
3,F4,1641717,3304,0.8239,0.5550908646003262,2.547325786138084,0.5550908646003262,0.5321838784195885,0.35790718168331176,0.9587329072741432,-0.18474582915234444,0.9775931211304919,2025-01-01,2025-01-02,2025-01-18
3,F4,1629638,3053,0.8743,0.5736595529765742,-2.7549791728089814,0.5736595529765742,0.5499862910108163,0.3760598037083475,0.9587329072741432,-0.18474582915234444,0.9775931211304919,2025-01-01,2025-01-02,2025-01-18
3,F4,1642377,3579,0.7413,0.5122828152152925,0.9558193594988634,0.5122828152152925,0.49114239277794003,0.31605832707548837,0.9587329072741432,-0.18474582915234444,0.9775931211304919,2025-01-01,2025-01-02,2025-01-18
3,F4,1630217,3261,0.8045,0.5396985188232873,1.2708179607785106,0.5396985188232873,0.5174267300029992,0.34285973033361655,0.9587329072741432,-0.18474582915234444,0.9775931211304919,2025-01-01,2025-01-02,2025-01-18
3,F4,1630598,2553,0.9909,0.609142234529256,2.048630732548782,0.609142234529256,0.5840047054537015,0.410747429113513,0.9587329072741432,-0.18474582915234444,0.9775931211304919,2025-01-01,2025-01-02,2025-01-18
3,F4,1629023,3598,0.6866,0.47525717583686033,-0.5534635987504207,0.47525717583686033,0.4556446938929718,0.27986231671367484,0.9587329072741432,-0.18474582915234444,0.9775931211304919,2025-01-01,2025-01-02,2025-01-18
3,F4,203932,2022,1.21,0.6754886802871342,4.824174731732972,0.6754886802871342,0.6476132262824583,0.475607258097872,0.9587329072741432,-0.18474582915234444,0.9775931211304919,2025-01-01,2025-01-02,2025-01-18
3,F4,1627936,1565,1.5451,0.7640067930489731,2.8609190044596327,0.7640067930489731,0.7324784538770367,0.5621419562292991,0.9587329072741432,-0.18474582915234444,0.9775931211304919,2025-01-01,2025-01-02,2025-01-18
3,F4,203497,4353,0.5501,0.4022484965563582,0.4956802387300006,0.4022484965563582,0.3856488705501305,0.20848953406623366,0.9587329072741432,-0.18474582915234444,0.9775931211304919,2025-01-01,2025-01-02,2025-01-18
3,F4,1631260,2599,0.9072,0.5615176946892118,1.7056510065640687,0.5615176946892118,0.5383454919152627,0.36419000656888073,0.9587329072741432,-0.18474582915234444,0.9775931211304919,2025-01-01,2025-01-02,2025-01-18
3,F4,1628374,3643,0.6347,0.44100936486744235,3.7447727943159372,0.44100936486744235,0.4228101905144864,0.24638189229619445,0.9587329072741432,-0.18474582915234444,0.9775931211304919,2025-01-01,2025-01-02,2025-01-18
3,F4,201142,3231,0.7043,0.47103980542330787,1.1057046627093696,0.47103980542330787,0.4516013620953347,0.2757394444081267,0.9587329072741432,-0.18474582915234444,0.9775931211304919,2025-01-01,2025-01-02,2025-01-18
3,F4,202692,1070,2.1267,0.8522730337078651,0.9412744929002704,0.8522730337078651,0.8171022033980954,0.6484304259254803,0.9587329072741432,-0.18474582915234444,0.9775931211304919,2025-01-01,2025-01-02,2025-01-18
3,F4,1629659,1555,1.4574,0.718306497622821,0.9462078845061703,0.718306497622821,0.6886640767798345,0.5174656617870614,0.9587329072741432,-0.18474582915234444,0.9775931211304919,2025-01-01,2025-01-02,2025-01-18
3,F4,1631109,740,3.0383,0.9608299145299145,2.8185199319073035,0.9608299145299145,0.9211792573532315,0.7545548858684985,0.9587329072741432,-0.18474582915234444,0.9775931211304919,2025-01-01,2025-01-02,2025-01-18
3,F4,1629652,3725,0.6013,0.4206276995305164,2.162352310164637,0.4206276995305164,0.4032696172509267,0.22645691646563182,0.9587329072741432,-0.18474582915234444,0.9775931211304919,2025-01-01,2025-01-02,2025-01-18
3,F4,1630171,2022,1.1021,0.6152529541689674,-3.4988849719297113,0.6152529541689674,0.5898632534594193,0.41672122659845195,0.9587329072741432,-0.18474582915234444,0.9775931211304919,2025-01-01,2025-01-02,2025-01-18
3,F4,1630194,892,2.4505,0.877145264847512,2.9753684078973364,0.877145264847512,0.8409480298690034,0.6727453479947667,0.9587329072741432,-0.18474582915234444,0.9775931211304919,2025-01-01,2025-01-02,2025-01-18
3,F4,1628436,1831,1.1817,0.6306303410084524,3.52227126375779,0.6306303410084524,0.6046060602503178,0.431754054193695,0.9587329072741432,-0.18474582915234444,0.9775931211304919,2025-01-01,2025-01-02,2025-01-18
3,F4,203081,3434,0.6103,0.4163230433055224,3.280382282292631,0.4163230433055224,0.3991426016735225,0.22224871415124614,0.9587329072741432,-0.18474582915234444,0.9775931211304919,2025-01-01,2025-01-02,2025-01-18
3,F4,1627777,2861,0.7097,0.4551561757453486,-0.9135026478120458,0.4551561757453486,0.4363732036361189,0.2602117172963696,0.9587329072741432,-0.18474582915234444,0.9775931211304919,2025-01-01,2025-01-02,2025-01-18
3,F4,1630163,3105,0.6486,0.4280346439957492,-0.690087760183591,0.4280346439957492,0.4103708986520975,0.23369789442343897,0.9587329072741432,-0.18474582915234444,0.9775931211304919,2025-01-01,2025-01-02,2025-01-18
3,F4,1626166,1778,1.13,0.5947720544701006,4.7441928925553,0.5947720544701006,0.5702275409475346,0.3966992399382762,0.9587329072741432,-0.18474582915234444,0.9775931211304919,2025-01-01,2025-01-02,2025-01-18
3,F4,1630540,2814,0.7083,0.45155328500226555,-0.641059270051635,0.45155328500226555,0.4329189937194118,0.25668955608974686,0.9587329072741432,-0.18474582915234444,0.9775931211304919,2025-01-01,2025-01-02,2025-01-18
3,F4,203484,4220,0.4709,0.34144295532646046,0.4152304157740236,0.34144295532646046,0.3273525972284128,0.14904645523326915,0.9587329072741432,-0.18474582915234444,0.9775931211304919,2025-01-01,2025-01-02,2025-01-18
3,F4,1629656,2890,0.6868,0.44206057906458796,1.5860573556132664,0.44206057906458796,0.42381802415788367,0.2474095520641587,0.9587329072741432,-0.18474582915234444,0.9775931211304919,2025-01-01,2025-01-02,2025-01-18
3,F4,1630552,4733,0.4142,0.30955449234170224,-0.45254398792779926,0.30955449234170224,0.2967800784025317,0.11787251317594521,0.9587329072741432,-0.18474582915234444,0.9775931211304919,2025-01-01,2025-01-02,2025-01-18
3,F4,204001,1300,1.459,0.6540344827586207,1.7257049707948298,0.6540344827586207,0.627044381112713,0.4546337821746225,0.9587329072741432,-0.18474582915234444,0.9775931211304919,2025-01-01,2025-01-02,2025-01-18
3,F4,1630198,2563,0.729,0.448817439346625,3.038687656615909,0.448817439346625,0.4302960484601262,0.25401501219631795,0.9587329072741432,-0.18474582915234444,0.9775931211304919,2025-01-01,2025-01-02,2025-01-18
3,F4,1628988,881,2.118,0.75209915356711,0.5184146073668349,0.75209915356711,0.7210622080578176,0.5505011297829276,0.9587329072741432,-0.18474582915234444,0.9775931211304919,2025-01-01,2025-01-02,2025-01-18
3,F4,1629130,2739,0.6691,0.42237033878773916,-1.138944058091063,0.42237033878773916,0.404940342852334,0.22816050861610476,0.9587329072741432,-0.18474582915234444,0.9775931211304919,2025-01-01,2025-01-02,2025-01-18
3,F4,1631204,1264,1.4486,0.6393262569832402,-0.7370178725723622,0.6393262569832402,0.6129431210542379,0.44025512183257626,0.9587329072741432,-0.18474582915234444,0.9775931211304919,2025-01-01,2025-01-02,2025-01-18
3,F4,1631222,3113,0.5876,0.3881177169531084,0.35040876653901265,0.3881177169531084,0.37210122713905663,0.19467538112988564,0.9587329072741432,-0.18474582915234444,0.9775931211304919,2025-01-01,2025-01-02,2025-01-18
3,F4,1627739,3242,0.5603,0.37515336637753,-3.7944938385028943,0.37515336637753,0.35967187762081115,0.18200152118727603,0.9587329072741432,-0.18474582915234444,0.9775931211304919,2025-01-01,2025-01-02,2025-01-18
3,F4,1628449,2169,0.8316,0.47857267179623236,7.195096326966952,0.47857267179623236,0.4588233689731562,0.28310352275669287,0.9587329072741432,-0.18474582915234444,0.9775931211304919,2025-01-01,2025-01-02,2025-01-18
3,F4,1628381,3273,0.543,0.36471147137287097,7.337468496090558,0.36471147137287097,0.349660889265543,0.17179359645915454,0.9587329072741432,-0.18474582915234444,0.9775931211304919,2025-01-01,2025-01-02,2025-01-18
3,F4,1630170,2093,0.8264,0.4683604657460059,-0.8694259545664054,0.4683604657460059,0.44903259097694004,0.2731201403704243,0.9587329072741432,-0.18474582915234444,0.9775931211304919,2025-01-01,2025-01-02,2025-01-18
3,F4,201572,4032,0.4285,0.3067670454545455,0.09480714858539784,0.3067670454545455,0.2941076613445356,0.11514752427354413,0.9587329072741432,-0.18474582915234444,0.9775931211304919,2025-01-01,2025-01-02,2025-01-18
3,F4,1629018,2910,0.5797,0.3740414634146342,2.931064385605933,0.3740414634146342,0.3586058596605873,0.1809145324993845,0.9587329072741432,-0.18474582915234444,0.9775931211304919,2025-01-01,2025-01-02,2025-01-18
3,F4,203084,3808,0.4348,0.30616094674556216,1.1850655751456987,0.30616094674556216,0.29352657456717696,0.114555006344916,0.9587329072741432,-0.18474582915234444,0.9775931211304919,2025-01-01,2025-01-02,2025-01-18
3,F4,1642419,1707,0.97,0.500692470517085,-4.235765610118819,0.500692470517085,0.4800303479091181,0.30472768582698945,0.9587329072741432,-0.18474582915234444,0.9775931211304919,2025-01-01,2025-01-02,2025-01-18
3,F4,1641715,838,1.9634,0.6748684167350287,1.7018693249719126,0.6748684167350287,0.6470185592038721,0.4750008927160458,0.9587329072741432,-0.18474582915234444,0.9775931211304919,2025-01-01,2025-01-02,2025-01-18
3,F4,1630256,591,2.5818,0.6964143313555454,-0.4908630696256042,0.6964143313555454,0.6676753365678806,0.49606403063752785,0.9587329072741432,-0.18474582915234444,0.9775931211304919,2025-01-01,2025-01-02,2025-01-18
3,F4,1631094,738,2.0535,0.6481963216424295,-2.263561367566573,0.6481963216424295,0.621447143932652,0.4489264360273824,0.9587329072741432,-0.18474582915234444,0.9775931211304919,2025-01-01,2025-01-02,2025-01-18
3,F4,1630534,4301,0.3472,0.2530600237247924,0.9381201640098908,0.2530600237247924,0.2426169722605339,0.06264390927413171,0.9587329072741432,-0.18474582915234444,0.9775931211304919,2025-01-01,2025-01-02,2025-01-18
3,F4,202691,3339,0.4267,0.28846958898562464,-1.5993898537558637,0.28846958898562464,0.2765652877083651,0.09726005669534249,0.9587329072741432,-0.18474582915234444,0.9775931211304919,2025-01-01,2025-01-02,2025-01-18
3,F4,1630560,2337,0.6025,0.35764351028702057,2.2490641022199047,0.35764351028702057,0.3428846023852052,0.1648840063212092,0.9587329072741432,-0.18474582915234444,0.9775931211304919,2025-01-01,2025-01-02,2025-01-18
3,F4,1630551,1435,0.9582,0.4530533772652389,0.48760505834558104,0.4530533772652389,0.4343571815358717,0.2581560359670907,0.9587329072741432,-0.18474582915234444,0.9775931211304919,2025-01-01,2025-01-02,2025-01-18
3,F4,1630230,2505,0.5203,0.31750341047503045,-0.23147438204393092,0.31750341047503045,0.3044009677941816,0.12564332086351626,0.9587329072741432,-0.18474582915234444,0.9775931211304919,2025-01-01,2025-01-02,2025-01-18
3,F4,1628379,1995,0.6506,0.36104228094575797,1.9276014486562243,0.36104228094575797,0.34614311566001454,0.16820662113749102,0.9587329072741432,-0.18474582915234444,0.9775931211304919,2025-01-01,2025-01-02,2025-01-18
3,F4,1631157,807,1.5756,0.5282547569588699,0.7978559630641793,0.5282547569588699,0.5064552189205733,0.3316723874551067,0.9587329072741432,-0.18474582915234444,0.9775931211304919,2025-01-01,2025-01-02,2025-01-18
3,F4,203897,4208,0.2955,0.21409504132231402,2.2692423125676626,0.21409504132231402,0.20525996139991995,0.024552010512498168,0.9587329072741432,-0.18474582915234444,0.9775931211304919,2025-01-01,2025-01-02,2025-01-18
3,F4,1630241,2354,0.5229,0.3113066767830046,0.12297499386475759,0.3113066767830046,0.29845995528602204,0.11958543663271426,0.9587329072741432,-0.18474582915234444,0.9775931211304919,2025-01-01,2025-01-02,2025-01-18
3,F4,1629726,1970,0.5569,0.3073089635854342,-0.6968574876631749,0.3073089635854342,0.29462721608966713,0.11567729971051682,0.9587329072741432,-0.18474582915234444,0.9775931211304919,2025-01-01,2025-01-02,2025-01-18
3,F4,1628418,766,1.4215,0.46021513102282335,1.8977509508613293,0.46021513102282335,0.44122339053706217,0.2651573171757357,0.9587329072741432,-0.18474582915234444,0.9775931211304919,2025-01-01,2025-01-02,2025-01-18
3,F4,1629057,772,1.4049,0.45724401349072513,-1.2631107057411166,0.45724401349072513,0.4383748823876604,0.2622527731142863,0.9587329072741432,-0.18474582915234444,0.9775931211304919,2025-01-01,2025-01-02,2025-01-18
3,F4,1631107,1753,0.6122,0.320067581270504,0.10697367049178229,0.320067581270504,0.3068593227156734,0.1281500365945749,0.9587329072741432,-0.18474582915234444,0.9775931211304919,2025-01-01,2025-01-02,2025-01-18
3,F4,1627780,1441,0.7258,0.3439256165734956,1.4476344090623348,0.3439256165734956,0.32973280626355966,0.15147348779046793,0.9587329072741432,-0.18474582915234444,0.9775931211304919,2025-01-01,2025-01-02,2025-01-18
3,F4,1630550,102,10.1651,0.6091893066980024,-10.04673209479355,0.6091893066980024,0.5840498350908955,0.4107934465418763,0.9587329072741432,-0.18474582915234444,0.9775931211304919,2025-01-01,2025-01-02,2025-01-18
3,F4,1628392,1964,0.5014,0.27630460157126824,-0.3994699317921567,0.27630460157126824,0.2649023139576458,0.08536764868042868,0.9587329072741432,-0.18474582915234444,0.9775931211304919,2025-01-01,2025-01-02,2025-01-18
3,F4,1631110,2463,0.3968,0.24054107802116662,1.0158179204595505,0.24054107802116662,0.23061464705008958,0.050405474070461004,0.9587329072741432,-0.18474582915234444,0.9775931211304919,2025-01-01,2025-01-02,2025-01-18
3,F4,1627751,3893,0.2504,0.177463535408702,0.5128762727856965,0.177463535408702,0.17014013123753272,-0.011258697685299884,0.9587329072741432,-0.18474582915234444,0.9775931211304919,2025-01-01,2025-01-02,2025-01-18
3,F4,1630541,1703,0.566,0.29182500756887675,0.19471122117148587,0.29182500756887675,0.27978223792180806,0.1005402908208432,0.9587329072741432,-0.18474582915234444,0.9775931211304919,2025-01-01,2025-01-02,2025-01-18
3,F4,1630228,3230,0.2977,0.19908302277432713,3.252412395522228,0.19908302277432713,0.1908674452133551,0.009876364445702807,0.9587329072741432,-0.18474582915234444,0.9775931211304919,2025-01-01,2025-01-02,2025-01-18
3,F4,1629013,155,6.0201,0.5316897435897436,-3.5970176834042933,0.5316897435897436,0.5097484536396386,0.33503040675662393,0.9587329072741432,-0.18474582915234444,0.9775931211304919,2025-01-01,2025-01-02,2025-01-18
3,F4,1629012,3754,0.2478,0.1737469555472544,1.287558391977248,0.1737469555472544,0.16657692382185052,-0.014892000591983201,0.9587329072741432,-0.18474582915234444,0.9775931211304919,2025-01-01,2025-01-02,2025-01-18
3,F4,203937,1635,0.5625,0.2842928902627512,-0.10588907217542781,0.2842928902627512,0.2725609491989764,0.09317694475482691,0.9587329072741432,-0.18474582915234444,0.9775931211304919,2025-01-01,2025-01-02,2025-01-18
3,F4,203114,922,0.9737,0.3559680412371134,1.0470521646771354,0.3559680412371134,0.3412782750719398,0.1632460793033529,0.9587329072741432,-0.18474582915234444,0.9775931211304919,2025-01-01,2025-01-02,2025-01-18
3,F4,1629006,1262,0.6963,0.3070337526205451,3.018959220491689,0.3070337526205451,0.2943633622811853,0.1154082553643816,0.9587329072741432,-0.18474582915234444,0.9775931211304919,2025-01-01,2025-01-02,2025-01-18
3,F4,1626164,4045,0.2085,0.149403454384411,1.446495505100301,0.149403454384411,0.1432380081787662,-0.038690039873011034,0.9587329072741432,-0.18474582915234444,0.9775931211304919,2025-01-01,2025-01-02,2025-01-18
3,F4,1642276,612,1.3416,0.37118408679927667,1.3218409333316823,0.37118408679927667,0.3558663986709684,0.17812118077573186,0.9587329072741432,-0.18474582915234444,0.9775931211304919,2025-01-01,2025-01-02,2025-01-18
3,F4,1630168,2804,0.2892,0.1841318801089918,1.1935661041213719,0.1841318801089918,0.1765332927387477,-0.0047397697769696046,0.9587329072741432,-0.18474582915234444,0.9775931211304919,2025-01-01,2025-01-02,2025-01-18
3,F4,1626145,4098,0.1974,0.14197002457002456,-1.319220357760413,0.14197002457002456,0.13611133440180118,-0.0459569097259615,0.9587329072741432,-0.18474582915234444,0.9775931211304919,2025-01-01,2025-01-02,2025-01-18
3,F4,1629674,1668,0.4695,0.23963463892288858,1.8045474744848022,0.23963463892288858,0.22974561405813052,0.04951934544326067,0.9587329072741432,-0.18474582915234444,0.9775931211304919,2025-01-01,2025-01-02,2025-01-18
3,F4,203939,837,0.9348,0.32106179729175216,1.0730603981796683,0.32106179729175216,0.30781251033218315,0.12912197533786485,0.9587329072741432,-0.18474582915234444,0.9775931211304919,2025-01-01,2025-01-02,2025-01-18
3,F4,1630572,770,1.0153,0.3298654008438819,8.822499992280916,0.3298654008438819,0.3162528147602055,0.13772831761158683,0.9587329072741432,-0.18474582915234444,0.9775931211304919,2025-01-01,2025-01-02,2025-01-18
3,F4,1628420,1499,0.5108,0.24707621813488223,-1.6705481233315884,0.24707621813488223,0.236880100930756,0.05679418209125331,0.9587329072741432,-0.18474582915234444,0.9775931211304919,2025-01-01,2025-01-02,2025-01-18
3,F4,1631111,754,1.0006,0.32049804587935427,-4.226119206668857,0.32049804587935427,0.30727202330159503,0.1285708558350771,0.9587329072741432,-0.18474582915234444,0.9775931211304919,2025-01-01,2025-01-02,2025-01-18
3,F4,1626172,1794,0.4143,0.2189906305244549,1.1816404304683303,0.2189906305244549,0.20995352386850835,0.029337904840391782,0.9587329072741432,-0.18474582915234444,0.9775931211304919,2025-01-01,2025-01-02,2025-01-18
3,F4,203552,1653,0.4494,0.22836095911466342,3.1321106106431302,0.22836095911466342,0.218937166239913,0.038498273612912026,0.9587329072741432,-0.18474582915234444,0.9775931211304919,2025-01-01,2025-01-02,2025-01-18
3,F4,1630188,2053,0.3618,0.20333298658636736,0.3634271162174207,0.20333298658636736,0.19494202537468233,0.014031099833406863,0.9587329072741432,-0.18474582915234444,0.9775931211304919,2025-01-01,2025-01-02,2025-01-18
3,F4,1630243,514,1.442,0.3506092715231788,-1.0598787527329572,0.3506092715231788,0.33614064620468664,0.15800738289328797,0.9587329072741432,-0.18474582915234444,0.9775931211304919,2025-01-01,2025-01-02,2025-01-18
3,F4,1631169,641,1.123,0.3212150825524319,-1.9424518118568295,0.3212150825524319,0.307959469955797,0.1292718259542761,0.9587329072741432,-0.18474582915234444,0.9775931211304919,2025-01-01,2025-01-02,2025-01-18
3,F4,1629630,2477,0.2869,0.1743074074074074,-0.9800078347181149,0.1743074074074074,0.16711424746312223,-0.014344106708772814,0.9587329072741432,-0.18474582915234444,0.9775931211304919,2025-01-01,2025-01-02,2025-01-18
3,F4,203926,833,0.8245,0.2822887381833128,5.2869067126955125,0.2822887381833128,0.2706395026492369,0.09121769946826858,0.9587329072741432,-0.18474582915234444,0.9775931211304919,2025-01-01,2025-01-02,2025-01-18
3,F4,1629637,802,0.8547,0.2853744379683597,-1.2428196766927033,0.2853744379683597,0.27359786457513013,0.09423425835200427,0.9587329072741432,-0.18474582915234444,0.9775931211304919,2025-01-01,2025-01-02,2025-01-18
3,F4,1627827,2397,0.2801,0.16797590693019765,0.7213991186712555,0.16797590693019765,0.16104402960319927,-0.020533738021727505,0.9587329072741432,-0.18474582915234444,0.9775931211304919,2025-01-01,2025-01-02,2025-01-18
3,F4,1630174,557,1.1468,0.2961370421882244,11.220782198619187,0.2961370421882244,0.28391632740868195,0.10475570620279401,0.9587329072741432,-0.18474582915234444,0.9775931211304919,2025-01-01,2025-01-02,2025-01-18
3,F4,1628371,1963,0.3177,0.17503370754981754,0.03288016128192773,0.17503370754981754,0.1678105753102087,-0.013634080685676564,0.9587329072741432,-0.18474582915234444,0.9775931211304919,2025-01-01,2025-01-02,2025-01-18
3,F4,1642261,2915,0.2094,0.13519401993355482,-1.4792905836389771,0.13519401993355482,0.12961495577697546,-0.05258108524732266,0.9587329072741432,-0.18474582915234444,0.9775931211304919,2025-01-01,2025-01-02,2025-01-18
3,F4,201143,2954,0.204,0.13232674571805006,1.4412657850092339,0.13232674571805006,0.12686600563239242,-0.05538411279679492,0.9587329072741432,-0.18474582915234444,0.9775931211304919,2025-01-01,2025-01-02,2025-01-18
3,F4,203991,3169,0.1899,0.12618853009016565,-2.2344074247700347,0.12618853009016565,0.12098109631799521,-0.06138479017063042,0.9587329072741432,-0.18474582915234444,0.9775931211304919,2025-01-01,2025-01-02,2025-01-18
3,F4,1630183,3771,0.1363,0.09569676037981753,1.6053040127374334,0.09569676037981753,0.09174763329565949,-0.09119333449056183,0.9587329072741432,-0.18474582915234444,0.9775931211304919,2025-01-01,2025-01-02,2025-01-18
3,F4,1630537,236,2.0892,0.26854640522875817,-0.5540913455497762,0.26854640522875817,0.2574642758229875,0.07778328930361111,0.9587329072741432,-0.18474582915234444,0.9775931211304919,2025-01-01,2025-01-02,2025-01-18
3,F4,1629723,1284,0.3825,0.17029472954230238,-4.180307063209203,0.17029472954230238,0.16326716114755546,-0.018266872987012073,0.9587329072741432,-0.18474582915234444,0.9775931211304919,2025-01-01,2025-01-02,2025-01-18
3,F4,1631119,276,1.7337,0.25506460554371,-0.03221407314934658,0.25506460554371,0.24453883081565364,0.0646035746710488,0.9587329072741432,-0.18474582915234444,0.9775931211304919,2025-01-01,2025-01-02,2025-01-18
3,F4,1641745,150,3.0563,0.26196857142857144,-25.168926481636916,0.26196857142857144,0.2511578901001683,0.07135284422860894,0.9587329072741432,-0.18474582915234444,0.9775931211304919,2025-01-01,2025-01-02,2025-01-18
3,F4,203954,1318,0.3447,0.15569383139136395,2.2978892304559477,0.15569383139136395,0.1492687996144926,-0.03254061058169641,0.9587329072741432,-0.18474582915234444,0.9775931211304919,2025-01-01,2025-01-02,2025-01-18
3,F4,1642278,491,0.8315,0.19524940219990436,-1.5678786368632809,0.19524940219990436,0.1871920270146528,0.006128643343122797,0.9587329072741432,-0.18474582915234444,0.9775931211304919,2025-01-01,2025-01-02,2025-01-18
3,F4,1641727,131,2.9717,0.22489468515309066,0.43567368927198985,0.22489468515309066,0.2156139353273257,0.03510966803212476,0.9587329072741432,-0.18474582915234444,0.9775931211304919,2025-01-01,2025-01-02,2025-01-18
3,F4,1630568,202,1.8548,0.20791875693673698,2.9872576455015176,0.20791875693673698,0.19933855431478376,0.01851411738301237,0.9587329072741432,-0.18474582915234444,0.9775931211304919,2025-01-01,2025-01-02,2025-01-18
3,F4,1631466,51,7.0577,0.21801496062992123,9.154850783565623,0.21801496062992123,0.20901811703398224,0.028384096663001568,0.9587329072741432,-0.18474582915234444,0.9775931211304919,2025-01-01,2025-01-02,2025-01-18
3,F4,1628978,3406,0.1016,0.0691269676388334,0.30676977694177804,0.0691269676388334,0.06627429865542436,-0.11716778110401078,0.9587329072741432,-0.18474582915234444,0.9775931211304919,2025-01-01,2025-01-02,2025-01-18
3,F4,1629640,3024,0.0916,0.059904498269896196,0.6186541478067386,0.059904498269896196,0.05743241378509646,-0.12618360371892046,0.9587329072741432,-0.18474582915234444,0.9775931211304919,2025-01-01,2025-01-02,2025-01-18
3,F4,1629312,2934,0.0928,0.06005187472430524,0.13457148921433865,0.06005187472430524,0.0575737084416958,-0.12603952951087358,0.9587329072741432,-0.18474582915234444,0.9775931211304919,2025-01-01,2025-01-02,2025-01-18
3,F4,1628975,476,0.5529,0.1267728323699422,1.2490685454680264,0.1267728323699422,0.12154128614141228,-0.06081358028126001,0.9587329072741432,-0.18474582915234444,0.9775931211304919,2025-01-01,2025-01-02,2025-01-18
3,F4,1631212,3391,0.0755,0.0512964335804448,0.5298941410137685,0.0512964335804448,0.049179578899374826,-0.13459878854557444,0.9587329072741432,-0.18474582915234444,0.9775931211304919,2025-01-01,2025-01-02,2025-01-18
3,F4,1630538,636,0.3903,0.11101556350626117,1.2126356655260297,0.11101556350626117,0.10643427395303505,-0.07621777793019825,0.9587329072741432,-0.18474582915234444,0.9775931211304919,2025-01-01,2025-01-02,2025-01-18
3,F4,1629003,2064,0.0969,0.05458558951965065,-4.796995277902522,0.05458558951965065,0.05233300093544767,-0.1313833323250813,0.9587329072741432,-0.18474582915234444,0.9775931211304919,2025-01-01,2025-01-02,2025-01-18
3,F4,1631117,3273,0.0592,0.039762281961830494,2.191828339456199,0.039762281961830494,0.03812140818511997,-0.14587449582600792,0.9587329072741432,-0.18474582915234444,0.9775931211304919,2025-01-01,2025-01-02,2025-01-18
3,F4,203944,4238,0.0448,0.03252182254196642,-0.5683173757651199,0.03252182254196642,0.031179741475513233,-0.1529527191486915,0.9587329072741432,-0.18474582915234444,0.9775931211304919,2025-01-01,2025-01-02,2025-01-18
3,F4,1629618,325,0.5112,0.0863064935064935,0.5262647309249577,0.0863064935064935,0.08274487543611747,-0.10037319479150293,0.9587329072741432,-0.18474582915234444,0.9775931211304919,2025-01-01,2025-01-02,2025-01-18
3,F4,1642285,483,0.3403,0.0789077772443591,-0.3800331618441457,0.0789077772443591,0.07565148268402488,-0.10760612891456182,0.9587329072741432,-0.18474582915234444,0.9775931211304919,2025-01-01,2025-01-02,2025-01-18
3,F4,1631116,237,0.6789,0.08758807838867719,6.337549757150722,0.08758807838867719,0.08397357303613202,-0.09912032622653533,0.9587329072741432,-0.18474582915234444,0.9775931211304919,2025-01-01,2025-01-02,2025-01-18
3,F4,1630193,407,0.3842,0.07791200797209766,-2.2305746296202336,0.07791200797209766,0.07469680591465541,-0.10857958610535773,0.9587329072741432,-0.18474582915234444,0.9775931211304919,2025-01-01,2025-01-02,2025-01-18
3,F4,1630548,1896,0.0726,0.03937345537757437,1.0465825771869388,0.03937345537757437,0.03774862734357062,-0.14625461002008938,0.9587329072741432,-0.18474582915234444,0.9775931211304919,2025-01-01,2025-01-02,2025-01-18
3,F4,1631133,1021,0.131,0.05103052270125906,0.5249935072940586,0.05103052270125906,0.04892464138909726,-0.13485874119190017,0.9587329072741432,-0.18474582915234444,0.9775931211304919,2025-01-01,2025-01-02,2025-01-18
3,F4,1629626,151,0.849,0.0732147344374643,-3.2484942611336747,0.0732147344374643,0.07019337520253448,-0.11317160840088361,0.9587329072741432,-0.18474582915234444,0.9775931211304919,2025-01-01,2025-01-02,2025-01-18
3,F4,1641871,380,0.3256,0.062488888888888885,-8.399904917501997,0.062488888888888885,0.059910154116775347,-0.12365712122747904,0.9587329072741432,-0.18474582915234444,0.9775931211304919,2025-01-01,2025-01-02,2025-01-18
3,F4,1630649,114,0.9913,0.06593243873978996,-7.017800115121241,0.06593243873978996,0.06321159867667317,-0.12029073058096822,0.9587329072741432,-0.18474582915234444,0.9775931211304919,2025-01-01,2025-01-02,2025-01-18
3,F4,1641857,134,0.7585,0.05861534025374855,-7.692710325597482,0.05861534025374855,0.05619645557233946,-0.12744387572755664,0.9587329072741432,-0.18474582915234444,0.9775931211304919,2025-01-01,2025-01-02,2025-01-18
3,F4,1629004,660,0.1484,0.04333805309734513,-0.6454633482544675,0.04333805309734513,0.04154961764161889,-0.14237884656119182,0.9587329072741432,-0.18474582915234444,0.9775931211304919,2025-01-01,2025-01-02,2025-01-18
3,F4,1630559,3897,0.0221,0.015667400400218304,0.4504539972225835,0.015667400400218304,0.01502085233512937,-0.1694294862950939,0.9587329072741432,-0.18474582915234444,0.9775931211304919,2025-01-01,2025-01-02,2025-01-18
3,F4,1642352,51,1.0457,0.032302059357964874,-1.5647765602089807,0.032302059357964874,0.030969047279203608,-0.15316755812564914,0.9587329072741432,-0.18474582915234444,0.9775931211304919,2025-01-01,2025-01-02,2025-01-18
3,F4,201145,256,0.2018,0.02783448275862069,-0.06909200225518873,0.02783448275862069,0.026685834577644427,-0.15753503027729157,0.9587329072741432,-0.18474582915234444,0.9775931211304919,2025-01-01,2025-01-02,2025-01-18
3,F4,1631172,800,0.0638,0.021266666666666663,4.90693795657189,0.021266666666666663,0.02038905316136344,-0.163955682109636,0.9587329072741432,-0.18474582915234444,0.9775931211304919,2025-01-01,2025-01-02,2025-01-18
3,F4,1642348,66,0.7352,0.029125570228091233,-0.14675167460162386,0.029125570228091233,0.027923642620795136,-0.1562728720483594,0.9587329072741432,-0.18474582915234444,0.9775931211304919,2025-01-01,2025-01-02,2025-01-18
3,F4,1631131,68,0.6784,0.027656594724220628,2.9148152284843154,0.027656594724220628,0.02651528746525477,-0.1577089323960525,0.9587329072741432,-0.18474582915234444,0.9775931211304919,2025-01-01,2025-01-02,2025-01-18
3,F4,1641796,1116,0.0373,0.015326509572901326,-0.7336022093237196,0.015326509572901326,0.014694029081192675,-0.16976273882293547,0.9587329072741432,-0.18474582915234444,0.9775931211304919,2025-01-01,2025-01-02,2025-01-18
3,F4,1631230,100,-0.2508,-0.01475294117647059,-5.893258449609505,-0.01475294117647059,-0.014144130184962068,-0.19916820296290488,0.9587329072741432,-0.18474582915234444,0.9775931211304919,2025-01-01,2025-01-02,2025-01-18
3,F4,1631217,2100,-0.0124,-0.007037837837837837,-2.928861162673605,-0.007037837837837837,-0.00674740673119424,-0.19162597101024662,0.9587329072741432,-0.18474582915234444,0.9775931211304919,2025-01-01,2025-01-02,2025-01-18
3,F4,1630527,3180,-0.0113,-0.007517573221757322,-1.8261199906618133,-0.007517573221757322,-0.007207344830541644,-0.19209495702152918,0.9587329072741432,-0.18474582915234444,0.9775931211304919,2025-01-01,2025-01-02,2025-01-18
3,F4,1628998,3181,-0.0117,-0.007784501150386949,-1.2319045858487272,-0.007784501150386949,-0.007463257419589391,-0.19235590392839513,0.9587329072741432,-0.18474582915234444,0.9775931211304919,2025-01-01,2025-01-02,2025-01-18
3,F4,1628970,2385,-0.0181,-0.010832747804265998,1.2893774931839157,-0.010832747804265998,-0.01038571179615153,-0.1953358488887363,0.9587329072741432,-0.18474582915234444,0.9775931211304919,2025-01-01,2025-01-02,2025-01-18
3,F4,1641738,243,-0.2549,-0.03360862723819859,4.970812730042071,-0.03360862723819859,-0.03222169690157109,-0.21760139195104627,0.9587329072741432,-0.18474582915234444,0.9775931211304919,2025-01-01,2025-01-02,2025-01-18
3,F4,1630631,1127,-0.0568,-0.023474000733406674,2.3328991909782397,-0.023474000733406674,-0.022505296968494348,-0.20769385079473493,0.9587329072741432,-0.18474582915234444,0.9775931211304919,2025-01-01,2025-01-02,2025-01-18
3,F4,1627750,3987,-0.0236,-0.016841453373903706,1.5742921061927062,-0.016841453373903706,-0.016146455555884627,-0.20120991812051262,0.9587329072741432,-0.18474582915234444,0.9775931211304919,2025-01-01,2025-01-02,2025-01-18
3,F4,1630311,206,-0.4742,-0.054089258028792914,-1.8436688116598732,-0.054089258028792914,-0.051857151602245924,-0.23762311572834463,0.9587329072741432,-0.18474582915234444,0.9775931211304919,2025-01-01,2025-01-02,2025-01-18
3,F4,1630695,670,-0.165,-0.04870044052863436,-2.852288984398087,-0.04870044052863436,-0.046690714933549135,-0.23235504480916203,0.9587329072741432,-0.18474582915234444,0.9775931211304919,2025-01-01,2025-01-02,2025-01-18
3,F4,1627763,1709,-0.0745,-0.03847703233605319,0.27166980340016045,-0.03847703233605319,-0.03688919707482549,-0.22236071128558554,0.9587329072741432,-0.18474582915234444,0.9775931211304919,2025-01-01,2025-01-02,2025-01-18
3,F4,1630173,1108,-0.1152,-0.04713500738552437,-1.9959221545450887,-0.04713500738552437,-0.04518988266511199,-0.230824688136868,0.9587329072741432,-0.18474582915234444,0.9775931211304919,2025-01-01,2025-01-02,2025-01-18
3,F4,1641854,662,-0.1988,-0.05818107869142353,5.840671834937737,-0.05818107869142353,-0.05578011472217418,-0.24162325146103192,0.9587329072741432,-0.18474582915234444,0.9775931211304919,2025-01-01,2025-01-02,2025-01-18
3,F4,1629162,646,-0.2046,-0.05884755120213713,1.449824656556825,-0.05884755120213713,-0.05641908384998893,-0.2422747904029281,0.9587329072741432,-0.18474582915234444,0.9775931211304919,2025-01-01,2025-01-02,2025-01-18
3,F4,1641810,596,-0.2273,-0.06168979963570127,25.094068798142327,-0.06168979963570127,-0.05914404095389526,-0.24505335292012434,0.9587329072741432,-0.18474582915234444,0.9775931211304919,2025-01-01,2025-01-02,2025-01-18
3,F4,1629673,3503,-0.0389,-0.026703252988438172,-0.9609912300292588,-0.026703252988438172,-0.02560128737128228,-0.21085074558564884,0.9587329072741432,-0.18474582915234444,0.9775931211304919,2025-01-01,2025-01-02,2025-01-18
3,F4,1626158,82,-1.6651,-0.08117609988109394,-2.0594767313268703,-0.08117609988109394,-0.07782619824017742,-0.26410302599630364,0.9587329072741432,-0.18474582915234444,0.9775931211304919,2025-01-01,2025-01-02,2025-01-18
3,F4,1631213,1203,-0.1178,-0.05055775954334642,-3.075683614538402,-0.05055775954334642,-0.04847138779225957,-0.2341707471016894,0.9587329072741432,-0.18474582915234444,0.9775931211304919,2025-01-01,2025-01-02,2025-01-18
3,F4,201599,897,-0.1625,-0.058375050060072084,-0.8533065112987965,-0.058375050060072084,-0.055966081456366557,-0.241812876536719,0.9587329072741432,-0.18474582915234444,0.9775931211304919,2025-01-01,2025-01-02,2025-01-18
3,F4,1631210,87,-1.8398,-0.09488002371072911,-4.127421194860456,-0.09488002371072911,-0.09096460097442696,-0.27749988766465117,0.9587329072741432,-0.18474582915234444,0.9775931211304919,2025-01-01,2025-01-02,2025-01-18
3,F4,1642382,83,-1.9947,-0.09837201426024955,4.246892585108367,-0.09837201426024955,-0.09431248722614252,-0.28091363360491506,0.9587329072741432,-0.18474582915234444,0.9775931211304919,2025-01-01,2025-01-02,2025-01-18
3,F4,1630539,672,-0.2498,-0.07388450704225352,3.0985460846828072,-0.07388450704225352,-0.07083550823913662,-0.2569748149949689,0.9587329072741432,-0.18474582915234444,0.9775931211304919,2025-01-01,2025-01-02,2025-01-18
3,F4,1630288,396,-0.4848,-0.09618276553106213,-1.6328216577959638,-0.09618276553106213,-0.09221358242726244,-0.27877343910681773,0.9587329072741432,-0.18474582915234444,0.9775931211304919,2025-01-01,2025-01-02,2025-01-18
3,F4,1631216,639,-0.32,-0.09132648503796338,-1.5401442174918227,-0.09132648503796338,-0.08755770651157517,-0.27402597270248424,0.9587329072741432,-0.18474582915234444,0.9775931211304919,2025-01-01,2025-01-02,2025-01-18
3,F4,1641730,1976,-0.1148,-0.06343534675615213,-1.4241832824486558,-0.06343534675615213,-0.06081755441946912,-0.24675978777768623,0.9587329072741432,-0.18474582915234444,0.9775931211304919,2025-01-01,2025-01-02,2025-01-18
3,F4,1628976,2256,-0.1123,-0.06570248962655602,-0.8116650204930113,-0.06570248962655602,-0.06299113889481729,-0.24897613105241312,0.9587329072741432,-0.18474582915234444,0.9775931211304919,2025-01-01,2025-01-02,2025-01-18
3,F4,1642345,1663,-0.1585,-0.0807801103279191,-2.356024737687772,-0.0807801103279191,-0.07744655002461191,-0.26371590933308037,0.9587329072741432,-0.18474582915234444,0.9775931211304919,2025-01-01,2025-01-02,2025-01-18
3,F4,1641741,1206,-0.2285,-0.09820776906628653,-2.2531321901989987,-0.09820776906628653,-0.09415501995382855,-0.28075306863311805,0.9587329072741432,-0.18474582915234444,0.9775931211304919,2025-01-01,2025-01-02,2025-01-18
3,F4,1641711,3814,-0.073,-0.05142630217953453,-1.461206321291054,-0.05142630217953453,-0.049304088198943746,-0.23501982840823543,0.9587329072741432,-0.18474582915234444,0.9775931211304919,2025-01-01,2025-01-02,2025-01-18
3,F4,203915,3027,-0.1043,-0.06823343419062028,-0.45310237906062173,-0.06823343419062028,-0.0654176387348723,-0.25145036504820495,0.9587329072741432,-0.18474582915234444,0.9775931211304919,2025-01-01,2025-01-02,2025-01-18
3,F4,1628370,3396,-0.0953,-0.06477958366693354,1.7396794533343032,-0.06477958366693354,-0.06210631858100779,-0.24807390453483585,0.9587329072741432,-0.18474582915234444,0.9775931211304919,2025-01-01,2025-01-02,2025-01-18
3,F4,1641737,428,-0.7611,-0.16062662721893492,-1.4802411333472263,-0.16062662721893492,-0.1539980332992495,-0.34177331499196706,0.9587329072741432,-0.18474582915234444,0.9775931211304919,2025-01-01,2025-01-02,2025-01-18
3,F4,1631108,2789,-0.1224,-0.07777935748462064,0.31111632401682315,-0.07777935748462064,-0.07456962952714524,-0.26078239399525904,0.9587329072741432,-0.18474582915234444,0.9775931211304919,2025-01-01,2025-01-02,2025-01-18
3,F4,1630531,227,-1.5289,-0.18996185002736726,1.6047981813957524,-0.18996185002736726,-0.1821226767479126,-0.3704512270163208,0.9587329072741432,-0.18474582915234444,0.9775931211304919,2025-01-01,2025-01-02,2025-01-18
3,F4,1641725,202,-1.7936,-0.2010583795782464,-5.922844836692273,-0.2010583795782464,-0.1927612847848804,-0.3812991179736815,0.9587329072741432,-0.18474582915234444,0.9775931211304919,2025-01-01,2025-01-02,2025-01-18
3,F4,1628971,166,-2.2661,-0.21300826727066816,-1.5673905393098533,-0.21300826727066816,-0.2042180353538354,-0.39298124598007494,0.9587329072741432,-0.18474582915234444,0.9775931211304919,2025-01-01,2025-01-02,2025-01-18
3,F4,1641816,795,-0.4758,-0.15793778705636743,-4.202466616592214,-0.15793778705636743,-0.1514201537529957,-0.3391447233452217,0.9587329072741432,-0.18474582915234444,0.9775931211304919,2025-01-01,2025-01-02,2025-01-18
3,F4,1626162,3921,-0.0977,-0.06938628871581236,-0.21447001224402593,-0.06938628871581236,-0.06652291830547385,-0.2525773877016969,0.9587329072741432,-0.18474582915234444,0.9775931211304919,2025-01-01,2025-01-02,2025-01-18
3,F4,202709,500,-0.7728,-0.184,-0.8740525499482554,-0.184,-0.17640685493844235,-0.36462296344035494,0.9587329072741432,-0.18474582915234444,0.9775931211304919,2025-01-01,2025-01-02,2025-01-18
3,F4,1631098,778,-0.5,-0.16358284272497897,-4.645028775923607,-0.16358284272497897,-0.15683225438588802,-0.34466329093525505,0.9587329072741432,-0.18474582915234444,0.9775931211304919,2025-01-01,2025-01-02,2025-01-18
3,F4,1630215,950,-0.4434,-0.16518823529411766,3.774718085919988,-0.16518823529411766,-0.15837139707101466,-0.346232711667559,0.9587329072741432,-0.18474582915234444,0.9775931211304919,2025-01-01,2025-01-02,2025-01-18
3,F4,201567,782,-0.5671,-0.1861764063811923,2.5548934654293443,-0.1861764063811923,-0.17849344735569284,-0.36675060334739307,0.9587329072741432,-0.18474582915234444,0.9775931211304919,2025-01-01,2025-01-02,2025-01-18
3,F4,1628960,2268,-0.1965,-0.11521768355739401,1.8966483064320196,-0.11521768355739401,-0.1104629847263726,-0.2973818440306426,0.9587329072741432,-0.18474582915234444,0.9775931211304919,2025-01-01,2025-01-02,2025-01-18
3,F4,202704,773,-0.5854,-0.19069287821323222,-3.1542908542565242,-0.19069287821323222,-0.18282353752584624,-0.3711658751421749,0.9587329072741432,-0.18474582915234444,0.9775931211304919,2025-01-01,2025-01-02,2025-01-18
3,F4,1631115,198,-2.3228,-0.25579221357063403,2.207398025203201,-0.25579221357063403,-0.2452364125746625,-0.4348065375777379,0.9587329072741432,-0.18474582915234444,0.9775931211304919,2025-01-01,2025-01-02,2025-01-18
3,F4,1630699,214,-2.1816,-0.2573662624035281,0.8312432105121194,-0.2573662624035281,-0.24674550498841452,-0.43634531688909867,0.9587329072741432,-0.18474582915234444,0.9775931211304919,2025-01-01,2025-01-02,2025-01-18
3,F4,1641729,1743,-0.2756,-0.14369452587496262,3.254661306729947,-0.14369452587496262,-0.1377646705514825,-0.3252206091918154,0.9587329072741432,-0.18474582915234444,0.9775931211304919,2025-01-01,2025-01-02,2025-01-18
3,F4,101108,3930,-0.1242,-0.08826509945750453,-1.3812688927004495,-0.08826509945750453,-0.08462265541373472,-0.2710331832178996,0.9587329072741432,-0.18474582915234444,0.9775931211304919,2025-01-01,2025-01-02,2025-01-18
3,F4,201144,2886,-0.1728,-0.11116825679893001,0.24748241432002985,-0.11116825679893001,-0.10658066603743671,-0.29342315228704646,0.9587329072741432,-0.18474582915234444,0.9775931211304919,2025-01-01,2025-01-02,2025-01-18
3,F4,201988,597,-0.8715,-0.23681634046426947,-0.4810010037872158,-0.23681634046426947,-0.22704361858333238,-0.4162558545615108,0.9587329072741432,-0.18474582915234444,0.9775931211304919,2025-01-01,2025-01-02,2025-01-18
3,F4,1630264,652,-0.8118,-0.23503268206039074,-3.8179150668535584,-0.23503268206039074,-0.22533356657619777,-0.4145121623754324,0.9587329072741432,-0.18474582915234444,0.9775931211304919,2025-01-01,2025-01-02,2025-01-18
3,F4,1641842,2148,-0.2485,-0.14241675560298828,-0.18996556818931842,-0.14241675560298828,-0.13653963014380407,-0.3239714697635482,0.9587329072741432,-0.18474582915234444,0.9775931211304919,2025-01-01,2025-01-02,2025-01-18
3,F4,1630322,1900,-0.2828,-0.15352,0.3204467621103779,-0.15352,-0.14718467592472645,-0.33482592510829756,0.9587329072741432,-0.18474582915234444,0.9775931211304919,2025-01-01,2025-01-02,2025-01-18
3,F4,202693,53,-10.6936,-0.3428679975801573,6.081204224496812,-0.3428679975801573,-0.3287188321312881,-0.5199312250424923,0.9587329072741432,-0.18474582915234444,0.9775931211304919,2025-01-01,2025-01-02,2025-01-18
3,F4,1641765,652,-0.8842,-0.2559939609236234,-1.0282976343355306,-0.2559939609236234,-0.2454298344009289,-0.43500376440222666,0.9587329072741432,-0.18474582915234444,0.9775931211304919,2025-01-01,2025-01-02,2025-01-18
3,F4,1630200,1021,-0.583,-0.22710530331934375,0.4389005915557001,-0.22710530331934375,-0.21773332770873055,-0.4067624114495888,0.9587329072741432,-0.18474582915234444,0.9775931211304919,2025-01-01,2025-01-02,2025-01-18
3,F4,202066,204,-2.9272,-0.3310137472283814,3.6291238688938092,-0.3310137472283814,-0.31735377222797445,-0.5083425914424375,0.9587329072741432,-0.18474582915234444,0.9775931211304919,2025-01-01,2025-01-02,2025-01-18
3,F4,1641736,109,-5.5437,-0.35357712112346407,-0.45325192935812453,-0.35357712112346407,-0.33898602128032057,-0.5304003905517656,0.9587329072741432,-0.18474582915234444,0.9775931211304919,2025-01-01,2025-01-02,2025-01-18
3,F4,1631207,1908,-0.3225,-0.17540763968072978,-3.391174447607682,-0.17540763968072978,-0.16816907634920142,-0.3562231310979618,0.9587329072741432,-0.18474582915234444,0.9775931211304919,2025-01-01,2025-01-02,2025-01-18
3,F4,203078,3024,-0.2046,-0.13380415224913494,-0.7243787907662755,-0.13380415224913494,-0.12828244389116522,-0.3155518479697958,0.9587329072741432,-0.18474582915234444,0.9775931211304919,2025-01-01,2025-01-02,2025-01-18
3,F4,1628366,1232,-0.507,-0.2205593220338983,2.056582139001455,-0.2205593220338983,-0.2114574800399733,-0.40036310517388835,0.9587329072741432,-0.18474582915234444,0.9775931211304919,2025-01-01,2025-01-02,2025-01-18
3,F4,1631255,158,-3.9582,-0.355742662116041,1.0166251074989112,-0.355742662116041,-0.3410621966919552,-0.5325174085296349,0.9587329072741432,-0.18474582915234444,0.9775931211304919,2025-01-01,2025-01-02,2025-01-18
3,F4,1630314,188,-3.3608,-0.353372706935123,1.7571260925484053,-0.353372706935123,-0.33879004267124424,-0.530200556647382,0.9587329072741432,-0.18474582915234444,0.9775931211304919,2025-01-01,2025-01-02,2025-01-18
3,F4,1631323,2333,-0.2729,-0.1618804220696669,-1.6362584225718175,-0.1618804220696669,-0.1552000876816171,-0.3429990162133515,0.9587329072741432,-0.18474582915234444,0.9775931211304919,2025-01-01,2025-01-02,2025-01-18
3,F4,1641733,491,-1.3078,-0.30709220468675275,-0.6736567732098215,-0.30709220468675275,-0.29441940220055673,-0.4849570560069109,0.9587329072741432,-0.18474582915234444,0.9775931211304919,2025-01-01,2025-01-02,2025-01-18
3,F4,1630346,193,-3.3788,-0.3636968209704406,11.333519415766629,-0.3636968209704406,-0.3486881105353541,-0.5402933395100752,0.9587329072741432,-0.18474582915234444,0.9775931211304919,2025-01-01,2025-01-02,2025-01-18
3,F4,1629646,968,-0.6753,-0.25455233644859815,-0.7503989066006068,-0.25455233644859815,-0.24404770157679034,-0.43359444223218857,0.9587329072741432,-0.18474582915234444,0.9775931211304919,2025-01-01,2025-01-02,2025-01-18
3,F4,1641789,214,-3.0748,-0.3627382579933848,5.797050160169617,-0.3627382579933848,-0.34776910466555605,-0.5393562549375351,0.9587329072741432,-0.18474582915234444,0.9775931211304919,2025-01-01,2025-01-02,2025-01-18
3,F4,204060,102,-6.551,-0.39259811985898946,-6.346050808169792,-0.39259811985898946,-0.3763967368427715,-0.5685470504952569,0.9587329072741432,-0.18474582915234444,0.9775931211304919,2025-01-01,2025-01-02,2025-01-18
3,F4,1641775,839,-0.8042,-0.276639524395244,-7.826498364823279,-0.276639524395244,-0.2652234154903885,-0.4551867252339459,0.9587329072741432,-0.18474582915234444,0.9775931211304919,2025-01-01,2025-01-02,2025-01-18
3,F4,1641706,3239,-0.2115,-0.1415681959082455,0.6904009907884511,-0.1415681959082455,-0.13572608804066766,-0.32314192364309907,0.9587329072741432,-0.18474582915234444,0.9775931211304919,2025-01-01,2025-01-02,2025-01-18
3,F4,1631132,771,-0.9029,-0.2936043441585829,5.6231947510312,-0.2936043441585829,-0.28148814646347625,-0.4717714163358046,0.9587329072741432,-0.18474582915234444,0.9775931211304919,2025-01-01,2025-01-02,2025-01-18
3,F4,1641709,960,-0.7425,-0.2784375,1.8151415879519315,-0.2784375,-0.26694719386914423,-0.4569444138171158,0.9587329072741432,-0.18474582915234444,0.9775931211304919,2025-01-01,2025-01-02,2025-01-18
3,F4,1628989,3150,-0.2289,-0.15179684210526315,1.2314797663941897,-0.15179684210526315,-0.145532627746613,-0.3331413778037811,0.9587329072741432,-0.18474582915234444,0.9775931211304919,2025-01-01,2025-01-02,2025-01-18
3,F4,1629622,469,-1.5733,-0.356634944417593,-1.3829645928452516,-0.356634944417593,-0.3419176570970314,-0.5333896975697388,0.9587329072741432,-0.18474582915234444,0.9775931211304919,2025-01-01,2025-01-02,2025-01-18
3,F4,1631105,2980,-0.2537,-0.1650711790393013,1.3753980519027424,-0.1650711790393013,-0.15825917138751994,-0.34611827827806524,0.9587329072741432,-0.18474582915234444,0.9775931211304919,2025-01-01,2025-01-02,2025-01-18
3,F4,201959,601,-1.2595,-0.3439161744661518,-0.7604496306997882,-0.3439161744661518,-0.32972375380453517,-0.5209559155559687,0.9587329072741432,-0.18474582915234444,0.9775931211304919,2025-01-01,2025-01-02,2025-01-18
3,F4,204456,2757,-0.278,-0.1759114069313748,-0.369094172804446,-0.1759114069313748,-0.16865205459000182,-0.3567156104968432,0.9587329072741432,-0.18474582915234444,0.9775931211304919,2025-01-01,2025-01-02,2025-01-18
3,F4,1629611,1921,-0.4006,-0.2185608065890372,3.005999072212325,-0.2185608065890372,-0.20954143751728935,-0.3984093702225191,0.9587329072741432,-0.18474582915234444,0.9775931211304919,2025-01-01,2025-01-02,2025-01-18
3,F4,1641724,1416,-0.5549,-0.2605233421750663,-0.09261563554484452,-0.2605233421750663,-0.2497723012562777,-0.43943165635661463,0.9587329072741432,-0.18474582915234444,0.9775931211304919,2025-01-01,2025-01-02,2025-01-18
3,F4,1642281,601,-1.3367,-0.36499622898682416,-3.814531823940912,-0.36499622898682416,-0.3499338957606368,-0.5415636318484336,0.9587329072741432,-0.18474582915234444,0.9775931211304919,2025-01-01,2025-01-02,2025-01-18
3,F4,1628380,1510,-0.5459,-0.26505112540192927,-1.4112280763344964,-0.26505112540192927,-0.25411323603287517,-0.4438579860931659,0.9587329072741432,-0.18474582915234444,0.9775931211304919,2025-01-01,2025-01-02,2025-01-18
3,F4,1630625,1708,-0.4876,-0.25175961305925026,-0.5010257397201525,-0.25175961305925026,-0.24137022576250836,-0.43086429505754187,0.9587329072741432,-0.18474582915234444,0.9775931211304919,2025-01-01,2025-01-02,2025-01-18
3,F4,203482,765,-1.0962,-0.354584778012685,-1.4316138905253977,-0.354584778012685,-0.33995209509925817,-0.5313854689951278,0.9587329072741432,-0.18474582915234444,0.9775931211304919,2025-01-01,2025-01-02,2025-01-18
3,F4,1631097,4652,-0.182,-0.13542290467050544,0.026715150445830015,-0.13542290467050544,-0.12983439510626282,-0.3171343292017409,0.9587329072741432,-0.18474582915234444,0.9775931211304919,2025-01-01,2025-01-02,2025-01-18
3,F4,1630611,175,-4.9391,-0.4869535211267605,0.9544388908414037,-0.4869535211267605,-0.46685836501724,-0.6607882417161371,0.9587329072741432,-0.18474582915234444,0.9775931211304919,2025-01-01,2025-01-02,2025-01-18
3,F4,1630549,753,-1.1522,-0.3687235869103272,-1.6339598676443043,-0.3687235869103272,-0.3535074364590882,-0.5452074713144415,0.9587329072741432,-0.18474582915234444,0.9775931211304919,2025-01-01,2025-01-02,2025-01-18
3,F4,1630192,325,-2.6994,-0.4557428571428571,-4.569878061742266,-0.4557428571428571,-0.4369356743979959,-0.6302769112995581,0.9587329072741432,-0.18474582915234444,0.9775931211304919,2025-01-01,2025-01-02,2025-01-18
3,F4,1626153,1507,-0.6074,-0.29460952687479885,-2.8050923192805177,-0.29460952687479885,-0.28245184821133573,-0.4727540760446566,0.9587329072741432,-0.18474582915234444,0.9775931211304919,2025-01-01,2025-01-02,2025-01-18
3,F4,1630169,4974,-0.1864,-0.14103340432004868,2.9636795581577107,-0.14103340432004868,-0.13521336574652998,-0.32261911506523944,0.9587329072741432,-0.18474582915234444,0.9775931211304919,2025-01-01,2025-01-02,2025-01-18
3,F4,1642402,527,-1.9401,-0.4806923836389281,-6.882202255153611,-0.4806923836389281,-0.4608556064706873,-0.65466739677758,0.9587329072741432,-0.18474582915234444,0.9775931211304919,2025-01-01,2025-01-02,2025-01-18
3,F4,1641767,1640,-0.6251,-0.31640864197530866,-0.07035357810031789,-0.31640864197530866,-0.30335137720765115,-0.4940647410136468,0.9587329072741432,-0.18474582915234444,0.9775931211304919,2025-01-01,2025-01-02,2025-01-18
3,F4,1641712,1084,-0.9492,-0.38335797317436665,-7.1152894219297655,-0.38335797317436665,-0.36753790414818355,-0.5595139466581329,0.9587329072741432,-0.18474582915234444,0.9775931211304919,2025-01-01,2025-01-02,2025-01-18
3,F4,201587,2456,-0.425,-0.2573471400394477,0.6569563878092577,-0.2573471400394477,-0.24672717174870576,-0.4363266229975139,0.9587329072741432,-0.18474582915234444,0.9775931211304919,2025-01-01,2025-01-02,2025-01-18
3,F4,1642271,1477,-0.7144,-0.3429212869678258,0.3048319423864199,-0.3429212869678258,-0.3287699224208544,-0.5199833203813063,0.9587329072741432,-0.18474582915234444,0.9775931211304919,2025-01-01,2025-01-02,2025-01-18
3,F4,1627824,2944,-0.3586,-0.23233239436619718,-0.7390623456923405,-0.23233239436619718,-0.222744711904667,-0.4118723797005155,0.9587329072741432,-0.18474582915234444,0.9775931211304919,2025-01-01,2025-01-02,2025-01-18
3,F4,1629111,783,-1.3546,-0.4450909777591272,0.017003234705749715,-0.4450909777591272,-0.426723367108499,-0.619863707286912,0.9587329072741432,-0.18474582915234444,0.9775931211304919,2025-01-01,2025-01-02,2025-01-18
3,F4,203083,1970,-0.5452,-0.3008526610644258,-4.1014595396545515,-0.3008526610644258,-0.28843734640345936,-0.4788573210827305,0.9587329072741432,-0.18474582915234444,0.9775931211304919,2025-01-01,2025-01-02,2025-01-18
3,F4,201569,1395,-0.7728,-0.3599519198664441,-0.11110810164843563,-0.3599519198664441,-0.34509775061246534,-0.5366323499514942,0.9587329072741432,-0.18474582915234444,0.9775931211304919,2025-01-01,2025-01-02,2025-01-18
3,F4,1642277,881,-1.2354,-0.4386889963724305,-3.4173530955821394,-0.4386889963724305,-0.4205855768813163,-0.6136051743216717,0.9587329072741432,-0.18474582915234444,0.9775931211304919,2025-01-01,2025-01-02,2025-01-18
3,F4,1631101,3092,-0.3552,-0.2340746803069054,-1.2062018330758308,-0.2340746803069054,-0.22441509876990504,-0.41357562645119417,0.9587329072741432,-0.18474582915234444,0.9775931211304919,2025-01-01,2025-01-02,2025-01-18
3,F4,1630529,2193,-0.5041,-0.2914556551542315,0.31101468462832016,-0.2914556551542315,-0.27942812760750646,-0.46967087274570196,0.9587329072741432,-0.18474582915234444,0.9775931211304919,2025-01-01,2025-01-02,2025-01-18
3,F4,1630579,1342,-0.8279,-0.3776484704282801,-3.3851250983761227,-0.3776484704282801,-0.36206401598133825,-0.5539323760484831,0.9587329072741432,-0.18474582915234444,0.9775931211304919,2025-01-01,2025-01-02,2025-01-18
3,F4,1630590,3266,-0.3406,-0.228606576243321,1.2866195014284934,-0.228606576243321,-0.21917264746374723,-0.4082300455330084,0.9587329072741432,-0.18474582915234444,0.9775931211304919,2025-01-01,2025-01-02,2025-01-18
3,F4,1642346,2148,-0.5186,-0.29721259338313766,1.8622188052650162,-0.29721259338313766,-0.28494749373270334,-0.47529881595705376,0.9587329072741432,-0.18474582915234444,0.9775931211304919,2025-01-01,2025-01-02,2025-01-18
3,F4,1629234,1350,-0.8265,-0.37822881355932203,0.7482805728431094,-0.37822881355932203,-0.3626204100385787,-0.554499715501285,0.9587329072741432,-0.18474582915234444,0.9775931211304919,2025-01-01,2025-01-02,2025-01-18
3,F4,1642265,527,-2.1881,-0.5421385519511048,1.7662868001722594,-0.5421385519511048,-0.5197660700574769,-0.7147367482393903,0.9587329072741432,-0.18474582915234444,0.9775931211304919,2025-01-01,2025-01-02,2025-01-18
3,F4,1630191,2602,-0.4548,-0.28162532127558304,-0.08940784569099143,-0.28162532127558304,-0.2700034630285543,-0.4600608059675192,0.9587329072741432,-0.18474582915234444,0.9775931211304919,2025-01-01,2025-01-02,2025-01-18
3,F4,1626171,3078,-0.3974,-0.26147866609662246,0.01988976328184545,-0.26147866609662246,-0.2506882017369798,-0.44036557445077934,0.9587329072741432,-0.18474582915234444,0.9775931211304919,2025-01-01,2025-01-02,2025-01-18
3,F4,1629614,2161,-0.5662,-0.3253278915182133,-0.7101426792685741,-0.3253278915182133,-0.31190255525262367,-0.5027841380124367,0.9587329072741432,-0.18474582915234444,0.9775931211304919,2025-01-01,2025-01-02,2025-01-18
3,F4,1631124,2801,-0.4422,-0.2814365371506476,0.6050914736717414,-0.2814365371506476,-0.2698224694756078,-0.45987625190560366,0.9587329072741432,-0.18474582915234444,0.9775931211304919,2025-01-01,2025-01-02,2025-01-18
3,F4,1628964,884,-1.4192,-0.5050615136876007,1.1748137281974922,-0.5050615136876007,-0.48421909336999286,-0.6784904906810967,0.9587329072741432,-0.18474582915234444,0.9775931211304919,2025-01-01,2025-01-02,2025-01-18
3,F4,1626192,1078,-1.1695,-0.4707696041822255,0.37875304331707815,-0.4707696041822255,-0.4513423112739227,-0.6449669558382125,0.9587329072741432,-0.18474582915234444,0.9775931211304919,2025-01-01,2025-01-02,2025-01-18
3,F4,1641763,1888,-0.6717,-0.3635807339449541,-0.5938344427544917,-0.3635807339449541,-0.3485768140839126,-0.5401798536325071,0.9587329072741432,-0.18474582915234444,0.9775931211304919,2025-01-01,2025-01-02,2025-01-18
3,F4,1641998,638,-1.9907,-0.5675007149240393,-3.5231485447967894,-0.5675007149240393,-0.5440816102992789,-0.7395306242987216,0.9587329072741432,-0.18474582915234444,0.9775931211304919,2025-01-01,2025-01-02,2025-01-18
3,F4,1629627,792,-1.6054,-0.5315538461538462,2.3841641283035706,-0.5315538461538462,-0.5096181642958295,-0.7043892126628002,0.9587329072741432,-0.18474582915234444,0.9775931211304919,2025-01-01,2025-01-02,2025-01-18
3,F4,1630214,685,-1.9127,-0.5733914660831511,-3.5211207482370646,-0.5733914660831511,-0.5497292672840827,-0.7452893821101607,0.9587329072741432,-0.18474582915234444,0.9775931211304919,2025-01-01,2025-01-02,2025-01-18
3,F4,1631170,2254,-0.6104,-0.3569905552672548,-0.6196753061896187,-0.3569905552672548,-0.3422585929207859,-0.5337373402901675,0.9587329072741432,-0.18474582915234444,0.9775931211304919,2025-01-01,2025-01-02,2025-01-18
3,F4,1629629,2107,-0.675,-0.3836592932290262,-1.777170026817171,-0.3836592932290262,-0.36782678960020726,-0.5598085150708267,0.9587329072741432,-0.18474582915234444,0.9775931211304919,2025-01-01,2025-01-02,2025-01-18
3,F4,202684,380,-3.7823,-0.7258959595959595,0.9262108253355085,-0.7258959595959595,-0.6959403437219882,-0.8943767259097719,0.9587329072741432,-0.18474582915234444,0.9775931211304919,2025-01-01,2025-01-02,2025-01-18
3,F4,203967,561,-2.5677,-0.6665801480795928,-2.5654555671227843,-0.6665801480795928,-0.6390723232995769,-0.8363899965970989,0.9587329072741432,-0.18474582915234444,0.9775931211304919,2025-01-01,2025-01-02,2025-01-18
3,F4,203458,744,-2.0372,-0.646619795221843,2.4606248195294653,-0.646619795221843,-0.6199356761740487,-0.8168768929480255,0.9587329072741432,-0.18474582915234444,0.9775931211304919,2025-01-01,2025-01-02,2025-01-18
3,F4,203468,2959,-0.514,-0.3336095635007677,0.8148837783269424,-0.3336095635007677,-0.3198424667095489,-0.5108802435740409,0.9587329072741432,-0.18474582915234444,0.9775931211304919,2025-01-01,2025-01-02,2025-01-18
3,F4,203500,839,-1.8246,-0.627650430504305,-0.8879324301362547,-0.627650430504305,-0.6017491219892599,-0.7983325724879449,0.9587329072741432,-0.18474582915234444,0.9775931211304919,2025-01-01,2025-01-02,2025-01-18
3,F4,1641824,1886,-0.8142,-0.44049948364888125,-0.2351290108670773,-0.44049948364888125,-0.4223213506114508,-0.6153750942290244,0.9587329072741432,-0.18474582915234444,0.9775931211304919,2025-01-01,2025-01-02,2025-01-18
3,F4,1626168,1922,-0.7994,-0.43624270300965357,-0.8106462346384873,-0.43624270300965357,-0.41824023493357576,-0.6112136947579538,0.9587329072741432,-0.18474582915234444,0.9775931211304919,2025-01-01,2025-01-02,2025-01-18
3,F4,1631103,1086,-1.4484,-0.5856151898734177,2.4297482004595543,-0.5856151898734177,-0.5614485535312411,-0.7572392104021244,0.9587329072741432,-0.18474582915234444,0.9775931211304919,2025-01-01,2025-01-02,2025-01-18
3,F4,1630245,3957,-0.399,-0.284117869353968,1.6072106606640661,-0.284117869353968,-0.2723931508942649,-0.46249750382303534,0.9587329072741432,-0.18474582915234444,0.9775931211304919,2025-01-01,2025-01-02,2025-01-18
3,F4,200768,1868,-0.8471,-0.4562810841983852,3.261320457439095,-0.4562810841983852,-0.437451690387716,-0.6308030783666486,0.9587329072741432,-0.18474582915234444,0.9775931211304919,2025-01-01,2025-01-02,2025-01-18
3,F4,1630574,391,-4.0694,-0.7991639377197388,0.2196296926059534,-0.7991639377197388,-0.7661847653986975,-0.966002997322718,0.9587329072741432,-0.18474582915234444,0.9775931211304919,2025-01-01,2025-01-02,2025-01-18
3,F4,1631223,1112,-1.4511,-0.5949938053097346,0.24091171977696252,-0.5949938053097346,-0.5704401407747074,-0.7664076803383961,0.9587329072741432,-0.18474582915234444,0.9775931211304919,2025-01-01,2025-01-02,2025-01-18
3,F4,1631104,993,-1.6523,-0.6327550713459313,-6.684108863645027,-0.6327550713459313,-0.6066431091439426,-0.8033228342605605,0.9587329072741432,-0.18474582915234444,0.9775931211304919,2025-01-01,2025-01-02,2025-01-18
3,F4,1641783,3120,-0.5312,-0.35113220338983053,-0.5377856729844076,-0.35113220338983053,-0.336641998193508,-0.5280102557936356,0.9587329072741432,-0.18474582915234444,0.9775931211304919,2025-01-01,2025-01-02,2025-01-18
3,F4,1627752,3263,-0.5185,-0.3479057166358215,0.5173650135689711,-0.3479057166358215,-0.3335486591675554,-0.5248560645374977,0.9587329072741432,-0.18474582915234444,0.9775931211304919,2025-01-01,2025-01-02,2025-01-18
3,F4,1630591,3936,-0.4304,-0.306006936416185,-1.8869103764070791,-0.306006936416185,-0.2933789197963429,-0.4838961052110227,0.9587329072741432,-0.18474582915234444,0.9775931211304919,2025-01-01,2025-01-02,2025-01-18
3,F4,1630811,1064,-1.6493,-0.6587294294294294,9.911875346250971,-0.6587294294294294,-0.6315455809839143,-0.8287151880487684,0.9587329072741432,-0.18474582915234444,0.9775931211304919,2025-01-01,2025-01-02,2025-01-18
3,F4,1629028,2917,-0.6036,-0.3897943767987603,-2.7220965023357033,-0.3897943767987603,-0.37370869610738827,-0.5658061305661595,0.9587329072741432,-0.18474582915234444,0.9775931211304919,2025-01-01,2025-01-02,2025-01-18
3,F4,202685,2427,-0.7308,-0.44043993046933205,-2.669064064249735,-0.44043993046933205,-0.4222642550184842,-0.6153168754503556,0.9587329072741432,-0.18474582915234444,0.9775931211304919,2025-01-01,2025-01-02,2025-01-18
3,F4,1630533,1839,-1.0062,-0.5380639139284676,-0.45305181612821505,-0.5380639139284676,-0.5158595804999441,-0.7107534101373634,0.9587329072741432,-0.18474582915234444,0.9775931211304919,2025-01-01,2025-01-02,2025-01-18
3,F4,1630249,1192,-1.5541,-0.6634982808022922,0.905137202323486,-0.6634982808022922,-0.6361176357249775,-0.8333771843465729,0.9587329072741432,-0.18474582915234444,0.9775931211304919,2025-01-01,2025-01-02,2025-01-18
3,F4,1641757,1149,-1.6493,-0.6893582029829028,1.1412200185142916,-0.6893582029829028,-0.6609103940990774,-0.8586576663833076,0.9587329072741432,-0.18474582915234444,0.9775931211304919,2025-01-01,2025-01-02,2025-01-18
3,F4,203992,1473,-1.2985,-0.6224179954441914,-1.0840511839571618,-0.6224179954441914,-0.596732614311954,-0.7932173799664157,0.9587329072741432,-0.18474582915234444,0.9775931211304919,2025-01-01,2025-01-02,2025-01-18
3,F4,1629651,2793,-0.6905,-0.43900899157750967,-1.2136842883925572,-0.43900899157750967,-0.4208923668145957,-0.613917999432952,0.9587329072741432,-0.18474582915234444,0.9775931211304919,2025-01-01,2025-01-02,2025-01-18
3,F4,1641794,864,-2.2759,-0.7980428571428572,-12.904697113411984,-0.7980428571428572,-0.7651099485579351,-0.9649070366625254,0.9587329072741432,-0.18474582915234444,0.9775931211304919,2025-01-01,2025-01-02,2025-01-18
3,F4,1642266,1758,-1.146,-0.599960690887433,-2.320019156184098,-0.599960690887433,-0.5752020574247122,-0.7712632735125964,0.9587329072741432,-0.18474582915234444,0.9775931211304919,2025-01-01,2025-01-02,2025-01-18
3,F4,202699,3938,-0.5191,-0.36912527988443483,1.4953561495862033,-0.36912527988443483,-0.353892552731986,-0.5456001636027354,0.9587329072741432,-0.18474582915234444,0.9775931211304919,2025-01-01,2025-01-02,2025-01-18
3,F4,202331,2710,-0.766,-0.4816380510440835,0.0706146365315706,-0.4816380510440835,-0.4617622489313464,-0.6555918747277372,0.9587329072741432,-0.18474582915234444,0.9775931211304919,2025-01-01,2025-01-02,2025-01-18
3,F4,203924,3886,-0.5354,-0.3792497994896099,-6.242453606134027,-0.3792497994896099,-0.3635992628478096,-0.5554978243235054,0.9587329072741432,-0.18474582915234444,0.9775931211304919,2025-01-01,2025-01-02,2025-01-18
3,F4,1630166,3565,-0.6092,-0.42048363988383347,0.9031608498715804,-0.42048363988383347,-0.40313150252704155,-0.595807743050691,0.9587329072741432,-0.18474582915234444,0.9775931211304919,2025-01-01,2025-01-02,2025-01-18
3,F4,201935,4472,-0.4943,-0.3640496706192359,0.249102367064744,-0.3640496706192359,-0.34902639910497424,-0.5406382828995309,0.9587329072741432,-0.18474582915234444,0.9775931211304919,2025-01-01,2025-01-02,2025-01-18
3,F4,1626156,3307,-0.6764,-0.4558497656409211,0.4554106891883694,-0.4558497656409211,-0.4370381710931571,-0.6303814243118557,0.9587329072741432,-0.18474582915234444,0.9775931211304919,2025-01-01,2025-01-02,2025-01-18
3,F4,1642270,1610,-1.4061,-0.7052401869158877,0.534919737492394,-0.7052401869158877,-0.6761369747284292,-0.8741837846260987,0.9587329072741432,-0.18474582915234444,0.9775931211304919,2025-01-01,2025-01-02,2025-01-18
3,F4,1631200,1408,-1.6309,-0.7634000000000001,-2.3726364958562804,-0.7634000000000001,-0.7318967014130809,-0.931040417823362,0.9587329072741432,-0.18474582915234444,0.9775931211304919,2025-01-01,2025-01-02,2025-01-18
3,F4,1642263,1497,-1.5359,-0.7424095253471101,-3.771223763880524,-0.7424095253471101,-0.7117724426240516,-0.9105202741934328,0.9587329072741432,-0.18474582915234444,0.9775931211304919,2025-01-01,2025-01-02,2025-01-18
3,F4,1641716,2540,-0.9134,-0.5603951690821255,2.554960218521066,-0.5603951690821255,-0.5372692896764912,-0.7325842915617893,0.9587329072741432,-0.18474582915234444,0.9775931211304919,2025-01-01,2025-01-02,2025-01-18
3,F4,1630208,1581,-1.4794,-0.735281798176674,2.255627488282587,-0.735281798176674,-0.7049388560316825,-0.9035522571423196,0.9587329072741432,-0.18474582915234444,0.9775931211304919,2025-01-01,2025-01-02,2025-01-18
3,F4,1642367,2279,-1.0299,-0.6050894818252127,2.0657698307874046,-0.6050894818252127,-0.580119198071291,-0.7762771442530862,0.9587329072741432,-0.18474582915234444,0.9775931211304919,2025-01-01,2025-01-02,2025-01-18
3,F4,203471,3874,-0.628,-0.4444413591523566,-0.5427604462233789,-0.4444413591523566,-0.4261005563730105,-0.6192286446055746,0.9587329072741432,-0.18474582915234444,0.9775931211304919,2025-01-01,2025-01-02,2025-01-18
3,F4,203486,2191,-1.1462,-0.6624437351622264,-0.2483522242569411,-0.6624437351622264,-0.6351066081176239,-0.8323462677829263,0.9587329072741432,-0.18474582915234444,0.9775931211304919,2025-01-01,2025-01-02,2025-01-18
3,F4,1626167,4122,-0.6135,-0.44195159035302345,3.315065755340137,-0.44195159035302345,-0.42371353309358534,-0.6167946637541413,0.9587329072741432,-0.18474582915234444,0.9775931211304919,2025-01-01,2025-01-02,2025-01-18
3,F4,1628467,1790,-1.4727,-0.7776203539823009,-2.026258370354417,-0.7776203539823009,-0.7455302227289997,-0.9449421380565,0.9587329072741432,-0.18474582915234444,0.9775931211304919,2025-01-01,2025-01-02,2025-01-18
3,F4,1630172,2796,-0.946,-0.6016869881710646,-3.2268372470638793,-0.6016869881710646,-0.5768571154382678,-0.7729508898621009,0.9587329072741432,-0.18474582915234444,0.9775931211304919,2025-01-01,2025-01-02,2025-01-18
3,F4,1642354,537,-4.9362,-1.2404021525503044,-0.39767241747441245,-1.2404021525503044,-1.1892143619036586,-1.397354440920977,0.9587329072741432,-0.18474582915234444,0.9775931211304919,2025-01-01,2025-01-02,2025-01-18
3,F4,1630526,2353,-1.1317,-0.6736377687832026,-0.35761868150858545,-0.6736377687832026,-0.6458386965151869,-0.8432894780484961,0.9587329072741432,-0.18474582915234444,0.9775931211304919,2025-01-01,2025-01-02,2025-01-18
3,F4,203501,3346,-0.8071,-0.5460082086534573,1.42065352061692,-0.5460082086534573,-0.5234760372778762,-0.7185196980127466,0.9587329072741432,-0.18474582915234444,0.9775931211304919,2025-01-01,2025-01-02,2025-01-18
3,F4,1629750,2711,-1.003,-0.6307429830665738,1.1307601393891669,-0.6307429830665738,-0.604714053898182,-0.8013558305995534,0.9587329072741432,-0.18474582915234444,0.9775931211304919,2025-01-01,2025-01-02,2025-01-18
3,F4,1630182,3527,-0.7758,-0.5336935049736689,0.5558116208013919,-0.5336935049736689,-0.511669525616733,-0.7064809284066251,0.9587329072741432,-0.18474582915234444,0.9775931211304919,2025-01-01,2025-01-02,2025-01-18
3,F4,1630557,2830,-0.9717,-0.6207474040632055,-0.6174170030749272,-0.6207474040632055,-0.5951309633803943,-0.7915842213241442,0.9587329072741432,-0.18474582915234444,0.9775931211304919,2025-01-01,2025-01-02,2025-01-18
3,F4,1630702,1572,-1.8056,-0.8948307692307692,0.16939049052338792,-0.8948307692307692,-0.8579037049029733,-1.059526233728251,0.9587329072741432,-0.18474582915234444,0.9775931211304919,2025-01-01,2025-01-02,2025-01-18
3,F4,1629632,4548,-0.6254,-0.46264137931034477,0.9698046941952793,-0.46264137931034477,-0.4435495146115265,-0.6370208591164601,0.9587329072741432,-0.18474582915234444,0.9775931211304919,2025-01-01,2025-01-02,2025-01-18
3,F4,1630592,3344,-0.859,-0.5810064724919093,-1.703443576558509,-0.5810064724919093,-0.5570300245172627,-0.7527337599927273,0.9587329072741432,-0.18474582915234444,0.9775931211304919,2025-01-01,2025-01-02,2025-01-18
3,F4,1629628,3772,-0.7728,-0.5426287416232316,-2.10591605945221,-0.5426287416232316,-0.5202360310269507,-0.7152159542909107,0.9587329072741432,-0.18474582915234444,0.9775931211304919,2025-01-01,2025-01-02,2025-01-18
3,F4,1629216,2365,-1.304,-0.7777957124842371,-1.0484479053287588,-0.7777957124842371,-0.7456983446953762,-0.9451135673217244,0.9587329072741432,-0.18474582915234444,0.9775931211304919,2025-01-01,2025-01-02,2025-01-18
3,F4,1630567,3080,-1.0205,-0.671611111111111,-2.2301023483891753,-0.671611111111111,-0.6438956731131731,-0.8413082314493732,0.9587329072741432,-0.18474582915234444,0.9775931211304919,2025-01-01,2025-01-02,2025-01-18
3,F4,1641710,3220,-0.9806,-0.6550896265560165,-1.8078395477837694,-0.6550896265560165,-0.6280559821931825,-0.8251569417974491,0.9587329072741432,-0.18474582915234444,0.9775931211304919,2025-01-01,2025-01-02,2025-01-18
3,F4,1642275,2154,-1.5057,-0.8639525306339905,-2.109693882739082,-0.8639525306339905,-0.8282997214415789,-1.0293398800834141,0.9587329072741432,-0.18474582915234444,0.9775931211304919,2025-01-01,2025-01-02,2025-01-18
3,F4,1642274,3607,-0.9142,-0.63328584597657,-1.066006648462141,-0.63328584597657,-0.6071519802486822,-0.8038417158883435,0.9587329072741432,-0.18474582915234444,0.9775931211304919,2025-01-01,2025-01-02,2025-01-18
3,F4,1629014,3675,-0.9235,-0.6433862559241705,0.3858652181915512,-0.6433862559241705,-0.616835575642406,-0.8137158071737158,0.9587329072741432,-0.18474582915234444,0.9775931211304919,2025-01-01,2025-01-02,2025-01-18
3,F4,1628464,1499,-2.3646,-1.143767473378509,0.661523052675498,-1.143767473378509,-1.0965675149977792,-1.302885043299978,0.9587329072741432,-0.18474582915234444,0.9775931211304919,2025-01-01,2025-01-02,2025-01-18
3,F4,1641722,1897,-1.8802,-1.0199426365456106,-1.7740558937804012,-1.0199426365456106,-0.9778525691882279,-1.1818347345870308,0.9587329072741432,-0.18474582915234444,0.9775931211304919,2025-01-01,2025-01-02,2025-01-18
3,F4,2544,4172,-0.8556,-0.6184274428274429,1.1029964105905044,-0.6184274428274429,-0.5929067402000683,-0.7893162431787732,0.9587329072741432,-0.18474582915234444,0.9775931211304919,2025-01-01,2025-01-02,2025-01-18
3,F4,1641748,2146,-1.767,-1.0122749599572878,-1.559934608045496,-1.0122749599572878,-0.9705013153206674,-1.1743388666992332,0.9587329072741432,-0.18474582915234444,0.9775931211304919,2025-01-01,2025-01-02,2025-01-18
3,F4,203110,3373,-1.216,-0.8247673436557409,-2.1210985770936843,-0.8247673436557409,-0.7907315932078408,-0.9910327108432653,0.9587329072741432,-0.18474582915234444,0.9775931211304919,2025-01-01,2025-01-02,2025-01-18
3,F4,1631099,4624,-0.8965,-0.6660372750642674,0.9044958910921457,-0.6660372750642674,-0.6385518530753133,-0.8358592876716695,0.9587329072741432,-0.18474582915234444,0.9775931211304919,2025-01-01,2025-01-02,2025-01-18
3,F4,203995,1777,-2.4449,-1.2865227420787682,-2.6618434920414544,-1.2865227420787682,-1.23343168878748,-1.4424416119864862,0.9587329072741432,-0.18474582915234444,0.9775931211304919,2025-01-01,2025-01-02,2025-01-18
3,F4,1642258,3407,-1.2767,-0.8687271619732374,-1.6519651328009182,-0.8687271619732374,-0.8328773176266174,-1.034007526836596,0.9587329072741432,-0.18474582915234444,0.9775931211304919,2025-01-01,2025-01-02,2025-01-18
3,F4,1628398,1618,-2.7181,-1.3666518955873215,-2.394183303062123,-1.3666518955873215,-1.3102541450881515,-1.5207753212584572,0.9587329072741432,-0.18474582915234444,0.9775931211304919,2025-01-01,2025-01-02,2025-01-18
3,F4,203994,2308,-1.9362,-1.1434876151484135,-2.828693555572503,-1.1434876151484135,-1.096299205703215,-1.3026114558193447,0.9587329072741432,-0.18474582915234444,0.9775931211304919,2025-01-01,2025-01-02,2025-01-18
3,F4,1626179,2967,-1.5069,-0.9789735712721698,-1.5098218385534494,-0.9789735712721698,-0.938574178130318,-1.141783658196569,0.9587329072741432,-0.18474582915234444,0.9775931211304919,2025-01-01,2025-01-02,2025-01-18
3,F4,201566,3770,-1.1912,-0.8362800744878958,-0.5565512727133964,-0.8362800744878958,-0.8017692271092173,-1.0022874773102066,0.9587329072741432,-0.18474582915234444,0.9775931211304919,2025-01-01,2025-01-02,2025-01-18
3,F4,1630553,2527,-1.7885,-1.0951149745577902,-1.1343148559658667,-1.0951149745577902,-1.0499227633572394,-1.2553226951270338,0.9587329072741432,-0.18474582915234444,0.9775931211304919,2025-01-01,2025-01-02,2025-01-18
3,F4,1630175,1543,-2.9677,-1.4569395800190899,0.018781247885719863,-1.4569395800190899,-1.3968159192744711,-1.6090399404817546,0.9587329072741432,-0.18474582915234444,0.9775931211304919,2025-01-01,2025-01-02,2025-01-18
3,F4,1628997,3148,-1.4827,-0.9830538331929233,-0.2763414522664899,-0.9830538331929233,-0.942486059504042,-1.1457724941827083,0.9587329072741432,-0.18474582915234444,0.9775931211304919,2025-01-01,2025-01-02,2025-01-18
3,F4,1630595,4294,-1.0906,-0.7945429928741092,-0.39416471359530875,-0.7945429928741092,-0.7617545135124936,-0.9614855934285071,0.9587329072741432,-0.18474582915234444,0.9775931211304919,2025-01-01,2025-01-02,2025-01-18
3,F4,1642262,1522,-3.1348,-1.5282401024983985,-2.9762873848477054,-1.5282401024983985,-1.4651740764812242,-1.6787428407905367,0.9587329072741432,-0.18474582915234444,0.9775931211304919,2025-01-01,2025-01-02,2025-01-18
3,F4,1628389,4194,-1.2296,-0.8900487400759407,-0.8898222138692452,-0.8900487400759407,-0.8533190161886948,-1.0548513549214453,0.9587329072741432,-0.18474582915234444,0.9775931211304919,2025-01-01,2025-01-02,2025-01-18
3,F4,1641739,3971,-1.352,-0.9637034643690541,-0.445879168235741,-0.9637034643690541,-0.9239342241447068,-1.1268557067291558,0.9587329072741432,-0.18474582915234444,0.9775931211304919,2025-01-01,2025-01-02,2025-01-18
3,F4,1629645,2363,-2.5024,-1.4920946757506939,0.29194630922236103,-1.4920946757506939,-1.4305202664107328,-1.6434073202416546,0.9587329072741432,-0.18474582915234444,0.9775931211304919,2025-01-01,2025-01-02,2025-01-18
3,F4,1642347,1919,-3.0839,-1.6817289286729182,0.24201152939711132,-1.6817289286729182,-1.6123288650336172,-1.828792461429141,0.9587329072741432,-0.18474582915234444,0.9775931211304919,2025-01-01,2025-01-02,2025-01-18
3,F4,1642273,2724,-2.1824,-1.374851433857539,-1.3304867929447255,-1.374851433857539,-1.3181153122522629,-1.528791133467868,0.9587329072741432,-0.18474582915234444,0.9775931211304919,2025-01-01,2025-01-02,2025-01-18
3,F4,1642264,3384,-1.8188,-1.2349155698234349,-1.3304387284298238,-1.2349155698234349,-1.1839541944949268,-1.391990795388676,0.9587329072741432,-0.18474582915234444,0.9775931211304919,2025-01-01,2025-01-02,2025-01-18
3,F4,1629027,4886,-1.2913,-0.9727554424915201,-0.39252311975418247,-0.9727554424915201,-0.9326126534466407,-1.1357048582743023,0.9587329072741432,-0.18474582915234444,0.9775931211304919,2025-01-01,2025-01-02,2025-01-18
3,F4,1630703,2668,-2.3753,-1.4848407685098408,0.006077389932842347,-1.4848407685098408,-1.4235657068326126,-1.636315950421678,0.9587329072741432,-0.18474582915234444,0.9775931211304919,2025-01-01,2025-01-02,2025-01-18
3,F4,1642267,3838,-1.8315,-1.292625413755057,-2.459309128590509,-1.292625413755057,-1.239282520945828,-1.4484075418377442,0.9587329072741432,-0.18474582915234444,0.9775931211304919,2025-01-01,2025-01-02,2025-01-18
3,F4,1642259,3243,-2.2441,-1.5027083006400992,-2.337644464673508,-1.5027083006400992,-1.4406958978576694,-1.6537831269237966,0.9587329072741432,-0.18474582915234444,0.9775931211304919,2025-01-01,2025-01-02,2025-01-18
3,F4,1641731,4086,-1.7833,-1.2814920506507212,-3.972805827606256,-1.2814920506507212,-1.2286085993690696,-1.4375236426518976,0.9587329072741432,-0.18474582915234444,0.9775931211304919,2025-01-01,2025-01-02,2025-01-18
3,F4,1630558,3364,-2.1898,-1.4839821112006448,-0.32051553457621207,-1.4839821112006448,-1.422742483814215,-1.6354765329427996,0.9587329072741432,-0.18474582915234444,0.9775931211304919,2025-01-01,2025-01-02,2025-01-18
3,F4,1627732,2640,-2.7998,-1.7432716981132075,-1.5954095190878934,-1.7432716981132075,-1.6713319433008078,-1.8889562494892878,0.9587329072741432,-0.18474582915234444,0.9775931211304919,2025-01-01,2025-01-02,2025-01-18
3,F4,1630581,3513,-2.1825,-1.4995350088010952,-2.342950156100012,-1.4995350088010952,-1.4376535585472319,-1.650680938650647,0.9587329072741432,-0.18474582915234444,0.9775931211304919,2025-01-01,2025-01-02,2025-01-18
3,F4,1641718,3603,-2.3944,-1.6580863348068424,1.1383173325414977,-1.6580863348068424,-1.5896619322808925,-1.8056796242999833,0.9587329072741432,-0.18474582915234444,0.9775931211304919,2025-01-01,2025-01-02,2025-01-18
3,F4,1642268,1747,-5.2263,-2.7279193606214522,-2.862681628676435,-2.7279193606214522,-2.6153460594180267,-2.8515410310945657,0.9587329072741432,-0.18474582915234444,0.9775931211304919,2025-01-01,2025-01-02,2025-01-18
3,F4,1627749,2473,-3.7711,-2.289695629756936,-0.0875426482333532,-2.289695629756936,-2.1952065478897675,-2.423136526285275,0.9587329072741432,-0.18474582915234444,0.9775931211304919,2025-01-01,2025-01-02,2025-01-18
4,F5,1628983,5664,3.9103,3.049000440528634,4.576875077073827,3.049000440528634,2.7984362784308767,2.6964604369602037,0.9178208836026555,-0.13755058447579868,0.9294885575499107,2025-01-18,2025-01-19,2025-02-04
4,F5,203999,5440,3.3682,2.6027,3.642795072050079,2.6027,2.3888124137526314,2.281629284259354,0.9178208836026555,-0.13755058447579868,0.9294885575499107,2025-01-18,2025-01-19,2025-02-04
4,F5,1626181,4415,2.8953,2.125145386533666,3.302514223405355,2.125145386533666,1.9505028164524358,1.8377477354372256,0.9178208836026555,-0.13755058447579868,0.9294885575499107,2025-01-18,2025-01-19,2025-02-04
4,F5,1628369,5843,2.1082,1.6550063952707244,0.16436790625520525,1.6550063952707244,1.5189994320754219,1.4007589226002641,0.9178208836026555,-0.13755058447579868,0.9294885575499107,2025-01-18,2025-01-19,2025-02-04
4,F5,1628991,5282,2.2533,1.7294290322580645,2.867130459541022,1.7294290322580645,1.5873060825151821,1.4699339121026875,0.9178208836026555,-0.13755058447579868,0.9294885575499107,2025-01-18,2025-01-19,2025-02-04
4,F5,1626157,5254,2.1588,1.6548490224686314,-0.1865550707773252,1.6548490224686314,1.5188549920311498,1.4006126463814492,0.9178208836026555,-0.13755058447579868,0.9294885575499107,2025-01-18,2025-01-19,2025-02-04
4,F5,1630202,4712,2.1903,1.6350908745247148,1.7663218980020043,1.6350908745247148,1.5007205512269124,1.3822476739492005,0.9178208836026555,-0.13755058447579868,0.9294885575499107,2025-01-18,2025-01-19,2025-02-04
4,F5,1627783,5927,1.7368,1.3676117443868738,1.6760237800692923,1.3676117443868738,1.2552226196585294,1.1336288831026737,0.9178208836026555,-0.13755058447579868,0.9294885575499107,2025-01-18,2025-01-19,2025-02-04
4,F5,1630596,4798,2.0281,1.5209165051578617,0.6987190803219876,1.5209165051578617,1.3959289306498512,1.2761239040572334,0.9178208836026555,-0.13755058447579868,0.9294885575499107,2025-01-18,2025-01-19,2025-02-04
4,F5,1628378,5084,1.8084,1.3755095152603232,4.079667196806968,1.3755095152603232,1.2624713587000902,1.140969770759696,0.9178208836026555,-0.13755058447579868,0.9294885575499107,2025-01-18,2025-01-19,2025-02-04
4,F5,1630532,3348,2.7241,1.8432269199676636,0.3349299627524847,1.8432269199676636,1.6917521603649222,1.5757077466021097,0.9178208836026555,-0.13755058447579868,0.9294885575499107,2025-01-18,2025-01-19,2025-02-04
4,F5,1628386,5015,1.7668,1.3394560846560846,1.5042511702839443,1.3394560846560846,1.2293807671660009,1.1074585195526363,0.9178208836026555,-0.13755058447579868,0.9294885575499107,2025-01-18,2025-01-19,2025-02-04
4,F5,1630224,5404,1.5854,1.223229811536265,-1.7731771232085296,1.223229811536265,1.1227058664733245,0.9994275286010934,0.9178208836026555,-0.13755058447579868,0.9294885575499107,2025-01-18,2025-01-19,2025-02-04
4,F5,1629636,5070,1.6869,1.2822463268365816,2.7215124366426107,1.2822463268365816,1.1768724566934106,1.054282704279207,0.9178208836026555,-0.13755058447579868,0.9294885575499107,2025-01-18,2025-01-19,2025-02-04
4,F5,1629660,2797,2.8564,1.817000409370025,2.5668722060371842,1.817000409370025,1.667680921234383,1.5513305050971429,0.9178208836026555,-0.13755058447579868,0.9294885575499107,2025-01-18,2025-01-19,2025-02-04
4,F5,202681,4719,1.6376,1.2229521126760563,0.41294793473345603,1.2229521126760563,1.1224509886600722,0.9991694106880846,0.9178208836026555,-0.13755058447579868,0.9294885575499107,2025-01-18,2025-01-19,2025-02-04
4,F5,1628973,5993,1.2625,0.9964654945344396,1.6300966653964526,0.9964654945344396,0.9145768406731564,0.788652690687276,0.9178208836026555,-0.13755058447579868,0.9294885575499107,2025-01-18,2025-01-19,2025-02-04
4,F5,1629639,5637,1.3324,1.0378248998203676,-1.4653127713877834,1.0378248998203676,0.9525373665779672,0.8270957846476154,0.9178208836026555,-0.13755058447579868,0.9294885575499107,2025-01-18,2025-01-19,2025-02-04
4,F5,1631106,2439,3.0686,1.8530119831641496,0.19389496023595318,1.8530119831641496,1.7007330957140288,1.584802850878146,0.9178208836026555,-0.13755058447579868,0.9294885575499107,2025-01-18,2025-01-19,2025-02-04
4,F5,1630583,3888,1.9091,1.3525110787172012,-0.726548635221963,1.3525110787172012,1.2413629133506023,1.1195929871513264,0.9178208836026555,-0.13755058447579868,0.9294885575499107,2025-01-18,2025-01-19,2025-02-04
4,F5,202696,5683,1.2793,0.9982509817382947,0.6338847003901396,0.9982509817382947,0.91621559811626,0.790312280612911,0.9178208836026555,-0.13755058447579868,0.9294885575499107,2025-01-18,2025-01-19,2025-02-04
4,F5,201942,5424,1.2242,0.9453389521640091,0.9603594630979745,0.9453389521640091,0.8676518323791793,0.7411311545668701,0.9178208836026555,-0.13755058447579868,0.9294885575499107,2025-01-18,2025-01-19,2025-02-04
4,F5,201939,4440,1.4882,1.093974834437086,-2.547492641443324,1.093974834437086,1.004072949182115,0.8792865063810307,0.9178208836026555,-0.13755058447579868,0.9294885575499107,2025-01-18,2025-01-19,2025-02-04
4,F5,1629675,4324,1.5275,1.114940918298447,3.9176553050725174,1.114940918298447,1.0233160587974368,0.8987742414267976,0.9178208836026555,-0.13755058447579868,0.9294885575499107,2025-01-18,2025-01-19,2025-02-04
4,F5,1629631,3296,1.975,1.329575163398693,-1.8976552957156059,1.329575163398693,1.2203118512867335,1.0982743163058393,0.9178208836026555,-0.13755058447579868,0.9294885575499107,2025-01-18,2025-01-19,2025-02-04
4,F5,1631128,5471,1.1797,0.912761801725357,2.3394186470661635,0.912761801725357,0.837751843378319,0.710851065996561,0.9178208836026555,-0.13755058447579868,0.9294885575499107,2025-01-18,2025-01-19,2025-02-04
4,F5,203081,4746,1.346,1.0066366214938545,0.33426903877678354,1.0066366214938545,0.9239121134062813,0.7981066368134395,0.9178208836026555,-0.13755058447579868,0.9294885575499107,2025-01-18,2025-01-19,2025-02-04
4,F5,1630162,6145,1.0266,0.8145199483537766,0.4109794805647229,0.8145199483537766,0.7475834187100525,0.6195363874151808,0.9178208836026555,-0.13755058447579868,0.9294885575499107,2025-01-18,2025-01-19,2025-02-04
4,F5,1627734,5802,1.0785,0.8453738178870576,-0.8865577713939895,0.8453738178870576,0.7759017445076495,0.6482147061025033,0.9178208836026555,-0.13755058447579868,0.9294885575499107,2025-01-18,2025-01-19,2025-02-04
4,F5,1627736,5003,1.2207,0.9249071785552021,2.636475526088044,0.9249071785552021,0.8488991238719746,0.7221400547870338,0.9178208836026555,-0.13755058447579868,0.9294885575499107,2025-01-18,2025-01-19,2025-02-04
4,F5,202710,2733,2.2142,1.39658633741057,-0.3363701431456467,1.39658633741057,1.2818161062295657,1.160560435777865,0.9178208836026555,-0.13755058447579868,0.9294885575499107,2025-01-18,2025-01-19,2025-02-04
4,F5,203076,5144,1.1717,0.8937166073546856,3.552270438444661,0.8937166073546856,0.8202717662526451,0.693148775752708,0.9178208836026555,-0.13755058447579868,0.9294885575499107,2025-01-18,2025-01-19,2025-02-04
4,F5,1641717,4457,1.2749,0.9381260194815916,-0.048112255982702676,0.9381260194815916,0.8610316521312363,0.7344268161721852,0.9178208836026555,-0.13755058447579868,0.9294885575499107,2025-01-18,2025-01-19,2025-02-04
4,F5,1628404,6357,0.8252,0.6592681161241675,0.7751282580848129,0.6592681161241675,0.6050900448721415,0.47523158581910074,0.9178208836026555,-0.13755058447579868,0.9294885575499107,2025-01-18,2025-01-19,2025-02-04
4,F5,1629655,3409,1.5293,1.0408032940706728,3.0281479796170863,1.0408032940706728,0.9552709990204994,0.8298641680231464,0.9178208836026555,-0.13755058447579868,0.9294885575499107,2025-01-18,2025-01-19,2025-02-04
4,F5,1627884,3782,1.3737,0.9653164994425864,1.6637952387822041,0.9653164994425864,0.8859876424746169,0.7597000561702201,0.9178208836026555,-0.13755058447579868,0.9294885575499107,2025-01-18,2025-01-19,2025-02-04
4,F5,1631114,5435,0.9537,0.7367959488272922,1.2206148182887362,0.7367959488272922,0.6762467087875222,0.5472928192082989,0.9178208836026555,-0.13755058447579868,0.9294885575499107,2025-01-18,2025-01-19,2025-02-04
4,F5,1628384,6363,0.803,0.6416537737033782,3.6272998229685074,0.6416537737033782,0.5889232335474128,0.45885925609021105,0.9178208836026555,-0.13755058447579868,0.9294885575499107,2025-01-18,2025-01-19,2025-02-04
4,F5,203952,4331,1.1657,0.8512302647108414,-0.05361289089366033,0.8512302647108414,0.7812769137062268,0.6536582064131099,0.9178208836026555,-0.13755058447579868,0.9294885575499107,2025-01-18,2025-01-19,2025-02-04
4,F5,1631165,3530,1.4218,0.9783536062378168,1.6290589221304863,0.9783536062378168,0.8979533713530374,0.7718178977599429,0.9178208836026555,-0.13755058447579868,0.9294885575499107,2025-01-18,2025-01-19,2025-02-04
4,F5,1627826,5279,0.9412,0.7222844599505742,1.85561100999264,0.7222844599505742,0.6629277612443029,0.5338045563443767,0.9178208836026555,-0.13755058447579868,0.9294885575499107,2025-01-18,2025-01-19,2025-02-04
4,F5,1629661,4276,1.1523,0.8385355343771275,-3.690353049656607,0.8385355343771275,0.76962542509424,0.641858599826741,0.9178208836026555,-0.13755058447579868,0.9294885575499107,2025-01-18,2025-01-19,2025-02-04
4,F5,203507,4764,1.0183,0.7622849151477058,2.672320397123343,0.7622849151477058,0.6996410143778425,0.5709845217468984,0.9178208836026555,-0.13755058447579868,0.9294885575499107,2025-01-18,2025-01-19,2025-02-04
4,F5,1628368,5868,0.8099,0.6363809855382967,-0.7709206231301976,0.6363809855382967,0.5840837584546882,0.4539582598243832,0.9178208836026555,-0.13755058447579868,0.9294885575499107,2025-01-18,2025-01-19,2025-02-04
4,F5,1627832,5333,0.8905,0.6849901197172941,0.3495054642123797,0.6849901197172941,0.6286982369380156,0.4991398938361695,0.9178208836026555,-0.13755058447579868,0.9294885575499107,2025-01-18,2025-01-19,2025-02-04
4,F5,1628449,2577,1.8359,1.1326584390711036,3.994260670225646,1.1326584390711036,1.0395775693682447,0.9152424742531349,0.9178208836026555,-0.13755058447579868,0.9294885575499107,2025-01-18,2025-01-19,2025-02-04
4,F5,1628401,5573,0.8456,0.6569815697755472,1.6695912529228143,0.6569815697755472,0.6029914048820524,0.47310626715175064,0.9178208836026555,-0.13755058447579868,0.9294885575499107,2025-01-18,2025-01-19,2025-02-04
4,F5,1629634,3244,1.4347,0.9608106523534269,1.0262936648046168,0.9608106523534269,0.8818520819178661,0.7555119228587768,0.9178208836026555,-0.13755058447579868,0.9294885575499107,2025-01-18,2025-01-19,2025-02-04
4,F5,1629008,5758,0.8038,0.6290133731992389,0.8736571555800762,0.6290133731992389,0.5773216099876123,0.4471101484587655,0.9178208836026555,-0.13755058447579868,0.9294885575499107,2025-01-18,2025-01-19,2025-02-04
4,F5,1629652,4803,0.9555,0.7167369201936592,-0.6322821059948015,0.7167369201936592,0.6578361134027902,0.528648181617771,0.9178208836026555,-0.13755058447579868,0.9294885575499107,2025-01-18,2025-01-19,2025-02-04
4,F5,1629599,4095,1.0985,0.7898784021071115,-0.4557424334915938,0.7898784021071115,0.7249668929606027,0.5966323521385687,0.9178208836026555,-0.13755058447579868,0.9294885575499107,2025-01-18,2025-01-19,2025-02-04
4,F5,1628415,4805,0.9313,0.6986567525370804,0.3681692253804266,0.6986567525370804,0.6412417579485449,0.511842872662397,0.9178208836026555,-0.13755058447579868,0.9294885575499107,2025-01-18,2025-01-19,2025-02-04
4,F5,1630598,3474,1.2729,0.8715125344895546,-0.3620044485079372,0.8715125344895546,0.7998924044759927,0.6725103440935641,0.9178208836026555,-0.13755058447579868,0.9294885575499107,2025-01-18,2025-01-19,2025-02-04
4,F5,1630530,3985,1.1037,0.7875102059086839,2.6729874261776665,0.7875102059086839,0.7227933130332174,0.5944311408700971,0.9178208836026555,-0.13755058447579868,0.9294885575499107,2025-01-18,2025-01-19,2025-02-04
4,F5,1629048,3471,1.2623,0.8640195819365016,0.18483306422277482,0.8640195819365016,0.7930152161429569,0.6655457304332371,0.9178208836026555,-0.13755058447579868,0.9294885575499107,2025-01-18,2025-01-19,2025-02-04
4,F5,1641708,4601,0.9515,0.7059912110949847,0.32044409923504236,0.7059912110949847,0.6479734771829078,0.5186601679677931,0.9178208836026555,-0.13755058447579868,0.9294885575499107,2025-01-18,2025-01-19,2025-02-04
4,F5,1631109,1480,2.9304,1.4081142857142857,0.21592942291019243,1.4081142857142857,1.2923966979278076,1.1712755318181955,0.9178208836026555,-0.13755058447579868,0.9294885575499107,2025-01-18,2025-01-19,2025-02-04
4,F5,1641705,4784,0.8923,0.6686659147869675,0.25221152833591987,0.6686659147869675,0.6137155407447524,0.4839667321423312,0.9178208836026555,-0.13755058447579868,0.9294885575499107,2025-01-18,2025-01-19,2025-02-04
4,F5,1630198,3341,1.2707,0.8592205424003239,6.560957833217365,0.8592205424003239,0.7886105574354181,0.6610850780971301,0.9178208836026555,-0.13755058447579868,0.9294885575499107,2025-01-18,2025-01-19,2025-02-04
4,F5,1630643,2336,1.8164,1.0780260162601627,-0.7715356726687191,1.0780260162601627,0.9894347907905532,0.8644622623791365,0.9178208836026555,-0.13755058447579868,0.9294885575499107,2025-01-18,2025-01-19,2025-02-04
4,F5,1628436,2389,1.7378,1.0407631486588118,3.0092357279391613,1.0407631486588118,0.9552341527231125,0.8298268533221835,0.9178208836026555,-0.13755058447579868,0.9294885575499107,2025-01-18,2025-01-19,2025-02-04
4,F5,1626166,2222,1.8495,1.07524568288854,0.7613513319723016,1.07524568288854,0.9868829427587004,0.8618779743240389,0.9178208836026555,-0.13755058447579868,0.9294885575499107,2025-01-18,2025-01-19,2025-02-04
4,F5,1628374,4121,0.9954,0.7170151022548505,-1.6521623591979735,0.7170151022548505,0.6580914347079952,0.528906748660564,0.9178208836026555,-0.13755058447579868,0.9294885575499107,2025-01-18,2025-01-19,2025-02-04
4,F5,203897,5441,0.7437,0.5747012782275245,0.7126454428489224,0.5747012782275245,0.527472834990362,0.39662767764599294,0.9178208836026555,-0.13755058447579868,0.9294885575499107,2025-01-18,2025-01-19,2025-02-04
4,F5,1627747,3569,1.0895,0.7522587541110466,-5.539075053752417,0.7522587541110466,0.6904387943960335,0.5616653197871709,0.9178208836026555,-0.13755058447579868,0.9294885575499107,2025-01-18,2025-01-19,2025-02-04
4,F5,1630217,4248,0.9075,0.6592099863201094,1.1541853694313848,0.6592099863201094,0.6050366921240172,0.47517755483137614,0.9178208836026555,-0.13755058447579868,0.9294885575499107,2025-01-18,2025-01-19,2025-02-04
4,F5,201142,4593,0.8197,0.6079254157920233,1.2292725182512274,0.6079254157920233,0.5579666422867465,0.42750913334665874,0.9178208836026555,-0.13755058447579868,0.9294885575499107,2025-01-18,2025-01-19,2025-02-04
4,F5,1642377,4629,0.789,0.5863350457537325,0.699654585843446,0.5863350457537325,0.5381505497808942,0.40744113144279903,0.9178208836026555,-0.13755058447579868,0.9294885575499107,2025-01-18,2025-01-19,2025-02-04
4,F5,1631260,3341,1.0874,0.7352769479862376,-3.2437912460033607,0.7352769479862376,0.6748525380933923,0.5458809253076299,0.9178208836026555,-0.13755058447579868,0.9294885575499107,2025-01-18,2025-01-19,2025-02-04
4,F5,203932,2262,1.5949,0.934143915069912,-0.6065228187723247,0.934143915069912,0.8573767935415105,0.7307254956865601,0.9178208836026555,-0.13755058447579868,0.9294885575499107,2025-01-18,2025-01-19,2025-02-04
4,F5,1630167,3278,1.0657,0.7161469044690447,-1.6278330143893116,0.7161469044690447,0.6572945846490851,0.5280997687529674,0.9178208836026555,-0.13755058447579868,0.9294885575499107,2025-01-18,2025-01-19,2025-02-04
4,F5,1630700,5186,0.6588,0.5034684350132627,0.44497711013682456,0.5034684350132627,0.46209384388991886,0.3304175649565898,0.9178208836026555,-0.13755058447579868,0.9294885575499107,2025-01-18,2025-01-19,2025-02-04
4,F5,1629018,3487,0.9721,0.6663480833497148,-0.964672806525233,0.6663480833497148,0.6115881866469712,0.48181233434307535,0.9178208836026555,-0.13755058447579868,0.9294885575499107,2025-01-18,2025-01-19,2025-02-04
4,F5,204001,2153,1.5641,0.8972841193711697,2.1656229978954658,0.8972841193711697,0.8235461032838776,0.6964647373509517,0.9178208836026555,-0.13755058447579868,0.9294885575499107,2025-01-18,2025-01-19,2025-02-04
4,F5,1629026,1713,1.9222,0.993881255659523,1.3506479029531848,0.993881255659523,0.9122049722655401,0.7862506702230653,0.9178208836026555,-0.13755058447579868,0.9294885575499107,2025-01-18,2025-01-19,2025-02-04
4,F5,1629656,3698,0.8803,0.6144487353718384,-1.587332119349578,0.6144487353718384,0.563953881227515,0.43357248425333816,0.9178208836026555,-0.13755058447579868,0.9294885575499107,2025-01-18,2025-01-19,2025-02-04
4,F5,1630178,4897,0.6406,0.4828410343235339,2.256771473075019,0.4828410343235339,0.443161584762446,0.31124463204348973,0.9178208836026555,-0.13755058447579868,0.9294885575499107,2025-01-18,2025-01-19,2025-02-04
4,F5,203497,5604,0.5431,0.42247812326485285,1.9987498811835922,0.42247812326485285,0.38775924439773884,0.2551379969140427,0.9178208836026555,-0.13755058447579868,0.9294885575499107,2025-01-18,2025-01-19,2025-02-04
4,F5,1627936,1769,1.7024,0.8938989611160582,1.0712262537964343,0.8938989611160582,0.8204391343430363,0.6933182714873298,0.9178208836026555,-0.13755058447579868,0.9294885575499107,2025-01-18,2025-01-19,2025-02-04
4,F5,1626164,5462,0.5247,0.4058214953271029,1.073374900059227,0.4058214953271029,0.37247144342607247,0.23965585183853796,0.9178208836026555,-0.13755058447579868,0.9294885575499107,2025-01-18,2025-01-19,2025-02-04
4,F5,1630578,5118,0.5538,0.4219036022625781,-1.06670539012283,0.4219036022625781,0.3872319370237827,0.25460398621635627,0.9178208836026555,-0.13755058447579868,0.9294885575499107,2025-01-18,2025-01-19,2025-02-04
4,F5,201950,4597,0.6121,0.4540622397934484,-1.2010118333178035,0.4540622397934484,0.41674780613782364,0.2844950718276953,0.9178208836026555,-0.13755058447579868,0.9294885575499107,2025-01-18,2025-01-19,2025-02-04
4,F5,1641715,1520,1.8379,0.8953871794871795,-0.18926169507791646,0.8953871794871795,0.8218050522434125,0.6947015534344227,0.9178208836026555,-0.13755058447579868,0.9294885575499107,2025-01-18,2025-01-19,2025-02-04
4,F5,1628379,2735,0.9969,0.6289553633217994,1.8908933488661157,0.6289553633217994,0.5772683673106431,0.4470562289414606,0.9178208836026555,-0.13755058447579868,0.9294885575499107,2025-01-18,2025-01-19,2025-02-04
4,F5,1628381,3398,0.7926,0.538866506602641,2.0297625825511156,0.538866506602641,0.49458293323391217,0.3633196674582495,0.9178208836026555,-0.13755058447579868,0.9294885575499107,2025-01-18,2025-01-19,2025-02-04
4,F5,203084,4671,0.5753,0.42851639291978955,-0.026311363606763276,0.42851639291978955,0.39330129438786393,0.2607504994657073,0.9178208836026555,-0.13755058447579868,0.9294885575499107,2025-01-18,2025-01-19,2025-02-04
4,F5,202692,1454,1.8173,0.8652109364767517,-3.85773571470766,0.8652109364767517,0.7941086662197733,0.6666530808463846,0.9178208836026555,-0.13755058447579868,0.9294885575499107,2025-01-18,2025-01-19,2025-02-04
4,F5,1630183,5071,0.5171,0.39307661520011994,1.8016258036207404,0.39307661520011994,0.36077392628651506,0.22780963159316212,0.9178208836026555,-0.13755058447579868,0.9294885575499107,2025-01-18,2025-01-19,2025-02-04
4,F5,1627741,3868,0.674,0.47677980980248724,-1.3240988737238641,0.47677980980248724,0.43759846631682486,0.3056107932064359,0.9178208836026555,-0.13755058447579868,0.9294885575499107,2025-01-18,2025-01-19,2025-02-04
4,F5,1630573,2761,0.9373,0.593415569823435,3.657946002195313,0.593415569823435,0.5446492026389184,0.4140223975470442,0.9178208836026555,-0.13755058447579868,0.9294885575499107,2025-01-18,2025-01-19,2025-02-04
4,F5,1630194,998,2.5062,0.9627357967667437,2.0801912951229182,0.9627357967667437,0.8836190196643592,0.7573013225625859,0.9178208836026555,-0.13755058447579868,0.9294885575499107,2025-01-18,2025-01-19,2025-02-04
4,F5,1627759,5142,0.4852,0.37005315929991106,0.9324925932053559,0.37005315929991106,0.3396425176485986,0.20640959277866297,0.9178208836026555,-0.13755058447579868,0.9294885575499107,2025-01-18,2025-01-19,2025-02-04
4,F5,1629659,1778,1.3946,0.7340434576672588,-4.440075388075837,0.7340434576672588,0.6737204149189119,0.5447344101702906,0.9178208836026555,-0.13755058447579868,0.9294885575499107,2025-01-18,2025-01-19,2025-02-04
4,F5,1629060,4332,0.5415,0.39544470667565745,2.980009223977962,0.39544470667565745,0.36294741009704484,0.2300107455229057,0.9178208836026555,-0.13755058447579868,0.9294885575499107,2025-01-18,2025-01-19,2025-02-04
4,F5,203484,4925,0.4685,0.3536187739463602,-1.762835858563564,0.3536187739463602,0.324558695561936,0.1911340196421716,0.9178208836026555,-0.13755058447579868,0.9294885575499107,2025-01-18,2025-01-19,2025-02-04
4,F5,1628969,6762,0.3337,0.2698492465917245,0.7249417949544656,0.2698492465917245,0.24767327394632743,0.11327120249467346,0.9178208836026555,-0.13755058447579868,0.9294885575499107,2025-01-18,2025-01-19,2025-02-04
4,F5,1628418,1379,1.6314,0.7551865055387714,-0.10898403179689516,0.7551865055387714,0.6931259457983968,0.5643866312385916,0.9178208836026555,-0.13755058447579868,0.9294885575499107,2025-01-18,2025-01-19,2025-02-04
4,F5,1641744,2508,0.857,0.5232122687439142,1.0742787390804145,0.5232122687439142,0.48021514681028943,0.34876923249139835,0.9178208836026555,-0.13755058447579868,0.9294885575499107,2025-01-18,2025-01-19,2025-02-04
4,F5,1628988,1340,1.5731,0.716991156462585,-0.758868453840007,0.716991156462585,0.6580694567597796,0.5288844913206517,0.9178208836026555,-0.13755058447579868,0.9294885575499107,2025-01-18,2025-01-19,2025-02-04
4,F5,1631222,3840,0.5441,0.38407058823529416,-0.3651542429055541,0.38407058823529416,0.35250800665990933,0.21943863258037058,0.9178208836026555,-0.13755058447579868,0.9294885575499107,2025-01-18,2025-01-19,2025-02-04
4,F5,1630169,5975,0.3411,0.26905247524752474,0.08447009348791643,0.26905247524752474,0.24694198056716474,0.11253061264725614,0.9178208836026555,-0.13755058447579868,0.9294885575499107,2025-01-18,2025-01-19,2025-02-04
4,F5,1629012,4610,0.4399,0.32656022544283414,1.1131616466281078,0.32656022544283414,0.2997237946654244,0.16598340842423484,0.9178208836026555,-0.13755058447579868,0.9294885575499107,2025-01-18,2025-01-19,2025-02-04
4,F5,1626204,1272,1.5659,0.6935323119777159,-3.882410137625698,0.6935323119777159,0.6365384393863798,0.5070797637986231,0.9178208836026555,-0.13755058447579868,0.9294885575499107,2025-01-18,2025-01-19,2025-02-04
4,F5,1629731,3046,0.6502,0.42628265174343527,0.507004917433849,0.42628265174343527,0.3912511200876428,0.25867426260175785,0.9178208836026555,-0.13755058447579868,0.9294885575499107,2025-01-18,2025-01-19,2025-02-04
4,F5,1630577,4406,0.4345,0.31874908424908427,-0.9217139945563215,0.31874908424908427,0.29255456615303177,0.1587230420632376,0.9178208836026555,-0.13755058447579868,0.9294885575499107,2025-01-18,2025-01-19,2025-02-04
4,F5,1630534,4714,0.4021,0.300205796642382,1.8407535848419194,0.300205796642382,0.27553514953695013,0.1414872684134508,0.9178208836026555,-0.13755058447579868,0.9294885575499107,2025-01-18,2025-01-19,2025-02-04
4,F5,1629023,4695,0.3979,0.29676576648133435,1.43216661098489,0.29676576648133435,0.2723778180149176,0.1382897997411304,0.9178208836026555,-0.13755058447579868,0.9294885575499107,2025-01-18,2025-01-19,2025-02-04
4,F5,201572,5142,0.3595,0.27418407000889944,-1.2018482264827732,0.27418407000889944,0.2516518654053404,0.117300371259937,0.9178208836026555,-0.13755058447579868,0.9294885575499107,2025-01-18,2025-01-19,2025-02-04
4,F5,1626220,3627,0.5044,0.35000168356609906,-1.0170375151614588,0.35000168356609906,0.32123885447305406,0.18777197552209499,0.9178208836026555,-0.13755058447579868,0.9294885575499107,2025-01-18,2025-01-19,2025-02-04
4,F5,1627750,5200,0.3489,0.26680588235294117,0.2729341706965804,0.26680588235294117,0.2448800106915626,0.11044243025826778,0.9178208836026555,-0.13755058447579868,0.9294885575499107,2025-01-18,2025-01-19,2025-02-04
4,F5,1630552,5037,0.3595,0.27283433780322436,-2.3131783995298134,0.27283433780322436,0.25041305299970074,0.1160458106190054,0.9178208836026555,-0.13755058447579868,0.9294885575499107,2025-01-18,2025-01-19,2025-02-04
4,F5,1642276,1332,1.3304,0.6043972714870396,1.0046626094756856,0.6043972714870396,0.5547284377632687,0.42422976358579145,0.9178208836026555,-0.13755058447579868,0.9294885575499107,2025-01-18,2025-01-19,2025-02-04
4,F5,1630540,3199,0.5497,0.3664284851010627,0.795292249337053,0.3664284851010627,0.3363157159726398,0.203040499585987,0.9178208836026555,-0.13755058447579868,0.9294885575499107,2025-01-18,2025-01-19,2025-02-04
4,F5,1631117,3970,0.4375,0.31182675044883307,1.3954364350749153,0.31182675044883307,0.2862011036278927,0.15228881200436314,0.9178208836026555,-0.13755058447579868,0.9294885575499107,2025-01-18,2025-01-19,2025-02-04
4,F5,1630168,3567,0.4818,0.3326070447067931,0.07952999266858331,0.3326070447067931,0.30527369166525675,0.17160385773965706,0.9178208836026555,-0.13755058447579868,0.9294885575499107,2025-01-18,2025-01-19,2025-02-04
4,F5,1630551,2039,0.8203,0.4596294861225612,1.6693075917772808,0.4596294861225612,0.4218575410828436,0.2896697635876674,0.9178208836026555,-0.13755058447579868,0.9294885575499107,2025-01-18,2025-01-19,2025-02-04
4,F5,201143,3665,0.4498,0.31310864197530863,-0.4204631171483474,0.31310864197530863,0.2873776504414053,0.15348031551024235,0.9178208836026555,-0.13755058447579868,0.9294885575499107,2025-01-18,2025-01-19,2025-02-04
4,F5,203114,1617,0.9982,0.5017374572583152,0.3411297369903399,0.5017374572583152,0.46050511635737645,0.3288086409399926,0.9178208836026555,-0.13755058447579868,0.9294885575499107,2025-01-18,2025-01-19,2025-02-04
4,F5,1630174,642,2.4824,0.7108388938447815,2.1113011122790395,0.7108388938447815,0.6524227816477516,0.5231660336143613,0.9178208836026555,-0.13755058447579868,0.9294885575499107,2025-01-18,2025-01-19,2025-02-04
4,F5,1631157,1211,1.3132,0.5657364638918534,-1.9918224956132138,0.5657364638918534,0.5192447411754627,0.38829498530042716,0.9178208836026555,-0.13755058447579868,0.9294885575499107,2025-01-18,2025-01-19,2025-02-04
4,F5,1627751,4887,0.3051,0.22984795745336825,1.014125356826743,0.22984795745336825,0.210959255404116,0.0760904619533258,0.9178208836026555,-0.13755058447579868,0.9294885575499107,2025-01-18,2025-01-19,2025-02-04
4,F5,1630163,3824,0.3881,0.27361622418879056,0.7065642844208453,0.27361622418879056,0.251130684652978,0.11677256506769321,0.9178208836026555,-0.13755058447579868,0.9294885575499107,2025-01-18,2025-01-19,2025-02-04
4,F5,1630631,1792,0.8263,0.4365358490566038,-1.2679177517371443,0.4365358490566038,0.40066171870536754,0.2682044921826495,0.9178208836026555,-0.13755058447579868,0.9294885575499107,2025-01-18,2025-01-19,2025-02-04
4,F5,1627777,3473,0.426,0.2916416321703134,0.27667583804463675,0.2916416321703134,0.26767478053387767,0.13352697553168755,0.9178208836026555,-0.13755058447579868,0.9294885575499107,2025-01-18,2025-01-19,2025-02-04
4,F5,1631218,3474,0.41,0.2807134410721324,-1.6771014409894913,0.2807134410721324,0.2576446585239665,0.12336934695120952,0.9178208836026555,-0.13755058447579868,0.9294885575499107,2025-01-18,2025-01-19,2025-02-04
4,F5,1631204,1839,0.7636,0.40833393428322184,-0.8310598080783519,0.40833393428322184,0.3747774123687753,0.24199113509979323,0.9178208836026555,-0.13755058447579868,0.9294885575499107,2025-01-18,2025-01-19,2025-02-04
4,F5,1629674,1981,0.6897,0.38154026808154146,0.5886987509303324,0.38154026808154146,0.35018562598059444,0.21708672895051953,0.9178208836026555,-0.13755058447579868,0.9294885575499107,2025-01-18,2025-01-19,2025-02-04
4,F5,1629006,1417,0.9491,0.4457655618163739,3.292644834669659,0.4457655618163739,0.4091329418259384,0.2767834045823282,0.9178208836026555,-0.13755058447579868,0.9294885575499107,2025-01-18,2025-01-19,2025-02-04
4,F5,1630256,1015,1.3056,0.5067625239005736,-0.1788780813894284,0.5067625239005736,0.4651172274631363,0.33347938288489765,0.9178208836026555,-0.13755058447579868,0.9294885575499107,2025-01-18,2025-01-19,2025-02-04
4,F5,1628960,3199,0.4129,0.2752379870806418,0.6691846291916972,0.2752379870806418,0.2526191725033709,0.11827997511872798,0.9178208836026555,-0.13755058447579868,0.9294885575499107,2025-01-18,2025-01-19,2025-02-04
4,F5,1641729,2295,0.5705,0.33614826700898587,-2.3077259390502793,0.33614826700898587,0.30852389944768877,0.1748953833492858,0.9178208836026555,-0.13755058447579868,0.9294885575499107,2025-01-18,2025-01-19,2025-02-04
4,F5,1626172,2250,0.5703,0.3332922077922078,0.961050605251923,0.3332922077922078,0.305902548653724,0.17224070898760566,0.9178208836026555,-0.13755058447579868,0.9294885575499107,2025-01-18,2025-01-19,2025-02-04
4,F5,1628370,4325,0.2957,0.21584852320675105,-0.1170728776673874,0.21584852320675105,0.19811028229394853,0.06307814800892278,0.9178208836026555,-0.13755058447579868,0.9294885575499107,2025-01-18,2025-01-19,2025-02-04
4,F5,203552,1823,0.6964,0.3708843704352907,2.2290338681712925,0.3708843704352907,0.3404054205873331,0.2071821940179064,0.9178208836026555,-0.13755058447579868,0.9294885575499107,2025-01-18,2025-01-19,2025-02-04
4,F5,1630572,825,1.5385,0.5234072164948453,4.002924258024556,0.5234072164948453,0.4803940739273053,0.3489504341952089,0.9178208836026555,-0.13755058447579868,0.9294885575499107,2025-01-18,2025-01-19,2025-02-04
4,F5,1630215,1401,0.9046,0.4223074308563812,-3.944140495132226,0.4223074308563812,0.38760257934057113,0.25497934027350777,0.9178208836026555,-0.13755058447579868,0.9294885575499107,2025-01-18,2025-01-19,2025-02-04
4,F5,1630241,2562,0.4934,0.30372196059586737,1.6247178333199697,0.30372196059586737,0.2787623582436299,0.14475550257468486,0.9178208836026555,-0.13755058447579868,0.9294885575499107,2025-01-18,2025-01-19,2025-02-04
4,F5,1627780,1579,0.7897,0.39224167977351365,-2.161185860432285,0.39224167977351365,0.3600076051155161,0.2270335686678385,0.9178208836026555,-0.13755058447579868,0.9294885575499107,2025-01-18,2025-01-19,2025-02-04
4,F5,1631110,2685,0.4447,0.27865099183197195,-1.3807544824124915,0.27865099183197195,0.25575169953997684,0.12145232398195285,0.9178208836026555,-0.13755058447579868,0.9294885575499107,2025-01-18,2025-01-19,2025-02-04
4,F5,1631107,2772,0.4268,0.2706060384263495,0.5179647437515104,0.2706060384263495,0.24836787329668625,0.1139746318454046,0.9178208836026555,-0.13755058447579868,0.9294885575499107,2025-01-18,2025-01-19,2025-02-04
4,F5,1631342,105,10.7768,0.6636739002932551,6.972192274903482,0.6636739002932551,0.609133765591176,0.47932671179130226,0.9178208836026555,-0.13755058447579868,0.9294885575499107,2025-01-18,2025-01-19,2025-02-04
4,F5,1630230,3323,0.3324,0.22436831200487503,-1.552249263270571,0.22436831200487503,0.2059299223767507,0.07099719420952091,0.9178208836026555,-0.13755058447579868,0.9294885575499107,2025-01-18,2025-01-19,2025-02-04
4,F5,1630541,2339,0.4631,0.2749913429804519,1.4007200031143872,0.2749913429804519,0.2523927973973993,0.1180507222498143,0.9178208836026555,-0.13755058447579868,0.9294885575499107,2025-01-18,2025-01-19,2025-02-04
4,F5,1628970,3245,0.3256,0.21807471620227037,0.5654173063067955,0.21807471620227037,0.20015352871616612,0.06514736892515574,0.9178208836026555,-0.13755058447579868,0.9294885575499107,2025-01-18,2025-01-19,2025-02-04
4,F5,203954,1565,0.6501,0.3214554502369668,-1.8097356807764093,0.3214554502369668,0.29503852537538233,0.1612385782815167,0.9178208836026555,-0.13755058447579868,0.9294885575499107,2025-01-18,2025-01-19,2025-02-04
4,F5,1627827,2853,0.3566,0.22847064900067368,1.4081759252858654,0.22847064900067368,0.20969513294307046,0.07481026950632944,0.9178208836026555,-0.13755058447579868,0.9294885575499107,2025-01-18,2025-01-19,2025-02-04
4,F5,1629130,3515,0.2703,0.18574868035190614,1.7274899755971247,0.18574868035190614,0.1704840179286137,0.035100688491293996,0.9178208836026555,-0.13755058447579868,0.9294885575499107,2025-01-18,2025-01-19,2025-02-04
4,F5,1630188,2545,0.3657,0.22453715319662246,1.5804885557028594,0.22453715319662246,0.20608488834854885,0.07115413016529323,0.9178208836026555,-0.13755058447579868,0.9294885575499107,2025-01-18,2025-01-19,2025-02-04
4,F5,203926,866,1.0022,0.3519485806974858,1.1978904495516105,0.3519485806974858,0.3230257573184669,0.18958159412844575,0.9178208836026555,-0.13755058447579868,0.9294885575499107,2025-01-18,2025-01-19,2025-02-04
4,F5,203937,2140,0.4047,0.23156631016042778,-2.8613632725037723,0.23156631016042778,0.2125363954040504,0.07768765113237255,0.9178208836026555,-0.13755058447579868,0.9294885575499107,2025-01-18,2025-01-19,2025-02-04
4,F5,1630170,3092,0.2717,0.17904867860187554,-1.9488013600353584,0.17904867860187554,0.16433461640226127,0.028873113529076178,0.9178208836026555,-0.13755058447579868,0.9294885575499107,2025-01-18,2025-01-19,2025-02-04
4,F5,1628366,1936,0.4324,0.23674389140271496,-0.5296914337171178,0.23674389140271496,0.21728848759477096,0.08250015365286353,0.9178208836026555,-0.13755058447579868,0.9294885575499107,2025-01-18,2025-01-19,2025-02-04
4,F5,1629057,988,0.8237,0.31445734157650695,-1.47653681072904,0.31445734157650695,0.2886155151010917,0.15473391635712833,0.9178208836026555,-0.13755058447579868,0.9294885575499107,2025-01-18,2025-01-19,2025-02-04
4,F5,1626167,5124,0.1574,0.1199461035098156,-0.7147697276835993,0.1199461035098156,0.11008903870807453,-0.026062053740727897,0.9178208836026555,-0.13755058447579868,0.9294885575499107,2025-01-18,2025-01-19,2025-02-04
4,F5,1631212,4365,0.1813,0.1326696563285834,-1.235668108585761,0.1326696563285834,0.12176698119876106,-0.01423565698430132,0.9178208836026555,-0.13755058447579868,0.9294885575499107,2025-01-18,2025-01-19,2025-02-04
4,F5,203914,1340,0.554,0.2525034013605442,-0.06584030092259442,0.2525034013605442,0.23175289494941065,0.0971484378312597,0.9178208836026555,-0.13755058447579868,0.9294885575499107,2025-01-18,2025-01-19,2025-02-04
4,F5,1630550,134,5.3416,0.41278800461361015,-12.272382656742103,0.41278800461361015,0.37886545113504067,0.2461311425064117,0.9178208836026555,-0.13755058447579868,0.9294885575499107,2025-01-18,2025-01-19,2025-02-04
4,F5,1629640,3741,0.1888,0.13224130312675528,-0.8235158466166019,0.13224130312675528,0.12137382968456513,-0.014633806383990422,0.9178208836026555,-0.13755058447579868,0.9294885575499107,2025-01-18,2025-01-19,2025-02-04
4,F5,1629726,2550,0.2735,0.16805421686746988,-0.45935661215914014,0.16805421686746988,0.1542436698184535,0.018653887150525766,0.9178208836026555,-0.13755058447579868,0.9294885575499107,2025-01-18,2025-01-19,2025-02-04
4,F5,1642346,3096,0.2146,0.1414824531516184,-2.394484343940427,0.1414824531516184,0.1298555501658897,-0.006044263177278103,0.9178208836026555,-0.13755058447579868,0.9294885575499107,2025-01-18,2025-01-19,2025-02-04
4,F5,1628371,2555,0.252,0.15496028880866428,0.3874341427835633,0.15496028880866428,0.14222578919769094,0.00648323084648425,0.9178208836026555,-0.13755058447579868,0.9294885575499107,2025-01-18,2025-01-19,2025-02-04
4,F5,1628392,2821,0.2279,0.14542092286812938,-0.507859189647557,0.14542092286812938,0.13347035992114012,-0.0023835006415242888,0.9178208836026555,-0.13755058447579868,0.9294885575499107,2025-01-18,2025-01-19,2025-02-04
4,F5,1631116,310,2.0156,0.32713926701570684,2.32729289580446,0.32713926701570684,0.3002552511134811,0.16652162094056575,0.9178208836026555,-0.13755058447579868,0.9294885575499107,2025-01-18,2025-01-19,2025-02-04
4,F5,1641787,767,0.81,0.2624714828897338,-0.8649312753941057,0.2624714828897338,0.24090180834635475,0.10641365555336607,0.9178208836026555,-0.13755058447579868,0.9294885575499107,2025-01-18,2025-01-19,2025-02-04
4,F5,1641890,164,3.5283,0.3280278911564626,0.8130959385398727,0.3280278911564626,0.30107084890754016,0.16734758691136084,0.9178208836026555,-0.13755058447579868,0.9294885575499107,2025-01-18,2025-01-19,2025-02-04
4,F5,1642382,253,2.2036,0.3008692930383162,4.731530911607349,0.3008692930383162,0.27614412038533365,0.14210398072144723,0.9178208836026555,-0.13755058447579868,0.9294885575499107,2025-01-18,2025-01-19,2025-02-04
4,F5,1631105,3931,0.1407,0.09999849936720304,1.166723640624379,0.09999849936720304,0.09178071104814588,-0.04460312354182147,0.9178208836026555,-0.13755058447579868,0.9294885575499107,2025-01-18,2025-01-19,2025-02-04
4,F5,1631094,1162,0.4744,0.19958464880521362,-3.8749056376289572,0.19958464880521362,0.18318295871992685,0.047961062851264835,0.9178208836026555,-0.13755058447579868,0.9294885575499107,2025-01-18,2025-01-19,2025-02-04
4,F5,1630559,4896,0.1108,0.08350935960591133,1.6353948605920838,0.08350935960591133,0.07664663422258944,-0.05992959027378339,0.9178208836026555,-0.13755058447579868,0.9294885575499107,2025-01-18,2025-01-19,2025-02-04
4,F5,1641738,354,1.3772,0.24950296827021495,-1.9267062671245052,0.24950296827021495,0.228999034799254,0.09435956960610453,0.9178208836026555,-0.13755058447579868,0.9294885575499107,2025-01-18,2025-01-19,2025-02-04
4,F5,1631119,867,0.5387,0.189320186461289,2.0366263154260427,0.189320186461289,0.17376202082171976,0.038420362553184956,0.9178208836026555,-0.13755058447579868,0.9294885575499107,2025-01-18,2025-01-19,2025-02-04
4,F5,1630568,227,1.9855,0.24669321291735086,1.1576836731915634,0.24669321291735086,0.226420182658581,0.09174793415610275,0.9178208836026555,-0.13755058447579868,0.9294885575499107,2025-01-18,2025-01-19,2025-02-04
4,F5,1641810,619,0.7059,0.19691397025687246,-5.460105185790448,0.19691397025687246,0.1807317541748697,0.04547869769968771,0.9178208836026555,-0.13755058447579868,0.9294885575499107,2025-01-18,2025-01-19,2025-02-04
4,F5,1630538,805,0.5422,0.1814848232848233,2.988781276444058,0.1814848232848233,0.1665705608677483,0.031137482136412153,0.9178208836026555,-0.13755058447579868,0.9294885575499107,2025-01-18,2025-01-19,2025-02-04
4,F5,1631172,876,0.4875,0.17247576736672052,-0.9401844666455889,0.17247576736672052,0.15830186120456946,0.022763667746208333,0.9178208836026555,-0.13755058447579868,0.9294885575499107,2025-01-18,2025-01-19,2025-02-04
4,F5,202695,360,1.1683,0.21458571428571427,-0.4419169919773465,0.21458571428571427,0.19695124989422125,0.06190438156644712,0.9178208836026555,-0.13755058447579868,0.9294885575499107,2025-01-18,2025-01-19,2025-02-04
4,F5,1629312,3923,0.1071,0.07607338403041826,-0.8139482503339074,0.07607338403041826,0.06982174054944262,-0.0668412444854248,0.9178208836026555,-0.13755058447579868,0.9294885575499107,2025-01-18,2025-01-19,2025-02-04
4,F5,1641727,178,2.3072,0.2309795275590551,3.285921140095536,0.2309795275590551,0.21199783407837586,0.07714224341862727,0.9178208836026555,-0.13755058447579868,0.9294885575499107,2025-01-18,2025-01-19,2025-02-04
4,F5,1629638,3890,0.0974,0.06901384335154827,-0.4049122904506619,0.06901384335154827,0.06334234668573328,-0.07340300676799259,0.9178208836026555,-0.13755058447579868,0.9294885575499107,2025-01-18,2025-01-19,2025-02-04
4,F5,1641709,1559,0.2371,0.1170113643558088,1.3529224941626783,0.1170113643558088,0.1073954738246007,-0.028789860203770917,0.9178208836026555,-0.13755058447579868,0.9294885575499107,2025-01-18,2025-01-19,2025-02-04
4,F5,1631169,828,0.4418,0.15066326194398683,-2.1936350442914376,0.15066326194398683,0.13828188820388831,0.0024891935442819813,0.9178208836026555,-0.13755058447579868,0.9294885575499107,2025-01-18,2025-01-19,2025-02-04
4,F5,1628975,541,0.642,0.1622241943017282,2.0405090323499917,0.1622241943017282,0.14889275335574104,0.013234947885411075,0.9178208836026555,-0.13755058447579868,0.9294885575499107,2025-01-18,2025-01-19,2025-02-04
4,F5,1642278,539,0.623,0.15698784478728375,-2.9847363359374275,0.15698784478728375,0.1440867224175413,0.008367820928402964,0.9178208836026555,-0.13755058447579868,0.9294885575499107,2025-01-18,2025-01-19,2025-02-04
4,F5,1641809,442,0.7384,0.1598299706170421,-5.770217835071692,0.1598299706170421,0.14669528485792005,0.011009544366280377,0.9178208836026555,-0.13755058447579868,0.9294885575499107,2025-01-18,2025-01-19,2025-02-04
4,F5,1641854,733,0.3874,0.12171633090441493,-0.5647525183384153,0.12171633090441493,0.1117137903795633,-0.024416647633186433,0.9178208836026555,-0.13755058447579868,0.9294885575499107,2025-01-18,2025-01-19,2025-02-04
4,F5,1631250,107,2.4429,0.15312847100175747,-4.347730450233946,0.15312847100175747,0.14054450855955664,0.00478057715544819,0.9178208836026555,-0.13755058447579868,0.9294885575499107,2025-01-18,2025-01-19,2025-02-04
4,F5,1631111,872,0.2938,0.10363818770226536,6.35102895973537,0.10363818770226536,0.09512129301187106,-0.041220074881333155,0.9178208836026555,-0.13755058447579868,0.9294885575499107,2025-01-18,2025-01-19,2025-02-04
4,F5,1629618,487,0.52,0.1213416387158601,-0.841677435689844,0.1213416387158601,0.1113698900639849,-0.024764919735051488,0.9178208836026555,-0.13755058447579868,0.9294885575499107,2025-01-18,2025-01-19,2025-02-04
4,F5,1631133,1241,0.2017,0.08810619500175994,0.24182657175335096,0.08810619500175994,0.08086570574738317,-0.05565688437240168,0.9178208836026555,-0.13755058447579868,0.9294885575499107,2025-01-18,2025-01-19,2025-02-04
4,F5,1629637,1214,0.1477,0.06371990049751244,1.9520649684820028,0.06371990049751244,0.05848345537770016,-0.078323666075142,0.9178208836026555,-0.13755058447579868,0.9294885575499107,2025-01-18,2025-01-19,2025-02-04
4,F5,1628420,1876,0.0736,0.03972197928653625,1.6138557617147535,0.03972197928653625,0.03645766212721508,-0.10062945924572866,0.9178208836026555,-0.13755058447579868,0.9294885575499107,2025-01-18,2025-01-19,2025-02-04
4,F5,1630243,1089,0.1247,0.05050141316474526,-4.419739623682653,0.05050141316474526,0.04635125165404927,-0.09061009879906753,0.9178208836026555,-0.13755058447579868,0.9294885575499107,2025-01-18,2025-01-19,2025-02-04
4,F5,1631321,171,0.7673,0.0740871259175607,5.335526199205985,0.0740871259175607,0.06799871137323675,-0.06868744867366659,0.9178208836026555,-0.13755058447579868,0.9294885575499107,2025-01-18,2025-01-19,2025-02-04
4,F5,1629630,3040,0.0421,0.027582758620689655,-0.8208473333700348,0.027582758620689655,0.025316031889440142,-0.1119127259522065,0.9178208836026555,-0.13755058447579868,0.9294885575499107,2025-01-18,2025-01-19,2025-02-04
4,F5,1629611,2213,0.0493,0.028612876999737736,-2.254998625808881,0.028612876999737736,0.026261496050313388,-0.11095524270595944,0.9178208836026555,-0.13755058447579868,0.9294885575499107,2025-01-18,2025-01-19,2025-02-04
4,F5,1642366,55,1.9594,0.06511601208459215,-1.6367468915567824,0.06511601208459215,0.05976483574816156,-0.07702599632988857,0.9178208836026555,-0.13755058447579868,0.9294885575499107,2025-01-18,2025-01-19,2025-02-04
4,F5,1642358,51,1.5654,0.048355784373107204,0.291966431414632,0.048355784373107204,0.04438194874062473,-0.09260443620964476,0.9178208836026555,-0.13755058447579868,0.9294885575499107,2025-01-18,2025-01-19,2025-02-04
4,F5,1642353,76,0.6581,0.029842243436754175,-3.7827018835509,0.029842243436754175,0.027389834239807263,-0.10981256066971676,0.9178208836026555,-0.13755058447579868,0.9294885575499107,2025-01-18,2025-01-19,2025-02-04
4,F5,201145,577,0.0578,0.01531952227836472,-9.51047617696881,0.01531952227836472,0.014060577473899273,-0.12331126381092773,0.9178208836026555,-0.13755058447579868,0.9294885575499107,2025-01-18,2025-01-19,2025-02-04
4,F5,202691,4210,0.007,0.005072289156626506,-1.2986982975045473,0.005072289156626506,0.004655452915623108,-0.13283594974412985,0.9178208836026555,-0.13755058447579868,0.9294885575499107,2025-01-18,2025-01-19,2025-02-04
4,F5,1629610,654,0.0153,0.0044393078970718725,-0.9754753875827098,0.0044393078970718725,0.004074489496674752,-0.13342429858202942,0.9178208836026555,-0.13755058447579868,0.9294885575499107,2025-01-18,2025-01-19,2025-02-04
4,F5,1642261,3354,-0.0093,-0.006296366572466692,2.4430774452190196,-0.006296366572466692,-0.005778936731027603,-0.14340298515904623,0.9178208836026555,-0.13755058447579868,0.9294885575499107,2025-01-18,2025-01-19,2025-02-04
4,F5,1631108,3712,-0.011,-0.007686746987951807,0.8655239414091481,-0.007686746987951807,-0.007055056912511978,-0.14469532784588113,0.9178208836026555,-0.13755058447579868,0.9294885575499107,2025-01-18,2025-01-19,2025-02-04
4,F5,1641796,1234,-0.0333,-0.014499717713479184,0.7377535694762747,-0.014499717713479184,-0.01330814372377454,-0.15102790617818135,0.9178208836026555,-0.13755058447579868,0.9294885575499107,2025-01-18,2025-01-19,2025-02-04
4,F5,1642348,748,-0.0667,-0.02124855195911414,-1.6371317206661267,-0.02124855195911414,-0.019502364734391077,-0.1573008703863,0.9178208836026555,-0.13755058447579868,0.9294885575499107,2025-01-18,2025-01-19,2025-02-04
4,F5,1629162,688,-0.0973,-0.029258041958041953,-3.4713699833076674,-0.029258041958041953,-0.026853641922413633,-0.16474559969211386,0.9178208836026555,-0.13755058447579868,0.9294885575499107,2025-01-18,2025-01-19,2025-02-04
4,F5,1629626,215,-0.3695,-0.04376997245179064,-2.843760979585507,-0.04376997245179064,-0.04017299479096637,-0.1782342730340129,0.9178208836026555,-0.13755058447579868,0.9294885575499107,2025-01-18,2025-01-19,2025-02-04
4,F5,1641790,60,-1.5022,-0.054296385542168674,7.834073798550684,-0.054296385542168674,-0.0498343565547437,-0.18801845355356286,0.9178208836026555,-0.13755058447579868,0.9294885575499107,2025-01-18,2025-01-19,2025-02-04
4,F5,1627763,1865,-0.0493,-0.02653520923520923,-1.55633552694294,-0.02653520923520923,-0.02435456918684108,-0.1622147578321184,0.9178208836026555,-0.13755058447579868,0.9294885575499107,2025-01-18,2025-01-19,2025-02-04
4,F5,1630811,1231,-0.0796,-0.03461236312257153,-1.6759694166898658,-0.03461236312257153,-0.031767949704734566,-0.16972237994799141,0.9178208836026555,-0.13755058447579868,0.9294885575499107,2025-01-18,2025-01-19,2025-02-04
4,F5,1642403,707,-0.1627,-0.04986081491114001,1.7190830058742363,-0.04986081491114001,-0.04576329719889098,-0.18389564140581727,0.9178208836026555,-0.13755058447579868,0.9294885575499107,2025-01-18,2025-01-19,2025-02-04
4,F5,1629004,1000,-0.1198,-0.04607692307692308,-0.27785312453354427,-0.04607692307692308,-0.04229036225215312,-0.1803785572429061,0.9178208836026555,-0.13755058447579868,0.9294885575499107,2025-01-18,2025-01-19,2025-02-04
4,F5,1641753,67,-1.8038,-0.07249826034793042,-1.0452421333240653,-0.07249826034793042,-0.06654041737219285,-0.2049368879114744,0.9178208836026555,-0.13755058447579868,0.9294885575499107,2025-01-18,2025-01-19,2025-02-04
4,F5,1628989,3592,-0.047,-0.032516178736517715,-6.617432786928363,-0.032516178736517715,-0.029844027899332565,-0.1677740005466396,0.9178208836026555,-0.13755058447579868,0.9294885575499107,2025-01-18,2025-01-19,2025-02-04
4,F5,1641745,175,-0.9778,-0.09640281690140845,-6.121845202201276,-0.09640281690140845,-0.08848051859023572,-0.22715589970123695,0.9178208836026555,-0.13755058447579868,0.9294885575499107,2025-01-18,2025-01-19,2025-02-04
4,F5,202699,5191,-0.0335,-0.02560720070681785,-0.03832549301344496,-0.02560720070681785,-0.023502823579322103,-0.16135218452366987,0.9178208836026555,-0.13755058447579868,0.9294885575499107,2025-01-18,2025-01-19,2025-02-04
4,F5,1630346,235,-0.7424,-0.09507574931880108,-0.5706927369937845,-0.09507574931880108,-0.08726250824896657,-0.225922405568108,0.9178208836026555,-0.13755058447579868,0.9294885575499107,2025-01-18,2025-01-19,2025-02-04
4,F5,1642352,202,-0.8984,-0.1007085460599334,-7.050764627098935,-0.1007085460599334,-0.0924324067310668,-0.23115802568599492,0.9178208836026555,-0.13755058447579868,0.9294885575499107,2025-01-18,2025-01-19,2025-02-04
4,F5,1631217,2159,-0.0897,-0.051519632881085395,0.7166184390745464,-0.051519632881085395,-0.04728579497380222,-0.1854374937279397,0.9178208836026555,-0.13755058447579868,0.9294885575499107,2025-01-18,2025-01-19,2025-02-04
4,F5,1631230,129,-1.5108,-0.11272018507807981,1.627212589721077,-0.11272018507807981,-0.10345693986821806,-0.24232270671078204,0.9178208836026555,-0.13755058447579868,0.9294885575499107,2025-01-18,2025-01-19,2025-02-04
4,F5,1629723,1457,-0.1499,-0.07144399738305528,-0.14638294445064795,-0.07144399738305528,-0.0655727928062216,-0.20395696254897433,0.9178208836026555,-0.13755058447579868,0.9294885575499107,2025-01-18,2025-01-19,2025-02-04
4,F5,1626145,4918,-0.0525,-0.039612611230438785,0.07578400464462663,-0.039612611230438785,-0.036357281841329796,-0.1743700533491646,0.9178208836026555,-0.13755058447579868,0.9294885575499107,2025-01-18,2025-01-19,2025-02-04
4,F5,1629627,1218,-0.2189,-0.09461327182398865,1.8174149629268261,-0.09461327182398865,-0.0868380367460315,-0.2254925380285555,0.9178208836026555,-0.13755058447579868,0.9294885575499107,2025-01-18,2025-01-19,2025-02-04
4,F5,1630590,3936,-0.0687,-0.04884450867052023,-0.4528323452134233,-0.04884450867052023,-0.044830510107114446,-0.18295099638419465,0.9178208836026555,-0.13755058447579868,0.9294885575499107,2025-01-18,2025-01-19,2025-02-04
4,F5,201144,3719,-0.0739,-0.05167025756721187,0.6104878719489697,-0.05167025756721187,-0.047424041456315194,-0.1855774976501788,0.9178208836026555,-0.13755058447579868,0.9294885575499107,2025-01-18,2025-01-19,2025-02-04
4,F5,1630531,269,-1.029,-0.14810112359550562,5.7900991363134455,-0.14810112359550562,-0.13593030412097304,-0.27520888421810624,0.9178208836026555,-0.13755058447579868,0.9294885575499107,2025-01-18,2025-01-19,2025-02-04
4,F5,1631248,154,-1.8748,-0.164606157354618,-2.157688973928132,-0.164606157354618,-0.15107896878965324,-0.2905501242391762,0.9178208836026555,-0.13755058447579868,0.9294885575499107,2025-01-18,2025-01-19,2025-02-04
4,F5,1631132,841,-0.3529,-0.12158496517820565,-0.019730284357705057,-0.12158496517820565,-0.1115932201726588,-0.25056241837904514,0.9178208836026555,-0.13755058447579868,0.9294885575499107,2025-01-18,2025-01-19,2025-02-04
4,F5,1627739,3808,-0.0828,-0.05830295857988166,-4.15048131248072,-0.05830295857988166,-0.053511672960436005,-0.19174251734710507,0.9178208836026555,-0.13755058447579868,0.9294885575499107,2025-01-18,2025-01-19,2025-02-04
4,F5,1630322,2553,-0.1255,-0.07714941006501325,-1.3438210235979369,-0.07714941006501325,-0.07080933971529406,-0.2092600783529544,0.9178208836026555,-0.13755058447579868,0.9294885575499107,2025-01-18,2025-01-19,2025-02-04
4,F5,1630699,360,-0.9706,-0.17827346938775512,1.0759525238588452,-0.17827346938775512,-0.16362311319638034,-0.3032537343864413,0.9178208836026555,-0.13755058447579868,0.9294885575499107,2025-01-18,2025-01-19,2025-02-04
4,F5,1642269,385,-0.9534,-0.18491637279596979,-5.6058597649152455,-0.18491637279596979,-0.16972010867219503,-0.30942823709328615,0.9178208836026555,-0.13755058447579868,0.9294885575499107,2025-01-18,2025-01-19,2025-02-04
4,F5,1642505,105,-3.6396,-0.22413958944281526,4.7404923159651196,-0.22413958944281526,-0.20571999603274113,-0.34588576815683025,0.9178208836026555,-0.13755058447579868,0.9294885575499107,2025-01-18,2025-01-19,2025-02-04
4,F5,1630314,327,-1.1862,-0.20129081473793461,-2.3406496249128725,-0.20129081473793461,-0.18474891344386957,-0.3246480935146078,0.9178208836026555,-0.13755058447579868,0.9294885575499107,2025-01-18,2025-01-19,2025-02-04
4,F5,1630200,1476,-0.2664,-0.12783042912873863,1.1367696897064,-0.12783042912873863,-0.11732543741424552,-0.25636750565765604,0.9178208836026555,-0.13755058447579868,0.9294885575499107,2025-01-18,2025-01-19,2025-02-04
4,F5,1631115,224,-1.7886,-0.21965263157894735,-1.7231298207487136,-0.21965263157894735,-0.201601772401438,-0.3417151921641564,0.9178208836026555,-0.13755058447579868,0.9294885575499107,2025-01-18,2025-01-19,2025-02-04
4,F5,1626158,218,-1.9012,-0.22797667766776678,1.3277281189761252,-0.22797667766776678,-0.20924175573782747,-0.34945229775623216,0.9178208836026555,-0.13755058447579868,0.9294885575499107,2025-01-18,2025-01-19,2025-02-04
4,F5,1641989,294,-1.4231,-0.22090359028511086,0.18690766950887755,-0.22090359028511086,-0.20274992842647943,-0.3428779439675028,0.9178208836026555,-0.13755058447579868,0.9294885575499107,2025-01-18,2025-01-19,2025-02-04
4,F5,1631210,151,-2.7931,-0.2408669902912621,-0.8597332013282587,-0.2408669902912621,-0.2210727538598384,-0.3614336958430122,0.9178208836026555,-0.13755058447579868,0.9294885575499107,2025-01-18,2025-01-19,2025-02-04
4,F5,1630611,618,-0.7098,-0.1977711451758341,0.2675658221454344,-0.1977711451758341,-0.1815184872163931,-0.3213766009302787,0.9178208836026555,-0.13755058447579868,0.9294885575499107,2025-01-18,2025-01-19,2025-02-04
4,F5,202693,74,-5.9306,-0.2621651135005974,-9.386905194868483,-0.2621651135005974,-0.24062061612290878,-0.3812300576633776,0.9178208836026555,-0.13755058447579868,0.9294885575499107,2025-01-18,2025-01-19,2025-02-04
4,F5,1630649,197,-2.3764,-0.2605179744017807,-2.7875987019750386,-0.2605179744017807,-0.23910883745981634,-0.37969906071833437,0.9178208836026555,-0.13755058447579868,0.9294885575499107,2025-01-18,2025-01-19,2025-02-04
4,F5,1629013,547,-0.8652,-0.2204305542617606,-0.6481426815702849,-0.2204305542617606,-0.20231576608555218,-0.34243826239648983,0.9178208836026555,-0.13755058447579868,0.9294885575499107,2025-01-18,2025-01-19,2025-02-04
4,F5,202066,235,-2.0589,-0.26367384196185284,-3.2524188753115735,-0.26367384196185284,-0.24200535861233471,-0.3826324035045644,0.9178208836026555,-0.13755058447579868,0.9294885575499107,2025-01-18,2025-01-19,2025-02-04
4,F5,1630570,835,-0.5841,-0.20029712525667348,-1.3077864477448007,-0.20029712525667348,-0.18383688448615182,-0.3237244705120179,0.9178208836026555,-0.13755058447579868,0.9294885575499107,2025-01-18,2025-01-19,2025-02-04
4,F5,203468,4187,-0.125,-0.09043977881458441,-0.5609191467507352,-0.09043977881458441,-0.08300751770443059,-0.2216133240312997,0.9178208836026555,-0.13755058447579868,0.9294885575499107,2025-01-18,2025-01-19,2025-02-04
4,F5,1630311,436,-1.2047,-0.2579809430255403,-10.420538929348899,-0.2579809430255403,-0.23678029708034773,-0.3773409190839738,0.9178208836026555,-0.13755058447579868,0.9294885575499107,2025-01-18,2025-01-19,2025-02-04
4,F5,203944,5560,-0.0988,-0.07672178770949721,-0.9069958252941414,-0.07672178770949721,-0.07041685898710608,-0.2088626082665497,0.9178208836026555,-0.13755058447579868,0.9294885575499107,2025-01-18,2025-01-19,2025-02-04
4,F5,1631255,205,-2.8178,-0.3200271468144044,-1.7948147012919649,-0.3200271468144044,-0.29372759866603343,-0.43501215554513295,0.9178208836026555,-0.13755058447579868,0.9294885575499107,2025-01-18,2025-01-19,2025-02-04
4,F5,201599,1411,-0.4096,-0.1919447359681169,-1.3517038358817217,-0.1919447359681169,-0.17617088716913545,-0.3159610202401021,0.9178208836026555,-0.13755058447579868,0.9294885575499107,2025-01-18,2025-01-19,2025-02-04
4,F5,1626162,4961,-0.1202,-0.09088739521414418,-0.10498771498357064,-0.09088739521414418,-0.08341834938378957,-0.2220293783528622,0.9178208836026555,-0.13755058447579868,0.9294885575499107,2025-01-18,2025-01-19,2025-02-04
4,F5,1630528,83,-7.6427,-0.37691271538918597,-11.314163913219915,-0.37691271538918597,-0.34593836147957885,-0.4878866406251131,0.9178208836026555,-0.13755058447579868,0.9294885575499107,2025-01-18,2025-01-19,2025-02-04
4,F5,1641842,2717,-0.2376,-0.14953884642112578,1.2382950467318175,-0.14953884642112578,-0.13724987615515946,-0.27654523113344853,0.9178208836026555,-0.13755058447579868,0.9294885575499107,2025-01-18,2025-01-19,2025-02-04
4,F5,202709,795,-0.8158,-0.27079791231732775,0.09855959059047335,-0.27079791231732775,-0.24854397916084417,-0.38925414538315883,0.9178208836026555,-0.13755058447579868,0.9294885575499107,2025-01-18,2025-01-19,2025-02-04
4,F5,1627814,190,-3.4602,-0.36728379888268153,2.934458485634587,-0.36728379888268153,-0.33710074082344277,-0.47893667291071385,0.9178208836026555,-0.13755058447579868,0.9294885575499107,2025-01-18,2025-01-19,2025-02-04
4,F5,1631124,3727,-0.1792,-0.12537608409986858,0.41111094768972517,-0.12537608409986858,-0.11507278829118223,-0.25408622003704184,0.9178208836026555,-0.13755058447579868,0.9294885575499107,2025-01-18,2025-01-19,2025-02-04
4,F5,1629234,1931,-0.3531,-0.19310000000000002,-1.5718391883441447,-0.19310000000000002,-0.17723121262367278,-0.31703482493868645,0.9178208836026555,-0.13755058447579868,0.9294885575499107,2025-01-18,2025-01-19,2025-02-04
4,F5,1629003,2251,-0.3091,-0.18067621397039726,2.4588648705123153,-0.18067621397039726,-0.16582840235229246,-0.30548705798272224,0.9178208836026555,-0.13755058447579868,0.9294885575499107,2025-01-18,2025-01-19,2025-02-04
4,F5,201988,978,-0.7212,-0.2735972071373157,-2.7889604304647766,-0.2735972071373157,-0.2511132304059899,-0.3918560578875464,0.9178208836026555,-0.13755058447579868,0.9294885575499107,2025-01-18,2025-01-19,2025-02-04
4,F5,201587,2884,-0.2587,-0.16638956289027654,0.7825221575965231,-0.16638956289027654,-0.15271581563421321,-0.292207779278042,0.9178208836026555,-0.13755058447579868,0.9294885575499107,2025-01-18,2025-01-19,2025-02-04
4,F5,1631098,855,-0.8736,-0.30424765784114055,-2.633520194301085,-0.30424765784114055,-0.279244854153794,-0.42034530110049917,0.9178208836026555,-0.13755058447579868,0.9294885575499107,2025-01-18,2025-01-19,2025-02-04
4,F5,1628998,3775,-0.2037,-0.14306372093023256,-3.7323921647867913,-0.14306372093023256,-0.13130687075566977,-0.2705266760809635,0.9178208836026555,-0.13755058447579868,0.9294885575499107,2025-01-18,2025-01-19,2025-02-04
4,F5,1642355,78,-10.1051,-0.4697245530393325,-5.10793679507854,-0.4697245530393325,-0.43112300432042255,-0.5741541817261043,0.9178208836026555,-0.13755058447579868,0.9294885575499107,2025-01-18,2025-01-19,2025-02-04
4,F5,1641736,530,-1.4998,-0.3731896713615024,0.41832028246555814,-0.3731896713615024,-0.3425212739203987,-0.48442611380212675,0.9178208836026555,-0.13755058447579868,0.9294885575499107,2025-01-18,2025-01-19,2025-02-04
4,F5,203915,4063,-0.1961,-0.14069473777149918,-0.9140884533216859,-0.14069473777149918,-0.12913256853968128,-0.2683247333418924,0.9178208836026555,-0.13755058447579868,0.9294885575499107,2025-01-18,2025-01-19,2025-02-04
4,F5,201959,668,-1.2055,-0.3550590828924162,-2.478533762707671,-0.3550590828924162,-0.3258806411914659,-0.4675739392784648,0.9178208836026555,-0.13755058447579868,0.9294885575499107,2025-01-18,2025-01-19,2025-02-04
4,F5,1641765,889,-0.9217,-0.3292050220972278,-1.1222856160661252,-0.3292050220972278,-0.30215124426770934,-0.44354288560313737,0.9178208836026555,-0.13755058447579868,0.9294885575499107,2025-01-18,2025-01-19,2025-02-04
4,F5,1641724,1754,-0.4692,-0.24537173524150266,0.19180487713732008,-0.24537173524150266,-0.2252073028504728,-0.36562080472894154,0.9178208836026555,-0.13755058447579868,0.9294885575499107,2025-01-18,2025-01-19,2025-02-04
4,F5,1631097,5618,-0.1475,-0.11480396231643114,-2.2490800970972753,-0.11480396231643114,-0.10536947413435278,-0.24425955381031256,0.9178208836026555,-0.13755058447579868,0.9294885575499107,2025-01-18,2025-01-19,2025-02-04
4,F5,203991,3814,-0.2176,-0.15329264868858514,2.9489420302180247,-0.15329264868858514,-0.14069519426914864,-0.28003434738835686,0.9178208836026555,-0.13755058447579868,0.9294885575499107,2025-01-18,2025-01-19,2025-02-04
4,F5,1642271,2164,-0.3883,-0.22324155154091388,-1.808101353516632,-0.22324155154091388,-0.20489575809210933,-0.3450510522027668,0.9178208836026555,-0.13755058447579868,0.9294885575499107,2025-01-18,2025-01-19,2025-02-04
4,F5,1630288,810,-1.0716,-0.36016431535269716,-5.0661913039512285,-0.36016431535269716,-0.33056633015915793,-0.47231919443392834,0.9178208836026555,-0.13755058447579868,0.9294885575499107,2025-01-18,2025-01-19,2025-02-04
4,F5,1641716,3110,-0.2796,-0.18461910828025477,-2.0216279781436692,-0.18461910828025477,-0.16944727309171775,-0.30915193312736344,0.9178208836026555,-0.13755058447579868,0.9294885575499107,2025-01-18,2025-01-19,2025-02-04
4,F5,1641816,913,-0.9533,-0.3463441703143653,-3.512316339900697,-0.3463441703143653,-0.31788191242855934,-0.4594735277571187,0.9178208836026555,-0.13755058447579868,0.9294885575499107,2025-01-18,2025-01-19,2025-02-04
4,F5,1641871,499,-1.7465,-0.41519938065745593,-1.3420678193438378,-0.41519938065745593,-0.3810786624263015,-0.5234736578987137,0.9178208836026555,-0.13755058447579868,0.9294885575499107,2025-01-18,2025-01-19,2025-02-04
4,F5,1630264,745,-1.1821,-0.3755498933901919,0.8387153563237241,-0.3755498933901919,-0.344687534988269,-0.4866199131710709,0.9178208836026555,-0.13755058447579868,0.9294885575499107,2025-01-18,2025-01-19,2025-02-04
4,F5,1629646,1265,-0.697,-0.3077504363001745,-1.4635995905619383,-0.3077504363001745,-0.2824597773741289,-0.4236010935978035,0.9178208836026555,-0.13755058447579868,0.9294885575499107,2025-01-18,2025-01-19,2025-02-04
4,F5,1629673,4253,-0.2076,-0.15084961558175294,-1.7673524086999908,-0.15084961558175294,-0.13845292746436538,-0.27776357606984076,0.9178208836026555,-0.13755058447579868,0.9294885575499107,2025-01-18,2025-01-19,2025-02-04
4,F5,204060,138,-6.4949,-0.5157055235903337,-0.16655747784330907,-0.5157055235903337,-0.4733252993404502,-0.6168929677182994,0.9178208836026555,-0.13755058447579868,0.9294885575499107,2025-01-18,2025-01-19,2025-02-04
4,F5,1628976,3069,-0.2943,-0.19344756907260655,-2.254210304600246,-0.19344756907260655,-0.17755021877700547,-0.3173578864146325,0.9178208836026555,-0.13755058447579868,0.9294885575499107,2025-01-18,2025-01-19,2025-02-04
4,F5,1628964,1178,-0.773,-0.3277876169906408,1.1418588961227487,-0.3277876169906408,-0.30085032026035874,-0.44222542377515195,0.9178208836026555,-0.13755058447579868,0.9294885575499107,2025-01-18,2025-01-19,2025-02-04
4,F5,1642265,650,-1.4426,-0.4167511111111111,-1.09613874606545,-0.4167511111111111,-0.38250287304238845,-0.5249159735997879,0.9178208836026555,-0.13755058447579868,0.9294885575499107,2025-01-18,2025-01-19,2025-02-04
4,F5,1641733,946,-1.0074,-0.3743128043990574,-2.367758644786792,-0.3743128043990574,-0.3435521088773308,-0.4854700531091404,0.9178208836026555,-0.13755058447579868,0.9294885575499107,2025-01-18,2025-01-19,2025-02-04
4,F5,1642422,254,-3.8075,-0.5216316073354909,2.1104526432213295,-0.5216316073354909,-0.47876438275973365,-0.6224011947505055,0.9178208836026555,-0.13755058447579868,0.9294885575499107,2025-01-18,2025-01-19,2025-02-04
4,F5,1641737,896,-1.1311,-0.4060358974358974,-1.3040289207886624,-0.4060358974358974,-0.37266822615901257,-0.5149563050969744,0.9178208836026555,-0.13755058447579868,0.9294885575499107,2025-01-18,2025-01-19,2025-02-04
4,F5,1628380,1644,-0.62,-0.31420468557336617,1.444077107190931,-0.31420468557336617,-0.2883836221450415,-0.42960024444481004,0.9178208836026555,-0.13755058447579868,0.9294885575499107,2025-01-18,2025-01-19,2025-02-04
4,F5,204456,3430,-0.3079,-0.20995964214711732,-1.112083737348324,-0.20995964214711732,-0.19270534427636457,-0.3327056693988182,0.9178208836026555,-0.13755058447579868,0.9294885575499107,2025-01-18,2025-01-19,2025-02-04
4,F5,1629111,813,-1.3035,-0.439181723995027,2.8230031120435677,-0.439181723995027,-0.4030901579792532,-0.5457649716142193,0.9178208836026555,-0.13755058447579868,0.9294885575499107,2025-01-18,2025-01-19,2025-02-04
4,F5,1630625,2127,-0.499,-0.28477944727663,1.0719391803693394,-0.28477944727663,-0.2613765239313124,-0.4022498221448143,0.9178208836026555,-0.13755058447579868,0.9294885575499107,2025-01-18,2025-01-19,2025-02-04
4,F5,1641767,2448,-0.4392,-0.26560316205533596,1.9521704824920987,-0.26560316205533596,-0.24377612888528774,-0.38442568445530806,0.9178208836026555,-0.13755058447579868,0.9294885575499107,2025-01-18,2025-01-19,2025-02-04
4,F5,1630556,106,-10.1851,-0.6328373974208675,-1.4812606510658328,-0.6328373974208675,-0.5808313792776255,-0.7257657041681604,0.9178208836026555,-0.13755058447579868,0.9294885575499107,2025-01-18,2025-01-19,2025-02-04
4,F5,200768,2015,-0.5418,-0.3019991701244813,0.881219492270739,-0.3019991701244813,-0.2771811451709201,-0.4182553574960729,0.9178208836026555,-0.13755058447579868,0.9294885575499107,2025-01-18,2025-01-19,2025-02-04
4,F5,1630527,3747,-0.2915,-0.2042735178604825,-2.620245912184912,-0.2042735178604825,-0.18748650065933087,-0.32742048193758444,0.9178208836026555,-0.13755058447579868,0.9294885575499107,2025-01-18,2025-01-19,2025-02-04
4,F5,1626153,1577,-0.6997,-0.3473172489770224,-3.2277812761961218,-0.3473172489770224,-0.31877502434653415,-0.46037799323965445,0.9178208836026555,-0.13755058447579868,0.9294885575499107,2025-01-18,2025-01-19,2025-02-04
4,F5,1628971,651,-1.7503,-0.5061951577076854,1.0265758256727286,-0.5061951577076854,-0.4645964869226534,-0.6080531914522648,0.9178208836026555,-0.13755058447579868,0.9294885575499107,2025-01-18,2025-01-19,2025-02-04
4,F5,201569,2110,-0.5444,-0.30961832884097035,1.8820345057163823,-0.30961832884097035,-0.28417416815639696,-0.42533727834120616,0.9178208836026555,-0.13755058447579868,0.9294885575499107,2025-01-18,2025-01-19,2025-02-04
4,F5,1642281,695,-1.6724,-0.5064566448801744,0.7920165003888501,-0.5064566448801744,-0.4648364853103579,-0.6082962407870394,0.9178208836026555,-0.13755058447579868,0.9294885575499107,2025-01-18,2025-01-19,2025-02-04
4,F5,1626192,1324,-0.8815,-0.3991470588235294,-1.407376197524993,-0.3991470588235294,-0.36634550621681283,-0.5085532084319704,0.9178208836026555,-0.13755058447579868,0.9294885575499107,2025-01-18,2025-01-19,2025-02-04
4,F5,1630245,4184,-0.2857,-0.20666818810511756,-0.6297840009055263,-0.20666818810511756,-0.1896843790191988,-0.329646300529078,0.9178208836026555,-0.13755058447579868,0.9294885575499107,2025-01-18,2025-01-19,2025-02-04
4,F5,203458,866,-1.3965,-0.49041727493917275,-2.090079866444126,-0.49041727493917275,-0.450115216618678,-0.5933878299565684,0.9178208836026555,-0.13755058447579868,0.9294885575499107,2025-01-18,2025-01-19,2025-02-04
4,F5,1626171,3966,-0.3072,-0.21889241825368308,-2.8171011980718235,-0.21889241825368308,-0.20090403273551743,-0.34100858257702626,0.9178208836026555,-0.13755058447579868,0.9294885575499107,2025-01-18,2025-01-19,2025-02-04
4,F5,203501,4387,-0.279,-0.20443844997494576,-0.5607574388940033,-0.20443844997494576,-0.187637878798362,-0.3275737844507506,0.9178208836026555,-0.13755058447579868,0.9294885575499107,2025-01-18,2025-01-19,2025-02-04
4,F5,1642277,922,-1.3315,-0.48677359238699436,-3.9013154180505563,-0.48677359238699436,-0.44677096867907,-0.5900010687169742,0.9178208836026555,-0.13755058447579868,0.9294885575499107,2025-01-18,2025-01-19,2025-02-04
4,F5,1630249,1874,-0.6579,-0.3548948186528498,0.17532692649596854,-0.3548948186528498,-0.32572987604196274,-0.4674212575473732,0.9178208836026555,-0.13755058447579868,0.9294885575499107,2025-01-18,2025-01-19,2025-02-04
4,F5,1627752,4125,-0.2995,-0.21579694323144105,0.17888539458435582,-0.21579694323144105,-0.1980629411154333,-0.33813137396367077,0.9178208836026555,-0.13755058447579868,0.9294885575499107,2025-01-18,2025-01-19,2025-02-04
4,F5,1630191,3325,-0.3717,-0.25094467005076143,-0.7760266836968572,-0.25094467005076143,-0.2303222588013667,-0.3708007838661192,0.9178208836026555,-0.13755058447579868,0.9294885575499107,2025-01-18,2025-01-19,2025-02-04
4,F5,1630193,1035,-1.206,-0.4737039848197343,3.2177659351911556,-0.4737039848197343,-0.4347754099133474,-0.5778530180315383,0.9178208836026555,-0.13755058447579868,0.9294885575499107,2025-01-18,2025-01-19,2025-02-04
4,F5,1630192,410,-3.0819,-0.6286462686567164,0.015964112452240206,-0.6286462686567164,-0.5769846737720198,-0.7218700979386636,0.9178208836026555,-0.13755058447579868,0.9294885575499107,2025-01-18,2025-01-19,2025-02-04
4,F5,203078,3933,-0.3256,-0.23144493041749503,0.9174459255065409,-0.23144493041749503,-0.2124249905411404,-0.3526759990017956,0.9178208836026555,-0.13755058447579868,0.9294885575499107,2025-01-18,2025-01-19,2025-02-04
4,F5,1641775,918,-1.3963,-0.5090561556791104,-1.4783216406215585,-0.5090561556791104,-0.4672223706087721,-0.6107124563298778,0.9178208836026555,-0.13755058447579868,0.9294885575499107,2025-01-18,2025-01-19,2025-02-04
4,F5,1631216,1384,-0.9738,-0.4516552278820375,-2.247944141450208,-0.4516552278820375,-0.41453860033845036,-0.55735895074975,0.9178208836026555,-0.13755058447579868,0.9294885575499107,2025-01-18,2025-01-19,2025-02-04
4,F5,202684,469,-2.89,-0.6551039149347512,-3.9709997864243185,-0.6551039149347512,-0.6012680540569721,-0.7464621774137999,0.9178208836026555,-0.13755058447579868,0.9294885575499107,2025-01-18,2025-01-19,2025-02-04
4,F5,1630173,1758,-0.8031,-0.420443656938654,2.0178111715740106,-0.420443656938654,-0.38589196871656717,-0.5283481526947177,0.9178208836026555,-0.13755058447579868,0.9294885575499107,2025-01-18,2025-01-19,2025-02-04
4,F5,1630214,718,-1.9757,-0.6119726488352027,-11.791634567158415,-0.6119726488352027,-0.5616812772945834,-0.7063721591016293,0.9178208836026555,-0.13755058447579868,0.9294885575499107,2025-01-18,2025-01-19,2025-02-04
4,F5,1630166,4405,-0.3221,-0.2362781848459617,1.633641072286144,-0.2362781848459617,-0.21686105239135212,-0.3571684536887828,0.9178208836026555,-0.13755058447579868,0.9294885575499107,2025-01-18,2025-01-19,2025-02-04
4,F5,1630695,1132,-1.2577,-0.5211260614934115,-1.1394406031966127,-0.5211260614934115,-0.47830038222825466,-0.6219312956749757,0.9178208836026555,-0.13755058447579868,0.9294885575499107,2025-01-18,2025-01-19,2025-02-04
4,F5,1630208,1986,-0.7192,-0.39830764082543224,-2.427493925231097,-0.39830764082543224,-0.3655750708480873,-0.5077729790077377,0.9178208836026555,-0.13755058447579868,0.9294885575499107,2025-01-18,2025-01-19,2025-02-04
4,F5,1641998,694,-2.1124,-0.6390608544027899,-2.4961600817808294,-0.6390608544027899,-0.5865433980638366,-0.7315503362212614,0.9178208836026555,-0.13755058447579868,0.9294885575499107,2025-01-18,2025-01-19,2025-02-04
4,F5,203482,1211,-1.2231,-0.5269207043756671,-0.053828614661734914,-0.5269207043756671,-0.4836188264786084,-0.6273173499291204,0.9178208836026555,-0.13755058447579868,0.9294885575499107,2025-01-18,2025-01-19,2025-02-04
4,F5,1631103,1124,-1.3228,-0.5458249632892804,0.3689832223364562,-0.5458249632892804,-0.5009695500985544,-0.6448886422782849,0.9178208836026555,-0.13755058447579868,0.9294885575499107,2025-01-18,2025-01-19,2025-02-04
4,F5,1641711,4644,-0.3222,-0.2396375400384369,0.6106788523929076,-0.2396375400384369,-0.21994433874244487,-0.36029093590093436,0.9178208836026555,-0.13755058447579868,0.9294885575499107,2025-01-18,2025-01-19,2025-02-04
4,F5,1641712,1151,-1.3046,-0.5458359142130135,-4.695323733376757,-0.5458359142130135,-0.5009796010850512,-0.6448988210365894,0.9178208836026555,-0.13755058447579868,0.9294885575499107,2025-01-18,2025-01-19,2025-02-04
4,F5,202704,1107,-1.3576,-0.5551766531215367,-2.9129312963248415,-0.5551766531215367,-0.5095527263235738,-0.653580930971123,0.9178208836026555,-0.13755058447579868,0.9294885575499107,2025-01-18,2025-01-19,2025-02-04
4,F5,1631323,2871,-0.5284,-0.33930583762021915,-1.4157574171629657,-0.33930583762021915,-0.31142198369612867,-0.4529314780536804,0.9178208836026555,-0.13755058447579868,0.9294885575499107,2025-01-18,2025-01-19,2025-02-04
4,F5,1641763,2342,-0.6494,-0.38581806189751394,0.5818440308358154,-0.38581806189751394,-0.35411187448064024,-0.49616405830562105,0.9178208836026555,-0.13755058447579868,0.9294885575499107,2025-01-18,2025-01-19,2025-02-04
4,F5,1631223,1408,-1.0934,-0.5118042553191489,-3.695610168099249,-0.5118042553191489,-0.4697446338486203,-0.6132667835003005,0.9178208836026555,-0.13755058447579868,0.9294885575499107,2025-01-18,2025-01-19,2025-02-04
4,F5,1641730,2902,-0.5311,-0.34234833407374504,-1.3360891190622433,-0.34234833407374504,-0.3142144504794617,-0.45575944369361887,0.9178208836026555,-0.13755058447579868,0.9294885575499107,2025-01-18,2025-01-19,2025-02-04
4,F5,1630574,472,-3.3258,-0.7576146718146718,2.062636022951799,-0.7576146718146718,-0.6953545675152779,-0.8417447529594669,0.9178208836026555,-0.13755058447579868,0.9294885575499107,2025-01-18,2025-01-19,2025-02-04
4,F5,1631207,2202,-0.7254,-0.4201290899526565,0.5997382111115631,-0.4201290899526565,-0.3856032525675267,-0.5280557662806501,0.9178208836026555,-0.13755058447579868,0.9294885575499107,2025-01-18,2025-01-19,2025-02-04
4,F5,1631209,627,-2.5624,-0.7214300853165693,0.04790559285998326,-0.7214300853165693,-0.6621435983627927,-0.8081115938498057,0.9178208836026555,-0.13755058447579868,0.9294885575499107,2025-01-18,2025-01-19,2025-02-04
4,F5,1641824,2265,-0.7123,-0.41742807244501945,2.3514390019013067,-0.41742807244501945,-0.383124202292041,-0.5255452014135594,0.9178208836026555,-0.13755058447579868,0.9294885575499107,2025-01-18,2025-01-19,2025-02-04
4,F5,1641757,1408,-1.1462,-0.5365191489361703,0.7981767749445376,-0.5365191489361703,-0.4924284793463405,-0.6362389943183853,0.9178208836026555,-0.13755058447579868,0.9294885575499107,2025-01-18,2025-01-19,2025-02-04
4,F5,203903,2346,-0.6923,-0.41159042067916884,2.3566116747672043,-0.41159042067916884,-0.3777662835901434,-0.5201191708942402,0.9178208836026555,-0.13755058447579868,0.9294885575499107,2025-01-18,2025-01-19,2025-02-04
4,F5,203083,2116,-0.7894,-0.44950764262648013,-3.771093421267689,-0.44950764262648013,-0.4125675017415827,-0.5553627948283464,0.9178208836026555,-0.13755058447579868,0.9294885575499107,2025-01-18,2025-01-19,2025-02-04
4,F5,1641741,1825,-0.9174,-0.4888335766423358,0.058437894094955777,-0.4888335766423358,-0.44866166524851503,-0.5919158005110471,0.9178208836026555,-0.13755058447579868,0.9294885575499107,2025-01-18,2025-01-19,2025-02-04
4,F5,1642345,2289,-0.756,-0.4449688866032399,-0.045380220434318594,-0.4449688866032399,-0.40840173667787544,-0.551144073039234,0.9178208836026555,-0.13755058447579868,0.9294885575499107,2025-01-18,2025-01-19,2025-02-04
4,F5,101108,4835,-0.3586,-0.2694376068376068,-0.40319190049042164,-0.2694376068376068,-0.24729546238347716,-0.38798975700498584,0.9178208836026555,-0.13755058447579868,0.9294885575499107,2025-01-18,2025-01-19,2025-02-04
4,F5,1641764,2952,-0.5886,-0.38171072056239014,3.4228462642423954,-0.38171072056239014,-0.3503420708271792,-0.4923463315326717,0.9178208836026555,-0.13755058447579868,0.9294885575499107,2025-01-18,2025-01-19,2025-02-04
4,F5,1630591,3986,-0.4449,-0.3174671321160043,-0.2812334647257696,-0.3174671321160043,-0.29137796371351204,-0.4326326511758104,0.9178208836026555,-0.13755058447579868,0.9294885575499107,2025-01-18,2025-01-19,2025-02-04
4,F5,1629629,2314,-0.7675,-0.4537544711292795,1.8369264099442666,-0.4537544711292795,-0.41646532963053096,-0.5593101733275753,0.9178208836026555,-0.13755058447579868,0.9294885575499107,2025-01-18,2025-01-19,2025-02-04
4,F5,1627824,4002,-0.457,-0.32647518743305964,0.38695876243816174,-0.32647518743305964,-0.29964574500415336,-0.44100553551878996,0.9178208836026555,-0.13755058447579868,0.9294885575499107,2025-01-18,2025-01-19,2025-02-04
4,F5,1629622,1276,-1.4469,-0.641948678720445,1.082169652372727,-0.641948678720445,-0.5891939035307561,-0.7342345358807362,0.9178208836026555,-0.13755058447579868,0.9294885575499107,2025-01-18,2025-01-19,2025-02-04
4,F5,203500,1224,-1.5283,-0.6624076487252124,0.6577643912405061,-0.6624076487252124,-0.6079715734581319,-0.7532509143994243,0.9178208836026555,-0.13755058447579868,0.9294885575499107,2025-01-18,2025-01-19,2025-02-04
4,F5,1629632,5540,-0.3385,-0.2626456582633053,-1.6640417560953848,-0.2626456582633053,-0.241061670141628,-0.38167671852170515,0.9178208836026555,-0.13755058447579868,0.9294885575499107,2025-01-18,2025-01-19,2025-02-04
4,F5,1631104,1031,-1.8394,-0.7207987077156974,4.684831266934701,-0.7207987077156974,-0.6615641068152736,-0.8075247355943019,0.9178208836026555,-0.13755058447579868,0.9294885575499107,2025-01-18,2025-01-19,2025-02-04
4,F5,1630549,1395,-1.3783,-0.641979465776294,2.771637719926229,-0.641979465776294,-0.5892221605335588,-0.7342631520968684,0.9178208836026555,-0.13755058447579868,0.9294885575499107,2025-01-18,2025-01-19,2025-02-04
4,F5,1629750,3366,-0.5834,-0.3954338300443013,-0.7246495513331218,-0.3954338300443013,-0.36293742729764294,-0.5051018047701128,0.9178208836026555,-0.13755058447579868,0.9294885575499107,2025-01-18,2025-01-19,2025-02-04
4,F5,1642270,2096,-0.955,-0.5415800865800866,-3.7488316557903594,-0.5415800865800866,-0.49707351360653773,-0.6409430779488792,0.9178208836026555,-0.13755058447579868,0.9294885575499107,2025-01-18,2025-01-19,2025-02-04
4,F5,1631170,3285,-0.614,-0.4128945752302968,-0.6821943223295173,-0.4128945752302968,-0.37896326387261414,-0.5213313676267903,0.9178208836026555,-0.13755058447579868,0.9294885575499107,2025-01-18,2025-01-19,2025-02-04
4,F5,201935,5256,-0.3839,-0.2943084014002334,-1.1505553691408452,-0.2943084014002334,-0.2701223970248472,-0.4111068759681218,0.9178208836026555,-0.13755058447579868,0.9294885575499107,2025-01-18,2025-01-19,2025-02-04
4,F5,1629614,3291,-0.6133,-0.4126702719280311,1.3974817198382516,-0.4126702719280311,-0.3787573936175336,-0.5211228802739136,0.9178208836026555,-0.13755058447579868,0.9294885575499107,2025-01-18,2025-01-19,2025-02-04
4,F5,202331,3574,-0.5668,-0.3915236180904523,-2.0691722839325095,-0.3915236180904523,-0.3593485531070875,-0.5014673075014153,0.9178208836026555,-0.13755058447579868,0.9294885575499107,2025-01-18,2025-01-19,2025-02-04
4,F5,1626168,2565,-0.7971,-0.4908911164465786,-0.46912912974204674,-0.4908911164465786,-0.4505501182496928,-0.5938282602157943,0.9178208836026555,-0.13755058447579868,0.9294885575499107,2025-01-18,2025-01-19,2025-02-04
4,F5,1630579,1629,-1.2717,-0.6415606379684112,1.6645106520804196,-0.6415606379684112,-0.5888377516248505,-0.7338738564418578,0.9178208836026555,-0.13755058447579868,0.9294885575499107,2025-01-18,2025-01-19,2025-02-04
4,F5,1626156,3680,-0.5651,-0.3938575757575758,-0.6144791681083529,-0.3938575757575758,-0.361490708195418,-0.5036366944468125,0.9178208836026555,-0.13755058447579868,0.9294885575499107,2025-01-18,2025-01-19,2025-02-04
4,F5,1641783,3965,-0.5288,-0.3767640610961366,0.44316261178790906,-0.3767640610961366,-0.34580192346498095,-0.48774846816069306,0.9178208836026555,-0.13755058447579868,0.9294885575499107,2025-01-18,2025-01-19,2025-02-04
4,F5,1642367,2373,-0.9057,-0.5409579914422351,-0.2515371596761355,-0.5409579914422351,-0.49650254169742997,-0.6403648476365388,0.9178208836026555,-0.13755058447579868,0.9294885575499107,2025-01-18,2025-01-19,2025-02-04
4,F5,1630533,2733,-0.8225,-0.5187843295638126,0.9020067199570518,-0.5187843295638126,-0.4761510917594697,-0.6197546826415643,0.9178208836026555,-0.13755058447579868,0.9294885575499107,2025-01-18,2025-01-19,2025-02-04
4,F5,1641794,887,-2.5464,-0.9081852834740651,-0.8670251518224015,-0.9081852834740651,-0.8335514193530946,-0.9816984136001642,0.9178208836026555,-0.13755058447579868,0.9294885575499107,2025-01-18,2025-01-19,2025-02-04
4,F5,1630182,4162,-0.5698,-0.4115771607080875,1.0165630428134302,-0.4115771607080875,-0.37775411331176895,-0.5201068459028467,0.9178208836026555,-0.13755058447579868,0.9294885575499107,2025-01-18,2025-01-19,2025-02-04
4,F5,1642263,1564,-1.6304,-0.8059246523388117,2.2920812240619806,-0.8059246523388117,-0.7396944765267711,-0.886648327072114,0.9178208836026555,-0.13755058447579868,0.9294885575499107,2025-01-18,2025-01-19,2025-02-04
4,F5,2544,5112,-0.4998,-0.3806581644815256,0.7574946182807797,-0.3806581644815256,-0.3493760128749988,-0.4913679926993285,0.9178208836026555,-0.13755058447579868,0.9294885575499107,2025-01-18,2025-01-19,2025-02-04
4,F5,1631101,4311,-0.5977,-0.4359135002537642,1.2714528203883833,-0.4359135002537642,-0.4000905139772362,-0.5427271950432025,0.9178208836026555,-0.13755058447579868,0.9294885575499107,2025-01-18,2025-01-19,2025-02-04
4,F5,203992,2111,-1.235,-0.7025289679331717,-3.6997239652216893,-0.7025289679331717,-0.6447957581048852,-0.7905432215170298,0.9178208836026555,-0.13755058447579868,0.9294885575499107,2025-01-18,2025-01-19,2025-02-04
4,F5,1642266,2036,-1.3069,-0.7318064906490649,-0.27384926090768386,-0.7318064906490649,-0.6716672798736831,-0.8177563438748602,0.9178208836026555,-0.13755058447579868,0.9294885575499107,2025-01-18,2025-01-19,2025-02-04
4,F5,203486,2866,-0.9304,-0.5970726377071205,-0.9532468574889124,-0.5970726377071205,-0.5480057359153175,-0.6925227692507105,0.9178208836026555,-0.13755058447579868,0.9294885575499107,2025-01-18,2025-01-19,2025-02-04
4,F5,203924,3988,-0.6797,-0.4850829634931997,2.0600457628938202,-0.4850829634931997,-0.4452192741739232,-0.5884296485051288,0.9178208836026555,-0.13755058447579868,0.9294885575499107,2025-01-18,2025-01-19,2025-02-04
4,F5,1642354,698,-3.8936,-1.1826513489991297,-2.832627584663692,-1.1826513489991297,-1.0854621061322538,-1.2368114809414559,0.9178208836026555,-0.13755058447579868,0.9294885575499107,2025-01-18,2025-01-19,2025-02-04
4,F5,1630702,2223,-1.2362,-0.7188262097828929,-1.065097363048354,-0.7188262097828929,-0.6597537070196825,-0.8056913213359693,0.9178208836026555,-0.13755058447579868,0.9294885575499107,2025-01-18,2025-01-19,2025-02-04
4,F5,1630526,2774,-1.0146,-0.6434614540466392,-4.162430572878953,-0.6434614540466392,-0.5905823603173359,-0.7356406432365775,0.9178208836026555,-0.13755058447579868,0.9294885575499107,2025-01-18,2025-01-19,2025-02-04
4,F5,1629014,4928,-0.5895,-0.4450147058823529,1.7874468932071013,-0.4450147058823529,-0.408443790569117,-0.5511866615348846,0.9178208836026555,-0.13755058447579868,0.9294885575499107,2025-01-18,2025-01-19,2025-02-04
4,F5,203471,4905,-0.6102,-0.46011237509607994,-1.3284566143208436,-0.46011237509607994,-0.4223007466672005,-0.5652197723147174,0.9178208836026555,-0.13755058447579868,0.9294885575499107,2025-01-18,2025-01-19,2025-02-04
4,F5,1629651,3701,-0.8159,-0.5696370307489153,-0.8518608969089752,-0.5696370307489153,-0.5228247628947624,-0.667021686513622,0.9178208836026555,-0.13755058447579868,0.9294885575499107,2025-01-18,2025-01-19,2025-02-04
4,F5,1628464,2205,-1.3922,-0.806780814717477,-3.6658807867001713,-0.806780814717477,-0.740480280237665,-0.8874441202064881,0.9178208836026555,-0.13755058447579868,0.9294885575499107,2025-01-18,2025-01-19,2025-02-04
4,F5,1631213,2198,-1.4597,-0.8447658241179568,-1.657444629268487,-0.8447658241179568,-0.7753437151292685,-0.9227507518026599,0.9178208836026555,-0.13755058447579868,0.9294885575499107,2025-01-18,2025-01-19,2025-02-04
4,F5,1631099,5529,-0.5998,-0.46518364426988357,0.8678502316257756,-0.46518364426988357,-0.42695526342128787,-0.5699334589840235,0.9178208836026555,-0.13755058447579868,0.9294885575499107,2025-01-18,2025-01-19,2025-02-04
4,F5,1630557,3787,-0.8817,-0.6198251160200483,0.19026746637231842,-0.6198251160200483,-0.5688884356646392,-0.7136709374984794,0.9178208836026555,-0.13755058447579868,0.9294885575499107,2025-01-18,2025-01-19,2025-02-04
4,F5,1629216,2735,-1.265,-0.7981026528258363,1.062036811185525,-0.7981026528258363,-0.7325152820222324,-0.8793778680276424,0.9178208836026555,-0.13755058447579868,0.9294885575499107,2025-01-18,2025-01-19,2025-02-04
4,F5,202685,3108,-1.1636,-0.768153950722175,-1.4885912085652544,-0.768153950722175,-0.7050277377946973,-0.8515408921088182,0.9178208836026555,-0.13755058447579868,0.9294885575499107,2025-01-18,2025-01-19,2025-02-04
4,F5,1629028,3677,-1.038,-0.7232757248436612,2.4737759265145915,-0.7232757248436612,-0.6638375648643602,-0.8098270946715994,0.9178208836026555,-0.13755058447579868,0.9294885575499107,2025-01-18,2025-01-19,2025-02-04
4,F5,1628467,2410,-1.6106,-0.9679665835411472,-4.659873222696721,-0.9679665835411472,-0.8884199450035793,-1.0372644479679747,0.9178208836026555,-0.13755058447579868,0.9294885575499107,2025-01-18,2025-01-19,2025-02-04
4,F5,1631200,2200,-1.8948,-1.0969894736842105,2.1716831611716314,-1.0969894736842105,-1.006839848039654,-1.1571897480179711,0.9178208836026555,-0.13755058447579868,0.9294885575499107,2025-01-18,2025-01-19,2025-02-04
4,F5,1642274,4531,-0.942,-0.6961673462730387,-3.0747673770764297,-0.6961673462730387,-0.6389569288916361,-0.7846301669764746,0.9178208836026555,-0.13755058447579868,0.9294885575499107,2025-01-18,2025-01-19,2025-02-04
4,F5,1641710,3828,-1.1176,-0.7881674281503316,-1.1851263005623704,-0.7881674281503316,-0.7233965253317698,-0.8701431903750733,0.9178208836026555,-0.13755058447579868,0.9294885575499107,2025-01-18,2025-01-19,2025-02-04
4,F5,1641748,2593,-1.7288,-1.0691100405437635,-0.5853401232089581,-1.0691100405437635,-0.9812515220803478,-1.1312761339229478,0.9178208836026555,-0.13755058447579868,0.9294885575499107,2025-01-18,2025-01-19,2025-02-04
4,F5,1630175,2534,-1.8121,-1.1107550556361878,1.4371169894311389,-1.1107550556361878,-1.0194741866301227,-1.1699846989303497,0.9178208836026555,-0.13755058447579868,0.9294885575499107,2025-01-18,2025-01-19,2025-02-04
4,F5,1630592,4380,-1.0575,-0.774556856187291,-1.3939459445673907,-0.774556856187291,-0.7109044581463143,-0.8574923194737174,0.9178208836026555,-0.13755058447579868,0.9294885575499107,2025-01-18,2025-01-19,2025-02-04
4,F5,1641722,2599,-1.8557,-1.1485983091212193,0.7766283351996183,-1.1485983091212193,-1.0542075149821535,-1.2051595700251472,0.9178208836026555,-0.13755058447579868,0.9294885575499107,2025-01-18,2025-01-19,2025-02-04
4,F5,1629628,4683,-1.036,-0.772176985516473,2.0789687796135845,-0.772176985516473,-0.7087201631443641,-0.8552802569167434,0.9178208836026555,-0.13755058447579868,0.9294885575499107,2025-01-18,2025-01-19,2025-02-04
4,F5,201566,4921,-1.0438,-0.7876920410979912,-2.7529913084818087,-0.7876920410979912,-0.7229602051673375,-0.8697013235495155,0.9178208836026555,-0.13755058447579868,0.9294885575499107,2025-01-18,2025-01-19,2025-02-04
4,F5,1642258,3896,-1.3234,-0.9381307132459971,3.3347580996928827,-0.9381307132459971,-0.8610359601662304,-1.0095323479240894,0.9178208836026555,-0.13755058447579868,0.9294885575499107,2025-01-18,2025-01-19,2025-02-04
4,F5,1630595,5600,-0.9383,-0.7297888888888889,-0.46992145030222143,-0.7297888888888889,-0.6698154828434002,-0.8158810061250841,0.9178208836026555,-0.13755058447579868,0.9294885575499107,2025-01-18,2025-01-19,2025-02-04
4,F5,203995,2116,-2.4847,-1.4148614639397203,-2.724722658660482,-1.4148614639397203,-1.2985893990085007,-1.4526481257260844,0.9178208836026555,-0.13755058447579868,0.9294885575499107,2025-01-18,2025-01-19,2025-02-04
4,F5,203110,4004,-1.3578,-0.9701340471092077,-0.8963373261018797,-0.9701340471092077,-0.8904092883307931,-1.0392790805533931,0.9178208836026555,-0.13755058447579868,0.9294885575499107,2025-01-18,2025-01-19,2025-02-04
4,F5,1630172,3695,-1.4969,-1.044578942398489,-1.7213372556945814,-1.044578942398489,-0.9587363679049086,-1.1084747588927815,0.9178208836026555,-0.13755058447579868,0.9294885575499107,2025-01-18,2025-01-19,2025-02-04
4,F5,1630553,3577,-1.5963,-1.102948638207456,-0.3030786463870889,-1.102948638207456,-1.0123092936879128,-1.1627287232548853,0.9178208836026555,-0.13755058447579868,0.9294885575499107,2025-01-18,2025-01-19,2025-02-04
4,F5,1630567,4246,-1.3565,-0.9852375983578516,0.5428068233061144,-0.9852375983578516,-0.9042716430833615,-1.0533176586173765,0.9178208836026555,-0.13755058447579868,0.9294885575499107,2025-01-18,2025-01-19,2025-02-04
4,F5,1642347,2426,-2.3936,-1.442343169398907,-1.0998547692357896,-1.442343169398907,-1.3238126821959595,-1.4781920564923552,0.9178208836026555,-0.13755058447579868,0.9294885575499107,2025-01-18,2025-01-19,2025-02-04
4,F5,1629645,2806,-2.0757,-1.3219278710848843,-1.3239407003381545,-1.3219278710848843,-1.2132930066981058,-1.366267414555512,0.9178208836026555,-0.13755058447579868,0.9294885575499107,2025-01-18,2025-01-19,2025-02-04
4,F5,1641739,5205,-1.1337,-0.867143056576047,1.900878830806924,-0.867143056576047,-0.7958820063965348,-0.9435501333220891,0.9178208836026555,-0.13755058447579868,0.9294885575499107,2025-01-18,2025-01-19,2025-02-04
4,F5,1628389,5188,-1.1654,-0.8907034767236299,0.42957839579173435,-0.8907034767236299,-0.8175062520344393,-0.9654492742603359,0.9178208836026555,-0.13755058447579868,0.9294885575499107,2025-01-18,2025-01-19,2025-02-04
4,F5,1626179,4015,-1.5079,-1.0782223508459483,-1.9420837083953555,-1.0782223508459483,-0.9896149907735606,-1.1397459220816728,0.9178208836026555,-0.13755058447579868,0.9294885575499107,2025-01-18,2025-01-19,2025-02-04
4,F5,1630703,3727,-1.7023,-1.1910028346161066,0.8806906773223202,-1.1910028346161066,-1.0931272740406222,-1.2445740912609784,0.9178208836026555,-0.13755058447579868,0.9294885575499107,2025-01-18,2025-01-19,2025-02-04
4,F5,1629027,5824,-1.1511,-0.9030181034482758,-2.557637207136868,-0.9030181034482758,-0.8288088736160907,-0.9768955788913927,0.9178208836026555,-0.13755058447579868,0.9294885575499107,2025-01-18,2025-01-19,2025-02-04
4,F5,1642262,2184,-3.0836,-1.7797522198731501,-1.537892679172348,-1.7797522198731501,-1.6334937550377622,-1.7918099081219445,0.9178208836026555,-0.13755058447579868,0.9294885575499107,2025-01-18,2025-01-19,2025-02-04
4,F5,1628398,2701,-2.5909,-1.6270683329458264,-2.2478352755447517,-1.6270683329458264,-1.493357295026238,-1.6498919823007527,0.9178208836026555,-0.13755058447579868,0.9294885575499107,2025-01-18,2025-01-19,2025-02-04
4,F5,1642273,3622,-1.9687,-1.3654981616238988,-1.696179594734977,-1.3654981616238988,-1.2532827292594484,-1.4067655010606512,0.9178208836026555,-0.13755058447579868,0.9294885575499107,2025-01-18,2025-01-19,2025-02-04
4,F5,1642264,4112,-1.7355,-1.2493655462184874,-0.7936434331275524,-1.2493655462184874,-1.1466937895729663,-1.2988215638829768,0.9178208836026555,-0.13755058447579868,0.9294885575499107,2025-01-18,2025-01-19,2025-02-04
4,F5,1630558,3826,-1.962,-1.383452266863251,-0.31443841692172564,-1.383452266863251,-1.2697613819945257,-1.4234536364416759,0.9178208836026555,-0.13755058447579868,0.9294885575499107,2025-01-18,2025-01-19,2025-02-04
4,F5,1627732,3062,-2.6308,-1.727908537108537,-0.7399141268824345,-1.727908537108537,-1.5859105403135292,-1.743621798210989,0.9178208836026555,-0.13755058447579868,0.9294885575499107,2025-01-18,2025-01-19,2025-02-04
4,F5,1641718,3970,-2.0684,-1.4742456014362657,-1.8556703220709085,-1.4742456014362657,-1.3530934005575617,-1.5078450020290939,0.9178208836026555,-0.13755058447579868,0.9294885575499107,2025-01-18,2025-01-19,2025-02-04
4,F5,1627749,3543,-2.6584,-1.8313651954112387,-1.4902578113761538,-1.8313651954112387,-1.6808652218514928,-1.8397835783057013,0.9178208836026555,-0.13755058447579868,0.9294885575499107,2025-01-18,2025-01-19,2025-02-04
4,F5,1642259,4175,-2.2635,-1.6363831168831169,-3.6721887596738734,-1.6363831168831169,-1.5019065982501298,-1.6585499673865138,0.9178208836026555,-0.13755058447579868,0.9294885575499107,2025-01-18,2025-01-19,2025-02-04
4,F5,1642267,5045,-1.9803,-1.503478329571106,-3.5643548633504,-1.503478329571106,-1.379923808924397,-1.5350164883363953,0.9178208836026555,-0.13755058447579868,0.9294885575499107,2025-01-18,2025-01-19,2025-02-04
4,F5,1630581,4548,-2.2171,-1.6401058555627845,-0.1750014254333688,-1.6401058555627845,-1.5053234055545242,-1.6620102103920134,0.9178208836026555,-0.13755058447579868,0.9294885575499107,2025-01-18,2025-01-19,2025-02-04
4,F5,1641731,5028,-2.1929,-1.6635336753168375,-0.24527588135270126,-1.6635336753168375,-1.5268259477820727,-1.6837861007817474,0.9178208836026555,-0.13755058447579868,0.9294885575499107,2025-01-18,2025-01-19,2025-02-04
4,F5,1642268,2711,-4.388,-2.7594219438645324,-2.124678835956416,-2.7594219438645324,-2.532655086750302,-2.7024017067500132,0.9178208836026555,-0.13755058447579868,0.9294885575499107,2025-01-18,2025-01-19,2025-02-04
