season,gameId,status,reconcileOk,quarantined,possessionCount,lineupOk
2024-25,0022400001,COMPLETE,true,false,198,true
2024-25,0022400002,COMPLETE,true,false,212,false
2024-25,0022400003,COMPLETE,true,false,204,true
2024-25,0022400004,COMPLETE,true,false,199,false
2024-25,0022400005,COMPLETE,true,false,196,true
2024-25,0022400006,COMPLETE,true,false,188,true
2024-25,0022400007,COMPLETE,true,false,206,true
2024-25,0022400008,COMPLETE,true,false,201,true
2024-25,0022400009,COMPLETE,true,false,203,true
2024-25,0022400010,COMPLETE,true,false,183,false
2024-25,0022400011,COMPLETE,true,false,201,false
2024-25,0022400012,COMPLETE,true,false,225,true
2024-25,0022400013,COMPLETE,true,false,216,true
2024-25,0022400014,COMPLETE,true,false,196,false
2024-25,0022400015,COMPLETE,true,false,194,false
2024-25,0022400016,COMPLETE,true,false,210,false
2024-25,0022400017,COMPLETE,true,false,184,true
2024-25,0022400018,COMPLETE,true,false,191,true
2024-25,0022400019,COMPLETE,true,false,222,false
2024-25,0022400020,COMPLETE,true,false,212,true
2024-25,0022400021,COMPLETE,true,false,189,true
2024-25,0022400022,COMPLETE,true,false,195,false
2024-25,0022400023,COMPLETE,true,false,224,true
2024-25,0022400024,REPAIRABLE_STRUCTURAL,false,false,203,true
2024-25,0022400025,COMPLETE,true,false,201,false
2024-25,0022400026,COMPLETE,true,false,198,true
2024-25,0022400027,COMPLETE,true,false,185,true
2024-25,0022400028,COMPLETE,true,false,206,true
2024-25,0022400029,COMPLETE,true,false,212,true
2024-25,0022400030,COMPLETE,true,false,219,false
2024-25,0022400031,COMPLETE,true,false,205,true
2024-25,0022400032,COMPLETE,true,false,198,false
2024-25,0022400033,COMPLETE,true,false,200,true
2024-25,0022400034,COMPLETE,true,false,198,false
2024-25,0022400035,COMPLETE,true,false,215,false
2024-25,0022400036,COMPLETE,true,false,174,true
2024-25,0022400037,COMPLETE,true,false,214,true
2024-25,0022400038,COMPLETE,true,false,202,false
2024-25,0022400039,COMPLETE,true,false,203,true
2024-25,0022400040,COMPLETE,true,false,186,true
2024-25,0022400041,COMPLETE,true,false,205,true
2024-25,0022400042,COMPLETE,true,false,207,true
2024-25,0022400043,COMPLETE,true,false,194,false
2024-25,0022400044,COMPLETE,true,false,189,true
2024-25,0022400045,COMPLETE,true,false,200,true
2024-25,0022400046,COMPLETE,true,false,192,true
2024-25,0022400047,COMPLETE,true,false,208,false
2024-25,0022400048,COMPLETE,true,false,185,false
2024-25,0022400049,COMPLETE,true,false,194,true
2024-25,0022400050,COMPLETE,true,false,187,true
2024-25,0022400051,COMPLETE,true,false,205,false
2024-25,0022400052,COMPLETE,true,false,203,true
2024-25,0022400053,COMPLETE,true,false,203,true
2024-25,0022400054,COMPLETE,true,false,216,true
2024-25,0022400055,COMPLETE,true,false,192,true
2024-25,0022400056,COMPLETE,true,false,216,true
2024-25,0022400057,COMPLETE,true,false,198,false
2024-25,0022400058,COMPLETE,true,false,212,true
2024-25,0022400059,COMPLETE,true,false,191,true
2024-25,0022400060,COMPLETE,true,false,183,true
2024-25,0022400061,COMPLETE,true,false,179,false
2024-25,0022400062,COMPLETE,true,false,190,true
2024-25,0022400063,COMPLETE,true,false,199,true
2024-25,0022400064,COMPLETE,true,false,210,true
2024-25,0022400065,COMPLETE,true,false,194,false
2024-25,0022400066,COMPLETE,true,false,199,false
2024-25,0022400067,COMPLETE,true,false,201,true
2024-25,0022400068,COMPLETE,true,false,192,true
2024-25,0022400069,COMPLETE,true,false,213,false
2024-25,0022400070,COMPLETE,true,false,208,false
2024-25,0022400071,COMPLETE,true,false,225,false
2024-25,0022400072,COMPLETE,true,false,221,true
2024-25,0022400073,COMPLETE,true,false,206,false
2024-25,0022400074,COMPLETE,true,false,208,false
2024-25,0022400075,COMPLETE,true,false,196,true
2024-25,0022400076,COMPLETE,true,false,204,false
2024-25,0022400077,COMPLETE,true,false,197,true
2024-25,0022400078,COMPLETE,true,false,206,true
2024-25,0022400079,COMPLETE,true,false,209,true
2024-25,0022400080,COMPLETE,true,false,198,false
2024-25,0022400081,COMPLETE,true,false,193,true
2024-25,0022400082,COMPLETE,true,false,215,false
2024-25,0022400083,COMPLETE,true,false,214,false
2024-25,0022400084,COMPLETE,true,false,210,true
2024-25,0022400085,COMPLETE,true,false,201,true
2024-25,0022400086,COMPLETE,true,false,209,false
2024-25,0022400087,COMPLETE,true,false,192,true
2024-25,0022400088,COMPLETE,true,false,195,true
2024-25,0022400089,COMPLETE,true,false,196,true
2024-25,0022400090,COMPLETE,true,false,209,false
2024-25,0022400091,COMPLETE,true,false,229,false
2024-25,0022400092,COMPLETE,true,false,210,false
2024-25,0022400093,COMPLETE,true,false,198,true
2024-25,0022400094,COMPLETE,true,false,194,true
2024-25,0022400095,COMPLETE,true,false,195,true
2024-25,0022400096,COMPLETE,true,false,213,true
2024-25,0022400097,COMPLETE,true,false,218,true
2024-25,0022400098,COMPLETE,true,false,198,false
2024-25,0022400099,COMPLETE,true,false,192,false
2024-25,0022400100,COMPLETE,true,false,206,false
2024-25,0022400101,COMPLETE,true,false,207,false
2024-25,0022400102,COMPLETE,true,false,199,true
2024-25,0022400103,COMPLETE,true,false,211,true
2024-25,0022400104,COMPLETE,true,false,202,true
2024-25,0022400105,COMPLETE,true,false,195,true
2024-25,0022400106,COMPLETE,true,false,194,false
2024-25,0022400107,COMPLETE,true,false,225,true
2024-25,0022400108,COMPLETE,true,false,209,true
2024-25,0022400109,COMPLETE,true,false,188,true
2024-25,0022400110,COMPLETE,true,false,201,true
2024-25,0022400111,COMPLETE,true,false,193,false
2024-25,0022400112,COMPLETE,true,false,196,true
2024-25,0022400113,COMPLETE,true,false,211,false
2024-25,0022400114,COMPLETE,true,false,196,true
2024-25,0022400115,COMPLETE,true,false,194,true
2024-25,0022400116,COMPLETE,true,false,191,true
2024-25,0022400117,COMPLETE,true,false,206,true
2024-25,0022400118,COMPLETE,true,false,209,true
2024-25,0022400119,COMPLETE,true,false,233,true
2024-25,0022400120,COMPLETE,true,false,186,true
2024-25,0022400121,COMPLETE,true,false,212,true
2024-25,0022400122,COMPLETE,true,false,186,true
2024-25,0022400123,COMPLETE,true,false,203,true
2024-25,0022400124,COMPLETE,true,false,198,false
2024-25,0022400125,COMPLETE,true,false,198,true
2024-25,0022400126,COMPLETE,true,false,189,true
2024-25,0022400127,COMPLETE,true,false,190,false
2024-25,0022400128,COMPLETE,true,false,206,true
2024-25,0022400129,COMPLETE,true,false,189,true
2024-25,0022400130,COMPLETE,true,false,200,true
2024-25,0022400131,COMPLETE,true,false,199,false
2024-25,0022400132,COMPLETE,true,false,195,true
2024-25,0022400133,COMPLETE,true,false,204,true
2024-25,0022400134,COMPLETE,true,false,196,true
2024-25,0022400135,COMPLETE,true,false,207,false
2024-25,0022400136,COMPLETE,true,false,202,true
2024-25,0022400137,COMPLETE,true,false,206,true
2024-25,0022400138,COMPLETE,true,false,197,true
2024-25,0022400139,COMPLETE,true,false,197,true
2024-25,0022400140,COMPLETE,true,false,202,true
2024-25,0022400141,COMPLETE,true,false,192,true
2024-25,0022400142,COMPLETE,true,false,201,true
2024-25,0022400143,COMPLETE,true,false,233,true
2024-25,0022400144,COMPLETE,true,false,214,true
2024-25,0022400145,COMPLETE,true,false,193,false
2024-25,0022400146,COMPLETE,true,false,191,true
2024-25,0022400148,COMPLETE,true,false,211,false
2024-25,0022400149,COMPLETE,true,false,205,true
2024-25,0022400150,COMPLETE,true,false,200,true
2024-25,0022400151,COMPLETE,true,false,188,false
2024-25,0022400152,COMPLETE,true,false,194,true
2024-25,0022400153,COMPLETE,true,false,202,true
2024-25,0022400154,COMPLETE,true,false,200,true
2024-25,0022400155,COMPLETE,true,false,205,true
2024-25,0022400156,COMPLETE,true,false,197,true
2024-25,0022400157,COMPLETE,true,false,210,true
2024-25,0022400158,COMPLETE,true,false,186,false
2024-25,0022400159,COMPLETE,true,false,186,true
2024-25,0022400160,COMPLETE,true,false,206,true
2024-25,0022400161,COMPLETE,true,false,182,true
2024-25,0022400162,COMPLETE,true,false,196,true
2024-25,0022400163,COMPLETE,true,false,199,true
2024-25,0022400164,COMPLETE,true,false,185,true
2024-25,0022400165,COMPLETE,true,false,209,true
2024-25,0022400166,COMPLETE,true,false,204,false
2024-25,0022400167,COMPLETE,true,false,200,false
2024-25,0022400168,COMPLETE,true,false,182,true
2024-25,0022400169,COMPLETE,true,false,201,true
2024-25,0022400170,COMPLETE,true,false,190,true
2024-25,0022400171,COMPLETE,true,false,198,false
2024-25,0022400172,COMPLETE,true,false,194,true
2024-25,0022400173,COMPLETE,true,false,203,true
2024-25,0022400174,COMPLETE,true,false,209,true
2024-25,0022400175,COMPLETE,true,false,197,true
2024-25,0022400176,COMPLETE,true,false,211,true
2024-25,0022400177,COMPLETE,true,false,218,false
2024-25,0022400178,COMPLETE,true,false,196,true
2024-25,0022400179,COMPLETE,true,false,178,true
2024-25,0022400180,COMPLETE,true,false,191,true
2024-25,0022400181,COMPLETE,true,false,195,false
2024-25,0022400182,COMPLETE,true,false,194,true
2024-25,0022400183,COMPLETE,true,false,190,true
2024-25,0022400184,COMPLETE,true,false,186,false
2024-25,0022400185,COMPLETE,true,false,212,false
2024-25,0022400186,COMPLETE,true,false,192,true
2024-25,0022400187,COMPLETE,true,false,204,false
2024-25,0022400188,COMPLETE,true,false,214,false
2024-25,0022400189,COMPLETE,true,false,187,true
2024-25,0022400190,COMPLETE,true,false,182,true
2024-25,0022400191,COMPLETE,true,false,212,true
2024-25,0022400192,COMPLETE,true,false,208,true
2024-25,0022400193,COMPLETE,true,false,206,false
2024-25,0022400194,COMPLETE,true,false,204,true
2024-25,0022400195,COMPLETE,true,false,193,false
2024-25,0022400196,COMPLETE,true,false,195,true
2024-25,0022400197,COMPLETE,true,false,210,true
2024-25,0022400198,COMPLETE,true,false,208,false
2024-25,0022400199,COMPLETE,true,false,185,true
2024-25,0022400200,COMPLETE,true,false,192,true
2024-25,0022400201,COMPLETE,true,false,194,true
2024-25,0022400202,COMPLETE,true,false,197,false
2024-25,0022400203,COMPLETE,true,false,198,true
2024-25,0022400204,COMPLETE,true,false,189,false
2024-25,0022400205,COMPLETE,true,false,212,false
2024-25,0022400206,COMPLETE,true,false,198,false
2024-25,0022400207,COMPLETE,true,false,199,true
2024-25,0022400208,COMPLETE,true,false,197,true
2024-25,0022400209,COMPLETE,true,false,229,true
2024-25,0022400210,COMPLETE,true,false,220,false
2024-25,0022400211,COMPLETE,true,false,183,true
2024-25,0022400212,COMPLETE,true,false,206,false
2024-25,0022400213,COMPLETE,true,false,202,true
2024-25,0022400214,COMPLETE,true,false,188,false
2024-25,0022400215,COMPLETE,true,false,206,true
2024-25,0022400216,COMPLETE,true,false,190,true
2024-25,0022400217,COMPLETE,true,false,194,true
2024-25,0022400218,COMPLETE,true,false,193,true
2024-25,0022400219,COMPLETE,true,false,207,false
2024-25,0022400220,COMPLETE,true,false,191,true
2024-25,0022400221,COMPLETE,true,false,188,false
2024-25,0022400222,COMPLETE,true,false,198,false
2024-25,0022400223,COMPLETE,true,false,216,true
2024-25,0022400224,COMPLETE,true,false,213,true
2024-25,0022400225,COMPLETE,true,false,209,false
2024-25,0022400226,COMPLETE,true,false,203,false
2024-25,0022400227,COMPLETE,true,false,193,false
2024-25,0022400228,COMPLETE,true,false,193,false
2024-25,0022400229,COMPLETE,true,false,192,true
2024-25,0022400230,COMPLETE,true,false,198,true
2024-25,0022400231,COMPLETE,true,false,184,true
2024-25,0022400232,COMPLETE,true,false,201,false
2024-25,0022400233,COMPLETE,true,false,193,true
2024-25,0022400234,COMPLETE,true,false,193,false
2024-25,0022400235,COMPLETE,true,false,185,true
2024-25,0022400236,COMPLETE,true,false,198,false
2024-25,0022400237,COMPLETE,true,false,203,true
2024-25,0022400238,COMPLETE,true,false,194,true
2024-25,0022400239,COMPLETE,true,false,206,true
2024-25,0022400240,COMPLETE,true,false,178,false
2024-25,0022400241,COMPLETE,true,false,226,true
2024-25,0022400242,COMPLETE,true,false,195,true
2024-25,0022400243,COMPLETE,true,false,190,true
2024-25,0022400244,COMPLETE,true,false,194,true
2024-25,0022400245,COMPLETE,true,false,205,true
2024-25,0022400246,COMPLETE,true,false,190,false
2024-25,0022400247,COMPLETE,true,false,207,false
2024-25,0022400248,COMPLETE,true,false,197,true
2024-25,0022400249,COMPLETE,true,false,177,true
2024-25,0022400250,COMPLETE,true,false,194,true
2024-25,0022400251,COMPLETE,true,false,205,true
2024-25,0022400252,COMPLETE,true,false,187,true
2024-25,0022400253,COMPLETE,true,false,191,true
2024-25,0022400254,COMPLETE,true,false,225,false
2024-25,0022400255,COMPLETE,true,false,196,true
2024-25,0022400256,COMPLETE,true,false,197,true
2024-25,0022400257,COMPLETE,true,false,204,true
2024-25,0022400258,COMPLETE,true,false,225,true
2024-25,0022400259,COMPLETE,true,false,193,true
2024-25,0022400260,COMPLETE,true,false,211,false
2024-25,0022400261,COMPLETE,true,false,198,true
2024-25,0022400262,COMPLETE,true,false,214,true
2024-25,0022400263,COMPLETE,true,false,195,true
2024-25,0022400264,COMPLETE,true,false,204,true
2024-25,0022400265,COMPLETE,true,false,183,true
2024-25,0022400266,COMPLETE,true,false,207,false
2024-25,0022400267,COMPLETE,true,false,196,false
2024-25,0022400268,COMPLETE,true,false,210,true
2024-25,0022400269,COMPLETE,true,false,183,true
2024-25,0022400270,COMPLETE,true,false,202,false
2024-25,0022400271,COMPLETE,true,false,179,true
2024-25,0022400272,COMPLETE,true,false,198,true
2024-25,0022400273,COMPLETE,true,false,220,false
2024-25,0022400274,COMPLETE,true,false,195,true
2024-25,0022400275,COMPLETE,true,false,205,false
2024-25,0022400276,COMPLETE,true,false,187,false
2024-25,0022400277,COMPLETE,true,false,186,true
2024-25,0022400278,COMPLETE,true,false,187,false
2024-25,0022400279,COMPLETE,true,false,205,false
2024-25,0022400280,COMPLETE,true,false,222,true
2024-25,0022400281,COMPLETE,true,false,195,true
2024-25,0022400282,COMPLETE,true,false,208,true
2024-25,0022400283,COMPLETE,true,false,200,true
2024-25,0022400284,COMPLETE,true,false,201,false
2024-25,0022400285,COMPLETE,true,false,197,true
2024-25,0022400286,COMPLETE,true,false,187,true
2024-25,0022400287,COMPLETE,true,false,211,true
2024-25,0022400288,COMPLETE,true,false,184,true
2024-25,0022400289,COMPLETE,true,false,211,true
2024-25,0022400290,COMPLETE,true,false,219,true
2024-25,0022400291,COMPLETE,true,false,203,false
2024-25,0022400292,COMPLETE,true,false,193,true
2024-25,0022400293,COMPLETE,true,false,210,true
2024-25,0022400294,COMPLETE,true,false,198,true
2024-25,0022400295,COMPLETE,true,false,201,true
2024-25,0022400296,COMPLETE,true,false,192,true
2024-25,0022400297,COMPLETE,true,false,204,true
2024-25,0022400298,COMPLETE,true,false,188,true
2024-25,0022400299,COMPLETE,true,false,203,true
2024-25,0022400300,COMPLETE,true,false,196,false
2024-25,0022400301,COMPLETE,true,false,199,true
2024-25,0022400302,COMPLETE,true,false,202,true
2024-25,0022400303,COMPLETE,true,false,195,true
2024-25,0022400304,COMPLETE,true,false,194,true
2024-25,0022400305,COMPLETE,true,false,194,true
2024-25,0022400306,COMPLETE,true,false,216,true
2024-25,0022400307,COMPLETE,true,false,206,true
2024-25,0022400308,COMPLETE,true,false,197,true
2024-25,0022400309,COMPLETE,true,false,199,true
2024-25,0022400310,COMPLETE,true,false,200,true
2024-25,0022400311,COMPLETE,true,false,183,false
2024-25,0022400312,COMPLETE,true,false,202,true
2024-25,0022400313,COMPLETE,true,false,200,true
2024-25,0022400314,COMPLETE,true,false,203,true
2024-25,0022400315,COMPLETE,true,false,211,true
2024-25,0022400316,COMPLETE,true,false,190,true
2024-25,0022400317,COMPLETE,true,false,208,true
2024-25,0022400318,COMPLETE,true,false,192,true
2024-25,0022400319,COMPLETE,true,false,200,true
2024-25,0022400320,COMPLETE,true,false,192,true
2024-25,0022400321,COMPLETE,true,false,191,true
2024-25,0022400322,COMPLETE,true,false,178,true
2024-25,0022400323,COMPLETE,true,false,208,true
2024-25,0022400324,COMPLETE,true,false,199,true
2024-25,0022400325,COMPLETE,true,false,216,false
2024-25,0022400326,COMPLETE,true,false,207,false
2024-25,0022400327,COMPLETE,true,false,183,true
2024-25,0022400328,COMPLETE,true,false,206,true
2024-25,0022400329,COMPLETE,true,false,216,false
2024-25,0022400330,COMPLETE,true,false,211,true
2024-25,0022400331,COMPLETE,true,false,215,false
2024-25,0022400332,COMPLETE,true,false,194,true
2024-25,0022400333,COMPLETE,true,false,189,false
2024-25,0022400334,COMPLETE,true,false,228,false
2024-25,0022400335,COMPLETE,true,false,189,true
2024-25,0022400336,COMPLETE,true,false,208,false
2024-25,0022400337,COMPLETE,true,false,208,true
2024-25,0022400338,COMPLETE,true,false,200,true
2024-25,0022400339,COMPLETE,true,false,206,true
2024-25,0022400340,COMPLETE,true,false,185,true
2024-25,0022400341,COMPLETE,true,false,206,true
2024-25,0022400342,COMPLETE,true,false,199,true
2024-25,0022400343,COMPLETE,true,false,203,true
2024-25,0022400344,COMPLETE,true,false,208,true
2024-25,0022400345,COMPLETE,true,false,217,true
2024-25,0022400346,COMPLETE,true,false,189,true
2024-25,0022400347,COMPLETE,true,false,204,true
2024-25,0022400348,COMPLETE,true,false,184,true
2024-25,0022400349,COMPLETE,true,false,204,true
2024-25,0022400350,COMPLETE,true,false,213,false
2024-25,0022400351,COMPLETE,true,false,196,true
2024-25,0022400352,COMPLETE,true,false,201,true
2024-25,0022400353,COMPLETE,true,false,217,false
2024-25,0022400354,COMPLETE,true,false,203,false
2024-25,0022400355,COMPLETE,true,false,188,false
2024-25,0022400356,COMPLETE,true,false,192,true
2024-25,0022400357,COMPLETE,true,false,195,true
2024-25,0022400358,COMPLETE,true,false,195,true
2024-25,0022400359,COMPLETE,true,false,191,false
2024-25,0022400360,COMPLETE,true,false,221,true
2024-25,0022400361,COMPLETE,true,false,193,true
2024-25,0022400362,COMPLETE,true,false,199,true
2024-25,0022400363,COMPLETE,true,false,197,true
2024-25,0022400364,COMPLETE,true,false,186,true
2024-25,0022400365,COMPLETE,true,false,200,true
2024-25,0022400366,COMPLETE,true,false,210,true
2024-25,0022400367,COMPLETE,true,false,202,true
2024-25,0022400368,COMPLETE,true,false,196,false
2024-25,0022400369,COMPLETE,true,false,207,false
2024-25,0022400370,COMPLETE,true,false,231,true
2024-25,0022400371,COMPLETE,true,false,199,false
2024-25,0022400372,COMPLETE,true,false,209,false
2024-25,0022400373,COMPLETE,true,false,183,true
2024-25,0022400374,COMPLETE,true,false,208,true
2024-25,0022400375,COMPLETE,true,false,195,true
2024-25,0022400376,COMPLETE,true,false,192,false
2024-25,0022400377,COMPLETE,true,false,205,true
2024-25,0022400378,COMPLETE,true,false,220,true
2024-25,0022400379,COMPLETE,true,false,203,true
2024-25,0022400380,COMPLETE,true,false,193,true
2024-25,0022400381,COMPLETE,true,false,202,true
2024-25,0022400382,COMPLETE,true,false,200,true
2024-25,0022400383,COMPLETE,true,false,193,true
2024-25,0022400384,COMPLETE,true,false,188,true
2024-25,0022400385,COMPLETE,true,false,191,false
2024-25,0022400386,COMPLETE,true,false,195,true
2024-25,0022400387,COMPLETE,true,false,201,true
2024-25,0022400388,COMPLETE,true,false,211,true
2024-25,0022400389,COMPLETE,true,false,191,true
2024-25,0022400390,COMPLETE,true,false,240,false
2024-25,0022400391,COMPLETE,true,false,194,true
2024-25,0022400392,COMPLETE,true,false,197,true
2024-25,0022400393,COMPLETE,true,false,209,false
2024-25,0022400394,COMPLETE,true,false,206,false
2024-25,0022400395,COMPLETE,true,false,202,true
2024-25,0022400396,COMPLETE,true,false,187,true
2024-25,0022400397,COMPLETE,true,false,209,true
2024-25,0022400398,COMPLETE,true,false,201,false
2024-25,0022400399,COMPLETE,true,false,216,true
2024-25,0022400400,COMPLETE,true,false,212,true
2024-25,0022400401,COMPLETE,true,false,202,true
2024-25,0022400402,COMPLETE,true,false,187,false
2024-25,0022400403,COMPLETE,true,false,196,true
2024-25,0022400404,COMPLETE,true,false,196,true
2024-25,0022400405,COMPLETE,true,false,191,true
2024-25,0022400406,COMPLETE,true,false,183,true
2024-25,0022400407,COMPLETE,true,false,195,false
2024-25,0022400408,COMPLETE,true,false,190,false
2024-25,0022400409,COMPLETE,true,false,185,true
2024-25,0022400410,COMPLETE,true,false,196,true
2024-25,0022400411,COMPLETE,true,false,191,true
2024-25,0022400412,COMPLETE,true,false,210,true
2024-25,0022400413,COMPLETE,true,false,211,true
2024-25,0022400414,COMPLETE,true,false,228,true
2024-25,0022400415,COMPLETE,true,false,202,true
2024-25,0022400416,COMPLETE,true,false,205,true
2024-25,0022400417,COMPLETE,true,false,198,false
2024-25,0022400418,COMPLETE,true,false,200,true
2024-25,0022400419,COMPLETE,true,false,187,false
2024-25,0022400420,COMPLETE,true,false,193,true
2024-25,0022400421,COMPLETE,true,false,188,true
2024-25,0022400422,COMPLETE,true,false,191,true
2024-25,0022400423,COMPLETE,true,false,218,true
2024-25,0022400424,COMPLETE,true,false,210,true
2024-25,0022400425,COMPLETE,true,false,186,false
2024-25,0022400426,COMPLETE,true,false,192,true
2024-25,0022400427,COMPLETE,true,false,195,true
2024-25,0022400428,COMPLETE,true,false,200,false
2024-25,0022400429,COMPLETE,true,false,222,true
2024-25,0022400430,COMPLETE,true,false,204,true
2024-25,0022400431,COMPLETE,true,false,191,false
2024-25,0022400432,COMPLETE,true,false,204,true
2024-25,0022400433,COMPLETE,true,false,197,true
2024-25,0022400434,COMPLETE,true,false,204,true
2024-25,0022400435,COMPLETE,true,false,194,true
2024-25,0022400436,COMPLETE,true,false,177,true
2024-25,0022400437,COMPLETE,true,false,195,true
2024-25,0022400438,COMPLETE,true,false,222,false
2024-25,0022400439,COMPLETE,true,false,195,true
2024-25,0022400440,COMPLETE,true,false,211,true
2024-25,0022400441,COMPLETE,true,false,196,false
2024-25,0022400442,COMPLETE,true,false,226,false
2024-25,0022400443,COMPLETE,true,false,201,true
2024-25,0022400444,REPAIRABLE_STRUCTURAL,false,false,193,true
2024-25,0022400445,COMPLETE,true,false,202,true
2024-25,0022400446,COMPLETE,true,false,209,true
2024-25,0022400447,COMPLETE,true,false,195,false
2024-25,0022400448,COMPLETE,true,false,206,true
2024-25,0022400449,COMPLETE,true,false,191,true
2024-25,0022400450,COMPLETE,true,false,216,true
2024-25,0022400451,COMPLETE,true,false,196,true
2024-25,0022400452,COMPLETE,true,false,198,true
2024-25,0022400453,COMPLETE,true,false,211,true
2024-25,0022400454,COMPLETE,true,false,198,true
2024-25,0022400455,COMPLETE,true,false,194,false
2024-25,0022400456,COMPLETE,true,false,214,true
2024-25,0022400457,COMPLETE,true,false,191,true
2024-25,0022400458,COMPLETE,true,false,201,false
2024-25,0022400459,COMPLETE,true,false,198,true
2024-25,0022400460,COMPLETE,true,false,197,true
2024-25,0022400461,COMPLETE,true,false,219,true
2024-25,0022400462,COMPLETE,true,false,195,true
2024-25,0022400463,COMPLETE,true,false,190,true
2024-25,0022400464,COMPLETE,true,false,174,true
2024-25,0022400465,COMPLETE,true,false,198,false
2024-25,0022400466,COMPLETE,true,false,197,true
2024-25,0022400467,COMPLETE,true,false,196,false
2024-25,0022400468,COMPLETE,true,false,197,true
2024-25,0022400469,COMPLETE,true,false,199,true
2024-25,0022400470,COMPLETE,true,false,177,true
2024-25,0022400471,COMPLETE,true,false,175,false
2024-25,0022400472,COMPLETE,true,false,204,true
2024-25,0022400473,COMPLETE,true,false,198,true
2024-25,0022400474,COMPLETE,true,false,206,true
2024-25,0022400475,COMPLETE,true,false,199,true
2024-25,0022400476,COMPLETE,true,false,215,true
2024-25,0022400477,COMPLETE,true,false,196,false
2024-25,0022400478,COMPLETE,true,false,210,false
2024-25,0022400479,COMPLETE,true,false,199,true
2024-25,0022400480,COMPLETE,true,false,196,true
2024-25,0022400481,COMPLETE,true,false,205,true
2024-25,0022400482,COMPLETE,true,false,207,false
2024-25,0022400483,COMPLETE,true,false,202,true
2024-25,0022400484,COMPLETE,true,false,215,true
2024-25,0022400485,COMPLETE,true,false,201,true
2024-25,0022400486,COMPLETE,true,false,221,true
2024-25,0022400487,COMPLETE,true,false,195,true
2024-25,0022400488,COMPLETE,true,false,200,true
2024-25,0022400489,COMPLETE,true,false,198,false
2024-25,0022400490,COMPLETE,true,false,196,true
2024-25,0022400491,COMPLETE,true,false,182,true
2024-25,0022400492,COMPLETE,true,false,198,true
2024-25,0022400493,COMPLETE,true,false,195,true
2024-25,0022400494,COMPLETE,true,false,190,false
2024-25,0022400495,COMPLETE,true,false,187,true
2024-25,0022400496,COMPLETE,true,false,181,true
2024-25,0022400497,COMPLETE,true,false,203,true
2024-25,0022400498,COMPLETE,true,false,208,true
2024-25,0022400499,COMPLETE,true,false,209,true
2024-25,0022400500,COMPLETE,true,false,190,true
2024-25,0022400501,COMPLETE,true,false,230,false
2024-25,0022400502,COMPLETE,true,false,203,true
2024-25,0022400503,COMPLETE,true,false,199,false
2024-25,0022400504,COMPLETE,true,false,182,false
2024-25,0022400505,COMPLETE,true,false,194,false
2024-25,0022400506,COMPLETE,true,false,204,true
2024-25,0022400507,COMPLETE,true,false,185,true
2024-25,0022400508,COMPLETE,true,false,192,true
2024-25,0022400509,COMPLETE,true,false,199,true
2024-25,0022400510,COMPLETE,true,false,201,true
2024-25,0022400511,COMPLETE,true,false,190,true
2024-25,0022400512,COMPLETE,true,false,182,true
2024-25,0022400513,COMPLETE,true,false,190,true
2024-25,0022400514,COMPLETE,true,false,183,true
2024-25,0022400515,COMPLETE,true,false,196,true
2024-25,0022400516,COMPLETE,true,false,199,true
2024-25,0022400517,COMPLETE,true,false,193,true
2024-25,0022400518,COMPLETE,true,false,192,true
2024-25,0022400519,COMPLETE,true,false,185,false
2024-25,0022400520,COMPLETE,true,false,214,true
2024-25,0022400521,COMPLETE,true,false,195,true
2024-25,0022400522,COMPLETE,true,false,190,true
2024-25,0022400523,COMPLETE,true,false,192,false
2024-25,0022400524,COMPLETE,true,false,204,false
2024-25,0022400525,COMPLETE,true,false,195,true
2024-25,0022400526,COMPLETE,true,false,194,true
2024-25,0022400527,COMPLETE,true,false,194,true
2024-25,0022400528,COMPLETE,true,false,201,true
2024-25,0022400529,COMPLETE,true,false,203,true
2024-25,0022400530,COMPLETE,true,false,208,true
2024-25,0022400531,COMPLETE,true,false,202,true
2024-25,0022400532,COMPLETE,true,false,202,false
2024-25,0022400533,COMPLETE,true,false,186,true
2024-25,0022400534,COMPLETE,true,false,199,false
2024-25,0022400535,COMPLETE,true,false,206,true
2024-25,0022400536,COMPLETE,true,false,195,true
2024-25,0022400537,COMPLETE,true,false,201,true
2024-25,0022400538,COMPLETE,true,false,194,true
2024-25,0022400539,COMPLETE,true,false,196,true
2024-25,0022400540,COMPLETE,true,false,192,true
2024-25,0022400541,COMPLETE,true,false,200,true
2024-25,0022400542,COMPLETE,true,false,203,false
2024-25,0022400543,COMPLETE,true,false,197,true
2024-25,0022400544,COMPLETE,true,false,183,false
2024-25,0022400545,COMPLETE,true,false,213,false
2024-25,0022400546,COMPLETE,true,false,204,true
2024-25,0022400547,COMPLETE,true,false,199,false
2024-25,0022400548,COMPLETE,true,false,199,true
2024-25,0022400549,COMPLETE,true,false,198,true
2024-25,0022400550,COMPLETE,true,false,187,true
2024-25,0022400551,COMPLETE,true,false,203,true
2024-25,0022400552,COMPLETE,true,false,192,true
2024-25,0022400553,COMPLETE,true,false,199,false
2024-25,0022400554,COMPLETE,true,false,207,false
2024-25,0022400555,COMPLETE,true,false,195,true
2024-25,0022400556,COMPLETE,true,false,204,false
2024-25,0022400557,COMPLETE,true,false,202,false
2024-25,0022400558,COMPLETE,true,false,200,false
2024-25,0022400559,COMPLETE,true,false,195,false
2024-25,0022400560,COMPLETE,true,false,198,false
2024-25,0022400561,COMPLETE,true,false,193,true
2024-25,0022400562,COMPLETE,true,false,187,true
2024-25,0022400563,COMPLETE,true,false,207,true
2024-25,0022400564,COMPLETE,true,false,209,true
2024-25,0022400565,COMPLETE,true,false,179,true
2024-25,0022400566,COMPLETE,true,false,205,true
2024-25,0022400567,COMPLETE,true,false,208,true
2024-25,0022400568,COMPLETE,true,false,184,false
2024-25,0022400569,COMPLETE,true,false,205,true
2024-25,0022400570,COMPLETE,true,false,188,true
2024-25,0022400571,COMPLETE,true,false,199,true
2024-25,0022400572,COMPLETE,true,false,206,true
2024-25,0022400573,COMPLETE,true,false,209,true
2024-25,0022400574,COMPLETE,true,false,212,true
2024-25,0022400575,COMPLETE,true,false,196,true
2024-25,0022400576,COMPLETE,true,false,207,false
2024-25,0022400577,COMPLETE,true,false,179,false
2024-25,0022400578,COMPLETE,true,false,181,true
2024-25,0022400579,COMPLETE,true,false,196,true
2024-25,0022400580,COMPLETE,true,false,200,false
2024-25,0022400581,COMPLETE,true,false,207,false
2024-25,0022400582,COMPLETE,true,false,200,false
2024-25,0022400583,COMPLETE,true,false,192,true
2024-25,0022400584,COMPLETE,true,false,204,true
2024-25,0022400585,COMPLETE,true,false,181,true
2024-25,0022400586,COMPLETE,true,false,201,false
2024-25,0022400587,COMPLETE,true,false,222,true
2024-25,0022400588,COMPLETE,true,false,191,false
2024-25,0022400589,COMPLETE,true,false,196,false
2024-25,0022400590,COMPLETE,true,false,191,false
2024-25,0022400591,COMPLETE,true,false,207,true
2024-25,0022400592,COMPLETE,true,false,199,true
2024-25,0022400593,COMPLETE,true,false,197,true
2024-25,0022400594,COMPLETE,true,false,195,true
2024-25,0022400595,COMPLETE,true,false,192,true
2024-25,0022400596,COMPLETE,true,false,188,true
2024-25,0022400597,COMPLETE,true,false,200,true
2024-25,0022400598,COMPLETE,true,false,215,true
2024-25,0022400599,COMPLETE,true,false,196,true
2024-25,0022400600,COMPLETE,true,false,201,true
2024-25,0022400601,COMPLETE,true,false,205,true
2024-25,0022400602,COMPLETE,true,false,201,true
2024-25,0022400603,COMPLETE,true,false,193,true
2024-25,0022400604,COMPLETE,true,false,192,true
2024-25,0022400605,COMPLETE,true,false,225,true
2024-25,0022400606,COMPLETE,true,false,191,false
2024-25,0022400607,COMPLETE,true,false,190,true
2024-25,0022400608,COMPLETE,true,false,185,false
2024-25,0022400609,COMPLETE,true,false,192,true
2024-25,0022400610,COMPLETE,true,false,201,true
2024-25,0022400611,COMPLETE,true,false,191,true
2024-25,0022400612,COMPLETE,true,false,214,true
2024-25,0022400613,COMPLETE,true,false,188,true
2024-25,0022400614,COMPLETE,true,false,201,true
2024-25,0022400615,COMPLETE,true,false,193,false
2024-25,0022400616,COMPLETE,true,false,206,false
2024-25,0022400617,COMPLETE,true,false,202,true
2024-25,0022400618,COMPLETE,true,false,207,true
2024-25,0022400619,COMPLETE,true,false,198,false
2024-25,0022400620,COMPLETE,true,false,213,true
2024-25,0022400622,COMPLETE,true,false,190,false
2024-25,0022400623,COMPLETE,true,false,209,true
2024-25,0022400624,COMPLETE,true,false,198,true
2024-25,0022400625,COMPLETE,true,false,206,true
2024-25,0022400626,COMPLETE,true,false,221,true
2024-25,0022400627,COMPLETE,true,false,198,true
2024-25,0022400628,COMPLETE,true,false,198,false
2024-25,0022400629,COMPLETE,true,false,188,true
2024-25,0022400630,COMPLETE,true,false,192,false
2024-25,0022400631,COMPLETE,true,false,201,false
2024-25,0022400632,COMPLETE,true,false,198,true
2024-25,0022400634,COMPLETE,true,false,198,true
2024-25,0022400635,COMPLETE,true,false,194,true
2024-25,0022400636,COMPLETE,true,false,198,true
2024-25,0022400637,COMPLETE,true,false,197,true
2024-25,0022400638,COMPLETE,true,false,210,true
2024-25,0022400639,COMPLETE,true,false,216,false
2024-25,0022400640,COMPLETE,true,false,197,false
2024-25,0022400641,COMPLETE,true,false,210,false
2024-25,0022400642,COMPLETE,true,false,201,true
2024-25,0022400643,COMPLETE,true,false,203,true
2024-25,0022400644,COMPLETE,true,false,190,true
2024-25,0022400645,COMPLETE,true,false,196,false
2024-25,0022400646,COMPLETE,true,false,204,true
2024-25,0022400647,COMPLETE,true,false,188,true
2024-25,0022400648,COMPLETE,true,false,192,true
2024-25,0022400649,COMPLETE,true,false,191,true
2024-25,0022400650,COMPLETE,true,false,189,true
2024-25,0022400651,COMPLETE,true,false,186,false
2024-25,0022400652,COMPLETE,true,false,222,true
2024-25,0022400653,COMPLETE,true,false,213,false
2024-25,0022400654,COMPLETE,true,false,212,true
2024-25,0022400655,COMPLETE,true,false,212,true
2024-25,0022400656,COMPLETE,true,false,203,false
2024-25,0022400657,COMPLETE,true,false,195,true
2024-25,0022400658,COMPLETE,true,false,198,false
2024-25,0022400659,COMPLETE,true,false,192,false
2024-25,0022400660,COMPLETE,true,false,199,false
2024-25,0022400661,COMPLETE,true,false,192,false
2024-25,0022400662,COMPLETE,true,false,194,true
2024-25,0022400663,COMPLETE,true,false,180,true
2024-25,0022400664,COMPLETE,true,false,203,true
2024-25,0022400665,COMPLETE,true,false,194,true
2024-25,0022400666,COMPLETE,true,false,202,false
2024-25,0022400667,COMPLETE,true,false,191,false
2024-25,0022400668,COMPLETE,true,false,197,false
2024-25,0022400669,COMPLETE,true,false,188,true
2024-25,0022400670,COMPLETE,true,false,206,true
2024-25,0022400671,COMPLETE,true,false,198,true
2024-25,0022400672,COMPLETE,true,false,195,true
2024-25,0022400673,COMPLETE,true,false,203,false
2024-25,0022400674,COMPLETE,true,false,203,true
2024-25,0022400675,COMPLETE,true,false,205,true
2024-25,0022400676,COMPLETE,true,false,193,true
2024-25,0022400677,COMPLETE,true,false,191,true
2024-25,0022400678,COMPLETE,true,false,182,false
2024-25,0022400679,COMPLETE,true,false,193,true
2024-25,0022400680,COMPLETE,true,false,198,true
2024-25,0022400681,COMPLETE,true,false,197,true
2024-25,0022400682,COMPLETE,true,false,200,true
2024-25,0022400683,COMPLETE,true,false,207,false
2024-25,0022400684,COMPLETE,true,false,205,true
2024-25,0022400685,COMPLETE,true,false,206,true
2024-25,0022400686,COMPLETE,true,false,205,false
2024-25,0022400687,COMPLETE,true,false,201,true
2024-25,0022400688,COMPLETE,true,false,197,false
2024-25,0022400689,COMPLETE,true,false,184,true
2024-25,0022400690,COMPLETE,true,false,202,true
2024-25,0022400691,COMPLETE,true,false,209,true
2024-25,0022400692,COMPLETE,true,false,196,true
2024-25,0022400693,COMPLETE,true,false,194,true
2024-25,0022400694,COMPLETE,true,false,204,false
2024-25,0022400695,COMPLETE,true,false,213,false
2024-25,0022400696,COMPLETE,true,false,211,true
2024-25,0022400697,COMPLETE,true,false,189,true
2024-25,0022400698,COMPLETE,true,false,193,true
2024-25,0022400699,COMPLETE,true,false,204,false
2024-25,0022400700,COMPLETE,true,false,202,true
2024-25,0022400701,COMPLETE,true,false,210,true
2024-25,0022400702,COMPLETE,true,false,207,true
2024-25,0022400703,COMPLETE,true,false,224,true
2024-25,0022400704,COMPLETE,true,false,190,false
2024-25,0022400705,COMPLETE,true,false,204,true
2024-25,0022400706,COMPLETE,true,false,186,true
2024-25,0022400707,COMPLETE,true,false,208,true
2024-25,0022400708,COMPLETE,true,false,189,false
2024-25,0022400709,COMPLETE,true,false,205,true
2024-25,0022400710,COMPLETE,true,false,199,true
2024-25,0022400711,COMPLETE,true,false,181,false
2024-25,0022400712,COMPLETE,true,false,189,true
2024-25,0022400713,COMPLETE,true,false,190,true
2024-25,0022400714,COMPLETE,true,false,205,false
2024-25,0022400715,COMPLETE,true,false,190,true
2024-25,0022400716,COMPLETE,true,false,196,true
2024-25,0022400717,COMPLETE,true,false,185,true
2024-25,0022400718,COMPLETE,true,false,206,true
2024-25,0022400719,COMPLETE,true,false,215,true
2024-25,0022400720,COMPLETE,true,false,185,true
2024-25,0022400721,COMPLETE,true,false,196,false
2024-25,0022400722,COMPLETE,true,false,195,true
2024-25,0022400723,COMPLETE,true,false,191,true
2024-25,0022400724,COMPLETE,true,false,205,true
2024-25,0022400725,COMPLETE,true,false,208,false
2024-25,0022400726,COMPLETE,true,false,207,true
2024-25,0022400727,COMPLETE,true,false,191,true
2024-25,0022400728,COMPLETE,true,false,192,true
2024-25,0022400729,COMPLETE,true,false,194,false
2024-25,0022400730,COMPLETE,true,false,195,true
2024-25,0022400731,COMPLETE,true,false,207,false
2024-25,0022400732,COMPLETE,true,false,192,false
2024-25,0022400733,COMPLETE,true,false,203,false
2024-25,0022400734,COMPLETE,true,false,194,true
2024-25,0022400735,COMPLETE,true,false,202,true
2024-25,0022400736,COMPLETE,true,false,202,true
2024-25,0022400737,COMPLETE,true,false,189,true
2024-25,0022400738,COMPLETE,true,false,198,true
2024-25,0022400739,COMPLETE,true,false,194,true
2024-25,0022400740,COMPLETE,true,false,214,true
2024-25,0022400741,COMPLETE,true,false,187,true
2024-25,0022400742,COMPLETE,true,false,203,true
2024-25,0022400743,COMPLETE,true,false,191,true
2024-25,0022400744,COMPLETE,true,false,212,true
2024-25,0022400745,COMPLETE,true,false,199,false
2024-25,0022400746,COMPLETE,true,false,198,true
2024-25,0022400747,COMPLETE,true,false,203,true
2024-25,0022400748,COMPLETE,true,false,187,true
2024-25,0022400749,COMPLETE,true,false,182,true
2024-25,0022400750,COMPLETE,true,false,222,true
2024-25,0022400751,COMPLETE,true,false,200,true
2024-25,0022400752,COMPLETE,true,false,184,true
2024-25,0022400753,COMPLETE,true,false,200,true
2024-25,0022400754,COMPLETE,true,false,203,true
2024-25,0022400755,COMPLETE,true,false,204,true
2024-25,0022400756,COMPLETE,true,false,199,false
2024-25,0022400757,COMPLETE,true,false,203,true
2024-25,0022400758,COMPLETE,true,false,186,true
2024-25,0022400759,COMPLETE,true,false,181,true
2024-25,0022400760,COMPLETE,true,false,209,true
2024-25,0022400761,COMPLETE,true,false,202,true
2024-25,0022400762,COMPLETE,true,false,219,true
2024-25,0022400763,COMPLETE,true,false,202,false
2024-25,0022400764,COMPLETE,true,false,200,false
2024-25,0022400765,COMPLETE,true,false,202,false
2024-25,0022400766,COMPLETE,true,false,207,true
2024-25,0022400767,COMPLETE,true,false,209,true
2024-25,0022400768,COMPLETE,true,false,207,false
2024-25,0022400769,COMPLETE,true,false,197,true
2024-25,0022400770,COMPLETE,true,false,185,true
2024-25,0022400771,COMPLETE,true,false,218,true
2024-25,0022400772,COMPLETE,true,false,190,false
2024-25,0022400773,COMPLETE,true,false,233,true
2024-25,0022400774,COMPLETE,true,false,210,true
2024-25,0022400775,COMPLETE,true,false,212,true
2024-25,0022400776,COMPLETE,true,false,208,true
2024-25,0022400777,COMPLETE,true,false,192,false
2024-25,0022400778,COMPLETE,true,false,192,true
2024-25,0022400779,COMPLETE,true,false,198,true
2024-25,0022400780,COMPLETE,true,false,210,true
2024-25,0022400781,COMPLETE,true,false,207,false
2024-25,0022400782,COMPLETE,true,false,194,true
2024-25,0022400783,COMPLETE,true,false,210,true
2024-25,0022400784,COMPLETE,true,false,202,true
2024-25,0022400785,COMPLETE,true,false,225,true
2024-25,0022400786,COMPLETE,true,false,193,true
2024-25,0022400787,COMPLETE,true,false,194,true
2024-25,0022400788,COMPLETE,true,false,203,false
2024-25,0022400789,COMPLETE,true,false,191,true
2024-25,0022400790,COMPLETE,true,false,199,false
2024-25,0022400791,COMPLETE,true,false,202,true
2024-25,0022400792,COMPLETE,true,false,221,false
2024-25,0022400793,COMPLETE,true,false,193,true
2024-25,0022400794,COMPLETE,true,false,201,true
2024-25,0022400795,COMPLETE,true,false,204,false
2024-25,0022400796,COMPLETE,true,false,205,true
2024-25,0022400797,COMPLETE,true,false,205,true
2024-25,0022400798,COMPLETE,true,false,208,true
2024-25,0022400799,COMPLETE,true,false,203,true
2024-25,0022400800,COMPLETE,true,false,204,true
2024-25,0022400801,COMPLETE,true,false,206,true
2024-25,0022400802,COMPLETE,true,false,199,true
2024-25,0022400803,COMPLETE,true,false,205,true
2024-25,0022400804,COMPLETE,true,false,200,true
2024-25,0022400805,COMPLETE,true,false,195,true
2024-25,0022400806,COMPLETE,true,false,205,false
2024-25,0022400807,COMPLETE,true,false,190,true
2024-25,0022400808,COMPLETE,true,false,193,true
2024-25,0022400809,COMPLETE,true,false,205,true
2024-25,0022400810,COMPLETE,true,false,210,true
2024-25,0022400811,COMPLETE,true,false,192,true
2024-25,0022400812,COMPLETE,true,false,202,false
2024-25,0022400813,COMPLETE,true,false,202,true
2024-25,0022400814,COMPLETE,true,false,229,false
2024-25,0022400815,COMPLETE,true,false,198,true
2024-25,0022400816,COMPLETE,true,false,203,true
2024-25,0022400817,COMPLETE,true,false,194,true
2024-25,0022400818,COMPLETE,true,false,208,true
2024-25,0022400819,COMPLETE,true,false,202,true
2024-25,0022400820,COMPLETE,true,false,197,true
2024-25,0022400821,COMPLETE,true,false,199,false
2024-25,0022400822,COMPLETE,true,false,208,true
2024-25,0022400823,COMPLETE,true,false,215,false
2024-25,0022400824,COMPLETE,true,false,193,true
2024-25,0022400825,COMPLETE,true,false,192,true
2024-25,0022400826,COMPLETE,true,false,229,true
2024-25,0022400827,COMPLETE,true,false,206,true
2024-25,0022400828,COMPLETE,true,false,197,true
2024-25,0022400829,COMPLETE,true,false,190,true
2024-25,0022400830,COMPLETE,true,false,184,true
2024-25,0022400831,COMPLETE,true,false,199,true
2024-25,0022400832,COMPLETE,true,false,233,true
2024-25,0022400833,COMPLETE,true,false,207,true
2024-25,0022400834,COMPLETE,true,false,201,false
2024-25,0022400835,COMPLETE,true,false,199,true
2024-25,0022400836,COMPLETE,true,false,191,true
2024-25,0022400837,COMPLETE,true,false,204,true
2024-25,0022400838,COMPLETE,true,false,196,true
2024-25,0022400839,COMPLETE,true,false,218,true
2024-25,0022400840,COMPLETE,true,false,200,true
2024-25,0022400841,COMPLETE,true,false,187,true
2024-25,0022400842,COMPLETE,true,false,194,false
2024-25,0022400843,COMPLETE,true,false,193,false
2024-25,0022400844,COMPLETE,true,false,206,true
2024-25,0022400845,COMPLETE,true,false,189,true
2024-25,0022400846,COMPLETE,true,false,212,true
2024-25,0022400847,COMPLETE,true,false,201,true
2024-25,0022400848,COMPLETE,true,false,191,false
2024-25,0022400849,COMPLETE,true,false,195,true
2024-25,0022400850,COMPLETE,true,false,210,true
2024-25,0022400851,COMPLETE,true,false,214,false
2024-25,0022400852,COMPLETE,true,false,184,true
2024-25,0022400853,COMPLETE,true,false,200,true
2024-25,0022400854,COMPLETE,true,false,185,true
2024-25,0022400855,COMPLETE,true,false,221,true
2024-25,0022400856,COMPLETE,true,false,202,true
2024-25,0022400857,COMPLETE,true,false,186,false
2024-25,0022400858,COMPLETE,true,false,205,false
2024-25,0022400859,COMPLETE,true,false,192,true
2024-25,0022400860,COMPLETE,true,false,198,false
2024-25,0022400861,COMPLETE,true,false,208,true
2024-25,0022400862,COMPLETE,true,false,193,true
2024-25,0022400863,COMPLETE,true,false,209,true
2024-25,0022400864,COMPLETE,true,false,200,false
2024-25,0022400865,COMPLETE,true,false,204,true
2024-25,0022400866,COMPLETE,true,false,186,true
2024-25,0022400867,COMPLETE,true,false,228,true
2024-25,0022400868,COMPLETE,true,false,196,true
2024-25,0022400869,COMPLETE,true,false,203,true
2024-25,0022400870,COMPLETE,true,false,185,true
2024-25,0022400871,COMPLETE,true,false,204,true
2024-25,0022400872,COMPLETE,true,false,204,true
2024-25,0022400873,COMPLETE,true,false,202,true
2024-25,0022400874,COMPLETE,true,false,182,true
2024-25,0022400875,COMPLETE,true,false,209,false
2024-25,0022400876,COMPLETE,true,false,191,false
2024-25,0022400877,COMPLETE,true,false,196,true
2024-25,0022400878,COMPLETE,true,false,204,true
2024-25,0022400879,COMPLETE,true,false,216,true
2024-25,0022400880,COMPLETE,true,false,187,true
2024-25,0022400881,COMPLETE,true,false,216,true
2024-25,0022400882,COMPLETE,true,false,193,false
2024-25,0022400883,COMPLETE,true,false,197,true
2024-25,0022400884,COMPLETE,true,false,219,false
2024-25,0022400885,COMPLETE,true,false,192,true
2024-25,0022400886,COMPLETE,true,false,214,false
2024-25,0022400887,COMPLETE,true,false,199,true
2024-25,0022400888,COMPLETE,true,false,197,true
2024-25,0022400889,COMPLETE,true,false,184,true
2024-25,0022400890,COMPLETE,true,false,197,true
2024-25,0022400891,COMPLETE,true,false,190,true
2024-25,0022400892,COMPLETE,true,false,191,true
2024-25,0022400893,COMPLETE,true,false,196,true
2024-25,0022400894,COMPLETE,true,false,210,true
2024-25,0022400895,COMPLETE,true,false,208,true
2024-25,0022400896,COMPLETE,true,false,199,false
2024-25,0022400897,COMPLETE,true,false,209,false
2024-25,0022400898,COMPLETE,true,false,194,true
2024-25,0022400899,COMPLETE,true,false,196,true
2024-25,0022400900,COMPLETE,true,false,186,true
2024-25,0022400901,COMPLETE,true,false,193,true
2024-25,0022400902,COMPLETE,true,false,193,true
2024-25,0022400903,COMPLETE,true,false,208,true
2024-25,0022400904,COMPLETE,true,false,205,true
2024-25,0022400905,COMPLETE,true,false,207,true
2024-25,0022400906,COMPLETE,true,false,209,true
2024-25,0022400907,COMPLETE,true,false,189,false
2024-25,0022400908,COMPLETE,true,false,204,true
2024-25,0022400909,COMPLETE,true,false,213,false
2024-25,0022400910,COMPLETE,true,false,188,true
2024-25,0022400911,COMPLETE,true,false,194,true
2024-25,0022400912,COMPLETE,true,false,177,true
2024-25,0022400913,COMPLETE,true,false,201,true
2024-25,0022400914,COMPLETE,true,false,204,true
2024-25,0022400915,COMPLETE,true,false,204,true
2024-25,0022400916,COMPLETE,true,false,208,true
2024-25,0022400917,COMPLETE,true,false,188,false
2024-25,0022400918,COMPLETE,true,false,191,true
2024-25,0022400919,COMPLETE,true,false,211,true
2024-25,0022400920,COMPLETE,true,false,198,true
2024-25,0022400921,COMPLETE,true,false,195,true
2024-25,0022400922,COMPLETE,true,false,198,false
2024-25,0022400923,COMPLETE,true,false,192,true
2024-25,0022400924,COMPLETE,true,false,217,true
2024-25,0022400925,COMPLETE,true,false,196,false
2024-25,0022400926,COMPLETE,true,false,209,true
2024-25,0022400927,COMPLETE,true,false,197,false
2024-25,0022400928,COMPLETE,true,false,203,false
2024-25,0022400929,COMPLETE,true,false,195,true
2024-25,0022400930,COMPLETE,true,false,188,false
2024-25,0022400931,COMPLETE,true,false,189,true
2024-25,0022400932,COMPLETE,true,false,198,true
2024-25,0022400933,COMPLETE,true,false,215,true
2024-25,0022400934,COMPLETE,true,false,183,false
2024-25,0022400935,COMPLETE,true,false,198,true
2024-25,0022400936,COMPLETE,true,false,199,false
2024-25,0022400937,COMPLETE,true,false,197,true
2024-25,0022400938,COMPLETE,true,false,199,true
2024-25,0022400939,COMPLETE,true,false,202,true
2024-25,0022400940,COMPLETE,true,false,194,true
2024-25,0022400941,COMPLETE,true,false,206,false
2024-25,0022400942,COMPLETE,true,false,198,false
2024-25,0022400943,COMPLETE,true,false,196,true
2024-25,0022400944,COMPLETE,true,false,204,true
2024-25,0022400945,COMPLETE,true,false,210,true
2024-25,0022400946,COMPLETE,true,false,191,true
2024-25,0022400947,COMPLETE,true,false,207,true
2024-25,0022400948,COMPLETE,true,false,185,true
2024-25,0022400949,COMPLETE,true,false,187,false
2024-25,0022400950,COMPLETE,true,false,212,false
2024-25,0022400951,COMPLETE,true,false,203,true
2024-25,0022400952,COMPLETE,true,false,192,true
2024-25,0022400953,COMPLETE,true,false,204,true
2024-25,0022400954,COMPLETE,true,false,213,false
2024-25,0022400955,COMPLETE,true,false,204,false
2024-25,0022400956,COMPLETE,true,false,190,false
2024-25,0022400957,COMPLETE,true,false,195,false
2024-25,0022400958,COMPLETE,true,false,183,true
2024-25,0022400959,COMPLETE,true,false,188,true
2024-25,0022400960,COMPLETE,true,false,197,false
2024-25,0022400961,COMPLETE,true,false,202,true
2024-25,0022400962,COMPLETE,true,false,217,true
2024-25,0022400963,COMPLETE,true,false,202,true
2024-25,0022400964,COMPLETE,true,false,199,true
2024-25,0022400965,COMPLETE,true,false,203,true
2024-25,0022400966,COMPLETE,true,false,226,true
2024-25,0022400967,COMPLETE,true,false,189,true
2024-25,0022400968,COMPLETE,true,false,171,true
2024-25,0022400969,COMPLETE,true,false,211,true
2024-25,0022400970,COMPLETE,true,false,206,true
2024-25,0022400971,COMPLETE,true,false,197,true
2024-25,0022400972,COMPLETE,true,false,202,true
2024-25,0022400973,COMPLETE,true,false,198,false
2024-25,0022400974,COMPLETE,true,false,184,true
2024-25,0022400975,COMPLETE,true,false,212,true
2024-25,0022400976,COMPLETE,true,false,207,true
2024-25,0022400977,COMPLETE,true,false,189,true
2024-25,0022400978,COMPLETE,true,false,203,true
2024-25,0022400979,COMPLETE,true,false,199,true
2024-25,0022400980,COMPLETE,true,false,194,false
2024-25,0022400981,COMPLETE,true,false,205,true
2024-25,0022400982,COMPLETE,true,false,194,true
2024-25,0022400983,COMPLETE,true,false,208,true
2024-25,0022400984,COMPLETE,true,false,191,true
2024-25,0022400985,COMPLETE,true,false,217,false
2024-25,0022400986,COMPLETE,true,false,231,false
2024-25,0022400987,COMPLETE,true,false,199,true
2024-25,0022400988,COMPLETE,true,false,191,false
2024-25,0022400989,COMPLETE,true,false,209,true
2024-25,0022400990,COMPLETE,true,false,204,true
2024-25,0022400991,COMPLETE,true,false,190,true
2024-25,0022400992,COMPLETE,true,false,208,true
2024-25,0022400993,COMPLETE,true,false,197,true
2024-25,0022400994,COMPLETE,true,false,188,true
2024-25,0022400995,COMPLETE,true,false,201,true
2024-25,0022400996,COMPLETE,true,false,196,true
2024-25,0022400997,COMPLETE,true,false,190,true
2024-25,0022400998,COMPLETE,true,false,211,true
2024-25,0022400999,COMPLETE,true,false,196,true
2024-25,0022401000,COMPLETE,true,false,197,true
2024-25,0022401001,COMPLETE,true,false,195,true
2024-25,0022401002,COMPLETE,true,false,199,true
2024-25,0022401003,COMPLETE,true,false,190,true
2024-25,0022401004,COMPLETE,true,false,215,false
2024-25,0022401005,COMPLETE,true,false,206,true
2024-25,0022401006,COMPLETE,true,false,202,true
2024-25,0022401007,COMPLETE,true,false,200,false
2024-25,0022401008,COMPLETE,true,false,202,true
2024-25,0022401009,COMPLETE,true,false,193,true
2024-25,0022401010,COMPLETE,true,false,189,false
2024-25,0022401011,COMPLETE,true,false,222,true
2024-25,0022401012,COMPLETE,true,false,197,true
2024-25,0022401013,COMPLETE,true,false,195,true
2024-25,0022401014,COMPLETE,true,false,199,false
2024-25,0022401015,COMPLETE,true,false,187,true
2024-25,0022401016,COMPLETE,true,false,197,false
2024-25,0022401017,COMPLETE,true,false,190,true
2024-25,0022401018,COMPLETE,true,false,204,true
2024-25,0022401019,COMPLETE,true,false,209,true
2024-25,0022401020,COMPLETE,true,false,191,false
2024-25,0022401021,COMPLETE,true,false,191,true
2024-25,0022401022,COMPLETE,true,false,192,true
2024-25,0022401023,COMPLETE,true,false,198,true
2024-25,0022401024,COMPLETE,true,false,200,true
2024-25,0022401025,COMPLETE,true,false,197,true
2024-25,0022401026,COMPLETE,true,false,209,true
2024-25,0022401027,COMPLETE,true,false,182,false
2024-25,0022401028,COMPLETE,true,false,210,true
2024-25,0022401029,COMPLETE,true,false,194,false
2024-25,0022401030,COMPLETE,true,false,198,true
2024-25,0022401031,COMPLETE,true,false,203,true
2024-25,0022401032,COMPLETE,true,false,190,true
2024-25,0022401033,COMPLETE,true,false,202,false
2024-25,0022401034,COMPLETE,true,false,185,false
2024-25,0022401035,COMPLETE,true,false,184,false
2024-25,0022401036,COMPLETE,true,false,193,false
2024-25,0022401037,COMPLETE,true,false,204,true
2024-25,0022401038,COMPLETE,true,false,181,true
2024-25,0022401039,COMPLETE,true,false,213,false
2024-25,0022401040,COMPLETE,true,false,186,false
2024-25,0022401041,COMPLETE,true,false,189,false
2024-25,0022401042,COMPLETE,true,false,203,true
2024-25,0022401043,COMPLETE,true,false,184,true
2024-25,0022401044,COMPLETE,true,false,196,true
2024-25,0022401045,COMPLETE,true,false,187,true
2024-25,0022401046,COMPLETE,true,false,184,true
2024-25,0022401047,COMPLETE,true,false,178,false
2024-25,0022401048,COMPLETE,true,false,201,true
2024-25,0022401049,COMPLETE,true,false,206,true
2024-25,0022401050,COMPLETE,true,false,190,true
2024-25,0022401051,COMPLETE,true,false,193,true
2024-25,0022401052,COMPLETE,true,false,198,true
2024-25,0022401053,COMPLETE,true,false,194,true
2024-25,0022401054,COMPLETE,true,false,208,true
2024-25,0022401055,COMPLETE,true,false,192,true
2024-25,0022401056,COMPLETE,true,false,184,true
2024-25,0022401057,COMPLETE,true,false,195,false
2024-25,0022401058,COMPLETE,true,false,193,true
2024-25,0022401059,COMPLETE,true,false,208,true
2024-25,0022401060,COMPLETE,true,false,191,true
2024-25,0022401061,COMPLETE,true,false,204,false
2024-25,0022401062,COMPLETE,true,false,196,true
2024-25,0022401063,COMPLETE,true,false,207,true
2024-25,0022401064,COMPLETE,true,false,206,true
2024-25,0022401065,COMPLETE,true,false,194,true
2024-25,0022401066,COMPLETE,true,false,194,true
2024-25,0022401067,COMPLETE,true,false,201,true
2024-25,0022401068,COMPLETE,true,false,204,true
2024-25,0022401069,COMPLETE,true,false,193,true
2024-25,0022401070,COMPLETE,true,false,189,true
2024-25,0022401071,COMPLETE,true,false,188,true
2024-25,0022401072,COMPLETE,true,false,190,true
2024-25,0022401073,COMPLETE,true,false,207,false
2024-25,0022401074,COMPLETE,true,false,194,true
2024-25,0022401075,COMPLETE,true,false,195,true
2024-25,0022401076,COMPLETE,true,false,185,true
2024-25,0022401077,COMPLETE,true,false,216,true
2024-25,0022401078,COMPLETE,true,false,208,true
2024-25,0022401079,COMPLETE,true,false,209,true
2024-25,0022401080,COMPLETE,true,false,190,true
2024-25,0022401081,COMPLETE,true,false,206,true
2024-25,0022401082,COMPLETE,true,false,188,true
2024-25,0022401083,COMPLETE,true,false,209,true
2024-25,0022401084,COMPLETE,true,false,199,true
2024-25,0022401085,COMPLETE,true,false,203,true
2024-25,0022401086,COMPLETE,true,false,210,true
2024-25,0022401087,COMPLETE,true,false,214,true
2024-25,0022401088,COMPLETE,true,false,205,true
2024-25,0022401089,COMPLETE,true,false,192,true
2024-25,0022401090,COMPLETE,true,false,202,true
2024-25,0022401091,COMPLETE,true,false,187,false
2024-25,0022401092,COMPLETE,true,false,211,false
2024-25,0022401093,COMPLETE,true,false,207,true
2024-25,0022401094,COMPLETE,true,false,225,true
2024-25,0022401095,COMPLETE,true,false,192,true
2024-25,0022401096,COMPLETE,true,false,197,true
2024-25,0022401097,COMPLETE,true,false,220,true
2024-25,0022401098,COMPLETE,true,false,194,true
2024-25,0022401099,COMPLETE,true,false,206,false
2024-25,0022401100,COMPLETE,true,false,213,false
2024-25,0022401101,COMPLETE,true,false,195,true
2024-25,0022401102,COMPLETE,true,false,230,false
2024-25,0022401103,COMPLETE,true,false,191,true
2024-25,0022401104,COMPLETE,true,false,190,true
2024-25,0022401105,COMPLETE,true,false,198,true
2024-25,0022401106,COMPLETE,true,false,172,true
2024-25,0022401107,COMPLETE,true,false,207,true
2024-25,0022401108,COMPLETE,true,false,206,true
2024-25,0022401109,COMPLETE,true,false,205,true
2024-25,0022401110,COMPLETE,true,false,209,true
2024-25,0022401111,COMPLETE,true,false,194,true
2024-25,0022401112,COMPLETE,true,false,180,true
2024-25,0022401113,COMPLETE,true,false,183,true
2024-25,0022401114,COMPLETE,true,false,195,true
2024-25,0022401115,COMPLETE,true,false,188,false
2024-25,0022401116,COMPLETE,true,false,200,true
2024-25,0022401117,COMPLETE,true,false,184,true
2024-25,0022401118,COMPLETE,true,false,191,true
2024-25,0022401119,COMPLETE,true,false,204,true
2024-25,0022401120,COMPLETE,true,false,187,true
2024-25,0022401121,COMPLETE,true,false,203,false
2024-25,0022401122,COMPLETE,true,false,214,true
2024-25,0022401123,COMPLETE,true,false,202,true
2024-25,0022401124,COMPLETE,true,false,205,true
2024-25,0022401125,COMPLETE,true,false,193,false
2024-25,0022401126,COMPLETE,true,false,193,true
2024-25,0022401127,COMPLETE,true,false,198,true
2024-25,0022401128,COMPLETE,true,false,193,false
2024-25,0022401129,COMPLETE,true,false,208,false
2024-25,0022401130,COMPLETE,true,false,186,true
2024-25,0022401131,COMPLETE,true,false,209,true
2024-25,0022401132,COMPLETE,true,false,199,true
2024-25,0022401133,COMPLETE,true,false,206,true
2024-25,0022401134,COMPLETE,true,false,218,true
2024-25,0022401135,COMPLETE,true,false,192,true
2024-25,0022401136,COMPLETE,true,false,201,true
2024-25,0022401137,COMPLETE,true,false,179,true
2024-25,0022401138,COMPLETE,true,false,196,true
2024-25,0022401139,COMPLETE,true,false,213,true
2024-25,0022401140,COMPLETE,true,false,188,false
2024-25,0022401141,COMPLETE,true,false,181,false
2024-25,0022401142,COMPLETE,true,false,208,false
2024-25,0022401143,COMPLETE,true,false,198,true
2024-25,0022401144,COMPLETE,true,false,186,true
2024-25,0022401145,COMPLETE,true,false,198,true
2024-25,0022401146,COMPLETE,true,false,197,true
2024-25,0022401147,COMPLETE,true,false,203,false
2024-25,0022401148,COMPLETE,true,false,193,false
2024-25,0022401149,COMPLETE,true,false,198,true
2024-25,0022401150,COMPLETE,true,false,204,true
2024-25,0022401151,COMPLETE,true,false,202,true
2024-25,0022401152,COMPLETE,true,false,188,true
2024-25,0022401153,COMPLETE,true,false,201,false
2024-25,0022401154,COMPLETE,true,false,207,true
2024-25,0022401155,COMPLETE,true,false,199,true
2024-25,0022401156,COMPLETE,true,false,181,true
2024-25,0022401157,COMPLETE,true,false,206,true
2024-25,0022401158,COMPLETE,true,false,201,true
2024-25,0022401159,COMPLETE,true,false,190,false
2024-25,0022401160,COMPLETE,true,false,202,false
2024-25,0022401161,COMPLETE,true,false,212,false
2024-25,0022401162,COMPLETE,true,false,232,true
2024-25,0022401163,COMPLETE,true,false,190,true
2024-25,0022401164,COMPLETE,true,false,201,true
2024-25,0022401165,COMPLETE,true,false,187,false
2024-25,0022401166,COMPLETE,true,false,197,true
2024-25,0022401167,COMPLETE,true,false,189,true
2024-25,0022401168,COMPLETE,true,false,200,true
2024-25,0022401169,COMPLETE,true,false,212,true
2024-25,0022401170,COMPLETE,true,false,208,true
2024-25,0022401171,COMPLETE,true,false,201,true
2024-25,0022401172,COMPLETE,true,false,209,true
2024-25,0022401173,COMPLETE,true,false,202,true
2024-25,0022401174,COMPLETE,true,false,199,true
2024-25,0022401175,COMPLETE,true,false,185,true
2024-25,0022401176,COMPLETE,true,false,204,true
2024-25,0022401177,COMPLETE,true,false,210,true
2024-25,0022401178,COMPLETE,true,false,207,false
2024-25,0022401179,COMPLETE,true,false,181,true
2024-25,0022401180,COMPLETE,true,false,205,true
2024-25,0022401181,COMPLETE,true,false,215,false
2024-25,0022401182,COMPLETE,true,false,195,true
2024-25,0022401183,COMPLETE,true,false,205,true
2024-25,0022401184,COMPLETE,true,false,181,true
2024-25,0022401185,COMPLETE,true,false,207,true
2024-25,0022401186,COMPLETE,true,false,196,true
2024-25,0022401187,COMPLETE,true,false,180,true
2024-25,0022401188,COMPLETE,true,false,195,true
2024-25,0022401189,COMPLETE,true,false,249,true
2024-25,0022401190,COMPLETE,true,false,202,true
2024-25,0022401191,COMPLETE,true,false,212,true
2024-25,0022401192,COMPLETE,true,false,216,false
2024-25,0022401193,COMPLETE,true,false,196,true
2024-25,0022401194,COMPLETE,true,false,202,true
2024-25,0022401195,COMPLETE,true,false,194,true
2024-25,0022401196,COMPLETE,true,false,200,true
2024-25,0022401197,COMPLETE,true,false,206,true
2024-25,0022401198,COMPLETE,true,false,199,true
2024-25,0022401199,COMPLETE,true,false,180,true
2024-25,0022401200,COMPLETE,true,false,179,false
2024-25,0022401201,COMPLETE,true,false,197,false
2024-25,0022401202,COMPLETE,true,false,197,false
2024-25,0022401203,COMPLETE,true,false,199,false
2024-25,0022401204,COMPLETE,true,false,187,true
2024-25,0022401205,COMPLETE,true,false,201,true
2024-25,0022401206,COMPLETE,true,false,201,false
2024-25,0022401207,COMPLETE,true,false,192,true
2024-25,0022401208,COMPLETE,true,false,199,true
2024-25,0022401209,COMPLETE,true,false,197,false
2024-25,0022401210,COMPLETE,true,false,198,true
2024-25,0022401211,COMPLETE,true,false,214,true
2024-25,0022401212,COMPLETE,true,false,209,true
2024-25,0022401213,COMPLETE,true,false,211,false
2024-25,0022401214,COMPLETE,true,false,189,true
2024-25,0022401215,COMPLETE,true,false,196,true
2024-25,0022401216,COMPLETE,true,false,207,true
2024-25,0022401217,COMPLETE,true,false,204,false
2024-25,0022401218,COMPLETE,true,false,199,true
2024-25,0022401219,COMPLETE,true,false,196,true
2024-25,0022401220,COMPLETE,true,false,219,true
2024-25,0022401221,COMPLETE,true,false,226,true
2024-25,0022401222,COMPLETE,true,false,207,true
2024-25,0022401223,COMPLETE,true,false,219,false
2024-25,0022401224,COMPLETE,true,false,197,true
2024-25,0022401225,COMPLETE,true,false,221,true
2024-25,0022401226,COMPLETE,true,false,207,true
2024-25,0022401227,COMPLETE,true,false,188,false
2024-25,0022401228,COMPLETE,true,false,201,true
2025-26,0022500001,COMPLETE,true,false,226,false
2025-26,0022500002,COMPLETE,true,false,202,true
2025-26,0022500003,COMPLETE,true,false,210,true
2025-26,0022500004,COMPLETE,true,false,201,true
2025-26,0022500005,COMPLETE,true,false,248,true
2025-26,0022500006,COMPLETE,true,false,212,true
2025-26,0022500007,COMPLETE,true,false,211,false
2025-26,0022500008,COMPLETE,true,false,206,false
2025-26,0022500009,COMPLETE,true,false,205,true
2025-26,0022500010,COMPLETE,true,false,194,true
2025-26,0022500011,COMPLETE,true,false,212,true
2025-26,0022500012,COMPLETE,true,false,182,true
2025-26,0022500013,COMPLETE,true,false,238,true
2025-26,0022500014,COMPLETE,true,false,206,true
2025-26,0022500015,COMPLETE,true,false,211,true
2025-26,0022500016,COMPLETE,true,false,208,true
2025-26,0022500017,COMPLETE,true,false,189,false
2025-26,0022500018,COMPLETE,true,false,187,true
2025-26,0022500019,COMPLETE,true,false,187,true
2025-26,0022500020,COMPLETE,true,false,200,true
2025-26,0022500021,COMPLETE,true,false,192,true
2025-26,0022500022,COMPLETE,true,false,194,true
2025-26,0022500023,COMPLETE,true,false,195,true
2025-26,0022500024,COMPLETE,true,false,193,true
2025-26,0022500025,COMPLETE,true,false,206,true
2025-26,0022500026,COMPLETE,true,false,201,true
2025-26,0022500027,COMPLETE,true,false,196,false
2025-26,0022500028,COMPLETE,true,false,201,false
2025-26,0022500029,COMPLETE,true,false,211,false
2025-26,0022500030,COMPLETE,true,false,200,true
2025-26,0022500031,COMPLETE,true,false,202,false
2025-26,0022500032,COMPLETE,true,false,201,true
2025-26,0022500033,COMPLETE,true,false,209,true
2025-26,0022500034,COMPLETE,true,false,202,true
2025-26,0022500035,COMPLETE,true,false,210,true
2025-26,0022500036,COMPLETE,true,false,213,true
2025-26,0022500037,COMPLETE,true,false,190,true
2025-26,0022500038,COMPLETE,true,false,209,false
2025-26,0022500039,COMPLETE,true,false,207,false
2025-26,0022500040,COMPLETE,true,false,185,false
2025-26,0022500041,COMPLETE,true,false,196,true
2025-26,0022500042,COMPLETE,true,false,199,false
2025-26,0022500043,COMPLETE,true,false,223,true
2025-26,0022500044,COMPLETE,true,false,207,true
2025-26,0022500045,REPAIRABLE_STRUCTURAL,false,false,210,true
2025-26,0022500046,COMPLETE,true,false,248,true
2025-26,0022500047,COMPLETE,true,false,196,true
2025-26,0022500048,COMPLETE,true,false,207,false
2025-26,0022500049,COMPLETE,true,false,192,true
2025-26,0022500050,COMPLETE,true,false,208,true
2025-26,0022500051,COMPLETE,true,false,220,false
2025-26,0022500052,COMPLETE,true,false,212,true
2025-26,0022500053,COMPLETE,true,false,209,false
2025-26,0022500054,COMPLETE,true,false,190,true
2025-26,0022500055,COMPLETE,true,false,209,true
2025-26,0022500056,COMPLETE,true,false,203,false
2025-26,0022500057,COMPLETE,true,false,208,true
2025-26,0022500058,COMPLETE,true,false,214,true
2025-26,0022500059,COMPLETE,true,false,195,true
2025-26,0022500060,COMPLETE,true,false,192,false
2025-26,0022500061,COMPLETE,true,false,203,true
2025-26,0022500062,COMPLETE,true,false,199,true
2025-26,0022500063,COMPLETE,true,false,201,true
2025-26,0022500064,COMPLETE,true,false,198,false
2025-26,0022500065,COMPLETE,true,false,217,true
2025-26,0022500066,COMPLETE,true,false,183,true
2025-26,0022500067,COMPLETE,true,false,204,true
2025-26,0022500068,COMPLETE,true,false,194,false
2025-26,0022500069,COMPLETE,true,false,213,false
2025-26,0022500070,COMPLETE,true,false,196,true
2025-26,0022500071,COMPLETE,true,false,214,false
2025-26,0022500072,COMPLETE,true,false,211,true
2025-26,0022500073,COMPLETE,true,false,201,true
2025-26,0022500074,COMPLETE,true,false,189,false
2025-26,0022500075,COMPLETE,true,false,212,false
2025-26,0022500076,COMPLETE,true,false,201,true
2025-26,0022500077,COMPLETE,true,false,206,true
2025-26,0022500078,COMPLETE,true,false,189,true
2025-26,0022500079,COMPLETE,true,false,198,true
2025-26,0022500080,COMPLETE,true,false,211,true
2025-26,0022500081,REPAIRABLE_STRUCTURAL,false,false,221,true
2025-26,0022500082,COMPLETE,true,false,224,false
2025-26,0022500083,COMPLETE,true,false,204,false
2025-26,0022500084,COMPLETE,true,false,209,true
2025-26,0022500085,COMPLETE,true,false,219,true
2025-26,0022500086,COMPLETE,true,false,214,false
2025-26,0022500087,COMPLETE,true,false,189,false
2025-26,0022500088,COMPLETE,true,false,200,true
2025-26,0022500089,COMPLETE,true,false,210,true
2025-26,0022500090,COMPLETE,true,false,207,true
2025-26,0022500091,COMPLETE,true,false,211,true
2025-26,0022500092,COMPLETE,true,false,206,true
2025-26,0022500093,COMPLETE,true,false,203,false
2025-26,0022500094,COMPLETE,true,false,226,false
2025-26,0022500095,COMPLETE,true,false,214,false
2025-26,0022500096,COMPLETE,true,false,217,true
2025-26,0022500097,COMPLETE,true,false,222,false
2025-26,0022500098,COMPLETE,true,false,197,false
2025-26,0022500099,COMPLETE,true,false,194,true
2025-26,0022500100,COMPLETE,true,false,214,true
2025-26,0022500101,COMPLETE,true,false,189,true
2025-26,0022500102,COMPLETE,true,false,207,true
2025-26,0022500103,COMPLETE,true,false,202,true
2025-26,0022500104,COMPLETE,true,false,211,false
2025-26,0022500105,COMPLETE,true,false,192,true
2025-26,0022500106,COMPLETE,true,false,198,true
2025-26,0022500107,COMPLETE,true,false,206,true
2025-26,0022500108,COMPLETE,true,false,208,false
2025-26,0022500109,COMPLETE,true,false,216,true
2025-26,0022500110,COMPLETE,true,false,205,true
2025-26,0022500111,COMPLETE,true,false,222,true
2025-26,0022500112,COMPLETE,true,false,206,true
2025-26,0022500113,COMPLETE,true,false,214,true
2025-26,0022500114,COMPLETE,true,false,198,true
2025-26,0022500115,COMPLETE,true,false,209,true
2025-26,0022500116,REPAIRABLE_STRUCTURAL,false,false,186,true
2025-26,0022500117,COMPLETE,true,false,191,true
2025-26,0022500118,COMPLETE,true,false,196,true
2025-26,0022500119,COMPLETE,true,false,196,true
2025-26,0022500120,COMPLETE,true,false,229,false
2025-26,0022500121,COMPLETE,true,false,208,false
2025-26,0022500122,COMPLETE,true,false,213,true
2025-26,0022500123,COMPLETE,true,false,224,true
2025-26,0022500124,COMPLETE,true,false,215,false
2025-26,0022500125,COMPLETE,true,false,193,false
2025-26,0022500126,COMPLETE,true,false,202,true
2025-26,0022500127,COMPLETE,true,false,176,true
2025-26,0022500128,COMPLETE,true,false,189,false
2025-26,0022500129,COMPLETE,true,false,202,false
2025-26,0022500130,COMPLETE,true,false,191,true
2025-26,0022500131,COMPLETE,true,false,201,true
2025-26,0022500132,REPAIRABLE_STRUCTURAL,false,false,198,true
2025-26,0022500133,COMPLETE,true,false,208,true
2025-26,0022500134,COMPLETE,true,false,197,false
2025-26,0022500135,COMPLETE,true,false,217,true
2025-26,0022500136,COMPLETE,true,false,197,true
2025-26,0022500137,COMPLETE,true,false,212,true
2025-26,0022500138,COMPLETE,true,false,193,true
2025-26,0022500139,COMPLETE,true,false,207,false
2025-26,0022500140,COMPLETE,true,false,203,false
2025-26,0022500141,COMPLETE,true,false,198,true
2025-26,0022500142,COMPLETE,true,false,201,true
2025-26,0022500143,COMPLETE,true,false,202,false
2025-26,0022500144,COMPLETE,true,false,203,true
2025-26,0022500145,COMPLETE,true,false,215,true
2025-26,0022500146,COMPLETE,true,false,198,true
2025-26,0022500148,COMPLETE,true,false,198,true
2025-26,0022500149,COMPLETE,true,false,204,true
2025-26,0022500150,COMPLETE,true,false,202,true
2025-26,0022500151,COMPLETE,true,false,212,false
2025-26,0022500152,COMPLETE,true,false,191,true
2025-26,0022500153,COMPLETE,true,false,200,false
2025-26,0022500154,COMPLETE,true,false,205,true
2025-26,0022500155,COMPLETE,true,false,212,false
2025-26,0022500156,COMPLETE,true,false,193,false
2025-26,0022500157,COMPLETE,true,false,208,true
2025-26,0022500158,COMPLETE,true,false,196,true
2025-26,0022500159,COMPLETE,true,false,204,false
2025-26,0022500160,COMPLETE,true,false,205,true
2025-26,0022500161,COMPLETE,true,false,197,true
2025-26,0022500162,COMPLETE,true,false,213,true
2025-26,0022500163,COMPLETE,true,false,200,false
2025-26,0022500164,COMPLETE,true,false,206,false
2025-26,0022500165,COMPLETE,true,false,202,true
2025-26,0022500166,REPAIRABLE_STRUCTURAL,false,false,203,false
2025-26,0022500167,COMPLETE,true,false,205,false
2025-26,0022500168,COMPLETE,true,false,201,false
2025-26,0022500169,COMPLETE,true,false,198,true
2025-26,0022500170,COMPLETE,true,false,200,true
2025-26,0022500171,COMPLETE,true,false,207,true
2025-26,0022500172,COMPLETE,true,false,201,true
2025-26,0022500173,COMPLETE,true,false,204,true
2025-26,0022500174,COMPLETE,true,false,198,true
2025-26,0022500175,COMPLETE,true,false,192,true
2025-26,0022500176,COMPLETE,true,false,211,false
2025-26,0022500177,COMPLETE,true,false,199,true
2025-26,0022500178,COMPLETE,true,false,212,true
2025-26,0022500179,COMPLETE,true,false,203,false
2025-26,0022500180,COMPLETE,true,false,217,false
2025-26,0022500181,COMPLETE,true,false,213,false
2025-26,0022500182,COMPLETE,true,false,192,false
2025-26,0022500183,COMPLETE,true,false,205,true
2025-26,0022500184,COMPLETE,true,false,205,true
2025-26,0022500185,COMPLETE,true,false,197,false
2025-26,0022500186,COMPLETE,true,false,207,true
2025-26,0022500187,COMPLETE,true,false,230,false
2025-26,0022500188,COMPLETE,true,false,199,false
2025-26,0022500189,COMPLETE,true,false,209,true
2025-26,0022500190,COMPLETE,true,false,182,false
2025-26,0022500191,COMPLETE,true,false,192,false
2025-26,0022500192,COMPLETE,true,false,191,false
2025-26,0022500193,COMPLETE,true,false,191,true
2025-26,0022500194,COMPLETE,true,false,200,false
2025-26,0022500195,COMPLETE,true,false,198,true
2025-26,0022500196,COMPLETE,true,false,204,false
2025-26,0022500197,COMPLETE,true,false,214,false
2025-26,0022500198,COMPLETE,true,false,190,true
2025-26,0022500199,COMPLETE,true,false,228,true
2025-26,0022500200,COMPLETE,true,false,197,true
2025-26,0022500201,COMPLETE,true,false,233,false
2025-26,0022500202,COMPLETE,true,false,211,true
2025-26,0022500203,COMPLETE,true,false,208,true
2025-26,0022500204,COMPLETE,true,false,200,false
2025-26,0022500205,COMPLETE,true,false,204,true
2025-26,0022500206,COMPLETE,true,false,185,true
2025-26,0022500207,COMPLETE,true,false,193,true
2025-26,0022500208,COMPLETE,true,false,222,true
2025-26,0022500209,COMPLETE,true,false,188,true
2025-26,0022500210,COMPLETE,true,false,205,true
2025-26,0022500211,COMPLETE,true,false,207,true
2025-26,0022500212,COMPLETE,true,false,192,false
2025-26,0022500213,COMPLETE,true,false,186,true
2025-26,0022500214,COMPLETE,true,false,209,true
2025-26,0022500215,COMPLETE,true,false,204,true
2025-26,0022500216,COMPLETE,true,false,192,true
2025-26,0022500217,COMPLETE,true,false,216,false
2025-26,0022500218,COMPLETE,true,false,199,true
2025-26,0022500219,COMPLETE,true,false,189,false
2025-26,0022500220,COMPLETE,true,false,211,true
2025-26,0022500221,COMPLETE,true,false,211,true
2025-26,0022500222,COMPLETE,true,false,205,true
2025-26,0022500223,COMPLETE,true,false,216,false
2025-26,0022500224,COMPLETE,true,false,191,true
2025-26,0022500225,COMPLETE,true,false,195,true
2025-26,0022500226,COMPLETE,true,false,196,false
2025-26,0022500227,COMPLETE,true,false,214,true
2025-26,0022500228,COMPLETE,true,false,210,false
2025-26,0022500229,COMPLETE,true,false,190,false
2025-26,0022500230,COMPLETE,true,false,216,true
2025-26,0022500231,COMPLETE,true,false,196,true
2025-26,0022500232,COMPLETE,true,false,206,false
2025-26,0022500233,COMPLETE,true,false,190,true
2025-26,0022500234,COMPLETE,true,false,204,true
2025-26,0022500235,COMPLETE,true,false,199,true
2025-26,0022500236,COMPLETE,true,false,210,true
2025-26,0022500237,COMPLETE,true,false,210,false
2025-26,0022500238,COMPLETE,true,false,223,true
2025-26,0022500239,COMPLETE,true,false,208,true
2025-26,0022500240,COMPLETE,true,false,253,true
2025-26,0022500241,COMPLETE,true,false,203,true
2025-26,0022500242,COMPLETE,true,false,207,true
2025-26,0022500243,COMPLETE,true,false,192,false
2025-26,0022500244,COMPLETE,true,false,212,true
2025-26,0022500245,COMPLETE,true,false,205,true
2025-26,0022500246,COMPLETE,true,false,215,true
2025-26,0022500247,COMPLETE,true,false,199,true
2025-26,0022500248,COMPLETE,true,false,209,false
2025-26,0022500249,COMPLETE,true,false,208,true
2025-26,0022500250,COMPLETE,true,false,191,true
2025-26,0022500251,COMPLETE,true,false,200,false
2025-26,0022500252,COMPLETE,true,false,194,false
2025-26,0022500253,COMPLETE,true,false,212,true
2025-26,0022500254,COMPLETE,true,false,210,true
2025-26,0022500255,COMPLETE,true,false,196,false
2025-26,0022500256,COMPLETE,true,false,199,true
2025-26,0022500257,COMPLETE,true,false,212,true
2025-26,0022500258,COMPLETE,true,false,195,true
2025-26,0022500259,COMPLETE,true,false,194,true
2025-26,0022500260,COMPLETE,true,false,213,false
2025-26,0022500261,COMPLETE,true,false,204,true
2025-26,0022500262,COMPLETE,true,false,204,true
2025-26,0022500263,COMPLETE,true,false,215,true
2025-26,0022500264,COMPLETE,true,false,209,true
2025-26,0022500265,COMPLETE,true,false,200,true
2025-26,0022500266,COMPLETE,true,false,215,false
2025-26,0022500267,COMPLETE,true,false,203,true
2025-26,0022500268,COMPLETE,true,false,191,true
2025-26,0022500269,COMPLETE,true,false,201,false
2025-26,0022500270,COMPLETE,true,false,194,true
2025-26,0022500271,COMPLETE,true,false,209,true
2025-26,0022500272,COMPLETE,true,false,198,false
2025-26,0022500273,COMPLETE,true,false,186,false
2025-26,0022500274,COMPLETE,true,false,193,true
2025-26,0022500275,COMPLETE,true,false,214,true
2025-26,0022500276,COMPLETE,true,false,194,true
2025-26,0022500277,COMPLETE,true,false,195,true
2025-26,0022500278,COMPLETE,true,false,193,true
2025-26,0022500279,COMPLETE,true,false,190,false
2025-26,0022500280,COMPLETE,true,false,194,false
2025-26,0022500281,COMPLETE,true,false,195,false
2025-26,0022500282,COMPLETE,true,false,205,true
2025-26,0022500283,COMPLETE,true,false,203,false
2025-26,0022500284,COMPLETE,true,false,204,true
2025-26,0022500285,COMPLETE,true,false,187,false
2025-26,0022500286,COMPLETE,true,false,203,false
2025-26,0022500287,COMPLETE,true,false,194,true
2025-26,0022500288,COMPLETE,true,false,196,false
2025-26,0022500289,COMPLETE,true,false,220,true
2025-26,0022500290,COMPLETE,true,false,189,false
2025-26,0022500291,COMPLETE,true,false,212,true
2025-26,0022500292,COMPLETE,true,false,219,false
2025-26,0022500293,COMPLETE,true,false,196,true
2025-26,0022500294,COMPLETE,true,false,200,false
2025-26,0022500295,COMPLETE,true,false,197,false
2025-26,0022500296,COMPLETE,true,false,223,true
2025-26,0022500297,COMPLETE,true,false,186,true
2025-26,0022500298,COMPLETE,true,false,190,false
2025-26,0022500299,COMPLETE,true,false,186,true
2025-26,0022500300,COMPLETE,true,false,209,true
2025-26,0022500301,COMPLETE,true,false,201,true
2025-26,0022500302,COMPLETE,true,false,192,true
2025-26,0022500303,COMPLETE,true,false,194,true
2025-26,0022500304,COMPLETE,true,false,256,false
2025-26,0022500305,COMPLETE,true,false,216,true
2025-26,0022500306,COMPLETE,true,false,187,true
2025-26,0022500307,COMPLETE,true,false,204,false
2025-26,0022500308,COMPLETE,true,false,198,true
2025-26,0022500309,COMPLETE,true,false,202,true
2025-26,0022500310,COMPLETE,true,false,198,true
2025-26,0022500311,COMPLETE,true,false,203,true
2025-26,0022500312,COMPLETE,true,false,198,true
2025-26,0022500313,COMPLETE,true,false,213,true
2025-26,0022500314,COMPLETE,true,false,213,true
2025-26,0022500315,COMPLETE,true,false,203,true
2025-26,0022500316,COMPLETE,true,false,217,true
2025-26,0022500317,COMPLETE,true,false,202,false
2025-26,0022500318,COMPLETE,true,false,204,false
2025-26,0022500319,COMPLETE,true,false,204,false
2025-26,0022500320,COMPLETE,true,false,183,false
2025-26,0022500321,COMPLETE,true,false,222,false
2025-26,0022500322,COMPLETE,true,false,201,true
2025-26,0022500323,COMPLETE,true,false,202,false
2025-26,0022500324,COMPLETE,true,false,204,true
2025-26,0022500325,COMPLETE,true,false,202,false
2025-26,0022500326,COMPLETE,true,false,213,true
2025-26,0022500327,COMPLETE,true,false,192,true
2025-26,0022500328,COMPLETE,true,false,187,true
2025-26,0022500329,COMPLETE,true,false,205,false
2025-26,0022500330,COMPLETE,true,false,201,false
2025-26,0022500331,COMPLETE,true,false,194,true
2025-26,0022500332,COMPLETE,true,false,199,true
2025-26,0022500333,COMPLETE,true,false,197,true
2025-26,0022500334,COMPLETE,true,false,193,true
2025-26,0022500335,COMPLETE,true,false,201,false
2025-26,0022500336,COMPLETE,true,false,187,true
2025-26,0022500337,COMPLETE,true,false,223,false
2025-26,0022500338,REPAIRABLE_STRUCTURAL,false,false,194,true
2025-26,0022500339,COMPLETE,true,false,203,true
2025-26,0022500340,COMPLETE,true,false,213,true
2025-26,0022500341,COMPLETE,true,false,208,true
2025-26,0022500342,COMPLETE,true,false,204,false
2025-26,0022500343,COMPLETE,true,false,206,true
2025-26,0022500344,COMPLETE,true,false,206,true
2025-26,0022500345,COMPLETE,true,false,199,true
2025-26,0022500346,COMPLETE,true,false,196,true
2025-26,0022500347,COMPLETE,true,false,194,true
2025-26,0022500348,COMPLETE,true,false,200,false
2025-26,0022500349,COMPLETE,true,false,194,true
2025-26,0022500350,COMPLETE,true,false,194,true
2025-26,0022500351,COMPLETE,true,false,204,false
2025-26,0022500352,COMPLETE,true,false,195,true
2025-26,0022500353,COMPLETE,true,false,193,true
2025-26,0022500354,COMPLETE,true,false,198,false
2025-26,0022500355,COMPLETE,true,false,184,true
2025-26,0022500356,COMPLETE,true,false,189,true
2025-26,0022500357,COMPLETE,true,false,193,true
2025-26,0022500358,COMPLETE,true,false,189,true
2025-26,0022500359,COMPLETE,true,false,193,true
2025-26,0022500360,COMPLETE,true,false,213,true
2025-26,0022500361,COMPLETE,true,false,189,false
2025-26,0022500362,COMPLETE,true,false,199,true
2025-26,0022500363,COMPLETE,true,false,201,false
2025-26,0022500364,COMPLETE,true,false,204,false
2025-26,0022500365,COMPLETE,true,false,186,true
2025-26,0022500366,COMPLETE,true,false,211,true
2025-26,0022500367,COMPLETE,true,false,213,true
2025-26,0022500368,COMPLETE,true,false,213,true
2025-26,0022500369,COMPLETE,true,false,213,true
2025-26,0022500370,COMPLETE,true,false,198,false
2025-26,0022500371,COMPLETE,true,false,209,false
2025-26,0022500372,COMPLETE,true,false,201,false
2025-26,0022500373,COMPLETE,true,false,199,true
2025-26,0022500374,COMPLETE,true,false,193,true
2025-26,0022500375,COMPLETE,true,false,217,true
2025-26,0022500376,COMPLETE,true,false,223,true
2025-26,0022500377,COMPLETE,true,false,204,true
2025-26,0022500378,COMPLETE,true,false,202,false
2025-26,0022500379,COMPLETE,true,false,208,true
2025-26,0022500380,COMPLETE,true,false,234,true
2025-26,0022500381,COMPLETE,true,false,206,true
2025-26,0022500382,COMPLETE,true,false,188,false
2025-26,0022500383,COMPLETE,true,false,210,true
2025-26,0022500384,COMPLETE,true,false,214,true
2025-26,0022500385,COMPLETE,true,false,208,true
2025-26,0022500386,COMPLETE,true,false,196,true
2025-26,0022500387,COMPLETE,true,false,202,false
2025-26,0022500388,COMPLETE,true,false,181,true
2025-26,0022500389,COMPLETE,true,false,222,true
2025-26,0022500390,COMPLETE,true,false,210,false
2025-26,0022500391,COMPLETE,true,false,203,true
2025-26,0022500392,COMPLETE,true,false,203,true
2025-26,0022500393,COMPLETE,true,false,218,false
2025-26,0022500394,COMPLETE,true,false,198,true
2025-26,0022500395,COMPLETE,true,false,187,true
2025-26,0022500396,COMPLETE,true,false,214,true
2025-26,0022500397,COMPLETE,true,false,193,true
2025-26,0022500398,COMPLETE,true,false,203,true
2025-26,0022500399,COMPLETE,true,false,204,false
2025-26,0022500400,COMPLETE,true,false,198,true
2025-26,0022500401,COMPLETE,true,false,208,true
2025-26,0022500402,COMPLETE,true,false,204,false
2025-26,0022500403,COMPLETE,true,false,191,false
2025-26,0022500404,COMPLETE,true,false,216,true
2025-26,0022500405,COMPLETE,true,false,210,true
2025-26,0022500406,COMPLETE,true,false,208,true
2025-26,0022500407,COMPLETE,true,false,197,true
2025-26,0022500408,COMPLETE,true,false,196,false
2025-26,0022500409,COMPLETE,true,false,188,true
2025-26,0022500410,COMPLETE,true,false,198,false
2025-26,0022500411,COMPLETE,true,false,218,false
2025-26,0022500412,COMPLETE,true,false,211,true
2025-26,0022500413,COMPLETE,true,false,197,true
2025-26,0022500414,COMPLETE,true,false,190,true
2025-26,0022500415,COMPLETE,true,false,198,false
2025-26,0022500416,COMPLETE,true,false,205,true
2025-26,0022500417,COMPLETE,true,false,187,false
2025-26,0022500418,COMPLETE,true,false,191,true
2025-26,0022500419,COMPLETE,true,false,212,false
2025-26,0022500420,COMPLETE,true,false,197,false
2025-26,0022500421,COMPLETE,true,false,199,false
2025-26,0022500422,COMPLETE,true,false,179,true
2025-26,0022500423,COMPLETE,true,false,220,true
2025-26,0022500424,COMPLETE,true,false,197,true
2025-26,0022500425,COMPLETE,true,false,209,false
2025-26,0022500426,COMPLETE,true,false,204,true
2025-26,0022500427,COMPLETE,true,false,195,true
2025-26,0022500428,COMPLETE,true,false,202,true
2025-26,0022500429,COMPLETE,true,false,208,false
2025-26,0022500430,COMPLETE,true,false,211,true
2025-26,0022500431,COMPLETE,true,false,180,true
2025-26,0022500432,COMPLETE,true,false,204,false
2025-26,0022500433,COMPLETE,true,false,199,true
2025-26,0022500434,COMPLETE,true,false,201,false
2025-26,0022500435,COMPLETE,true,false,205,true
2025-26,0022500436,COMPLETE,true,false,219,true
2025-26,0022500437,COMPLETE,true,false,194,false
2025-26,0022500438,COMPLETE,true,false,199,true
2025-26,0022500439,COMPLETE,true,false,194,true
2025-26,0022500440,COMPLETE,true,false,197,true
2025-26,0022500441,COMPLETE,true,false,224,true
2025-26,0022500442,COMPLETE,true,false,201,true
2025-26,0022500443,COMPLETE,true,false,218,true
2025-26,0022500444,COMPLETE,true,false,208,true
2025-26,0022500445,COMPLETE,true,false,188,false
2025-26,0022500446,COMPLETE,true,false,204,true
2025-26,0022500447,COMPLETE,true,false,187,true
2025-26,0022500448,COMPLETE,true,false,192,true
2025-26,0022500449,COMPLETE,true,false,191,false
2025-26,0022500450,COMPLETE,true,false,205,true
2025-26,0022500451,COMPLETE,true,false,190,true
2025-26,0022500452,COMPLETE,true,false,205,true
2025-26,0022500453,COMPLETE,true,false,198,false
2025-26,0022500454,COMPLETE,true,false,201,true
2025-26,0022500455,COMPLETE,true,false,215,true
2025-26,0022500456,COMPLETE,true,false,217,true
2025-26,0022500457,COMPLETE,true,false,208,false
2025-26,0022500458,COMPLETE,true,false,227,true
2025-26,0022500459,COMPLETE,true,false,202,true
2025-26,0022500460,COMPLETE,true,false,207,false
2025-26,0022500461,COMPLETE,true,false,187,true
2025-26,0022500462,COMPLETE,true,false,203,true
2025-26,0022500463,COMPLETE,true,false,199,false
2025-26,0022500464,COMPLETE,true,false,221,true
2025-26,0022500465,COMPLETE,true,false,209,false
2025-26,0022500466,COMPLETE,true,false,211,false
2025-26,0022500467,COMPLETE,true,false,208,false
2025-26,0022500468,COMPLETE,true,false,192,true
2025-26,0022500469,COMPLETE,true,false,197,false
2025-26,0022500470,COMPLETE,true,false,213,true
2025-26,0022500471,COMPLETE,true,false,180,false
2025-26,0022500472,COMPLETE,true,false,216,true
2025-26,0022500473,COMPLETE,true,false,201,true
2025-26,0022500474,COMPLETE,true,false,188,true
2025-26,0022500475,COMPLETE,true,false,197,true
2025-26,0022500476,COMPLETE,true,false,213,true
2025-26,0022500477,COMPLETE,true,false,202,false
2025-26,0022500478,COMPLETE,true,false,197,true
2025-26,0022500479,COMPLETE,true,false,209,false
2025-26,0022500480,COMPLETE,true,false,199,true
2025-26,0022500481,COMPLETE,true,false,195,true
2025-26,0022500482,COMPLETE,true,false,189,false
2025-26,0022500483,COMPLETE,true,false,206,false
2025-26,0022500484,COMPLETE,true,false,205,false
2025-26,0022500485,COMPLETE,true,false,213,false
2025-26,0022500486,COMPLETE,true,false,200,true
2025-26,0022500487,COMPLETE,true,false,205,true
2025-26,0022500488,COMPLETE,true,false,214,true
2025-26,0022500489,COMPLETE,true,false,197,false
2025-26,0022500490,COMPLETE,true,false,194,true
2025-26,0022500491,COMPLETE,true,false,206,true
2025-26,0022500492,COMPLETE,true,false,194,false
2025-26,0022500493,COMPLETE,true,false,183,false
2025-26,0022500494,COMPLETE,true,false,203,true
2025-26,0022500495,COMPLETE,true,false,201,false
2025-26,0022500496,COMPLETE,true,false,187,true
2025-26,0022500497,COMPLETE,true,false,218,false
2025-26,0022500498,COMPLETE,true,false,209,true
2025-26,0022500499,COMPLETE,true,false,190,true
2025-26,0022500500,COMPLETE,true,false,197,true
2025-26,0022500501,COMPLETE,true,false,198,false
2025-26,0022500502,COMPLETE,true,false,188,false
2025-26,0022500503,COMPLETE,true,false,187,true
2025-26,0022500504,COMPLETE,true,false,215,true
2025-26,0022500505,COMPLETE,true,false,187,false
2025-26,0022500506,COMPLETE,true,false,192,true
2025-26,0022500507,COMPLETE,true,false,205,false
2025-26,0022500508,COMPLETE,true,false,196,false
2025-26,0022500509,COMPLETE,true,false,204,false
2025-26,0022500510,COMPLETE,true,false,207,true
2025-26,0022500511,COMPLETE,true,false,212,false
2025-26,0022500512,COMPLETE,true,false,213,true
2025-26,0022500513,COMPLETE,true,false,220,true
2025-26,0022500514,COMPLETE,true,false,200,true
2025-26,0022500515,COMPLETE,true,false,202,false
2025-26,0022500516,COMPLETE,true,false,181,false
2025-26,0022500517,COMPLETE,true,false,182,false
2025-26,0022500518,COMPLETE,true,false,202,true
2025-26,0022500519,COMPLETE,true,false,214,true
2025-26,0022500520,COMPLETE,true,false,187,true
2025-26,0022500521,COMPLETE,true,false,201,false
2025-26,0022500522,COMPLETE,true,false,184,false
2025-26,0022500523,COMPLETE,true,false,204,true
2025-26,0022500524,COMPLETE,true,false,200,false
2025-26,0022500525,COMPLETE,true,false,237,true
2025-26,0022500526,COMPLETE,true,false,190,true
2025-26,0022500527,COMPLETE,true,false,193,true
2025-26,0022500528,COMPLETE,true,false,200,true
2025-26,0022500529,COMPLETE,true,false,213,false
2025-26,0022500530,COMPLETE,true,false,206,true
2025-26,0022500531,COMPLETE,true,false,203,true
2025-26,0022500532,COMPLETE,true,false,183,true
2025-26,0022500533,COMPLETE,true,false,197,true
2025-26,0022500534,COMPLETE,true,false,214,true
2025-26,0022500535,COMPLETE,true,false,186,true
2025-26,0022500536,COMPLETE,true,false,196,true
2025-26,0022500537,COMPLETE,true,false,191,true
2025-26,0022500538,COMPLETE,true,false,189,false
2025-26,0022500539,COMPLETE,true,false,190,false
2025-26,0022500540,COMPLETE,true,false,192,true
2025-26,0022500541,COMPLETE,true,false,189,true
2025-26,0022500542,COMPLETE,true,false,205,false
2025-26,0022500543,COMPLETE,true,false,224,true
2025-26,0022500544,COMPLETE,true,false,201,false
2025-26,0022500545,COMPLETE,true,false,193,true
2025-26,0022500546,COMPLETE,true,false,211,true
2025-26,0022500547,COMPLETE,true,false,202,true
2025-26,0022500548,COMPLETE,true,false,190,true
2025-26,0022500549,COMPLETE,true,false,182,true
2025-26,0022500550,COMPLETE,true,false,221,true
2025-26,0022500551,COMPLETE,true,false,200,false
2025-26,0022500552,COMPLETE,true,false,201,true
2025-26,0022500553,COMPLETE,true,false,209,true
2025-26,0022500554,COMPLETE,true,false,188,true
2025-26,0022500555,COMPLETE,true,false,205,false
2025-26,0022500556,COMPLETE,true,false,201,false
2025-26,0022500557,COMPLETE,true,false,176,false
2025-26,0022500558,COMPLETE,true,false,211,true
2025-26,0022500559,COMPLETE,true,false,185,true
2025-26,0022500560,COMPLETE,true,false,185,true
2025-26,0022500561,COMPLETE,true,false,191,true
2025-26,0022500562,COMPLETE,true,false,190,true
2025-26,0022500563,COMPLETE,true,false,188,true
2025-26,0022500564,COMPLETE,true,false,206,false
2025-26,0022500565,COMPLETE,true,false,191,false
2025-26,0022500566,COMPLETE,true,false,206,false
2025-26,0022500567,COMPLETE,true,false,198,false
2025-26,0022500568,COMPLETE,true,false,192,true
2025-26,0022500569,COMPLETE,true,false,203,false
2025-26,0022500570,COMPLETE,true,false,204,true
2025-26,0022500571,COMPLETE,true,false,191,true
2025-26,0022500572,COMPLETE,true,false,204,true
2025-26,0022500573,COMPLETE,true,false,202,true
2025-26,0022500574,COMPLETE,true,false,197,false
2025-26,0022500575,COMPLETE,true,false,192,true
2025-26,0022500576,COMPLETE,true,false,198,false
2025-26,0022500577,COMPLETE,true,false,195,false
2025-26,0022500579,COMPLETE,true,false,206,false
2025-26,0022500580,COMPLETE,true,false,194,true
2025-26,0022500581,COMPLETE,true,false,198,true
2025-26,0022500582,COMPLETE,true,false,198,true
2025-26,0022500583,COMPLETE,true,false,220,true
2025-26,0022500584,COMPLETE,true,false,187,true
2025-26,0022500585,COMPLETE,true,false,209,true
2025-26,0022500586,COMPLETE,true,false,196,false
2025-26,0022500587,REPAIRABLE_STRUCTURAL,false,false,196,true
2025-26,0022500588,COMPLETE,true,false,193,true
2025-26,0022500589,COMPLETE,true,false,199,true
2025-26,0022500590,COMPLETE,true,false,209,true
2025-26,0022500591,COMPLETE,true,false,201,true
2025-26,0022500592,COMPLETE,true,false,204,false
2025-26,0022500593,COMPLETE,true,false,205,false
2025-26,0022500594,COMPLETE,true,false,209,false
2025-26,0022500595,COMPLETE,true,false,222,true
2025-26,0022500596,COMPLETE,true,false,186,false
2025-26,0022500597,COMPLETE,true,false,203,true
2025-26,0022500598,COMPLETE,true,false,201,true
2025-26,0022500599,COMPLETE,true,false,202,false
2025-26,0022500600,COMPLETE,true,false,202,false
2025-26,0022500601,COMPLETE,true,false,203,false
2025-26,0022500603,COMPLETE,true,false,184,true
2025-26,0022500604,COMPLETE,true,false,199,true
2025-26,0022500605,COMPLETE,true,false,170,true
2025-26,0022500606,COMPLETE,true,false,201,false
2025-26,0022500607,COMPLETE,true,false,196,true
2025-26,0022500608,COMPLETE,true,false,197,false
2025-26,0022500609,COMPLETE,true,false,197,true
2025-26,0022500610,COMPLETE,true,false,179,true
2025-26,0022500611,COMPLETE,true,false,201,false
2025-26,0022500612,COMPLETE,true,false,213,true
2025-26,0022500613,COMPLETE,true,false,209,true
2025-26,0022500614,COMPLETE,true,false,204,true
2025-26,0022500615,COMPLETE,true,false,196,true
2025-26,0022500616,COMPLETE,true,false,208,true
2025-26,0022500617,COMPLETE,true,false,192,false
2025-26,0022500618,COMPLETE,true,false,206,false
2025-26,0022500619,COMPLETE,true,false,209,true
2025-26,0022500620,COMPLETE,true,false,195,true
2025-26,0022500621,COMPLETE,true,false,205,false
2025-26,0022500622,COMPLETE,true,false,184,true
2025-26,0022500623,COMPLETE,true,false,216,true
2025-26,0022500624,COMPLETE,true,false,204,true
2025-26,0022500625,COMPLETE,true,false,195,true
2025-26,0022500626,COMPLETE,true,false,199,false
2025-26,0022500627,COMPLETE,true,false,190,true
2025-26,0022500628,COMPLETE,true,false,209,true
2025-26,0022500629,COMPLETE,true,false,191,true
2025-26,0022500630,COMPLETE,true,false,217,true
2025-26,0022500631,COMPLETE,true,false,209,true
2025-26,0022500632,COMPLETE,true,false,201,true
2025-26,0022500633,COMPLETE,true,false,194,true
2025-26,0022500634,COMPLETE,true,false,207,true
2025-26,0022500635,COMPLETE,true,false,195,true
2025-26,0022500636,COMPLETE,true,false,199,true
2025-26,0022500637,COMPLETE,true,false,218,true
2025-26,0022500638,COMPLETE,true,false,195,false
2025-26,0022500639,COMPLETE,true,false,209,false
2025-26,0022500640,COMPLETE,true,false,190,true
2025-26,0022500641,COMPLETE,true,false,201,false
2025-26,0022500642,COMPLETE,true,false,196,true
2025-26,0022500643,COMPLETE,true,false,197,true
2025-26,0022500644,COMPLETE,true,false,206,false
2025-26,0022500645,COMPLETE,true,false,201,false
2025-26,0022500646,COMPLETE,true,false,201,true
2025-26,0022500647,COMPLETE,true,false,183,false
2025-26,0022500648,COMPLETE,true,false,206,false
2025-26,0022500649,COMPLETE,true,false,222,false
2025-26,0022500650,COMPLETE,true,false,200,true
2025-26,0022500651,COMPLETE,true,false,218,true
2025-26,0022500652,COMPLETE,true,false,218,true
2025-26,0022500653,COMPLETE,true,false,192,false
2025-26,0022500654,COMPLETE,true,false,191,false
2025-26,0022500655,COMPLETE,true,false,200,false
2025-26,0022500656,COMPLETE,true,false,203,true
2025-26,0022500657,COMPLETE,true,false,203,true
2025-26,0022500658,COMPLETE,true,false,194,true
2025-26,0022500659,COMPLETE,true,false,220,true
2025-26,0022500660,COMPLETE,true,false,198,true
2025-26,0022500661,COMPLETE,true,false,201,true
2025-26,0022500662,COMPLETE,true,false,201,false
2025-26,0022500663,COMPLETE,true,false,213,false
2025-26,0022500664,COMPLETE,true,false,218,true
2025-26,0022500665,COMPLETE,true,false,191,true
2025-26,0022500666,COMPLETE,true,false,197,true
2025-26,0022500667,COMPLETE,true,false,193,true
2025-26,0022500668,COMPLETE,true,false,189,true
2025-26,0022500669,COMPLETE,true,false,181,true
2025-26,0022500670,COMPLETE,true,false,189,false
2025-26,0022500671,COMPLETE,true,false,194,true
2025-26,0022500672,COMPLETE,true,false,194,true
2025-26,0022500673,COMPLETE,true,false,193,true
2025-26,0022500674,COMPLETE,true,false,212,true
2025-26,0022500675,COMPLETE,true,false,201,true
2025-26,0022500676,COMPLETE,true,false,183,true
2025-26,0022500677,COMPLETE,true,false,210,true
2025-26,0022500678,COMPLETE,true,false,218,true
2025-26,0022500679,COMPLETE,true,false,198,true
2025-26,0022500680,COMPLETE,true,false,186,false
2025-26,0022500681,COMPLETE,true,false,203,true
2025-26,0022500682,COMPLETE,true,false,178,true
2025-26,0022500683,COMPLETE,true,false,202,false
2025-26,0022500684,COMPLETE,true,false,175,true
2025-26,0022500685,COMPLETE,true,false,193,true
2025-26,0022500686,COMPLETE,true,false,197,false
2025-26,0022500687,COMPLETE,true,false,205,true
2025-26,0022500688,COMPLETE,true,false,208,true
2025-26,0022500689,COMPLETE,true,false,179,true
2025-26,0022500690,COMPLETE,true,false,200,true
2025-26,0022500691,COMPLETE,true,false,199,true
2025-26,0022500692,COMPLETE,true,false,230,true
2025-26,0022500693,COMPLETE,true,false,211,true
2025-26,0022500694,COMPLETE,true,false,186,false
2025-26,0022500695,COMPLETE,true,false,188,false
2025-26,0022500696,COMPLETE,true,false,224,false
2025-26,0022500697,COMPLETE,true,false,187,false
2025-26,0022500698,COMPLETE,true,false,221,true
2025-26,0022500699,COMPLETE,true,false,202,false
2025-26,0022500700,COMPLETE,true,false,204,true
2025-26,0022500701,COMPLETE,true,false,198,true
2025-26,0022500702,COMPLETE,true,false,172,false
2025-26,0022500703,COMPLETE,true,false,202,true
2025-26,0022500704,COMPLETE,true,false,202,true
2025-26,0022500705,COMPLETE,true,false,211,false
2025-26,0022500706,COMPLETE,true,false,205,true
2025-26,0022500707,COMPLETE,true,false,197,true
2025-26,0022500708,COMPLETE,true,false,185,true
2025-26,0022500709,COMPLETE,true,false,190,true
2025-26,0022500710,COMPLETE,true,false,206,true
2025-26,0022500711,COMPLETE,true,false,197,true
2025-26,0022500712,COMPLETE,true,false,194,true
2025-26,0022500713,COMPLETE,true,false,195,true
2025-26,0022500714,COMPLETE,true,false,202,false
2025-26,0022500715,COMPLETE,true,false,186,true
2025-26,0022500716,COMPLETE,true,false,201,false
2025-26,0022500717,COMPLETE,true,false,207,false
2025-26,0022500718,COMPLETE,true,false,204,false
2025-26,0022500719,COMPLETE,true,false,207,true
2025-26,0022500720,COMPLETE,true,false,216,true
2025-26,0022500721,COMPLETE,true,false,191,false
2025-26,0022500722,COMPLETE,true,false,202,false
2025-26,0022500723,COMPLETE,true,false,193,true
2025-26,0022500724,COMPLETE,true,false,180,true
2025-26,0022500725,COMPLETE,true,false,193,true
2025-26,0022500726,COMPLETE,true,false,221,true
2025-26,0022500727,COMPLETE,true,false,204,false
2025-26,0022500728,COMPLETE,true,false,182,true
2025-26,0022500729,COMPLETE,true,false,210,true
2025-26,0022500730,COMPLETE,true,false,210,true
2025-26,0022500731,COMPLETE,true,false,205,false
2025-26,0022500732,COMPLETE,true,false,197,true
2025-26,0022500733,COMPLETE,true,false,203,true
2025-26,0022500734,COMPLETE,true,false,196,true
2025-26,0022500735,COMPLETE,true,false,198,true
2025-26,0022500736,COMPLETE,true,false,191,false
2025-26,0022500737,COMPLETE,true,false,190,false
2025-26,0022500738,COMPLETE,true,false,213,true
2025-26,0022500739,COMPLETE,true,false,178,true
2025-26,0022500740,COMPLETE,true,false,207,true
2025-26,0022500741,COMPLETE,true,false,186,true
2025-26,0022500742,COMPLETE,true,false,186,false
2025-26,0022500743,COMPLETE,true,false,184,true
2025-26,0022500744,COMPLETE,true,false,192,true
2025-26,0022500745,COMPLETE,true,false,208,true
2025-26,0022500746,COMPLETE,true,false,196,false
2025-26,0022500747,COMPLETE,true,false,199,true
2025-26,0022500748,COMPLETE,true,false,194,false
2025-26,0022500749,COMPLETE,true,false,220,true
2025-26,0022500750,COMPLETE,true,false,229,false
2025-26,0022500751,COMPLETE,true,false,193,true
2025-26,0022500752,COMPLETE,true,false,203,true
2025-26,0022500753,COMPLETE,true,false,193,true
2025-26,0022500754,COMPLETE,true,false,192,true
2025-26,0022500755,COMPLETE,true,false,205,true
2025-26,0022500756,COMPLETE,true,false,204,true
2025-26,0022500757,COMPLETE,true,false,188,false
2025-26,0022500758,COMPLETE,true,false,212,true
2025-26,0022500759,COMPLETE,true,false,209,true
2025-26,0022500760,COMPLETE,true,false,193,true
2025-26,0022500761,COMPLETE,true,false,188,true
2025-26,0022500762,COMPLETE,true,false,215,true
2025-26,0022500763,COMPLETE,true,false,205,true
2025-26,0022500764,COMPLETE,true,false,198,true
2025-26,0022500765,COMPLETE,true,false,220,false
2025-26,0022500766,COMPLETE,true,false,196,true
2025-26,0022500767,COMPLETE,true,false,197,false
2025-26,0022500768,COMPLETE,true,false,203,true
2025-26,0022500769,COMPLETE,true,false,200,true
2025-26,0022500770,COMPLETE,true,false,205,false
2025-26,0022500771,COMPLETE,true,false,222,true
2025-26,0022500772,COMPLETE,true,false,186,true
2025-26,0022500773,COMPLETE,true,false,207,false
2025-26,0022500774,COMPLETE,true,false,212,false
2025-26,0022500775,COMPLETE,true,false,200,true
2025-26,0022500776,COMPLETE,true,false,211,false
2025-26,0022500777,COMPLETE,true,false,186,true
2025-26,0022500778,COMPLETE,true,false,193,false
2025-26,0022500779,COMPLETE,true,false,203,true
2025-26,0022500780,COMPLETE,true,false,206,true
2025-26,0022500781,COMPLETE,true,false,188,false
2025-26,0022500782,COMPLETE,true,false,184,false
2025-26,0022500783,COMPLETE,true,false,217,true
2025-26,0022500784,COMPLETE,true,false,207,true
2025-26,0022500785,COMPLETE,true,false,189,false
2025-26,0022500786,COMPLETE,true,false,202,false
2025-26,0022500787,COMPLETE,true,false,197,false
2025-26,0022500788,COMPLETE,true,false,194,true
2025-26,0022500789,COMPLETE,true,false,185,true
2025-26,0022500790,COMPLETE,true,false,213,true
2025-26,0022500791,COMPLETE,true,false,200,true
2025-26,0022500792,COMPLETE,true,false,188,false
2025-26,0022500793,COMPLETE,true,false,194,false
2025-26,0022500794,COMPLETE,true,false,212,true
2025-26,0022500795,COMPLETE,true,false,217,false
2025-26,0022500796,COMPLETE,true,false,201,false
2025-26,0022500797,COMPLETE,true,false,213,true
2025-26,0022500798,COMPLETE,true,false,192,false
2025-26,0022500799,COMPLETE,true,false,196,false
2025-26,0022500800,COMPLETE,true,false,204,false
2025-26,0022500801,COMPLETE,true,false,214,true
2025-26,0022500802,COMPLETE,true,false,183,true
2025-26,0022500803,COMPLETE,true,false,220,true
2025-26,0022500804,COMPLETE,true,false,221,false
2025-26,0022500805,REPAIRABLE_STRUCTURAL,false,false,204,true
2025-26,0022500806,COMPLETE,true,false,211,true
2025-26,0022500807,COMPLETE,true,false,207,true
2025-26,0022500808,COMPLETE,true,false,201,true
2025-26,0022500809,COMPLETE,true,false,196,true
2025-26,0022500810,COMPLETE,true,false,223,false
2025-26,0022500811,COMPLETE,true,false,220,false
2025-26,0022500812,COMPLETE,true,false,207,true
2025-26,0022500813,COMPLETE,true,false,215,false
2025-26,0022500814,COMPLETE,true,false,210,true
2025-26,0022500815,COMPLETE,true,false,218,true
2025-26,0022500816,COMPLETE,true,false,193,true
2025-26,0022500817,COMPLETE,true,false,199,true
2025-26,0022500818,COMPLETE,true,false,190,true
2025-26,0022500819,COMPLETE,true,false,192,false
2025-26,0022500820,COMPLETE,true,false,212,true
2025-26,0022500821,COMPLETE,true,false,216,true
2025-26,0022500822,COMPLETE,true,false,189,false
2025-26,0022500823,COMPLETE,true,false,193,true
2025-26,0022500824,COMPLETE,true,false,202,false
2025-26,0022500825,COMPLETE,true,false,195,false
2025-26,0022500826,COMPLETE,true,false,186,false
2025-26,0022500827,COMPLETE,true,false,192,true
2025-26,0022500828,COMPLETE,true,false,207,true
2025-26,0022500829,COMPLETE,true,false,205,true
2025-26,0022500830,COMPLETE,true,false,214,true
2025-26,0022500831,COMPLETE,true,false,220,true
2025-26,0022500832,COMPLETE,true,false,211,true
2025-26,0022500833,COMPLETE,true,false,197,false
2025-26,0022500834,COMPLETE,true,false,199,true
2025-26,0022500835,COMPLETE,true,false,192,true
2025-26,0022500836,COMPLETE,true,false,199,true
2025-26,0022500837,COMPLETE,true,false,213,false
2025-26,0022500838,COMPLETE,true,false,213,false
2025-26,0022500839,COMPLETE,true,false,165,true
2025-26,0022500840,COMPLETE,true,false,200,true
2025-26,0022500841,COMPLETE,true,false,204,true
2025-26,0022500842,COMPLETE,true,false,200,true
2025-26,0022500843,COMPLETE,true,false,204,true
2025-26,0022500844,COMPLETE,true,false,198,false
2025-26,0022500845,COMPLETE,true,false,195,false
2025-26,0022500846,COMPLETE,true,false,188,false
2025-26,0022500847,COMPLETE,true,false,185,true
2025-26,0022500848,COMPLETE,true,false,198,true
2025-26,0022500849,COMPLETE,true,false,208,false
2025-26,0022500850,COMPLETE,true,false,212,true
2025-26,0022500851,COMPLETE,true,false,194,true
2025-26,0022500852,COMPLETE,true,false,180,true
2025-26,0022500853,COMPLETE,true,false,209,true
2025-26,0022500854,COMPLETE,true,false,204,true
2025-26,0022500855,COMPLETE,true,false,180,true
2025-26,0022500856,COMPLETE,true,false,204,true
2025-26,0022500857,COMPLETE,true,false,190,false
2025-26,0022500858,COMPLETE,true,false,217,true
2025-26,0022500859,COMPLETE,true,false,185,true
2025-26,0022500860,COMPLETE,true,false,197,true
2025-26,0022500861,COMPLETE,true,false,205,true
2025-26,0022500862,COMPLETE,true,false,235,true
2025-26,0022500863,COMPLETE,true,false,196,true
2025-26,0022500864,COMPLETE,true,false,199,false
2025-26,0022500865,COMPLETE,true,false,193,false
2025-26,0022500866,COMPLETE,true,false,191,true
2025-26,0022500867,COMPLETE,true,false,204,true
2025-26,0022500868,COMPLETE,true,false,197,true
2025-26,0022500869,COMPLETE,true,false,194,false
2025-26,0022500870,COMPLETE,true,false,210,true
2025-26,0022500871,COMPLETE,true,false,203,false
2025-26,0022500872,COMPLETE,true,false,195,true
2025-26,0022500873,COMPLETE,true,false,208,true
2025-26,0022500874,COMPLETE,true,false,184,false
2025-26,0022500875,COMPLETE,true,false,203,true
2025-26,0022500876,COMPLETE,true,false,197,true
2025-26,0022500877,COMPLETE,true,false,199,false
2025-26,0022500878,COMPLETE,true,false,202,true
2025-26,0022500879,COMPLETE,true,false,206,true
2025-26,0022500880,COMPLETE,true,false,179,true
2025-26,0022500881,COMPLETE,true,false,199,true
2025-26,0022500882,COMPLETE,true,false,188,true
2025-26,0022500883,COMPLETE,true,false,197,true
2025-26,0022500884,COMPLETE,true,false,188,false
2025-26,0022500885,COMPLETE,true,false,199,true
2025-26,0022500886,COMPLETE,true,false,200,false
2025-26,0022500887,COMPLETE,true,false,186,true
2025-26,0022500888,COMPLETE,true,false,213,false
2025-26,0022500889,COMPLETE,true,false,211,false
2025-26,0022500890,COMPLETE,true,false,209,true
2025-26,0022500891,COMPLETE,true,false,209,false
2025-26,0022500892,COMPLETE,true,false,198,true
2025-26,0022500893,COMPLETE,true,false,197,false
2025-26,0022500894,COMPLETE,true,false,184,false
2025-26,0022500895,COMPLETE,true,false,188,true
2025-26,0022500896,COMPLETE,true,false,200,true
2025-26,0022500897,COMPLETE,true,false,193,true
2025-26,0022500898,COMPLETE,true,false,210,false
2025-26,0022500899,COMPLETE,true,false,200,true
2025-26,0022500900,COMPLETE,true,false,188,true
2025-26,0022500901,COMPLETE,true,false,202,true
2025-26,0022500902,COMPLETE,true,false,197,true
2025-26,0022500903,COMPLETE,true,false,194,false
2025-26,0022500904,COMPLETE,true,false,190,true
2025-26,0022500905,COMPLETE,true,false,205,false
2025-26,0022500906,COMPLETE,true,false,196,false
2025-26,0022500907,COMPLETE,true,false,211,false
2025-26,0022500908,COMPLETE,true,false,201,false
2025-26,0022500909,COMPLETE,true,false,200,true
2025-26,0022500910,COMPLETE,true,false,198,false
2025-26,0022500911,COMPLETE,true,false,200,true
2025-26,0022500912,COMPLETE,true,false,193,true
2025-26,0022500913,COMPLETE,true,false,194,true
2025-26,0022500914,COMPLETE,true,false,202,true
2025-26,0022500915,COMPLETE,true,false,204,true
2025-26,0022500916,COMPLETE,true,false,198,false
2025-26,0022500917,COMPLETE,true,false,205,true
2025-26,0022500918,COMPLETE,true,false,198,true
2025-26,0022500919,COMPLETE,true,false,197,false
2025-26,0022500920,COMPLETE,true,false,186,true
2025-26,0022500921,COMPLETE,true,false,186,true
2025-26,0022500922,COMPLETE,true,false,194,false
2025-26,0022500923,COMPLETE,true,false,196,false
2025-26,0022500924,COMPLETE,true,false,202,true
2025-26,0022500925,COMPLETE,true,false,210,true
2025-26,0022500926,COMPLETE,true,false,194,true
2025-26,0022500927,COMPLETE,true,false,201,true
2025-26,0022500928,COMPLETE,true,false,176,false
2025-26,0022500929,COMPLETE,true,false,203,true
2025-26,0022500930,COMPLETE,true,false,207,true
2025-26,0022500931,COMPLETE,true,false,191,true
2025-26,0022500932,COMPLETE,true,false,196,true
2025-26,0022500933,COMPLETE,true,false,199,true
2025-26,0022500934,COMPLETE,true,false,197,true
2025-26,0022500935,COMPLETE,true,false,201,true
2025-26,0022500936,COMPLETE,true,false,206,false
2025-26,0022500937,COMPLETE,true,false,191,true
2025-26,0022500938,COMPLETE,true,false,236,true
2025-26,0022500939,COMPLETE,true,false,197,true
2025-26,0022500940,COMPLETE,true,false,192,true
2025-26,0022500941,COMPLETE,true,false,198,false
2025-26,0022500942,COMPLETE,true,false,201,true
2025-26,0022500943,COMPLETE,true,false,222,false
2025-26,0022500944,COMPLETE,true,false,197,true
2025-26,0022500945,COMPLETE,true,false,214,true
2025-26,0022500946,COMPLETE,true,false,188,true
2025-26,0022500947,COMPLETE,true,false,193,false
2025-26,0022500948,COMPLETE,true,false,207,false
2025-26,0022500949,COMPLETE,true,false,195,true
2025-26,0022500950,COMPLETE,true,false,200,true
2025-26,0022500951,COMPLETE,true,false,191,false
2025-26,0022500952,COMPLETE,true,false,207,false
2025-26,0022500953,COMPLETE,true,false,204,true
2025-26,0022500954,COMPLETE,true,false,193,true
2025-26,0022500955,COMPLETE,true,false,228,true
2025-26,0022500956,COMPLETE,true,false,194,true
2025-26,0022500957,COMPLETE,true,false,200,true
2025-26,0022500958,COMPLETE,true,false,218,true
2025-26,0022500959,COMPLETE,true,false,182,true
2025-26,0022500960,COMPLETE,true,false,207,true
2025-26,0022500961,COMPLETE,true,false,198,false
2025-26,0022500962,COMPLETE,true,false,195,false
2025-26,0022500963,COMPLETE,true,false,194,true
2025-26,0022500964,COMPLETE,true,false,187,true
2025-26,0022500965,COMPLETE,true,false,202,false
2025-26,0022500966,COMPLETE,true,false,200,false
2025-26,0022500967,COMPLETE,true,false,214,false
2025-26,0022500968,COMPLETE,true,false,203,true
2025-26,0022500969,COMPLETE,true,false,204,true
2025-26,0022500970,COMPLETE,true,false,201,true
2025-26,0022500971,COMPLETE,true,false,197,true
2025-26,0022500972,COMPLETE,true,false,209,true
2025-26,0022500973,COMPLETE,true,false,189,true
2025-26,0022500974,COMPLETE,true,false,221,true
2025-26,0022500975,COMPLETE,true,false,200,true
2025-26,0022500976,COMPLETE,true,false,199,true
2025-26,0022500977,COMPLETE,true,false,205,true
2025-26,0022500978,COMPLETE,true,false,191,true
2025-26,0022500979,COMPLETE,true,false,189,true
2025-26,0022500980,COMPLETE,true,false,209,true
2025-26,0022500981,COMPLETE,true,false,184,false
2025-26,0022500982,COMPLETE,true,false,206,false
2025-26,0022500983,COMPLETE,true,false,208,false
2025-26,0022500984,COMPLETE,true,false,208,true
2025-26,0022500985,COMPLETE,true,false,197,true
2025-26,0022500986,COMPLETE,true,false,190,true
2025-26,0022500987,COMPLETE,true,false,203,true
2025-26,0022500988,COMPLETE,true,false,217,false
2025-26,0022500989,COMPLETE,true,false,184,true
2025-26,0022500990,COMPLETE,true,false,199,true
2025-26,0022500991,COMPLETE,true,false,213,true
2025-26,0022500992,COMPLETE,true,false,201,true
2025-26,0022500993,COMPLETE,true,false,205,false
2025-26,0022500994,COMPLETE,true,false,190,true
2025-26,0022500995,COMPLETE,true,false,190,true
2025-26,0022500996,COMPLETE,true,false,199,true
2025-26,0022500997,COMPLETE,true,false,206,true
2025-26,0022500998,COMPLETE,true,false,197,true
2025-26,0022500999,COMPLETE,true,false,198,true
2025-26,0022501000,COMPLETE,true,false,207,true
2025-26,0022501001,COMPLETE,true,false,195,true
2025-26,0022501002,COMPLETE,true,false,212,true
2025-26,0022501003,COMPLETE,true,false,189,true
2025-26,0022501004,COMPLETE,true,false,220,true
2025-26,0022501005,COMPLETE,true,false,190,true
2025-26,0022501006,COMPLETE,true,false,212,true
2025-26,0022501007,COMPLETE,true,false,191,true
2025-26,0022501008,COMPLETE,true,false,200,true
2025-26,0022501009,COMPLETE,true,false,199,false
2025-26,0022501010,COMPLETE,true,false,204,false
2025-26,0022501011,COMPLETE,true,false,208,false
2025-26,0022501012,COMPLETE,true,false,194,true
2025-26,0022501013,COMPLETE,true,false,192,true
2025-26,0022501014,COMPLETE,true,false,200,true
2025-26,0022501015,COMPLETE,true,false,208,true
2025-26,0022501016,COMPLETE,true,false,195,true
2025-26,0022501017,COMPLETE,true,false,203,false
2025-26,0022501018,COMPLETE,true,false,205,true
2025-26,0022501019,COMPLETE,true,false,193,true
2025-26,0022501020,COMPLETE,true,false,200,true
2025-26,0022501021,COMPLETE,true,false,188,false
2025-26,0022501022,COMPLETE,true,false,202,false
2025-26,0022501023,COMPLETE,true,false,198,true
2025-26,0022501024,COMPLETE,true,false,191,true
2025-26,0022501025,COMPLETE,true,false,189,true
2025-26,0022501026,COMPLETE,true,false,203,true
2025-26,0022501027,COMPLETE,true,false,188,true
2025-26,0022501028,COMPLETE,true,false,198,true
2025-26,0022501029,COMPLETE,true,false,212,true
2025-26,0022501030,COMPLETE,true,false,205,false
2025-26,0022501031,COMPLETE,true,false,186,true
2025-26,0022501032,COMPLETE,true,false,203,true
2025-26,0022501033,COMPLETE,true,false,192,true
2025-26,0022501034,COMPLETE,true,false,201,false
2025-26,0022501035,COMPLETE,true,false,201,true
2025-26,0022501036,COMPLETE,true,false,192,false
2025-26,0022501037,COMPLETE,true,false,205,true
2025-26,0022501038,COMPLETE,true,false,192,true
2025-26,0022501039,COMPLETE,true,false,196,true
2025-26,0022501040,COMPLETE,true,false,199,true
2025-26,0022501041,COMPLETE,true,false,214,true
2025-26,0022501042,COMPLETE,true,false,221,true
2025-26,0022501043,COMPLETE,true,false,217,true
2025-26,0022501044,COMPLETE,true,false,228,true
2025-26,0022501045,COMPLETE,true,false,217,false
2025-26,0022501046,COMPLETE,true,false,196,true
2025-26,0022501047,COMPLETE,true,false,194,true
2025-26,0022501048,COMPLETE,true,false,186,true
2025-26,0022501049,COMPLETE,true,false,195,true
2025-26,0022501050,COMPLETE,true,false,199,false
2025-26,0022501051,COMPLETE,true,false,222,true
2025-26,0022501052,COMPLETE,true,false,218,true
2025-26,0022501053,COMPLETE,true,false,225,true
2025-26,0022501054,COMPLETE,true,false,193,true
2025-26,0022501055,COMPLETE,true,false,193,true
2025-26,0022501056,COMPLETE,true,false,200,true
2025-26,0022501057,COMPLETE,true,false,219,true
2025-26,0022501058,COMPLETE,true,false,218,true
2025-26,0022501059,COMPLETE,true,false,210,false
2025-26,0022501060,COMPLETE,true,false,203,true
2025-26,0022501061,COMPLETE,true,false,201,true
2025-26,0022501062,COMPLETE,true,false,187,false
2025-26,0022501063,COMPLETE,true,false,177,true
2025-26,0022501064,COMPLETE,true,false,204,true
2025-26,0022501065,COMPLETE,true,false,189,true
2025-26,0022501066,COMPLETE,true,false,201,true
2025-26,0022501067,COMPLETE,true,false,180,false
2025-26,0022501068,COMPLETE,true,false,220,true
2025-26,0022501069,COMPLETE,true,false,193,true
2025-26,0022501070,COMPLETE,true,false,212,true
2025-26,0022501071,COMPLETE,true,false,198,true
2025-26,0022501072,COMPLETE,true,false,209,false
2025-26,0022501073,COMPLETE,true,false,207,true
2025-26,0022501074,COMPLETE,true,false,208,false
2025-26,0022501075,COMPLETE,true,false,198,true
2025-26,0022501076,COMPLETE,true,false,196,true
2025-26,0022501077,COMPLETE,true,false,194,false
2025-26,0022501078,COMPLETE,true,false,192,true
2025-26,0022501079,COMPLETE,true,false,223,true
2025-26,0022501080,COMPLETE,true,false,196,true
2025-26,0022501081,COMPLETE,true,false,207,true
2025-26,0022501082,COMPLETE,true,false,202,true
2025-26,0022501083,COMPLETE,true,false,206,true
2025-26,0022501084,COMPLETE,true,false,191,true
2025-26,0022501085,COMPLETE,true,false,180,true
2025-26,0022501086,COMPLETE,true,false,209,true
2025-26,0022501087,COMPLETE,true,false,205,false
2025-26,0022501088,COMPLETE,true,false,201,true
2025-26,0022501089,COMPLETE,true,false,187,true
2025-26,0022501090,COMPLETE,true,false,185,true
2025-26,0022501091,COMPLETE,true,false,203,false
2025-26,0022501092,COMPLETE,true,false,197,true
2025-26,0022501093,COMPLETE,true,false,196,true
2025-26,0022501094,COMPLETE,true,false,202,true
2025-26,0022501095,COMPLETE,true,false,207,true
2025-26,0022501096,COMPLETE,true,false,201,true
2025-26,0022501097,COMPLETE,true,false,209,false
2025-26,0022501098,COMPLETE,true,false,198,true
2025-26,0022501099,COMPLETE,true,false,222,true
2025-26,0022501100,COMPLETE,true,false,189,false
2025-26,0022501101,COMPLETE,true,false,202,true
2025-26,0022501102,COMPLETE,true,false,174,true
2025-26,0022501103,COMPLETE,true,false,195,true
2025-26,0022501104,COMPLETE,true,false,184,false
2025-26,0022501105,COMPLETE,true,false,209,false
2025-26,0022501106,COMPLETE,true,false,194,true
2025-26,0022501107,COMPLETE,true,false,213,false
2025-26,0022501108,COMPLETE,true,false,197,false
2025-26,0022501109,COMPLETE,true,false,215,true
2025-26,0022501110,COMPLETE,true,false,186,true
2025-26,0022501111,COMPLETE,true,false,204,true
2025-26,0022501112,COMPLETE,true,false,213,true
2025-26,0022501113,COMPLETE,true,false,201,true
2025-26,0022501114,COMPLETE,true,false,192,true
2025-26,0022501115,COMPLETE,true,false,205,true
2025-26,0022501116,COMPLETE,true,false,207,true
2025-26,0022501117,COMPLETE,true,false,203,true
2025-26,0022501118,COMPLETE,true,false,200,false
2025-26,0022501119,COMPLETE,true,false,196,true
2025-26,0022501120,COMPLETE,true,false,197,false
2025-26,0022501121,COMPLETE,true,false,205,true
2025-26,0022501122,COMPLETE,true,false,210,true
2025-26,0022501123,COMPLETE,true,false,198,true
2025-26,0022501124,COMPLETE,true,false,205,true
2025-26,0022501125,COMPLETE,true,false,206,true
2025-26,0022501126,COMPLETE,true,false,187,true
2025-26,0022501127,COMPLETE,true,false,220,true
2025-26,0022501128,COMPLETE,true,false,197,true
2025-26,0022501129,COMPLETE,true,false,217,true
2025-26,0022501130,COMPLETE,true,false,219,true
2025-26,0022501131,COMPLETE,true,false,185,true
2025-26,0022501132,COMPLETE,true,false,195,true
2025-26,0022501133,COMPLETE,true,false,197,false
2025-26,0022501134,COMPLETE,true,false,207,true
2025-26,0022501135,COMPLETE,true,false,203,false
2025-26,0022501136,COMPLETE,true,false,197,true
2025-26,0022501137,COMPLETE,true,false,194,false
2025-26,0022501138,COMPLETE,true,false,209,true
2025-26,0022501139,COMPLETE,true,false,213,true
2025-26,0022501140,COMPLETE,true,false,206,true
2025-26,0022501141,COMPLETE,true,false,202,true
2025-26,0022501142,COMPLETE,true,false,188,false
2025-26,0022501143,COMPLETE,true,false,191,true
2025-26,0022501144,COMPLETE,true,false,208,true
2025-26,0022501145,COMPLETE,true,false,205,false
2025-26,0022501146,COMPLETE,true,false,194,false
2025-26,0022501147,COMPLETE,true,false,213,true
2025-26,0022501148,COMPLETE,true,false,217,true
2025-26,0022501149,COMPLETE,true,false,182,true
2025-26,0022501150,COMPLETE,true,false,184,true
2025-26,0022501151,COMPLETE,true,false,202,true
2025-26,0022501152,COMPLETE,true,false,204,true
2025-26,0022501153,COMPLETE,true,false,243,true
2025-26,0022501154,COMPLETE,true,false,189,true
2025-26,0022501155,COMPLETE,true,false,192,true
2025-26,0022501156,COMPLETE,true,false,211,true
2025-26,0022501157,COMPLETE,true,false,197,true
2025-26,0022501158,COMPLETE,true,false,206,true
2025-26,0022501159,COMPLETE,true,false,201,false
2025-26,0022501160,COMPLETE,true,false,184,false
2025-26,0022501161,COMPLETE,true,false,202,true
2025-26,0022501162,COMPLETE,true,false,199,true
2025-26,0022501163,COMPLETE,true,false,197,true
2025-26,0022501164,COMPLETE,true,false,189,true
2025-26,0022501165,COMPLETE,true,false,188,true
2025-26,0022501166,COMPLETE,true,false,213,true
2025-26,0022501167,COMPLETE,true,false,208,false
2025-26,0022501168,COMPLETE,true,false,176,true
2025-26,0022501169,COMPLETE,true,false,201,true
2025-26,0022501170,COMPLETE,true,false,187,true
2025-26,0022501171,COMPLETE,true,false,191,false
2025-26,0022501172,COMPLETE,true,false,205,false
2025-26,0022501173,COMPLETE,true,false,204,true
2025-26,0022501174,COMPLETE,true,false,212,true
2025-26,0022501175,COMPLETE,true,false,207,true
2025-26,0022501176,COMPLETE,true,false,184,true
2025-26,0022501177,COMPLETE,true,false,213,true
2025-26,0022501178,COMPLETE,true,false,198,true
2025-26,0022501179,COMPLETE,true,false,193,true
2025-26,0022501180,COMPLETE,true,false,197,true
2025-26,0022501181,COMPLETE,true,false,242,false
2025-26,0022501182,COMPLETE,true,false,203,true
2025-26,0022501183,COMPLETE,true,false,192,true
2025-26,0022501184,COMPLETE,true,false,209,false
2025-26,0022501185,COMPLETE,true,false,183,true
2025-26,0022501186,COMPLETE,true,false,211,true
2025-26,0022501187,COMPLETE,true,false,202,true
2025-26,0022501188,COMPLETE,true,false,209,true
2025-26,0022501189,COMPLETE,true,false,207,true
2025-26,0022501190,COMPLETE,true,false,186,true
2025-26,0022501191,COMPLETE,true,false,208,true
2025-26,0022501192,COMPLETE,true,false,199,true
2025-26,0022501193,COMPLETE,true,false,224,false
2025-26,0022501194,COMPLETE,true,false,205,true
2025-26,0022501195,COMPLETE,true,false,214,true
2025-26,0022501196,COMPLETE,true,false,195,true
2025-26,0022501197,COMPLETE,true,false,199,true
2025-26,0022501198,COMPLETE,true,false,210,true
2025-26,0022501199,COMPLETE,true,false,185,true
2025-26,0022501200,COMPLETE,true,false,195,true
2025-26,0022501201,COMPLETE,true,false,204,true
2025-26,0022501202,COMPLETE,true,false,186,false
2025-26,0022501203,COMPLETE,true,false,203,true
2025-26,0022501204,COMPLETE,true,false,208,false
2025-26,0022501205,COMPLETE,true,false,191,true
2025-26,0022501206,COMPLETE,true,false,192,true
2025-26,0022501207,COMPLETE,true,false,219,true
2025-26,0022501208,COMPLETE,true,false,205,true
2025-26,0022501209,COMPLETE,true,false,202,true
2025-26,0022501210,COMPLETE,true,false,213,false
2025-26,0022501211,COMPLETE,true,false,195,true
2025-26,0022501212,COMPLETE,true,false,209,true
2025-26,0022501213,COMPLETE,true,false,218,true
2025-26,0022501214,COMPLETE,true,false,206,true
2025-26,0022501215,COMPLETE,true,false,205,true
2025-26,0022501216,COMPLETE,true,false,182,true
2025-26,0022501217,COMPLETE,true,false,209,false
2025-26,0022501218,COMPLETE,true,false,213,true
2025-26,0022501219,COMPLETE,true,false,198,true
2025-26,0022501220,COMPLETE,true,false,201,true
2025-26,0022501221,COMPLETE,true,false,210,false
2025-26,0022501222,COMPLETE,true,false,188,true
2025-26,0022501223,COMPLETE,true,false,200,true
2025-26,0022501224,COMPLETE,true,false,232,false
2025-26,0022501225,COMPLETE,true,false,208,false
2025-26,0022501226,COMPLETE,true,false,186,true
2025-26,0022501227,COMPLETE,true,false,197,true
2025-26,0022501228,COMPLETE,true,false,204,false
