playerId,playerName,teamId,posteriorAbilityRate,productionWAR,WAR_paired,WAR_combined_converted,WAR_combined_refit,N_combined,N_paired,calibratedRate_paired,calibratedRate_combined_converted,calibratedRate_combined_refit,replacement_paired,replacement_combined_converted,replacement_combined_refit,seasonalImpact_production,seasonalImpact_paired,seasonalImpact_combined_converted,seasonalImpact_combined_refit,DIAGNOSTIC_CANDIDATE
203999,Nikola Jokić,1610612743,1.5315,28.914181240578213,14.457090620289106,14.457090620289106,14.457090620289108,10737,5368.5,8.936940534423483,4.468470267211742,4.4684702672117425,-1.4886147765794517,-0.7443073882897259,-0.744307388289726,1119.391873742385,559.6959368711925,559.6959368711925,559.6959368711927,true
1628983,Shai Gilgeous-Alexander,1610612760,1.2962,25.440480170203234,12.720240085101617,12.720240085101617,12.72024008510162,10880,5440,7.5638670066730125,3.7819335033365062,3.7819335033365067,-1.4886147765794517,-0.7443073882897259,-0.744307388289726,984.9100180178681,492.45500900893404,492.45500900893404,492.45500900893416,true
1630532,Franz Wagner,1610612753,1.3178,19.412414798364516,9.706207399182258,9.706207399182258,9.706207399182261,8188,4094,7.689912005395538,3.844956002697769,3.8449560026977694,-1.4886147765794517,-0.7443073882897259,-0.744307388289726,751.5377729081121,375.76888645405603,375.76888645405603,375.76888645405614,true
1641705,Victor Wembanyama,1610612759,1.7019,17.769548987801056,8.884774493900528,8.884774493900528,8.884774493900528,6024,3012,9.931295524345625,4.965647762172813,4.9656477621728135,-1.4886147765794517,-0.7443073882897259,-0.744307388289726,687.9353965277265,343.96769826386327,343.96769826386327,343.9676982638633,true
1626181,Norman Powell,1610612746,1.1709,17.317831326173835,8.658915663086917,8.658915663086917,8.658915663086919,8057,4028.5,6.8326893057502165,3.4163446528751082,3.4163446528751087,-1.4886147765794517,-0.7443073882897259,-0.744307388289726,670.4474699133013,335.2237349566507,335.2237349566507,335.22373495665073,true
1630202,Payton Pritchard,1610612738,0.9881,16.911760834133176,8.455880417066588,8.455880417066588,8.45588041706659,9025,4512.5,5.765975149894772,2.882987574947386,2.8829875749473866,-1.4886147765794517,-0.7443073882897259,-0.744307388289726,654.7267408642987,327.36337043214934,327.36337043214934,327.3633704321494,true
1629675,Naz Reid,1610612750,0.9686,16.68522854025751,8.342614270128754,8.342614270128754,8.342614270128756,9046,4523,5.652184526048048,2.826092263024024,2.8260922630240244,-1.4886147765794517,-0.7443073882897259,-0.744307388289726,645.9567049156835,322.97835245784177,322.97835245784177,322.9783524578419,true
202710,Jimmy Butler,1610612748,1.3221,16.569910501496995,8.284955250748498,8.284955250748498,8.284955250748498,6970,3485,7.7150042968078925,3.8575021484039462,3.8575021484039467,-1.4886147765794517,-0.7443073882897259,-0.744307388289726,641.492249415098,320.746124707549,320.746124707549,320.746124707549,true
1628991,Jaren Jackson Jr.,1610612763,0.872,16.501235206075247,8.250617603037623,8.250617603037623,8.250617603037625,9713,4856.5,5.088483281761199,2.5442416408805997,2.5442416408806,-1.4886147765794517,-0.7443073882897259,-0.744307388289726,638.8335344066275,319.4167672033137,319.4167672033137,319.4167672033138,true
203897,Zach LaVine,1610612741,0.6579,14.986467405767932,7.493233702883966,7.493233702883966,7.493233702883967,10890,5445,3.8391205860902446,1.9195602930451223,1.9195602930451225,-1.4886147765794517,-0.7443073882897259,-0.744307388289726,580.1903809947299,290.09519049736497,290.09519049736497,290.095190497365,true
1627826,Ivica Zubac,1610612746,0.6676,14.935679277215945,7.467839638607972,7.467839638607972,7.467839638607972,10739,5369.5,3.89572412718323,1.947862063591615,1.9478620635916153,-1.4886147765794517,-0.7443073882897259,-0.744307388289726,578.2241548750744,289.1120774375372,289.1120774375372,289.1120774375372,true
201942,DeMar DeRozan,1610612758,0.6094,14.931805809496899,7.465902904748449,7.465902904748449,7.465902904748452,11459,5729.5,3.5561028806253154,1.7780514403126577,1.7780514403126582,-1.4886147765794517,-0.7443073882897259,-0.744307388289726,578.0741963390942,289.0370981695471,289.0370981695471,289.0370981695472,true
1631165,Keon Ellis,1610612758,0.9171,14.175524124795631,7.0877620623978155,7.0877620623978155,7.087762062397817,8023,4011.5,5.351660570760546,2.675830285380273,2.6758302853802736,-1.4886147765794517,-0.7443073882897259,-0.744307388289726,548.795291117088,274.397645558544,274.397645558544,274.39764555854407,true
1631128,Christian Braun,1610612743,0.5697,13.732648605099087,6.866324302549543,6.866324302549543,6.866324302549545,11046,5523,3.3244368413066,1.6622184206533,1.6622184206533002,-1.4886147765794517,-0.7443073882897259,-0.744307388289726,531.6496817116932,265.8248408558466,265.8248408558466,265.8248408558467,true
1631106,Tari Eason,1610612745,1.2376,13.130716725806106,6.565358362903053,6.565358362903053,6.565358362903055,5836,2918,7.221911593472088,3.610955796736044,3.6109557967360444,-1.4886147765794517,-0.7443073882897259,-0.744307388289726,508.3463189562078,254.1731594781039,254.1731594781039,254.173159478104,true
1628386,Jarrett Allen,1610612739,0.6368,12.979831607493702,6.489915803746851,6.489915803746851,6.489915803746852,9655,4827.5,3.7159932956714816,1.8579966478357408,1.857996647835741,-1.4886147765794517,-0.7443073882897259,-0.744307388289726,502.50490937582765,251.25245468791383,251.25245468791383,251.25245468791385,true
1627736,Malik Beasley,1610612765,0.6076,12.736932714199042,6.368466357099521,6.368466357099521,6.368466357099522,9795,4897.5,3.545599130731772,1.772799565365886,1.7727995653658861,-1.4886147765794517,-0.7443073882897259,-0.744307388289726,493.10125222113436,246.55062611056718,246.55062611056718,246.5506261105672,true
1629631,De'Andre Hunter,1610612737,0.8664,12.390929007642773,6.195464503821387,6.195464503821387,6.195464503821388,7330,3665,5.055804948759063,2.5279024743795313,2.5279024743795317,-1.4886147765794517,-0.7443073882897259,-0.744307388289726,479.70596586731307,239.85298293365653,239.85298293365653,239.8529829336566,true
1630700,Dyson Daniels,1610612737,0.5008,12.3849570724327,6.19247853621635,6.19247853621635,6.19247853621635,10870,5435,2.9223766370481754,1.4611883185240877,1.461188318524088,-1.4886147765794517,-0.7443073882897259,-0.744307388289726,479.4747666613231,239.73738333066154,239.73738333066154,239.73738333066154,true
1627783,Pascal Siakam,1610612754,0.5396,12.378621575694941,6.189310787847471,6.189310787847471,6.189310787847472,10334,5167,3.1487908014201182,1.5743954007100591,1.5743954007100593,-1.4886147765794517,-0.7443073882897259,-0.744307388289726,479.2294924304756,239.6147462152378,239.6147462152378,239.61474621523783,true
1630596,Evan Mobley,1610612739,0.6262,12.023224355703741,6.0116121778518705,6.0116121778518705,6.011612177851871,9051,4525.5,3.6541378796317234,1.8270689398158617,1.8270689398158622,-1.4886147765794517,-0.7443073882897259,-0.744307388289726,465.4705429136734,232.7352714568367,232.7352714568367,232.73527145683676,true
203497,Rudy Gobert,1610612750,0.5583,11.751597318857993,5.875798659428996,5.875798659428996,5.875798659428998,9585,4792.5,3.2579130919808232,1.6289565459904116,1.6289565459904118,-1.4886147765794517,-0.7443073882897259,-0.744307388289726,454.9546962015023,227.47734810075116,227.47734810075116,227.47734810075121,true
1626157,Karl-Anthony Towns,1610612752,0.4707,11.024244550491758,5.512122275245879,5.512122275245879,5.512122275245879,10077,5038.5,2.7467305971616933,1.3733652985808467,1.3733652985808469,-1.4886147765794517,-0.7443073882897259,-0.744307388289726,426.7957533118952,213.3978766559476,213.3978766559476,213.3978766559476,true
1630552,Jalen Johnson,1610612737,1.0738,10.808485856845154,5.404242928422577,5.404242928422577,5.404242928422578,5396,2698,6.266070353159606,3.133035176579803,3.1330351765798032,-1.4886147765794517,-0.7443073882897259,-0.744307388289726,418.44280960071956,209.22140480035978,209.22140480035978,209.2214048003598,true
1628369,Jayson Tatum,1610612738,0.4024,10.49226585825886,5.24613292912943,5.24613292912943,5.2461329291294305,10587,5293.5,2.348171642867783,1.1740858214338914,1.1740858214338916,-1.4886147765794517,-0.7443073882897259,-0.744307388289726,406.2005782268787,203.10028911343935,203.10028911343935,203.1002891134394,true
1628378,Donovan Mitchell,1610612739,0.4699,10.171734068187975,5.0858670340939875,5.0858670340939875,5.0858670340939875,9308,4654,2.742062263875674,1.371031131937837,1.371031131937837,-1.4886147765794517,-0.7443073882897259,-0.744307388289726,393.79141892556305,196.89570946278153,196.89570946278153,196.89570946278153,true
202696,Nikola Vučević,1610612741,0.4312,10.10772990532959,5.053864952664795,5.053864952664795,5.053864952664796,9771,4885.5,2.516231641164483,1.2581158205822416,1.2581158205822418,-1.4886147765794517,-0.7443073882897259,-0.744307388289726,391.3135434777599,195.65677173887994,195.65677173887994,195.65677173887997,true
1629636,Darius Garland,1610612739,0.4311,10.016272023761136,5.008136011880568,5.008136011880568,5.008136011880568,9684,4842,2.5156480995037307,1.2578240497518653,1.2578240497518653,-1.4886147765794517,-0.7443073882897259,-0.744307388289726,387.77281691989543,193.88640845994772,193.88640845994772,193.88640845994772,true
1627734,Domantas Sabonis,1610612758,0.3824,9.723405577767181,4.861702788883591,4.861702788883591,4.861702788883591,10119,5059.5,2.2314633107172965,1.1157316553586483,1.1157316553586485,-1.4886147765794517,-0.7443073882897259,-0.744307388289726,376.434701653558,188.217350826779,188.217350826779,188.217350826779,true
1630529,Herbert Jones,1610612740,2.1365,9.682670859983533,4.841335429991767,4.841335429991767,4.841335429991767,2686,1343,12.46736758197569,6.233683790987845,6.233683790987846,-1.4886147765794517,-0.7443073882897259,-0.744307388289726,374.8576861507911,187.42884307539555,187.42884307539555,187.42884307539555,true
1630551,Justin Champagnie,1610612764,0.8972,9.516285841582219,4.7581429207911095,4.7581429207911095,4.758142920791111,5479,2739.5,5.235535780270812,2.617767890135406,2.6177678901354065,-1.4886147765794517,-0.7443073882897259,-0.744307388289726,368.41620900982593,184.20810450491297,184.20810450491297,184.20810450491302,true
1630183,Jaden McDaniels,1610612750,0.3435,9.504529931868959,4.752264965934479,4.752264965934479,4.752264965934479,10534,5267,2.004465604684601,1.0022328023423006,1.0022328023423006,-1.4886147765794517,-0.7443073882897259,-0.744307388289726,367.9610873623554,183.9805436811777,183.9805436811777,183.9805436811777,true
1629660,Ty Jerome,1610612739,0.8313,9.48951056003471,4.744755280017355,4.744755280017355,4.744755280017356,5795,2897.5,4.85098182583496,2.42549091291748,2.4254909129174806,-1.4886147765794517,-0.7443073882897259,-0.744307388289726,367.3796231099152,183.6898115549576,183.6898115549576,183.68981155495763,true
1630168,Onyeka Okongwu,1610612737,0.4499,9.479889443819182,4.739944721909591,4.739944721909591,4.739944721909591,8921,4460.5,2.6253539317251877,1.3126769658625939,1.312676965862594,-1.4886147765794517,-0.7443073882897259,-0.744307388289726,367.0071484678569,183.50357423392845,183.50357423392845,183.50357423392845,true
1628384,OG Anunoby,1610612752,0.3044,9.215977236853728,4.607988618426864,4.607988618426864,4.607988618426865,10928,5464,1.7763008153304003,0.8881504076652001,0.8881504076652004,-1.4886147765794517,-0.7443073882897259,-0.744307388289726,356.78997588390865,178.39498794195433,178.39498794195433,178.39498794195435,true
1629008,Michael Porter Jr.,1610612743,0.3044,9.11815024568654,4.55907512284327,4.55907512284327,4.5590751228432715,10812,5406,1.7763008153304003,0.8881504076652001,0.8881504076652004,-1.4886147765794517,-0.7443073882897259,-0.744307388289726,353.0026737972932,176.5013368986466,176.5013368986466,176.50133689864666,true
1628970,Miles Bridges,1610612766,0.4688,9.105536379001652,4.552768189500826,4.552768189500826,4.552768189500828,8345,4172.5,2.735643305607397,1.3678216528036986,1.3678216528036988,-1.4886147765794517,-0.7443073882897259,-0.744307388289726,352.51433695849255,176.25716847924627,176.25716847924627,176.25716847924633,true
203507,Giannis Antetokounmpo,1610612749,0.3916,9.099505658967447,4.549752829483723,4.549752829483723,4.549752829483724,9335,4667.5,2.28514914350652,1.14257457175326,1.1425745717532603,-1.4886147765794517,-0.7443073882897259,-0.744307388289726,352.28086194002543,176.14043097001272,176.14043097001272,176.14043097001274,true
1629661,Cameron Johnson,1610612751,0.5644,8.912220223903729,4.4561101119518645,4.4561101119518645,4.456110111951865,7215,3607.5,3.2935091332867215,1.6467545666433607,1.646754566643361,-1.4886147765794517,-0.7443073882897259,-0.744307388289726,345.03024009684435,172.51512004842218,172.51512004842218,172.5151200484222,true
1630583,Santi Aldama,1610612763,0.5739,8.895577335811335,4.447788667905668,4.447788667905668,4.447788667905669,7119,3559.5,3.348945591058202,1.674472795529101,1.6744727955291012,-1.4886147765794517,-0.7443073882897259,-0.744307388289726,344.38592257212457,172.19296128606229,172.19296128606229,172.1929612860623,true
1630530,Trey Murphy III,1610612740,0.4875,8.760943809685083,4.380471904842541,4.380471904842541,4.380471904842541,7827,3913.5,2.8447655961681018,1.4223827980840509,1.422382798084051,-1.4886147765794517,-0.7443073882897259,-0.744307388289726,339.17368177495104,169.58684088747552,169.58684088747552,169.58684088747552,true
1630541,Moses Moody,1610612744,0.5732,8.523504217788043,4.261752108894021,4.261752108894021,4.261752108894022,6827,3413.5,3.3448607994329356,1.6724303997164678,1.672430399716468,-1.4886147765794517,-0.7443073882897259,-0.744307388289726,329.9813775743657,164.99068878718285,164.99068878718285,164.99068878718288,true
1629048,Goga Bitadze,1610612753,0.7243,8.331970448703728,4.165985224351864,4.165985224351864,4.165985224351865,5644,2822,4.226592248829859,2.1132961244149295,2.11329612441493,-1.4886147765794517,-0.7443073882897259,-0.744307388289726,322.5662845141015,161.28314225705074,161.28314225705074,161.28314225705077,true
203084,Harrison Barnes,1610612759,0.3522,8.297051660250744,4.148525830125372,4.148525830125372,4.148525830125372,9064,4532,2.0552337291700624,1.0276168645850312,1.0276168645850314,-1.4886147765794517,-0.7443073882897259,-0.744307388289726,321.21442856113595,160.60721428056797,160.60721428056797,160.607214280568,true
1628436,Luke Kornet,1610612738,0.7805,8.266860980421429,4.133430490210714,4.133430490210714,4.133430490210714,5296,2648,4.554542662172725,2.2772713310863626,2.2772713310863626,-1.4886147765794517,-0.7443073882897259,-0.744307388289726,320.0456179563153,160.02280897815766,160.02280897815766,160.02280897815766,true
1631105,Jalen Duren,1610612765,0.3907,8.146521813298515,4.073260906649257,4.073260906649257,4.073260906649258,8369,4184.5,2.2798972685597483,1.1399486342798741,1.1399486342798744,-1.4886147765794517,-0.7443073882897259,-0.744307388289726,315.38677305769966,157.69338652884983,157.69338652884983,157.69338652884986,true
203076,Anthony Davis,1610612747,0.5152,8.092697222484867,4.046348611242434,4.046348611242434,4.046348611242434,6970,3485,3.006406636196525,1.5032033180982625,1.5032033180982627,-1.4886147765794517,-0.7443073882897259,-0.744307388289726,313.30299247048555,156.65149623524277,156.65149623524277,156.6514962352428,true
1630162,Anthony Edwards,1610612750,0.2064,8.076153062750945,4.038076531375473,4.038076531375473,4.038076531375473,11610,5805,1.2044299877930178,0.6022149938965089,0.602214993896509,-1.4886147765794517,-0.7443073882897259,-0.744307388289726,312.66249714364375,156.33124857182187,156.33124857182187,156.33124857182187,true
1642377,Jaylen Wells,1610612763,0.3616,8.04435921525645,4.022179607628225,4.022179607628225,4.022179607628225,8654,4327,2.110086645280791,1.0550433226403955,1.0550433226403955,-1.4886147765794517,-0.7443073882897259,-0.744307388289726,311.4316210477854,155.7158105238927,155.7158105238927,155.7158105238927,true
1631109,Mark Williams,1610612766,0.8354,7.934208061076099,3.9671040305380494,3.9671040305380494,3.9671040305380507,4827,2413.5,4.87490703392581,2.437453516962905,2.4374535169629055,-1.4886147765794517,-0.7443073882897259,-0.744307388289726,307.167197793089,153.5835988965445,153.5835988965445,153.58359889654454,true
1627884,Derrick Jones Jr.,1610612746,0.4192,7.859624287908271,3.9298121439541354,3.9298121439541354,3.929812143954136,7733,3866.5,2.4462066418741912,1.2231033209370956,1.2231033209370958,-1.4886147765794517,-0.7443073882897259,-0.744307388289726,304.2797402890202,152.1398701445101,152.1398701445101,152.13987014451013,true
201142,Kevin Durant,1610612756,0.3034,7.785232997356881,3.8926164986784406,3.8926164986784406,3.8926164986784415,9248,4624,1.770465398722876,0.885232699361438,0.8852326993614381,-1.4886147765794517,-0.7443073882897259,-0.744307388289726,301.3997346119593,150.69986730597964,150.69986730597964,150.69986730597967,true
1641709,Ausar Thompson,1610612765,0.6755,7.735870325424827,3.8679351627124134,3.8679351627124134,3.8679351627124134,5515,2757.5,3.941823918382672,1.970911959191336,1.9709119591913364,-1.4886147765794517,-0.7443073882897259,-0.744307388289726,299.48869402716116,149.74434701358058,149.74434701358058,149.74434701358058,true
1628401,Derrick White,1610612738,0.2355,7.728336221196142,3.864168110598071,3.864168110598071,3.864168110598071,10451,5225.5,1.3742406110719751,0.6871203055359876,0.6871203055359877,-1.4886147765794517,-0.7443073882897259,-0.744307388289726,299.19701656345063,149.59850828172532,149.59850828172532,149.59850828172532,true
203552,Seth Curry,1610612766,0.9175,7.633675772555285,3.8168378862776424,3.8168378862776424,3.8168378862776433,4319,2159.5,5.353994737403555,2.6769973687017776,2.676997368701778,-1.4886147765794517,-0.7443073882897259,-0.744307388289726,295.53230490892605,147.76615245446303,147.76615245446303,147.76615245446305,true
1628449,Chris Boucher,1610612761,1.2006,7.589672920010791,3.7948364600053957,3.7948364600053957,3.7948364600053957,3459,1729.5,7.006001178993688,3.503000589496844,3.5030005894968443,-1.4886147765794517,-0.7443073882897259,-0.744307388289726,293.8287659032749,146.91438295163746,146.91438295163746,146.91438295163746,true
1630178,Tyrese Maxey,1610612755,0.3705,7.3325259419204984,3.6662629709602492,3.6662629709602492,3.6662629709602497,7776,3888,2.162021853087757,1.0810109265438785,1.0810109265438788,-1.4886147765794517,-0.7443073882897259,-0.744307388289726,283.87350432292214,141.93675216146107,141.93675216146107,141.9367521614611,true
1629655,Daniel Gafford,1610612742,0.6834,7.278137770446818,3.639068885223409,3.639068885223409,3.6390688852234105,5145,2572.5,3.9879237095821143,1.9939618547910571,1.9939618547910576,-1.4886147765794517,-0.7443073882897259,-0.744307388289726,281.76790511301255,140.88395255650627,140.88395255650627,140.88395255650633,true
1629060,Rui Hachimura,1610612747,0.3896,7.268752547179392,3.634376273589696,3.634376273589696,3.6343762735896967,7480,3740,2.2734783102914715,1.1367391551457358,1.136739155145736,-1.4886147765794517,-0.7443073882897259,-0.744307388289726,281.404562897945,140.7022814489725,140.7022814489725,140.70228144897254,true
1627827,Dorian Finney-Smith,1610612751,0.4087,7.2629768628437095,3.6314884314218547,3.6314884314218547,3.6314884314218556,7259,3629.5,2.384934767495186,1.192467383747593,1.1924673837475932,-1.4886147765794517,-0.7443073882897259,-0.744307388289726,281.1809614043779,140.59048070218896,140.59048070218896,140.59048070218898,true
1630534,Ochai Agbaji,1610612761,0.3991,7.2526017935761695,3.6263008967880848,3.6263008967880848,3.626300896788085,7355,3677.5,2.3289147680629525,1.1644573840314763,1.1644573840314765,-1.4886147765794517,-0.7443073882897259,-0.744307388289726,280.77929800844885,140.38964900422442,140.38964900422442,140.38964900422445,true
201939,Stephen Curry,1610612744,0.2546,7.247882125850325,3.6239410629251627,3.6239410629251627,3.6239410629251627,9434,4717,1.4856970682756896,0.7428485341378448,0.7428485341378449,-1.4886147765794517,-0.7443073882897259,-0.744307388289726,280.596579443634,140.298289721817,140.298289721817,140.298289721817,true
1630198,Isaiah Joe,1610612760,0.466,7.243210390365693,3.6216051951828465,3.6216051951828465,3.621605195182848,6664,3332,2.7193041391063293,1.3596520695531646,1.3596520695531649,-1.4886147765794517,-0.7443073882897259,-0.744307388289726,280.4157165413004,140.2078582706502,140.2078582706502,140.20785827065026,true
202681,Kyrie Irving,1610612742,0.3701,7.0243957902463725,3.5121978951231863,3.5121978951231863,3.5121978951231863,7454,3727,2.1596876864447476,1.0798438432223738,1.0798438432223738,-1.4886147765794517,-0.7443073882897259,-0.744307388289726,271.94446559382385,135.97223279691192,135.97223279691192,135.97223279691192,true
1630174,Aaron Nesmith,1610612754,0.7848,6.9970726039919295,3.4985363019959648,3.4985363019959648,3.498536301995965,4464,2232,4.57963495358508,2.28981747679254,2.2898174767925403,-1.4886147765794517,-0.7443073882897259,-0.744307388289726,270.8866679545447,135.44333397727235,135.44333397727235,135.44333397727237,true
1642419,Jamison Battle,1610612761,0.7934,6.852646430547949,3.4263232152739747,3.4263232152739747,3.4263232152739747,4336,2168,4.629819536409789,2.3149097682048945,2.3149097682048945,-1.4886147765794517,-0.7443073882897259,-0.744307388289726,265.2953118112135,132.64765590560674,132.64765590560674,132.64765590560674,true
1629012,Collin Sexton,1610612762,0.3601,6.746983271594251,3.3734916357971256,3.3734916357971256,3.373491635797126,7276,3638,2.1013335203695043,1.0506667601847521,1.0506667601847524,-1.4886147765794517,-0.7443073882897259,-0.744307388289726,261.204638086006,130.602319043003,130.602319043003,130.60231904300304,true
1629599,Amir Coffey,1610612746,0.3696,6.71934536043525,3.359672680217625,3.359672680217625,3.3596726802176256,7136,3568,2.1567699781409853,1.0783849890704926,1.0783849890704928,-1.4886147765794517,-0.7443073882897259,-0.744307388289726,260.1346560968504,130.0673280484252,130.0673280484252,130.06732804842522,true
1628381,John Collins,1610612762,0.6063,6.638672986791001,3.3193364933955003,3.3193364933955003,3.3193364933955007,5113,2556.5,3.5380130891419896,1.7690065445709948,1.769006544570995,-1.4886147765794517,-0.7443073882897259,-0.744307388289726,257.0114827743373,128.50574138716865,128.50574138716865,128.50574138716868,true
1631117,Walker Kessler,1610612762,0.3503,6.6093921151627955,3.3046960575813977,3.3046960575813977,3.3046960575813977,7243,3621.5,2.0441464376157663,1.0220732188078832,1.0220732188078834,-1.4886147765794517,-0.7443073882897259,-0.744307388289726,255.87789474415965,127.93894737207982,127.93894737207982,127.93894737207984,true
1630215,Jared Butler,1610612764,0.7267,6.468512927568475,3.2342564637842375,3.2342564637842375,3.234256463784238,4371,2185.5,4.240597248687917,2.1202986243439583,2.1202986243439588,-1.4886147765794517,-0.7443073882897259,-0.744307388289726,250.42385762443666,125.21192881221833,125.21192881221833,125.21192881221836,true
1629637,Jaxson Hayes,1610612747,0.6704,6.313811166867015,3.1569055834335074,3.1569055834335074,3.1569055834335087,4526,2263,3.912063293684298,1.956031646842149,1.9560316468421495,-1.4886147765794517,-0.7443073882897259,-0.744307388289726,244.4346894601373,122.21734473006865,122.21734473006865,122.21734473006869,true
1627936,Alex Caruso,1610612760,0.726,6.311583071302267,3.1557915356511335,3.1557915356511335,3.1557915356511335,4268,2134,4.23651245706265,2.118256228531325,2.118256228531325,-1.4886147765794517,-0.7443073882897259,-0.744307388289726,244.3484303318449,122.17421516592245,122.17421516592245,122.17421516592245,true
1630573,Sam Hauser,1610612738,0.4259,6.194767376099363,3.0973836880496814,3.0973836880496814,3.097383688049682,6035,3017.5,2.4853039331446043,1.2426519665723021,1.2426519665723024,-1.4886147765794517,-0.7443073882897259,-0.744307388289726,239.82599413184678,119.91299706592339,119.91299706592339,119.9129970659234,true
1641717,Cason Wallace,1610612760,0.2729,6.128887675890675,3.0644438379453374,3.0644438379453374,3.064443837945338,7701,3850.5,1.5924851921933845,0.7962425960966922,0.7962425960966923,-1.4886147765794517,-0.7443073882897259,-0.744307388289726,237.27550859519613,118.63775429759806,118.63775429759806,118.63775429759808,true
1629006,Josh Okogie,1610612756,1.3065,5.941002937081493,2.9705014685407467,2.9705014685407467,2.9705014685407467,2524,1262,7.623971797730513,3.8119858988652564,3.811985898865257,-1.4886147765794517,-0.7443073882897259,-0.744307388289726,230.00168513558353,115.00084256779176,115.00084256779176,115.00084256779176,true
1631108,Max Christie,1610612747,0.1955,5.9361277156671886,2.9680638578335943,2.9680638578335943,2.9680638578335947,8740,4370,1.1408239467710029,0.5704119733855014,0.5704119733855015,-1.4886147765794517,-0.7443073882897259,-0.744307388289726,229.81294442082972,114.90647221041486,114.90647221041486,114.90647221041489,true
1629018,Gary Trent Jr.,1610612749,0.2437,5.8102413713711,2.90512068568555,2.90512068568555,2.9051206856855503,7728,3864,1.4220910272536746,0.7110455136268373,0.7110455136268374,-1.4886147765794517,-0.7443073882897259,-0.744307388289726,224.939344520224,112.469672260112,112.469672260112,112.46967226011202,true
1628973,Jalen Brunson,1610612752,0.1566,5.794758654538473,2.8973793272692365,2.8973793272692365,2.897379327269237,9338,4669,0.9138262407383071,0.45691312036915355,0.4569131203691536,-1.4886147765794517,-0.7443073882897259,-0.744307388289726,224.33994219713233,112.16997109856617,112.16997109856617,112.16997109856618,true
1629634,Brandon Clarke,1610612763,0.4625,5.719716359742453,2.8598581798712264,2.8598581798712264,2.8598581798712264,5288,2644,2.698880180979994,1.349440090489997,1.3494400904899972,-1.4886147765794517,-0.7443073882897259,-0.744307388289726,221.43473335574353,110.71736667787177,110.71736667787177,110.71736667787177,true
1628404,Josh Hart,1610612752,0.0688,5.709192067459818,2.854596033729909,2.854596033729909,2.854596033729909,11694,5847,0.4014766625976726,0.2007383312988363,0.20073833129883634,-1.4886147765794517,-0.7443073882897259,-0.744307388289726,221.02729289737294,110.51364644868647,110.51364644868647,110.51364644868649,true
1626220,Royce O'Neale,1610612756,0.2532,5.6941175283290795,2.8470587641645397,2.8470587641645397,2.847058764164541,7432,3716,1.4775274850251554,0.7387637425125777,0.7387637425125778,-1.4886147765794517,-0.7443073882897259,-0.744307388289726,220.44369288245437,110.22184644122719,110.22184644122719,110.22184644122723,true
204001,Kristaps Porziņģis,1610612738,0.4905,5.658560849169154,2.829280424584577,2.829280424584577,2.829280424584578,5035,2517.5,2.8622718459906746,1.4311359229953373,1.4311359229953375,-1.4886147765794517,-0.7443073882897259,-0.744307388289726,219.06714144640583,109.53357072320291,109.53357072320291,109.53357072320296,true
203932,Aaron Gordon,1610612743,0.3677,5.604328080653618,2.802164040326809,2.802164040326809,2.8021640403268093,5970,2985,2.1456826865866896,1.0728413432933448,1.0728413432933448,-1.4886147765794517,-0.7443073882897259,-0.744307388289726,216.96755855101864,108.48377927550932,108.48377927550932,108.48377927550933,true
1629627,Zion Williamson,1610612740,0.7584,5.571346026060155,2.7856730130300775,2.7856730130300775,2.7856730130300784,3647,1823.5,4.425579955146437,2.2127899775732187,2.212789977573219,-1.4886147765794517,-0.7443073882897259,-0.744307388289726,215.69068186604315,107.84534093302157,107.84534093302157,107.84534093302162,true
1629026,Kenrich Williams,1610612760,0.5368,5.5289098644438175,2.7644549322219087,2.7644549322219087,2.764454932221909,4632,2316,3.1324516349190508,1.5662258174595254,1.5662258174595256,-1.4886147765794517,-0.7443073882897259,-0.744307388289726,214.04779618061065,107.02389809030532,107.02389809030532,107.02389809030534,true
1629130,Duncan Robinson,1610612748,0.2529,5.486312270656604,2.743156135328302,2.743156135328302,2.743156135328302,7165,3582.5,1.4757768600428984,0.7378884300214492,0.7378884300214493,-1.4886147765794517,-0.7443073882897259,-0.744307388289726,212.3986607639914,106.1993303819957,106.1993303819957,106.1993303819957,true
1628415,Dillon Brooks,1610612745,0.1273,5.486106071581203,2.7430530357906013,2.7430530357906013,2.7430530357906022,9518,4759,0.7428485341378448,0.3714242670689224,0.37142426706892245,-1.4886147765794517,-0.7443073882897259,-0.744307388289726,212.39067791407228,106.19533895703614,106.19533895703614,106.19533895703617,true
1630167,Obi Toppin,1610612754,0.3103,5.438074649820157,2.7190373249100785,2.7190373249100785,2.719037324910079,6381,3190.5,1.8107297733147938,0.9053648866573969,0.9053648866573971,-1.4886147765794517,-0.7443073882897259,-0.744307388289726,210.5311757287518,105.2655878643759,105.2655878643759,105.26558786437592,true
1629029,Luka Dončić,1610612742,0.2337,5.428519854944671,2.7142599274723356,2.7142599274723356,2.7142599274723356,7368,3684,1.3637368611784315,0.6818684305892158,0.6818684305892159,-1.4886147765794517,-0.7443073882897259,-0.744307388289726,210.16126867000085,105.08063433500043,105.08063433500043,105.08063433500043,true
1631217,Moussa Diabaté,1610612766,0.4804,5.4222677120729195,2.7111338560364597,2.7111338560364597,2.7111338560364606,4891,2445.5,2.8033341382546793,1.4016670691273396,1.4016670691273398,-1.4886147765794517,-0.7443073882897259,-0.744307388289726,209.9192214245373,104.95961071226866,104.95961071226866,104.9596107122687,true
1630182,Josh Green,1610612766,0.2047,5.395456556709658,2.697728278354829,2.697728278354829,2.69772827835483,7785,3892.5,1.1945097795602264,0.5972548897801132,0.5972548897801133,-1.4886147765794517,-0.7443073882897259,-0.744307388289726,208.88124669547392,104.44062334773696,104.44062334773696,104.44062334773699,true
1631133,Jabari Walker,1610612757,0.8743,5.345373393856247,2.6726866969281233,2.6726866969281233,2.6726866969281238,3140,1570,5.101904739958505,2.5509523699792527,2.550952369979253,-1.4886147765794517,-0.7443073882897259,-0.744307388289726,206.94231281929183,103.47115640964591,103.47115640964591,103.47115640964594,true
1629639,Tyler Herro,1610612748,0.0687,5.320394064050989,2.6601970320254944,2.6601970320254944,2.6601970320254944,10901,5450.5,0.40089312093692014,0.20044656046846007,0.2004465604684601,-1.4886147765794517,-0.7443073882897259,-0.744307388289726,205.97525590825973,102.98762795412986,102.98762795412986,102.98762795412986,true
1630572,Sandro Mamukelashvili,1610612759,1.0422,5.240537442889246,2.620268721444623,2.620268721444623,2.6202687214446234,2680,1340,6.081671188361837,3.0408355941809186,3.040835594180919,-1.4886147765794517,-0.7443073882897259,-0.744307388289726,202.88366386042654,101.44183193021327,101.44183193021327,101.44183193021328,true
1629640,Keldon Johnson,1610612759,0.2045,5.1991378536716875,2.5995689268358437,2.5995689268358437,2.5995689268358437,7505,3752.5,1.1933426962387215,0.5966713481193607,0.5966713481193608,-1.4886147765794517,-0.7443073882897259,-0.744307388289726,201.28090833500391,100.64045416750196,100.64045416750196,100.64045416750196,true
1629656,Quentin Grimes,1610612742,0.1562,5.122678241692922,2.561339120846461,2.561339120846461,2.561339120846461,8263,4131.5,0.9114920740952974,0.4557460370476487,0.45574603704764877,-1.4886147765794517,-0.7443073882897259,-0.744307388289726,198.32082907125456,99.16041453562728,99.16041453562728,99.16041453562728,true
1630598,Aaron Wiggins,1610612760,0.2043,5.000218148261554,2.500109074130777,2.500109074130777,2.500109074130777,7221,3610.5,1.1921756129172167,0.5960878064586084,0.5960878064586085,-1.4886147765794517,-0.7443073882897259,-0.744307388289726,193.57987402555446,96.78993701277723,96.78993701277723,96.78993701277723,true
1628379,Luke Kennard,1610612763,0.2617,4.933244145942185,2.4666220729710924,2.4666220729710924,2.4666220729710924,6333,3166.5,1.527128526189112,0.763564263094556,0.7635642630945562,-1.4886147765794517,-0.7443073882897259,-0.744307388289726,190.98702336433314,95.49351168216657,95.49351168216657,95.49351168216658,true
1630577,Julian Champagnie,1610612759,0.1561,4.906980895285855,2.4534904476429276,2.4534904476429276,2.4534904476429276,7917,3958.5,0.910908532434545,0.4554542662172725,0.45545426621727253,-1.4886147765794517,-0.7443073882897259,-0.744307388289726,189.97026037463812,94.98513018731906,94.98513018731906,94.98513018731906,true
202699,Tobias Harris,1610612765,0.0881,4.875613313131443,2.4378066565657215,2.4378066565657215,2.437806656565722,9425,4712.5,0.5141002031228918,0.2570501015614459,0.2570501015614459,-1.4886147765794517,-0.7443073882897259,-0.744307388289726,188.75588683694588,94.37794341847294,94.37794341847294,94.37794341847295,true
203952,Andrew Wiggins,1610612744,0.1657,4.840138631264659,2.4200693156323294,2.4200693156323294,2.42006931563233,7631,3815.5,0.9669285318667783,0.48346426593338915,0.4834642659333892,-1.4886147765794517,-0.7443073882897259,-0.744307388289726,187.3825098675318,93.6912549337659,93.6912549337659,93.69125493376592,true
1641708,Amen Thompson,1610612745,0.0978,4.829899822204839,2.4149499111024193,2.4149499111024193,2.4149499111024197,9080,4540,0.5707037442158777,0.28535187210793883,0.28535187210793883,-1.4886147765794517,-0.7443073882897259,-0.744307388289726,186.9861216882159,93.49306084410794,93.49306084410794,93.49306084410797,true
203081,Damian Lillard,1610612749,0.1172,4.778914990587503,2.3894574952937515,2.3894574952937515,2.389457495293752,8516,4258,0.6839108264018493,0.34195541320092465,0.3419554132009247,-1.4886147765794517,-0.7443073882897259,-0.744307388289726,185.01228034988762,92.50614017494381,92.50614017494381,92.50614017494382,true
1627751,Jakob Pöltl,1610612761,0.1848,4.681222450864215,2.3406112254321076,2.3406112254321076,2.340611225432108,7060,3530,1.0783849890704926,0.5391924945352463,0.5391924945352464,-1.4886147765794517,-0.7443073882897259,-0.744307388289726,181.23018345488606,90.61509172744303,90.61509172744303,90.61509172744304,true
1628418,Thomas Bryant,1610612748,0.5326,4.624544082934658,2.312272041467329,2.312272041467329,2.312272041467329,3895,1947.5,3.1079428851674478,1.5539714425837239,1.553971442583724,-1.4886147765794517,-0.7443073882897259,-0.744307388289726,179.03592092504175,89.51796046252088,89.51796046252088,89.51796046252088,true
1627777,Georges Niang,1610612739,0.1654,4.542595023494614,2.271297511747307,2.271297511747307,2.2712975117473078,7167,3583.5,0.965177906884521,0.4825889534422605,0.4825889534422606,-1.4886147765794517,-0.7443073882897259,-0.744307388289726,175.8633216238629,87.93166081193145,87.93166081193145,87.9316608119315,true
1630231,KJ Martin,1610612755,0.5228,4.502519600123106,2.251259800061553,2.251259800061553,2.2512598000615536,3840,1920,3.0507558024137102,1.5253779012068551,1.5253779012068553,-1.4886147765794517,-0.7443073882897259,-0.744307388289726,174.31183023333742,87.15591511666871,87.15591511666871,87.15591511666872,true
1626172,Kevon Looney,1610612744,0.3929,4.4910158622323175,2.2455079311161588,2.2455079311161588,2.245507931116159,4598,2299,2.2927351850963023,1.1463675925481511,1.1463675925481511,-1.4886147765794517,-0.7443073882897259,-0.744307388289726,173.86647123785116,86.93323561892558,86.93323561892558,86.9332356189256,true
1629023,P.J. Washington,1610612742,0.1267,4.39730652189978,2.19865326094989,2.19865326094989,2.19865326094989,7641,3820.5,0.7393472841733303,0.36967364208666514,0.3696736420866652,-1.4886147765794517,-0.7443073882897259,-0.744307388289726,170.23858106212006,85.11929053106003,85.11929053106003,85.11929053106003,true
1630527,Brandon Boston Jr.,1610612740,0.4595,4.349405934054998,2.174702967027499,2.174702967027499,2.1747029670274993,4038,2019,2.681373931157421,1.3406869655787106,1.3406869655787108,-1.4886147765794517,-0.7443073882897259,-0.744307388289726,168.38414401841493,84.19207200920746,84.19207200920746,84.19207200920748,true
1630631,Jose Alvarado,1610612740,0.2511,4.327718252940241,2.1638591264701206,2.1638591264701206,2.163859126470121,5672,2836,1.4652731101493546,0.7326365550746773,0.7326365550746774,-1.4886147765794517,-0.7443073882897259,-0.744307388289726,167.5445209352579,83.77226046762895,83.77226046762895,83.77226046762897,true
1630241,Sam Merrill,1610612739,0.232,4.2591370132371,2.12956850661855,2.12956850661855,2.12956850661855,5801,2900.5,1.3538166529456404,0.6769083264728202,0.6769083264728203,-1.4886147765794517,-0.7443073882897259,-0.744307388289726,164.8894472267506,82.4447236133753,82.4447236133753,82.4447236133753,true
1630188,Jalen Smith,1610612741,0.4198,4.228828462298892,2.114414231149446,2.114414231149446,2.1144142311494463,4157,2078.5,2.449707891838706,1.224853945919353,1.224853945919353,-1.4886147765794517,-0.7443073882897259,-0.744307388289726,163.7160733261428,81.8580366630714,81.8580366630714,81.85803666307142,true
1630224,Jalen Green,1610612745,0,4.21772355683026,2.10886177841513,2.10886177841513,2.1088617784151302,10969,5484.5,0,0,0,-1.4886147765794517,-0.7443073882897259,-0.744307388289726,163.28615484300005,81.64307742150002,81.64307742150002,81.64307742150004,true
1626166,Cameron Payne,1610612752,0.3636,4.129413225768035,2.0647066128840175,2.0647066128840175,2.0647066128840175,4428,2214,2.1217574784958395,1.0608787392479198,1.06087873924792,-1.4886147765794517,-0.7443073882897259,-0.744307388289726,159.86728345473392,79.93364172736696,79.93364172736696,79.93364172736696,true
1630171,Isaac Okoro,1610612739,0.3728,4.112262979424326,2.056131489712163,2.056131489712163,2.056131489712163,4345,2172.5,2.1754433112850635,1.0877216556425318,1.0877216556425318,-1.4886147765794517,-0.7443073882897259,-0.744307388289726,159.2033239177132,79.6016619588566,79.6016619588566,79.6016619588566,true
1642276,Kel'el Ware,1610612748,0.2222,4.1079784701273425,2.0539892350636713,2.0539892350636713,2.053989235063672,5710,2855,1.296629570191902,0.648314785095951,0.6483147850959511,-1.4886147765794517,-0.7443073882897259,-0.744307388289726,159.03745220064428,79.51872610032214,79.51872610032214,79.51872610032217,true
1628374,Lauri Markkanen,1610612762,0.184,4.071743203074542,2.035871601537271,2.035871601537271,2.035871601537271,6152,3076,1.0737166557844733,0.5368583278922366,0.5368583278922368,-1.4886147765794517,-0.7443073882897259,-0.744307388289726,157.63462971902868,78.81731485951434,78.81731485951434,78.81731485951434,true
1630559,Austin Reaves,1610612747,0,4.068917009606874,2.034458504803437,2.034458504803437,2.0344585048034376,10582,5291,0,0,0,-1.4886147765794517,-0.7443073882897259,-0.744307388289726,157.52521565763757,78.76260782881879,78.76260782881879,78.7626078288188,true
202692,Alec Burks,1610612748,0.5381,4.037517171164351,2.0187585855821757,2.0187585855821757,2.0187585855821757,3377,1688.5,3.140037676508832,1.570018838254416,1.5700188382544162,-1.4886147765794517,-0.7443073882897259,-0.744307388289726,156.30959334079134,78.15479667039567,78.15479667039567,78.15479667039567,true
1629684,Grant Williams,1610612766,1.1076,4.02173600830154,2.01086800415077,2.01086800415077,2.01086800415077,1958,979,6.4633074344939265,3.2316537172469633,3.2316537172469637,-1.4886147765794517,-0.7443073882897259,-0.744307388289726,155.69863689281675,77.84931844640838,77.84931844640838,77.84931844640838,true
1630166,Deni Avdija,1610612757,0.0391,3.9715256290595025,1.9857628145297512,1.9857628145297512,1.9857628145297521,8956,4478,0.2281647893542006,0.1140823946771003,0.11408239467710031,-1.4886147765794517,-0.7443073882897259,-0.744307388289726,153.7547779250179,76.87738896250895,76.87738896250895,76.87738896250897,true
1629652,Luguentz Dort,1610612760,0.0489,3.952607165352104,1.976303582676052,1.976303582676052,1.9763035826760522,8626,4313,0.28535187210793883,0.14267593605396942,0.14267593605396942,-1.4886147765794517,-0.7443073882897259,-0.744307388289726,153.0223631157743,76.51118155788716,76.51118155788716,76.51118155788717,true
1630217,Desmond Bane,1610612763,0.0196,3.936846200351941,1.9684231001759704,1.9684231001759704,1.9684231001759709,9508,4754,0.11437416550747649,0.057187082753738246,0.05718708275373826,-1.4886147765794517,-0.7443073882897259,-0.744307388289726,152.41218861362515,76.20609430681257,76.20609430681257,76.20609430681259,true
1641726,Dereck Lively II,1610612742,0.501,3.9330078527970542,1.9665039263985271,1.9665039263985271,1.9665039263985271,3451,1725.5,2.92354372036968,1.46177186018484,1.4617718601848402,-1.4886147765794517,-0.7443073882897259,-0.744307388289726,152.26358972971454,76.13179486485727,76.13179486485727,76.13179486485727,true
1630194,Paul Reed,1610612765,1.1627,3.9043984847367668,1.9521992423683834,1.9521992423683834,1.9521992423683834,1827,913.5,6.784838889568517,3.3924194447842586,3.392419444784259,-1.4886147765794517,-0.7443073882897259,-0.744307388289726,151.1559984805234,75.5779992402617,75.5779992402617,75.5779992402617,true
1626164,Devin Booker,1610612756,-0.0295,3.8867440454784252,1.9433720227392126,1.9433720227392126,1.943372022739213,11430,5715,-0.17214478992196716,-0.08607239496098358,-0.0860723949609836,-1.4886147765794517,-0.7443073882897259,-0.744307388289726,150.47251947495047,75.23625973747524,75.23625973747524,75.23625973747525,true
201572,Brook Lopez,1610612749,-0.0098,3.853815349417634,1.926907674708817,1.926907674708817,1.9269076747088174,10423,5211.5,-0.057187082753738246,-0.028593541376869123,-0.02859354137686913,-1.4886147765794517,-0.7443073882897259,-0.744307388289726,149.19770852745413,74.59885426372706,74.59885426372706,74.59885426372708,true
1627750,Jamal Murray,1610612743,0,3.851667140921571,1.9258335704607854,1.9258335704607854,1.9258335704607856,10017,5008.5,0,0,0,-1.4886147765794517,-0.7443073882897259,-0.744307388289726,149.11454216996367,74.55727108498183,74.55727108498183,74.55727108498185,true
1628960,Grayson Allen,1610612756,0.1454,3.7892675023012288,1.8946337511506144,1.8946337511506144,1.8946337511506144,6277,3138.5,0.8484695747340348,0.4242347873670174,0.4242347873670175,-1.4886147765794517,-0.7443073882897259,-0.744307388289726,146.69878473194757,73.34939236597378,73.34939236597378,73.34939236597378,true
1628988,Aaron Holiday,1610612745,0.4523,3.4877569740148076,1.7438784870074038,1.7438784870074038,1.7438784870074038,3271,1635.5,2.6393589315832457,1.3196794657916229,1.319679465791623,-1.4886147765794517,-0.7443073882897259,-0.744307388289726,135.02601999400184,67.51300999700092,67.51300999700092,67.51300999700092,true
1641740,Jaylen Clark,1610612750,0.787,3.388130715038365,1.6940653575191824,1.6940653575191824,1.6940653575191829,2157,1078.5,4.592472870121633,2.2962364350608166,2.296236435060817,-1.4886147765794517,-0.7443073882897259,-0.744307388289726,131.1690605393424,65.5845302696712,65.5845302696712,65.58453026967122,true
1629638,Nickeil Alexander-Walker,1610612750,0.0098,3.3859335191888618,1.6929667595944309,1.6929667595944309,1.6929667595944313,8480,4240,0.057187082753738246,0.028593541376869123,0.02859354137686913,-1.4886147765794517,-0.7443073882897259,-0.744307388289726,131.0839976714545,65.54199883572726,65.54199883572726,65.54199883572727,true
1631204,Marcus Sasser,1610612765,0.3875,3.340677344047905,1.6703386720239526,1.6703386720239526,1.670338672023953,3449,1724.5,2.2612239354156705,1.1306119677078352,1.1306119677078355,-1.4886147765794517,-0.7443073882897259,-0.744307388289726,129.33193717671176,64.66596858835588,64.66596858835588,64.6659685883559,true
1629731,Dean Wade,1610612739,0.1637,3.2907509407255,1.64537547036275,1.64537547036275,1.6453754703627501,5213,2606.5,0.9552576986517298,0.4776288493258649,0.47762884932586497,-1.4886147765794517,-0.7443073882897259,-0.744307388289726,127.3990721338015,63.69953606690075,63.69953606690075,63.699536066900755,true
1631207,Dalen Terry,1610612741,0.2484,3.252761775689244,1.626380887844622,1.626380887844622,1.626380887844622,4286,2143,1.449517485309039,0.7247587426545194,0.7247587426545196,-1.4886147765794517,-0.7443073882897259,-0.744307388289726,125.92834874454073,62.964174372270364,62.964174372270364,62.964174372270364,true
1641744,Zach Edey,1610612763,0.0968,3.233970679100787,1.6169853395503935,1.6169853395503935,1.6169853395503937,6097,3048.5,0.5648683276083533,0.28243416380417663,0.2824341638041767,-1.4886147765794517,-0.7443073882897259,-0.744307388289726,125.20086486233048,62.60043243116524,62.60043243116524,62.600432431165245,true
1630643,Jay Huff,1610612763,0.414,3.211180405707845,1.6055902028539224,1.6055902028539224,1.6055902028539224,3184,1592,2.415862475515065,1.2079312377575324,1.2079312377575326,-1.4886147765794517,-0.7443073882897259,-0.744307388289726,124.31855570668942,62.15927785334471,62.15927785334471,62.15927785334471,true
1631260,AJ Green,1610612749,0.0388,2.9924407185567055,1.4962203592783527,1.4962203592783527,1.496220359278353,6755,3377.5,0.22641416437194328,0.11320708218597164,0.11320708218597166,-1.4886147765794517,-0.7443073882897259,-0.744307388289726,115.85020496126674,57.92510248063337,57.92510248063337,57.92510248063338,true
1630540,Miles McBride,1610612752,0.0485,2.974512100849421,1.4872560504247105,1.4872560504247105,1.4872560504247112,6500,3250,0.2830177054649291,0.14150885273246455,0.14150885273246458,-1.4886147765794517,-0.7443073882897259,-0.744307388289726,115.15611133288473,57.57805566644237,57.57805566644237,57.57805566644239,true
203939,Dwight Powell,1610612742,0.6326,2.951700875942239,1.4758504379711195,1.4758504379711195,1.4758504379711197,2206,1103,3.6914845459198795,1.8457422729599398,1.84574227295994,-1.4886147765794517,-0.7443073882897259,-0.744307388289726,114.27299105433525,57.136495527167625,57.136495527167625,57.13649552716763,true
1629312,Haywood Highsmith,1610612748,0.0097,2.8977119890816705,1.4488559945408352,1.4488559945408352,1.4488559945408357,7260,3630,0.05660354109298582,0.02830177054649291,0.028301770546492914,-1.4886147765794517,-0.7443073882897259,-0.744307388289726,112.18284986301896,56.09142493150948,56.09142493150948,56.09142493150949,true
1630548,Johnny Juzang,1610612762,0.106,2.8700262964117744,1.4350131482058872,1.4350131482058872,1.4350131482058879,5273,2636.5,0.6185541603975769,0.30927708019878847,0.3092770801987885,-1.4886147765794517,-0.7443073882897259,-0.744307388289726,111.1110180467987,55.55550902339935,55.55550902339935,55.555509023399374,true
203484,Kentavious Caldwell-Pope,1610612753,-0.0489,2.828023032269523,1.4140115161347615,1.4140115161347615,1.4140115161347617,9099,4549.5,-0.28535187210793883,-0.14267593605396942,-0.14267593605396942,-1.4886147765794517,-0.7443073882897259,-0.744307388289726,109.48489167786296,54.74244583893148,54.74244583893148,54.74244583893149,true
1628371,Jonathan Isaac,1610612753,0.1721,2.8132861290517237,1.4066430645258619,1.4066430645258619,1.4066430645258619,4369,2184.5,1.004275198154934,0.502137599077467,0.502137599077467,-1.4886147765794517,-0.7443073882897259,-0.744307388289726,108.9143629961453,54.45718149807265,54.45718149807265,54.45718149807266,true
1641764,Brandin Podziemski,1610612744,0.0097,2.791143242375774,1.395571621187887,1.395571621187887,1.3955716211878877,6993,3496.5,0.05660354109298582,0.02830177054649291,0.028301770546492914,-1.4886147765794517,-0.7443073882897259,-0.744307388289726,108.05711695483355,54.02855847741677,54.02855847741677,54.028558477416794,true
1630228,Jonathan Kuminga,1610612744,0.1438,2.790462694988761,1.3952313474943805,1.3952313474943805,1.3952313474943805,4641,2320.5,0.839132908161996,0.419566454080998,0.4195664540809981,-1.4886147765794517,-0.7443073882897259,-0.744307388289726,108.03077004885061,54.015385024425306,54.015385024425306,54.015385024425306,true
1642272,Jared McCain,1610612755,0.5007,2.725013631299386,1.362506815649693,1.362506815649693,1.362506815649693,2392,1196,2.921793095387423,1.4608965476937115,1.4608965476937117,-1.4886147765794517,-0.7443073882897259,-0.744307388289726,105.49695629744765,52.74847814872383,52.74847814872383,52.74847814872383,true
1630570,Trendon Watford,1610612751,0.2463,2.717719489737396,1.358859744868698,1.358859744868698,1.358859744868698,3596,1798,1.4372631104332378,0.7186315552166189,0.718631555216619,-1.4886147765794517,-0.7443073882897259,-0.744307388289726,105.21456881697634,52.60728440848817,52.60728440848817,52.60728440848817,true
1627780,Gary Payton II,1610612744,0.2185,2.7062386628549846,1.3531193314274923,1.3531193314274923,1.3531193314274923,3791,1895.5,1.275038528744062,0.637519264372031,0.6375192643720311,-1.4886147765794517,-0.7443073882897259,-0.744307388289726,104.7700968048144,52.3850484024072,52.3850484024072,52.38504840240721,true
1627747,Caris LeVert,1610612739,0.0097,2.70572859145794,1.35286429572897,1.35286429572897,1.3528642957289703,6779,3389.5,0.05660354109298582,0.02830177054649291,0.028301770546492914,-1.4886147765794517,-0.7443073882897259,-0.744307388289726,104.75034975501454,52.37517487750727,52.37517487750727,52.37517487750728,true
1642024,Alex Reese,1610612760,1.5228,2.6771544942921284,1.3385772471460642,1.3385772471460642,1.3385772471460642,999,499.5,8.886172409938021,4.443086204969011,4.443086204969011,-1.4886147765794517,-0.7443073882897259,-0.744307388289726,103.64412399330955,51.822061996654774,51.822061996654774,51.822061996654774,true
203991,Clint Capela,1610612737,0.1056,2.6346939143642287,1.3173469571821144,1.3173469571821144,1.3173469571821144,4846,2423,0.6162199937545673,0.30810999687728363,0.3081099968772837,-1.4886147765794517,-0.7443073882897259,-0.744307388289726,102.00029297038657,51.000146485193284,51.000146485193284,51.000146485193284,true
1627832,Fred VanVleet,1610612745,-0.0488,2.611102961520606,1.305551480760303,1.305551480760303,1.3055514807603033,8397,4198.5,-0.2847683304471864,-0.1423841652235932,-0.14238416522359323,-1.4886147765794517,-0.7443073882897259,-0.744307388289726,101.08698608172632,50.54349304086316,50.54349304086316,50.54349304086317,true
1629674,Neemias Queta,1610612738,0.2641,2.60055259289291,1.300276296446455,1.300276296446455,1.3002762964464554,3323,1661.5,1.5411335260471706,0.7705667630235853,0.7705667630235854,-1.4886147765794517,-0.7443073882897259,-0.744307388289726,100.67853609628266,50.33926804814133,50.33926804814133,50.33926804814134,true
201950,Jrue Holiday,1610612738,-0.039,2.5602237918563806,1.2801118959281903,1.2801118959281903,1.2801118959281903,7860,3930,-0.22758124769344815,-0.11379062384672407,-0.11379062384672409,-1.4886147765794517,-0.7443073882897259,-0.744307388289726,99.11723537043989,49.55861768521994,49.55861768521994,49.55861768521994,true
1631110,Jeremy Sochan,1610612759,0.0386,2.50432530259358,1.25216265129679,1.25216265129679,1.2521626512967903,5657,2828.5,0.22524708105043842,0.11262354052521921,0.11262354052521924,-1.4886147765794517,-0.7443073882897259,-0.744307388289726,96.95316528612288,48.47658264306144,48.47658264306144,48.476582643061455,true
1628368,De'Aaron Fox,1610612758,-0.0783,2.487695377308558,1.243847688654279,1.243847688654279,1.2438476886542793,9335,4667.5,-0.45691312036915355,-0.22845656018457677,-0.2284565601845768,-1.4886147765794517,-0.7443073882897259,-0.744307388289726,96.30934960723133,48.15467480361566,48.15467480361566,48.15467480361567,true
1642271,Kyle Filipowski,1610612762,0,2.4731878856351748,1.2365939428175874,1.2365939428175874,1.2365939428175874,6432,3216,0,0,0,-1.4886147765794517,-0.7443073882897259,-0.744307388289726,95.74770242959033,47.87385121479517,47.87385121479517,47.873851214795174,true
1641787,Tosan Evbuomwan,1610612751,0.3441,2.3988356342362183,1.1994178171181091,1.1994178171181091,1.1994178171181094,2656,1328,2.0079668546491156,1.0039834273245578,1.003983427324558,-1.4886147765794517,-0.7443073882897259,-0.744307388289726,92.86920812543075,46.43460406271537,46.43460406271537,46.43460406271538,true
1630533,Ziaire Williams,1610612751,0,2.390133068580262,1.195066534290131,1.195066534290131,1.1950665342901312,6216,3108,0,0,0,-1.4886147765794517,-0.7443073882897259,-0.744307388289726,92.53229451217872,46.26614725608936,46.26614725608936,46.26614725608937,true
201143,Al Horford,1610612738,-0.0194,2.373923228692274,1.186961614346137,1.186961614346137,1.1869616143461375,6682,3341,-0.11320708218597164,-0.05660354109298582,-0.05660354109298583,-1.4886147765794517,-0.7443073882897259,-0.744307388289726,91.90474213937233,45.952371069686166,45.952371069686166,45.95237106968618,true
1629673,Jordan Poole,1610612764,-0.0684,2.3686574650233188,1.1843287325116594,1.1843287325116594,1.1843287325116594,8417,4208.5,-0.3991424959546629,-0.19957124797733145,-0.19957124797733147,-1.4886147765794517,-0.7443073882897259,-0.744307388289726,91.70088186018849,45.850440930094244,45.850440930094244,45.850440930094244,true
1630696,Dru Smith,1610612748,1.1571,2.32444600171833,1.162223000859165,1.162223000859165,1.162223000859165,1092,546,6.7521605565663805,3.3760802782831902,3.3760802782831907,-1.4886147765794517,-0.7443073882897259,-0.744307388289726,89.98926663795248,44.99463331897624,44.99463331897624,44.99463331897625,true
1626158,Richaun Holmes,1610612764,0.4226,2.3075670699475173,1.1537835349737586,1.1537835349737586,1.1537835349737586,2259,1129.5,2.466047058339774,1.233023529169887,1.233023529169887,-1.4886147765794517,-0.7443073882897259,-0.744307388289726,89.33581085082531,44.667905425412656,44.667905425412656,44.667905425412656,true
1641824,Matas Buzelis,1610612741,-0.0291,2.2585129429769717,1.1292564714884858,1.1292564714884858,1.129256471488486,6630,3315,-0.16981062327895746,-0.08490531163947873,-0.08490531163947874,-1.4886147765794517,-0.7443073882897259,-0.744307388289726,87.43671536382277,43.718357681911385,43.718357681911385,43.71835768191139,true
1627752,Taurean Prince,1610612749,-0.088,2.245676146151354,1.122838073075677,1.122838073075677,1.1228380730756773,8916,4458,-0.5135166614621394,-0.2567583307310697,-0.25675833073106974,-1.4886147765794517,-0.7443073882897259,-0.744307388289726,86.93974794385957,43.469873971929786,43.469873971929786,43.46987397192979,true
1630539,Kai Jones,1610612746,0.5333,2.235301076883813,1.1176505384419064,1.1176505384419064,1.1176505384419064,1881,940.5,3.112027676792715,1.5560138383963575,1.5560138383963578,-1.4886147765794517,-0.7443073882897259,-0.744307388289726,86.53808454793047,43.26904227396523,43.26904227396523,43.26904227396523,true
1630264,Anthony Gill,1610612764,0.6411,2.1964741527385807,1.0982370763692904,1.0982370763692904,1.0982370763692906,1626,813,3.7410855870838358,1.8705427935419179,1.8705427935419183,-1.4886147765794517,-0.7443073882897259,-0.744307388289726,85.03492791316505,42.517463956582525,42.517463956582525,42.51746395658254,true
1630625,Dalano Banton,1610612757,0.0479,2.1049895919037906,1.0524947959518953,1.0524947959518953,1.0524947959518953,4609,2304.5,0.2795164555004145,0.13975822775020724,0.13975822775020727,-1.4886147765794517,-0.7443073882897259,-0.744307388289726,81.49316848656103,40.746584243280516,40.746584243280516,40.74658424328052,true
201145,Jeff Green,1610612745,0.5966,2.0874102163439514,1.0437051081719757,1.0437051081719757,1.0437051081719757,1626,813,3.481409548049004,1.740704774024502,1.7407047740245023,-1.4886147765794517,-0.7443073882897259,-0.744307388289726,80.81259551845869,40.406297759229346,40.406297759229346,40.406297759229346,true
1630549,Day'Ron Sharpe,1610612751,0.1325,2.078692879116804,1.039346439558402,1.039346439558402,1.0393464395584022,3558,1779,0.7731927004969713,0.38659635024848565,0.3865963502484857,-1.4886147765794517,-0.7443073882897259,-0.744307388289726,80.47511003437913,40.237555017189564,40.237555017189564,40.23755501718957,true
203937,Kyle Anderson,1610612744,0.0763,2.0615201739556723,1.0307600869778362,1.0307600869778362,1.0307600869778362,4127,2063.5,0.44524228715410497,0.22262114357705248,0.22262114357705254,-1.4886147765794517,-0.7443073882897259,-0.744307388289726,79.8102810202839,39.90514051014195,39.90514051014195,39.90514051014195,true
1628998,Cody Martin,1610612766,0.0288,2.0613068905553122,1.0306534452776561,1.0306534452776561,1.0306534452776561,4817,2408.5,0.16805999829670015,0.08402999914835008,0.08402999914835009,-1.4886147765794517,-0.7443073882897259,-0.744307388289726,79.80202390578424,39.90101195289212,39.90101195289212,39.90101195289212,true
1631230,Dominick Barlow,1610612737,0.5956,2.0541850337471113,1.0270925168735556,1.0270925168735556,1.0270925168735558,1602,801,3.47557413144148,1.73778706572074,1.7377870657207402,-1.4886147765794517,-0.7443073882897259,-0.744307388289726,79.52630630649531,39.76315315324766,39.76315315324766,39.763153153247664,true
1641796,Pelle Larsson,1610612748,0.1878,2.0501522440816498,1.0250761220408249,1.0250761220408249,1.0250761220408249,3071,1535.5,1.0958912388930657,0.5479456194465329,0.5479456194465329,-1.4886147765794517,-0.7443073882897259,-0.744307388289726,79.37017973516102,39.68508986758051,39.68508986758051,39.68508986758051,true
1629726,Garrison Mathews,1610612737,0.1324,2.048368501495177,1.0241842507475885,1.0241842507475885,1.0241842507475887,3507,1753.5,0.7726091588362187,0.38630457941810936,0.3863045794181094,-1.4886147765794517,-0.7443073882897259,-0.744307388289726,79.30112341502756,39.65056170751378,39.65056170751378,39.65056170751379,true
203903,Jordan Clarkson,1610612762,0.0762,2.001972503687421,1.0009862518437105,1.0009862518437105,1.0009862518437105,4009,2004.5,0.44465874549335255,0.22232937274667627,0.2223293727466763,-1.4886147765794517,-0.7443073882897259,-0.744307388289726,77.50493549989874,38.75246774994937,38.75246774994937,38.75246774994937,true
1629750,Javonte Green,1610612740,0,1.9817802180602753,0.9908901090301376,0.9908901090301376,0.9908901090301379,5154,2577,0,0,0,-1.4886147765794517,-0.7443073882897259,-0.744307388289726,76.72320558490495,38.36160279245247,38.36160279245247,38.36160279245248,true
1629057,Robert Williams III,1610612757,0.6446,1.974511700652392,0.987255850326196,0.987255850326196,0.9872558503261963,1456,728,3.7615095452101706,1.8807547726050853,1.8807547726050857,-1.4886147765794517,-0.7443073882897259,-0.744307388289726,76.4418101252569,38.22090506262845,38.22090506262845,38.22090506262846,true
1631131,Oscar Tshiebwe,1610612762,0.9299,1.9522666188206523,0.9761333094103262,0.9761333094103262,0.9761333094103263,1093,546.5,5.426353903336857,2.7131769516684283,2.7131769516684288,-1.4886147765794517,-0.7443073882897259,-0.744307388289726,75.58060767148525,37.79030383574263,37.79030383574263,37.790303835742634,true
1630591,Jalen Suggs,1610612753,0.0557,1.9001136272366805,0.9500568136183403,0.9500568136183403,0.9500568136183405,4056,2028,0.32503270503910414,0.16251635251955207,0.1625163525195521,-1.4886147765794517,-0.7443073882897259,-0.744307388289726,73.56154185444863,36.78077092722432,36.78077092722432,36.780770927224324,true
1631096,Chet Holmgren,1610612760,0.0854,1.8969229678594235,0.9484614839297117,0.9484614839297117,0.9484614839297122,3696,1848,0.4983445782825762,0.2491722891412881,0.24917228914128814,-1.4886147765794517,-0.7443073882897259,-0.744307388289726,73.43801775570054,36.71900887785027,36.71900887785027,36.719008877850285,true
1630557,Corey Kispert,1610612764,-0.0679,1.866253568539264,0.933126784269632,0.933126784269632,0.933126784269632,6614,3307,-0.39622478765090074,-0.19811239382545037,-0.1981123938254504,-1.4886147765794517,-0.7443073882897259,-0.744307388289726,72.25067386773436,36.12533693386718,36.12533693386718,36.12533693386718,true
1631221,Collin Gillespie,1610612756,0.4151,1.8658294134236366,0.9329147067118183,0.9329147067118183,0.9329147067118184,1847,923.5,2.4222814337833416,1.2111407168916708,1.211140716891671,-1.4886147765794517,-0.7443073882897259,-0.744307388289726,72.23425300540079,36.117126502700394,36.117126502700394,36.1171265027004,true
1629680,Matisse Thybulle,1610612757,0.6752,1.8453533026071782,0.9226766513035891,0.9226766513035891,0.9226766513035893,1316,658,3.940073293400415,1.9700366467002075,1.970036646700208,-1.4886147765794517,-0.7443073882897259,-0.744307388289726,71.44153500093505,35.720767500467524,35.720767500467524,35.72076750046753,true
1630531,Jaden Springer,1610612738,0.5546,1.7965221057773626,0.8982610528886813,0.8982610528886813,0.8982610528886813,1472,736,3.236322050532983,1.6181610252664915,1.6181610252664917,-1.4886147765794517,-0.7443073882897259,-0.744307388289726,69.55107009509504,34.77553504754752,34.77553504754752,34.77553504754752,true
1629014,Anfernee Simons,1610612757,-0.1273,1.7934164582996135,0.8967082291498067,0.8967082291498067,0.8967082291498067,9310,4655,-0.7428485341378448,-0.3714242670689224,-0.37142426706892245,-1.4886147765794517,-0.7443073882897259,-0.744307388289726,69.43083717131361,34.715418585656806,34.715418585656806,34.715418585656806,true
1628978,Donte DiVincenzo,1610612750,-0.0777,1.7803198024052886,0.8901599012026443,0.8901599012026443,0.8901599012026443,6658,3329,-0.45341187040463904,-0.22670593520231952,-0.22670593520231955,-1.4886147765794517,-0.7443073882897259,-0.744307388289726,68.92380949311904,34.46190474655952,34.46190474655952,34.46190474655952,true
1628366,Lonzo Ball,1610612741,0.0944,1.7716366809603896,0.8858183404801948,0.8858183404801948,0.885818340480195,3363,1681.5,0.550863327750295,0.2754316638751475,0.2754316638751475,-1.4886147765794517,-0.7443073882897259,-0.744307388289726,68.58764864860937,34.29382432430469,34.29382432430469,34.293824324304694,true
1631255,Karlo Matković,1610612740,0.1036,1.7587983768315898,0.8793991884157949,0.8793991884157949,0.8793991884157949,3253,1626.5,0.6045491605395187,0.30227458026975934,0.30227458026975934,-1.4886147765794517,-0.7443073882897259,-0.744307388289726,68.09062287448012,34.04531143724006,34.04531143724006,34.04531143724006,true
1641711,Gradey Dick,1610612761,-0.0874,1.6743799025872377,0.8371899512936188,0.8371899512936188,0.8371899512936192,6624,3312,-0.5100154114976249,-0.25500770574881243,-0.25500770574881243,-1.4886147765794517,-0.7443073882897259,-0.744307388289726,64.8224219430202,32.4112109715101,32.4112109715101,32.411210971510116,true
1641774,Tristan Vukcevic,1610612764,0.265,1.663538473714952,0.831769236857476,0.831769236857476,0.8317692368574762,2122,1061,1.5463854009939426,0.7731927004969713,0.7731927004969714,-1.4886147765794517,-0.7443073882897259,-0.744307388289726,64.40270376810743,32.201351884053715,32.201351884053715,32.20135188405372,true
1630170,Devin Vassell,1610612759,-0.1171,1.6617746275304917,0.8308873137652458,0.8308873137652458,0.8308873137652458,7989,3994.5,-0.6833272847410968,-0.3416636423705484,-0.34166364237054847,-1.4886147765794517,-0.7443073882897259,-0.744307388289726,64.33441772296618,32.16720886148309,32.16720886148309,32.16720886148309,true
1631095,Jabari Smith Jr.,1610612745,-0.0972,1.6429359001614603,0.8214679500807301,0.8214679500807301,0.8214679500807303,6903,3451.5,-0.567202494251363,-0.2836012471256815,-0.2836012471256816,-1.4886147765794517,-0.7443073882897259,-0.744307388289726,63.60508984910796,31.80254492455398,31.80254492455398,31.802544924553985,true
1629021,Moritz Wagner,1610612753,0.2216,1.6396887169148504,0.8198443584574252,0.8198443584574252,0.8198443584574253,2282,1141,1.2931283202273873,0.6465641601136937,0.6465641601136938,-1.4886147765794517,-0.7443073882897259,-0.744307388289726,63.47937746913207,31.739688734566034,31.739688734566034,31.739688734566037,true
1641730,Noah Clowney,1610612751,0,1.6211069847384791,0.8105534923692396,0.8105534923692396,0.8105534923692397,4216,2108,0,0,0,-1.4886147765794517,-0.7443073882897259,-0.744307388289726,62.75999898058969,31.379999490294846,31.379999490294846,31.37999949029485,true
203114,Khris Middleton,1610612749,0.0473,1.6190317297164616,0.8095158648582308,0.8095158648582308,0.8095158648582308,3552,1776,0.2760152055358999,0.13800760276794996,0.13800760276795,-1.4886147765794517,-0.7443073882897259,-0.744307388289726,62.6796569647373,31.33982848236865,31.33982848236865,31.33982848236865,true
1629622,Max Strus,1610612739,-0.0578,1.6002605295300174,0.8001302647650087,0.8001302647650087,0.8001302647650089,5381,2690.5,-0.3372870799149052,-0.1686435399574526,-0.16864353995745263,-1.4886147765794517,-0.7443073882897259,-0.744307388289726,61.952943357519246,30.976471678759623,30.976471678759623,30.97647167875963,true
1629011,Mitchell Robinson,1610612752,0.6762,1.5988729062199731,0.7994364531099866,0.7994364531099866,0.7994364531099867,1139,569.5,3.9459087100079393,1.9729543550039697,1.97295435500397,-1.4886147765794517,-0.7443073882897259,-0.744307388289726,61.89922251223039,30.949611256115194,30.949611256115194,30.9496112561152,true
1628470,Torrey Craig,1610612741,0.5785,1.589457235428255,0.7947286177141275,0.7947286177141275,0.7947286177141276,1265,632.5,3.375788507452814,1.687894253726407,1.6878942537264072,-1.4886147765794517,-0.7443073882897259,-0.744307388289726,61.53470154300816,30.76735077150408,30.76735077150408,30.767350771504084,true
1641741,Ricky Council IV,1610612755,-0.0481,1.5868918054112053,0.7934459027056027,0.7934459027056027,0.7934459027056029,5086,2543,-0.2806835388219194,-0.1403417694109597,-0.1403417694109597,-1.4886147765794517,-0.7443073882897259,-0.744307388289726,61.4353827523481,30.71769137617405,30.71769137617405,30.717691376174056,true
1630163,LaMelo Ball,1610612766,-0.0872,1.5860285728784413,0.7930142864392207,0.7930142864392207,0.7930142864392209,6267,3133.5,-0.5088483281761199,-0.25442416408805996,-0.25442416408806,-1.4886147765794517,-0.7443073882897259,-0.744307388289726,61.4019633214368,30.7009816607184,30.7009816607184,30.70098166071841,true
1641810,Antonio Reeves,1610612740,0.1304,1.5752682369173876,0.7876341184586938,0.7876341184586938,0.7876341184586939,2711,1355.5,0.7609383256211701,0.38046916281058507,0.3804691628105851,-1.4886147765794517,-0.7443073882897259,-0.744307388289726,60.98538460065886,30.49269230032943,30.49269230032943,30.492692300329438,true
1627741,Buddy Hield,1610612744,-0.1169,1.5681524093219175,0.7840762046609587,0.7840762046609587,0.784076204660959,7528,3764,-0.682160201419592,-0.341080100709796,-0.34108010070979605,-1.4886147765794517,-0.7443073882897259,-0.744307388289726,60.70990041803424,30.35495020901712,30.35495020901712,30.354950209017126,true
1631218,Trayce Jackson-Davis,1610612744,-0.0095,1.5314911783896688,0.7657455891948344,0.7657455891948344,0.7657455891948345,4137,2068.5,-0.05543645777148096,-0.02771822888574048,-0.027718228885740482,-1.4886147765794517,-0.7443073882897259,-0.744307388289726,59.29058704908575,29.645293524542875,29.645293524542875,29.64529352454288,true
1631209,Isaiah Wong,1610612766,0.6338,1.510001707643444,0.755000853821722,0.755000853821722,0.7550008538217222,1127,563.5,3.6984870458489087,1.8492435229244544,1.8492435229244546,-1.4886147765794517,-0.7443073882897259,-0.744307388289726,58.45863753876762,29.22931876938381,29.22931876938381,29.229318769383816,true
1626162,Kelly Oubre Jr.,1610612755,-0.1367,1.496961877079109,0.7484809385395546,0.7484809385395546,0.7484809385395547,8388,4194,-0.7977014502485733,-0.39885072512428665,-0.3988507251242867,-1.4886147765794517,-0.7443073882897259,-0.744307388289726,57.953809812634084,28.976904906317042,28.976904906317042,28.976904906317046,true
201144,Mike Conley,1610612750,-0.1167,1.4813450102632173,0.7406725051316086,0.7406725051316086,0.7406725051316086,7101,3550.5,-0.6809931180980872,-0.3404965590490436,-0.34049655904904363,-1.4886147765794517,-0.7443073882897259,-0.744307388289726,57.349213968761696,28.674606984380848,28.674606984380848,28.67460698438085,true
1630639,A.J. Lawson,1610612761,0.2098,1.4547471383003163,0.7273735691501582,0.7273735691501582,0.7273735691501583,2076,1038,1.2242704042586003,0.6121352021293002,0.6121352021293003,-1.4886147765794517,-0.7443073882897259,-0.744307388289726,56.319496354197966,28.159748177098983,28.159748177098983,28.159748177098987,true
203926,Doug McDermott,1610612758,0.4282,1.4274972069805554,0.7137486034902777,0.7137486034902777,0.7137486034902778,1386,693,2.4987253913419103,1.2493626956709551,1.2493626956709554,-1.4886147765794517,-0.7443073882897259,-0.744307388289726,55.26453472739007,27.632267363695036,27.632267363695036,27.632267363695043,true
1642366,Quinten Post,1610612744,0.0838,1.3787168062679986,0.6893584031339993,0.6893584031339993,0.6893584031339993,2699,1349.5,0.48900791171053726,0.24450395585526863,0.24450395585526868,-1.4886147765794517,-0.7443073882897259,-0.744307388289726,53.376036356946805,26.688018178473403,26.688018178473403,26.688018178473403,true
1641727,Dariq Whitehead,1610612751,0.6117,1.3509524323719635,0.6754762161859817,0.6754762161859817,0.6754762161859819,1034,517,3.5695243388226214,1.7847621694113107,1.784762169411311,-1.4886147765794517,-0.7443073882897259,-0.744307388289726,52.30115845325744,26.15057922662872,26.15057922662872,26.150579226628725,true
203944,Julius Randle,1610612750,-0.1565,1.3372836041894645,0.6686418020947322,0.6686418020947322,0.6686418020947323,8998,4499,-0.9132426990775547,-0.45662134953877737,-0.4566213495387774,-1.4886147765794517,-0.7443073882897259,-0.744307388289726,51.771979533620694,25.885989766810347,25.885989766810347,25.885989766810354,true
1642261,Dalton Knecht,1610612747,-0.1064,1.3349539163901978,0.6674769581950989,0.6674769581950989,0.667476958195099,5956,2978,-0.6208883270405867,-0.31044416352029336,-0.3104441635202934,-1.4886147765794517,-0.7443073882897259,-0.744307388289726,51.6817873345348,25.8408936672674,25.8408936672674,25.840893667267405,true
1631107,Nikola Jović,1610612748,-0.0689,1.283176846220005,0.6415884231100025,0.6415884231100025,0.6415884231100026,4572,2286,-0.40206020425842504,-0.20103010212921252,-0.20103010212921257,-1.4886147765794517,-0.7443073882897259,-0.744307388289726,49.67727504651734,24.83863752325867,24.83863752325867,24.838637523258672,true
1628380,Zach Collins,1610612759,-0.0476,1.2632594926933942,0.6316297463466971,0.6316297463466971,0.6316297463466971,4039,2019.5,-0.27776583051815723,-0.13888291525907862,-0.13888291525907864,-1.4886147765794517,-0.7443073882897259,-0.744307388289726,48.90618893141569,24.453094465707846,24.453094465707846,24.453094465707846,true
1631157,Ryan Rollins,1610612749,-0.0189,1.2111970900307059,0.6055985450153529,0.6055985450153529,0.6055985450153529,3402,1701,-0.11028937388220948,-0.05514468694110474,-0.05514468694110475,-1.4886147765794517,-0.7443073882897259,-0.744307388289726,46.89063019976018,23.44531509988009,23.44531509988009,23.445315099880094,true
1629626,Bol Bol,1610612756,0.1538,1.1728879245287505,0.5864439622643752,0.5864439622643752,0.5864439622643752,1903,951.5,0.8974870742372391,0.44874353711861953,0.4487435371186196,-1.4886147765794517,-0.7443073882897259,-0.744307388289726,45.40751822104163,22.703759110520814,22.703759110520814,22.703759110520814,true
1642382,Branden Carlson,1610612760,0.5021,1.1710045492018977,0.5855022746009488,0.5855022746009488,0.5855022746009491,1026,513,2.9299626786379567,1.4649813393189783,1.4649813393189786,-1.4886147765794517,-0.7443073882897259,-0.744307388289726,45.33460469053061,22.667302345265306,22.667302345265306,22.667302345265313,true
1642349,Ajay Mitchell,1610612760,0.0737,1.1636718206784291,0.5818359103392146,0.5818359103392146,0.5818359103392148,2348,1174,0.43007020397454176,0.21503510198727088,0.2150351019872709,-1.4886147765794517,-0.7443073882897259,-0.744307388289726,45.05072334340776,22.52536167170388,22.52536167170388,22.525361671703887,true
1626167,Myles Turner,1610612754,-0.1662,1.1584235417263937,0.5792117708631969,0.5792117708631969,0.579211770863197,8645,4322.5,-0.9698462401705404,-0.4849231200852702,-0.4849231200852703,-1.4886147765794517,-0.7443073882897259,-0.744307388289726,44.847539972550386,22.423769986275193,22.423769986275193,22.423769986275197,true
1630560,Cam Thomas,1610612751,-0.0094,1.1573262250093475,0.5786631125046737,0.5786631125046737,0.5786631125046738,3125,1562.5,-0.054852916110728525,-0.027426458055364263,-0.02742645805536427,-1.4886147765794517,-0.7443073882897259,-0.744307388289726,44.8050581396476,22.4025290698238,22.4025290698238,22.402529069823803,true
1628975,Jevon Carter,1610612741,0.3053,1.1538502331395957,0.5769251165697978,0.5769251165697978,0.5769251165697978,1366,683,1.7815526902771723,0.8907763451385862,0.8907763451385863,-1.4886147765794517,-0.7443073882897259,-0.744307388289726,44.67048759726149,22.335243798630746,22.335243798630746,22.335243798630746,true
1641989,Elijah Harkless,1610612762,0.9924,1.1018913822055623,0.5509456911027811,0.5509456911027811,0.5509456911027812,586,293,5.791067441307126,2.895533720653563,2.8955337206535634,-1.4886147765794517,-0.7443073882897259,-0.744307388289726,42.658937796815344,21.329468898407672,21.329468898407672,21.329468898407676,true
1628420,Monté Morris,1610612756,0.0553,1.096212165273577,0.5481060826367885,0.5481060826367885,0.5481060826367885,2343,1171.5,0.3226985383960944,0.1613492691980472,0.16134926919804723,-1.4886147765794517,-0.7443073882897259,-0.744307388289726,42.43907096987705,21.219535484938525,21.219535484938525,21.21953548493853,true
1630249,Vít Krejčí,1610612737,-0.1056,1.070148330828326,0.535074165414163,0.535074165414163,0.535074165414163,4749,2374.5,-0.6162199937545673,-0.30810999687728363,-0.3081099968772837,-1.4886147765794517,-0.7443073882897259,-0.744307388289726,41.43002823635376,20.71501411817688,20.71501411817688,20.71501411817688,true
1628963,Marvin Bagley III,1610612764,0.3501,1.0672972668581442,0.5336486334290721,0.5336486334290721,0.5336486334290722,1170,585,2.0429793542942614,1.0214896771471307,1.021489677147131,-1.4886147765794517,-0.7443073882897259,-0.744307388289726,41.31965133122244,20.65982566561122,20.65982566561122,20.659825665611223,true
1631466,Nate Williams,1610612745,0.8076,1.0251590990810355,0.5125795495405178,0.5125795495405178,0.5125795495405179,640,320,4.712682452236634,2.356341226118317,2.356341226118317,-1.4886147765794517,-0.7443073882897259,-0.744307388289726,39.688302264422944,19.844151132211472,19.844151132211472,19.84415113221148,true
1630169,Tyrese Haliburton,1610612754,-0.1862,1.0226423549567885,0.5113211774783942,0.5113211774783942,0.5113211774783942,9847,4923.5,-1.0865545723210268,-0.5432772861605134,-0.5432772861605135,-1.4886147765794517,-0.7443073882897259,-0.744307388289726,39.5908683133271,19.79543415666355,19.79543415666355,19.79543415666355,true
1641767,Ben Sheppard,1610612754,-0.125,0.9873642254250363,0.49368211271251816,0.49368211271251816,0.49368211271251816,5035,2517.5,-0.7294270759405389,-0.36471353797026945,-0.3647135379702695,-1.4886147765794517,-0.7443073882897259,-0.744307388289726,38.22510072716926,19.11255036358463,19.11255036358463,19.11255036358463,true
1631116,Patrick Baldwin Jr.,1610612764,1.2208,0.954365741226883,0.4771828706134415,0.4771828706134415,0.47718287061344156,429,214.5,7.1238765944656794,3.5619382972328397,3.5619382972328406,-1.4886147765794517,-0.7443073882897259,-0.744307388289726,36.94758798178361,18.473793990891807,18.473793990891807,18.47379399089181,true
1642258,Zaccharie Risacher,1610612737,-0.1755,0.9423333921099019,0.47116669605495093,0.47116669605495093,0.47116669605495093,7854,3927,-1.0241156146205166,-0.5120578073102583,-0.5120578073102584,-1.4886147765794517,-0.7443073882897259,-0.744307388289726,36.48176418025477,18.240882090127386,18.240882090127386,18.240882090127386,true
1631243,Mouhamed Gueye,1610612737,0.0184,0.9242587167242092,0.4621293583621046,0.4621293583621046,0.4621293583621046,2242,1121,0.10737166557844732,0.05368583278922366,0.05368583278922367,-1.4886147765794517,-0.7443073882897259,-0.744307388289726,35.7820160331801,17.89100801659005,17.89100801659005,17.89100801659005,true
1641763,Julian Phillips,1610612741,-0.1247,0.9188821662713207,0.45944108313566034,0.45944108313566034,0.45944108313566046,4675,2337.5,-0.7276764509582816,-0.3638382254791408,-0.36383822547914085,-1.4886147765794517,-0.7443073882897259,-0.744307388289726,35.5738667227897,17.78693336139485,17.78693336139485,17.786933361394855,true
1629001,De'Anthony Melton,1610612744,0.8796,0.9013475576160095,0.45067377880800474,0.45067377880800474,0.4506737788080048,527,263.5,5.132832447978385,2.5664162239891923,2.566416223989193,-1.4886147765794517,-0.7443073882897259,-0.744307388289726,34.895026873419795,17.447513436709897,17.447513436709897,17.4475134367099,true
1631111,Wendell Moore Jr.,1610612765,0.0364,0.8958935317795275,0.44794676588976373,0.44794676588976373,0.44794676588976373,2039,1019.5,0.21240916451388495,0.10620458225694247,0.10620458225694249,-1.4886147765794517,-0.7443073882897259,-0.744307388289726,34.68387815889314,17.34193907944657,17.34193907944657,17.34193907944657,true
1630205,Lamar Stevens,1610612763,0.6642,0.8868248421804799,0.4434124210902399,0.4434124210902399,0.4434124210902399,640,320,3.875883710717648,1.937941855358824,1.9379418553588241,-1.4886147765794517,-0.7443073882897259,-0.744307388289726,34.332790318701434,17.166395159350717,17.166395159350717,17.166395159350717,true
1627739,Kris Dunn,1610612746,-0.1752,0.8804894961730406,0.4402447480865203,0.4402447480865203,0.4402447480865205,7311,3655.5,-1.0223649896382594,-0.5111824948191297,-0.5111824948191297,-1.4886147765794517,-0.7443073882897259,-0.744307388289726,34.08752192327057,17.043760961635286,17.043760961635286,17.043760961635293,true
1630692,Jordan Goodwin,1610612747,0,0.8520809008966956,0.4260404504483478,0.4260404504483478,0.42604045044834793,2216,1108,0,0,0,-1.4886147765794517,-0.7443073882897259,-0.744307388289726,32.98770344900065,16.493851724500324,16.493851724500324,16.493851724500328,true
201587,Nicolas Batum,1610612746,-0.1544,0.8360341512130821,0.41801707560654106,0.41801707560654106,0.41801707560654106,5508,2754,-0.9009883242017537,-0.45049416210087684,-0.45049416210087695,-1.4886147765794517,-0.7443073882897259,-0.744307388289726,32.36646499696361,16.183232498481804,16.183232498481804,16.183232498481804,true
1630545,Terrence Shannon Jr.,1610612750,0.1316,0.8323442730216972,0.4161721365108486,0.4161721365108486,0.4161721365108486,1428,714,0.7679408255501994,0.3839704127750997,0.38397041277509975,-1.4886147765794517,-0.7443073882897259,-0.744307388289726,32.22361399841142,16.11180699920571,16.11180699920571,16.11180699920571,true
1641724,Jett Howard,1610612753,-0.0655,0.8322049982076105,0.41610249910380526,0.41610249910380526,0.41610249910380537,2912,1456,-0.3822197877928424,-0.1911098938964212,-0.19110989389642122,-1.4886147765794517,-0.7443073882897259,-0.744307388289726,32.218222073466066,16.109111036733033,16.109111036733033,16.109111036733037,true
1630611,Gui Santos,1610612744,-0.0751,0.8250676161766273,0.41253380808831364,0.41253380808831364,0.41253380808831375,3041,1520.5,-0.4382397872250758,-0.2191198936125379,-0.21911989361253792,-1.4886147765794517,-0.7443073882897259,-0.744307388289726,31.94190342626657,15.970951713133285,15.970951713133285,15.970951713133289,true
1629659,Talen Horton-Tucker,1610612741,-0.0846,0.8023389914838593,0.40116949574192967,0.40116949574192967,0.4011694957419297,3122,1561,-0.4936762449965567,-0.24683812249827836,-0.24683812249827838,-1.4886147765794517,-0.7443073882897259,-0.744307388289726,31.061980956017983,15.530990478008992,15.530990478008992,15.530990478008993,true
1627759,Jaylen Brown,1610612738,-0.1956,0.7891342619513309,0.3945671309756654,0.3945671309756654,0.39456713097566565,8799,4399.5,-1.1414074884317553,-0.5707037442158777,-0.5707037442158777,-1.4886147765794517,-0.7443073882897259,-0.744307388289726,30.55076928411581,15.275384642057904,15.275384642057904,15.275384642057913,true
1629643,Chuma Okeke,1610612755,0.3701,0.7783942745832444,0.3891971372916222,0.3891971372916222,0.3891971372916222,826,413,2.1596876864447476,1.0798438432223738,1.0798438432223738,-1.4886147765794517,-0.7443073882897259,-0.744307388289726,30.134978344579892,15.067489172289946,15.067489172289946,15.067489172289946,true
1631098,Johnny Davis,1610612764,0.2527,0.7585198791973418,0.3792599395986709,0.3792599395986709,0.37925993959867094,991,495.5,1.4746097767213933,0.7373048883606966,0.7373048883606967,-1.4886147765794517,-0.7443073882897259,-0.744307388289726,29.365555323211375,14.682777661605687,14.682777661605687,14.682777661605689,true
1630193,Immanuel Quickley,1610612761,-0.1235,0.7511934813472411,0.37559674067362053,0.37559674067362053,0.3755967406736206,3787,1893.5,-0.7206739510292525,-0.36033697551462623,-0.3603369755146263,-1.4886147765794517,-0.7443073882897259,-0.744307388289726,29.081919063586046,14.540959531793023,14.540959531793023,14.540959531793026,true
1627763,Malcolm Brogdon,1610612764,-0.0512,0.725012981635645,0.3625064908178225,0.3625064908178225,0.3625064908178226,2359,1179.5,-0.2987733303052447,-0.14938666515262236,-0.1493866651526224,-1.4886147765794517,-0.7443073882897259,-0.744307388289726,28.068359717608544,14.034179858804272,14.034179858804272,14.034179858804276,true
1631342,Daeqwon Plowden,1610612737,1.3216,0.6915803941208581,0.34579019706042907,0.34579019706042907,0.3457901970604291,291,145.5,7.71208658850413,3.856043294252065,3.856043294252066,-1.4886147765794517,-0.7443073882897259,-0.744307388289726,26.774040972393223,13.387020486196612,13.387020486196612,13.387020486196613,true
1628396,Tony Bradley,1610612754,0.666,0.6747512033550762,0.3373756016775381,0.3373756016775381,0.3373756016775382,486,243,3.8863874606111914,1.9431937303055957,1.943193730305596,-1.4886147765794517,-0.7443073882897259,-0.744307388289726,26.122510872746524,13.061255436373262,13.061255436373262,13.061255436373266,true
1641720,Jalen Hood-Schifino,1610612747,0.0862,0.6415098926141809,0.32075494630709045,0.32075494630709045,0.3207549463070906,1247,623.5,0.5030129115685956,0.2515064557842978,0.25150645578429787,-1.4886147765794517,-0.7443073882897259,-0.744307388289726,24.835597271206147,12.417798635603074,12.417798635603074,12.417798635603079,true
1630208,Nick Richards,1610612766,-0.1733,0.6392970208115776,0.3196485104057888,0.3196485104057888,0.31964851040578895,5185,2592.5,-1.0112776980839633,-0.5056388490419816,-0.5056388490419816,-1.4886147765794517,-0.7443073882897259,-0.744307388289726,24.749927519991076,12.374963759995538,12.374963759995538,12.374963759995545,true
202687,Bismack Biyombo,1610612759,-0.0733,0.5949141771347098,0.2974570885673549,0.2974570885673549,0.297457088567355,2171,1085.5,-0.42773603733153204,-0.21386801866576602,-0.21386801866576605,-1.4886147765794517,-0.7443073882897259,-0.744307388289726,23.03167742907234,11.51583871453617,11.51583871453617,11.515838714536171,true
1641890,Tyler Smith,1610612749,0.5252,0.5751367013434585,0.28756835067172926,0.28756835067172926,0.28756835067172926,489,244.5,3.0647608022717683,1.5323804011358841,1.5323804011358844,-1.4886147765794517,-0.7443073882897259,-0.744307388289726,22.266006580582467,11.133003290291233,11.133003290291233,11.133003290291233,true
1641871,Duop Reath,1610612757,-0.0635,0.5628698158512405,0.28143490792562026,0.28143490792562026,0.28143490792562037,1949,974.5,-0.37054895457779374,-0.18527447728889687,-0.1852744772888969,-1.4886147765794517,-0.7443073882897259,-0.744307388289726,21.791102870812313,10.895551435406157,10.895551435406157,10.89555143540616,true
1642348,Justin Edwards,1610612755,-0.1821,0.5101136015335298,0.2550568007667649,0.2550568007667649,0.2550568007667649,4636,2318,-1.0626293642301772,-0.5313146821150886,-0.5313146821150887,-1.4886147765794517,-0.7443073882897259,-0.744307388289726,19.748683716512367,9.874341858256184,9.874341858256184,9.874341858256184,true
1631321,Sidy Cissoko,1610612759,0.5019,0.5020525441121544,0.2510262720560772,0.2510262720560772,0.25102627205607725,440,220,2.9287955953164517,1.4643977976582259,1.464397797658226,-1.4886147765794517,-0.7443073882897259,-0.744307388289726,19.436605636341977,9.718302818170988,9.718302818170988,9.71830281817099,true
1629013,Landry Shamet,1610612752,-0.1503,0.48779707353092727,0.24389853676546364,0.24389853676546364,0.2438985367654637,3088,1544,-0.8770631161109039,-0.43853155805545196,-0.438531558055452,-1.4886147765794517,-0.7443073882897259,-0.744307388289726,18.884715275268757,9.442357637634379,9.442357637634379,9.44235763763438,true
1630230,Naji Marshall,1610612742,-0.2146,0.4859244000566717,0.24296220002833585,0.24296220002833585,0.24296220002833585,7960,3980,-1.2522804039747173,-0.6261402019873586,-0.6261402019873588,-1.4886147765794517,-0.7443073882897259,-0.744307388289726,18.812216059336862,9.406108029668431,9.406108029668431,9.406108029668431,true
1629646,Charles Bassey,1610612759,-0.0532,0.47718083575414466,0.23859041787707233,0.23859041787707233,0.23859041787707239,1568,784,-0.31044416352029336,-0.15522208176014668,-0.1552220817601467,-1.4886147765794517,-0.7443073882897259,-0.744307388289726,18.4737152127676,9.2368576063838,9.2368576063838,9.236857606383802,true
1630537,Chris Duarte,1610612741,0.7337,0.47544442248761054,0.23772221124380527,0.23772221124380527,0.23772221124380533,319,159.5,4.281445164940587,2.1407225824702936,2.140722582470294,-1.4886147765794517,-0.7443073882897259,-0.744307388289726,18.406491213448923,9.203245606724462,9.203245606724462,9.203245606724463,true
1630283,Kylor Kelley,1610612742,0.3524,0.46883158196422625,0.23441579098211313,0.23441579098211313,0.23441579098211313,512,256,2.0564008124915674,1.0282004062457837,1.0282004062457837,-1.4886147765794517,-0.7443073882897259,-0.744307388289726,18.150479816043617,9.075239908021809,9.075239908021809,9.075239908021809,true
203914,Gary Harris,1610612753,-0.1495,0.45554802047523985,0.22777401023761992,0.22777401023761992,0.22777401023761998,2862,1431,-0.8723947828248845,-0.43619739141244224,-0.4361973914124423,-1.4886147765794517,-0.7443073882897259,-0.744307388289726,17.636216221255715,8.818108110627858,8.818108110627858,8.81810811062786,true
1630538,Bones Hyland,1610612746,0.0332,0.4206497313455416,0.2103248656727708,0.2103248656727708,0.21032486567277087,968,484,0.19373583136980713,0.09686791568490356,0.09686791568490358,-1.4886147765794517,-0.7443073882897259,-0.744307388289726,16.285153884948826,8.142576942474413,8.142576942474413,8.142576942474415,true
1641809,Drew Peterson,1610612738,0.1094,0.39228017522162995,0.19614008761081497,0.19614008761081497,0.196140087610815,714,357,0.6383945768631596,0.3191972884315798,0.31919728843157985,-1.4886147765794517,-0.7443073882897259,-0.744307388289726,15.186846783580245,7.593423391790123,7.593423391790123,7.5934233917901235,true
202685,Jonas Valančiūnas,1610612764,-0.213,0.3848060616596194,0.1924030308298097,0.1924030308298097,0.1924030308298097,6064,3032,-1.2429437374026782,-0.6214718687013391,-0.6214718687013392,-1.4886147765794517,-0.7443073882897259,-0.744307388289726,14.897491815679551,7.4487459078397755,7.4487459078397755,7.4487459078397755,true
1642484,RayJ Dennis,1610612754,0.6511,0.3756274896585488,0.1878137448292744,0.1878137448292744,0.1878137448292744,275,137.5,3.799439753159079,1.8997198765795396,1.8997198765795398,-1.4886147765794517,-0.7443073882897259,-0.744307388289726,14.54214995678096,7.27107497839048,7.27107497839048,7.27107497839048,true
1629162,Jordan McLaughlin,1610612758,-0.0604,0.3686007436811798,0.1843003718405899,0.1843003718405899,0.18430037184058995,1256,628,-0.3524591630944684,-0.1762295815472342,-0.17622958154723423,-1.4886147765794517,-0.7443073882897259,-0.744307388289726,14.270114505371389,7.135057252685694,7.135057252685694,7.135057252685697,true
1628365,Markelle Fultz,1610612758,0.0555,0.3586169703198815,0.17930848515994074,0.17930848515994074,0.17930848515994074,766,383,0.32386562171759925,0.16193281085879963,0.16193281085879965,-1.4886147765794517,-0.7443073882897259,-0.744307388289726,13.883599850955411,6.941799925477706,6.941799925477706,6.9417999254777065,true
1631303,Justin Minaya,1610612757,0.2749,0.3251403695521581,0.16257018477607904,0.16257018477607904,0.16257018477607904,407,203.5,1.604156025408433,0.8020780127042165,0.8020780127042166,-1.4886147765794517,-0.7443073882897259,-0.744307388289726,12.587577164090693,6.293788582045346,6.293788582045346,6.293788582045346,true
1631132,Christian Koloko,1610612747,-0.1053,0.32243385595720253,0.16121692797860127,0.16121692797860127,0.1612169279786013,1428,714,-0.61446936877231,-0.307234684386155,-0.30723468438615503,-1.4886147765794517,-0.7443073882897259,-0.744307388289726,12.482796423485985,6.241398211742992,6.241398211742992,6.241398211742993,true
1641738,Kobe Brown,1610612746,-0.0589,0.3152512548307367,0.15762562741536834,0.15762562741536834,0.15762562741536837,1066,533,-0.34370603818318196,-0.17185301909159098,-0.171853019091591,-1.4886147765794517,-0.7443073882897259,-0.744307388289726,12.204727151304235,6.1023635756521175,6.1023635756521175,6.102363575652118,true
1628981,Bruno Fernando,1610612761,0.0652,0.3089850940393862,0.1544925470196931,0.1544925470196931,0.15449254701969312,640,320,0.38046916281058507,0.19023458140529254,0.19023458140529256,-1.4886147765794517,-0.7443073882897259,-0.744307388289726,11.962137212096236,5.981068606048118,5.981068606048118,5.981068606048119,true
1630314,Brandon Williams,1610612742,-0.1548,0.30841231882993914,0.15420615941496957,0.15420615941496957,0.1542061594149696,2040,1020,-0.9033224908447633,-0.4516612454223817,-0.45166124542238173,-1.4886147765794517,-0.7443073882897259,-0.744307388289726,11.939962628987644,5.969981314493822,5.969981314493822,5.969981314493823,true
1629650,Moses Brown,1610612754,0.1298,0.29994323443699156,0.14997161721849578,0.14997161721849578,0.14997161721849583,517,258.5,0.7574370756566556,0.3787185378283278,0.3787185378283279,-1.4886147765794517,-0.7443073882897259,-0.744307388289726,11.612088076060674,5.806044038030337,5.806044038030337,5.806044038030339,true
1631197,Jared Rhoden,1610612766,-0.0496,0.2958120178736957,0.14790600893684785,0.14790600893684785,0.14790600893684785,955,477.5,-0.2894366637332058,-0.1447183318666029,-0.14471833186660293,-1.4886147765794517,-0.7443073882897259,-0.744307388289726,11.452150977681649,5.7260754888408245,5.7260754888408245,5.7260754888408245,true
1629003,Shake Milton,1610612751,-0.1984,0.2911761562048134,0.1455880781024067,0.1455880781024067,0.1455880781024067,3407,1703.5,-1.1577466549328232,-0.5788733274664116,-0.5788733274664117,-1.4886147765794517,-0.7443073882897259,-0.744307388289726,11.272676904500633,5.636338452250317,5.636338452250317,5.636338452250317,true
1630578,Alperen Sengun,1610612745,-0.2351,0.2892816268344077,0.14464081341720386,0.14464081341720386,0.1446408134172041,9596,4798,-1.3719064444289657,-0.6859532222144828,-0.6859532222144828,-1.4886147765794517,-0.7443073882897259,-0.744307388289726,11.199331553160642,5.599665776580321,5.599665776580321,5.599665776580331,true
1642403,Isaac Jones,1610612758,-0.1032,0.2813910454030021,0.14069552270150104,0.14069552270150104,0.14069552270150107,1229,614.5,-0.6022149938965089,-0.30110749694825445,-0.3011074969482545,-1.4886147765794517,-0.7443073882897259,-0.744307388289726,10.893853329173366,5.446926664586683,5.446926664586683,5.446926664586685,true
1630604,E.J. Liddell,1610612741,0.5722,0.27558521500366506,0.13779260750183253,0.13779260750183253,0.13779260750183253,221,110.5,3.3390253828254113,1.6695126914127056,1.6695126914127059,-1.4886147765794517,-0.7443073882897259,-0.744307388289726,10.669084752284748,5.334542376142374,5.334542376142374,5.334542376142374,true
1628971,Bruce Brown,1610612761,-0.209,0.2639798848783584,0.1319899424391792,0.1319899424391792,0.1319899424391792,3799,1899.5,-1.219602070972581,-0.6098010354862905,-0.6098010354862906,-1.4886147765794517,-0.7443073882897259,-0.744307388289726,10.219792686005018,5.109896343002509,5.109896343002509,5.109896343002509,true
1630543,Isaiah Jackson,1610612754,0.2261,0.2632890878297016,0.1316445439148508,0.1316445439148508,0.13164454391485086,363,181.5,1.3193876949612466,0.6596938474806233,0.6596938474806234,-1.4886147765794517,-0.7443073882897259,-0.744307388289726,10.193048971692734,5.096524485846367,5.096524485846367,5.096524485846369,true
1631301,Jaylen Sims,1610612766,0.1108,0.2548032723714255,0.12740163618571276,0.12740163618571276,0.1274016361857128,462,231,0.6465641601136937,0.32328208005684683,0.3232820800568469,-1.4886147765794517,-0.7443073882897259,-0.744307388289726,9.864526687522332,4.932263343761166,4.932263343761166,4.932263343761167,true
1629111,Jock Landale,1610612745,-0.183,0.23398063255325163,0.11699031627662582,0.11699031627662582,0.11699031627662589,2153,1076.5,-1.067881239176949,-0.5339406195884745,-0.5339406195884745,-1.4886147765794517,-0.7443073882897259,-0.744307388289726,9.058393060275884,4.529196530137942,4.529196530137942,4.529196530137945,true
1626153,Delon Wright,1610612749,-0.1948,0.23367917191670057,0.11683958595835028,0.11683958595835028,0.11683958595835028,2571,1285.5,-1.1367391551457358,-0.5683695775728679,-0.568369577572868,-1.4886147765794517,-0.7443073882897259,-0.744307388289726,9.046722227060837,4.523361113530418,4.523361113530418,4.523361113530418,true
1641878,Damion Baugh,1610612766,-0.168,0.2008677440435271,0.10043387202176356,0.10043387202176356,0.10043387202176356,1530,765,-0.9803499900640843,-0.49017499503204215,-0.49017499503204226,-1.4886147765794517,-0.7443073882897259,-0.744307388289726,7.776451233685122,3.888225616842561,3.888225616842561,3.888225616842561,true
1642270,Donovan Clingan,1610612757,-0.2315,0.19394048007621978,0.09697024003810989,0.09697024003810989,0.09697024003810989,5452,2726,-1.3508989446418782,-0.6754494723209391,-0.6754494723209392,-1.4886147765794517,-0.7443073882897259,-0.744307388289726,7.508267157236508,3.754133578618254,3.754133578618254,3.754133578618254,true
1642368,N'Faly Dante,1610612745,0.3283,0.19170062754664563,0.09585031377332281,0.09585031377332281,0.09585031377332283,218,109,1.9157672722502312,0.9578836361251156,0.9578836361251157,-1.4886147765794517,-0.7443073882897259,-0.744307388289726,7.421552866448709,3.7107764332243547,3.7107764332243547,3.710776433224355,true
1630256,Jae'Sean Tate,1610612745,-0.2035,0.1912532599620039,0.09562662998100195,0.09562662998100195,0.09562662998100195,2459,1229.5,-1.1875072796311972,-0.5937536398155986,-0.5937536398155987,-1.4886147765794517,-0.7443073882897259,-0.744307388289726,7.40423334995758,3.70211667497879,3.70211667497879,3.70211667497879,true
1628995,Kevin Knox II,1610612744,0.1017,0.18769421568688188,0.09384710784344094,0.09384710784344094,0.09384710784344094,349,174.5,0.5934618689852225,0.29673093449261123,0.2967309344926113,-1.4886147765794517,-0.7443073882897259,-0.744307388289726,7.2664474930207135,3.6332237465103567,3.6332237465103567,3.6332237465103567,true
1630322,Lindy Waters III,1610612744,-0.2165,0.18641481674535906,0.09320740837267953,0.09320740837267953,0.09320740837267953,3204,1602,-1.2633676955290134,-0.6316838477645067,-0.6316838477645068,-1.4886147765794517,-0.7443073882897259,-0.744307388289726,7.216916476856044,3.608458238428022,3.608458238428022,3.608458238428022,true
1629723,John Konchar,1610612763,-0.2129,0.15844801203187964,0.07922400601593982,0.07922400601593982,0.07922400601593982,2491,1245.5,-1.242360195741926,-0.621180097870963,-0.6211800978709631,-1.4886147765794517,-0.7443073882897259,-0.744307388289726,6.134201608662769,3.0671008043313845,3.0671008043313845,3.0671008043313845,true
203109,Jae Crowder,1610612758,-0.0136,0.15324977554551128,0.07662488777275564,0.07662488777275564,0.07662488777275565,421,210.5,-0.07936166586233064,-0.03968083293116532,-0.03968083293116532,-1.4886147765794517,-0.7443073882897259,-0.744307388289726,5.932955596119079,2.9664777980595396,2.9664777980595396,2.9664777980595405,true
1627814,Damion Lee,1610612756,-0.0901,0.15021783519339887,0.07510891759669944,0.07510891759669944,0.07510891759669944,604,302,-0.5257710363379404,-0.2628855181689702,-0.26288551816897027,-1.4886147765794517,-0.7443073882897259,-0.744307388289726,5.815576191058728,2.907788095529364,2.907788095529364,2.907788095529364,true
1641715,Cam Whitmore,1610612745,-0.2267,0.14580203978919865,0.07290101989459932,0.07290101989459932,0.07290101989459932,3406,1703,-1.3228889449257615,-0.6614444724628807,-0.6614444724628809,-1.4886147765794517,-0.7443073882897259,-0.744307388289726,5.64462182612469,2.822310913062345,2.822310913062345,2.822310913062345,true
1631127,Harrison Ingram,1610612759,0.4013,0.1454408899466106,0.0727204449733053,0.0727204449733053,0.07272044497330532,147,73.5,2.341752684599506,1.170876342299753,1.1708763422997532,-1.4886147765794517,-0.7443073882897259,-0.744307388289726,5.630640167933068,2.815320083966534,2.815320083966534,2.8153200839665344,true
1631119,Jaylin Williams,1610612760,-0.2264,0.14375165526969663,0.07187582763484832,0.07187582763484832,0.07187582763484832,3323,1661.5,-1.321138319943504,-0.660569159971752,-0.6605691599717521,-1.4886147765794517,-0.7443073882897259,-0.744307388289726,5.5652426540125415,2.7826213270062707,2.7826213270062707,2.7826213270062707,true
1628427,Vlatko Čančar,1610612743,-0.0958,0.1344635023272399,0.06723175116361994,0.06723175116361994,0.06723175116361996,560,280,-0.559032911000829,-0.2795164555004145,-0.27951645550041454,-1.4886147765794517,-0.7443073882897259,-0.744307388289726,5.205658447240287,2.6028292236201436,2.6028292236201436,2.602829223620144,true
1627824,Guerschon Yabusele,1610612755,-0.2436,0.13147828837379288,0.06573914418689644,0.06573914418689644,0.06573914418689644,7585,3792.5,-1.4215074855929222,-0.7107537427964611,-0.7107537427964612,-1.4886147765794517,-0.7443073882897259,-0.744307388289726,5.090088021328268,2.545044010664134,2.545044010664134,2.545044010664134,true
1630658,Colin Castleton,1610612763,-0.2064,0.1283865080853251,0.06419325404266255,0.06419325404266255,0.06419325404266255,1749,874.5,-1.2044299877930178,-0.6022149938965089,-0.602214993896509,-1.4886147765794517,-0.7443073882897259,-0.744307388289726,4.970391955874729,2.4851959779373645,2.4851959779373645,2.4851959779373645,true
203078,Bradley Beal,1610612756,-0.2431,0.12697522011531123,0.06348761005765562,0.06348761005765562,0.06348761005765562,7020,3510,-1.41858977728916,-0.70929488864458,-0.7092948886445801,-1.4886147765794517,-0.7443073882897259,-0.744307388289726,4.915754950178478,2.457877475089239,2.457877475089239,2.457877475089239,true
1631245,Quenton Jackson,1610612754,-0.2047,0.12314425834602027,0.06157212917301014,0.06157212917301014,0.06157212917301014,1621,810.5,-1.1945097795602264,-0.5972548897801132,-0.5972548897801133,-1.4886147765794517,-0.7443073882897259,-0.744307388289726,4.767442001681642,2.383721000840821,2.383721000840821,2.383721000840821,true
203957,Danté Exum,1610612742,-0.2035,0.11962078642601137,0.059810393213005686,0.059810393213005686,0.059810393213005686,1538,769,-1.1875072796311972,-0.5937536398155986,-0.5937536398155987,-1.4886147765794517,-0.7443073882897259,-0.744307388289726,4.631033303064155,2.3155166515320773,2.3155166515320773,2.3155166515320773,true
1630222,Mason Jones,1610612758,0.2028,0.11802319578260895,0.059011597891304474,0.059011597891304474,0.059011597891304474,171,85.5,1.1834224880059303,0.5917112440029652,0.5917112440029653,-1.4886147765794517,-0.7443073882897259,-0.744307388289726,4.569183722441004,2.284591861220502,2.284591861220502,2.284591861220502,true
1642352,Keshad Johnson,1610612748,-0.0742,0.11288585434482384,0.05644292717241192,0.05644292717241192,0.056442927172411936,414,207,-0.4329879122783039,-0.21649395613915196,-0.21649395613915198,-1.4886147765794517,-0.7443073882897259,-0.744307388289726,4.370295218206752,2.185147609103376,2.185147609103376,2.1851476091033764,true
1630526,Jeremiah Robinson-Earl,1610612740,-0.2406,0.11207703545695723,0.056038517728478614,0.056038517728478614,0.056038517728478614,5128,2564,-1.4040012357703493,-0.7020006178851746,-0.7020006178851748,-1.4886147765794517,-0.7443073882897259,-0.744307388289726,4.338982372690773,2.1694911863453865,2.1694911863453865,2.1694911863453865,true
1642353,Cam Christie,1610612746,0.049,0.1095506445923411,0.05477532229617055,0.05477532229617055,0.05477532229617055,239,119.5,0.28593541376869125,0.14296770688434562,0.14296770688434565,-1.4886147765794517,-0.7443073882897259,-0.744307388289726,4.241174954932062,2.120587477466031,2.120587477466031,2.120587477466031,true
1641736,Reece Beekman,1610612744,-0.2171,0.1084263471483239,0.05421317357416195,0.05421317357416195,0.05421317357416195,1893,946.5,-1.2668689454935278,-0.6334344727467639,-0.633434472746764,-1.4886147765794517,-0.7443073882897259,-0.744307388289726,4.19764858245654,2.09882429122827,2.09882429122827,2.09882429122827,true
1641752,Bobi Klintman,1610612765,0.1644,0.0916854843490515,0.04584274217452575,0.04584274217452575,0.04584274217452575,145,72.5,0.9593424902769967,0.47967124513849835,0.4796712451384984,-1.4886147765794517,-0.7443073882897259,-0.744307388289726,3.5495380369418505,1.7747690184709253,1.7747690184709253,1.7747690184709253,true
1642384,Isaiah Crawford,1610612758,0.0717,0.09014336246277446,0.04507168123138723,0.04507168123138723,0.045071681231387245,183,91.5,0.4183993707594931,0.20919968537974656,0.2091996853797466,-1.4886147765794517,-0.7443073882897259,-0.744307388289726,3.489835889630269,1.7449179448151344,1.7449179448151344,1.7449179448151348,true
1641706,Brandon Miller,1610612766,-0.2414,0.07826370315820645,0.039131851579103226,0.039131851579103226,0.039131851579103226,3790,1895,-1.4086695690563686,-0.7043347845281843,-0.7043347845281844,-1.4886147765794517,-0.7443073882897259,-0.744307388289726,3.0299233651248496,1.5149616825624248,1.5149616825624248,1.5149616825624248,true
1630201,Malachi Flynn,1610612766,0.095,0.07440666504385372,0.03720333252192686,0.03720333252192686,0.03720333252192686,141,70.5,0.5543645777148096,0.2771822888574048,0.2771822888574048,-1.4886147765794517,-0.7443073882897259,-0.744307388289726,2.8806008895549087,1.4403004447774543,1.4403004447774543,1.4403004447774543,true
1642280,Trentyn Flowers,1610612746,0.1679,0.07332276332513434,0.03666138166256717,0.03666138166256717,0.036661381662567175,115,57.5,0.9797664484033318,0.4898832242016659,0.48988322420166597,-1.4886147765794517,-0.7443073882897259,-0.744307388289726,2.838638408730201,1.4193192043651004,1.4193192043651004,1.4193192043651006,true
1631159,Leonard Miller,1610612750,0.1148,0.07303923959645807,0.036519619798229035,0.036519619798229035,0.036519619798229035,131,65.5,0.6699058265437909,0.33495291327189547,0.3349529132718955,-1.4886147765794517,-0.7443073882897259,-0.744307388289726,2.827661990091448,1.413830995045724,1.413830995045724,1.4138309950457242,true
1641798,Jaylen Martin,1610612751,-0.211,0.06640559828915175,0.03320279914457588,0.03320279914457588,0.03320279914457588,999,499.5,-1.2312729041876296,-0.6156364520938148,-0.6156364520938149,-1.4886147765794517,-0.7443073882897259,-0.744307388289726,2.5708453051943034,1.2854226525971517,1.2854226525971517,1.2854226525971517,true
1641936,Miles Norris,1610612738,0.0697,0.0636443695886622,0.0318221847943311,0.0318221847943311,0.0318221847943311,130,65,0.4067285375444445,0.20336426877222225,0.20336426877222227,-1.4886147765794517,-0.7443073882897259,-0.744307388289726,2.463946308361065,1.2319731541805325,1.2319731541805325,1.2319731541805325,true
1642050,Jackson Rowe,1610612744,-0.0959,0.05471148800638085,0.027355744003190425,0.027355744003190425,0.027355744003190425,228,114,-0.5596164526615814,-0.2798082263307907,-0.2798082263307908,-1.4886147765794517,-0.7443073882897259,-0.744307388289726,2.1181161785327443,1.0590580892663721,1.0590580892663721,1.0590580892663721,true
1631232,Keion Brooks Jr.,1610612740,-0.2293,0.05428823727266309,0.027144118636331545,0.027144118636331545,0.027144118636331545,1396,698,-1.3380610281053247,-0.6690305140526623,-0.6690305140526625,-1.4886147765794517,-0.7443073882897259,-0.744307388289726,2.101730328698814,1.050865164349407,1.050865164349407,1.050865164349407,true
1641755,Kevin McCullar Jr.,1610612752,0.0038,0.04838985845790488,0.02419492922895244,0.02419492922895244,0.02419492922895244,124,62,0.022174583108592383,0.011087291554296191,0.011087291554296193,-1.4886147765794517,-0.7443073882897259,-0.744307388289726,1.8733788060131746,0.9366894030065873,0.9366894030065873,0.9366894030065874,true
1642443,Jahmir Young,1610612741,-0.035,0.043128465968179035,0.021564232984089517,0.021564232984089517,0.021564232984089517,130,65,-0.2042395812633509,-0.10211979063167545,-0.10211979063167548,-1.4886147765794517,-0.7443073882897259,-0.744307388289726,1.6696877539109312,0.8348438769554656,0.8348438769554656,0.8348438769554656,true
1631386,Tazé Moore,1610612757,0.0634,0.042726769669974726,0.021363384834987363,0.021363384834987363,0.021363384834987367,89,44.5,0.3699654129170413,0.18498270645852066,0.1849827064585207,-1.4886147765794517,-0.7443073882897259,-0.744307388289726,1.6541363686518786,0.8270681843259393,0.8270681843259393,0.8270681843259395,true
1628408,PJ Dozier,1610612750,-0.0751,0.04042587136149867,0.020212935680749337,0.020212935680749337,0.02021293568074934,149,74.5,-0.4382397872250758,-0.2191198936125379,-0.21911989361253792,-1.4886147765794517,-0.7443073882897259,-0.744307388289726,1.5650587341380202,0.7825293670690101,0.7825293670690101,0.7825293670690102,true
1630618,D.J. Carton,1610612761,-0.081,0.03962564410177386,0.01981282205088693,0.01981282205088693,0.01981282205088693,151,75.5,-0.4726687452094692,-0.2363343726047346,-0.23633437260473464,-1.4886147765794517,-0.7443073882897259,-0.744307388289726,1.5340785073686738,0.7670392536843369,0.7670392536843369,0.7670392536843369,true
1641707,Taylor Hendricks,1610612762,-0.1746,0.039070805800201606,0.019535402900100803,0.019535402900100803,0.019535402900100803,322,161,-1.0188637396737448,-0.5094318698368724,-0.5094318698368725,-1.4886147765794517,-0.7443073882897259,-0.744307388289726,1.5125983388363764,0.7562991694181882,0.7562991694181882,0.7562991694181882,true
1630600,Isaiah Mobley,1610612755,0.0298,0.033066162111059096,0.016533081055529548,0.016533081055529548,0.01653308105552955,77,38.5,0.17389541490422447,0.08694770745211224,0.08694770745211225,-1.4886147765794517,-0.7443073882897259,-0.744307388289726,1.2801328474424307,0.6400664237212154,0.6400664237212154,0.6400664237212155,true
201567,Kevin Love,1610612748,-0.2356,0.03121474161168064,0.01560737080584032,0.01560737080584032,0.01560737080584032,1062,531,-1.3748241527327278,-0.6874120763663639,-0.687412076366364,-1.4886147765794517,-0.7443073882897259,-0.744307388289726,1.2084564252522076,0.6042282126261038,0.6042282126261038,0.6042282126261038,true
1630191,Isaiah Stewart,1610612765,-0.2517,0.031087223762419756,0.015543611881209878,0.015543611881209878,0.015543611881209878,6066,3033,-1.468774360113869,-0.7343871800569345,-0.7343871800569346,-1.4886147765794517,-0.7443073882897259,-0.744307388289726,1.2035196628022506,0.6017598314011253,0.6017598314011253,0.6017598314011253,true
1641801,Emanuel Miller,1610612741,-0.0497,0.027864006636415528,0.013932003318207764,0.013932003318207764,0.013932003318207764,90,45,-0.2900202053939583,-0.14501010269697914,-0.14501010269697917,-1.4886147765794517,-0.7443073882897259,-0.744307388289726,1.0787351140669441,0.5393675570334721,0.5393675570334721,0.5393675570334721,true
1642449,Tolu Smith,1610612765,-0.0196,0.025912802666338716,0.012956401333169358,0.012956401333169358,0.012956401333169361,73,36.5,-0.11437416550747649,-0.057187082753738246,-0.05718708275373826,-1.4886147765794517,-0.7443073882897259,-0.744307388289726,1.0031956460825417,0.5015978230412709,0.5015978230412709,0.501597823041271,true
1641789,Jazian Gortman,1610612742,-0.186,0.024892961332886446,0.012446480666443223,0.012446480666443223,0.012446480666443223,239,119.5,-1.0853874889995219,-0.5426937444997609,-0.542693744499761,-1.4886147765794517,-0.7443073882897259,-0.744307388289726,0.9637132173160324,0.4818566086580162,0.4818566086580162,0.4818566086580162,true
1641766,Adama Sanogo,1610612741,-0.0835,0.022761483902152095,0.011380741951076048,0.011380741951076048,0.011380741951076048,88,44,-0.48725728672828,-0.24362864336414,-0.24362864336414006,-1.4886147765794517,-0.7443073882897259,-0.744307388289726,0.8811945910690311,0.44059729553451554,0.44059729553451554,0.4405972955345156,true
1631121,Bryce McGowens,1610612757,-0.1469,0.02054936575114033,0.010274682875570165,0.010274682875570165,0.010274682875570167,126,63,-0.8572226996453214,-0.4286113498226607,-0.42861134982266075,-1.4886147765794517,-0.7443073882897259,-0.744307388289726,0.7955540169370042,0.3977770084685021,0.3977770084685021,0.39777700846850217,true
1641879,Yuri Collins,1610612744,-0.0746,0.019044775714113935,0.009522387857056967,0.009522387857056967,0.00952238785705697,70,35,-0.43532207892131364,-0.21766103946065682,-0.21766103946065685,-1.4886147765794517,-0.7443073882897259,-0.744307388289726,0.7373048883606966,0.3686524441803483,0.3686524441803483,0.3686524441803484,true
1630592,Jalen Wilson,1610612751,-0.2537,0.01701685001203519,0.008508425006017594,0.008508425006017594,0.008508425006017594,8064,4032,-1.4804451933289176,-0.7402225966644588,-0.7402225966644589,-1.4886147765794517,-0.7443073882897259,-0.744307388289726,0.6587951933230767,0.32939759666153834,0.32939759666153834,0.32939759666153834,true
1642285,Cam Spencer,1610612763,-0.2459,0.015461916048704425,0.0077309580243522125,0.0077309580243522125,0.0077309580243522125,1115,557.5,-1.4349289437902282,-0.7174644718951141,-0.7174644718951142,-1.4886147765794517,-0.7443073882897259,-0.744307388289726,0.5985970355998428,0.2992985177999214,0.2992985177999214,0.2992985177999214,true
1641803,Tristen Newton,1610612754,-0.152,0.011655221860655797,0.0058276109303278985,0.0058276109303278985,0.005827610930327899,75,37.5,-0.8869833243436953,-0.44349166217184766,-0.4434916621718477,-1.4886147765794517,-0.7443073882897259,-0.744307388289726,0.4512235891768173,0.22561179458840866,0.22561179458840866,0.2256117945884087,true
1631250,Pete Nance,1610612755,-0.2409,0.011579404510563208,0.005789702255281604,0.005789702255281604,0.005789702255281604,541,270.5,-1.4057518607526065,-0.7028759303763032,-0.7028759303763034,-1.4886147765794517,-0.7443073882897259,-0.744307388289726,0.4482883746232328,0.2241441873116164,0.2241441873116164,0.2241441873116164,true
1631199,Ron Harper Jr.,1610612765,-0.1072,0.011146507036475866,0.005573253518237933,0.005573253518237933,0.005573253518237933,50,25,-0.6255566603266062,-0.3127783301633031,-0.31277833016330314,-1.4886147765794517,-0.7443073882897259,-0.744307388289726,0.43152905812642284,0.21576452906321142,0.21576452906321142,0.21576452906321142,true
1630296,Braxton Key,1610612744,-0.249,0.0005148947672292288,0.0002574473836146144,0.0002574473836146144,0.0002574473836146144,56,28,-1.4530187352735535,-0.7265093676367768,-0.7265093676367769,-1.4886147765794517,-0.7443073882897259,-0.744307388289726,0.019933783131303003,0.009966891565651502,0.009966891565651502,0.009966891565651502,true
1641739,Toumani Camara,1610612757,-0.2551,0,0,0,0,10513,5256.5,-1.4886147765794517,-0.7443073882897259,-0.744307388289726,-1.4886147765794517,-0.7443073882897259,-0.744307388289726,0,0,0,0,true
200782,P.J. Tucker,1610612752,-0.2551,0,0,0,0,225,112.5,-1.4886147765794517,-0.7443073882897259,-0.744307388289726,-1.4886147765794517,-0.7443073882897259,-0.744307388289726,0,0,0,0,true
1642450,Daniss Jenkins,1610612765,-0.2757,-0.0021735311895332266,-0.0010867655947666133,-0.0010867655947666133,-0.0010867655947666133,70,35,-1.6088243586944526,-0.8044121793472263,-0.8044121793472264,-1.4886147765794517,-0.7443073882897259,-0.744307388289726,-0.08414670748050063,-0.04207335374025031,-0.04207335374025031,-0.04207335374025031,true
1630227,Daishen Nix,1610612750,-0.281,-0.0022252316887017383,-0.0011126158443508691,-0.0011126158443508691,-0.0011126158443508691,57,28.5,-1.6397520667143317,-0.8198760333571659,-0.819876033357166,-1.4886147765794517,-0.7443073882897259,-0.744307388289726,-0.08614825537688159,-0.043074127688440794,-0.043074127688440794,-0.043074127688440794,true
1641790,PJ Hall,1610612743,-0.2625,-0.002821973018754581,-0.0014109865093772905,-0.0014109865093772905,-0.0014109865093772905,253,126.5,-1.5317968594751317,-0.7658984297375658,-0.7658984297375659,-1.4886147765794517,-0.7443073882897259,-0.744307388289726,-0.10925066972607021,-0.054625334863035106,-0.054625334863035106,-0.054625334863035106,true
1642502,Malevy Leons,1610612760,-0.3567,-0.012557644276171434,-0.006278822138085717,-0.006278822138085717,-0.00627882213808572,82,41,-2.081493103903922,-1.040746551951961,-1.0407465519519612,-1.4886147765794517,-0.7443073882897259,-0.744307388289726,-0.48616022840606554,-0.24308011420303277,-0.24308011420303277,-0.24308011420303288,true
1641817,Anton Watson,1610612752,-0.3652,-0.015931591720451027,-0.007965795860225514,-0.007965795860225514,-0.007965795860225517,96,48,-2.1310941450678786,-1.0655470725339393,-1.0655470725339395,-1.4886147765794517,-0.7443073882897259,-0.744307388289726,-0.6167801937488898,-0.3083900968744449,-0.3083900968744449,-0.308390096874445,true
1631123,Jamaree Bouyea,1610612749,-0.3447,-0.026875818669801117,-0.013437909334900558,-0.013437909334900558,-0.013437909334900563,199,99.5,-2.01146810461363,-1.005734052306815,-1.0057340523068152,-1.4886147765794517,-0.7443073882897259,-0.744307388289726,-1.0404781227880147,-0.5202390613940073,-0.5202390613940073,-0.5202390613940076,true
1629098,Jack McVeigh,1610612745,-0.3508,-0.027407293772040653,-0.013703646886020326,-0.013703646886020326,-0.013703646886020332,190,95,-2.0470641459195282,-1.0235320729597641,-1.0235320729597643,-1.4886147765794517,-0.7443073882897259,-0.744307388289726,-1.0610538017461453,-0.5305269008730726,-0.5305269008730726,-0.5305269008730729,true
1641779,Jalen Bridges,1610612756,-0.4171,-0.028569424525945037,-0.014284712262972519,-0.014284712262972519,-0.014284712262972524,117,58.5,-2.43395226699839,-1.216976133499195,-1.2169761334991953,-1.4886147765794517,-0.7443073882897259,-0.744307388289726,-1.1060448637901579,-0.5530224318950789,-0.5530224318950789,-0.5530224318950792,true
1630561,David Duke Jr.,1610612759,-0.397,-0.030157971350250928,-0.015078985675125464,-0.015078985675125464,-0.015078985675125457,141,70.5,-2.316660393187152,-1.158330196593576,-1.158330196593576,-1.4886147765794517,-0.7443073882897259,-0.744307388289726,-1.1675443194168573,-0.5837721597084287,-0.5837721597084287,-0.5837721597084284,true
1631170,Jaime Jaquez Jr.,1610612748,-0.2603,-0.04224669360626712,-0.02112334680313356,-0.02112334680313356,-0.02112334680313356,5390,2695,-1.5189589429385781,-0.7594794714692891,-0.7594794714692892,-1.4886147765794517,-0.7443073882897259,-0.744307388289726,-1.635550566756913,-0.8177752833784565,-0.8177752833784565,-0.8177752833784565,true
1641753,Chris Livingston,1610612749,-0.3288,-0.04532400378418048,-0.02266200189209024,-0.02266200189209024,-0.02266200189209024,408,204,-1.9186849805539934,-0.9593424902769967,-0.9593424902769968,-1.4886147765794517,-0.7443073882897259,-0.744307388289726,-1.75468643221613,-0.877343216108065,-0.877343216108065,-0.877343216108065,true
1642279,Ulrich Chomche,1610612761,-0.5426,-0.05330200880018632,-0.02665100440009316,-0.02665100440009316,-0.02665100440009316,123,61.5,-3.166297051242691,-1.5831485256213456,-1.5831485256213458,-1.4886147765794517,-0.7443073882897259,-0.744307388289726,-2.0635491978357847,-1.0317745989178924,-1.0317745989178924,-1.0317745989178924,true
1630699,MarJon Beauchamp,1610612749,-0.3213,-0.0649590394246614,-0.0324795197123307,-0.0324795197123307,-0.032479519712330714,651,325.5,-1.874919355997561,-0.9374596779987805,-0.9374596779987807,-1.4886147765794517,-0.7443073882897259,-0.744307388289726,-2.5148428120118913,-1.2574214060059457,-1.2574214060059457,-1.2574214060059463,true
1630649,Stanley Umude,1610612749,-0.377,-0.06504405132416881,-0.032522025662084404,-0.032522025662084404,-0.03252202566208442,354,177,-2.199952061036665,-1.0999760305183326,-1.0999760305183328,-1.4886147765794517,-0.7443073882897259,-0.744307388289726,-2.5181339869785355,-1.2590669934892678,-1.2590669934892678,-1.2590669934892682,true
1641772,Nae'Qwan Tomlin,1610612739,-0.4174,-0.06531762685183894,-0.03265881342591947,-0.03265881342591947,-0.032658813425919475,267,133.5,-2.4357028919806476,-1.2178514459903238,-1.217851445990324,-1.4886147765794517,-0.7443073882897259,-0.744307388289726,-2.528725268121193,-1.2643626340605965,-1.2643626340605965,-1.264362634060597,true
1630585,Marcus Garrett,1610612766,-0.4033,-0.06947190515383095,-0.034735952576915474,-0.034735952576915474,-0.03473595257691548,311,155.5,-2.3534235178145546,-1.1767117589072773,-1.1767117589072775,-1.4886147765794517,-0.7443073882897259,-0.744307388289726,-2.68955518524117,-1.344777592620585,-1.344777592620585,-1.3447775926205852,true
201949,James Johnson,1610612754,-0.627,-0.07960037962067389,-0.03980018981033694,-0.03980018981033694,-0.03980018981033694,142,71,-3.658806212917743,-1.8294031064588716,-1.8294031064588718,-1.4886147765794517,-0.7443073882897259,-0.744307388289726,-3.0816718396003746,-1.5408359198001873,-1.5408359198001873,-1.5408359198001873,true
1628976,Wendell Carter Jr.,1610612753,-0.2626,-0.0804899899591362,-0.0402449949795681,-0.0402449949795681,-0.0402449949795681,7120,3560,-1.5323804011358841,-0.7661902005679421,-0.7661902005679422,-1.4886147765794517,-0.7443073882897259,-0.744307388289726,-3.1161124684179873,-1.5580562342089936,-1.5580562342089936,-1.5580562342089936,true
1630762,Phillip Wheeler,1610612755,-0.5693,-0.08145828152373813,-0.040729140761869065,-0.040729140761869065,-0.040729140761869065,172,86,-3.3221026746635904,-1.6610513373317952,-1.6610513373317954,-1.4886147765794517,-0.7443073882897259,-0.744307388289726,-3.153599184704719,-1.5767995923523594,-1.5767995923523594,-1.5767995923523594,true
1642358,AJ Johnson,1610612749,-0.2786,-0.09237959746471046,-0.04618979873235523,-0.04618979873235523,-0.04618979873235523,2608,1304,-1.6257470668562732,-0.8128735334281366,-0.8128735334281367,-1.4886147765794517,-0.7443073882897259,-0.744307388289726,-3.576410130419505,-1.7882050652097525,-1.7882050652097525,-1.7882050652097525,true
1629628,RJ Barrett,1610612761,-0.2632,-0.09436456502608107,-0.04718228251304053,-0.04718228251304053,-0.04718228251304053,7729,3864.5,-1.5358816511003988,-0.7679408255501994,-0.7679408255501995,-1.4886147765794517,-0.7443073882897259,-0.744307388289726,-3.6532567317239955,-1.8266283658619977,-1.8266283658619977,-1.8266283658619977,true
1641857,Liam Robbins,1610612749,-0.5568,-0.10595753526528882,-0.05297876763264441,-0.05297876763264441,-0.052978767632644426,233,116.5,-3.249159967069536,-1.624579983534768,-1.6245799835347683,-1.4886147765794517,-0.7443073882897259,-0.744307388289726,-4.102070293841896,-2.051035146920948,-2.051035146920948,-2.0510351469209485,true
1630200,Tre Jones,1610612759,-0.275,-0.10987290601281438,-0.05493645300640719,-0.05493645300640719,-0.05493645300640719,3663,1831.5,-1.6047395670691857,-0.8023697835345929,-0.802369783534593,-1.4886147765794517,-0.7443073882897259,-0.744307388289726,-4.253651075638957,-2.1268255378194785,-2.1268255378194785,-2.1268255378194785,true
202709,Cory Joseph,1610612753,-0.2867,-0.11740987411754582,-0.05870493705877291,-0.05870493705877291,-0.05870493705877291,2465,1232.5,-1.67301394137722,-0.83650697068861,-0.8365069706886101,-1.4886147765794517,-0.7443073882897259,-0.744307388289726,-4.545439412264988,-2.272719706132494,-2.272719706132494,-2.272719706132494,true
203083,Andre Drummond,1610612755,-0.2815,-0.12136805227546124,-0.06068402613773062,-0.06068402613773062,-0.06068402613773062,3050,1525,-1.6426697750180934,-0.8213348875090467,-0.8213348875090468,-1.4886147765794517,-0.7443073882897259,-0.744307388289726,-4.698677452378571,-2.3493387261892855,-2.3493387261892855,-2.3493387261892855,true
1641757,Jordan Miller,1610612746,-0.304,-0.12434392094917528,-0.06217196047458764,-0.06217196047458764,-0.06217196047458764,1687,843.5,-1.7739666486873906,-0.8869833243436953,-0.8869833243436954,-1.4886147765794517,-0.7443073882897259,-0.744307388289726,-4.813886082460929,-2.4069430412304644,-2.4069430412304644,-2.4069430412304644,true
1631166,Drew Timme,1610612751,-0.335,-0.12645520051726072,-0.06322760025863036,-0.06322760025863036,-0.06322760025863038,1050,525,-1.9548645635206443,-0.9774322817603222,-0.9774322817603224,-1.4886147765794517,-0.7443073882897259,-0.744307388289726,-4.895622762882522,-2.447811381441261,-2.447811381441261,-2.447811381441262,true
1631102,TyTy Washington Jr.,1610612756,-0.4657,-0.1447517509314549,-0.07237587546572745,-0.07237587546572745,-0.07237587546572746,456,228,-2.717553514124072,-1.358776757062036,-1.3587767570620362,-1.4886147765794517,-0.7443073882897259,-0.744307388289726,-5.603960643203468,-2.801980321601734,-2.801980321601734,-2.8019803216017345,true
1630542,Marcus Bagley,1610612755,-0.351,-0.1540906999911705,-0.07704534999558525,-0.07704534999558525,-0.07704534999558528,1066,533,-2.048231229241033,-1.0241156146205166,-1.0241156146205168,-1.4886147765794517,-0.7443073882897259,-0.744307388289726,-5.965511385372459,-2.9827556926862293,-2.9827556926862293,-2.98275569268623,true
1631210,Jacob Toppin,1610612752,-0.6087,-0.15776279200499915,-0.07888139600249958,-0.07888139600249958,-0.07888139600249958,296,148,-3.5520180890000486,-1.7760090445000243,-1.7760090445000245,-1.4886147765794517,-0.7443073882897259,-0.744307388289726,-6.107673804764968,-3.053836902382484,-3.053836902382484,-3.053836902382484,true
202704,Reggie Jackson,1610612755,-0.3235,-0.16124767696352954,-0.08062383848176477,-0.08062383848176477,-0.08062383848176477,1564,782,-1.8877572725341147,-0.9438786362670574,-0.9438786362670575,-1.4886147765794517,-0.7443073882897259,-0.744307388289726,-6.24258863673093,-3.121294318365465,-3.121294318365465,-3.121294318365465,true
1631216,Caleb Houstan,1610612753,-0.2913,-0.16969520692096363,-0.08484760346048181,-0.08484760346048181,-0.08484760346048181,3110,1555,-1.6998568577718318,-0.8499284288859159,-0.849928428885916,-1.4886147765794517,-0.7443073882897259,-0.744307388289726,-6.569628725083021,-3.2848143625415105,-3.2848143625415105,-3.2848143625415105,true
1631169,Josh Minott,1610612750,-0.3506,-0.1700019431186544,-0.0850009715593272,-0.0850009715593272,-0.08500097155932723,1181,590.5,-2.0458970625980237,-1.0229485312990119,-1.022948531299012,-1.4886147765794517,-0.7443073882897259,-0.744307388289726,-6.581503797879335,-3.2907518989396674,-3.2907518989396674,-3.2907518989396687,true
1630243,Trevelin Queen,1610612753,-0.3317,-0.1998602625961735,-0.09993013129808676,-0.09993013129808676,-0.09993013129808676,1731,865.5,-1.935607688715814,-0.967803844357907,-0.9678038443579071,-1.4886147765794517,-0.7443073882897259,-0.744307388289726,-7.737447309080432,-3.868723654540216,-3.868723654540216,-3.868723654540216,true
1642505,Alex Ducas,1610612760,-0.5175,-0.2021088574842079,-0.10105442874210395,-0.10105442874210395,-0.10105442874210396,511,255.5,-3.019828094393831,-1.5099140471969155,-1.5099140471969157,-1.4886147765794517,-0.7443073882897259,-0.744307388289726,-7.8245000540314775,-3.9122500270157388,-3.9122500270157388,-3.912250027015739,true
1631306,Cole Swider,1610612765,-0.4394,-0.2025132669281412,-0.1012566334640706,-0.1012566334640706,-0.10125663346407063,729,364.5,-2.5640820573461824,-1.2820410286730912,-1.2820410286730914,-1.4886147765794517,-0.7443073882897259,-0.744307388289726,-7.840156476789467,-3.9200782383947335,-3.9200782383947335,-3.9200782383947343,true
1629610,DaQuan Jeffries,1610612766,-0.2867,-0.20552681818142404,-0.10276340909071202,-0.10276340909071202,-0.10276340909071202,4315,2157.5,-1.67301394137722,-0.83650697068861,-0.8365069706886101,-1.4886147765794517,-0.7443073882897259,-0.744307388289726,-7.956823961023702,-3.978411980511851,-3.978411980511851,-3.978411980511851,true
1629234,Drew Eubanks,1610612762,-0.3004,-0.20975872259732797,-0.10487936129866399,-0.10487936129866399,-0.10487936129866399,3072,1536,-1.7529591489003031,-0.8764795744501516,-0.8764795744501517,-1.4886147765794517,-0.7443073882897259,-0.744307388289726,-8.120659117696555,-4.060329558848277,-4.060329558848277,-4.060329558848277,true
201988,Patty Mills,1610612762,-0.3585,-0.21695036754289027,-0.10847518377144513,-0.10847518377144513,-0.10847518377144517,1392,696,-2.0919968537974656,-1.0459984268987328,-1.045998426898733,-1.4886147765794517,-0.7443073882897259,-0.744307388289726,-8.399078514874752,-4.199539257437376,-4.199539257437376,-4.199539257437378,true
203500,Steven Adams,1610612745,-0.3014,-0.2261135650514967,-0.11305678252574836,-0.11305678252574836,-0.11305678252574836,3240,1620,-1.7587945655078274,-0.8793972827539137,-0.8793972827539138,-1.4886147765794517,-0.7443073882897259,-0.744307388289726,-8.753825161279373,-4.3769125806396865,-4.3769125806396865,-4.3769125806396865,true
1642422,Armel Traoré,1610612747,-0.8142,-0.23175163260659307,-0.11587581630329653,-0.11587581630329653,-0.11587581630329656,275,137.5,-4.7511962018462945,-2.3755981009231473,-2.3755981009231477,-1.4886147765794517,-0.7443073882897259,-0.744307388289726,-8.972098919483818,-4.486049459741909,-4.486049459741909,-4.48604945974191,true
1629020,Jarred Vanderbilt,1610612747,-0.3226,-0.23960468218874842,-0.11980234109437421,-0.11980234109437421,-0.11980234109437428,2355,1177.5,-1.8825053975873427,-0.9412526987936713,-0.9412526987936716,-1.4886147765794517,-0.7443073882897259,-0.744307388289726,-9.276124124735832,-4.638062062367916,-4.638062062367916,-4.6380620623679185,true
1641712,Rayan Rupert,1610612757,-0.336,-0.24119895676514883,-0.12059947838257441,-0.12059947838257441,-0.12059947838257447,1978,989,-1.9606999801281686,-0.9803499900640843,-0.9803499900640845,-1.4886147765794517,-0.7443073882897259,-0.744307388289726,-9.33784532619362,-4.66892266309681,-4.66892266309681,-4.6689226630968115,true
1631097,Bennedict Mathurin,1610612754,-0.2738,-0.24832367744939668,-0.12416183872469834,-0.12416183872469834,-0.12416183872469834,8810,4405,-1.5977370671401563,-0.7988685335700781,-0.7988685335700783,-1.4886147765794517,-0.7443073882897259,-0.744307388289726,-9.613673798398072,-4.806836899199036,-4.806836899199036,-4.806836899199036,true
1630346,Matt Ryan,1610612752,-0.9157,-0.2807943040729493,-0.14039715203647465,-0.14039715203647465,-0.14039715203647465,282,141,-5.343490987510012,-2.671745493755006,-2.6717454937550063,-1.4886147765794517,-0.7443073882897259,-0.744307388289726,-10.87075091482418,-5.43537545741209,-5.43537545741209,-5.43537545741209,true
1630623,Tyson Etienne,1610612751,-0.5492,-0.284597230003041,-0.1422986150015205,-0.1422986150015205,-0.14229861500152052,642,321,-3.2048108008523517,-1.6024054004261759,-1.602405400426176,-1.4886147765794517,-0.7443073882897259,-0.744307388289726,-11.017978475832017,-5.508989237916008,-5.508989237916008,-5.508989237916009,true
1631212,Peyton Watson,1610612743,-0.282,-0.2862579766498006,-0.1431289883249003,-0.1431289883249003,-0.1431289883249003,7060,3530,-1.6455874833218556,-0.8227937416609278,-0.8227937416609279,-1.4886147765794517,-0.7443073882897259,-0.744307388289726,-11.08227309601371,-5.541136548006855,-5.541136548006855,-5.541136548006855,true
1629052,Oshae Brissett,1610612755,-0.5978,-0.28875301560821587,-0.14437650780410793,-0.14437650780410793,-0.14437650780410793,559,279.5,-3.4884120479780334,-1.7442060239890167,-1.744206023989017,-1.4886147765794517,-0.7443073882897259,-0.744307388289726,-11.178866747118072,-5.589433373559036,-5.589433373559036,-5.589433373559036,true
1631222,Jake LaRavia,1610612763,-0.2898,-0.29750185547188285,-0.14875092773594142,-0.14875092773594142,-0.14875092773594142,5688,2844,-1.6911037328605454,-0.8455518664302727,-0.8455518664302728,-1.4886147765794517,-0.7443073882897259,-0.744307388289726,-11.517571833268608,-5.758785916634304,-5.758785916634304,-5.758785916634304,true
1642359,Pacôme Dadiet,1610612752,-0.6988,-0.30028689956265986,-0.15014344978132993,-0.15014344978132993,-0.1501434497813299,449,224.5,-4.077789125337989,-2.0388945626689945,-2.0388945626689945,-1.4886147765794517,-0.7443073882897259,-0.744307388289726,-11.625392825925832,-5.812696412962916,-5.812696412962916,-5.812696412962915,true
201569,Eric Gordon,1610612755,-0.3215,-0.31336592000974645,-0.15668296000487322,-0.15668296000487322,-0.15668296000487322,3131,1565.5,-1.8760864393190662,-0.9380432196595331,-0.9380432196595332,-1.4886147765794517,-0.7443073882897259,-0.744307388289726,-12.131737760377327,-6.065868880188663,-6.065868880188663,-6.065868880188663,true
1630811,Keaton Wallace,1610612737,-0.3654,-0.3511317027143183,-0.17556585135715916,-0.17556585135715916,-0.1755658513571592,2112,1056,-2.132261228389383,-1.0661306141946916,-1.0661306141946918,-1.4886147765794517,-0.7443073882897259,-0.744307388289726,-13.593813062225752,-6.796906531112876,-6.796906531112876,-6.796906531112878,true
1629669,Jaylen Nowell,1610612740,-0.6151,-0.3586778653684647,-0.17933893268423234,-0.17933893268423234,-0.17933893268423243,661,330.5,-3.5893647552882038,-1.7946823776441019,-1.794682377644102,-1.4886147765794517,-0.7443073882897259,-0.744307388289726,-13.885957359264848,-6.942978679632424,-6.942978679632424,-6.942978679632427,true
1641732,Colby Jones,1610612758,-0.3735,-0.3653172344278657,-0.18265861721393284,-0.18265861721393284,-0.18265861721393278,2047,1023.5,-2.1795281029103304,-1.0897640514551652,-1.0897640514551652,-1.4886147765794517,-0.7443073882897259,-0.744307388289726,-14.142995789993085,-7.071497894996543,-7.071497894996543,-7.071497894996541,true
204060,Joe Ingles,1610612750,-0.7777,-0.36865138906812045,-0.18432569453406022,-0.18432569453406022,-0.1843256945340602,468,234,-4.538203495671657,-2.2691017478358284,-2.2691017478358284,-1.4886147765794517,-0.7443073882897259,-0.744307388289726,-14.27207520535152,-7.13603760267576,-7.13603760267576,-7.136037602675759,true
1642278,Tyler Kolek,1610612752,-0.4701,-0.38143060691215697,-0.19071530345607848,-0.19071530345607848,-0.1907153034560785,1177,588.5,-2.743229347197179,-1.3716146735985895,-1.3716146735985897,-1.4886147765794517,-0.7443073882897259,-0.744307388289726,-14.766813496170649,-7.383406748085324,-7.383406748085324,-7.383406748085325,true
202066,Garrett Temple,1610612761,-0.5281,-0.3884501178342486,-0.1942250589171243,-0.1942250589171243,-0.19422505891712433,944,472,-3.0816835104335887,-1.5408417552167943,-1.5408417552167946,-1.4886147765794517,-0.7443073882897259,-0.744307388289726,-15.038568847583054,-7.519284423791527,-7.519284423791527,-7.519284423791528,true
1641723,Kobe Bufkin,1610612737,-0.7691,-0.4106195330462144,-0.2053097665231072,-0.2053097665231072,-0.20530976652310723,530,265,-4.488018912846948,-2.244009456423474,-2.2440094564234743,-1.4886147765794517,-0.7443073882897259,-0.744307388289726,-15.89684192221773,-7.948420961108865,-7.948420961108865,-7.948420961108866,true
203924,Jerami Grant,1610612757,-0.3004,-0.42620896694418003,-0.21310448347209002,-0.21310448347209002,-0.21310448347209002,6242,3121,-1.7529591489003031,-0.8764795744501516,-0.8764795744501517,-1.4886147765794517,-0.7443073882897259,-0.744307388289726,-16.50037572026754,-8.25018786013377,-8.25018786013377,-8.25018786013377,true
1630550,JT Thor,1610612739,-0.5414,-0.4302462785191901,-0.21512313925959506,-0.21512313925959506,-0.21512313925959506,997,498.5,-3.159294551313662,-1.579647275656831,-1.5796472756568312,-1.4886147765794517,-0.7443073882897259,-0.744307388289726,-16.656677354100076,-8.328338677050038,-8.328338677050038,-8.328338677050038,true
203468,CJ McCollum,1610612740,-0.2924,-0.43038253872691135,-0.21519126936345567,-0.21519126936345567,-0.21519126936345567,7655,3827.5,-1.7062758160401086,-0.8531379080200543,-0.8531379080200544,-1.4886147765794517,-0.7443073882897259,-0.744307388289726,-16.661952570713282,-8.330976285356641,-8.330976285356641,-8.330976285356641,true
200768,Kyle Lowry,1610612755,-0.363,-0.4379841701381832,-0.2189920850690916,-0.2189920850690916,-0.2189920850690915,2693,1346.5,-2.118256228531325,-1.0591281142656626,-1.0591281142656626,-1.4886147765794517,-0.7443073882897259,-0.744307388289726,-16.95624430106395,-8.478122150531975,-8.478122150531975,-8.478122150531972,true
1630528,Josh Christopher,1610612748,-1.2497,-0.4512482874161119,-0.22562414370805595,-0.22562414370805595,-0.22562414370805595,301,150.5,-7.292520134423132,-3.646260067211566,-3.6462600672115664,-1.4886147765794517,-0.7443073882897259,-0.744307388289726,-17.469755127109476,-8.734877563554738,-8.734877563554738,-8.734877563554738,true
1642346,Ryan Dunn,1610612756,-0.3091,-0.4602851729180034,-0.2301425864590017,-0.2301425864590017,-0.2301425864590017,5655,2827.5,-1.8037272733857646,-0.9018636366928823,-0.9018636366928824,-1.4886147765794517,-0.7443073882897259,-0.744307388289726,-17.81961169439699,-8.909805847198495,-8.909805847198495,-8.909805847198495,true
1641734,Emoni Bates,1610612739,-1.2994,-0.47537116755292874,-0.23768558377646437,-0.23768558377646437,-0.23768558377646443,302,151,-7.582540339817091,-3.7912701699085454,-3.791270169908546,-1.4886147765794517,-0.7443073882897259,-0.744307388289726,-18.40365520097767,-9.201827600488835,-9.201827600488835,-9.201827600488837,true
1631099,Keegan Murray,1610612758,-0.2847,-0.47538533620284684,-0.23769266810142342,-0.23769266810142342,-0.23769266810142342,10655,5327.5,-1.6613431081621715,-0.8306715540810857,-0.8306715540810858,-1.4886147765794517,-0.7443073882897259,-0.744307388289726,-18.404203730138786,-9.202101865069393,-9.202101865069393,-9.202101865069393,true
1631223,David Roddy,1610612737,-0.4325,-0.48746215076371896,-0.24373107538185948,-0.24373107538185948,-0.24373107538185954,1823,911.5,-2.5238176827542644,-1.2619088413771322,-1.2619088413771324,-1.4886147765794517,-0.7443073882897259,-0.744307388289726,-18.871748979566835,-9.435874489783417,-9.435874489783417,-9.43587448978342,true
1642345,Oso Ighodaro,1610612756,-0.3342,-0.5033792723736156,-0.2516896361868078,-0.2516896361868078,-0.2516896361868079,4222,2111,-1.9501962302346247,-0.9750981151173124,-0.9750981151173126,-1.4886147765794517,-0.7443073882897259,-0.744307388289726,-19.487968973321404,-9.743984486660702,-9.743984486660702,-9.743984486660706,true
1642266,Ja'Kobe Walter,1610612761,-0.3262,-0.5059460589635296,-0.2529730294817648,-0.2529730294817648,-0.2529730294817649,4721,2360.5,-1.9035128973744302,-0.9517564486872151,-0.9517564486872153,-1.4886147765794517,-0.7443073882897259,-0.744307388289726,-19.587340282730935,-9.793670141365467,-9.793670141365467,-9.793670141365471,true
1631247,Luke Travers,1610612739,-1.2814,-0.5367900039922526,-0.2683950019961263,-0.2683950019961263,-0.2683950019961263,347,173.5,-7.477502840881653,-3.7387514204408263,-3.738751420440827,-1.4886147765794517,-0.7443073882897259,-0.744307388289726,-20.78144158312864,-10.39072079156432,-10.39072079156432,-10.39072079156432,true
1641783,Tristan da Silva,1610612753,-0.3104,-0.5418001290414133,-0.27090006452070664,-0.27090006452070664,-0.27090006452070664,6500,3250,-1.8113133149755463,-0.9056566574877731,-0.9056566574877732,-1.4886147765794517,-0.7443073882897259,-0.744307388289726,-20.975404995746143,-10.487702497873071,-10.487702497873071,-10.487702497873071,true
1642461,Spencer Jones,1610612743,-1.0012,-0.5791684358966926,-0.2895842179483463,-0.2895842179483463,-0.2895842179483464,515,257.5,-5.842419107453341,-2.9212095537266705,-2.921209553726671,-1.4886147765794517,-0.7443073882897259,-0.744307388289726,-22.42209230400053,-11.211046152000264,-11.211046152000264,-11.211046152000268,true
203482,Kelly Olynyk,1610612761,-0.3604,-0.5832924174047112,-0.2916462087023556,-0.2916462087023556,-0.2916462087023557,3675,1837.5,-2.1030841453517617,-1.0515420726758808,-1.051542072675881,-1.4886147765794517,-0.7443073882897259,-0.744307388289726,-22.58174930238239,-11.290874651191196,-11.290874651191196,-11.2908746511912,true
1641842,Ronald Holland II,1610612765,-0.3277,-0.5837007458369198,-0.2918503729184599,-0.2918503729184599,-0.2918503729184599,5334,2667,-1.9122660222857168,-0.9561330111428584,-0.9561330111428585,-1.4886147765794517,-0.7443073882897259,-0.744307388289726,-22.59755744597218,-11.29877872298609,-11.29877872298609,-11.29877872298609,true
1642269,Devin Carter,1610612758,-0.5054,-0.5908173270839807,-0.29540866354199036,-0.29540866354199036,-0.29540866354199036,1566,783,-2.9492195534427865,-1.4746097767213933,-1.4746097767213935,-1.4886147765794517,-0.7443073882897259,-0.744307388289726,-22.873070805679824,-11.436535402839912,-11.436535402839912,-11.436535402839914,true
1630311,Pat Spencer,1610612744,-0.6371,-0.5970940389976107,-0.29854701949880535,-0.29854701949880535,-0.29854701949880535,1037,518.5,-3.7177439206537386,-1.8588719603268693,-1.8588719603268695,-1.4886147765794517,-0.7443073882897259,-0.744307388289726,-23.116069224050356,-11.558034612025178,-11.558034612025178,-11.558034612025178,true
1641725,Trey Alexander,1610612743,-1.0704,-0.5984763867465157,-0.29923819337325785,-0.29923819337325785,-0.29923819337325785,487,243.5,-6.246229936694023,-3.1231149683470116,-3.123114968347012,-1.4886147765794517,-0.7443073882897259,-0.744307388289726,-23.169585829757967,-11.584792914878983,-11.584792914878983,-11.584792914878983,true
1642530,Yuki Kawamura,1610612763,-1.3644,-0.6203310770539222,-0.3101655385269611,-0.3101655385269611,-0.3101655385269611,371,185.5,-7.961842419306171,-3.9809212096530855,-3.980921209653086,-1.4886147765794517,-0.7443073882897259,-0.744307388289726,-24.01567455451613,-12.007837277258066,-12.007837277258066,-12.007837277258066,true
1631120,JD Davison,1610612738,-1.5032,-0.6377488697125699,-0.31887443485628497,-0.31887443485628497,-0.3188744348562851,339,169.5,-8.771798244430546,-4.385899122215273,-4.385899122215274,-1.4886147765794517,-0.7443073882897259,-0.744307388289726,-24.68999195601521,-12.344995978007605,-12.344995978007605,-12.344995978007608,true
1642277,Johnny Furphy,1610612754,-0.5413,-0.6803022995165279,-0.34015114975826394,-0.34015114975826394,-0.34015114975826394,1577,788.5,-3.15871100965291,-1.579355504826455,-1.5793555048264551,-1.4886147765794517,-0.7443073882897259,-0.744307388289726,-26.337417595568436,-13.168708797784218,-13.168708797784218,-13.168708797784218,true
201959,Taj Gibson,1610612766,-0.5351,-0.6959520255418036,-0.3479760127709018,-0.3479760127709018,-0.3479760127709018,1649,824.5,-3.122531426686259,-1.5612657133431296,-1.5612657133431298,-1.4886147765794517,-0.7443073882897259,-0.744307388289726,-26.943285560261256,-13.471642780130628,-13.471642780130628,-13.471642780130628,true
1626196,Josh Richardson,1610612748,-1.1167,-0.7506442200674451,-0.37532211003372257,-0.37532211003372257,-0.37532211003372257,578,289,-6.516409725622399,-3.2582048628111995,-3.2582048628112,-1.4886147765794517,-0.7443073882897259,-0.744307388289726,-29.060654805468236,-14.530327402734118,-14.530327402734118,-14.530327402734118,true
1630245,Ayo Dosunmu,1610612741,-0.3387,-0.755181202647539,-0.3775906013237695,-0.3775906013237695,-0.3775906013237695,5993,2996.5,-1.9764556049684843,-0.9882278024842421,-0.9882278024842422,-1.4886147765794517,-0.7443073882897259,-0.744307388289726,-29.236300845354723,-14.618150422677362,-14.618150422677362,-14.618150422677362,true
1642402,Enrique Freeman,1610612754,-0.9019,-0.7711646455974766,-0.3855823227987383,-0.3855823227987383,-0.38558232279873833,791,395.5,-5.2629622383261765,-2.6314811191630882,-2.6314811191630887,-1.4886147765794517,-0.7443073882897259,-0.744307388289726,-29.855088422416593,-14.927544211208296,-14.927544211208296,-14.927544211208298,true
1628964,Mo Bamba,1610612746,-0.5706,-0.7822865835920736,-0.3911432917960368,-0.3911432917960368,-0.3911432917960368,1645,822.5,-3.329688716253372,-1.664844358126686,-1.6648443581266863,-1.4886147765794517,-0.7443073882897259,-0.744307388289726,-30.285666307635992,-15.142833153817996,-15.142833153817996,-15.142833153817996,true
1631213,Tyrese Martin,1610612751,-0.3565,-0.8097491953909214,-0.4048745976954607,-0.4048745976954607,-0.4048745976954605,5298,2649,-2.080326020582417,-1.0401630102912085,-1.0401630102912085,-1.4886147765794517,-0.7443073882897259,-0.744307388289726,-31.348861707277102,-15.674430853638551,-15.674430853638551,-15.674430853638544,true
1630192,Zeke Nnaji,1610612743,-0.472,-0.8130850080646769,-0.40654250403233844,-0.40654250403233844,-0.40654250403233855,2487,1243.5,-2.7543166387514746,-1.3771583193757373,-1.3771583193757375,-1.4886147765794517,-0.7443073882897259,-0.744307388289726,-31.478005312218205,-15.739002656109102,-15.739002656109102,-15.739002656109108,true
1631311,Lester Quinones,1610612755,-0.9471,-0.8135819659240318,-0.4067909829620159,-0.4067909829620159,-0.406790982962016,780,390,-5.526723068986276,-2.763361534493138,-2.7633615344931384,-1.4886147765794517,-0.7443073882897259,-0.744307388289726,-31.49724468077323,-15.748622340386614,-15.748622340386614,-15.74862234038662,true
1641737,Adem Bona,1610612755,-0.408,-0.8564140960864806,-0.4282070480432403,-0.4282070480432403,-0.4282070480432404,3716,1858,-2.3808499758699186,-1.1904249879349593,-1.1904249879349595,-1.4886147765794517,-0.7443073882897259,-0.744307388289726,-33.15546000563375,-16.577730002816875,-16.577730002816875,-16.577730002816878,true
1629651,Nic Claxton,1610612751,-0.3313,-0.8754362622528533,-0.43771813112642666,-0.43771813112642666,-0.4377181311264268,7622,3811,-1.9332735220728041,-0.9666367610364021,-0.9666367610364023,-1.4886147765794517,-0.7443073882897259,-0.744307388289726,-33.89188958150332,-16.94594479075166,-16.94594479075166,-16.945944790751668,true
1630173,Precious Achiuwa,1610612752,-0.3747,-0.8804555818514286,-0.4402277909257143,-0.4402277909257143,-0.4402277909257144,4884,2442,-2.186530602839359,-1.0932653014196796,-1.0932653014196798,-1.4886147765794517,-0.7443073882897259,-0.744307388289726,-34.08620895453388,-17.04310447726694,-17.04310447726694,-17.043104477266944,true
1629629,Cam Reddish,1610612747,-0.491,-0.8953323628045875,-0.44766618140229375,-0.44766618140229375,-0.44766618140229375,2518,1259,-2.8651895542944366,-1.4325947771472183,-1.4325947771472185,-1.4886147765794517,-0.7443073882897259,-0.744307388289726,-34.66215290286332,-17.33107645143166,-17.33107645143166,-17.33107645143166,true
203501,Tim Hardaway Jr.,1610612765,-0.3227,-0.9031857138473796,-0.4515928569236898,-0.4515928569236898,-0.4515928569236898,8864,4432,-1.8830889392480952,-0.9415444696240476,-0.9415444696240477,-1.4886147765794517,-0.7443073882897259,-0.744307388289726,-34.966189778948554,-17.483094889474277,-17.483094889474277,-17.483094889474277,true
201599,DeAndre Jordan,1610612743,-0.4671,-0.9075171002733455,-0.45375855013667277,-0.45375855013667277,-0.453758550136673,2840,1420,-2.725723097374606,-1.362861548687303,-1.3628615486873032,-1.4886147765794517,-0.7443073882897259,-0.744307388289726,-35.13387631058238,-17.56693815529119,-17.56693815529119,-17.566938155291197,true
1641729,Brice Sensabaugh,1610612762,-0.358,-0.9265763460980135,-0.46328817304900677,-0.46328817304900677,-0.46328817304900693,5974,2987,-2.089079145493703,-1.0445395727468516,-1.0445395727468518,-1.4886147765794517,-0.7443073882897259,-0.744307388289726,-35.87174139893738,-17.93587069946869,-17.93587069946869,-17.935870699468698,true
1631104,Blake Wesley,1610612759,-0.484,-0.9270733039573681,-0.46353665197868404,-0.46353665197868404,-0.4635366519786842,2687,1343.5,-2.8243416380417665,-1.4121708190208833,-1.4121708190208835,-1.4886147765794517,-0.7443073882897259,-0.744307388289726,-35.890980767492394,-17.945490383746197,-17.945490383746197,-17.945490383746204,true
203954,Joel Embiid,1610612755,-0.5246,-0.9590811885038147,-0.47954059425190737,-0.47954059425190737,-0.47954059425190737,2361,1180.5,-3.0612595523072534,-1.5306297761536267,-1.530629776153627,-1.4886147765794517,-0.7443073882897259,-0.744307388289726,-37.1301431549334,-18.5650715774667,-18.5650715774667,-18.5650715774667,true
203458,Alex Len,1610612758,-0.6976,-1.0071423041375607,-0.5035711520687803,-0.5035711520687803,-0.5035711520687804,1510,755,-4.070786625408959,-2.0353933127044797,-2.03539331270448,-1.4886147765794517,-0.7443073882897259,-0.744307388289726,-38.990794917325566,-19.495397458662783,-19.495397458662783,-19.495397458662787,true
1630568,Luka Garza,1610612750,-0.9786,-1.0098343476219618,-0.5049171738109809,-0.5049171738109809,-0.504917173810981,926,463,-5.710538692123291,-2.8552693460616454,-2.855269346061646,-1.4886147765794517,-0.7443073882897259,-0.744307388289726,-39.09501545793595,-19.547507728967975,-19.547507728967975,-19.54750772896798,true
1630695,Micah Potter,1610612762,-0.4868,-1.0243272184544732,-0.5121636092272366,-0.5121636092272366,-0.5121636092272366,2933,1466.5,-2.840680804542835,-1.4203404022714174,-1.4203404022714177,-1.4886147765794517,-0.7443073882897259,-0.744307388289726,-39.65609660016603,-19.828048300083015,-19.828048300083015,-19.828048300083015,true
1626204,Larry Nance Jr.,1610612737,-0.6247,-1.1130843141800673,-0.5565421570900336,-0.5565421570900336,-0.5565421570900339,1998,999,-3.645384754720437,-1.8226923773602186,-1.822692377360219,-1.4886147765794517,-0.7443073882897259,-0.744307388289726,-43.09226416325689,-21.546132081628446,-21.546132081628446,-21.546132081628453,true
1631288,Jamal Cain,1610612740,-0.6358,-1.1356102065947549,-0.5678051032973774,-0.5678051032973774,-0.5678051032973774,1979,989.5,-3.7101578790639573,-1.8550789395319787,-1.8550789395319789,-1.4886147765794517,-0.7443073882897259,-0.744307388289726,-43.96433799816837,-21.982168999084184,-21.982168999084184,-21.982168999084184,true
1642355,Bronny James,1610612747,-1.3292,-1.1608189479444284,-0.5804094739722142,-0.5804094739722142,-0.5804094739722142,717,358.5,-7.7564357547213145,-3.8782178773606573,-3.8782178773606577,-1.4886147765794517,-0.7443073882897259,-0.744307388289726,-44.94027641327716,-22.47013820663858,-22.47013820663858,-22.47013820663858,true
1641765,Olivier-Maxence Prosper,1610612742,-0.581,-1.1642153542061309,-0.5821076771030654,-0.5821076771030654,-0.5821076771030655,2370,1185,-3.3903770489716245,-1.6951885244858123,-1.6951885244858125,-1.4886147765794517,-0.7443073882897259,-0.744307388289726,-45.071765855694494,-22.535882927847247,-22.535882927847247,-22.53588292784725,true
1631172,Ousmane Dieng,1610612760,-0.7316,-1.1886705946947456,-0.5943352973473728,-0.5943352973473728,-0.5943352973473728,1655,827.5,-4.269190790064786,-2.134595395032393,-2.1345953950323935,-1.4886147765794517,-0.7443073882897259,-0.744307388289726,-46.01853302318229,-23.009266511591147,-23.009266511591147,-23.009266511591147,true
1641745,Adam Flagler,1610612760,-1.2425,-1.2025554194233328,-0.6012777097116664,-0.6012777097116664,-0.6012777097116665,808,404,-7.250505134848956,-3.625252567424478,-3.6252525674244787,-1.4886147765794517,-0.7443073882897259,-0.744307388289726,-46.556074094817596,-23.278037047408798,-23.278037047408798,-23.2780370474088,true
1641775,Jordan Walsh,1610612738,-0.7795,-1.2267470325852832,-0.6133735162926416,-0.6133735162926416,-0.6133735162926416,1552,776,-4.5487072455652005,-2.2743536227826002,-2.2743536227826007,-1.4886147765794517,-0.7443073882897259,-0.744307388289726,-47.492635118658825,-23.746317559329412,-23.746317559329412,-23.746317559329412,true
1628989,Kevin Huerter,1610612758,-0.3696,-1.2298493639960302,-0.6149246819980151,-0.6149246819980151,-0.6149246819980152,7126,3563,-2.1567699781409853,-1.0783849890704926,-1.0783849890704928,-1.4886147765794517,-0.7443073882897259,-0.744307388289726,-47.61273966327488,-23.80636983163744,-23.80636983163744,-23.806369831637447,true
1642281,Jaylon Tyson,1610612739,-0.7033,-1.2390014074610847,-0.6195007037305423,-0.6195007037305423,-0.6195007037305421,1834,917,-4.1040485000718485,-2.0520242500359243,-2.0520242500359243,-1.4886147765794517,-0.7443073882897259,-0.744307388289726,-47.967054488850565,-23.983527244425282,-23.983527244425282,-23.983527244425275,true
1642367,Jonathan Mogbo,1610612761,-0.4144,-1.2754823649326759,-0.6377411824663379,-0.6377411824663379,-0.6377411824663378,5312,2656,-2.4181966421580747,-1.2090983210790374,-1.2090983210790374,-1.4886147765794517,-0.7443073882897259,-0.744307388289726,-49.379388699536456,-24.689694349768228,-24.689694349768228,-24.68969434976822,true
203967,Dario Šarić,1610612743,-1.2721,-1.3091199456803173,-0.6545599728401587,-0.6545599728401587,-0.6545599728401587,854,427,-7.423233466431676,-3.711616733215838,-3.711616733215839,-1.4886147765794517,-0.7443073882897259,-0.744307388289726,-50.681643611337996,-25.340821805668998,-25.340821805668998,-25.340821805669,true
1630165,Killian Hayes,1610612751,-1.5444,-1.317602143610955,-0.6588010718054775,-0.6588010718054775,-0.6588010718054775,678,339,-9.012217408660547,-4.506108704330273,-4.506108704330273,-1.4886147765794517,-0.7443073882897259,-0.744307388289726,-51.01002584550983,-25.505012922754915,-25.505012922754915,-25.505012922754915,true
204456,T.J. McConnell,1610612754,-0.4062,-1.3448844819491454,-0.6724422409745727,-0.6724422409745727,-0.6724422409745725,5905,2952.5,-2.3703462259763755,-1.1851731129881877,-1.1851731129881877,-1.4886147765794517,-0.7443073882897259,-0.744307388289726,-52.066242086888344,-26.033121043444172,-26.033121043444172,-26.033121043444165,true
1630574,Ariel Hukporti,1610612752,-1.2776,-1.3470240988170665,-0.6735120494085333,-0.6735120494085333,-0.6735120494085334,874,437,-7.45532825777306,-3.72766412888653,-3.7276641288865306,-1.4886147765794517,-0.7443073882897259,-0.744307388289726,-52.149075825632146,-26.074537912816073,-26.074537912816073,-26.074537912816076,true
1631103,Malaki Branham,1610612759,-0.7985,-1.4292746188936607,-0.7146373094468303,-0.7146373094468303,-0.7146373094468305,1745,872.5,-4.659580161108162,-2.329790080554081,-2.3297900805540817,-1.4886147765794517,-0.7443073882897259,-0.744307388289726,-55.33334596002601,-27.666672980013004,-27.666672980013004,-27.666672980013008,true
202693,Markieff Morris,1610612742,-1.7636,-1.4415681836522134,-0.7207840918261067,-0.7207840918261067,-0.7207840918261067,634,317,-10.291340729029876,-5.145670364514938,-5.145670364514938,-1.4886147765794517,-0.7443073882897259,-0.744307388289726,-55.80928253853569,-27.904641269267845,-27.904641269267845,-27.904641269267845,true
1628969,Mikal Bridges,1610612752,-0.3345,-1.4622486847802536,-0.7311243423901268,-0.7311243423901268,-0.7311243423901271,12218,6109,-1.9519468552168822,-0.9759734276084411,-0.9759734276084413,-1.4886147765794517,-0.7443073882897259,-0.744307388289726,-56.609913367921244,-28.304956683960622,-28.304956683960622,-28.304956683960636,true
1641998,Trey Jemison,1610612740,-0.8932,-1.471569546201776,-0.735784773100888,-0.735784773100888,-0.735784773100888,1530,765,-5.212194113840715,-2.6060970569203574,-2.606097056920358,-1.4886147765794517,-0.7443073882897259,-0.744307388289726,-56.97076386009733,-28.485381930048664,-28.485381930048664,-28.485381930048664,true
1641854,Craig Porter Jr.,1610612739,-0.7294,-1.4777270304336498,-0.7388635152168249,-0.7388635152168249,-0.738863515216825,2067,1033.5,-4.2563528735282325,-2.1281764367641163,-2.1281764367641167,-1.4886147765794517,-0.7443073882897259,-0.744307388289726,-57.209146463931305,-28.604573231965652,-28.604573231965652,-28.604573231965656,true
1628997,Caleb Martin,1610612755,-0.4612,-1.524384997534569,-0.7621924987672845,-0.7621924987672845,-0.7621924987672846,4907,2453.5,-2.6912941393902123,-1.3456470696951062,-1.3456470696951064,-1.4886147765794517,-0.7443073882897259,-0.744307388289726,-59.01547633312403,-29.507738166562014,-29.507738166562014,-29.507738166562017,true
1641721,Maxwell Lewis,1610612747,-1.0251,-1.5366654487554314,-0.7683327243777157,-0.7683327243777157,-0.7683327243777157,1324,662,-5.9818855643731705,-2.9909427821865853,-2.9909427821865857,-1.4886147765794517,-0.7443073882897259,-0.744307388289726,-59.49090523038885,-29.745452615194424,-29.745452615194424,-29.745452615194424,true
1631093,Jaden Ivey,1610612765,-0.5391,-1.5453475150881026,-0.7726737575440513,-0.7726737575440513,-0.7726737575440513,3610,1805,-3.1458730931163563,-1.5729365465581782,-1.5729365465581784,-1.4886147765794517,-0.7443073882897259,-0.744307388289726,-59.82702522698226,-29.91351261349113,-29.91351261349113,-29.91351261349113,true
202691,Klay Thompson,1610612742,-0.3807,-1.5459649064717593,-0.7729824532358797,-0.7729824532358797,-0.7729824532358793,8166,4083,-2.2215431024845054,-1.1107715512422527,-1.1107715512422527,-1.4886147765794517,-0.7443073882897259,-0.744307388289726,-59.85092709340668,-29.92546354670334,-29.92546354670334,-29.92546354670333,true
1629632,Coby White,1610612741,-0.3532,-1.5466829857080238,-0.7733414928540119,-0.7733414928540119,-0.773341492854012,10460,5230,-2.0610691457775867,-1.0305345728887934,-1.0305345728887936,-1.4886147765794517,-0.7443073882897259,-0.744307388289726,-59.87872701812492,-29.93936350906246,-29.93936350906246,-29.939363509062467,true
1630544,Tre Mann,1610612766,-1.097,-1.6547741086285028,-0.8273870543142514,-0.8273870543142514,-0.8273870543142516,1304,652,-6.40145201845417,-3.200726009227085,-3.2007260092270853,-1.4886147765794517,-0.7443073882897259,-0.744307388289726,-64.06339763404632,-32.03169881702316,-32.03169881702316,-32.03169881702317,true
1626192,Pat Connaughton,1610612749,-0.7027,-1.655637491891585,-0.8278187459457925,-0.8278187459457925,-0.8278187459457925,2454,1227,-4.100547250107334,-2.050273625053667,-2.050273625053667,-1.4886147765794517,-0.7443073882897259,-0.744307388289726,-64.09682290037422,-32.04841145018711,-32.04841145018711,-32.04841145018711,true
1626168,Trey Lyles,1610612758,-0.4631,-1.7190250170179056,-0.8595125085089528,-0.8595125085089528,-0.859512508508953,5483,2741.5,-2.7023814309445084,-1.3511907154722542,-1.3511907154722544,-1.4886147765794517,-0.7443073882897259,-0.744307388289726,-66.55082565883606,-33.27541282941803,-33.27541282941803,-33.27541282941804,true
1631115,Orlando Robinson,1610612758,-0.63,-1.7811572600536276,-0.8905786300268138,-0.8905786300268138,-0.8905786300268139,3152,1576,-3.676312462740316,-1.838156231370158,-1.8381562313701583,-1.4886147765794517,-0.7443073882897259,-0.744307388289726,-68.95623106779044,-34.47811553389522,-34.47811553389522,-34.47811553389523,true
203935,Marcus Smart,1610612763,-0.6388,-1.7917352123295682,-0.8958676061647841,-0.8958676061647841,-0.8958676061647841,3098,1549,-3.72766412888653,-1.863832064443265,-1.8638320644432653,-1.4886147765794517,-0.7443073882897259,-0.744307388289726,-69.36574893447329,-34.682874467236644,-34.682874467236644,-34.682874467236644,true
1631200,Kris Murray,1610612757,-0.5261,-1.795674398467381,-0.8978371992336905,-0.8978371992336905,-0.8978371992336908,4396,2198,-3.07001267721854,-1.53500633860927,-1.5350063386092703,-1.4886147765794517,-0.7443073882897259,-0.744307388289726,-69.51825171209433,-34.75912585604716,-34.75912585604716,-34.75912585604717,true
1630214,Xavier Tillman,1610612738,-1.5625,-1.8248202157304119,-0.9124101078652059,-0.9124101078652059,-0.912410107865206,926,463,-9.117838449256736,-4.558919224628368,-4.558919224628369,-1.4886147765794517,-0.7443073882897259,-0.744307388289726,-70.64661120899166,-35.32330560449583,-35.32330560449583,-35.323305604495836,true
1642275,Tidjane Salaün,1610612766,-0.5191,-1.9796920002308862,-0.9898460001154431,-0.9898460001154431,-0.9898460001154433,4975,2487.5,-3.02916476096587,-1.514582380482935,-1.5145823804829353,-1.4886147765794517,-0.7443073882897259,-0.744307388289726,-76.64236172322431,-38.321180861612156,-38.321180861612156,-38.32118086161216,true
1628464,Daniel Theis,1610612740,-0.7652,-2.0021514205752142,-1.0010757102876071,-1.0010757102876071,-1.0010757102876071,2604,1302,-4.465260788077603,-2.2326303940388015,-2.232630394038802,-1.4886147765794517,-0.7443073882897259,-0.744307388289726,-77.51186213941186,-38.75593106970593,-38.75593106970593,-38.75593106970594,true
1631248,Baylor Scheierman,1610612738,-1.1892,-2.0823904445544215,-1.0411952222772107,-1.0411952222772107,-1.041195222277211,1479,739.5,-6.939477429667911,-3.4697387148339556,-3.469738714833956,-1.4886147765794517,-0.7443073882897259,-0.744307388289726,-80.61825863917832,-40.30912931958916,-40.30912931958916,-40.30912931958917,true
1629004,Svi Mykhailiuk,1610612762,-0.7145,-2.1743089579755273,-1.0871544789877636,-1.0871544789877636,-1.0871544789877636,3140,1570,-4.16940516607612,-2.08470258303806,-2.0847025830380606,-1.4886147765794517,-0.7443073882897259,-0.744307388289726,-84.17681823019541,-42.088409115097704,-42.088409115097704,-42.088409115097704,true
1629611,Terance Mann,1610612746,-0.5124,-2.2536749519512824,-1.1268374759756412,-1.1268374759756412,-1.1268374759756412,5811,2905.5,-2.990067469695457,-1.4950337348477285,-1.4950337348477287,-1.4886147765794517,-0.7443073882897259,-0.744307388289726,-87.24941599697108,-43.62470799848554,-43.62470799848554,-43.62470799848554,true
1630579,Jericho Sims,1610612752,-0.8612,-2.2857683005881912,-1.1428841502940956,-1.1428841502940956,-1.1428841502940956,2502,1251,-5.025460782399937,-2.5127303911999683,-2.5127303911999688,-1.4886147765794517,-0.7443073882897259,-0.744307388289726,-88.49188706562855,-44.24594353281427,-44.24594353281427,-44.24594353281427,true
203901,Elfrid Payton,1610612740,-1.0102,-2.3047833824296045,-1.1523916912148022,-1.1523916912148022,-1.1523916912148022,2025,1012.5,-5.894937856921059,-2.9474689284605295,-2.94746892846053,-1.4886147765794517,-0.7443073882897259,-0.744307388289726,-89.22804237691754,-44.61402118845877,-44.61402118845877,-44.61402118845877,true
1629618,Jalen Pickett,1610612743,-0.8285,-2.329255203253229,-1.1646276016266146,-1.1646276016266146,-1.164627601626615,2695,1347.5,-4.834642659333892,-2.417321329666946,-2.4173213296669465,-1.4886147765794517,-0.7443073882897259,-0.744307388289726,-90.17545144023217,-45.08772572011608,-45.08772572011608,-45.0877257201161,true
202331,Paul George,1610612755,-0.5593,-2.4778508787613474,-1.2389254393806737,-1.2389254393806737,-1.2389254393806737,5404,2702,-3.2637485085883475,-1.6318742542941738,-1.631874254294174,-1.4886147765794517,-0.7443073882897259,-0.744307388289726,-95.92822687776074,-47.96411343888037,-47.96411343888037,-47.96411343888037,true
202695,Kawhi Leonard,1610612746,-0.6045,-2.494222603011163,-1.2471113015055815,-1.2471113015055815,-1.2471113015055815,4736,2368,-3.5275093392484465,-1.7637546696242232,-1.7637546696242234,-1.4886147765794517,-0.7443073882897259,-0.744307388289726,-96.5620464880036,-48.2810232440018,-48.2810232440018,-48.2810232440018,true
1642265,Rob Dillingham,1610612750,-1.051,-2.548083369101196,-1.274041684550598,-1.274041684550598,-1.274041684550598,2124,1062,-6.1330228545080505,-3.0665114272540253,-3.0665114272540257,-1.4886147765794517,-0.7443073882897259,-0.744307388289726,-98.64722757520344,-49.32361378760172,-49.32361378760172,-49.32361378760172,true
1629630,Ja Morant,1610612763,-0.5144,-2.5807410520497287,-1.2903705260248644,-1.2903705260248644,-1.2903705260248646,6603,3301.5,-3.0017383029105056,-1.5008691514552528,-1.500869151455253,-1.4886147765794517,-0.7443073882897259,-0.744307388289726,-99.9115464436395,-49.95577322181975,-49.95577322181975,-49.955773221819754,true
203915,Spencer Dinwiddie,1610612742,-0.4499,-2.6061947301666004,-1.3030973650833002,-1.3030973650833002,-1.3030973650833004,8876,4438,-2.6253539317251877,-1.3126769658625939,-1.312676965862594,-1.4886147765794517,-0.7443073882897259,-0.744307388289726,-100.89696741073553,-50.448483705367764,-50.448483705367764,-50.44848370536777,true
1630556,Kessler Edwards,1610612742,-0.9363,-2.6080083173560915,-1.3040041586780458,-1.3040041586780458,-1.3040041586780458,2540,1270,-5.463700569625013,-2.7318502848125066,-2.7318502848125066,-1.4886147765794517,-0.7443073882897259,-0.744307388289726,-100.96717914335726,-50.48358957167863,-50.48358957167863,-50.48358957167863,true
203471,Dennis Schröder,1610612751,-0.4594,-2.667701894572433,-1.3338509472862166,-1.3338509472862166,-1.3338509472862168,8663,4331.5,-2.6807903894966683,-1.3403951947483341,-1.3403951947483344,-1.4886147765794517,-0.7443073882897259,-0.744307388289726,-103.27817334701848,-51.63908667350924,-51.63908667350924,-51.63908667350925,true
1641816,Hunter Tyson,1610612743,-1.3763,-2.6786315006809107,-1.3393157503404554,-1.3393157503404554,-1.3393157503404558,1585,792.5,-8.03128387693571,-4.015641938467855,-4.015641938467856,-1.4886147765794517,-0.7443073882897259,-0.744307388289726,-103.70130524064669,-51.850652620323345,-51.850652620323345,-51.85065262032336,true
1630288,Jeff Dowtin Jr.,1610612755,-0.9825,-2.779405269570386,-1.389702634785193,-1.389702634785193,-1.389702634785193,2535,1267.5,-5.733296816892636,-2.866648408446318,-2.8666484084463186,-1.4886147765794517,-0.7443073882897259,-0.744307388289726,-107.60268972193924,-53.80134486096962,-53.80134486096962,-53.80134486096962,true
1628392,Isaiah Hartenstein,1610612760,-0.5432,-2.8157032404355906,-1.4078516202177953,-1.4078516202177953,-1.4078516202177953,6484,3242,-3.169798301207206,-1.584899150603603,-1.5848991506036032,-1.4886147765794517,-0.7443073882897259,-0.744307388289726,-109.00793973686359,-54.503969868431795,-54.503969868431795,-54.503969868431795,true
1627742,Brandon Ingram,1610612740,-1.0283,-2.8506829239371574,-1.4253414619685787,-1.4253414619685787,-1.425341461968579,2446,1223,-6.000558897517249,-3.0002794487586244,-3.000279448758625,-1.4886147765794517,-0.7443073882897259,-0.744307388289726,-110.36215319813853,-55.181076599069264,-55.181076599069264,-55.18107659906927,true
1631114,Jalen Williams,1610612760,-0.4601,-2.868729563483651,-1.4343647817418255,-1.4343647817418255,-1.434364781741826,9284,4642,-2.6848751811219356,-1.3424375905609678,-1.342437590560968,-1.4886147765794517,-0.7443073882897259,-0.744307388289726,-111.0608159577242,-55.5304079788621,-55.5304079788621,-55.530407978862115,true
1641713,GG Jackson,1610612763,-1.2333,-2.869267972180531,-1.4346339860902655,-1.4346339860902655,-1.4346339860902655,1946,973,-7.196819302059733,-3.5984096510298667,-3.598409651029867,-1.4886147765794517,-0.7443073882897259,-0.744307388289726,-111.08166006584628,-55.54083003292314,-55.54083003292314,-55.54083003292314,true
1631101,Shaedon Sharpe,1610612757,-0.4601,-2.884797415411823,-1.4423987077059115,-1.4423987077059115,-1.4423987077059117,9336,4668,-2.6848751811219356,-1.3424375905609678,-1.342437590560968,-1.4886147765794517,-0.7443073882897259,-0.744307388289726,-111.6828713680863,-55.84143568404315,-55.84143568404315,-55.841435684043155,true
1629216,Gabe Vincent,1610612747,-0.5716,-2.9601663428075478,-1.4800831714037739,-1.4800831714037739,-1.4800831714037739,6205,3102.5,-3.3355241328608964,-1.6677620664304482,-1.6677620664304484,-1.4886147765794517,-0.7443073882897259,-0.744307388289726,-114.60072555726364,-57.30036277863182,-57.30036277863182,-57.30036277863182,true
1641710,Anthony Black,1610612753,-0.5164,-2.980719778277281,-1.4903598891386405,-1.4903598891386405,-1.4903598891386407,7568,3784,-3.013409136125554,-1.506704568062777,-1.5067045680627773,-1.4886147765794517,-0.7443073882897259,-0.744307388289726,-115.39643713044903,-57.698218565224515,-57.698218565224515,-57.69821856522452,true
203486,Mason Plumlee,1610612756,-0.6357,-3.0009179423868404,-1.5004589711934202,-1.5004589711934202,-1.5004589711934202,5231,2615.5,-3.709574337403205,-1.8547871687016024,-1.8547871687016027,-1.4886147765794517,-0.7443073882897259,-0.744307388289726,-116.17839462669053,-58.08919731334527,-58.08919731334527,-58.08919731334527,true
1631124,Julian Strawther,1610612743,-0.6282,-3.243777947259385,-1.6218889736296924,-1.6218889736296924,-1.6218889736296929,5768,2884,-3.665808712846772,-1.832904356423386,-1.8329043564233864,-1.4886147765794517,-0.7443073882897259,-0.744307388289726,-125.58054624389905,-62.790273121949525,-62.790273121949525,-62.79027312194954,true
1641716,Jarace Walker,1610612754,-0.7015,-3.3084533122250517,-1.6542266561125258,-1.6542266561125258,-1.6542266561125263,4917,2458.5,-4.093544750178304,-2.046772375089152,-2.0467723750891524,-1.4886147765794517,-0.7443073882897259,-0.744307388289726,-128.08440680185558,-64.04220340092779,-64.04220340092779,-64.0422034009278,true
1631323,Simone Fontecchio,1610612765,-0.6939,-3.5213182852214024,-1.7606591426107012,-1.7606591426107012,-1.7606591426107008,5324,2662,-4.04919558396112,-2.02459779198056,-2.02459779198056,-1.4886147765794517,-0.7443073882897259,-0.744307388289726,-136.325322185,-68.1626610925,-68.1626610925,-68.16266109249999,true
202684,Tristan Thompson,1610612739,-2.0406,-3.549811289475981,-1.7749056447379905,-1.7749056447379905,-1.774905644737991,1319,659.5,-11.907751129314109,-5.9538755646570545,-5.953875564657055,-1.4886147765794517,-0.7443073882897259,-0.744307388289726,-137.42840849257013,-68.71420424628506,-68.71420424628506,-68.71420424628508,true
1641794,Dillon Jones,1610612760,-1.289,-3.618606566231074,-1.809303283115537,-1.809303283115537,-1.809303283115537,2322,1161,-7.521852007098837,-3.7609260035494185,-3.760926003549419,-1.4886147765794517,-0.7443073882897259,-0.744307388289726,-140.09176849266015,-70.04588424633008,-70.04588424633008,-70.04588424633008,true
1628467,Maxi Kleber,1610612742,-1.1549,-3.6253134624730614,-1.8126567312365307,-1.8126567312365307,-1.8126567312365311,2673,1336.5,-6.739322640029827,-3.3696613200149135,-3.3696613200149144,-1.4886147765794517,-0.7443073882897259,-0.744307388289726,-140.35142119002853,-70.17571059501427,-70.17571059501427,-70.17571059501428,true
1630175,Cole Anthony,1610612753,-0.7593,-3.7634321750184836,-1.8817160875092418,-1.8817160875092418,-1.8817160875092414,4952,2476,-4.43083183009321,-2.215415915046605,-2.215415915046605,-1.4886147765794517,-0.7443073882897259,-0.744307388289726,-145.6985884900013,-72.84929424500065,-72.84929424500065,-72.84929424500064,true
1630172,Patrick Williams,1610612741,-0.6412,-3.9614681485725685,-1.9807340742862842,-1.9807340742862842,-1.9807340742862842,6807,3403.5,-3.7416691287445882,-1.8708345643722941,-1.8708345643722943,-1.4886147765794517,-0.7443073882897259,-0.744307388289726,-153.36540975188086,-76.68270487594043,-76.68270487594043,-76.68270487594043,true
203992,Bogdan Bogdanović,1610612737,-0.7524,-4.09346660727473,-2.046733303637365,-2.046733303637365,-2.046733303637365,5461,2730.5,-4.390567455501292,-2.195283727750646,-2.1952837277506463,-1.4886147765794517,-0.7443073882897259,-0.744307388289726,-158.4756357959217,-79.23781789796085,-79.23781789796085,-79.23781789796085,true
1629022,Lonnie Walker IV,1610612755,-1.6359,-4.150080764088703,-2.0750403820443517,-2.0750403820443517,-2.0750403820443517,1994,997,-9.546158028249021,-4.7730790141245105,-4.7730790141245105,-1.4886147765794517,-0.7443073882897259,-0.744307388289726,-160.66741243829122,-80.33370621914561,-80.33370621914561,-80.33370621914561,true
203995,Vasilije Micić,1610612766,-1.1747,-4.321909709395175,-2.1609548546975876,-2.1609548546975876,-2.1609548546975876,3118,1559,-6.854863888858809,-3.4274319444294044,-3.427431944429405,-1.4886147765794517,-0.7443073882897259,-0.744307388289726,-167.31964732087036,-83.65982366043518,-83.65982366043518,-83.65982366043518,true
203994,Jusuf Nurkić,1610612756,-0.9561,-4.599464818928383,-2.2997324094641916,-2.2997324094641916,-2.2997324094641916,4353,2176.5,-5.579241818453994,-2.789620909226997,-2.7896209092269975,-1.4886147765794517,-0.7443073882897259,-0.744307388289726,-178.06499513279883,-89.03249756639941,-89.03249756639941,-89.03249756639941,true
1626156,D'Angelo Russell,1610612747,-0.7554,-4.634721846215577,-2.3173609231077883,-2.3173609231077883,-2.3173609231077883,6146,3073,-4.408073705323864,-2.204036852661932,-2.2040368526619325,-1.4886147765794517,-0.7443073882897259,-0.744307388289726,-179.4299457606316,-89.7149728803158,-89.7149728803158,-89.71497288031581,true
101108,Chris Paul,1610612759,-0.5874,-4.658655559802958,-2.329327779901479,-2.329327779901479,-2.3293277799014795,9301,4650.5,-3.4277237152597806,-1.7138618576298903,-1.7138618576298905,-1.4886147765794517,-0.7443073882897259,-0.744307388289726,-180.3565223866574,-90.1782611933287,-90.1782611933287,-90.17826119332871,true
1628370,Malik Monk,1610612758,-0.6254,-4.769429079467467,-2.3847145397337335,-2.3847145397337335,-2.384714539733734,8545,4272.5,-3.649469546345704,-1.824734773172852,-1.8247347731728523,-1.4886147765794517,-0.7443073882897259,-0.744307388289726,-184.64504007652624,-92.32252003826312,-92.32252003826312,-92.32252003826314,true
1631246,Vince Williams Jr.,1610612763,-1.7474,-4.8360993601955125,-2.4180496800977562,-2.4180496800977562,-2.4180496800977567,2150,1075,-10.196806979987981,-5.0984034899939905,-5.098403489993991,-1.4886147765794517,-0.7443073882897259,-0.744307388289726,-187.2261323732834,-93.6130661866417,-93.6130661866417,-93.61306618664172,true
1641748,Andre Jackson Jr.,1610612749,-1.0756,-4.888842159514896,-2.444421079757448,-2.444421079757448,-2.444421079757448,3953,1976.5,-6.276574103053148,-3.138287051526574,-3.1382870515265746,-1.4886147765794517,-0.7443073882897259,-0.744307388289726,-189.26803217550525,-94.63401608775263,-94.63401608775263,-94.63401608775263,true
1630702,Jaden Hardy,1610612742,-1.1204,-4.904053109583672,-2.452026554791836,-2.452026554791836,-2.452026554791836,3760,1880,-6.538000767070239,-3.2690003835351193,-3.26900038353512,-1.4886147765794517,-0.7443073882897259,-0.744307388289726,-189.8569132424536,-94.9284566212268,-94.9284566212268,-94.9284566212268,true
1630553,Keon Johnson,1610612751,-0.6728,-4.92095781623891,-2.460478908119455,-2.460478908119455,-2.460478908119455,7816,3908,-3.9260682935423565,-1.9630341467711783,-1.9630341467711785,-1.4886147765794517,-0.7443073882897259,-0.744307388289726,-190.51136688582065,-95.25568344291032,-95.25568344291032,-95.25568344291032,true
1630595,Cade Cunningham,1610612765,-0.5886,-5.175148369866546,-2.587574184933273,-2.587574184933273,-2.587574184933273,10295,5147.5,-3.43472621518881,-1.717363107594405,-1.7173631075944051,-1.4886147765794517,-0.7443073882897259,-0.744307388289726,-200.35217260483344,-100.17608630241672,-100.17608630241672,-100.17608630241672,true
2544,LeBron James,1610612747,-0.5981,-5.202104226335349,-2.6010521131676745,-2.6010521131676745,-2.6010521131676754,10062,5031,-3.4901626729602904,-1.7450813364801452,-1.7450813364801454,-1.4886147765794517,-0.7443073882897259,-0.744307388289726,-201.39574933383994,-100.69787466691997,-100.69787466691997,-100.69787466692,true
1642263,Reed Sheppard,1610612745,-1.5128,-5.3497647709488865,-2.6748823854744432,-2.6748823854744432,-2.6748823854744437,2822,1411,-8.827818243862778,-4.413909121931389,-4.41390912193139,-1.4886147765794517,-0.7443073882897259,-0.744307388289726,-207.11232184673545,-103.55616092336773,-103.55616092336773,-103.55616092336776,true
1626145,Tyus Jones,1610612756,-0.6649,-5.448050886665543,-2.7240254433327715,-2.7240254433327715,-2.724025443332772,8820,4410,-3.8799685023429147,-1.9399842511714573,-1.9399842511714578,-1.4886147765794517,-0.7443073882897259,-0.744307388289726,-210.91739861233745,-105.45869930616873,-105.45869930616873,-105.45869930616874,true
1629028,Deandre Ayton,1610612757,-0.9878,-5.4712027620920285,-2.7356013810460142,-2.7356013810460142,-2.7356013810460147,4954,2477,-5.764224524912515,-2.8821122624562574,-2.882112262456258,-1.4886147765794517,-0.7443073882897259,-0.744307388289726,-211.81370693241996,-105.90685346620998,-105.90685346620998,-105.90685346621,true
1627732,Ben Simmons,1610612751,-1.1009,-5.711449103245676,-2.855724551622838,-2.855724551622838,-2.855724551622838,4480,2240,-6.424210143223514,-3.212105071611757,-3.2121050716117576,-1.4886147765794517,-0.7443073882897259,-0.744307388289726,-221.11467242565402,-110.55733621282701,-110.55733621282701,-110.55733621282702,true
1642274,Yves Missi,1610612740,-0.7318,-5.769807360572415,-2.8849036802862074,-2.8849036802862074,-2.884903680286208,8030,4015,-4.270357873386291,-2.1351789366931455,-2.135178936693146,-1.4886147765794517,-0.7443073882897259,-0.744307388289726,-223.3739706735892,-111.6869853367946,-111.6869853367946,-111.68698533679462,true
203110,Draymond Green,1610612744,-0.713,-5.778305234456153,-2.8891526172280764,-2.8891526172280764,-2.889152617228076,8372,4186,-4.160652041164834,-2.080326020582417,-2.080326020582417,-1.4886147765794517,-0.7443073882897259,-0.744307388289726,-223.7029597910882,-111.8514798955441,-111.8514798955441,-111.85147989554409,true
1626171,Bobby Portis,1610612749,-1.0106,-5.844155090061823,-2.9220775450309113,-2.9220775450309113,-2.9220775450309113,5132,2566,-5.897272023564069,-2.9486360117820345,-2.948636011782035,-1.4886147765794517,-0.7443073882897259,-0.744307388289726,-226.25228991525057,-113.12614495762529,-113.12614495762529,-113.12614495762529,true
1642273,Kyshawn George,1610612764,-0.7791,-5.87947120363378,-2.93973560181689,-2.93973560181689,-2.9397356018168908,7444,3722,-4.546373078922191,-2.2731865394610953,-2.2731865394610957,-1.4886147765794517,-0.7443073882897259,-0.744307388289726,-227.61952802639348,-113.80976401319674,-113.80976401319674,-113.80976401319677,true
1641722,Jordan Hawkins,1610612740,-0.9744,-5.942517626049844,-2.971258813024922,-2.971258813024922,-2.9712588130249222,5481,2740.5,-5.686029942371689,-2.8430149711858443,-2.843014971185845,-1.4886147765794517,-0.7443073882897259,-0.744307388289726,-230.0603252370725,-115.03016261853625,-115.03016261853625,-115.03016261853628,true
1630567,Scottie Barnes,1610612761,-0.7043,-6.065287922476223,-3.0326439612381115,-3.0326439612381115,-3.0326439612381115,8958,4479,-4.109883916679372,-2.054941958339686,-2.0549419583396866,-1.4886147765794517,-0.7443073882897259,-0.744307388289726,-234.8132895701509,-117.40664478507546,-117.40664478507546,-117.40664478507547,true
1642354,KJ Simpson,1610612766,-1.4729,-6.207978285574941,-3.1039891427874706,-3.1039891427874706,-3.1039891427874715,3382,1691,-8.594985121222559,-4.297492560611279,-4.29749256061128,-1.4886147765794517,-0.7443073882897259,-0.744307388289726,-240.33744505582987,-120.16872252791494,-120.16872252791494,-120.16872252791497,true
1630703,Scoot Henderson,1610612757,-0.837,-6.384408876768047,-3.1922044383840236,-3.1922044383840236,-3.192204438384023,7279,3639.5,-4.884243700497849,-2.4421218502489244,-2.4421218502489244,-1.4886147765794517,-0.7443073882897259,-0.744307388289726,-247.16782937202012,-123.58391468601006,-123.58391468601006,-123.58391468601005,true
1641733,Nick Smith Jr.,1610612766,-1.0141,-6.458123388190379,-3.2290616940951895,-3.2290616940951895,-3.2290616940951895,5645,2822.5,-5.917695981690404,-2.958847990845202,-2.9588479908452023,-1.4886147765794517,-0.7443073882897259,-0.744307388289726,-250.02163402851326,-125.01081701425663,-125.01081701425663,-125.01081701425663,true
1627749,Dejounte Murray,1610612740,-1.2793,-6.476156763468865,-3.2380783817344323,-3.2380783817344323,-3.238078381734433,4195,2097.5,-7.465248466005852,-3.732624233002926,-3.7326242330029267,-1.4886147765794517,-0.7443073882897259,-0.744307388289726,-250.71978327143748,-125.35989163571874,-125.35989163571874,-125.35989163571878,true
1628398,Kyle Kuzma,1610612764,-0.7811,-6.547284893359909,-3.2736424466799545,-3.2736424466799545,-3.2736424466799536,8258,4129,-4.55804391213724,-2.27902195606862,-2.27902195606862,-1.4886147765794517,-0.7443073882897259,-0.744307388289726,-253.4734580143622,-126.7367290071811,-126.7367290071811,-126.73672900718107,true
1631094,Paolo Banchero,1610612753,-0.9689,-6.711545367925129,-3.3557726839625643,-3.3557726839625643,-3.3557726839625643,6238,3119,-5.653935151030305,-2.8269675755151527,-2.826967575515153,-1.4886147765794517,-0.7443073882897259,-0.744307388289726,-259.8326849582443,-129.91634247912214,-129.91634247912214,-129.91634247912214,true
1641731,Bilal Coulibaly,1610612764,-0.8396,-7.2366876865726395,-3.6183438432863197,-3.6183438432863197,-3.6183438432863193,8214,4107,-4.899415783677412,-2.449707891838706,-2.449707891838706,-1.4886147765794517,-0.7443073882897259,-0.744307388289726,-280.1631947230265,-140.08159736151325,-140.08159736151325,-140.08159736151322,true
1642264,Stephon Castle,1610612759,-0.8116,-7.398341431013604,-3.699170715506802,-3.699170715506802,-3.699170715506802,8820,4410,-4.736024118666731,-2.3680120593333656,-2.368012059333366,-1.4886147765794517,-0.7443073882897259,-0.744307388289726,-286.4215039720981,-143.21075198604905,-143.21075198604905,-143.21075198604905,true
1642262,Cody Williams,1610612762,-1.3881,-7.661076434193324,-3.830538217096662,-3.830538217096662,-3.830538217096662,4486,2243,-8.100141792904497,-4.050070896452248,-4.050070896452248,-1.4886147765794517,-0.7443073882897259,-0.744307388289726,-296.59310195234156,-148.29655097617078,-148.29655097617078,-148.29655097617078,true
1630590,Scotty Pippen Jr.,1610612763,-0.973,-7.812711134378511,-3.9063555671892556,-3.9063555671892556,-3.9063555671892556,7220,3610,-5.677860359121155,-2.8389301795605775,-2.838930179560578,-1.4886147765794517,-0.7443073882897259,-0.744307388289726,-302.46353105951096,-151.23176552975548,-151.23176552975548,-151.23176552975548,true
1626179,Terry Rozier,1610612748,-1.0579,-7.967054759843749,-3.9835273799218744,-3.9835273799218744,-3.9835273799218744,6584,3292,-6.173287229099969,-3.0866436145499847,-3.086643614549985,-1.4886147765794517,-0.7443073882897259,-0.744307388289726,-308.4388342739509,-154.21941713697544,-154.21941713697544,-154.21941713697544,true
1630581,Josh Giddey,1610612741,-0.851,-8.063159054203366,-4.031579527101683,-4.031579527101683,-4.031579527101684,8977,4488.5,-4.965939533003189,-2.4829697665015944,-2.482969766501595,-1.4886147765794517,-0.7443073882897259,-0.744307388289726,-312.1594433841589,-156.07972169207946,-156.07972169207946,-156.0797216920795,true
1628389,Bam Adebayo,1610612748,-0.8048,-8.773670121187404,-4.386835060593702,-4.386835060593702,-4.386835060593703,10589,5294.5,-4.696343285735566,-2.348171642867783,-2.3481716428677832,-1.4886147765794517,-0.7443073882897259,-0.744307388289726,-339.66637183454094,-169.83318591727047,-169.83318591727047,-169.8331859172705,true
1630558,Davion Mitchell,1610612761,-0.9665,-8.823919539581874,-4.411959769790937,-4.411959769790937,-4.411959769790939,8229,4114.5,-5.639930151172247,-2.8199650755861234,-2.819965075586124,-1.4886147765794517,-0.7443073882897259,-0.744307388289726,-341.61174217524115,-170.80587108762057,-170.80587108762057,-170.80587108762063,true
1642267,Carlton Carrington,1610612764,-0.8633,-9.461692073954412,-4.730846036977206,-4.730846036977206,-4.730846036977207,10321,5160.5,-5.037715157275738,-2.518857578637869,-2.5188575786378693,-1.4886147765794517,-0.7443073882897259,-0.744307388289726,-366.30265029166367,-183.15132514583183,-183.15132514583183,-183.15132514583186,true
1642259,Alexandre Sarr,1610612764,-1.1014,-9.815978110039282,-4.907989055019641,-4.907989055019641,-4.907989055019641,7695,3847.5,-6.427127851527276,-3.213563925763638,-3.2135639257636384,-1.4886147765794517,-0.7443073882897259,-0.744307388289726,-380.0185811172351,-190.00929055861755,-190.00929055861755,-190.00929055861755,true
1629614,Andrew Nembhard,1610612754,-1.169,-10.394798961822033,-5.197399480911017,-5.197399480911017,-5.197399480911017,7546,3773,-6.82160201419592,-3.41080100709796,-3.4108010070979606,-1.4886147765794517,-0.7443073882897259,-0.744307388289726,-402.4272169505387,-201.21360847526935,-201.21360847526935,-201.21360847526938,true
1641718,Keyonte George,1610612762,-1.0559,-10.578572079009295,-5.289286039504647,-5.289286039504647,-5.28928603950465,8764,4382,-6.161616395884921,-3.0808081979424604,-3.080808197942461,-1.4886147765794517,-0.7443073882897259,-0.744307388289726,-409.5418619159313,-204.77093095796565,-204.77093095796565,-204.77093095796573,true
1629645,Kevin Porter Jr.,1610612746,-1.5587,-11.932961765559211,-5.966480882779606,-5.966480882779606,-5.966480882779607,6073,3036.5,-9.095663866148143,-4.547831933074072,-4.547831933074073,-1.4886147765794517,-0.7443073882897259,-0.744307388289726,-461.97609120950665,-230.98804560475332,-230.98804560475332,-230.98804560475338,true
201935,James Harden,1610612746,-0.9829,-12.581667975758824,-6.290833987879412,-6.290833987879412,-6.290833987879412,11469,5734.5,-5.735630983535645,-2.8678154917678227,-2.867815491767823,-1.4886147765794517,-0.7443073882897259,-0.744307388289726,-487.0902887758059,-243.54514438790295,-243.54514438790295,-243.54514438790298,true
1642347,Jamal Shead,1610612761,-1.7622,-13.854833766429921,-6.927416883214961,-6.927416883214961,-6.9274168832149625,6099,3049.5,-10.283171145779342,-5.141585572889671,-5.141585572889672,-1.4886147765794517,-0.7443073882897259,-0.744307388289726,-536.3799929575013,-268.18999647875063,-268.18999647875063,-268.1899964787507,true
1629027,Trae Young,1610612737,-1.2486,-17.50434426835639,-8.752172134178196,-8.752172134178196,-8.752172134178196,11689,5844.5,-7.286101176154855,-3.6430505880774273,-3.6430505880774278,-1.4886147765794517,-0.7443073882897259,-0.744307388289726,-677.6681852463688,-338.8340926231844,-338.8340926231844,-338.8340926231844,true
201566,Russell Westbrook,1610612743,-1.5653,-17.817264780275632,-8.908632390137816,-8.908632390137816,-8.908632390137818,9022,4511,-9.134177615757803,-4.567088807878902,-4.5670888078789025,-1.4886147765794517,-0.7443073882897259,-0.744307388289726,-689.782679350671,-344.8913396753355,-344.8913396753355,-344.89133967533553,true
1642268,Isaiah Collier,1610612762,-2.369,-24.763831875062348,-12.381915937531174,-12.381915937531174,-12.381915937531176,7772,3886,-13.824101943225095,-6.912050971612548,-6.9120509716125484,-1.4886147765794517,-0.7443073882897259,-0.744307388289726,-958.7140625916995,-479.35703129584977,-479.35703129584977,-479.3570312958498,true
