path,side,classification,high_risk
.env.example,BOTH,CONFIG,NO
.gitignore,BOTH,OTHER,NO
docs/data-architecture.md,BOTH,OTHER,NO
next.config.ts,BOTH,CONFIG,NO
package.json,BOTH,CONFIG,NO
README.md,BOTH,OTHER,NO
scripts/smoke-nba.ts,BOTH,OTHER,NO
src/app/explore/games/page.tsx,BOTH,UI_COMPONENT,NO
src/app/explore/players/page.tsx,BOTH,UI_COMPONENT,NO
src/app/explore/teams/page.tsx,BOTH,UI_COMPONENT,NO
src/app/games/[gameId]/page.tsx,BOTH,UI_COMPONENT,NO
src/app/layout.tsx,BOTH,UI_COMPONENT,NO
src/app/page.tsx,BOTH,UI_COMPONENT,NO
src/app/players/[playerId]/page.tsx,BOTH,PLAYER_PAGE_DATA,YES
src/app/teams/[teamId]/page.tsx,BOTH,TEAM_PAGE_DATA,YES
src/components/charts/game-scoring-scatter.tsx,BOTH,UI_COMPONENT,NO
src/components/charts/player-usage-ts-scatter.tsx,BOTH,UI_COMPONENT,NO
src/components/explore/game-filter-toolbar.tsx,BOTH,UI_COMPONENT,NO
src/components/explore/game-season-table.tsx,BOTH,UI_COMPONENT,NO
src/components/explore/player-filter-toolbar.tsx,BOTH,UI_COMPONENT,NO
src/components/explore/player-season-table.tsx,BOTH,METRIC_DEFINITION,YES
src/components/explore/team-season-table.tsx,BOTH,UI_COMPONENT,NO
src/data/providers/index.ts,BOTH,DATA_PIPELINE,YES
src/data/providers/local-data-provider.ts,BOTH,DATA_PIPELINE,YES
src/data/providers/nba/compute-advanced.ts,BOTH,DATA_PIPELINE,YES
src/data/providers/nba-data-provider.ts,BOTH,DATA_PIPELINE,YES
src/data/providers/sample/local-sample-data.ts,BOTH,DATA_PIPELINE,YES
src/data/providers/types.ts,BOTH,DATA_PIPELINE,YES
src/data/queries/games.ts,BOTH,DATA_PIPELINE,YES
src/data/queries/home.ts,BOTH,DATA_PIPELINE,YES
src/data/queries/index.ts,BOTH,DATA_PIPELINE,YES
src/data/queries/players.ts,BOTH,DATA_PIPELINE,YES
src/data/queries/teams.ts,BOTH,DATA_PIPELINE,YES
src/data/transformers/espn.ts,BOTH,DATA_PIPELINE,YES
src/data/transformers/index.ts,BOTH,DATA_PIPELINE,YES
src/data/transformers/local.ts,BOTH,DATA_PIPELINE,YES
src/data/transformers/nba.ts,BOTH,DATA_PIPELINE,YES
src/data/types/index.ts,BOTH,API_CONTRACT,YES
src/data/types/player-game.ts,BOTH,API_CONTRACT,YES
src/data/types/player-season.ts,BOTH,API_CONTRACT,YES
src/data/types/team-season.ts,BOTH,API_CONTRACT,YES
docs/drbl-full-pipeline-audit.md,ANALYTICS_ONLY,OTHER,NO
docs/drbl-war-audit.md,ANALYTICS_ONLY,OTHER,NO
docs/player-ranking-audit.md,ANALYTICS_ONLY,LEADERBOARD_LOGIC,NO
docs/public-tracking-data.md,ANALYTICS_ONLY,OTHER,NO
docs/sequential-attribution-audit.md,ANALYTICS_ONLY,OTHER,NO
drbl/constants.ts,ANALYTICS_ONLY,MODEL_LOGIC,NO
drbl/download/atomic-json.ts,ANALYTICS_ONLY,MODEL_LOGIC,NO
drbl/download/cdn-client.ts,ANALYTICS_ONLY,MODEL_LOGIC,NO
drbl/download/disk-cache.ts,ANALYTICS_ONLY,MODEL_LOGIC,NO
drbl/download/import-lock.ts,ANALYTICS_ONLY,MODEL_LOGIC,NO
drbl/download/season-games.ts,ANALYTICS_ONLY,MODEL_LOGIC,NO
drbl/download/stats-boxscore-adapt.ts,ANALYTICS_ONLY,MODEL_LOGIC,NO
drbl/evaluation/__tests__/fusion-constraint.test.ts,ANALYTICS_ONLY,MODEL_LOGIC,NO
drbl/evaluation/__tests__/m16b-evaluation.test.ts,ANALYTICS_ONLY,MODEL_LOGIC,NO
drbl/evaluation/fixed-vs-refit.ts,ANALYTICS_ONLY,MODEL_LOGIC,NO
drbl/evaluation/m16c-dataset.ts,ANALYTICS_ONLY,MODEL_LOGIC,NO
drbl/evaluation/metrics.ts,ANALYTICS_ONLY,MODEL_LOGIC,NO
drbl/evaluation/protocol.ts,ANALYTICS_ONLY,MODEL_LOGIC,NO
drbl/evaluation/registry.ts,ANALYTICS_ONLY,MODEL_LOGIC,NO
drbl/evaluation/reserved-test.ts,ANALYTICS_ONLY,MODEL_LOGIC,NO
drbl/evaluation/splits.ts,ANALYTICS_ONLY,MODEL_LOGIC,NO
drbl/historical/__tests__/m17a-registry-adapter.test.ts,ANALYTICS_ONLY,MODEL_LOGIC,NO
drbl/historical/adapters/nba-cdn-playbyplayv3.ts,ANALYTICS_ONLY,MODEL_LOGIC,NO
drbl/historical/normalized-event-schema.ts,ANALYTICS_ONLY,MODEL_LOGIC,NO
drbl/historical/season-registry.ts,ANALYTICS_ONLY,MODEL_LOGIC,NO
drbl/index.ts,ANALYTICS_ONLY,MODEL_LOGIC,NO
drbl/ingest/normalize.ts,ANALYTICS_ONLY,MODEL_LOGIC,NO
drbl/models/__tests__/ability-lineage.test.ts,ANALYTICS_ONLY,MODEL_LOGIC,NO
drbl/models/__tests__/attribution-weights.test.ts,ANALYTICS_ONLY,MODEL_LOGIC,NO
drbl/models/__tests__/behavior.test.ts,ANALYTICS_ONLY,MODEL_LOGIC,NO
drbl/models/__tests__/board-provenance.test.ts,ANALYTICS_ONLY,MODEL_LOGIC,NO
drbl/models/__tests__/continuation-value.test.ts,ANALYTICS_ONLY,MODEL_LOGIC,NO
drbl/models/__tests__/fusion-oof.test.ts,ANALYTICS_ONLY,MODEL_LOGIC,NO
drbl/models/__tests__/leaderboard.test.ts,ANALYTICS_ONLY,MODEL_LOGIC,NO
drbl/models/__tests__/leverage.test.ts,ANALYTICS_ONLY,MODEL_LOGIC,NO
drbl/models/__tests__/lineup-model.test.ts,ANALYTICS_ONLY,MODEL_LOGIC,NO
drbl/models/__tests__/pipeline-value.test.ts,ANALYTICS_ONLY,MODEL_LOGIC,NO
drbl/models/__tests__/ranking-forensics.test.ts,ANALYTICS_ONLY,MODEL_LOGIC,NO
drbl/models/__tests__/replacement.test.ts,ANALYTICS_ONLY,MODEL_LOGIC,NO
drbl/models/__tests__/research-ability-v1.test.ts,ANALYTICS_ONLY,MODEL_LOGIC,NO
drbl/models/__tests__/research-direct-quantile-uncertainty-v2.test.ts,ANALYTICS_ONLY,MODEL_LOGIC,NO
drbl/models/__tests__/research-monotone-conditional-uncertainty-v3.test.ts,ANALYTICS_ONLY,MODEL_LOGIC,NO
drbl/models/__tests__/research-predictive-uncertainty-v1.test.ts,ANALYTICS_ONLY,MODEL_LOGIC,NO
drbl/models/__tests__/research-rate-v1.test.ts,ANALYTICS_ONLY,MODEL_LOGIC,NO
drbl/models/__tests__/research-reliability-features-v1.test.ts,ANALYTICS_ONLY,MODEL_LOGIC,NO
drbl/models/__tests__/research-reliability-uncertainty-v2.test.ts,ANALYTICS_ONLY,MODEL_LOGIC,NO
drbl/models/__tests__/sequential-attribution.test.ts,ANALYTICS_ONLY,MODEL_LOGIC,NO
drbl/models/__tests__/shot-decision.test.ts,ANALYTICS_ONLY,MODEL_LOGIC,NO
drbl/models/__tests__/ui-metric-integrity.test.ts,ANALYTICS_ONLY,MODEL_LOGIC,NO
drbl/models/__tests__/uncertainty.test.ts,ANALYTICS_ONLY,MODEL_LOGIC,NO
drbl/models/__tests__/validated-ability-v1.test.ts,ANALYTICS_ONLY,MODEL_LOGIC,NO
drbl/models/__tests__/validated-percentile-eligibility-v1.test.ts,ANALYTICS_ONLY,MODEL_LOGIC,NO
drbl/models/__tests__/war.test.ts,ANALYTICS_ONLY,MODEL_LOGIC,NO
drbl/models/__tests__/war-dimensional.test.ts,ANALYTICS_ONLY,MODEL_LOGIC,NO
drbl/models/__tests__/war-math.test.ts,ANALYTICS_ONLY,MODEL_LOGIC,NO
drbl/models/__tests__/war-team-stint-allocation-v1.test.ts,ANALYTICS_ONLY,MODEL_LOGIC,NO
drbl/models/__tests__/war-unit-repair.test.ts,ANALYTICS_ONLY,MODEL_LOGIC,NO
drbl/models/__tests__/war-units.test.ts,ANALYTICS_ONLY,MODEL_LOGIC,NO
drbl/models/ability-lineage.ts,ANALYTICS_ONLY,MODEL_LOGIC,NO
drbl/models/behavior.ts,ANALYTICS_ONLY,MODEL_LOGIC,NO
drbl/models/board-provenance.ts,ANALYTICS_ONLY,MODEL_LOGIC,NO
drbl/models/compute-season.ts,ANALYTICS_ONLY,MODEL_LOGIC,NO
drbl/models/continuation-value.ts,ANALYTICS_ONLY,MODEL_LOGIC,NO
drbl/models/counterfactual-epv-v1.ts,ANALYTICS_ONLY,MODEL_LOGIC,NO
drbl/models/epv-data.ts,ANALYTICS_ONLY,MODEL_LOGIC,NO
drbl/models/epv-model.ts,ANALYTICS_ONLY,MODEL_LOGIC,NO
drbl/models/expected-points.ts,ANALYTICS_ONLY,MODEL_LOGIC,NO
drbl/models/fusion.ts,ANALYTICS_ONLY,MODEL_LOGIC,NO
drbl/models/leaderboard.ts,ANALYTICS_ONLY,MODEL_LOGIC,NO
drbl/models/leverage.ts,ANALYTICS_ONLY,MODEL_LOGIC,NO
drbl/models/lineup-model.ts,ANALYTICS_ONLY,MODEL_LOGIC,NO
drbl/models/paired-possessions.ts,ANALYTICS_ONLY,MODEL_LOGIC,NO
drbl/models/pipeline-value.ts,ANALYTICS_ONLY,MODEL_LOGIC,NO
drbl/models/player-value.ts,ANALYTICS_ONLY,MODEL_LOGIC,NO
drbl/models/public-tracking.ts,ANALYTICS_ONLY,MODEL_LOGIC,NO
drbl/models/r1-value-v1.ts,ANALYTICS_ONLY,MODEL_LOGIC,NO
drbl/models/ranking-config.ts,ANALYTICS_ONLY,MODEL_LOGIC,NO
drbl/models/replacement.ts,ANALYTICS_ONLY,MODEL_LOGIC,NO
drbl/models/research-ability-v1.ts,ANALYTICS_ONLY,MODEL_LOGIC,NO
drbl/models/research-direct-quantile-uncertainty-v2.ts,ANALYTICS_ONLY,MODEL_LOGIC,NO
drbl/models/research-monotone-conditional-uncertainty-v3.ts,ANALYTICS_ONLY,MODEL_LOGIC,NO
drbl/models/research-predictive-uncertainty-v1.ts,ANALYTICS_ONLY,MODEL_LOGIC,NO
drbl/models/research-rate-v1.ts,ANALYTICS_ONLY,MODEL_LOGIC,NO
drbl/models/research-reliability-features-v1.ts,ANALYTICS_ONLY,MODEL_LOGIC,NO
drbl/models/research-reliability-uncertainty-v2.ts,ANALYTICS_ONLY,MODEL_LOGIC,NO
drbl/models/sequential-attribution.ts,ANALYTICS_ONLY,MODEL_LOGIC,NO
drbl/models/shot-components.ts,ANALYTICS_ONLY,MODEL_LOGIC,NO
drbl/models/shot-decision.ts,ANALYTICS_ONLY,MODEL_LOGIC,NO
drbl/models/uncertainty.ts,ANALYTICS_ONLY,MODEL_LOGIC,NO
drbl/models/validated-ability-cutover.ts,ANALYTICS_ONLY,MODEL_LOGIC,NO
drbl/models/validated-ability-v1.ts,ANALYTICS_ONLY,MODEL_LOGIC,NO
drbl/models/validated-percentile-eligibility-v1.ts,ANALYTICS_ONLY,MODEL_LOGIC,NO
drbl/models/war.ts,ANALYTICS_ONLY,MODEL_LOGIC,NO
drbl/models/war-math.ts,ANALYTICS_ONLY,MODEL_LOGIC,NO
drbl/models/war-team-stint-allocation-v1.ts,ANALYTICS_ONLY,MODEL_LOGIC,NO
drbl/models/war-units.ts,ANALYTICS_ONLY,MODEL_LOGIC,NO
drbl/PLAN.md,ANALYTICS_ONLY,MODEL_LOGIC,NO
drbl/possessions/__tests__/possession-edge-cases.test.ts,ANALYTICS_ONLY,MODEL_LOGIC,NO
drbl/possessions/reconcile.ts,ANALYTICS_ONLY,MODEL_LOGIC,NO
drbl/possessions/reconcile-lineups.ts,ANALYTICS_ONLY,MODEL_LOGIC,NO
drbl/possessions/reconstruct-lineups.ts,ANALYTICS_ONLY,MODEL_LOGIC,NO
drbl/possessions/reconstruct-possessions.ts,ANALYTICS_ONLY,MODEL_LOGIC,NO
drbl/README.md,ANALYTICS_ONLY,MODEL_LOGIC,NO
drbl/research/m18/__tests__/m18-lineup-uir.test.ts,ANALYTICS_ONLY,MODEL_LOGIC,NO
drbl/research/m18/lineup-impact.ts,ANALYTICS_ONLY,MODEL_LOGIC,NO
drbl/research/m18/uir.ts,ANALYTICS_ONLY,MODEL_LOGIC,NO
drbl/types.ts,ANALYTICS_ONLY,MODEL_LOGIC,NO
outputs/_audit_run.log,ANALYTICS_ONLY,OTHER,NO
outputs/_pipeline_run.log,ANALYTICS_ONLY,OTHER,NO
outputs/drbl_field_lineage.json,ANALYTICS_ONLY,OTHER,NO
outputs/drbl_pipeline_audit_summary.json,ANALYTICS_ONLY,OTHER,NO
outputs/drbl_pipeline_corrected.csv,ANALYTICS_ONLY,OTHER,NO
outputs/drbl_war_audit.csv,ANALYTICS_ONLY,OTHER,NO
outputs/drbl_war_audit_summary.json,ANALYTICS_ONLY,OTHER,NO
outputs/drbl_war_before_after.csv,ANALYTICS_ONLY,OTHER,NO
outputs/drbl_war_corrected.csv,ANALYTICS_ONLY,OTHER,NO
outputs/drbl_war_player_diagnostics.csv,ANALYTICS_ONLY,OTHER,NO
outputs/drbl_war_player_diagnostics_summary.json,ANALYTICS_ONLY,OTHER,NO
outputs/drbl_war_replacement_by_archetype.csv,ANALYTICS_ONLY,OTHER,NO
outputs/drbl_war_replacement_by_position.csv,ANALYTICS_ONLY,OTHER,NO
outputs/drbl_war_replacement_by_team.csv,ANALYTICS_ONLY,OTHER,NO
reports/experiments/registry.jsonl,ANALYTICS_ONLY,OTHER,NO
reports/integration/00_branch_inventory.md,ANALYTICS_ONLY,OTHER,NO
reports/integration/01_premerge_freeze.json,ANALYTICS_ONLY,OTHER,NO
reports/m15/01_implementation_audit.md,ANALYTICS_ONLY,OTHER,NO
reports/m15/02_leaderboard_diagnostics.csv,ANALYTICS_ONLY,LEADERBOARD_LOGIC,NO
reports/m15/03_component_decomposition.csv,ANALYTICS_ONLY,OTHER,NO
reports/m15/04_sample_size_analysis.csv,ANALYTICS_ONLY,OTHER,NO
reports/m15/05_shrinkage_analysis.csv,ANALYTICS_ONLY,OTHER,NO
reports/m15/06_team_contamination.csv,ANALYTICS_ONLY,OTHER,NO
reports/m15/07_replacement_analysis.csv,ANALYTICS_ONLY,OTHER,NO
reports/m15/08_defensive_ablation.csv,ANALYTICS_ONLY,OTHER,NO
reports/m15/09_lineup_audit.csv,ANALYTICS_ONLY,OTHER,NO
reports/m15/10_behavior_feature_audit.csv,ANALYTICS_ONLY,OTHER,NO
reports/m15/11_leakage_report.csv,ANALYTICS_ONLY,OTHER,NO
reports/m15/12_fusion_validation.csv,ANALYTICS_ONLY,OTHER,NO
reports/m15/13_war_validation.csv,ANALYTICS_ONLY,OTHER,NO
reports/m15/14_war_multi_season_calibration.csv,ANALYTICS_ONLY,OTHER,NO
reports/m15/15_leverage_validation.csv,ANALYTICS_ONLY,OTHER,NO
reports/m15/16_full_benchmark.csv,ANALYTICS_ONLY,OTHER,NO
reports/m15/17_ablation_results.csv,ANALYTICS_ONLY,OTHER,NO
reports/m15/18_m6_validation.csv,ANALYTICS_ONLY,OTHER,NO
reports/m15/19_final_recommendations.md,ANALYTICS_ONLY,OTHER,NO
reports/m15/19_suspicious_and_star_focus.csv,ANALYTICS_ONLY,OTHER,NO
reports/m15/20_final_recommendations.md,ANALYTICS_ONLY,OTHER,NO
reports/m15/21_finding_classifications.csv,ANALYTICS_ONLY,OTHER,NO
reports/m15/22_a1_a2_path_repair.md,ANALYTICS_ONLY,OTHER,NO
reports/m15/charts/component_population.svg,ANALYTICS_ONLY,OTHER,NO
reports/m15/charts/drbl_vs_possessions.svg,ANALYTICS_ONLY,OTHER,NO
reports/m15/charts/offense_vs_defense.svg,ANALYTICS_ONLY,OTHER,NO
reports/m15/charts/raw_vs_posterior.svg,ANALYTICS_ONLY,OTHER,NO
reports/m15/charts/war_vs_possessions.svg,ANALYTICS_ONLY,OTHER,NO
reports/m15/freeze/00_model_freeze.json,ANALYTICS_ONLY,OTHER,NO
reports/m15/freeze/00_model_freeze_live.json,ANALYTICS_ONLY,OTHER,NO
reports/m15/freeze/behavior-2024-25.json,ANALYTICS_ONLY,OTHER,NO
reports/m15/freeze/behavior-2025-26.json,ANALYTICS_ONLY,OTHER,NO
reports/m15/freeze/epv-coeffs.json,ANALYTICS_ONLY,OTHER,NO
reports/m15/freeze/fusion-2024-25.json,ANALYTICS_ONLY,OTHER,NO
reports/m15/freeze/fusion-2025-26.json,ANALYTICS_ONLY,OTHER,NO
reports/m15/freeze/leverage-2024-25.json,ANALYTICS_ONLY,OTHER,NO
reports/m15/freeze/leverage-2025-26.json,ANALYTICS_ONLY,OTHER,NO
reports/m15/freeze/lineup-2024-25.json,ANALYTICS_ONLY,OTHER,NO
reports/m15/freeze/lineup-2025-26.json,ANALYTICS_ONLY,OTHER,NO
reports/m15/freeze/precomputed-2024-25.json,ANALYTICS_ONLY,OTHER,NO
reports/m15/freeze/precomputed-2024-25.live.json,ANALYTICS_ONLY,OTHER,NO
reports/m15/freeze/precomputed-2025-26.json,ANALYTICS_ONLY,OTHER,NO
reports/m15/freeze/precomputed-2025-26.live.json,ANALYTICS_ONLY,OTHER,NO
reports/m15/freeze/uncertainty-2024-25.json,ANALYTICS_ONLY,OTHER,NO
reports/m15/freeze/uncertainty-2025-26.json,ANALYTICS_ONLY,OTHER,NO
reports/m15/freeze/war-2024-25.json,ANALYTICS_ONLY,OTHER,NO
reports/m15/freeze/war-2025-26.json,ANALYTICS_ONLY,OTHER,NO
reports/m16a/00_freeze.json,ANALYTICS_ONLY,MODEL_LOGIC,NO
reports/m16a/01_full_sample_inventory.md,ANALYTICS_ONLY,MODEL_LOGIC,NO
reports/m16a/02_lineage_validation.csv,ANALYTICS_ONLY,MODEL_LOGIC,NO
reports/m16a/03_component_distributions.csv,ANALYTICS_ONLY,MODEL_LOGIC,NO
reports/m16a/04_component_correlations.csv,ANALYTICS_ONLY,MODEL_LOGIC,NO
reports/m16a/05_fusion_deltas.csv,ANALYTICS_ONLY,MODEL_LOGIC,NO
reports/m16a/06_posterior_shrinkage.csv,ANALYTICS_ONLY,MODEL_LOGIC,NO
reports/m16a/07_top_bottom_decomposition.csv,ANALYTICS_ONLY,MODEL_LOGIC,NO
reports/m16a/08_400_vs_full_player_comparison.csv,ANALYTICS_ONLY,MODEL_LOGIC,NO
reports/m16a/09_rank_stability.csv,ANALYTICS_ONLY,MODEL_LOGIC,NO
reports/m16a/10_component_convergence.csv,ANALYTICS_ONLY,MODEL_LOGIC,NO
reports/m16a/11_sample_size_stability.csv,ANALYTICS_ONLY,MODEL_LOGIC,NO
reports/m16a/12_team_clustering.csv,ANALYTICS_ONLY,MODEL_LOGIC,NO
reports/m16a/13_archetype_diagnostics.csv,ANALYTICS_ONLY,MODEL_LOGIC,NO
reports/m16a/14_m6_standalone_diagnostics.csv,ANALYTICS_ONLY,MODEL_LOGIC,NO
reports/m16a/15_war_stability.csv,ANALYTICS_ONLY,MODEL_LOGIC,NO
reports/m16a/16_model_health.json,ANALYTICS_ONLY,MODEL_LOGIC,NO
reports/m16a/17_full_audit.md,ANALYTICS_ONLY,MODEL_LOGIC,NO
reports/m16a/18_focus_movers_decomposition.csv,ANALYTICS_ONLY,MODEL_LOGIC,NO
reports/m16a/artifacts/full-2024-25.json,ANALYTICS_ONLY,MODEL_LOGIC,NO
reports/m16a/artifacts/full-2025-26.json,ANALYTICS_ONLY,MODEL_LOGIC,NO
reports/m16a/charts/2024-25_400_vs_full_drbl100.svg,ANALYTICS_ONLY,MODEL_LOGIC,NO
reports/m16a/charts/2024-25_400_vs_full_rank.svg,ANALYTICS_ONLY,MODEL_LOGIC,NO
reports/m16a/charts/2024-25_P_vs_LN.svg,ANALYTICS_ONLY,MODEL_LOGIC,NO
reports/m16a/charts/2025-26_400_vs_full_drbl100.svg,ANALYTICS_ONLY,MODEL_LOGIC,NO
reports/m16a/charts/2025-26_400_vs_full_rank.svg,ANALYTICS_ONLY,MODEL_LOGIC,NO
reports/m16a/charts/2025-26_P_vs_LN.svg,ANALYTICS_ONLY,MODEL_LOGIC,NO
reports/m16a/freeze/repaired-400-2024-25.json,ANALYTICS_ONLY,MODEL_LOGIC,NO
reports/m16a/freeze/repaired-400-2025-26.json,ANALYTICS_ONLY,MODEL_LOGIC,NO
reports/m16b/00_freeze.json,ANALYTICS_ONLY,MODEL_LOGIC,NO
reports/m16b/01_data_inventory.csv,ANALYTICS_ONLY,MODEL_LOGIC,NO
reports/m16b/02_evaluation_protocol.md,ANALYTICS_ONLY,MODEL_LOGIC,NO
reports/m16b/03_split_summary.csv,ANALYTICS_ONLY,MODEL_LOGIC,NO
reports/m16b/04_split_game_ids.csv,ANALYTICS_ONLY,MODEL_LOGIC,NO
reports/m16b/05_split_distribution_diagnostics.csv,ANALYTICS_ONLY,MODEL_LOGIC,NO
reports/m16b/06_target_definitions.md,ANALYTICS_ONLY,MODEL_LOGIC,NO
reports/m16b/07_target_leakage_audit.json,ANALYTICS_ONLY,MODEL_LOGIC,NO
reports/m16b/08_oof_fold_assignments.csv,ANALYTICS_ONLY,MODEL_LOGIC,NO
reports/m16b/09_oof_fold_models.json,ANALYTICS_ONLY,MODEL_LOGIC,NO
reports/m16b/10_oof_predictions.csv,ANALYTICS_ONLY,MODEL_LOGIC,NO
reports/m16b/11_oof_reconstruction.csv,ANALYTICS_ONLY,MODEL_LOGIC,NO
reports/m16b/12_fixed_fit_vs_refit.md,ANALYTICS_ONLY,MODEL_LOGIC,NO
reports/m16b/13_fixed_fit_vs_refit_players.csv,ANALYTICS_ONLY,MODEL_LOGIC,NO
reports/m16b/14_metric_contract.json,ANALYTICS_ONLY,MODEL_LOGIC,NO
reports/m16b/15_model_selection_rules.md,ANALYTICS_ONLY,MODEL_LOGIC,NO
reports/m16b/16_reserved_test_policy.md,ANALYTICS_ONLY,MODEL_LOGIC,NO
reports/m16b/17_experiment_registry_snapshot.jsonl,ANALYTICS_ONLY,MODEL_LOGIC,NO
reports/m16b/18_baseline_experiment.json,ANALYTICS_ONLY,MODEL_LOGIC,NO
reports/m16b/19_future_ablation_manifest.json,ANALYTICS_ONLY,MODEL_LOGIC,NO
reports/m16b/20_reproducibility_report.md,ANALYTICS_ONLY,MODEL_LOGIC,NO
reports/m16b/21_model_health.json,ANALYTICS_ONLY,MODEL_LOGIC,NO
reports/m16b/22_full_audit.md,ANALYTICS_ONLY,MODEL_LOGIC,NO
reports/m16b/freeze/00_m16a_model_freeze.json,ANALYTICS_ONLY,MODEL_LOGIC,NO
reports/m16b/freeze/m16a-400-2024-25.json,ANALYTICS_ONLY,MODEL_LOGIC,NO
reports/m16b/freeze/m16a-400-2025-26.json,ANALYTICS_ONLY,MODEL_LOGIC,NO
reports/m16b/freeze/m16a-full-2024-25.json,ANALYTICS_ONLY,MODEL_LOGIC,NO
reports/m16b/freeze/m16a-full-2025-26.json,ANALYTICS_ONLY,MODEL_LOGIC,NO
reports/m16b/oof/demo_fold_models.json,ANALYTICS_ONLY,MODEL_LOGIC,NO
reports/m16b/reserved_test_access_log.jsonl,ANALYTICS_ONLY,MODEL_LOGIC,NO
reports/m16b/splits/reserved_test_game_ids.json,ANALYTICS_ONLY,MODEL_LOGIC,NO
reports/m16b/splits/train_game_ids.json,ANALYTICS_ONLY,MODEL_LOGIC,NO
reports/m16b/splits/validation_game_ids.json,ANALYTICS_ONLY,MODEL_LOGIC,NO
reports/m16b1/00_production_board_freeze.json,ANALYTICS_ONLY,MODEL_LOGIC,NO
reports/m16b1/01_board_dataflow.md,ANALYTICS_ONLY,MODEL_LOGIC,NO
reports/m16b1/02_player_universe_reconciliation.csv,ANALYTICS_ONLY,MODEL_LOGIC,NO
reports/m16b1/03_war_row_lineage.csv,ANALYTICS_ONLY,MODEL_LOGIC,NO
reports/m16b1/04_drbl_row_lineage.csv,ANALYTICS_ONLY,MODEL_LOGIC,NO
reports/m16b1/05_generation_reconciliation.csv,ANALYTICS_ONLY,MODEL_LOGIC,NO
reports/m16b1/06_board_vs_artifact.csv,ANALYTICS_ONLY,MODEL_LOGIC,NO
reports/m16b1/07_2025_26_war_source.md,ANALYTICS_ONLY,MODEL_LOGIC,NO
reports/m16b1/08_board_provenance.json,ANALYTICS_ONLY,MODEL_LOGIC,NO
reports/m16b1/09_model_health.json,ANALYTICS_ONLY,MODEL_LOGIC,NO
reports/m16b1/10_full_audit.md,ANALYTICS_ONLY,MODEL_LOGIC,NO
reports/m16b1/freeze/m16a-full-2025-26.json,ANALYTICS_ONLY,MODEL_LOGIC,NO
reports/m16b1/freeze/representative_traces.json,ANALYTICS_ONLY,MODEL_LOGIC,NO
reports/m16b1/freeze/site-2025-26.json,ANALYTICS_ONLY,MODEL_LOGIC,NO
reports/m16c/00_freeze.json,ANALYTICS_ONLY,MODEL_LOGIC,NO
reports/m16c/00b_component_distributions.csv,ANALYTICS_ONLY,MODEL_LOGIC,NO
reports/m16c/01_candidate_metrics.csv,ANALYTICS_ONLY,MODEL_LOGIC,NO
reports/m16c/02_incremental_signal.csv,ANALYTICS_ONLY,MODEL_LOGIC,NO
reports/m16c/03_fusion_weights.csv,ANALYTICS_ONLY,MODEL_LOGIC,NO
reports/m16c/04_fusion_weight_summary.csv,ANALYTICS_ONLY,MODEL_LOGIC,NO
reports/m16c/05_effective_component_contributions.csv,ANALYTICS_ONLY,MODEL_LOGIC,NO
reports/m16c/06_calibration.csv,ANALYTICS_ONLY,MODEL_LOGIC,NO
reports/m16c/07_posterior_ablation.csv,ANALYTICS_ONLY,MODEL_LOGIC,NO
reports/m16c/08_component_extremes.csv,ANALYTICS_ONLY,MODEL_LOGIC,NO
reports/m16c/09_selection_audit.md,ANALYTICS_ONLY,MODEL_LOGIC,NO
reports/m16c/10_component_redundancy.csv,ANALYTICS_ONLY,MODEL_LOGIC,NO
reports/m16c/11_bootstrap_comparisons.csv,ANALYTICS_ONLY,MODEL_LOGIC,NO
reports/m16c/12_model_health.json,ANALYTICS_ONLY,MODEL_LOGIC,NO
reports/m16c/13_full_audit.md,ANALYTICS_ONLY,MODEL_LOGIC,NO
reports/m16c/14_stop_summary.json,ANALYTICS_ONLY,MODEL_LOGIC,NO
reports/m16c/charts/P_pred_vs_actual.svg,ANALYTICS_ONLY,MODEL_LOGIC,NO
reports/m16c/charts/residual_vs_pred_P.svg,ANALYTICS_ONLY,MODEL_LOGIC,NO
reports/m16c/charts/winner_pred_vs_actual.svg,ANALYTICS_ONLY,MODEL_LOGIC,NO
reports/m16c/freeze/m16b_00_freeze.json,ANALYTICS_ONLY,MODEL_LOGIC,NO
reports/m16c/predictions/M16C_B.csv,ANALYTICS_ONLY,MODEL_LOGIC,NO
reports/m16c/predictions/M16C_LN.csv,ANALYTICS_ONLY,MODEL_LOGIC,NO
reports/m16c/predictions/M16C_LN_B.csv,ANALYTICS_ONLY,MODEL_LOGIC,NO
reports/m16c/predictions/M16C_P.csv,ANALYTICS_ONLY,MODEL_LOGIC,NO
reports/m16c/predictions/M16C_P_B.csv,ANALYTICS_ONLY,MODEL_LOGIC,NO
reports/m16c/predictions/M16C_P_LN.csv,ANALYTICS_ONLY,MODEL_LOGIC,NO
reports/m16c/predictions/M16C_P_LN_B.csv,ANALYTICS_ONLY,MODEL_LOGIC,NO
reports/m16d/00_freeze.json,ANALYTICS_ONLY,MODEL_LOGIC,NO
reports/m16d/00b_m6_distributions.csv,ANALYTICS_ONLY,MODEL_LOGIC,NO
reports/m16d/01_candidate_metrics.csv,ANALYTICS_ONLY,MODEL_LOGIC,NO
reports/m16d/02_m6_incremental_signal.csv,ANALYTICS_ONLY,MODEL_LOGIC,NO
reports/m16d/03_p_m6_weights.csv,ANALYTICS_ONLY,MODEL_LOGIC,NO
reports/m16d/04_weight_summary.csv,ANALYTICS_ONLY,MODEL_LOGIC,NO
reports/m16d/05_effective_contributions.csv,ANALYTICS_ONLY,MODEL_LOGIC,NO
reports/m16d/06_sample_size_subgroups.csv,ANALYTICS_ONLY,MODEL_LOGIC,NO
reports/m16d/07_m6_extremes.csv,ANALYTICS_ONLY,MODEL_LOGIC,NO
reports/m16d/08_posterior_robustness.csv,ANALYTICS_ONLY,MODEL_LOGIC,NO
reports/m16d/09_calibration.csv,ANALYTICS_ONLY,MODEL_LOGIC,NO
reports/m16d/10_selection_audit.md,ANALYTICS_ONLY,MODEL_LOGIC,NO
reports/m16d/11_bootstrap_comparisons.csv,ANALYTICS_ONLY,MODEL_LOGIC,NO
reports/m16d/12_model_health.json,ANALYTICS_ONLY,MODEL_LOGIC,NO
reports/m16d/13_full_audit.md,ANALYTICS_ONLY,MODEL_LOGIC,NO
reports/m16d/14_stop_summary.json,ANALYTICS_ONLY,MODEL_LOGIC,NO
reports/m16d/charts/delta_squared_error.svg,ANALYTICS_ONLY,MODEL_LOGIC,NO
reports/m16d/charts/M6_vs_residual_after_P.svg,ANALYTICS_ONLY,MODEL_LOGIC,NO
reports/m16d/charts/P_pred_vs_Y.svg,ANALYTICS_ONLY,MODEL_LOGIC,NO
reports/m16d/charts/PM6_pred_vs_Y.svg,ANALYTICS_ONLY,MODEL_LOGIC,NO
reports/m16d/charts/PM6_residual_vs_pred.svg,ANALYTICS_ONLY,MODEL_LOGIC,NO
reports/m16d/freeze/m16b_00_freeze.json,ANALYTICS_ONLY,MODEL_LOGIC,NO
reports/m16d/freeze/m16c_00_freeze.json,ANALYTICS_ONLY,MODEL_LOGIC,NO
reports/m16d/predictions/M16D_M6_ONLY.csv,ANALYTICS_ONLY,MODEL_LOGIC,NO
reports/m16d/predictions/M16D_P_BASE.csv,ANALYTICS_ONLY,MODEL_LOGIC,NO
reports/m16d/predictions/M16D_P_M6.csv,ANALYTICS_ONLY,MODEL_LOGIC,NO
reports/m16d/predictions/M16D_P_RESIDUAL_M6.csv,ANALYTICS_ONLY,MODEL_LOGIC,NO
reports/m16e0/00_freeze.json,ANALYTICS_ONLY,MODEL_LOGIC,NO
reports/m16e0/01_war_dataflow.md,ANALYTICS_ONLY,MODEL_LOGIC,NO
reports/m16e0/02_war_unit_ledger.csv,ANALYTICS_ONLY,MODEL_LOGIC,NO
reports/m16e0/03_exposure_identity.csv,ANALYTICS_ONLY,MODEL_LOGIC,NO
reports/m16e0/04_war_reconstruction.csv,ANALYTICS_ONLY,MODEL_LOGIC,NO
reports/m16e0/05_war_counterfactual_decomposition.csv,ANALYTICS_ONLY,MODEL_LOGIC,NO
reports/m16e0/06_cross_season_war_architecture.csv,ANALYTICS_ONLY,MODEL_LOGIC,NO
reports/m16e0/07_team_war_accounting.csv,ANALYTICS_ONLY,MODEL_LOGIC,NO
reports/m16e0/08_war_inflation_flags.json,ANALYTICS_ONLY,MODEL_LOGIC,NO
reports/m16e0/09_representative_war_traces.json,ANALYTICS_ONLY,MODEL_LOGIC,NO
reports/m16e0/10_m6_practical_significance.md,ANALYTICS_ONLY,MODEL_LOGIC,NO
reports/m16e0/11_metric_noise_estimate.csv,ANALYTICS_ONLY,MODEL_LOGIC,NO
reports/m16e0/12_p_calibration_diagnostics.csv,ANALYTICS_ONLY,MODEL_LOGIC,NO
reports/m16e0/13_posterior_technical_debt.md,ANALYTICS_ONLY,MODEL_LOGIC,NO
reports/m16e0/14_approach_ab_readiness.md,ANALYTICS_ONLY,MODEL_LOGIC,NO
reports/m16e0/15_model_health.json,ANALYTICS_ONLY,MODEL_LOGIC,NO
reports/m16e0/16_full_audit.md,ANALYTICS_ONLY,MODEL_LOGIC,NO
reports/m16e0/17_stop_summary.json,ANALYTICS_ONLY,MODEL_LOGIC,NO
reports/m16e0/charts/current_vs_posterior_direct_war.svg,ANALYTICS_ONLY,MODEL_LOGIC,NO
reports/m16e0/charts/drbl100_vs_war.svg,ANALYTICS_ONLY,MODEL_LOGIC,NO
reports/m16e0/charts/p_calibration_deciles.svg,ANALYTICS_ONLY,MODEL_LOGIC,NO
reports/m16e0/charts/possessions_vs_war.svg,ANALYTICS_ONLY,MODEL_LOGIC,NO
reports/m16e0/charts/posterior_vs_finalAbility.svg,ANALYTICS_ONLY,MODEL_LOGIC,NO
reports/m16e0/charts/team_war_vs_wins.svg,ANALYTICS_ONLY,MODEL_LOGIC,NO
reports/m16e0/freeze/site-2024-25.json,ANALYTICS_ONLY,MODEL_LOGIC,NO
reports/m16e0/freeze/site-2025-26.json,ANALYTICS_ONLY,MODEL_LOGIC,NO
reports/m16e1/00_freeze.json,ANALYTICS_ONLY,MODEL_LOGIC,NO
reports/m16e1/01_exposure_conventions.csv,ANALYTICS_ONLY,MODEL_LOGIC,NO
reports/m16e1/01b_exposure_ratio_by_team.csv,ANALYTICS_ONLY,MODEL_LOGIC,NO
reports/m16e1/02_candidate_war.csv,ANALYTICS_ONLY,MODEL_LOGIC,NO
reports/m16e1/03_production_inflation_factor.csv,ANALYTICS_ONLY,MODEL_LOGIC,NO
reports/m16e1/04_rate_conversion_identity.csv,ANALYTICS_ONLY,MODEL_LOGIC,NO
reports/m16e1/05_candidate_equivalence.csv,ANALYTICS_ONLY,MODEL_LOGIC,NO
reports/m16e1/06_replacement_unit_conversion.csv,ANALYTICS_ONLY,MODEL_LOGIC,NO
reports/m16e1/07_loo_scale_decomposition.csv,ANALYTICS_ONLY,MODEL_LOGIC,NO
reports/m16e1/08_team_accounting.csv,ANALYTICS_ONLY,MODEL_LOGIC,NO
reports/m16e1/09_calibration_stability.csv,ANALYTICS_ONLY,MODEL_LOGIC,NO
reports/m16e1/10_representative_traces.json,ANALYTICS_ONLY,MODEL_LOGIC,NO
reports/m16e1/11_dimensional_health.json,ANALYTICS_ONLY,MODEL_LOGIC,NO
reports/m16e1/12_war_repair_candidate.md,ANALYTICS_ONLY,MODEL_LOGIC,NO
reports/m16e1/13_full_audit.md,ANALYTICS_ONLY,MODEL_LOGIC,NO
reports/m16e1/charts/exposure_ratio_hist.svg,ANALYTICS_ONLY,MODEL_LOGIC,NO
reports/m16e1/charts/inflation_factor.svg,ANALYTICS_ONLY,MODEL_LOGIC,NO
reports/m16e1/charts/loo_slope_sensitivity.svg,ANALYTICS_ONLY,MODEL_LOGIC,NO
reports/m16e1/charts/n_combined_vs_n_paired.svg,ANALYTICS_ONLY,MODEL_LOGIC,NO
reports/m16e1/charts/paired_vs_combined_converted.svg,ANALYTICS_ONLY,MODEL_LOGIC,NO
reports/m16e1/charts/production_vs_paired_war.svg,ANALYTICS_ONLY,MODEL_LOGIC,NO
reports/m16e1/charts/team_paired_war_vs_wins.svg,ANALYTICS_ONLY,MODEL_LOGIC,NO
reports/m16e1/charts/team_production_war_vs_wins.svg,ANALYTICS_ONLY,MODEL_LOGIC,NO
reports/m16e1/freeze/paired-possessions-cache.json,ANALYTICS_ONLY,MODEL_LOGIC,NO
reports/m16e1/freeze/site-2024-25.json,ANALYTICS_ONLY,MODEL_LOGIC,NO
reports/m16e1-deploy/00_unit_repair_deploy.json,ANALYTICS_ONLY,MODEL_LOGIC,NO
reports/m16e1-deploy/01_representative_war.csv,ANALYTICS_ONLY,MODEL_LOGIC,NO
reports/m16e1-deploy/02_deploy_notes.md,ANALYTICS_ONLY,MODEL_LOGIC,NO
reports/m16e1-deploy/freeze/2024-25-post-4.0.1.json,ANALYTICS_ONLY,MODEL_LOGIC,NO
reports/m16e1-deploy/freeze/2024-25-pre-4.0.1.json,ANALYTICS_ONLY,MODEL_LOGIC,NO
reports/m16e1-deploy/freeze/m16a-full-2024-25-pre-4.0.1.json,ANALYTICS_ONLY,MODEL_LOGIC,NO
reports/m16f/00_freeze.json,ANALYTICS_ONLY,MODEL_LOGIC,NO
reports/m16f/01_approach_specification.md,ANALYTICS_ONLY,MODEL_LOGIC,NO
reports/m16f/13_model_health.json,ANALYTICS_ONLY,MODEL_LOGIC,NO
reports/m16f/15_full_audit.md,ANALYTICS_ONLY,MODEL_LOGIC,NO
reports/m16f0/00_freeze.json,ANALYTICS_ONLY,MODEL_LOGIC,NO
reports/m16f0/01_epv_infrastructure_inventory.md,ANALYTICS_ONLY,MODEL_LOGIC,NO
reports/m16f0/02_epv_feature_audit.csv,ANALYTICS_ONLY,MODEL_LOGIC,NO
reports/m16f0/03_replacement_compatibility.csv,ANALYTICS_ONLY,MODEL_LOGIC,NO
reports/m16f0/04_state_definition.md,ANALYTICS_ONLY,MODEL_LOGIC,NO
reports/m16f0/05_local_counterfactual_identity.csv,ANALYTICS_ONLY,MODEL_LOGIC,NO
reports/m16f0/06_approach_a_spec_v1.md,ANALYTICS_ONLY,MODEL_LOGIC,NO
reports/m16f0/07_a_vs_b_conceptual_contract.md,ANALYTICS_ONLY,MODEL_LOGIC,NO
reports/m16f0/08_support_coverage.csv,ANALYTICS_ONLY,MODEL_LOGIC,NO
reports/m16f0/09_compute_cost.json,ANALYTICS_ONLY,MODEL_LOGIC,NO
reports/m16f0/10_prototype_examples.json,ANALYTICS_ONLY,MODEL_LOGIC,NO
reports/m16f0/11_model_health.json,ANALYTICS_ONLY,MODEL_LOGIC,NO
reports/m16f0/12_full_audit.md,ANALYTICS_ONLY,MODEL_LOGIC,NO
reports/m16f1/00_freeze.json,ANALYTICS_ONLY,MODEL_LOGIC,NO
reports/m16f1/01_engine_split.json,ANALYTICS_ONLY,MODEL_LOGIC,NO
reports/m16f1/02_epv_target_definition.md,ANALYTICS_ONLY,MODEL_LOGIC,NO
reports/m16f1/03_feature_contract.md,ANALYTICS_ONLY,MODEL_LOGIC,NO
reports/m16f1/04_counterfactual_decomposition.csv,ANALYTICS_ONLY,MODEL_LOGIC,NO
reports/m16f1/05_context_sensitivity.csv,ANALYTICS_ONLY,MODEL_LOGIC,NO
reports/m16f1/06_local_identity.csv,ANALYTICS_ONLY,MODEL_LOGIC,NO
reports/m16f1/07_permutation_sanity.csv,ANALYTICS_ONLY,MODEL_LOGIC,NO
reports/m16f1/08_epv_model_card.md,ANALYTICS_ONLY,MODEL_LOGIC,NO
reports/m16f1/09_epv_metrics.csv,ANALYTICS_ONLY,MODEL_LOGIC,NO
reports/m16f1/10_epv_calibration.csv,ANALYTICS_ONLY,MODEL_LOGIC,NO
reports/m16f1/11_support_coverage.csv,ANALYTICS_ONLY,MODEL_LOGIC,NO
reports/m16f1/12_player_signal_diagnostics.csv,ANALYTICS_ONLY,MODEL_LOGIC,NO
reports/m16f1/13_defense_diagnostics.csv,ANALYTICS_ONLY,MODEL_LOGIC,NO
reports/m16f1/14_model_health.json,ANALYTICS_ONLY,MODEL_LOGIC,NO
reports/m16f1/15_full_audit.md,ANALYTICS_ONLY,MODEL_LOGIC,NO
reports/m16f1/charts/holdout_rmse.json,ANALYTICS_ONLY,MODEL_LOGIC,NO
reports/m16f1/prototype_examples/sample_counterfactuals.json,ANALYTICS_ONLY,MODEL_LOGIC,NO
reports/m16f1b/00_freeze.json,ANALYTICS_ONLY,MODEL_LOGIC,NO
reports/m16f1b/01_m16f1_reproduction.json,ANALYTICS_ONLY,MODEL_LOGIC,NO
reports/m16f1b/02_support_failure_reasons.csv,ANALYTICS_ONLY,MODEL_LOGIC,NO
reports/m16f1b/03_unseen_player_audit.csv,ANALYTICS_ONLY,MODEL_LOGIC,NO
reports/m16f1b/04_reference_panel.json,ANALYTICS_ONLY,MODEL_LOGIC,NO
reports/m16f1b/05_player_stability.csv,ANALYTICS_ONLY,MODEL_LOGIC,NO
reports/m16f1b/06_player_stability_summary.json,ANALYTICS_ONLY,MODEL_LOGIC,NO
reports/m16f1b/07_delta_stability.csv,ANALYTICS_ONLY,MODEL_LOGIC,NO
reports/m16f1b/08_component_stability.csv,ANALYTICS_ONLY,MODEL_LOGIC,NO
reports/m16f1b/09_reliability_decomposition.csv,ANALYTICS_ONLY,MODEL_LOGIC,NO
reports/m16f1b/10_replacement_sensitivity.csv,ANALYTICS_ONLY,MODEL_LOGIC,NO
reports/m16f1b/11_r1_member_sensitivity.csv,ANALYTICS_ONLY,MODEL_LOGIC,NO
reports/m16f1b/12_focal_interaction_audit.md,ANALYTICS_ONLY,MODEL_LOGIC,NO
reports/m16f1b/13_aggregate_outcome_definition.md,ANALYTICS_ONLY,MODEL_LOGIC,NO
reports/m16f1b/14_aggregate_signal.csv,ANALYTICS_ONLY,MODEL_LOGIC,NO
reports/m16f1b/15_calibration_comparison.csv,ANALYTICS_ONLY,MODEL_LOGIC,NO
reports/m16f1b/16_support_distance_reliability.csv,ANALYTICS_ONLY,MODEL_LOGIC,NO
reports/m16f1b/17_offense_defense_reliability.csv,ANALYTICS_ONLY,MODEL_LOGIC,NO
reports/m16f1b/18_readiness_matrix.csv,ANALYTICS_ONLY,MODEL_LOGIC,NO
reports/m16f1b/19_model_health.json,ANALYTICS_ONLY,MODEL_LOGIC,NO
reports/m16f1b/20_full_audit.md,ANALYTICS_ONLY,MODEL_LOGIC,NO
reports/m16f1b/21_final_response_values.json,ANALYTICS_ONLY,MODEL_LOGIC,NO
reports/m16f1b/charts/aggregate_signal.json,ANALYTICS_ONLY,MODEL_LOGIC,NO
reports/m16f1b/charts/calibration_comparison.json,ANALYTICS_ONLY,MODEL_LOGIC,NO
reports/m16f1b/charts/component_stability.json,ANALYTICS_ONLY,MODEL_LOGIC,NO
reports/m16f1b/charts/exposure_reliability.json,ANALYTICS_ONLY,MODEL_LOGIC,NO
reports/m16f1b/charts/offense_defense_reliability.json,ANALYTICS_ONLY,MODEL_LOGIC,NO
reports/m16f1b/charts/pairwise_stability.json,ANALYTICS_ONLY,MODEL_LOGIC,NO
reports/m16f1b/charts/player_pa_refit_scatter.json,ANALYTICS_ONLY,MODEL_LOGIC,NO
reports/m16f1b/charts/r1_loo_sensitivity.json,ANALYTICS_ONLY,MODEL_LOGIC,NO
reports/m16f1b/charts/replacement_k_comparison.json,ANALYTICS_ONLY,MODEL_LOGIC,NO
reports/m16f1b/charts/support_distance_reliability.json,ANALYTICS_ONLY,MODEL_LOGIC,NO
reports/m16f2/00_freeze.json,ANALYTICS_ONLY,MODEL_LOGIC,NO
reports/m16f2/01_decision_rules.md,ANALYTICS_ONLY,MODEL_LOGIC,NO
reports/m16f2/02_train_refit.json,ANALYTICS_ONLY,MODEL_LOGIC,NO
reports/m16f2/03_coverage.csv,ANALYTICS_ONLY,MODEL_LOGIC,NO
reports/m16f2/04_coefficient_coverage.csv,ANALYTICS_ONLY,MODEL_LOGIC,NO
reports/m16f2/05_primary_metrics.csv,ANALYTICS_ONLY,MODEL_LOGIC,NO
reports/m16f2/06_bootstrap.csv,ANALYTICS_ONLY,MODEL_LOGIC,NO
reports/m16f2/07_train_calibrated_diagnostic.csv,ANALYTICS_ONLY,MODEL_LOGIC,NO
reports/m16f2/08_context_incremental.csv,ANALYTICS_ONLY,MODEL_LOGIC,NO
reports/m16f2/09_support_strata.csv,ANALYTICS_ONLY,MODEL_LOGIC,NO
reports/m16f2/10_exposure_strata.csv,ANALYTICS_ONLY,MODEL_LOGIC,NO
reports/m16f2/11_common_universe_bias.csv,ANALYTICS_ONLY,MODEL_LOGIC,NO
reports/m16f2/12_calibration.csv,ANALYTICS_ONLY,MODEL_LOGIC,NO
reports/m16f2/13_anonymous_error_analysis.csv,ANALYTICS_ONLY,MODEL_LOGIC,NO
reports/m16f2/14_model_selection_decision.json,ANALYTICS_ONLY,MODEL_LOGIC,NO
reports/m16f2/15_model_health.json,ANALYTICS_ONLY,MODEL_LOGIC,NO
reports/m16f2/16_full_audit.md,ANALYTICS_ONLY,MODEL_LOGIC,NO
reports/m16f2/17_final_response_values.json,ANALYTICS_ONLY,MODEL_LOGIC,NO
reports/m16f2/charts/a_error_vs_b_error.svg,ANALYTICS_ONLY,MODEL_LOGIC,NO
reports/m16f2/charts/a_vs_b_scatter.svg,ANALYTICS_ONLY,MODEL_LOGIC,NO
reports/m16f2/charts/bootstrap_delta_rmse.json,ANALYTICS_ONLY,MODEL_LOGIC,NO
reports/m16f2/charts/bootstrap_delta_rmse.svg,ANALYTICS_ONLY,MODEL_LOGIC,NO
reports/m16f2/charts/calibration_A.svg,ANALYTICS_ONLY,MODEL_LOGIC,NO
reports/m16f2/charts/calibration_B.svg,ANALYTICS_ONLY,MODEL_LOGIC,NO
reports/m16f2/charts/coverage_by_exposure.json,ANALYTICS_ONLY,MODEL_LOGIC,NO
reports/m16f2/charts/coverage_by_team.json,ANALYTICS_ONLY,MODEL_LOGIC,NO
reports/m16f2/charts/exposure_stratified_delta_rmse.json,ANALYTICS_ONLY,MODEL_LOGIC,NO
reports/m16f2/charts/full_vs_static_A.svg,ANALYTICS_ONLY,MODEL_LOGIC,NO
reports/m16f2/charts/prediction_distributions.json,ANALYTICS_ONLY,MODEL_LOGIC,NO
reports/m16f2/charts/support_stratified_delta_rmse.json,ANALYTICS_ONLY,MODEL_LOGIC,NO
reports/m16g/00_freeze.json,ANALYTICS_ONLY,MODEL_LOGIC,NO
reports/m16g/01_existing_posterior_audit.md,ANALYTICS_ONLY,MODEL_LOGIC,NO
reports/m16g/02_research_input_contract.md,ANALYTICS_ONLY,MODEL_LOGIC,NO
reports/m16g/03_posterior_folds.json,ANALYTICS_ONLY,MODEL_LOGIC,NO
reports/m16g/04_fold_rows.csv,ANALYTICS_ONLY,MODEL_LOGIC,NO
reports/m16g/05_candidate_metrics.csv,ANALYTICS_ONLY,MODEL_LOGIC,NO
reports/m16g/06_bootstrap_vs_k0.csv,ANALYTICS_ONLY,MODEL_LOGIC,NO
reports/m16g/07_exposure_quartiles.csv,ANALYTICS_ONLY,MODEL_LOGIC,NO
reports/m16g/08_high_exposure_distortion.csv,ANALYTICS_ONLY,MODEL_LOGIC,NO
reports/m16g/09_reliability_weights.csv,ANALYTICS_ONLY,MODEL_LOGIC,NO
reports/m16g/10_shrinkage_magnitude.csv,ANALYTICS_ONLY,MODEL_LOGIC,NO
reports/m16g/11_prior_bias_diagnostic.csv,ANALYTICS_ONLY,MODEL_LOGIC,NO
reports/m16g/12_calibration.csv,ANALYTICS_ONLY,MODEL_LOGIC,NO
reports/m16g/13_fold_consistency.csv,ANALYTICS_ONLY,MODEL_LOGIC,NO
reports/m16g/14_production_gap.md,ANALYTICS_ONLY,MODEL_LOGIC,NO
reports/m16g/15_posterior_selection_decision.json,ANALYTICS_ONLY,MODEL_LOGIC,NO
reports/m16g/16_model_health.json,ANALYTICS_ONLY,MODEL_LOGIC,NO
reports/m16g/17_full_audit.md,ANALYTICS_ONLY,MODEL_LOGIC,NO
reports/m16g/18_final_response_values.json,ANALYTICS_ONLY,MODEL_LOGIC,NO
reports/m16g/charts/bootstrap_vs_k0.json,ANALYTICS_ONLY,MODEL_LOGIC,NO
reports/m16g/charts/calibration_slope_vs_k.svg,ANALYTICS_ONLY,MODEL_LOGIC,NO
reports/m16g/charts/delta_rmse_vs_k.svg,ANALYTICS_ONLY,MODEL_LOGIC,NO
reports/m16g/charts/exposure_variance_diagnostic.json,ANALYTICS_ONLY,MODEL_LOGIC,NO
reports/m16g/charts/extreme_decile_future_outcomes.json,ANALYTICS_ONLY,MODEL_LOGIC,NO
reports/m16g/charts/fold_delta_rmse.json,ANALYTICS_ONLY,MODEL_LOGIC,NO
reports/m16g/charts/prediction_sd_vs_k.svg,ANALYTICS_ONLY,MODEL_LOGIC,NO
reports/m16g/charts/rank_stability.json,ANALYTICS_ONLY,MODEL_LOGIC,NO
reports/m16g/charts/raw_vs_posterior_scatter.json,ANALYTICS_ONLY,MODEL_LOGIC,NO
reports/m16g/charts/reliability_vs_exposure.json,ANALYTICS_ONLY,MODEL_LOGIC,NO
reports/m16g/charts/rmse_by_exposure_quartile.json,ANALYTICS_ONLY,MODEL_LOGIC,NO
reports/m16g/charts/rmse_vs_k.svg,ANALYTICS_ONLY,MODEL_LOGIC,NO
reports/m16g/charts/shrinkage_vs_exposure.json,ANALYTICS_ONLY,MODEL_LOGIC,NO
reports/m16g1/00_freeze.json,ANALYTICS_ONLY,MODEL_LOGIC,NO
reports/m16g1/01_m16g_reproduction.json,ANALYTICS_ONLY,MODEL_LOGIC,NO
reports/m16g1/02_ability_lineage.csv,ANALYTICS_ONLY,MODEL_LOGIC,NO
reports/m16g1/03_ability_lineage_graph.md,ANALYTICS_ONLY,MODEL_LOGIC,NO
reports/m16g1/04_lineage_reconstruction.csv,ANALYTICS_ONLY,MODEL_LOGIC,NO
reports/m16g1/05_research_posterior_contract.md,ANALYTICS_ONLY,MODEL_LOGIC,NO
reports/m16g1/06_zero_semantics.md,ANALYTICS_ONLY,MODEL_LOGIC,NO
reports/m16g1/07_extended_candidate_metrics.csv,ANALYTICS_ONLY,MODEL_LOGIC,NO
reports/m16g1/08_marginal_k_improvements.csv,ANALYTICS_ONLY,MODEL_LOGIC,NO
reports/m16g1/09_optimum_bootstrap.csv,ANALYTICS_ONLY,MODEL_LOGIC,NO
reports/m16g1/10_over_shrinkage_diagnostic.csv,ANALYTICS_ONLY,MODEL_LOGIC,NO
reports/m16g1/11_exposure_quartiles_extended.csv,ANALYTICS_ONLY,MODEL_LOGIC,NO
reports/m16g1/12_fold_consistency_extended.csv,ANALYTICS_ONLY,MODEL_LOGIC,NO
reports/m16g1/13_calibration_vs_k.csv,ANALYTICS_ONLY,MODEL_LOGIC,NO
reports/m16g1/14_reliability_weights_extended.csv,ANALYTICS_ONLY,MODEL_LOGIC,NO
reports/m16g1/15_final_k_decision.json,ANALYTICS_ONLY,MODEL_LOGIC,NO
reports/m16g1/16_production_alignment_plan.md,ANALYTICS_ONLY,MODEL_LOGIC,NO
reports/m16g1/17_field_naming_audit.csv,ANALYTICS_ONLY,MODEL_LOGIC,NO
reports/m16g1/18_model_health.json,ANALYTICS_ONLY,MODEL_LOGIC,NO
reports/m16g1/19_full_audit.md,ANALYTICS_ONLY,MODEL_LOGIC,NO
reports/m16g1/20_final_response_values.json,ANALYTICS_ONLY,MODEL_LOGIC,NO
reports/m16g1/charts/ability_lineage_diagram.md,ANALYTICS_ONLY,MODEL_LOGIC,NO
reports/m16g1/charts/calibration_slope_vs_k.svg,ANALYTICS_ONLY,MODEL_LOGIC,NO
reports/m16g1/charts/extreme_decile_behavior.json,ANALYTICS_ONLY,MODEL_LOGIC,NO
reports/m16g1/charts/fold_rmse_vs_k.json,ANALYTICS_ONLY,MODEL_LOGIC,NO
reports/m16g1/charts/marginal_improvement.svg,ANALYTICS_ONLY,MODEL_LOGIC,NO
reports/m16g1/charts/median_reliability_vs_k.svg,ANALYTICS_ONLY,MODEL_LOGIC,NO
reports/m16g1/charts/pred_sd_vs_k.svg,ANALYTICS_ONLY,MODEL_LOGIC,NO
reports/m16g1/charts/q_rmse_vs_k.json,ANALYTICS_ONLY,MODEL_LOGIC,NO
reports/m16g1/charts/rank_corr_vs_k.svg,ANALYTICS_ONLY,MODEL_LOGIC,NO
reports/m16g1/charts/rmse_vs_log_k.svg,ANALYTICS_ONLY,MODEL_LOGIC,NO
reports/m16g1/charts/rmse_zoom_optimum.svg,ANALYTICS_ONLY,MODEL_LOGIC,NO
reports/m16g2/00_freeze.json,ANALYTICS_ONLY,MODEL_LOGIC,NO
reports/m16g2/01_m16g1_reproduction.json,ANALYTICS_ONLY,MODEL_LOGIC,NO
reports/m16g2/02_research_ability_contract.md,ANALYTICS_ONLY,MODEL_LOGIC,NO
reports/m16g2/03_shadow_independence_tests.json,ANALYTICS_ONLY,MODEL_LOGIC,NO
reports/m16g2/04_single_posterior_identity.csv,ANALYTICS_ONLY,MODEL_LOGIC,NO
reports/m16g2/05_zero_semantics_contract.md,ANALYTICS_ONLY,MODEL_LOGIC,NO
reports/m16g2/06_od_decomposition_audit.csv,ANALYTICS_ONLY,MODEL_LOGIC,NO
reports/m16g2/07_component_role_contract.md,ANALYTICS_ONLY,MODEL_LOGIC,NO
reports/m16g2/08_old_vs_research_architecture.md,ANALYTICS_ONLY,MODEL_LOGIC,NO
reports/m16g2/09_shadow_comparison.csv,ANALYTICS_ONLY,MODEL_LOGIC,NO
reports/m16g2/10_distribution_comparison.csv,ANALYTICS_ONLY,MODEL_LOGIC,NO
reports/m16g2/11_exposure_divergence.csv,ANALYTICS_ONLY,MODEL_LOGIC,NO
reports/m16g2/12_uncertainty_compatibility.md,ANALYTICS_ONLY,MODEL_LOGIC,NO
reports/m16g2/13_ranking_contract.md,ANALYTICS_ONLY,MODEL_LOGIC,NO
reports/m16g2/14_field_consumer_inventory.csv,ANALYTICS_ONLY,MODEL_LOGIC,NO
reports/m16g2/15_proposed_field_schema.md,ANALYTICS_ONLY,MODEL_LOGIC,NO
reports/m16g2/16_legacy_mapping.csv,ANALYTICS_ONLY,MODEL_LOGIC,NO
reports/m16g2/17_migration_plan.md,ANALYTICS_ONLY,MODEL_LOGIC,NO
reports/m16g2/18_model_health.json,ANALYTICS_ONLY,MODEL_LOGIC,NO
reports/m16g2/19_full_audit.md,ANALYTICS_ONLY,MODEL_LOGIC,NO
reports/m16g2/20_ranking_sensitivity.json,ANALYTICS_ONLY,MODEL_LOGIC,NO
reports/m16g2/21_final_response_values.json,ANALYTICS_ONLY,MODEL_LOGIC,NO
reports/m16g2/charts/diff_vs_exposure.svg,ANALYTICS_ONLY,MODEL_LOGIC,NO
reports/m16g2/charts/legacy_distribution.svg,ANALYTICS_ONLY,MODEL_LOGIC,NO
reports/m16g2/charts/legacy_vs_research_scatter.svg,ANALYTICS_ONLY,MODEL_LOGIC,NO
reports/m16g2/charts/rank_displacement_hist.svg,ANALYTICS_ONLY,MODEL_LOGIC,NO
reports/m16g2/charts/rank_scatter.svg,ANALYTICS_ONLY,MODEL_LOGIC,NO
reports/m16g2/charts/raw_vs_posterior.svg,ANALYTICS_ONLY,MODEL_LOGIC,NO
reports/m16g2/charts/reliability_curve.svg,ANALYTICS_ONLY,MODEL_LOGIC,NO
reports/m16g2/charts/reliability_vs_exposure.svg,ANALYTICS_ONLY,MODEL_LOGIC,NO
reports/m16g2/charts/research_distribution.svg,ANALYTICS_ONLY,MODEL_LOGIC,NO
reports/m16g2/charts/shrinkage_vs_N.svg,ANALYTICS_ONLY,MODEL_LOGIC,NO
reports/m16h/00_freeze.json,ANALYTICS_ONLY,MODEL_LOGIC,NO
reports/m16h/01_posterior_reproduction.json,ANALYTICS_ONLY,MODEL_LOGIC,NO
reports/m16h/02_target_zero_semantics.md,ANALYTICS_ONLY,MODEL_LOGIC,NO
reports/m16h/03_calibration_protocol.json,ANALYTICS_ONLY,MODEL_LOGIC,NO
reports/m16h/04_calibration_rows.csv,ANALYTICS_ONLY,MODEL_LOGIC,NO
reports/m16h/05_zero_linear_fits.csv,ANALYTICS_ONLY,MODEL_LOGIC,NO
reports/m16h/06_affine_diagnostic.csv,ANALYTICS_ONLY,MODEL_LOGIC,NO
reports/m16h/07_primary_calibration_metrics.csv,ANALYTICS_ONLY,MODEL_LOGIC,NO
reports/m16h/08_bootstrap_zero_vs_identity.csv,ANALYTICS_ONLY,MODEL_LOGIC,NO
reports/m16h/09_fold_consistency.csv,ANALYTICS_ONLY,MODEL_LOGIC,NO
reports/m16h/10_affine_baseline_shift.csv,ANALYTICS_ONLY,MODEL_LOGIC,NO
reports/m16h/11_exposure_calibration.csv,ANALYTICS_ONLY,MODEL_LOGIC,NO
reports/m16h/12_sign_range_diagnostic.csv,ANALYTICS_ONLY,MODEL_LOGIC,NO
reports/m16h/12b_extreme_decile_diagnostic.csv,ANALYTICS_ONLY,MODEL_LOGIC,NO
reports/m16h/13_calibration_bins.csv,ANALYTICS_ONLY,MODEL_LOGIC,NO
reports/m16h/14_distribution_audit.csv,ANALYTICS_ONLY,MODEL_LOGIC,NO
reports/m16h/15_final_rate_identity.csv,ANALYTICS_ONLY,MODEL_LOGIC,NO
reports/m16h/16_calibration_selection_decision.json,ANALYTICS_ONLY,MODEL_LOGIC,NO
reports/m16h/17_posterior_vs_calibration_contract.md,ANALYTICS_ONLY,MODEL_LOGIC,NO
reports/m16h/18_production_alignment_update.md,ANALYTICS_ONLY,MODEL_LOGIC,NO
reports/m16h/19_model_health.json,ANALYTICS_ONLY,MODEL_LOGIC,NO
reports/m16h/20_full_audit.md,ANALYTICS_ONLY,MODEL_LOGIC,NO
reports/m16h/21_final_response_values.json,ANALYTICS_ONLY,MODEL_LOGIC,NO
reports/m16h/22_research_rate_lock.json,ANALYTICS_ONLY,MODEL_LOGIC,NO
reports/m16h/22_research_rate_lock.md,ANALYTICS_ONLY,MODEL_LOGIC,NO
reports/m16h/charts/affine_diagnostic_calibration.svg,ANALYTICS_ONLY,MODEL_LOGIC,NO
reports/m16h/charts/bias_by_sign_bin.svg,ANALYTICS_ONLY,MODEL_LOGIC,NO
reports/m16h/charts/bootstrap_delta_rmse.svg,ANALYTICS_ONLY,MODEL_LOGIC,NO
reports/m16h/charts/calibration_residual_by_decile.svg,ANALYTICS_ONLY,MODEL_LOGIC,NO
reports/m16h/charts/identity_calibration.svg,ANALYTICS_ONLY,MODEL_LOGIC,NO
reports/m16h/charts/identity_vs_calibrated_scatter.svg,ANALYTICS_ONLY,MODEL_LOGIC,NO
reports/m16h/charts/identity_vs_zero_residuals.svg,ANALYTICS_ONLY,MODEL_LOGIC,NO
reports/m16h/charts/pred_vs_target_distributions.svg,ANALYTICS_ONLY,MODEL_LOGIC,NO
reports/m16h/charts/rmse_by_exposure_quartile.svg,ANALYTICS_ONLY,MODEL_LOGIC,NO
reports/m16h/charts/rolling_b_by_fold.svg,ANALYTICS_ONLY,MODEL_LOGIC,NO
reports/m16h/charts/zero_linear_calibration.svg,ANALYTICS_ONLY,MODEL_LOGIC,NO
reports/m16i/00_freeze.json,ANALYTICS_ONLY,MODEL_LOGIC,NO
reports/m16i/01_point_estimate_reproduction.json,ANALYTICS_ONLY,MODEL_LOGIC,NO
reports/m16i/02_uncertainty_semantics.md,ANALYTICS_ONLY,MODEL_LOGIC,NO
reports/m16i/03_uncertainty_protocol.json,ANALYTICS_ONLY,MODEL_LOGIC,NO
reports/m16i/04_uncertainty_rows.csv,ANALYTICS_ONLY,MODEL_LOGIC,NO
reports/m16i/05_bootstrap_model_comparisons.csv,ANALYTICS_ONLY,MODEL_LOGIC,NO
reports/m16i/06_rolling_uncertainty_parameters.csv,ANALYTICS_ONLY,MODEL_LOGIC,NO
reports/m16i/07_exposure_quartile_coverage.csv,ANALYTICS_ONLY,MODEL_LOGIC,NO
reports/m16i/08_error_vs_exposure.csv,ANALYTICS_ONLY,MODEL_LOGIC,NO
reports/m16i/09_uncertainty_discrimination.csv,ANALYTICS_ONLY,MODEL_LOGIC,NO
reports/m16i/10_legacy_uncertainty_diagnostic.csv,ANALYTICS_ONLY,MODEL_LOGIC,NO
reports/m16i/11_product_semantics.md,ANALYTICS_ONLY,MODEL_LOGIC,NO
reports/m16i/12_candidate_metrics.csv,ANALYTICS_ONLY,MODEL_LOGIC,NO
reports/m16i/13_interval_coverage.csv,ANALYTICS_ONLY,MODEL_LOGIC,NO
reports/m16i/14_interval_widths.csv,ANALYTICS_ONLY,MODEL_LOGIC,NO
reports/m16i/15_tail_symmetry.csv,ANALYTICS_ONLY,MODEL_LOGIC,NO
reports/m16i/16_final_uncertainty_parameters.json,ANALYTICS_ONLY,MODEL_LOGIC,NO
reports/m16i/17_uncertainty_selection_decision.json,ANALYTICS_ONLY,MODEL_LOGIC,NO
reports/m16i/18_research_interval_identity.csv,ANALYTICS_ONLY,MODEL_LOGIC,NO
reports/m16i/19_model_health.json,ANALYTICS_ONLY,MODEL_LOGIC,NO
reports/m16i/20_full_audit.md,ANALYTICS_ONLY,MODEL_LOGIC,NO
reports/m16i/21_final_response_values.json,ANALYTICS_ONLY,MODEL_LOGIC,NO
reports/m16i/23_corrected_selection_status.md,ANALYTICS_ONLY,MODEL_LOGIC,NO
reports/m16i/charts/abs_error_vs_exposure.svg,ANALYTICS_ONLY,MODEL_LOGIC,NO
reports/m16i/charts/bootstrap_delta_wis_u2_u0.svg,ANALYTICS_ONLY,MODEL_LOGIC,NO
reports/m16i/charts/coverage_by_exposure_q_pi80.svg,ANALYTICS_ONLY,MODEL_LOGIC,NO
reports/m16i/charts/coverage_vs_nominal.svg,ANALYTICS_ONLY,MODEL_LOGIC,NO
reports/m16i/charts/legacy_hw_vs_abs_error.svg,ANALYTICS_ONLY,MODEL_LOGIC,NO
reports/m16i/charts/mae_by_exposure_quartile.svg,ANALYTICS_ONLY,MODEL_LOGIC,NO
reports/m16i/charts/per_fold_wis.svg,ANALYTICS_ONLY,MODEL_LOGIC,NO
reports/m16i/charts/pi80_examples.svg,ANALYTICS_ONLY,MODEL_LOGIC,NO
reports/m16i/charts/pi95_examples.svg,ANALYTICS_ONLY,MODEL_LOGIC,NO
reports/m16i/charts/predicted_sigma_vs_exposure.svg,ANALYTICS_ONLY,MODEL_LOGIC,NO
reports/m16i/charts/residual_signed_hist.svg,ANALYTICS_ONLY,MODEL_LOGIC,NO
reports/m16i/charts/rmse_by_exposure_quartile.svg,ANALYTICS_ONLY,MODEL_LOGIC,NO
reports/m16i/charts/sigma_vs_abs_error.svg,ANALYTICS_ONLY,MODEL_LOGIC,NO
reports/m16i/charts/standardized_residual_abs.svg,ANALYTICS_ONLY,MODEL_LOGIC,NO
reports/m16i/charts/width_by_exposure_q_pi80.svg,ANALYTICS_ONLY,MODEL_LOGIC,NO
reports/m16i/charts/wis_by_candidate.svg,ANALYTICS_ONLY,MODEL_LOGIC,NO
reports/m16i1/00_freeze.json,ANALYTICS_ONLY,MODEL_LOGIC,NO
reports/m16i1/01_m16i_reproduction.json,ANALYTICS_ONLY,MODEL_LOGIC,NO
reports/m16i1/02_point_estimate_lock.json,ANALYTICS_ONLY,MODEL_LOGIC,NO
reports/m16i1/03_protocol.json,ANALYTICS_ONLY,MODEL_LOGIC,NO
reports/m16i1/04_conditional_coverage_error.csv,ANALYTICS_ONLY,MODEL_LOGIC,NO
reports/m16i1/05_bootstrap_wis.csv,ANALYTICS_ONLY,MODEL_LOGIC,NO
reports/m16i1/06_exposure_quartile_metrics.csv,ANALYTICS_ONLY,MODEL_LOGIC,NO
reports/m16i1/07_width_by_exposure.csv,ANALYTICS_ONLY,MODEL_LOGIC,NO
reports/m16i1/08_candidate_metrics.csv,ANALYTICS_ONLY,MODEL_LOGIC,NO
reports/m16i1/09_rolling_parameters.csv,ANALYTICS_ONLY,MODEL_LOGIC,NO
reports/m16i1/10_fold_metrics.csv,ANALYTICS_ONLY,MODEL_LOGIC,NO
reports/m16i1/11_tail_symmetry.csv,ANALYTICS_ONLY,MODEL_LOGIC,NO
reports/m16i1/12_uncertainty_discrimination.csv,ANALYTICS_ONLY,MODEL_LOGIC,NO
reports/m16i1/13_interval_nesting_tests.json,ANALYTICS_ONLY,MODEL_LOGIC,NO
reports/m16i1/14_conditional_repair_decision.json,ANALYTICS_ONLY,MODEL_LOGIC,NO
reports/m16i1/15_final_parameters.json,ANALYTICS_ONLY,MODEL_LOGIC,NO
reports/m16i1/16_interval_contract.md,ANALYTICS_ONLY,MODEL_LOGIC,NO
reports/m16i1/17_model_health.json,ANALYTICS_ONLY,MODEL_LOGIC,NO
reports/m16i1/18_full_audit.md,ANALYTICS_ONLY,MODEL_LOGIC,NO
reports/m16i1/19_final_response_values.json,ANALYTICS_ONLY,MODEL_LOGIC,NO
reports/m16i1/charts/abs_error_vs_N.svg,ANALYTICS_ONLY,MODEL_LOGIC,NO
reports/m16i1/charts/cce_by_candidate.svg,ANALYTICS_ONLY,MODEL_LOGIC,NO
reports/m16i1/charts/coverage_by_quartile_Q2.svg,ANALYTICS_ONLY,MODEL_LOGIC,NO
reports/m16i1/charts/q1_pi80_comparison.svg,ANALYTICS_ONLY,MODEL_LOGIC,NO
reports/m16i1/charts/q1_pi95_comparison.svg,ANALYTICS_ONLY,MODEL_LOGIC,NO
reports/m16i1/charts/width80_vs_N_Q2.svg,ANALYTICS_ONLY,MODEL_LOGIC,NO
reports/m16i1/charts/wis_by_candidate.svg,ANALYTICS_ONLY,MODEL_LOGIC,NO
reports/m16i1/charts/wis_vs_cce.svg,ANALYTICS_ONLY,MODEL_LOGIC,NO
reports/m16i2/00_freeze.json,ANALYTICS_ONLY,MODEL_LOGIC,NO
reports/m16i2/01_prior_uncertainty_reproduction.json,ANALYTICS_ONLY,MODEL_LOGIC,NO
reports/m16i2/02_point_estimate_lock.json,ANALYTICS_ONLY,MODEL_LOGIC,NO
reports/m16i2/03_protocol.json,ANALYTICS_ONLY,MODEL_LOGIC,NO
reports/m16i2/04_error_shape_deciles.csv,ANALYTICS_ONLY,MODEL_LOGIC,NO
reports/m16i2/05_shape_stability_by_fold.csv,ANALYTICS_ONLY,MODEL_LOGIC,NO
reports/m16i2/06_exposure_information_diagnostic.md,ANALYTICS_ONLY,MODEL_LOGIC,NO
reports/m16i2/07_rolling_model_parameters.csv,ANALYTICS_ONLY,MODEL_LOGIC,NO
reports/m16i2/08_bootstrap_wis.csv,ANALYTICS_ONLY,MODEL_LOGIC,NO
reports/m16i2/09_future_uncertainty_feature_hypotheses.md,ANALYTICS_ONLY,MODEL_LOGIC,NO
reports/m16i2/10_uncertainty_selection_decision.json,ANALYTICS_ONLY,MODEL_LOGIC,NO
reports/m16i2/11_candidate_metrics.csv,ANALYTICS_ONLY,MODEL_LOGIC,NO
reports/m16i2/12_exposure_quartile_metrics.csv,ANALYTICS_ONLY,MODEL_LOGIC,NO
reports/m16i2/13_conditional_coverage_error.csv,ANALYTICS_ONLY,MODEL_LOGIC,NO
reports/m16i2/14_fold_metrics.csv,ANALYTICS_ONLY,MODEL_LOGIC,NO
reports/m16i2/15_uncertainty_discrimination.csv,ANALYTICS_ONLY,MODEL_LOGIC,NO
reports/m16i2/16_tail_symmetry.csv,ANALYTICS_ONLY,MODEL_LOGIC,NO
reports/m16i2/17_interval_integrity.json,ANALYTICS_ONLY,MODEL_LOGIC,NO
reports/m16i2/18_final_parameters.json,ANALYTICS_ONLY,MODEL_LOGIC,NO
reports/m16i2/19_interval_contract.md,ANALYTICS_ONLY,MODEL_LOGIC,NO
reports/m16i2/20_model_health.json,ANALYTICS_ONLY,MODEL_LOGIC,NO
reports/m16i2/21_full_audit.md,ANALYTICS_ONLY,MODEL_LOGIC,NO
reports/m16i2/charts/abs_error_quantiles_by_decile.svg,ANALYTICS_ONLY,MODEL_LOGIC,NO
reports/m16i2/charts/abs_error_vs_N.svg,ANALYTICS_ONLY,MODEL_LOGIC,NO
reports/m16i2/charts/cce_by_candidate.svg,ANALYTICS_ONLY,MODEL_LOGIC,NO
reports/m16i2/charts/coverage_by_quartile_M1.svg,ANALYTICS_ONLY,MODEL_LOGIC,NO
reports/m16i2/charts/M1_widths_vs_N.svg,ANALYTICS_ONLY,MODEL_LOGIC,NO
reports/m16i2/charts/M2_widths_vs_N.svg,ANALYTICS_ONLY,MODEL_LOGIC,NO
reports/m16i2/charts/per_fold_wis.svg,ANALYTICS_ONLY,MODEL_LOGIC,NO
reports/m16i2/charts/pi80_width_by_quartile.svg,ANALYTICS_ONLY,MODEL_LOGIC,NO
reports/m16i2/charts/q1_coverage_comparison.svg,ANALYTICS_ONLY,MODEL_LOGIC,NO
reports/m16i2/charts/q4_coverage_comparison.svg,ANALYTICS_ONLY,MODEL_LOGIC,NO
reports/m16i2/charts/width_vs_abs_error_M2.svg,ANALYTICS_ONLY,MODEL_LOGIC,NO
reports/m16i2/charts/wis_by_candidate.svg,ANALYTICS_ONLY,MODEL_LOGIC,NO
reports/m16i2/charts/wis_vs_cce.svg,ANALYTICS_ONLY,MODEL_LOGIC,NO
reports/m16i3/00_freeze.json,ANALYTICS_ONLY,MODEL_LOGIC,NO
reports/m16i3/01_prior_lock_reproduction.json,ANALYTICS_ONLY,MODEL_LOGIC,NO
reports/m16i3/02_historical_stream_provenance.md,ANALYTICS_ONLY,MODEL_LOGIC,NO
reports/m16i3/03_raw_rate_reconstruction.csv,ANALYTICS_ONLY,MODEL_LOGIC,NO
reports/m16i3/04_feature_leakage_audit.csv,ANALYTICS_ONLY,MODEL_LOGIC,NO
reports/m16i3/05_feature_availability.csv,ANALYTICS_ONLY,MODEL_LOGIC,NO
reports/m16i3/06_feature_distributions.csv,ANALYTICS_ONLY,MODEL_LOGIC,NO
reports/m16i3/07_feature_vs_exposure.csv,ANALYTICS_ONLY,MODEL_LOGIC,NO
reports/m16i3/08_feature_redundancy.csv,ANALYTICS_ONLY,MODEL_LOGIC,NO
reports/m16i3/09_feature_cutoff_stability.csv,ANALYTICS_ONLY,MODEL_LOGIC,NO
reports/m16i3/10_feature_provenance.csv,ANALYTICS_ONLY,MODEL_LOGIC,NO
reports/m16i3/11_candidate_feature_freeze.json,ANALYTICS_ONLY,MODEL_LOGIC,NO
reports/m16i3/12_synthetic_feature_tests.json,ANALYTICS_ONLY,MODEL_LOGIC,NO
reports/m16i3/13_feature_integrity.json,ANALYTICS_ONLY,MODEL_LOGIC,NO
reports/m16i3/14_model_health.json,ANALYTICS_ONLY,MODEL_LOGIC,NO
reports/m16i3/15_full_audit.md,ANALYTICS_ONLY,MODEL_LOGIC,NO
reports/m16i3/16_final_response_values.json,ANALYTICS_ONLY,MODEL_LOGIC,NO
reports/m16i3/charts/cutoff_stability_R1.svg,ANALYTICS_ONLY,MODEL_LOGIC,NO
reports/m16i3/charts/feature_by_cutoff_R1.svg,ANALYTICS_ONLY,MODEL_LOGIC,NO
reports/m16i3/charts/feature_by_exposure_quartile_R1.svg,ANALYTICS_ONLY,MODEL_LOGIC,NO
reports/m16i3/charts/four_segment_schematic.svg,ANALYTICS_ONLY,MODEL_LOGIC,NO
reports/m16i3/charts/R1_distribution.svg,ANALYTICS_ONLY,MODEL_LOGIC,NO
reports/m16i3/charts/R1_vs_logN.svg,ANALYTICS_ONLY,MODEL_LOGIC,NO
reports/m16i3/charts/R1_vs_R2.svg,ANALYTICS_ONLY,MODEL_LOGIC,NO
reports/m16i3/charts/R1_vs_R3.svg,ANALYTICS_ONLY,MODEL_LOGIC,NO
reports/m16i3/charts/R2_distribution.svg,ANALYTICS_ONLY,MODEL_LOGIC,NO
reports/m16i3/charts/R2_vs_logN.svg,ANALYTICS_ONLY,MODEL_LOGIC,NO
reports/m16i3/charts/R2_vs_R3.svg,ANALYTICS_ONLY,MODEL_LOGIC,NO
reports/m16i3/charts/R3_distribution.svg,ANALYTICS_ONLY,MODEL_LOGIC,NO
reports/m16i3/charts/R3_vs_logN.svg,ANALYTICS_ONLY,MODEL_LOGIC,NO
reports/m16i3/charts/redundancy_heatmap.svg,ANALYTICS_ONLY,MODEL_LOGIC,NO
reports/m16i3/charts/split_half_schematic.svg,ANALYTICS_ONLY,MODEL_LOGIC,NO
reports/m16i4/00_freeze.json,ANALYTICS_ONLY,MODEL_LOGIC,NO
reports/m16i4/01_feature_freeze_reproduction.json,ANALYTICS_ONLY,MODEL_LOGIC,NO
reports/m16i4/02_point_estimate_lock.json,ANALYTICS_ONLY,MODEL_LOGIC,NO
reports/m16i4/03_f0_u2_reproduction.json,ANALYTICS_ONLY,MODEL_LOGIC,NO
reports/m16i4/04_protocol.json,ANALYTICS_ONLY,MODEL_LOGIC,NO
reports/m16i4/05_feature_scaling_parameters.csv,ANALYTICS_ONLY,MODEL_LOGIC,NO
reports/m16i4/06_rolling_scale_parameters.csv,ANALYTICS_ONLY,MODEL_LOGIC,NO
reports/m16i4/07_bootstrap_wis.csv,ANALYTICS_ONLY,MODEL_LOGIC,NO
reports/m16i4/08_exposure_quartile_metrics.csv,ANALYTICS_ONLY,MODEL_LOGIC,NO
reports/m16i4/09_feature_stratification_diagnostics.csv,ANALYTICS_ONLY,MODEL_LOGIC,NO
reports/m16i4/10_uncertainty_discrimination.csv,ANALYTICS_ONLY,MODEL_LOGIC,NO
reports/m16i4/11_fold_metrics.csv,ANALYTICS_ONLY,MODEL_LOGIC,NO
reports/m16i4/12_uncertainty_selection_decision.json,ANALYTICS_ONLY,MODEL_LOGIC,NO
reports/m16i4/13_candidate_metrics.csv,ANALYTICS_ONLY,MODEL_LOGIC,NO
reports/m16i4/14_conditional_coverage_error.csv,ANALYTICS_ONLY,MODEL_LOGIC,NO
reports/m16i4/15_tail_symmetry.csv,ANALYTICS_ONLY,MODEL_LOGIC,NO
reports/m16i4/16_interval_integrity.json,ANALYTICS_ONLY,MODEL_LOGIC,NO
reports/m16i4/17_coefficient_diagnostics.csv,ANALYTICS_ONLY,MODEL_LOGIC,NO
reports/m16i4/18_incremental_feature_results.csv,ANALYTICS_ONLY,MODEL_LOGIC,NO
reports/m16i4/19_final_parameters.json,ANALYTICS_ONLY,MODEL_LOGIC,NO
reports/m16i4/20_interval_contract.md,ANALYTICS_ONLY,MODEL_LOGIC,NO
reports/m16i4/21_model_health.json,ANALYTICS_ONLY,MODEL_LOGIC,NO
reports/m16i4/22_full_audit.md,ANALYTICS_ONLY,MODEL_LOGIC,NO
reports/m16i4/23_final_response_values.json,ANALYTICS_ONLY,MODEL_LOGIC,NO
reports/m16i4/charts/cce_by_feature_set.svg,ANALYTICS_ONLY,MODEL_LOGIC,NO
reports/m16i4/charts/q1_coverage_comparison.svg,ANALYTICS_ONLY,MODEL_LOGIC,NO
reports/m16i4/charts/rolling_gamma_R1.svg,ANALYTICS_ONLY,MODEL_LOGIC,NO
reports/m16i4/charts/sigma_vs_abs_error_F0.svg,ANALYTICS_ONLY,MODEL_LOGIC,NO
reports/m16i4/charts/sigma_vs_R1.svg,ANALYTICS_ONLY,MODEL_LOGIC,NO
reports/m16i4/charts/wis_by_feature_set.svg,ANALYTICS_ONLY,MODEL_LOGIC,NO
reports/m16i4/charts/wis_vs_cce.svg,ANALYTICS_ONLY,MODEL_LOGIC,NO
reports/m16j/00_pre_execution_freeze.json,ANALYTICS_ONLY,MODEL_LOGIC,NO
reports/m16j/01_model_freeze_verification.json,ANALYTICS_ONLY,MODEL_LOGIC,NO
reports/m16j/02_reserved_protocol_verification.json,ANALYTICS_ONLY,MODEL_LOGIC,NO
reports/m16j/03_reserved_chronology.json,ANALYTICS_ONLY,MODEL_LOGIC,NO
reports/m16j/04_prediction_provenance.csv,ANALYTICS_ONLY,MODEL_LOGIC,NO
reports/m16j/05_common_universe_sealed.json,ANALYTICS_ONLY,MODEL_LOGIC,NO
reports/m16j/06_pre_score_integrity.json,ANALYTICS_ONLY,MODEL_LOGIC,NO
reports/m16j/07_bootstrap_results.csv,ANALYTICS_ONLY,MODEL_LOGIC,NO
reports/m16j/08_model_metrics.csv,ANALYTICS_ONLY,MODEL_LOGIC,NO
reports/m16j/09_reserved_verdict_preseal.json,ANALYTICS_ONLY,MODEL_LOGIC,NO
reports/m16j/10_reserved_result_sealed.json,ANALYTICS_ONLY,MODEL_LOGIC,NO
reports/m16j/11_reserved_result_seal_manifest.json,ANALYTICS_ONLY,MODEL_LOGIC,NO
reports/m16j/12_exposure_quartile_metrics.csv,ANALYTICS_ONLY,MODEL_LOGIC,NO
reports/m16j/13_postseal_player_diagnostics.csv,ANALYTICS_ONLY,MODEL_LOGIC,NO
reports/m16j/14_calibration_diagnostics.csv,ANALYTICS_ONLY,MODEL_LOGIC,NO
reports/m16j/15_secondary_comparator_analysis.md,ANALYTICS_ONLY,MODEL_LOGIC,NO
reports/m16j/16_reserved_consumption_contract.md,ANALYTICS_ONLY,MODEL_LOGIC,NO
reports/m16j/17_model_health.json,ANALYTICS_ONLY,MODEL_LOGIC,NO
reports/m16j/18_full_audit.md,ANALYTICS_ONLY,MODEL_LOGIC,NO
reports/m16j/19_final_response_values.json,ANALYTICS_ONLY,MODEL_LOGIC,NO
reports/m16j/charts/mae_comparison.svg,ANALYTICS_ONLY,MODEL_LOGIC,NO
reports/m16j/charts/obs_vs_pred_eb200.svg,ANALYTICS_ONLY,MODEL_LOGIC,NO
reports/m16j/charts/obs_vs_pred_raw.svg,ANALYTICS_ONLY,MODEL_LOGIC,NO
reports/m16j/charts/obs_vs_pred_research.svg,ANALYTICS_ONLY,MODEL_LOGIC,NO
reports/m16j/charts/rmse_by_exposure_quartile.svg,ANALYTICS_ONLY,MODEL_LOGIC,NO
reports/m16j/charts/rmse_comparison.svg,ANALYTICS_ONLY,MODEL_LOGIC,NO
reports/m16j0/00_freeze.json,ANALYTICS_ONLY,MODEL_LOGIC,NO
reports/m16j0/01_point_model_source_manifest.json,ANALYTICS_ONLY,MODEL_LOGIC,NO
reports/m16j0/02_point_estimate_certification.json,ANALYTICS_ONLY,MODEL_LOGIC,NO
reports/m16j0/03_uncertainty_checkpoint.json,ANALYTICS_ONLY,MODEL_LOGIC,NO
reports/m16j0/04_reserved_scope_amendment.md,ANALYTICS_ONLY,MODEL_LOGIC,NO
reports/m16j0/05_reserved_row_protocol.json,ANALYTICS_ONLY,MODEL_LOGIC,NO
reports/m16j0/06_m16j_output_contract.json,ANALYTICS_ONLY,MODEL_LOGIC,NO
reports/m16j0/07_model_comparator_manifest.json,ANALYTICS_ONLY,MODEL_LOGIC,NO
reports/m16j0/08_reserved_test_authorization.json,ANALYTICS_ONLY,MODEL_LOGIC,NO
reports/m16j0/09_human_blindness_disclosure.md,ANALYTICS_ONLY,MODEL_LOGIC,NO
reports/m16j0/10_no_test_tuning_contract.md,ANALYTICS_ONLY,MODEL_LOGIC,NO
reports/m16j0/11_model_health.json,ANALYTICS_ONLY,MODEL_LOGIC,NO
reports/m16j0/12_full_audit.md,ANALYTICS_ONLY,MODEL_LOGIC,NO
reports/m16j0/13_final_response_values.json,ANALYTICS_ONLY,MODEL_LOGIC,NO
reports/m16j0_1/00_freeze.json,ANALYTICS_ONLY,MODEL_LOGIC,NO
reports/m16j0_1/01_m16j0_reproduction.json,ANALYTICS_ONLY,MODEL_LOGIC,NO
reports/m16j0_1/02_baseline_m16a_lineage.md,ANALYTICS_ONLY,MODEL_LOGIC,NO
reports/m16j0_1/03_baseline_m16a_manifest.json,ANALYTICS_ONLY,MODEL_LOGIC,NO
reports/m16j0_1/04_b2_input_provenance.csv,ANALYTICS_ONLY,MODEL_LOGIC,NO
reports/m16j0_1/05_b2_shadow_reconstruction.csv,ANALYTICS_ONLY,MODEL_LOGIC,NO
reports/m16j0_1/06_unit_semantics.md,ANALYTICS_ONLY,MODEL_LOGIC,NO
reports/m16j0_1/07_repaired_comparator_manifest.json,ANALYTICS_ONLY,MODEL_LOGIC,NO
reports/m16j0_1/08_repaired_verdict_taxonomy.json,ANALYTICS_ONLY,MODEL_LOGIC,NO
reports/m16j0_1/09_reserved_test_authorization_repaired.json,ANALYTICS_ONLY,MODEL_LOGIC,NO
reports/m16j0_1/10_comparator_semantic_decision.json,ANALYTICS_ONLY,MODEL_LOGIC,NO
reports/m16j0_1/11_model_health.json,ANALYTICS_ONLY,MODEL_LOGIC,NO
reports/m16j0_1/12_full_audit.md,ANALYTICS_ONLY,MODEL_LOGIC,NO
reports/m16j0_1/13_final_response_values.json,ANALYTICS_ONLY,MODEL_LOGIC,NO
reports/m16k0/_test.txt,ANALYTICS_ONLY,MODEL_LOGIC,NO
reports/m16k0/00_freeze.json,ANALYTICS_ONLY,MODEL_LOGIC,NO
reports/m16k0/01_validated_point_model_reproduction.json,ANALYTICS_ONLY,MODEL_LOGIC,NO
reports/m16k0/02_current_production_lineage.md,ANALYTICS_ONLY,MODEL_LOGIC,NO
reports/m16k0/03_current_production_field_semantics.csv,ANALYTICS_ONLY,MODEL_LOGIC,NO
reports/m16k0/04_posterior_operation_audit.json,ANALYTICS_ONLY,MODEL_LOGIC,NO
reports/m16k0/05_shadow_purity_tests.json,ANALYTICS_ONLY,MODEL_LOGIC,NO
reports/m16k0/06_consumer_inventory.csv,ANALYTICS_ONLY,MODEL_LOGIC,NO
reports/m16k0/07_shadow_ranking_integrity.json,ANALYTICS_ONLY,MODEL_LOGIC,NO
reports/m16k0/08_shadow_board_2024_25.csv,ANALYTICS_ONLY,MODEL_LOGIC,NO
reports/m16k0/09_shadow_board_2025_26.csv,ANALYTICS_ONLY,MODEL_LOGIC,NO
reports/m16k0/10_legacy_shadow_divergence.csv,ANALYTICS_ONLY,MODEL_LOGIC,NO
reports/m16k0/11_zero_semantics_audit.csv,ANALYTICS_ONLY,MODEL_LOGIC,NO
reports/m16k0/12_uncertainty_quarantine.csv,ANALYTICS_ONLY,MODEL_LOGIC,NO
reports/m16k0/13_missingness_audit.csv,ANALYTICS_ONLY,MODEL_LOGIC,NO
reports/m16k0/14_exposure_semantics.json,ANALYTICS_ONLY,MODEL_LOGIC,NO
reports/m16k0/15_season_value_semantics.md,ANALYTICS_ONLY,MODEL_LOGIC,NO
reports/m16k0/16_war_dependency_audit.csv,ANALYTICS_ONLY,MODEL_LOGIC,NO
reports/m16k0/17_od_dependency_audit.csv,ANALYTICS_ONLY,MODEL_LOGIC,NO
reports/m16k0/18_api_schema_migration.csv,ANALYTICS_ONLY,MODEL_LOGIC,NO
reports/m16k0/19_cache_artifact_inventory.csv,ANALYTICS_ONLY,MODEL_LOGIC,NO
reports/m16k0/20_shadow_determinism.json,ANALYTICS_ONLY,MODEL_LOGIC,NO
reports/m16k0/21_consumer_parity_results.csv,ANALYTICS_ONLY,MODEL_LOGIC,NO
reports/m16k0/22_cutover_plan.md,ANALYTICS_ONLY,MODEL_LOGIC,NO
reports/m16k0/23_rollback_plan.md,ANALYTICS_ONLY,MODEL_LOGIC,NO
reports/m16k0/24_legacy_field_deprecation.csv,ANALYTICS_ONLY,MODEL_LOGIC,NO
reports/m16k0/25_rank_surface_audit.csv,ANALYTICS_ONLY,MODEL_LOGIC,NO
reports/m16k0/26_shadow_coverage.csv,ANALYTICS_ONLY,MODEL_LOGIC,NO
reports/m16k0/27_research_production_equality.csv,ANALYTICS_ONLY,MODEL_LOGIC,NO
reports/m16k0/28_post_reserved_parameter_lock.json,ANALYTICS_ONLY,MODEL_LOGIC,NO
reports/m16k0/29_cutover_readiness_decision.json,ANALYTICS_ONLY,MODEL_LOGIC,NO
reports/m16k0/30_model_health.json,ANALYTICS_ONLY,MODEL_LOGIC,NO
reports/m16k0/31_full_audit.md,ANALYTICS_ONLY,MODEL_LOGIC,NO
reports/m16k0/32_final_response_values.json,ANALYTICS_ONLY,MODEL_LOGIC,NO
reports/m16k0/charts/legacy_vs_validated_scatter_2024_25.svg,ANALYTICS_ONLY,MODEL_LOGIC,NO
reports/m16k0/charts/legacy_vs_validated_scatter_2025_26.svg,ANALYTICS_ONLY,MODEL_LOGIC,NO
reports/m16k0/charts/reliability_distribution_note.svg,ANALYTICS_ONLY,MODEL_LOGIC,NO
reports/m16k0/charts/topN_overlap_summary.svg,ANALYTICS_ONLY,MODEL_LOGIC,NO
reports/m16k0/charts/validated_vs_exposure_2025_26.svg,ANALYTICS_ONLY,MODEL_LOGIC,NO
reports/m16k0_1/00_freeze.json,ANALYTICS_ONLY,MODEL_LOGIC,NO
reports/m16k0_1/01_m16k0_blocker_reproduction.json,ANALYTICS_ONLY,MODEL_LOGIC,NO
reports/m16k0_1/02_percentile_consumer_inventory.csv,ANALYTICS_ONLY,MODEL_LOGIC,NO
reports/m16k0_1/03_current_percentile_rule.md,ANALYTICS_ONLY,MODEL_LOGIC,NO
reports/m16k0_1/04_percentile_math_contract.json,ANALYTICS_ONLY,MODEL_LOGIC,NO
reports/m16k0_1/05_percentile_population_comparison.csv,ANALYTICS_ONLY,MODEL_LOGIC,NO
reports/m16k0_1/06_drbl_copy_inventory.csv,ANALYTICS_ONLY,MODEL_LOGIC,NO
reports/m16k0_1/07_explore_sort_semantics.md,ANALYTICS_ONLY,MODEL_LOGIC,NO
reports/m16k0_1/08_rank_display_contract.csv,ANALYTICS_ONLY,MODEL_LOGIC,NO
reports/m16k0_1/09_repaired_consumer_inventory.csv,ANALYTICS_ONLY,MODEL_LOGIC,NO
reports/m16k0_1/10_research_shadow_equality.json,ANALYTICS_ONLY,MODEL_LOGIC,NO
reports/m16k0_1/11_missingness_regression.json,ANALYTICS_ONLY,MODEL_LOGIC,NO
reports/m16k0_1/12_uncertainty_quarantine_recheck.json,ANALYTICS_ONLY,MODEL_LOGIC,NO
reports/m16k0_1/13_updated_cutover_plan.md,ANALYTICS_ONLY,MODEL_LOGIC,NO
reports/m16k0_1/14_percentile_edge_tests.json,ANALYTICS_ONLY,MODEL_LOGIC,NO
reports/m16k0_1/15_copy_replacement_contract.md,ANALYTICS_ONLY,MODEL_LOGIC,NO
reports/m16k0_1/16_model_health.json,ANALYTICS_ONLY,MODEL_LOGIC,NO
reports/m16k0_1/17_cutover_readiness_decision.json,ANALYTICS_ONLY,MODEL_LOGIC,NO
reports/m16k0_1/18_full_audit.md,ANALYTICS_ONLY,MODEL_LOGIC,NO
reports/m16k1/00_pre_cutover_freeze.json,ANALYTICS_ONLY,MODEL_LOGIC,NO
reports/m16k1/01_validated_model_reproduction.json,ANALYTICS_ONLY,MODEL_LOGIC,NO
reports/m16k1/02_cutover_contract_reproduction.json,ANALYTICS_ONLY,MODEL_LOGIC,NO
reports/m16k1/03_explore_sort_provenance.json,ANALYTICS_ONLY,MODEL_LOGIC,NO
reports/m16k1/04_rollback_snapshot.json,ANALYTICS_ONLY,MODEL_LOGIC,NO
reports/m16k1/05_model_version_activation.json,ANALYTICS_ONLY,MODEL_LOGIC,NO
reports/m16k1/06_rank_cutover.json,ANALYTICS_ONLY,MODEL_LOGIC,NO
reports/m16k1/07_percentile_cutover.json,ANALYTICS_ONLY,MODEL_LOGIC,NO
reports/m16k1/08_uncertainty_display_cutover.csv,ANALYTICS_ONLY,MODEL_LOGIC,NO
reports/m16k1/09_copy_cutover_audit.csv,ANALYTICS_ONLY,MODEL_LOGIC,NO
reports/m16k1/10_missingness_post_cutover.json,ANALYTICS_ONLY,MODEL_LOGIC,NO
reports/m16k1/11_exposure_post_cutover.json,ANALYTICS_ONLY,MODEL_LOGIC,NO
reports/m16k1/12_war_firewall_verification.csv,ANALYTICS_ONLY,MODEL_LOGIC,NO
reports/m16k1/13_od_firewall_verification.csv,ANALYTICS_ONLY,MODEL_LOGIC,NO
reports/m16k1/14_artifact_rebuild_manifest.json,ANALYTICS_ONLY,MODEL_LOGIC,NO
reports/m16k1/15_production_validated_equality.csv,ANALYTICS_ONLY,MODEL_LOGIC,NO
reports/m16k1/16_production_rank_equality.csv,ANALYTICS_ONLY,MODEL_LOGIC,NO
reports/m16k1/17_percentile_post_cutover.csv,ANALYTICS_ONLY,MODEL_LOGIC,NO
reports/m16k1/18_api_contract_verification.csv,ANALYTICS_ONLY,MODEL_LOGIC,NO
reports/m16k1/19_user_surface_verification.csv,ANALYTICS_ONLY,MODEL_LOGIC,NO
reports/m16k1/20_stale_legacy_contamination.json,ANALYTICS_ONLY,MODEL_LOGIC,NO
reports/m16k1/21_copy_post_cutover_scan.csv,ANALYTICS_ONLY,MODEL_LOGIC,NO
reports/m16k1/22_explore_post_cutover_semantics.json,ANALYTICS_ONLY,MODEL_LOGIC,NO
reports/m16k1/23_regression_suite.json,ANALYTICS_ONLY,MODEL_LOGIC,NO
reports/m16k1/24_post_cutover_determinism.json,ANALYTICS_ONLY,MODEL_LOGIC,NO
reports/m16k1/25_pre_post_cutover_board_diff.csv,ANALYTICS_ONLY,MODEL_LOGIC,NO
reports/m16k1/26_named_product_qa.csv,ANALYTICS_ONLY,MODEL_LOGIC,NO
reports/m16k1/27_live_source_confirmation.json,ANALYTICS_ONLY,MODEL_LOGIC,NO
reports/m16k1/28_rollback_verification.json,ANALYTICS_ONLY,MODEL_LOGIC,NO
reports/m16k1/29_model_lock_verification.json,ANALYTICS_ONLY,MODEL_LOGIC,NO
reports/m16k1/30_production_version_lock.json,ANALYTICS_ONLY,MODEL_LOGIC,NO
reports/m16k1/31_post_cutover_deprecation.csv,ANALYTICS_ONLY,MODEL_LOGIC,NO
reports/m16k1/32_cutover_decision.json,ANALYTICS_ONLY,MODEL_LOGIC,NO
reports/m16k1/33_model_health.json,ANALYTICS_ONLY,MODEL_LOGIC,NO
reports/m16k1/34_full_audit.md,ANALYTICS_ONLY,MODEL_LOGIC,NO
reports/m16k1/charts/drbl_vs_exposure.svg,ANALYTICS_ONLY,MODEL_LOGIC,NO
reports/m16k1/charts/pre_post_drbl_scatter_2024_25.svg,ANALYTICS_ONLY,MODEL_LOGIC,NO
reports/m16k1/charts/pre_post_drbl_scatter_2025_26.svg,ANALYTICS_ONLY,MODEL_LOGIC,NO
reports/m16k1/charts/rank_scatter_2024_25.svg,ANALYTICS_ONLY,MODEL_LOGIC,NO
reports/m16k1/charts/rank_scatter_2025_26.svg,ANALYTICS_ONLY,MODEL_LOGIC,NO
reports/m16k1/charts/reliability_distribution.svg,ANALYTICS_ONLY,MODEL_LOGIC,NO
reports/m16k1/charts/validated_drbl_distribution.svg,ANALYTICS_ONLY,MODEL_LOGIC,NO
reports/m16k1/rollback/2024-25.json,ANALYTICS_ONLY,MODEL_LOGIC,NO
reports/m16k1/rollback/2025-26.json,ANALYTICS_ONLY,MODEL_LOGIC,NO
reports/m16k1/rollback/MANIFEST.json,ANALYTICS_ONLY,MODEL_LOGIC,NO
reports/m16k1_1/00_freeze.json,ANALYTICS_ONLY,MODEL_LOGIC,NO
reports/m16k1_1/01_m16k1_invariant_reproduction.json,ANALYTICS_ONLY,MODEL_LOGIC,NO
reports/m16k1_1/02_m16k1_changed_files.csv,ANALYTICS_ONLY,MODEL_LOGIC,NO
reports/m16k1_1/03_pre_cutover_reconstruction.json,ANALYTICS_ONLY,MODEL_LOGIC,NO
reports/m16k1_1/04_typecheck_protocol.json,ANALYTICS_ONLY,MODEL_LOGIC,NO
reports/m16k1_1/05_pre_typecheck_errors.csv,ANALYTICS_ONLY,MODEL_LOGIC,NO
reports/m16k1_1/06_post_typecheck_errors.csv,ANALYTICS_ONLY,MODEL_LOGIC,NO
reports/m16k1_1/07_typecheck_normalization_contract.json,ANALYTICS_ONLY,MODEL_LOGIC,NO
reports/m16k1_1/08_typecheck_error_diff.csv,ANALYTICS_ONLY,MODEL_LOGIC,NO
reports/m16k1_1/09_cutover_type_repairs.csv,ANALYTICS_ONLY,MODEL_LOGIC,NO
reports/m16k1_1/10_build_protocol.json,ANALYTICS_ONLY,MODEL_LOGIC,NO
reports/m16k1_1/11_error_scope_attribution.csv,ANALYTICS_ONLY,MODEL_LOGIC,NO
reports/m16k1_1/12_regression_status_semantics.md,ANALYTICS_ONLY,MODEL_LOGIC,NO
reports/m16k1_1/13_cutover_test_suite.json,ANALYTICS_ONLY,MODEL_LOGIC,NO
reports/m16k1_1/14_postrepair_production_equality.json,ANALYTICS_ONLY,MODEL_LOGIC,NO
reports/m16k1_1/15_postrepair_rank_equality.json,ANALYTICS_ONLY,MODEL_LOGIC,NO
reports/m16k1_1/16_postrepair_firewall_verification.json,ANALYTICS_ONLY,MODEL_LOGIC,NO
reports/m16k1_1/17_final_determinism.json,ANALYTICS_ONLY,MODEL_LOGIC,NO
reports/m16k1_1/18_legacy_rank_provenance_reconciliation.md,ANALYTICS_ONLY,MODEL_LOGIC,NO
reports/m16k1_1/19_remaining_type_debt_summary.csv,ANALYTICS_ONLY,MODEL_LOGIC,NO
reports/m16k1_1/20_preexisting_technical_debt.md,ANALYTICS_ONLY,MODEL_LOGIC,NO
reports/m16k1_1/21_build_results.json,ANALYTICS_ONLY,MODEL_LOGIC,NO
reports/m16k1_1/22_regression_certification.json,ANALYTICS_ONLY,MODEL_LOGIC,NO
reports/m16k1_1/23_final_cutover_certification.json,ANALYTICS_ONLY,MODEL_LOGIC,NO
reports/m16k1_1/24_model_health.json,ANALYTICS_ONLY,MODEL_LOGIC,NO
reports/m16k1_1/25_full_audit.md,ANALYTICS_ONLY,MODEL_LOGIC,NO
reports/m16k1_1/raw/post_build.log,ANALYTICS_ONLY,MODEL_LOGIC,NO
reports/m16k1_1/raw/post_typecheck.log,ANALYTICS_ONLY,MODEL_LOGIC,NO
reports/m16k1_1/raw/post_typecheck_after_repairs.log,ANALYTICS_ONLY,MODEL_LOGIC,NO
reports/m16k1_1/raw/pre_build.log,ANALYTICS_ONLY,MODEL_LOGIC,NO
reports/m16k1_1/raw/pre_typecheck.log,ANALYTICS_ONLY,MODEL_LOGIC,NO
reports/m16l0/00_freeze.json,ANALYTICS_ONLY,MODEL_LOGIC,NO
reports/m16l0/01_drbl_model_lock.json,ANALYTICS_ONLY,MODEL_LOGIC,NO
reports/m16l0/02_current_war_inventory.csv,ANALYTICS_ONLY,MODEL_LOGIC,NO
reports/m16l0/03_legacy_war_lineage.md,ANALYTICS_ONLY,MODEL_LOGIC,NO
reports/m16l0/04_dimensional_analysis.csv,ANALYTICS_ONLY,MODEL_LOGIC,NO
reports/m16l0/05_raw_value_reconstruction.json,ANALYTICS_ONLY,MODEL_LOGIC,NO
reports/m16l0/06_paired_exposure_counterfactual.json,ANALYTICS_ONLY,MODEL_LOGIC,NO
reports/m16l0/07_replacement_zero_proof.md,ANALYTICS_ONLY,MODEL_LOGIC,NO
reports/m16l0/08_team_replacement_baseline_contract.md,ANALYTICS_ONLY,MODEL_LOGIC,NO
reports/m16l0/09_season_value_semantics.md,ANALYTICS_ONLY,MODEL_LOGIC,NO
reports/m16l0/10_forecast_firewall.json,ANALYTICS_ONLY,MODEL_LOGIC,NO
reports/m16l0/11_team_stint_allocation_audit.csv,ANALYTICS_ONLY,MODEL_LOGIC,NO
reports/m16l0/12_team_additivity_audit.csv,ANALYTICS_ONLY,MODEL_LOGIC,NO
reports/m16l0/13_historical_2x_bug_reconstruction.md,ANALYTICS_ONLY,MODEL_LOGIC,NO
reports/m16l0/14_legacy_calibration_factor_audit.md,ANALYTICS_ONLY,MODEL_LOGIC,NO
reports/m16l0/15_points_per_win_inventory.csv,ANALYTICS_ONLY,MODEL_LOGIC,NO
reports/m16l0/16_points_per_win_semantic_contract.md,ANALYTICS_ONLY,MODEL_LOGIC,NO
reports/m16l0/17_war_data_usage_audit.json,ANALYTICS_ONLY,MODEL_LOGIC,NO
reports/m16l0/18_war_consumer_inventory.csv,ANALYTICS_ONLY,MODEL_LOGIC,NO
reports/m16l0/19_future_candidate_contract.json,ANALYTICS_ONLY,MODEL_LOGIC,NO
reports/m16l0/20_war_versioning_contract.json,ANALYTICS_ONLY,MODEL_LOGIC,NO
reports/m16l0/21_model_health.json,ANALYTICS_ONLY,MODEL_LOGIC,NO
reports/m16l0/22_semantic_freeze_decision.json,ANALYTICS_ONLY,MODEL_LOGIC,NO
reports/m16l0/23_full_audit.md,ANALYTICS_ONLY,MODEL_LOGIC,NO
reports/m16l0_1/00_freeze.json,ANALYTICS_ONLY,MODEL_LOGIC,NO
reports/m16l0_1/01_semantic_contract_reproduction.json,ANALYTICS_ONLY,MODEL_LOGIC,NO
reports/m16l0_1/02_raw_reconstruction_precision_audit.json,ANALYTICS_ONLY,MODEL_LOGIC,NO
reports/m16l0_1/03_war_precision_contract.md,ANALYTICS_ONLY,MODEL_LOGIC,NO
reports/m16l0_1/04_approach_b_stream_inventory.md,ANALYTICS_ONLY,MODEL_LOGIC,NO
reports/m16l0_1/05_appearance_team_identity_audit.csv,ANALYTICS_ONLY,MODEL_LOGIC,NO
reports/m16l0_1/06_player_team_season_stints.csv,ANALYTICS_ONLY,MODEL_LOGIC,NO
reports/m16l0_1/07_stint_exposure_conservation.json,ANALYTICS_ONLY,MODEL_LOGIC,NO
reports/m16l0_1/08_stint_raw_value_conservation.json,ANALYTICS_ONLY,MODEL_LOGIC,NO
reports/m16l0_1/09_global_conservation.json,ANALYTICS_ONLY,MODEL_LOGIC,NO
reports/m16l0_1/10_traded_player_inventory.csv,ANALYTICS_ONLY,MODEL_LOGIC,NO
reports/m16l0_1/11_traded_player_conservation.csv,ANALYTICS_ONLY,MODEL_LOGIC,NO
reports/m16l0_1/12_tot_row_audit.json,ANALYTICS_ONLY,MODEL_LOGIC,NO
reports/m16l0_1/13_w0_team_allocation_conservation.json,ANALYTICS_ONLY,MODEL_LOGIC,NO
reports/m16l0_1/14_w1_team_allocation_conservation.json,ANALYTICS_ONLY,MODEL_LOGIC,NO
reports/m16l0_1/15_observed_vs_allocated_raw_diagnostic.csv,ANALYTICS_ONLY,MODEL_LOGIC,NO
reports/m16l0_1/16_stint_rate_prohibition_contract.md,ANALYTICS_ONLY,MODEL_LOGIC,NO
reports/m16l0_1/17_team_season_structural_rows.csv,ANALYTICS_ONLY,MODEL_LOGIC,NO
reports/m16l0_1/18_team_id_coverage.json,ANALYTICS_ONLY,MODEL_LOGIC,NO
reports/m16l0_1/19_team_reference_search.md,ANALYTICS_ONLY,MODEL_LOGIC,NO
reports/m16l0_1/20_team_additivity_test.csv,ANALYTICS_ONLY,MODEL_LOGIC,NO
reports/m16l0_1/21_future_team_outcome_schema_audit.json,ANALYTICS_ONLY,MODEL_LOGIC,NO
reports/m16l0_1/22_2025_26_holdout_guard.json,ANALYTICS_ONLY,MODEL_LOGIC,NO
reports/m16l0_1/23_missingness_audit.csv,ANALYTICS_ONLY,MODEL_LOGIC,NO
reports/m16l0_1/24_team_exposure_share_conservation.json,ANALYTICS_ONLY,MODEL_LOGIC,NO
reports/m16l0_1/25_allocation_purity_tests.json,ANALYTICS_ONLY,MODEL_LOGIC,NO
reports/m16l0_1/26_stint_determinism.json,ANALYTICS_ONLY,MODEL_LOGIC,NO
reports/m16l0_1/27_cross_season_stint_contract.json,ANALYTICS_ONLY,MODEL_LOGIC,NO
reports/m16l0_1/28_m16l1_input_contract.json,ANALYTICS_ONLY,MODEL_LOGIC,NO
reports/m16l0_1/29_readiness_decision.json,ANALYTICS_ONLY,MODEL_LOGIC,NO
reports/m16l0_1/30_model_health.json,ANALYTICS_ONLY,MODEL_LOGIC,NO
reports/m16l0_1/31_full_audit.md,ANALYTICS_ONLY,MODEL_LOGIC,NO
reports/m16l1/00_freeze.json,ANALYTICS_ONLY,MODEL_LOGIC,NO
reports/m16l1/01_prerequisite_reproduction.json,ANALYTICS_ONLY,MODEL_LOGIC,NO
reports/m16l1/02_accounting_universe_reconciliation.csv,ANALYTICS_ONLY,MODEL_LOGIC,NO
reports/m16l1/03_war_accounting_universe_contract.md,ANALYTICS_ONLY,MODEL_LOGIC,NO
reports/m16l1/04_development_team_outcomes.csv,ANALYTICS_ONLY,MODEL_LOGIC,NO
reports/m16l1/05_development_candidate_team_points.csv,ANALYTICS_ONLY,MODEL_LOGIC,NO
reports/m16l1/06_team_point_accounting.json,ANALYTICS_ONLY,MODEL_LOGIC,NO
reports/m16l1/07_rate_source_fold_rows.csv,ANALYTICS_ONLY,MODEL_LOGIC,NO
reports/m16l1/08_rate_source_metrics.json,ANALYTICS_ONLY,MODEL_LOGIC,NO
reports/m16l1/09_rate_source_free_slope.json,ANALYTICS_ONLY,MODEL_LOGIC,NO
reports/m16l1/10_rate_source_bootstrap.json,ANALYTICS_ONLY,MODEL_LOGIC,NO
reports/m16l1/11_rate_source_decision.json,ANALYTICS_ONLY,MODEL_LOGIC,NO
reports/m16l1/12_ppw_identifiability_proof.md,ANALYTICS_ONLY,MODEL_LOGIC,NO
reports/m16l1/13_ppw_fold_rows.csv,ANALYTICS_ONLY,MODEL_LOGIC,NO
reports/m16l1/14_ppw_metrics.json,ANALYTICS_ONLY,MODEL_LOGIC,NO
reports/m16l1/15_ppw_bootstrap.json,ANALYTICS_ONLY,MODEL_LOGIC,NO
reports/m16l1/16_ppw_decision.json,ANALYTICS_ONLY,MODEL_LOGIC,NO
reports/m16l1/17_final_ppw_fit.json,ANALYTICS_ONLY,MODEL_LOGIC,NO
reports/m16l1/18_2025_26_holdout_guard.json,ANALYTICS_ONLY,MODEL_LOGIC,NO
reports/m16l1/19_pre_reserved_war_freeze.json,ANALYTICS_ONLY,MODEL_LOGIC,NO
reports/m16l1/20_selection_integrity.json,ANALYTICS_ONLY,MODEL_LOGIC,NO
reports/m16l1/21_selected_development_team_war.csv,ANALYTICS_ONLY,MODEL_LOGIC,NO
reports/m16l1/22_selected_development_player_war.csv,ANALYTICS_ONLY,MODEL_LOGIC,NO
reports/m16l1/23_fixed_slope_war_diagnostics.json,ANALYTICS_ONLY,MODEL_LOGIC,NO
reports/m16l1/24_free_slope_war_diagnostics.json,ANALYTICS_ONLY,MODEL_LOGIC,NO
reports/m16l1/25_league_total_diagnostics.json,ANALYTICS_ONLY,MODEL_LOGIC,NO
reports/m16l1/26_m16l2_protocol.md,ANALYTICS_ONLY,MODEL_LOGIC,NO
reports/m16l1/27_war_versioning_contract.json,ANALYTICS_ONLY,MODEL_LOGIC,NO
reports/m16l1/28_model_health.json,ANALYTICS_ONLY,MODEL_LOGIC,NO
reports/m16l1/29_readiness_decision.json,ANALYTICS_ONLY,MODEL_LOGIC,NO
reports/m16l1/30_full_audit.md,ANALYTICS_ONLY,MODEL_LOGIC,NO
reports/m16l1/raw/ppw_decision.json,ANALYTICS_ONLY,MODEL_LOGIC,NO
reports/m16l1/raw/pre_reserved_war_freeze.hash.txt,ANALYTICS_ONLY,MODEL_LOGIC,NO
reports/m16l1/raw/rate_source_decision.json,ANALYTICS_ONLY,MODEL_LOGIC,NO
reports/m16l1_1/00_freeze.json,ANALYTICS_ONLY,MODEL_LOGIC,NO
reports/m16l1_1/01_scale_anomaly_reproduction.json,ANALYTICS_ONLY,MODEL_LOGIC,NO
reports/m16l1_1/02_net_points_target_audit.json,ANALYTICS_ONLY,MODEL_LOGIC,NO
reports/m16l1_1/03_approach_b_primitive_equation.md,ANALYTICS_ONLY,MODEL_LOGIC,NO
reports/m16l1_1/04_possession_conservation_identity.md,ANALYTICS_ONLY,MODEL_LOGIC,NO
reports/m16l1_1/05_possession_conservation_test.json,ANALYTICS_ONLY,MODEL_LOGIC,NO
reports/m16l1_1/06_value_unit_semantics.md,ANALYTICS_ONLY,MODEL_LOGIC,NO
reports/m16l1_1/07_offense_defense_unit_audit.csv,ANALYTICS_ONLY,MODEL_LOGIC,NO
reports/m16l1_1/08_factor_two_forensics.md,ANALYTICS_ONLY,MODEL_LOGIC,NO
reports/m16l1_1/09_team_baseline_decomposition.csv,ANALYTICS_ONLY,MODEL_LOGIC,NO
reports/m16l1_1/10_team_net_point_decomposition.json,ANALYTICS_ONLY,MODEL_LOGIC,NO
reports/m16l1_1/11_baseline_variation.json,ANALYTICS_ONLY,MODEL_LOGIC,NO
reports/m16l1_1/12_baseline_aware_scale_diagnostic.json,ANALYTICS_ONLY,MODEL_LOGIC,NO
reports/m16l1_1/13_unassigned_residual_audit.json,ANALYTICS_ONLY,MODEL_LOGIC,NO
reports/m16l1_1/14_credit_conservation_share.json,ANALYTICS_ONLY,MODEL_LOGIC,NO
reports/m16l1_1/15_pbp_coverage_audit.csv,ANALYTICS_ONLY,MODEL_LOGIC,NO
reports/m16l1_1/16_credit_multiplicity_audit.json,ANALYTICS_ONLY,MODEL_LOGIC,NO
reports/m16l1_1/17_stint_allocation_attenuation.csv,ANALYTICS_ONLY,MODEL_LOGIC,NO
reports/m16l1_1/18_observed_stint_scale_diagnostic.json,ANALYTICS_ONLY,MODEL_LOGIC,NO
reports/m16l1_1/19_trade_allocation_effect.json,ANALYTICS_ONLY,MODEL_LOGIC,NO
reports/m16l1_1/20_r1_definition_forensics.md,ANALYTICS_ONLY,MODEL_LOGIC,NO
reports/m16l1_1/21_r1_replacement_classification.md,ANALYTICS_ONLY,MODEL_LOGIC,NO
reports/m16l1_1/22_r1_pool_description.csv,ANALYTICS_ONLY,MODEL_LOGIC,NO
reports/m16l1_1/23_zero_semantics_classification.json,ANALYTICS_ONLY,MODEL_LOGIC,NO
reports/m16l1_1/24_team_zero_intercept_semantics.md,ANALYTICS_ONLY,MODEL_LOGIC,NO
reports/m16l1_1/25_war_naming_audit.md,ANALYTICS_ONLY,MODEL_LOGIC,NO
reports/m16l1_1/26_scale_gap_decomposition.csv,ANALYTICS_ONLY,MODEL_LOGIC,NO
reports/m16l1_1/27_2025_26_holdout_guard.json,ANALYTICS_ONLY,MODEL_LOGIC,NO
reports/m16l1_1/28_semantic_decision.json,ANALYTICS_ONLY,MODEL_LOGIC,NO
reports/m16l1_1/29_model_health.json,ANALYTICS_ONLY,MODEL_LOGIC,NO
reports/m16l1_1/30_readiness_decision.json,ANALYTICS_ONLY,MODEL_LOGIC,NO
reports/m16l1_1/31_full_audit.md,ANALYTICS_ONLY,MODEL_LOGIC,NO
reports/m16l1_1/raw/scale_audit.hash.txt,ANALYTICS_ONLY,MODEL_LOGIC,NO
reports/m16l1_1/raw/scale_audit_body.json,ANALYTICS_ONLY,MODEL_LOGIC,NO
reports/m16l1_2/00_freeze.json,ANALYTICS_ONLY,MODEL_LOGIC,NO
reports/m16l1_2/01_semantic_reproduction.json,ANALYTICS_ONLY,MODEL_LOGIC,NO
reports/m16l1_2/02_raw_season_value_identity.json,ANALYTICS_ONLY,MODEL_LOGIC,NO
reports/m16l1_2/03_r1_points_semantic_contract.md,ANALYTICS_ONLY,MODEL_LOGIC,NO
reports/m16l1_2/04_player_season_additivity.json,ANALYTICS_ONLY,MODEL_LOGIC,NO
reports/m16l1_2/05_realized_vs_rate_allocated_stint_semantics.md,ANALYTICS_ONLY,MODEL_LOGIC,NO
reports/m16l1_2/06_realized_stint_conservation.json,ANALYTICS_ONLY,MODEL_LOGIC,NO
reports/m16l1_2/07_team_r1_points.csv,ANALYTICS_ONLY,MODEL_LOGIC,NO
reports/m16l1_2/08_team_decomposition_reproduction.json,ANALYTICS_ONLY,MODEL_LOGIC,NO
reports/m16l1_2/09_league_residual_identity.json,ANALYTICS_ONLY,MODEL_LOGIC,NO
reports/m16l1_2/10_league_residual_interpretation.md,ANALYTICS_ONLY,MODEL_LOGIC,NO
reports/m16l1_2/11_ability_vs_value_contract.md,ANALYTICS_ONLY,MODEL_LOGIC,NO
reports/m16l1_2/12_r1_point_to_win_dimensional_audit.md,ANALYTICS_ONLY,MODEL_LOGIC,NO
reports/m16l1_2/13_r1_win_estimand_classification.md,ANALYTICS_ONLY,MODEL_LOGIC,NO
reports/m16l1_2/14_cumulative_name_audit.csv,ANALYTICS_ONLY,MODEL_LOGIC,NO
reports/m16l1_2/15_r1_points_freeze.json,ANALYTICS_ONLY,MODEL_LOGIC,NO
reports/m16l1_2/16_r1_wineq_freeze.json,ANALYTICS_ONLY,MODEL_LOGIC,NO
reports/m16l1_2/17_player_season_r1_value.csv,ANALYTICS_ONLY,MODEL_LOGIC,NO
reports/m16l1_2/18_player_team_r1_value.csv,ANALYTICS_ONLY,MODEL_LOGIC,NO
reports/m16l1_2/19_team_r1_value.csv,ANALYTICS_ONLY,MODEL_LOGIC,NO
reports/m16l1_2/20_baseline_aware_consistency.json,ANALYTICS_ONLY,MODEL_LOGIC,NO
reports/m16l1_2/21_posterior_vs_realized_value_diagnostic.json,ANALYTICS_ONLY,MODEL_LOGIC,NO
reports/m16l1_2/22_low_exposure_value_audit.csv,ANALYTICS_ONLY,MODEL_LOGIC,NO
reports/m16l1_2/23_rate_vs_value_interpretation.md,ANALYTICS_ONLY,MODEL_LOGIC,NO
reports/m16l1_2/24_context_dependence_contract.md,ANALYTICS_ONLY,MODEL_LOGIC,NO
reports/m16l1_2/25_cross_season_formula_contract.json,ANALYTICS_ONLY,MODEL_LOGIC,NO
reports/m16l1_2/26_future_historical_backfill_contract.md,ANALYTICS_ONLY,MODEL_LOGIC,NO
reports/m16l1_2/27_product_field_contract.json,ANALYTICS_ONLY,MODEL_LOGIC,NO
reports/m16l1_2/28_future_product_copy.md,ANALYTICS_ONLY,MODEL_LOGIC,NO
reports/m16l1_2/29_conventional_war_future_requirements.md,ANALYTICS_ONLY,MODEL_LOGIC,NO
reports/m16l1_2/30_r1_value_freeze.json,ANALYTICS_ONLY,MODEL_LOGIC,NO
reports/m16l1_2/31_m16l2_reserved_protocol.md,ANALYTICS_ONLY,MODEL_LOGIC,NO
reports/m16l1_2/32_parameter_integrity.json,ANALYTICS_ONLY,MODEL_LOGIC,NO
reports/m16l1_2/33_2025_26_holdout_guard.json,ANALYTICS_ONLY,MODEL_LOGIC,NO
reports/m16l1_2/34_model_health.json,ANALYTICS_ONLY,MODEL_LOGIC,NO
reports/m16l1_2/35_readiness_decision.json,ANALYTICS_ONLY,MODEL_LOGIC,NO
reports/m16l1_2/36_full_audit.md,ANALYTICS_ONLY,MODEL_LOGIC,NO
reports/m16l1_2/raw/r1_value_freeze.hash.txt,ANALYTICS_ONLY,MODEL_LOGIC,NO
reports/m16l1_2/raw/r1_value_freeze_body.json,ANALYTICS_ONLY,MODEL_LOGIC,NO
reports/m16l2/00_preopen_freeze.json,ANALYTICS_ONLY,MODEL_LOGIC,NO
reports/m16l2/01_prerequisite_reproduction.json,ANALYTICS_ONLY,MODEL_LOGIC,NO
reports/m16l2/02_reserved_structural_precheck.json,ANALYTICS_ONLY,MODEL_LOGIC,NO
reports/m16l2/03_reserved_open_marker.json,ANALYTICS_ONLY,MODEL_LOGIC,NO
reports/m16l2/04_reserved_team_outcomes.csv,ANALYTICS_ONLY,MODEL_LOGIC,NO
reports/m16l2/05_reserved_player_r1_points.csv,ANALYTICS_ONLY,MODEL_LOGIC,NO
reports/m16l2/06_reserved_raw_value_identity.json,ANALYTICS_ONLY,MODEL_LOGIC,NO
reports/m16l2/07_reserved_player_team_r1_points.csv,ANALYTICS_ONLY,MODEL_LOGIC,NO
reports/m16l2/08_reserved_stint_conservation.json,ANALYTICS_ONLY,MODEL_LOGIC,NO
reports/m16l2/09_reserved_team_r1_points.csv,ANALYTICS_ONLY,MODEL_LOGIC,NO
reports/m16l2/10_reserved_r1_baseline.csv,ANALYTICS_ONLY,MODEL_LOGIC,NO
reports/m16l2/11_reserved_unassigned_residual.csv,ANALYTICS_ONLY,MODEL_LOGIC,NO
reports/m16l2/12_primary_accounting_test.json,ANALYTICS_ONLY,MODEL_LOGIC,NO
reports/m16l2/13_reserved_league_identity.json,ANALYTICS_ONLY,MODEL_LOGIC,NO
reports/m16l2/14_reserved_win_equivalent_accounting.csv,ANALYTICS_ONLY,MODEL_LOGIC,NO
reports/m16l2/15_p1_reserved_calibration.json,ANALYTICS_ONLY,MODEL_LOGIC,NO
reports/m16l2/16_cross_season_distribution_stability.json,ANALYTICS_ONLY,MODEL_LOGIC,NO
reports/m16l2/17_r1_formula_stability.json,ANALYTICS_ONLY,MODEL_LOGIC,NO
reports/m16l2/18_reserved_baseline_behavior.json,ANALYTICS_ONLY,MODEL_LOGIC,NO
reports/m16l2/19_reserved_unassigned_behavior.json,ANALYTICS_ONLY,MODEL_LOGIC,NO
reports/m16l2/20_reserved_posterior_vs_realized.json,ANALYTICS_ONLY,MODEL_LOGIC,NO
reports/m16l2/21_primary_reserved_verdict.json,ANALYTICS_ONLY,MODEL_LOGIC,NO
reports/m16l2/22_reserved_result_seal.json,ANALYTICS_ONLY,MODEL_LOGIC,NO
reports/m16l2/23_reserved_player_research_output.csv,ANALYTICS_ONLY,MODEL_LOGIC,NO
reports/m16l2/24_reserved_team_research_output.csv,ANALYTICS_ONLY,MODEL_LOGIC,NO
reports/m16l2/25_human_blindness_disclosure.md,ANALYTICS_ONLY,MODEL_LOGIC,NO
reports/m16l2/26_parameter_integrity.json,ANALYTICS_ONLY,MODEL_LOGIC,NO
reports/m16l2/27_production_eligibility.json,ANALYTICS_ONLY,MODEL_LOGIC,NO
reports/m16l2/28_model_health.json,ANALYTICS_ONLY,MODEL_LOGIC,NO
reports/m16l2/29_full_audit.md,ANALYTICS_ONLY,MODEL_LOGIC,NO
reports/m16l2/raw/00_reserved_open_intent.json,ANALYTICS_ONLY,MODEL_LOGIC,NO
reports/m16l2/raw/m16l2_protocol.hash.txt,ANALYTICS_ONLY,MODEL_LOGIC,NO
reports/m16l2/raw/m16l2_protocol.md,ANALYTICS_ONLY,MODEL_LOGIC,NO
reports/m16l2/raw/reserved_result_seal.hash.txt,ANALYTICS_ONLY,MODEL_LOGIC,NO
reports/m16l2/raw/reserved_result_seal_body.json,ANALYTICS_ONLY,MODEL_LOGIC,NO
reports/m16l3/00_pre_migration_freeze.json,ANALYTICS_ONLY,MODEL_LOGIC,NO
reports/m16l3/01_legacy_war_surface_inventory.csv,ANALYTICS_ONLY,MODEL_LOGIC,NO
reports/m16l3/02_product_data_lineage.md,ANALYTICS_ONLY,MODEL_LOGIC,NO
reports/m16l3/03_model_version_contract.json,ANALYTICS_ONLY,MODEL_LOGIC,NO
reports/m16l3/04_2024_25_shadow_equality.json,ANALYTICS_ONLY,MODEL_LOGIC,NO
reports/m16l3/05_2025_26_shadow_equality.json,ANALYTICS_ONLY,MODEL_LOGIC,NO
reports/m16l3/06_display_precision_contract.json,ANALYTICS_ONLY,MODEL_LOGIC,NO
reports/m16l3/07_traded_player_product_conservation.json,ANALYTICS_ONLY,MODEL_LOGIC,NO
reports/m16l3/08_api_contract.md,ANALYTICS_ONLY,MODEL_LOGIC,NO
reports/m16l3/09_legacy_api_compatibility.json,ANALYTICS_ONLY,MODEL_LOGIC,NO
reports/m16l3/10_cache_migration.json,ANALYTICS_ONLY,MODEL_LOGIC,NO
reports/m16l3/11_storage_schema_migration.md,ANALYTICS_ONLY,MODEL_LOGIC,NO
reports/m16l3/12_product_missingness_audit.csv,ANALYTICS_ONLY,MODEL_LOGIC,NO
reports/m16l3/13_player_product_research_equality.csv,ANALYTICS_ONLY,MODEL_LOGIC,NO
reports/m16l3/14_stint_product_research_equality.csv,ANALYTICS_ONLY,MODEL_LOGIC,NO
reports/m16l3/15_team_product_research_equality.json,ANALYTICS_ONLY,MODEL_LOGIC,NO
reports/m16l3/16_cross_surface_consistency.json,ANALYTICS_ONLY,MODEL_LOGIC,NO
reports/m16l3/17_determinism.json,ANALYTICS_ONLY,MODEL_LOGIC,NO
reports/m16l3/18_sorting_and_rank_tests.json,ANALYTICS_ONLY,MODEL_LOGIC,NO
reports/m16l3/19_semantic_copy_audit.csv,ANALYTICS_ONLY,MODEL_LOGIC,NO
reports/m16l3/20_legacy_formula_firewall.json,ANALYTICS_ONLY,MODEL_LOGIC,NO
reports/m16l3/21_attribution_firewall.json,ANALYTICS_ONLY,MODEL_LOGIC,NO
reports/m16l3/22_p1_single_source.json,ANALYTICS_ONLY,MODEL_LOGIC,NO
reports/m16l3/23_typecheck.json,ANALYTICS_ONLY,MODEL_LOGIC,NO
reports/m16l3/24_tests.json,ANALYTICS_ONLY,MODEL_LOGIC,NO
reports/m16l3/25_build.json,ANALYTICS_ONLY,MODEL_LOGIC,NO
reports/m16l3/26_ui_smoke_test.md,ANALYTICS_ONLY,MODEL_LOGIC,NO
reports/m16l3/27_drbl_rank_regression.json,ANALYTICS_ONLY,MODEL_LOGIC,NO
reports/m16l3/28_post_cutover_equality.json,ANALYTICS_ONLY,MODEL_LOGIC,NO
reports/m16l3/29_production_version_contract.json,ANALYTICS_ONLY,MODEL_LOGIC,NO
reports/m16l3/30_product_migration_seal.json,ANALYTICS_ONLY,MODEL_LOGIC,NO
reports/m16l3/31_rollback_plan.md,ANALYTICS_ONLY,MODEL_LOGIC,NO
reports/m16l3/32_legacy_war_retirement.md,ANALYTICS_ONLY,MODEL_LOGIC,NO
reports/m16l3/33_model_health.json,ANALYTICS_ONLY,MODEL_LOGIC,NO
reports/m16l3/34_full_audit.md,ANALYTICS_ONLY,MODEL_LOGIC,NO
reports/m16l3/raw/player_accounting_equality_summary.json,ANALYTICS_ONLY,MODEL_LOGIC,NO
reports/m16l3/raw/product_migration_seal.hash.txt,ANALYTICS_ONLY,MODEL_LOGIC,NO
reports/m16l3/raw/product_migration_seal_body.json,ANALYTICS_ONLY,MODEL_LOGIC,NO
reports/m16l3/raw/traded_player_conservation_full.json,ANALYTICS_ONLY,MODEL_LOGIC,NO
reports/m17a/00_current_generation_freeze.json,ANALYTICS_ONLY,MODEL_LOGIC,NO
reports/m17a/01_historical_archive_inventory.csv,ANALYTICS_ONLY,MODEL_LOGIC,NO
reports/m17a/02_archive_summary.json,ANALYTICS_ONLY,MODEL_LOGIC,NO
reports/m17a/03_raw_archive_manifest.csv,ANALYTICS_ONLY,MODEL_LOGIC,NO
reports/m17a/04_raw_archive_fingerprint.json,ANALYTICS_ONLY,MODEL_LOGIC,NO
reports/m17a/05_source_schema_families.md,ANALYTICS_ONLY,MODEL_LOGIC,NO
reports/m17a/06_normalized_event_schema.md,ANALYTICS_ONLY,MODEL_LOGIC,NO
reports/m17a/07_game_identity_audit.csv,ANALYTICS_ONLY,MODEL_LOGIC,NO
reports/m17a/08_historical_team_identity.csv,ANALYTICS_ONLY,MODEL_LOGIC,NO
reports/m17a/09_historical_player_identity.csv,ANALYTICS_ONLY,MODEL_LOGIC,NO
reports/m17a/10_scoreboard_reconstruction.csv,ANALYTICS_ONLY,MODEL_LOGIC,NO
reports/m17a/11_game_completeness.csv,ANALYTICS_ONLY,MODEL_LOGIC,NO
reports/m17a/12_lineup_reconstruction_quality.csv,ANALYTICS_ONLY,MODEL_LOGIC,NO
reports/m17a/13_possession_reconstruction_quality.csv,ANALYTICS_ONLY,MODEL_LOGIC,NO
reports/m17a/14_season_feature_support_matrix.csv,ANALYTICS_ONLY,MODEL_LOGIC,NO
reports/m17a/15_historical_schema_change_log.md,ANALYTICS_ONLY,MODEL_LOGIC,NO
reports/m17a/16_role_feature_availability.csv,ANALYTICS_ONLY,MODEL_LOGIC,NO
reports/m17a/17_r1_historical_support.csv,ANALYTICS_ONLY,MODEL_LOGIC,NO
reports/m17a/18_epv_input_support.csv,ANALYTICS_ONLY,MODEL_LOGIC,NO
reports/m17a/19_season_quality_scorecard.csv,ANALYTICS_ONLY,MODEL_LOGIC,NO
reports/m17a/20_support_tier_contract.md,ANALYTICS_ONLY,MODEL_LOGIC,NO
reports/m17a/21_normalization_determinism.json,ANALYTICS_ONLY,MODEL_LOGIC,NO
reports/m17a/22_normalized_dataset_manifest.csv,ANALYTICS_ONLY,MODEL_LOGIC,NO
reports/m17a/23_current_season_normalization_regression.json,ANALYTICS_ONLY,MODEL_LOGIC,NO
reports/m17a/24_historical_accounting_validation.csv,ANALYTICS_ONLY,MODEL_LOGIC,NO
reports/m17a/25_final_season_support_tiers.csv,ANALYTICS_ONLY,MODEL_LOGIC,NO
reports/m17a/26_pipeline_performance.csv,ANALYTICS_ONLY,MODEL_LOGIC,NO
reports/m17a/27_current_production_regression.json,ANALYTICS_ONLY,MODEL_LOGIC,NO
reports/m17a/28_historical_data_corrections.csv,ANALYTICS_ONLY,MODEL_LOGIC,NO
reports/m17a/29_typecheck.json,ANALYTICS_ONLY,MODEL_LOGIC,NO
reports/m17a/30_tests.json,ANALYTICS_ONLY,MODEL_LOGIC,NO
reports/m17a/31_build.json,ANALYTICS_ONLY,MODEL_LOGIC,NO
reports/m17a/32_ui_smoke_test.md,ANALYTICS_ONLY,MODEL_LOGIC,NO
reports/m17a/33_historical_ui_performance.json,ANALYTICS_ONLY,MODEL_LOGIC,NO
reports/m17a/34_future_research_dataset_manifest.json,ANALYTICS_ONLY,MODEL_LOGIC,NO
reports/m17a/35_future_temporal_validation_protocol.md,ANALYTICS_ONLY,MODEL_LOGIC,NO
reports/m17a/36_future_external_benchmark_protocol.md,ANALYTICS_ONLY,MODEL_LOGIC,NO
reports/m17a/37_historical_backfill_seal.json,ANALYTICS_ONLY,MODEL_LOGIC,NO
reports/m17a/38_final_current_generation_regression.json,ANALYTICS_ONLY,MODEL_LOGIC,NO
reports/m17a/import/historical_import_progress.jsonl,ANALYTICS_ONLY,MODEL_LOGIC,NO
reports/m17a/import/historical_import_summary.json,ANALYTICS_ONLY,MODEL_LOGIC,NO
reports/m17a/import/README.md,ANALYTICS_ONLY,MODEL_LOGIC,NO
reports/m17a/raw/model_health.json,ANALYTICS_ONLY,MODEL_LOGIC,NO
reports/m17a/raw/sample-normalized-0022400001.json,ANALYTICS_ONLY,MODEL_LOGIC,NO
reports/m17a/shadow/2024-25-player-season.csv,ANALYTICS_ONLY,MODEL_LOGIC,NO
reports/m17a/shadow/2024-25-player-team-stints.csv,ANALYTICS_ONLY,MODEL_LOGIC,NO
reports/m17a/shadow/2025-26-player-season.csv,ANALYTICS_ONLY,MODEL_LOGIC,NO
reports/m17a/shadow/2025-26-player-team-stints.csv,ANALYTICS_ONLY,MODEL_LOGIC,NO
reports/m17a_1/00_freeze.json,ANALYTICS_ONLY,MODEL_LOGIC,NO
reports/m17a_1/01_import_process_state.json,ANALYTICS_ONLY,MODEL_LOGIC,NO
reports/m17a_1/02_import_resumability_audit.md,ANALYTICS_ONLY,MODEL_LOGIC,NO
reports/m17a_1/03_import_lock_audit.json,ANALYTICS_ONLY,MODEL_LOGIC,NO
reports/m17a_1/04_import_rate_policy.json,ANALYTICS_ONLY,MODEL_LOGIC,NO
reports/m17a_1/05_import_coverage.csv,ANALYTICS_ONLY,MODEL_LOGIC,NO
reports/m17a_1/06_import_failures.csv,ANALYTICS_ONLY,MODEL_LOGIC,NO
reports/m17a_1/08_raw_archive_fingerprint.json,ANALYTICS_ONLY,MODEL_LOGIC,NO
reports/m17a_1/09_schema_family_inventory.csv,ANALYTICS_ONLY,MODEL_LOGIC,NO
reports/m17a_1/10_stats_boxscore_adapter_validation.csv,ANALYTICS_ONLY,MODEL_LOGIC,NO
reports/m17a_1/11_event_label_mapping.csv,ANALYTICS_ONLY,MODEL_LOGIC,NO
reports/m17a_1/12_normalization_version_decision.md,ANALYTICS_ONLY,MODEL_LOGIC,NO
reports/m17a_1/13_scoreboard_reconstruction.csv,ANALYTICS_ONLY,MODEL_LOGIC,NO
reports/m17a_1/14_scoreboard_failure_forensics.csv,ANALYTICS_ONLY,MODEL_LOGIC,NO
reports/m17a_1/15_game_completeness.csv,ANALYTICS_ONLY,MODEL_LOGIC,NO
reports/m17a_1/16_current_lineup_incompleteness_forensics.csv,ANALYTICS_ONLY,MODEL_LOGIC,NO
reports/m17a_1/17_lineup_support_contract.md,ANALYTICS_ONLY,MODEL_LOGIC,NO
reports/m17a_1/18_support_gate_reaudit.md,ANALYTICS_ONLY,MODEL_LOGIC,NO
reports/m17a_1/19_historical_lineup_quality.csv,ANALYTICS_ONLY,MODEL_LOGIC,NO
reports/m17a_1/20_historical_substitution_quality.csv,ANALYTICS_ONLY,MODEL_LOGIC,NO
reports/m17a_1/21_historical_possession_quality.csv,ANALYTICS_ONLY,MODEL_LOGIC,NO
reports/m17a_1/22_player_identity_audit.csv,ANALYTICS_ONLY,MODEL_LOGIC,NO
reports/m17a_1/23_team_franchise_crosswalk.csv,ANALYTICS_ONLY,MODEL_LOGIC,NO
reports/m17a_1/24_r1_role_feature_support.csv,ANALYTICS_ONLY,MODEL_LOGIC,NO
reports/m17a_1/25_epv_input_support.csv,ANALYTICS_ONLY,MODEL_LOGIC,NO
reports/m17a_1/26_r1_formula_identity.csv,ANALYTICS_ONLY,MODEL_LOGIC,NO
reports/m17a_1/27_feature_support_matrix.csv,ANALYTICS_ONLY,MODEL_LOGIC,NO
reports/m17a_1/28_precompute_quality_scorecard.csv,ANALYTICS_ONLY,MODEL_LOGIC,NO
reports/m17a_1/29_precompute_support_tiers.csv,ANALYTICS_ONLY,MODEL_LOGIC,NO
reports/m17a_1/30_normalized_dataset_manifest.csv,ANALYTICS_ONLY,MODEL_LOGIC,NO
reports/m17a_1/31_normalization_determinism.json,ANALYTICS_ONLY,MODEL_LOGIC,NO
reports/m17a_1/32_current_season_regression.json,ANALYTICS_ONLY,MODEL_LOGIC,NO
reports/m17a_1/33_historical_accounting_validation.csv,ANALYTICS_ONLY,MODEL_LOGIC,NO
reports/m17a_1/34_data_corrections.csv,ANALYTICS_ONLY,MODEL_LOGIC,NO
reports/m17a_1/35_final_support_tiers.csv,ANALYTICS_ONLY,MODEL_LOGIC,NO
reports/m17a_1/36_pipeline_performance.csv,ANALYTICS_ONLY,MODEL_LOGIC,NO
reports/m17a_1/37_final_current_generation_regression.json,ANALYTICS_ONLY,MODEL_LOGIC,NO
reports/m17a_1/38_historical_backfill_seal.json,ANALYTICS_ONLY,MODEL_LOGIC,NO
reports/m17a_1/39_model_health.json,ANALYTICS_ONLY,MODEL_LOGIC,NO
reports/m17a_1/40_full_audit.md,ANALYTICS_ONLY,MODEL_LOGIC,NO
reports/m17a_1/raw/current_lineup_forensics_summary.json,ANALYTICS_ONLY,MODEL_LOGIC,NO
reports/m17a_1/raw/partial_status.json,ANALYTICS_ONLY,MODEL_LOGIC,NO
reports/m17a_2/00_freeze.json,ANALYTICS_ONLY,MODEL_LOGIC,NO
reports/m17a_2/01_raw_seal_reproduction.json,ANALYTICS_ONLY,MODEL_LOGIC,NO
reports/m17a_2/02_schema_families.csv,ANALYTICS_ONLY,MODEL_LOGIC,NO
reports/m17a_2/03_schema_family_details.md,ANALYTICS_ONLY,MODEL_LOGIC,NO
reports/m17a_2/04_event_vocabulary.csv,ANALYTICS_ONLY,MODEL_LOGIC,NO
reports/m17a_2/05_normalization_version_decision.md,ANALYTICS_ONLY,MODEL_LOGIC,NO
reports/m17a_2/06_normalized_dataset_manifest.csv,ANALYTICS_ONLY,MODEL_LOGIC,NO
reports/m17a_2/07_normalization_determinism.json,ANALYTICS_ONLY,MODEL_LOGIC,NO
reports/m17a_2/08_game_identity.csv,ANALYTICS_ONLY,MODEL_LOGIC,NO
reports/m17a_2/09_team_franchise_crosswalk.csv,ANALYTICS_ONLY,MODEL_LOGIC,NO
reports/m17a_2/10_player_identity.csv,ANALYTICS_ONLY,MODEL_LOGIC,NO
reports/m17a_2/11_scoreboard_reconstruction.csv,ANALYTICS_ONLY,MODEL_LOGIC,NO
reports/m17a_2/12_scoreboard_failure_forensics.csv,ANALYTICS_ONLY,MODEL_LOGIC,NO
reports/m17a_2/13_game_completeness.csv,ANALYTICS_ONLY,MODEL_LOGIC,NO
reports/m17a_2/14_substitution_quality.csv,ANALYTICS_ONLY,MODEL_LOGIC,NO
reports/m17a_2/15_lineup_initialization_audit.csv,ANALYTICS_ONLY,MODEL_LOGIC,NO
reports/m17a_2/16_lineup_support_contract.md,ANALYTICS_ONLY,MODEL_LOGIC,NO
reports/m17a_2/17_support_gate_reaudit.md,ANALYTICS_ONLY,MODEL_LOGIC,NO
reports/m17a_2/18_historical_lineup_quality.csv,ANALYTICS_ONLY,MODEL_LOGIC,NO
reports/m17a_2/19_possession_quality.csv,ANALYTICS_ONLY,MODEL_LOGIC,NO
reports/m17a_2/20_possession_score_consistency.csv,ANALYTICS_ONLY,MODEL_LOGIC,NO
reports/m17a_2/21_box_adapter_validation.csv,ANALYTICS_ONLY,MODEL_LOGIC,NO
reports/m17a_2/22_r1_role_feature_support.csv,ANALYTICS_ONLY,MODEL_LOGIC,NO
reports/m17a_2/23_r1_formula_identity.csv,ANALYTICS_ONLY,MODEL_LOGIC,NO
reports/m17a_2/24_epv_input_support.csv,ANALYTICS_ONLY,MODEL_LOGIC,NO
reports/m17a_2/25_stint_support.csv,ANALYTICS_ONLY,MODEL_LOGIC,NO
reports/m17a_2/26_feature_support_matrix.csv,ANALYTICS_ONLY,MODEL_LOGIC,NO
reports/m17a_2/27_precompute_quality_scorecard.csv,ANALYTICS_ONLY,MODEL_LOGIC,NO
reports/m17a_2/28_pre_name_support_tiers.csv,ANALYTICS_ONLY,MODEL_LOGIC,NO
reports/m17a_2/29_current_season_control_regression.json,ANALYTICS_ONLY,MODEL_LOGIC,NO
reports/m17a_2/30_legacy_formula_firewall.json,ANALYTICS_ONLY,MODEL_LOGIC,NO
reports/m17a_2/31_raw_value_identity.csv,ANALYTICS_ONLY,MODEL_LOGIC,NO
reports/m17a_2/32_team_accounting.csv,ANALYTICS_ONLY,MODEL_LOGIC,NO
reports/m17a_2/33_historical_accounting_validation.csv,ANALYTICS_ONLY,MODEL_LOGIC,NO
reports/m17a_2/34_postcompute_data_corrections.csv,ANALYTICS_ONLY,MODEL_LOGIC,NO
reports/m17a_2/35_final_support_tiers.csv,ANALYTICS_ONLY,MODEL_LOGIC,NO
reports/m17a_2/36_historical_coverage_map.csv,ANALYTICS_ONLY,MODEL_LOGIC,NO
reports/m17a_2/37_website_performance.json,ANALYTICS_ONLY,MODEL_LOGIC,NO
reports/m17a_2/38_final_current_generation_regression.json,ANALYTICS_ONLY,MODEL_LOGIC,NO
reports/m17a_2/39_ui_smoke.md,ANALYTICS_ONLY,MODEL_LOGIC,NO
reports/m17a_2/40_historical_corpus_seal.json,ANALYTICS_ONLY,MODEL_LOGIC,NO
reports/m17a_2/41_model_health.json,ANALYTICS_ONLY,MODEL_LOGIC,NO
reports/m17a_2/42_full_audit.md,ANALYTICS_ONLY,MODEL_LOGIC,NO
reports/m17a_2/shadow/2020-21-player-season.csv,ANALYTICS_ONLY,MODEL_LOGIC,NO
reports/m17a_2/shadow/2021-22-player-season.csv,ANALYTICS_ONLY,MODEL_LOGIC,NO
reports/m17a_2/shadow/2022-23-player-season.csv,ANALYTICS_ONLY,MODEL_LOGIC,NO
reports/m17a_2/shadow/2023-24-player-season.csv,ANALYTICS_ONLY,MODEL_LOGIC,NO
reports/m17b/00_freeze.json,ANALYTICS_ONLY,MODEL_LOGIC,NO
reports/m17b/01_season_to_next_metrics.csv,ANALYTICS_ONLY,MODEL_LOGIC,NO
reports/m17b/02_season_to_next_deltas.csv,ANALYTICS_ONLY,MODEL_LOGIC,NO
reports/m17b/03_season_to_next_bootstrap.csv,ANALYTICS_ONLY,MODEL_LOGIC,NO
reports/m17b/04_season_to_next_pooled.csv,ANALYTICS_ONLY,MODEL_LOGIC,NO
reports/m17b/05_early_late_metrics.csv,ANALYTICS_ONLY,MODEL_LOGIC,NO
reports/m17b/06_m16j_replication.json,ANALYTICS_ONLY,MODEL_LOGIC,NO
reports/m17b/07_early_late_bootstrap.csv,ANALYTICS_ONLY,MODEL_LOGIC,NO
reports/m17b/08_early_late_pooled.csv,ANALYTICS_ONLY,MODEL_LOGIC,NO
reports/m17b/09_exposure_stratification.csv,ANALYTICS_ONLY,MODEL_LOGIC,NO
reports/m17b/10_calibration_stability.csv,ANALYTICS_ONLY,MODEL_LOGIC,NO
reports/m17b/11_team_change_validation.csv,ANALYTICS_ONLY,MODEL_LOGIC,NO
reports/m17b/12_tier_b_validation_limitations.md,ANALYTICS_ONLY,MODEL_LOGIC,NO
reports/m17b/13_target_circularity_audit.md,ANALYTICS_ONLY,MODEL_LOGIC,NO
reports/m17b/14_current_production_regression.json,ANALYTICS_ONLY,MODEL_LOGIC,NO
reports/m17b/15_model_firewall.json,ANALYTICS_ONLY,MODEL_LOGIC,NO
reports/m17b/16_determinism.json,ANALYTICS_ONLY,MODEL_LOGIC,NO
reports/m17b/17_pre_name_verdict.json,ANALYTICS_ONLY,MODEL_LOGIC,NO
reports/m17b/18_cross_season_summary.csv,ANALYTICS_ONLY,MODEL_LOGIC,NO
reports/m17b/19_validation_seal.json,ANALYTICS_ONLY,MODEL_LOGIC,NO
reports/m17b/20_model_health.json,ANALYTICS_ONLY,MODEL_LOGIC,NO
reports/m17b/21_full_audit.md,ANALYTICS_ONLY,MODEL_LOGIC,NO
reports/m18a/00_freeze.json,ANALYTICS_ONLY,MODEL_LOGIC,NO
reports/m18a/01_legacy_ln_forensics.md,ANALYTICS_ONLY,MODEL_LOGIC,NO
reports/m18a/02_legacy_ln_distribution.csv,ANALYTICS_ONLY,MODEL_LOGIC,NO
reports/m18a/03_observable_impact_contract.md,ANALYTICS_ONLY,MODEL_LOGIC,NO
reports/m18a/04_lineup_target_contract.md,ANALYTICS_ONLY,MODEL_LOGIC,NO
reports/m18a/05_unit_audit.md,ANALYTICS_ONLY,MODEL_LOGIC,NO
reports/m18a/06_lineup_regularization_freeze.json,ANALYTICS_ONLY,MODEL_LOGIC,NO
reports/m18a/07_lineup_estimator_health.json,ANALYTICS_ONLY,MODEL_LOGIC,NO
reports/m18a/08_lineup_negative_controls.csv,ANALYTICS_ONLY,MODEL_LOGIC,NO
reports/m18a/09_context_control_contract.md,ANALYTICS_ONLY,MODEL_LOGIC,NO
reports/m18a/10_uir_candidate_freeze.json,ANALYTICS_ONLY,MODEL_LOGIC,NO
reports/m18a/11_validation_prediction.csv,ANALYTICS_ONLY,MODEL_LOGIC,NO
reports/m18a/12_validation_bootstrap.csv,ANALYTICS_ONLY,MODEL_LOGIC,NO
reports/m18a/13_team_change_validation.csv,ANALYTICS_ONLY,MODEL_LOGIC,NO
reports/m18a/14_lineup_context_turnover.csv,ANALYTICS_ONLY,MODEL_LOGIC,NO
reports/m18a/15_validation_verdict.json,ANALYTICS_ONLY,MODEL_LOGIC,NO
reports/m18a/16_pre_reserved_freeze.json,ANALYTICS_ONLY,MODEL_LOGIC,NO
reports/m18a/17_circularity_audit.md,ANALYTICS_ONLY,MODEL_LOGIC,NO
reports/m18a/18_tracking_inventory.md,ANALYTICS_ONLY,MODEL_LOGIC,NO
reports/m18a/19_current_production_regression.json,ANALYTICS_ONLY,MODEL_LOGIC,NO
reports/m18a/20_determinism.json,ANALYTICS_ONLY,MODEL_LOGIC,NO
reports/m18a/21_reserved_prediction.csv,ANALYTICS_ONLY,MODEL_LOGIC,NO
reports/m18a/22_reserved_bootstrap.csv,ANALYTICS_ONLY,MODEL_LOGIC,NO
reports/m18a/23_reserved_team_change.csv,ANALYTICS_ONLY,MODEL_LOGIC,NO
reports/m18a/24_reserved_exposure.csv,ANALYTICS_ONLY,MODEL_LOGIC,NO
reports/m18a/25_pre_name_reserved_verdict.json,ANALYTICS_ONLY,MODEL_LOGIC,NO
reports/m18a/26_named_diagnostics.csv,ANALYTICS_ONLY,MODEL_LOGIC,NO
reports/m18a/27_model_health.json,ANALYTICS_ONLY,MODEL_LOGIC,NO
reports/m18a/28_full_audit.md,ANALYTICS_ONLY,MODEL_LOGIC,NO
reports/m18a/29_m18a_seal.json,ANALYTICS_ONLY,MODEL_LOGIC,NO
reports/m18b_0/00_freeze.json,ANALYTICS_ONLY,MODEL_LOGIC,NO
reports/m18b_0/01_local_tracking_inventory.md,ANALYTICS_ONLY,MODEL_LOGIC,NO
reports/m18b_0/02_tracking_source_inventory.md,ANALYTICS_ONLY,MODEL_LOGIC,NO
reports/m18b_0/03_tracking_data_contract.md,ANALYTICS_ONLY,MODEL_LOGIC,NO
reports/m18b_0/04_tracking_player_crosswalk.csv,ANALYTICS_ONLY,MODEL_LOGIC,NO
reports/m18b_0/05_lineup_tracking_agreement.csv,ANALYTICS_ONLY,MODEL_LOGIC,NO
reports/m18b_0/06_spatial_feature_contract.md,ANALYTICS_ONLY,MODEL_LOGIC,NO
reports/m18b_0/07_identity_leakage_protocol.md,ANALYTICS_ONLY,MODEL_LOGIC,NO
reports/m18b_0/08_counterfactual_identification_risks.md,ANALYTICS_ONLY,MODEL_LOGIC,NO
reports/m18b_0/09_proposed_tracking_eval_protocol.md,ANALYTICS_ONLY,MODEL_LOGIC,NO
reports/m18b_0/10_tracking_coverage_plan.csv,ANALYTICS_ONLY,MODEL_LOGIC,NO
reports/m18b_0/11_storage_and_acquisition_plan.md,ANALYTICS_ONLY,MODEL_LOGIC,NO
reports/m18b_0/12_model_firewall.json,ANALYTICS_ONLY,MODEL_LOGIC,NO
reports/m18b_0/13_model_health.json,ANALYTICS_ONLY,MODEL_LOGIC,NO
reports/m18b_0/14_full_audit.md,ANALYTICS_ONLY,MODEL_LOGIC,NO
reports/m18b_0/15_readiness_seal.json,ANALYTICS_ONLY,MODEL_LOGIC,NO
reports/m6/m6_component_analysis.csv,ANALYTICS_ONLY,OTHER,NO
reports/m6/m6_feature_provenance.csv,ANALYTICS_ONLY,OTHER,NO
reports/m6/m6_implementation.md,ANALYTICS_ONLY,OTHER,NO
reports/m6/m6_leakage_report.csv,ANALYTICS_ONLY,OTHER,NO
reports/m6/m6_oos_validation.csv,ANALYTICS_ONLY,OTHER,NO
reports/m7/m7_component_analysis.csv,ANALYTICS_ONLY,OTHER,NO
reports/m7/m7_cv_baseline_comparison.csv,ANALYTICS_ONLY,OTHER,NO
reports/m7/m7_cv_component_analysis.csv,ANALYTICS_ONLY,OTHER,NO
reports/m7/m7_cv_implementation.md,ANALYTICS_ONLY,OTHER,NO
reports/m7/m7_cv_leakage_report.csv,ANALYTICS_ONLY,OTHER,NO
reports/m7/m7_cv_oos_validation.csv,ANALYTICS_ONLY,OTHER,NO
reports/m7/m7_feature_provenance.csv,ANALYTICS_ONLY,OTHER,NO
reports/m7/m7_leakage_report.csv,ANALYTICS_ONLY,OTHER,NO
reports/m7/m7_research.md,ANALYTICS_ONLY,OTHER,NO
reports/m7/m7_target_definition.md,ANALYTICS_ONLY,OTHER,NO
reports/m7/m7_validation_plan.md,ANALYTICS_ONLY,OTHER,NO
reports/post-m7/baseline/2024-25.pre-remediation.json,ANALYTICS_ONLY,OTHER,NO
reports/post-m7/baseline/2025-26.pre-remediation.json,ANALYTICS_ONLY,OTHER,NO
reports/post-m7/calculation_before_after.csv,ANALYTICS_ONLY,OTHER,NO
reports/post-m7/component_ablation.csv,ANALYTICS_ONLY,OTHER,NO
reports/post-m7/final_calculation_audit.md,ANALYTICS_ONLY,OTHER,NO
reports/post-m7/leakage_report.csv,ANALYTICS_ONLY,OTHER,NO
reports/post-m7/oos_validation.csv,ANALYTICS_ONLY,OTHER,NO
reports/post-m7/regression_report.md,ANALYTICS_ONLY,OTHER,NO
reports/post-m7/remediation_implementation.md,ANALYTICS_ONLY,OTHER,NO
reports/post-m7/remediation_matrix.csv,ANALYTICS_ONLY,OTHER,NO
reports/post-m7/timestamp_validation.csv,ANALYTICS_ONLY,OTHER,NO
reports/post-m7/top100_2024_25.csv,ANALYTICS_ONLY,OTHER,NO
reports/post-m7/top100_2025_26.csv,ANALYTICS_ONLY,OTHER,NO
reports/ranking-audit/baseline_summary_2024_25.json,ANALYTICS_ONLY,LEADERBOARD_LOGIC,NO
reports/ranking-audit/baseline_summary_2025_26.json,ANALYTICS_ONLY,LEADERBOARD_LOGIC,NO
reports/ranking-audit/before_after_2024_25.csv,ANALYTICS_ONLY,LEADERBOARD_LOGIC,NO
reports/ranking-audit/before_after_2025_26.csv,ANALYTICS_ONLY,LEADERBOARD_LOGIC,NO
reports/ranking-audit/legacy_top100_2024_25_by_drbl100.csv,ANALYTICS_ONLY,LEADERBOARD_LOGIC,NO
reports/ranking-audit/top100_2024_25_ability.csv,ANALYTICS_ONLY,LEADERBOARD_LOGIC,NO
reports/ranking-audit/top100_2024_25_forecast_value.csv,ANALYTICS_ONLY,LEADERBOARD_LOGIC,NO
reports/ranking-audit/top100_2024_25_season_value.csv,ANALYTICS_ONLY,LEADERBOARD_LOGIC,NO
reports/ranking-audit/top100_2025_26_ability.csv,ANALYTICS_ONLY,LEADERBOARD_LOGIC,NO
reports/ranking-audit/top100_2025_26_forecast_value.csv,ANALYTICS_ONLY,LEADERBOARD_LOGIC,NO
reports/ranking-audit/top100_2025_26_season_value.csv,ANALYTICS_ONLY,LEADERBOARD_LOGIC,NO
reports/sequential-attribution/before_after_2024_25.csv,ANALYTICS_ONLY,OTHER,NO
reports/sequential-attribution/before_after_2025_26.csv,ANALYTICS_ONLY,OTHER,NO
reports/sequential-attribution/summary_2024_25.json,ANALYTICS_ONLY,OTHER,NO
reports/sequential-attribution/summary_2025_26.json,ANALYTICS_ONLY,OTHER,NO
reports/sequential-attribution/top100_2024_25_sequential.csv,ANALYTICS_ONLY,OTHER,NO
reports/sequential-attribution/top100_2025_26_sequential.csv,ANALYTICS_ONLY,OTHER,NO
reports/ui-metric-integrity/00_freeze.json,ANALYTICS_ONLY,OTHER,NO
reports/ui-metric-integrity/01_dataflow.md,ANALYTICS_ONLY,OTHER,NO
reports/ui-metric-integrity/02_representative_row_inputs.json,ANALYTICS_ONLY,OTHER,NO
reports/ui-metric-integrity/03_percentile_contract.csv,ANALYTICS_ONLY,LEADERBOARD_LOGIC,NO
reports/ui-metric-integrity/04_cross_player_validation.csv,ANALYTICS_ONLY,OTHER,NO
reports/ui-metric-integrity/05_duplication_diagnostics.csv,ANALYTICS_ONLY,OTHER,NO
reports/ui-metric-integrity/06_fix_summary.md,ANALYTICS_ONLY,OTHER,NO
reports/ui-metric-integrity/07_model_health.json,ANALYTICS_ONLY,OTHER,NO
scripts/audit-data.ts,ANALYTICS_ONLY,OTHER,NO
scripts/drbl-compute-season.ts,ANALYTICS_ONLY,MODEL_LOGIC,NO
scripts/drbl-epv-calibrate.ts,ANALYTICS_ONLY,MODEL_LOGIC,NO
scripts/drbl-import-historical.ts,ANALYTICS_ONLY,MODEL_LOGIC,NO
scripts/drbl-m15-audit.ts,ANALYTICS_ONLY,MODEL_LOGIC,NO
scripts/drbl-m15-charts.ts,ANALYTICS_ONLY,MODEL_LOGIC,NO
scripts/drbl-m15-refresh.ts,ANALYTICS_ONLY,MODEL_LOGIC,NO
scripts/drbl-m16a-diagnostics.ts,ANALYTICS_ONLY,MODEL_LOGIC,NO
scripts/drbl-m16b.ts,ANALYTICS_ONLY,MODEL_LOGIC,NO
scripts/drbl-m16b1.ts,ANALYTICS_ONLY,MODEL_LOGIC,NO
scripts/drbl-m16c.ts,ANALYTICS_ONLY,MODEL_LOGIC,NO
scripts/drbl-m16d.ts,ANALYTICS_ONLY,MODEL_LOGIC,NO
scripts/drbl-m16e0.ts,ANALYTICS_ONLY,MODEL_LOGIC,NO
scripts/drbl-m16e1.ts,ANALYTICS_ONLY,MODEL_LOGIC,NO
scripts/drbl-m16f0.ts,ANALYTICS_ONLY,MODEL_LOGIC,NO
scripts/drbl-m16f1.ts,ANALYTICS_ONLY,MODEL_LOGIC,NO
scripts/drbl-m16f1b.ts,ANALYTICS_ONLY,MODEL_LOGIC,NO
scripts/drbl-m16f1b-repair-focal.ts,ANALYTICS_ONLY,MODEL_LOGIC,NO
scripts/drbl-m16f2.ts,ANALYTICS_ONLY,MODEL_LOGIC,NO
scripts/drbl-m16g.ts,ANALYTICS_ONLY,MODEL_LOGIC,NO
scripts/drbl-m16g1.ts,ANALYTICS_ONLY,MODEL_LOGIC,NO
scripts/drbl-m16g2.ts,ANALYTICS_ONLY,MODEL_LOGIC,NO
scripts/drbl-m16h.ts,ANALYTICS_ONLY,MODEL_LOGIC,NO
scripts/drbl-m16i.ts,ANALYTICS_ONLY,MODEL_LOGIC,NO
scripts/drbl-m16i1.ts,ANALYTICS_ONLY,MODEL_LOGIC,NO
scripts/drbl-m16i2.ts,ANALYTICS_ONLY,MODEL_LOGIC,NO
scripts/drbl-m16i3.ts,ANALYTICS_ONLY,MODEL_LOGIC,NO
scripts/drbl-m16i4.ts,ANALYTICS_ONLY,MODEL_LOGIC,NO
scripts/drbl-m16j.ts,ANALYTICS_ONLY,MODEL_LOGIC,NO
scripts/drbl-m16j0.ts,ANALYTICS_ONLY,MODEL_LOGIC,NO
scripts/drbl-m16j0_1.ts,ANALYTICS_ONLY,MODEL_LOGIC,NO
scripts/drbl-m16k0.ts,ANALYTICS_ONLY,MODEL_LOGIC,NO
scripts/drbl-m16k0_1.ts,ANALYTICS_ONLY,MODEL_LOGIC,NO
scripts/drbl-m16k1.ts,ANALYTICS_ONLY,MODEL_LOGIC,NO
scripts/drbl-m16k1_1.ts,ANALYTICS_ONLY,MODEL_LOGIC,NO
scripts/drbl-m16l0.ts,ANALYTICS_ONLY,MODEL_LOGIC,NO
scripts/drbl-m16l0_1.ts,ANALYTICS_ONLY,MODEL_LOGIC,NO
scripts/drbl-m16l1.ts,ANALYTICS_ONLY,MODEL_LOGIC,NO
scripts/drbl-m16l1_1.ts,ANALYTICS_ONLY,MODEL_LOGIC,NO
scripts/drbl-m16l1_2.ts,ANALYTICS_ONLY,MODEL_LOGIC,NO
scripts/drbl-m16l2.ts,ANALYTICS_ONLY,MODEL_LOGIC,NO
scripts/drbl-m16l3.ts,ANALYTICS_ONLY,MODEL_LOGIC,NO
scripts/drbl-m17a.ts,ANALYTICS_ONLY,MODEL_LOGIC,NO
scripts/drbl-m17a_1_early.ts,ANALYTICS_ONLY,MODEL_LOGIC,NO
scripts/drbl-m17a_1_import_progress.ts,ANALYTICS_ONLY,MODEL_LOGIC,NO
scripts/drbl-m17a_1_lineup_forensics.ts,ANALYTICS_ONLY,MODEL_LOGIC,NO
scripts/drbl-m17a_1_partial_seal.ts,ANALYTICS_ONLY,MODEL_LOGIC,NO
scripts/drbl-m17a_1_seal_raw_import.ts,ANALYTICS_ONLY,MODEL_LOGIC,NO
scripts/drbl-m17a_1_season_validate.ts,ANALYTICS_ONLY,MODEL_LOGIC,NO
scripts/drbl-m17a_1_supervisor.ts,ANALYTICS_ONLY,MODEL_LOGIC,NO
scripts/drbl-m17a_2.ts,ANALYTICS_ONLY,MODEL_LOGIC,NO
scripts/drbl-m17a_2_export_shadow.ts,ANALYTICS_ONLY,MODEL_LOGIC,NO
scripts/drbl-m17b.ts,ANALYTICS_ONLY,MODEL_LOGIC,NO
scripts/drbl-m18a.ts,ANALYTICS_ONLY,MODEL_LOGIC,NO
scripts/drbl-m18b_0.ts,ANALYTICS_ONLY,MODEL_LOGIC,NO
scripts/drbl-m6-validate.ts,ANALYTICS_ONLY,MODEL_LOGIC,NO
scripts/drbl-m7-cv-validate.ts,ANALYTICS_ONLY,MODEL_LOGIC,NO
scripts/drbl-m7-research.ts,ANALYTICS_ONLY,MODEL_LOGIC,NO
scripts/drbl-phase-a.ts,ANALYTICS_ONLY,MODEL_LOGIC,NO
scripts/drbl-pipeline-remaster.ts,ANALYTICS_ONLY,MODEL_LOGIC,NO
scripts/drbl-post-m7-remediate.ts,ANALYTICS_ONLY,MODEL_LOGIC,NO
scripts/drbl-ranking-remaster.ts,ANALYTICS_ONLY,MODEL_LOGIC,NO
scripts/drbl-sequential-reattribute.ts,ANALYTICS_ONLY,MODEL_LOGIC,NO
scripts/drbl-ui-metric-integrity.ts,ANALYTICS_ONLY,MODEL_LOGIC,NO
scripts/drbl-war-audit.ts,ANALYTICS_ONLY,MODEL_LOGIC,NO
scripts/drbl-war-player-diagnostics.ts,ANALYTICS_ONLY,MODEL_LOGIC,NO
scripts/drbl-war-unit-repair.ts,ANALYTICS_ONLY,MODEL_LOGIC,NO
scripts/export-drbl-top100.ts,ANALYTICS_ONLY,OTHER,NO
scripts/inspect-box-v2.ts,ANALYTICS_ONLY,OTHER,NO
scripts/inspect-box-v3.ts,ANALYTICS_ONLY,OTHER,NO
scripts/inspect-box-v3b.ts,ANALYTICS_ONLY,OTHER,NO
scripts/inspect-hist-pbp.ts,ANALYTICS_ONLY,OTHER,NO
scripts/inspect-starters.ts,ANALYTICS_ONLY,OTHER,NO
scripts/probe-boxscore.ts,ANALYTICS_ONLY,OTHER,NO
scripts/probe-historical-pbp.ts,ANALYTICS_ONLY,SEASON_REGISTRY,NO
scripts/time-fetch.ts,ANALYTICS_ONLY,OTHER,NO
scripts/tmp-starters.ts,ANALYTICS_ONLY,OTHER,NO
src/app/api/drbl/provenance/route.ts,ANALYTICS_ONLY,API_CONTRACT,NO
src/app/api/players/search/route.ts,ANALYTICS_ONLY,API_CONTRACT,NO
src/app/dashboard/page.tsx,ANALYTICS_ONLY,UI_COMPONENT,NO
src/app/learn/drbl/page.tsx,ANALYTICS_ONLY,UI_COMPONENT,NO
src/components/charts/player-career-timeline.tsx,ANALYTICS_ONLY,UI_COMPONENT,NO
src/components/charts/player-efficiency-profile.tsx,ANALYTICS_ONLY,UI_COMPONENT,NO
src/components/charts/player-shot-chart.tsx,ANALYTICS_ONLY,UI_COMPONENT,NO
src/components/charts/player-shot-diet.tsx,ANALYTICS_ONLY,UI_COMPONENT,NO
src/components/charts/player-usage-ts-scatter-lazy.tsx,ANALYTICS_ONLY,UI_COMPONENT,NO
src/components/charts/rolling-efficiency-chart.tsx,ANALYTICS_ONLY,UI_COMPONENT,NO
src/components/dashboard/analysis-board.tsx,ANALYTICS_ONLY,UI_COMPONENT,NO
src/components/dashboard/category-bar-board.tsx,ANALYTICS_ONLY,UI_COMPONENT,NO
src/components/dashboard/dashboard-workspace.tsx,ANALYTICS_ONLY,UI_COMPONENT,NO
src/components/dashboard/histogram-board.tsx,ANALYTICS_ONLY,UI_COMPONENT,NO
src/components/dashboard/scatter-board.tsx,ANALYTICS_ONLY,UI_COMPONENT,NO
src/components/explore/board-provenance-debug.tsx,ANALYTICS_ONLY,UI_COMPONENT,NO
src/components/explore/drbl-season-support-notice.tsx,ANALYTICS_ONLY,UI_COMPONENT,NO
src/components/explore/team-filter-toolbar.tsx,ANALYTICS_ONLY,UI_COMPONENT,NO
src/components/game/game-play-by-play.tsx,ANALYTICS_ONLY,UI_COMPONENT,NO
src/components/home/home-game-list.tsx,ANALYTICS_ONLY,UI_COMPONENT,NO
src/components/layout/global-player-search.tsx,ANALYTICS_ONLY,UI_COMPONENT,NO
src/components/player/percentile-rankings.tsx,ANALYTICS_ONLY,LEADERBOARD_LOGIC,NO
src/components/player/player-bref-tables.tsx,ANALYTICS_ONLY,PLAYER_PAGE_DATA,NO
src/components/player/player-headshot.tsx,ANALYTICS_ONLY,PLAYER_PAGE_DATA,NO
src/components/player/player-savant-summary.tsx,ANALYTICS_ONLY,PLAYER_PAGE_DATA,NO
src/components/player/player-season-select.tsx,ANALYTICS_ONLY,METRIC_DEFINITION,NO
src/components/player/player-season-summary.tsx,ANALYTICS_ONLY,METRIC_DEFINITION,NO
src/components/system/auto-refresh.tsx,ANALYTICS_ONLY,UI_COMPONENT,NO
src/components/team/team-logo.tsx,ANALYTICS_ONLY,TEAM_PAGE_DATA,NO
src/components/ui/stat-tooltip.tsx,ANALYTICS_ONLY,UI_COMPONENT,NO
src/data/drbl/precomputed/2020-21.json,ANALYTICS_ONLY,MODEL_LOGIC,NO
src/data/drbl/precomputed/2021-22.json,ANALYTICS_ONLY,MODEL_LOGIC,NO
src/data/drbl/precomputed/2022-23.json,ANALYTICS_ONLY,MODEL_LOGIC,NO
src/data/drbl/precomputed/2023-24.json,ANALYTICS_ONLY,MODEL_LOGIC,NO
src/data/drbl/precomputed/2024-25.json,ANALYTICS_ONLY,MODEL_LOGIC,NO
src/data/drbl/precomputed/2024-25-r1-stints.json,ANALYTICS_ONLY,MODEL_LOGIC,NO
src/data/drbl/precomputed/2025-26.json,ANALYTICS_ONLY,MODEL_LOGIC,NO
src/data/drbl/precomputed/2025-26-r1-stints.json,ANALYTICS_ONLY,MODEL_LOGIC,NO
src/data/drbl/season-registry.ts,ANALYTICS_ONLY,MODEL_LOGIC,NO
src/data/providers/nba/bref-scraper.ts,ANALYTICS_ONLY,DATA_PIPELINE,NO
src/data/providers/nba/cache-policy.ts,ANALYTICS_ONLY,DATA_PIPELINE,NO
src/data/providers/nba/darko-scraper.ts,ANALYTICS_ONLY,DATA_PIPELINE,NO
src/data/providers/nba/drbl-loader.ts,ANALYTICS_ONLY,DATA_PIPELINE,NO
src/data/providers/nba/nba-team-meta.ts,ANALYTICS_ONLY,DATA_PIPELINE,NO
src/data/providers/nba/play-by-play-client.ts,ANALYTICS_ONLY,DATA_PIPELINE,NO
src/data/providers/nba/schedule-client.ts,ANALYTICS_ONLY,DATA_PIPELINE,NO
src/data/providers/nba/season.ts,ANALYTICS_ONLY,DATA_PIPELINE,NO
src/data/providers/nba/stats-nba-client.ts,ANALYTICS_ONLY,DATA_PIPELINE,NO
src/data/queries/percentiles.ts,ANALYTICS_ONLY,LEADERBOARD_LOGIC,NO
src/data/transformers/play-by-play.ts,ANALYTICS_ONLY,DATA_PIPELINE,NO
src/data/transformers/stats-nba.ts,ANALYTICS_ONLY,DATA_PIPELINE,NO
src/data/types/play-by-play.ts,ANALYTICS_ONLY,API_CONTRACT,NO
src/lib/dashboard-aggregates.ts,ANALYTICS_ONLY,OTHER,NO
src/lib/dashboard-player.ts,ANALYTICS_ONLY,OTHER,NO
src/lib/nba-media.ts,ANALYTICS_ONLY,OTHER,NO
src/lib/player-explore-sort.ts,ANALYTICS_ONLY,LEADERBOARD_LOGIC,NO
src/lib/player-savant.ts,ANALYTICS_ONLY,OTHER,NO
src/lib/player-stat-views.ts,ANALYTICS_ONLY,OTHER,NO
src/lib/rolling-efficiency.ts,ANALYTICS_ONLY,OTHER,NO
src/lib/stat-glossary.ts,ANALYTICS_ONLY,COPY/METHODOLOGY,NO
src/lib/team-explore-sort.ts,ANALYTICS_ONLY,OTHER,NO
tsconfig.json,ANALYTICS_ONLY,CONFIG,NO
data/cba/salary-cap-by-year.json,WEB_ONLY,OTHER,NO
data/impact/bdl-player-identity-fixture.json,WEB_ONLY,OTHER,NO
data/impact/lebron.csv,WEB_ONLY,OTHER,NO
data/impact/player-id-aliases.json,WEB_ONLY,OTHER,NO
data/impact/README.md,WEB_ONLY,OTHER,NO
data/pbp/README.md,WEB_ONLY,OTHER,NO
data/salaries/player-salaries-2000-2025.csv,WEB_ONLY,OTHER,NO
data/salaries/README.md,WEB_ONLY,OTHER,NO
data/transactions/espn-site-v2/v1/manifest.json,WEB_ONLY,OTHER,NO
data/transactions/espn-site-v2/v1/ownership-edges.jsonl,WEB_ONLY,OTHER,NO
data/transactions/espn-site-v2/v1/raw/2000.json,WEB_ONLY,OTHER,NO
data/transactions/espn-site-v2/v1/raw/2001.json,WEB_ONLY,OTHER,NO
data/transactions/espn-site-v2/v1/raw/2002.json,WEB_ONLY,OTHER,NO
data/transactions/espn-site-v2/v1/raw/2003.json,WEB_ONLY,OTHER,NO
data/transactions/espn-site-v2/v1/raw/2004.json,WEB_ONLY,OTHER,NO
data/transactions/espn-site-v2/v1/raw/2005.json,WEB_ONLY,OTHER,NO
data/transactions/espn-site-v2/v1/raw/2006.json,WEB_ONLY,OTHER,NO
data/transactions/espn-site-v2/v1/raw/2007.json,WEB_ONLY,OTHER,NO
data/transactions/espn-site-v2/v1/raw/2008.json,WEB_ONLY,OTHER,NO
data/transactions/espn-site-v2/v1/raw/2009.json,WEB_ONLY,OTHER,NO
data/transactions/espn-site-v2/v1/raw/2010.json,WEB_ONLY,OTHER,NO
data/transactions/espn-site-v2/v1/raw/2011.json,WEB_ONLY,OTHER,NO
data/transactions/espn-site-v2/v1/raw/2012.json,WEB_ONLY,OTHER,NO
data/transactions/espn-site-v2/v1/raw/2013.json,WEB_ONLY,OTHER,NO
data/transactions/espn-site-v2/v1/raw/2014.json,WEB_ONLY,OTHER,NO
data/transactions/espn-site-v2/v1/raw/2015.json,WEB_ONLY,OTHER,NO
data/transactions/espn-site-v2/v1/raw/2016.json,WEB_ONLY,OTHER,NO
data/transactions/espn-site-v2/v1/raw/2017.json,WEB_ONLY,OTHER,NO
data/transactions/espn-site-v2/v1/raw/2018.json,WEB_ONLY,OTHER,NO
data/transactions/espn-site-v2/v1/raw/2019.json,WEB_ONLY,OTHER,NO
data/transactions/espn-site-v2/v1/raw/2020.json,WEB_ONLY,OTHER,NO
data/transactions/espn-site-v2/v1/raw/2021.json,WEB_ONLY,OTHER,NO
data/transactions/espn-site-v2/v1/raw/2022.json,WEB_ONLY,OTHER,NO
data/transactions/espn-site-v2/v1/raw/2023.json,WEB_ONLY,OTHER,NO
data/transactions/espn-site-v2/v1/raw/2024.json,WEB_ONLY,OTHER,NO
data/transactions/espn-site-v2/v1/raw/2025.json,WEB_ONLY,OTHER,NO
data/transactions/espn-site-v2/v1/raw/2026.json,WEB_ONLY,OTHER,NO
data/transactions/espn-site-v2/v1/transactions.jsonl,WEB_ONLY,OTHER,NO
data/transactions/espn-site-v2/v1/validation-summary.json,WEB_ONLY,OTHER,NO
data/transactions/README.md,WEB_ONLY,OTHER,NO
docs/advanced-stats-source-audit.md,WEB_ONLY,OTHER,NO
docs/ask-drbl-coverage.md,WEB_ONLY,OTHER,NO
docs/BRANCH_DELIVERABLES.md,WEB_ONLY,OTHER,NO
docs/career-resume.md,WEB_ONLY,OTHER,NO
docs/game-status-and-watch.md,WEB_ONLY,OTHER,NO
docs/historical-impact.md,WEB_ONLY,SEASON_REGISTRY,NO
docs/historical-pbp-audit.md,WEB_ONLY,SEASON_REGISTRY,NO
docs/myleague-architecture.md,WEB_ONLY,OTHER,NO
docs/myleague-season-flow.md,WEB_ONLY,OTHER,NO
docs/offseason-tracker.md,WEB_ONLY,OTHER,NO
docs/PRODUCT_ROADMAP.md,WEB_ONLY,OTHER,NO
docs/RELEASE_BASELINE.md,WEB_ONLY,OTHER,NO
docs/season-rank.md,WEB_ONLY,LEADERBOARD_LOGIC,NO
docs/structured-transaction-source-audit.md,WEB_ONLY,OTHER,NO
docs/team-intelligence.md,WEB_ONLY,OTHER,NO
docs/trade-builder-architecture.md,WEB_ONLY,OTHER,NO
docs/transaction-lineage.md,WEB_ONLY,OTHER,NO
package-lock.json,WEB_ONLY,OTHER,NO
public/logos/historical/README.md,WEB_ONLY,SEASON_REGISTRY,NO
scripts/diagnose-player-data.ts,WEB_ONLY,OTHER,NO
scripts/fixtures/pbp/malformed/manifest.json,WEB_ONLY,OTHER,NO
scripts/fixtures/pbp/valid/manifest.json,WEB_ONLY,OTHER,NO
scripts/ingest-espn-transactions.ts,WEB_ONLY,OTHER,NO
scripts/prefetch-historical-games.ts,WEB_ONLY,SEASON_REGISTRY,NO
scripts/report-advanced-stats-coverage.ts,WEB_ONLY,OTHER,NO
scripts/report-historical-impact.ts,WEB_ONLY,SEASON_REGISTRY,NO
scripts/report-historical-team-identity.ts,WEB_ONLY,SEASON_REGISTRY,NO
scripts/report-learn-coverage.ts,WEB_ONLY,OTHER,NO
scripts/report-pbp-coverage.ts,WEB_ONLY,OTHER,NO
scripts/report-team-identity.ts,WEB_ONLY,OTHER,NO
scripts/report-transaction-lineage.ts,WEB_ONLY,OTHER,NO
scripts/smoke-historical.ts,WEB_ONLY,SEASON_REGISTRY,NO
scripts/smoke-myleague.ts,WEB_ONLY,OTHER,NO
scripts/smoke-myleague-ingest.ts,WEB_ONLY,OTHER,NO
scripts/smoke-real-league.ts,WEB_ONLY,OTHER,NO
scripts/test-advanced-stats-audit.ts,WEB_ONLY,TEST,NO
scripts/test-ask-drbl.ts,WEB_ONLY,TEST,NO
scripts/test-ask-examples.ts,WEB_ONLY,TEST,NO
scripts/test-ask-recent-store.ts,WEB_ONLY,TEST,NO
scripts/test-box-score-context.ts,WEB_ONLY,TEST,NO
scripts/test-career-resume.ts,WEB_ONLY,TEST,NO
scripts/test-cross-route-continuity.ts,WEB_ONLY,TEST,NO
scripts/test-data-truth.ts,WEB_ONLY,TEST,NO
scripts/test-drbl-release.ts,WEB_ONLY,TEST,NO
scripts/test-explore-players-board.ts,WEB_ONLY,TEST,NO
scripts/test-external-links.ts,WEB_ONLY,TEST,NO
scripts/test-game-lab.ts,WEB_ONLY,TEST,NO
scripts/test-game-matchup-theme.ts,WEB_ONLY,CSS/STYLING,NO
scripts/test-game-season-context.ts,WEB_ONLY,TEST,NO
scripts/test-game-shell.ts,WEB_ONLY,TEST,NO
scripts/test-game-status.ts,WEB_ONLY,TEST,NO
scripts/test-historical-impact.ts,WEB_ONLY,SEASON_REGISTRY,NO
scripts/test-historical-team-brand.ts,WEB_ONLY,SEASON_REGISTRY,NO
scripts/test-historical-team-era.ts,WEB_ONLY,SEASON_REGISTRY,NO
scripts/test-historical-team-fail-fast.ts,WEB_ONLY,SEASON_REGISTRY,NO
scripts/test-leaderboard-context-panel.ts,WEB_ONLY,LEADERBOARD_LOGIC,NO
scripts/test-learn-explanations.ts,WEB_ONLY,TEST,NO
scripts/test-live-refresh.ts,WEB_ONLY,TEST,NO
scripts/test-offseason-tracker.ts,WEB_ONLY,TEST,NO
scripts/test-pbp-capability.ts,WEB_ONLY,TEST,NO
scripts/test-player-board-resilience.ts,WEB_ONLY,TEST,NO
scripts/test-player-career-explorer.ts,WEB_ONLY,TEST,NO
scripts/test-player-data-health.ts,WEB_ONLY,TEST,NO
scripts/test-player-identity-preview.ts,WEB_ONLY,TEST,NO
scripts/test-player-percentile-metrics.ts,WEB_ONLY,LEADERBOARD_LOGIC,NO
scripts/test-player-season-compare.ts,WEB_ONLY,METRIC_DEFINITION,NO
scripts/test-player-season-rank.ts,WEB_ONLY,LEADERBOARD_LOGIC,NO
scripts/test-production-provider-guard.ts,WEB_ONLY,TEST,NO
scripts/test-progressive-destinations.ts,WEB_ONLY,TEST,NO
scripts/test-scoreboard-resilience.ts,WEB_ONLY,TEST,NO
scripts/test-season-evidence.ts,WEB_ONLY,TEST,NO
scripts/test-site-nav.ts,WEB_ONLY,TEST,NO
scripts/test-team-arc.ts,WEB_ONLY,TEST,NO
scripts/test-team-assets.ts,WEB_ONLY,TEST,NO
scripts/test-team-identity.ts,WEB_ONLY,TEST,NO
scripts/test-team-intelligence.ts,WEB_ONLY,TEST,NO
scripts/test-teams-catalog-resilience.ts,WEB_ONLY,TEST,NO
scripts/test-team-season-compare.ts,WEB_ONLY,TEST,NO
scripts/test-team-season-rank.ts,WEB_ONLY,LEADERBOARD_LOGIC,NO
scripts/test-time-machine.ts,WEB_ONLY,TEST,NO
scripts/test-transaction-lineage.ts,WEB_ONLY,TEST,NO
scripts/test-transaction-player-resolve.ts,WEB_ONLY,TEST,NO
scripts/test-ui-continuity.ts,WEB_ONLY,TEST,NO
src/analytics/box-score-context.ts,WEB_ONLY,OTHER,NO
src/analytics/career-resume.ts,WEB_ONLY,OTHER,NO
src/analytics/compare-players.ts,WEB_ONLY,OTHER,NO
src/analytics/compare-player-seasons.ts,WEB_ONLY,METRIC_DEFINITION,NO
src/analytics/compare-team-seasons.ts,WEB_ONLY,OTHER,NO
src/analytics/context.ts,WEB_ONLY,OTHER,NO
src/analytics/evolution.ts,WEB_ONLY,OTHER,NO
src/analytics/explanations.ts,WEB_ONLY,OTHER,NO
src/analytics/game-lab.ts,WEB_ONLY,OTHER,NO
src/analytics/game-season-context.ts,WEB_ONLY,OTHER,NO
src/analytics/index.ts,WEB_ONLY,OTHER,NO
src/analytics/leaderboard-context.ts,WEB_ONLY,LEADERBOARD_LOGIC,NO
src/analytics/rank-player-seasons.ts,WEB_ONLY,LEADERBOARD_LOGIC,NO
src/analytics/rank-team-seasons.ts,WEB_ONLY,LEADERBOARD_LOGIC,NO
src/analytics/season-evidence.ts,WEB_ONLY,OTHER,NO
src/analytics/team-profile.ts,WEB_ONLY,OTHER,NO
src/analytics/types.ts,WEB_ONLY,OTHER,NO
src/app/api/_lib/http.ts,WEB_ONLY,API_CONTRACT,NO
src/app/api/games/[gameId]/box-score/route.ts,WEB_ONLY,API_CONTRACT,NO
src/app/api/games/[gameId]/route.ts,WEB_ONLY,API_CONTRACT,NO
src/app/api/games/route.ts,WEB_ONLY,API_CONTRACT,NO
src/app/api/gm/league/route.ts,WEB_ONLY,API_CONTRACT,NO
src/app/api/historical/route.ts,WEB_ONLY,SEASON_REGISTRY,NO
src/app/api/impact/darko/route.ts,WEB_ONLY,API_CONTRACT,NO
src/app/api/impact/lebron/route.ts,WEB_ONLY,API_CONTRACT,NO
src/app/api/players/[playerId]/games/route.ts,WEB_ONLY,API_CONTRACT,NO
src/app/api/players/[playerId]/route.ts,WEB_ONLY,API_CONTRACT,NO
src/app/api/players/[playerId]/seasons/route.ts,WEB_ONLY,API_CONTRACT,NO
src/app/api/scores/live/route.ts,WEB_ONLY,API_CONTRACT,NO
src/app/api/search/route.ts,WEB_ONLY,API_CONTRACT,NO
src/app/api/seasons/route.ts,WEB_ONLY,API_CONTRACT,NO
src/app/api/stats/advanced/route.ts,WEB_ONLY,API_CONTRACT,NO
src/app/api/stats/games/route.ts,WEB_ONLY,API_CONTRACT,NO
src/app/api/stats/players/route.ts,WEB_ONLY,API_CONTRACT,NO
src/app/api/teams/route.ts,WEB_ONLY,API_CONTRACT,NO
src/app/ask/loading.tsx,WEB_ONLY,ROUTING,NO
src/app/ask/page.tsx,WEB_ONLY,UI_COMPONENT,NO
src/app/compare/loading.tsx,WEB_ONLY,ROUTING,NO
src/app/compare/page.tsx,WEB_ONLY,UI_COMPONENT,NO
src/app/franchises/[id]/page.tsx,WEB_ONLY,UI_COMPONENT,NO
src/app/franchises/page.tsx,WEB_ONLY,UI_COMPONENT,NO
src/app/games/[gameId]/loading.tsx,WEB_ONLY,ROUTING,NO
src/app/globals.css,WEB_ONLY,CSS/STYLING,NO
src/app/gm/cap/page.tsx,WEB_ONLY,UI_COMPONENT,NO
src/app/gm/draft/page.tsx,WEB_ONLY,UI_COMPONENT,NO
src/app/gm/free-agency/page.tsx,WEB_ONLY,UI_COMPONENT,NO
src/app/gm/game/[gameId]/page.tsx,WEB_ONLY,UI_COMPONENT,NO
src/app/gm/layout.tsx,WEB_ONLY,UI_COMPONENT,NO
src/app/gm/lineup/page.tsx,WEB_ONLY,UI_COMPONENT,NO
src/app/gm/medical/page.tsx,WEB_ONLY,UI_COMPONENT,NO
src/app/gm/offseason/page.tsx,WEB_ONLY,UI_COMPONENT,NO
src/app/gm/page.tsx,WEB_ONLY,UI_COMPONENT,NO
src/app/gm/roster/page.tsx,WEB_ONLY,UI_COMPONENT,NO
src/app/gm/schedule/page.tsx,WEB_ONLY,UI_COMPONENT,NO
src/app/gm/staff/page.tsx,WEB_ONLY,UI_COMPONENT,NO
src/app/gm/standings/page.tsx,WEB_ONLY,UI_COMPONENT,NO
src/app/gm/trade/page.tsx,WEB_ONLY,UI_COMPONENT,NO
src/app/history/loading.tsx,WEB_ONLY,ROUTING,NO
src/app/history/page.tsx,WEB_ONLY,UI_COMPONENT,NO
src/app/learn/[slug]/page.tsx,WEB_ONLY,UI_COMPONENT,NO
src/app/learn/page.tsx,WEB_ONLY,UI_COMPONENT,NO
src/app/offseason/loading.tsx,WEB_ONLY,ROUTING,NO
src/app/offseason/page.tsx,WEB_ONLY,UI_COMPONENT,NO
src/app/players/[playerId]/loading.tsx,WEB_ONLY,PLAYER_PAGE_DATA,NO
src/app/players/[playerId]/season-compare/page.tsx,WEB_ONLY,PLAYER_PAGE_DATA,NO
src/app/players/[playerId]/season-rank/page.tsx,WEB_ONLY,LEADERBOARD_LOGIC,NO
src/app/scores/page.tsx,WEB_ONLY,UI_COMPONENT,NO
src/app/standings/page.tsx,WEB_ONLY,UI_COMPONENT,NO
src/app/teams/[teamId]/loading.tsx,WEB_ONLY,TEAM_PAGE_DATA,NO
src/components/analytics/stat-disclosure.tsx,WEB_ONLY,UI_COMPONENT,NO
src/components/ask/ask-builder-form.tsx,WEB_ONLY,UI_COMPONENT,NO
src/components/ask/ask-drbl-view.tsx,WEB_ONLY,UI_COMPONENT,NO
src/components/ask/ask-recent-store.ts,WEB_ONLY,UI_COMPONENT,NO
src/components/brand/historical-team-mark.tsx,WEB_ONLY,SEASON_REGISTRY,NO
src/components/brand/player-headshot.tsx,WEB_ONLY,UI_COMPONENT,NO
src/components/brand/team-logo.tsx,WEB_ONLY,UI_COMPONENT,NO
src/components/brand/team-wash-card.tsx,WEB_ONLY,UI_COMPONENT,NO
src/components/compare/compare-picker.tsx,WEB_ONLY,UI_COMPONENT,NO
src/components/compare/player-compare-view.tsx,WEB_ONLY,UI_COMPONENT,NO
src/components/compare/team-compare-view.tsx,WEB_ONLY,UI_COMPONENT,NO
src/components/compare/team-season-evidence-section.tsx,WEB_ONLY,UI_COMPONENT,NO
src/components/compare/team-season-rank-view.tsx,WEB_ONLY,LEADERBOARD_LOGIC,NO
src/components/continuity/destination-client-shell.tsx,WEB_ONLY,UI_COMPONENT,NO
src/components/continuity/destination-loading-frame.tsx,WEB_ONLY,UI_COMPONENT,NO
src/components/continuity/query-nav.tsx,WEB_ONLY,UI_COMPONENT,NO
src/components/continuity/route-transition.tsx,WEB_ONLY,UI_COMPONENT,NO
src/components/dashboard/metric-card.tsx,WEB_ONLY,UI_COMPONENT,NO
src/components/explore/explore-games-client-shell.tsx,WEB_ONLY,UI_COMPONENT,NO
src/components/explore/explore-players-client-shell.tsx,WEB_ONLY,UI_COMPONENT,NO
src/components/explore/leaderboard-row-context.tsx,WEB_ONLY,LEADERBOARD_LOGIC,NO
src/components/explore/player-board-health-banner.tsx,WEB_ONLY,UI_COMPONENT,NO
src/components/explore/team-catalog-fallback-notice.tsx,WEB_ONLY,UI_COMPONENT,NO
src/components/explore/team-season-toolbar.tsx,WEB_ONLY,UI_COMPONENT,NO
src/components/franchises/franchise-history-table.tsx,WEB_ONLY,UI_COMPONENT,NO
src/components/games/box-score-stat-context.tsx,WEB_ONLY,UI_COMPONENT,NO
src/components/games/game-box-score-tables.tsx,WEB_ONLY,UI_COMPONENT,NO
src/components/games/game-identity-shell.tsx,WEB_ONLY,UI_COMPONENT,NO
src/components/games/game-lab-view.tsx,WEB_ONLY,UI_COMPONENT,NO
src/components/home/findings-section.tsx,WEB_ONLY,UI_COMPONENT,NO
src/components/home/home-standings-panel.tsx,WEB_ONLY,UI_COMPONENT,NO
src/components/home/impact-leaders.tsx,WEB_ONLY,UI_COMPONENT,NO
src/components/home/league-pulse.tsx,WEB_ONLY,UI_COMPONENT,NO
src/components/home/league-pulse-section.tsx,WEB_ONLY,UI_COMPONENT,NO
src/components/home/offseason-pulse-panel.tsx,WEB_ONLY,UI_COMPONENT,NO
src/components/home/stat-guide-chips.tsx,WEB_ONLY,UI_COMPONENT,NO
src/components/home/top-performers-panel.tsx,WEB_ONLY,UI_COMPONENT,NO
src/components/home/watchlist-panel.tsx,WEB_ONLY,UI_COMPONENT,NO
src/components/home/week-game-calendar.tsx,WEB_ONLY,UI_COMPONENT,NO
src/components/home/week-game-calendar-client.tsx,WEB_ONLY,UI_COMPONENT,NO
src/components/learn/learn-index-client.tsx,WEB_ONLY,UI_COMPONENT,NO
src/components/learn/learn-topic-view.tsx,WEB_ONLY,UI_COMPONENT,NO
src/components/learn/metric-help.tsx,WEB_ONLY,UI_COMPONENT,NO
src/components/learn/stat-guide-view.tsx,WEB_ONLY,UI_COMPONENT,NO
src/components/offseason/offseason-client-shell.tsx,WEB_ONLY,UI_COMPONENT,NO
src/components/offseason/transaction-description.tsx,WEB_ONLY,UI_COMPONENT,NO
src/components/offseason/transaction-event-ui.tsx,WEB_ONLY,UI_COMPONENT,NO
src/components/players/career-team-trend-chart.tsx,WEB_ONLY,PLAYER_PAGE_DATA,NO
src/components/players/player-ask-links.tsx,WEB_ONLY,PLAYER_PAGE_DATA,NO
src/components/players/player-career-data-guard-banner.tsx,WEB_ONLY,PLAYER_PAGE_DATA,NO
src/components/players/player-career-resume.tsx,WEB_ONLY,PLAYER_PAGE_DATA,NO
src/components/players/player-context-strip.tsx,WEB_ONLY,PLAYER_PAGE_DATA,NO
src/components/players/player-core-island.tsx,WEB_ONLY,PLAYER_PAGE_DATA,NO
src/components/players/player-destination-identity.tsx,WEB_ONLY,PLAYER_PAGE_DATA,NO
src/components/players/player-destination-stats.tsx,WEB_ONLY,PLAYER_PAGE_DATA,NO
src/components/players/player-evolution-panel.tsx,WEB_ONLY,PLAYER_PAGE_DATA,NO
src/components/players/player-games-island.tsx,WEB_ONLY,PLAYER_PAGE_DATA,NO
src/components/players/player-identity.tsx,WEB_ONLY,PLAYER_PAGE_DATA,NO
src/components/players/player-identity-preview-lock.ts,WEB_ONLY,PLAYER_PAGE_DATA,NO
src/components/players/player-notable-games.tsx,WEB_ONLY,PLAYER_PAGE_DATA,NO
src/components/players/player-page-nav.tsx,WEB_ONLY,PLAYER_PAGE_DATA,NO
src/components/players/player-percentile-panel.tsx,WEB_ONLY,LEADERBOARD_LOGIC,NO
src/components/players/player-season-compare-view.tsx,WEB_ONLY,METRIC_DEFINITION,NO
src/components/players/player-season-explorer.tsx,WEB_ONLY,METRIC_DEFINITION,NO
src/components/players/player-season-rank-view.tsx,WEB_ONLY,LEADERBOARD_LOGIC,NO
src/components/smooth-scroll.tsx,WEB_ONLY,UI_COMPONENT,NO
src/components/sports/browse-circles.tsx,WEB_ONLY,UI_COMPONENT,NO
src/components/sports/data-provider-dev-badge.tsx,WEB_ONLY,UI_COMPONENT,NO
src/components/sports/decade-chips.tsx,WEB_ONLY,UI_COMPONENT,NO
src/components/sports/game-countdown.tsx,WEB_ONLY,UI_COMPONENT,NO
src/components/sports/gamefeed.tsx,WEB_ONLY,UI_COMPONENT,NO
src/components/sports/gamefeed-calendar.tsx,WEB_ONLY,UI_COMPONENT,NO
src/components/sports/game-score-card.tsx,WEB_ONLY,UI_COMPONENT,NO
src/components/sports/game-watch-options.tsx,WEB_ONLY,UI_COMPONENT,NO
src/components/sports/live-freshness.tsx,WEB_ONLY,UI_COMPONENT,NO
src/components/sports/live-indicator.tsx,WEB_ONLY,UI_COMPONENT,NO
src/components/sports/live-scoreboard-scope.tsx,WEB_ONLY,UI_COMPONENT,NO
src/components/sports/scoreboard-feed-notice.tsx,WEB_ONLY,UI_COMPONENT,NO
src/components/sports/site-nav.ts,WEB_ONLY,UI_COMPONENT,NO
src/components/sports/sports-shell.tsx,WEB_ONLY,UI_COMPONENT,NO
src/components/sports/use-live-scoreboard-refresh.ts,WEB_ONLY,UI_COMPONENT,NO
src/components/standings/standings-conference-table.tsx,WEB_ONLY,UI_COMPONENT,NO
src/components/teams/team-arc-island.tsx,WEB_ONLY,TEAM_PAGE_DATA,NO
src/components/teams/team-arc-section.tsx,WEB_ONLY,TEAM_PAGE_DATA,NO
src/components/teams/team-ask-links.tsx,WEB_ONLY,TEAM_PAGE_DATA,NO
src/components/teams/team-assets-island.tsx,WEB_ONLY,TEAM_PAGE_DATA,NO
src/components/teams/team-assets-section.tsx,WEB_ONLY,TEAM_PAGE_DATA,NO
src/components/teams/team-destination-identity.tsx,WEB_ONLY,TEAM_PAGE_DATA,NO
src/components/teams/team-evidence-island.tsx,WEB_ONLY,TEAM_PAGE_DATA,NO
src/components/teams/team-games-island.tsx,WEB_ONLY,TEAM_PAGE_DATA,NO
src/components/teams/team-games-section.tsx,WEB_ONLY,TEAM_PAGE_DATA,NO
src/components/teams/team-page-nav.tsx,WEB_ONLY,TEAM_PAGE_DATA,NO
src/components/teams/team-roster-island.tsx,WEB_ONLY,TEAM_PAGE_DATA,NO
src/components/teams/team-roster-section.tsx,WEB_ONLY,TEAM_PAGE_DATA,NO
src/components/teams/team-season-evidence-profile.tsx,WEB_ONLY,TEAM_PAGE_DATA,NO
src/components/teams/team-transactions-island.tsx,WEB_ONLY,TEAM_PAGE_DATA,NO
src/components/teams/team-transactions-section.tsx,WEB_ONLY,TEAM_PAGE_DATA,NO
src/components/time-machine/era-theme-scope.tsx,WEB_ONLY,CSS/STYLING,NO
src/components/time-machine/history-client-shell.tsx,WEB_ONLY,UI_COMPONENT,NO
src/components/time-machine/time-machine-controls.tsx,WEB_ONLY,UI_COMPONENT,NO
src/components/time-machine/time-machine-landing.tsx,WEB_ONLY,UI_COMPONENT,NO
src/components/time-machine/time-machine-snapshot.tsx,WEB_ONLY,UI_COMPONENT,NO
src/components/ui/app-link.tsx,WEB_ONLY,UI_COMPONENT,NO
src/components/ui/sortable-table-head.tsx,WEB_ONLY,UI_COMPONENT,NO
src/components/ui/table.tsx,WEB_ONLY,UI_COMPONENT,NO
src/content/learn/registry.ts,WEB_ONLY,COPY/METHODOLOGY,NO
src/content/learn/resolve.ts,WEB_ONLY,COPY/METHODOLOGY,NO
src/content/learn/topics.ts,WEB_ONLY,COPY/METHODOLOGY,NO
src/content/stats/guides.ts,WEB_ONLY,OTHER,NO
src/data/diagnostics/player-board-health.ts,WEB_ONLY,OTHER,NO
src/data/diagnostics/production-provider-guard.ts,WEB_ONLY,OTHER,NO
src/data/diagnostics/provider-failure.ts,WEB_ONLY,OTHER,NO
src/data/diagnostics/provider-meta.ts,WEB_ONLY,OTHER,NO
src/data/franchises/history.ts,WEB_ONLY,OTHER,NO
src/data/identity/game-id.ts,WEB_ONLY,OTHER,NO
src/data/identity/historical-abbr-aliases.ts,WEB_ONLY,SEASON_REGISTRY,NO
src/data/identity/team-era.ts,WEB_ONLY,OTHER,NO
src/data/identity/team-map.ts,WEB_ONLY,OTHER,NO
src/data/providers/advanced-stats/admit.ts,WEB_ONLY,DATA_PIPELINE,NO
src/data/providers/advanced-stats/coverage.ts,WEB_ONLY,DATA_PIPELINE,NO
src/data/providers/advanced-stats/identity.ts,WEB_ONLY,DATA_PIPELINE,NO
src/data/providers/advanced-stats/index.ts,WEB_ONLY,DATA_PIPELINE,NO
src/data/providers/advanced-stats/inventory.ts,WEB_ONLY,DATA_PIPELINE,NO
src/data/providers/advanced-stats/normalize.ts,WEB_ONLY,DATA_PIPELINE,NO
src/data/providers/advanced-stats/normalize-bdl-season-averages.ts,WEB_ONLY,DATA_PIPELINE,NO
src/data/providers/advanced-stats/probe-bdl.ts,WEB_ONLY,DATA_PIPELINE,NO
src/data/providers/advanced-stats/quality.ts,WEB_ONLY,DATA_PIPELINE,NO
src/data/providers/advanced-stats/readiness.ts,WEB_ONLY,DATA_PIPELINE,NO
src/data/providers/advanced-stats/season-averages-probe.ts,WEB_ONLY,DATA_PIPELINE,NO
src/data/providers/advanced-stats/semantics.ts,WEB_ONLY,DATA_PIPELINE,NO
src/data/providers/balldontlie/client.ts,WEB_ONLY,DATA_PIPELINE,NO
src/data/providers/historical/games-cache.ts,WEB_ONLY,SEASON_REGISTRY,NO
src/data/providers/historical/historical-nba-service.ts,WEB_ONLY,SEASON_REGISTRY,NO
src/data/providers/historical/season-range.ts,WEB_ONLY,SEASON_REGISTRY,NO
src/data/providers/impact/darko-client.ts,WEB_ONLY,DATA_PIPELINE,NO
src/data/providers/impact/historical-impact-index.ts,WEB_ONLY,SEASON_REGISTRY,NO
src/data/providers/impact/historical-impact-normalize.ts,WEB_ONLY,SEASON_REGISTRY,NO
src/data/providers/impact/lebron-store.ts,WEB_ONLY,DATA_PIPELINE,NO
src/data/providers/impact/player-id-aliases.ts,WEB_ONLY,DATA_PIPELINE,NO
src/data/providers/impact/sample-lebron.ts,WEB_ONLY,DATA_PIPELINE,NO
src/data/providers/insights/analytics-news.ts,WEB_ONLY,DATA_PIPELINE,NO
src/data/providers/nba/athlete-bio.ts,WEB_ONLY,DATA_PIPELINE,NO
src/data/providers/nba/enrich-box-score.ts,WEB_ONLY,DATA_PIPELINE,NO
src/data/providers/nba/espn-client.ts,WEB_ONLY,DATA_PIPELINE,NO
src/data/providers/nba/scoreboard-client.ts,WEB_ONLY,DATA_PIPELINE,NO
src/data/providers/nba/standings-client.ts,WEB_ONLY,DATA_PIPELINE,NO
src/data/providers/nba/starters-client.ts,WEB_ONLY,DATA_PIPELINE,NO
src/data/providers/nba/team-season-client.ts,WEB_ONLY,DATA_PIPELINE,NO
src/data/providers/salaries/salary-store.ts,WEB_ONLY,DATA_PIPELINE,NO
src/data/providers/transactions/espn-transactions-client.ts,WEB_ONLY,DATA_PIPELINE,NO
src/data/providers/transactions/espn-transactions-types.ts,WEB_ONLY,DATA_PIPELINE,NO
src/data/providers/transactions/offseason-window.ts,WEB_ONLY,DATA_PIPELINE,NO
src/data/providers/transactions/transaction-archive-store.ts,WEB_ONLY,DATA_PIPELINE,NO
src/data/providers/transactions/transaction-event-clusters.ts,WEB_ONLY,DATA_PIPELINE,NO
src/data/providers/transactions/transaction-event-index.ts,WEB_ONLY,DATA_PIPELINE,NO
src/data/providers/transactions/transaction-lineage-index.ts,WEB_ONLY,DATA_PIPELINE,NO
src/data/providers/transactions/transaction-validation.ts,WEB_ONLY,DATA_PIPELINE,NO
src/data/queries/advanced-stats-audit.ts,WEB_ONLY,DATA_PIPELINE,NO
src/data/queries/ask-drbl.ts,WEB_ONLY,DATA_PIPELINE,NO
src/data/queries/budget.ts,WEB_ONLY,DATA_PIPELINE,NO
src/data/queries/explore-players-board.ts,WEB_ONLY,DATA_PIPELINE,NO
src/data/queries/filter-utils.ts,WEB_ONLY,DATA_PIPELINE,NO
src/data/queries/franchises.ts,WEB_ONLY,DATA_PIPELINE,NO
src/data/queries/game-lab.ts,WEB_ONLY,DATA_PIPELINE,NO
src/data/queries/historical.ts,WEB_ONLY,SEASON_REGISTRY,NO
src/data/queries/historical-impact.ts,WEB_ONLY,SEASON_REGISTRY,NO
src/data/queries/offseason-tracker.ts,WEB_ONLY,DATA_PIPELINE,NO
src/data/queries/player-data-health.ts,WEB_ONLY,DATA_PIPELINE,NO
src/data/queries/player-season-compare.ts,WEB_ONLY,METRIC_DEFINITION,NO
src/data/queries/player-season-rank.ts,WEB_ONLY,LEADERBOARD_LOGIC,NO
src/data/queries/request-cache.ts,WEB_ONLY,DATA_PIPELINE,NO
src/data/queries/scoreboard-feed.ts,WEB_ONLY,DATA_PIPELINE,NO
src/data/queries/standings.ts,WEB_ONLY,DATA_PIPELINE,NO
src/data/queries/team-arc.ts,WEB_ONLY,DATA_PIPELINE,NO
src/data/queries/team-assets.ts,WEB_ONLY,DATA_PIPELINE,NO
src/data/queries/teams-catalog.ts,WEB_ONLY,DATA_PIPELINE,NO
src/data/queries/team-season-compare.ts,WEB_ONLY,DATA_PIPELINE,NO
src/data/queries/team-season-evidence.ts,WEB_ONLY,DATA_PIPELINE,NO
src/data/queries/team-season-rank.ts,WEB_ONLY,LEADERBOARD_LOGIC,NO
src/data/queries/team-seasons.ts,WEB_ONLY,DATA_PIPELINE,NO
src/data/queries/time-machine.ts,WEB_ONLY,DATA_PIPELINE,NO
src/data/queries/transaction-lineage.ts,WEB_ONLY,DATA_PIPELINE,NO
src/data/queries/transaction-player-resolve.ts,WEB_ONLY,DATA_PIPELINE,NO
src/data/transformers/balldontlie.ts,WEB_ONLY,DATA_PIPELINE,NO
src/data/transformers/espn-career.ts,WEB_ONLY,DATA_PIPELINE,NO
src/data/transformers/espn-transactions.ts,WEB_ONLY,DATA_PIPELINE,NO
src/data/types/advanced-season-stats.ts,WEB_ONLY,API_CONTRACT,NO
src/data/types/advanced-stats.ts,WEB_ONLY,API_CONTRACT,NO
src/data/types/filters.ts,WEB_ONLY,API_CONTRACT,NO
src/data/types/game.ts,WEB_ONLY,API_CONTRACT,NO
src/data/types/historical-impact.ts,WEB_ONLY,SEASON_REGISTRY,NO
src/data/types/impact.ts,WEB_ONLY,API_CONTRACT,NO
src/data/types/player.ts,WEB_ONLY,API_CONTRACT,NO
src/data/types/standings.ts,WEB_ONLY,API_CONTRACT,NO
src/data/types/team-assets.ts,WEB_ONLY,API_CONTRACT,NO
src/data/types/transaction-event.ts,WEB_ONLY,API_CONTRACT,NO
src/data/types/transaction-lineage.ts,WEB_ONLY,API_CONTRACT,NO
src/gm/engine/cap.ts,WEB_ONLY,OTHER,NO
src/gm/engine/lineup.ts,WEB_ONLY,OTHER,NO
src/gm/engine/progression.ts,WEB_ONLY,OTHER,NO
src/gm/engine/rng.ts,WEB_ONLY,OTHER,NO
src/gm/engine/schedule.ts,WEB_ONLY,OTHER,NO
src/gm/engine/scouting.ts,WEB_ONLY,OTHER,NO
src/gm/engine/simulate.ts,WEB_ONLY,OTHER,NO
src/gm/engine/standings.ts,WEB_ONLY,OTHER,NO
src/gm/engine/trades.ts,WEB_ONLY,OTHER,NO
src/gm/lib/selectors.ts,WEB_ONLY,OTHER,NO
src/gm/myleague/cba-registry.ts,WEB_ONLY,OTHER,NO
src/gm/myleague/constants.ts,WEB_ONLY,OTHER,NO
src/gm/myleague/controller.ts,WEB_ONLY,OTHER,NO
src/gm/myleague/create-myleague.ts,WEB_ONLY,OTHER,NO
src/gm/myleague/historical-universe.ts,WEB_ONLY,SEASON_REGISTRY,NO
src/gm/myleague/index.ts,WEB_ONLY,OTHER,NO
src/gm/myleague/ingest-snapshot.ts,WEB_ONLY,OTHER,NO
src/gm/myleague/knowledge.ts,WEB_ONLY,OTHER,NO
src/gm/myleague/phase.ts,WEB_ONLY,OTHER,NO
src/gm/myleague/real-nba-provider.ts,WEB_ONLY,OTHER,NO
src/gm/myleague/simulation-universe.ts,WEB_ONLY,OTHER,NO
src/gm/myleague/store.ts,WEB_ONLY,OTHER,NO
src/gm/myleague/types.ts,WEB_ONLY,OTHER,NO
src/gm/README.md,WEB_ONLY,OTHER,NO
src/gm/seed/contracts.ts,WEB_ONLY,OTHER,NO
src/gm/seed/create-league.ts,WEB_ONLY,OTHER,NO
src/gm/seed/create-real-league.ts,WEB_ONLY,OTHER,NO
src/gm/seed/create-real-season-league.ts,WEB_ONLY,OTHER,NO
src/gm/seed/franchises.ts,WEB_ONLY,OTHER,NO
src/gm/seed/prospect-identities.ts,WEB_ONLY,OTHER,NO
src/gm/seed/real-schedule.ts,WEB_ONLY,OTHER,NO
src/gm/seed/scouts.ts,WEB_ONLY,OTHER,NO
src/gm/state/gm-store.ts,WEB_ONLY,OTHER,NO
src/gm/types.ts,WEB_ONLY,OTHER,NO
src/gm/ui/gm-game-plan.tsx,WEB_ONLY,OTHER,NO
src/gm/ui/gm-nav.tsx,WEB_ONLY,OTHER,NO
src/gm/ui/gm-season-calendar.tsx,WEB_ONLY,OTHER,NO
src/gm/ui/gm-shell.tsx,WEB_ONLY,OTHER,NO
src/gm/ui/myleague-status-card.tsx,WEB_ONLY,OTHER,NO
src/gm/ui/offseason-hub.tsx,WEB_ONLY,OTHER,NO
src/lib/explore-filters.ts,WEB_ONLY,OTHER,NO
src/lib/format.ts,WEB_ONLY,OTHER,NO
src/lib/game-countdown.ts,WEB_ONLY,OTHER,NO
src/lib/game-matchup-theme.ts,WEB_ONLY,CSS/STYLING,NO
src/lib/game-status.ts,WEB_ONLY,OTHER,NO
src/lib/game-team-identity.ts,WEB_ONLY,OTHER,NO
src/lib/game-watch.ts,WEB_ONLY,OTHER,NO
src/lib/historical-team-brand.ts,WEB_ONLY,SEASON_REGISTRY,NO
src/lib/historical-team-palette.ts,WEB_ONLY,SEASON_REGISTRY,NO
src/lib/learn-column-concepts.ts,WEB_ONLY,OTHER,NO
src/lib/live-refresh-policy.ts,WEB_ONLY,OTHER,NO
src/lib/navigation.ts,WEB_ONLY,OTHER,NO
src/lib/nba-brand.ts,WEB_ONLY,OTHER,NO
src/lib/player-destination.ts,WEB_ONLY,OTHER,NO
src/lib/player-name.ts,WEB_ONLY,OTHER,NO
src/lib/player-percentile-metrics.ts,WEB_ONLY,LEADERBOARD_LOGIC,NO
src/lib/player-season-resolve.server.ts,WEB_ONLY,METRIC_DEFINITION,NO
src/lib/player-season-resolve.ts,WEB_ONLY,METRIC_DEFINITION,NO
src/lib/player-season-sort.ts,WEB_ONLY,METRIC_DEFINITION,NO
src/lib/player-stat-comps.ts,WEB_ONLY,OTHER,NO
src/lib/search-params.ts,WEB_ONLY,OTHER,NO
src/lib/stat-explainers.ts,WEB_ONLY,COPY/METHODOLOGY,NO
src/lib/team-arc.ts,WEB_ONLY,OTHER,NO
src/lib/team-destination.ts,WEB_ONLY,OTHER,NO
src/lib/team-explorer.ts,WEB_ONLY,OTHER,NO
src/lib/team-identity.ts,WEB_ONLY,OTHER,NO
src/lib/transaction-event-presentation.ts,WEB_ONLY,OTHER,NO
src/lib/transaction-event-status.ts,WEB_ONLY,OTHER,NO
src/lib/transaction-player-extract.ts,WEB_ONLY,OTHER,NO
src/lib/transaction-player-link.ts,WEB_ONLY,OTHER,NO
src/lib/transaction-player-resolution.ts,WEB_ONLY,OTHER,NO
src/offseason/index.ts,WEB_ONLY,OTHER,NO
src/pbp/corpus.server.ts,WEB_ONLY,OTHER,NO
src/pbp/corpus.ts,WEB_ONLY,OTHER,NO
src/pbp/index.ts,WEB_ONLY,OTHER,NO
src/pbp/types.ts,WEB_ONLY,OTHER,NO
src/query-engine/ask-builder.ts,WEB_ONLY,OTHER,NO
src/query-engine/ask-context.ts,WEB_ONLY,OTHER,NO
src/query-engine/ask-examples.ts,WEB_ONLY,OTHER,NO
src/query-engine/coverage.ts,WEB_ONLY,OTHER,NO
src/query-engine/entities.ts,WEB_ONLY,OTHER,NO
src/query-engine/execute.ts,WEB_ONLY,OTHER,NO
src/query-engine/followups.ts,WEB_ONLY,OTHER,NO
src/query-engine/index.ts,WEB_ONLY,OTHER,NO
src/query-engine/interpret.ts,WEB_ONLY,OTHER,NO
src/query-engine/interpret-helpers.ts,WEB_ONLY,OTHER,NO
src/query-engine/metrics.ts,WEB_ONLY,OTHER,NO
src/query-engine/partial.ts,WEB_ONLY,OTHER,NO
src/query-engine/run.ts,WEB_ONLY,OTHER,NO
src/query-engine/seasons.ts,WEB_ONLY,OTHER,NO
src/query-engine/types.ts,WEB_ONLY,OTHER,NO
src/query-engine/unsupported.ts,WEB_ONLY,OTHER,NO
src/query-engine/validate.ts,WEB_ONLY,OTHER,NO
src/themes/era-theme.ts,WEB_ONLY,CSS/STYLING,NO
src/themes/history-url.ts,WEB_ONLY,CSS/STYLING,NO
WORKBOOK.md,WEB_ONLY,OTHER,NO
