playerId,player,posteriorAbilityRate,warCalibrationInput,warCalibratedRate,replacementLevelUsed,aboveReplacementRate,exposureUsed,seasonalImpact,pointsPerWin,reconstructedWAR,displayedWAR,residual,rateCalibrationSlope,calibrationIntercept
203999,Nikola Jokić,1.5315,1.5315,8.936940534423483,-1.4886147765794517,10.425555311002935,10737,1119.391873742385,38.714285714285715,28.914181240578213,28.914181240578213,0,5.835416607524311,0
1628983,Shai Gilgeous-Alexander,1.2962,1.2962,7.5638670066730125,-1.4886147765794517,9.052481783252464,10880,984.9100180178681,38.714285714285715,25.440480170203234,25.440480170203234,0,5.835416607524311,0
1630532,Franz Wagner,1.3178,1.3178,7.689912005395538,-1.4886147765794517,9.17852678197499,8188,751.5377729081121,38.714285714285715,19.412414798364516,19.412414798364516,0,5.835416607524311,0
1641705,Victor Wembanyama,1.7019,1.7019,9.931295524345625,-1.4886147765794517,11.419910300925077,6024,687.9353965277265,38.714285714285715,17.769548987801056,17.769548987801056,0,5.835416607524311,0
1626181,Norman Powell,1.1709,1.1709,6.8326893057502165,-1.4886147765794517,8.321304082329668,8057,670.4474699133013,38.714285714285715,17.317831326173835,17.317831326173835,0,5.835416607524311,0
1630202,Payton Pritchard,0.9881,0.9881,5.765975149894772,-1.4886147765794517,7.254589926474224,9025,654.7267408642987,38.714285714285715,16.911760834133176,16.911760834133176,0,5.835416607524311,0
1629675,Naz Reid,0.9686,0.9686,5.652184526048048,-1.4886147765794517,7.140799302627499,9046,645.9567049156835,38.714285714285715,16.68522854025751,16.68522854025751,0,5.835416607524311,0
202710,Jimmy Butler,1.3221,1.3221,7.7150042968078925,-1.4886147765794517,9.203619073387344,6970,641.492249415098,38.714285714285715,16.569910501496995,16.569910501496995,0,5.835416607524311,0
1628991,Jaren Jackson Jr.,0.872,0.872,5.088483281761199,-1.4886147765794517,6.577098058340651,9713,638.8335344066275,38.714285714285715,16.501235206075247,16.501235206075247,0,5.835416607524311,0
203897,Zach LaVine,0.6579,0.6579,3.8391205860902446,-1.4886147765794517,5.327735362669697,10890,580.1903809947299,38.714285714285715,14.986467405767932,14.986467405767932,0,5.835416607524311,0
1627826,Ivica Zubac,0.6676,0.6676,3.89572412718323,-1.4886147765794517,5.384338903762682,10739,578.2241548750744,38.714285714285715,14.935679277215945,14.935679277215945,0,5.835416607524311,0
201942,DeMar DeRozan,0.6094,0.6094,3.5561028806253154,-1.4886147765794517,5.044717657204767,11459,578.0741963390942,38.714285714285715,14.931805809496899,14.931805809496899,0,5.835416607524311,0
1631165,Keon Ellis,0.9171,0.9171,5.351660570760546,-1.4886147765794517,6.840275347339998,8023,548.795291117088,38.714285714285715,14.175524124795631,14.175524124795631,0,5.835416607524311,0
1631128,Christian Braun,0.5697,0.5697,3.3244368413066,-1.4886147765794517,4.813051617886051,11046,531.6496817116932,38.714285714285715,13.732648605099087,13.732648605099087,0,5.835416607524311,0
1631106,Tari Eason,1.2376,1.2376,7.221911593472088,-1.4886147765794517,8.71052637005154,5836,508.3463189562078,38.714285714285715,13.130716725806106,13.130716725806106,0,5.835416607524311,0
1628386,Jarrett Allen,0.6368,0.6368,3.7159932956714816,-1.4886147765794517,5.204608072250934,9655,502.50490937582765,38.714285714285715,12.979831607493702,12.979831607493702,0,5.835416607524311,0
1627736,Malik Beasley,0.6076,0.6076,3.545599130731772,-1.4886147765794517,5.034213907311224,9795,493.10125222113436,38.714285714285715,12.736932714199042,12.736932714199042,0,5.835416607524311,0
1629631,De'Andre Hunter,0.8664,0.8664,5.055804948759063,-1.4886147765794517,6.544419725338514,7330,479.70596586731307,38.714285714285715,12.390929007642773,12.390929007642773,0,5.835416607524311,0
1630700,Dyson Daniels,0.5008,0.5008,2.9223766370481754,-1.4886147765794517,4.410991413627627,10870,479.4747666613231,38.714285714285715,12.3849570724327,12.3849570724327,0,5.835416607524311,0
1627783,Pascal Siakam,0.5396,0.5396,3.1487908014201182,-1.4886147765794517,4.63740557799957,10334,479.2294924304756,38.714285714285715,12.378621575694941,12.378621575694941,0,5.835416607524311,0
1630596,Evan Mobley,0.6262,0.6262,3.6541378796317234,-1.4886147765794517,5.142752656211175,9051,465.4705429136734,38.714285714285715,12.023224355703741,12.023224355703741,0,5.835416607524311,0
203497,Rudy Gobert,0.5583,0.5583,3.2579130919808232,-1.4886147765794517,4.746527868560275,9585,454.9546962015023,38.714285714285715,11.751597318857993,11.751597318857993,0,5.835416607524311,0
1626157,Karl-Anthony Towns,0.4707,0.4707,2.7467305971616933,-1.4886147765794517,4.235345373741145,10077,426.7957533118952,38.714285714285715,11.024244550491758,11.024244550491758,0,5.835416607524311,0
1630552,Jalen Johnson,1.0738,1.0738,6.266070353159606,-1.4886147765794517,7.754685129739057,5396,418.44280960071956,38.714285714285715,10.808485856845154,10.808485856845154,0,5.835416607524311,0
1628369,Jayson Tatum,0.4024,0.4024,2.348171642867783,-1.4886147765794517,3.8367864194472343,10587,406.2005782268787,38.714285714285715,10.49226585825886,10.49226585825886,0,5.835416607524311,0
1628378,Donovan Mitchell,0.4699,0.4699,2.742062263875674,-1.4886147765794517,4.2306770404551255,9308,393.79141892556305,38.714285714285715,10.171734068187975,10.171734068187975,0,5.835416607524311,0
202696,Nikola Vučević,0.4312,0.4312,2.516231641164483,-1.4886147765794517,4.004846417743935,9771,391.3135434777599,38.714285714285715,10.10772990532959,10.10772990532959,0,5.835416607524311,0
1629636,Darius Garland,0.4311,0.4311,2.5156480995037307,-1.4886147765794517,4.004262876083183,9684,387.77281691989543,38.714285714285715,10.016272023761136,10.016272023761136,0,5.835416607524311,0
1627734,Domantas Sabonis,0.3824,0.3824,2.2314633107172965,-1.4886147765794517,3.7200780872967485,10119,376.434701653558,38.714285714285715,9.723405577767181,9.723405577767181,0,5.835416607524311,0
1630529,Herbert Jones,2.1365,2.1365,12.46736758197569,-1.4886147765794517,13.955982358555142,2686,374.8576861507911,38.714285714285715,9.682670859983533,9.682670859983533,0,5.835416607524311,0
1630551,Justin Champagnie,0.8972,0.8972,5.235535780270812,-1.4886147765794517,6.7241505568502635,5479,368.41620900982593,38.714285714285715,9.516285841582219,9.516285841582219,0,5.835416607524311,0
1630183,Jaden McDaniels,0.3435,0.3435,2.004465604684601,-1.4886147765794517,3.493080381264053,10534,367.9610873623554,38.714285714285715,9.504529931868959,9.504529931868959,0,5.835416607524311,0
1629660,Ty Jerome,0.8313,0.8313,4.85098182583496,-1.4886147765794517,6.339596602414412,5795,367.3796231099152,38.714285714285715,9.48951056003471,9.48951056003471,0,5.835416607524311,0
1630168,Onyeka Okongwu,0.4499,0.4499,2.6253539317251877,-1.4886147765794517,4.11396870830464,8921,367.0071484678569,38.714285714285715,9.479889443819182,9.479889443819182,0,5.835416607524311,0
1628384,OG Anunoby,0.3044,0.3044,1.7763008153304003,-1.4886147765794517,3.264915591909852,10928,356.78997588390865,38.714285714285715,9.215977236853728,9.215977236853728,0,5.835416607524311,0
1629008,Michael Porter Jr.,0.3044,0.3044,1.7763008153304003,-1.4886147765794517,3.264915591909852,10812,353.0026737972932,38.714285714285715,9.11815024568654,9.11815024568654,0,5.835416607524311,0
1628970,Miles Bridges,0.4688,0.4688,2.735643305607397,-1.4886147765794517,4.224258082186849,8345,352.51433695849255,38.714285714285715,9.105536379001652,9.105536379001652,0,5.835416607524311,0
203507,Giannis Antetokounmpo,0.3916,0.3916,2.28514914350652,-1.4886147765794517,3.7737639200859716,9335,352.28086194002543,38.714285714285715,9.099505658967447,9.099505658967447,0,5.835416607524311,0
1629661,Cameron Johnson,0.5644,0.5644,3.2935091332867215,-1.4886147765794517,4.782123909866173,7215,345.03024009684435,38.714285714285715,8.912220223903729,8.912220223903729,0,5.835416607524311,0
1630583,Santi Aldama,0.5739,0.5739,3.348945591058202,-1.4886147765794517,4.8375603676376535,7119,344.38592257212457,38.714285714285715,8.895577335811335,8.895577335811335,0,5.835416607524311,0
1630530,Trey Murphy III,0.4875,0.4875,2.8447655961681018,-1.4886147765794517,4.333380372747554,7827,339.17368177495104,38.714285714285715,8.760943809685083,8.760943809685083,0,5.835416607524311,0
1630541,Moses Moody,0.5732,0.5732,3.3448607994329356,-1.4886147765794517,4.833475576012387,6827,329.9813775743657,38.714285714285715,8.523504217788043,8.523504217788043,0,5.835416607524311,0
1629048,Goga Bitadze,0.7243,0.7243,4.226592248829859,-1.4886147765794517,5.715207025409311,5644,322.5662845141015,38.714285714285715,8.331970448703728,8.331970448703728,0,5.835416607524311,0
203084,Harrison Barnes,0.3522,0.3522,2.0552337291700624,-1.4886147765794517,3.543848505749514,9064,321.21442856113595,38.714285714285715,8.297051660250744,8.297051660250744,0,5.835416607524311,0
1628436,Luke Kornet,0.7805,0.7805,4.554542662172725,-1.4886147765794517,6.043157438752177,5296,320.0456179563153,38.714285714285715,8.266860980421429,8.266860980421429,0,5.835416607524311,0
1631105,Jalen Duren,0.3907,0.3907,2.2798972685597483,-1.4886147765794517,3.7685120451392002,8369,315.38677305769966,38.714285714285715,8.146521813298515,8.146521813298515,0,5.835416607524311,0
203076,Anthony Davis,0.5152,0.5152,3.006406636196525,-1.4886147765794517,4.495021412775976,6970,313.30299247048555,38.714285714285715,8.092697222484867,8.092697222484867,0,5.835416607524311,0
1630162,Anthony Edwards,0.2064,0.2064,1.2044299877930178,-1.4886147765794517,2.6930447643724698,11610,312.66249714364375,38.714285714285715,8.076153062750945,8.076153062750945,0,5.835416607524311,0
1642377,Jaylen Wells,0.3616,0.3616,2.110086645280791,-1.4886147765794517,3.598701421860243,8654,311.4316210477854,38.714285714285715,8.04435921525645,8.04435921525645,0,5.835416607524311,0
1631109,Mark Williams,0.8354,0.8354,4.87490703392581,-1.4886147765794517,6.3635218105052616,4827,307.167197793089,38.714285714285715,7.934208061076099,7.934208061076099,0,5.835416607524311,0
1627884,Derrick Jones Jr.,0.4192,0.4192,2.4462066418741912,-1.4886147765794517,3.9348214184536427,7733,304.2797402890202,38.714285714285715,7.859624287908271,7.859624287908271,0,5.835416607524311,0
201142,Kevin Durant,0.3034,0.3034,1.770465398722876,-1.4886147765794517,3.2590801753023277,9248,301.3997346119593,38.714285714285715,7.785232997356881,7.785232997356881,0,5.835416607524311,0
1641709,Ausar Thompson,0.6755,0.6755,3.941823918382672,-1.4886147765794517,5.430438694962124,5515,299.48869402716116,38.714285714285715,7.735870325424827,7.735870325424827,0,5.835416607524311,0
1628401,Derrick White,0.2355,0.2355,1.3742406110719751,-1.4886147765794517,2.862855387651427,10451,299.19701656345063,38.714285714285715,7.728336221196142,7.728336221196142,0,5.835416607524311,0
203552,Seth Curry,0.9175,0.9175,5.353994737403555,-1.4886147765794517,6.842609513983007,4319,295.53230490892605,38.714285714285715,7.633675772555285,7.633675772555285,0,5.835416607524311,0
1628449,Chris Boucher,1.2006,1.2006,7.006001178993688,-1.4886147765794517,8.49461595557314,3459,293.8287659032749,38.714285714285715,7.589672920010791,7.589672920010791,0,5.835416607524311,0
1630178,Tyrese Maxey,0.3705,0.3705,2.162021853087757,-1.4886147765794517,3.6506366296672086,7776,283.87350432292214,38.714285714285715,7.3325259419204984,7.3325259419204984,0,5.835416607524311,0
1629655,Daniel Gafford,0.6834,0.6834,3.9879237095821143,-1.4886147765794517,5.476538486161566,5145,281.76790511301255,38.714285714285715,7.278137770446818,7.278137770446818,0,5.835416607524311,0
1629060,Rui Hachimura,0.3896,0.3896,2.2734783102914715,-1.4886147765794517,3.762093086870923,7480,281.404562897945,38.714285714285715,7.268752547179392,7.268752547179392,0,5.835416607524311,0
1627827,Dorian Finney-Smith,0.4087,0.4087,2.384934767495186,-1.4886147765794517,3.8735495440746375,7259,281.1809614043779,38.714285714285715,7.2629768628437095,7.2629768628437095,0,5.835416607524311,0
1630534,Ochai Agbaji,0.3991,0.3991,2.3289147680629525,-1.4886147765794517,3.8175295446424045,7355,280.77929800844885,38.714285714285715,7.2526017935761695,7.2526017935761695,0,5.835416607524311,0
201939,Stephen Curry,0.2546,0.2546,1.4856970682756896,-1.4886147765794517,2.9743118448551416,9434,280.596579443634,38.714285714285715,7.247882125850325,7.247882125850325,0,5.835416607524311,0
1630198,Isaiah Joe,0.466,0.466,2.7193041391063293,-1.4886147765794517,4.207918915685781,6664,280.4157165413004,38.714285714285715,7.243210390365693,7.243210390365693,0,5.835416607524311,0
202681,Kyrie Irving,0.3701,0.3701,2.1596876864447476,-1.4886147765794517,3.6483024630241996,7454,271.94446559382385,38.714285714285715,7.0243957902463725,7.0243957902463725,0,5.835416607524311,0
1630174,Aaron Nesmith,0.7848,0.7848,4.57963495358508,-1.4886147765794517,6.068249730164531,4464,270.8866679545447,38.714285714285715,6.9970726039919295,6.9970726039919295,0,5.835416607524311,0
1642419,Jamison Battle,0.7934,0.7934,4.629819536409789,-1.4886147765794517,6.1184343129892405,4336,265.2953118112135,38.714285714285715,6.852646430547949,6.852646430547949,0,5.835416607524311,0
1629012,Collin Sexton,0.3601,0.3601,2.1013335203695043,-1.4886147765794517,3.589948296948956,7276,261.204638086006,38.714285714285715,6.746983271594251,6.746983271594251,0,5.835416607524311,0
1629599,Amir Coffey,0.3696,0.3696,2.1567699781409853,-1.4886147765794517,3.645384754720437,7136,260.1346560968504,38.714285714285715,6.71934536043525,6.71934536043525,0,5.835416607524311,0
1628381,John Collins,0.6063,0.6063,3.5380130891419896,-1.4886147765794517,5.026627865721442,5113,257.0114827743373,38.714285714285715,6.638672986791001,6.638672986791001,0,5.835416607524311,0
1631117,Walker Kessler,0.3503,0.3503,2.0441464376157663,-1.4886147765794517,3.532761214195218,7243,255.87789474415965,38.714285714285715,6.6093921151627955,6.6093921151627955,0,5.835416607524311,0
1630215,Jared Butler,0.7267,0.7267,4.240597248687917,-1.4886147765794517,5.729212025267368,4371,250.42385762443666,38.714285714285715,6.468512927568475,6.468512927568475,0,5.835416607524311,0
1629637,Jaxson Hayes,0.6704,0.6704,3.912063293684298,-1.4886147765794517,5.40067807026375,4526,244.4346894601373,38.714285714285715,6.313811166867015,6.313811166867015,0,5.835416607524311,0
1627936,Alex Caruso,0.726,0.726,4.23651245706265,-1.4886147765794517,5.725127233642102,4268,244.3484303318449,38.714285714285715,6.311583071302267,6.311583071302267,0,5.835416607524311,0
1630573,Sam Hauser,0.4259,0.4259,2.4853039331446043,-1.4886147765794517,3.973918709724056,6035,239.82599413184678,38.714285714285715,6.194767376099363,6.194767376099363,0,5.835416607524311,0
1641717,Cason Wallace,0.2729,0.2729,1.5924851921933845,-1.4886147765794517,3.081099968772836,7701,237.27550859519613,38.714285714285715,6.128887675890675,6.128887675890675,0,5.835416607524311,0
1629006,Josh Okogie,1.3065,1.3065,7.623971797730513,-1.4886147765794517,9.112586574309965,2524,230.00168513558353,38.714285714285715,5.941002937081493,5.941002937081493,0,5.835416607524311,0
1631108,Max Christie,0.1955,0.1955,1.1408239467710029,-1.4886147765794517,2.6294387233504546,8740,229.81294442082972,38.714285714285715,5.9361277156671886,5.9361277156671886,0,5.835416607524311,0
1629018,Gary Trent Jr.,0.2437,0.2437,1.4220910272536746,-1.4886147765794517,2.9107058038331264,7728,224.939344520224,38.714285714285715,5.8102413713711,5.8102413713711,0,5.835416607524311,0
1628973,Jalen Brunson,0.1566,0.1566,0.9138262407383071,-1.4886147765794517,2.402441017317759,9338,224.33994219713233,38.714285714285715,5.794758654538473,5.794758654538473,0,5.835416607524311,0
1629634,Brandon Clarke,0.4625,0.4625,2.698880180979994,-1.4886147765794517,4.187494957559446,5288,221.43473335574353,38.714285714285715,5.719716359742453,5.719716359742453,0,5.835416607524311,0
1628404,Josh Hart,0.0688,0.0688,0.4014766625976726,-1.4886147765794517,1.8900914391771244,11694,221.02729289737294,38.714285714285715,5.709192067459818,5.709192067459818,0,5.835416607524311,0
1626220,Royce O'Neale,0.2532,0.2532,1.4775274850251554,-1.4886147765794517,2.966142261604607,7432,220.44369288245437,38.714285714285715,5.6941175283290795,5.6941175283290795,0,5.835416607524311,0
204001,Kristaps Porziņģis,0.4905,0.4905,2.8622718459906746,-1.4886147765794517,4.350886622570126,5035,219.06714144640583,38.714285714285715,5.658560849169154,5.658560849169154,0,5.835416607524311,0
203932,Aaron Gordon,0.3677,0.3677,2.1456826865866896,-1.4886147765794517,3.634297463166141,5970,216.96755855101864,38.714285714285715,5.604328080653618,5.604328080653618,0,5.835416607524311,0
1629627,Zion Williamson,0.7584,0.7584,4.425579955146437,-1.4886147765794517,5.914194731725889,3647,215.69068186604315,38.714285714285715,5.571346026060155,5.571346026060155,0,5.835416607524311,0
1629026,Kenrich Williams,0.5368,0.5368,3.1324516349190508,-1.4886147765794517,4.621066411498503,4632,214.04779618061065,38.714285714285715,5.5289098644438175,5.5289098644438175,0,5.835416607524311,0
1629130,Duncan Robinson,0.2529,0.2529,1.4757768600428984,-1.4886147765794517,2.9643916366223504,7165,212.3986607639914,38.714285714285715,5.486312270656604,5.486312270656604,0,5.835416607524311,0
1628415,Dillon Brooks,0.1273,0.1273,0.7428485341378448,-1.4886147765794517,2.2314633107172965,9518,212.39067791407228,38.714285714285715,5.486106071581203,5.486106071581203,0,5.835416607524311,0
1630167,Obi Toppin,0.3103,0.3103,1.8107297733147938,-1.4886147765794517,3.2993445498942453,6381,210.5311757287518,38.714285714285715,5.438074649820157,5.438074649820157,0,5.835416607524311,0
1629029,Luka Dončić,0.2337,0.2337,1.3637368611784315,-1.4886147765794517,2.8523516377578835,7368,210.16126867000085,38.714285714285715,5.428519854944671,5.428519854944671,0,5.835416607524311,0
1631217,Moussa Diabaté,0.4804,0.4804,2.8033341382546793,-1.4886147765794517,4.291948914834131,4891,209.9192214245373,38.714285714285715,5.4222677120729195,5.4222677120729195,0,5.835416607524311,0
1630182,Josh Green,0.2047,0.2047,1.1945097795602264,-1.4886147765794517,2.683124556139678,7785,208.88124669547392,38.714285714285715,5.395456556709658,5.395456556709658,0,5.835416607524311,0
1631133,Jabari Walker,0.8743,0.8743,5.101904739958505,-1.4886147765794517,6.590519516537957,3140,206.94231281929183,38.714285714285715,5.345373393856247,5.345373393856247,0,5.835416607524311,0
1629639,Tyler Herro,0.0687,0.0687,0.40089312093692014,-1.4886147765794517,1.889507897516372,10901,205.97525590825973,38.714285714285715,5.320394064050989,5.320394064050989,0,5.835416607524311,0
1630572,Sandro Mamukelashvili,1.0422,1.0422,6.081671188361837,-1.4886147765794517,7.570285964941289,2680,202.88366386042654,38.714285714285715,5.240537442889246,5.240537442889246,0,5.835416607524311,0
1629640,Keldon Johnson,0.2045,0.2045,1.1933426962387215,-1.4886147765794517,2.681957472818173,7505,201.28090833500391,38.714285714285715,5.1991378536716875,5.1991378536716875,0,5.835416607524311,0
1629656,Quentin Grimes,0.1562,0.1562,0.9114920740952974,-1.4886147765794517,2.4001068506747494,8263,198.32082907125456,38.714285714285715,5.122678241692922,5.122678241692922,0,5.835416607524311,0
1630598,Aaron Wiggins,0.2043,0.2043,1.1921756129172167,-1.4886147765794517,2.6807903894966687,7221,193.57987402555446,38.714285714285715,5.000218148261554,5.000218148261554,0,5.835416607524311,0
1628379,Luke Kennard,0.2617,0.2617,1.527128526189112,-1.4886147765794517,3.0157433027685636,6333,190.98702336433314,38.714285714285715,4.933244145942185,4.933244145942185,0,5.835416607524311,0
1630577,Julian Champagnie,0.1561,0.1561,0.910908532434545,-1.4886147765794517,2.399523309013997,7917,189.97026037463812,38.714285714285715,4.906980895285855,4.906980895285855,0,5.835416607524311,0
202699,Tobias Harris,0.0881,0.0881,0.5141002031228918,-1.4886147765794517,2.0027149797023434,9425,188.75588683694588,38.714285714285715,4.875613313131443,4.875613313131443,0,5.835416607524311,0
203952,Andrew Wiggins,0.1657,0.1657,0.9669285318667783,-1.4886147765794517,2.45554330844623,7631,187.3825098675318,38.714285714285715,4.840138631264659,4.840138631264659,0,5.835416607524311,0
1641708,Amen Thompson,0.0978,0.0978,0.5707037442158777,-1.4886147765794517,2.0593185207953293,9080,186.9861216882159,38.714285714285715,4.829899822204839,4.829899822204839,0,5.835416607524311,0
203081,Damian Lillard,0.1172,0.1172,0.6839108264018493,-1.4886147765794517,2.172525602981301,8516,185.01228034988762,38.714285714285715,4.778914990587503,4.778914990587503,0,5.835416607524311,0
1627751,Jakob Pöltl,0.1848,0.1848,1.0783849890704926,-1.4886147765794517,2.5669997656499444,7060,181.23018345488606,38.714285714285715,4.681222450864215,4.681222450864215,0,5.835416607524311,0
1628418,Thomas Bryant,0.5326,0.5326,3.1079428851674478,-1.4886147765794517,4.5965576617469,3895,179.03592092504175,38.714285714285715,4.624544082934658,4.624544082934658,0,5.835416607524311,0
1627777,Georges Niang,0.1654,0.1654,0.965177906884521,-1.4886147765794517,2.4537926834639725,7167,175.8633216238629,38.714285714285715,4.542595023494614,4.542595023494614,0,5.835416607524311,0
1630231,KJ Martin,0.5228,0.5228,3.0507558024137102,-1.4886147765794517,4.539370578993162,3840,174.31183023333742,38.714285714285715,4.502519600123106,4.502519600123106,0,5.835416607524311,0
1626172,Kevon Looney,0.3929,0.3929,2.2927351850963023,-1.4886147765794517,3.7813499616757538,4598,173.86647123785116,38.714285714285715,4.4910158622323175,4.4910158622323175,0,5.835416607524311,0
1629023,P.J. Washington,0.1267,0.1267,0.7393472841733303,-1.4886147765794517,2.227962060752782,7641,170.23858106212006,38.714285714285715,4.39730652189978,4.39730652189978,0,5.835416607524311,0
1630527,Brandon Boston Jr.,0.4595,0.4595,2.681373931157421,-1.4886147765794517,4.169988707736873,4038,168.38414401841493,38.714285714285715,4.349405934054998,4.349405934054998,0,5.835416607524311,0
1630631,Jose Alvarado,0.2511,0.2511,1.4652731101493546,-1.4886147765794517,2.9538878867288063,5672,167.5445209352579,38.714285714285715,4.327718252940241,4.327718252940241,0,5.835416607524311,0
1630241,Sam Merrill,0.232,0.232,1.3538166529456404,-1.4886147765794517,2.8424314295250923,5801,164.8894472267506,38.714285714285715,4.2591370132371,4.2591370132371,0,5.835416607524311,0
1630188,Jalen Smith,0.4198,0.4198,2.449707891838706,-1.4886147765794517,3.9383226684181576,4157,163.7160733261428,38.714285714285715,4.228828462298892,4.228828462298892,0,5.835416607524311,0
1630224,Jalen Green,0,0,0,-1.4886147765794517,1.4886147765794517,10969,163.28615484300005,38.714285714285715,4.21772355683026,4.21772355683026,0,5.835416607524311,0
1626166,Cameron Payne,0.3636,0.3636,2.1217574784958395,-1.4886147765794517,3.6103722550752915,4428,159.86728345473392,38.714285714285715,4.129413225768035,4.129413225768035,0,5.835416607524311,0
1630171,Isaac Okoro,0.3728,0.3728,2.1754433112850635,-1.4886147765794517,3.6640580878645155,4345,159.2033239177132,38.714285714285715,4.112262979424326,4.112262979424326,0,5.835416607524311,0
1642276,Kel'el Ware,0.2222,0.2222,1.296629570191902,-1.4886147765794517,2.7852443467713535,5710,159.03745220064428,38.714285714285715,4.1079784701273425,4.1079784701273425,0,5.835416607524311,0
1628374,Lauri Markkanen,0.184,0.184,1.0737166557844733,-1.4886147765794517,2.562331432363925,6152,157.63462971902868,38.714285714285715,4.071743203074542,4.071743203074542,0,5.835416607524311,0
1630559,Austin Reaves,0,0,0,-1.4886147765794517,1.4886147765794517,10582,157.52521565763757,38.714285714285715,4.068917009606874,4.068917009606874,0,5.835416607524311,0
202692,Alec Burks,0.5381,0.5381,3.140037676508832,-1.4886147765794517,4.628652453088284,3377,156.30959334079134,38.714285714285715,4.037517171164351,4.037517171164351,0,5.835416607524311,0
1629684,Grant Williams,1.1076,1.1076,6.4633074344939265,-1.4886147765794517,7.951922211073378,1958,155.69863689281675,38.714285714285715,4.02173600830154,4.02173600830154,0,5.835416607524311,0
1630166,Deni Avdija,0.0391,0.0391,0.2281647893542006,-1.4886147765794517,1.7167795659336522,8956,153.7547779250179,38.714285714285715,3.9715256290595025,3.9715256290595025,0,5.835416607524311,0
1629652,Luguentz Dort,0.0489,0.0489,0.28535187210793883,-1.4886147765794517,1.7739666486873906,8626,153.0223631157743,38.714285714285715,3.952607165352104,3.952607165352104,0,5.835416607524311,0
1630217,Desmond Bane,0.0196,0.0196,0.11437416550747649,-1.4886147765794517,1.6029889420869283,9508,152.41218861362515,38.714285714285715,3.936846200351941,3.936846200351941,0,5.835416607524311,0
1641726,Dereck Lively II,0.501,0.501,2.92354372036968,-1.4886147765794517,4.412158496949131,3451,152.26358972971454,38.714285714285715,3.9330078527970542,3.9330078527970542,0,5.835416607524311,0
1630194,Paul Reed,1.1627,1.1627,6.784838889568517,-1.4886147765794517,8.273453666147969,1827,151.1559984805234,38.714285714285715,3.9043984847367668,3.9043984847367668,0,5.835416607524311,0
1626164,Devin Booker,-0.0295,-0.0295,-0.17214478992196716,-1.4886147765794517,1.3164699866574845,11430,150.47251947495047,38.714285714285715,3.8867440454784252,3.8867440454784252,0,5.835416607524311,0
201572,Brook Lopez,-0.0098,-0.0098,-0.057187082753738246,-1.4886147765794517,1.4314276938257136,10423,149.19770852745413,38.714285714285715,3.853815349417634,3.853815349417634,0,5.835416607524311,0
1627750,Jamal Murray,0,0,0,-1.4886147765794517,1.4886147765794517,10017,149.11454216996367,38.714285714285715,3.851667140921571,3.851667140921571,0,5.835416607524311,0
1628960,Grayson Allen,0.1454,0.1454,0.8484695747340348,-1.4886147765794517,2.3370843513134867,6277,146.69878473194757,38.714285714285715,3.7892675023012288,3.7892675023012288,0,5.835416607524311,0
1628988,Aaron Holiday,0.4523,0.4523,2.6393589315832457,-1.4886147765794517,4.127973708162697,3271,135.02601999400184,38.714285714285715,3.4877569740148076,3.4877569740148076,0,5.835416607524311,0
1641740,Jaylen Clark,0.787,0.787,4.592472870121633,-1.4886147765794517,6.081087646701085,2157,131.1690605393424,38.714285714285715,3.388130715038365,3.388130715038365,0,5.835416607524311,0
1629638,Nickeil Alexander-Walker,0.0098,0.0098,0.057187082753738246,-1.4886147765794517,1.54580185933319,8480,131.0839976714545,38.714285714285715,3.3859335191888618,3.3859335191888618,0,5.835416607524311,0
1631204,Marcus Sasser,0.3875,0.3875,2.2612239354156705,-1.4886147765794517,3.749838711995122,3449,129.33193717671176,38.714285714285715,3.340677344047905,3.340677344047905,0,5.835416607524311,0
1629731,Dean Wade,0.1637,0.1637,0.9552576986517298,-1.4886147765794517,2.4438724752311813,5213,127.3990721338015,38.714285714285715,3.2907509407255,3.2907509407255,0,5.835416607524311,0
1631207,Dalen Terry,0.2484,0.2484,1.449517485309039,-1.4886147765794517,2.938132261888491,4286,125.92834874454073,38.714285714285715,3.252761775689244,3.252761775689244,0,5.835416607524311,0
1641744,Zach Edey,0.0968,0.0968,0.5648683276083533,-1.4886147765794517,2.053483104187805,6097,125.20086486233048,38.714285714285715,3.233970679100787,3.233970679100787,0,5.835416607524311,0
1630643,Jay Huff,0.414,0.414,2.415862475515065,-1.4886147765794517,3.904477252094517,3184,124.31855570668942,38.714285714285715,3.211180405707845,3.211180405707845,0,5.835416607524311,0
1631260,AJ Green,0.0388,0.0388,0.22641416437194328,-1.4886147765794517,1.715028940951395,6755,115.85020496126674,38.714285714285715,2.9924407185567055,2.9924407185567055,0,5.835416607524311,0
1630540,Miles McBride,0.0485,0.0485,0.2830177054649291,-1.4886147765794517,1.7716324820443807,6500,115.15611133288473,38.714285714285715,2.974512100849421,2.974512100849421,0,5.835416607524311,0
203939,Dwight Powell,0.6326,0.6326,3.6914845459198795,-1.4886147765794517,5.1800993224993315,2206,114.27299105433525,38.714285714285715,2.951700875942239,2.951700875942239,0,5.835416607524311,0
1629312,Haywood Highsmith,0.0097,0.0097,0.05660354109298582,-1.4886147765794517,1.5452183176724374,7260,112.18284986301896,38.714285714285715,2.8977119890816705,2.8977119890816705,0,5.835416607524311,0
1630548,Johnny Juzang,0.106,0.106,0.6185541603975769,-1.4886147765794517,2.1071689369770286,5273,111.1110180467987,38.714285714285715,2.8700262964117744,2.8700262964117744,0,5.835416607524311,0
203484,Kentavious Caldwell-Pope,-0.0489,-0.0489,-0.28535187210793883,-1.4886147765794517,1.2032629044715129,9099,109.48489167786296,38.714285714285715,2.828023032269523,2.828023032269523,0,5.835416607524311,0
1628371,Jonathan Isaac,0.1721,0.1721,1.004275198154934,-1.4886147765794517,2.4928899747343856,4369,108.9143629961453,38.714285714285715,2.8132861290517237,2.8132861290517237,0,5.835416607524311,0
1641764,Brandin Podziemski,0.0097,0.0097,0.05660354109298582,-1.4886147765794517,1.5452183176724374,6993,108.05711695483355,38.714285714285715,2.791143242375774,2.791143242375774,0,5.835416607524311,0
1630228,Jonathan Kuminga,0.1438,0.1438,0.839132908161996,-1.4886147765794517,2.327747684741448,4641,108.03077004885061,38.714285714285715,2.790462694988761,2.790462694988761,0,5.835416607524311,0
1642272,Jared McCain,0.5007,0.5007,2.921793095387423,-1.4886147765794517,4.410407871966875,2392,105.49695629744765,38.714285714285715,2.725013631299386,2.725013631299386,0,5.835416607524311,0
1630570,Trendon Watford,0.2463,0.2463,1.4372631104332378,-1.4886147765794517,2.92587788701269,3596,105.21456881697634,38.714285714285715,2.717719489737396,2.717719489737396,0,5.835416607524311,0
1627780,Gary Payton II,0.2185,0.2185,1.275038528744062,-1.4886147765794517,2.7636533053235137,3791,104.7700968048144,38.714285714285715,2.7062386628549846,2.7062386628549846,0,5.835416607524311,0
1627747,Caris LeVert,0.0097,0.0097,0.05660354109298582,-1.4886147765794517,1.5452183176724374,6779,104.75034975501454,38.714285714285715,2.70572859145794,2.70572859145794,0,5.835416607524311,0
1642024,Alex Reese,1.5228,1.5228,8.886172409938021,-1.4886147765794517,10.374787186517473,999,103.64412399330955,38.714285714285715,2.6771544942921284,2.6771544942921284,0,5.835416607524311,0
203991,Clint Capela,0.1056,0.1056,0.6162199937545673,-1.4886147765794517,2.104834770334019,4846,102.00029297038657,38.714285714285715,2.6346939143642287,2.6346939143642287,0,5.835416607524311,0
1627832,Fred VanVleet,-0.0488,-0.0488,-0.2847683304471864,-1.4886147765794517,1.2038464461322653,8397,101.08698608172632,38.714285714285715,2.611102961520606,2.611102961520606,0,5.835416607524311,0
1629674,Neemias Queta,0.2641,0.2641,1.5411335260471706,-1.4886147765794517,3.029748302626622,3323,100.67853609628266,38.714285714285715,2.60055259289291,2.60055259289291,0,5.835416607524311,0
201950,Jrue Holiday,-0.039,-0.039,-0.22758124769344815,-1.4886147765794517,1.2610335288860035,7860,99.11723537043989,38.714285714285715,2.5602237918563806,2.5602237918563806,0,5.835416607524311,0
1631110,Jeremy Sochan,0.0386,0.0386,0.22524708105043842,-1.4886147765794517,1.71386185762989,5657,96.95316528612288,38.714285714285715,2.50432530259358,2.50432530259358,0,5.835416607524311,0
1628368,De'Aaron Fox,-0.0783,-0.0783,-0.45691312036915355,-1.4886147765794517,1.031701656210298,9335,96.30934960723133,38.714285714285715,2.487695377308558,2.487695377308558,0,5.835416607524311,0
1642271,Kyle Filipowski,0,0,0,-1.4886147765794517,1.4886147765794517,6432,95.74770242959033,38.714285714285715,2.4731878856351748,2.4731878856351748,0,5.835416607524311,0
1641787,Tosan Evbuomwan,0.3441,0.3441,2.0079668546491156,-1.4886147765794517,3.496581631228567,2656,92.86920812543075,38.714285714285715,2.3988356342362183,2.3988356342362183,0,5.835416607524311,0
1630533,Ziaire Williams,0,0,0,-1.4886147765794517,1.4886147765794517,6216,92.53229451217872,38.714285714285715,2.390133068580262,2.390133068580262,0,5.835416607524311,0
201143,Al Horford,-0.0194,-0.0194,-0.11320708218597164,-1.4886147765794517,1.37540769439348,6682,91.90474213937233,38.714285714285715,2.373923228692274,2.373923228692274,0,5.835416607524311,0
1629673,Jordan Poole,-0.0684,-0.0684,-0.3991424959546629,-1.4886147765794517,1.089472280624789,8417,91.70088186018849,38.714285714285715,2.3686574650233188,2.3686574650233188,0,5.835416607524311,0
1630696,Dru Smith,1.1571,1.1571,6.7521605565663805,-1.4886147765794517,8.240775333145832,1092,89.98926663795248,38.714285714285715,2.32444600171833,2.32444600171833,0,5.835416607524311,0
1626158,Richaun Holmes,0.4226,0.4226,2.466047058339774,-1.4886147765794517,3.954661834919226,2259,89.33581085082531,38.714285714285715,2.3075670699475173,2.3075670699475173,0,5.835416607524311,0
1641824,Matas Buzelis,-0.0291,-0.0291,-0.16981062327895746,-1.4886147765794517,1.3188041533004942,6630,87.43671536382277,38.714285714285715,2.2585129429769717,2.2585129429769717,0,5.835416607524311,0
1627752,Taurean Prince,-0.088,-0.088,-0.5135166614621394,-1.4886147765794517,0.9750981151173124,8916,86.93974794385957,38.714285714285715,2.245676146151354,2.245676146151354,0,5.835416607524311,0
1630539,Kai Jones,0.5333,0.5333,3.112027676792715,-1.4886147765794517,4.600642453372167,1881,86.53808454793047,38.714285714285715,2.235301076883813,2.235301076883813,0,5.835416607524311,0
1630264,Anthony Gill,0.6411,0.6411,3.7410855870838358,-1.4886147765794517,5.229700363663287,1626,85.03492791316505,38.714285714285715,2.1964741527385807,2.1964741527385807,0,5.835416607524311,0
1630625,Dalano Banton,0.0479,0.0479,0.2795164555004145,-1.4886147765794517,1.7681312320798663,4609,81.49316848656103,38.714285714285715,2.1049895919037906,2.1049895919037906,0,5.835416607524311,0
201145,Jeff Green,0.5966,0.5966,3.481409548049004,-1.4886147765794517,4.970024324628456,1626,80.81259551845869,38.714285714285715,2.0874102163439514,2.0874102163439514,0,5.835416607524311,0
1630549,Day'Ron Sharpe,0.1325,0.1325,0.7731927004969713,-1.4886147765794517,2.261807477076423,3558,80.47511003437913,38.714285714285715,2.078692879116804,2.078692879116804,0,5.835416607524311,0
203937,Kyle Anderson,0.0763,0.0763,0.44524228715410497,-1.4886147765794517,1.9338570637335568,4127,79.8102810202839,38.714285714285715,2.0615201739556723,2.0615201739556723,0,5.835416607524311,0
1628998,Cody Martin,0.0288,0.0288,0.16805999829670015,-1.4886147765794517,1.656674774876152,4817,79.80202390578424,38.714285714285715,2.0613068905553122,2.0613068905553122,0,5.835416607524311,0
1631230,Dominick Barlow,0.5956,0.5956,3.47557413144148,-1.4886147765794517,4.964188908020931,1602,79.52630630649531,38.714285714285715,2.0541850337471113,2.0541850337471113,0,5.835416607524311,0
1641796,Pelle Larsson,0.1878,0.1878,1.0958912388930657,-1.4886147765794517,2.5845060154725177,3071,79.37017973516102,38.714285714285715,2.0501522440816498,2.0501522440816498,0,5.835416607524311,0
1629726,Garrison Mathews,0.1324,0.1324,0.7726091588362187,-1.4886147765794517,2.2612239354156705,3507,79.30112341502756,38.714285714285715,2.048368501495177,2.048368501495177,0,5.835416607524311,0
203903,Jordan Clarkson,0.0762,0.0762,0.44465874549335255,-1.4886147765794517,1.9332735220728043,4009,77.50493549989874,38.714285714285715,2.001972503687421,2.001972503687421,0,5.835416607524311,0
1629750,Javonte Green,0,0,0,-1.4886147765794517,1.4886147765794517,5154,76.72320558490495,38.714285714285715,1.9817802180602753,1.9817802180602753,0,5.835416607524311,0
1629057,Robert Williams III,0.6446,0.6446,3.7615095452101706,-1.4886147765794517,5.250124321789622,1456,76.4418101252569,38.714285714285715,1.974511700652392,1.974511700652392,0,5.835416607524311,0
1631131,Oscar Tshiebwe,0.9299,0.9299,5.426353903336857,-1.4886147765794517,6.914968679916308,1093,75.58060767148525,38.714285714285715,1.9522666188206523,1.9522666188206523,0,5.835416607524311,0
1630591,Jalen Suggs,0.0557,0.0557,0.32503270503910414,-1.4886147765794517,1.813647481618556,4056,73.56154185444863,38.714285714285715,1.9001136272366805,1.9001136272366805,0,5.835416607524311,0
1631096,Chet Holmgren,0.0854,0.0854,0.4983445782825762,-1.4886147765794517,1.986959354862028,3696,73.43801775570054,38.714285714285715,1.8969229678594235,1.8969229678594235,0,5.835416607524311,0
1630557,Corey Kispert,-0.0679,-0.0679,-0.39622478765090074,-1.4886147765794517,1.0923899889285509,6614,72.25067386773436,38.714285714285715,1.866253568539264,1.866253568539264,0,5.835416607524311,0
1631221,Collin Gillespie,0.4151,0.4151,2.4222814337833416,-1.4886147765794517,3.910896210362793,1847,72.23425300540079,38.714285714285715,1.8658294134236366,1.8658294134236366,0,5.835416607524311,0
1629680,Matisse Thybulle,0.6752,0.6752,3.940073293400415,-1.4886147765794517,5.4286880699798665,1316,71.44153500093505,38.714285714285715,1.8453533026071782,1.8453533026071782,0,5.835416607524311,0
1630531,Jaden Springer,0.5546,0.5546,3.236322050532983,-1.4886147765794517,4.724936827112435,1472,69.55107009509504,38.714285714285715,1.7965221057773626,1.7965221057773626,0,5.835416607524311,0
1629014,Anfernee Simons,-0.1273,-0.1273,-0.7428485341378448,-1.4886147765794517,0.7457662424416069,9310,69.43083717131361,38.714285714285715,1.7934164582996135,1.7934164582996135,0,5.835416607524311,0
1628978,Donte DiVincenzo,-0.0777,-0.0777,-0.45341187040463904,-1.4886147765794517,1.0352029061748127,6658,68.92380949311904,38.714285714285715,1.7803198024052886,1.7803198024052886,0,5.835416607524311,0
1628366,Lonzo Ball,0.0944,0.0944,0.550863327750295,-1.4886147765794517,2.0394781043297465,3363,68.58764864860937,38.714285714285715,1.7716366809603896,1.7716366809603896,0,5.835416607524311,0
1631255,Karlo Matković,0.1036,0.1036,0.6045491605395187,-1.4886147765794517,2.0931639371189705,3253,68.09062287448012,38.714285714285715,1.7587983768315898,1.7587983768315898,0,5.835416607524311,0
1641711,Gradey Dick,-0.0874,-0.0874,-0.5100154114976249,-1.4886147765794517,0.9785993650818269,6624,64.8224219430202,38.714285714285715,1.6743799025872377,1.6743799025872377,0,5.835416607524311,0
1641774,Tristan Vukcevic,0.265,0.265,1.5463854009939426,-1.4886147765794517,3.0350001775733944,2122,64.40270376810743,38.714285714285715,1.663538473714952,1.663538473714952,0,5.835416607524311,0
1630170,Devin Vassell,-0.1171,-0.1171,-0.6833272847410968,-1.4886147765794517,0.8052874918383549,7989,64.33441772296618,38.714285714285715,1.6617746275304917,1.6617746275304917,0,5.835416607524311,0
1631095,Jabari Smith Jr.,-0.0972,-0.0972,-0.567202494251363,-1.4886147765794517,0.9214122823280887,6903,63.60508984910796,38.714285714285715,1.6429359001614603,1.6429359001614603,0,5.835416607524311,0
1629021,Moritz Wagner,0.2216,0.2216,1.2931283202273873,-1.4886147765794517,2.781743096806839,2282,63.47937746913207,38.714285714285715,1.6396887169148504,1.6396887169148504,0,5.835416607524311,0
1641730,Noah Clowney,0,0,0,-1.4886147765794517,1.4886147765794517,4216,62.75999898058969,38.714285714285715,1.6211069847384791,1.6211069847384791,0,5.835416607524311,0
203114,Khris Middleton,0.0473,0.0473,0.2760152055358999,-1.4886147765794517,1.7646299821153517,3552,62.6796569647373,38.714285714285715,1.6190317297164616,1.6190317297164616,0,5.835416607524311,0
1629622,Max Strus,-0.0578,-0.0578,-0.3372870799149052,-1.4886147765794517,1.1513276966645465,5381,61.952943357519246,38.714285714285715,1.6002605295300174,1.6002605295300174,0,5.835416607524311,0
1629011,Mitchell Robinson,0.6762,0.6762,3.9459087100079393,-1.4886147765794517,5.434523486587391,1139,61.89922251223039,38.714285714285715,1.5988729062199731,1.5988729062199731,0,5.835416607524311,0
1628470,Torrey Craig,0.5785,0.5785,3.375788507452814,-1.4886147765794517,4.8644032840322655,1265,61.53470154300816,38.714285714285715,1.589457235428255,1.589457235428255,0,5.835416607524311,0
1641741,Ricky Council IV,-0.0481,-0.0481,-0.2806835388219194,-1.4886147765794517,1.2079312377575324,5086,61.4353827523481,38.714285714285715,1.5868918054112053,1.5868918054112053,0,5.835416607524311,0
1630163,LaMelo Ball,-0.0872,-0.0872,-0.5088483281761199,-1.4886147765794517,0.9797664484033318,6267,61.4019633214368,38.714285714285715,1.5860285728784413,1.5860285728784413,0,5.835416607524311,0
1641810,Antonio Reeves,0.1304,0.1304,0.7609383256211701,-1.4886147765794517,2.249553102200622,2711,60.98538460065886,38.714285714285715,1.5752682369173876,1.5752682369173876,0,5.835416607524311,0
1627741,Buddy Hield,-0.1169,-0.1169,-0.682160201419592,-1.4886147765794517,0.8064545751598597,7528,60.70990041803424,38.714285714285715,1.5681524093219175,1.5681524093219175,0,5.835416607524311,0
1631218,Trayce Jackson-Davis,-0.0095,-0.0095,-0.05543645777148096,-1.4886147765794517,1.4331783188079708,4137,59.29058704908575,38.714285714285715,1.5314911783896688,1.5314911783896688,0,5.835416607524311,0
1631209,Isaiah Wong,0.6338,0.6338,3.6984870458489087,-1.4886147765794517,5.18710182242836,1127,58.45863753876762,38.714285714285715,1.510001707643444,1.510001707643444,0,5.835416607524311,0
1626162,Kelly Oubre Jr.,-0.1367,-0.1367,-0.7977014502485733,-1.4886147765794517,0.6909133263308784,8388,57.953809812634084,38.714285714285715,1.496961877079109,1.496961877079109,0,5.835416607524311,0
201144,Mike Conley,-0.1167,-0.1167,-0.6809931180980872,-1.4886147765794517,0.8076216584813646,7101,57.349213968761696,38.714285714285715,1.4813450102632173,1.4813450102632173,0,5.835416607524311,0
1630639,A.J. Lawson,0.2098,0.2098,1.2242704042586003,-1.4886147765794517,2.712885180838052,2076,56.319496354197966,38.714285714285715,1.4547471383003163,1.4547471383003163,0,5.835416607524311,0
203926,Doug McDermott,0.4282,0.4282,2.4987253913419103,-1.4886147765794517,3.987340167921362,1386,55.26453472739007,38.714285714285715,1.4274972069805554,1.4274972069805554,0,5.835416607524311,0
1642366,Quinten Post,0.0838,0.0838,0.48900791171053726,-1.4886147765794517,1.977622688289989,2699,53.376036356946805,38.714285714285715,1.3787168062679986,1.3787168062679986,0,5.835416607524311,0
1641727,Dariq Whitehead,0.6117,0.6117,3.5695243388226214,-1.4886147765794517,5.058139115402073,1034,52.30115845325744,38.714285714285715,1.3509524323719635,1.3509524323719635,0,5.835416607524311,0
203944,Julius Randle,-0.1565,-0.1565,-0.9132426990775547,-1.4886147765794517,0.575372077501897,8998,51.771979533620694,38.714285714285715,1.3372836041894645,1.3372836041894645,0,5.835416607524311,0
1642261,Dalton Knecht,-0.1064,-0.1064,-0.6208883270405867,-1.4886147765794517,0.867726449538865,5956,51.6817873345348,38.714285714285715,1.3349539163901978,1.3349539163901978,0,5.835416607524311,0
1631107,Nikola Jović,-0.0689,-0.0689,-0.40206020425842504,-1.4886147765794517,1.0865545723210266,4572,49.67727504651734,38.714285714285715,1.283176846220005,1.283176846220005,0,5.835416607524311,0
1628380,Zach Collins,-0.0476,-0.0476,-0.27776583051815723,-1.4886147765794517,1.2108489460612946,4039,48.90618893141569,38.714285714285715,1.2632594926933942,1.2632594926933942,0,5.835416607524311,0
1631157,Ryan Rollins,-0.0189,-0.0189,-0.11028937388220948,-1.4886147765794517,1.3783254026972422,3402,46.89063019976018,38.714285714285715,1.2111970900307059,1.2111970900307059,0,5.835416607524311,0
1629626,Bol Bol,0.1538,0.1538,0.8974870742372391,-1.4886147765794517,2.386101850816691,1903,45.40751822104163,38.714285714285715,1.1728879245287505,1.1728879245287505,0,5.835416607524311,0
1642382,Branden Carlson,0.5021,0.5021,2.9299626786379567,-1.4886147765794517,4.418577455217409,1026,45.33460469053061,38.714285714285715,1.1710045492018977,1.1710045492018977,0,5.835416607524311,0
1642349,Ajay Mitchell,0.0737,0.0737,0.43007020397454176,-1.4886147765794517,1.9186849805539934,2348,45.05072334340776,38.714285714285715,1.1636718206784291,1.1636718206784291,0,5.835416607524311,0
1626167,Myles Turner,-0.1662,-0.1662,-0.9698462401705404,-1.4886147765794517,0.5187685364089113,8645,44.847539972550386,38.714285714285715,1.1584235417263937,1.1584235417263937,0,5.835416607524311,0
1630560,Cam Thomas,-0.0094,-0.0094,-0.054852916110728525,-1.4886147765794517,1.4337618604687232,3125,44.8050581396476,38.714285714285715,1.1573262250093475,1.1573262250093475,0,5.835416607524311,0
1628975,Jevon Carter,0.3053,0.3053,1.7815526902771723,-1.4886147765794517,3.2701674668566243,1366,44.67048759726149,38.714285714285715,1.1538502331395957,1.1538502331395957,0,5.835416607524311,0
1641989,Elijah Harkless,0.9924,0.9924,5.791067441307126,-1.4886147765794517,7.279682217886577,586,42.658937796815344,38.714285714285715,1.1018913822055623,1.1018913822055623,0,5.835416607524311,0
1628420,Monté Morris,0.0553,0.0553,0.3226985383960944,-1.4886147765794517,1.8113133149755463,2343,42.43907096987705,38.714285714285715,1.096212165273577,1.096212165273577,0,5.835416607524311,0
1630249,Vít Krejčí,-0.1056,-0.1056,-0.6162199937545673,-1.4886147765794517,0.8723947828248845,4749,41.43002823635376,38.714285714285715,1.070148330828326,1.070148330828326,0,5.835416607524311,0
1628963,Marvin Bagley III,0.3501,0.3501,2.0429793542942614,-1.4886147765794517,3.531594130873713,1170,41.31965133122244,38.714285714285715,1.0672972668581442,1.0672972668581442,0,5.835416607524311,0
1631466,Nate Williams,0.8076,0.8076,4.712682452236634,-1.4886147765794517,6.2012972288160855,640,39.688302264422944,38.714285714285715,1.0251590990810355,1.0251590990810355,0,5.835416607524311,0
1630169,Tyrese Haliburton,-0.1862,-0.1862,-1.0865545723210268,-1.4886147765794517,0.4020602042584249,9847,39.5908683133271,38.714285714285715,1.0226423549567885,1.0226423549567885,0,5.835416607524311,0
1641767,Ben Sheppard,-0.125,-0.125,-0.7294270759405389,-1.4886147765794517,0.7591877006389128,5035,38.22510072716926,38.714285714285715,0.9873642254250363,0.9873642254250363,0,5.835416607524311,0
1631116,Patrick Baldwin Jr.,1.2208,1.2208,7.1238765944656794,-1.4886147765794517,8.612491371045131,429,36.94758798178361,38.714285714285715,0.954365741226883,0.954365741226883,0,5.835416607524311,0
1642258,Zaccharie Risacher,-0.1755,-0.1755,-1.0241156146205166,-1.4886147765794517,0.46449916195893515,7854,36.48176418025477,38.714285714285715,0.9423333921099019,0.9423333921099019,0,5.835416607524311,0
1631243,Mouhamed Gueye,0.0184,0.0184,0.10737166557844732,-1.4886147765794517,1.595986442157899,2242,35.7820160331801,38.714285714285715,0.9242587167242092,0.9242587167242092,0,5.835416607524311,0
1641763,Julian Phillips,-0.1247,-0.1247,-0.7276764509582816,-1.4886147765794517,0.7609383256211701,4675,35.5738667227897,38.714285714285715,0.9188821662713207,0.9188821662713207,0,5.835416607524311,0
1629001,De'Anthony Melton,0.8796,0.8796,5.132832447978385,-1.4886147765794517,6.621447224557836,527,34.895026873419795,38.714285714285715,0.9013475576160095,0.9013475576160095,0,5.835416607524311,0
1631111,Wendell Moore Jr.,0.0364,0.0364,0.21240916451388495,-1.4886147765794517,1.7010239410933368,2039,34.68387815889314,38.714285714285715,0.8958935317795275,0.8958935317795275,0,5.835416607524311,0
1630205,Lamar Stevens,0.6642,0.6642,3.875883710717648,-1.4886147765794517,5.3644984872971,640,34.332790318701434,38.714285714285715,0.8868248421804799,0.8868248421804799,0,5.835416607524311,0
1627739,Kris Dunn,-0.1752,-0.1752,-1.0223649896382594,-1.4886147765794517,0.46624978694119235,7311,34.08752192327057,38.714285714285715,0.8804894961730406,0.8804894961730406,0,5.835416607524311,0
1630692,Jordan Goodwin,0,0,0,-1.4886147765794517,1.4886147765794517,2216,32.98770344900065,38.714285714285715,0.8520809008966956,0.8520809008966956,0,5.835416607524311,0
201587,Nicolas Batum,-0.1544,-0.1544,-0.9009883242017537,-1.4886147765794517,0.5876264523776981,5508,32.36646499696361,38.714285714285715,0.8360341512130821,0.8360341512130821,0,5.835416607524311,0
1630545,Terrence Shannon Jr.,0.1316,0.1316,0.7679408255501994,-1.4886147765794517,2.256555602129651,1428,32.22361399841142,38.714285714285715,0.8323442730216972,0.8323442730216972,0,5.835416607524311,0
1641724,Jett Howard,-0.0655,-0.0655,-0.3822197877928424,-1.4886147765794517,1.1063949887866094,2912,32.218222073466066,38.714285714285715,0.8322049982076105,0.8322049982076105,0,5.835416607524311,0
1630611,Gui Santos,-0.0751,-0.0751,-0.4382397872250758,-1.4886147765794517,1.050374989354376,3041,31.94190342626657,38.714285714285715,0.8250676161766273,0.8250676161766273,0,5.835416607524311,0
1629659,Talen Horton-Tucker,-0.0846,-0.0846,-0.4936762449965567,-1.4886147765794517,0.994938531582895,3122,31.061980956017983,38.714285714285715,0.8023389914838593,0.8023389914838593,0,5.835416607524311,0
1627759,Jaylen Brown,-0.1956,-0.1956,-1.1414074884317553,-1.4886147765794517,0.3472072881476964,8799,30.55076928411581,38.714285714285715,0.7891342619513309,0.7891342619513309,0,5.835416607524311,0
1629643,Chuma Okeke,0.3701,0.3701,2.1596876864447476,-1.4886147765794517,3.6483024630241996,826,30.134978344579892,38.714285714285715,0.7783942745832444,0.7783942745832444,0,5.835416607524311,0
1631098,Johnny Davis,0.2527,0.2527,1.4746097767213933,-1.4886147765794517,2.963224553300845,991,29.365555323211375,38.714285714285715,0.7585198791973418,0.7585198791973418,0,5.835416607524311,0
1630193,Immanuel Quickley,-0.1235,-0.1235,-0.7206739510292525,-1.4886147765794517,0.7679408255501993,3787,29.081919063586046,38.714285714285715,0.7511934813472411,0.7511934813472411,0,5.835416607524311,0
1627763,Malcolm Brogdon,-0.0512,-0.0512,-0.2987733303052447,-1.4886147765794517,1.189841446274207,2359,28.068359717608544,38.714285714285715,0.725012981635645,0.725012981635645,0,5.835416607524311,0
1631342,Daeqwon Plowden,1.3216,1.3216,7.71208658850413,-1.4886147765794517,9.200701365083582,291,26.774040972393223,38.714285714285715,0.6915803941208581,0.6915803941208581,0,5.835416607524311,0
1628396,Tony Bradley,0.666,0.666,3.8863874606111914,-1.4886147765794517,5.375002237190643,486,26.122510872746524,38.714285714285715,0.6747512033550762,0.6747512033550762,0,5.835416607524311,0
1641720,Jalen Hood-Schifino,0.0862,0.0862,0.5030129115685956,-1.4886147765794517,1.9916276881480472,1247,24.835597271206147,38.714285714285715,0.6415098926141809,0.6415098926141809,0,5.835416607524311,0
1630208,Nick Richards,-0.1733,-0.1733,-1.0112776980839633,-1.4886147765794517,0.47733707849548845,5185,24.749927519991076,38.714285714285715,0.6392970208115776,0.6392970208115776,0,5.835416607524311,0
202687,Bismack Biyombo,-0.0733,-0.0733,-0.42773603733153204,-1.4886147765794517,1.0608787392479198,2171,23.03167742907234,38.714285714285715,0.5949141771347098,0.5949141771347098,0,5.835416607524311,0
1641890,Tyler Smith,0.5252,0.5252,3.0647608022717683,-1.4886147765794517,4.55337557885122,489,22.266006580582467,38.714285714285715,0.5751367013434585,0.5751367013434585,0,5.835416607524311,0
1641871,Duop Reath,-0.0635,-0.0635,-0.37054895457779374,-1.4886147765794517,1.118065822001658,1949,21.791102870812313,38.714285714285715,0.5628698158512405,0.5628698158512405,0,5.835416607524311,0
1642348,Justin Edwards,-0.1821,-0.1821,-1.0626293642301772,-1.4886147765794517,0.42598541234927456,4636,19.748683716512367,38.714285714285715,0.5101136015335298,0.5101136015335298,0,5.835416607524311,0
1631321,Sidy Cissoko,0.5019,0.5019,2.9287955953164517,-1.4886147765794517,4.417410371895904,440,19.436605636341977,38.714285714285715,0.5020525441121544,0.5020525441121544,0,5.835416607524311,0
1629013,Landry Shamet,-0.1503,-0.1503,-0.8770631161109039,-1.4886147765794517,0.6115516604685478,3088,18.884715275268757,38.714285714285715,0.48779707353092727,0.48779707353092727,0,5.835416607524311,0
1630230,Naji Marshall,-0.2146,-0.2146,-1.2522804039747173,-1.4886147765794517,0.23633437260473444,7960,18.812216059336862,38.714285714285715,0.4859244000566717,0.4859244000566717,0,5.835416607524311,0
1629646,Charles Bassey,-0.0532,-0.0532,-0.31044416352029336,-1.4886147765794517,1.1781706130591583,1568,18.4737152127676,38.714285714285715,0.47718083575414466,0.47718083575414466,0,5.835416607524311,0
1630537,Chris Duarte,0.7337,0.7337,4.281445164940587,-1.4886147765794517,5.770059941520039,319,18.406491213448923,38.714285714285715,0.47544442248761054,0.47544442248761054,0,5.835416607524311,0
1630283,Kylor Kelley,0.3524,0.3524,2.0564008124915674,-1.4886147765794517,3.545015589071019,512,18.150479816043617,38.714285714285715,0.46883158196422625,0.46883158196422625,0,5.835416607524311,0
203914,Gary Harris,-0.1495,-0.1495,-0.8723947828248845,-1.4886147765794517,0.6162199937545673,2862,17.636216221255715,38.714285714285715,0.45554802047523985,0.45554802047523985,0,5.835416607524311,0
1630538,Bones Hyland,0.0332,0.0332,0.19373583136980713,-1.4886147765794517,1.682350607949259,968,16.285153884948826,38.714285714285715,0.4206497313455416,0.4206497313455416,0,5.835416607524311,0
1641809,Drew Peterson,0.1094,0.1094,0.6383945768631596,-1.4886147765794517,2.1270093534426113,714,15.186846783580245,38.714285714285715,0.39228017522162995,0.39228017522162995,0,5.835416607524311,0
202685,Jonas Valančiūnas,-0.213,-0.213,-1.2429437374026782,-1.4886147765794517,0.24567103917677358,6064,14.897491815679551,38.714285714285715,0.3848060616596194,0.3848060616596194,0,5.835416607524311,0
1642484,RayJ Dennis,0.6511,0.6511,3.799439753159079,-1.4886147765794517,5.288054529738531,275,14.54214995678096,38.714285714285715,0.3756274896585488,0.3756274896585488,0,5.835416607524311,0
1629162,Jordan McLaughlin,-0.0604,-0.0604,-0.3524591630944684,-1.4886147765794517,1.1361556134849833,1256,14.270114505371389,38.714285714285715,0.3686007436811798,0.3686007436811798,0,5.835416607524311,0
1628365,Markelle Fultz,0.0555,0.0555,0.32386562171759925,-1.4886147765794517,1.812480398297051,766,13.883599850955411,38.714285714285715,0.3586169703198815,0.3586169703198815,0,5.835416607524311,0
1631303,Justin Minaya,0.2749,0.2749,1.604156025408433,-1.4886147765794517,3.092770801987885,407,12.587577164090693,38.714285714285715,0.3251403695521581,0.3251403695521581,0,5.835416607524311,0
1631132,Christian Koloko,-0.1053,-0.1053,-0.61446936877231,-1.4886147765794517,0.8741454078071418,1428,12.482796423485985,38.714285714285715,0.32243385595720253,0.32243385595720253,0,5.835416607524311,0
1641738,Kobe Brown,-0.0589,-0.0589,-0.34370603818318196,-1.4886147765794517,1.1449087383962697,1066,12.204727151304235,38.714285714285715,0.3152512548307367,0.3152512548307367,0,5.835416607524311,0
1628981,Bruno Fernando,0.0652,0.0652,0.38046916281058507,-1.4886147765794517,1.8690839393900367,640,11.962137212096236,38.714285714285715,0.3089850940393862,0.3089850940393862,0,5.835416607524311,0
1630314,Brandon Williams,-0.1548,-0.1548,-0.9033224908447633,-1.4886147765794517,0.5852922857346884,2040,11.939962628987644,38.714285714285715,0.30841231882993914,0.30841231882993914,0,5.835416607524311,0
1629650,Moses Brown,0.1298,0.1298,0.7574370756566556,-1.4886147765794517,2.2460518522361075,517,11.612088076060674,38.714285714285715,0.29994323443699156,0.29994323443699156,0,5.835416607524311,0
1631197,Jared Rhoden,-0.0496,-0.0496,-0.2894366637332058,-1.4886147765794517,1.199178112846246,955,11.452150977681649,38.714285714285715,0.2958120178736957,0.2958120178736957,0,5.835416607524311,0
1629003,Shake Milton,-0.1984,-0.1984,-1.1577466549328232,-1.4886147765794517,0.3308681216466285,3407,11.272676904500633,38.714285714285715,0.2911761562048134,0.2911761562048134,0,5.835416607524311,0
1630578,Alperen Sengun,-0.2351,-0.2351,-1.3719064444289657,-1.4886147765794517,0.11670833215048604,9596,11.199331553160642,38.714285714285715,0.2892816268344077,0.2892816268344077,0,5.835416607524311,0
1642403,Isaac Jones,-0.1032,-0.1032,-0.6022149938965089,-1.4886147765794517,0.8863997826829428,1229,10.893853329173366,38.714285714285715,0.2813910454030021,0.2813910454030021,0,5.835416607524311,0
1630604,E.J. Liddell,0.5722,0.5722,3.3390253828254113,-1.4886147765794517,4.827640159404863,221,10.669084752284748,38.714285714285715,0.27558521500366506,0.27558521500366506,0,5.835416607524311,0
1628971,Bruce Brown,-0.209,-0.209,-1.219602070972581,-1.4886147765794517,0.26901270560687074,3799,10.219792686005018,38.714285714285715,0.2639798848783584,0.2639798848783584,0,5.835416607524311,0
1630543,Isaiah Jackson,0.2261,0.2261,1.3193876949612466,-1.4886147765794517,2.808002471540698,363,10.193048971692734,38.714285714285715,0.2632890878297016,0.2632890878297016,0,5.835416607524311,0
1631301,Jaylen Sims,0.1108,0.1108,0.6465641601136937,-1.4886147765794517,2.1351789366931455,462,9.864526687522332,38.714285714285715,0.2548032723714255,0.2548032723714255,0,5.835416607524311,0
1629111,Jock Landale,-0.183,-0.183,-1.067881239176949,-1.4886147765794517,0.42073353740250274,2153,9.058393060275884,38.714285714285715,0.23398063255325163,0.23398063255325163,0,5.835416607524311,0
1626153,Delon Wright,-0.1948,-0.1948,-1.1367391551457358,-1.4886147765794517,0.351875621433716,2571,9.046722227060837,38.714285714285715,0.23367917191670057,0.23367917191670057,0,5.835416607524311,0
1641878,Damion Baugh,-0.168,-0.168,-0.9803499900640843,-1.4886147765794517,0.5082647865153674,1530,7.776451233685122,38.714285714285715,0.2008677440435271,0.2008677440435271,0,5.835416607524311,0
1642270,Donovan Clingan,-0.2315,-0.2315,-1.3508989446418782,-1.4886147765794517,0.13771583193757353,5452,7.508267157236508,38.714285714285715,0.19394048007621978,0.19394048007621978,0,5.835416607524311,0
1642368,N'Faly Dante,0.3283,0.3283,1.9157672722502312,-1.4886147765794517,3.404382048829683,218,7.421552866448709,38.714285714285715,0.19170062754664563,0.19170062754664563,0,5.835416607524311,0
1630256,Jae'Sean Tate,-0.2035,-0.2035,-1.1875072796311972,-1.4886147765794517,0.30110749694825456,2459,7.40423334995758,38.714285714285715,0.1912532599620039,0.1912532599620039,0,5.835416607524311,0
1628995,Kevin Knox II,0.1017,0.1017,0.5934618689852225,-1.4886147765794517,2.0820766455646744,349,7.2664474930207135,38.714285714285715,0.18769421568688188,0.18769421568688188,0,5.835416607524311,0
1630322,Lindy Waters III,-0.2165,-0.2165,-1.2633676955290134,-1.4886147765794517,0.22524708105043834,3204,7.216916476856044,38.714285714285715,0.18641481674535906,0.18641481674535906,0,5.835416607524311,0
1629723,John Konchar,-0.2129,-0.2129,-1.242360195741926,-1.4886147765794517,0.24625458083752583,2491,6.134201608662769,38.714285714285715,0.15844801203187964,0.15844801203187964,0,5.835416607524311,0
203109,Jae Crowder,-0.0136,-0.0136,-0.07936166586233064,-1.4886147765794517,1.4092531107171211,421,5.932955596119079,38.714285714285715,0.15324977554551128,0.15324977554551128,0,5.835416607524311,0
1627814,Damion Lee,-0.0901,-0.0901,-0.5257710363379404,-1.4886147765794517,0.9628437402415113,604,5.815576191058728,38.714285714285715,0.15021783519339887,0.15021783519339887,0,5.835416607524311,0
1641715,Cam Whitmore,-0.2267,-0.2267,-1.3228889449257615,-1.4886147765794517,0.16572583165369026,3406,5.64462182612469,38.714285714285715,0.14580203978919865,0.14580203978919865,0,5.835416607524311,0
1631127,Harrison Ingram,0.4013,0.4013,2.341752684599506,-1.4886147765794517,3.830367461178958,147,5.630640167933068,38.714285714285715,0.1454408899466106,0.1454408899466106,0,5.835416607524311,0
1631119,Jaylin Williams,-0.2264,-0.2264,-1.321138319943504,-1.4886147765794517,0.16747645663594768,3323,5.5652426540125415,38.714285714285715,0.14375165526969663,0.14375165526969663,0,5.835416607524311,0
1628427,Vlatko Čančar,-0.0958,-0.0958,-0.559032911000829,-1.4886147765794517,0.9295818655786228,560,5.205658447240287,38.714285714285715,0.1344635023272399,0.1344635023272399,0,5.835416607524311,0
1627824,Guerschon Yabusele,-0.2436,-0.2436,-1.4215074855929222,-1.4886147765794517,0.06710729098652957,7585,5.090088021328268,38.714285714285715,0.13147828837379288,0.13147828837379288,0,5.835416607524311,0
1630658,Colin Castleton,-0.2064,-0.2064,-1.2044299877930178,-1.4886147765794517,0.28418478878643394,1749,4.970391955874729,38.714285714285715,0.1283865080853251,0.1283865080853251,0,5.835416607524311,0
203078,Bradley Beal,-0.2431,-0.2431,-1.41858977728916,-1.4886147765794517,0.07002499929029171,7020,4.915754950178478,38.714285714285715,0.12697522011531123,0.12697522011531123,0,5.835416607524311,0
1631245,Quenton Jackson,-0.2047,-0.2047,-1.1945097795602264,-1.4886147765794517,0.2941049970192253,1621,4.767442001681642,38.714285714285715,0.12314425834602027,0.12314425834602027,0,5.835416607524311,0
203957,Danté Exum,-0.2035,-0.2035,-1.1875072796311972,-1.4886147765794517,0.30110749694825456,1538,4.631033303064155,38.714285714285715,0.11962078642601137,0.11962078642601137,0,5.835416607524311,0
1630222,Mason Jones,0.2028,0.2028,1.1834224880059303,-1.4886147765794517,2.672037264585382,171,4.569183722441004,38.714285714285715,0.11802319578260895,0.11802319578260895,0,5.835416607524311,0
1642352,Keshad Johnson,-0.0742,-0.0742,-0.4329879122783039,-1.4886147765794517,1.0556268643011477,414,4.370295218206752,38.714285714285715,0.11288585434482384,0.11288585434482384,0,5.835416607524311,0
1630526,Jeremiah Robinson-Earl,-0.2406,-0.2406,-1.4040012357703493,-1.4886147765794517,0.08461354080910244,5128,4.338982372690773,38.714285714285715,0.11207703545695723,0.11207703545695723,0,5.835416607524311,0
1642353,Cam Christie,0.049,0.049,0.28593541376869125,-1.4886147765794517,1.774550190348143,239,4.241174954932062,38.714285714285715,0.1095506445923411,0.1095506445923411,0,5.835416607524311,0
1641736,Reece Beekman,-0.2171,-0.2171,-1.2668689454935278,-1.4886147765794517,0.22174583108592394,1893,4.19764858245654,38.714285714285715,0.1084263471483239,0.1084263471483239,0,5.835416607524311,0
1641752,Bobi Klintman,0.1644,0.1644,0.9593424902769967,-1.4886147765794517,2.4479572668564487,145,3.5495380369418505,38.714285714285715,0.0916854843490515,0.0916854843490515,0,5.835416607524311,0
1642384,Isaiah Crawford,0.0717,0.0717,0.4183993707594931,-1.4886147765794517,1.9070141473389448,183,3.489835889630269,38.714285714285715,0.09014336246277446,0.09014336246277446,0,5.835416607524311,0
1641706,Brandon Miller,-0.2414,-0.2414,-1.4086695690563686,-1.4886147765794517,0.0799452075230831,3790,3.0299233651248496,38.714285714285715,0.07826370315820645,0.07826370315820645,0,5.835416607524311,0
1630201,Malachi Flynn,0.095,0.095,0.5543645777148096,-1.4886147765794517,2.0429793542942614,141,2.8806008895549087,38.714285714285715,0.07440666504385372,0.07440666504385372,0,5.835416607524311,0
1642280,Trentyn Flowers,0.1679,0.1679,0.9797664484033318,-1.4886147765794517,2.4683812249827835,115,2.838638408730201,38.714285714285715,0.07332276332513434,0.07332276332513434,0,5.835416607524311,0
1631159,Leonard Miller,0.1148,0.1148,0.6699058265437909,-1.4886147765794517,2.1585206031232427,131,2.827661990091448,38.714285714285715,0.07303923959645807,0.07303923959645807,0,5.835416607524311,0
1641798,Jaylen Martin,-0.211,-0.211,-1.2312729041876296,-1.4886147765794517,0.25734187239182216,999,2.5708453051943034,38.714285714285715,0.06640559828915175,0.06640559828915175,0,5.835416607524311,0
1641936,Miles Norris,0.0697,0.0697,0.4067285375444445,-1.4886147765794517,1.8953433141238962,130,2.463946308361065,38.714285714285715,0.0636443695886622,0.0636443695886622,0,5.835416607524311,0
1642050,Jackson Rowe,-0.0959,-0.0959,-0.5596164526615814,-1.4886147765794517,0.9289983239178703,228,2.1181161785327443,38.714285714285715,0.05471148800638085,0.05471148800638085,0,5.835416607524311,0
1631232,Keion Brooks Jr.,-0.2293,-0.2293,-1.3380610281053247,-1.4886147765794517,0.15055374847412706,1396,2.101730328698814,38.714285714285715,0.05428823727266309,0.05428823727266309,0,5.835416607524311,0
1641755,Kevin McCullar Jr.,0.0038,0.0038,0.022174583108592383,-1.4886147765794517,1.5107893596880442,124,1.8733788060131746,38.714285714285715,0.04838985845790488,0.04838985845790488,0,5.835416607524311,0
1642443,Jahmir Young,-0.035,-0.035,-0.2042395812633509,-1.4886147765794517,1.284375195316101,130,1.6696877539109312,38.714285714285715,0.043128465968179035,0.043128465968179035,0,5.835416607524311,0
1631386,Tazé Moore,0.0634,0.0634,0.3699654129170413,-1.4886147765794517,1.858580189496493,89,1.6541363686518786,38.714285714285715,0.042726769669974726,0.042726769669974726,0,5.835416607524311,0
1628408,PJ Dozier,-0.0751,-0.0751,-0.4382397872250758,-1.4886147765794517,1.050374989354376,149,1.5650587341380202,38.714285714285715,0.04042587136149867,0.04042587136149867,0,5.835416607524311,0
1630618,D.J. Carton,-0.081,-0.081,-0.4726687452094692,-1.4886147765794517,1.0159460313699826,151,1.5340785073686738,38.714285714285715,0.03962564410177386,0.03962564410177386,0,5.835416607524311,0
1641707,Taylor Hendricks,-0.1746,-0.1746,-1.0188637396737448,-1.4886147765794517,0.46975103690570696,322,1.5125983388363764,38.714285714285715,0.039070805800201606,0.039070805800201606,0,5.835416607524311,0
1630600,Isaiah Mobley,0.0298,0.0298,0.17389541490422447,-1.4886147765794517,1.6625101914836762,77,1.2801328474424307,38.714285714285715,0.033066162111059096,0.033066162111059096,0,5.835416607524311,0
201567,Kevin Love,-0.2356,-0.2356,-1.3748241527327278,-1.4886147765794517,0.11379062384672389,1062,1.2084564252522076,38.714285714285715,0.03121474161168064,0.03121474161168064,0,5.835416607524311,0
1630191,Isaiah Stewart,-0.2517,-0.2517,-1.468774360113869,-1.4886147765794517,0.019840416465582766,6066,1.2035196628022506,38.714285714285715,0.031087223762419756,0.031087223762419756,0,5.835416607524311,0
1641801,Emanuel Miller,-0.0497,-0.0497,-0.2900202053939583,-1.4886147765794517,1.1985945711854935,90,1.0787351140669441,38.714285714285715,0.027864006636415528,0.027864006636415528,0,5.835416607524311,0
1642449,Tolu Smith,-0.0196,-0.0196,-0.11437416550747649,-1.4886147765794517,1.3742406110719751,73,1.0031956460825417,38.714285714285715,0.025912802666338716,0.025912802666338716,0,5.835416607524311,0
1641789,Jazian Gortman,-0.186,-0.186,-1.0853874889995219,-1.4886147765794517,0.40322728757992987,239,0.9637132173160324,38.714285714285715,0.024892961332886446,0.024892961332886446,0,5.835416607524311,0
1641766,Adama Sanogo,-0.0835,-0.0835,-0.48725728672828,-1.4886147765794517,1.0013574898511717,88,0.8811945910690311,38.714285714285715,0.022761483902152095,0.022761483902152095,0,5.835416607524311,0
1631121,Bryce McGowens,-0.1469,-0.1469,-0.8572226996453214,-1.4886147765794517,0.6313920769341304,126,0.7955540169370042,38.714285714285715,0.02054936575114033,0.02054936575114033,0,5.835416607524311,0
1641879,Yuri Collins,-0.0746,-0.0746,-0.43532207892131364,-1.4886147765794517,1.053292697658138,70,0.7373048883606966,38.714285714285715,0.019044775714113935,0.019044775714113935,0,5.835416607524311,0
1630592,Jalen Wilson,-0.2537,-0.2537,-1.4804451933289176,-1.4886147765794517,0.008169583250534185,8064,0.6587951933230767,38.714285714285715,0.01701685001203519,0.01701685001203519,0,5.835416607524311,0
1642285,Cam Spencer,-0.2459,-0.2459,-1.4349289437902282,-1.4886147765794517,0.053685832789223564,1115,0.5985970355998428,38.714285714285715,0.015461916048704425,0.015461916048704425,0,5.835416607524311,0
1641803,Tristen Newton,-0.152,-0.152,-0.8869833243436953,-1.4886147765794517,0.6016314522357564,75,0.4512235891768173,38.714285714285715,0.011655221860655797,0.011655221860655797,0,5.835416607524311,0
1631250,Pete Nance,-0.2409,-0.2409,-1.4057518607526065,-1.4886147765794517,0.08286291582684524,541,0.4482883746232328,38.714285714285715,0.011579404510563208,0.011579404510563208,0,5.835416607524311,0
1631199,Ron Harper Jr.,-0.1072,-0.1072,-0.6255566603266062,-1.4886147765794517,0.8630581162528456,50,0.43152905812642284,38.714285714285715,0.011146507036475866,0.011146507036475866,0,5.835416607524311,0
1630296,Braxton Key,-0.249,-0.249,-1.4530187352735535,-1.4886147765794517,0.03559604130589822,56,0.019933783131303003,38.714285714285715,0.0005148947672292288,0.0005148947672292288,0,5.835416607524311,0
1641739,Toumani Camara,-0.2551,-0.2551,-1.4886147765794517,-1.4886147765794517,0,10513,0,38.714285714285715,0,0,0,5.835416607524311,0
200782,P.J. Tucker,-0.2551,-0.2551,-1.4886147765794517,-1.4886147765794517,0,225,0,38.714285714285715,0,0,0,5.835416607524311,0
1642450,Daniss Jenkins,-0.2757,-0.2757,-1.6088243586944526,-1.4886147765794517,-0.12020958211500088,70,-0.08414670748050063,38.714285714285715,-0.0021735311895332266,-0.0021735311895332266,0,5.835416607524311,0
1630227,Daishen Nix,-0.281,-0.281,-1.6397520667143317,-1.4886147765794517,-0.15113729013487998,57,-0.08614825537688159,38.714285714285715,-0.0022252316887017383,-0.0022252316887017383,0,5.835416607524311,0
1641790,PJ Hall,-0.2625,-0.2625,-1.5317968594751317,-1.4886147765794517,-0.04318208289567993,253,-0.10925066972607021,38.714285714285715,-0.002821973018754581,-0.002821973018754581,0,5.835416607524311,0
1642502,Malevy Leons,-0.3567,-0.3567,-2.081493103903922,-1.4886147765794517,-0.5928783273244702,82,-0.48616022840606554,38.714285714285715,-0.012557644276171434,-0.012557644276171434,0,5.835416607524311,0
1641817,Anton Watson,-0.3652,-0.3652,-2.1310941450678786,-1.4886147765794517,-0.6424793684884269,96,-0.6167801937488898,38.714285714285715,-0.015931591720451027,-0.015931591720451027,0,5.835416607524311,0
1631123,Jamaree Bouyea,-0.3447,-0.3447,-2.01146810461363,-1.4886147765794517,-0.5228533280341783,199,-1.0404781227880147,38.714285714285715,-0.026875818669801117,-0.026875818669801117,0,5.835416607524311,0
1629098,Jack McVeigh,-0.3508,-0.3508,-2.0470641459195282,-1.4886147765794517,-0.5584493693400765,190,-1.0610538017461453,38.714285714285715,-0.027407293772040653,-0.027407293772040653,0,5.835416607524311,0
1641779,Jalen Bridges,-0.4171,-0.4171,-2.43395226699839,-1.4886147765794517,-0.9453374904189384,117,-1.1060448637901579,38.714285714285715,-0.028569424525945037,-0.028569424525945037,0,5.835416607524311,0
1630561,David Duke Jr.,-0.397,-0.397,-2.316660393187152,-1.4886147765794517,-0.8280456166077002,141,-1.1675443194168573,38.714285714285715,-0.030157971350250928,-0.030157971350250928,0,5.835416607524311,0
1631170,Jaime Jaquez Jr.,-0.2603,-0.2603,-1.5189589429385781,-1.4886147765794517,-0.0303441663591264,5390,-1.635550566756913,38.714285714285715,-0.04224669360626712,-0.04224669360626712,0,5.835416607524311,0
1641753,Chris Livingston,-0.3288,-0.3288,-1.9186849805539934,-1.4886147765794517,-0.43007020397454165,408,-1.75468643221613,38.714285714285715,-0.04532400378418048,-0.04532400378418048,0,5.835416607524311,0
1642279,Ulrich Chomche,-0.5426,-0.5426,-3.166297051242691,-1.4886147765794517,-1.6776822746632394,123,-2.0635491978357847,38.714285714285715,-0.05330200880018632,-0.05330200880018632,0,5.835416607524311,0
1630699,MarJon Beauchamp,-0.3213,-0.3213,-1.874919355997561,-1.4886147765794517,-0.38630457941810925,651,-2.5148428120118913,38.714285714285715,-0.0649590394246614,-0.0649590394246614,0,5.835416607524311,0
1630649,Stanley Umude,-0.377,-0.377,-2.199952061036665,-1.4886147765794517,-0.7113372844572134,354,-2.5181339869785355,38.714285714285715,-0.06504405132416881,-0.06504405132416881,0,5.835416607524311,0
1641772,Nae'Qwan Tomlin,-0.4174,-0.4174,-2.4357028919806476,-1.4886147765794517,-0.9470881154011959,267,-2.528725268121193,38.714285714285715,-0.06531762685183894,-0.06531762685183894,0,5.835416607524311,0
1630585,Marcus Garrett,-0.4033,-0.4033,-2.3534235178145546,-1.4886147765794517,-0.8648087412351029,311,-2.68955518524117,38.714285714285715,-0.06947190515383095,-0.06947190515383095,0,5.835416607524311,0
201949,James Johnson,-0.627,-0.627,-3.658806212917743,-1.4886147765794517,-2.1701914363382917,142,-3.0816718396003746,38.714285714285715,-0.07960037962067389,-0.07960037962067389,0,5.835416607524311,0
1628976,Wendell Carter Jr.,-0.2626,-0.2626,-1.5323804011358841,-1.4886147765794517,-0.0437656245564324,7120,-3.1161124684179873,38.714285714285715,-0.0804899899591362,-0.0804899899591362,0,5.835416607524311,0
1630762,Phillip Wheeler,-0.5693,-0.5693,-3.3221026746635904,-1.4886147765794517,-1.8334878980841387,172,-3.153599184704719,38.714285714285715,-0.08145828152373813,-0.08145828152373813,0,5.835416607524311,0
1642358,AJ Johnson,-0.2786,-0.2786,-1.6257470668562732,-1.4886147765794517,-0.1371322902768215,2608,-3.576410130419505,38.714285714285715,-0.09237959746471046,-0.09237959746471046,0,5.835416607524311,0
1629628,RJ Barrett,-0.2632,-0.2632,-1.5358816511003988,-1.4886147765794517,-0.04726687452094702,7729,-3.6532567317239955,38.714285714285715,-0.09436456502608107,-0.09436456502608107,0,5.835416607524311,0
1641857,Liam Robbins,-0.5568,-0.5568,-3.249159967069536,-1.4886147765794517,-1.7605451904900844,233,-4.102070293841896,38.714285714285715,-0.10595753526528882,-0.10595753526528882,0,5.835416607524311,0
1630200,Tre Jones,-0.275,-0.275,-1.6047395670691857,-1.4886147765794517,-0.11612479048973401,3663,-4.253651075638957,38.714285714285715,-0.10987290601281438,-0.10987290601281438,0,5.835416607524311,0
202709,Cory Joseph,-0.2867,-0.2867,-1.67301394137722,-1.4886147765794517,-0.1843991647977683,2465,-4.545439412264988,38.714285714285715,-0.11740987411754582,-0.11740987411754582,0,5.835416607524311,0
203083,Andre Drummond,-0.2815,-0.2815,-1.6426697750180934,-1.4886147765794517,-0.15405499843864168,3050,-4.698677452378571,38.714285714285715,-0.12136805227546124,-0.12136805227546124,0,5.835416607524311,0
1641757,Jordan Miller,-0.304,-0.304,-1.7739666486873906,-1.4886147765794517,-0.2853518721079389,1687,-4.813886082460929,38.714285714285715,-0.12434392094917528,-0.12434392094917528,0,5.835416607524311,0
1631166,Drew Timme,-0.335,-0.335,-1.9548645635206443,-1.4886147765794517,-0.46624978694119257,1050,-4.895622762882522,38.714285714285715,-0.12645520051726072,-0.12645520051726072,0,5.835416607524311,0
1631102,TyTy Washington Jr.,-0.4657,-0.4657,-2.717553514124072,-1.4886147765794517,-1.2289387375446201,456,-5.603960643203468,38.714285714285715,-0.1447517509314549,-0.1447517509314549,0,5.835416607524311,0
1630542,Marcus Bagley,-0.351,-0.351,-2.048231229241033,-1.4886147765794517,-0.5596164526615814,1066,-5.965511385372459,38.714285714285715,-0.1540906999911705,-0.1540906999911705,0,5.835416607524311,0
1631210,Jacob Toppin,-0.6087,-0.6087,-3.5520180890000486,-1.4886147765794517,-2.063403312420597,296,-6.107673804764968,38.714285714285715,-0.15776279200499915,-0.15776279200499915,0,5.835416607524311,0
202704,Reggie Jackson,-0.3235,-0.3235,-1.8877572725341147,-1.4886147765794517,-0.399142495954663,1564,-6.24258863673093,38.714285714285715,-0.16124767696352954,-0.16124767696352954,0,5.835416607524311,0
1631216,Caleb Houstan,-0.2913,-0.2913,-1.6998568577718318,-1.4886147765794517,-0.21124208119238008,3110,-6.569628725083021,38.714285714285715,-0.16969520692096363,-0.16969520692096363,0,5.835416607524311,0
1631169,Josh Minott,-0.3506,-0.3506,-2.0458970625980237,-1.4886147765794517,-0.557282286018572,1181,-6.581503797879335,38.714285714285715,-0.1700019431186544,-0.1700019431186544,0,5.835416607524311,0
1630243,Trevelin Queen,-0.3317,-0.3317,-1.935607688715814,-1.4886147765794517,-0.4469929121363623,1731,-7.737447309080432,38.714285714285715,-0.1998602625961735,-0.1998602625961735,0,5.835416607524311,0
1642505,Alex Ducas,-0.5175,-0.5175,-3.019828094393831,-1.4886147765794517,-1.5312133178143792,511,-7.8245000540314775,38.714285714285715,-0.2021088574842079,-0.2021088574842079,0,5.835416607524311,0
1631306,Cole Swider,-0.4394,-0.4394,-2.5640820573461824,-1.4886147765794517,-1.0754672807667307,729,-7.840156476789467,38.714285714285715,-0.2025132669281412,-0.2025132669281412,0,5.835416607524311,0
1629610,DaQuan Jeffries,-0.2867,-0.2867,-1.67301394137722,-1.4886147765794517,-0.1843991647977683,4315,-7.956823961023702,38.714285714285715,-0.20552681818142404,-0.20552681818142404,0,5.835416607524311,0
1629234,Drew Eubanks,-0.3004,-0.3004,-1.7529591489003031,-1.4886147765794517,-0.2643443723208514,3072,-8.120659117696555,38.714285714285715,-0.20975872259732797,-0.20975872259732797,0,5.835416607524311,0
201988,Patty Mills,-0.3585,-0.3585,-2.0919968537974656,-1.4886147765794517,-0.6033820772180138,1392,-8.399078514874752,38.714285714285715,-0.21695036754289027,-0.21695036754289027,0,5.835416607524311,0
203500,Steven Adams,-0.3014,-0.3014,-1.7587945655078274,-1.4886147765794517,-0.2701797889283757,3240,-8.753825161279373,38.714285714285715,-0.2261135650514967,-0.2261135650514967,0,5.835416607524311,0
1642422,Armel Traoré,-0.8142,-0.8142,-4.7511962018462945,-1.4886147765794517,-3.262581425266843,275,-8.972098919483818,38.714285714285715,-0.23175163260659307,-0.23175163260659307,0,5.835416607524311,0
1629020,Jarred Vanderbilt,-0.3226,-0.3226,-1.8825053975873427,-1.4886147765794517,-0.39389062100789096,2355,-9.276124124735832,38.714285714285715,-0.23960468218874842,-0.23960468218874842,0,5.835416607524311,0
1641712,Rayan Rupert,-0.336,-0.336,-1.9606999801281686,-1.4886147765794517,-0.47208520354871686,1978,-9.33784532619362,38.714285714285715,-0.24119895676514883,-0.24119895676514883,0,5.835416607524311,0
1631097,Bennedict Mathurin,-0.2738,-0.2738,-1.5977370671401563,-1.4886147765794517,-0.10912229056070455,8810,-9.613673798398072,38.714285714285715,-0.24832367744939668,-0.24832367744939668,0,5.835416607524311,0
1630346,Matt Ryan,-0.9157,-0.9157,-5.343490987510012,-1.4886147765794517,-3.85487621093056,282,-10.87075091482418,38.714285714285715,-0.2807943040729493,-0.2807943040729493,0,5.835416607524311,0
1630623,Tyson Etienne,-0.5492,-0.5492,-3.2048108008523517,-1.4886147765794517,-1.7161960242729,642,-11.017978475832017,38.714285714285715,-0.284597230003041,-0.284597230003041,0,5.835416607524311,0
1631212,Peyton Watson,-0.282,-0.282,-1.6455874833218556,-1.4886147765794517,-0.15697270674240382,7060,-11.08227309601371,38.714285714285715,-0.2862579766498006,-0.2862579766498006,0,5.835416607524311,0
1629052,Oshae Brissett,-0.5978,-0.5978,-3.4884120479780334,-1.4886147765794517,-1.9997972713985817,559,-11.178866747118072,38.714285714285715,-0.28875301560821587,-0.28875301560821587,0,5.835416607524311,0
1631222,Jake LaRavia,-0.2898,-0.2898,-1.6911037328605454,-1.4886147765794517,-0.20248895628109365,5688,-11.517571833268608,38.714285714285715,-0.29750185547188285,-0.29750185547188285,0,5.835416607524311,0
1642359,Pacôme Dadiet,-0.6988,-0.6988,-4.077789125337989,-1.4886147765794517,-2.5891743487585375,449,-11.625392825925832,38.714285714285715,-0.30028689956265986,-0.30028689956265986,0,5.835416607524311,0
201569,Eric Gordon,-0.3215,-0.3215,-1.8760864393190662,-1.4886147765794517,-0.3874716627396144,3131,-12.131737760377327,38.714285714285715,-0.31336592000974645,-0.31336592000974645,0,5.835416607524311,0
1630811,Keaton Wallace,-0.3654,-0.3654,-2.132261228389383,-1.4886147765794517,-0.6436464518099314,2112,-13.593813062225752,38.714285714285715,-0.3511317027143183,-0.3511317027143183,0,5.835416607524311,0
1629669,Jaylen Nowell,-0.6151,-0.6151,-3.5893647552882038,-1.4886147765794517,-2.100749978708752,661,-13.885957359264848,38.714285714285715,-0.3586778653684647,-0.3586778653684647,0,5.835416607524311,0
1641732,Colby Jones,-0.3735,-0.3735,-2.1795281029103304,-1.4886147765794517,-0.6909133263308787,2047,-14.142995789993085,38.714285714285715,-0.3653172344278657,-0.3653172344278657,0,5.835416607524311,0
204060,Joe Ingles,-0.7777,-0.7777,-4.538203495671657,-1.4886147765794517,-3.0495887190922053,468,-14.27207520535152,38.714285714285715,-0.36865138906812045,-0.36865138906812045,0,5.835416607524311,0
1642278,Tyler Kolek,-0.4701,-0.4701,-2.743229347197179,-1.4886147765794517,-1.2546145706177272,1177,-14.766813496170649,38.714285714285715,-0.38143060691215697,-0.38143060691215697,0,5.835416607524311,0
202066,Garrett Temple,-0.5281,-0.5281,-3.0816835104335887,-1.4886147765794517,-1.593068733854137,944,-15.038568847583054,38.714285714285715,-0.3884501178342486,-0.3884501178342486,0,5.835416607524311,0
1641723,Kobe Bufkin,-0.7691,-0.7691,-4.488018912846948,-1.4886147765794517,-2.999404136267496,530,-15.89684192221773,38.714285714285715,-0.4106195330462144,-0.4106195330462144,0,5.835416607524311,0
203924,Jerami Grant,-0.3004,-0.3004,-1.7529591489003031,-1.4886147765794517,-0.2643443723208514,6242,-16.50037572026754,38.714285714285715,-0.42620896694418003,-0.42620896694418003,0,5.835416607524311,0
1630550,JT Thor,-0.5414,-0.5414,-3.159294551313662,-1.4886147765794517,-1.6706797747342101,997,-16.656677354100076,38.714285714285715,-0.4302462785191901,-0.4302462785191901,0,5.835416607524311,0
203468,CJ McCollum,-0.2924,-0.2924,-1.7062758160401086,-1.4886147765794517,-0.21766103946065685,7655,-16.661952570713282,38.714285714285715,-0.43038253872691135,-0.43038253872691135,0,5.835416607524311,0
200768,Kyle Lowry,-0.363,-0.363,-2.118256228531325,-1.4886147765794517,-0.6296414519518734,2693,-16.95624430106395,38.714285714285715,-0.4379841701381832,-0.4379841701381832,0,5.835416607524311,0
1630528,Josh Christopher,-1.2497,-1.2497,-7.292520134423132,-1.4886147765794517,-5.80390535784368,301,-17.469755127109476,38.714285714285715,-0.4512482874161119,-0.4512482874161119,0,5.835416607524311,0
1642346,Ryan Dunn,-0.3091,-0.3091,-1.8037272733857646,-1.4886147765794517,-0.3151124968063128,5655,-17.81961169439699,38.714285714285715,-0.4602851729180034,-0.4602851729180034,0,5.835416607524311,0
1641734,Emoni Bates,-1.2994,-1.2994,-7.582540339817091,-1.4886147765794517,-6.093925563237639,302,-18.40365520097767,38.714285714285715,-0.47537116755292874,-0.47537116755292874,0,5.835416607524311,0
1631099,Keegan Murray,-0.2847,-0.2847,-1.6613431081621715,-1.4886147765794517,-0.17272833158271972,10655,-18.404203730138786,38.714285714285715,-0.47538533620284684,-0.47538533620284684,0,5.835416607524311,0
1631223,David Roddy,-0.4325,-0.4325,-2.5238176827542644,-1.4886147765794517,-1.0352029061748127,1823,-18.871748979566835,38.714285714285715,-0.48746215076371896,-0.48746215076371896,0,5.835416607524311,0
1642345,Oso Ighodaro,-0.3342,-0.3342,-1.9501962302346247,-1.4886147765794517,-0.461581453655173,4222,-19.487968973321404,38.714285714285715,-0.5033792723736156,-0.5033792723736156,0,5.835416607524311,0
1642266,Ja'Kobe Walter,-0.3262,-0.3262,-1.9035128973744302,-1.4886147765794517,-0.41489812079497845,4721,-19.587340282730935,38.714285714285715,-0.5059460589635296,-0.5059460589635296,0,5.835416607524311,0
1631247,Luke Travers,-1.2814,-1.2814,-7.477502840881653,-1.4886147765794517,-5.988888064302201,347,-20.78144158312864,38.714285714285715,-0.5367900039922526,-0.5367900039922526,0,5.835416607524311,0
1641783,Tristan da Silva,-0.3104,-0.3104,-1.8113133149755463,-1.4886147765794517,-0.3226985383960945,6500,-20.975404995746143,38.714285714285715,-0.5418001290414133,-0.5418001290414133,0,5.835416607524311,0
1642461,Spencer Jones,-1.0012,-1.0012,-5.842419107453341,-1.4886147765794517,-4.353804330873889,515,-22.42209230400053,38.714285714285715,-0.5791684358966926,-0.5791684358966926,0,5.835416607524311,0
203482,Kelly Olynyk,-0.3604,-0.3604,-2.1030841453517617,-1.4886147765794517,-0.61446936877231,3675,-22.58174930238239,38.714285714285715,-0.5832924174047112,-0.5832924174047112,0,5.835416607524311,0
1641842,Ronald Holland II,-0.3277,-0.3277,-1.9122660222857168,-1.4886147765794517,-0.4236512457062651,5334,-22.59755744597218,38.714285714285715,-0.5837007458369198,-0.5837007458369198,0,5.835416607524311,0
1642269,Devin Carter,-0.5054,-0.5054,-2.9492195534427865,-1.4886147765794517,-1.4606047768633348,1566,-22.873070805679824,38.714285714285715,-0.5908173270839807,-0.5908173270839807,0,5.835416607524311,0
1630311,Pat Spencer,-0.6371,-0.6371,-3.7177439206537386,-1.4886147765794517,-2.229129144074287,1037,-23.116069224050356,38.714285714285715,-0.5970940389976107,-0.5970940389976107,0,5.835416607524311,0
1641725,Trey Alexander,-1.0704,-1.0704,-6.246229936694023,-1.4886147765794517,-4.757615160114572,487,-23.169585829757967,38.714285714285715,-0.5984763867465157,-0.5984763867465157,0,5.835416607524311,0
1642530,Yuki Kawamura,-1.3644,-1.3644,-7.961842419306171,-1.4886147765794517,-6.4732276427267195,371,-24.01567455451613,38.714285714285715,-0.6203310770539222,-0.6203310770539222,0,5.835416607524311,0
1631120,JD Davison,-1.5032,-1.5032,-8.771798244430546,-1.4886147765794517,-7.283183467851094,339,-24.68999195601521,38.714285714285715,-0.6377488697125699,-0.6377488697125699,0,5.835416607524311,0
1642277,Johnny Furphy,-0.5413,-0.5413,-3.15871100965291,-1.4886147765794517,-1.6700962330734581,1577,-26.337417595568436,38.714285714285715,-0.6803022995165279,-0.6803022995165279,0,5.835416607524311,0
201959,Taj Gibson,-0.5351,-0.5351,-3.122531426686259,-1.4886147765794517,-1.6339166501068074,1649,-26.943285560261256,38.714285714285715,-0.6959520255418036,-0.6959520255418036,0,5.835416607524311,0
1626196,Josh Richardson,-1.1167,-1.1167,-6.516409725622399,-1.4886147765794517,-5.027794949042947,578,-29.060654805468236,38.714285714285715,-0.7506442200674451,-0.7506442200674451,0,5.835416607524311,0
1630245,Ayo Dosunmu,-0.3387,-0.3387,-1.9764556049684843,-1.4886147765794517,-0.48784082838903253,5993,-29.236300845354723,38.714285714285715,-0.755181202647539,-0.755181202647539,0,5.835416607524311,0
1642402,Enrique Freeman,-0.9019,-0.9019,-5.2629622383261765,-1.4886147765794517,-3.774347461746725,791,-29.855088422416593,38.714285714285715,-0.7711646455974766,-0.7711646455974766,0,5.835416607524311,0
1628964,Mo Bamba,-0.5706,-0.5706,-3.329688716253372,-1.4886147765794517,-1.8410739396739204,1645,-30.285666307635992,38.714285714285715,-0.7822865835920736,-0.7822865835920736,0,5.835416607524311,0
1631213,Tyrese Martin,-0.3565,-0.3565,-2.080326020582417,-1.4886147765794517,-0.5917112440029653,5298,-31.348861707277102,38.714285714285715,-0.8097491953909214,-0.8097491953909214,0,5.835416607524311,0
1630192,Zeke Nnaji,-0.472,-0.472,-2.7543166387514746,-1.4886147765794517,-1.2657018621720229,2487,-31.478005312218205,38.714285714285715,-0.8130850080646769,-0.8130850080646769,0,5.835416607524311,0
1631311,Lester Quinones,-0.9471,-0.9471,-5.526723068986276,-1.4886147765794517,-4.038108292406824,780,-31.49724468077323,38.714285714285715,-0.8135819659240318,-0.8135819659240318,0,5.835416607524311,0
1641737,Adem Bona,-0.408,-0.408,-2.3808499758699186,-1.4886147765794517,-0.8922351992904669,3716,-33.15546000563375,38.714285714285715,-0.8564140960864806,-0.8564140960864806,0,5.835416607524311,0
1629651,Nic Claxton,-0.3313,-0.3313,-1.9332735220728041,-1.4886147765794517,-0.4446587454933524,7622,-33.89188958150332,38.714285714285715,-0.8754362622528533,-0.8754362622528533,0,5.835416607524311,0
1630173,Precious Achiuwa,-0.3747,-0.3747,-2.186530602839359,-1.4886147765794517,-0.6979158262599074,4884,-34.08620895453388,38.714285714285715,-0.8804555818514286,-0.8804555818514286,0,5.835416607524311,0
1629629,Cam Reddish,-0.491,-0.491,-2.8651895542944366,-1.4886147765794517,-1.3765747777149848,2518,-34.66215290286332,38.714285714285715,-0.8953323628045875,-0.8953323628045875,0,5.835416607524311,0
203501,Tim Hardaway Jr.,-0.3227,-0.3227,-1.8830889392480952,-1.4886147765794517,-0.39447416266864344,8864,-34.966189778948554,38.714285714285715,-0.9031857138473796,-0.9031857138473796,0,5.835416607524311,0
201599,DeAndre Jordan,-0.4671,-0.4671,-2.725723097374606,-1.4886147765794517,-1.2371083207951543,2840,-35.13387631058238,38.714285714285715,-0.9075171002733455,-0.9075171002733455,0,5.835416607524311,0
1641729,Brice Sensabaugh,-0.358,-0.358,-2.089079145493703,-1.4886147765794517,-0.6004643689142515,5974,-35.87174139893738,38.714285714285715,-0.9265763460980135,-0.9265763460980135,0,5.835416607524311,0
1631104,Blake Wesley,-0.484,-0.484,-2.8243416380417665,-1.4886147765794517,-1.3357268614623148,2687,-35.890980767492394,38.714285714285715,-0.9270733039573681,-0.9270733039573681,0,5.835416607524311,0
203954,Joel Embiid,-0.5246,-0.5246,-3.0612595523072534,-1.4886147765794517,-1.5726447757278017,2361,-37.1301431549334,38.714285714285715,-0.9590811885038147,-0.9590811885038147,0,5.835416607524311,0
203458,Alex Len,-0.6976,-0.6976,-4.070786625408959,-1.4886147765794517,-2.582171848829508,1510,-38.990794917325566,38.714285714285715,-1.0071423041375607,-1.0071423041375607,0,5.835416607524311,0
1630568,Luka Garza,-0.9786,-0.9786,-5.710538692123291,-1.4886147765794517,-4.221923915543839,926,-39.09501545793595,38.714285714285715,-1.0098343476219618,-1.0098343476219618,0,5.835416607524311,0
1630695,Micah Potter,-0.4868,-0.4868,-2.840680804542835,-1.4886147765794517,-1.3520660279633832,2933,-39.65609660016603,38.714285714285715,-1.0243272184544732,-1.0243272184544732,0,5.835416607524311,0
1626204,Larry Nance Jr.,-0.6247,-0.6247,-3.645384754720437,-1.4886147765794517,-2.1567699781409857,1998,-43.09226416325689,38.714285714285715,-1.1130843141800673,-1.1130843141800673,0,5.835416607524311,0
1631288,Jamal Cain,-0.6358,-0.6358,-3.7101578790639573,-1.4886147765794517,-2.221543102484506,1979,-43.96433799816837,38.714285714285715,-1.1356102065947549,-1.1356102065947549,0,5.835416607524311,0
1642355,Bronny James,-1.3292,-1.3292,-7.7564357547213145,-1.4886147765794517,-6.267820978141863,717,-44.94027641327716,38.714285714285715,-1.1608189479444284,-1.1608189479444284,0,5.835416607524311,0
1641765,Olivier-Maxence Prosper,-0.581,-0.581,-3.3903770489716245,-1.4886147765794517,-1.9017622723921728,2370,-45.071765855694494,38.714285714285715,-1.1642153542061309,-1.1642153542061309,0,5.835416607524311,0
1631172,Ousmane Dieng,-0.7316,-0.7316,-4.269190790064786,-1.4886147765794517,-2.7805760134853346,1655,-46.01853302318229,38.714285714285715,-1.1886705946947456,-1.1886705946947456,0,5.835416607524311,0
1641745,Adam Flagler,-1.2425,-1.2425,-7.250505134848956,-1.4886147765794517,-5.761890358269505,808,-46.556074094817596,38.714285714285715,-1.2025554194233328,-1.2025554194233328,0,5.835416607524311,0
1641775,Jordan Walsh,-0.7795,-0.7795,-4.5487072455652005,-1.4886147765794517,-3.060092468985749,1552,-47.492635118658825,38.714285714285715,-1.2267470325852832,-1.2267470325852832,0,5.835416607524311,0
1628989,Kevin Huerter,-0.3696,-0.3696,-2.1567699781409853,-1.4886147765794517,-0.6681552015615335,7126,-47.61273966327488,38.714285714285715,-1.2298493639960302,-1.2298493639960302,0,5.835416607524311,0
1642281,Jaylon Tyson,-0.7033,-0.7033,-4.1040485000718485,-1.4886147765794517,-2.615433723492397,1834,-47.967054488850565,38.714285714285715,-1.2390014074610847,-1.2390014074610847,0,5.835416607524311,0
1642367,Jonathan Mogbo,-0.4144,-0.4144,-2.4181966421580747,-1.4886147765794517,-0.929581865578623,5312,-49.379388699536456,38.714285714285715,-1.2754823649326759,-1.2754823649326759,0,5.835416607524311,0
203967,Dario Šarić,-1.2721,-1.2721,-7.423233466431676,-1.4886147765794517,-5.934618689852225,854,-50.681643611337996,38.714285714285715,-1.3091199456803173,-1.3091199456803173,0,5.835416607524311,0
1630165,Killian Hayes,-1.5444,-1.5444,-9.012217408660547,-1.4886147765794517,-7.523602632081095,678,-51.01002584550983,38.714285714285715,-1.317602143610955,-1.317602143610955,0,5.835416607524311,0
204456,T.J. McConnell,-0.4062,-0.4062,-2.3703462259763755,-1.4886147765794517,-0.8817314493969237,5905,-52.066242086888344,38.714285714285715,-1.3448844819491454,-1.3448844819491454,0,5.835416607524311,0
1630574,Ariel Hukporti,-1.2776,-1.2776,-7.45532825777306,-1.4886147765794517,-5.966713481193609,874,-52.149075825632146,38.714285714285715,-1.3470240988170665,-1.3470240988170665,0,5.835416607524311,0
1631103,Malaki Branham,-0.7985,-0.7985,-4.659580161108162,-1.4886147765794517,-3.170965384528711,1745,-55.33334596002601,38.714285714285715,-1.4292746188936607,-1.4292746188936607,0,5.835416607524311,0
202693,Markieff Morris,-1.7636,-1.7636,-10.291340729029876,-1.4886147765794517,-8.802725952450425,634,-55.80928253853569,38.714285714285715,-1.4415681836522134,-1.4415681836522134,0,5.835416607524311,0
1628969,Mikal Bridges,-0.3345,-0.3345,-1.9519468552168822,-1.4886147765794517,-0.4633320786374304,12218,-56.609913367921244,38.714285714285715,-1.4622486847802536,-1.4622486847802536,0,5.835416607524311,0
1641998,Trey Jemison,-0.8932,-0.8932,-5.212194113840715,-1.4886147765794517,-3.7235793372612633,1530,-56.97076386009733,38.714285714285715,-1.471569546201776,-1.471569546201776,0,5.835416607524311,0
1641854,Craig Porter Jr.,-0.7294,-0.7294,-4.2563528735282325,-1.4886147765794517,-2.767738096948781,2067,-57.209146463931305,38.714285714285715,-1.4777270304336498,-1.4777270304336498,0,5.835416607524311,0
1628997,Caleb Martin,-0.4612,-0.4612,-2.6912941393902123,-1.4886147765794517,-1.2026793628107606,4907,-59.01547633312403,38.714285714285715,-1.524384997534569,-1.524384997534569,0,5.835416607524311,0
1641721,Maxwell Lewis,-1.0251,-1.0251,-5.9818855643731705,-1.4886147765794517,-4.493270787793719,1324,-59.49090523038885,38.714285714285715,-1.5366654487554314,-1.5366654487554314,0,5.835416607524311,0
1631093,Jaden Ivey,-0.5391,-0.5391,-3.1458730931163563,-1.4886147765794517,-1.6572583165369046,3610,-59.82702522698226,38.714285714285715,-1.5453475150881026,-1.5453475150881026,0,5.835416607524311,0
202691,Klay Thompson,-0.3807,-0.3807,-2.2215431024845054,-1.4886147765794517,-0.7329283259050536,8166,-59.85092709340668,38.714285714285715,-1.5459649064717593,-1.5459649064717593,0,5.835416607524311,0
1629632,Coby White,-0.3532,-0.3532,-2.0610691457775867,-1.4886147765794517,-0.572454369198135,10460,-59.87872701812492,38.714285714285715,-1.5466829857080238,-1.5466829857080238,0,5.835416607524311,0
1630544,Tre Mann,-1.097,-1.097,-6.40145201845417,-1.4886147765794517,-4.912837241874718,1304,-64.06339763404632,38.714285714285715,-1.6547741086285028,-1.6547741086285028,0,5.835416607524311,0
1626192,Pat Connaughton,-0.7027,-0.7027,-4.100547250107334,-1.4886147765794517,-2.611932473527882,2454,-64.09682290037422,38.714285714285715,-1.655637491891585,-1.655637491891585,0,5.835416607524311,0
1626168,Trey Lyles,-0.4631,-0.4631,-2.7023814309445084,-1.4886147765794517,-1.2137666543650567,5483,-66.55082565883606,38.714285714285715,-1.7190250170179056,-1.7190250170179056,0,5.835416607524311,0
1631115,Orlando Robinson,-0.63,-0.63,-3.676312462740316,-1.4886147765794517,-2.187697686160864,3152,-68.95623106779044,38.714285714285715,-1.7811572600536276,-1.7811572600536276,0,5.835416607524311,0
203935,Marcus Smart,-0.6388,-0.6388,-3.72766412888653,-1.4886147765794517,-2.2390493523070782,3098,-69.36574893447329,38.714285714285715,-1.7917352123295682,-1.7917352123295682,0,5.835416607524311,0
1631200,Kris Murray,-0.5261,-0.5261,-3.07001267721854,-1.4886147765794517,-1.5813979006390884,4396,-69.51825171209433,38.714285714285715,-1.795674398467381,-1.795674398467381,0,5.835416607524311,0
1630214,Xavier Tillman,-1.5625,-1.5625,-9.117838449256736,-1.4886147765794517,-7.629223672677284,926,-70.64661120899166,38.714285714285715,-1.8248202157304119,-1.8248202157304119,0,5.835416607524311,0
1642275,Tidjane Salaün,-0.5191,-0.5191,-3.02916476096587,-1.4886147765794517,-1.5405499843864183,4975,-76.64236172322431,38.714285714285715,-1.9796920002308862,-1.9796920002308862,0,5.835416607524311,0
1628464,Daniel Theis,-0.7652,-0.7652,-4.465260788077603,-1.4886147765794517,-2.9766460114981514,2604,-77.51186213941186,38.714285714285715,-2.0021514205752142,-2.0021514205752142,0,5.835416607524311,0
1631248,Baylor Scheierman,-1.1892,-1.1892,-6.939477429667911,-1.4886147765794517,-5.45086265308846,1479,-80.61825863917832,38.714285714285715,-2.0823904445544215,-2.0823904445544215,0,5.835416607524311,0
1629004,Svi Mykhailiuk,-0.7145,-0.7145,-4.16940516607612,-1.4886147765794517,-2.6807903894966687,3140,-84.17681823019541,38.714285714285715,-2.1743089579755273,-2.1743089579755273,0,5.835416607524311,0
1629611,Terance Mann,-0.5124,-0.5124,-2.990067469695457,-1.4886147765794517,-1.5014526931160053,5811,-87.24941599697108,38.714285714285715,-2.2536749519512824,-2.2536749519512824,0,5.835416607524311,0
1630579,Jericho Sims,-0.8612,-0.8612,-5.025460782399937,-1.4886147765794517,-3.536846005820485,2502,-88.49188706562855,38.714285714285715,-2.2857683005881912,-2.2857683005881912,0,5.835416607524311,0
203901,Elfrid Payton,-1.0102,-1.0102,-5.894937856921059,-1.4886147765794517,-4.406323080341608,2025,-89.22804237691754,38.714285714285715,-2.3047833824296045,-2.3047833824296045,0,5.835416607524311,0
1629618,Jalen Pickett,-0.8285,-0.8285,-4.834642659333892,-1.4886147765794517,-3.3460278827544405,2695,-90.17545144023217,38.714285714285715,-2.329255203253229,-2.329255203253229,0,5.835416607524311,0
202331,Paul George,-0.5593,-0.5593,-3.2637485085883475,-1.4886147765794517,-1.7751337320088958,5404,-95.92822687776074,38.714285714285715,-2.4778508787613474,-2.4778508787613474,0,5.835416607524311,0
202695,Kawhi Leonard,-0.6045,-0.6045,-3.5275093392484465,-1.4886147765794517,-2.038894562668995,4736,-96.5620464880036,38.714285714285715,-2.494222603011163,-2.494222603011163,0,5.835416607524311,0
1642265,Rob Dillingham,-1.051,-1.051,-6.1330228545080505,-1.4886147765794517,-4.644408077928599,2124,-98.64722757520344,38.714285714285715,-2.548083369101196,-2.548083369101196,0,5.835416607524311,0
1629630,Ja Morant,-0.5144,-0.5144,-3.0017383029105056,-1.4886147765794517,-1.5131235263310538,6603,-99.9115464436395,38.714285714285715,-2.5807410520497287,-2.5807410520497287,0,5.835416607524311,0
203915,Spencer Dinwiddie,-0.4499,-0.4499,-2.6253539317251877,-1.4886147765794517,-1.136739155145736,8876,-100.89696741073553,38.714285714285715,-2.6061947301666004,-2.6061947301666004,0,5.835416607524311,0
1630556,Kessler Edwards,-0.9363,-0.9363,-5.463700569625013,-1.4886147765794517,-3.9750857930455616,2540,-100.96717914335726,38.714285714285715,-2.6080083173560915,-2.6080083173560915,0,5.835416607524311,0
203471,Dennis Schröder,-0.4594,-0.4594,-2.6807903894966683,-1.4886147765794517,-1.1921756129172165,8663,-103.27817334701848,38.714285714285715,-2.667701894572433,-2.667701894572433,0,5.835416607524311,0
1641816,Hunter Tyson,-1.3763,-1.3763,-8.03128387693571,-1.4886147765794517,-6.5426691003562585,1585,-103.70130524064669,38.714285714285715,-2.6786315006809107,-2.6786315006809107,0,5.835416607524311,0
1630288,Jeff Dowtin Jr.,-0.9825,-0.9825,-5.733296816892636,-1.4886147765794517,-4.244682040313185,2535,-107.60268972193924,38.714285714285715,-2.779405269570386,-2.779405269570386,0,5.835416607524311,0
1628392,Isaiah Hartenstein,-0.5432,-0.5432,-3.169798301207206,-1.4886147765794517,-1.6811835246277542,6484,-109.00793973686359,38.714285714285715,-2.8157032404355906,-2.8157032404355906,0,5.835416607524311,0
1627742,Brandon Ingram,-1.0283,-1.0283,-6.000558897517249,-1.4886147765794517,-4.511944120937797,2446,-110.36215319813853,38.714285714285715,-2.8506829239371574,-2.8506829239371574,0,5.835416607524311,0
1631114,Jalen Williams,-0.4601,-0.4601,-2.6848751811219356,-1.4886147765794517,-1.1962604045424838,9284,-111.0608159577242,38.714285714285715,-2.868729563483651,-2.868729563483651,0,5.835416607524311,0
1641713,GG Jackson,-1.2333,-1.2333,-7.196819302059733,-1.4886147765794517,-5.708204525480282,1946,-111.08166006584628,38.714285714285715,-2.869267972180531,-2.869267972180531,0,5.835416607524311,0
1631101,Shaedon Sharpe,-0.4601,-0.4601,-2.6848751811219356,-1.4886147765794517,-1.1962604045424838,9336,-111.6828713680863,38.714285714285715,-2.884797415411823,-2.884797415411823,0,5.835416607524311,0
1629216,Gabe Vincent,-0.5716,-0.5716,-3.3355241328608964,-1.4886147765794517,-1.8469093562814447,6205,-114.60072555726364,38.714285714285715,-2.9601663428075478,-2.9601663428075478,0,5.835416607524311,0
1641710,Anthony Black,-0.5164,-0.5164,-3.013409136125554,-1.4886147765794517,-1.5247943595461024,7568,-115.39643713044903,38.714285714285715,-2.980719778277281,-2.980719778277281,0,5.835416607524311,0
203486,Mason Plumlee,-0.6357,-0.6357,-3.709574337403205,-1.4886147765794517,-2.2209595608237533,5231,-116.17839462669053,38.714285714285715,-3.0009179423868404,-3.0009179423868404,0,5.835416607524311,0
1631124,Julian Strawther,-0.6282,-0.6282,-3.665808712846772,-1.4886147765794517,-2.1771939362673205,5768,-125.58054624389905,38.714285714285715,-3.243777947259385,-3.243777947259385,0,5.835416607524311,0
1641716,Jarace Walker,-0.7015,-0.7015,-4.093544750178304,-1.4886147765794517,-2.6049299735988525,4917,-128.08440680185558,38.714285714285715,-3.3084533122250517,-3.3084533122250517,0,5.835416607524311,0
1631323,Simone Fontecchio,-0.6939,-0.6939,-4.04919558396112,-1.4886147765794517,-2.560580807381668,5324,-136.325322185,38.714285714285715,-3.5213182852214024,-3.5213182852214024,0,5.835416607524311,0
202684,Tristan Thompson,-2.0406,-2.0406,-11.907751129314109,-1.4886147765794517,-10.419136352734657,1319,-137.42840849257013,38.714285714285715,-3.549811289475981,-3.549811289475981,0,5.835416607524311,0
1641794,Dillon Jones,-1.289,-1.289,-7.521852007098837,-1.4886147765794517,-6.0332372305193855,2322,-140.09176849266015,38.714285714285715,-3.618606566231074,-3.618606566231074,0,5.835416607524311,0
1628467,Maxi Kleber,-1.1549,-1.1549,-6.739322640029827,-1.4886147765794517,-5.250707863450375,2673,-140.35142119002853,38.714285714285715,-3.6253134624730614,-3.6253134624730614,0,5.835416607524311,0
1630175,Cole Anthony,-0.7593,-0.7593,-4.43083183009321,-1.4886147765794517,-2.942217053513758,4952,-145.6985884900013,38.714285714285715,-3.7634321750184836,-3.7634321750184836,0,5.835416607524311,0
1630172,Patrick Williams,-0.6412,-0.6412,-3.7416691287445882,-1.4886147765794517,-2.2530543521651367,6807,-153.36540975188086,38.714285714285715,-3.9614681485725685,-3.9614681485725685,0,5.835416607524311,0
203992,Bogdan Bogdanović,-0.7524,-0.7524,-4.390567455501292,-1.4886147765794517,-2.90195267892184,5461,-158.4756357959217,38.714285714285715,-4.09346660727473,-4.09346660727473,0,5.835416607524311,0
1629022,Lonnie Walker IV,-1.6359,-1.6359,-9.546158028249021,-1.4886147765794517,-8.05754325166957,1994,-160.66741243829122,38.714285714285715,-4.150080764088703,-4.150080764088703,0,5.835416607524311,0
203995,Vasilije Micić,-1.1747,-1.1747,-6.854863888858809,-1.4886147765794517,-5.366249112279357,3118,-167.31964732087036,38.714285714285715,-4.321909709395175,-4.321909709395175,0,5.835416607524311,0
203994,Jusuf Nurkić,-0.9561,-0.9561,-5.579241818453994,-1.4886147765794517,-4.0906270418745425,4353,-178.06499513279883,38.714285714285715,-4.599464818928383,-4.599464818928383,0,5.835416607524311,0
1626156,D'Angelo Russell,-0.7554,-0.7554,-4.408073705323864,-1.4886147765794517,-2.9194589287444126,6146,-179.4299457606316,38.714285714285715,-4.634721846215577,-4.634721846215577,0,5.835416607524311,0
101108,Chris Paul,-0.5874,-0.5874,-3.4277237152597806,-1.4886147765794517,-1.9391089386803289,9301,-180.3565223866574,38.714285714285715,-4.658655559802958,-4.658655559802958,0,5.835416607524311,0
1628370,Malik Monk,-0.6254,-0.6254,-3.649469546345704,-1.4886147765794517,-2.160854769766252,8545,-184.64504007652624,38.714285714285715,-4.769429079467467,-4.769429079467467,0,5.835416607524311,0
1631246,Vince Williams Jr.,-1.7474,-1.7474,-10.196806979987981,-1.4886147765794517,-8.70819220340853,2150,-187.2261323732834,38.714285714285715,-4.8360993601955125,-4.8360993601955125,0,5.835416607524311,0
1641748,Andre Jackson Jr.,-1.0756,-1.0756,-6.276574103053148,-1.4886147765794517,-4.787959326473697,3953,-189.26803217550525,38.714285714285715,-4.888842159514896,-4.888842159514896,0,5.835416607524311,0
1630702,Jaden Hardy,-1.1204,-1.1204,-6.538000767070239,-1.4886147765794517,-5.049385990490787,3760,-189.8569132424536,38.714285714285715,-4.904053109583672,-4.904053109583672,0,5.835416607524311,0
1630553,Keon Johnson,-0.6728,-0.6728,-3.9260682935423565,-1.4886147765794517,-2.437453516962905,7816,-190.51136688582065,38.714285714285715,-4.92095781623891,-4.92095781623891,0,5.835416607524311,0
1630595,Cade Cunningham,-0.5886,-0.5886,-3.43472621518881,-1.4886147765794517,-1.946111438609358,10295,-200.35217260483344,38.714285714285715,-5.175148369866546,-5.175148369866546,0,5.835416607524311,0
2544,LeBron James,-0.5981,-0.5981,-3.4901626729602904,-1.4886147765794517,-2.0015478963808384,10062,-201.39574933383994,38.714285714285715,-5.202104226335349,-5.202104226335349,0,5.835416607524311,0
1642263,Reed Sheppard,-1.5128,-1.5128,-8.827818243862778,-1.4886147765794517,-7.339203467283326,2822,-207.11232184673545,38.714285714285715,-5.3497647709488865,-5.3497647709488865,0,5.835416607524311,0
1626145,Tyus Jones,-0.6649,-0.6649,-3.8799685023429147,-1.4886147765794517,-2.391353725763463,8820,-210.91739861233745,38.714285714285715,-5.448050886665543,-5.448050886665543,0,5.835416607524311,0
1629028,Deandre Ayton,-0.9878,-0.9878,-5.764224524912515,-1.4886147765794517,-4.275609748333063,4954,-211.81370693241996,38.714285714285715,-5.4712027620920285,-5.4712027620920285,0,5.835416607524311,0
1627732,Ben Simmons,-1.1009,-1.1009,-6.424210143223514,-1.4886147765794517,-4.935595366644063,4480,-221.11467242565402,38.714285714285715,-5.711449103245676,-5.711449103245676,0,5.835416607524311,0
1642274,Yves Missi,-0.7318,-0.7318,-4.270357873386291,-1.4886147765794517,-2.7817430968068395,8030,-223.3739706735892,38.714285714285715,-5.769807360572415,-5.769807360572415,0,5.835416607524311,0
203110,Draymond Green,-0.713,-0.713,-4.160652041164834,-1.4886147765794517,-2.6720372645853825,8372,-223.7029597910882,38.714285714285715,-5.778305234456153,-5.778305234456153,0,5.835416607524311,0
1626171,Bobby Portis,-1.0106,-1.0106,-5.897272023564069,-1.4886147765794517,-4.4086572469846175,5132,-226.25228991525057,38.714285714285715,-5.844155090061823,-5.844155090061823,0,5.835416607524311,0
1642273,Kyshawn George,-0.7791,-0.7791,-4.546373078922191,-1.4886147765794517,-3.057758302342739,7444,-227.61952802639348,38.714285714285715,-5.87947120363378,-5.87947120363378,0,5.835416607524311,0
1641722,Jordan Hawkins,-0.9744,-0.9744,-5.686029942371689,-1.4886147765794517,-4.197415165792237,5481,-230.0603252370725,38.714285714285715,-5.942517626049844,-5.942517626049844,0,5.835416607524311,0
1630567,Scottie Barnes,-0.7043,-0.7043,-4.109883916679372,-1.4886147765794517,-2.621269140099921,8958,-234.8132895701509,38.714285714285715,-6.065287922476223,-6.065287922476223,0,5.835416607524311,0
1642354,KJ Simpson,-1.4729,-1.4729,-8.594985121222559,-1.4886147765794517,-7.106370344643107,3382,-240.33744505582987,38.714285714285715,-6.207978285574941,-6.207978285574941,0,5.835416607524311,0
1630703,Scoot Henderson,-0.837,-0.837,-4.884243700497849,-1.4886147765794517,-3.395628923918397,7279,-247.16782937202012,38.714285714285715,-6.384408876768047,-6.384408876768047,0,5.835416607524311,0
1641733,Nick Smith Jr.,-1.0141,-1.0141,-5.917695981690404,-1.4886147765794517,-4.429081205110952,5645,-250.02163402851326,38.714285714285715,-6.458123388190379,-6.458123388190379,0,5.835416607524311,0
1627749,Dejounte Murray,-1.2793,-1.2793,-7.465248466005852,-1.4886147765794517,-5.9766336894264,4195,-250.71978327143748,38.714285714285715,-6.476156763468865,-6.476156763468865,0,5.835416607524311,0
1628398,Kyle Kuzma,-0.7811,-0.7811,-4.55804391213724,-1.4886147765794517,-3.0694291355577885,8258,-253.4734580143622,38.714285714285715,-6.547284893359909,-6.547284893359909,0,5.835416607524311,0
1631094,Paolo Banchero,-0.9689,-0.9689,-5.653935151030305,-1.4886147765794517,-4.165320374450854,6238,-259.8326849582443,38.714285714285715,-6.711545367925129,-6.711545367925129,0,5.835416607524311,0
1641731,Bilal Coulibaly,-0.8396,-0.8396,-4.899415783677412,-1.4886147765794517,-3.4108010070979606,8214,-280.1631947230265,38.714285714285715,-7.2366876865726395,-7.2366876865726395,0,5.835416607524311,0
1642264,Stephon Castle,-0.8116,-0.8116,-4.736024118666731,-1.4886147765794517,-3.2474093420872796,8820,-286.4215039720981,38.714285714285715,-7.398341431013604,-7.398341431013604,0,5.835416607524311,0
1642262,Cody Williams,-1.3881,-1.3881,-8.100141792904497,-1.4886147765794517,-6.611527016325045,4486,-296.59310195234156,38.714285714285715,-7.661076434193324,-7.661076434193324,0,5.835416607524311,0
1630590,Scotty Pippen Jr.,-0.973,-0.973,-5.677860359121155,-1.4886147765794517,-4.189245582541703,7220,-302.46353105951096,38.714285714285715,-7.812711134378511,-7.812711134378511,0,5.835416607524311,0
1626179,Terry Rozier,-1.0579,-1.0579,-6.173287229099969,-1.4886147765794517,-4.684672452520518,6584,-308.4388342739509,38.714285714285715,-7.967054759843749,-7.967054759843749,0,5.835416607524311,0
1630581,Josh Giddey,-0.851,-0.851,-4.965939533003189,-1.4886147765794517,-3.4773247564237373,8977,-312.1594433841589,38.714285714285715,-8.063159054203366,-8.063159054203366,0,5.835416607524311,0
1628389,Bam Adebayo,-0.8048,-0.8048,-4.696343285735566,-1.4886147765794517,-3.207728509156114,10589,-339.66637183454094,38.714285714285715,-8.773670121187404,-8.773670121187404,0,5.835416607524311,0
1630558,Davion Mitchell,-0.9665,-0.9665,-5.639930151172247,-1.4886147765794517,-4.151315374592795,8229,-341.61174217524115,38.714285714285715,-8.823919539581874,-8.823919539581874,0,5.835416607524311,0
1642267,Carlton Carrington,-0.8633,-0.8633,-5.037715157275738,-1.4886147765794517,-3.549100380696286,10321,-366.30265029166367,38.714285714285715,-9.461692073954412,-9.461692073954412,0,5.835416607524311,0
1642259,Alexandre Sarr,-1.1014,-1.1014,-6.427127851527276,-1.4886147765794517,-4.938513074947824,7695,-380.0185811172351,38.714285714285715,-9.815978110039282,-9.815978110039282,0,5.835416607524311,0
1629614,Andrew Nembhard,-1.169,-1.169,-6.82160201419592,-1.4886147765794517,-5.332987237616469,7546,-402.4272169505387,38.714285714285715,-10.394798961822033,-10.394798961822033,0,5.835416607524311,0
1641718,Keyonte George,-1.0559,-1.0559,-6.161616395884921,-1.4886147765794517,-4.673001619305469,8764,-409.5418619159313,38.714285714285715,-10.578572079009295,-10.578572079009295,0,5.835416607524311,0
1629645,Kevin Porter Jr.,-1.5587,-1.5587,-9.095663866148143,-1.4886147765794517,-7.607049089568692,6073,-461.97609120950665,38.714285714285715,-11.932961765559211,-11.932961765559211,0,5.835416607524311,0
201935,James Harden,-0.9829,-0.9829,-5.735630983535645,-1.4886147765794517,-4.247016206956194,11469,-487.0902887758059,38.714285714285715,-12.581667975758824,-12.581667975758824,0,5.835416607524311,0
1642347,Jamal Shead,-1.7622,-1.7622,-10.283171145779342,-1.4886147765794517,-8.79455636919989,6099,-536.3799929575013,38.714285714285715,-13.854833766429921,-13.854833766429921,0,5.835416607524311,0
1629027,Trae Young,-1.2486,-1.2486,-7.286101176154855,-1.4886147765794517,-5.797486399575403,11689,-677.6681852463688,38.714285714285715,-17.50434426835639,-17.50434426835639,0,5.835416607524311,0
201566,Russell Westbrook,-1.5653,-1.5653,-9.134177615757803,-1.4886147765794517,-7.645562839178352,9022,-689.782679350671,38.714285714285715,-17.817264780275632,-17.817264780275632,0,5.835416607524311,0
1642268,Isaiah Collier,-2.369,-2.369,-13.824101943225095,-1.4886147765794517,-12.335487166645644,7772,-958.7140625916995,38.714285714285715,-24.763831875062348,-24.763831875062348,0,5.835416607524311,0
