playerId,player,WAR_current,WAR_posterior_direct,WAR_raw_direct,WAR_half_exposure,WAR_ppw30,WAR_no_calibration,ratio_current_over_posterior_direct,ratio_current_over_raw_direct,ratio_current_over_half_exposure,ratio_current_over_no_calibration,abilityTransformFactor,DIAGNOSTIC_COUNTERFACTUAL
203999,Nikola Jokić,28.914181240578213,8.375970719296495,7.416612464944649,14.457090620289106,37.3130624580795,4.247454188191882,3.4520394363325497,3.8985697819919736,2,6.8074145027769735,5.835416607524311,true
1628983,Shai Gilgeous-Alexander,25.440480170203234,7.826254368424024,7.768882066420664,12.720240085101617,32.830333933928934,3.6427524723247235,3.2506584852194362,3.274664224877899,2,6.983861891106668,5.835416607524311,true
1630532,Franz Wagner,19.412414798364516,5.935515473595124,2.80573452398524,9.706207399182258,25.05125909693707,2.787122686346864,3.270552470922374,6.918835204262767,2,6.965037776578377,5.835416607524311,true
1641705,Victor Wembanyama,17.769548987801056,4.9644880848266535,1.0526439852398524,8.884774493900528,22.931179884257553,2.648181520295203,3.579331581459827,16.880872580820512,2,6.7100947769699015,5.835416607524311,true
1626181,Norman Powell,17.317831326173835,5.534832984660683,4.409735833948338,8.658915663086917,22.348248997110044,2.4368114059040593,3.1288805595704017,3.9271811233798997,2,7.106758973720784,5.835416607524311,true
1630202,Payton Pritchard,16.911760834133176,5.7736699634836475,3.861601014760147,8.455880417066588,21.824224695476623,2.3034397601476013,2.929118037763482,4.379468715046317,2,7.341959241447449,5.835416607524311,true
1629675,Naz Reid,16.68522854025751,5.741540741054024,2.281694944649446,8.342614270128754,21.53189016385612,2.263235763837638,2.906054192205289,7.312646495266257,2,7.372289182972848,5.835416607524311,true
202710,Jimmy Butler,16.569910501496995,5.0603237619672115,3.3958560147601475,8.284955250748498,21.383074980503263,2.380267859778598,3.2744763538717545,4.879450256275764,2,6.961363795013497,5.835416607524311,true
1628991,Jaren Jackson Jr.,16.501235206075247,5.922529862524484,3.4984003837638378,8.250617603037623,21.29445114688758,2.1877546863468633,2.7861801610303036,4.716794361976944,2,7.542543644886068,5.835416607524311,true
203897,Zach LaVine,14.986467405767932,6.037963889987143,2.0157349815498153,7.493233702883966,19.339679366490998,1.8506168634686349,2.4820399192218163,7.434740947069072,2,8.098092966514207,5.835416607524311,true
1627826,Ivica Zubac,14.935679277215945,5.981148833941222,3.587777055350554,7.467839638607972,19.274138495835814,1.8518632767527674,2.4971255007834707,4.162934052700388,2,8.065217051771544,5.835416607524311,true
201942,DeMar DeRozan,14.931805809496899,6.209891486116884,2.3178893099630997,7.465902904748449,19.269139877969806,1.8037565387453875,2.404519602778748,6.441983983150002,2,8.27817140991921,5.835416607524311,true
1631165,Keon Ellis,14.175524124795631,4.985510980349764,3.1620093653136534,7.0877620623978155,18.2931763705696,1.9005628450184504,2.8433442791858283,4.4830746803906125,2,7.458592680558278,5.835416607524311,true
1631128,Christian Braun,13.732648605099087,5.87280498725743,4.035295372693726,6.866324302549543,17.721656057056443,1.625473926199262,2.338345753842605,3.403133435541294,2,8.448396731413114,5.835416607524311,true
1631106,Tari Eason,13.130716725806106,4.109643027779475,2.6895992029520297,6.565358362903053,16.94487729854026,1.8656249151291513,3.19509909669719,4.882034732682176,2,7.038240441218115,5.835416607524311,true
1628386,Jarrett Allen,12.979831607493702,5.300596224174252,3.4949674907749078,6.489915803746851,16.750163645860923,1.5881228044280442,2.448749359231895,3.7138633311338185,2,8.173065440092547,5.835416607524311,true
1627736,Malik Beasley,12.736932714199042,5.3035780869435465,3.100352435424354,6.368466357099521,16.436708407371146,1.5372728413284134,2.4015735236471913,4.108220913425187,2,8.2854080107163,5.835416607524311,true
1629631,De'Andre Hunter,12.390929007642773,4.4588859109332715,2.905925756457564,6.195464503821387,15.99019886224377,1.6404053136531362,2.77892936826663,4.264021191906773,2,7.553577706992746,5.835416607524311,true
1630700,Dyson Daniels,12.3849570724327,5.5857775036874715,2.7308167527675278,6.19247853621635,15.982492222044103,1.40612073800738,2.217230647704232,4.535257468257893,2,8.807890202930567,5.835416607524311,true
1627783,Pascal Siakam,12.378621575694941,5.41391145786732,3.3131337859778602,6.189310787847471,15.974316414349186,1.4403536826568264,2.2864469934591805,3.736227504028013,2,8.594154147515884,5.835416607524311,true
1630596,Evan Mobley,12.023224355703741,4.944218442794994,2.4503495092250924,6.0116121778518705,15.515684763789114,1.4639909003690035,2.43177450487138,4.906738532784251,2,8.21263598883931,5.835416607524311,true
203497,Rudy Gobert,11.751597318857993,5.067813540022077,3.376289723247232,5.875798659428996,15.165156540050077,1.3822560332103322,2.3188693163337653,3.4806246744593934,2,8.501751510944427,5.835416607524311,true
1626157,Karl-Anthony Towns,11.024244550491758,5.099930074728338,2.1739547158671586,5.512122275245879,14.226525110396507,1.225192151291513,2.1616462165079775,5.071055284651755,2,8.997971900873477,5.835416607524311,true
1630552,Jalen Johnson,10.808485856845154,3.571495606677455,0.46065114391143913,5.404242928422577,13.948093653357319,1.4966632324723248,3.0263192362989453,23.463495097546314,2,7.221722042968017,5.835416607524311,true
1628369,Jayson Tatum,10.49226585825886,5.171262512085851,1.4146341586715867,5.24613292912943,13.540019274229289,1.1004229372693726,2.028956339721141,7.4169464903290825,2,9.534757503596508,5.835416607524311,true
1628378,Donovan Mitchell,10.171734068187975,4.7088187742734595,2.4102911439114387,5.0858670340939875,13.126380630852102,1.1297713800738007,2.160145581257246,4.22012672364601,2,9.003356119291604,5.835416607524312,true
202696,Nikola Vučević,10.10772990532959,4.845371633716042,2.1634652546125457,5.053864952664795,13.043784782591995,1.0882947011070112,2.0860587524382947,4.67200935341103,2,9.28767722111302,5.835416607524311,true
1629636,Darius Garland,10.016272023761136,4.801978792426858,1.7517319704797047,5.008136011880568,12.925760563996514,1.0783544944649446,2.0858634443695743,5.7179249979768425,2,9.288478023853358,5.835416607524312,true
1627734,Domantas Sabonis,9.723405577767181,4.8903907627104175,1.550223332103321,4.861702788883591,12.547823388451935,0.9995032915129152,1.9882676149130762,6.272261148704685,2,9.728237675985222,5.83541660752431,true
1630529,Herbert Jones,9.682670859983533,2.515107307352282,0.3163037564575646,4.841335429991767,12.49525620502637,1.4823052767527674,3.8498042734314706,30.611937614729413,2,6.532170539927518,5.835416607524311,true
1630551,Justin Champagnie,9.516285841582219,3.376500152256521,1.5724729999999998,4.7581429207911095,12.280540300327532,1.2697531955719557,2.8183875055425274,6.051796019125429,2,7.4945949140105474,5.835416607524311,true
1630183,Jaden McDaniels,9.504529931868959,4.985109940790244,2.065752383763838,4.752264965934479,12.26536957874518,0.9346495571955721,1.9065838155541845,4.601001555932631,2,10.169084079371334,5.835416607524311,true
1629660,Ty Jerome,9.48951056003471,3.472595679407582,2.6971982841328415,4.744755280017355,12.245987436997174,1.2443426014760146,2.7326851255121074,3.518284367841951,2,7.626123664639015,5.835416607524311,true
1630168,Onyeka Okongwu,9.479889443819182,4.46695321967,1.7220163505535053,4.739944721909591,12.23357161559523,1.0367123726937268,2.122227159683467,5.505110007098408,2,9.144184726171684,5.835416607524311,true
1628384,OG Anunoby,9.215977236853728,5.061197725063533,3.038387247232472,4.607988618426864,11.892999196130289,0.8592392029520295,1.8209083575643237,3.033180594490758,2,10.725741103514626,5.835416607524311,true
1629008,Michael Porter Jr.,9.11815024568654,5.0074734446730345,1.2031242509225093,4.55907512284327,11.766755793243107,0.8501184354243542,1.8209083575643232,7.578727000719247,2,10.725741103514626,5.835416607524311,true
1628970,Miles Bridges,9.105536379001652,4.219276168778181,1.4741704243542433,4.552768189500826,11.750477898616419,1.0105148339483396,2.1580802049367716,6.1767189387145045,2,9.01078942446,5.835416607524311,true
203507,Giannis Antetokounmpo,9.099505658967447,4.533676552604585,3.6332784501845015,4.549752829483723,11.742695398000848,0.9442473062730627,2.0070919381621533,2.5044889302402256,2,9.636782226981541,5.83541660752431,true
1629661,Cameron Johnson,8.912220223903729,3.826107427717535,1.9367083394833948,4.4561101119518645,11.501008003228145,1.0518458302583025,2.3293178229499727,4.6017358639974715,2,8.472933929599881,5.835416607524311,true
1630583,Santi Aldama,8.895577335811335,3.7926678546599186,0.8228880996309963,4.447788667905668,11.479530752404152,1.0553195092250922,2.345467010743282,10.810190765670734,2,8.429274033172423,5.835416607524311,true
1630530,Trey Murphy III,8.760943809685083,3.995179058819616,1.6458939077490775,4.380471904842541,11.305789392498367,0.985595479704797,2.1928788874543015,5.322909191435394,2,8.888985379994983,5.835416607524311,true
1630541,Moses Moody,8.523504217788043,3.635869607304628,1.1437618228782287,4.261752108894021,10.999379252478857,1.0107990701107012,2.344282149355393,7.45216709221768,2,8.432441688786438,5.835416607524311,true
1629048,Goga Bitadze,8.331970448703728,3.2261194462398888,1.50786436900369,4.165985224351864,10.752209483803382,1.0559278376383765,2.5826602478760723,5.525676327380171,2,7.890662743903507,5.835416607524311,true
203084,Harrison Barnes,8.297051660250744,4.309816086509707,2.6938475571955722,4.148525830125372,10.707147618704532,0.8245898745387453,1.9251521396055882,3.080000439552854,2,10.062034371804414,5.835416607524311,true
1628436,Luke Kornet,8.266860980421429,3.1040820294226354,1.888072856088561,4.133430490210714,10.668187265210511,1.067700959409594,2.6632224606380905,4.378465033148948,2,7.742674489112335,5.835416607524312,true
1631105,Jalen Duren,8.146521813298515,4.06257924562192,1.5093229003690036,4.073260906649257,10.512892435256655,0.8445895977859778,2.0052585613136524,5.397467838927528,2,9.645538892089071,5.835416607524311,true
203076,Anthony Davis,8.092697222484867,3.6076060128897214,1.0967847970479703,4.046348611242434,10.443433082349518,0.9275501107011069,2.243231991955394,7.378564367655906,2,8.724808642810514,5.835416607524311,true
1630162,Anthony Edwards,8.076153062750945,5.08316792961668,2.4446975645756455,4.038076531375473,10.422083238121457,0.6189715129151291,1.5888031193492294,3.3035387197895854,2,13.047697501804603,5.835416607524311,true
1642377,Jaylen Wells,8.04435921525645,4.135878624930998,0.5874501254612545,4.022179607628225,10.381054034926182,0.8083027601476014,1.9450182040558939,13.693688819863938,2,9.952161011781646,5.835416607524311,true
1631109,Mark Williams,7.934208061076099,2.8976433684812952,1.6188796162361623,3.9671040305380494,10.238906593102966,1.0415989151291514,2.738158928520784,4.901048837419332,2,7.617335181356549,5.835416607524311,true
1627884,Derrick Jones Jr.,7.859624287908271,3.8107720173808968,1.7619540627306274,3.9298121439541354,10.142658009634006,0.8373326642066421,2.062475596036865,4.460743020580028,2,9.386501475318804,5.835416607524311,true
201142,Kevin Durant,7.785232997356881,4.280733157809867,1.7354503321033212,3.8926164986784406,10.046657820398643,0.7247565461254614,1.8186681370580937,4.48600161775957,2,10.741859509895606,5.835416607524311,true
1641709,Ausar Thompson,7.735870325424827,3.0828653487029425,1.3883554612546125,3.8679351627124134,9.98295646757204,0.962275922509225,2.5093117766818938,5.571966647816668,2,8.039139444799593,5.835416607524311,true
1628401,Derrick White,7.728336221196142,4.654282830635533,1.3465207232472325,3.864168110598071,9.973233885448355,0.6357370295202951,1.660478424372172,5.7394855406002945,2,12.156498461364873,5.835416607524311,true
203552,Seth Curry,7.633675772555285,2.6842829535175854,1.464348184501845,3.8168378862776424,9.851076830297535,1.0235711254612545,2.843841690590714,5.21301959011352,2,7.457885028864313,5.835416607524311,true
1628449,Chris Boucher,7.589672920010791,2.402729054808792,1.82187189298893,3.7948364600053957,9.794292196775832,1.072698442804428,3.1587718577011064,4.165865310957353,2,7.075308975156706,5.835416607524311,true
1630178,Tyrese Maxey,7.3325259419204984,3.7341452220949343,1.167576442804428,3.6662629709602492,9.462450144097405,0.7441718081180811,1.9636424150121288,6.280124943518336,2,9.853270255512035,5.83541660752431,true
1629655,Daniel Gafford,7.278137770446818,2.886535504742028,2.0726566051660518,3.639068885223409,9.392263503767085,0.9082159040590406,2.5214094053200538,3.511501978816084,2,8.013664744163835,5.835416607524311,true
1629060,Rui Hachimura,7.268752547179392,3.6289050074428078,2.0254239114391144,3.634376273589696,9.380152096598168,0.7527474538745387,2.003015381298583,3.5887561641428243,2,9.656296424206682,5.835416607524311,true
1627827,Dorian Finney-Smith,7.2629768628437095,3.5575002118941583,0.5456303690036899,3.6314884314218547,9.372698713479263,0.7663200405904058,2.0415956233988823,13.311166818125903,2,9.477733163872369,5.835416607524311,true
1630534,Ochai Agbaji,7.2526017935761695,3.586309788641811,1.963649298892989,3.6263008967880848,9.359309933614961,0.7582163653136531,2.0223020935184848,3.6934302869992304,2,9.565345889858193,5.835416607524311,true
201939,Stephen Curry,7.247882125850325,4.247912081762134,2.834516664206642,3.6239410629251627,9.3532193147878,0.6204160442804428,1.7062222537439458,2.557008119717281,2,11.682293184819878,5.835416607524311,true
1630198,Isaiah Joe,7.243210390365693,3.3645339519512274,2.2031282361623616,3.6216051951828465,9.34719055137668,0.8021390405904059,2.1528123935753616,3.2876935039345105,2,9.029868917780645,5.835416607524311,true
202681,Kyrie Irving,7.0243957902463725,3.578746111157293,2.0763378302583027,3.5121978951231863,9.064815519794129,0.7125858966789668,1.9628091996654178,3.383069791380007,2,9.857612707441772,5.835416607524311,true
1630174,Aaron Nesmith,6.9970726039919295,2.6213898501311697,2.280412162361624,3.4985363019959648,9.029555598484823,0.90492363099631,2.669222436960992,3.068336820632316,2,7.7322244268151525,5.835416607524311,true
1642419,Jamison Battle,6.852646430547949,2.555856549768986,1.059856,3.4263232152739747,8.843177060373783,0.8886080000000001,2.6811545550814793,6.465639134512566,2,7.711664120228434,5.835416607524312,true
1629012,Collin Sexton,6.746983271594251,3.4744922878503552,1.0037926642066421,3.3734916357971256,8.706821269533533,0.6767753948339482,1.941861634054328,6.721490913591004,2,9.969309350038756,5.835416607524311,true
1629599,Amir Coffey,6.71934536043525,3.4251492442692535,0.8180331217712177,3.359672680217625,8.671155203228347,0.6812641771217712,1.9617671760369686,8.214026035873,2,9.863053990044472,5.835416607524311,true
1628381,John Collins,6.638672986791001,2.7667562645223303,1.7549476309963101,3.3193364933955003,8.567049425811243,0.8007410811808118,2.399442651279997,3.782832529892716,2,8.290661167279303,5.835416607524311,true
1631117,Walker Kessler,6.6093921151627955,3.4403991914153056,1.0280516420664207,3.3046960575813977,8.529263158138654,0.6553712287822878,1.9211119836485704,6.42904679562369,2,10.084959218370592,5.835416607524311,true
1630215,Jared Butler,6.468512927568475,2.5011803032841873,0.8070382140221403,3.2342564637842375,8.347461920814556,0.8204737970479705,2.5861841783556994,8.015125944694136,2,7.88387508637315,5.83541660752431,true
1629637,Jaxson Hayes,6.313811166867015,2.5240555775494538,1.1688436752767528,3.1569055834335074,8.147822982004577,0.783749549815498,2.5014548899105247,5.401758421948139,2,8.05590404275619,5.835416607524311,true
1627936,Alex Caruso,6.311583071302267,2.4414697809995456,1.6516687527675276,3.1557915356511335,8.144947677728164,0.8003681180811808,2.5851571542770784,3.821337093607063,2,7.88585018408003,5.835416607524312,true
1630573,Sam Hauser,6.194767376099363,2.984453016110662,1.7484129889298892,3.0973836880496814,7.994199804394893,0.6639168081180812,2.07567930962853,3.5430801620221613,2,9.330637966010931,5.835416607524311,true
1641717,Cason Wallace,6.128887675890675,3.5039843933973613,1.5189441033210331,3.0644438379453374,7.909183619839871,0.5428494575645756,1.7491195701212252,4.034965909864899,2,11.290216081981812,5.835416607524311,true
1629006,Josh Okogie,5.941002937081493,1.8222910654098061,1.356719852398524,2.9705014685407467,7.6667228378527845,0.8517801476014759,3.2601833207942827,4.378945975160963,2,6.974807940535757,5.835416607524311,true
1631108,Max Christie,5.9361277156671886,3.801997860927338,-0.4837960885608856,2.9680638578335943,7.660431480694324,0.44135387453874536,1.5613180051130588,-12.269896049232173,2,13.449814441690306,5.835416607524311,true
1629018,Gary Trent Jr.,5.8102413713711,3.457981555492326,1.632860811808118,2.90512068568555,7.497978150674133,0.48646476752767526,1.680240706357346,3.558320053585729,2,11.943807155655012,5.835416607524311,true
1628973,Jalen Brunson,5.794758654538473,3.968306608335515,1.2822348929889298,2.8973793272692365,7.477998073237744,0.37772382287822875,1.4602598101584328,4.519264517151541,2,15.341258092705996,5.835416607524311,true
1629634,Brandon Clarke,5.719716359742453,2.6650355929839478,1.6732324723247234,2.8598581798712264,7.381157778524784,0.6317306273062732,2.1462063676749192,3.4183632306607725,2,9.054043151479883,5.835416607524311,true
1628404,Josh Hart,5.709192067459818,4.704312132149106,0.17670453874538747,2.854596033729909,7.367576429912432,0.20781661992619926,1.2136082613318528,32.30925537054914,2,27.472259290365184,5.835416607524311,true
1626220,Royce O'Neale,5.6941175283290795,3.343770182168612,0.37434243542435425,2.8470587641645397,7.348123096081812,0.4860692546125461,1.7029033749670388,15.2109859569467,2,11.714621886274118,5.835416607524311,true
204001,Kristaps Porziņģis,5.658560849169154,2.573944660536634,1.6934507195571957,2.829280424584577,7.302238048213527,0.6379214944649446,2.198400352550477,3.341438155725463,2,8.870309118389654,5.835416607524311,true
203932,Aaron Gordon,5.604328080653618,2.862560683145951,1.4498508487084871,2.802164040326809,7.232251951700621,0.5670178228782289,1.957802366828593,3.865451460504298,2,9.883865823133371,5.835416607524312,true
1629627,Zion Williamson,5.571346026060155,2.116754252077373,1.9665808265682656,2.7856730130300775,7.189689395534772,0.7144351881918819,2.632023070506395,2.833011463750665,2,7.79825254710692,5.835416607524311,true
1629026,Kenrich Williams,5.5289098644438175,2.423322830841777,0.7134476457564577,2.7644549322219087,7.134926539353688,0.6422584206642067,2.2815407811444044,7.749566344958078,2,8.608543985652949,5.835416607524311,true
1629130,Duncan Robinson,5.486312270656604,3.2230875874296094,1.0480729335793357,2.743156135328302,7.079955358799713,0.46805164206642075,1.7021914924229224,5.234666495889723,2,11.721596032512256,5.835416607524311,true
1628415,Dillon Brooks,5.486106071581203,3.9727652363240793,1.988945904059041,2.7430530357906013,7.079689263802409,0.3129701033210332,1.3809288355174463,2.7582982827160643,2,17.529169762115448,5.835416607524311,true
1630167,Obi Toppin,5.438074649820157,2.9650231116411203,1.2536428118081182,2.7190373249100785,7.01770585762506,0.5114453911439115,1.8340749616653813,4.33781823546443,2,10.632757170139364,5.835416607524311,true
1629029,Luka Dončić,5.428519854944671,3.277863723869439,1.55394110701107,2.7142599274723356,7.005375622333362,0.44477163099630995,1.6561151750800776,3.493388411216024,2,12.205184586041435,5.835416607524311,true
1631217,Moussa Diabaté,5.4222677120729195,2.4875704393265936,1.0573042546125462,2.7111338560364597,6.997307380817911,0.6069171512915129,2.179744390892816,5.128389192058944,2,8.934115143285034,5.835416607524311,true
1630182,Josh Green,5.395456556709658,3.405062315486983,-0.029157841328413283,2.697728278354829,6.962708223182464,0.4116282841328413,1.5845397401891643,-185.04307283721917,2,13.107594314312056,5.835416607524311,true
1631133,Jabari Walker,5.345373393856247,1.9164895494175775,1.463900442804428,2.6726866969281233,6.8980770939763945,0.7091185977859777,2.7891482087552784,3.651459646815866,2,7.538052746812259,5.835416607524311,true
1629639,Tyler Herro,5.320394064050989,4.385019138614325,1.9423088044280443,2.6601970320254944,6.865841863608657,0.19344246863468634,1.2133114807184728,2.7392112170431604,2,27.50375396675942,5.835416607524311,true
1630572,Sandro Mamukelashvili,5.240537442889246,1.7519588637871037,1.3305062730627306,2.620268721444623,6.762788795347551,0.7214639114391144,2.9912445726956696,3.938754404235842,2,7.263755483536066,5.835416607524311,true
1629640,Keldon Johnson,5.1991378536716875,3.282206080723302,1.232149298892989,2.5995689268358437,6.709363611166797,0.39643570110701104,1.5840376033079402,4.219568081841053,2,13.114706468548526,5.83541660752431,true
1629656,Quentin Grimes,5.122678241692922,3.5106173982336557,0.49239552398523984,2.561339120846461,6.610694302375152,0.33338613284132845,1.4591958224414783,10.403584094819028,2,15.365600836586102,5.835416607524311,true
1630598,Aaron Wiggins,5.000218148261554,3.1576296388103886,0.6774417121771219,2.500109074130777,6.452662467518482,0.381060963099631,1.5835353477823784,7.381030808085541,2,13.12183254770763,5.83541660752431,true
1628379,Luke Kennard,4.933244145942185,2.8632178730827924,0.47619018819188197,2.4666220729710924,6.366234112144438,0.42809677859778594,1.7229719723112162,10.359818972066519,2,11.523665658267344,5.835416607524311,true
1630577,Julian Champagnie,4.906980895285855,3.3634113728138977,0.570958848708487,2.4534904476429276,6.3323420124879375,0.31922161992619924,1.458929744648088,8.594281192743543,2,15.371706015464424,5.835416607524311,true
202699,Tobias Harris,4.875613313131443,3.8385150326505286,1.3728155904059038,2.4378066565657215,6.291862894564862,0.21447961254612544,1.2701821594182447,3.5515427907471957,2,22.73229261864181,5.835416607524311,true
203952,Andrew Wiggins,4.840138631264659,3.260831454632641,0.9469198081180811,2.4200693156323294,6.246083662251061,0.32661243173431737,1.4843265279437572,5.111455679530038,2,14.819211276078633,5.835416607524311,true
1641708,Amen Thompson,4.829899822204839,3.720757313630626,1.736290332103321,2.4149499111024193,6.23287072294053,0.2293788929889299,1.2980959022806942,2.781735135479305,2,21.056426592999273,5.835416607524311,true
203081,Damian Lillard,4.778914990587503,3.5323184672123356,1.6931127822878231,2.3894574952937515,6.16707601166292,0.25780540221402215,1.3529117023128912,2.8225615213476694,2,18.536907875267076,5.835416607524311,true
1627751,Jakob Pöltl,4.681222450864215,3.0516663564042994,1.907867306273063,2.3406112254321076,6.041006115162869,0.3370042804428044,1.5339889437913456,2.4536415270980156,2,13.890691372564634,5.835416607524311,true
1628418,Thomas Bryant,4.624544082934658,2.0335210658095484,0.07595968634686347,2.312272041467329,5.967864030834725,0.5358427675276752,2.2741559754108662,60.88155843373377,2,8.630412432870635,5.835416607524311,true
1627777,Georges Niang,4.542595023494614,3.0620024843621594,-0.5351977084870849,2.271297511747307,5.86211072079543,0.3061975129151291,1.4835373409048276,-8.487695203957012,2,14.835505945973233,5.835416607524311,true
1630231,KJ Martin,4.502519600123106,1.9950859481348953,0.1833989667896679,2.251259800061553,5.810394341111247,0.5185558671586716,2.2568048280487782,24.550408756047382,2,8.682805239084088,5.835416607524311,true
1626172,Kevon Looney,4.4910158622323175,2.234628582988422,0.7825592398523986,2.2455079311161588,5.7955490412617054,0.46663761623616234,2.0097370526901503,5.7388829286321945,2,9.624204534679954,5.835416607524312,true
1629023,P.J. Washington,4.39730652189978,3.1881306809928094,0.17427683025830257,2.19865326094989,5.674619368737336,0.25006652767527676,1.37927423995381,25.231733417358797,2,17.584546651561023,5.835416607524311,true
1630527,Brandon Boston Jr.,4.349405934054998,2.03193403228025,0.26638879704797047,2.174702967027499,5.612804800613831,0.47927036900369,2.1405251671355026,16.327285464905533,2,9.075057035335957,5.835416607524311,true
1630631,Jose Alvarado,4.327718252940241,2.5488426379819384,0.02812977121771217,2.1638591264701206,5.584817364508597,0.36788466420664206,1.6979150413015447,153.84832743379206,2,11.763790867099987,5.835416607524311,true
1630241,Sam Merrill,4.2591370132371,2.5781920381019114,0.8491508081180812,2.12956850661855,5.496314907558354,0.3476318819188192,1.6519859460789879,5.015760419137272,2,12.251859610021947,5.835416607524311,true
1630188,Jalen Smith,4.228828462298892,2.0491867743057366,0.5843422804428045,2.114414231149446,5.45720244420476,0.4507660590405904,2.0636617976082814,7.236903102569197,2,9.381426080081365,5.835416607524311,true
1630224,Jalen Green,4.21772355683026,4.21772355683026,0.716546889298893,2.10886177841513,5.442871828100001,0,1,5.886179424987946,2,,,true
1626166,Cameron Payne,4.129413225768035,2.118496280991022,0.3488479704797048,2.0647066128840175,5.328909448491131,0.4158725313653136,1.9492190110602017,11.837286082214073,2,9.929516653122366,5.835416607524311,true
1630171,Isaac Okoro,4.112262979424326,2.0891118239728423,0.8564459963099631,2.056131489712163,5.3067774639237735,0.4184026568265683,1.9684264538812852,4.801543818456972,2,9.82848199534473,5.835416607524312,true
1642276,Kel'el Ware,4.1079784701273425,2.5232939712133096,0.5147428044280443,2.0539892350636713,5.301248406688143,0.3277245018450184,1.6280221476342875,7.98064282742508,2,12.53485304577567,5.835416607524311,true
1628374,Lauri Markkanen,4.071743203074542,2.657914492199908,0.8843216236162362,2.035871601537271,5.254487657300956,0.29239025830258303,1.5319316008937645,4.6043691506988775,2,13.92571430632568,5.835416607524311,true
1630559,Austin Reaves,4.068917009606874,4.068917009606874,0.8006005387453874,2.034458504803437,5.250840521921252,0,1,5.082331091087237,2,,,true
202692,Alec Burks,4.037517171164351,1.7678786200576255,1.1172262435424354,2.0187585855821757,5.210319778026378,0.4693780774907749,2.2838203513274826,3.6138760564399464,2,8.601844365523663,5.835416607524311,true
1629684,Grant Williams,4.02173600830154,1.3130523884796297,0.11622283394833947,2.01086800415077,5.189954563093892,0.5601758523985239,3.062890744944509,34.60366497420966,2,7.179416947520206,5.835416607524311,true
1630166,Deni Avdija,3.9715256290595025,3.534151098646457,1.7563013431734316,1.9857628145297512,5.125159264167263,0.09045229520295205,1.123756601855692,2.261300798121249,2,43.90740577835427,5.835416607524311,true
1629652,Luguentz Dort,3.952607165352104,3.4257644737793522,1.0351836605166052,1.976303582676052,5.100745437192477,0.10895497416974169,1.153788357490768,3.818266570571224,2,36.277436578474244,5.835416607524311,true
1630217,Desmond Bane,3.936846200351941,3.7040864453882656,1.6049574169741696,1.9684231001759704,5.080406287120838,0.04813644280442804,1.0628386400791132,2.4529287560626294,2,81.78515010647594,5.835416607524311,true
1641726,Dereck Lively II,3.9330078527970542,1.7735470168940892,1.0092455867158672,1.9665039263985271,5.075452990990485,0.44659250922509225,2.2175943548904073,3.8969780047245464,2,8.806703586724813,5.835416607524311,true
1630194,Paul Reed,3.9043984847367668,1.2512053386595794,0.496694557195572,1.9521992423683834,5.038533282684114,0.5487000110701107,3.120509770937808,7.860763578287856,2,7.115725179451251,5.835416607524311,true
1626164,Devin Booker,3.8867440454784252,4.307888312698227,-0.5098792250922509,1.9433720227392126,5.015750649165016,-0.08709575645756458,0.9022388147857948,-7.622871955167831,2,-44.62610124262659,5.835416607524311,true
201572,Brook Lopez,3.853815349417634,3.9813950152772457,1.0736843837638377,1.926907674708817,4.973256950915138,-0.026384420664206636,0.9679560391847409,3.589337246303193,2,-146.06405039037895,5.835416607524311,true
1627750,Jamal Murray,3.851667140921571,3.851667140921571,1.222037036900369,1.9258335704607854,4.970484738998789,0,1,3.1518415764968273,2,,,true
1628960,Grayson Allen,3.7892675023012288,2.6493348807426025,0.2738486014760147,1.8946337511506144,4.889959491064919,0.23574651660516607,1.4302712465096545,13.837089113756587,2,16.073482471206923,5.835416607524311,true
1628988,Aaron Holiday,3.4877569740148076,1.6398939350309854,0.5613567084870849,1.7438784870074038,4.500867333133395,0.38215177490774904,2.126818631077447,6.2130850514188705,2,9.126627698789958,5.835416607524311,true
1641740,Jaylen Clark,3.388130715038365,1.2678785059621085,1.059827225092251,1.6940653575191824,4.372302017978081,0.4384838745387454,2.672283423928966,3.196870805751806,2,7.726922041551569,5.835416607524311,true
1629638,Nickeil Alexander-Walker,3.3859335191888618,3.2821365733489394,-0.11565343173431733,1.6929667595944309,4.369466589048484,0.021465977859778596,1.0316248100955814,-29.276550366158904,2,157.73488360542754,5.835416607524311,true
1631204,Marcus Sasser,3.340677344047905,1.6714036550168894,0.6016150516605167,1.6703386720239526,4.311064572557059,0.3452181734317343,1.9987256423787993,5.552848677617535,2,9.677003127729348,5.83541660752431,true
1629731,Dean Wade,3.2907509407255,2.224893672035453,0.14717587822878228,1.64537547036275,4.246635737793383,0.220427184501845,1.479059867932899,22.359309014008982,2,14.92897052676348,5.835416607524311,true
1631207,Dalen Terry,3.252761775689244,1.9230227795917605,-0.07982081918819188,1.626380887844622,4.197611624818024,0.2749998819188192,1.6914837464274732,-40.75079420094995,2,11.828229717747549,5.835416607524311,true
1641744,Zach Edey,3.233970679100787,2.4968235147466573,0.33875471955719555,1.6169853395503935,4.173362162077683,0.15244749815498151,1.2952339883057074,9.546643906033497,2,21.213668431692206,5.83541660752431,true
1630643,Jay Huff,3.211180405707845,1.5647777911587755,1.0658763099630997,1.6055902028539224,4.143951856889648,0.3404882656826568,2.052163843231599,3.012713929085275,2,9.431104473658255,5.835416607524311,true
1631260,AJ Green,2.9924407185567055,2.6650851553711945,0.799831881918819,1.4962203592783527,3.861673498708891,0.06769955719557195,1.1228311832834912,3.7413371312203214,2,44.201776828644206,5.835416607524311,true
1630540,Miles McBride,2.974512100849421,2.580764661784688,0.4644022140221402,1.4872560504247105,3.8385370444294913,0.08142988929889299,1.152570067660661,6.40503428070998,2,36.52850478442022,5.835416607524311,true
203939,Dwight Powell,2.951700875942239,1.208701054610328,0.04484447970479705,1.4758504379711195,3.809099701811175,0.3604652841328414,2.4420437664744448,65.82083001905123,2,8.188585713720093,5.835416607524311,true
1629312,Haywood Highsmith,2.8977119890816705,2.8097548688475182,-0.06600974169741697,1.4488559945408352,3.7394283287672985,0.01819018450184502,1.0313041971060735,-43.898247661148794,2,159.30085749200387,5.835416607524311,true
1630548,Johnny Juzang,2.8700262964117744,2.1719123992001528,0.5576148856088561,1.4350131482058872,3.703700601559957,0.14437512915129153,1.321428201924127,5.146968580793914,2,19.87895223563234,5.835416607524311,true
203484,Kentavious Caldwell-Pope,2.828023032269523,3.3837547330138382,1.1253213431734317,1.4140115161347615,3.6494963892620986,-0.11492943542435426,0.835764780667381,2.5130804186957247,2,-24.60660336342562,5.835416607524311,true
1628371,Jonathan Isaac,2.8132861290517237,1.8741564580121537,0.29183630258302584,1.4066430645258619,3.6304787665381766,0.1942189778597786,1.5010945948641177,9.639945764634128,2,14.485124780560055,5.835416607524311,true
1641764,Brandin Podziemski,2.791143242375774,2.706420908794861,0.9203149261992619,1.395571621187887,3.6019038984944514,0.01752120664206642,1.0313041971060735,3.032813184833047,2,159.30085749200387,5.835416607524311,true
1630228,Jonathan Kuminga,2.790462694988761,1.9569099205437874,0.04435494464944649,1.3952313474943805,3.6010256682950206,0.1723848929889299,1.4259535738943698,62.91209958760671,2,16.187396973167232,5.835416607524311,true
1642272,Jared McCain,2.725013631299386,1.2291175874186842,0.5040500073800738,1.362506815649693,3.516565209914922,0.30936239114391145,2.217048766686586,5.406236665808869,2,8.808483866520621,5.835416607524311,true
1630570,Trendon Watford,2.717719489737396,1.6114861533600722,-0.28153628044280443,1.358859744868698,3.5071522938992112,0.2287772546125461,1.686467788799018,-9.653176796478688,2,11.879325566433984,5.835416607524311,true
1627780,Gary Payton II,2.7062386628549846,1.6716496245789265,1.3773780147601478,1.3531193314274923,3.49233656016048,0.21396068265682655,1.618903042278768,1.964775561867989,2,12.648298880199148,5.835416607524311,true
1627747,Caris LeVert,2.70572859145794,2.6235989333219454,0.4449375387453874,1.35286429572897,3.4916783251671513,0.016985022140221403,1.0313041971060737,6.081142533146154,2,159.30085749200387,5.835416607524311,true
1642024,Alex Reese,2.6771544942921284,0.7770783591372732,0.24041985608856087,1.3385772471460642,3.454804133110318,0.39294983025830255,3.4451538417108347,11.13533024204945,2,6.812967682241577,5.835416607524312,true
203991,Clint Capela,2.6346939143642287,1.9955333450600798,-0.0015020811808118082,1.3173469571821144,3.400009765679552,0.13218314391143912,1.3202956096355811,-1754.0289752783492,2,19.932147446344878,5.835416607524311,true
1627832,Fred VanVleet,2.611102961520606,3.1229104336739333,0.9474046937269374,1.305551480760303,3.3695662027242106,-0.10584557933579336,0.8361120233758309,2.7560587136727683,2,-24.66898455189068,5.835416607524311,true
1629674,Neemias Queta,2.60055259289291,1.5044242958676983,0.11647666789667895,1.300276296446455,3.355951203209422,0.22668745756457562,1.728603160714713,22.326811367919106,2,11.471973883478313,5.835416607524311,true
201950,Jrue Holiday,2.5602237918563806,2.9430924356974697,0.056847232472324725,1.2801118959281903,3.3039078456813296,-0.07918007380073802,0.86990940576749,45.0369117459287,2,-32.33419304835906,5.835416607524311,true
1631110,Jeremy Sochan,2.50432530259358,2.2315932818365205,0.05128874169741697,1.25216265129679,3.231772176204096,0.0564030036900369,1.122214035584751,48.827973151848724,2,44.40056625984171,5.835416607524311,true
1628368,De'Aaron Fox,2.487695377308558,3.400628010169161,0.08198265682656827,1.243847688654279,3.2103116535743776,-0.1888012361623616,0.7315399890459675,30.34416635912641,2,-13.176266362839057,5.835416607524311,true
1642271,Kyle Filipowski,2.4731878856351748,2.4731878856351748,0.17394881180811808,1.2365939428175874,3.1915900809863444,0,1,14.217906175543952,2,,,true
1641787,Tosan Evbuomwan,2.3988356342362183,1.2573370157256518,0.23826574169741696,1.1994178171181091,3.0956402708476913,0.23607037638376382,1.907870049345337,10.06789988836328,2,10.161527553701154,5.835416607524311,true
1630533,Ziaire Williams,2.390133068580262,2.390133068580262,-0.2003799852398524,1.195066534290131,3.084409817072624,0,1,-11.928003017463555,2,,,true
201143,Al Horford,2.373923228692274,2.5358321756356927,0.42044820664206645,1.186961614346137,3.0634914046457444,-0.0334839704797048,0.936151552733244,5.646172801286863,2,-70.89730383471546,5.835416607524311,true
1629673,Jordan Poole,2.3686574650233188,3.087735587501281,0.9111790738007379,1.1843287325116594,3.056696062006283,-0.14871068634686346,0.7671179729933194,2.5995520892979935,2,-15.927957319075862,5.835416607524311,true
1630696,Dru Smith,2.32444600171833,0.7462672971281671,0.526166701107011,1.162223000859165,2.999642221265083,0.3263790553505535,3.1147633169286792,4.417698795510793,2,7.121921470180479,5.835416607524311,true
1626158,Richaun Holmes,2.3075670699475173,1.115204400813685,0.7765291660516604,1.1537835349737586,2.977860361694177,0.24658943911439113,2.0691875572440805,2.9716424969335935,2,9.35793145981833,5.835416607524312,true
1641824,Matas Buzelis,2.2585129429769717,2.499486375684589,0.16663073800738004,1.1292564714884858,2.9145571787940923,-0.04983509225092251,0.9035908196772561,13.55399952004619,2,-45.31973035396887,5.835416607524311,true
1627752,Taurean Prince,2.245676146151354,3.2256520087039386,-0.26070252398523985,1.122838073075677,2.8979915981286526,-0.2026662730627306,0.696192937146268,-8.61394094626601,2,-11.080660399060369,5.835416607524311,true
1630539,Kai Jones,2.235301076883813,0.9823819875727541,1.377676328413284,1.1176505384419064,2.884602818264349,0.25911295571955717,2.2753889069227964,1.622515412933228,2,8.626743771558537,5.835416607524311,true
1630264,Anthony Gill,2.1964741527385807,0.8944802061633699,0.51891,1.0982370763692904,2.8344975971055018,0.269262,2.4555872087541886,4.232861484146732,2,8.15738631050271,5.835416607524311,true
1630625,Dalano Banton,2.1049895919037906,1.8292463556008434,-0.9670566383763838,1.0524947959518953,2.7164389495520345,0.05702574538745386,1.1507414435779348,-2.17669731882293,2,36.91296935448573,5.835416607524311,true
201145,Jeff Green,2.0874102163439514,0.8757902061633698,0.504462,1.0437051081719757,2.693753183948623,0.250572,2.383459191086873,4.137893867811552,2,8.330580497198216,5.835416607524311,true
1630549,Day'Ron Sharpe,2.078692879116804,1.4898702813833145,0.6940594538745387,1.039346439558402,2.6825036678126377,0.12177287822878227,1.3952173589144818,2.9949781211287383,2,17.07024511001074,5.835416607524311,true
203937,Kyle Anderson,2.0615201739556723,1.6682222502067814,0.2584019778597786,1.0307600869778362,2.66034270067613,0.081336926199262,1.2357587088291986,7.977958183719294,2,25.34543989165867,5.835416607524311,true
1628998,Cody Martin,2.0613068905553122,1.888033536955075,-0.13375618081180812,1.0306534452776561,2.660067463526141,0.03583421402214022,1.0917745104674803,-15.410928138382806,2,57.52342968319971,5.835416607524311,true
1631230,Dominick Barlow,2.0541850337471113,0.8624496127144639,0.32566118081180817,1.0270925168735556,2.650876876883177,0.2464597195571956,2.3818029522696325,6.307736858984663,2,8.334769825421306,5.835416607524311,true
1641796,Pelle Larsson,2.0501522440816498,1.3298113819973607,0.026097833948339484,1.0250761220408249,2.6456726578387006,0.14897183025830257,1.5416864916604531,78.55641384414946,2,13.762012861940988,5.835416607524312,true
1629726,Garrison Mathews,2.048368501495177,1.4684240498246848,0.3901569852398524,1.0241842507475885,2.6433707805009186,0.11993681180811808,1.394943444122787,5.250113618332181,2,17.078730630027724,5.835416607524311,true
203903,Jordan Clarkson,2.001972503687421,1.6204205562785665,-0.13503377121771218,1.0009862518437105,2.5834978499966246,0.07890777121771218,1.23546476618707,-14.825717193809849,2,25.37104359675596,5.835416607524311,true
1629750,Javonte Green,1.9817802180602753,1.9817802180602753,-0.2884908708487085,0.9908901090301376,2.557440186163498,0,1,-6.8694728960749964,2,,,true
1629057,Robert Williams III,1.974511700652392,0.8022776753836816,0.4428066715867158,0.987255850326196,2.5480603375085633,0.24242668634686343,2.461132549535422,4.459082997952796,2,8.144778656204814,5.835416607524311,true
1631131,Oscar Tshiebwe,1.9522666188206523,0.6828065149671358,0.6221307601476015,0.9761333094103262,2.5193535890495085,0.26253376014760144,2.8591798350292787,3.138032619312175,2,7.4362497902100335,5.835416607524311,true
1630591,Jalen Suggs,1.9001136272366805,1.6179404109462654,-0.4335280295202952,0.9500568136183403,2.452051395148288,0.05835551291512915,1.1744027248354492,-4.3829083654387535,2,32.56099607932776,5.835416607524311,true
1631096,Chet Holmgren,1.8969229678594235,1.5026904169617554,0.4602542878228782,0.9484614839297117,2.4479339251900183,0.08153021402214022,1.2623511446188331,4.121467236801551,2,23.266502984332874,5.835416607524311,true
1630557,Corey Kispert,1.866253568539264,2.427167997272157,0.15751570479704796,0.933126784269632,2.4083557955911457,-0.11600126199261993,0.7689016873313701,11.848047602261943,2,-16.088217804544197,5.835416607524311,true
1631221,Collin Gillespie,1.8658294134236366,0.9082335183171857,0.37098119557195564,0.9329147067118183,2.4078084335133596,0.1980379298892989,2.0543498734562515,5.029444714972729,2,9.421576030746309,5.835416607524311,true
1629680,Matisse Thybulle,1.8453533026071782,0.7355373329095908,0.6941972841328413,0.9226766513035891,2.381384500031168,0.22951816974169745,2.5088506321051707,2.6582548574967517,2,8.040118587055488,5.835416607524311,true
1630531,Jaden Springer,1.7965221057773626,0.7768739873754491,-0.018744915129151288,0.8982610528886813,2.3183690031698347,0.21087078966789663,2.3125013000456356,-95.84050359254434,2,8.519539897425958,5.835416607524311,true
1629014,Anfernee Simons,1.7934164582996135,3.273685756076859,0.6021611808118081,0.8967082291498067,2.314361239043787,-0.30613066420664203,0.5478279199433057,2.9782996902620087,2,-5.858336547066827,5.835416607524311,true
1628978,Donte DiVincenzo,1.7803198024052886,2.4264610360613252,0.7130202066420664,0.8901599012026443,2.2974603164373013,-0.13362679704797048,0.7337104432944596,2.496871457247498,2,-13.323074725544565,5.835416607524311,true
1628366,Lonzo Ball,1.7716366809603896,1.3751199577659363,0.3300083357933579,0.8858183404801948,2.286254954953646,0.08200259778597785,1.2883506423967892,5.36846039570873,2,21.60464093569647,5.835416607524311,true
1631255,Karlo Matković,1.7587983768315898,1.3378716855162618,0.5772574538745388,0.8793991884157949,2.269687429149337,0.08705076014760148,1.3146241122166358,3.046817957960656,2,20.204285107325973,5.835416607524312,true
1641711,Gradey Dick,1.6743799025872377,2.397473312193211,-0.35759822878228775,0.8371899512936188,2.1607473981006735,-0.14954107749077492,0.698393552108204,-4.682293612831708,2,-11.196789074162776,5.835416607524311,true
1641774,Tristan Vukcevic,1.663538473714952,0.9611879664690469,0.3711855645756458,0.831769236857476,2.1467567922702475,0.14525129151291513,1.7307108825196915,4.4816895711361395,2,11.452830858767525,5.835416607524311,true
1630170,Devin Vassell,1.6617746275304917,2.8302295516846003,0.40796963468634684,0.8308873137652458,2.1444805907655393,-0.2416451402214022,0.5871518889841905,4.073280181276454,2,-6.876921364973143,5.835416607524311,true
1631095,Jabari Smith Jr.,1.6429359001614603,2.4809798309629403,0.15013388191881918,0.8214679500807301,2.120169661636932,-0.17331369741697414,0.662212517674434,10.943138744989177,2,-9.479550229712848,5.835416607524311,true
1629021,Moritz Wagner,1.6396887169148504,1.0080801048369064,0.903385697416974,0.8198443584574252,2.115979248971069,0.13062134317343171,1.626546054274258,1.8150483471269994,2,12.552992314110286,5.835416607524311,true
1641730,Noah Clowney,1.6211069847384791,1.6211069847384791,-0.38833871586715857,0.8105534923692396,2.091999966019656,0,1,-4.174466563599137,2,,,true
203114,Khris Middleton,1.6190317297164616,1.4091876385561433,0.39809924723247236,0.8095158648582308,2.0893218988245765,0.04339731365313653,1.1489113908033746,4.066904775559695,2,37.30718778256558,5.835416607524311,true
1629622,Max Strus,1.6002605295300174,1.9887269442589743,-0.0738050811808118,0.8001302647650087,2.065098111917308,-0.08033773431734316,0.8046657858936463,-21.68225417447357,2,-19.919164302154787,5.835416607524311,true
1629011,Mitchell Robinson,1.5988729062199731,0.6369028861132091,0.29603072324723245,0.7994364531099866,2.063307417074346,0.19894253136531367,2.5103872836521806,5.401037056835015,2,8.03685815821856,5.835416607524311,true
1628470,Torrey Craig,1.589457235428255,0.675435474044688,0.007842066420664207,0.7947286177141275,2.051156718100272,0.18902647601476016,2.3532332791319956,202.68347016801107,2,8.408648719156897,5.835416607524311,true
1641741,Ricky Council IV,1.5868918054112053,1.8924430655269977,-1.1966738671586716,0.7934459027056027,2.0478460917449364,-0.06319026568265682,0.8385413724292392,-1.3260854514848306,2,-25.112915545894648,5.835416607524312,true
1630163,LaMelo Ball,1.5860285728784413,2.2685854182200726,-0.05827616236162362,0.7930142864392207,2.04673211071456,-0.14115781549815498,0.6991266716872562,-27.215734677870326,2,-11.235853766093253,5.835416607524311,true
1641810,Antonio Reeves,1.5752682369173876,1.1337285393043637,0.6161572804428044,0.7876341184586938,2.0328461533552953,0.09131368265682656,1.3894580424727996,2.5566008662355064,2,17.25117409663054,5.835416607524311,true
1627741,Buddy Hield,1.5681524093219175,2.667301913897815,0.8715257269372694,0.7840762046609587,2.023663347267808,-0.2273122656826568,0.5879171012292064,1.799318552342391,2,-6.898670446192128,5.835416607524311,true
1631218,Trayce Jackson-Davis,1.5314911783896688,1.5805787754599387,0.13346786346863468,0.7657455891948344,1.9763529016361916,-0.010151678966789666,0.9689432770878593,11.474606235452129,2,-150.86087566399692,5.835416607524311,true
1631209,Isaiah Wong,1.510001707643444,0.6178498218610811,-0.04861487084870849,0.755000853821722,1.948621251292254,0.18450362361623615,2.4439623581909142,-31.060489954660838,2,8.184130360410792,5.835416607524311,true
1626162,Kelly Oubre Jr.,1.496961877079109,2.9291154251527334,0.42314519557195573,0.7484809385395546,1.931793660421136,-0.2961799704797048,0.5110627816932317,3.5377026437832995,2,-5.0542306242200326,5.835416607524311,true
201144,Mike Conley,1.4813450102632173,2.5163751955511002,0.5684206383763838,0.7406725051316086,1.9116404656253898,-0.21405191512915125,0.5886820903664147,2.606071824722054,2,-6.920494074390443,5.835416607524311,true
1630639,A.J. Lawson,1.4547471383003163,0.9107514218912395,-0.04681341697416974,0.7273735691501582,1.8773165451399323,0.1125023468634686,1.5973042735189273,-31.075431624719954,2,12.930815923918269,5.835416607524311,true
203926,Doug McDermott,1.4274972069805554,0.6862338362499573,0.5437774095940959,0.7137486034902777,1.842151157579669,0.1532987601476015,2.08019064577369,2.6251498900002384,2,9.311864007289493,5.835416607524311,true
1642366,Quinten Post,1.3787168062679986,1.0962225968234534,0.46911807011070117,0.6893584031339993,1.7792012118982268,0.058421896678966787,1.2576978528477105,2.938954805008157,2,23.599316089379347,5.835416607524311,true
1641727,Dariq Whitehead,1.3509524323719635,0.5609623008443569,0.264494147601476,0.6754762161859817,1.7433719484419148,0.16337581549815497,2.4082766887160125,5.1076836467758,2,8.268986619915113,5.835416607524311,true
203944,Julius Randle,1.3372836041894645,3.0961100117207874,-1.2494934907749076,0.6686418020947322,1.7257326511206899,-0.3637383394833948,0.4319238008749616,-1.0702605608294218,2,-3.6764988977757005,5.835416607524311,true
1642261,Dalton Knecht,1.3349539163901978,2.126468578049834,0.3884586715867159,0.6674769581950989,1.7227262444844935,-0.1636910996309963,0.627779751918306,3.436540394213327,2,-8.155323773861515,5.835416607524311,true
1631107,Nikola Jović,1.283176846220005,1.6766255243412829,0.4210120295202952,0.6415884231100025,1.6559091682172447,-0.08136810332103321,0.7653330022660504,3.047838912541449,2,-15.770022820334203,5.835416607524311,true
1628380,Zach Collins,1.2632594926933942,1.503387851595234,0.037662557195571954,0.6316297463466971,1.6302062977138563,-0.04966032472324724,0.8402751767303153,33.54152205155941,2,-25.43800306851459,5.835416607524311,true
1631157,Ryan Rollins,1.2111970900307059,1.2915050807919952,0.32961739483394825,0.6055985450153529,1.5630210066586727,-0.016608287822878227,0.9378182928153548,3.6745545259857177,2,-72.92726998398109,5.835416607524311,true
1629626,Bol Bol,1.1728879245287505,0.8073286803990729,0.30559652029520296,0.5864439622643752,1.5135839407013876,0.07560036162361623,1.452801012778311,3.838027747815169,2,15.514316325206053,5.835416607524311,true
1642382,Branden Carlson,1.1710045492018977,0.5275761448484731,-0.1378360959409594,0.5855022746009488,1.5111534896843537,0.13306576383763838,2.2195934380964584,-8.495630561848506,2,8.800194095234831,5.835416607524311,true
1642349,Ajay Mitchell,1.1636718206784291,0.9475352644966742,0.13361073062730627,0.5818359103392146,1.501690778113592,0.044698642066420664,1.2281039706702266,8.70941888585562,2,26.033717510908996,5.835416607524311,true
1626167,Myles Turner,1.1584235417263937,2.952986354417178,0.9807449446494465,0.5792117708631969,1.4949179990850128,-0.37112889298892987,0.3922888231412191,1.1811669772516196,2,-3.1213510012569876,5.835416607524311,true
1630560,Cam Thomas,1.1573262250093475,1.1940156176264023,-0.2161669741697417,0.5786631125046737,1.4935019379882533,-0.007587638376383764,0.9692722674013342,-5.353853101078129,2,-152.52785749667265,5.835416607524311,true
1628975,Jevon Carter,1.1538502331395957,0.6329672728285136,0.03256725461254612,0.5769251165697978,1.4890162532420497,0.10772245756457566,1.822922420591249,35.42976670483884,2,10.711324817741971,5.835416607524311,true
1641989,Elijah Harkless,1.1018913822055623,0.3755395798350151,0.04313911439114391,0.5509456911027811,1.421964593227178,0.15021493726937268,2.934155123381811,25.54274462416343,2,7.335431497265797,5.835416607524311,true
1628420,Monté Morris,1.096212165273577,0.9343817804678813,0.4599542435424354,0.5481060826367885,1.4146356989959017,0.033467723247232475,1.1731951416311446,2.383306993388877,2,32.75430949322868,5.835416607524311,true
1630249,Vít Krejčí,1.070148330828326,1.6965151371893252,0.8652993431734318,0.535074165414163,1.381000941211792,-0.12953729889298893,0.6307920910162212,1.2367377131058752,2,-8.261314231296254,5.835416607524311,true
1628963,Marvin Bagley III,1.0672972668581442,0.5556853881987347,0.1432192250922509,0.5336486334290721,1.3773217110407479,0.1058051291512915,1.920686218361454,7.452192721826784,2,10.087386834829228,5.835416607524311,true
1631466,Nate Williams,1.0251590990810355,0.3795956531024334,-0.30364811808118075,0.5125795495405178,1.322943408814098,0.13350730627306273,2.7006607970940006,-3.3761417839808834,2,7.678674131768308,5.835416607524311,true
1630169,Tyrese Haliburton,1.0226423549567885,3.312699193167713,2.1393425055350552,0.5113211774783942,1.3196956104442366,-0.4736007306273063,0.3087036568445274,0.4780171255004457,2,-2.1592921818390165,5.835416607524311,true
1641767,Ben Sheppard,0.9873642254250363,1.773453977879807,-0.31109239852398524,0.49368211271251816,1.2741700242389755,-0.16256918819188193,0.556746460714727,-3.173861624744619,2,-6.073501605111303,5.835416607524311,true
1631116,Patrick Baldwin Jr.,0.954365741226883,0.300235150334616,0.5187987232472324,0.4771828706134415,1.2315862660594539,0.1352790553505535,3.1787275412729983,1.839568407673359,2,7.054793062782709,5.835416607524311,true
1642258,Zaccharie Risacher,0.9423333921099019,2.663927091763288,-0.6457379114391145,0.47116669605495093,1.2160588060084925,-0.3560383394833948,0.35373843189010074,-1.459312478664578,2,-2.6467188715608847,5.835416607524311,true
1631243,Mouhamed Gueye,0.9242587167242092,0.8727339447836868,0.06648233210332102,0.4621293583621046,1.19273386777267,0.01065570479704797,1.059038349829848,13.902320924720378,2,86.73839359553801,5.835416607524311,true
1641763,Julian Phillips,0.9188821662713207,1.6470151683971426,0.2750832103321033,0.45944108313566034,1.1857955574263235,-0.15058330258302582,0.5579075310918763,3.340378953560887,2,-6.102151769215478,5.835416607524311,true
1629001,De'Anthony Melton,0.9013475576160095,0.32237432881186706,0.2011389815498155,0.45067377880800474,1.1631675624473266,0.1197359557195572,2.7959656742458012,4.4812176668637225,2,7.527793570438649,5.835416607524311,true
1631111,Wendell Moore Jr.,0.8958935317795275,0.8031932068678418,0.15236822509225093,0.44794676588976373,1.1561292719631047,0.01917111439114391,1.1154147272649166,5.879792399216511,2,46.731426953113655,5.835416607524311,true
1630205,Lamar Stevens,0.8868248421804799,0.3558896752426547,0.006364575645756458,0.4434124210902399,1.1444263439567144,0.10980132841328415,2.4918532451828503,139.3376230466779,2,8.076631266632187,5.835416607524311,true
1627739,Kris Dunn,0.8804894961730406,2.480318377158915,0.4694687158671586,0.4402447480865203,1.1362507307756857,-0.3308564723247232,0.35499051423454714,1.8755019587336783,2,-2.6612430761483585,5.835416607524312,true
1630692,Jordan Goodwin,0.8520809008966956,0.8520809008966956,-0.12335188191881918,0.4260404504483478,1.0995901149666882,0,1,-6.907725181343163,2,,,true
201587,Nicolas Batum,0.8360341512130821,1.898228226044182,0.9306081033210332,0.41801707560654106,1.0788821665654535,-0.21966960885608858,0.440428679619488,0.8983740290134506,2,-3.8058708055550388,5.835416607524311,true
1630545,Terrence Shannon Jr.,0.8323442730216972,0.5976260851176457,0.19423961623616234,0.4161721365108486,1.074120466613714,0.04854146125461255,1.3927509085515337,4.285141667545863,2,17.147079043538383,5.835416607524311,true
1641724,Jett Howard,0.8322049982076105,1.0704343765976216,-0.9044929889298892,0.41610249910380526,1.0739407357822022,-0.049267601476014763,0.7774460689993684,-0.9200789927539372,2,-16.891526546360446,5.835416607524311,true
1630611,Gui Santos,0.8250676161766273,1.1103132490423169,-0.31207841697416977,0.41253380808831364,1.0647301142088856,-0.058990911439114384,0.7430944527486061,-2.643783008694628,2,-13.986351389538962,5.835416607524311,true
1629659,Talen Horton-Tucker,0.8023389914838593,1.1322265286851416,0.1973311365313653,0.40116949574192967,1.0353993652005995,-0.06822318819188192,0.7086382196110687,4.065952315418452,2,-11.760502737386467,5.835416607524311,true
1627759,Jaylen Brown,0.7891342619513309,2.938769709736464,-0.4611520184501845,0.3945671309756654,1.0183589761371936,-0.4445605461254612,0.26852538303251294,-1.7112236971300958,2,-1.7750883852131722,5.835416607524311,true
1629643,Chuma Okeke,0.7783942745832444,0.39657154384436866,0.10149436900369004,0.3891971372916222,1.0044992781526632,0.07896377121771217,1.9628091996654178,7.669334586975404,2,9.857612707441772,5.835416607524311,true
1631098,Johnny Davis,0.7585198791973418,0.4457380297096552,0.11542041697416974,0.3792599395986709,0.9788518441070458,0.06468560516605165,1.701716767787183,6.571799852075505,2,11.72625466284466,5.835416607524311,true
1630193,Immanuel Quickley,0.7511934813472411,1.335344192337442,1.0354161070110701,0.37559674067362053,0.9693973021195349,-0.12080669741697417,0.5625467094235238,0.725499126641662,2,-6.21814433643886,5.835416607524311,true
1627763,Malcolm Brogdon,0.725012981635645,0.8758682732714571,0.06075077859778597,0.3625064908178225,0.9356119905869514,-0.031197992619926198,0.8277648634624563,11.934217114084323,2,-23.239090747543106,5.83541660752431,true
1631342,Daeqwon Plowden,0.6915803941208581,0.21123274907351816,0.3295881033210332,0.34579019706042907,0.8924680324131075,0.09933945387453876,3.2740207053791557,2.098317224293829,2,6.961789773822322,5.835416607524311,true
1628396,Tony Bradley,0.6747512033550762,0.270479685237022,0.30767386715867157,0.3373756016775381,0.8707503624248841,0.08360634686346864,2.4946465120431878,2.1930728455631168,2,8.070573929715678,5.835416607524311,true
1641720,Jalen Hood-Schifino,0.6415098926141809,0.5072530695484145,-0.7897973431734316,0.32075494630709045,0.8278532423735382,0.02776530627306273,1.2646742447222437,-0.8122462023442281,2,23.104729560882216,5.835416607524311,true
1630208,Nick Richards,0.6392970208115776,1.7615996242048413,-1.0236261439114391,0.3196485104057888,0.8249975839997025,-0.23210049815498154,0.3629071055803309,-0.624541513143384,2,-2.754397452368658,5.835416607524312,true
202687,Bismack Biyombo,0.5949141771347098,0.7936730132722484,-0.6912111512915129,0.2974570885673549,0.767722580969078,-0.041104800738007374,0.7495708776614789,-0.8606837086223591,2,-14.473106947447748,5.835416607524311,true
1641890,Tyler Smith,0.5751367013434585,0.2543648701192422,0.2177710073800738,0.28756835067172926,0.7422002193527489,0.06633799261992618,2.261069703036601,2.6410159380843456,2,8.669793562169119,5.835416607524311,true
1641871,Duop Reath,0.5628698158512405,0.7174480035746663,-0.04843013284132841,0.28143490792562026,0.7263700956937438,-0.031967915129151286,0.7845444032832429,-11.622305842013075,2,-17.60733577955367,5.835416607524311,true
1642348,Justin Edwards,0.5101136015335298,1.5645393922345523,-0.625569180811808,0.2550568007667649,0.6582894572170789,-0.2180630701107011,0.32604714465192236,-0.8154391507451658,2,-2.339293862434237,5.835416607524311,true
1631321,Sidy Cissoko,0.5020525441121544,0.22622824767028457,0.05233726937269373,0.2510262720560772,0.6478868545447326,0.057042509225092256,2.2192301327633888,9.592639244073624,2,8.80137551682786,5.835416607524311,true
1629013,Landry Shamet,0.48779707353092727,1.0674912254812337,0.6142613136531365,0.24389853676546364,0.6294905091756252,-0.11988504797047969,0.456956518130652,0.7941198032314606,2,-4.068873323144031,5.835416607524311,true
1630230,Naji Marshall,0.4859244000566717,2.619487208524245,-0.3526191881918819,0.24296220002833585,0.627073868644562,-0.4412366051660517,0.18550363539680334,-1.3780429889488888,2,-1.1012785303109713,5.835416607524311,true
1629646,Charles Bassey,0.47718083575414466,0.5813694681821425,-0.09408578597785977,0.23859041787707233,0.6157905070922534,-0.021546981549815495,0.8207875746317045,-5.071763293410066,2,-22.146064155247338,5.835416607524311,true
1630537,Chris Duarte,0.47544442248761054,0.18311545742073493,0.2100173579335793,0.23772221124380527,0.6135497071149641,0.06045579704797048,2.5964188342396812,2.2638339381356087,2,7.864331390922772,5.835416607524311,true
1630283,Kylor Kelley,0.46883158196422625,0.2434759025557474,-0.062237284132841325,0.23441579098211313,0.6050159938681205,0.046605225092250915,1.925576934074124,-7.532969802530852,2,10.059635610303687,5.835416607524311,true
203914,Gary Harris,0.45554802047523985,0.9899566580809128,0.20418416236162362,0.22777401023761992,0.5878738740418572,-0.11051966789667897,0.4601696617287726,2.23106442344159,2,-4.121872867923527,5.835416607524311,true
1630538,Bones Hyland,0.4206497313455416,0.38050984967167395,0.13554500369003689,0.2103248656727708,0.5428384628316275,0.008301225092250923,1.1054897309714917,3.1033953291814407,2,50.673211082809,5.835416607524311,true
1641809,Drew Peterson,0.39228017522162995,0.294718739975797,-0.0061230110701107005,0.19614008761081497,0.5062282261193415,0.02017642804428044,1.3310323437656015,-64.06654679044011,2,19.44249866035294,5.835416607524311,true
202685,Jonas Valančiūnas,0.3848060616596194,1.998055204289467,-0.24920578597785978,0.1924030308298097,0.4965830605226517,-0.3336318819188192,0.19259030522956003,-1.5441297245554595,2,-1.1533851604543361,5.83541660752431,true
1642484,RayJ Dennis,0.3756274896585488,0.15199080977547766,0.27585036900369003,0.1878137448292744,0.48473833189269866,0.04624972324723248,2.4713829093576742,1.3617074032390513,2,8.121724051203396,5.835416607524311,true
1629162,Jordan McLaughlin,0.3686007436811798,0.4633529267781011,0.4553996457564576,0.1843003718405899,0.4756704835123796,-0.019595453874538746,0.7955075329818777,0.8094005937771483,2,-18.810523402069258,5.835416607524311,true
1628365,Markelle Fultz,0.3586169703198815,0.3055182078235801,-0.31752537269372694,0.17930848515994074,0.46278666169851373,0.010981217712177123,1.1737990114388306,-1.129412012896966,2,32.65730447382074,5.83541660752431,true
1631303,Justin Minaya,0.3251403695521581,0.18539681175183975,-0.09404853874538745,0.16257018477607904,0.41958590546968977,0.0289000036900369,1.753753834706554,-3.4571549317995585,2,11.250530381913004,5.835416607524311,true
1631132,Christian Koloko,0.32243385595720253,0.510244077737572,0.0016598523985239852,0.16121692797860127,0.4160932141161995,-0.038840546125461256,0.6319208199081465,194.25453506825372,2,-8.30147585761768,5.83541660752431,true
1641738,Kobe Brown,0.3152512548307367,0.3936727550861944,-0.354844258302583,0.15762562741536834,0.4068242383768078,-0.016218147601476014,0.8007952055552146,-0.8884214622458833,2,-19.438178920140402,5.835416607524311,true
1628981,Bruno Fernando,0.3089850940393862,0.25686679701387244,-0.04833771217712177,0.1544925470196931,0.39873790706987455,0.010778450184501843,1.202900093088711,-6.392215934986447,2,28.66693158573677,5.835416607524311,true
1630314,Brandon Williams,0.30841231882993914,0.7028367162197258,0.8008919557195572,0.15420615941496957,0.39799875429958814,-0.08156988929889299,0.43881076744078507,0.3850860489076179,2,-3.7809579181827417,5.835416607524311,true
1629650,Moses Brown,0.29994323443699156,0.2161270507911821,0.35097622878228785,0.14997161721849578,0.38706960253535583,0.017333808118081183,1.3878097782715366,0.8545970064059458,2,17.30394339164951,5.835416607524311,true
1631197,Jared Rhoden,0.2958120178736957,0.3549746782816839,0.45815684501845017,0.14790600893684785,0.38173836592272165,-0.012235276752767525,0.8333327303953757,0.6456566590460593,2,-24.17697808157754,5.835416607524311,true
1629003,Shake Milton,0.2911761562048134,1.1354366127912674,-0.2286335867158671,0.1455880781024067,0.37575589681668775,-0.17459932103321033,0.25644421971650977,-1.2735493519885628,2,-1.6676820647511519,5.835416607524311,true
1630578,Alperen Sengun,0.2892816268344077,3.107051460235975,-0.8001151881918819,0.14464081341720386,0.3733110517720214,-0.5827356900369004,0.09310487146306785,-0.3615499756830423,2,-0.49641995810500233,5.835416607524312,true
1642403,Isaac Jones,0.2813910454030021,0.4398052886683772,0.2501536531365313,0.14069552270150104,0.36312844430577884,-0.032761239852398524,0.6398082348099663,1.1248728206636331,2,-8.589145181036267,5.835416607524311,true
1630604,E.J. Liddell,0.27558521500366506,0.11764134536414805,0.03365153136531365,0.13779260750183253,0.3556361584094916,0.032663963099631,2.3425880939274895,8.189381101619785,2,8.436980355478612,5.835416607524311,true
1628971,Bruce Brown,0.2639798848783584,1.255675120058205,-0.5829852878228782,0.1319899424391792,0.34065975620016725,-0.205089926199262,0.21022944602591312,-0.4528071126188701,2,-1.2871421320902903,5.835416607524311,true
1630543,Isaiah Jackson,0.2632890878297016,0.16077823790732054,0.043450162361623614,0.1316445439148508,0.33976829905642447,0.021200003690036898,1.637591574933622,6.059565109064951,2,12.419294434058816,5.83541660752431,true
1631301,Jaylen Sims,0.2548032723714255,0.19086743127151096,0.09537316605166053,0.12740163618571276,0.3288175562507444,0.01322240590405904,1.334975122125289,2.6716453161826137,2,19.270568020696256,5.835416607524311,true
1629111,Jock Landale,0.23398063255325163,0.7260856198460854,-0.014014361623616236,0.11699031627662582,0.30194643534252946,-0.10177095940959409,0.32224936861144626,-16.69577529375011,2,-2.2990903683196873,5.835416607524311,true
1626153,Delon Wright,0.23367917191670057,0.8592171414797192,-0.3728898708487085,0.11683958595835028,0.30155740756869454,-0.129365889298893,0.27196753956079717,-0.6266707416450862,2,-1.8063430258404305,5.835416607524311,true
1641878,Damion Baugh,0.2008677440435271,0.5219108581980048,-0.7549561992619925,0.10043387202176356,0.2592150411228374,-0.06639409594095941,0.3848698314824503,-0.26606542768956054,2,-3.025385634020044,5.835416607524311,true
1642270,Donovan Clingan,0.19394048007621978,1.7703515990176455,-0.02971440590405904,0.09697024003810989,0.25027557190788363,-0.32601350553505537,0.10954913147412969,-6.526816679505854,2,-0.5948848031860627,5.835416607524311,true
1642368,N'Faly Dante,0.19170062754664563,0.10231040402436323,0.08517445018450186,0.09585031377332281,0.2473850955482903,0.018486560885608856,1.87371586863244,2.25068230122285,2,10.369729055222916,5.835416607524311,true
1630256,Jae'Sean Tate,0.1912532599620039,0.8162612785705573,-0.029979837638376382,0.09562662998100195,0.24680777833191933,-0.12925629151291512,0.2343039722488466,-6.379396121785055,2,-1.4796437196474426,5.835416607524311,true
1628995,Kevin Knox II,0.18769421568688188,0.14336306270050184,-0.21696724723247232,0.09384710784344094,0.2422149164340238,0.0091680110701107,1.3092229766253791,-0.8650808731779435,2,20.47273004488372,5.835416607524311,true
1630322,Lindy Waters III,0.18641481674535906,1.052804066757341,0.12711958671586715,0.09320740837267953,0.24056388256186814,-0.17917571955719555,0.17706506142165718,1.4664523505887912,2,-1.0404022219419784,5.835416607524311,true
1629723,John Konchar,0.15844801203187964,0.8208353711887785,0.37910997785977857,0.07922400601593982,0.20447338695542563,-0.13698661623616235,0.19303263186917324,0.41794735376362163,2,-1.1566678292039732,5.835416607524311,true
203109,Jae Crowder,0.15324977554551128,0.16040105337932264,-0.10547215129151291,0.07662488777275564,0.19776518653730263,-0.0014789372693726937,0.9554162663950857,-1.4529880510538418,2,-103.62155225861184,5.835416607524312,true
1627814,Damion Lee,0.15021783519339887,0.2181889474309196,0.06327958671586716,0.07510891759669944,0.1938525397019576,-0.014056929889298892,0.6884759148533821,2.3738750992147715,2,-10.68639001377926,5.835416607524311,true
1641715,Cam Whitmore,0.14580203978919865,1.1102056126644757,0.20753977121771217,0.07290101989459932,0.188154060870823,-0.19944580811808119,0.13132886208283173,0.7025257806430278,2,-0.7310358696678,5.835416607524311,true
1631127,Harrison Ingram,0.1454408899466106,0.07176097066790611,0.14539656088560887,0.0727204449733053,0.18768800559776894,0.015237553505535054,2.0267408396644866,1.0003048838344712,2,9.544897735307645,5.835416607524311,true
1631119,Jaylin Williams,0.14375165526969663,1.0834087792625324,0.16583118819188192,0.07187582763484832,0.18550808846708472,-0.1943280590405904,0.13268459516042247,0.8668553656104951,2,-0.7397369992753873,5.835416607524311,true
1628427,Vlatko Čančar,0.1344635023272399,0.20146988650152955,-0.18690154981549814,0.06723175116361994,0.1735219482413429,-0.01385741697416974,0.6674124091801632,-0.7194349242153261,2,-9.703359765956396,5.835416607524311,true
1627824,Guerschon Yabusele,0.13147828837379288,2.439264190497638,-0.5813020848708488,0.06573914418689644,0.16966960071094225,-0.4772672324723248,0.0539007988089104,-0.22617893827613603,2,-0.27548149009248585,5.83541660752431,true
1630658,Colin Castleton,0.1283865080853251,0.5792677309838461,-0.13562171955719557,0.06419325404266255,0.16567973186249096,-0.09324557933579336,0.22163587097674076,-0.9466515282692668,2,-1.376864286755978,5.835416607524311,true
203078,Bradley Beal,0.12697522011531123,2.258472181590932,-0.18096575645756457,0.06348761005765562,0.1638584983392826,-0.440809372693727,0.05622173305932256,-0.7016532995019209,2,-0.2880501821895997,5.835416607524311,true
1631245,Quenton Jackson,0.12314425834602027,0.5375860136474921,0.6080065940959409,0.06157212917301014,0.15891473338938808,-0.08570962730627306,0.22906894007619938,0.20253770196214124,2,-1.4367610992634359,5.835416607524311,true
203957,Danté Exum,0.11962078642601137,0.5105367411311579,0.04604352029520295,0.059810393213005686,0.15436777676880514,-0.08084431734317343,0.23430397224884655,2.597993933979763,2,-1.4796437196474423,5.835416607524311,true
1630222,Mason Jones,0.11802319578260895,0.07470935378470864,0.070759926199262,0.059011597891304474,0.1523061240813668,0.008957623616236162,1.5797646453042364,1.6679383674066055,2,13.175726156732654,5.835416607524311,true
1642352,Keshad Johnson,0.11288585434482384,0.15125365396779525,0.3106313800738007,0.05644292717241192,0.14567650727355838,-0.007934745387453875,0.7463347256976639,0.3634077610510699,2,-14.226777146915738,5.835416607524311,true
1630526,Jeremiah Robinson-Earl,0.11207703545695723,1.6530899786013284,-0.8875981402214023,0.056038517728478614,0.1446327457563591,-0.31869290036900366,0.06779850879731608,-0.12627002060752487,2,-0.3516772269705006,5.835416607524311,true
1642353,Cam Christie,0.1095506445923411,0.09492359856890857,-0.06359869372693727,0.05477532229617055,0.14137249849773542,0.003024981549815498,1.1540928309077347,-1.722529790669912,2,36.21531000710496,5.835416607524311,true
1641736,Reece Beekman,0.1084263471483239,0.6217284983193474,-0.20076976383763837,0.05421317357416195,0.139921619415218,-0.10615469003690035,0.1743950091421277,-0.5400531687431172,2,-1.021399498323003,5.83541660752431,true
1641752,Bobi Klintman,0.0916854843490515,0.06191180805269902,0.07355940959409593,0.04584274217452575,0.11831793456472835,0.006157416974169741,1.4809046486093456,1.2464140869941187,2,14.890251014941903,5.835416607524311,true
1642384,Isaiah Crawford,0.09014336246277446,0.0737551006936634,0.09249198154981549,0.04507168123138723,0.11632786298767563,0.0033892140221402213,1.2221983512323922,0.974607322194994,2,26.59712897264916,5.835416607524311,true
1641706,Brandon Miller,0.07826370315820645,1.2209818458543487,0.33226132841328415,0.039131851579103226,0.10099744550416165,-0.23632258302583026,0.06409899002506754,0.23554863736913112,2,-0.33117318775096566,5.83541660752431,true
1630201,Malachi Flynn,0.07440666504385372,0.05767630201047671,0.018793062730627304,0.03720333252192686,0.09602002965183029,0.0034599630996309957,1.2900734348457015,3.9592623145237624,2,21.505045834676437,5.835416607524312,true
1642280,Trentyn Flowers,0.07332276332513434,0.04920643524525677,-0.0257570295202952,0.03666138166256717,0.09462128029100669,0.004987435424354243,1.4901051653036022,-2.8467088282583135,2,14.701496277443619,5.835416607524311,true
1631159,Leonard Miller,0.07303923959645807,0.054255769377245654,0.1066359335793358,0.036519619798229035,0.09425539966971493,0.003884560885608856,1.3462022644745688,0.6849402180374572,2,18.80244427807703,5.835416607524311,true
1641798,Jaylen Martin,0.06640559828915175,0.32968118570553895,-0.0927669188191882,0.03320279914457588,0.08569484350647678,-0.05444734317343173,0.20142368193392504,-0.7158327465697418,2,-1.2196297269754608,5.835416607524311,true
1641936,Miles Norris,0.0636443695886622,0.052327175154512955,0.03778682656826567,0.0318221847943311,0.0821315436120355,0.002340479704797048,1.2162775728047912,1.6843004657637044,2,27.192873947258196,5.835416607524311,true
1642050,Jackson Rowe,0.05471148800638085,0.0820211359195869,0.06146661254612546,0.027355744003190425,0.07060387261775815,-0.005647837638376384,0.6670413350531954,0.8901009139770723,2,-9.687156662334413,5.835416607524311,true
1631232,Keion Brooks Jr.,0.05428823727266309,0.4540968264477639,0.07860870848708486,0.027144118636331545,0.07005767762329379,-0.08268338007380073,0.11955211776602898,0.6906135251106748,2,-0.6565798014571613,5.835416607524311,true
1641755,Kevin McCullar Jr.,0.04838985845790488,0.047801329375312326,0.007296324723247232,0.02419492922895244,0.06244596020043915,0.00012171217712177122,1.0123119814926425,6.632086741387376,2,397.5761472863274,5.835416607524311,true
1642443,Jahmir Young,0.043128465968179035,0.04881141869694838,-0.006846826568265683,0.021564232984089517,0.055656258463697705,-0.0011752767527675278,0.8835732932891656,-6.2990446067489,2,-36.696434151888596,5.835416607524311,true
1631386,Tazé Moore,0.042726769669974726,0.03567915888594089,0.029559166051660517,0.021363384834987363,0.05513787895506262,0.0014574981549815497,1.1975273802435655,1.4454660052080361,2,29.315144944739636,5.835416607524311,true
1628408,PJ Dozier,0.04042587136149867,0.054402063172412106,0.013759132841328413,0.020212935680749337,0.05216862447126734,-0.0028903800738007378,0.7430944527486061,2.9381118583339183,2,-13.98635138953896,5.835416607524311,true
1630618,D.J. Carton,0.03962564410177386,0.05490217043706571,-0.08065573062730626,0.01981282205088693,0.05113595024562246,-0.00315929889298893,0.7217500471533578,-0.49129359803181144,2,-12.54254359716028,5.835416607524311,true
1641707,Taylor Hendricks,0.039070805800201606,0.10929111831771528,-0.08242487084870849,0.019535402900100803,0.050419944627879215,-0.01452208118081181,0.3574929637614342,-0.47401719163038036,2,-2.6904412193912197,5.835416607524311,true
1630600,Isaiah Mobley,0.033066162111059096,0.030200205334919725,0.012373132841328412,0.016533081055529548,0.042671094914747694,0.0005927011070110701,1.09489858576642,2.672416318089819,2,55.78893260012337,5.835416607524311,true
201567,Kevin Love,0.03121474161168064,0.34372368446832635,-0.25080834686346865,0.01560737080584032,0.04028188084174025,-0.06462916605166051,0.09081347321166934,-0.12445655019875738,2,-0.48298227439186714,5.835416607524311,true
1630191,Isaiah Stewart,0.031087223762419756,1.9380765772367776,-0.35050735793357934,0.015543611881209878,0.040117322093408354,-0.3943795350553505,0.016040245327531136,-0.08869207181753583,2,-0.07882565143258946,5.835416607524311,true
1641801,Emanuel Miller,0.027864006636415528,0.0334507863190057,-0.020125129151291513,0.013932003318207764,0.0359578371355648,-0.0011553874538745388,0.8329851014767944,-1.3845380283995534,2,-24.116590969527028,5.835416607524311,true
1642449,Tolu Smith,0.025912802666338716,0.027699872724431727,-0.0016404797047970478,0.012956401333169358,0.033439854869418056,-0.0003695793357933579,0.935484539013178,-15.795869092781324,2,-70.11431689142731,5.835416607524311,true
1641789,Jazian Gortman,0.024892961332886446,0.08041603399326283,-0.12464776014760146,0.012446480666443223,0.03212377391053441,-0.011482583025830257,0.309552213616652,-0.1997064472190233,2,-2.1678886429028488,5.835416607524311,true
1641766,Adama Sanogo,0.022761483902152095,0.03193914030896466,-0.033148073800738004,0.011380741951076048,0.02937315303563437,-0.0018980073800738007,0.7126517395887271,-0.6866608310026551,2,-11.992305267678704,5.835416607524311,true
1631121,Bryce McGowens,0.02054936575114033,0.043667617451774034,-0.2879388265682657,0.010274682875570165,0.026518467231233474,-0.004781025830258302,0.4705859158410644,-0.07136712334370927,2,-4.2981080798783555,5.835416607524311,true
1641879,Yuri Collins,0.019044775714113935,0.025567056845901527,-0.02523952029520295,0.009522387857056967,0.02457682961202322,-0.0013488560885608855,0.7448951136183227,-0.7545617147776618,2,-14.11920506244153,5.835416607524311,true
1630592,Jalen Wilson,0.01701685001203519,2.5722682401607706,-0.6744598671586716,0.008508425006017594,0.02195983977743589,-0.5284449298892988,0.006615503681284659,-0.025230337401279137,2,-0.03220174714439963,5.835416607524311,true
1642285,Cam Spencer,0.015461916048704425,0.35791102698164656,0.27487424354243545,0.0077309580243522125,0.01995323451999476,-0.07082101476014759,0.04320044615305273,0.05625087257881765,2,-0.218323842168457,5.835416607524311,true
1641803,Tristen Newton,0.011655221860655797,0.025893828697572407,-0.07448607011070112,0.0058276109303278985,0.015040786305893911,-0.002944649446494465,0.4501158170459549,-0.15647518849274528,2,-3.9581016594457656,5.835416607524311,true
1631250,Pete Nance,0.011579404510563208,0.17435778077145325,-0.16675376752767526,0.005789702255281604,0.014942945820774427,-0.03366377490774908,0.0664117452019041,-0.06944013728890074,2,-0.3439722533285398,5.835416607524311,true
1631199,Ron Harper Jr.,0.011146507036475866,0.01784115025102613,-0.06333450184501845,0.005573253518237933,0.014384301937547427,-0.0013845018450184502,0.6247639238302349,-0.17599423239724415,2,-8.050915263552664,5.835416607524311,true
1630296,Braxton Key,0.0005148947672292288,0.017930959129857753,-0.13360112177121772,0.0002574473836146144,0.0006644594377101001,-0.0036017712177121766,0.028715405768331228,-0.0038539703888935076,2,-0.14295598918031416,5.835416607524311,true
1641739,Toumani Camara,0,3.3496526170944074,0.9167646346863467,0,0,-0.6927329926199262,0,0,,0,5.835416607524311,true
200782,P.J. Tucker,0,0.07168951192297551,-0.10386282287822877,0,0,-0.014825922509225093,0,0,,0,5.835416607524311,true
1642450,Daniss Jenkins,-0.0021735311895332266,0.021930931384646912,-0.11801225092250922,-0.0010867655947666133,-0.002804890249350021,-0.004984981549815498,-0.09910802014796512,0.018417843677606315,2,0.4360158945048999,5.835416607524311,true
1630227,Daishen Nix,-0.0022252316887017383,0.0177800109171661,-0.15340298523985238,-0.0011126158443508691,-0.0028716085125627196,-0.004137232472324724,-0.12515356143866818,0.014505791300100775,2,0.53785512503516,5.835416607524311,true
1641790,PJ Hall,-0.002821973018754581,0.08012727931078262,0.1727019077490775,-0.0014109865093772905,-0.003641688990869007,-0.017154520295202952,-0.03521863019720466,-0.01634013807684562,2,0.1645031729359235,5.835416607524311,true
1642502,Malevy Leons,-0.012557644276171434,0.023974873865557394,-0.12439490774907748,-0.006278822138085717,-0.016205340946868853,-0.00755519557195572,-0.5237835388244484,0.10094982586829052,2,1.6621203457372304,5.835416607524311,true
1641817,Anton Watson,-0.015931591720451027,0.027857370105586407,-0.15495427306273063,-0.007965795860225514,-0.02055933979162966,-0.00905588191881919,-0.5718986271879328,0.102814794361956,2,1.7592534734075214,5.835416607524311,true
1631123,Jamaree Bouyea,-0.026875818669801117,0.05879975216882569,-0.11626152767527677,-0.013437909334900558,-0.03468260409293382,-0.017718343173431732,-0.45707367256643083,0.2311669148616934,2,1.5168358805749298,5.835416607524311,true
1629098,Jack McVeigh,-0.027407293772040653,0.055841094201131765,-0.1354489667896679,-0.013703646886020326,-0.03536846005820484,-0.017216383763837637,-0.4908086806702504,0.20234405932826424,2,1.5919309274232512,5.835416607524311,true
1641779,Jalen Bridges,-0.028569424525945037,0.03238267904127568,-0.031037380073800736,-0.014284712262972519,-0.036868162126338595,-0.012605346863468637,-0.8822440073450938,0.9204844113134746,2,2.266452866024786,5.83541660752431,true
1630561,David Duke Jr.,-0.030157971350250928,0.03975733522080881,0.06125591512915129,-0.015078985675125464,-0.03891814398056191,-0.014459003690036899,-0.7585511247863107,-0.4923274966452823,2,2.0857572206743082,5.835416607524312,true
1631170,Jaime Jaquez Jr.,-0.04224669360626712,1.7101223808244543,-0.7442973431734317,-0.02112334680313356,-0.05451835222523043,-0.36240291512915124,-0.0247039007734054,0.056760505722271606,2,0.11657382389214907,5.835416607524311,true
1641753,Chris Livingston,-0.04532400378418048,0.12222992626977543,-0.32227483394833945,-0.02266200189209024,-0.05848954774053767,-0.034651394833948336,-0.37080938496309995,0.14063773838278015,2,1.307999403815516,5.835416607524311,true
1642279,Ulrich Chomche,-0.05330200880018632,0.030056041425642357,-0.18654152767527676,-0.02665100440009316,-0.06878497326119283,-0.017239062730627308,-1.773420792357294,0.28573803090629823,2,3.0919319474073705,5.835416607524311,true
1630699,MarJon Beauchamp,-0.0649590394246614,0.1962897947185447,-0.08202599999999999,-0.0324795197123307,-0.08382809373372971,-0.054028195571955706,-0.33093436934816006,0.7919323071301955,2,1.2023173962592884,5.835416607524311,true
1630649,Stanley Umude,-0.06504405132416881,0.10164507071453437,-0.2653197343173432,-0.032522025662084404,-0.08393779956595118,-0.03447254612546125,-0.6399134839193739,0.24515346169603439,2,1.8868362982949958,5.835416607524311,true
1641772,Nae'Qwan Tomlin,-0.06531762685183894,0.07387824418549799,-0.04403529520295203,-0.03265881342591947,-0.08429084227070643,-0.02878673800738007,-0.8841253277194226,1.4833016686001501,2,2.2690180052735887,5.835416607524311,true
1630585,Marcus Garrett,-0.06947190515383095,0.0871856187680246,-0.17070571955719555,-0.034735952576915474,-0.089651839508039,-0.03239793726937269,-0.7968275747250857,0.4069688194047543,2,2.144331121336729,5.835416607524311,true
201949,James Johnson,-0.07960037962067389,0.031603139775644835,-0.22364266420664206,-0.03980018981033694,-0.10272239465334582,-0.022997712177121772,-2.5187490922031244,0.3559266292192105,2,3.4612303609861117,5.835416607524311,true
1628976,Wendell Carter Jr.,-0.0804899899591362,2.2547814193623568,-0.5596425092250923,-0.0402449949795681,-0.10387041561393291,-0.4829514391143911,-0.035697469061945014,0.14382393873293592,2,0.16666269823470073,5.835416607524311,true
1630762,Phillip Wheeler,-0.08145828152373813,0.04084335760153727,-0.2319010627306273,-0.040729140761869065,-0.10511997282349063,-0.025292885608856088,-1.9944070788311534,0.35126307988661015,2,3.220600558728507,5.835416607524311,true
1642358,AJ Johnson,-0.09237959746471046,0.8151302494920469,-1.0572312324723248,-0.04618979873235523,-0.1192136710139835,-0.18767976383763837,-0.11333108729835181,0.08737880099198515,2,0.4922192759397757,5.835416607524311,true
1629628,RJ Barrett,-0.09436456502608107,2.4464433821873826,-0.8432880885608857,-0.04718228251304053,-0.12177522439079985,-0.5254579188191882,-0.038572143427946015,0.11190074460451473,2,0.1795853895172759,5.835416607524311,true
1641857,Liam Robbins,-0.10595753526528882,0.056080808140261465,-0.15484268634686346,-0.05297876763264441,-0.13673567646139653,-0.033510730627306265,-1.8893724748096117,0.6842915074977006,2,3.161898689816962,5.835416607524311,true
1630200,Tre Jones,-0.10987290601281438,1.1482766231097312,0.7407505129151292,-0.05493645300640719,-0.14178836918796522,-0.26019464944649445,-0.0956850499274814,-0.14832646632997062,2,0.4222719654172146,5.835416607524311,true
202709,Cory Joseph,-0.11740987411754582,0.7652782092206067,0.32045909594095934,-0.05870493705877291,-0.1515146470754996,-0.18254643911439114,-0.1534211646208001,-0.3663802201425955,2,0.6431781123047376,5.835416607524311,true
203083,Andre Drummond,-0.12136805227546124,0.9509926376373169,-0.6141867158671587,-0.06068402613773062,-0.15662258174595237,-0.22177214022140218,-0.1276224940889056,0.19760774556008423,2,0.5472646480946419,5.835416607524311,true
1641757,Jordan Miller,-0.12434392094917528,0.5162035386209131,-0.5565917232472325,-0.06217196047458764,-0.1604628694153643,-0.132469963099631,-0.2408815741197201,0.2234023894996781,2,0.9386574740392726,5.835416607524311,true
1631166,Drew Timme,-0.12645520051726072,0.3128807604376004,-0.26072158671586715,-0.06322760025863036,-0.1631874254294174,-0.09085793357933579,-0.40416419450143987,0.48502006339456216,2,1.3917904087796795,5.835416607524311,true
1631102,TyTy Washington Jr.,-0.1447517509314549,0.12048501722662767,-0.31082541697416977,-0.07237587546572745,-0.18679868810678227,-0.054852929889298886,-1.2014087250299548,0.4657011396963205,2,2.638906458115998,5.835416607524311,true
1630542,Marcus Bagley,-0.1540906999911705,0.31324285840722765,-0.3131837195571956,-0.07704534999558525,-0.1988503795124153,-0.0966480442804428,-0.4919208717947744,0.49201376179143785,2,1.5943488679817137,5.835416607524311,true
1631210,Jacob Toppin,-0.15776279200499915,0.06727614085138833,-0.11075642804428046,-0.07888139600249958,-0.20358912682549893,-0.046539719557195575,-2.3450035927817865,1.424412061590913,2,3.3898526571720007,5.835416607524311,true
202704,Reggie Jackson,-0.16124767696352954,0.4706891724720236,-0.4035408560885609,-0.08062383848176477,-0.20808628789103098,-0.13068922509225092,-0.3425778335130784,0.3995820361944769,2,1.2338253352539814,5.835416607524311,true
1631216,Caleb Houstan,-0.16969520692096363,0.9618281433998033,0.8406754612546125,-0.08484760346048181,-0.21898762416943404,-0.2340074169741697,-0.17642986232565083,-0.20185578709257535,2,0.7251702066336426,5.835416607524311,true
1631169,Josh Minott,-0.1700019431186544,0.34715749660451395,0.2438612472324723,-0.0850009715593272,-0.21938345992931116,-0.10695240590405904,-0.48969688046898985,-0.6971257017995647,2,1.5895102282332345,5.835416607524311,true
1630243,Trevelin Queen,-0.1998602625961735,0.5172817840521483,-0.09013974907749078,-0.09993013129808676,-0.25791491030268104,-0.14831029151291514,-0.38636632635806323,2.217226746708146,2,1.347581887658614,5.835416607524311,true
1642505,Alex Ducas,-0.2021088574842079,0.12817998360976748,-0.16759102952029523,-0.10105442874210395,-0.2608166684677159,-0.06830618081180811,-1.5767583345891998,1.2059646513462856,2,2.9588663146171577,5.835416607524311,true
1631306,Cole Swider,-0.2025132669281412,0.19756985257878015,-0.0151960184501845,-0.1012566334640706,-0.26133854922631555,-0.08274015498154982,-1.0250210965126365,13.326732103676962,2,2.447581430966615,5.835416607524311,true
1629610,DaQuan Jeffries,-0.20552681818142404,1.339624938250271,-0.5938459040590406,-0.10276340909071202,-0.2652274653674567,-0.3195488376383764,-0.15342116462080013,0.3460945285243399,2,0.6431781123047378,5.835416607524311,true
1629234,Drew Eubanks,-0.20975872259732797,0.9428550020503518,-0.5349814317343173,-0.10487936129866399,-0.27068863725655185,-0.23836906273062727,-0.2224718775858243,0.392085986830097,2,0.8799746082584934,5.835416607524311,true
201988,Patty Mills,-0.21695036754289027,0.40634089974133497,-0.13605644280442805,-0.10847518377144513,-0.2799692838291584,-0.12890125461254612,-0.5339122093813217,1.5945615148467593,2,1.6830741344993412,5.835416607524311,true
203500,Steven Adams,-0.2261135650514967,0.9935804846059766,-0.5462448708487085,-0.11305678252574836,-0.29179417204264574,-0.2522417712177122,-0.22757448294806876,0.4139417633344196,2,0.8964160216601715,5.835416607524311,true
1642422,Armel Traoré,-0.23175163260659307,0.047905846675846665,-0.17383247232472324,-0.11587581630329653,-0.29906996398279395,-0.05783523985239853,-4.837648193021884,1.33318953304464,2,4.007100743388409,5.835416607524311,true
1629020,Jarred Vanderbilt,-0.23960468218874842,0.7092898004395669,-0.401479704797048,-0.11980234109437421,-0.3092041374911944,-0.19623841328413283,-0.3378092876004401,0.5968039712240771,2,1.22098766586451,5.835416607524311,true
1641712,Rayan Rupert,-0.24119895676514883,0.5888968338198926,-0.24141088560885604,-0.12059947838257441,-0.31126151087312065,-0.171669963099631,-0.4095776083573185,0.9991221239126284,2,1.4050154867521334,5.835416607524311,true
1631097,Bennedict Mathurin,-0.24832367744939668,2.7644880912049734,-0.36819948339483394,-0.12416183872469834,-0.32045579327993573,-0.623071808118081,-0.08982627859364675,0.6744270121180752,2,0.39854744543719717,5.835416607524311,true
1630346,Matt Ryan,-0.2807943040729493,0.04173187339364715,-0.21786841328413284,-0.14039715203647465,-0.36235836382747266,-0.06670080442804428,-6.728533402377633,1.2888252126146975,2,4.209758884930174,5.835416607524311,true
1630623,Tyson Etienne,-0.284597230003041,0.1557833950534338,-0.3444460295202952,-0.1422986150015205,-0.36726594919440053,-0.09107397785977861,-1.826877825492402,0.8262462203422559,2,3.124901719360705,5.835416607524311,true
1631212,Peyton Watson,-0.2862579766498006,2.2004022973637087,-0.6674435424354244,-0.1431289883249003,-0.369409103200457,-0.5142597785977859,-0.1300934729039162,0.4288871768918137,2,0.5566408040510774,5.835416607524311,true
1629052,Oshae Brissett,-0.28875301560821587,0.1286257646035201,-0.3374998597785978,-0.14437650780410793,-0.37262889157060236,-0.0863170258302583,-2.24490805942555,0.8555648461532392,2,3.3452614108373733,5.835416607524311,true
1631222,Jake LaRavia,-0.29750185547188285,1.761328750711714,-0.2296398819188192,-0.14875092773594142,-0.38391906110895363,-0.4257814317343173,-0.1689076246280934,1.2955147554772466,2,0.698719655904395,5.835416607524311,true
1642359,Pacôme Dadiet,-0.30028689956265986,0.09160102740919619,-0.39115852767527676,-0.15014344978132993,-0.3875130941975277,-0.08104532841328413,-3.2782044924150364,0.767685933749974,2,3.705172222035686,5.835416607524312,true
201569,Eric Gordon,-0.31336592000974645,0.9438986921878909,0.010513690036900367,-0.15668296000487322,-0.40439125867924425,-0.26001164206642063,-0.3319910522212784,-29.805512518431883,2,1.2051995730625644,5.835416607524311,true
1630811,Keaton Wallace,-0.3511317027143183,0.6127530353118308,-0.2284700811808118,-0.17556585135715916,-0.45312710207419177,-0.19933850922509225,-0.5730395158885292,1.5368826452004094,2,1.7614845424464463,5.83541660752431,true
1629669,Jaylen Nowell,-0.3586778653684647,0.14914217237022595,-0.24939700738007384,-0.17933893268423234,-0.4628652453088283,-0.10502094833948339,-2.4049392580798257,1.4381803099258925,2,3.415298290861245,5.835416607524311,true
1641732,Colby Jones,-0.3653172344278657,0.589611794598043,0.020462446494464943,-0.18265861721393284,-0.4714331929997695,-0.1974864022140221,-0.6195894277808909,-17.853057527929682,2,1.849834876387895,5.835416607524311,true
204060,Joe Ingles,-0.36865138906812045,0.0859393656115972,-0.4214314095940959,-0.18432569453406022,-0.475735840178384,-0.09401273800738007,-4.289668494112927,0.8747601167724759,2,3.9212919108810667,5.835416607524311,true
1642278,Tyler Kolek,-0.38143060691215697,0.30965104222280826,-0.691011922509225,-0.19071530345607848,-0.4922271165390216,-0.1429208081180812,-1.2318079221503153,0.5519884599488438,2,2.6688248683635973,5.835416607524311,true
202066,Garrett Temple,-0.3884501178342486,0.23420965474675343,-0.26129641328413283,-0.1942250589171243,-0.5012856282527685,-0.12877065682656827,-1.6585572369092663,1.4866262913905721,2,3.0166043057264473,5.835416607524311,true
1641723,Kobe Bufkin,-0.4106195330462144,0.09850183841733454,-0.14393704797047968,-0.2053097665231072,-0.529894730740591,-0.105290073800738,-4.168648419600997,2.852771672310725,2,3.8998883581686337,5.835416607524311,true
203924,Jerami Grant,-0.42620896694418003,1.9157880608067366,-0.14414183025830254,-0.21310448347209002,-0.5500125240089181,-0.4843423468634686,-0.22247187758582432,2.9568721736113135,2,0.8799746082584933,5.835416607524311,true
1630550,JT Thor,-0.4302462785191901,0.24393401940029497,-0.31930856457564577,-0.21512313925959506,-0.5552225784700026,-0.13942548339483393,-1.763781368326315,1.3474310627745867,2,3.085851080041024,5.835416607524311,true
203468,CJ McCollum,-0.43038253872691135,2.365282981660883,-0.3395034870848708,-0.21519126936345567,-0.5553984190237761,-0.5781643542435425,-0.18195815979054655,1.2676822333177453,2,0.7443947997970479,5.835416607524311,true
200768,Kyle Lowry,-0.4379841701381832,0.7829876071328135,-0.2941729852398524,-0.2189920850690916,-0.5652081433687983,-0.25250601476014756,-0.5593756097136932,1.4888660485974776,2,1.7345494544128746,5.835416607524312,true
1630528,Josh Christopher,-0.4512482874161119,0.018575403477966962,-0.3462943911439114,-0.22562414370805595,-0.5823251709036492,-0.0971630221402214,-24.292785238897004,1.3030770897718185,2,4.64423890361181,5.835416607524311,true
1642346,Ryan Dunn,-0.4602851729180034,1.7229185398855202,-0.4764807011070111,-0.2301425864590017,-0.5939870564798997,-0.45150271217712173,-0.267154344365339,0.9660101067023691,2,1.0194516234432638,5.835416607524311,true
1641734,Emoni Bates,-0.47537116755292874,0.014760148992212571,-0.1695490405904059,-0.23768558377646437,-0.6134551733659224,-0.10136278966789669,-32.20639356714717,2.8037384693984997,2,4.689799571523502,5.835416607524311,true
1631099,Keegan Murray,-0.47538533620284684,3.3134311295637784,-0.1392620295202952,-0.23769266810142342,-0.6134734576712929,-0.7835553321033211,-0.14347222489740794,3.41360339096284,2,0.6067029560334376,5.835416607524311,true
1631223,David Roddy,-0.48746215076371896,0.49730924959152706,-0.2533364575645757,-0.24373107538185948,-0.6290582993188945,-0.2036580258302583,-0.9801992445628225,1.9241689705851532,2,2.3935327310400294,5.835416607524311,true
1642345,Oso Ighodaro,-0.5033792723736156,1.2589510814401887,-0.4078670110701107,-0.2516896361868078,-0.6495989657773802,-0.36446298154981555,-0.3998402160294983,1.2341750097731898,2,1.381153362223737,5.835416607524311,true
1642266,Ja'Kobe Walter,-0.5059460589635296,1.4175026244140643,0.230841221402214,-0.2529730294817648,-0.6529113427576978,-0.3977834464944649,-0.3569277758287512,-2.1917491853934417,2,1.2719133071581192,5.835416607524311,true
1631247,Luke Travers,-0.5367900039922526,0.018572866874962658,-0.5626585793357933,-0.2683950019961263,-0.6927147194376213,-0.11485315867158671,-28.901838774060124,0.9540243830031384,2,4.673706933277822,5.835416607524311,true
1641783,Tristan da Silva,-0.5418001290414133,1.9781834809728802,-0.8670184501845019,-0.27090006452070664,-0.6991801665248715,-0.5211512915129152,-0.27388770265888246,0.624900345461066,2,1.039621579884325,5.835416607524311,true
1642461,Spencer Jones,-0.5791684358966926,0.06483875533464661,-0.3265252029520296,-0.2895842179483463,-0.7474030768000176,-0.13318546125461256,-8.932442223905767,1.7737327185178393,2,4.34858602764072,5.835416607524311,true
203482,Kelly Olynyk,-0.5832924174047112,1.070971406919055,-0.34553136531365314,-0.2916462087023556,-0.7527249767460797,-0.3421140221402214,-0.5446386464067354,1.68810266146239,2,1.7049649521984183,5.835416607524311,true
1641842,Ronald Holland II,-0.5837007458369198,1.5994921006613865,-0.41719359409594103,-0.2918503729184599,-0.7532519148657393,-0.4515004649446494,-0.36492880808574224,1.3991124362822491,2,1.2928020924817367,5.835416607524311,true
1642269,Devin Carter,-0.5908173270839807,0.3977121911757915,-0.08073856826568265,-0.29540866354199036,-0.7624356935226608,-0.2044352324723247,-1.4855398959164303,7.317659202722119,2,2.8899975798641373,5.835416607524311,true
1630311,Pat Spencer,-0.5970940389976107,0.22808655952731513,-0.34610161992619926,-0.29854701949880535,-0.7705356408016786,-0.17065346494464942,-2.6178396492762395,1.7251986255508762,2,3.498868535668321,5.835416607524311,true
1641725,Trey Alexander,-0.5984763867465157,0.052608641083370884,-0.5161930442804429,-0.29923819337325785,-0.7723195276585989,-0.1346492103321033,-11.376009233883988,1.159404206193389,2,4.444707735533046,5.835416607524311,true
1642530,Yuki Kawamura,-0.6203310770539222,0.011903534124606496,-0.2534710332103321,-0.3101655385269611,-0.8005224851505377,-0.1307508044280443,-52.11318508942645,2.447345044509157,2,4.744376753684198,5.835416607524311,true
1631120,JD Davison,-0.6377488697125699,-0.001277148899518865,-0.4117636605166051,-0.31887443485628497,-0.8229997318671737,-0.1316270701107011,499.35357572858294,1.5488226156539415,2,4.845119390534256,5.835416607524311,true
1642277,Johnny Furphy,-0.6803022995165279,0.38588220733064826,0.21756198892988932,-0.34015114975826394,-0.8779139198522812,-0.22049485977859778,-1.7629791853388095,-3.1269354672785212,2,3.0853431240965423,5.835416607524311,true
201959,Taj Gibson,-0.6959520255418036,0.4061409987474764,-0.34479920664206637,-0.3479760127709018,-0.8981095186753751,-0.22792100738007381,-1.7135724482091035,2.018426992102295,2,3.0534790695324374,5.835416607524311,true
1626196,Josh Richardson,-0.7506442200674451,0.05552646442953733,-0.3829218007380074,-0.37532211003372257,-0.9686884935156078,-0.166722073800738,-13.518674883757583,1.9603068266698949,2,4.502368540380538,5.835416607524311,true
1630245,Ayo Dosunmu,-0.755181202647539,1.7800765606009068,-0.3475276568265683,-0.3775906013237695,-0.9745433615118241,-0.5243100996309963,-0.4242408553442273,2.173010371443352,2,1.4403331219044364,5.835416607524311,true
1642402,Enrique Freeman,-0.7711646455974766,0.11987600435130714,-0.18278229520295203,-0.3855823227987383,-0.995169614080553,-0.1842738118081181,-6.43301926662079,4.2190336035621785,2,4.184884645467041,5.835416607524311,true
1628964,Mo Bamba,-0.7822865835920736,0.3900715923362504,-0.46846079335793356,-0.3911432917960368,-1.0095222102545331,-0.24245236162361622,-2.0054948859688433,1.6699083353051434,2,3.2265579033892755,5.835416607524311,true
1631213,Tyrese Martin,-0.8097491953909214,1.549284450340426,-0.469254221402214,-0.4048745976954607,-1.0449620569092368,-0.48786564575645747,-0.5226601191362853,1.7256087605802428,2,1.6597790855623151,5.835416607524311,true
1630192,Zeke Nnaji,-0.8130850080646769,0.6530718319362243,0.13316921402214021,-0.40654250403233844,-1.0492668437406067,-0.3032121033210332,-1.245016196233799,-6.105652977192585,2,2.681571741889879,5.835416607524311,true
1631311,Lester Quinones,-0.8135819659240318,0.10910223911895964,-0.07309549815498155,-0.4067909829620159,-1.0499081560257744,-0.1908179335793358,-7.457060207874767,11.130397718872173,2,4.2636556777603465,5.835416607524311,true
1641737,Adem Bona,-0.8564140960864806,1.0372306851802473,0.4356770036900369,-0.4282070480432403,-1.1051820001877917,-0.39161977859778596,-0.825673698554006,-1.9657087448567234,2,2.186850978653105,5.83541660752431,true
1629651,Nic Claxton,-0.8754362622528533,2.2785008335653165,-0.3833219114391144,-0.43771813112642666,-1.1297296527167773,-0.6522575719557195,-0.3842159060714505,2.283814820202118,2,1.3421634334239434,5.835416607524311,true
1630173,Precious Achiuwa,-0.8804555818514286,1.4052589808744755,-0.8268197490774907,-0.4402277909257143,-1.1362069651511293,-0.4727027158671587,-0.6265432876319579,1.064870043118565,2,1.8625989491857684,5.835416607524311,true
1629629,Cam Reddish,-0.8953323628045875,0.6488545406638161,-0.36032487084870857,-0.44766618140229375,-1.1554050967621106,-0.3193492988929889,-1.3798660665741973,2.484792017536073,2,2.803614618564124,5.835416607524311,true
203501,Tim Hardaway Jr.,-0.9031857138473796,2.6694715888266356,-0.06571135055350553,-0.4515928569236898,-1.1655396592982852,-0.7388520147601476,-0.33833876248309286,13.74474434385517,2,1.2224176097571844,5.835416607524311,true
201599,DeAndre Jordan,-0.9075171002733455,0.7493621313062545,-0.42540265682656825,-0.45375855013667277,-1.171129210352746,-0.34265490774907753,-1.211052790579906,2.133313193300835,2,2.6484870922610875,5.835416607524311,true
1641729,Brice Sensabaugh,-0.9265763460980135,1.7446512445387277,0.9624312398523985,-0.46328817304900677,-1.1957247132979127,-0.5524296678966789,-0.5310954547497504,-0.962745500904684,2,1.6772747735034959,5.835416607524311,true
1631104,Blake Wesley,-0.9270733039573681,0.6972619679956792,-0.5414354575645757,-0.46353665197868404,-1.1963660255830797,-0.33592457564575645,-1.3295910956140276,1.7122508158727272,2,2.759766242690733,5.835416607524311,true
203954,Joel Embiid,-0.9590811885038147,0.5879067237095424,-0.3364555682656826,-0.47954059425190737,-1.23767143849778,-0.31992856826568267,-1.6313492427034266,2.8505433672789593,2,2.9977978950205904,5.835416607524311,true
203458,Alex Len,-1.0071423041375607,0.3085249516031293,-0.8723175276752767,-0.5035711520687803,-1.2996931639108522,-0.27208974169741695,-3.264378776835842,1.1545592885443807,2,3.7015078108221156,5.835416607524311,true
1630568,Luka Garza,-1.0098343476219618,0.12198951224309984,-0.3030753579335793,-0.5049171738109809,-1.3031671819311983,-0.2340695645756458,-8.278042341947978,3.3319579477103933,2,4.31424884073558,5.835416607524311,true
1630695,Micah Potter,-1.0243272184544732,0.7589763534299898,-0.9207130738007381,-0.5121636092272366,-1.321869886672201,-0.3688003985239852,-1.3496167750487895,1.1125368451932718,2,2.777456918577205,5.835416607524311,true
1626204,Larry Nance Jr.,-1.1130843141800673,0.4458565337727015,0.4368689667896679,-0.5565421570900336,-1.4364088054418964,-0.3224005239852399,-2.496507799855457,-2.5478676646674367,2,3.4524891598222913,5.835416607524311,true
1631288,Jamal Cain,-1.1356102065947549,0.435942549813843,0.013239583025830256,-0.5678051032973774,-1.465477933272279,-0.3250087601476015,-2.604953811183802,-85.77386496079174,2,3.4940910702807573,5.835416607524311,true
1642355,Bronny James,-1.1608189479444284,0.029524087219640907,-0.5156235387453875,-0.5804094739722142,-1.4980092137759053,-0.24617176383763834,-39.317691324668395,2.2512916124212,2,4.715483733179254,5.835416607524311,true
1641765,Olivier-Maxence Prosper,-1.1642153542061309,0.5556210016034356,-0.51875889298893,-0.5821076771030654,-1.5023921951898165,-0.35567490774907745,-2.095340800377212,2.2442320892048295,2,3.2732569232223288,5.835416607524311,true
1631172,Ousmane Dieng,-1.1886705946947456,0.32361683345656633,-0.1865142250922509,-0.5943352973473728,-1.533951100772743,-0.3127522509225092,-3.673080235037529,6.373082772141497,2,3.8006779845343566,5.835416607524311,true
1641745,Adam Flagler,-1.2025554194233328,0.05136624266912839,-0.822561889298893,-0.6012777097116664,-1.5518691364939199,-0.25932029520295197,-23.411395440571717,1.4619634523164278,2,4.637336304442258,5.835416607524311,true
1641775,Jordan Walsh,-1.2267470325852832,0.2842739089579027,-1.007786332103321,-0.6133735162926416,-1.5830878372886275,-0.31249033210332094,-4.315369768130738,1.2172689721093715,2,3.925711955081141,5.835416607524311,true
1628989,Kevin Huerter,-1.2298493639960302,2.059730445953366,0.26652817712177124,-0.6149246819980151,-1.5870913221091627,-0.6803094907749078,-0.5970923847886235,-4.614331502496778,2,1.8077792250041493,5.835416607524311,true
1642281,Jaylon Tyson,-1.2390014074610847,0.37202476390136535,-0.8670624132841327,-0.6195007037305423,-1.5989018162950188,-0.3331721549815498,-3.330427239487692,1.4289644995314417,2,3.7188023937045322,5.835416607524311,true
1642367,Jonathan Mogbo,-1.2754823649326759,1.4739336624476138,-1.0654382287822879,-0.6377411824663379,-1.6459796233178818,-0.5685996162361624,-0.8653594102835064,1.197143419933835,2,2.243199482573897,5.835416607524312,true
203967,Dario Šarić,-1.3091199456803173,0.04776108244988791,-0.49904167527675275,-0.6545599728401587,-1.6893881203779333,-0.2806130553505535,-27.40976289751971,2.6232677760916876,2,4.665213968911426,5.835416607524311,true
1630165,Killian Hayes,-1.317602143610955,-0.009769618832248046,-0.18612726199261992,-0.6588010718054775,-1.7003341948503277,-0.2704694612546126,134.86730303763215,7.079038983892639,2,4.871537575810085,5.835416607524311,true
204456,T.J. McConnell,-1.3448844819491454,1.6509820955686951,-0.8166331734317342,-0.6724422409745727,-1.7355414028962781,-0.6195674169741697,-0.8145966486001704,1.646864866262465,2,2.1706830364276803,5.835416607524312,true
1630574,Ariel Hukporti,-1.3470240988170665,0.04763794845435739,-0.6321632324723248,-0.6735120494085333,-1.7383025275210715,-0.2884264501845018,-28.27628272253726,2.130816899219202,2,4.6702516289868585,5.835416607524311,true
1631103,Malaki Branham,-1.4292746188936607,0.3110609592589669,0.1852082472324723,-0.7146373094468303,-1.8444448653342003,-0.35991429889298887,-4.594837688080779,-7.717121889824072,2,3.971152641864385,5.835416607524311,true
202693,Markieff Morris,-1.4415681836522134,-0.04503263548119533,-0.5172317047970479,-0.7207840918261067,-1.8603094179511896,-0.2888139040590406,32.01163263593981,2.7870839515103927,2,4.991339279003416,5.835416607524311,true
1628969,Mikal Bridges,-1.4622486847802536,3.6423180952669445,-0.17420794095940959,-0.7311243423901268,-1.8869971122640414,-1.0556622509225093,-0.4014610054735172,8.393697076765044,2,1.3851482171522582,5.835416607524311,true
1641998,Trey Jemison,-1.471569546201776,0.23530967738619663,-0.5583822509225093,-0.735784773100888,-1.8990254620032443,-0.35299527675276754,-6.253757017339309,2.6354160501530632,2,4.168808035447003,5.835416607524311,true
1641854,Craig Porter Jr.,-1.4777270304336498,0.405353453960446,-0.5351394354243543,-0.7388635152168249,-1.9069715487977101,-0.3894350036900369,-3.6455271714000124,2.761386907062537,2,3.7945408513144785,5.83541660752431,true
1628997,Caleb Martin,-1.524384997534569,1.302238751318361,-1.2311137896678965,-0.7621924987672845,-1.9671825444374675,-0.5845667453874539,-1.1705879555429535,1.2382161667978593,2,2.6077176123390298,5.835416607524311,true
1641721,Maxwell Lewis,-1.5366654487554314,0.15851863281691364,-0.11716667158671587,-0.7683327243777157,-1.9830301743462948,-0.3505766346863468,-9.693910560850309,13.115209538218679,2,4.383251183097961,5.835416607524311,true
1631093,Jaden Ivey,-1.5453475150881026,0.8853962510761161,-0.32617881918819186,-0.7726737575440513,-1.9942341742327419,-0.5026958302583026,-1.745373908247158,4.737731036411963,2,3.074120416503255,5.835416607524311,true
202691,Klay Thompson,-1.5459649064717593,2.336923411765115,-1.452674147601476,-0.7729824532358797,-1.995030903113556,-0.8030100885608855,-0.6615385419516456,1.0642200172862692,2,1.9252123086552502,5.835416607524312,true
1629632,Coby White,-1.5466829857080238,3.0677147579759207,0.6930232472324723,-0.7733414928540119,-1.9959575672708307,-0.9542916605166052,-0.5041808341817692,-2.2317909130531577,2,1.6207654847059314,5.835416607524311,true
1630544,Tre Mann,-1.6547741086285028,0.13190626127738878,-0.1789559557195572,-0.8273870543142514,-2.1354465878015443,-0.36949874538745386,-12.545076273131867,9.24682334250841,2,4.478429573267746,5.835416607524311,true
1626192,Pat Connaughton,-1.655637491891585,0.4981713664974842,-0.45575579335793354,-0.8278187459457925,-2.1365607633458072,-0.4454236383763837,-3.3234296533980863,3.6327294485784174,2,3.716995123847847,5.835416607524311,true
1626168,Trey Lyles,-1.7190250170179056,1.452408953501695,-0.8064258819188191,-0.8595125085089528,-2.2183608552945353,-0.6558760553505536,-1.1835681767682653,2.131659034712077,2,2.6209601692184332,5.835416607524311,true
1631115,Orlando Robinson,-1.7811572600536276,0.6990581708652777,-1.1439084870848708,-0.8905786300268138,-2.2985410355930145,-0.5129269372693728,-2.5479385468722198,1.557080203673213,2,3.472536009779149,5.835416607524311,true
203935,Marcus Smart,-1.7917352123295682,0.6800399721366047,-0.37842470110701104,-0.8958676061647841,-2.3121916311491097,-0.5111814317343174,-2.634749846689378,4.734720558906911,2,3.505086650449402,5.835416607524311,true
1631200,Kris Murray,-1.795674398467381,1.0929337529484462,-1.0038939188191882,-0.8978371992336905,-2.317275057069811,-0.5973855793357933,-1.6429855822671104,1.7887093096245767,2,3.0058884254687106,5.835416607524311,true
1630214,Xavier Tillman,-1.8248202157304119,-0.017672472996752536,-0.9525191365313652,-0.9124101078652059,-2.354887040299722,-0.37373154981549817,103.25777360450559,1.9157832590907982,2,4.882703150513462,5.835416607524311,true
1642275,Tidjane Salaün,-1.9796920002308862,1.245880151084111,-1.3796354243542437,-0.9898460001154431,-2.5547453907741438,-0.6670722324723247,-1.5889907215459238,1.4349385100469618,2,2.96773258406168,5.835416607524311,true
1628464,Daniel Theis,-2.0021514205752142,0.4865831936343265,-0.9469815940959408,-1.0010757102876071,-2.5837287379803953,-0.5146887675276752,-4.114715524021688,2.1142453380908814,2,3.8900235382882276,5.835416607524311,true
1631248,Baylor Scheierman,-2.0823904445544215,0.11438528346594329,-0.3423748560885609,-1.0411952222772107,-2.6872752879726107,-0.45430950553505534,-18.205055593313503,6.082194435492591,2,4.583638288839943,5.835416607524311,true
1629004,Svi Mykhailiuk,-2.1743089579755273,0.6278613575356586,-0.8168287084870849,-1.0871544789877636,-2.805893941006514,-0.5795095940959409,-3.463039940074732,2.6618909636547206,2,3.751980951010034,5.835416607524311,true
1629611,Terance Mann,-2.2536749519512824,1.4652947773772087,-0.14049325461254614,-1.1268374759756412,-2.908313866565703,-0.7691105092250922,-1.5380352040735639,16.041161251239373,2,2.930235544722884,5.835416607524311,true
1630579,Jericho Sims,-2.2857683005881912,0.40548126926245454,-0.8347262878228782,-1.1428841502940956,-2.949729568854285,-0.5565703616236162,-5.637173585714238,2.7383446932645445,2,4.106881102903491,5.835416607524311,true
203901,Elfrid Payton,-2.3047833824296045,0.2502409394101007,-1.8515897601476015,-1.1523916912148022,-2.9742680792305847,-0.5283979704797048,-9.210257074093185,1.2447591966839762,2,4.361832389963975,5.835416607524311,true
1629618,Jalen Pickett,-2.329255203253229,0.45952270332735634,-0.7155473616236162,-1.1646276016266146,-3.0058483813410724,-0.5767399446494464,-5.068857722126314,3.2552075909664757,2,4.0386576738134465,5.835416607524311,true
202331,Paul George,-2.4778508787613474,1.2971999766954796,-0.7915962656826568,-1.2389254393806737,-3.1976075625920246,-0.7807085018450185,-1.910153348193459,3.130195260110908,2,3.173848975521001,5.835416607524311,true
202695,Kawhi Leonard,-2.494222603011163,1.0815562019616969,1.0427588487084871,-1.2471113015055815,-3.2187348829334534,-0.7394975645756459,-2.30614238861301,-2.39194575629868,2,3.372861145854416,5.835416607524311,true
1642265,Rob Dillingham,-2.548083369101196,0.2400906456894203,-1.1972854760147602,-1.274041684550598,-3.288240919173448,-0.5766150553505536,-10.613005607879368,2.128217054451083,2,4.4190371816637475,5.835416607524311,true
1629630,Ja Morant,-2.5807410520497287,1.661593401781507,0.016202933579335794,-1.2903705260248644,-3.3303848814546497,-0.8773462140221402,-1.553172424302324,-159.27616066642673,2,2.941530960985719,5.835416607524311,true
203915,Spencer Dinwiddie,-2.6061947301666004,2.381454852340756,-1.574392782287823,-1.3030973650833002,-3.3632322470245177,-1.0314829077490775,-1.0943708328566235,1.6553650140465064,2,2.526648488876942,5.835416607524311,true
1630556,Kessler Edwards,-2.6080083173560915,0.36236740692186903,-0.5768330627306274,-1.3040041586780458,-3.3655726381119084,-0.6142957195571956,-7.197138229152079,4.5212531768034125,2,4.245525785587484,5.835416607524312,true
203471,Dennis Schröder,-2.667701894572433,2.303048460020462,-1.9266384132841328,-1.3338509472862166,-3.442605778233949,-1.0279880221402213,-1.1583351114325797,1.3846406654090786,2,2.595070990242091,5.835416607524311,true
1641816,Hunter Tyson,-2.6786315006809107,0.045982747090369605,-0.41718837638376377,-1.3393157503404554,-3.456710174688223,-0.5634704243542435,-58.25296812773306,6.420676251576309,2,4.753810288713404,5.835416607524311,true
1630288,Jeff Dowtin Jr.,-2.779405269570386,0.3314024616384638,0.5768761992619926,-1.389702634785193,-3.5867563240646416,-0.6433380996309964,-8.386797297246744,-4.818027287529154,2,4.320287063931994,5.835416607524311,true
1628392,Isaiah Hartenstein,-2.8157032404355906,1.5834127630770536,-0.5885366494464944,-1.4078516202177953,-3.6335979912287866,-0.9097698007380074,-1.7782496807489545,4.784244520853028,2,3.0949623060157476,5.835416607524311,true
1627742,Brandon Ingram,-2.8506829239371574,0.2908306127156226,-0.39835501845018445,-1.4253414619685787,-3.678738439937951,-0.6496882878228781,-9.801866788777792,7.156136591495318,2,4.387770223609645,5.835416607524311,true
1631114,Jalen Williams,-2.868729563483651,2.4664619299020445,1.0585130332103319,-1.4343647817418255,-3.7020271985908066,-1.103357151291513,-1.163095010186345,-2.710150440739656,2,2.6000008792490408,5.835416607524311,true
1641713,GG Jackson,-2.869267972180531,0.12833571537141295,-1.430862922509225,-1.4346339860902655,-3.702722002194876,-0.6199266642066421,-22.357517265374334,2.0052710340336826,2,4.628399031444321,5.835416607524311,true
1631101,Shaedon Sharpe,-2.884797415411823,2.4802766671225216,-0.12154025092250922,-1.4423987077059115,-3.72276237893621,-1.1095370922509225,-1.1630950101863449,23.735325486954043,2,2.600000879249041,5.835416607524311,true
1629216,Gabe Vincent,-2.9601663428075478,1.469761506299944,-0.6523263837638376,-1.4800831714037739,-3.8200241852421213,-0.9161419188191882,-2.0140453605018056,4.537860826244336,2,3.2311220368814637,5.835416607524311,true
1641710,Anthony Black,-2.980719778277281,1.9005184503347985,-1.0315658745387453,-1.4903598891386405,-3.846547904348301,-1.009476250922509,-1.5683719238569835,2.8895098721737775,2,2.952738883706628,5.835416607524311,true
203486,Mason Plumlee,-3.0009179423868404,1.152442080221763,-0.6935611107011069,-1.5004589711934202,-3.8726131542230178,-0.8589456420664207,-2.6039642198845927,4.326825561706125,2,3.4937227636050863,5.835416607524311,true
1631124,Julian Strawther,-3.243777947259385,1.2819227682351269,-1.3176580959409594,-1.6218889736296924,-4.186018208129968,-0.9359484575645756,-2.5304004481683564,2.461775142771733,2,3.465765578266986,5.835416607524311,true
1641716,Jarace Walker,-3.3084533122250517,0.9996938559073117,-0.22975635055350557,-1.6542266561125258,-4.269480226728519,-0.8909567712177122,-3.3094664858396414,14.399834016577401,2,3.7133713094780503,5.83541660752431,true
1631323,Simone Fontecchio,-3.5213182852214024,1.0928941067735427,-0.570296664206642,-1.7606591426107012,-4.544177406166667,-0.954253328413284,-3.2220123279986272,6.174537755923965,2,3.6901294240980955,5.835416607524311,true
202684,Tristan Thompson,-3.549811289475981,-0.18806197667313362,-1.0781827232472323,-1.7749056447379905,-4.580946949752337,-0.6952346789667896,18.875752303964294,3.2924023107927254,2,5.105918040152239,5.835416607524311,true
1641794,Dillon Jones,-3.618606566231074,0.11972467079418485,-1.2922229889298893,-1.809303283115537,-4.669725616422005,-0.7731146125461255,-30.224401889997374,2.800295767240374,2,4.680556423987111,5.835416607524311,true
1628467,Maxi Kleber,-3.6253134624730614,0.23041096622059484,-1.2249836236162361,-1.8126567312365307,-4.678380706334284,-0.7973923948339483,-15.734118570564025,2.959479124929757,2,4.546461047233851,5.835416607524311,true
1630175,Cole Anthony,-3.7634321750184836,0.9328770263966831,-0.8990895055350554,-1.8817160875092418,-4.856619616333377,-0.9712315571955719,-4.034221090806642,4.185825940409386,2,3.874907221801341,5.835416607524311,true
1630172,Patrick Williams,-3.9614681485725685,1.4899803206359519,-2.2393271734317346,-1.9807340742862842,-5.112180325062695,-1.127399955719557,-2.6587385710448435,1.7690439322904652,2,3.5138090333205505,5.835416607524311,true
203992,Bogdan Bogdanović,-4.09346660727473,1.038497500527775,-0.6124783542435424,-2.046733303637365,-5.2825211931973906,-1.061328221402214,-3.94172023061624,6.683446980474069,2,3.8569280687424783,5.835416607524311,true
1629022,Lonnie Walker IV,-4.150080764088703,-0.07586004238022181,-0.009270996309963099,-2.0750403820443517,-5.355580414609707,-0.8425790479704796,54.70707152110305,447.6412917594206,2,4.9254497534504385,5.835416607524312,true
203995,Vasilije Micić,-4.321909709395175,0.2528230226429193,-1.5512567749077488,-2.1609548546975876,-5.577321577362345,-0.9460886420664207,-17.094605009526088,2.7860698366021275,2,4.568186866671795,5.835416607524311,true
203994,Jusuf Nurkić,-4.599464818928383,0.5987548987879142,-1.1005540516605168,-2.2997324094641916,-5.935499837759961,-1.075030372693727,-7.68171555379218,4.179226646786414,2,4.278451042646734,5.835416607524311,true
1626156,D'Angelo Russell,-4.634721846215577,1.1639987497417408,-2.1595138966789666,-2.3173609231077883,-5.980998192021053,-1.1992184059040591,-3.981724075944148,2.1461875532929597,2,3.864785449754319,5.83541660752431,true
101108,Chris Paul,-4.658655559802958,2.165143559363777,-1.5584837970479706,-2.329327779901479,-6.011884079555246,-1.4112122435424352,-2.1516612788354292,2.9892229669806207,2,3.301172861219491,5.835416607524311,true
1628370,Malik Monk,-4.769429079467467,1.9052838325129118,-1.632000405904059,-2.3847145397337335,-6.154834669217541,-1.3803801107011069,-2.503264342078096,2.9224435620317175,2,3.455156331573796,5.835416607524311,true
1631246,Vince Williams Jr.,-4.8360993601955125,-0.14371651706565505,-1.0049068265682657,-2.4180496800977562,-6.240871079109447,-0.970419557195572,33.65026831248772,4.812485329322206,2,4.983513908325816,5.83541660752431,true
1641748,Andre Jackson Jr.,-4.888842159514896,0.4217170436431739,-1.5435516863468635,-2.444421079757448,-6.3089344058501755,-1.0982630110701104,-11.592707084543342,3.1672681924149617,2,4.451431132831628,5.835416607524311,true
1630702,Jaden Hardy,-4.904053109583672,0.3576167128993051,-1.2733635424354242,-2.452026554791836,-6.328563774748454,-1.0881523247232474,-13.71315414714557,3.851259240706878,2,4.506770787656896,5.835416607524311,true
1630553,Keon Johnson,-4.92095781623891,1.6470427327016592,-1.3052143173431734,-2.460478908119455,-6.350378896194021,-1.3583112029520295,-2.9877535770835877,3.770229724613929,2,3.6228500549389198,5.835416607524311,true
1630595,Cade Cunningham,-5.175148369866546,2.3933418772766855,-2.139612509225092,-2.587574184933273,-6.678405753494448,-1.5652198892988929,-2.1623105411731642,2.4187315916099412,2,3.306339515136525,5.835416607524311,true
2544,LeBron James,-5.202104226335349,2.31448405068624,-0.8127199926199261,-2.6010521131676745,-6.7131916444613315,-1.554486177121771,-2.2476301898874333,6.400856720117807,2,3.346510443706468,5.835416607524311,true
1642263,Reed Sheppard,-5.3497647709488865,-0.017629332230609182,-0.8502967158671586,-2.6748823854744432,-6.903744061557848,-1.1027251365313653,303.45816284863474,6.291644635476491,2,4.851403666898021,5.835416607524311,true
1626145,Tyus Jones,-5.448050886665543,1.8766107123990905,0.0940908487084871,-2.7240254433327715,-7.0305799537445814,-1.5147943173431735,-2.9031332128018517,-57.90202725819523,2,3.5965614765580733,5.835416607524311,true
1629028,Deandre Ayton,-5.4712027620920285,0.6408581115211154,-0.5173548118081182,-2.7356013810460142,-7.060456897747332,-1.2640194981549815,-8.537307500260548,10.575339471513884,2,4.328416428763984,5.835416607524311,true
1627732,Ben Simmons,-5.711449103245676,0.44866182263954263,-2.8329304797047974,-2.855724551622838,-7.370489080855134,-1.2739566051660516,-12.72996456360916,2.0160922211690955,2,4.483236775950643,5.835416607524311,true
1642274,Yves Missi,-5.769807360572415,1.5697623096505897,-1.5788580073800738,-2.8849036802862074,-7.445799022452974,-1.5178774169741698,-3.6755930022658685,3.6544181513489744,2,3.8012340759863887,5.835416607524311,true
203110,Draymond Green,-5.778305234456153,1.6772741094709291,-3.0409204723247227,-2.8891526172280764,-7.456765326369607,-1.5418690774907748,-3.445057192398225,1.9001829502100573,2,3.747597846543313,5.835416607524311,true
1626171,Bobby Portis,-5.844155090061823,0.633660621174916,-1.0467007527675276,-2.9220775450309113,-7.541742997175019,-1.3396603099630995,-9.222847206799363,5.583405834580316,2,4.362415641188025,5.835416607524311,true
1642273,Kyshawn George,-5.87947120363378,1.3642581541698182,-1.0877304649446493,-2.93973560181689,-7.587317600879783,-1.4980569298892987,-4.309647104298651,5.405264808808095,2,3.92473148805383,5.83541660752431,true
1641722,Jordan Hawkins,-5.942517626049844,0.7280028905174842,-1.4083945239852398,-2.971258813024922,-7.668677507902417,-1.3795130922509227,-8.162766526690218,4.219355816035622,2,4.307692083120111,5.83541660752431,true
1630567,Scottie Barnes,-6.065287922476223,1.8148059918889705,-1.5216038966789667,-3.0326439612381115,-7.827109652338364,-1.6296618376383765,-3.3421136747311864,3.986114872414722,2,3.7218076673291507,5.835416607524311,true
1642354,KJ Simpson,-6.207978285574941,0.013728104086418379,-1.642853298892989,-3.1039891427874706,-8.011248168527663,-1.2866950036900369,-452.2094417769369,3.778778232820965,2,4.824747331552112,5.835416607524311,true
1630703,Scoot Henderson,-6.384408876768047,1.2251560040978895,-2.201696051660517,-3.1922044383840236,-8.238927645734003,-1.5737144280442803,-5.21109871348101,2.899768508897008,2,4.056904329651609,5.835416607524312,true
1641733,Nick Smith Jr.,-6.458123388190379,0.6918985755179717,-2.1683673985239853,-3.2290616940951895,-8.33405446761711,-1.478677546125461,-9.333916294531571,2.97833447993474,2,4.367499462687065,5.835416607524311,true
1627749,Dejounte Murray,-6.476156763468865,0.22680916657769734,-2.0060304243542437,-3.2380783817344323,-8.357326109047916,-1.3862230442804429,-28.55332904391387,3.22834423887344,2,4.671799960467755,5.835416607524311,true
1628398,Kyle Kuzma,-6.547284893359909,1.5091734012897335,-3.4867043394833943,-3.2736424466799545,-8.449115267145407,-1.6661352988929887,-4.338325130673934,1.8777860856220416,2,3.9296237812799757,5.835416607524312,true
1631094,Paolo Banchero,-6.711545367925129,0.8374120086390531,-0.0033837121771217705,-3.3557726839625643,-8.661089498608142,-1.5611803468634686,-8.014627565268155,1983.485892595645,2,4.299019893127107,5.835416607524311,true
1641731,Bilal Coulibaly,-7.2366876865726395,1.3770129750466906,-2.3491433800738,-3.6183438432863197,-9.338773157434217,-1.7813771512915129,-5.255351850498913,3.0805644934049505,2,4.062411871245784,5.835416607524311,true
1642264,Stephon Castle,-7.398341431013604,1.542394550037467,-3.4854622140221405,-3.699170715506802,-9.547383465736603,-1.8490104797047968,-4.796659473954889,2.1226284999590037,2,4.00124364476008,5.835416607524311,true
1642262,Cody Williams,-7.661076434193324,0.11647103373239656,-2.5631447970479706,-3.830538217096662,-9.886436731744718,-1.6084544723247232,-65.77666728532166,2.988936264161413,2,4.763004838502303,5.835416607524312,true
1630590,Scotty Pippen Jr.,-7.812711134378511,0.9615930187573981,0.1721343911439114,-3.9063555671892556,-10.082117701983698,-1.8145911439114388,-8.124758584951408,-45.38727608387544,2,4.305493918336797,5.835416607524311,true
1626179,Terry Rozier,-7.967054759843749,0.732501203800508,-2.905074597785978,-3.9835273799218744,-10.281294475798363,-1.799132664206642,-10.876507394810405,2.742461335043038,2,4.42827531195814,5.835416607524311,true
1630581,Josh Giddey,-8.063159054203366,1.4784898503865742,-1.8009982029520293,-4.031579527101683,-10.405314779471963,-1.9732837269372692,-5.453645185386377,4.477050027583028,2,4.086163051026719,5.835416607524311,true
1628389,Bam Adebayo,-8.773670121187404,1.8703469625239373,-1.2737668302583025,-4.386835060593702,-11.322212394484698,-2.201261638376384,-4.690931841516607,6.887971889963741,2,3.985746159488213,5.835416607524311,true
1630558,Davion Mitchell,-8.823919539581874,1.109792526764065,-1.5095812029520297,-4.411959769790937,-11.387058072508038,-2.054365295202952,-7.950963199680823,5.845276506044487,2,4.295204733153436,5.835416607524311,true
1642267,Carlton Carrington,-9.461692073954412,1.6670522754072197,-3.37054915498155,-4.730846036977206,-12.210088343055455,-2.301506830258303,-5.675702084173188,2.8071663218352336,2,4.111085811069484,5.835416607524311,true
1642259,Alexandre Sarr,-9.815978110039282,0.7696429498321835,-3.7037653505535055,-4.907989055019641,-12.66728603724117,-2.1891849077490773,-12.753937539711892,2.650269976895902,2,4.4838506218883465,5.835416607524311,true
1629614,Andrew Nembhard,-10.394798961822033,0.6229775545564501,-2.212676546125461,-5.197399480911017,-13.414240565017957,-2.278557859778598,-16.685671716090898,4.697839356603655,2,4.562007902152668,5.835416607524311,true
1641718,Keyonte George,-10.578572079009295,0.9795640632323321,-2.659017003690037,-5.289286039504647,-13.65139539719771,-2.3903082361623618,-10.799265179351805,3.978376995833022,2,4.425610019230485,5.835416607524311,true
1629645,Kevin Porter Jr.,-11.932961765559211,-0.10994069862844745,-1.0985407121771218,-5.966480882779606,-15.399203040316888,-2.4450884022140222,108.5399848684564,10.862557603268158,2,4.8803805027065446,5.835416607524311,true
201935,James Harden,-12.581667975758824,1.498166029820226,-0.769946557195572,-6.290833987879412,-16.23634295919353,-2.9118140479704797,-8.398046495066088,16.340962704717946,2,4.320903659534229,5.835416607524311,true
1642347,Jamal Shead,-13.854833766429921,-0.43100272854219435,-2.441693014760147,-6.927416883214961,-17.879333098583377,-2.776147771217712,32.145582496175685,5.674273417123615,2,4.990668692089371,5.835416607524311,true
1629027,Trae Young,-17.50434426835639,0.7246763492273242,-4.1919945830258305,-8.752172134178196,-22.588939508212295,-3.7698965977859773,-24.154706148503603,4.17566004002838,2,4.643189491891241,5.835416607524311,true
201566,Russell Westbrook,-17.817264780275632,-0.1787076974133321,-4.835825291512915,-8.908632390137816,-22.9927559783557,-3.647784361623616,99.7006006913411,3.684431034252977,2,4.884407359086662,5.83541660752431,true
1642268,Isaiah Collier,-24.763831875062348,-1.7673977009214583,-5.453448929889299,-12.381915937531174,-31.95713541972332,-4.755833062730628,14.011465479530367,4.540948708501986,2,5.2070439707242056,5.835416607524311,true
