season,playerId,playerName,N,rawAbilityRate,validatedDRBL100,R1Points,R1WinEquivalents,k,P1,abilityModelVersion,r1PointValueVersion,r1WinEquivalentVersion,normalizationVersion,historicalSupportTier,HISTORICAL_MODEL_APPLICATION
2024-25,1628983,Shai Gilgeous-Alexander,10880,2.7644,2.41,300.769723363203,8.022523527961127,1600,37.490662671779255,drbl-ability-eb1600-r1-v1,drbl-r1-points-v1,drbl-r1-wineq-v1,historical-pbp-normalized-v1,B_CANONICAL_WITH_LIMITATIONS,RETROSPECTIVE_FROZEN_V1_BACKFILL
2024-25,203999,Nikola Jokić,10737,2.6742,2.33,287.1242521281218,7.658553668197811,1600,37.490662671779255,drbl-ability-eb1600-r1-v1,drbl-r1-points-v1,drbl-r1-wineq-v1,historical-pbp-normalized-v1,B_CANONICAL_WITH_LIMITATIONS,RETROSPECTIVE_FROZEN_V1_BACKFILL
2024-25,1626181,Norman Powell,8057,2.1189,1.77,170.71641432023654,4.553571533659279,1600,37.490662671779255,drbl-ability-eb1600-r1-v1,drbl-r1-points-v1,drbl-r1-wineq-v1,historical-pbp-normalized-v1,B_CANONICAL_WITH_LIMITATIONS,RETROSPECTIVE_FROZEN_V1_BACKFILL
2024-25,202710,Jimmy Butler,6970,1.8862,1.53,131.46643868079,3.506644836655558,1600,37.490662671779255,drbl-ability-eb1600-r1-v1,drbl-r1-points-v1,drbl-r1-wineq-v1,historical-pbp-normalized-v1,B_CANONICAL_WITH_LIMITATIONS,RETROSPECTIVE_FROZEN_V1_BACKFILL
2024-25,1630539,Kai Jones,1881,2.8355,1.53,53.3363879492189,1.4226579139495277,1600,37.490662671779255,drbl-ability-eb1600-r1-v1,drbl-r1-points-v1,drbl-r1-wineq-v1,historical-pbp-normalized-v1,B_CANONICAL_WITH_LIMITATIONS,RETROSPECTIVE_FROZEN_V1_BACKFILL
2024-25,1630174,Aaron Nesmith,4464,1.9777,1.46,88.28396142163774,2.354825311959414,1600,37.490662671779255,drbl-ability-eb1600-r1-v1,drbl-r1-points-v1,drbl-r1-wineq-v1,historical-pbp-normalized-v1,B_CANONICAL_WITH_LIMITATIONS,RETROSPECTIVE_FROZEN_V1_BACKFILL
2024-25,1629627,Zion Williamson,3647,2.0876,1.45,76.13346673984353,2.030731422551042,1600,37.490662671779255,drbl-ability-eb1600-r1-v1,drbl-r1-points-v1,drbl-r1-wineq-v1,historical-pbp-normalized-v1,B_CANONICAL_WITH_LIMITATIONS,RETROSPECTIVE_FROZEN_V1_BACKFILL
2024-25,1629660,Ty Jerome,5795,1.8019,1.41,104.42131673400937,2.785261963710541,1600,37.490662671779255,drbl-ability-eb1600-r1-v1,drbl-r1-points-v1,drbl-r1-wineq-v1,historical-pbp-normalized-v1,B_CANONICAL_WITH_LIMITATIONS,RETROSPECTIVE_FROZEN_V1_BACKFILL
2024-25,1630202,Payton Pritchard,9025,1.6565,1.41,149.5016022638094,3.9877023133108107,1600,37.490662671779255,drbl-ability-eb1600-r1-v1,drbl-r1-points-v1,drbl-r1-wineq-v1,historical-pbp-normalized-v1,B_CANONICAL_WITH_LIMITATIONS,RETROSPECTIVE_FROZEN_V1_BACKFILL
2024-25,1631106,Tari Eason,5836,1.7842,1.4,104.12464785263303,2.777348823204768,1600,37.490662671779255,drbl-ability-eb1600-r1-v1,drbl-r1-points-v1,drbl-r1-wineq-v1,historical-pbp-normalized-v1,B_CANONICAL_WITH_LIMITATIONS,RETROSPECTIVE_FROZEN_V1_BACKFILL
2024-25,1628449,Chris Boucher,3459,2.0391,1.39,70.5311890194672,1.8813001423034035,1600,37.490662671779255,drbl-ability-eb1600-r1-v1,drbl-r1-points-v1,drbl-r1-wineq-v1,historical-pbp-normalized-v1,B_CANONICAL_WITH_LIMITATIONS,RETROSPECTIVE_FROZEN_V1_BACKFILL
2024-25,203507,Giannis Antetokounmpo,9335,1.5068,1.29,140.65940623433724,3.751851693467592,1600,37.490662671779255,drbl-ability-eb1600-r1-v1,drbl-r1-points-v1,drbl-r1-wineq-v1,historical-pbp-normalized-v1,B_CANONICAL_WITH_LIMITATIONS,RETROSPECTIVE_FROZEN_V1_BACKFILL
2024-25,1629006,Josh Okogie,2524,2.081,1.27,52.525570635280204,1.401030733842385,1600,37.490662671779255,drbl-ability-eb1600-r1-v1,drbl-r1-points-v1,drbl-r1-wineq-v1,historical-pbp-normalized-v1,B_CANONICAL_WITH_LIMITATIONS,RETROSPECTIVE_FROZEN_V1_BACKFILL
2024-25,1631165,Keon Ellis,8023,1.5258,1.27,122.41766541997293,3.265284118653941,1600,37.490662671779255,drbl-ability-eb1600-r1-v1,drbl-r1-points-v1,drbl-r1-wineq-v1,historical-pbp-normalized-v1,B_CANONICAL_WITH_LIMITATIONS,RETROSPECTIVE_FROZEN_V1_BACKFILL
2024-25,1629631,De'Andre Hunter,7330,1.5348,1.26,112.50420026590521,3.000859207287144,1600,37.490662671779255,drbl-ability-eb1600-r1-v1,drbl-r1-points-v1,drbl-r1-wineq-v1,historical-pbp-normalized-v1,B_CANONICAL_WITH_LIMITATIONS,RETROSPECTIVE_FROZEN_V1_BACKFILL
2024-25,1631128,Christian Braun,11046,1.4143,1.24,156.22136331758819,4.166940570916672,1600,37.490662671779255,drbl-ability-eb1600-r1-v1,drbl-r1-points-v1,drbl-r1-wineq-v1,historical-pbp-normalized-v1,B_CANONICAL_WITH_LIMITATIONS,RETROSPECTIVE_FROZEN_V1_BACKFILL
2024-25,1630572,Sandro Mamukelashvili,2680,1.922,1.2,51.50941802877132,1.3739265821925455,1600,37.490662671779255,drbl-ability-eb1600-r1-v1,drbl-r1-points-v1,drbl-r1-wineq-v1,historical-pbp-normalized-v1,B_CANONICAL_WITH_LIMITATIONS,RETROSPECTIVE_FROZEN_V1_BACKFILL
2024-25,1628386,Jarrett Allen,9655,1.4014,1.2,135.30294743988773,3.6089772171921557,1600,37.490662671779255,drbl-ability-eb1600-r1-v1,drbl-r1-points-v1,drbl-r1-wineq-v1,historical-pbp-normalized-v1,B_CANONICAL_WITH_LIMITATIONS,RETROSPECTIVE_FROZEN_V1_BACKFILL
2024-25,1628991,Jaren Jackson Jr.,9713,1.3944,1.2,135.44099933095353,3.6126595178299015,1600,37.490662671779255,drbl-ability-eb1600-r1-v1,drbl-r1-points-v1,drbl-r1-wineq-v1,historical-pbp-normalized-v1,B_CANONICAL_WITH_LIMITATIONS,RETROSPECTIVE_FROZEN_V1_BACKFILL
2024-25,1631133,Jabari Walker,3140,1.8049,1.2,56.67303802091871,1.5116574096616011,1600,37.490662671779255,drbl-ability-eb1600-r1-v1,drbl-r1-points-v1,drbl-r1-wineq-v1,historical-pbp-normalized-v1,B_CANONICAL_WITH_LIMITATIONS,RETROSPECTIVE_FROZEN_V1_BACKFILL
2024-25,1629655,Daniel Gafford,5145,1.5596,1.19,80.24380409793702,2.140367717702141,1600,37.490662671779255,drbl-ability-eb1600-r1-v1,drbl-r1-points-v1,drbl-r1-wineq-v1,historical-pbp-normalized-v1,B_CANONICAL_WITH_LIMITATIONS,RETROSPECTIVE_FROZEN_V1_BACKFILL
2024-25,203497,Rudy Gobert,9585,1.3637,1.17,130.71337026869713,3.4865580108054584,1600,37.490662671779255,drbl-ability-eb1600-r1-v1,drbl-r1-points-v1,drbl-r1-wineq-v1,historical-pbp-normalized-v1,B_CANONICAL_WITH_LIMITATIONS,RETROSPECTIVE_FROZEN_V1_BACKFILL
2024-25,1627826,Ivica Zubac,10739,1.2934,1.13,138.89645075974073,3.704827838753934,1600,37.490662671779255,drbl-ability-eb1600-r1-v1,drbl-r1-points-v1,drbl-r1-wineq-v1,historical-pbp-normalized-v1,B_CANONICAL_WITH_LIMITATIONS,RETROSPECTIVE_FROZEN_V1_BACKFILL
2024-25,1630532,Franz Wagner,8188,1.3266,1.11,108.61896895875402,2.8972272352101136,1600,37.490662671779255,drbl-ability-eb1600-r1-v1,drbl-r1-points-v1,drbl-r1-wineq-v1,historical-pbp-normalized-v1,B_CANONICAL_WITH_LIMITATIONS,RETROSPECTIVE_FROZEN_V1_BACKFILL
2024-25,1641740,Jaylen Clark,2157,1.9022,1.09,41.03037380200355,1.0944158059091547,1600,37.490662671779255,drbl-ability-eb1600-r1-v1,drbl-r1-points-v1,drbl-r1-wineq-v1,historical-pbp-normalized-v1,B_CANONICAL_WITH_LIMITATIONS,RETROSPECTIVE_FROZEN_V1_BACKFILL
2024-25,1627936,Alex Caruso,4268,1.4982,1.09,63.942892211011944,1.7055684710301042,1600,37.490662671779255,drbl-ability-eb1600-r1-v1,drbl-r1-points-v1,drbl-r1-wineq-v1,historical-pbp-normalized-v1,B_CANONICAL_WITH_LIMITATIONS,RETROSPECTIVE_FROZEN_V1_BACKFILL
2024-25,1627783,Pascal Siakam,10334,1.2412,1.07,128.26846584916083,3.421344321707968,1600,37.490662671779255,drbl-ability-eb1600-r1-v1,drbl-r1-points-v1,drbl-r1-wineq-v1,historical-pbp-normalized-v1,B_CANONICAL_WITH_LIMITATIONS,RETROSPECTIVE_FROZEN_V1_BACKFILL
2024-25,1628436,Luke Kornet,5296,1.3802,1.06,73.09437518998138,1.9496687969989521,1600,37.490662671779255,drbl-ability-eb1600-r1-v1,drbl-r1-points-v1,drbl-r1-wineq-v1,historical-pbp-normalized-v1,B_CANONICAL_WITH_LIMITATIONS,RETROSPECTIVE_FROZEN_V1_BACKFILL
2024-25,1627736,Malik Beasley,9795,1.2254,1.05,120.02385779853634,3.2014333502001064,1600,37.490662671779255,drbl-ability-eb1600-r1-v1,drbl-r1-points-v1,drbl-r1-wineq-v1,historical-pbp-normalized-v1,B_CANONICAL_WITH_LIMITATIONS,RETROSPECTIVE_FROZEN_V1_BACKFILL
2024-25,1630198,Isaiah Joe,6664,1.2799,1.03,85.28945766598041,2.2749519903840283,1600,37.490662671779255,drbl-ability-eb1600-r1-v1,drbl-r1-points-v1,drbl-r1-wineq-v1,historical-pbp-normalized-v1,B_CANONICAL_WITH_LIMITATIONS,RETROSPECTIVE_FROZEN_V1_BACKFILL
2024-25,1628381,John Collins,5113,1.3288,1.01,67.94100762031005,1.8122114355543788,1600,37.490662671779255,drbl-ability-eb1600-r1-v1,drbl-r1-points-v1,drbl-r1-wineq-v1,historical-pbp-normalized-v1,B_CANONICAL_WITH_LIMITATIONS,RETROSPECTIVE_FROZEN_V1_BACKFILL
2024-25,201939,Stephen Curry,9434,1.1632,0.99,109.73788445163858,2.9270724129995904,1600,37.490662671779255,drbl-ability-eb1600-r1-v1,drbl-r1-points-v1,drbl-r1-wineq-v1,historical-pbp-normalized-v1,B_CANONICAL_WITH_LIMITATIONS,RETROSPECTIVE_FROZEN_V1_BACKFILL
2024-25,1631116,Patrick Baldwin Jr.,429,4.6818,0.99,20.084855823617385,0.5357295495002299,1600,37.490662671779255,drbl-ability-eb1600-r1-v1,drbl-r1-points-v1,drbl-r1-wineq-v1,historical-pbp-normalized-v1,B_CANONICAL_WITH_LIMITATIONS,RETROSPECTIVE_FROZEN_V1_BACKFILL
2024-25,1627780,Gary Payton II,3791,1.4066,0.99,53.32392011243242,1.4223253554963566,1600,37.490662671779255,drbl-ability-eb1600-r1-v1,drbl-r1-points-v1,drbl-r1-wineq-v1,historical-pbp-normalized-v1,B_CANONICAL_WITH_LIMITATIONS,RETROSPECTIVE_FROZEN_V1_BACKFILL
2024-25,204001,Kristaps Porziņģis,5035,1.3021,0.99,65.56046232178508,1.7487144171269906,1600,37.490662671779255,drbl-ability-eb1600-r1-v1,drbl-r1-points-v1,drbl-r1-wineq-v1,historical-pbp-normalized-v1,B_CANONICAL_WITH_LIMITATIONS,RETROSPECTIVE_FROZEN_V1_BACKFILL
2024-25,203084,Harrison Barnes,9064,1.1506,0.98,104.28958002093428,2.7817481097616685,1600,37.490662671779255,drbl-ability-eb1600-r1-v1,drbl-r1-points-v1,drbl-r1-wineq-v1,historical-pbp-normalized-v1,B_CANONICAL_WITH_LIMITATIONS,RETROSPECTIVE_FROZEN_V1_BACKFILL
2024-25,1631109,Mark Williams,4827,1.2984,0.98,62.67458330755104,1.6717384767575405,1600,37.490662671779255,drbl-ability-eb1600-r1-v1,drbl-r1-points-v1,drbl-r1-wineq-v1,historical-pbp-normalized-v1,B_CANONICAL_WITH_LIMITATIONS,RETROSPECTIVE_FROZEN_V1_BACKFILL
2024-25,203552,Seth Curry,4319,1.3126,0.96,56.693216492333576,1.5121956362486189,1600,37.490662671779255,drbl-ability-eb1600-r1-v1,drbl-r1-points-v1,drbl-r1-wineq-v1,historical-pbp-normalized-v1,B_CANONICAL_WITH_LIMITATIONS,RETROSPECTIVE_FROZEN_V1_BACKFILL
2024-25,1629634,Brandon Clarke,5288,1.225,0.94,64.77865394662236,1.7278610013843227,1600,37.490662671779255,drbl-ability-eb1600-r1-v1,drbl-r1-points-v1,drbl-r1-wineq-v1,historical-pbp-normalized-v1,B_CANONICAL_WITH_LIMITATIONS,RETROSPECTIVE_FROZEN_V1_BACKFILL
2024-25,1628384,OG Anunoby,10928,1.0764,0.94,117.63242796433023,3.1376460051979005,1600,37.490662671779255,drbl-ability-eb1600-r1-v1,drbl-r1-points-v1,drbl-r1-wineq-v1,historical-pbp-normalized-v1,B_CANONICAL_WITH_LIMITATIONS,RETROSPECTIVE_FROZEN_V1_BACKFILL
2024-25,1629680,Matisse Thybulle,1316,2.0422,0.92,26.875123236256645,0.7168484449459103,1600,37.490662671779255,drbl-ability-eb1600-r1-v1,drbl-r1-points-v1,drbl-r1-wineq-v1,historical-pbp-normalized-v1,B_CANONICAL_WITH_LIMITATIONS,RETROSPECTIVE_FROZEN_V1_BACKFILL
2024-25,1629021,Moritz Wagner,2282,1.5326,0.9,34.97488353439634,0.9328958477099247,1600,37.490662671779255,drbl-ability-eb1600-r1-v1,drbl-r1-points-v1,drbl-r1-wineq-v1,historical-pbp-normalized-v1,B_CANONICAL_WITH_LIMITATIONS,RETROSPECTIVE_FROZEN_V1_BACKFILL
2024-25,1631131,Oscar Tshiebwe,1093,2.2036,0.89,24.085058795295463,0.6424281962192486,1600,37.490662671779255,drbl-ability-eb1600-r1-v1,drbl-r1-points-v1,drbl-r1-wineq-v1,historical-pbp-normalized-v1,B_CANONICAL_WITH_LIMITATIONS,RETROSPECTIVE_FROZEN_V1_BACKFILL
2024-25,1630596,Evan Mobley,9051,1.0481,0.89,94.86050182345659,2.5302434009751966,1600,37.490662671779255,drbl-ability-eb1600-r1-v1,drbl-r1-points-v1,drbl-r1-wineq-v1,historical-pbp-normalized-v1,B_CANONICAL_WITH_LIMITATIONS,RETROSPECTIVE_FROZEN_V1_BACKFILL
2024-25,202681,Kyrie Irving,7454,1.0784,0.89,80.38672778159139,2.1441799651650797,1600,37.490662671779255,drbl-ability-eb1600-r1-v1,drbl-r1-points-v1,drbl-r1-wineq-v1,historical-pbp-normalized-v1,B_CANONICAL_WITH_LIMITATIONS,RETROSPECTIVE_FROZEN_V1_BACKFILL
2024-25,1630573,Sam Hauser,6035,1.1216,0.89,67.68592252723519,1.8054074722500206,1600,37.490662671779255,drbl-ability-eb1600-r1-v1,drbl-r1-points-v1,drbl-r1-wineq-v1,historical-pbp-normalized-v1,B_CANONICAL_WITH_LIMITATIONS,RETROSPECTIVE_FROZEN_V1_BACKFILL
2024-25,202692,Alec Burks,3377,1.2808,0.87,43.25334758780453,1.1537098708143956,1600,37.490662671779255,drbl-ability-eb1600-r1-v1,drbl-r1-points-v1,drbl-r1-wineq-v1,historical-pbp-normalized-v1,B_CANONICAL_WITH_LIMITATIONS,RETROSPECTIVE_FROZEN_V1_BACKFILL
2024-25,1629060,Rui Hachimura,7480,1.0483,0.86,78.41653083554607,2.091628294812014,1600,37.490662671779255,drbl-ability-eb1600-r1-v1,drbl-r1-points-v1,drbl-r1-wineq-v1,historical-pbp-normalized-v1,B_CANONICAL_WITH_LIMITATIONS,RETROSPECTIVE_FROZEN_V1_BACKFILL
2024-25,1630643,Jay Huff,3184,1.296,0.86,41.26524578237709,1.1006806186287852,1600,37.490662671779255,drbl-ability-eb1600-r1-v1,drbl-r1-points-v1,drbl-r1-wineq-v1,historical-pbp-normalized-v1,B_CANONICAL_WITH_LIMITATIONS,RETROSPECTIVE_FROZEN_V1_BACKFILL
2024-25,1630551,Justin Champagnie,5479,1.1111,0.86,60.877154061548794,1.6237950925144222,1600,37.490662671779255,drbl-ability-eb1600-r1-v1,drbl-r1-points-v1,drbl-r1-wineq-v1,historical-pbp-normalized-v1,B_CANONICAL_WITH_LIMITATIONS,RETROSPECTIVE_FROZEN_V1_BACKFILL
2024-25,1628378,Donovan Mitchell,9308,1.0025,0.86,93.31412516785728,2.488996419849858,1600,37.490662671779255,drbl-ability-eb1600-r1-v1,drbl-r1-points-v1,drbl-r1-wineq-v1,historical-pbp-normalized-v1,B_CANONICAL_WITH_LIMITATIONS,RETROSPECTIVE_FROZEN_V1_BACKFILL
2024-25,1627751,Jakob Pöltl,7060,1.0462,0.85,73.8620317670233,1.9701447374687844,1600,37.490662671779255,drbl-ability-eb1600-r1-v1,drbl-r1-points-v1,drbl-r1-wineq-v1,historical-pbp-normalized-v1,B_CANONICAL_WITH_LIMITATIONS,RETROSPECTIVE_FROZEN_V1_BACKFILL
2024-25,1630314,Brandon Williams,2040,1.5199,0.85,31.006036451405265,0.8270335662736836,1600,37.490662671779255,drbl-ability-eb1600-r1-v1,drbl-r1-points-v1,drbl-r1-wineq-v1,historical-pbp-normalized-v1,B_CANONICAL_WITH_LIMITATIONS,RETROSPECTIVE_FROZEN_V1_BACKFILL
2024-25,1629661,Cameron Johnson,7215,1.0392,0.85,74.97505946775968,1.999832868363686,1600,37.490662671779255,drbl-ability-eb1600-r1-v1,drbl-r1-points-v1,drbl-r1-wineq-v1,historical-pbp-normalized-v1,B_CANONICAL_WITH_LIMITATIONS,RETROSPECTIVE_FROZEN_V1_BACKFILL
2024-25,1630534,Ochai Agbaji,7355,1.0336,0.85,76.02350706030606,2.027798434129361,1600,37.490662671779255,drbl-ability-eb1600-r1-v1,drbl-r1-points-v1,drbl-r1-wineq-v1,historical-pbp-normalized-v1,B_CANONICAL_WITH_LIMITATIONS,RETROSPECTIVE_FROZEN_V1_BACKFILL
2024-25,1630700,Dyson Daniels,10870,0.9726,0.85,105.72334688916528,2.8199914153223955,1600,37.490662671779255,drbl-ability-eb1600-r1-v1,drbl-r1-points-v1,drbl-r1-wineq-v1,historical-pbp-normalized-v1,B_CANONICAL_WITH_LIMITATIONS,RETROSPECTIVE_FROZEN_V1_BACKFILL
2024-25,1629675,Naz Reid,9046,0.9765,0.83,88.33117431969998,2.3560846361403596,1600,37.490662671779255,drbl-ability-eb1600-r1-v1,drbl-r1-points-v1,drbl-r1-wineq-v1,historical-pbp-normalized-v1,B_CANONICAL_WITH_LIMITATIONS,RETROSPECTIVE_FROZEN_V1_BACKFILL
2024-25,1629048,Goga Bitadze,5644,1.0343,0.81,58.37490541074773,1.5570518430630167,1600,37.490662671779255,drbl-ability-eb1600-r1-v1,drbl-r1-points-v1,drbl-r1-wineq-v1,historical-pbp-normalized-v1,B_CANONICAL_WITH_LIMITATIONS,RETROSPECTIVE_FROZEN_V1_BACKFILL
2024-25,1626158,Richaun Holmes,2259,1.3308,0.78,30.06385788240536,0.8019025469249881,1600,37.490662671779255,drbl-ability-eb1600-r1-v1,drbl-r1-points-v1,drbl-r1-wineq-v1,historical-pbp-normalized-v1,B_CANONICAL_WITH_LIMITATIONS,RETROSPECTIVE_FROZEN_V1_BACKFILL
2024-25,1641726,Dereck Lively II,3451,1.1322,0.77,39.0712054575255,1.0421583048446883,1600,37.490662671779255,drbl-ability-eb1600-r1-v1,drbl-r1-points-v1,drbl-r1-wineq-v1,historical-pbp-normalized-v1,B_CANONICAL_WITH_LIMITATIONS,RETROSPECTIVE_FROZEN_V1_BACKFILL
2024-25,1630696,Dru Smith,1092,1.8654,0.76,20.370353891152437,0.5433447274455896,1600,37.490662671779255,drbl-ability-eb1600-r1-v1,drbl-r1-points-v1,drbl-r1-wineq-v1,historical-pbp-normalized-v1,B_CANONICAL_WITH_LIMITATIONS,RETROSPECTIVE_FROZEN_V1_BACKFILL
2024-25,1641709,Ausar Thompson,5515,0.9746,0.76,53.75089331529624,1.433714143328726,1600,37.490662671779255,drbl-ability-eb1600-r1-v1,drbl-r1-points-v1,drbl-r1-wineq-v1,historical-pbp-normalized-v1,B_CANONICAL_WITH_LIMITATIONS,RETROSPECTIVE_FROZEN_V1_BACKFILL
2024-25,1630193,Immanuel Quickley,3787,1.0585,0.74,40.08474597502379,1.0691927834393071,1600,37.490662671779255,drbl-ability-eb1600-r1-v1,drbl-r1-points-v1,drbl-r1-wineq-v1,historical-pbp-normalized-v1,B_CANONICAL_WITH_LIMITATIONS,RETROSPECTIVE_FROZEN_V1_BACKFILL
2024-25,203932,Aaron Gordon,5970,0.9402,0.74,56.12810132954857,1.4971221453441652,1600,37.490662671779255,drbl-ability-eb1600-r1-v1,drbl-r1-points-v1,drbl-r1-wineq-v1,historical-pbp-normalized-v1,B_CANONICAL_WITH_LIMITATIONS,RETROSPECTIVE_FROZEN_V1_BACKFILL
2024-25,1629637,Jaxson Hayes,4526,0.9998,0.74,45.25260470828526,1.207036672156471,1600,37.490662671779255,drbl-ability-eb1600-r1-v1,drbl-r1-points-v1,drbl-r1-wineq-v1,historical-pbp-normalized-v1,B_CANONICAL_WITH_LIMITATIONS,RETROSPECTIVE_FROZEN_V1_BACKFILL
2024-25,202696,Nikola Vučević,9771,0.8572,0.74,83.76076590612429,2.2341767239333015,1600,37.490662671779255,drbl-ability-eb1600-r1-v1,drbl-r1-points-v1,drbl-r1-wineq-v1,historical-pbp-normalized-v1,B_CANONICAL_WITH_LIMITATIONS,RETROSPECTIVE_FROZEN_V1_BACKFILL
2024-25,1627884,Derrick Jones Jr.,7733,0.8821,0.73,68.21650750590577,1.8195599289114488,1600,37.490662671779255,drbl-ability-eb1600-r1-v1,drbl-r1-points-v1,drbl-r1-wineq-v1,historical-pbp-normalized-v1,B_CANONICAL_WITH_LIMITATIONS,RETROSPECTIVE_FROZEN_V1_BACKFILL
2024-25,1631245,Quenton Jackson,1621,1.4521,0.73,23.53867013640352,0.6278542031246098,1600,37.490662671779255,drbl-ability-eb1600-r1-v1,drbl-r1-points-v1,drbl-r1-wineq-v1,historical-pbp-normalized-v1,B_CANONICAL_WITH_LIMITATIONS,RETROSPECTIVE_FROZEN_V1_BACKFILL
2024-25,1630169,Tyrese Haliburton,9847,0.8411,0.72,82.82346428475918,2.2091757889119354,1600,37.490662671779255,drbl-ability-eb1600-r1-v1,drbl-r1-points-v1,drbl-r1-wineq-v1,historical-pbp-normalized-v1,B_CANONICAL_WITH_LIMITATIONS,RETROSPECTIVE_FROZEN_V1_BACKFILL
2024-25,1626157,Karl-Anthony Towns,10077,0.8352,0.72,84.15835586316994,2.2447817633940987,1600,37.490662671779255,drbl-ability-eb1600-r1-v1,drbl-r1-points-v1,drbl-r1-wineq-v1,historical-pbp-normalized-v1,B_CANONICAL_WITH_LIMITATIONS,RETROSPECTIVE_FROZEN_V1_BACKFILL
2024-25,1630162,Anthony Edwards,11610,0.8152,0.72,94.65046398218729,2.524640996901731,1600,37.490662671779255,drbl-ability-eb1600-r1-v1,drbl-r1-points-v1,drbl-r1-wineq-v1,historical-pbp-normalized-v1,B_CANONICAL_WITH_LIMITATIONS,RETROSPECTIVE_FROZEN_V1_BACKFILL
2024-25,203926,Doug McDermott,1386,1.5189,0.71,21.05233190488399,0.5615353371902635,1600,37.490662671779255,drbl-ability-eb1600-r1-v1,drbl-r1-points-v1,drbl-r1-wineq-v1,historical-pbp-normalized-v1,B_CANONICAL_WITH_LIMITATIONS,RETROSPECTIVE_FROZEN_V1_BACKFILL
2024-25,1631197,Jared Rhoden,955,1.8573,0.69,17.737289213645788,0.4731121817965988,1600,37.490662671779255,drbl-ability-eb1600-r1-v1,drbl-r1-points-v1,drbl-r1-wineq-v1,historical-pbp-normalized-v1,B_CANONICAL_WITH_LIMITATIONS,RETROSPECTIVE_FROZEN_V1_BACKFILL
2024-25,1628415,Dillon Brooks,9518,0.809,0.69,77.00329844697019,2.0539327117558184,1600,37.490662671779255,drbl-ability-eb1600-r1-v1,drbl-r1-points-v1,drbl-r1-wineq-v1,historical-pbp-normalized-v1,B_CANONICAL_WITH_LIMITATIONS,RETROSPECTIVE_FROZEN_V1_BACKFILL
2024-25,1642419,Jamison Battle,4336,0.9463,0.69,41.032089091223675,1.094461558347172,1600,37.490662671779255,drbl-ability-eb1600-r1-v1,drbl-r1-points-v1,drbl-r1-wineq-v1,historical-pbp-normalized-v1,B_CANONICAL_WITH_LIMITATIONS,RETROSPECTIVE_FROZEN_V1_BACKFILL
2024-25,1631216,Caleb Houstan,3110,1.0465,0.69,32.54629685681854,0.8681174067727926,1600,37.490662671779255,drbl-ability-eb1600-r1-v1,drbl-r1-points-v1,drbl-r1-wineq-v1,historical-pbp-normalized-v1,B_CANONICAL_WITH_LIMITATIONS,RETROSPECTIVE_FROZEN_V1_BACKFILL
2024-25,201942,DeMar DeRozan,11459,0.7831,0.69,89.73848647684602,2.3936223070390223,1600,37.490662671779255,drbl-ability-eb1600-r1-v1,drbl-r1-points-v1,drbl-r1-wineq-v1,historical-pbp-normalized-v1,B_CANONICAL_WITH_LIMITATIONS,RETROSPECTIVE_FROZEN_V1_BACKFILL
2024-25,1629018,Gary Trent Jr.,7728,0.818,0.68,63.21192650009308,1.6860711973404316,1600,37.490662671779255,drbl-ability-eb1600-r1-v1,drbl-r1-points-v1,drbl-r1-wineq-v1,historical-pbp-normalized-v1,B_CANONICAL_WITH_LIMITATIONS,RETROSPECTIVE_FROZEN_V1_BACKFILL
2024-25,1630530,Trey Murphy III,7827,0.8141,0.68,63.72042984923334,1.699634663891879,1600,37.490662671779255,drbl-ability-eb1600-r1-v1,drbl-r1-points-v1,drbl-r1-wineq-v1,historical-pbp-normalized-v1,B_CANONICAL_WITH_LIMITATIONS,RETROSPECTIVE_FROZEN_V1_BACKFILL
2024-25,1631342,Daeqwon Plowden,291,4.3848,0.67,12.759692806610076,0.3403432187453655,1600,37.490662671779255,drbl-ability-eb1600-r1-v1,drbl-r1-points-v1,drbl-r1-wineq-v1,historical-pbp-normalized-v1,B_CANONICAL_WITH_LIMITATIONS,RETROSPECTIVE_FROZEN_V1_BACKFILL
2024-25,1629029,Luka Dončić,7368,0.8165,0.67,60.158785561163526,1.6046338281037504,1600,37.490662671779255,drbl-ability-eb1600-r1-v1,drbl-r1-points-v1,drbl-r1-wineq-v1,historical-pbp-normalized-v1,B_CANONICAL_WITH_LIMITATIONS,RETROSPECTIVE_FROZEN_V1_BACKFILL
2024-25,1630183,Jaden McDaniels,10534,0.7592,0.66,79.97045393999693,2.133076564693372,1600,37.490662671779255,drbl-ability-eb1600-r1-v1,drbl-r1-points-v1,drbl-r1-wineq-v1,historical-pbp-normalized-v1,B_CANONICAL_WITH_LIMITATIONS,RETROSPECTIVE_FROZEN_V1_BACKFILL
2024-25,203081,Damian Lillard,8516,0.7697,0.65,65.55029714572991,1.7484432782531818,1600,37.490662671779255,drbl-ability-eb1600-r1-v1,drbl-r1-points-v1,drbl-r1-wineq-v1,historical-pbp-normalized-v1,B_CANONICAL_WITH_LIMITATIONS,RETROSPECTIVE_FROZEN_V1_BACKFILL
2024-25,1630166,Deni Avdija,8956,0.7592,0.64,67.99631692485598,1.8136867176807618,1600,37.490662671779255,drbl-ability-eb1600-r1-v1,drbl-r1-points-v1,drbl-r1-wineq-v1,historical-pbp-normalized-v1,B_CANONICAL_WITH_LIMITATIONS,RETROSPECTIVE_FROZEN_V1_BACKFILL
2024-25,1629650,Moses Brown,517,2.6282,0.64,13.587757095274016,0.36243043272484143,1600,37.490662671779255,drbl-ability-eb1600-r1-v1,drbl-r1-points-v1,drbl-r1-wineq-v1,historical-pbp-normalized-v1,B_CANONICAL_WITH_LIMITATIONS,RETROSPECTIVE_FROZEN_V1_BACKFILL
2024-25,202695,Kawhi Leonard,4736,0.8524,0.64,40.36757727592429,1.0767368298963307,1600,37.490662671779255,drbl-ability-eb1600-r1-v1,drbl-r1-points-v1,drbl-r1-wineq-v1,historical-pbp-normalized-v1,B_CANONICAL_WITH_LIMITATIONS,RETROSPECTIVE_FROZEN_V1_BACKFILL
2024-25,1630168,Onyeka Okongwu,8921,0.7473,0.63,66.66259616777046,1.778111972876652,1600,37.490662671779255,drbl-ability-eb1600-r1-v1,drbl-r1-points-v1,drbl-r1-wineq-v1,historical-pbp-normalized-v1,B_CANONICAL_WITH_LIMITATIONS,RETROSPECTIVE_FROZEN_V1_BACKFILL
2024-25,1641717,Cason Wallace,7701,0.7636,0.63,58.80539609830421,1.5685344538486756,1600,37.490662671779255,drbl-ability-eb1600-r1-v1,drbl-r1-points-v1,drbl-r1-wineq-v1,historical-pbp-normalized-v1,B_CANONICAL_WITH_LIMITATIONS,RETROSPECTIVE_FROZEN_V1_BACKFILL
2024-25,1631217,Moussa Diabaté,4891,0.8369,0.63,40.93281460936268,1.0918135794962747,1600,37.490662671779255,drbl-ability-eb1600-r1-v1,drbl-r1-points-v1,drbl-r1-wineq-v1,historical-pbp-normalized-v1,B_CANONICAL_WITH_LIMITATIONS,RETROSPECTIVE_FROZEN_V1_BACKFILL
2024-25,1641708,Amen Thompson,9080,0.7403,0.63,67.21609533149366,1.7928756266580999,1600,37.490662671779255,drbl-ability-eb1600-r1-v1,drbl-r1-points-v1,drbl-r1-wineq-v1,historical-pbp-normalized-v1,B_CANONICAL_WITH_LIMITATIONS,RETROSPECTIVE_FROZEN_V1_BACKFILL
2024-25,203897,Zach LaVine,10890,0.7166,0.62,78.03887938567658,2.081555081298139,1600,37.490662671779255,drbl-ability-eb1600-r1-v1,drbl-r1-points-v1,drbl-r1-wineq-v1,historical-pbp-normalized-v1,B_CANONICAL_WITH_LIMITATIONS,RETROSPECTIVE_FROZEN_V1_BACKFILL
2024-25,1630264,Anthony Gill,1626,1.2355,0.62,20.088440278595655,0.535825158772588,1600,37.490662671779255,drbl-ability-eb1600-r1-v1,drbl-r1-points-v1,drbl-r1-wineq-v1,historical-pbp-normalized-v1,B_CANONICAL_WITH_LIMITATIONS,RETROSPECTIVE_FROZEN_V1_BACKFILL
2024-25,201142,Kevin Durant,9248,0.7265,0.62,67.1835398207793,1.792007263487265,1600,37.490662671779255,drbl-ability-eb1600-r1-v1,drbl-r1-points-v1,drbl-r1-wineq-v1,historical-pbp-normalized-v1,B_CANONICAL_WITH_LIMITATIONS,RETROSPECTIVE_FROZEN_V1_BACKFILL
2024-25,1629162,Jordan McLaughlin,1256,1.4037,0.62,17.630647733249116,0.47026770072326357,1600,37.490662671779255,drbl-ability-eb1600-r1-v1,drbl-r1-points-v1,drbl-r1-wineq-v1,historical-pbp-normalized-v1,B_CANONICAL_WITH_LIMITATIONS,RETROSPECTIVE_FROZEN_V1_BACKFILL
2024-25,1630167,Obi Toppin,6381,0.7606,0.61,48.53655790508225,1.2946305678831782,1600,37.490662671779255,drbl-ability-eb1600-r1-v1,drbl-r1-points-v1,drbl-r1-wineq-v1,historical-pbp-normalized-v1,B_CANONICAL_WITH_LIMITATIONS,RETROSPECTIVE_FROZEN_V1_BACKFILL
2024-25,201145,Jeff Green,1626,1.2011,0.61,19.530186261606666,0.5209346773245443,1600,37.490662671779255,drbl-ability-eb1600-r1-v1,drbl-r1-points-v1,drbl-r1-wineq-v1,historical-pbp-normalized-v1,B_CANONICAL_WITH_LIMITATIONS,RETROSPECTIVE_FROZEN_V1_BACKFILL
2024-25,1629639,Tyler Herro,10901,0.6898,0.6,75.18966502553951,2.005557108547399,1600,37.490662671779255,drbl-ability-eb1600-r1-v1,drbl-r1-points-v1,drbl-r1-wineq-v1,historical-pbp-normalized-v1,B_CANONICAL_WITH_LIMITATIONS,RETROSPECTIVE_FROZEN_V1_BACKFILL
2024-25,1629636,Darius Garland,9684,0.7003,0.6,67.81971607366003,1.8089761887487439,1600,37.490662671779255,drbl-ability-eb1600-r1-v1,drbl-r1-points-v1,drbl-r1-wineq-v1,historical-pbp-normalized-v1,B_CANONICAL_WITH_LIMITATIONS,RETROSPECTIVE_FROZEN_V1_BACKFILL
2024-25,1642352,Keshad Johnson,414,2.9048,0.6,12.025818304857697,0.32076835798130665,1600,37.490662671779255,drbl-ability-eb1600-r1-v1,drbl-r1-points-v1,drbl-r1-wineq-v1,historical-pbp-normalized-v1,B_CANONICAL_WITH_LIMITATIONS,RETROSPECTIVE_FROZEN_V1_BACKFILL
2024-25,1631105,Jalen Duren,8369,0.6982,0.59,58.43524219127484,1.5586612246057048,1600,37.490662671779255,drbl-ability-eb1600-r1-v1,drbl-r1-points-v1,drbl-r1-wineq-v1,historical-pbp-normalized-v1,B_CANONICAL_WITH_LIMITATIONS,RETROSPECTIVE_FROZEN_V1_BACKFILL
2024-25,1628970,Miles Bridges,8345,0.6839,0.57,57.0691068140477,1.522221874648429,1600,37.490662671779255,drbl-ability-eb1600-r1-v1,drbl-r1-points-v1,drbl-r1-wineq-v1,historical-pbp-normalized-v1,B_CANONICAL_WITH_LIMITATIONS,RETROSPECTIVE_FROZEN_V1_BACKFILL
2024-25,1628396,Tony Bradley,486,2.4509,0.57,11.911577608811548,0.3177211806868881,1600,37.490662671779255,drbl-ability-eb1600-r1-v1,drbl-r1-points-v1,drbl-r1-wineq-v1,historical-pbp-normalized-v1,B_CANONICAL_WITH_LIMITATIONS,RETROSPECTIVE_FROZEN_V1_BACKFILL
2024-25,1642484,RayJ Dennis,275,3.8834,0.57,10.679391369257505,0.28485469736165314,1600,37.490662671779255,drbl-ability-eb1600-r1-v1,drbl-r1-points-v1,drbl-r1-wineq-v1,historical-pbp-normalized-v1,B_CANONICAL_WITH_LIMITATIONS,RETROSPECTIVE_FROZEN_V1_BACKFILL
2024-25,1630194,Paul Reed,1827,1.0525,0.56,19.228432858177595,0.5128859157950179,1600,37.490662671779255,drbl-ability-eb1600-r1-v1,drbl-r1-points-v1,drbl-r1-wineq-v1,historical-pbp-normalized-v1,B_CANONICAL_WITH_LIMITATIONS,RETROSPECTIVE_FROZEN_V1_BACKFILL
2024-25,1629057,Robert Williams III,1456,1.1774,0.56,17.142659308273988,0.4572514350667363,1600,37.490662671779255,drbl-ability-eb1600-r1-v1,drbl-r1-points-v1,drbl-r1-wineq-v1,historical-pbp-normalized-v1,B_CANONICAL_WITH_LIMITATIONS,RETROSPECTIVE_FROZEN_V1_BACKFILL
2024-25,1630217,Desmond Bane,9508,0.6535,0.56,62.1310120324611,1.6572396326093655,1600,37.490662671779255,drbl-ability-eb1600-r1-v1,drbl-r1-points-v1,drbl-r1-wineq-v1,historical-pbp-normalized-v1,B_CANONICAL_WITH_LIMITATIONS,RETROSPECTIVE_FROZEN_V1_BACKFILL
2024-25,1630171,Isaac Okoro,4345,0.7631,0.56,33.15630474989655,0.8843883353082111,1600,37.490662671779255,drbl-ability-eb1600-r1-v1,drbl-r1-points-v1,drbl-r1-wineq-v1,historical-pbp-normalized-v1,B_CANONICAL_WITH_LIMITATIONS,RETROSPECTIVE_FROZEN_V1_BACKFILL
2024-25,1641810,Antonio Reeves,2711,0.8799,0.55,23.85346379912914,0.6362507915093379,1600,37.490662671779255,drbl-ability-eb1600-r1-v1,drbl-r1-points-v1,drbl-r1-wineq-v1,historical-pbp-normalized-v1,B_CANONICAL_WITH_LIMITATIONS,RETROSPECTIVE_FROZEN_V1_BACKFILL
2024-25,1630200,Tre Jones,3663,0.7829,0.54,28.678572468595306,0.7649524021399289,1600,37.490662671779255,drbl-ability-eb1600-r1-v1,drbl-r1-points-v1,drbl-r1-wineq-v1,historical-pbp-normalized-v1,B_CANONICAL_WITH_LIMITATIONS,RETROSPECTIVE_FROZEN_V1_BACKFILL
2024-25,1630288,Jeff Dowtin Jr.,2535,0.881,0.54,22.332485884353193,0.5956812788258278,1600,37.490662671779255,drbl-ability-eb1600-r1-v1,drbl-r1-points-v1,drbl-r1-wineq-v1,historical-pbp-normalized-v1,B_CANONICAL_WITH_LIMITATIONS,RETROSPECTIVE_FROZEN_V1_BACKFILL
2024-25,1641705,Victor Wembanyama,6024,0.6765,0.53,40.7531725490131,1.0870219314552065,1600,37.490662671779255,drbl-ability-eb1600-r1-v1,drbl-r1-points-v1,drbl-r1-wineq-v1,historical-pbp-normalized-v1,B_CANONICAL_WITH_LIMITATIONS,RETROSPECTIVE_FROZEN_V1_BACKFILL
2024-25,1630249,Vít Krejčí,4749,0.7054,0.53,33.49915916103922,0.8935333966837402,1600,37.490662671779255,drbl-ability-eb1600-r1-v1,drbl-r1-points-v1,drbl-r1-wineq-v1,historical-pbp-normalized-v1,B_CANONICAL_WITH_LIMITATIONS,RETROSPECTIVE_FROZEN_V1_BACKFILL
2024-25,1630541,Moses Moody,6827,0.6486,0.53,44.27976958977606,1.1810879412144197,1600,37.490662671779255,drbl-ability-eb1600-r1-v1,drbl-r1-points-v1,drbl-r1-wineq-v1,historical-pbp-normalized-v1,B_CANONICAL_WITH_LIMITATIONS,RETROSPECTIVE_FROZEN_V1_BACKFILL
2024-25,1629640,Keldon Johnson,7505,0.6356,0.52,47.699375209241815,1.2723001358188069,1600,37.490662671779255,drbl-ability-eb1600-r1-v1,drbl-r1-points-v1,drbl-r1-wineq-v1,historical-pbp-normalized-v1,B_CANONICAL_WITH_LIMITATIONS,RETROSPECTIVE_FROZEN_V1_BACKFILL
2024-25,1630215,Jared Butler,4371,0.7148,0.52,31.242142271689332,0.833331289585515,1600,37.490662671779255,drbl-ability-eb1600-r1-v1,drbl-r1-points-v1,drbl-r1-wineq-v1,historical-pbp-normalized-v1,B_CANONICAL_WITH_LIMITATIONS,RETROSPECTIVE_FROZEN_V1_BACKFILL
2024-25,1630549,Day'Ron Sharpe,3558,0.7552,0.52,26.870217966918442,0.7167176051850571,1600,37.490662671779255,drbl-ability-eb1600-r1-v1,drbl-r1-points-v1,drbl-r1-wineq-v1,historical-pbp-normalized-v1,B_CANONICAL_WITH_LIMITATIONS,RETROSPECTIVE_FROZEN_V1_BACKFILL
2024-25,1627734,Domantas Sabonis,10119,0.5931,0.51,60.020192688572244,1.600937097699046,1600,37.490662671779255,drbl-ability-eb1600-r1-v1,drbl-r1-points-v1,drbl-r1-wineq-v1,historical-pbp-normalized-v1,B_CANONICAL_WITH_LIMITATIONS,RETROSPECTIVE_FROZEN_V1_BACKFILL
2024-25,1629013,Landry Shamet,3088,0.7701,0.51,23.78082788133359,0.6343133512877164,1600,37.490662671779255,drbl-ability-eb1600-r1-v1,drbl-r1-points-v1,drbl-r1-wineq-v1,historical-pbp-normalized-v1,B_CANONICAL_WITH_LIMITATIONS,RETROSPECTIVE_FROZEN_V1_BACKFILL
2024-25,201587,Nicolas Batum,5508,0.6541,0.51,36.02865258327433,0.9610033543203962,1600,37.490662671779255,drbl-ability-eb1600-r1-v1,drbl-r1-points-v1,drbl-r1-wineq-v1,historical-pbp-normalized-v1,B_CANONICAL_WITH_LIMITATIONS,RETROSPECTIVE_FROZEN_V1_BACKFILL
2024-25,203076,Anthony Davis,6970,0.6092,0.5,42.46345932243864,1.1326409376701312,1600,37.490662671779255,drbl-ability-eb1600-r1-v1,drbl-r1-points-v1,drbl-r1-wineq-v1,historical-pbp-normalized-v1,B_CANONICAL_WITH_LIMITATIONS,RETROSPECTIVE_FROZEN_V1_BACKFILL
2024-25,1641729,Brice Sensabaugh,5974,0.6237,0.49,37.26166257368378,0.9938918098060759,1600,37.490662671779255,drbl-ability-eb1600-r1-v1,drbl-r1-points-v1,drbl-r1-wineq-v1,historical-pbp-normalized-v1,B_CANONICAL_WITH_LIMITATIONS,RETROSPECTIVE_FROZEN_V1_BACKFILL
2024-25,1642272,Jared McCain,2392,0.8158,0.49,19.514922314184187,0.5205275373506231,1600,37.490662671779255,drbl-ability-eb1600-r1-v1,drbl-r1-points-v1,drbl-r1-wineq-v1,historical-pbp-normalized-v1,B_CANONICAL_WITH_LIMITATIONS,RETROSPECTIVE_FROZEN_V1_BACKFILL
2024-25,1626172,Kevon Looney,4598,0.6589,0.49,30.297246747954443,0.8081278000658124,1600,37.490662671779255,drbl-ability-eb1600-r1-v1,drbl-r1-points-v1,drbl-r1-wineq-v1,historical-pbp-normalized-v1,B_CANONICAL_WITH_LIMITATIONS,RETROSPECTIVE_FROZEN_V1_BACKFILL
2024-25,1630178,Tyrese Maxey,7776,0.5813,0.48,45.20167022700347,1.205678081039325,1600,37.490662671779255,drbl-ability-eb1600-r1-v1,drbl-r1-points-v1,drbl-r1-wineq-v1,historical-pbp-normalized-v1,B_CANONICAL_WITH_LIMITATIONS,RETROSPECTIVE_FROZEN_V1_BACKFILL
2024-25,202699,Tobias Harris,9425,0.5639,0.48,53.15092890126373,1.4177111076052704,1600,37.490662671779255,drbl-ability-eb1600-r1-v1,drbl-r1-points-v1,drbl-r1-wineq-v1,historical-pbp-normalized-v1,B_CANONICAL_WITH_LIMITATIONS,RETROSPECTIVE_FROZEN_V1_BACKFILL
2024-25,1626204,Larry Nance Jr.,1998,0.8465,0.47,16.913999344028074,0.4511523173678103,1600,37.490662671779255,drbl-ability-eb1600-r1-v1,drbl-r1-points-v1,drbl-r1-wineq-v1,historical-pbp-normalized-v1,B_CANONICAL_WITH_LIMITATIONS,RETROSPECTIVE_FROZEN_V1_BACKFILL
2024-25,1629130,Duncan Robinson,7165,0.5663,0.46,40.57587597092223,1.0822928451852984,1600,37.490662671779255,drbl-ability-eb1600-r1-v1,drbl-r1-points-v1,drbl-r1-wineq-v1,historical-pbp-normalized-v1,B_CANONICAL_WITH_LIMITATIONS,RETROSPECTIVE_FROZEN_V1_BACKFILL
2024-25,1631204,Marcus Sasser,3449,0.6753,0.46,23.289898154618875,0.6212186313833852,1600,37.490662671779255,drbl-ability-eb1600-r1-v1,drbl-r1-points-v1,drbl-r1-wineq-v1,historical-pbp-normalized-v1,B_CANONICAL_WITH_LIMITATIONS,RETROSPECTIVE_FROZEN_V1_BACKFILL
2024-25,1631255,Karlo Matković,3253,0.687,0.46,22.34740538796685,0.5960792313438794,1600,37.490662671779255,drbl-ability-eb1600-r1-v1,drbl-r1-points-v1,drbl-r1-wineq-v1,historical-pbp-normalized-v1,B_CANONICAL_WITH_LIMITATIONS,RETROSPECTIVE_FROZEN_V1_BACKFILL
2024-25,1628973,Jalen Brunson,9338,0.5316,0.45,49.644175823945886,1.324174401998903,1600,37.490662671779255,drbl-ability-eb1600-r1-v1,drbl-r1-points-v1,drbl-r1-wineq-v1,historical-pbp-normalized-v1,B_CANONICAL_WITH_LIMITATIONS,RETROSPECTIVE_FROZEN_V1_BACKFILL
2024-25,1628420,Monté Morris,2343,0.76,0.45,17.805995909104617,0.47494481665985366,1600,37.490662671779255,drbl-ability-eb1600-r1-v1,drbl-r1-points-v1,drbl-r1-wineq-v1,historical-pbp-normalized-v1,B_CANONICAL_WITH_LIMITATIONS,RETROSPECTIVE_FROZEN_V1_BACKFILL
2024-25,1631117,Walker Kessler,7243,0.5495,0.45,39.79683098750438,1.0615131382423142,1600,37.490662671779255,drbl-ability-eb1600-r1-v1,drbl-r1-points-v1,drbl-r1-wineq-v1,historical-pbp-normalized-v1,B_CANONICAL_WITH_LIMITATIONS,RETROSPECTIVE_FROZEN_V1_BACKFILL
2024-25,1628369,Jayson Tatum,10587,0.5173,0.45,54.763244620990676,1.4607169017103876,1600,37.490662671779255,drbl-ability-eb1600-r1-v1,drbl-r1-points-v1,drbl-r1-wineq-v1,historical-pbp-normalized-v1,B_CANONICAL_WITH_LIMITATIONS,RETROSPECTIVE_FROZEN_V1_BACKFILL
2024-25,1628988,Aaron Holiday,3271,0.6644,0.45,21.73116375314573,0.5796420282937186,1600,37.490662671779255,drbl-ability-eb1600-r1-v1,drbl-r1-points-v1,drbl-r1-wineq-v1,historical-pbp-normalized-v1,B_CANONICAL_WITH_LIMITATIONS,RETROSPECTIVE_FROZEN_V1_BACKFILL
2024-25,1630241,Sam Merrill,5801,0.5667,0.44,32.87670220217789,0.8769304103799029,1600,37.490662671779255,drbl-ability-eb1600-r1-v1,drbl-r1-points-v1,drbl-r1-wineq-v1,historical-pbp-normalized-v1,B_CANONICAL_WITH_LIMITATIONS,RETROSPECTIVE_FROZEN_V1_BACKFILL
2024-25,1629026,Kenrich Williams,4632,0.5963,0.44,27.620699498761336,0.7367354303809774,1600,37.490662671779255,drbl-ability-eb1600-r1-v1,drbl-r1-points-v1,drbl-r1-wineq-v1,historical-pbp-normalized-v1,B_CANONICAL_WITH_LIMITATIONS,RETROSPECTIVE_FROZEN_V1_BACKFILL
2024-25,1628374,Lauri Markkanen,6152,0.5565,0.44,34.23759932054056,0.9132300386440646,1600,37.490662671779255,drbl-ability-eb1600-r1-v1,drbl-r1-points-v1,drbl-r1-wineq-v1,historical-pbp-normalized-v1,B_CANONICAL_WITH_LIMITATIONS,RETROSPECTIVE_FROZEN_V1_BACKFILL
2024-25,1629012,Collin Sexton,7276,0.5341,0.44,38.864155149718364,1.0366355881720115,1600,37.490662671779255,drbl-ability-eb1600-r1-v1,drbl-r1-points-v1,drbl-r1-wineq-v1,historical-pbp-normalized-v1,B_CANONICAL_WITH_LIMITATIONS,RETROSPECTIVE_FROZEN_V1_BACKFILL
2024-25,1628401,Derrick White,10451,0.4988,0.43,52.13176480553217,1.3905266295752587,1600,37.490662671779255,drbl-ability-eb1600-r1-v1,drbl-r1-points-v1,drbl-r1-wineq-v1,historical-pbp-normalized-v1,B_CANONICAL_WITH_LIMITATIONS,RETROSPECTIVE_FROZEN_V1_BACKFILL
2024-25,1630537,Chris Duarte,319,2.5488,0.42,8.130516909037132,0.21686778332561463,1600,37.490662671779255,drbl-ability-eb1600-r1-v1,drbl-r1-points-v1,drbl-r1-wineq-v1,historical-pbp-normalized-v1,B_CANONICAL_WITH_LIMITATIONS,RETROSPECTIVE_FROZEN_V1_BACKFILL
2024-25,1642366,Quinten Post,2699,0.6729,0.42,18.161138816685025,0.4844176528881591,1600,37.490662671779255,drbl-ability-eb1600-r1-v1,drbl-r1-points-v1,drbl-r1-wineq-v1,historical-pbp-normalized-v1,B_CANONICAL_WITH_LIMITATIONS,RETROSPECTIVE_FROZEN_V1_BACKFILL
2024-25,1629011,Mitchell Robinson,1139,1.0062,0.42,11.461018213072522,0.30570327106273576,1600,37.490662671779255,drbl-ability-eb1600-r1-v1,drbl-r1-points-v1,drbl-r1-wineq-v1,historical-pbp-normalized-v1,B_CANONICAL_WITH_LIMITATIONS,RETROSPECTIVE_FROZEN_V1_BACKFILL
2024-25,1631221,Collin Gillespie,1847,0.7776,0.42,14.361880792994988,0.3830788726977013,1600,37.490662671779255,drbl-ability-eb1600-r1-v1,drbl-r1-points-v1,drbl-r1-wineq-v1,historical-pbp-normalized-v1,B_CANONICAL_WITH_LIMITATIONS,RETROSPECTIVE_FROZEN_V1_BACKFILL
2024-25,1641764,Brandin Podziemski,6993,0.5095,0.41,35.631790772850515,0.9504177369388568,1600,37.490662671779255,drbl-ability-eb1600-r1-v1,drbl-r1-points-v1,drbl-r1-wineq-v1,historical-pbp-normalized-v1,B_CANONICAL_WITH_LIMITATIONS,RETROSPECTIVE_FROZEN_V1_BACKFILL
2024-25,1627750,Jamal Murray,10017,0.4723,0.41,47.31080796653753,1.2619357619984215,1600,37.490662671779255,drbl-ability-eb1600-r1-v1,drbl-r1-points-v1,drbl-r1-wineq-v1,historical-pbp-normalized-v1,B_CANONICAL_WITH_LIMITATIONS,RETROSPECTIVE_FROZEN_V1_BACKFILL
2024-25,203484,Kentavious Caldwell-Pope,9099,0.4788,0.41,43.569574908018275,1.1621446995871552,1600,37.490662671779255,drbl-ability-eb1600-r1-v1,drbl-r1-points-v1,drbl-r1-wineq-v1,historical-pbp-normalized-v1,B_CANONICAL_WITH_LIMITATIONS,RETROSPECTIVE_FROZEN_V1_BACKFILL
2024-25,1641890,Tyler Smith,489,1.7241,0.4,8.431002394448832,0.2248827252870937,1600,37.490662671779255,drbl-ability-eb1600-r1-v1,drbl-r1-points-v1,drbl-r1-wineq-v1,historical-pbp-normalized-v1,B_CANONICAL_WITH_LIMITATIONS,RETROSPECTIVE_FROZEN_V1_BACKFILL
2024-25,203952,Andrew Wiggins,7631,0.4804,0.4,36.660718717205214,0.9778626491123942,1600,37.490662671779255,drbl-ability-eb1600-r1-v1,drbl-r1-points-v1,drbl-r1-wineq-v1,historical-pbp-normalized-v1,B_CANONICAL_WITH_LIMITATIONS,RETROSPECTIVE_FROZEN_V1_BACKFILL
2024-25,1631230,Dominick Barlow,1602,0.787,0.39,12.607369577615511,0.3362802543126449,1600,37.490662671779255,drbl-ability-eb1600-r1-v1,drbl-r1-points-v1,drbl-r1-wineq-v1,historical-pbp-normalized-v1,B_CANONICAL_WITH_LIMITATIONS,RETROSPECTIVE_FROZEN_V1_BACKFILL
2024-25,1630188,Jalen Smith,4157,0.5442,0.39,22.622800496985285,0.6034249299630114,1600,37.490662671779255,drbl-ability-eb1600-r1-v1,drbl-r1-points-v1,drbl-r1-wineq-v1,historical-pbp-normalized-v1,B_CANONICAL_WITH_LIMITATIONS,RETROSPECTIVE_FROZEN_V1_BACKFILL
2024-25,1642285,Cam Spencer,1115,0.9544,0.39,10.641749387332734,0.28385066117658175,1600,37.490662671779255,drbl-ability-eb1600-r1-v1,drbl-r1-points-v1,drbl-r1-wineq-v1,historical-pbp-normalized-v1,B_CANONICAL_WITH_LIMITATIONS,RETROSPECTIVE_FROZEN_V1_BACKFILL
2024-25,1629652,Luguentz Dort,8626,0.4646,0.39,40.07611303532335,1.0689625143780206,1600,37.490662671779255,drbl-ability-eb1600-r1-v1,drbl-r1-points-v1,drbl-r1-wineq-v1,historical-pbp-normalized-v1,B_CANONICAL_WITH_LIMITATIONS,RETROSPECTIVE_FROZEN_V1_BACKFILL
2024-25,1641727,Dariq Whitehead,1034,0.9903,0.39,10.239605768634389,0.2731241604950919,1600,37.490662671779255,drbl-ability-eb1600-r1-v1,drbl-r1-points-v1,drbl-r1-wineq-v1,historical-pbp-normalized-v1,B_CANONICAL_WITH_LIMITATIONS,RETROSPECTIVE_FROZEN_V1_BACKFILL
2024-25,1641774,Tristan Vukcevic,2122,0.6772,0.39,14.369328167926954,0.3832775188245294,1600,37.490662671779255,drbl-ability-eb1600-r1-v1,drbl-r1-points-v1,drbl-r1-wineq-v1,historical-pbp-normalized-v1,B_CANONICAL_WITH_LIMITATIONS,RETROSPECTIVE_FROZEN_V1_BACKFILL
2024-25,1631114,Jalen Williams,9284,0.4414,0.38,40.982903843239086,1.093149625068873,1600,37.490662671779255,drbl-ability-eb1600-r1-v1,drbl-r1-points-v1,drbl-r1-wineq-v1,historical-pbp-normalized-v1,B_CANONICAL_WITH_LIMITATIONS,RETROSPECTIVE_FROZEN_V1_BACKFILL
2024-25,1629008,Michael Porter Jr.,10812,0.4308,0.38,46.574937205213445,1.2423076543875629,1600,37.490662671779255,drbl-ability-eb1600-r1-v1,drbl-r1-points-v1,drbl-r1-wineq-v1,historical-pbp-normalized-v1,B_CANONICAL_WITH_LIMITATIONS,RETROSPECTIVE_FROZEN_V1_BACKFILL
2024-25,1631260,AJ Green,6755,0.4584,0.37,30.964909260103944,0.8259365680247762,1600,37.490662671779255,drbl-ability-eb1600-r1-v1,drbl-r1-points-v1,drbl-r1-wineq-v1,historical-pbp-normalized-v1,B_CANONICAL_WITH_LIMITATIONS,RETROSPECTIVE_FROZEN_V1_BACKFILL
2024-25,1626167,Myles Turner,8645,0.4392,0.37,37.972229244720616,1.0128449736180272,1600,37.490662671779255,drbl-ability-eb1600-r1-v1,drbl-r1-points-v1,drbl-r1-wineq-v1,historical-pbp-normalized-v1,B_CANONICAL_WITH_LIMITATIONS,RETROSPECTIVE_FROZEN_V1_BACKFILL
2024-25,1627741,Buddy Hield,7528,0.4482,0.37,33.74036475267799,0.8999671477686558,1600,37.490662671779255,drbl-ability-eb1600-r1-v1,drbl-r1-points-v1,drbl-r1-wineq-v1,historical-pbp-normalized-v1,B_CANONICAL_WITH_LIMITATIONS,RETROSPECTIVE_FROZEN_V1_BACKFILL
2024-25,1627832,Fred VanVleet,8397,0.4368,0.37,36.68088708410638,0.9784006061786039,1600,37.490662671779255,drbl-ability-eb1600-r1-v1,drbl-r1-points-v1,drbl-r1-wineq-v1,historical-pbp-normalized-v1,B_CANONICAL_WITH_LIMITATIONS,RETROSPECTIVE_FROZEN_V1_BACKFILL
2024-25,1629001,De'Anthony Melton,527,1.4776,0.37,7.78686155357407,0.20770135811537835,1600,37.490662671779255,drbl-ability-eb1600-r1-v1,drbl-r1-points-v1,drbl-r1-wineq-v1,historical-pbp-normalized-v1,B_CANONICAL_WITH_LIMITATIONS,RETROSPECTIVE_FROZEN_V1_BACKFILL
2024-25,1630583,Santi Aldama,7119,0.4475,0.37,31.857044510140263,0.849732766503494,1600,37.490662671779255,drbl-ability-eb1600-r1-v1,drbl-r1-points-v1,drbl-r1-wineq-v1,historical-pbp-normalized-v1,B_CANONICAL_WITH_LIMITATIONS,RETROSPECTIVE_FROZEN_V1_BACKFILL
2024-25,1629599,Amir Coffey,7136,0.4438,0.36,31.671381749004567,0.8447805264547885,1600,37.490662671779255,drbl-ability-eb1600-r1-v1,drbl-r1-points-v1,drbl-r1-wineq-v1,historical-pbp-normalized-v1,B_CANONICAL_WITH_LIMITATIONS,RETROSPECTIVE_FROZEN_V1_BACKFILL
2024-25,1641790,PJ Hall,253,2.6427,0.36,6.686009136658287,0.17833798231822445,1600,37.490662671779255,drbl-ability-eb1600-r1-v1,drbl-r1-points-v1,drbl-r1-wineq-v1,historical-pbp-normalized-v1,B_CANONICAL_WITH_LIMITATIONS,RETROSPECTIVE_FROZEN_V1_BACKFILL
2024-25,1629723,John Konchar,2491,0.5892,0.36,14.677538825966337,0.39149851669639113,1600,37.490662671779255,drbl-ability-eb1600-r1-v1,drbl-r1-points-v1,drbl-r1-wineq-v1,historical-pbp-normalized-v1,B_CANONICAL_WITH_LIMITATIONS,RETROSPECTIVE_FROZEN_V1_BACKFILL
2024-25,1642024,Alex Reese,999,0.9317,0.36,9.308031145691844,0.2482759834677016,1600,37.490662671779255,drbl-ability-eb1600-r1-v1,drbl-r1-points-v1,drbl-r1-wineq-v1,historical-pbp-normalized-v1,B_CANONICAL_WITH_LIMITATIONS,RETROSPECTIVE_FROZEN_V1_BACKFILL
2024-25,1629673,Jordan Poole,8417,0.4191,0.35,35.276438845547666,0.9409393254630752,1600,37.490662671779255,drbl-ability-eb1600-r1-v1,drbl-r1-points-v1,drbl-r1-wineq-v1,historical-pbp-normalized-v1,B_CANONICAL_WITH_LIMITATIONS,RETROSPECTIVE_FROZEN_V1_BACKFILL
2024-25,201572,Brook Lopez,10423,0.3988,0.35,41.571374427524944,1.1088460823291184,1600,37.490662671779255,drbl-ability-eb1600-r1-v1,drbl-r1-points-v1,drbl-r1-wineq-v1,historical-pbp-normalized-v1,B_CANONICAL_WITH_LIMITATIONS,RETROSPECTIVE_FROZEN_V1_BACKFILL
2024-25,1642403,Isaac Jones,1229,0.788,0.34,9.683997431328354,0.25830424807662555,1600,37.490662671779255,drbl-ability-eb1600-r1-v1,drbl-r1-points-v1,drbl-r1-wineq-v1,historical-pbp-normalized-v1,B_CANONICAL_WITH_LIMITATIONS,RETROSPECTIVE_FROZEN_V1_BACKFILL
2024-25,1631169,Josh Minott,1181,0.7994,0.34,9.441271260635617,0.25182993811796356,1600,37.490662671779255,drbl-ability-eb1600-r1-v1,drbl-r1-points-v1,drbl-r1-wineq-v1,historical-pbp-normalized-v1,B_CANONICAL_WITH_LIMITATIONS,RETROSPECTIVE_FROZEN_V1_BACKFILL
2024-25,1629626,Bol Bol,1903,0.6217,0.34,11.831307813894695,0.3155801197080627,1600,37.490662671779255,drbl-ability-eb1600-r1-v1,drbl-r1-points-v1,drbl-r1-wineq-v1,historical-pbp-normalized-v1,B_CANONICAL_WITH_LIMITATIONS,RETROSPECTIVE_FROZEN_V1_BACKFILL
2024-25,1631096,Chet Holmgren,3696,0.4821,0.34,17.819672569598882,0.47530961844033964,1600,37.490662671779255,drbl-ability-eb1600-r1-v1,drbl-r1-points-v1,drbl-r1-wineq-v1,historical-pbp-normalized-v1,B_CANONICAL_WITH_LIMITATIONS,RETROSPECTIVE_FROZEN_V1_BACKFILL
2024-25,1628978,Donte DiVincenzo,6658,0.4146,0.33,27.601265943527704,0.7362170731728436,1600,37.490662671779255,drbl-ability-eb1600-r1-v1,drbl-r1-points-v1,drbl-r1-wineq-v1,historical-pbp-normalized-v1,B_CANONICAL_WITH_LIMITATIONS,RETROSPECTIVE_FROZEN_V1_BACKFILL
2024-25,1631127,Harrison Ingram,147,3.8292,0.32,5.628974419022952,0.15014336951851506,1600,37.490662671779255,drbl-ability-eb1600-r1-v1,drbl-r1-points-v1,drbl-r1-wineq-v1,historical-pbp-normalized-v1,B_CANONICAL_WITH_LIMITATIONS,RETROSPECTIVE_FROZEN_V1_BACKFILL
2024-25,1641737,Adem Bona,3716,0.4539,0.32,16.866236218096777,0.44987831678933426,1600,37.490662671779255,drbl-ability-eb1600-r1-v1,drbl-r1-points-v1,drbl-r1-wineq-v1,historical-pbp-normalized-v1,B_CANONICAL_WITH_LIMITATIONS,RETROSPECTIVE_FROZEN_V1_BACKFILL
2024-25,1630548,Johnny Juzang,5273,0.4094,0.31,21.58939074635952,0.5758604731895212,1600,37.490662671779255,drbl-ability-eb1600-r1-v1,drbl-r1-points-v1,drbl-r1-wineq-v1,historical-pbp-normalized-v1,B_CANONICAL_WITH_LIMITATIONS,RETROSPECTIVE_FROZEN_V1_BACKFILL
2024-25,202709,Cory Joseph,2465,0.5033,0.31,12.406578613059317,0.33092449503161897,1600,37.490662671779255,drbl-ability-eb1600-r1-v1,drbl-r1-points-v1,drbl-r1-wineq-v1,historical-pbp-normalized-v1,B_CANONICAL_WITH_LIMITATIONS,RETROSPECTIVE_FROZEN_V1_BACKFILL
2024-25,203114,Khris Middleton,3552,0.4339,0.3,15.412583814594383,0.4111045982176266,1600,37.490662671779255,drbl-ability-eb1600-r1-v1,drbl-r1-points-v1,drbl-r1-wineq-v1,historical-pbp-normalized-v1,B_CANONICAL_WITH_LIMITATIONS,RETROSPECTIVE_FROZEN_V1_BACKFILL
2024-25,1630598,Aaron Wiggins,7221,0.3632,0.3,26.22755798178807,0.699575737335009,1600,37.490662671779255,drbl-ability-eb1600-r1-v1,drbl-r1-points-v1,drbl-r1-wineq-v1,historical-pbp-normalized-v1,B_CANONICAL_WITH_LIMITATIONS,RETROSPECTIVE_FROZEN_V1_BACKFILL
2024-25,1629726,Garrison Mathews,3507,0.4307,0.3,15.10516637660264,0.4029047581485646,1600,37.490662671779255,drbl-ability-eb1600-r1-v1,drbl-r1-points-v1,drbl-r1-wineq-v1,historical-pbp-normalized-v1,B_CANONICAL_WITH_LIMITATIONS,RETROSPECTIVE_FROZEN_V1_BACKFILL
2024-25,1641739,Toumani Camara,10513,0.3376,0.29,35.48676862541099,0.9465495165046341,1600,37.490662671779255,drbl-ability-eb1600-r1-v1,drbl-r1-points-v1,drbl-r1-wineq-v1,historical-pbp-normalized-v1,B_CANONICAL_WITH_LIMITATIONS,RETROSPECTIVE_FROZEN_V1_BACKFILL
2024-25,1630529,Herbert Jones,2686,0.4559,0.29,12.244547672553423,0.3266025938178573,1600,37.490662671779255,drbl-ability-eb1600-r1-v1,drbl-r1-points-v1,drbl-r1-wineq-v1,historical-pbp-normalized-v1,B_CANONICAL_WITH_LIMITATIONS,RETROSPECTIVE_FROZEN_V1_BACKFILL
2024-25,1642276,Kel'el Ware,5710,0.349,0.27,19.926358873928443,0.5315019115126984,1600,37.490662671779255,drbl-ability-eb1600-r1-v1,drbl-r1-points-v1,drbl-r1-wineq-v1,historical-pbp-normalized-v1,B_CANONICAL_WITH_LIMITATIONS,RETROSPECTIVE_FROZEN_V1_BACKFILL
2024-25,1642277,Johnny Furphy,1577,0.5341,0.27,8.422481231327906,0.2246554376769619,1600,37.490662671779255,drbl-ability-eb1600-r1-v1,drbl-r1-points-v1,drbl-r1-wineq-v1,historical-pbp-normalized-v1,B_CANONICAL_WITH_LIMITATIONS,RETROSPECTIVE_FROZEN_V1_BACKFILL
2024-25,1631107,Nikola Jović,4572,0.3565,0.26,16.298321675007756,0.43473015715126756,1600,37.490662671779255,drbl-ability-eb1600-r1-v1,drbl-r1-points-v1,drbl-r1-wineq-v1,historical-pbp-normalized-v1,B_CANONICAL_WITH_LIMITATIONS,RETROSPECTIVE_FROZEN_V1_BACKFILL
2024-25,1628366,Lonzo Ball,3363,0.3799,0.26,12.775169088073913,0.34075602237061287,1600,37.490662671779255,drbl-ability-eb1600-r1-v1,drbl-r1-points-v1,drbl-r1-wineq-v1,historical-pbp-normalized-v1,B_CANONICAL_WITH_LIMITATIONS,RETROSPECTIVE_FROZEN_V1_BACKFILL
2024-25,1631157,Ryan Rollins,3402,0.3751,0.26,12.761779774136343,0.34039888507339333,1600,37.490662671779255,drbl-ability-eb1600-r1-v1,drbl-r1-points-v1,drbl-r1-wineq-v1,historical-pbp-normalized-v1,B_CANONICAL_WITH_LIMITATIONS,RETROSPECTIVE_FROZEN_V1_BACKFILL
2024-25,1630552,Jalen Johnson,5396,0.3305,0.25,17.833020471991972,0.47566565115467035,1600,37.490662671779255,drbl-ability-eb1600-r1-v1,drbl-r1-points-v1,drbl-r1-wineq-v1,historical-pbp-normalized-v1,B_CANONICAL_WITH_LIMITATIONS,RETROSPECTIVE_FROZEN_V1_BACKFILL
2024-25,1630559,Austin Reaves,10582,0.2929,0.25,30.999859504970445,0.8268688066777038,1600,37.490662671779255,drbl-ability-eb1600-r1-v1,drbl-r1-points-v1,drbl-r1-wineq-v1,historical-pbp-normalized-v1,B_CANONICAL_WITH_LIMITATIONS,RETROSPECTIVE_FROZEN_V1_BACKFILL
2024-25,201144,Mike Conley,7101,0.3099,0.25,22.004517633031934,0.5869332805791034,1600,37.490662671779255,drbl-ability-eb1600-r1-v1,drbl-r1-points-v1,drbl-r1-wineq-v1,historical-pbp-normalized-v1,B_CANONICAL_WITH_LIMITATIONS,RETROSPECTIVE_FROZEN_V1_BACKFILL
2024-25,1630545,Terrence Shannon Jr.,1428,0.5266,0.25,7.520092957978062,0.2005857571474388,1600,37.490662671779255,drbl-ability-eb1600-r1-v1,drbl-r1-points-v1,drbl-r1-wineq-v1,historical-pbp-normalized-v1,B_CANONICAL_WITH_LIMITATIONS,RETROSPECTIVE_FROZEN_V1_BACKFILL
2024-25,1641706,Brandon Miller,3790,0.3394,0.24,12.86262949245876,0.3430888806919112,1600,37.490662671779255,drbl-ability-eb1600-r1-v1,drbl-r1-points-v1,drbl-r1-wineq-v1,historical-pbp-normalized-v1,B_CANONICAL_WITH_LIMITATIONS,RETROSPECTIVE_FROZEN_V1_BACKFILL
2024-25,1631159,Leonard Miller,131,3.1514,0.24,4.128356016015643,0.11011691236717522,1600,37.490662671779255,drbl-ability-eb1600-r1-v1,drbl-r1-points-v1,drbl-r1-wineq-v1,historical-pbp-normalized-v1,B_CANONICAL_WITH_LIMITATIONS,RETROSPECTIVE_FROZEN_V1_BACKFILL
2024-25,1627827,Dorian Finney-Smith,7259,0.291,0.24,21.123172479068234,0.563424889658419,1600,37.490662671779255,drbl-ability-eb1600-r1-v1,drbl-r1-points-v1,drbl-r1-wineq-v1,historical-pbp-normalized-v1,B_CANONICAL_WITH_LIMITATIONS,RETROSPECTIVE_FROZEN_V1_BACKFILL
2024-25,1628379,Luke Kennard,6333,0.2911,0.23,18.437046978507286,0.4917770363228495,1600,37.490662671779255,drbl-ability-eb1600-r1-v1,drbl-r1-points-v1,drbl-r1-wineq-v1,historical-pbp-normalized-v1,B_CANONICAL_WITH_LIMITATIONS,RETROSPECTIVE_FROZEN_V1_BACKFILL
2024-25,1630577,Julian Champagnie,7917,0.2792,0.23,22.10605887980379,0.589641721549081,1600,37.490662671779255,drbl-ability-eb1600-r1-v1,drbl-r1-points-v1,drbl-r1-wineq-v1,historical-pbp-normalized-v1,B_CANONICAL_WITH_LIMITATIONS,RETROSPECTIVE_FROZEN_V1_BACKFILL
2024-25,1626166,Cameron Payne,4428,0.305,0.22,13.504860938950669,0.3602193179987807,1600,37.490662671779255,drbl-ability-eb1600-r1-v1,drbl-r1-points-v1,drbl-r1-wineq-v1,historical-pbp-normalized-v1,B_CANONICAL_WITH_LIMITATIONS,RETROSPECTIVE_FROZEN_V1_BACKFILL
2024-25,1629632,Coby White,10460,0.2565,0.22,26.833509108317525,0.7157384584859898,1600,37.490662671779255,drbl-ability-eb1600-r1-v1,drbl-r1-points-v1,drbl-r1-wineq-v1,historical-pbp-normalized-v1,B_CANONICAL_WITH_LIMITATIONS,RETROSPECTIVE_FROZEN_V1_BACKFILL
2024-25,1630540,Miles McBride,6500,0.2766,0.22,17.978253043256796,0.47953948428843746,1600,37.490662671779255,drbl-ability-eb1600-r1-v1,drbl-r1-points-v1,drbl-r1-wineq-v1,historical-pbp-normalized-v1,B_CANONICAL_WITH_LIMITATIONS,RETROSPECTIVE_FROZEN_V1_BACKFILL
2024-25,1642377,Jaylen Wells,8654,0.2628,0.22,22.74022559657924,0.6065570458346881,1600,37.490662671779255,drbl-ability-eb1600-r1-v1,drbl-r1-points-v1,drbl-r1-wineq-v1,historical-pbp-normalized-v1,B_CANONICAL_WITH_LIMITATIONS,RETROSPECTIVE_FROZEN_V1_BACKFILL
2024-25,1630224,Jalen Green,10969,0.2529,0.22,27.73517458832224,0.7397888597258547,1600,37.490662671779255,drbl-ability-eb1600-r1-v1,drbl-r1-points-v1,drbl-r1-wineq-v1,historical-pbp-normalized-v1,B_CANONICAL_WITH_LIMITATIONS,RETROSPECTIVE_FROZEN_V1_BACKFILL
2024-25,1641787,Tosan Evbuomwan,2656,0.3473,0.22,9.223748092380573,0.24602787561084277,1600,37.490662671779255,drbl-ability-eb1600-r1-v1,drbl-r1-points-v1,drbl-r1-wineq-v1,historical-pbp-normalized-v1,B_CANONICAL_WITH_LIMITATIONS,RETROSPECTIVE_FROZEN_V1_BACKFILL
2024-25,1631103,Malaki Branham,1745,0.4109,0.21,7.170098990988548,0.19125026019840863,1600,37.490662671779255,drbl-ability-eb1600-r1-v1,drbl-r1-points-v1,drbl-r1-wineq-v1,historical-pbp-normalized-v1,B_CANONICAL_WITH_LIMITATIONS,RETROSPECTIVE_FROZEN_V1_BACKFILL
2024-25,1629014,Anfernee Simons,9310,0.2504,0.21,23.314824896325508,0.6218835100473037,1600,37.490662671779255,drbl-ability-eb1600-r1-v1,drbl-r1-points-v1,drbl-r1-wineq-v1,historical-pbp-normalized-v1,B_CANONICAL_WITH_LIMITATIONS,RETROSPECTIVE_FROZEN_V1_BACKFILL
2024-25,1627747,Caris LeVert,6779,0.2541,0.21,17.223809122259084,0.4594159690653893,1600,37.490662671779255,drbl-ability-eb1600-r1-v1,drbl-r1-points-v1,drbl-r1-wineq-v1,historical-pbp-normalized-v1,B_CANONICAL_WITH_LIMITATIONS,RETROSPECTIVE_FROZEN_V1_BACKFILL
2024-25,1630538,Bones Hyland,968,0.5421,0.2,5.2471780962817105,0.13995959853308954,1600,37.490662671779255,drbl-ability-eb1600-r1-v1,drbl-r1-points-v1,drbl-r1-wineq-v1,historical-pbp-normalized-v1,B_CANONICAL_WITH_LIMITATIONS,RETROSPECTIVE_FROZEN_V1_BACKFILL
2024-25,1627739,Kris Dunn,7311,0.2486,0.2,18.17225416483897,0.4847141359951998,1600,37.490662671779255,drbl-ability-eb1600-r1-v1,drbl-r1-points-v1,drbl-r1-wineq-v1,historical-pbp-normalized-v1,B_CANONICAL_WITH_LIMITATIONS,RETROSPECTIVE_FROZEN_V1_BACKFILL
2024-25,1642384,Isaiah Crawford,183,1.9567,0.2,3.580732321937068,0.09550997679836773,1600,37.490662671779255,drbl-ability-eb1600-r1-v1,drbl-r1-points-v1,drbl-r1-wineq-v1,historical-pbp-normalized-v1,B_CANONICAL_WITH_LIMITATIONS,RETROSPECTIVE_FROZEN_V1_BACKFILL
2024-25,1628963,Marvin Bagley III,1170,0.4739,0.2,5.5447349738337,0.1478964248345348,1600,37.490662671779255,drbl-ability-eb1600-r1-v1,drbl-r1-points-v1,drbl-r1-wineq-v1,historical-pbp-normalized-v1,B_CANONICAL_WITH_LIMITATIONS,RETROSPECTIVE_FROZEN_V1_BACKFILL
2024-25,1642261,Dalton Knecht,5956,0.2525,0.2,15.039236138282849,0.4011461805822785,1600,37.490662671779255,drbl-ability-eb1600-r1-v1,drbl-r1-points-v1,drbl-r1-wineq-v1,historical-pbp-normalized-v1,B_CANONICAL_WITH_LIMITATIONS,RETROSPECTIVE_FROZEN_V1_BACKFILL
2024-25,201143,Al Horford,6682,0.2436,0.2,16.276492005952672,0.4341478876606961,1600,37.490662671779255,drbl-ability-eb1600-r1-v1,drbl-r1-points-v1,drbl-r1-wineq-v1,historical-pbp-normalized-v1,B_CANONICAL_WITH_LIMITATIONS,RETROSPECTIVE_FROZEN_V1_BACKFILL
2024-25,1629656,Quentin Grimes,8263,0.2307,0.19,19.061908994745146,0.5084441734633253,1600,37.490662671779255,drbl-ability-eb1600-r1-v1,drbl-r1-points-v1,drbl-r1-wineq-v1,historical-pbp-normalized-v1,B_CANONICAL_WITH_LIMITATIONS,RETROSPECTIVE_FROZEN_V1_BACKFILL
2024-25,1628371,Jonathan Isaac,4369,0.2586,0.19,11.300282074489465,0.3014159064997175,1600,37.490662671779255,drbl-ability-eb1600-r1-v1,drbl-r1-points-v1,drbl-r1-wineq-v1,historical-pbp-normalized-v1,B_CANONICAL_WITH_LIMITATIONS,RETROSPECTIVE_FROZEN_V1_BACKFILL
2024-25,1630527,Brandon Boston Jr.,4038,0.2554,0.18,10.314283524392728,0.2751160632899858,1600,37.490662671779255,drbl-ability-eb1600-r1-v1,drbl-r1-points-v1,drbl-r1-wineq-v1,historical-pbp-normalized-v1,B_CANONICAL_WITH_LIMITATIONS,RETROSPECTIVE_FROZEN_V1_BACKFILL
2024-25,1642368,N'Faly Dante,218,1.5126,0.18,3.2974458993082956,0.0879537907392183,1600,37.490662671779255,drbl-ability-eb1600-r1-v1,drbl-r1-points-v1,drbl-r1-wineq-v1,historical-pbp-normalized-v1,B_CANONICAL_WITH_LIMITATIONS,RETROSPECTIVE_FROZEN_V1_BACKFILL
2024-25,1631301,Jaylen Sims,462,0.7992,0.18,3.6921070364992015,0.09848070888537269,1600,37.490662671779255,drbl-ability-eb1600-r1-v1,drbl-r1-points-v1,drbl-r1-wineq-v1,historical-pbp-normalized-v1,B_CANONICAL_WITH_LIMITATIONS,RETROSPECTIVE_FROZEN_V1_BACKFILL
2024-25,203914,Gary Harris,2862,0.2762,0.18,7.903768856338182,0.21081966263262852,1600,37.490662671779255,drbl-ability-eb1600-r1-v1,drbl-r1-points-v1,drbl-r1-wineq-v1,historical-pbp-normalized-v1,B_CANONICAL_WITH_LIMITATIONS,RETROSPECTIVE_FROZEN_V1_BACKFILL
2024-25,203937,Kyle Anderson,4127,0.2424,0.17,10.001855250055492,0.2667825676387495,1600,37.490662671779255,drbl-ability-eb1600-r1-v1,drbl-r1-points-v1,drbl-r1-wineq-v1,historical-pbp-normalized-v1,B_CANONICAL_WITH_LIMITATIONS,RETROSPECTIVE_FROZEN_V1_BACKFILL
2024-25,1631098,Johnny Davis,991,0.4509,0.17,4.4687597217370945,0.11919660532170084,1600,37.490662671779255,drbl-ability-eb1600-r1-v1,drbl-r1-points-v1,drbl-r1-wineq-v1,historical-pbp-normalized-v1,B_CANONICAL_WITH_LIMITATIONS,RETROSPECTIVE_FROZEN_V1_BACKFILL
2024-25,1641744,Zach Edey,6097,0.2151,0.17,13.117524631838538,0.3498877773028171,1600,37.490662671779255,drbl-ability-eb1600-r1-v1,drbl-r1-points-v1,drbl-r1-wineq-v1,historical-pbp-normalized-v1,B_CANONICAL_WITH_LIMITATIONS,RETROSPECTIVE_FROZEN_V1_BACKFILL
2024-25,1641763,Julian Phillips,4675,0.2278,0.17,10.648542514444541,0.28403185634966466,1600,37.490662671779255,drbl-ability-eb1600-r1-v1,drbl-r1-points-v1,drbl-r1-wineq-v1,historical-pbp-normalized-v1,B_CANONICAL_WITH_LIMITATIONS,RETROSPECTIVE_FROZEN_V1_BACKFILL
2024-25,1630170,Devin Vassell,7989,0.1977,0.16,15.794687864889879,0.42129657731494785,1600,37.490662671779255,drbl-ability-eb1600-r1-v1,drbl-r1-points-v1,drbl-r1-wineq-v1,historical-pbp-normalized-v1,B_CANONICAL_WITH_LIMITATIONS,RETROSPECTIVE_FROZEN_V1_BACKFILL
2024-25,1626162,Kelly Oubre Jr.,8388,0.1953,0.16,16.378740058764357,0.4368751814860104,1600,37.490662671779255,drbl-ability-eb1600-r1-v1,drbl-r1-points-v1,drbl-r1-wineq-v1,historical-pbp-normalized-v1,B_CANONICAL_WITH_LIMITATIONS,RETROSPECTIVE_FROZEN_V1_BACKFILL
2024-25,1641752,Bobi Klintman,145,1.964,0.16,2.8477425142990924,0.07595871375308348,1600,37.490662671779255,drbl-ability-eb1600-r1-v1,drbl-r1-points-v1,drbl-r1-wineq-v1,historical-pbp-normalized-v1,B_CANONICAL_WITH_LIMITATIONS,RETROSPECTIVE_FROZEN_V1_BACKFILL
2024-25,1631111,Wendell Moore Jr.,2039,0.2893,0.16,5.898814160197934,0.1573408880990042,1600,37.490662671779255,drbl-ability-eb1600-r1-v1,drbl-r1-points-v1,drbl-r1-wineq-v1,historical-pbp-normalized-v1,B_CANONICAL_WITH_LIMITATIONS,RETROSPECTIVE_FROZEN_V1_BACKFILL
2024-25,1629643,Chuma Okeke,826,0.4757,0.16,3.9292067197832345,0.10480494181130888,1600,37.490662671779255,drbl-ability-eb1600-r1-v1,drbl-r1-points-v1,drbl-r1-wineq-v1,historical-pbp-normalized-v1,B_CANONICAL_WITH_LIMITATIONS,RETROSPECTIVE_FROZEN_V1_BACKFILL
2024-25,1629659,Talen Horton-Tucker,3122,0.2447,0.16,7.641088525704834,0.203813109216034,1600,37.490662671779255,drbl-ability-eb1600-r1-v1,drbl-r1-points-v1,drbl-r1-wineq-v1,historical-pbp-normalized-v1,B_CANONICAL_WITH_LIMITATIONS,RETROSPECTIVE_FROZEN_V1_BACKFILL
2024-25,1641715,Cam Whitmore,3406,0.2359,0.16,8.035460635418083,0.21433231804319908,1600,37.490662671779255,drbl-ability-eb1600-r1-v1,drbl-r1-points-v1,drbl-r1-wineq-v1,historical-pbp-normalized-v1,B_CANONICAL_WITH_LIMITATIONS,RETROSPECTIVE_FROZEN_V1_BACKFILL
2024-25,1626220,Royce O'Neale,7432,0.195,0.16,14.489402509149112,0.3864802987346467,1600,37.490662671779255,drbl-ability-eb1600-r1-v1,drbl-r1-points-v1,drbl-r1-wineq-v1,historical-pbp-normalized-v1,B_CANONICAL_WITH_LIMITATIONS,RETROSPECTIVE_FROZEN_V1_BACKFILL
2024-25,1630222,Mason Jones,171,1.602,0.15,2.7394814157783496,0.07307103210636147,1600,37.490662671779255,drbl-ability-eb1600-r1-v1,drbl-r1-points-v1,drbl-r1-wineq-v1,historical-pbp-normalized-v1,B_CANONICAL_WITH_LIMITATIONS,RETROSPECTIVE_FROZEN_V1_BACKFILL
2024-25,1642266,Ja'Kobe Walter,4721,0.1893,0.14,8.937356093211593,0.2383888535515032,1600,37.490662671779255,drbl-ability-eb1600-r1-v1,drbl-r1-points-v1,drbl-r1-wineq-v1,historical-pbp-normalized-v1,B_CANONICAL_WITH_LIMITATIONS,RETROSPECTIVE_FROZEN_V1_BACKFILL
2024-25,1630561,David Duke Jr.,141,1.6819,0.14,2.3714603211740624,0.06325469202653376,1600,37.490662671779255,drbl-ability-eb1600-r1-v1,drbl-r1-points-v1,drbl-r1-wineq-v1,historical-pbp-normalized-v1,B_CANONICAL_WITH_LIMITATIONS,RETROSPECTIVE_FROZEN_V1_BACKFILL
2024-25,1628960,Grayson Allen,6277,0.1689,0.13,10.600893264351598,0.28276089321652137,1600,37.490662671779255,drbl-ability-eb1600-r1-v1,drbl-r1-points-v1,drbl-r1-wineq-v1,historical-pbp-normalized-v1,B_CANONICAL_WITH_LIMITATIONS,RETROSPECTIVE_FROZEN_V1_BACKFILL
2024-25,1642349,Ajay Mitchell,2348,0.2203,0.13,5.172818586302633,0.13797618440594872,1600,37.490662671779255,drbl-ability-eb1600-r1-v1,drbl-r1-points-v1,drbl-r1-wineq-v1,historical-pbp-normalized-v1,B_CANONICAL_WITH_LIMITATIONS,RETROSPECTIVE_FROZEN_V1_BACKFILL
2024-25,1630231,KJ Martin,3840,0.1849,0.13,7.098429745674444,0.18933860432981145,1600,37.490662671779255,drbl-ability-eb1600-r1-v1,drbl-r1-points-v1,drbl-r1-wineq-v1,historical-pbp-normalized-v1,B_CANONICAL_WITH_LIMITATIONS,RETROSPECTIVE_FROZEN_V1_BACKFILL
2024-25,1631119,Jaylin Williams,3323,0.1932,0.13,6.421222621826818,0.17127525000139124,1600,37.490662671779255,drbl-ability-eb1600-r1-v1,drbl-r1-points-v1,drbl-r1-wineq-v1,historical-pbp-normalized-v1,B_CANONICAL_WITH_LIMITATIONS,RETROSPECTIVE_FROZEN_V1_BACKFILL
2024-25,1642050,Jackson Rowe,228,1.0437,0.13,2.379699264226978,0.0634744518938118,1600,37.490662671779255,drbl-ability-eb1600-r1-v1,drbl-r1-points-v1,drbl-r1-wineq-v1,historical-pbp-normalized-v1,B_CANONICAL_WITH_LIMITATIONS,RETROSPECTIVE_FROZEN_V1_BACKFILL
2024-25,1629684,Grant Williams,1958,0.2298,0.13,4.498524720284101,0.11999053630146483,1600,37.490662671779255,drbl-ability-eb1600-r1-v1,drbl-r1-points-v1,drbl-r1-wineq-v1,historical-pbp-normalized-v1,B_CANONICAL_WITH_LIMITATIONS,RETROSPECTIVE_FROZEN_V1_BACKFILL
2024-25,1630192,Zeke Nnaji,2487,0.2073,0.13,5.156135095167444,0.13753118050507748,1600,37.490662671779255,drbl-ability-eb1600-r1-v1,drbl-r1-points-v1,drbl-r1-wineq-v1,historical-pbp-normalized-v1,B_CANONICAL_WITH_LIMITATIONS,RETROSPECTIVE_FROZEN_V1_BACKFILL
2024-25,1628989,Kevin Huerter,7126,0.1448,0.12,10.314948445568948,0.2751337989374466,1600,37.490662671779255,drbl-ability-eb1600-r1-v1,drbl-r1-points-v1,drbl-r1-wineq-v1,historical-pbp-normalized-v1,B_CANONICAL_WITH_LIMITATIONS,RETROSPECTIVE_FROZEN_V1_BACKFILL
2024-25,1627814,Damion Lee,604,0.4056,0.11,2.449731534122542,0.06534244421255735,1600,37.490662671779255,drbl-ability-eb1600-r1-v1,drbl-r1-points-v1,drbl-r1-wineq-v1,historical-pbp-normalized-v1,B_CANONICAL_WITH_LIMITATIONS,RETROSPECTIVE_FROZEN_V1_BACKFILL
2024-25,1630322,Lindy Waters III,3204,0.1536,0.1,4.920336247229495,0.13124164516124256,1600,37.490662671779255,drbl-ability-eb1600-r1-v1,drbl-r1-points-v1,drbl-r1-wineq-v1,historical-pbp-normalized-v1,B_CANONICAL_WITH_LIMITATIONS,RETROSPECTIVE_FROZEN_V1_BACKFILL
2024-25,1631232,Keion Brooks Jr.,1396,0.218,0.1,3.0431853450226374,0.08117182061210582,1600,37.490662671779255,drbl-ability-eb1600-r1-v1,drbl-r1-points-v1,drbl-r1-wineq-v1,historical-pbp-normalized-v1,B_CANONICAL_WITH_LIMITATIONS,RETROSPECTIVE_FROZEN_V1_BACKFILL
2024-25,1631321,Sidy Cissoko,440,0.4605,0.1,2.026409844542544,0.05405105431939738,1600,37.490662671779255,drbl-ability-eb1600-r1-v1,drbl-r1-points-v1,drbl-r1-wineq-v1,historical-pbp-normalized-v1,B_CANONICAL_WITH_LIMITATIONS,RETROSPECTIVE_FROZEN_V1_BACKFILL
2024-25,1629674,Neemias Queta,3323,0.1357,0.09,4.508258383123871,0.1202501652902876,1600,37.490662671779255,drbl-ability-eb1600-r1-v1,drbl-r1-points-v1,drbl-r1-wineq-v1,historical-pbp-normalized-v1,B_CANONICAL_WITH_LIMITATIONS,RETROSPECTIVE_FROZEN_V1_BACKFILL
2024-25,1631218,Trayce Jackson-Davis,4137,0.1249,0.09,5.168345886666826,0.13785688271008475,1600,37.490662671779255,drbl-ability-eb1600-r1-v1,drbl-r1-points-v1,drbl-r1-wineq-v1,historical-pbp-normalized-v1,B_CANONICAL_WITH_LIMITATIONS,RETROSPECTIVE_FROZEN_V1_BACKFILL
2024-25,1630543,Isaiah Jackson,363,0.4634,0.09,1.6821480836450717,0.04486845427011598,1600,37.490662671779255,drbl-ability-eb1600-r1-v1,drbl-r1-points-v1,drbl-r1-wineq-v1,historical-pbp-normalized-v1,B_CANONICAL_WITH_LIMITATIONS,RETROSPECTIVE_FROZEN_V1_BACKFILL
2024-25,1641936,Miles Norris,130,1.1253,0.08,1.4628739822663859,0.0390196885841538,1600,37.490662671779255,drbl-ability-eb1600-r1-v1,drbl-r1-points-v1,drbl-r1-wineq-v1,historical-pbp-normalized-v1,B_CANONICAL_WITH_LIMITATIONS,RETROSPECTIVE_FROZEN_V1_BACKFILL
2024-25,1642271,Kyle Filipowski,6432,0.1047,0.08,6.734418191741801,0.17962921196405182,1600,37.490662671779255,drbl-ability-eb1600-r1-v1,drbl-r1-points-v1,drbl-r1-wineq-v1,historical-pbp-normalized-v1,B_CANONICAL_WITH_LIMITATIONS,RETROSPECTIVE_FROZEN_V1_BACKFILL
2024-25,1629731,Dean Wade,5213,0.1093,0.08,5.696062540935786,0.1519328316707361,1600,37.490662671779255,drbl-ability-eb1600-r1-v1,drbl-r1-points-v1,drbl-r1-wineq-v1,historical-pbp-normalized-v1,B_CANONICAL_WITH_LIMITATIONS,RETROSPECTIVE_FROZEN_V1_BACKFILL
2024-25,1641824,Matas Buzelis,6630,0.0973,0.08,6.44825494736089,0.17199629155167623,1600,37.490662671779255,drbl-ability-eb1600-r1-v1,drbl-r1-points-v1,drbl-r1-wineq-v1,historical-pbp-normalized-v1,B_CANONICAL_WITH_LIMITATIONS,RETROSPECTIVE_FROZEN_V1_BACKFILL
2024-25,1641989,Elijah Harkless,586,0.285,0.08,1.6703136609464984,0.04455279106612888,1600,37.490662671779255,drbl-ability-eb1600-r1-v1,drbl-r1-points-v1,drbl-r1-wineq-v1,historical-pbp-normalized-v1,B_CANONICAL_WITH_LIMITATIONS,RETROSPECTIVE_FROZEN_V1_BACKFILL
2024-25,1630590,Scotty Pippen Jr.,7220,0.0923,0.08,6.666685267818338,0.17782255080907447,1600,37.490662671779255,drbl-ability-eb1600-r1-v1,drbl-r1-points-v1,drbl-r1-wineq-v1,historical-pbp-normalized-v1,B_CANONICAL_WITH_LIMITATIONS,RETROSPECTIVE_FROZEN_V1_BACKFILL
2024-25,1630557,Corey Kispert,6614,0.0922,0.07,6.096126949325952,0.16260387293486692,1600,37.490662671779255,drbl-ability-eb1600-r1-v1,drbl-r1-points-v1,drbl-r1-wineq-v1,historical-pbp-normalized-v1,B_CANONICAL_WITH_LIMITATIONS,RETROSPECTIVE_FROZEN_V1_BACKFILL
2024-25,1629023,P.J. Washington,7641,0.0883,0.07,6.743323177825152,0.17986673740235393,1600,37.490662671779255,drbl-ability-eb1600-r1-v1,drbl-r1-points-v1,drbl-r1-wineq-v1,historical-pbp-normalized-v1,B_CANONICAL_WITH_LIMITATIONS,RETROSPECTIVE_FROZEN_V1_BACKFILL
2024-25,1630604,E.J. Liddell,221,0.5895,0.07,1.3027121917975384,0.034747643785398935,1600,37.490662671779255,drbl-ability-eb1600-r1-v1,drbl-r1-points-v1,drbl-r1-wineq-v1,historical-pbp-normalized-v1,B_CANONICAL_WITH_LIMITATIONS,RETROSPECTIVE_FROZEN_V1_BACKFILL
2024-25,1631095,Jabari Smith Jr.,6903,0.0842,0.07,5.814599072147124,0.15509459310048443,1600,37.490662671779255,drbl-ability-eb1600-r1-v1,drbl-r1-points-v1,drbl-r1-wineq-v1,historical-pbp-normalized-v1,B_CANONICAL_WITH_LIMITATIONS,RETROSPECTIVE_FROZEN_V1_BACKFILL
2024-25,1631386,Tazé Moore,89,1.2858,0.07,1.1444052583104192,0.030525074158581345,1600,37.490662671779255,drbl-ability-eb1600-r1-v1,drbl-r1-points-v1,drbl-r1-wineq-v1,historical-pbp-normalized-v1,B_CANONICAL_WITH_LIMITATIONS,RETROSPECTIVE_FROZEN_V1_BACKFILL
2024-25,1631243,Mouhamed Gueye,2242,0.1148,0.07,2.573869613676041,0.0686536174676234,1600,37.490662671779255,drbl-ability-eb1600-r1-v1,drbl-r1-points-v1,drbl-r1-wineq-v1,historical-pbp-normalized-v1,B_CANONICAL_WITH_LIMITATIONS,RETROSPECTIVE_FROZEN_V1_BACKFILL
2024-25,1627763,Malcolm Brogdon,2359,0.0997,0.06,2.3524998901151277,0.06274895460532763,1600,37.490662671779255,drbl-ability-eb1600-r1-v1,drbl-r1-points-v1,drbl-r1-wineq-v1,historical-pbp-normalized-v1,B_CANONICAL_WITH_LIMITATIONS,RETROSPECTIVE_FROZEN_V1_BACKFILL
2024-25,203957,Danté Exum,1538,0.1159,0.06,1.7827940400412738,0.04755301488397684,1600,37.490662671779255,drbl-ability-eb1600-r1-v1,drbl-r1-points-v1,drbl-r1-wineq-v1,historical-pbp-normalized-v1,B_CANONICAL_WITH_LIMITATIONS,RETROSPECTIVE_FROZEN_V1_BACKFILL
2024-25,1628418,Thomas Bryant,3895,0.0755,0.05,2.9403849195828857,0.07842979318144283,1600,37.490662671779255,drbl-ability-eb1600-r1-v1,drbl-r1-points-v1,drbl-r1-wineq-v1,historical-pbp-normalized-v1,B_CANONICAL_WITH_LIMITATIONS,RETROSPECTIVE_FROZEN_V1_BACKFILL
2024-25,1628404,Josh Hart,11694,0.0585,0.05,6.840491919875354,0.18245854920629265,1600,37.490662671779255,drbl-ability-eb1600-r1-v1,drbl-r1-points-v1,drbl-r1-wineq-v1,historical-pbp-normalized-v1,B_CANONICAL_WITH_LIMITATIONS,RETROSPECTIVE_FROZEN_V1_BACKFILL
2024-25,203939,Dwight Powell,2206,0.0787,0.05,1.735583249902573,0.04629374692832562,1600,37.490662671779255,drbl-ability-eb1600-r1-v1,drbl-r1-points-v1,drbl-r1-wineq-v1,historical-pbp-normalized-v1,B_CANONICAL_WITH_LIMITATIONS,RETROSPECTIVE_FROZEN_V1_BACKFILL
2024-25,1628975,Jevon Carter,1366,0.0923,0.04,1.2614885818936847,0.03364807373339011,1600,37.490662671779255,drbl-ability-eb1600-r1-v1,drbl-r1-points-v1,drbl-r1-wineq-v1,historical-pbp-normalized-v1,B_CANONICAL_WITH_LIMITATIONS,RETROSPECTIVE_FROZEN_V1_BACKFILL
2024-25,1630201,Malachi Flynn,141,0.516,0.04,0.7274937696792501,0.019404665530942035,1600,37.490662671779255,drbl-ability-eb1600-r1-v1,drbl-r1-points-v1,drbl-r1-wineq-v1,historical-pbp-normalized-v1,B_CANONICAL_WITH_LIMITATIONS,RETROSPECTIVE_FROZEN_V1_BACKFILL
2024-25,1626145,Tyus Jones,8820,0.0413,0.03,3.6417449717673662,0.09713738601128157,1600,37.490662671779255,drbl-ability-eb1600-r1-v1,drbl-r1-points-v1,drbl-r1-wineq-v1,historical-pbp-normalized-v1,B_CANONICAL_WITH_LIMITATIONS,RETROSPECTIVE_FROZEN_V1_BACKFILL
2024-25,1628408,PJ Dozier,149,0.3575,0.03,0.5327079499218266,0.014209083327908672,1600,37.490662671779255,drbl-ability-eb1600-r1-v1,drbl-r1-points-v1,drbl-r1-wineq-v1,historical-pbp-normalized-v1,B_CANONICAL_WITH_LIMITATIONS,RETROSPECTIVE_FROZEN_V1_BACKFILL
2024-25,1628368,De'Aaron Fox,9335,0.034,0.03,3.17604608923687,0.08471565618997737,1600,37.490662671779255,drbl-ability-eb1600-r1-v1,drbl-r1-points-v1,drbl-r1-wineq-v1,historical-pbp-normalized-v1,B_CANONICAL_WITH_LIMITATIONS,RETROSPECTIVE_FROZEN_V1_BACKFILL
2024-25,1630600,Isaiah Mobley,77,0.6221,0.03,0.4790192795040542,0.012777028875102587,1600,37.490662671779255,drbl-ability-eb1600-r1-v1,drbl-r1-points-v1,drbl-r1-wineq-v1,historical-pbp-normalized-v1,B_CANONICAL_WITH_LIMITATIONS,RETROSPECTIVE_FROZEN_V1_BACKFILL
2024-25,1630228,Jonathan Kuminga,4641,0.037,0.03,1.7160519040560773,0.04577278132103595,1600,37.490662671779255,drbl-ability-eb1600-r1-v1,drbl-r1-points-v1,drbl-r1-wineq-v1,historical-pbp-normalized-v1,B_CANONICAL_WITH_LIMITATIONS,RETROSPECTIVE_FROZEN_V1_BACKFILL
2024-25,1631110,Jeremy Sochan,5657,0.0351,0.03,1.9882251510286446,0.05303254222084643,1600,37.490662671779255,drbl-ability-eb1600-r1-v1,drbl-r1-points-v1,drbl-r1-wineq-v1,historical-pbp-normalized-v1,B_CANONICAL_WITH_LIMITATIONS,RETROSPECTIVE_FROZEN_V1_BACKFILL
2024-25,1628380,Zach Collins,4039,0.0361,0.03,1.4595710795117909,0.038931589241031725,1600,37.490662671779255,drbl-ability-eb1600-r1-v1,drbl-r1-points-v1,drbl-r1-wineq-v1,historical-pbp-normalized-v1,B_CANONICAL_WITH_LIMITATIONS,RETROSPECTIVE_FROZEN_V1_BACKFILL
2024-25,201950,Jrue Holiday,7860,0.028,0.02,2.197952472399366,0.058626663701355546,1600,37.490662671779255,drbl-ability-eb1600-r1-v1,drbl-r1-points-v1,drbl-r1-wineq-v1,historical-pbp-normalized-v1,B_CANONICAL_WITH_LIMITATIONS,RETROSPECTIVE_FROZEN_V1_BACKFILL
2024-25,1641732,Colby Jones,2047,0.0387,0.02,0.7924054391527702,0.02113607449647045,1600,37.490662671779255,drbl-ability-eb1600-r1-v1,drbl-r1-points-v1,drbl-r1-wineq-v1,historical-pbp-normalized-v1,B_CANONICAL_WITH_LIMITATIONS,RETROSPECTIVE_FROZEN_V1_BACKFILL
2024-25,1641796,Pelle Larsson,3071,0.0329,0.02,1.0105573069442801,0.026954906500091493,1600,37.490662671779255,drbl-ability-eb1600-r1-v1,drbl-r1-points-v1,drbl-r1-wineq-v1,historical-pbp-normalized-v1,B_CANONICAL_WITH_LIMITATIONS,RETROSPECTIVE_FROZEN_V1_BACKFILL
2024-25,1641755,Kevin McCullar Jr.,124,0.2278,0.02,0.282453843250888,0.007533978412803637,1600,37.490662671779255,drbl-ability-eb1600-r1-v1,drbl-r1-points-v1,drbl-r1-wineq-v1,historical-pbp-normalized-v1,B_CANONICAL_WITH_LIMITATIONS,RETROSPECTIVE_FROZEN_V1_BACKFILL
2024-25,1630631,Jose Alvarado,5672,0.0192,0.01,1.0869183769669117,0.028991708855151267,1600,37.490662671779255,drbl-ability-eb1600-r1-v1,drbl-r1-points-v1,drbl-r1-wineq-v1,historical-pbp-normalized-v1,B_CANONICAL_WITH_LIMITATIONS,RETROSPECTIVE_FROZEN_V1_BACKFILL
2024-25,1631288,Jamal Cain,1979,0.0259,0.01,0.5129502353807458,0.013682079718661902,1600,37.490662671779255,drbl-ability-eb1600-r1-v1,drbl-r1-points-v1,drbl-r1-wineq-v1,historical-pbp-normalized-v1,B_CANONICAL_WITH_LIMITATIONS,RETROSPECTIVE_FROZEN_V1_BACKFILL
2024-25,1630205,Lamar Stevens,640,0.0385,0.01,0.24634604014052178,0.006570863852080066,1600,37.490662671779255,drbl-ability-eb1600-r1-v1,drbl-r1-points-v1,drbl-r1-wineq-v1,historical-pbp-normalized-v1,B_CANONICAL_WITH_LIMITATIONS,RETROSPECTIVE_FROZEN_V1_BACKFILL
2024-25,1628470,Torrey Craig,1265,0.024,0.01,0.30367288450366026,0.008099960439809649,1600,37.490662671779255,drbl-ability-eb1600-r1-v1,drbl-r1-points-v1,drbl-r1-wineq-v1,historical-pbp-normalized-v1,B_CANONICAL_WITH_LIMITATIONS,RETROSPECTIVE_FROZEN_V1_BACKFILL
2024-25,201569,Eric Gordon,3131,0.013,0.01,0.40810210460489427,0.010885433212469976,1600,37.490662671779255,drbl-ability-eb1600-r1-v1,drbl-r1-points-v1,drbl-r1-wineq-v1,historical-pbp-normalized-v1,B_CANONICAL_WITH_LIMITATIONS,RETROSPECTIVE_FROZEN_V1_BACKFILL
2024-25,1629630,Ja Morant,6603,0.0095,0.01,0.6299553413527074,0.01680299297101783,1600,37.490662671779255,drbl-ability-eb1600-r1-v1,drbl-r1-points-v1,drbl-r1-wineq-v1,historical-pbp-normalized-v1,B_CANONICAL_WITH_LIMITATIONS,RETROSPECTIVE_FROZEN_V1_BACKFILL
2024-25,1631132,Christian Koloko,1428,0.0045,0,0.06372957539623414,0.0016998786058856725,1600,37.490662671779255,drbl-ability-eb1600-r1-v1,drbl-r1-points-v1,drbl-r1-wineq-v1,historical-pbp-normalized-v1,B_CANONICAL_WITH_LIMITATIONS,RETROSPECTIVE_FROZEN_V1_BACKFILL
2024-25,203991,Clint Capela,4846,-0.0012,0,-0.05863306923571532,-0.0015639379263320094,1600,37.490662671779255,drbl-ability-eb1600-r1-v1,drbl-r1-points-v1,drbl-r1-wineq-v1,historical-pbp-normalized-v1,B_CANONICAL_WITH_LIMITATIONS,RETROSPECTIVE_FROZEN_V1_BACKFILL
2024-25,1631094,Paolo Banchero,6238,-0.0021,0,-0.1285155195591751,-0.0034279340614566927,1600,37.490662671779255,drbl-ability-eb1600-r1-v1,drbl-r1-points-v1,drbl-r1-wineq-v1,historical-pbp-normalized-v1,B_CANONICAL_WITH_LIMITATIONS,RETROSPECTIVE_FROZEN_V1_BACKFILL
2024-25,1642449,Tolu Smith,73,-0.087,0,-0.06352021486536227,-0.0016942942679211836,1600,37.490662671779255,drbl-ability-eb1600-r1-v1,drbl-r1-points-v1,drbl-r1-wineq-v1,historical-pbp-normalized-v1,B_CANONICAL_WITH_LIMITATIONS,RETROSPECTIVE_FROZEN_V1_BACKFILL
2024-25,1629022,Lonnie Walker IV,1994,-0.018,-0.01,-0.35941667245753484,-0.009586831676039761,1600,37.490662671779255,drbl-ability-eb1600-r1-v1,drbl-r1-points-v1,drbl-r1-wineq-v1,historical-pbp-normalized-v1,B_CANONICAL_WITH_LIMITATIONS,RETROSPECTIVE_FROZEN_V1_BACKFILL
2024-25,1641809,Drew Peterson,714,-0.0332,-0.01,-0.23696387926609894,-0.006320610583511272,1600,37.490662671779255,drbl-ability-eb1600-r1-v1,drbl-r1-points-v1,drbl-r1-wineq-v1,historical-pbp-normalized-v1,B_CANONICAL_WITH_LIMITATIONS,RETROSPECTIVE_FROZEN_V1_BACKFILL
2024-25,1630182,Josh Green,7785,-0.0145,-0.01,-1.1274773058068586,-0.030073549664288983,1600,37.490662671779255,drbl-ability-eb1600-r1-v1,drbl-r1-points-v1,drbl-r1-wineq-v1,historical-pbp-normalized-v1,B_CANONICAL_WITH_LIMITATIONS,RETROSPECTIVE_FROZEN_V1_BACKFILL
2024-25,1629111,Jock Landale,2153,-0.0252,-0.01,-0.5432465370912533,-0.014490182311452634,1600,37.490662671779255,drbl-ability-eb1600-r1-v1,drbl-r1-points-v1,drbl-r1-wineq-v1,historical-pbp-normalized-v1,B_CANONICAL_WITH_LIMITATIONS,RETROSPECTIVE_FROZEN_V1_BACKFILL
2024-25,1642443,Jahmir Young,130,-0.2039,-0.02,-0.2651239022879642,-0.007071731556442551,1600,37.490662671779255,drbl-ability-eb1600-r1-v1,drbl-r1-points-v1,drbl-r1-wineq-v1,historical-pbp-normalized-v1,B_CANONICAL_WITH_LIMITATIONS,RETROSPECTIVE_FROZEN_V1_BACKFILL
2024-25,1642270,Donovan Clingan,5452,-0.0211,-0.02,-1.151717987062768,-0.03072012882636276,1600,37.490662671779255,drbl-ability-eb1600-r1-v1,drbl-r1-points-v1,drbl-r1-wineq-v1,historical-pbp-normalized-v1,B_CANONICAL_WITH_LIMITATIONS,RETROSPECTIVE_FROZEN_V1_BACKFILL
2024-25,1630531,Jaden Springer,1472,-0.0493,-0.02,-0.7258058070966804,-0.019359641984750084,1600,37.490662671779255,drbl-ability-eb1600-r1-v1,drbl-r1-points-v1,drbl-r1-wineq-v1,historical-pbp-normalized-v1,B_CANONICAL_WITH_LIMITATIONS,RETROSPECTIVE_FROZEN_V1_BACKFILL
2024-25,203501,Tim Hardaway Jr.,8864,-0.0287,-0.02,-2.547644602961757,-0.0679541096743396,1600,37.490662671779255,drbl-ability-eb1600-r1-v1,drbl-r1-points-v1,drbl-r1-wineq-v1,historical-pbp-normalized-v1,B_CANONICAL_WITH_LIMITATIONS,RETROSPECTIVE_FROZEN_V1_BACKFILL
2024-25,1631306,Cole Swider,729,-0.0807,-0.03,-0.5885951639966411,-0.015699780213266293,1600,37.490662671779255,drbl-ability-eb1600-r1-v1,drbl-r1-points-v1,drbl-r1-wineq-v1,historical-pbp-normalized-v1,B_CANONICAL_WITH_LIMITATIONS,RETROSPECTIVE_FROZEN_V1_BACKFILL
2024-25,1630256,Jae'Sean Tate,2459,-0.0472,-0.03,-1.1596907160414702,-0.030932787883592588,1600,37.490662671779255,drbl-ability-eb1600-r1-v1,drbl-r1-points-v1,drbl-r1-wineq-v1,historical-pbp-normalized-v1,B_CANONICAL_WITH_LIMITATIONS,RETROSPECTIVE_FROZEN_V1_BACKFILL
2024-25,1630163,LaMelo Ball,6267,-0.036,-0.03,-2.257928323520014,-0.06022641806274735,1600,37.490662671779255,drbl-ability-eb1600-r1-v1,drbl-r1-points-v1,drbl-r1-wineq-v1,historical-pbp-normalized-v1,B_CANONICAL_WITH_LIMITATIONS,RETROSPECTIVE_FROZEN_V1_BACKFILL
2024-25,1629312,Haywood Highsmith,7260,-0.0352,-0.03,-2.5520934098920196,-0.06807277407270489,1600,37.490662671779255,drbl-ability-eb1600-r1-v1,drbl-r1-points-v1,drbl-r1-wineq-v1,historical-pbp-normalized-v1,B_CANONICAL_WITH_LIMITATIONS,RETROSPECTIVE_FROZEN_V1_BACKFILL
2024-25,1629622,Max Strus,5381,-0.0531,-0.04,-2.8568845991358036,-0.07620256339950739,1600,37.490662671779255,drbl-ability-eb1600-r1-v1,drbl-r1-points-v1,drbl-r1-wineq-v1,historical-pbp-normalized-v1,B_CANONICAL_WITH_LIMITATIONS,RETROSPECTIVE_FROZEN_V1_BACKFILL
2024-25,1631101,Shaedon Sharpe,9336,-0.0504,-0.04,-4.7053969924011305,-0.1255085041733091,1600,37.490662671779255,drbl-ability-eb1600-r1-v1,drbl-r1-points-v1,drbl-r1-wineq-v1,historical-pbp-normalized-v1,B_CANONICAL_WITH_LIMITATIONS,RETROSPECTIVE_FROZEN_V1_BACKFILL
2024-25,1631099,Keegan Murray,10655,-0.0506,-0.04,-5.388184093922004,-0.14372069496594705,1600,37.490662671779255,drbl-ability-eb1600-r1-v1,drbl-r1-points-v1,drbl-r1-wineq-v1,historical-pbp-normalized-v1,B_CANONICAL_WITH_LIMITATIONS,RETROSPECTIVE_FROZEN_V1_BACKFILL
2024-25,1629638,Nickeil Alexander-Walker,8480,-0.0528,-0.04,-4.481140940115516,-0.119526853375378,1600,37.490662671779255,drbl-ability-eb1600-r1-v1,drbl-r1-points-v1,drbl-r1-wineq-v1,historical-pbp-normalized-v1,B_CANONICAL_WITH_LIMITATIONS,RETROSPECTIVE_FROZEN_V1_BACKFILL
2024-25,1641801,Emanuel Miller,90,-0.8657,-0.05,-0.7791731244785113,-0.020783124888988067,1600,37.490662671779255,drbl-ability-eb1600-r1-v1,drbl-r1-points-v1,drbl-r1-wineq-v1,historical-pbp-normalized-v1,B_CANONICAL_WITH_LIMITATIONS,RETROSPECTIVE_FROZEN_V1_BACKFILL
2024-25,1628969,Mikal Bridges,12218,-0.0552,-0.05,-6.742645304717812,-0.17984865628404256,1600,37.490662671779255,drbl-ability-eb1600-r1-v1,drbl-r1-points-v1,drbl-r1-wineq-v1,historical-pbp-normalized-v1,B_CANONICAL_WITH_LIMITATIONS,RETROSPECTIVE_FROZEN_V1_BACKFILL
2024-25,1630639,A.J. Lawson,2076,-0.0873,-0.05,-1.8118240059943032,-0.048327340112825926,1600,37.490662671779255,drbl-ability-eb1600-r1-v1,drbl-r1-points-v1,drbl-r1-wineq-v1,historical-pbp-normalized-v1,B_CANONICAL_WITH_LIMITATIONS,RETROSPECTIVE_FROZEN_V1_BACKFILL
2024-25,1631207,Dalen Terry,4286,-0.0721,-0.05,-3.0905458896574567,-0.08243508301558607,1600,37.490662671779255,drbl-ability-eb1600-r1-v1,drbl-r1-points-v1,drbl-r1-wineq-v1,historical-pbp-normalized-v1,B_CANONICAL_WITH_LIMITATIONS,RETROSPECTIVE_FROZEN_V1_BACKFILL
2024-25,1641871,Duop Reath,1949,-0.0962,-0.05,-1.8748594914014423,-0.050008705042515166,1600,37.490662671779255,drbl-ability-eb1600-r1-v1,drbl-r1-points-v1,drbl-r1-wineq-v1,historical-pbp-normalized-v1,B_CANONICAL_WITH_LIMITATIONS,RETROSPECTIVE_FROZEN_V1_BACKFILL
2024-25,1642280,Trentyn Flowers,115,-0.8671,-0.06,-0.9971852998490822,-0.026598230833612447,1600,37.490662671779255,drbl-ability-eb1600-r1-v1,drbl-r1-points-v1,drbl-r1-wineq-v1,historical-pbp-normalized-v1,B_CANONICAL_WITH_LIMITATIONS,RETROSPECTIVE_FROZEN_V1_BACKFILL
2024-25,1641879,Yuri Collins,70,-1.3959,-0.06,-0.9771315114023428,-0.026063329953830594,1600,37.490662671779255,drbl-ability-eb1600-r1-v1,drbl-r1-points-v1,drbl-r1-wineq-v1,historical-pbp-normalized-v1,B_CANONICAL_WITH_LIMITATIONS,RETROSPECTIVE_FROZEN_V1_BACKFILL
2024-25,1631209,Isaiah Wong,1127,-0.167,-0.07,-1.8819180181890656,-0.05019697930294686,1600,37.490662671779255,drbl-ability-eb1600-r1-v1,drbl-r1-points-v1,drbl-r1-wineq-v1,historical-pbp-normalized-v1,B_CANONICAL_WITH_LIMITATIONS,RETROSPECTIVE_FROZEN_V1_BACKFILL
2024-25,1641779,Jalen Bridges,117,-1.027,-0.07,-1.2015340277572648,-0.03204888743302231,1600,37.490662671779255,drbl-ability-eb1600-r1-v1,drbl-r1-points-v1,drbl-r1-wineq-v1,historical-pbp-normalized-v1,B_CANONICAL_WITH_LIMITATIONS,RETROSPECTIVE_FROZEN_V1_BACKFILL
2024-25,203924,Jerami Grant,6242,-0.0894,-0.07,-5.577325298021331,-0.1487657165958715,1600,37.490662671779255,drbl-ability-eb1600-r1-v1,drbl-r1-points-v1,drbl-r1-wineq-v1,historical-pbp-normalized-v1,B_CANONICAL_WITH_LIMITATIONS,RETROSPECTIVE_FROZEN_V1_BACKFILL
2024-25,1629611,Terance Mann,5811,-0.0936,-0.07,-5.436528425778839,-0.1450101982292016,1600,37.490662671779255,drbl-ability-eb1600-r1-v1,drbl-r1-points-v1,drbl-r1-wineq-v1,historical-pbp-normalized-v1,B_CANONICAL_WITH_LIMITATIONS,RETROSPECTIVE_FROZEN_V1_BACKFILL
2024-25,1641766,Adama Sanogo,88,-1.4583,-0.08,-1.2832827448637811,-0.034229396159213804,1600,37.490662671779255,drbl-ability-eb1600-r1-v1,drbl-r1-points-v1,drbl-r1-wineq-v1,historical-pbp-normalized-v1,B_CANONICAL_WITH_LIMITATIONS,RETROSPECTIVE_FROZEN_V1_BACKFILL
2024-25,1628998,Cody Martin,4817,-0.1075,-0.08,-5.176407714307075,-0.1380719183233741,1600,37.490662671779255,drbl-ability-eb1600-r1-v1,drbl-r1-points-v1,drbl-r1-wineq-v1,historical-pbp-normalized-v1,B_CANONICAL_WITH_LIMITATIONS,RETROSPECTIVE_FROZEN_V1_BACKFILL
2024-25,203078,Bradley Beal,7020,-0.0998,-0.08,-7.005224676240766,-0.18685251678717013,1600,37.490662671779255,drbl-ability-eb1600-r1-v1,drbl-r1-points-v1,drbl-r1-wineq-v1,historical-pbp-normalized-v1,B_CANONICAL_WITH_LIMITATIONS,RETROSPECTIVE_FROZEN_V1_BACKFILL
2024-25,1628981,Bruno Fernando,640,-0.2924,-0.08,-1.8716600563839871,-0.049923365526234394,1600,37.490662671779255,drbl-ability-eb1600-r1-v1,drbl-r1-points-v1,drbl-r1-wineq-v1,historical-pbp-normalized-v1,B_CANONICAL_WITH_LIMITATIONS,RETROSPECTIVE_FROZEN_V1_BACKFILL
2024-25,1641772,Nae'Qwan Tomlin,267,-0.6385,-0.09,-1.7048118308322446,-0.04547297138376606,1600,37.490662671779255,drbl-ability-eb1600-r1-v1,drbl-r1-points-v1,drbl-r1-wineq-v1,historical-pbp-normalized-v1,B_CANONICAL_WITH_LIMITATIONS,RETROSPECTIVE_FROZEN_V1_BACKFILL
2024-25,203903,Jordan Clarkson,4009,-0.1304,-0.09,-5.2261997226110335,-0.13940003590667407,1600,37.490662671779255,drbl-ability-eb1600-r1-v1,drbl-r1-points-v1,drbl-r1-wineq-v1,historical-pbp-normalized-v1,B_CANONICAL_WITH_LIMITATIONS,RETROSPECTIVE_FROZEN_V1_BACKFILL
2024-25,1627752,Taurean Prince,8916,-0.1132,-0.1,-10.092798776785676,-0.2692083323558571,1600,37.490662671779255,drbl-ability-eb1600-r1-v1,drbl-r1-points-v1,drbl-r1-wineq-v1,historical-pbp-normalized-v1,B_CANONICAL_WITH_LIMITATIONS,RETROSPECTIVE_FROZEN_V1_BACKFILL
2024-25,1642269,Devin Carter,1566,-0.1996,-0.1,-3.1258279419129082,-0.08337617206926155,1600,37.490662671779255,drbl-ability-eb1600-r1-v1,drbl-r1-points-v1,drbl-r1-wineq-v1,historical-pbp-normalized-v1,B_CANONICAL_WITH_LIMITATIONS,RETROSPECTIVE_FROZEN_V1_BACKFILL
2024-25,1630533,Ziaire Williams,6216,-0.1248,-0.1,-7.757073812716445,-0.20690682052295412,1600,37.490662671779255,drbl-ability-eb1600-r1-v1,drbl-r1-points-v1,drbl-r1-wineq-v1,historical-pbp-normalized-v1,B_CANONICAL_WITH_LIMITATIONS,RETROSPECTIVE_FROZEN_V1_BACKFILL
2024-25,1630243,Trevelin Queen,1731,-0.2016,-0.1,-3.4891586265262546,-0.09306740339782486,1600,37.490662671779255,drbl-ability-eb1600-r1-v1,drbl-r1-points-v1,drbl-r1-wineq-v1,historical-pbp-normalized-v1,B_CANONICAL_WITH_LIMITATIONS,RETROSPECTIVE_FROZEN_V1_BACKFILL
2024-25,1630283,Kylor Kelley,512,-0.4706,-0.11,-2.409234489709566,-0.06426225406581289,1600,37.490662671779255,drbl-ability-eb1600-r1-v1,drbl-r1-points-v1,drbl-r1-wineq-v1,historical-pbp-normalized-v1,B_CANONICAL_WITH_LIMITATIONS,RETROSPECTIVE_FROZEN_V1_BACKFILL
2024-25,1629646,Charles Bassey,1568,-0.2323,-0.11,-3.6432100033477184,-0.09717646325014444,1600,37.490662671779255,drbl-ability-eb1600-r1-v1,drbl-r1-points-v1,drbl-r1-wineq-v1,historical-pbp-normalized-v1,B_CANONICAL_WITH_LIMITATIONS,RETROSPECTIVE_FROZEN_V1_BACKFILL
2024-25,1631311,Lester Quinones,780,-0.3628,-0.12,-2.8301635690877367,-0.0754898251296613,1600,37.490662671779255,drbl-ability-eb1600-r1-v1,drbl-r1-points-v1,drbl-r1-wineq-v1,historical-pbp-normalized-v1,B_CANONICAL_WITH_LIMITATIONS,RETROSPECTIVE_FROZEN_V1_BACKFILL
2024-25,1631222,Jake LaRavia,5688,-0.1563,-0.12,-8.889159143318453,-0.23710328145278917,1600,37.490662671779255,drbl-ability-eb1600-r1-v1,drbl-r1-points-v1,drbl-r1-wineq-v1,historical-pbp-normalized-v1,B_CANONICAL_WITH_LIMITATIONS,RETROSPECTIVE_FROZEN_V1_BACKFILL
2024-25,1630692,Jordan Goodwin,2216,-0.2155,-0.13,-4.774630575586401,-0.12735519287527716,1600,37.490662671779255,drbl-ability-eb1600-r1-v1,drbl-r1-points-v1,drbl-r1-wineq-v1,historical-pbp-normalized-v1,B_CANONICAL_WITH_LIMITATIONS,RETROSPECTIVE_FROZEN_V1_BACKFILL
2024-25,202685,Jonas Valančiūnas,6064,-0.1591,-0.13,-9.645939437244966,-0.25728911547103317,1600,37.490662671779255,drbl-ability-eb1600-r1-v1,drbl-r1-points-v1,drbl-r1-wineq-v1,historical-pbp-normalized-v1,B_CANONICAL_WITH_LIMITATIONS,RETROSPECTIVE_FROZEN_V1_BACKFILL
2024-25,1642353,Cam Christie,239,-1.0302,-0.13,-2.4621067320196737,-0.06567253168008154,1600,37.490662671779255,drbl-ability-eb1600-r1-v1,drbl-r1-points-v1,drbl-r1-wineq-v1,historical-pbp-normalized-v1,B_CANONICAL_WITH_LIMITATIONS,RETROSPECTIVE_FROZEN_V1_BACKFILL
2024-25,1641716,Jarace Walker,4917,-0.1809,-0.14,-8.895948652922673,-0.23728438013497732,1600,37.490662671779255,drbl-ability-eb1600-r1-v1,drbl-r1-points-v1,drbl-r1-wineq-v1,historical-pbp-normalized-v1,B_CANONICAL_WITH_LIMITATIONS,RETROSPECTIVE_FROZEN_V1_BACKFILL
2024-25,1631097,Bennedict Mathurin,8810,-0.1618,-0.14,-14.258899323512583,-0.3803320162234912,1600,37.490662671779255,drbl-ability-eb1600-r1-v1,drbl-r1-points-v1,drbl-r1-wineq-v1,historical-pbp-normalized-v1,B_CANONICAL_WITH_LIMITATIONS,RETROSPECTIVE_FROZEN_V1_BACKFILL
2024-25,1641798,Jaylen Martin,999,-0.3595,-0.14,-3.591627882501701,-0.0958005974433006,1600,37.490662671779255,drbl-ability-eb1600-r1-v1,drbl-r1-points-v1,drbl-r1-wineq-v1,historical-pbp-normalized-v1,B_CANONICAL_WITH_LIMITATIONS,RETROSPECTIVE_FROZEN_V1_BACKFILL
2024-25,1630699,MarJon Beauchamp,651,-0.4878,-0.14,-3.1754332426599685,-0.08469930954435345,1600,37.490662671779255,drbl-ability-eb1600-r1-v1,drbl-r1-points-v1,drbl-r1-wineq-v1,historical-pbp-normalized-v1,B_CANONICAL_WITH_LIMITATIONS,RETROSPECTIVE_FROZEN_V1_BACKFILL
2024-25,203468,CJ McCollum,7655,-0.1717,-0.14,-13.146029391291323,-0.3506480935368175,1600,37.490662671779255,drbl-ability-eb1600-r1-v1,drbl-r1-points-v1,drbl-r1-wineq-v1,historical-pbp-normalized-v1,B_CANONICAL_WITH_LIMITATIONS,RETROSPECTIVE_FROZEN_V1_BACKFILL
2024-25,1630230,Naji Marshall,7960,-0.1715,-0.14,-13.65292826943355,-0.3641687635388388,1600,37.490662671779255,drbl-ability-eb1600-r1-v1,drbl-r1-points-v1,drbl-r1-wineq-v1,historical-pbp-normalized-v1,B_CANONICAL_WITH_LIMITATIONS,RETROSPECTIVE_FROZEN_V1_BACKFILL
2024-25,1631199,Ron Harper Jr.,50,-4.9039,-0.15,-2.451969269853901,-0.06540213202738607,1600,37.490662671779255,drbl-ability-eb1600-r1-v1,drbl-r1-points-v1,drbl-r1-wineq-v1,historical-pbp-normalized-v1,B_CANONICAL_WITH_LIMITATIONS,RETROSPECTIVE_FROZEN_V1_BACKFILL
2024-25,1626164,Devin Booker,11430,-0.1727,-0.15,-19.744569957290302,-0.5266529997121882,1600,37.490662671779255,drbl-ability-eb1600-r1-v1,drbl-r1-points-v1,drbl-r1-wineq-v1,historical-pbp-normalized-v1,B_CANONICAL_WITH_LIMITATIONS,RETROSPECTIVE_FROZEN_V1_BACKFILL
2024-25,1641721,Maxwell Lewis,1324,-0.3426,-0.16,-4.536294259712957,-0.12099797486715565,1600,37.490662671779255,drbl-ability-eb1600-r1-v1,drbl-r1-points-v1,drbl-r1-wineq-v1,historical-pbp-normalized-v1,B_CANONICAL_WITH_LIMITATIONS,RETROSPECTIVE_FROZEN_V1_BACKFILL
2024-25,1630658,Colin Castleton,1749,-0.3002,-0.16,-5.250642363441148,-0.1400520019987142,1600,37.490662671779255,drbl-ability-eb1600-r1-v1,drbl-r1-points-v1,drbl-r1-wineq-v1,historical-pbp-normalized-v1,B_CANONICAL_WITH_LIMITATIONS,RETROSPECTIVE_FROZEN_V1_BACKFILL
2024-25,1629651,Nic Claxton,7622,-0.1947,-0.16,-14.84250724687555,-0.3958987702302768,1600,37.490662671779255,drbl-ability-eb1600-r1-v1,drbl-r1-points-v1,drbl-r1-wineq-v1,historical-pbp-normalized-v1,B_CANONICAL_WITH_LIMITATIONS,RETROSPECTIVE_FROZEN_V1_BACKFILL
2024-25,1629750,Javonte Green,5154,-0.2167,-0.17,-11.168815217964916,-0.29790925051778655,1600,37.490662671779255,drbl-ability-eb1600-r1-v1,drbl-r1-points-v1,drbl-r1-wineq-v1,historical-pbp-normalized-v1,B_CANONICAL_WITH_LIMITATIONS,RETROSPECTIVE_FROZEN_V1_BACKFILL
2024-25,1641707,Taylor Hendricks,322,-0.991,-0.17,-3.191046131650535,-0.08511575694426349,1600,37.490662671779255,drbl-ability-eb1600-r1-v1,drbl-r1-points-v1,drbl-r1-wineq-v1,historical-pbp-normalized-v1,B_CANONICAL_WITH_LIMITATIONS,RETROSPECTIVE_FROZEN_V1_BACKFILL
2024-25,1641711,Gradey Dick,6624,-0.209,-0.17,-13.844021534264074,-0.36926585308626814,1600,37.490662671779255,drbl-ability-eb1600-r1-v1,drbl-r1-points-v1,drbl-r1-wineq-v1,historical-pbp-normalized-v1,B_CANONICAL_WITH_LIMITATIONS,RETROSPECTIVE_FROZEN_V1_BACKFILL
2024-25,1627759,Jaylen Brown,8799,-0.2029,-0.17,-17.85707749733454,-0.4763073316059651,1600,37.490662671779255,drbl-ability-eb1600-r1-v1,drbl-r1-points-v1,drbl-r1-wineq-v1,historical-pbp-normalized-v1,B_CANONICAL_WITH_LIMITATIONS,RETROSPECTIVE_FROZEN_V1_BACKFILL
2024-25,1641803,Tristen Newton,75,-3.8449,-0.17,-2.883703816915694,-0.07691792066098567,1600,37.490662671779255,drbl-ability-eb1600-r1-v1,drbl-r1-points-v1,drbl-r1-wineq-v1,historical-pbp-normalized-v1,B_CANONICAL_WITH_LIMITATIONS,RETROSPECTIVE_FROZEN_V1_BACKFILL
2024-25,201988,Patty Mills,1392,-0.3784,-0.18,-5.267766413556158,-0.14050875706503368,1600,37.490662671779255,drbl-ability-eb1600-r1-v1,drbl-r1-points-v1,drbl-r1-wineq-v1,historical-pbp-normalized-v1,B_CANONICAL_WITH_LIMITATIONS,RETROSPECTIVE_FROZEN_V1_BACKFILL
2024-25,1629003,Shake Milton,3407,-0.2598,-0.18,-8.85142274274782,-0.23609672681007704,1600,37.490662671779255,drbl-ability-eb1600-r1-v1,drbl-r1-points-v1,drbl-r1-wineq-v1,historical-pbp-normalized-v1,B_CANONICAL_WITH_LIMITATIONS,RETROSPECTIVE_FROZEN_V1_BACKFILL
2024-25,1630191,Isaiah Stewart,6066,-0.2237,-0.18,-13.567768061583784,-0.36189725906863723,1600,37.490662671779255,drbl-ability-eb1600-r1-v1,drbl-r1-points-v1,drbl-r1-wineq-v1,historical-pbp-normalized-v1,B_CANONICAL_WITH_LIMITATIONS,RETROSPECTIVE_FROZEN_V1_BACKFILL
2024-25,1630560,Cam Thomas,3125,-0.2678,-0.18,-8.369481776309001,-0.22324176687890476,1600,37.490662671779255,drbl-ability-eb1600-r1-v1,drbl-r1-points-v1,drbl-r1-wineq-v1,historical-pbp-normalized-v1,B_CANONICAL_WITH_LIMITATIONS,RETROSPECTIVE_FROZEN_V1_BACKFILL
2024-25,1630245,Ayo Dosunmu,5993,-0.2245,-0.18,-13.453078273363852,-0.358838103000258,1600,37.490662671779255,drbl-ability-eb1600-r1-v1,drbl-r1-points-v1,drbl-r1-wineq-v1,historical-pbp-normalized-v1,B_CANONICAL_WITH_LIMITATIONS,RETROSPECTIVE_FROZEN_V1_BACKFILL
2024-25,1630618,D.J. Carton,151,-2.0679,-0.18,-3.1224963368942524,-0.0832873071418042,1600,37.490662671779255,drbl-ability-eb1600-r1-v1,drbl-r1-points-v1,drbl-r1-wineq-v1,historical-pbp-normalized-v1,B_CANONICAL_WITH_LIMITATIONS,RETROSPECTIVE_FROZEN_V1_BACKFILL
2024-25,1631108,Max Christie,8740,-0.2143,-0.18,-18.728595989200954,-0.4995536129399689,1600,37.490662671779255,drbl-ability-eb1600-r1-v1,drbl-r1-points-v1,drbl-r1-wineq-v1,historical-pbp-normalized-v1,B_CANONICAL_WITH_LIMITATIONS,RETROSPECTIVE_FROZEN_V1_BACKFILL
2024-25,1631303,Justin Minaya,407,-0.8946,-0.18,-3.6411685690472053,-0.09712201144388043,1600,37.490662671779255,drbl-ability-eb1600-r1-v1,drbl-r1-points-v1,drbl-r1-wineq-v1,historical-pbp-normalized-v1,B_CANONICAL_WITH_LIMITATIONS,RETROSPECTIVE_FROZEN_V1_BACKFILL
2024-25,1641767,Ben Sheppard,5035,-0.2392,-0.18,-12.045659018981674,-0.3212975754640083,1600,37.490662671779255,drbl-ability-eb1600-r1-v1,drbl-r1-points-v1,drbl-r1-wineq-v1,historical-pbp-normalized-v1,B_CANONICAL_WITH_LIMITATIONS,RETROSPECTIVE_FROZEN_V1_BACKFILL
2024-25,203109,Jae Crowder,421,-0.9699,-0.2,-4.083231251149914,-0.10891328560653925,1600,37.490662671779255,drbl-ability-eb1600-r1-v1,drbl-r1-points-v1,drbl-r1-wineq-v1,historical-pbp-normalized-v1,B_CANONICAL_WITH_LIMITATIONS,RETROSPECTIVE_FROZEN_V1_BACKFILL
2024-25,1642382,Branden Carlson,1026,-0.5201,-0.2,-5.336414384984781,-0.1423398255641322,1600,37.490662671779255,drbl-ability-eb1600-r1-v1,drbl-r1-points-v1,drbl-r1-wineq-v1,historical-pbp-normalized-v1,B_CANONICAL_WITH_LIMITATIONS,RETROSPECTIVE_FROZEN_V1_BACKFILL
2024-25,1630570,Trendon Watford,3596,-0.3031,-0.21,-10.89821628905562,-0.2906914818888798,1600,37.490662671779255,drbl-ability-eb1600-r1-v1,drbl-r1-points-v1,drbl-r1-wineq-v1,historical-pbp-normalized-v1,B_CANONICAL_WITH_LIMITATIONS,RETROSPECTIVE_FROZEN_V1_BACKFILL
2024-25,200782,P.J. Tucker,225,-1.7871,-0.22,-4.021036936556685,-0.10725435748521679,1600,37.490662671779255,drbl-ability-eb1600-r1-v1,drbl-r1-points-v1,drbl-r1-wineq-v1,historical-pbp-normalized-v1,B_CANONICAL_WITH_LIMITATIONS,RETROSPECTIVE_FROZEN_V1_BACKFILL
2024-25,1631172,Ousmane Dieng,1655,-0.4363,-0.22,-7.220948603476658,-0.1926065875840642,1600,37.490662671779255,drbl-ability-eb1600-r1-v1,drbl-r1-points-v1,drbl-r1-wineq-v1,historical-pbp-normalized-v1,B_CANONICAL_WITH_LIMITATIONS,RETROSPECTIVE_FROZEN_V1_BACKFILL
2024-25,1641736,Reece Beekman,1893,-0.4106,-0.22,-7.773308232057445,-0.2073398461934558,1600,37.490662671779255,drbl-ability-eb1600-r1-v1,drbl-r1-points-v1,drbl-r1-wineq-v1,historical-pbp-normalized-v1,B_CANONICAL_WITH_LIMITATIONS,RETROSPECTIVE_FROZEN_V1_BACKFILL
2024-25,1631210,Jacob Toppin,296,-1.4486,-0.23,-4.287854806816709,-0.114371272771456,1600,37.490662671779255,drbl-ability-eb1600-r1-v1,drbl-r1-points-v1,drbl-r1-wineq-v1,historical-pbp-normalized-v1,B_CANONICAL_WITH_LIMITATIONS,RETROSPECTIVE_FROZEN_V1_BACKFILL
2024-25,201935,James Harden,11469,-0.2599,-0.23,-29.809182285707053,-0.7951095062436876,1600,37.490662671779255,drbl-ability-eb1600-r1-v1,drbl-r1-points-v1,drbl-r1-wineq-v1,historical-pbp-normalized-v1,B_CANONICAL_WITH_LIMITATIONS,RETROSPECTIVE_FROZEN_V1_BACKFILL
2024-25,1641842,Ronald Holland II,5334,-0.3028,-0.23,-16.149392332765323,-0.43075771890587644,1600,37.490662671779255,drbl-ability-eb1600-r1-v1,drbl-r1-points-v1,drbl-r1-wineq-v1,historical-pbp-normalized-v1,B_CANONICAL_WITH_LIMITATIONS,RETROSPECTIVE_FROZEN_V1_BACKFILL
2024-25,1627777,Georges Niang,7167,-0.2891,-0.24,-20.72183446991623,-0.5527198772486462,1600,37.490662671779255,drbl-ability-eb1600-r1-v1,drbl-r1-points-v1,drbl-r1-wineq-v1,historical-pbp-normalized-v1,B_CANONICAL_WITH_LIMITATIONS,RETROSPECTIVE_FROZEN_V1_BACKFILL
2024-25,1630811,Keaton Wallace,2112,-0.4188,-0.24,-8.845417135436247,-0.23593653739533793,1600,37.490662671779255,drbl-ability-eb1600-r1-v1,drbl-r1-points-v1,drbl-r1-wineq-v1,historical-pbp-normalized-v1,B_CANONICAL_WITH_LIMITATIONS,RETROSPECTIVE_FROZEN_V1_BACKFILL
2024-25,1630544,Tre Mann,1304,-0.5313,-0.24,-6.928675249208993,-0.18481069032755423,1600,37.490662671779255,drbl-ability-eb1600-r1-v1,drbl-r1-points-v1,drbl-r1-wineq-v1,historical-pbp-normalized-v1,B_CANONICAL_WITH_LIMITATIONS,RETROSPECTIVE_FROZEN_V1_BACKFILL
2024-25,1631093,Jaden Ivey,3610,-0.3498,-0.24,-12.627689985108798,-0.33682226680442684,1600,37.490662671779255,drbl-ability-eb1600-r1-v1,drbl-r1-points-v1,drbl-r1-wineq-v1,historical-pbp-normalized-v1,B_CANONICAL_WITH_LIMITATIONS,RETROSPECTIVE_FROZEN_V1_BACKFILL
2024-25,1627824,Guerschon Yabusele,7585,-0.2967,-0.25,-22.508386006592936,-0.6003731169984337,1600,37.490662671779255,drbl-ability-eb1600-r1-v1,drbl-r1-points-v1,drbl-r1-wineq-v1,historical-pbp-normalized-v1,B_CANONICAL_WITH_LIMITATIONS,RETROSPECTIVE_FROZEN_V1_BACKFILL
2024-25,1628976,Wendell Carter Jr.,7120,-0.3043,-0.25,-21.663763804849754,-0.5778442487002757,1600,37.490662671779255,drbl-ability-eb1600-r1-v1,drbl-r1-points-v1,drbl-r1-wineq-v1,historical-pbp-normalized-v1,B_CANONICAL_WITH_LIMITATIONS,RETROSPECTIVE_FROZEN_V1_BACKFILL
2024-25,1631123,Jamaree Bouyea,199,-2.2618,-0.25,-4.5009735235993675,-0.12005585398700976,1600,37.490662671779255,drbl-ability-eb1600-r1-v1,drbl-r1-points-v1,drbl-r1-wineq-v1,historical-pbp-normalized-v1,B_CANONICAL_WITH_LIMITATIONS,RETROSPECTIVE_FROZEN_V1_BACKFILL
2024-25,203482,Kelly Olynyk,3675,-0.364,-0.25,-13.37578968569743,-0.35677656068122615,1600,37.490662671779255,drbl-ability-eb1600-r1-v1,drbl-r1-points-v1,drbl-r1-wineq-v1,historical-pbp-normalized-v1,B_CANONICAL_WITH_LIMITATIONS,RETROSPECTIVE_FROZEN_V1_BACKFILL
2024-25,1642346,Ryan Dunn,5655,-0.3262,-0.25,-18.44666479982753,-0.4920335754351199,1600,37.490662671779255,drbl-ability-eb1600-r1-v1,drbl-r1-points-v1,drbl-r1-wineq-v1,historical-pbp-normalized-v1,B_CANONICAL_WITH_LIMITATIONS,RETROSPECTIVE_FROZEN_V1_BACKFILL
2024-25,1641730,Noah Clowney,4216,-0.3566,-0.26,-15.032727147935823,-0.40097256427669303,1600,37.490662671779255,drbl-ability-eb1600-r1-v1,drbl-r1-points-v1,drbl-r1-wineq-v1,historical-pbp-normalized-v1,B_CANONICAL_WITH_LIMITATIONS,RETROSPECTIVE_FROZEN_V1_BACKFILL
2024-25,1630611,Gui Santos,3041,-0.3973,-0.26,-12.083277995469539,-0.32230099801797085,1600,37.490662671779255,drbl-ability-eb1600-r1-v1,drbl-r1-points-v1,drbl-r1-wineq-v1,historical-pbp-normalized-v1,B_CANONICAL_WITH_LIMITATIONS,RETROSPECTIVE_FROZEN_V1_BACKFILL
2024-25,1641712,Rayan Rupert,1978,-0.4725,-0.26,-9.346739940837818,-0.24930847509061208,1600,37.490662671779255,drbl-ability-eb1600-r1-v1,drbl-r1-points-v1,drbl-r1-wineq-v1,historical-pbp-normalized-v1,B_CANONICAL_WITH_LIMITATIONS,RETROSPECTIVE_FROZEN_V1_BACKFILL
2024-25,1641723,Kobe Bufkin,530,-1.0514,-0.26,-5.5724641867398965,-0.14863605467647592,1600,37.490662671779255,drbl-ability-eb1600-r1-v1,drbl-r1-points-v1,drbl-r1-wineq-v1,historical-pbp-normalized-v1,B_CANONICAL_WITH_LIMITATIONS,RETROSPECTIVE_FROZEN_V1_BACKFILL
2024-25,1641789,Jazian Gortman,239,-2.0191,-0.26,-4.825680134805159,-0.12871685350170256,1600,37.490662671779255,drbl-ability-eb1600-r1-v1,drbl-r1-points-v1,drbl-r1-wineq-v1,historical-pbp-normalized-v1,B_CANONICAL_WITH_LIMITATIONS,RETROSPECTIVE_FROZEN_V1_BACKFILL
2024-25,1631213,Tyrese Martin,5298,-0.3429,-0.26,-18.16648975567041,-0.48456038013286606,1600,37.490662671779255,drbl-ability-eb1600-r1-v1,drbl-r1-points-v1,drbl-r1-wineq-v1,historical-pbp-normalized-v1,B_CANONICAL_WITH_LIMITATIONS,RETROSPECTIVE_FROZEN_V1_BACKFILL
2024-25,1642258,Zaccharie Risacher,7854,-0.3183,-0.26,-25.000770408268604,-0.6668532542927735,1600,37.490662671779255,drbl-ability-eb1600-r1-v1,drbl-r1-points-v1,drbl-r1-wineq-v1,historical-pbp-normalized-v1,B_CANONICAL_WITH_LIMITATIONS,RETROSPECTIVE_FROZEN_V1_BACKFILL
2024-25,200768,Kyle Lowry,2693,-0.4229,-0.27,-11.387616483882796,-0.3037454041177757,1600,37.490662671779255,drbl-ability-eb1600-r1-v1,drbl-r1-points-v1,drbl-r1-wineq-v1,historical-pbp-normalized-v1,B_CANONICAL_WITH_LIMITATIONS,RETROSPECTIVE_FROZEN_V1_BACKFILL
2024-25,2544,LeBron James,10062,-0.3127,-0.27,-31.466004664812537,-0.839302440191282,1600,37.490662671779255,drbl-ability-eb1600-r1-v1,drbl-r1-points-v1,drbl-r1-wineq-v1,historical-pbp-normalized-v1,B_CANONICAL_WITH_LIMITATIONS,RETROSPECTIVE_FROZEN_V1_BACKFILL
2024-25,1630592,Jalen Wilson,8064,-0.3238,-0.27,-26.109359728197028,-0.6964229988884834,1600,37.490662671779255,drbl-ability-eb1600-r1-v1,drbl-r1-points-v1,drbl-r1-wineq-v1,historical-pbp-normalized-v1,B_CANONICAL_WITH_LIMITATIONS,RETROSPECTIVE_FROZEN_V1_BACKFILL
2024-25,1642345,Oso Ighodaro,4222,-0.374,-0.27,-15.790171059703976,-0.42117609917815296,1600,37.490662671779255,drbl-ability-eb1600-r1-v1,drbl-r1-points-v1,drbl-r1-wineq-v1,historical-pbp-normalized-v1,B_CANONICAL_WITH_LIMITATIONS,RETROSPECTIVE_FROZEN_V1_BACKFILL
2024-25,1642450,Daniss Jenkins,70,-6.5268,-0.27,-4.568767266876661,-0.12186413739535625,1600,37.490662671779255,drbl-ability-eb1600-r1-v1,drbl-r1-points-v1,drbl-r1-wineq-v1,historical-pbp-normalized-v1,B_CANONICAL_WITH_LIMITATIONS,RETROSPECTIVE_FROZEN_V1_BACKFILL
2024-25,1630578,Alperen Sengun,9596,-0.3228,-0.28,-30.980375717361564,-0.8263491096059433,1600,37.490662671779255,drbl-ability-eb1600-r1-v1,drbl-r1-points-v1,drbl-r1-wineq-v1,historical-pbp-normalized-v1,B_CANONICAL_WITH_LIMITATIONS,RETROSPECTIVE_FROZEN_V1_BACKFILL
2024-25,1628392,Isaiah Hartenstein,6484,-0.3514,-0.28,-22.785721187090996,-0.6077705637420684,1600,37.490662671779255,drbl-ability-eb1600-r1-v1,drbl-r1-points-v1,drbl-r1-wineq-v1,historical-pbp-normalized-v1,B_CANONICAL_WITH_LIMITATIONS,RETROSPECTIVE_FROZEN_V1_BACKFILL
2024-25,1642502,Malevy Leons,82,-5.873,-0.29,-4.815857455470611,-0.12845485014847985,1600,37.490662671779255,drbl-ability-eb1600-r1-v1,drbl-r1-points-v1,drbl-r1-wineq-v1,historical-pbp-normalized-v1,B_CANONICAL_WITH_LIMITATIONS,RETROSPECTIVE_FROZEN_V1_BACKFILL
2024-25,1631223,David Roddy,1823,-0.538,-0.29,-9.807810950216716,-0.26160676422504137,1600,37.490662671779255,drbl-ability-eb1600-r1-v1,drbl-r1-points-v1,drbl-r1-wineq-v1,historical-pbp-normalized-v1,B_CANONICAL_WITH_LIMITATIONS,RETROSPECTIVE_FROZEN_V1_BACKFILL
2024-25,1629098,Jack McVeigh,190,-2.7599,-0.29,-5.243894390804536,-0.13987201124486467,1600,37.490662671779255,drbl-ability-eb1600-r1-v1,drbl-r1-points-v1,drbl-r1-wineq-v1,historical-pbp-normalized-v1,B_CANONICAL_WITH_LIMITATIONS,RETROSPECTIVE_FROZEN_V1_BACKFILL
2024-25,1642402,Enrique Freeman,791,-0.8946,-0.3,-7.0764337642075805,-0.1887518987370234,1600,37.490662671779255,drbl-ability-eb1600-r1-v1,drbl-r1-points-v1,drbl-r1-wineq-v1,historical-pbp-normalized-v1,B_CANONICAL_WITH_LIMITATIONS,RETROSPECTIVE_FROZEN_V1_BACKFILL
2024-25,1630591,Jalen Suggs,4056,-0.4138,-0.3,-16.783592133798006,-0.4476739256580732,1600,37.490662671779255,drbl-ability-eb1600-r1-v1,drbl-r1-points-v1,drbl-r1-wineq-v1,historical-pbp-normalized-v1,B_CANONICAL_WITH_LIMITATIONS,RETROSPECTIVE_FROZEN_V1_BACKFILL
2024-25,1631212,Peyton Watson,7060,-0.366,-0.3,-25.841433069724538,-0.6892765085525264,1600,37.490662671779255,drbl-ability-eb1600-r1-v1,drbl-r1-points-v1,drbl-r1-wineq-v1,historical-pbp-normalized-v1,B_CANONICAL_WITH_LIMITATIONS,RETROSPECTIVE_FROZEN_V1_BACKFILL
2024-25,1631250,Pete Nance,541,-1.1933,-0.3,-6.455803424444458,-0.17219763440735347,1600,37.490662671779255,drbl-ability-eb1600-r1-v1,drbl-r1-points-v1,drbl-r1-wineq-v1,historical-pbp-normalized-v1,B_CANONICAL_WITH_LIMITATIONS,RETROSPECTIVE_FROZEN_V1_BACKFILL
2024-25,1629028,Deandre Ayton,4954,-0.4043,-0.31,-20.030703927724073,-0.5342851392915494,1600,37.490662671779255,drbl-ability-eb1600-r1-v1,drbl-r1-points-v1,drbl-r1-wineq-v1,historical-pbp-normalized-v1,B_CANONICAL_WITH_LIMITATIONS,RETROSPECTIVE_FROZEN_V1_BACKFILL
2024-25,1642505,Alex Ducas,511,-1.2697,-0.31,-6.488152818910867,-0.1730604997759819,1600,37.490662671779255,drbl-ability-eb1600-r1-v1,drbl-r1-points-v1,drbl-r1-wineq-v1,historical-pbp-normalized-v1,B_CANONICAL_WITH_LIMITATIONS,RETROSPECTIVE_FROZEN_V1_BACKFILL
2024-25,203935,Marcus Smart,3098,-0.4729,-0.31,-14.649075453990406,-0.3907393044033164,1600,37.490662671779255,drbl-ability-eb1600-r1-v1,drbl-r1-points-v1,drbl-r1-wineq-v1,historical-pbp-normalized-v1,B_CANONICAL_WITH_LIMITATIONS,RETROSPECTIVE_FROZEN_V1_BACKFILL
2024-25,1630296,Braxton Key,56,-9.2362,-0.31,-5.172298200583297,-0.13796230399727494,1600,37.490662671779255,drbl-ability-eb1600-r1-v1,drbl-r1-points-v1,drbl-r1-wineq-v1,historical-pbp-normalized-v1,B_CANONICAL_WITH_LIMITATIONS,RETROSPECTIVE_FROZEN_V1_BACKFILL
2024-25,1630165,Killian Hayes,678,-1.0628,-0.32,-7.205519502682977,-0.1921950424233729,1600,37.490662671779255,drbl-ability-eb1600-r1-v1,drbl-r1-points-v1,drbl-r1-wineq-v1,historical-pbp-normalized-v1,B_CANONICAL_WITH_LIMITATIONS,RETROSPECTIVE_FROZEN_V1_BACKFILL
2024-25,1631323,Simone Fontecchio,5324,-0.4147,-0.32,-22.076127686285975,-0.5888433575996397,1600,37.490662671779255,drbl-ability-eb1600-r1-v1,drbl-r1-points-v1,drbl-r1-wineq-v1,historical-pbp-normalized-v1,B_CANONICAL_WITH_LIMITATIONS,RETROSPECTIVE_FROZEN_V1_BACKFILL
2024-25,1629216,Gabe Vincent,6205,-0.407,-0.32,-25.252739363323187,-0.6735740998873287,1600,37.490662671779255,drbl-ability-eb1600-r1-v1,drbl-r1-points-v1,drbl-r1-wineq-v1,historical-pbp-normalized-v1,B_CANONICAL_WITH_LIMITATIONS,RETROSPECTIVE_FROZEN_V1_BACKFILL
2024-25,1641857,Liam Robbins,233,-2.5728,-0.33,-5.994622546511476,-0.15989641471511976,1600,37.490662671779255,drbl-ability-eb1600-r1-v1,drbl-r1-points-v1,drbl-r1-wineq-v1,historical-pbp-normalized-v1,B_CANONICAL_WITH_LIMITATIONS,RETROSPECTIVE_FROZEN_V1_BACKFILL
2024-25,203954,Joel Embiid,2361,-0.5517,-0.33,-13.02456640731466,-0.3474082739305321,1600,37.490662671779255,drbl-ability-eb1600-r1-v1,drbl-r1-points-v1,drbl-r1-wineq-v1,historical-pbp-normalized-v1,B_CANONICAL_WITH_LIMITATIONS,RETROSPECTIVE_FROZEN_V1_BACKFILL
2024-25,1628427,Vlatko Čančar,560,-1.2921,-0.33,-7.2357428504481724,-0.19300119909309604,1600,37.490662671779255,drbl-ability-eb1600-r1-v1,drbl-r1-points-v1,drbl-r1-wineq-v1,historical-pbp-normalized-v1,B_CANONICAL_WITH_LIMITATIONS,RETROSPECTIVE_FROZEN_V1_BACKFILL
2024-25,203992,Bogdan Bogdanović,5461,-0.4342,-0.34,-23.71258862985379,-0.6324931847017796,1600,37.490662671779255,drbl-ability-eb1600-r1-v1,drbl-r1-points-v1,drbl-r1-wineq-v1,historical-pbp-normalized-v1,B_CANONICAL_WITH_LIMITATIONS,RETROSPECTIVE_FROZEN_V1_BACKFILL
2024-25,1629629,Cam Reddish,2518,-0.554,-0.34,-13.950016108604377,-0.3720930790349865,1600,37.490662671779255,drbl-ability-eb1600-r1-v1,drbl-r1-points-v1,drbl-r1-wineq-v1,historical-pbp-normalized-v1,B_CANONICAL_WITH_LIMITATIONS,RETROSPECTIVE_FROZEN_V1_BACKFILL
2024-25,1641734,Emoni Bates,302,-2.1735,-0.35,-6.56403752036107,-0.17508459580529334,1600,37.490662671779255,drbl-ability-eb1600-r1-v1,drbl-r1-points-v1,drbl-r1-wineq-v1,historical-pbp-normalized-v1,B_CANONICAL_WITH_LIMITATIONS,RETROSPECTIVE_FROZEN_V1_BACKFILL
2024-25,1630585,Marcus Garrett,311,-2.125,-0.35,-6.608858597542003,-0.17628012221071673,1600,37.490662671779255,drbl-ability-eb1600-r1-v1,drbl-r1-points-v1,drbl-r1-wineq-v1,historical-pbp-normalized-v1,B_CANONICAL_WITH_LIMITATIONS,RETROSPECTIVE_FROZEN_V1_BACKFILL
2024-25,1626153,Delon Wright,2571,-0.5615,-0.35,-14.435638450702502,-0.3850462334337129,1600,37.490662671779255,drbl-ability-eb1600-r1-v1,drbl-r1-points-v1,drbl-r1-wineq-v1,historical-pbp-normalized-v1,B_CANONICAL_WITH_LIMITATIONS,RETROSPECTIVE_FROZEN_V1_BACKFILL
2024-25,1629628,RJ Barrett,7729,-0.4224,-0.35,-32.64503738883929,-0.8707511434150386,1600,37.490662671779255,drbl-ability-eb1600-r1-v1,drbl-r1-points-v1,drbl-r1-wineq-v1,historical-pbp-normalized-v1,B_CANONICAL_WITH_LIMITATIONS,RETROSPECTIVE_FROZEN_V1_BACKFILL
2024-25,1641817,Anton Watson,96,-6.2489,-0.35,-5.998941429375333,-0.16001161360881946,1600,37.490662671779255,drbl-ability-eb1600-r1-v1,drbl-r1-points-v1,drbl-r1-wineq-v1,historical-pbp-normalized-v1,B_CANONICAL_WITH_LIMITATIONS,RETROSPECTIVE_FROZEN_V1_BACKFILL
2024-25,1630227,Daishen Nix,57,-10.4191,-0.36,-5.938910295282344,-0.1584103846676683,1600,37.490662671779255,drbl-ability-eb1600-r1-v1,drbl-r1-points-v1,drbl-r1-wineq-v1,historical-pbp-normalized-v1,B_CANONICAL_WITH_LIMITATIONS,RETROSPECTIVE_FROZEN_V1_BACKFILL
2024-25,1642422,Armel Traoré,275,-2.4472,-0.36,-6.729686533438582,-0.1795030029838414,1600,37.490662671779255,drbl-ability-eb1600-r1-v1,drbl-r1-points-v1,drbl-r1-wineq-v1,historical-pbp-normalized-v1,B_CANONICAL_WITH_LIMITATIONS,RETROSPECTIVE_FROZEN_V1_BACKFILL
2024-25,201567,Kevin Love,1062,-0.9143,-0.36,-9.709690561618245,-0.2589895688594249,1600,37.490662671779255,drbl-ability-eb1600-r1-v1,drbl-r1-points-v1,drbl-r1-wineq-v1,historical-pbp-normalized-v1,B_CANONICAL_WITH_LIMITATIONS,RETROSPECTIVE_FROZEN_V1_BACKFILL
2024-25,201599,DeAndre Jordan,2840,-0.5799,-0.37,-16.468504697768505,-0.4392695013674703,1600,37.490662671779255,drbl-ability-eb1600-r1-v1,drbl-r1-points-v1,drbl-r1-wineq-v1,historical-pbp-normalized-v1,B_CANONICAL_WITH_LIMITATIONS,RETROSPECTIVE_FROZEN_V1_BACKFILL
2024-25,1631166,Drew Timme,1050,-0.9613,-0.38,-10.094059560797993,-0.269241961636389,1600,37.490662671779255,drbl-ability-eb1600-r1-v1,drbl-r1-points-v1,drbl-r1-wineq-v1,historical-pbp-normalized-v1,B_CANONICAL_WITH_LIMITATIONS,RETROSPECTIVE_FROZEN_V1_BACKFILL
2024-25,1627742,Brandon Ingram,2446,-0.6305,-0.38,-15.421593794507212,-0.41134492418870133,1600,37.490662671779255,drbl-ability-eb1600-r1-v1,drbl-r1-points-v1,drbl-r1-wineq-v1,historical-pbp-normalized-v1,B_CANONICAL_WITH_LIMITATIONS,RETROSPECTIVE_FROZEN_V1_BACKFILL
2024-25,1642348,Justin Edwards,4636,-0.5224,-0.39,-24.21983216570315,-0.6460230478650462,1600,37.490662671779255,drbl-ability-eb1600-r1-v1,drbl-r1-points-v1,drbl-r1-wineq-v1,historical-pbp-normalized-v1,B_CANONICAL_WITH_LIMITATIONS,RETROSPECTIVE_FROZEN_V1_BACKFILL
2024-25,1629610,DaQuan Jeffries,4315,-0.5328,-0.39,-22.98883666234446,-0.6131883254133327,1600,37.490662671779255,drbl-ability-eb1600-r1-v1,drbl-r1-points-v1,drbl-r1-wineq-v1,historical-pbp-normalized-v1,B_CANONICAL_WITH_LIMITATIONS,RETROSPECTIVE_FROZEN_V1_BACKFILL
2024-25,1629020,Jarred Vanderbilt,2355,-0.66,-0.39,-15.542310024627104,-0.41456482539921685,1600,37.490662671779255,drbl-ability-eb1600-r1-v1,drbl-r1-points-v1,drbl-r1-wineq-v1,historical-pbp-normalized-v1,B_CANONICAL_WITH_LIMITATIONS,RETROSPECTIVE_FROZEN_V1_BACKFILL
2024-25,203486,Mason Plumlee,5231,-0.5133,-0.39,-26.849418148352033,-0.7161628052139681,1600,37.490662671779255,drbl-ability-eb1600-r1-v1,drbl-r1-points-v1,drbl-r1-wineq-v1,historical-pbp-normalized-v1,B_CANONICAL_WITH_LIMITATIONS,RETROSPECTIVE_FROZEN_V1_BACKFILL
2024-25,202066,Garrett Temple,944,-1.0716,-0.4,-10.115856118204572,-0.269823347929755,1600,37.490662671779255,drbl-ability-eb1600-r1-v1,drbl-r1-points-v1,drbl-r1-wineq-v1,historical-pbp-normalized-v1,B_CANONICAL_WITH_LIMITATIONS,RETROSPECTIVE_FROZEN_V1_BACKFILL
2024-25,1628389,Bam Adebayo,10589,-0.4657,-0.4,-49.30905994213981,-1.31523575280137,1600,37.490662671779255,drbl-ability-eb1600-r1-v1,drbl-r1-points-v1,drbl-r1-wineq-v1,historical-pbp-normalized-v1,B_CANONICAL_WITH_LIMITATIONS,RETROSPECTIVE_FROZEN_V1_BACKFILL
2024-25,201959,Taj Gibson,1649,-0.8095,-0.41,-13.349008765474961,-0.35606222494230017,1600,37.490662671779255,drbl-ability-eb1600-r1-v1,drbl-r1-points-v1,drbl-r1-wineq-v1,historical-pbp-normalized-v1,B_CANONICAL_WITH_LIMITATIONS,RETROSPECTIVE_FROZEN_V1_BACKFILL
2024-25,1631170,Jaime Jaquez Jr.,5390,-0.5346,-0.41,-28.815859215261863,-0.7686142938452974,1600,37.490662671779255,drbl-ability-eb1600-r1-v1,drbl-r1-points-v1,drbl-r1-wineq-v1,historical-pbp-normalized-v1,B_CANONICAL_WITH_LIMITATIONS,RETROSPECTIVE_FROZEN_V1_BACKFILL
2024-25,1641783,Tristan da Silva,6500,-0.5164,-0.41,-33.56733408350814,-0.8953518474021437,1600,37.490662671779255,drbl-ability-eb1600-r1-v1,drbl-r1-points-v1,drbl-r1-wineq-v1,historical-pbp-normalized-v1,B_CANONICAL_WITH_LIMITATIONS,RETROSPECTIVE_FROZEN_V1_BACKFILL
2024-25,1628971,Bruce Brown,3799,-0.5941,-0.42,-22.57131810043315,-0.6020517241329932,1600,37.490662671779255,drbl-ability-eb1600-r1-v1,drbl-r1-points-v1,drbl-r1-wineq-v1,historical-pbp-normalized-v1,B_CANONICAL_WITH_LIMITATIONS,RETROSPECTIVE_FROZEN_V1_BACKFILL
2024-25,1642279,Ulrich Chomche,123,-5.8714,-0.42,-7.22184977503235,-0.19263062481070867,1600,37.490662671779255,drbl-ability-eb1600-r1-v1,drbl-r1-points-v1,drbl-r1-wineq-v1,historical-pbp-normalized-v1,B_CANONICAL_WITH_LIMITATIONS,RETROSPECTIVE_FROZEN_V1_BACKFILL
2024-25,204456,T.J. McConnell,5905,-0.5354,-0.42,-31.61402437088423,-0.8432506154307428,1600,37.490662671779255,drbl-ability-eb1600-r1-v1,drbl-r1-points-v1,drbl-r1-wineq-v1,historical-pbp-normalized-v1,B_CANONICAL_WITH_LIMITATIONS,RETROSPECTIVE_FROZEN_V1_BACKFILL
2024-25,1629669,Jaylen Nowell,661,-1.4607,-0.43,-9.655079202223392,-0.25753290323916206,1600,37.490662671779255,drbl-ability-eb1600-r1-v1,drbl-r1-points-v1,drbl-r1-wineq-v1,historical-pbp-normalized-v1,B_CANONICAL_WITH_LIMITATIONS,RETROSPECTIVE_FROZEN_V1_BACKFILL
2024-25,1631248,Baylor Scheierman,1479,-0.8962,-0.43,-13.255191973054183,-0.35355982072389197,1600,37.490662671779255,drbl-ability-eb1600-r1-v1,drbl-r1-points-v1,drbl-r1-wineq-v1,historical-pbp-normalized-v1,B_CANONICAL_WITH_LIMITATIONS,RETROSPECTIVE_FROZEN_V1_BACKFILL
2024-25,1628995,Kevin Knox II,349,-2.4068,-0.43,-8.399751898883322,-0.22404917118752762,1600,37.490662671779255,drbl-ability-eb1600-r1-v1,drbl-r1-points-v1,drbl-r1-wineq-v1,historical-pbp-normalized-v1,B_CANONICAL_WITH_LIMITATIONS,RETROSPECTIVE_FROZEN_V1_BACKFILL
2024-25,1626192,Pat Connaughton,2454,-0.719,-0.44,-17.644308055784716,-0.4706320667163428,1600,37.490662671779255,drbl-ability-eb1600-r1-v1,drbl-r1-points-v1,drbl-r1-wineq-v1,historical-pbp-normalized-v1,B_CANONICAL_WITH_LIMITATIONS,RETROSPECTIVE_FROZEN_V1_BACKFILL
2024-25,1641710,Anthony Black,7568,-0.5277,-0.44,-39.939717872805126,-1.0653244041714252,1600,37.490662671779255,drbl-ability-eb1600-r1-v1,drbl-r1-points-v1,drbl-r1-wineq-v1,historical-pbp-normalized-v1,B_CANONICAL_WITH_LIMITATIONS,RETROSPECTIVE_FROZEN_V1_BACKFILL
2024-25,203500,Steven Adams,3240,-0.6527,-0.44,-21.1485779016021,-0.5641025363235709,1600,37.490662671779255,drbl-ability-eb1600-r1-v1,drbl-r1-points-v1,drbl-r1-wineq-v1,historical-pbp-normalized-v1,B_CANONICAL_WITH_LIMITATIONS,RETROSPECTIVE_FROZEN_V1_BACKFILL
2024-25,202331,Paul George,5404,-0.5671,-0.44,-30.647571369671166,-0.8174721166702886,1600,37.490662671779255,drbl-ability-eb1600-r1-v1,drbl-r1-points-v1,drbl-r1-wineq-v1,historical-pbp-normalized-v1,B_CANONICAL_WITH_LIMITATIONS,RETROSPECTIVE_FROZEN_V1_BACKFILL
2024-25,1626168,Trey Lyles,5483,-0.5694,-0.44,-31.22144093533523,-0.8327791164608269,1600,37.490662671779255,drbl-ability-eb1600-r1-v1,drbl-r1-points-v1,drbl-r1-wineq-v1,historical-pbp-normalized-v1,B_CANONICAL_WITH_LIMITATIONS,RETROSPECTIVE_FROZEN_V1_BACKFILL
2024-25,1629234,Drew Eubanks,3072,-0.6742,-0.44,-20.712390846918915,-0.5524679845819309,1600,37.490662671779255,drbl-ability-eb1600-r1-v1,drbl-r1-points-v1,drbl-r1-wineq-v1,historical-pbp-normalized-v1,B_CANONICAL_WITH_LIMITATIONS,RETROSPECTIVE_FROZEN_V1_BACKFILL
2024-25,1630346,Matt Ryan,282,-2.991,-0.45,-8.434667287646898,-0.22498048011287927,1600,37.490662671779255,drbl-ability-eb1600-r1-v1,drbl-r1-points-v1,drbl-r1-wineq-v1,historical-pbp-normalized-v1,B_CANONICAL_WITH_LIMITATIONS,RETROSPECTIVE_FROZEN_V1_BACKFILL
2024-25,1630542,Marcus Bagley,1066,-1.1374,-0.45,-12.12463515740352,-0.3234041303444397,1600,37.490662671779255,drbl-ability-eb1600-r1-v1,drbl-r1-points-v1,drbl-r1-wineq-v1,historical-pbp-normalized-v1,B_CANONICAL_WITH_LIMITATIONS,RETROSPECTIVE_FROZEN_V1_BACKFILL
2024-25,203944,Julius Randle,8998,-0.5376,-0.46,-48.37676732611026,-1.2903684245230858,1600,37.490662671779255,drbl-ability-eb1600-r1-v1,drbl-r1-points-v1,drbl-r1-wineq-v1,historical-pbp-normalized-v1,B_CANONICAL_WITH_LIMITATIONS,RETROSPECTIVE_FROZEN_V1_BACKFILL
2024-25,1630568,Luka Garza,926,-1.2671,-0.46,-11.73364931969589,-0.31297524459412357,1600,37.490662671779255,drbl-ability-eb1600-r1-v1,drbl-r1-points-v1,drbl-r1-wineq-v1,historical-pbp-normalized-v1,B_CANONICAL_WITH_LIMITATIONS,RETROSPECTIVE_FROZEN_V1_BACKFILL
2024-25,1642273,Kyshawn George,7444,-0.5657,-0.47,-42.10805191241567,-1.1231610462866561,1600,37.490662671779255,drbl-ability-eb1600-r1-v1,drbl-r1-points-v1,drbl-r1-wineq-v1,historical-pbp-normalized-v1,B_CANONICAL_WITH_LIMITATIONS,RETROSPECTIVE_FROZEN_V1_BACKFILL
2024-25,1630550,JT Thor,997,-1.2399,-0.48,-12.36229572504568,-0.32974332391172384,1600,37.490662671779255,drbl-ability-eb1600-r1-v1,drbl-r1-points-v1,drbl-r1-wineq-v1,historical-pbp-normalized-v1,B_CANONICAL_WITH_LIMITATIONS,RETROSPECTIVE_FROZEN_V1_BACKFILL
2024-25,1631104,Blake Wesley,2687,-0.7801,-0.49,-20.96026014847982,-0.5590794788553433,1600,37.490662671779255,drbl-ability-eb1600-r1-v1,drbl-r1-points-v1,drbl-r1-wineq-v1,historical-pbp-normalized-v1,B_CANONICAL_WITH_LIMITATIONS,RETROSPECTIVE_FROZEN_V1_BACKFILL
2024-25,1630173,Precious Achiuwa,4884,-0.6554,-0.49,-32.011530276559206,-0.8538534129634253,1600,37.490662671779255,drbl-ability-eb1600-r1-v1,drbl-r1-points-v1,drbl-r1-wineq-v1,historical-pbp-normalized-v1,B_CANONICAL_WITH_LIMITATIONS,RETROSPECTIVE_FROZEN_V1_BACKFILL
2024-25,202704,Reggie Jackson,1564,-0.9989,-0.49,-15.622571485128244,-0.4167056640716033,1600,37.490662671779255,drbl-ability-eb1600-r1-v1,drbl-r1-points-v1,drbl-r1-wineq-v1,historical-pbp-normalized-v1,B_CANONICAL_WITH_LIMITATIONS,RETROSPECTIVE_FROZEN_V1_BACKFILL
2024-25,201949,James Johnson,142,-6.0973,-0.5,-8.658133101998152,-0.23094105265083725,1600,37.490662671779255,drbl-ability-eb1600-r1-v1,drbl-r1-points-v1,drbl-r1-wineq-v1,historical-pbp-normalized-v1,B_CANONICAL_WITH_LIMITATIONS,RETROSPECTIVE_FROZEN_V1_BACKFILL
2024-25,1642530,Yuki Kawamura,371,-2.645,-0.5,-9.812785548868948,-0.26173945322805486,1600,37.490662671779255,drbl-ability-eb1600-r1-v1,drbl-r1-points-v1,drbl-r1-wineq-v1,historical-pbp-normalized-v1,B_CANONICAL_WITH_LIMITATIONS,RETROSPECTIVE_FROZEN_V1_BACKFILL
2024-25,1641765,Olivier-Maxence Prosper,2370,-0.8474,-0.51,-20.083805014290245,-0.5357015209391895,1600,37.490662671779255,drbl-ability-eb1600-r1-v1,drbl-r1-points-v1,drbl-r1-wineq-v1,historical-pbp-normalized-v1,B_CANONICAL_WITH_LIMITATIONS,RETROSPECTIVE_FROZEN_V1_BACKFILL
2024-25,1630762,Phillip Wheeler,172,-5.2197,-0.51,-8.977857616778675,-0.2394691631721056,1600,37.490662671779255,drbl-ability-eb1600-r1-v1,drbl-r1-points-v1,drbl-r1-wineq-v1,historical-pbp-normalized-v1,B_CANONICAL_WITH_LIMITATIONS,RETROSPECTIVE_FROZEN_V1_BACKFILL
2024-25,1641816,Hunter Tyson,1585,-1.019,-0.51,-16.151661592595826,-0.4308182475727173,1600,37.490662671779255,drbl-ability-eb1600-r1-v1,drbl-r1-points-v1,drbl-r1-wineq-v1,historical-pbp-normalized-v1,B_CANONICAL_WITH_LIMITATIONS,RETROSPECTIVE_FROZEN_V1_BACKFILL
2024-25,1630311,Pat Spencer,1037,-1.2921,-0.51,-13.399496625022552,-0.3574089031802817,1600,37.490662671779255,drbl-ability-eb1600-r1-v1,drbl-r1-points-v1,drbl-r1-wineq-v1,historical-pbp-normalized-v1,B_CANONICAL_WITH_LIMITATIONS,RETROSPECTIVE_FROZEN_V1_BACKFILL
2024-25,1630526,Jeremiah Robinson-Earl,5128,-0.6701,-0.51,-34.365011802403,-0.916628551041082,1600,37.490662671779255,drbl-ability-eb1600-r1-v1,drbl-r1-points-v1,drbl-r1-wineq-v1,historical-pbp-normalized-v1,B_CANONICAL_WITH_LIMITATIONS,RETROSPECTIVE_FROZEN_V1_BACKFILL
2024-25,203083,Andre Drummond,3050,-0.7796,-0.51,-23.77725965225619,-0.634218174813813,1600,37.490662671779255,drbl-ability-eb1600-r1-v1,drbl-r1-points-v1,drbl-r1-wineq-v1,historical-pbp-normalized-v1,B_CANONICAL_WITH_LIMITATIONS,RETROSPECTIVE_FROZEN_V1_BACKFILL
2024-25,1641738,Kobe Brown,1066,-1.2887,-0.52,-13.737703166776905,-0.36642999050315084,1600,37.490662671779255,drbl-ability-eb1600-r1-v1,drbl-r1-points-v1,drbl-r1-wineq-v1,historical-pbp-normalized-v1,B_CANONICAL_WITH_LIMITATIONS,RETROSPECTIVE_FROZEN_V1_BACKFILL
2024-25,1628365,Markelle Fultz,766,-1.6048,-0.52,-12.292440915807244,-0.32788006505577894,1600,37.490662671779255,drbl-ability-eb1600-r1-v1,drbl-r1-points-v1,drbl-r1-wineq-v1,historical-pbp-normalized-v1,B_CANONICAL_WITH_LIMITATIONS,RETROSPECTIVE_FROZEN_V1_BACKFILL
2024-25,1631466,Nate Williams,640,-1.8368,-0.52,-11.755712531563137,-0.3135637434441014,1600,37.490662671779255,drbl-ability-eb1600-r1-v1,drbl-r1-points-v1,drbl-r1-wineq-v1,historical-pbp-normalized-v1,B_CANONICAL_WITH_LIMITATIONS,RETROSPECTIVE_FROZEN_V1_BACKFILL
2024-25,1630649,Stanley Umude,354,-2.9016,-0.53,-10.271650474793963,-0.27397889881860776,1600,37.490662671779255,drbl-ability-eb1600-r1-v1,drbl-r1-points-v1,drbl-r1-wineq-v1,historical-pbp-normalized-v1,B_CANONICAL_WITH_LIMITATIONS,RETROSPECTIVE_FROZEN_V1_BACKFILL
2024-25,1630175,Cole Anthony,4952,-0.7029,-0.53,-34.8065812616414,-0.9284066693182706,1600,37.490662671779255,drbl-ability-eb1600-r1-v1,drbl-r1-points-v1,drbl-r1-wineq-v1,historical-pbp-normalized-v1,B_CANONICAL_WITH_LIMITATIONS,RETROSPECTIVE_FROZEN_V1_BACKFILL
2024-25,1630553,Keon Johnson,7816,-0.6465,-0.54,-50.53299794300293,-1.3478822283139096,1600,37.490662671779255,drbl-ability-eb1600-r1-v1,drbl-r1-points-v1,drbl-r1-wineq-v1,historical-pbp-normalized-v1,B_CANONICAL_WITH_LIMITATIONS,RETROSPECTIVE_FROZEN_V1_BACKFILL
2024-25,1630556,Kessler Edwards,2540,-0.8792,-0.54,-22.331084844214736,-0.5956439084504167,1600,37.490662671779255,drbl-ability-eb1600-r1-v1,drbl-r1-points-v1,drbl-r1-wineq-v1,historical-pbp-normalized-v1,B_CANONICAL_WITH_LIMITATIONS,RETROSPECTIVE_FROZEN_V1_BACKFILL
2024-25,101108,Chris Paul,9301,-0.6487,-0.55,-60.335435348399386,-1.6093456623218432,1600,37.490662671779255,drbl-ability-eb1600-r1-v1,drbl-r1-points-v1,drbl-r1-wineq-v1,historical-pbp-normalized-v1,B_CANONICAL_WITH_LIMITATIONS,RETROSPECTIVE_FROZEN_V1_BACKFILL
2024-25,1629645,Kevin Porter Jr.,6073,-0.7003,-0.55,-42.526844244887776,-1.1343316232417375,1600,37.490662671779255,drbl-ability-eb1600-r1-v1,drbl-r1-points-v1,drbl-r1-wineq-v1,historical-pbp-normalized-v1,B_CANONICAL_WITH_LIMITATIONS,RETROSPECTIVE_FROZEN_V1_BACKFILL
2024-25,1630567,Scottie Barnes,8958,-0.6576,-0.56,-58.909981777898345,-1.5713240999136109,1600,37.490662671779255,drbl-ability-eb1600-r1-v1,drbl-r1-points-v1,drbl-r1-wineq-v1,historical-pbp-normalized-v1,B_CANONICAL_WITH_LIMITATIONS,RETROSPECTIVE_FROZEN_V1_BACKFILL
2024-25,1628964,Mo Bamba,1645,-1.1025,-0.56,-18.13654292184947,-0.48376159900479915,1600,37.490662671779255,drbl-ability-eb1600-r1-v1,drbl-r1-points-v1,drbl-r1-wineq-v1,historical-pbp-normalized-v1,B_CANONICAL_WITH_LIMITATIONS,RETROSPECTIVE_FROZEN_V1_BACKFILL
2024-25,1641854,Craig Porter Jr.,2067,-1.0023,-0.56,-20.71700109437217,-0.5525909551331216,1600,37.490662671779255,drbl-ability-eb1600-r1-v1,drbl-r1-points-v1,drbl-r1-wineq-v1,historical-pbp-normalized-v1,B_CANONICAL_WITH_LIMITATIONS,RETROSPECTIVE_FROZEN_V1_BACKFILL
2024-25,202691,Klay Thompson,8166,-0.6887,-0.58,-56.24187524416006,-1.5001568720335159,1600,37.490662671779255,drbl-ability-eb1600-r1-v1,drbl-r1-points-v1,drbl-r1-wineq-v1,historical-pbp-normalized-v1,B_CANONICAL_WITH_LIMITATIONS,RETROSPECTIVE_FROZEN_V1_BACKFILL
2024-25,203915,Spencer Dinwiddie,8876,-0.6867,-0.58,-60.94746150164889,-1.6256704245328402,1600,37.490662671779255,drbl-ability-eb1600-r1-v1,drbl-r1-points-v1,drbl-r1-wineq-v1,historical-pbp-normalized-v1,B_CANONICAL_WITH_LIMITATIONS,RETROSPECTIVE_FROZEN_V1_BACKFILL
2024-25,1630208,Nick Richards,5185,-0.7643,-0.58,-39.62780707383036,-1.0570047113000172,1600,37.490662671779255,drbl-ability-eb1600-r1-v1,drbl-r1-points-v1,drbl-r1-wineq-v1,historical-pbp-normalized-v1,B_CANONICAL_WITH_LIMITATIONS,RETROSPECTIVE_FROZEN_V1_BACKFILL
2024-25,1631102,TyTy Washington Jr.,456,-2.6389,-0.59,-12.033352678015842,-0.3209693246386342,1600,37.490662671779255,drbl-ability-eb1600-r1-v1,drbl-r1-points-v1,drbl-r1-wineq-v1,historical-pbp-normalized-v1,B_CANONICAL_WITH_LIMITATIONS,RETROSPECTIVE_FROZEN_V1_BACKFILL
2024-25,1630558,Davion Mitchell,8229,-0.7102,-0.59,-58.443463632604605,-1.5588805176441274,1600,37.490662671779255,drbl-ability-eb1600-r1-v1,drbl-r1-points-v1,drbl-r1-wineq-v1,historical-pbp-normalized-v1,B_CANONICAL_WITH_LIMITATIONS,RETROSPECTIVE_FROZEN_V1_BACKFILL
2024-25,1630623,Tyson Etienne,642,-2.0771,-0.59,-13.334745977992586,-0.355681789216017,1600,37.490662671779255,drbl-ability-eb1600-r1-v1,drbl-r1-points-v1,drbl-r1-wineq-v1,historical-pbp-normalized-v1,B_CANONICAL_WITH_LIMITATIONS,RETROSPECTIVE_FROZEN_V1_BACKFILL
2024-25,1642367,Jonathan Mogbo,5312,-0.7765,-0.6,-41.24601919837922,-1.100167782028211,1600,37.490662671779255,drbl-ability-eb1600-r1-v1,drbl-r1-points-v1,drbl-r1-wineq-v1,historical-pbp-normalized-v1,B_CANONICAL_WITH_LIMITATIONS,RETROSPECTIVE_FROZEN_V1_BACKFILL
2024-25,1642461,Spencer Jones,515,-2.4546,-0.6,-12.641033453723601,-0.3371781812552228,1600,37.490662671779255,drbl-ability-eb1600-r1-v1,drbl-r1-points-v1,drbl-r1-wineq-v1,historical-pbp-normalized-v1,B_CANONICAL_WITH_LIMITATIONS,RETROSPECTIVE_FROZEN_V1_BACKFILL
2024-25,1626171,Bobby Portis,5132,-0.7896,-0.6,-40.52263969793164,-1.0808728576684956,1600,37.490662671779255,drbl-ability-eb1600-r1-v1,drbl-r1-points-v1,drbl-r1-wineq-v1,historical-pbp-normalized-v1,B_CANONICAL_WITH_LIMITATIONS,RETROSPECTIVE_FROZEN_V1_BACKFILL
2024-25,1630625,Dalano Banton,4609,-0.8123,-0.6,-37.43810207339218,-0.9985980349601385,1600,37.490662671779255,drbl-ability-eb1600-r1-v1,drbl-r1-points-v1,drbl-r1-wineq-v1,historical-pbp-normalized-v1,B_CANONICAL_WITH_LIMITATIONS,RETROSPECTIVE_FROZEN_V1_BACKFILL
2024-25,1629052,Oshae Brissett,559,-2.3374,-0.61,-13.065983915286221,-0.34851301588545985,1600,37.490662671779255,drbl-ability-eb1600-r1-v1,drbl-r1-points-v1,drbl-r1-wineq-v1,historical-pbp-normalized-v1,B_CANONICAL_WITH_LIMITATIONS,RETROSPECTIVE_FROZEN_V1_BACKFILL
2024-25,1641753,Chris Livingston,408,-3.058,-0.62,-12.476459591404625,-0.33278845190421674,1600,37.490662671779255,drbl-ability-eb1600-r1-v1,drbl-r1-points-v1,drbl-r1-wineq-v1,historical-pbp-normalized-v1,B_CANONICAL_WITH_LIMITATIONS,RETROSPECTIVE_FROZEN_V1_BACKFILL
2024-25,1628370,Malik Monk,8545,-0.7394,-0.62,-63.185599354255444,-1.685368965265525,1600,37.490662671779255,drbl-ability-eb1600-r1-v1,drbl-r1-points-v1,drbl-r1-wineq-v1,historical-pbp-normalized-v1,B_CANONICAL_WITH_LIMITATIONS,RETROSPECTIVE_FROZEN_V1_BACKFILL
2024-25,1642274,Yves Missi,8030,-0.7612,-0.63,-61.12317302763037,-1.6303572322193245,1600,37.490662671779255,drbl-ability-eb1600-r1-v1,drbl-r1-points-v1,drbl-r1-wineq-v1,historical-pbp-normalized-v1,B_CANONICAL_WITH_LIMITATIONS,RETROSPECTIVE_FROZEN_V1_BACKFILL
2024-25,1629618,Jalen Pickett,2695,-1.0279,-0.64,-27.70190381537249,-0.7389014181449729,1600,37.490662671779255,drbl-ability-eb1600-r1-v1,drbl-r1-points-v1,drbl-r1-wineq-v1,historical-pbp-normalized-v1,B_CANONICAL_WITH_LIMITATIONS,RETROSPECTIVE_FROZEN_V1_BACKFILL
2024-25,1631121,Bryce McGowens,126,-8.8471,-0.65,-11.147402908353765,-0.29733811338429256,1600,37.490662671779255,drbl-ability-eb1600-r1-v1,drbl-r1-points-v1,drbl-r1-wineq-v1,historical-pbp-normalized-v1,B_CANONICAL_WITH_LIMITATIONS,RETROSPECTIVE_FROZEN_V1_BACKFILL
2024-25,1631200,Kris Murray,4396,-0.8841,-0.65,-38.86631791832217,-1.036693276365542,1600,37.490662671779255,drbl-ability-eb1600-r1-v1,drbl-r1-points-v1,drbl-r1-wineq-v1,historical-pbp-normalized-v1,B_CANONICAL_WITH_LIMITATIONS,RETROSPECTIVE_FROZEN_V1_BACKFILL
2024-25,1641757,Jordan Miller,1687,-1.2773,-0.66,-21.547223999480025,-0.5747357465542879,1600,37.490662671779255,drbl-ability-eb1600-r1-v1,drbl-r1-points-v1,drbl-r1-wineq-v1,historical-pbp-normalized-v1,B_CANONICAL_WITH_LIMITATIONS,RETROSPECTIVE_FROZEN_V1_BACKFILL
2024-25,1630581,Josh Giddey,8977,-0.7767,-0.66,-69.7265637882174,-1.8598381255262106,1600,37.490662671779255,drbl-ability-eb1600-r1-v1,drbl-r1-points-v1,drbl-r1-wineq-v1,historical-pbp-normalized-v1,B_CANONICAL_WITH_LIMITATIONS,RETROSPECTIVE_FROZEN_V1_BACKFILL
2024-25,1629004,Svi Mykhailiuk,3140,-1.0071,-0.67,-31.622157893032437,-0.843467563373739,1600,37.490662671779255,drbl-ability-eb1600-r1-v1,drbl-r1-points-v1,drbl-r1-wineq-v1,historical-pbp-normalized-v1,B_CANONICAL_WITH_LIMITATIONS,RETROSPECTIVE_FROZEN_V1_BACKFILL
2024-25,1626196,Josh Richardson,578,-2.5648,-0.68,-14.8242826266261,-0.39541265931756764,1600,37.490662671779255,drbl-ability-eb1600-r1-v1,drbl-r1-points-v1,drbl-r1-wineq-v1,historical-pbp-normalized-v1,B_CANONICAL_WITH_LIMITATIONS,RETROSPECTIVE_FROZEN_V1_BACKFILL
2024-25,1641998,Trey Jemison,1530,-1.4129,-0.69,-21.617114724931298,-0.5765999634144472,1600,37.490662671779255,drbl-ability-eb1600-r1-v1,drbl-r1-points-v1,drbl-r1-wineq-v1,historical-pbp-normalized-v1,B_CANONICAL_WITH_LIMITATIONS,RETROSPECTIVE_FROZEN_V1_BACKFILL
2024-25,1631124,Julian Strawther,5768,-0.8844,-0.69,-51.01344052716449,-1.3606972214328017,1600,37.490662671779255,drbl-ability-eb1600-r1-v1,drbl-r1-points-v1,drbl-r1-wineq-v1,historical-pbp-normalized-v1,B_CANONICAL_WITH_LIMITATIONS,RETROSPECTIVE_FROZEN_V1_BACKFILL
2024-25,1641741,Ricky Council IV,5086,-0.9109,-0.69,-46.32862730470412,-1.2357377544990038,1600,37.490662671779255,drbl-ability-eb1600-r1-v1,drbl-r1-points-v1,drbl-r1-wineq-v1,historical-pbp-normalized-v1,B_CANONICAL_WITH_LIMITATIONS,RETROSPECTIVE_FROZEN_V1_BACKFILL
2024-25,1630595,Cade Cunningham,10295,-0.8046,-0.7,-82.8296412913865,-2.209340550113448,1600,37.490662671779255,drbl-ability-eb1600-r1-v1,drbl-r1-points-v1,drbl-r1-wineq-v1,historical-pbp-normalized-v1,B_CANONICAL_WITH_LIMITATIONS,RETROSPECTIVE_FROZEN_V1_BACKFILL
2024-25,1630528,Josh Christopher,301,-4.454,-0.71,-13.406665053069245,-0.3576001088708679,1600,37.490662671779255,drbl-ability-eb1600-r1-v1,drbl-r1-points-v1,drbl-r1-wineq-v1,historical-pbp-normalized-v1,B_CANONICAL_WITH_LIMITATIONS,RETROSPECTIVE_FROZEN_V1_BACKFILL
2024-25,202687,Bismack Biyombo,2171,-1.2326,-0.71,-26.760784163190834,-0.7137986436109267,1600,37.490662671779255,drbl-ability-eb1600-r1-v1,drbl-r1-points-v1,drbl-r1-wineq-v1,historical-pbp-normalized-v1,B_CANONICAL_WITH_LIMITATIONS,RETROSPECTIVE_FROZEN_V1_BACKFILL
2024-25,203994,Jusuf Nurkić,4353,-0.9788,-0.72,-42.60676791593481,-1.1364634519519083,1600,37.490662671779255,drbl-ability-eb1600-r1-v1,drbl-r1-points-v1,drbl-r1-wineq-v1,historical-pbp-normalized-v1,B_CANONICAL_WITH_LIMITATIONS,RETROSPECTIVE_FROZEN_V1_BACKFILL
2024-25,203471,Dennis Schröder,8663,-0.861,-0.73,-74.59016605579261,-1.9895664877628225,1600,37.490662671779255,drbl-ability-eb1600-r1-v1,drbl-r1-points-v1,drbl-r1-wineq-v1,historical-pbp-normalized-v1,B_CANONICAL_WITH_LIMITATIONS,RETROSPECTIVE_FROZEN_V1_BACKFILL
2024-25,1628997,Caleb Martin,4907,-0.9713,-0.73,-47.663306100794316,-1.2713380533727514,1600,37.490662671779255,drbl-ability-eb1600-r1-v1,drbl-r1-points-v1,drbl-r1-wineq-v1,historical-pbp-normalized-v1,B_CANONICAL_WITH_LIMITATIONS,RETROSPECTIVE_FROZEN_V1_BACKFILL
2024-25,1642359,Pacôme Dadiet,449,-3.3727,-0.74,-15.143455792295052,-0.40392606353405824,1600,37.490662671779255,drbl-ability-eb1600-r1-v1,drbl-r1-points-v1,drbl-r1-wineq-v1,historical-pbp-normalized-v1,B_CANONICAL_WITH_LIMITATIONS,RETROSPECTIVE_FROZEN_V1_BACKFILL
2024-25,1642263,Reed Sheppard,2822,-1.1665,-0.74,-32.91916944613764,-0.8780631522663704,1600,37.490662671779255,drbl-ability-eb1600-r1-v1,drbl-r1-points-v1,drbl-r1-wineq-v1,historical-pbp-normalized-v1,B_CANONICAL_WITH_LIMITATIONS,RETROSPECTIVE_FROZEN_V1_BACKFILL
2024-25,1641722,Jordan Hawkins,5481,-0.9948,-0.77,-54.5266829372384,-1.4544070190117724,1600,37.490662671779255,drbl-ability-eb1600-r1-v1,drbl-r1-points-v1,drbl-r1-wineq-v1,historical-pbp-normalized-v1,B_CANONICAL_WITH_LIMITATIONS,RETROSPECTIVE_FROZEN_V1_BACKFILL
2024-25,1641724,Jett Howard,2912,-1.2025,-0.78,-35.017166264573916,-0.9340236680034135,1600,37.490662671779255,drbl-ability-eb1600-r1-v1,drbl-r1-points-v1,drbl-r1-wineq-v1,historical-pbp-normalized-v1,B_CANONICAL_WITH_LIMITATIONS,RETROSPECTIVE_FROZEN_V1_BACKFILL
2024-25,1630695,Micah Potter,2933,-1.2153,-0.79,-35.644408070739274,-0.9507542820140725,1600,37.490662671779255,drbl-ability-eb1600-r1-v1,drbl-r1-points-v1,drbl-r1-wineq-v1,historical-pbp-normalized-v1,B_CANONICAL_WITH_LIMITATIONS,RETROSPECTIVE_FROZEN_V1_BACKFILL
2024-25,203967,Dario Šarić,854,-2.2623,-0.79,-19.320063340540216,-0.5153300038914279,1600,37.490662671779255,drbl-ability-eb1600-r1-v1,drbl-r1-points-v1,drbl-r1-wineq-v1,historical-pbp-normalized-v1,B_CANONICAL_WITH_LIMITATIONS,RETROSPECTIVE_FROZEN_V1_BACKFILL
2024-25,1630579,Jericho Sims,2502,-1.2916,-0.79,-32.31490192852034,-0.8619453385347888,1600,37.490662671779255,drbl-ability-eb1600-r1-v1,drbl-r1-points-v1,drbl-r1-wineq-v1,historical-pbp-normalized-v1,B_CANONICAL_WITH_LIMITATIONS,RETROSPECTIVE_FROZEN_V1_BACKFILL
2024-25,204060,Joe Ingles,468,-3.4862,-0.79,-16.315409950762515,-0.43518595799705045,1600,37.490662671779255,drbl-ability-eb1600-r1-v1,drbl-r1-points-v1,drbl-r1-wineq-v1,historical-pbp-normalized-v1,B_CANONICAL_WITH_LIMITATIONS,RETROSPECTIVE_FROZEN_V1_BACKFILL
2024-25,1642275,Tidjane Salaün,4975,-1.0736,-0.81,-53.41340934769059,-1.424712329448821,1600,37.490662671779255,drbl-ability-eb1600-r1-v1,drbl-r1-points-v1,drbl-r1-wineq-v1,historical-pbp-normalized-v1,B_CANONICAL_WITH_LIMITATIONS,RETROSPECTIVE_FROZEN_V1_BACKFILL
2024-25,1631120,JD Davison,339,-4.7024,-0.82,-15.941052203292442,-0.4252005984223885,1600,37.490662671779255,drbl-ability-eb1600-r1-v1,drbl-r1-points-v1,drbl-r1-wineq-v1,historical-pbp-normalized-v1,B_CANONICAL_WITH_LIMITATIONS,RETROSPECTIVE_FROZEN_V1_BACKFILL
2024-25,1642355,Bronny James,717,-2.7841,-0.86,-19.9619820597597,-0.5324520997273781,1600,37.490662671779255,drbl-ability-eb1600-r1-v1,drbl-r1-points-v1,drbl-r1-wineq-v1,historical-pbp-normalized-v1,B_CANONICAL_WITH_LIMITATIONS,RETROSPECTIVE_FROZEN_V1_BACKFILL
2024-25,1628464,Daniel Theis,2604,-1.4079,-0.87,-36.6605067646013,-0.9778569956352666,1600,37.490662671779255,drbl-ability-eb1600-r1-v1,drbl-r1-points-v1,drbl-r1-wineq-v1,historical-pbp-normalized-v1,B_CANONICAL_WITH_LIMITATIONS,RETROSPECTIVE_FROZEN_V1_BACKFILL
2024-25,202693,Markieff Morris,634,-3.1584,-0.9,-20.024396396892737,-0.5341168965777154,1600,37.490662671779255,drbl-ability-eb1600-r1-v1,drbl-r1-points-v1,drbl-r1-wineq-v1,historical-pbp-normalized-v1,B_CANONICAL_WITH_LIMITATIONS,RETROSPECTIVE_FROZEN_V1_BACKFILL
2024-25,1630702,Jaden Hardy,3760,-1.3111,-0.92,-49.2962526912024,-1.3148941410499444,1600,37.490662671779255,drbl-ability-eb1600-r1-v1,drbl-r1-points-v1,drbl-r1-wineq-v1,historical-pbp-normalized-v1,B_CANONICAL_WITH_LIMITATIONS,RETROSPECTIVE_FROZEN_V1_BACKFILL
2024-25,1641731,Bilal Coulibaly,8214,-1.1072,-0.93,-90.9445695251399,-2.425792531898818,1600,37.490662671779255,drbl-ability-eb1600-r1-v1,drbl-r1-points-v1,drbl-r1-wineq-v1,historical-pbp-normalized-v1,B_CANONICAL_WITH_LIMITATIONS,RETROSPECTIVE_FROZEN_V1_BACKFILL
2024-25,1631115,Orlando Robinson,3152,-1.405,-0.93,-44.28609139959376,-1.1812565647960578,1600,37.490662671779255,drbl-ability-eb1600-r1-v1,drbl-r1-points-v1,drbl-r1-wineq-v1,historical-pbp-normalized-v1,B_CANONICAL_WITH_LIMITATIONS,RETROSPECTIVE_FROZEN_V1_BACKFILL
2024-25,1641878,Damion Baugh,1530,-1.9103,-0.93,-29.2281522255681,-0.779611512377169,1600,37.490662671779255,drbl-ability-eb1600-r1-v1,drbl-r1-points-v1,drbl-r1-wineq-v1,historical-pbp-normalized-v1,B_CANONICAL_WITH_LIMITATIONS,RETROSPECTIVE_FROZEN_V1_BACKFILL
2024-25,1629614,Andrew Nembhard,7546,-1.1352,-0.94,-85.66284336590957,-2.284911422235048,1600,37.490662671779255,drbl-ability-eb1600-r1-v1,drbl-r1-points-v1,drbl-r1-wineq-v1,historical-pbp-normalized-v1,B_CANONICAL_WITH_LIMITATIONS,RETROSPECTIVE_FROZEN_V1_BACKFILL
2024-25,1641725,Trey Alexander,487,-4.1035,-0.96,-19.983990919221466,-0.5330391488188931,1600,37.490662671779255,drbl-ability-eb1600-r1-v1,drbl-r1-points-v1,drbl-r1-wineq-v1,historical-pbp-normalized-v1,B_CANONICAL_WITH_LIMITATIONS,RETROSPECTIVE_FROZEN_V1_BACKFILL
2024-25,1630703,Scoot Henderson,7279,-1.171,-0.96,-85.23676895879707,-2.273546608258761,1600,37.490662671779255,drbl-ability-eb1600-r1-v1,drbl-r1-points-v1,drbl-r1-wineq-v1,historical-pbp-normalized-v1,B_CANONICAL_WITH_LIMITATIONS,RETROSPECTIVE_FROZEN_V1_BACKFILL
2024-25,1642278,Tyler Kolek,1177,-2.2729,-0.96,-26.75188138793103,-0.7135611771426024,1600,37.490662671779255,drbl-ability-eb1600-r1-v1,drbl-r1-points-v1,drbl-r1-wineq-v1,historical-pbp-normalized-v1,B_CANONICAL_WITH_LIMITATIONS,RETROSPECTIVE_FROZEN_V1_BACKFILL
2024-25,1642358,AJ Johnson,2608,-1.5694,-0.97,-40.92932111215445,-1.09172039636855,1600,37.490662671779255,drbl-ability-eb1600-r1-v1,drbl-r1-points-v1,drbl-r1-wineq-v1,historical-pbp-normalized-v1,B_CANONICAL_WITH_LIMITATIONS,RETROSPECTIVE_FROZEN_V1_BACKFILL
2024-25,1642281,Jaylon Tyson,1834,-1.8303,-0.98,-33.56697146987699,-0.895342175297003,1600,37.490662671779255,drbl-ability-eb1600-r1-v1,drbl-r1-points-v1,drbl-r1-wineq-v1,historical-pbp-normalized-v1,B_CANONICAL_WITH_LIMITATIONS,RETROSPECTIVE_FROZEN_V1_BACKFILL
2024-25,1630574,Ariel Hukporti,874,-2.8002,-0.99,-24.47348978695745,-0.6527889357735904,1600,37.490662671779255,drbl-ability-eb1600-r1-v1,drbl-r1-points-v1,drbl-r1-wineq-v1,historical-pbp-normalized-v1,B_CANONICAL_WITH_LIMITATIONS,RETROSPECTIVE_FROZEN_V1_BACKFILL
2024-25,1641718,Keyonte George,8764,-1.1746,-0.99,-102.94157857534783,-2.7457924517518904,1600,37.490662671779255,drbl-ability-eb1600-r1-v1,drbl-r1-points-v1,drbl-r1-wineq-v1,historical-pbp-normalized-v1,B_CANONICAL_WITH_LIMITATIONS,RETROSPECTIVE_FROZEN_V1_BACKFILL
2024-25,1630172,Patrick Williams,6807,-1.2736,-1.03,-86.6938449646509,-2.312411645631137,1600,37.490662671779255,drbl-ability-eb1600-r1-v1,drbl-r1-points-v1,drbl-r1-wineq-v1,historical-pbp-normalized-v1,B_CANONICAL_WITH_LIMITATIONS,RETROSPECTIVE_FROZEN_V1_BACKFILL
2024-25,1631246,Vince Williams Jr.,2150,-1.8095,-1.04,-38.903992818393085,-1.037698190586471,1600,37.490662671779255,drbl-ability-eb1600-r1-v1,drbl-r1-points-v1,drbl-r1-wineq-v1,historical-pbp-normalized-v1,B_CANONICAL_WITH_LIMITATIONS,RETROSPECTIVE_FROZEN_V1_BACKFILL
2024-25,1641720,Jalen Hood-Schifino,1247,-2.452,-1.07,-30.576414332902694,-0.8155741230980909,1600,37.490662671779255,drbl-ability-eb1600-r1-v1,drbl-r1-points-v1,drbl-r1-wineq-v1,historical-pbp-normalized-v1,B_CANONICAL_WITH_LIMITATIONS,RETROSPECTIVE_FROZEN_V1_BACKFILL
2024-25,1641748,Andre Jackson Jr.,3953,-1.5117,-1.08,-59.75685486873132,-1.5939130068701808,1600,37.490662671779255,drbl-ability-eb1600-r1-v1,drbl-r1-points-v1,drbl-r1-wineq-v1,historical-pbp-normalized-v1,B_CANONICAL_WITH_LIMITATIONS,RETROSPECTIVE_FROZEN_V1_BACKFILL
2024-25,1626156,D'Angelo Russell,6146,-1.3603,-1.08,-83.60600604123707,-2.230048766360449,1600,37.490662671779255,drbl-ability-eb1600-r1-v1,drbl-r1-points-v1,drbl-r1-wineq-v1,historical-pbp-normalized-v1,B_CANONICAL_WITH_LIMITATIONS,RETROSPECTIVE_FROZEN_V1_BACKFILL
2024-25,203458,Alex Len,1510,-2.2365,-1.09,-33.771888326379745,-0.9008079857655121,1600,37.490662671779255,drbl-ability-eb1600-r1-v1,drbl-r1-points-v1,drbl-r1-wineq-v1,historical-pbp-normalized-v1,B_CANONICAL_WITH_LIMITATIONS,RETROSPECTIVE_FROZEN_V1_BACKFILL
2024-25,1642267,Carlton Carrington,10321,-1.2643,-1.09,-130.49003379627104,-3.480600888244533,1600,37.490662671779255,drbl-ability-eb1600-r1-v1,drbl-r1-points-v1,drbl-r1-wineq-v1,historical-pbp-normalized-v1,B_CANONICAL_WITH_LIMITATIONS,RETROSPECTIVE_FROZEN_V1_BACKFILL
2024-25,1628467,Maxi Kleber,2673,-1.7742,-1.11,-47.425074152019185,-1.2649836191804091,1600,37.490662671779255,drbl-ability-eb1600-r1-v1,drbl-r1-points-v1,drbl-r1-wineq-v1,historical-pbp-normalized-v1,B_CANONICAL_WITH_LIMITATIONS,RETROSPECTIVE_FROZEN_V1_BACKFILL
2024-25,1631247,Luke Travers,347,-6.2775,-1.12,-21.78290755544117,-0.5810222066796928,1600,37.490662671779255,drbl-ability-eb1600-r1-v1,drbl-r1-points-v1,drbl-r1-wineq-v1,historical-pbp-normalized-v1,B_CANONICAL_WITH_LIMITATIONS,RETROSPECTIVE_FROZEN_V1_BACKFILL
2024-25,1641733,Nick Smith Jr.,5645,-1.4871,-1.16,-83.9458612600643,-2.2391138293550026,1600,37.490662671779255,drbl-ability-eb1600-r1-v1,drbl-r1-points-v1,drbl-r1-wineq-v1,historical-pbp-normalized-v1,B_CANONICAL_WITH_LIMITATIONS,RETROSPECTIVE_FROZEN_V1_BACKFILL
2024-25,203110,Draymond Green,8372,-1.4062,-1.18,-117.72819351807745,-3.1402003893277737,1600,37.490662671779255,drbl-ability-eb1600-r1-v1,drbl-r1-points-v1,drbl-r1-wineq-v1,historical-pbp-normalized-v1,B_CANONICAL_WITH_LIMITATIONS,RETROSPECTIVE_FROZEN_V1_BACKFILL
2024-25,1629027,Trae Young,11689,-1.3884,-1.22,-162.28819197084323,-4.328762961370756,1600,37.490662671779255,drbl-ability-eb1600-r1-v1,drbl-r1-points-v1,drbl-r1-wineq-v1,historical-pbp-normalized-v1,B_CANONICAL_WITH_LIMITATIONS,RETROSPECTIVE_FROZEN_V1_BACKFILL
2024-25,1642347,Jamal Shead,6099,-1.5499,-1.23,-94.52911587607653,-2.521404241468168,1600,37.490662671779255,drbl-ability-eb1600-r1-v1,drbl-r1-points-v1,drbl-r1-wineq-v1,historical-pbp-normalized-v1,B_CANONICAL_WITH_LIMITATIONS,RETROSPECTIVE_FROZEN_V1_BACKFILL
2024-25,1641775,Jordan Walsh,1552,-2.5139,-1.24,-39.01530968159418,-1.0406673795862933,1600,37.490662671779255,drbl-ability-eb1600-r1-v1,drbl-r1-points-v1,drbl-r1-wineq-v1,historical-pbp-normalized-v1,B_CANONICAL_WITH_LIMITATIONS,RETROSPECTIVE_FROZEN_V1_BACKFILL
2024-25,1642265,Rob Dillingham,2124,-2.1823,-1.24,-46.35164573315357,-1.2363517321352746,1600,37.490662671779255,drbl-ability-eb1600-r1-v1,drbl-r1-points-v1,drbl-r1-wineq-v1,historical-pbp-normalized-v1,B_CANONICAL_WITH_LIMITATIONS,RETROSPECTIVE_FROZEN_V1_BACKFILL
2024-25,203995,Vasilije Micić,3118,-1.9261,-1.27,-60.055120089400845,-1.6018687270259102,1600,37.490662671779255,drbl-ability-eb1600-r1-v1,drbl-r1-points-v1,drbl-r1-wineq-v1,historical-pbp-normalized-v1,B_CANONICAL_WITH_LIMITATIONS,RETROSPECTIVE_FROZEN_V1_BACKFILL
2024-25,1641794,Dillon Jones,2322,-2.1545,-1.28,-50.027147150032455,-1.3343895142106923,1600,37.490662671779255,drbl-ability-eb1600-r1-v1,drbl-r1-points-v1,drbl-r1-wineq-v1,historical-pbp-normalized-v1,B_CANONICAL_WITH_LIMITATIONS,RETROSPECTIVE_FROZEN_V1_BACKFILL
2024-25,1642354,KJ Simpson,3382,-1.8806,-1.28,-63.60173627444667,-1.696468713590445,1600,37.490662671779255,drbl-ability-eb1600-r1-v1,drbl-r1-points-v1,drbl-r1-wineq-v1,historical-pbp-normalized-v1,B_CANONICAL_WITH_LIMITATIONS,RETROSPECTIVE_FROZEN_V1_BACKFILL
2024-25,1642264,Stephon Castle,8820,-1.5299,-1.29,-134.93357112272537,-3.5991247288433597,1600,37.490662671779255,drbl-ability-eb1600-r1-v1,drbl-r1-points-v1,drbl-r1-wineq-v1,historical-pbp-normalized-v1,B_CANONICAL_WITH_LIMITATIONS,RETROSPECTIVE_FROZEN_V1_BACKFILL
2024-25,1641745,Adam Flagler,808,-3.9412,-1.32,-31.845036783383886,-0.8494124807069612,1600,37.490662671779255,drbl-ability-eb1600-r1-v1,drbl-r1-points-v1,drbl-r1-wineq-v1,historical-pbp-normalized-v1,B_CANONICAL_WITH_LIMITATIONS,RETROSPECTIVE_FROZEN_V1_BACKFILL
2024-25,1627749,Dejounte Murray,4195,-1.8513,-1.34,-77.66011377180529,-2.071452149344461,1600,37.490662671779255,drbl-ability-eb1600-r1-v1,drbl-r1-points-v1,drbl-r1-wineq-v1,historical-pbp-normalized-v1,B_CANONICAL_WITH_LIMITATIONS,RETROSPECTIVE_FROZEN_V1_BACKFILL
2024-25,1628398,Kyle Kuzma,8258,-1.6346,-1.37,-134.98481011191024,-3.6004914421936527,1600,37.490662671779255,drbl-ability-eb1600-r1-v1,drbl-r1-points-v1,drbl-r1-wineq-v1,historical-pbp-normalized-v1,B_CANONICAL_WITH_LIMITATIONS,RETROSPECTIVE_FROZEN_V1_BACKFILL
2024-25,1626179,Terry Rozier,6584,-1.7082,-1.37,-112.46672214196349,-2.999859541736555,1600,37.490662671779255,drbl-ability-eb1600-r1-v1,drbl-r1-points-v1,drbl-r1-wineq-v1,historical-pbp-normalized-v1,B_CANONICAL_WITH_LIMITATIONS,RETROSPECTIVE_FROZEN_V1_BACKFILL
2024-25,202684,Tristan Thompson,1319,-3.1646,-1.43,-41.7408058640132,-1.1133653792530374,1600,37.490662671779255,drbl-ability-eb1600-r1-v1,drbl-r1-points-v1,drbl-r1-wineq-v1,historical-pbp-normalized-v1,B_CANONICAL_WITH_LIMITATIONS,RETROSPECTIVE_FROZEN_V1_BACKFILL
2024-25,1630214,Xavier Tillman,926,-3.9823,-1.46,-36.876490480475596,-0.9836179958545792,1600,37.490662671779255,drbl-ability-eb1600-r1-v1,drbl-r1-points-v1,drbl-r1-wineq-v1,historical-pbp-normalized-v1,B_CANONICAL_WITH_LIMITATIONS,RETROSPECTIVE_FROZEN_V1_BACKFILL
2024-25,1642259,Alexandre Sarr,7695,-1.8634,-1.54,-143.39074809824695,-3.824705616798366,1600,37.490662671779255,drbl-ability-eb1600-r1-v1,drbl-r1-points-v1,drbl-r1-wineq-v1,historical-pbp-normalized-v1,B_CANONICAL_WITH_LIMITATIONS,RETROSPECTIVE_FROZEN_V1_BACKFILL
2024-25,1641713,GG Jackson,1946,-2.8466,-1.56,-55.394923955403165,-1.4775658792796207,1600,37.490662671779255,drbl-ability-eb1600-r1-v1,drbl-r1-points-v1,drbl-r1-wineq-v1,historical-pbp-normalized-v1,B_CANONICAL_WITH_LIMITATIONS,RETROSPECTIVE_FROZEN_V1_BACKFILL
2024-25,1642262,Cody Williams,4486,-2.212,-1.63,-99.2308643611496,-2.646815427881052,1600,37.490662671779255,drbl-ability-eb1600-r1-v1,drbl-r1-points-v1,drbl-r1-wineq-v1,historical-pbp-normalized-v1,B_CANONICAL_WITH_LIMITATIONS,RETROSPECTIVE_FROZEN_V1_BACKFILL
2024-25,201566,Russell Westbrook,9022,-2.0751,-1.76,-187.2133591469001,-4.9935996273499645,1600,37.490662671779255,drbl-ability-eb1600-r1-v1,drbl-r1-points-v1,drbl-r1-wineq-v1,historical-pbp-normalized-v1,B_CANONICAL_WITH_LIMITATIONS,RETROSPECTIVE_FROZEN_V1_BACKFILL
2024-25,1627732,Ben Simmons,4480,-2.4481,-1.8,-109.67669953982106,-2.9254404089896004,1600,37.490662671779255,drbl-ability-eb1600-r1-v1,drbl-r1-points-v1,drbl-r1-wineq-v1,historical-pbp-normalized-v1,B_CANONICAL_WITH_LIMITATIONS,RETROSPECTIVE_FROZEN_V1_BACKFILL
2024-25,203901,Elfrid Payton,2025,-3.5399,-1.98,-71.68241668780082,-1.9120071927071882,1600,37.490662671779255,drbl-ability-eb1600-r1-v1,drbl-r1-points-v1,drbl-r1-wineq-v1,historical-pbp-normalized-v1,B_CANONICAL_WITH_LIMITATIONS,RETROSPECTIVE_FROZEN_V1_BACKFILL
2024-25,1642268,Isaiah Collier,7772,-2.7165,-2.25,-211.13001922759972,-5.6315360727546135,1600,37.490662671779255,drbl-ability-eb1600-r1-v1,drbl-r1-points-v1,drbl-r1-wineq-v1,historical-pbp-normalized-v1,B_CANONICAL_WITH_LIMITATIONS,RETROSPECTIVE_FROZEN_V1_BACKFILL
