season,playerId,playerName,N,rawAbilityRate,validatedDRBL100,R1Points,R1WinEquivalents,k,P1,abilityModelVersion,r1PointValueVersion,r1WinEquivalentVersion,normalizationVersion,historicalSupportTier,HISTORICAL_MODEL_APPLICATION
2025-26,1628983,Shai Gilgeous-Alexander,9235,3.2533,2.77,300.4382988839116,8.01368334068055,1600,37.490662671779255,drbl-ability-eb1600-r1-v1,drbl-r1-points-v1,drbl-r1-wineq-v1,historical-pbp-normalized-v1,B_CANONICAL_WITH_LIMITATIONS,RETROSPECTIVE_FROZEN_V1_BACKFILL
2025-26,202695,Kawhi Leonard,8540,2.8679,2.42,244.9188309414472,6.53279546124981,1600,37.490662671779255,drbl-ability-eb1600-r1-v1,drbl-r1-points-v1,drbl-r1-wineq-v1,historical-pbp-normalized-v1,B_CANONICAL_WITH_LIMITATIONS,RETROSPECTIVE_FROZEN_V1_BACKFILL
2025-26,1631105,Jalen Duren,8146,2.4466,2.04,199.29685111794902,5.315906332804511,1600,37.490662671779255,drbl-ability-eb1600-r1-v1,drbl-r1-points-v1,drbl-r1-wineq-v1,historical-pbp-normalized-v1,B_CANONICAL_WITH_LIMITATIONS,RETROSPECTIVE_FROZEN_V1_BACKFILL
2025-26,203507,Giannis Antetokounmpo,4232,2.5566,1.86,108.19720957572659,2.8859775172011304,1600,37.490662671779255,drbl-ability-eb1600-r1-v1,drbl-r1-points-v1,drbl-r1-wineq-v1,historical-pbp-normalized-v1,B_CANONICAL_WITH_LIMITATIONS,RETROSPECTIVE_FROZEN_V1_BACKFILL
2025-26,1628374,Lauri Markkanen,6266,2.2942,1.83,143.75654858386574,3.8344627258903357,1600,37.490662671779255,drbl-ability-eb1600-r1-v1,drbl-r1-points-v1,drbl-r1-wineq-v1,historical-pbp-normalized-v1,B_CANONICAL_WITH_LIMITATIONS,RETROSPECTIVE_FROZEN_V1_BACKFILL
2025-26,1641705,Victor Wembanyama,7784,2.0991,1.74,163.39546203494956,4.358297517049331,1600,37.490662671779255,drbl-ability-eb1600-r1-v1,drbl-r1-points-v1,drbl-r1-wineq-v1,historical-pbp-normalized-v1,B_CANONICAL_WITH_LIMITATIONS,RETROSPECTIVE_FROZEN_V1_BACKFILL
2025-26,1642396,Blake Hinson,1218,3.8071,1.65,46.370724160261275,1.236860616901456,1600,37.490662671779255,drbl-ability-eb1600-r1-v1,drbl-r1-points-v1,drbl-r1-wineq-v1,historical-pbp-normalized-v1,B_CANONICAL_WITH_LIMITATIONS,RETROSPECTIVE_FROZEN_V1_BACKFILL
2025-26,202710,Jimmy Butler III,4853,2.185,1.64,106.03861551329138,2.828400672498941,1600,37.490662671779255,drbl-ability-eb1600-r1-v1,drbl-r1-points-v1,drbl-r1-wineq-v1,historical-pbp-normalized-v1,B_CANONICAL_WITH_LIMITATIONS,RETROSPECTIVE_FROZEN_V1_BACKFILL
2025-26,1629680,Matisse Thybulle,2049,2.6155,1.47,53.59116050721706,1.4294535409094624,1600,37.490662671779255,drbl-ability-eb1600-r1-v1,drbl-r1-points-v1,drbl-r1-wineq-v1,historical-pbp-normalized-v1,B_CANONICAL_WITH_LIMITATIONS,RETROSPECTIVE_FROZEN_V1_BACKFILL
2025-26,1630162,Anthony Edwards,8938,1.6467,1.4,147.18054367284353,3.9257920021678436,1600,37.490662671779255,drbl-ability-eb1600-r1-v1,drbl-r1-points-v1,drbl-r1-wineq-v1,historical-pbp-normalized-v1,B_CANONICAL_WITH_LIMITATIONS,RETROSPECTIVE_FROZEN_V1_BACKFILL
2025-26,1630198,Isaiah Joe,6182,1.7546,1.39,108.4663384413945,2.8931560743801286,1600,37.490662671779255,drbl-ability-eb1600-r1-v1,drbl-r1-points-v1,drbl-r1-wineq-v1,historical-pbp-normalized-v1,B_CANONICAL_WITH_LIMITATIONS,RETROSPECTIVE_FROZEN_V1_BACKFILL
2025-26,1628378,Donovan Mitchell,9900,1.603,1.38,158.70021984696638,4.2330598751039545,1600,37.490662671779255,drbl-ability-eb1600-r1-v1,drbl-r1-points-v1,drbl-r1-wineq-v1,historical-pbp-normalized-v1,B_CANONICAL_WITH_LIMITATIONS,RETROSPECTIVE_FROZEN_V1_BACKFILL
2025-26,203999,Nikola Jokić,9758,1.5916,1.37,155.308738283761,4.142597842119985,1600,37.490662671779255,drbl-ability-eb1600-r1-v1,drbl-r1-points-v1,drbl-r1-wineq-v1,historical-pbp-normalized-v1,B_CANONICAL_WITH_LIMITATIONS,RETROSPECTIVE_FROZEN_V1_BACKFILL
2025-26,1626181,Norman Powell,7564,1.6494,1.36,124.76320108210727,3.3278473142599743,1600,37.490662671779255,drbl-ability-eb1600-r1-v1,drbl-r1-points-v1,drbl-r1-wineq-v1,historical-pbp-normalized-v1,B_CANONICAL_WITH_LIMITATIONS,RETROSPECTIVE_FROZEN_V1_BACKFILL
2025-26,1630178,Tyrese Maxey,10951,1.5205,1.33,166.5119997042699,4.441425886814486,1600,37.490662671779255,drbl-ability-eb1600-r1-v1,drbl-r1-points-v1,drbl-r1-wineq-v1,historical-pbp-normalized-v1,B_CANONICAL_WITH_LIMITATIONS,RETROSPECTIVE_FROZEN_V1_BACKFILL
2025-26,1629627,Zion Williamson,7789,1.5477,1.28,120.55282888280574,3.215542758958773,1600,37.490662671779255,drbl-ability-eb1600-r1-v1,drbl-r1-points-v1,drbl-r1-wineq-v1,historical-pbp-normalized-v1,B_CANONICAL_WITH_LIMITATIONS,RETROSPECTIVE_FROZEN_V1_BACKFILL
2025-26,1629057,Robert Williams III,4265,1.7449,1.27,74.41862323906024,1.9849908733429287,1600,37.490662671779255,drbl-ability-eb1600-r1-v1,drbl-r1-points-v1,drbl-r1-wineq-v1,historical-pbp-normalized-v1,B_CANONICAL_WITH_LIMITATIONS,RETROSPECTIVE_FROZEN_V1_BACKFILL
2025-26,1629750,Javonte Green,6387,1.5778,1.26,100.77432775521427,2.6879847026836154,1600,37.490662671779255,drbl-ability-eb1600-r1-v1,drbl-r1-points-v1,drbl-r1-wineq-v1,historical-pbp-normalized-v1,B_CANONICAL_WITH_LIMITATIONS,RETROSPECTIVE_FROZEN_V1_BACKFILL
2025-26,201939,Stephen Curry,5745,1.5674,1.23,90.04773413239761,2.401870965065128,1600,37.490662671779255,drbl-ability-eb1600-r1-v1,drbl-r1-points-v1,drbl-r1-wineq-v1,historical-pbp-normalized-v1,B_CANONICAL_WITH_LIMITATIONS,RETROSPECTIVE_FROZEN_V1_BACKFILL
2025-26,201142,Kevin Durant,11517,1.3852,1.22,159.53476820492125,4.255320040662006,1600,37.490662671779255,drbl-ability-eb1600-r1-v1,drbl-r1-points-v1,drbl-r1-wineq-v1,historical-pbp-normalized-v1,B_CANONICAL_WITH_LIMITATIONS,RETROSPECTIVE_FROZEN_V1_BACKFILL
2025-26,1642504,Cormac Ryan,1075,2.9751,1.2,31.982784857996652,0.8530866775548194,1600,37.490662671779255,drbl-ability-eb1600-r1-v1,drbl-r1-points-v1,drbl-r1-wineq-v1,historical-pbp-normalized-v1,B_CANONICAL_WITH_LIMITATIONS,RETROSPECTIVE_FROZEN_V1_BACKFILL
2025-26,1629674,Neemias Queta,7536,1.4241,1.17,107.3188846285573,2.8625496851870955,1600,37.490662671779255,drbl-ability-eb1600-r1-v1,drbl-r1-points-v1,drbl-r1-wineq-v1,historical-pbp-normalized-v1,B_CANONICAL_WITH_LIMITATIONS,RETROSPECTIVE_FROZEN_V1_BACKFILL
2025-26,1642851,Kon Knueppel,10376,1.3526,1.17,140.35015142407465,3.743602844601675,1600,37.490662671779255,drbl-ability-eb1600-r1-v1,drbl-r1-points-v1,drbl-r1-wineq-v1,historical-pbp-normalized-v1,B_CANONICAL_WITH_LIMITATIONS,RETROSPECTIVE_FROZEN_V1_BACKFILL
2025-26,1630245,Ayo Dosunmu,8119,1.4009,1.17,113.73553462876626,3.0337029682427996,1600,37.490662671779255,drbl-ability-eb1600-r1-v1,drbl-r1-points-v1,drbl-r1-wineq-v1,historical-pbp-normalized-v1,B_CANONICAL_WITH_LIMITATIONS,RETROSPECTIVE_FROZEN_V1_BACKFILL
2025-26,1631096,Chet Holmgren,8379,1.36,1.14,113.95661366315493,3.0395998774632145,1600,37.490662671779255,drbl-ability-eb1600-r1-v1,drbl-r1-points-v1,drbl-r1-wineq-v1,historical-pbp-normalized-v1,B_CANONICAL_WITH_LIMITATIONS,RETROSPECTIVE_FROZEN_V1_BACKFILL
2025-26,1630541,Moses Moody,6468,1.3733,1.1,88.82356037804668,2.369218201227149,1600,37.490662671779255,drbl-ability-eb1600-r1-v1,drbl-r1-points-v1,drbl-r1-wineq-v1,historical-pbp-normalized-v1,B_CANONICAL_WITH_LIMITATIONS,RETROSPECTIVE_FROZEN_V1_BACKFILL
2025-26,1629029,Luka Dončić,9501,1.2754,1.09,121.17249612566039,3.2320713343077783,1600,37.490662671779255,drbl-ability-eb1600-r1-v1,drbl-r1-points-v1,drbl-r1-wineq-v1,historical-pbp-normalized-v1,B_CANONICAL_WITH_LIMITATIONS,RETROSPECTIVE_FROZEN_V1_BACKFILL
2025-26,1630241,Sam Merrill,5636,1.396,1.09,78.67822990282367,2.0986086746886974,1600,37.490662671779255,drbl-ability-eb1600-r1-v1,drbl-r1-points-v1,drbl-r1-wineq-v1,historical-pbp-normalized-v1,B_CANONICAL_WITH_LIMITATIONS,RETROSPECTIVE_FROZEN_V1_BACKFILL
2025-26,1631109,Mark Williams,5935,1.3747,1.08,81.58838092829454,2.1762320298944577,1600,37.490662671779255,drbl-ability-eb1600-r1-v1,drbl-r1-points-v1,drbl-r1-wineq-v1,historical-pbp-normalized-v1,B_CANONICAL_WITH_LIMITATIONS,RETROSPECTIVE_FROZEN_V1_BACKFILL
2025-26,1630572,Sandro Mamukelashvili,7199,1.3221,1.08,95.17991446383044,2.5387631927742964,1600,37.490662671779255,drbl-ability-eb1600-r1-v1,drbl-r1-points-v1,drbl-r1-wineq-v1,historical-pbp-normalized-v1,B_CANONICAL_WITH_LIMITATIONS,RETROSPECTIVE_FROZEN_V1_BACKFILL
2025-26,1629637,Jaxson Hayes,4934,1.4174,1.07,69.93605310174196,1.8654258985500853,1600,37.490662671779255,drbl-ability-eb1600-r1-v1,drbl-r1-points-v1,drbl-r1-wineq-v1,historical-pbp-normalized-v1,B_CANONICAL_WITH_LIMITATIONS,RETROSPECTIVE_FROZEN_V1_BACKFILL
2025-26,1630540,Miles McBride,4395,1.4511,1.06,63.77505458105175,1.7010916861989165,1600,37.490662671779255,drbl-ability-eb1600-r1-v1,drbl-r1-points-v1,drbl-r1-wineq-v1,historical-pbp-normalized-v1,B_CANONICAL_WITH_LIMITATIONS,RETROSPECTIVE_FROZEN_V1_BACKFILL
2025-26,1629655,Daniel Gafford,4980,1.4056,1.06,69.99928429933348,1.8671124837711868,1600,37.490662671779255,drbl-ability-eb1600-r1-v1,drbl-r1-points-v1,drbl-r1-wineq-v1,historical-pbp-normalized-v1,B_CANONICAL_WITH_LIMITATIONS,RETROSPECTIVE_FROZEN_V1_BACKFILL
2025-26,1629008,Michael Porter Jr.,6830,1.3084,1.06,89.360656569729,2.383544333479984,1600,37.490662671779255,drbl-ability-eb1600-r1-v1,drbl-r1-points-v1,drbl-r1-wineq-v1,historical-pbp-normalized-v1,B_CANONICAL_WITH_LIMITATIONS,RETROSPECTIVE_FROZEN_V1_BACKFILL
2025-26,1630194,Paul Reed,3883,1.4766,1.05,57.33469685378725,1.5293060396327804,1600,37.490662671779255,drbl-ability-eb1600-r1-v1,drbl-r1-points-v1,drbl-r1-wineq-v1,historical-pbp-normalized-v1,B_CANONICAL_WITH_LIMITATIONS,RETROSPECTIVE_FROZEN_V1_BACKFILL
2025-26,1630530,Trey Murphy III,9748,1.2165,1.04,118.58404774834972,3.163028852984579,1600,37.490662671779255,drbl-ability-eb1600-r1-v1,drbl-r1-points-v1,drbl-r1-wineq-v1,historical-pbp-normalized-v1,B_CANONICAL_WITH_LIMITATIONS,RETROSPECTIVE_FROZEN_V1_BACKFILL
2025-26,1629640,Keldon Johnson,8028,1.2403,1.03,99.56846100543765,2.6558202472208334,1600,37.490662671779255,drbl-ability-eb1600-r1-v1,drbl-r1-points-v1,drbl-r1-wineq-v1,historical-pbp-normalized-v1,B_CANONICAL_WITH_LIMITATIONS,RETROSPECTIVE_FROZEN_V1_BACKFILL
2025-26,1630217,Desmond Bane,11232,1.1471,1,128.8371262720833,3.4365123764287113,1600,37.490662671779255,drbl-ability-eb1600-r1-v1,drbl-r1-points-v1,drbl-r1-wineq-v1,historical-pbp-normalized-v1,B_CANONICAL_WITH_LIMITATIONS,RETROSPECTIVE_FROZEN_V1_BACKFILL
2025-26,1631169,Josh Minott,3365,1.4604,0.99,49.1409212602783,1.3107509379200348,1600,37.490662671779255,drbl-ability-eb1600-r1-v1,drbl-r1-points-v1,drbl-r1-wineq-v1,historical-pbp-normalized-v1,B_CANONICAL_WITH_LIMITATIONS,RETROSPECTIVE_FROZEN_V1_BACKFILL
2025-26,1628384,OG Anunoby,8823,1.1399,0.96,100.57637173145933,2.682704560652305,1600,37.490662671779255,drbl-ability-eb1600-r1-v1,drbl-r1-points-v1,drbl-r1-wineq-v1,historical-pbp-normalized-v1,B_CANONICAL_WITH_LIMITATIONS,RETROSPECTIVE_FROZEN_V1_BACKFILL
2025-26,1642266,Ja'Kobe Walter,6062,1.1995,0.95,72.71382000532124,1.9395181312720804,1600,37.490662671779255,drbl-ability-eb1600-r1-v1,drbl-r1-points-v1,drbl-r1-wineq-v1,historical-pbp-normalized-v1,B_CANONICAL_WITH_LIMITATIONS,RETROSPECTIVE_FROZEN_V1_BACKFILL
2025-26,1629011,Mitchell Robinson,4669,1.2706,0.95,59.325994885280565,1.5824205457413174,1600,37.490662671779255,drbl-ability-eb1600-r1-v1,drbl-r1-points-v1,drbl-r1-wineq-v1,historical-pbp-normalized-v1,B_CANONICAL_WITH_LIMITATIONS,RETROSPECTIVE_FROZEN_V1_BACKFILL
2025-26,1628386,Jarrett Allen,6448,1.1666,0.93,75.22545616125116,2.0065117765410005,1600,37.490662671779255,drbl-ability-eb1600-r1-v1,drbl-r1-points-v1,drbl-r1-wineq-v1,historical-pbp-normalized-v1,B_CANONICAL_WITH_LIMITATIONS,RETROSPECTIVE_FROZEN_V1_BACKFILL
2025-26,1630533,Ziaire Williams,5297,1.1988,0.92,63.50298850283495,1.693834783844358,1600,37.490662671779255,drbl-ability-eb1600-r1-v1,drbl-r1-points-v1,drbl-r1-wineq-v1,historical-pbp-normalized-v1,B_CANONICAL_WITH_LIMITATIONS,RETROSPECTIVE_FROZEN_V1_BACKFILL
2025-26,1631255,Karlo Matković,3688,1.3004,0.91,47.95697047654619,1.2791710537740202,1600,37.490662671779255,drbl-ability-eb1600-r1-v1,drbl-r1-points-v1,drbl-r1-wineq-v1,historical-pbp-normalized-v1,B_CANONICAL_WITH_LIMITATIONS,RETROSPECTIVE_FROZEN_V1_BACKFILL
2025-26,1630200,Tre Jones,7641,1.094,0.9,83.5895099107528,2.229608759987964,1600,37.490662671779255,drbl-ability-eb1600-r1-v1,drbl-r1-points-v1,drbl-r1-wineq-v1,historical-pbp-normalized-v1,B_CANONICAL_WITH_LIMITATIONS,RETROSPECTIVE_FROZEN_V1_BACKFILL
2025-26,1628379,Luke Kennard,6978,1.1112,0.9,77.53650165251244,2.0681550051895274,1600,37.490662671779255,drbl-ability-eb1600-r1-v1,drbl-r1-points-v1,drbl-r1-wineq-v1,historical-pbp-normalized-v1,B_CANONICAL_WITH_LIMITATIONS,RETROSPECTIVE_FROZEN_V1_BACKFILL
2025-26,1630568,Luka Garza,4589,1.2095,0.9,55.504880673921946,1.4804987887211374,1600,37.490662671779255,drbl-ability-eb1600-r1-v1,drbl-r1-points-v1,drbl-r1-wineq-v1,historical-pbp-normalized-v1,B_CANONICAL_WITH_LIMITATIONS,RETROSPECTIVE_FROZEN_V1_BACKFILL
2025-26,1642066,Myron Gardner,1760,1.6852,0.88,29.65914357811539,0.791107477554432,1600,37.490662671779255,drbl-ability-eb1600-r1-v1,drbl-r1-points-v1,drbl-r1-wineq-v1,historical-pbp-normalized-v1,B_CANONICAL_WITH_LIMITATIONS,RETROSPECTIVE_FROZEN_V1_BACKFILL
2025-26,1630532,Franz Wagner,4174,1.2133,0.88,50.64269396777956,1.3508081841908965,1600,37.490662671779255,drbl-ability-eb1600-r1-v1,drbl-r1-points-v1,drbl-r1-wineq-v1,historical-pbp-normalized-v1,B_CANONICAL_WITH_LIMITATIONS,RETROSPECTIVE_FROZEN_V1_BACKFILL
2025-26,1641750,Ryan Kalkbrenner,6205,1.0743,0.85,66.6585235853745,1.7780033436312417,1600,37.490662671779255,drbl-ability-eb1600-r1-v1,drbl-r1-points-v1,drbl-r1-wineq-v1,historical-pbp-normalized-v1,B_CANONICAL_WITH_LIMITATIONS,RETROSPECTIVE_FROZEN_V1_BACKFILL
2025-26,1627780,Gary Payton II,4658,1.145,0.85,53.33360884529481,1.4225837860540456,1600,37.490662671779255,drbl-ability-eb1600-r1-v1,drbl-r1-points-v1,drbl-r1-wineq-v1,historical-pbp-normalized-v1,B_CANONICAL_WITH_LIMITATIONS,RETROSPECTIVE_FROZEN_V1_BACKFILL
2025-26,1629638,Nickeil Alexander-Walker,11222,0.9703,0.85,108.88404179565678,2.9042976046837983,1600,37.490662671779255,drbl-ability-eb1600-r1-v1,drbl-r1-points-v1,drbl-r1-wineq-v1,historical-pbp-normalized-v1,B_CANONICAL_WITH_LIMITATIONS,RETROSPECTIVE_FROZEN_V1_BACKFILL
2025-26,1628963,Marvin Bagley III,5149,1.1118,0.85,57.24848067698684,1.5270063689773106,1600,37.490662671779255,drbl-ability-eb1600-r1-v1,drbl-r1-points-v1,drbl-r1-wineq-v1,historical-pbp-normalized-v1,B_CANONICAL_WITH_LIMITATIONS,RETROSPECTIVE_FROZEN_V1_BACKFILL
2025-26,1642967,John Poulakidas,1077,2.0766,0.84,22.365068076853202,0.5965503536881543,1600,37.490662671779255,drbl-ability-eb1600-r1-v1,drbl-r1-points-v1,drbl-r1-wineq-v1,historical-pbp-normalized-v1,B_CANONICAL_WITH_LIMITATIONS,RETROSPECTIVE_FROZEN_V1_BACKFILL
2025-26,203501,Tim Hardaway Jr.,8754,0.9861,0.83,86.32612673183401,2.3026033838771056,1600,37.490662671779255,drbl-ability-eb1600-r1-v1,drbl-r1-points-v1,drbl-r1-wineq-v1,historical-pbp-normalized-v1,B_CANONICAL_WITH_LIMITATIONS,RETROSPECTIVE_FROZEN_V1_BACKFILL
2025-26,1630551,Justin Champagnie,5788,1.049,0.82,60.71570804445075,1.6194887931429904,1600,37.490662671779255,drbl-ability-eb1600-r1-v1,drbl-r1-points-v1,drbl-r1-wineq-v1,historical-pbp-normalized-v1,B_CANONICAL_WITH_LIMITATIONS,RETROSPECTIVE_FROZEN_V1_BACKFILL
2025-26,1630249,Vít Krejčí,5966,1.0416,0.82,62.14111686027378,1.657509161795903,1600,37.490662671779255,drbl-ability-eb1600-r1-v1,drbl-r1-points-v1,drbl-r1-wineq-v1,historical-pbp-normalized-v1,B_CANONICAL_WITH_LIMITATIONS,RETROSPECTIVE_FROZEN_V1_BACKFILL
2025-26,202331,Paul George,4694,1.0747,0.8,50.44651260765649,1.3455753783095872,1600,37.490662671779255,drbl-ability-eb1600-r1-v1,drbl-r1-points-v1,drbl-r1-wineq-v1,historical-pbp-normalized-v1,B_CANONICAL_WITH_LIMITATIONS,RETROSPECTIVE_FROZEN_V1_BACKFILL
2025-26,1642276,Kel'el Ware,7445,0.9667,0.8,71.968263689154,1.9196316778718194,1600,37.490662671779255,drbl-ability-eb1600-r1-v1,drbl-r1-points-v1,drbl-r1-wineq-v1,historical-pbp-normalized-v1,B_CANONICAL_WITH_LIMITATIONS,RETROSPECTIVE_FROZEN_V1_BACKFILL
2025-26,1629013,Landry Shamet,4854,1.051,0.79,51.01694178791981,1.3607906116400108,1600,37.490662671779255,drbl-ability-eb1600-r1-v1,drbl-r1-points-v1,drbl-r1-wineq-v1,historical-pbp-normalized-v1,B_CANONICAL_WITH_LIMITATIONS,RETROSPECTIVE_FROZEN_V1_BACKFILL
2025-26,202699,Tobias Harris,6969,0.9409,0.77,65.56963410166739,1.7489590588385175,1600,37.490662671779255,drbl-ability-eb1600-r1-v1,drbl-r1-points-v1,drbl-r1-wineq-v1,historical-pbp-normalized-v1,B_CANONICAL_WITH_LIMITATIONS,RETROSPECTIVE_FROZEN_V1_BACKFILL
2025-26,203932,Aaron Gordon,4176,1.0368,0.75,43.298278125739444,1.1549083169002456,1600,37.490662671779255,drbl-ability-eb1600-r1-v1,drbl-r1-points-v1,drbl-r1-wineq-v1,historical-pbp-normalized-v1,B_CANONICAL_WITH_LIMITATIONS,RETROSPECTIVE_FROZEN_V1_BACKFILL
2025-26,1629012,Collin Sexton,6787,0.9109,0.74,61.821784343331224,1.6489915071537797,1600,37.490662671779255,drbl-ability-eb1600-r1-v1,drbl-r1-points-v1,drbl-r1-wineq-v1,historical-pbp-normalized-v1,B_CANONICAL_WITH_LIMITATIONS,RETROSPECTIVE_FROZEN_V1_BACKFILL
2025-26,1631103,Malaki Branham,1102,1.7969,0.73,19.802348417195823,0.5281941423804668,1600,37.490662671779255,drbl-ability-eb1600-r1-v1,drbl-r1-points-v1,drbl-r1-wineq-v1,historical-pbp-normalized-v1,B_CANONICAL_WITH_LIMITATIONS,RETROSPECTIVE_FROZEN_V1_BACKFILL
2025-26,1629048,Goga Bitadze,3878,1.0253,0.73,39.76181577424768,1.0605791666674917,1600,37.490662671779255,drbl-ability-eb1600-r1-v1,drbl-r1-points-v1,drbl-r1-wineq-v1,historical-pbp-normalized-v1,B_CANONICAL_WITH_LIMITATIONS,RETROSPECTIVE_FROZEN_V1_BACKFILL
2025-26,1629639,Tyler Herro,4431,0.9819,0.72,43.50779499320511,1.1604968248788836,1600,37.490662671779255,drbl-ability-eb1600-r1-v1,drbl-r1-points-v1,drbl-r1-wineq-v1,historical-pbp-normalized-v1,B_CANONICAL_WITH_LIMITATIONS,RETROSPECTIVE_FROZEN_V1_BACKFILL
2025-26,203924,Jerami Grant,7350,0.8718,0.72,64.07834415953421,1.7091814225990885,1600,37.490662671779255,drbl-ability-eb1600-r1-v1,drbl-r1-points-v1,drbl-r1-wineq-v1,historical-pbp-normalized-v1,B_CANONICAL_WITH_LIMITATIONS,RETROSPECTIVE_FROZEN_V1_BACKFILL
2025-26,1630573,Sam Hauser,7898,0.8518,0.71,67.2760793632132,1.794475599223127,1600,37.490662671779255,drbl-ability-eb1600-r1-v1,drbl-r1-points-v1,drbl-r1-wineq-v1,historical-pbp-normalized-v1,B_CANONICAL_WITH_LIMITATIONS,RETROSPECTIVE_FROZEN_V1_BACKFILL
2025-26,1630167,Obi Toppin,1805,1.3346,0.71,24.090103108867613,0.642562744749807,1600,37.490662671779255,drbl-ability-eb1600-r1-v1,drbl-r1-points-v1,drbl-r1-wineq-v1,historical-pbp-normalized-v1,B_CANONICAL_WITH_LIMITATIONS,RETROSPECTIVE_FROZEN_V1_BACKFILL
2025-26,1641783,Tristan da Silva,7730,0.8519,0.71,65.84811385260916,1.756387035062352,1600,37.490662671779255,drbl-ability-eb1600-r1-v1,drbl-r1-points-v1,drbl-r1-wineq-v1,historical-pbp-normalized-v1,B_CANONICAL_WITH_LIMITATIONS,RETROSPECTIVE_FROZEN_V1_BACKFILL
2025-26,1628991,Jaren Jackson Jr.,5984,0.8945,0.71,53.525343681624975,1.4276979884358159,1600,37.490662671779255,drbl-ability-eb1600-r1-v1,drbl-r1-points-v1,drbl-r1-wineq-v1,historical-pbp-normalized-v1,B_CANONICAL_WITH_LIMITATIONS,RETROSPECTIVE_FROZEN_V1_BACKFILL
2025-26,1630577,Julian Champagnie,9440,0.823,0.7,77.68701347333099,2.072169653373696,1600,37.490662671779255,drbl-ability-eb1600-r1-v1,drbl-r1-points-v1,drbl-r1-wineq-v1,historical-pbp-normalized-v1,B_CANONICAL_WITH_LIMITATIONS,RETROSPECTIVE_FROZEN_V1_BACKFILL
2025-26,1627750,Jamal Murray,10970,0.7972,0.7,87.44976142310105,2.3325744382994875,1600,37.490662671779255,drbl-ability-eb1600-r1-v1,drbl-r1-points-v1,drbl-r1-wineq-v1,historical-pbp-normalized-v1,B_CANONICAL_WITH_LIMITATIONS,RETROSPECTIVE_FROZEN_V1_BACKFILL
2025-26,1642263,Reed Sheppard,8653,0.8235,0.69,71.2550734286087,1.9006085342483232,1600,37.490662671779255,drbl-ability-eb1600-r1-v1,drbl-r1-points-v1,drbl-r1-wineq-v1,historical-pbp-normalized-v1,B_CANONICAL_WITH_LIMITATIONS,RETROSPECTIVE_FROZEN_V1_BACKFILL
2025-26,1629130,Duncan Robinson,8698,0.8176,0.69,71.11789354927686,1.89694949304831,1600,37.490662671779255,drbl-ability-eb1600-r1-v1,drbl-r1-points-v1,drbl-r1-wineq-v1,historical-pbp-normalized-v1,B_CANONICAL_WITH_LIMITATIONS,RETROSPECTIVE_FROZEN_V1_BACKFILL
2025-26,1630180,Saddiq Bey,9453,0.8011,0.69,75.72627207468418,2.019870193750574,1600,37.490662671779255,drbl-ability-eb1600-r1-v1,drbl-r1-points-v1,drbl-r1-wineq-v1,historical-pbp-normalized-v1,B_CANONICAL_WITH_LIMITATIONS,RETROSPECTIVE_FROZEN_V1_BACKFILL
2025-26,1630549,Day'Ron Sharpe,4696,0.9125,0.68,42.850358084240774,1.1429608075851905,1600,37.490662671779255,drbl-ability-eb1600-r1-v1,drbl-r1-points-v1,drbl-r1-wineq-v1,historical-pbp-normalized-v1,B_CANONICAL_WITH_LIMITATIONS,RETROSPECTIVE_FROZEN_V1_BACKFILL
2025-26,1641717,Cason Wallace,8408,0.8055,0.68,67.72621225242732,1.806482132507292,1600,37.490662671779255,drbl-ability-eb1600-r1-v1,drbl-r1-points-v1,drbl-r1-wineq-v1,historical-pbp-normalized-v1,B_CANONICAL_WITH_LIMITATIONS,RETROSPECTIVE_FROZEN_V1_BACKFILL
2025-26,1630639,A.J. Lawson,860,1.9229,0.67,16.53699790616629,0.4410964418245496,1600,37.490662671779255,drbl-ability-eb1600-r1-v1,drbl-r1-points-v1,drbl-r1-wineq-v1,historical-pbp-normalized-v1,B_CANONICAL_WITH_LIMITATIONS,RETROSPECTIVE_FROZEN_V1_BACKFILL
2025-26,1627936,Alex Caruso,4205,0.9104,0.66,38.282500535330556,1.0211209353775266,1600,37.490662671779255,drbl-ability-eb1600-r1-v1,drbl-r1-points-v1,drbl-r1-wineq-v1,historical-pbp-normalized-v1,B_CANONICAL_WITH_LIMITATIONS,RETROSPECTIVE_FROZEN_V1_BACKFILL
2025-26,1630202,Payton Pritchard,10030,0.755,0.65,75.72553129657211,2.0198504347476844,1600,37.490662671779255,drbl-ability-eb1600-r1-v1,drbl-r1-points-v1,drbl-r1-wineq-v1,historical-pbp-normalized-v1,B_CANONICAL_WITH_LIMITATIONS,RETROSPECTIVE_FROZEN_V1_BACKFILL
2025-26,1630538,Bones Hyland,4951,0.8456,0.64,41.865478556295706,1.116690812398191,1600,37.490662671779255,drbl-ability-eb1600-r1-v1,drbl-r1-points-v1,drbl-r1-wineq-v1,historical-pbp-normalized-v1,B_CANONICAL_WITH_LIMITATIONS,RETROSPECTIVE_FROZEN_V1_BACKFILL
2025-26,1629660,Ty Jerome,1421,1.3541,0.64,19.24147699427167,0.5132338460572348,1600,37.490662671779255,drbl-ability-eb1600-r1-v1,drbl-r1-points-v1,drbl-r1-wineq-v1,historical-pbp-normalized-v1,B_CANONICAL_WITH_LIMITATIONS,RETROSPECTIVE_FROZEN_V1_BACKFILL
2025-26,1629004,Svi Mykhailiuk,4971,0.8373,0.63,41.62117339370539,1.1101743855020023,1600,37.490662671779255,drbl-ability-eb1600-r1-v1,drbl-r1-points-v1,drbl-r1-wineq-v1,historical-pbp-normalized-v1,B_CANONICAL_WITH_LIMITATIONS,RETROSPECTIVE_FROZEN_V1_BACKFILL
2025-26,1631165,Keon Ellis,6005,0.7846,0.62,47.11397725338139,1.2566856357235316,1600,37.490662671779255,drbl-ability-eb1600-r1-v1,drbl-r1-points-v1,drbl-r1-wineq-v1,historical-pbp-normalized-v1,B_CANONICAL_WITH_LIMITATIONS,RETROSPECTIVE_FROZEN_V1_BACKFILL
2025-26,1631117,Walker Kessler,626,2.1994,0.62,13.768082549198422,0.36724030913335165,1600,37.490662671779255,drbl-ability-eb1600-r1-v1,drbl-r1-points-v1,drbl-r1-wineq-v1,historical-pbp-normalized-v1,B_CANONICAL_WITH_LIMITATIONS,RETROSPECTIVE_FROZEN_V1_BACKFILL
2025-26,1628973,Jalen Brunson,10268,0.7065,0.61,72.54610380774399,1.9350445854442682,1600,37.490662671779255,drbl-ability-eb1600-r1-v1,drbl-r1-points-v1,drbl-r1-wineq-v1,historical-pbp-normalized-v1,B_CANONICAL_WITH_LIMITATIONS,RETROSPECTIVE_FROZEN_V1_BACKFILL
2025-26,1629726,Garrison Mathews,832,1.7749,0.61,14.767204832406641,0.3938902057210772,1600,37.490662671779255,drbl-ability-eb1600-r1-v1,drbl-r1-points-v1,drbl-r1-wineq-v1,historical-pbp-normalized-v1,B_CANONICAL_WITH_LIMITATIONS,RETROSPECTIVE_FROZEN_V1_BACKFILL
2025-26,1628436,Luke Kornet,5861,0.7708,0.61,45.179328249082666,1.2050821465764856,1600,37.490662671779255,drbl-ability-eb1600-r1-v1,drbl-r1-points-v1,drbl-r1-wineq-v1,historical-pbp-normalized-v1,B_CANONICAL_WITH_LIMITATIONS,RETROSPECTIVE_FROZEN_V1_BACKFILL
2025-26,1630230,Naji Marshall,9293,0.7092,0.61,65.90295927988922,1.7578499440474562,1600,37.490662671779255,drbl-ability-eb1600-r1-v1,drbl-r1-points-v1,drbl-r1-wineq-v1,historical-pbp-normalized-v1,B_CANONICAL_WITH_LIMITATIONS,RETROSPECTIVE_FROZEN_V1_BACKFILL
2025-26,1628969,Mikal Bridges,10732,0.692,0.6,74.26741541161567,1.980957660359516,1600,37.490662671779255,drbl-ability-eb1600-r1-v1,drbl-r1-points-v1,drbl-r1-wineq-v1,historical-pbp-normalized-v1,B_CANONICAL_WITH_LIMITATIONS,RETROSPECTIVE_FROZEN_V1_BACKFILL
2025-26,1642854,Asa Newell,2129,1.0521,0.6,22.398939172700448,0.5974538078666995,1600,37.490662671779255,drbl-ability-eb1600-r1-v1,drbl-r1-points-v1,drbl-r1-wineq-v1,historical-pbp-normalized-v1,B_CANONICAL_WITH_LIMITATIONS,RETROSPECTIVE_FROZEN_V1_BACKFILL
2025-26,1628381,John Collins,7593,0.7257,0.6,55.09923487850837,1.4696788734007575,1600,37.490662671779255,drbl-ability-eb1600-r1-v1,drbl-r1-points-v1,drbl-r1-wineq-v1,historical-pbp-normalized-v1,B_CANONICAL_WITH_LIMITATIONS,RETROSPECTIVE_FROZEN_V1_BACKFILL
2025-26,1642955,Kadary Richmond,302,3.7365,0.59,11.284191860050043,0.3009867272509993,1600,37.490662671779255,drbl-ability-eb1600-r1-v1,drbl-r1-points-v1,drbl-r1-wineq-v1,historical-pbp-normalized-v1,B_CANONICAL_WITH_LIMITATIONS,RETROSPECTIVE_FROZEN_V1_BACKFILL
2025-26,1641744,Zach Edey,1182,1.3907,0.59,16.438332392457358,0.4384647061688552,1600,37.490662671779255,drbl-ability-eb1600-r1-v1,drbl-r1-points-v1,drbl-r1-wineq-v1,historical-pbp-normalized-v1,B_CANONICAL_WITH_LIMITATIONS,RETROSPECTIVE_FROZEN_V1_BACKFILL
2025-26,1629723,John Konchar,4616,0.7895,0.59,36.44310018765677,0.9720580430041044,1600,37.490662671779255,drbl-ability-eb1600-r1-v1,drbl-r1-points-v1,drbl-r1-wineq-v1,historical-pbp-normalized-v1,B_CANONICAL_WITH_LIMITATIONS,RETROSPECTIVE_FROZEN_V1_BACKFILL
2025-26,1641706,Brandon Miller,8072,0.7007,0.58,56.56378895479916,1.508743375650626,1600,37.490662671779255,drbl-ability-eb1600-r1-v1,drbl-r1-points-v1,drbl-r1-wineq-v1,historical-pbp-normalized-v1,B_CANONICAL_WITH_LIMITATIONS,RETROSPECTIVE_FROZEN_V1_BACKFILL
2025-26,1631323,Simone Fontecchio,5031,0.7701,0.58,38.745612173199454,1.0334736548245878,1600,37.490662671779255,drbl-ability-eb1600-r1-v1,drbl-r1-points-v1,drbl-r1-wineq-v1,historical-pbp-normalized-v1,B_CANONICAL_WITH_LIMITATIONS,RETROSPECTIVE_FROZEN_V1_BACKFILL
2025-26,203648,Thanasis Antetokounmpo,583,2.0866,0.56,12.164684663870547,0.32447238317362154,1600,37.490662671779255,drbl-ability-eb1600-r1-v1,drbl-r1-points-v1,drbl-r1-wineq-v1,historical-pbp-normalized-v1,B_CANONICAL_WITH_LIMITATIONS,RETROSPECTIVE_FROZEN_V1_BACKFILL
2025-26,1642357,David Jones Garcia,328,3.1666,0.54,10.386578432327452,0.2770444076504908,1600,37.490662671779255,drbl-ability-eb1600-r1-v1,drbl-r1-points-v1,drbl-r1-wineq-v1,historical-pbp-normalized-v1,B_CANONICAL_WITH_LIMITATIONS,RETROSPECTIVE_FROZEN_V1_BACKFILL
2025-26,1629610,DaQuan Jeffries,237,4.1537,0.54,9.844295485229491,0.262579927471906,1600,37.490662671779255,drbl-ability-eb1600-r1-v1,drbl-r1-points-v1,drbl-r1-wineq-v1,historical-pbp-normalized-v1,B_CANONICAL_WITH_LIMITATIONS,RETROSPECTIVE_FROZEN_V1_BACKFILL
2025-26,1641765,Olivier-Maxence Prosper,4206,0.7308,0.53,30.73826631054176,0.8198912507801497,1600,37.490662671779255,drbl-ability-eb1600-r1-v1,drbl-r1-points-v1,drbl-r1-wineq-v1,historical-pbp-normalized-v1,B_CANONICAL_WITH_LIMITATIONS,RETROSPECTIVE_FROZEN_V1_BACKFILL
2025-26,1628960,Grayson Allen,6039,0.6696,0.53,40.438612422417904,1.0786315722516606,1600,37.490662671779255,drbl-ability-eb1600-r1-v1,drbl-r1-points-v1,drbl-r1-wineq-v1,historical-pbp-normalized-v1,B_CANONICAL_WITH_LIMITATIONS,RETROSPECTIVE_FROZEN_V1_BACKFILL
2025-26,1629661,Cameron Johnson,6872,0.6496,0.53,44.64134899597777,1.1907324601541687,1600,37.490662671779255,drbl-ability-eb1600-r1-v1,drbl-r1-points-v1,drbl-r1-wineq-v1,historical-pbp-normalized-v1,B_CANONICAL_WITH_LIMITATIONS,RETROSPECTIVE_FROZEN_V1_BACKFILL
2025-26,1630695,Micah Potter,3937,0.7283,0.52,28.67338167784755,0.7648139465785215,1600,37.490662671779255,drbl-ability-eb1600-r1-v1,drbl-r1-points-v1,drbl-r1-wineq-v1,historical-pbp-normalized-v1,B_CANONICAL_WITH_LIMITATIONS,RETROSPECTIVE_FROZEN_V1_BACKFILL
2025-26,203497,Rudy Gobert,9903,0.6009,0.52,59.50303371699919,1.5871427570628018,1600,37.490662671779255,drbl-ability-eb1600-r1-v1,drbl-r1-points-v1,drbl-r1-wineq-v1,historical-pbp-normalized-v1,B_CANONICAL_WITH_LIMITATIONS,RETROSPECTIVE_FROZEN_V1_BACKFILL
2025-26,1631121,Bryce McGowens,3675,0.728,0.51,26.75263710506714,0.7135813346186846,1600,37.490662671779255,drbl-ability-eb1600-r1-v1,drbl-r1-points-v1,drbl-r1-wineq-v1,historical-pbp-normalized-v1,B_CANONICAL_WITH_LIMITATIONS,RETROSPECTIVE_FROZEN_V1_BACKFILL
2025-26,1629312,Haywood Highsmith,359,2.7658,0.51,9.929184067177289,0.26484418678070976,1600,37.490662671779255,drbl-ability-eb1600-r1-v1,drbl-r1-points-v1,drbl-r1-wineq-v1,historical-pbp-normalized-v1,B_CANONICAL_WITH_LIMITATIONS,RETROSPECTIVE_FROZEN_V1_BACKFILL
2025-26,1642928,Dylan Cardwell,3770,0.7085,0.5,26.71008845396958,0.7124464213345406,1600,37.490662671779255,drbl-ability-eb1600-r1-v1,drbl-r1-points-v1,drbl-r1-wineq-v1,historical-pbp-normalized-v1,B_CANONICAL_WITH_LIMITATIONS,RETROSPECTIVE_FROZEN_V1_BACKFILL
2025-26,1641810,Antonio Reeves,254,3.6253,0.5,9.20820642090788,0.2456133278177361,1600,37.490662671779255,drbl-ability-eb1600-r1-v1,drbl-r1-points-v1,drbl-r1-wineq-v1,historical-pbp-normalized-v1,B_CANONICAL_WITH_LIMITATIONS,RETROSPECTIVE_FROZEN_V1_BACKFILL
2025-26,1642867,Collin Murray-Boyles,5202,0.6474,0.5,33.67522198856102,0.8982295747444797,1600,37.490662671779255,drbl-ability-eb1600-r1-v1,drbl-r1-points-v1,drbl-r1-wineq-v1,historical-pbp-normalized-v1,B_CANONICAL_WITH_LIMITATIONS,RETROSPECTIVE_FROZEN_V1_BACKFILL
2025-26,1630188,Jalen Smith,4730,0.6589,0.49,31.168100811026722,0.8313563588858145,1600,37.490662671779255,drbl-ability-eb1600-r1-v1,drbl-r1-points-v1,drbl-r1-wineq-v1,historical-pbp-normalized-v1,B_CANONICAL_WITH_LIMITATIONS,RETROSPECTIVE_FROZEN_V1_BACKFILL
2025-26,1631159,Leonard Miller,3086,0.735,0.48,22.683418679027675,0.6050418174150441,1600,37.490662671779255,drbl-ability-eb1600-r1-v1,drbl-r1-points-v1,drbl-r1-wineq-v1,historical-pbp-normalized-v1,B_CANONICAL_WITH_LIMITATIONS,RETROSPECTIVE_FROZEN_V1_BACKFILL
2025-26,1630692,Jordan Goodwin,6325,0.6012,0.48,38.02448353559884,1.0142387684233016,1600,37.490662671779255,drbl-ability-eb1600-r1-v1,drbl-r1-points-v1,drbl-r1-wineq-v1,historical-pbp-normalized-v1,B_CANONICAL_WITH_LIMITATIONS,RETROSPECTIVE_FROZEN_V1_BACKFILL
2025-26,1642364,Jamir Watkins,4360,0.6465,0.47,28.188377821949537,0.751877289252827,1600,37.490662671779255,drbl-ability-eb1600-r1-v1,drbl-r1-points-v1,drbl-r1-wineq-v1,historical-pbp-normalized-v1,B_CANONICAL_WITH_LIMITATIONS,RETROSPECTIVE_FROZEN_V1_BACKFILL
2025-26,1626171,Bobby Portis,6650,0.5833,0.47,38.79023429102178,1.0346638743257202,1600,37.490662671779255,drbl-ability-eb1600-r1-v1,drbl-r1-points-v1,drbl-r1-wineq-v1,historical-pbp-normalized-v1,B_CANONICAL_WITH_LIMITATIONS,RETROSPECTIVE_FROZEN_V1_BACKFILL
2025-26,1627751,Jakob Poeltl,4662,0.6306,0.47,29.397181626816483,0.7841200856912283,1600,37.490662671779255,drbl-ability-eb1600-r1-v1,drbl-r1-points-v1,drbl-r1-wineq-v1,historical-pbp-normalized-v1,B_CANONICAL_WITH_LIMITATIONS,RETROSPECTIVE_FROZEN_V1_BACKFILL
2025-26,1629028,Deandre Ayton,8061,0.5565,0.46,44.86301427852084,1.1966450065522864,1600,37.490662671779255,drbl-ability-eb1600-r1-v1,drbl-r1-points-v1,drbl-r1-wineq-v1,historical-pbp-normalized-v1,B_CANONICAL_WITH_LIMITATIONS,RETROSPECTIVE_FROZEN_V1_BACKFILL
2025-26,1642419,Jamison Battle,2138,0.8101,0.46,17.320240688706154,0.46198811795726946,1600,37.490662671779255,drbl-ability-eb1600-r1-v1,drbl-r1-points-v1,drbl-r1-wineq-v1,historical-pbp-normalized-v1,B_CANONICAL_WITH_LIMITATIONS,RETROSPECTIVE_FROZEN_V1_BACKFILL
2025-26,1629731,Dean Wade,5515,0.595,0.46,32.8115223164499,0.8751918471995553,1600,37.490662671779255,drbl-ability-eb1600-r1-v1,drbl-r1-points-v1,drbl-r1-wineq-v1,historical-pbp-normalized-v1,B_CANONICAL_WITH_LIMITATIONS,RETROSPECTIVE_FROZEN_V1_BACKFILL
2025-26,1641775,Jordan Walsh,4729,0.6047,0.45,28.595603859497256,0.7627393548586787,1600,37.490662671779255,drbl-ability-eb1600-r1-v1,drbl-r1-points-v1,drbl-r1-wineq-v1,historical-pbp-normalized-v1,B_CANONICAL_WITH_LIMITATIONS,RETROSPECTIVE_FROZEN_V1_BACKFILL
2025-26,1630264,Anthony Gill,4022,0.6315,0.45,25.399688526925,0.677493720217551,1600,37.490662671779255,drbl-ability-eb1600-r1-v1,drbl-r1-points-v1,drbl-r1-wineq-v1,historical-pbp-normalized-v1,B_CANONICAL_WITH_LIMITATIONS,RETROSPECTIVE_FROZEN_V1_BACKFILL
2025-26,1630596,Evan Mobley,8779,0.5335,0.45,46.83217194265377,1.2491689558185977,1600,37.490662671779255,drbl-ability-eb1600-r1-v1,drbl-r1-points-v1,drbl-r1-wineq-v1,historical-pbp-normalized-v1,B_CANONICAL_WITH_LIMITATIONS,RETROSPECTIVE_FROZEN_V1_BACKFILL
2025-26,1630170,Devin Vassell,8333,0.5338,0.45,44.483173683421704,1.1865134012930103,1600,37.490662671779255,drbl-ability-eb1600-r1-v1,drbl-r1-points-v1,drbl-r1-wineq-v1,historical-pbp-normalized-v1,B_CANONICAL_WITH_LIMITATIONS,RETROSPECTIVE_FROZEN_V1_BACKFILL
2025-26,1642349,Ajay Mitchell,6235,0.5581,0.44,34.79950189625593,0.9282178392234963,1600,37.490662671779255,drbl-ability-eb1600-r1-v1,drbl-r1-points-v1,drbl-r1-wineq-v1,historical-pbp-normalized-v1,B_CANONICAL_WITH_LIMITATIONS,RETROSPECTIVE_FROZEN_V1_BACKFILL
2025-26,1629646,Charles Bassey,564,1.6925,0.44,9.545850598244868,0.2546194150211812,1600,37.490662671779255,drbl-ability-eb1600-r1-v1,drbl-r1-points-v1,drbl-r1-wineq-v1,historical-pbp-normalized-v1,B_CANONICAL_WITH_LIMITATIONS,RETROSPECTIVE_FROZEN_V1_BACKFILL
2025-26,1630604,E.J. Liddell,1413,0.931,0.44,13.154448907866769,0.35087266989731436,1600,37.490662671779255,drbl-ability-eb1600-r1-v1,drbl-r1-points-v1,drbl-r1-wineq-v1,historical-pbp-normalized-v1,B_CANONICAL_WITH_LIMITATIONS,RETROSPECTIVE_FROZEN_V1_BACKFILL
2025-26,1630559,Austin Reaves,7310,0.5256,0.43,38.421179657776946,1.0248199663511983,1600,37.490662671779255,drbl-ability-eb1600-r1-v1,drbl-r1-points-v1,drbl-r1-wineq-v1,historical-pbp-normalized-v1,B_CANONICAL_WITH_LIMITATIONS,RETROSPECTIVE_FROZEN_V1_BACKFILL
2025-26,1630543,Isaiah Jackson,3814,0.6053,0.43,23.08550000331102,0.6157666564984036,1600,37.490662671779255,drbl-ability-eb1600-r1-v1,drbl-r1-points-v1,drbl-r1-wineq-v1,historical-pbp-normalized-v1,B_CANONICAL_WITH_LIMITATIONS,RETROSPECTIVE_FROZEN_V1_BACKFILL
2025-26,1627884,Derrick Jones Jr.,5548,0.5448,0.42,30.22744866550295,0.8062660543009388,1600,37.490662671779255,drbl-ability-eb1600-r1-v1,drbl-r1-points-v1,drbl-r1-wineq-v1,historical-pbp-normalized-v1,B_CANONICAL_WITH_LIMITATIONS,RETROSPECTIVE_FROZEN_V1_BACKFILL
2025-26,1631248,Baylor Scheierman,5523,0.5437,0.42,30.029385286826734,0.8009830487587266,1600,37.490662671779255,drbl-ability-eb1600-r1-v1,drbl-r1-points-v1,drbl-r1-wineq-v1,historical-pbp-normalized-v1,B_CANONICAL_WITH_LIMITATIONS,RETROSPECTIVE_FROZEN_V1_BACKFILL
2025-26,201950,Jrue Holiday,6537,0.5238,0.42,34.24161903533069,0.9133372577355308,1600,37.490662671779255,drbl-ability-eb1600-r1-v1,drbl-r1-points-v1,drbl-r1-wineq-v1,historical-pbp-normalized-v1,B_CANONICAL_WITH_LIMITATIONS,RETROSPECTIVE_FROZEN_V1_BACKFILL
2025-26,1631214,Alondes Williams,454,1.9014,0.42,8.632295090095024,0.23025186739611575,1600,37.490662671779255,drbl-ability-eb1600-r1-v1,drbl-r1-points-v1,drbl-r1-wineq-v1,historical-pbp-normalized-v1,B_CANONICAL_WITH_LIMITATIONS,RETROSPECTIVE_FROZEN_V1_BACKFILL
2025-26,1630193,Immanuel Quickley,9153,0.4907,0.42,44.91103567209335,1.197925895983154,1600,37.490662671779255,drbl-ability-eb1600-r1-v1,drbl-r1-points-v1,drbl-r1-wineq-v1,historical-pbp-normalized-v1,B_CANONICAL_WITH_LIMITATIONS,RETROSPECTIVE_FROZEN_V1_BACKFILL
2025-26,1629599,Amir Coffey,1942,0.7385,0.4,14.340793406782165,0.3825164023461517,1600,37.490662671779255,drbl-ability-eb1600-r1-v1,drbl-r1-points-v1,drbl-r1-wineq-v1,historical-pbp-normalized-v1,B_CANONICAL_WITH_LIMITATIONS,RETROSPECTIVE_FROZEN_V1_BACKFILL
2025-26,1631245,Quenton Jackson,3872,0.572,0.4,22.147676630057266,0.5907518046281087,1600,37.490662671779255,drbl-ability-eb1600-r1-v1,drbl-r1-points-v1,drbl-r1-wineq-v1,historical-pbp-normalized-v1,B_CANONICAL_WITH_LIMITATIONS,RETROSPECTIVE_FROZEN_V1_BACKFILL
2025-26,1627783,Pascal Siakam,8690,0.4739,0.4,41.18472873220295,1.0985329625342783,1600,37.490662671779255,drbl-ability-eb1600-r1-v1,drbl-r1-points-v1,drbl-r1-wineq-v1,historical-pbp-normalized-v1,B_CANONICAL_WITH_LIMITATIONS,RETROSPECTIVE_FROZEN_V1_BACKFILL
2025-26,1641708,Amen Thompson,12012,0.4367,0.39,52.45725824435375,1.3992086163854462,1600,37.490662671779255,drbl-ability-eb1600-r1-v1,drbl-r1-points-v1,drbl-r1-wineq-v1,historical-pbp-normalized-v1,B_CANONICAL_WITH_LIMITATIONS,RETROSPECTIVE_FROZEN_V1_BACKFILL
2025-26,1642914,Javon Small,3518,0.5602,0.39,19.708672334513984,0.5256954913562918,1600,37.490662671779255,drbl-ability-eb1600-r1-v1,drbl-r1-points-v1,drbl-r1-wineq-v1,historical-pbp-normalized-v1,B_CANONICAL_WITH_LIMITATIONS,RETROSPECTIVE_FROZEN_V1_BACKFILL
2025-26,1642270,Donovan Clingan,8850,0.4508,0.38,39.898699805818175,1.0642303166289868,1600,37.490662671779255,drbl-ability-eb1600-r1-v1,drbl-r1-points-v1,drbl-r1-wineq-v1,historical-pbp-normalized-v1,B_CANONICAL_WITH_LIMITATIONS,RETROSPECTIVE_FROZEN_V1_BACKFILL
2025-26,1628988,Aaron Holiday,3075,0.5772,0.38,17.750267756055024,0.4734583624582441,1600,37.490662671779255,drbl-ability-eb1600-r1-v1,drbl-r1-points-v1,drbl-r1-wineq-v1,historical-pbp-normalized-v1,B_CANONICAL_WITH_LIMITATIONS,RETROSPECTIVE_FROZEN_V1_BACKFILL
2025-26,1642862,Liam McNeeley,1448,0.7901,0.38,11.440382042266013,0.3051528361187825,1600,37.490662671779255,drbl-ability-eb1600-r1-v1,drbl-r1-points-v1,drbl-r1-wineq-v1,historical-pbp-normalized-v1,B_CANONICAL_WITH_LIMITATIONS,RETROSPECTIVE_FROZEN_V1_BACKFILL
2025-26,1631342,Daeqwon Plowden,3529,0.5417,0.37,19.116352953215962,0.5098963739471487,1600,37.490662671779255,drbl-ability-eb1600-r1-v1,drbl-r1-points-v1,drbl-r1-wineq-v1,historical-pbp-normalized-v1,B_CANONICAL_WITH_LIMITATIONS,RETROSPECTIVE_FROZEN_V1_BACKFILL
2025-26,1631131,Oscar Tshiebwe,1953,0.6701,0.37,13.086797563173887,0.3490681847302969,1600,37.490662671779255,drbl-ability-eb1600-r1-v1,drbl-r1-points-v1,drbl-r1-wineq-v1,historical-pbp-normalized-v1,B_CANONICAL_WITH_LIMITATIONS,RETROSPECTIVE_FROZEN_V1_BACKFILL
2025-26,203897,Zach LaVine,4990,0.4801,0.36,23.957423856518005,0.6390237501603762,1600,37.490662671779255,drbl-ability-eb1600-r1-v1,drbl-r1-points-v1,drbl-r1-wineq-v1,historical-pbp-normalized-v1,B_CANONICAL_WITH_LIMITATIONS,RETROSPECTIVE_FROZEN_V1_BACKFILL
2025-26,1630182,Josh Green,3573,0.5137,0.35,18.353414978522103,0.48954629421201096,1600,37.490662671779255,drbl-ability-eb1600-r1-v1,drbl-r1-points-v1,drbl-r1-wineq-v1,historical-pbp-normalized-v1,B_CANONICAL_WITH_LIMITATIONS,RETROSPECTIVE_FROZEN_V1_BACKFILL
2025-26,1641739,Toumani Camara,11640,0.3927,0.35,45.709028990341,1.2192110177008966,1600,37.490662671779255,drbl-ability-eb1600-r1-v1,drbl-r1-points-v1,drbl-r1-wineq-v1,historical-pbp-normalized-v1,B_CANONICAL_WITH_LIMITATIONS,RETROSPECTIVE_FROZEN_V1_BACKFILL
2025-26,1631223,David Roddy,311,2.09,0.34,6.4999244163732195,0.17337448722308066,1600,37.490662671779255,drbl-ability-eb1600-r1-v1,drbl-r1-points-v1,drbl-r1-wineq-v1,historical-pbp-normalized-v1,B_CANONICAL_WITH_LIMITATIONS,RETROSPECTIVE_FROZEN_V1_BACKFILL
2025-26,1642864,Hugo González,4219,0.4568,0.33,19.27318729112071,0.5140796645781464,1600,37.490662671779255,drbl-ability-eb1600-r1-v1,drbl-r1-points-v1,drbl-r1-wineq-v1,historical-pbp-normalized-v1,B_CANONICAL_WITH_LIMITATIONS,RETROSPECTIVE_FROZEN_V1_BACKFILL
2025-26,1642400,Tristan Enaruna,355,1.8117,0.33,6.431568207668586,0.17155120100103988,1600,37.490662671779255,drbl-ability-eb1600-r1-v1,drbl-r1-points-v1,drbl-r1-wineq-v1,historical-pbp-normalized-v1,B_CANONICAL_WITH_LIMITATIONS,RETROSPECTIVE_FROZEN_V1_BACKFILL
2025-26,1642844,Dylan Harper,6400,0.411,0.33,26.302614608461795,0.7015777458705963,1600,37.490662671779255,drbl-ability-eb1600-r1-v1,drbl-r1-points-v1,drbl-r1-wineq-v1,historical-pbp-normalized-v1,B_CANONICAL_WITH_LIMITATIONS,RETROSPECTIVE_FROZEN_V1_BACKFILL
2025-26,1630696,Dru Smith,4993,0.4249,0.32,21.21471126263429,0.5658665318445668,1600,37.490662671779255,drbl-ability-eb1600-r1-v1,drbl-r1-points-v1,drbl-r1-wineq-v1,historical-pbp-normalized-v1,B_CANONICAL_WITH_LIMITATIONS,RETROSPECTIVE_FROZEN_V1_BACKFILL
2025-26,203552,Seth Curry,539,1.2685,0.32,6.837074293210829,0.18236738979696332,1600,37.490662671779255,drbl-ability-eb1600-r1-v1,drbl-r1-points-v1,drbl-r1-wineq-v1,historical-pbp-normalized-v1,B_CANONICAL_WITH_LIMITATIONS,RETROSPECTIVE_FROZEN_V1_BACKFILL
2025-26,201569,Eric Gordon,309,1.9653,0.32,6.072726402787621,0.16197970294504316,1600,37.490662671779255,drbl-ability-eb1600-r1-v1,drbl-r1-points-v1,drbl-r1-wineq-v1,historical-pbp-normalized-v1,B_CANONICAL_WITH_LIMITATIONS,RETROSPECTIVE_FROZEN_V1_BACKFILL
2025-26,1629060,Rui Hachimura,8095,0.3786,0.32,30.651281164114632,0.8175710691608312,1600,37.490662671779255,drbl-ability-eb1600-r1-v1,drbl-r1-points-v1,drbl-r1-wineq-v1,historical-pbp-normalized-v1,B_CANONICAL_WITH_LIMITATIONS,RETROSPECTIVE_FROZEN_V1_BACKFILL
2025-26,1641757,Jordan Miller,5199,0.4118,0.31,21.407487328492746,0.5710085072624504,1600,37.490662671779255,drbl-ability-eb1600-r1-v1,drbl-r1-points-v1,drbl-r1-wineq-v1,historical-pbp-normalized-v1,B_CANONICAL_WITH_LIMITATIONS,RETROSPECTIVE_FROZEN_V1_BACKFILL
2025-26,1641740,Jaylen Clark,3720,0.4457,0.31,16.57944173050792,0.4422285590323251,1600,37.490662671779255,drbl-ability-eb1600-r1-v1,drbl-r1-points-v1,drbl-r1-wineq-v1,historical-pbp-normalized-v1,B_CANONICAL_WITH_LIMITATIONS,RETROSPECTIVE_FROZEN_V1_BACKFILL
2025-26,1631216,Caleb Houstan,317,1.8836,0.31,5.970972735811141,0.15926559602548007,1600,37.490662671779255,drbl-ability-eb1600-r1-v1,drbl-r1-points-v1,drbl-r1-wineq-v1,historical-pbp-normalized-v1,B_CANONICAL_WITH_LIMITATIONS,RETROSPECTIVE_FROZEN_V1_BACKFILL
2025-26,1626157,Karl-Anthony Towns,9409,0.3615,0.31,34.013369263298074,0.9072490812199305,1600,37.490662671779255,drbl-ability-eb1600-r1-v1,drbl-r1-points-v1,drbl-r1-wineq-v1,historical-pbp-normalized-v1,B_CANONICAL_WITH_LIMITATIONS,RETROSPECTIVE_FROZEN_V1_BACKFILL
2025-26,201959,Taj Gibson,400,1.5417,0.31,6.166955227622638,0.16449309743102394,1600,37.490662671779255,drbl-ability-eb1600-r1-v1,drbl-r1-points-v1,drbl-r1-wineq-v1,historical-pbp-normalized-v1,B_CANONICAL_WITH_LIMITATIONS,RETROSPECTIVE_FROZEN_V1_BACKFILL
2025-26,1630183,Jaden McDaniels,9895,0.3513,0.3,34.762197696050286,0.927222812794323,1600,37.490662671779255,drbl-ability-eb1600-r1-v1,drbl-r1-points-v1,drbl-r1-wineq-v1,historical-pbp-normalized-v1,B_CANONICAL_WITH_LIMITATIONS,RETROSPECTIVE_FROZEN_V1_BACKFILL
2025-26,1641871,Duop Reath,1043,0.7612,0.3,7.939318800272731,0.2117678972436243,1600,37.490662671779255,drbl-ability-eb1600-r1-v1,drbl-r1-points-v1,drbl-r1-wineq-v1,historical-pbp-normalized-v1,B_CANONICAL_WITH_LIMITATIONS,RETROSPECTIVE_FROZEN_V1_BACKFILL
2025-26,204456,T.J. McConnell,4103,0.4153,0.3,17.041653268616205,0.4545572698410623,1600,37.490662671779255,drbl-ability-eb1600-r1-v1,drbl-r1-points-v1,drbl-r1-wineq-v1,historical-pbp-normalized-v1,B_CANONICAL_WITH_LIMITATIONS,RETROSPECTIVE_FROZEN_V1_BACKFILL
2025-26,1631221,Collin Gillespie,9235,0.3488,0.3,32.2088803498054,0.8591173922900629,1600,37.490662671779255,drbl-ability-eb1600-r1-v1,drbl-r1-points-v1,drbl-r1-wineq-v1,historical-pbp-normalized-v1,B_CANONICAL_WITH_LIMITATIONS,RETROSPECTIVE_FROZEN_V1_BACKFILL
2025-26,1628380,Zach Collins,748,0.9171,0.29,6.860237669168765,0.18298523366280067,1600,37.490662671779255,drbl-ability-eb1600-r1-v1,drbl-r1-points-v1,drbl-r1-wineq-v1,historical-pbp-normalized-v1,B_CANONICAL_WITH_LIMITATIONS,RETROSPECTIVE_FROZEN_V1_BACKFILL
2025-26,1643052,Chaney Johnson,1434,0.6178,0.29,8.859027380902226,0.2362995676673055,1600,37.490662671779255,drbl-ability-eb1600-r1-v1,drbl-r1-points-v1,drbl-r1-wineq-v1,historical-pbp-normalized-v1,B_CANONICAL_WITH_LIMITATIONS,RETROSPECTIVE_FROZEN_V1_BACKFILL
2025-26,1641718,Keyonte George,7785,0.3469,0.29,27.006903880163804,0.7203634706754063,1600,37.490662671779255,drbl-ability-eb1600-r1-v1,drbl-r1-points-v1,drbl-r1-wineq-v1,historical-pbp-normalized-v1,B_CANONICAL_WITH_LIMITATIONS,RETROSPECTIVE_FROZEN_V1_BACKFILL
2025-26,1630643,Jay Huff,7232,0.346,0.28,25.020698091830525,0.6673847915380974,1600,37.490662671779255,drbl-ability-eb1600-r1-v1,drbl-r1-points-v1,drbl-r1-wineq-v1,historical-pbp-normalized-v1,B_CANONICAL_WITH_LIMITATIONS,RETROSPECTIVE_FROZEN_V1_BACKFILL
2025-26,1641709,Ausar Thompson,7625,0.3414,0.28,26.029849084132362,0.6943021869743072,1600,37.490662671779255,drbl-ability-eb1600-r1-v1,drbl-r1-points-v1,drbl-r1-wineq-v1,historical-pbp-normalized-v1,B_CANONICAL_WITH_LIMITATIONS,RETROSPECTIVE_FROZEN_V1_BACKFILL
2025-26,1642362,Payton Sandfort,265,1.9797,0.28,5.246254635279998,0.13993496677318182,1600,37.490662671779255,drbl-ability-eb1600-r1-v1,drbl-r1-points-v1,drbl-r1-wineq-v1,historical-pbp-normalized-v1,B_CANONICAL_WITH_LIMITATIONS,RETROSPECTIVE_FROZEN_V1_BACKFILL
2025-26,1626192,Pat Connaughton,1098,0.6903,0.28,7.580005508298252,0.20218382306707078,1600,37.490662671779255,drbl-ability-eb1600-r1-v1,drbl-r1-points-v1,drbl-r1-wineq-v1,historical-pbp-normalized-v1,B_CANONICAL_WITH_LIMITATIONS,RETROSPECTIVE_FROZEN_V1_BACKFILL
2025-26,203084,Harrison Barnes,8147,0.3342,0.28,27.225493045070547,0.7261939668397561,1600,37.490662671779255,drbl-ability-eb1600-r1-v1,drbl-r1-points-v1,drbl-r1-wineq-v1,historical-pbp-normalized-v1,B_CANONICAL_WITH_LIMITATIONS,RETROSPECTIVE_FROZEN_V1_BACKFILL
2025-26,1630191,Isaiah Stewart,5465,0.3591,0.28,19.626956329205292,0.5235158551619654,1600,37.490662671779255,drbl-ability-eb1600-r1-v1,drbl-r1-points-v1,drbl-r1-wineq-v1,historical-pbp-normalized-v1,B_CANONICAL_WITH_LIMITATIONS,RETROSPECTIVE_FROZEN_V1_BACKFILL
2025-26,1642285,Cam Spencer,6894,0.341,0.28,23.506848900928468,0.6270054255035356,1600,37.490662671779255,drbl-ability-eb1600-r1-v1,drbl-r1-points-v1,drbl-r1-wineq-v1,historical-pbp-normalized-v1,B_CANONICAL_WITH_LIMITATIONS,RETROSPECTIVE_FROZEN_V1_BACKFILL
2025-26,1642886,Koby Brea,328,1.6108,0.27,5.283305752451285,0.14092324264058004,1600,37.490662671779255,drbl-ability-eb1600-r1-v1,drbl-r1-points-v1,drbl-r1-wineq-v1,historical-pbp-normalized-v1,B_CANONICAL_WITH_LIMITATIONS,RETROSPECTIVE_FROZEN_V1_BACKFILL
2025-26,203468,CJ McCollum,9636,0.3181,0.27,30.653680776987148,0.8176350747745363,1600,37.490662671779255,drbl-ability-eb1600-r1-v1,drbl-r1-points-v1,drbl-r1-wineq-v1,historical-pbp-normalized-v1,B_CANONICAL_WITH_LIMITATIONS,RETROSPECTIVE_FROZEN_V1_BACKFILL
2025-26,1627746,Skal Labissiere,155,3.0614,0.27,4.745104286064612,0.12656762905491253,1600,37.490662671779255,drbl-ability-eb1600-r1-v1,drbl-r1-points-v1,drbl-r1-wineq-v1,historical-pbp-normalized-v1,B_CANONICAL_WITH_LIMITATIONS,RETROSPECTIVE_FROZEN_V1_BACKFILL
2025-26,1628978,Donte DiVincenzo,10628,0.3071,0.27,32.64272316702759,0.870689415463416,1600,37.490662671779255,drbl-ability-eb1600-r1-v1,drbl-r1-points-v1,drbl-r1-wineq-v1,historical-pbp-normalized-v1,B_CANONICAL_WITH_LIMITATIONS,RETROSPECTIVE_FROZEN_V1_BACKFILL
2025-26,1642949,Yanic Konan Niederhäuser,1691,0.5158,0.27,8.721634953179914,0.2326348570985661,1600,37.490662671779255,drbl-ability-eb1600-r1-v1,drbl-r1-points-v1,drbl-r1-wineq-v1,historical-pbp-normalized-v1,B_CANONICAL_WITH_LIMITATIONS,RETROSPECTIVE_FROZEN_V1_BACKFILL
2025-26,1642875,Maxime Raynaud,8186,0.3162,0.26,25.881228274747208,0.6903379783209076,1600,37.490662671779255,drbl-ability-eb1600-r1-v1,drbl-r1-points-v1,drbl-r1-wineq-v1,historical-pbp-normalized-v1,B_CANONICAL_WITH_LIMITATIONS,RETROSPECTIVE_FROZEN_V1_BACKFILL
2025-26,1642281,Jaylon Tyson,7513,0.3188,0.26,23.950921904074118,0.6388503215789502,1600,37.490662671779255,drbl-ability-eb1600-r1-v1,drbl-r1-points-v1,drbl-r1-wineq-v1,historical-pbp-normalized-v1,B_CANONICAL_WITH_LIMITATIONS,RETROSPECTIVE_FROZEN_V1_BACKFILL
2025-26,1642843,Cooper Flagg,9629,0.3064,0.26,29.50590709388089,0.787020153583233,1600,37.490662671779255,drbl-ability-eb1600-r1-v1,drbl-r1-points-v1,drbl-r1-wineq-v1,historical-pbp-normalized-v1,B_CANONICAL_WITH_LIMITATIONS,RETROSPECTIVE_FROZEN_V1_BACKFILL
2025-26,1631095,Jabari Smith Jr.,11005,0.2939,0.26,32.34792418793757,0.8628261514376263,1600,37.490662671779255,drbl-ability-eb1600-r1-v1,drbl-r1-points-v1,drbl-r1-wineq-v1,historical-pbp-normalized-v1,B_CANONICAL_WITH_LIMITATIONS,RETROSPECTIVE_FROZEN_V1_BACKFILL
2025-26,1641725,Trey Alexander,464,1.1395,0.26,5.287242961892474,0.14102826104144583,1600,37.490662671779255,drbl-ability-eb1600-r1-v1,drbl-r1-points-v1,drbl-r1-wineq-v1,historical-pbp-normalized-v1,B_CANONICAL_WITH_LIMITATIONS,RETROSPECTIVE_FROZEN_V1_BACKFILL
2025-26,1641869,Malachi Smith,1432,0.5418,0.26,7.757881771252835,0.20692837145000662,1600,37.490662671779255,drbl-ability-eb1600-r1-v1,drbl-r1-points-v1,drbl-r1-wineq-v1,historical-pbp-normalized-v1,B_CANONICAL_WITH_LIMITATIONS,RETROSPECTIVE_FROZEN_V1_BACKFILL
2025-26,1643024,Chris Mañon,185,2.4113,0.25,4.46086271801379,0.11898596610754664,1600,37.490662671779255,drbl-ability-eb1600-r1-v1,drbl-r1-points-v1,drbl-r1-wineq-v1,historical-pbp-normalized-v1,B_CANONICAL_WITH_LIMITATIONS,RETROSPECTIVE_FROZEN_V1_BACKFILL
2025-26,1631199,Ron Harper Jr.,1223,0.5573,0.24,6.815390612628258,0.18178901430191255,1600,37.490662671779255,drbl-ability-eb1600-r1-v1,drbl-r1-points-v1,drbl-r1-wineq-v1,historical-pbp-normalized-v1,B_CANONICAL_WITH_LIMITATIONS,RETROSPECTIVE_FROZEN_V1_BACKFILL
2025-26,1631101,Shaedon Sharpe,6330,0.2979,0.24,18.854944704707933,0.5029237511691362,1600,37.490662671779255,drbl-ability-eb1600-r1-v1,drbl-r1-points-v1,drbl-r1-wineq-v1,historical-pbp-normalized-v1,B_CANONICAL_WITH_LIMITATIONS,RETROSPECTIVE_FROZEN_V1_BACKFILL
2025-26,1626162,Kelly Oubre Jr.,6594,0.2934,0.24,19.34923006845299,0.5161079770141791,1600,37.490662671779255,drbl-ability-eb1600-r1-v1,drbl-r1-points-v1,drbl-r1-wineq-v1,historical-pbp-normalized-v1,B_CANONICAL_WITH_LIMITATIONS,RETROSPECTIVE_FROZEN_V1_BACKFILL
2025-26,1630623,Tyson Etienne,1577,0.4716,0.23,7.43768638896062,0.1983877013344784,1600,37.490662671779255,drbl-ability-eb1600-r1-v1,drbl-r1-points-v1,drbl-r1-wineq-v1,historical-pbp-normalized-v1,B_CANONICAL_WITH_LIMITATIONS,RETROSPECTIVE_FROZEN_V1_BACKFILL
2025-26,1631217,Moussa Diabaté,7587,0.2778,0.23,21.0781166086243,0.5622231005399286,1600,37.490662671779255,drbl-ability-eb1600-r1-v1,drbl-r1-points-v1,drbl-r1-wineq-v1,historical-pbp-normalized-v1,B_CANONICAL_WITH_LIMITATIONS,RETROSPECTIVE_FROZEN_V1_BACKFILL
2025-26,1642434,Riley Minix,255,1.6656,0.23,4.247320751591699,0.11329009542391552,1600,37.490662671779255,drbl-ability-eb1600-r1-v1,drbl-r1-points-v1,drbl-r1-wineq-v1,historical-pbp-normalized-v1,B_CANONICAL_WITH_LIMITATIONS,RETROSPECTIVE_FROZEN_V1_BACKFILL
2025-26,1642939,Miles Kelly,576,0.8563,0.23,4.932106383935639,0.13155559364514077,1600,37.490662671779255,drbl-ability-eb1600-r1-v1,drbl-r1-points-v1,drbl-r1-wineq-v1,historical-pbp-normalized-v1,B_CANONICAL_WITH_LIMITATIONS,RETROSPECTIVE_FROZEN_V1_BACKFILL
2025-26,1642348,Justin Edwards,4087,0.3148,0.23,12.867600969223359,0.3432214864238536,1600,37.490662671779255,drbl-ability-eb1600-r1-v1,drbl-r1-points-v1,drbl-r1-wineq-v1,historical-pbp-normalized-v1,B_CANONICAL_WITH_LIMITATIONS,RETROSPECTIVE_FROZEN_V1_BACKFILL
2025-26,1631108,Max Christie,9321,0.259,0.22,24.14527470870505,0.64403435383606,1600,37.490662671779255,drbl-ability-eb1600-r1-v1,drbl-r1-points-v1,drbl-r1-wineq-v1,historical-pbp-normalized-v1,B_CANONICAL_WITH_LIMITATIONS,RETROSPECTIVE_FROZEN_V1_BACKFILL
2025-26,1628970,Miles Bridges,9654,0.2543,0.22,24.54721885344247,0.6547555338871126,1600,37.490662671779255,drbl-ability-eb1600-r1-v1,drbl-r1-points-v1,drbl-r1-wineq-v1,historical-pbp-normalized-v1,B_CANONICAL_WITH_LIMITATIONS,RETROSPECTIVE_FROZEN_V1_BACKFILL
2025-26,1642389,Zyon Pullin,178,2.1503,0.22,3.827536289390417,0.10209305508679523,1600,37.490662671779255,drbl-ability-eb1600-r1-v1,drbl-r1-points-v1,drbl-r1-wineq-v1,historical-pbp-normalized-v1,B_CANONICAL_WITH_LIMITATIONS,RETROSPECTIVE_FROZEN_V1_BACKFILL
2025-26,1641763,Julian Phillips,1710,0.4086,0.21,6.987721410836289,0.1863856467945612,1600,37.490662671779255,drbl-ability-eb1600-r1-v1,drbl-r1-points-v1,drbl-r1-wineq-v1,historical-pbp-normalized-v1,B_CANONICAL_WITH_LIMITATIONS,RETROSPECTIVE_FROZEN_V1_BACKFILL
2025-26,1641707,Taylor Hendricks,4638,0.2816,0.21,13.06163892471254,0.3483971206127697,1600,37.490662671779255,drbl-ability-eb1600-r1-v1,drbl-r1-points-v1,drbl-r1-wineq-v1,historical-pbp-normalized-v1,B_CANONICAL_WITH_LIMITATIONS,RETROSPECTIVE_FROZEN_V1_BACKFILL
2025-26,1643133,Lawson Lovering,193,1.8835,0.2,3.635176477983612,0.09696218255218939,1600,37.490662671779255,drbl-ability-eb1600-r1-v1,drbl-r1-points-v1,drbl-r1-wineq-v1,historical-pbp-normalized-v1,B_CANONICAL_WITH_LIMITATIONS,RETROSPECTIVE_FROZEN_V1_BACKFILL
2025-26,1631210,Jacob Toppin,66,5.1176,0.2,3.377647097571258,0.09009302201835312,1600,37.490662671779255,drbl-ability-eb1600-r1-v1,drbl-r1-points-v1,drbl-r1-wineq-v1,historical-pbp-normalized-v1,B_CANONICAL_WITH_LIMITATIONS,RETROSPECTIVE_FROZEN_V1_BACKFILL
2025-26,1631288,Jamal Cain,1958,0.3675,0.2,7.194762808476639,0.19190812580361322,1600,37.490662671779255,drbl-ability-eb1600-r1-v1,drbl-r1-points-v1,drbl-r1-wineq-v1,historical-pbp-normalized-v1,B_CANONICAL_WITH_LIMITATIONS,RETROSPECTIVE_FROZEN_V1_BACKFILL
2025-26,1642377,Jaylen Wells,7600,0.2433,0.2,18.492357667209145,0.4932523553692502,1600,37.490662671779255,drbl-ability-eb1600-r1-v1,drbl-r1-points-v1,drbl-r1-wineq-v1,historical-pbp-normalized-v1,B_CANONICAL_WITH_LIMITATIONS,RETROSPECTIVE_FROZEN_V1_BACKFILL
2025-26,1641729,Brice Sensabaugh,7709,0.2419,0.2,18.64693224205508,0.4973753706437252,1600,37.490662671779255,drbl-ability-eb1600-r1-v1,drbl-r1-points-v1,drbl-r1-wineq-v1,historical-pbp-normalized-v1,B_CANONICAL_WITH_LIMITATIONS,RETROSPECTIVE_FROZEN_V1_BACKFILL
2025-26,201942,DeMar DeRozan,9893,0.2276,0.2,22.514328041684994,0.6005316107317688,1600,37.490662671779255,drbl-ability-eb1600-r1-v1,drbl-r1-points-v1,drbl-r1-wineq-v1,historical-pbp-normalized-v1,B_CANONICAL_WITH_LIMITATIONS,RETROSPECTIVE_FROZEN_V1_BACKFILL
2025-26,1631157,Ryan Rollins,9777,0.2179,0.19,21.308465108519137,0.5683672570706221,1600,37.490662671779255,drbl-ability-eb1600-r1-v1,drbl-r1-points-v1,drbl-r1-wineq-v1,historical-pbp-normalized-v1,B_CANONICAL_WITH_LIMITATIONS,RETROSPECTIVE_FROZEN_V1_BACKFILL
2025-26,1630846,Olivier Sarr,176,1.8604,0.18,3.2742964913841277,0.08733631944705057,1600,37.490662671779255,drbl-ability-eb1600-r1-v1,drbl-r1-points-v1,drbl-r1-wineq-v1,historical-pbp-normalized-v1,B_CANONICAL_WITH_LIMITATIONS,RETROSPECTIVE_FROZEN_V1_BACKFILL
2025-26,1630173,Precious Achiuwa,7022,0.2209,0.18,15.508576893048616,0.4136650511841326,1600,37.490662671779255,drbl-ability-eb1600-r1-v1,drbl-r1-points-v1,drbl-r1-wineq-v1,historical-pbp-normalized-v1,B_CANONICAL_WITH_LIMITATIONS,RETROSPECTIVE_FROZEN_V1_BACKFILL
2025-26,1642866,Joan Beringer,1336,0.393,0.18,5.2498924891285235,0.14003200037006364,1600,37.490662671779255,drbl-ability-eb1600-r1-v1,drbl-r1-points-v1,drbl-r1-wineq-v1,historical-pbp-normalized-v1,B_CANONICAL_WITH_LIMITATIONS,RETROSPECTIVE_FROZEN_V1_BACKFILL
2025-26,1641801,Emanuel Miller,136,2.255,0.18,3.0668111213444265,0.08180199822535919,1600,37.490662671779255,drbl-ability-eb1600-r1-v1,drbl-r1-points-v1,drbl-r1-wineq-v1,historical-pbp-normalized-v1,B_CANONICAL_WITH_LIMITATIONS,RETROSPECTIVE_FROZEN_V1_BACKFILL
2025-26,1629628,RJ Barrett,7279,0.2152,0.18,15.666665345358188,0.417881793195166,1600,37.490662671779255,drbl-ability-eb1600-r1-v1,drbl-r1-points-v1,drbl-r1-wineq-v1,historical-pbp-normalized-v1,B_CANONICAL_WITH_LIMITATIONS,RETROSPECTIVE_FROZEN_V1_BACKFILL
2025-26,1631106,Tari Eason,6249,0.221,0.18,13.807348026126313,0.36828764930099955,1600,37.490662671779255,drbl-ability-eb1600-r1-v1,drbl-r1-points-v1,drbl-r1-wineq-v1,historical-pbp-normalized-v1,B_CANONICAL_WITH_LIMITATIONS,RETROSPECTIVE_FROZEN_V1_BACKFILL
2025-26,1629023,P.J. Washington,7232,0.2139,0.18,15.469799205280667,0.41263072196708367,1600,37.490662671779255,drbl-ability-eb1600-r1-v1,drbl-r1-points-v1,drbl-r1-wineq-v1,historical-pbp-normalized-v1,B_CANONICAL_WITH_LIMITATIONS,RETROSPECTIVE_FROZEN_V1_BACKFILL
2025-26,1631123,Jamaree Bouyea,2468,0.2866,0.17,7.0735570756120065,0.18867516793552333,1600,37.490662671779255,drbl-ability-eb1600-r1-v1,drbl-r1-points-v1,drbl-r1-wineq-v1,historical-pbp-normalized-v1,B_CANONICAL_WITH_LIMITATIONS,RETROSPECTIVE_FROZEN_V1_BACKFILL
2025-26,1630611,Gui Santos,5854,0.2179,0.17,12.755797481094323,0.3402393175273514,1600,37.490662671779255,drbl-ability-eb1600-r1-v1,drbl-r1-points-v1,drbl-r1-wineq-v1,historical-pbp-normalized-v1,B_CANONICAL_WITH_LIMITATIONS,RETROSPECTIVE_FROZEN_V1_BACKFILL
2025-26,203954,Joel Embiid,4989,0.222,0.17,11.074887943717355,0.2954038993835623,1600,37.490662671779255,drbl-ability-eb1600-r1-v1,drbl-r1-points-v1,drbl-r1-wineq-v1,historical-pbp-normalized-v1,B_CANONICAL_WITH_LIMITATIONS,RETROSPECTIVE_FROZEN_V1_BACKFILL
2025-26,1630168,Onyeka Okongwu,9769,0.1942,0.17,18.974139901021076,0.5061030813761445,1600,37.490662671779255,drbl-ability-eb1600-r1-v1,drbl-r1-points-v1,drbl-r1-wineq-v1,historical-pbp-normalized-v1,B_CANONICAL_WITH_LIMITATIONS,RETROSPECTIVE_FROZEN_V1_BACKFILL
2025-26,2544,LeBron James,8209,0.1952,0.16,16.0208634786111,0.4273294291666564,1600,37.490662671779255,drbl-ability-eb1600-r1-v1,drbl-r1-points-v1,drbl-r1-wineq-v1,historical-pbp-normalized-v1,B_CANONICAL_WITH_LIMITATIONS,RETROSPECTIVE_FROZEN_V1_BACKFILL
2025-26,1630699,MarJon Beauchamp,851,0.4684,0.16,3.985910835899084,0.10631742817657477,1600,37.490662671779255,drbl-ability-eb1600-r1-v1,drbl-r1-points-v1,drbl-r1-wineq-v1,historical-pbp-normalized-v1,B_CANONICAL_WITH_LIMITATIONS,RETROSPECTIVE_FROZEN_V1_BACKFILL
2025-26,1629675,Naz Reid,8666,0.1899,0.16,16.457756690739057,0.43898281646345716,1600,37.490662671779255,drbl-ability-eb1600-r1-v1,drbl-r1-points-v1,drbl-r1-wineq-v1,historical-pbp-normalized-v1,B_CANONICAL_WITH_LIMITATIONS,RETROSPECTIVE_FROZEN_V1_BACKFILL
2025-26,1641815,Isaiah Stevens,171,1.6302,0.16,2.7876856099627454,0.07435679743428887,1600,37.490662671779255,drbl-ability-eb1600-r1-v1,drbl-r1-points-v1,drbl-r1-wineq-v1,historical-pbp-normalized-v1,B_CANONICAL_WITH_LIMITATIONS,RETROSPECTIVE_FROZEN_V1_BACKFILL
2025-26,1630595,Cade Cunningham,8786,0.1829,0.15,16.065993842058095,0.4285332052599759,1600,37.490662671779255,drbl-ability-eb1600-r1-v1,drbl-r1-points-v1,drbl-r1-wineq-v1,historical-pbp-normalized-v1,B_CANONICAL_WITH_LIMITATIONS,RETROSPECTIVE_FROZEN_V1_BACKFILL
2025-26,1642954,Will Richard,5892,0.1917,0.15,11.295366185820082,0.3012847834861709,1600,37.490662671779255,drbl-ability-eb1600-r1-v1,drbl-r1-points-v1,drbl-r1-wineq-v1,historical-pbp-normalized-v1,B_CANONICAL_WITH_LIMITATIONS,RETROSPECTIVE_FROZEN_V1_BACKFILL
2025-26,1630631,Jose Alvarado,5669,0.1908,0.15,10.814846082337796,0.28846772267054566,1600,37.490662671779255,drbl-ability-eb1600-r1-v1,drbl-r1-points-v1,drbl-r1-wineq-v1,historical-pbp-normalized-v1,B_CANONICAL_WITH_LIMITATIONS,RETROSPECTIVE_FROZEN_V1_BACKFILL
2025-26,1642275,Tidjane Salaün,2407,0.2395,0.14,5.764480856170066,0.15375777447938324,1600,37.490662671779255,drbl-ability-eb1600-r1-v1,drbl-r1-points-v1,drbl-r1-wineq-v1,historical-pbp-normalized-v1,B_CANONICAL_WITH_LIMITATIONS,RETROSPECTIVE_FROZEN_V1_BACKFILL
2025-26,1642907,Cedric Coward,6655,0.1722,0.14,11.46138213805121,0.3057129781458533,1600,37.490662671779255,drbl-ability-eb1600-r1-v1,drbl-r1-points-v1,drbl-r1-wineq-v1,historical-pbp-normalized-v1,B_CANONICAL_WITH_LIMITATIONS,RETROSPECTIVE_FROZEN_V1_BACKFILL
2025-26,1641764,Brandin Podziemski,9658,0.16,0.14,15.453925922241073,0.4122073289964509,1600,37.490662671779255,drbl-ability-eb1600-r1-v1,drbl-r1-points-v1,drbl-r1-wineq-v1,historical-pbp-normalized-v1,B_CANONICAL_WITH_LIMITATIONS,RETROSPECTIVE_FROZEN_V1_BACKFILL
2025-26,1628418,Thomas Bryant,2997,0.2071,0.14,6.2076659922439905,0.16557898820275463,1600,37.490662671779255,drbl-ability-eb1600-r1-v1,drbl-r1-points-v1,drbl-r1-wineq-v1,historical-pbp-normalized-v1,B_CANONICAL_WITH_LIMITATIONS,RETROSPECTIVE_FROZEN_V1_BACKFILL
2025-26,1641715,Cam Whitmore,1547,0.2693,0.13,4.165666831307927,0.11111211524259329,1600,37.490662671779255,drbl-ability-eb1600-r1-v1,drbl-r1-points-v1,drbl-r1-wineq-v1,historical-pbp-normalized-v1,B_CANONICAL_WITH_LIMITATIONS,RETROSPECTIVE_FROZEN_V1_BACKFILL
2025-26,1631128,Christian Braun,5939,0.1664,0.13,9.880724137706007,0.2635516001466581,1600,37.490662671779255,drbl-ability-eb1600-r1-v1,drbl-r1-points-v1,drbl-r1-wineq-v1,historical-pbp-normalized-v1,B_CANONICAL_WITH_LIMITATIONS,RETROSPECTIVE_FROZEN_V1_BACKFILL
2025-26,1641747,DaRon Holmes II,801,0.389,0.13,3.1157630535780667,0.08310770820072562,1600,37.490662671779255,drbl-ability-eb1600-r1-v1,drbl-r1-points-v1,drbl-r1-wineq-v1,historical-pbp-normalized-v1,B_CANONICAL_WITH_LIMITATIONS,RETROSPECTIVE_FROZEN_V1_BACKFILL
2025-26,1641710,Anthony Black,7578,0.156,0.13,11.820405487390662,0.31528931859314296,1600,37.490662671779255,drbl-ability-eb1600-r1-v1,drbl-r1-points-v1,drbl-r1-wineq-v1,historical-pbp-normalized-v1,B_CANONICAL_WITH_LIMITATIONS,RETROSPECTIVE_FROZEN_V1_BACKFILL
2025-26,1631211,Trevor Keels,68,3.0533,0.12,2.0762341162811753,0.055380032475233924,1600,37.490662671779255,drbl-ability-eb1600-r1-v1,drbl-r1-points-v1,drbl-r1-wineq-v1,historical-pbp-normalized-v1,B_CANONICAL_WITH_LIMITATIONS,RETROSPECTIVE_FROZEN_V1_BACKFILL
2025-26,1630828,Alex Antetokounmpo,92,2.2078,0.12,2.031216268185589,0.05417925753855954,1600,37.490662671779255,drbl-ability-eb1600-r1-v1,drbl-r1-points-v1,drbl-r1-wineq-v1,historical-pbp-normalized-v1,B_CANONICAL_WITH_LIMITATIONS,RETROSPECTIVE_FROZEN_V1_BACKFILL
2025-26,1628976,Wendell Carter Jr.,9236,0.1383,0.12,12.775974065784212,0.3407774937891724,1600,37.490662671779255,drbl-ability-eb1600-r1-v1,drbl-r1-points-v1,drbl-r1-wineq-v1,historical-pbp-normalized-v1,B_CANONICAL_WITH_LIMITATIONS,RETROSPECTIVE_FROZEN_V1_BACKFILL
2025-26,1642884,Vladislav Goldin,70,2.7735,0.12,1.9414531817843592,0.05178497907015578,1600,37.490662671779255,drbl-ability-eb1600-r1-v1,drbl-r1-points-v1,drbl-r1-wineq-v1,historical-pbp-normalized-v1,B_CANONICAL_WITH_LIMITATIONS,RETROSPECTIVE_FROZEN_V1_BACKFILL
2025-26,1631111,Wendell Moore Jr.,238,0.8784,0.11,2.0905738359969237,0.05576252023868822,1600,37.490662671779255,drbl-ability-eb1600-r1-v1,drbl-r1-points-v1,drbl-r1-wineq-v1,historical-pbp-normalized-v1,B_CANONICAL_WITH_LIMITATIONS,RETROSPECTIVE_FROZEN_V1_BACKFILL
2025-26,1642402,Enrique Freeman,169,1.1841,0.11,2.0010901923179376,0.05337569543213861,1600,37.490662671779255,drbl-ability-eb1600-r1-v1,drbl-r1-points-v1,drbl-r1-wineq-v1,historical-pbp-normalized-v1,B_CANONICAL_WITH_LIMITATIONS,RETROSPECTIVE_FROZEN_V1_BACKFILL
2025-26,1628392,Isaiah Hartenstein,4629,0.1507,0.11,6.974966676277695,0.18604543582869332,1600,37.490662671779255,drbl-ability-eb1600-r1-v1,drbl-r1-points-v1,drbl-r1-wineq-v1,historical-pbp-normalized-v1,B_CANONICAL_WITH_LIMITATIONS,RETROSPECTIVE_FROZEN_V1_BACKFILL
2025-26,203937,Kyle Anderson,3650,0.1571,0.11,5.733856006958861,0.15294090843784866,1600,37.490662671779255,drbl-ability-eb1600-r1-v1,drbl-r1-points-v1,drbl-r1-wineq-v1,historical-pbp-normalized-v1,B_CANONICAL_WITH_LIMITATIONS,RETROSPECTIVE_FROZEN_V1_BACKFILL
2025-26,1627752,Taurean Prince,2540,0.1776,0.11,4.510301502938912,0.12030466205480009,1600,37.490662671779255,drbl-ability-eb1600-r1-v1,drbl-r1-points-v1,drbl-r1-wineq-v1,historical-pbp-normalized-v1,B_CANONICAL_WITH_LIMITATIONS,RETROSPECTIVE_FROZEN_V1_BACKFILL
2025-26,1630166,Deni Avdija,9387,0.1262,0.11,11.84818622466634,0.316030322760471,1600,37.490662671779255,drbl-ability-eb1600-r1-v1,drbl-r1-points-v1,drbl-r1-wineq-v1,historical-pbp-normalized-v1,B_CANONICAL_WITH_LIMITATIONS,RETROSPECTIVE_FROZEN_V1_BACKFILL
2025-26,1631207,Dalen Terry,2299,0.1779,0.1,4.090100178749272,0.1090965026293882,1600,37.490662671779255,drbl-ability-eb1600-r1-v1,drbl-r1-points-v1,drbl-r1-wineq-v1,historical-pbp-normalized-v1,B_CANONICAL_WITH_LIMITATIONS,RETROSPECTIVE_FROZEN_V1_BACKFILL
2025-26,202696,Nikola Vučević,7638,0.119,0.1,9.0866190644476,0.2423701907858638,1600,37.490662671779255,drbl-ability-eb1600-r1-v1,drbl-r1-points-v1,drbl-r1-wineq-v1,historical-pbp-normalized-v1,B_CANONICAL_WITH_LIMITATIONS,RETROSPECTIVE_FROZEN_V1_BACKFILL
2025-26,1642911,Rocco Zikarsky,145,1.169,0.1,1.6950276257513932,0.04521199426616989,1600,37.490662671779255,drbl-ability-eb1600-r1-v1,drbl-r1-points-v1,drbl-r1-wineq-v1,historical-pbp-normalized-v1,B_CANONICAL_WITH_LIMITATIONS,RETROSPECTIVE_FROZEN_V1_BACKFILL
2025-26,1631124,Julian Strawther,3627,0.1396,0.1,5.0623236180401285,0.13502891806313003,1600,37.490662671779255,drbl-ability-eb1600-r1-v1,drbl-r1-points-v1,drbl-r1-wineq-v1,historical-pbp-normalized-v1,B_CANONICAL_WITH_LIMITATIONS,RETROSPECTIVE_FROZEN_V1_BACKFILL
2025-26,1641753,Chris Livingston,73,2.1896,0.1,1.5984070462184594,0.04263480376999698,1600,37.490662671779255,drbl-ability-eb1600-r1-v1,drbl-r1-points-v1,drbl-r1-wineq-v1,historical-pbp-normalized-v1,B_CANONICAL_WITH_LIMITATIONS,RETROSPECTIVE_FROZEN_V1_BACKFILL
2025-26,1629684,Grant Williams,2942,0.1456,0.09,4.283038963264631,0.11424281829215702,1600,37.490662671779255,drbl-ability-eb1600-r1-v1,drbl-r1-points-v1,drbl-r1-wineq-v1,historical-pbp-normalized-v1,B_CANONICAL_WITH_LIMITATIONS,RETROSPECTIVE_FROZEN_V1_BACKFILL
2025-26,202691,Klay Thompson,6436,0.1084,0.09,6.9738118719669915,0.1860146333774053,1600,37.490662671779255,drbl-ability-eb1600-r1-v1,drbl-r1-points-v1,drbl-r1-wineq-v1,historical-pbp-normalized-v1,B_CANONICAL_WITH_LIMITATIONS,RETROSPECTIVE_FROZEN_V1_BACKFILL
2025-26,1643018,LJ Cryer,1119,0.207,0.09,2.316868977043012,0.06179856027957099,1600,37.490662671779255,drbl-ability-eb1600-r1-v1,drbl-r1-points-v1,drbl-r1-wineq-v1,historical-pbp-normalized-v1,B_CANONICAL_WITH_LIMITATIONS,RETROSPECTIVE_FROZEN_V1_BACKFILL
2025-26,1641813,Mark Sears,108,1.3162,0.08,1.4214627567343538,0.03791511420267177,1600,37.490662671779255,drbl-ability-eb1600-r1-v1,drbl-r1-points-v1,drbl-r1-wineq-v1,historical-pbp-normalized-v1,B_CANONICAL_WITH_LIMITATIONS,RETROSPECTIVE_FROZEN_V1_BACKFILL
2025-26,1630619,Moussa Cisse,2212,0.1431,0.08,3.166126165079584,0.08445105899562709,1600,37.490662671779255,drbl-ability-eb1600-r1-v1,drbl-r1-points-v1,drbl-r1-wineq-v1,historical-pbp-normalized-v1,B_CANONICAL_WITH_LIMITATIONS,RETROSPECTIVE_FROZEN_V1_BACKFILL
2025-26,1629622,Max Strus,1226,0.1911,0.08,2.3432816883840926,0.06250307466952233,1600,37.490662671779255,drbl-ability-eb1600-r1-v1,drbl-r1-points-v1,drbl-r1-wineq-v1,historical-pbp-normalized-v1,B_CANONICAL_WITH_LIMITATIONS,RETROSPECTIVE_FROZEN_V1_BACKFILL
2025-26,1642352,Keshad Johnson,1205,0.1886,0.08,2.2729006097341182,0.06062577846736816,1600,37.490662671779255,drbl-ability-eb1600-r1-v1,drbl-r1-points-v1,drbl-r1-wineq-v1,historical-pbp-normalized-v1,B_CANONICAL_WITH_LIMITATIONS,RETROSPECTIVE_FROZEN_V1_BACKFILL
2025-26,1628420,Monté Morris,284,0.5322,0.08,1.5115381984708887,0.04031772422120148,1600,37.490662671779255,drbl-ability-eb1600-r1-v1,drbl-r1-points-v1,drbl-r1-wineq-v1,historical-pbp-normalized-v1,B_CANONICAL_WITH_LIMITATIONS,RETROSPECTIVE_FROZEN_V1_BACKFILL
2025-26,1642368,N'Faly Dante,60,2.1972,0.08,1.3183387002387932,0.035164454461114665,1600,37.490662671779255,drbl-ability-eb1600-r1-v1,drbl-r1-points-v1,drbl-r1-wineq-v1,historical-pbp-normalized-v1,B_CANONICAL_WITH_LIMITATIONS,RETROSPECTIVE_FROZEN_V1_BACKFILL
2025-26,1642261,Dalton Knecht,2255,0.135,0.08,3.045046423040537,0.08122146171965819,1600,37.490662671779255,drbl-ability-eb1600-r1-v1,drbl-r1-points-v1,drbl-r1-wineq-v1,historical-pbp-normalized-v1,B_CANONICAL_WITH_LIMITATIONS,RETROSPECTIVE_FROZEN_V1_BACKFILL
2025-26,1631114,Jalen Williams,3891,0.1063,0.08,4.134941922343251,0.11029258027641613,1600,37.490662671779255,drbl-ability-eb1600-r1-v1,drbl-r1-points-v1,drbl-r1-wineq-v1,historical-pbp-normalized-v1,B_CANONICAL_WITH_LIMITATIONS,RETROSPECTIVE_FROZEN_V1_BACKFILL
2025-26,1630658,Colin Castleton,80,1.5111,0.07,1.2088905568884345,0.032245110401807206,1600,37.490662671779255,drbl-ability-eb1600-r1-v1,drbl-r1-points-v1,drbl-r1-wineq-v1,historical-pbp-normalized-v1,B_CANONICAL_WITH_LIMITATIONS,RETROSPECTIVE_FROZEN_V1_BACKFILL
2025-26,1641771,Jalen Slawson,1277,0.152,0.07,1.940643621220323,0.051763385411726114,1600,37.490662671779255,drbl-ability-eb1600-r1-v1,drbl-r1-points-v1,drbl-r1-wineq-v1,historical-pbp-normalized-v1,B_CANONICAL_WITH_LIMITATIONS,RETROSPECTIVE_FROZEN_V1_BACKFILL
2025-26,1629001,De'Anthony Melton,4761,0.0793,0.06,3.7731385808956586,0.10064208824283742,1600,37.490662671779255,drbl-ability-eb1600-r1-v1,drbl-r1-points-v1,drbl-r1-wineq-v1,historical-pbp-normalized-v1,B_CANONICAL_WITH_LIMITATIONS,RETROSPECTIVE_FROZEN_V1_BACKFILL
2025-26,1642853,Rasheer Fleming,2582,0.0892,0.06,2.3042789073471646,0.06146274147033653,1600,37.490662671779255,drbl-ability-eb1600-r1-v1,drbl-r1-points-v1,drbl-r1-wineq-v1,historical-pbp-normalized-v1,B_CANONICAL_WITH_LIMITATIONS,RETROSPECTIVE_FROZEN_V1_BACKFILL
2025-26,1643047,CJ Huntley,166,0.5762,0.05,0.9565336150257258,0.02551391591554202,1600,37.490662671779255,drbl-ability-eb1600-r1-v1,drbl-r1-points-v1,drbl-r1-wineq-v1,historical-pbp-normalized-v1,B_CANONICAL_WITH_LIMITATIONS,RETROSPECTIVE_FROZEN_V1_BACKFILL
2025-26,1641726,Dereck Lively II,503,0.2112,0.05,1.062164710293787,0.02833144667494292,1600,37.490662671779255,drbl-ability-eb1600-r1-v1,drbl-r1-points-v1,drbl-r1-wineq-v1,historical-pbp-normalized-v1,B_CANONICAL_WITH_LIMITATIONS,RETROSPECTIVE_FROZEN_V1_BACKFILL
2025-26,1629026,Kenrich Williams,3438,0.0664,0.05,2.2822353281183028,0.06087476628777314,1600,37.490662671779255,drbl-ability-eb1600-r1-v1,drbl-r1-points-v1,drbl-r1-wineq-v1,historical-pbp-normalized-v1,B_CANONICAL_WITH_LIMITATIONS,RETROSPECTIVE_FROZEN_V1_BACKFILL
2025-26,1630644,Mac McClung,590,0.1652,0.04,0.9746924191044544,0.0259982712932451,1600,37.490662671779255,drbl-ability-eb1600-r1-v1,drbl-r1-points-v1,drbl-r1-wineq-v1,historical-pbp-normalized-v1,B_CANONICAL_WITH_LIMITATIONS,RETROSPECTIVE_FROZEN_V1_BACKFILL
2025-26,1641794,Dillon Jones,159,0.4783,0.04,0.7605169940393552,0.0202855041719982,1600,37.490662671779255,drbl-ability-eb1600-r1-v1,drbl-r1-points-v1,drbl-r1-wineq-v1,historical-pbp-normalized-v1,B_CANONICAL_WITH_LIMITATIONS,RETROSPECTIVE_FROZEN_V1_BACKFILL
2025-26,1628404,Josh Hart,7884,0.0519,0.04,4.091058310123846,0.10912205916283661,1600,37.490662671779255,drbl-ability-eb1600-r1-v1,drbl-r1-points-v1,drbl-r1-wineq-v1,historical-pbp-normalized-v1,B_CANONICAL_WITH_LIMITATIONS,RETROSPECTIVE_FROZEN_V1_BACKFILL
2025-26,1630567,Scottie Barnes,11123,0.0484,0.04,5.382619457315735,0.1435722676987369,1600,37.490662671779255,drbl-ability-eb1600-r1-v1,drbl-r1-points-v1,drbl-r1-wineq-v1,historical-pbp-normalized-v1,B_CANONICAL_WITH_LIMITATIONS,RETROSPECTIVE_FROZEN_V1_BACKFILL
2025-26,203991,Clint Capela,3644,0.0586,0.04,2.1348606104519567,0.056943795022832526,1600,37.490662671779255,drbl-ability-eb1600-r1-v1,drbl-r1-points-v1,drbl-r1-wineq-v1,historical-pbp-normalized-v1,B_CANONICAL_WITH_LIMITATIONS,RETROSPECTIVE_FROZEN_V1_BACKFILL
2025-26,1629014,Anfernee Simons,5567,0.0508,0.04,2.830245712425741,0.07549201616423233,1600,37.490662671779255,drbl-ability-eb1600-r1-v1,drbl-r1-points-v1,drbl-r1-wineq-v1,historical-pbp-normalized-v1,B_CANONICAL_WITH_LIMITATIONS,RETROSPECTIVE_FROZEN_V1_BACKFILL
2025-26,1626220,Royce O'Neale,9346,0.0448,0.04,4.18697747077117,0.1116805404968976,1600,37.490662671779255,drbl-ability-eb1600-r1-v1,drbl-r1-points-v1,drbl-r1-wineq-v1,historical-pbp-normalized-v1,B_CANONICAL_WITH_LIMITATIONS,RETROSPECTIVE_FROZEN_V1_BACKFILL
2025-26,1626167,Myles Turner,7852,0.0446,0.04,3.502402807471383,0.09342066951800732,1600,37.490662671779255,drbl-ability-eb1600-r1-v1,drbl-r1-points-v1,drbl-r1-wineq-v1,historical-pbp-normalized-v1,B_CANONICAL_WITH_LIMITATIONS,RETROSPECTIVE_FROZEN_V1_BACKFILL
2025-26,1631243,Mouhamed Gueye,4910,0.0487,0.04,2.3927336269856836,0.0638221214688422,1600,37.490662671779255,drbl-ability-eb1600-r1-v1,drbl-r1-points-v1,drbl-r1-wineq-v1,historical-pbp-normalized-v1,B_CANONICAL_WITH_LIMITATIONS,RETROSPECTIVE_FROZEN_V1_BACKFILL
2025-26,1631338,Mouhamadou Gueye,203,0.325,0.04,0.6597592659736726,0.017597962237949457,1600,37.490662671779255,drbl-ability-eb1600-r1-v1,drbl-r1-points-v1,drbl-r1-wineq-v1,historical-pbp-normalized-v1,B_CANONICAL_WITH_LIMITATIONS,RETROSPECTIVE_FROZEN_V1_BACKFILL
2025-26,1628368,De'Aaron Fox,9311,0.042,0.04,3.9146242091302415,0.10441597801035771,1600,37.490662671779255,drbl-ability-eb1600-r1-v1,drbl-r1-points-v1,drbl-r1-wineq-v1,historical-pbp-normalized-v1,B_CANONICAL_WITH_LIMITATIONS,RETROSPECTIVE_FROZEN_V1_BACKFILL
2025-26,1630583,Santi Aldama,4807,0.0436,0.03,2.097570100126281,0.05594913374804675,1600,37.490662671779255,drbl-ability-eb1600-r1-v1,drbl-r1-points-v1,drbl-r1-wineq-v1,historical-pbp-normalized-v1,B_CANONICAL_WITH_LIMITATIONS,RETROSPECTIVE_FROZEN_V1_BACKFILL
2025-26,1642449,Tolu Smith,369,0.1713,0.03,0.6321564684913776,0.016861704313571056,1600,37.490662671779255,drbl-ability-eb1600-r1-v1,drbl-r1-points-v1,drbl-r1-wineq-v1,historical-pbp-normalized-v1,B_CANONICAL_WITH_LIMITATIONS,RETROSPECTIVE_FROZEN_V1_BACKFILL
2025-26,1642366,Quinten Post,4757,0.0391,0.03,1.8614872844490065,0.049652024045182416,1600,37.490662671779255,drbl-ability-eb1600-r1-v1,drbl-r1-points-v1,drbl-r1-wineq-v1,historical-pbp-normalized-v1,B_CANONICAL_WITH_LIMITATIONS,RETROSPECTIVE_FROZEN_V1_BACKFILL
2025-26,1641807,Norchad Omier,92,0.5162,0.03,0.4748787349373592,0.012666586853766652,1600,37.490662671779255,drbl-ability-eb1600-r1-v1,drbl-r1-points-v1,drbl-r1-wineq-v1,historical-pbp-normalized-v1,B_CANONICAL_WITH_LIMITATIONS,RETROSPECTIVE_FROZEN_V1_BACKFILL
2025-26,1628389,Bam Adebayo,10045,0.0309,0.03,3.1088292125040127,0.08292275972075988,1600,37.490662671779255,drbl-ability-eb1600-r1-v1,drbl-r1-points-v1,drbl-r1-wineq-v1,historical-pbp-normalized-v1,B_CANONICAL_WITH_LIMITATIONS,RETROSPECTIVE_FROZEN_V1_BACKFILL
2025-26,201935,James Harden,9878,0.028,0.02,2.7674073658996443,0.07381590958067498,1600,37.490662671779255,drbl-ability-eb1600-r1-v1,drbl-r1-points-v1,drbl-r1-wineq-v1,historical-pbp-normalized-v1,B_CANONICAL_WITH_LIMITATIONS,RETROSPECTIVE_FROZEN_V1_BACKFILL
2025-26,1641774,Tristan Vukcevic,2975,0.028,0.02,0.8316507094874224,0.022182875687429222,1600,37.490662671779255,drbl-ability-eb1600-r1-v1,drbl-r1-points-v1,drbl-r1-wineq-v1,historical-pbp-normalized-v1,B_CANONICAL_WITH_LIMITATIONS,RETROSPECTIVE_FROZEN_V1_BACKFILL
2025-26,1629632,Coby White,5146,0.019,0.01,0.9770907689976198,0.02606224321911268,1600,37.490662671779255,drbl-ability-eb1600-r1-v1,drbl-r1-points-v1,drbl-r1-wineq-v1,historical-pbp-normalized-v1,B_CANONICAL_WITH_LIMITATIONS,RETROSPECTIVE_FROZEN_V1_BACKFILL
2025-26,1643007,Taelon Peter,2099,0.0212,0.01,0.4459604919704021,0.011895241646557897,1600,37.490662671779255,drbl-ability-eb1600-r1-v1,drbl-r1-points-v1,drbl-r1-wineq-v1,historical-pbp-normalized-v1,B_CANONICAL_WITH_LIMITATIONS,RETROSPECTIVE_FROZEN_V1_BACKFILL
2025-26,1631116,Patrick Baldwin Jr.,410,0.0552,0.01,0.22612334224819364,0.0060314575985984335,1600,37.490662671779255,drbl-ability-eb1600-r1-v1,drbl-r1-points-v1,drbl-r1-wineq-v1,historical-pbp-normalized-v1,B_CANONICAL_WITH_LIMITATIONS,RETROSPECTIVE_FROZEN_V1_BACKFILL
2025-26,203952,Andrew Wiggins,9079,0.0089,0.01,0.8036831892095518,0.021436889399517517,1600,37.490662671779255,drbl-ability-eb1600-r1-v1,drbl-r1-points-v1,drbl-r1-wineq-v1,historical-pbp-normalized-v1,B_CANONICAL_WITH_LIMITATIONS,RETROSPECTIVE_FROZEN_V1_BACKFILL
2025-26,1631205,Buddy Boeheim,59,-0.0152,0,-0.008979703637971542,-0.0002395184026643234,1600,37.490662671779255,drbl-ability-eb1600-r1-v1,drbl-r1-points-v1,drbl-r1-wineq-v1,historical-pbp-normalized-v1,B_CANONICAL_WITH_LIMITATIONS,RETROSPECTIVE_FROZEN_V1_BACKFILL
2025-26,1631119,Jaylin Williams,5260,-0.0016,0,-0.08540372760587447,-0.0022779999477086153,1600,37.490662671779255,drbl-ability-eb1600-r1-v1,drbl-r1-points-v1,drbl-r1-wineq-v1,historical-pbp-normalized-v1,B_CANONICAL_WITH_LIMITATIONS,RETROSPECTIVE_FROZEN_V1_BACKFILL
2025-26,203926,Doug McDermott,1944,-0.0045,0,-0.08755063291624504,-0.002335265014724532,1600,37.490662671779255,drbl-ability-eb1600-r1-v1,drbl-r1-points-v1,drbl-r1-wineq-v1,historical-pbp-normalized-v1,B_CANONICAL_WITH_LIMITATIONS,RETROSPECTIVE_FROZEN_V1_BACKFILL
2025-26,1642845,VJ Edgecombe,10840,-0.003,0,-0.33041352181110634,-0.00881322170012807,1600,37.490662671779255,drbl-ability-eb1600-r1-v1,drbl-r1-points-v1,drbl-r1-wineq-v1,historical-pbp-normalized-v1,B_CANONICAL_WITH_LIMITATIONS,RETROSPECTIVE_FROZEN_V1_BACKFILL
2025-26,1628449,Chris Boucher,367,-0.0464,-0.01,-0.17019766078668264,-0.004539734660779878,1600,37.490662671779255,drbl-ability-eb1600-r1-v1,drbl-r1-points-v1,drbl-r1-wineq-v1,historical-pbp-normalized-v1,B_CANONICAL_WITH_LIMITATIONS,RETROSPECTIVE_FROZEN_V1_BACKFILL
2025-26,1641772,Nae'Qwan Tomlin,4295,-0.0119,-0.01,-0.5100405482204393,-0.013604468736274635,1600,37.490662671779255,drbl-ability-eb1600-r1-v1,drbl-r1-points-v1,drbl-r1-wineq-v1,historical-pbp-normalized-v1,B_CANONICAL_WITH_LIMITATIONS,RETROSPECTIVE_FROZEN_V1_BACKFILL
2025-26,1628415,Dillon Brooks,7168,-0.0112,-0.01,-0.8003840932819919,-0.021348891597066207,1600,37.490662671779255,drbl-ability-eb1600-r1-v1,drbl-r1-points-v1,drbl-r1-wineq-v1,historical-pbp-normalized-v1,B_CANONICAL_WITH_LIMITATIONS,RETROSPECTIVE_FROZEN_V1_BACKFILL
2025-26,1631115,Orlando Robinson,95,-0.1879,-0.01,-0.17851158924570384,-0.004761494636905332,1600,37.490662671779255,drbl-ability-eb1600-r1-v1,drbl-r1-points-v1,drbl-r1-wineq-v1,historical-pbp-normalized-v1,B_CANONICAL_WITH_LIMITATIONS,RETROSPECTIVE_FROZEN_V1_BACKFILL
2025-26,201599,DeAndre Jordan,856,-0.0331,-0.01,-0.2830140675421024,-0.007548921447983329,1600,37.490662671779255,drbl-ability-eb1600-r1-v1,drbl-r1-points-v1,drbl-r1-wineq-v1,historical-pbp-normalized-v1,B_CANONICAL_WITH_LIMITATIONS,RETROSPECTIVE_FROZEN_V1_BACKFILL
2025-26,1630163,LaMelo Ball,8420,-0.0189,-0.02,-1.5931030170430298,-0.042493327765108384,1600,37.490662671779255,drbl-ability-eb1600-r1-v1,drbl-r1-points-v1,drbl-r1-wineq-v1,historical-pbp-normalized-v1,B_CANONICAL_WITH_LIMITATIONS,RETROSPECTIVE_FROZEN_V1_BACKFILL
2025-26,1641767,Ben Sheppard,5938,-0.0212,-0.02,-1.261094889965286,-0.03363757266724878,1600,37.490662671779255,drbl-ability-eb1600-r1-v1,drbl-r1-points-v1,drbl-r1-wineq-v1,historical-pbp-normalized-v1,B_CANONICAL_WITH_LIMITATIONS,RETROSPECTIVE_FROZEN_V1_BACKFILL
2025-26,1641824,Matas Buzelis,9543,-0.0208,-0.02,-1.9887230060849723,-0.053045821662201904,1600,37.490662671779255,drbl-ability-eb1600-r1-v1,drbl-r1-points-v1,drbl-r1-wineq-v1,historical-pbp-normalized-v1,B_CANONICAL_WITH_LIMITATIONS,RETROSPECTIVE_FROZEN_V1_BACKFILL
2025-26,1630534,Ochai Agbaji,3974,-0.0323,-0.02,-1.2843874283019154,-0.034258861721020634,1600,37.490662671779255,drbl-ability-eb1600-r1-v1,drbl-r1-points-v1,drbl-r1-wineq-v1,historical-pbp-normalized-v1,B_CANONICAL_WITH_LIMITATIONS,RETROSPECTIVE_FROZEN_V1_BACKFILL
2025-26,203944,Julius Randle,11066,-0.0295,-0.03,-3.2629068550911753,-0.08703252016794298,1600,37.490662671779255,drbl-ability-eb1600-r1-v1,drbl-r1-points-v1,drbl-r1-wineq-v1,historical-pbp-normalized-v1,B_CANONICAL_WITH_LIMITATIONS,RETROSPECTIVE_FROZEN_V1_BACKFILL
2025-26,1642461,Spencer Jones,5880,-0.0354,-0.03,-2.082968499752053,-0.055559660761077656,1600,37.490662671779255,drbl-ability-eb1600-r1-v1,drbl-r1-points-v1,drbl-r1-wineq-v1,historical-pbp-normalized-v1,B_CANONICAL_WITH_LIMITATIONS,RETROSPECTIVE_FROZEN_V1_BACKFILL
2025-26,1643060,Hayden Gray,107,-0.4584,-0.03,-0.4905153789025476,-0.013083667877436011,1600,37.490662671779255,drbl-ability-eb1600-r1-v1,drbl-r1-points-v1,drbl-r1-wineq-v1,historical-pbp-normalized-v1,B_CANONICAL_WITH_LIMITATIONS,RETROSPECTIVE_FROZEN_V1_BACKFILL
2025-26,1626164,Devin Booker,9091,-0.0363,-0.03,-3.3038820997964544,-0.08812546549846452,1600,37.490662671779255,drbl-ability-eb1600-r1-v1,drbl-r1-points-v1,drbl-r1-wineq-v1,historical-pbp-normalized-v1,B_CANONICAL_WITH_LIMITATIONS,RETROSPECTIVE_FROZEN_V1_BACKFILL
2025-26,1631250,Pete Nance,2914,-0.0485,-0.03,-1.4145504630256267,-0.037730740462222245,1600,37.490662671779255,drbl-ability-eb1600-r1-v1,drbl-r1-points-v1,drbl-r1-wineq-v1,historical-pbp-normalized-v1,B_CANONICAL_WITH_LIMITATIONS,RETROSPECTIVE_FROZEN_V1_BACKFILL
2025-26,1629634,Brandon Clarke,94,-0.5859,-0.03,-0.5507726537757354,-0.014690928741313615,1600,37.490662671779255,drbl-ability-eb1600-r1-v1,drbl-r1-points-v1,drbl-r1-wineq-v1,historical-pbp-normalized-v1,B_CANONICAL_WITH_LIMITATIONS,RETROSPECTIVE_FROZEN_V1_BACKFILL
2025-26,1627742,Brandon Ingram,10501,-0.043,-0.04,-4.515845358618545,-0.12045253502594942,1600,37.490662671779255,drbl-ability-eb1600-r1-v1,drbl-r1-points-v1,drbl-r1-wineq-v1,historical-pbp-normalized-v1,B_CANONICAL_WITH_LIMITATIONS,RETROSPECTIVE_FROZEN_V1_BACKFILL
2025-26,1642346,Ryan Dunn,5349,-0.0533,-0.04,-2.849843814686812,-0.07601476238594218,1600,37.490662671779255,drbl-ability-eb1600-r1-v1,drbl-r1-points-v1,drbl-r1-wineq-v1,historical-pbp-normalized-v1,B_CANONICAL_WITH_LIMITATIONS,RETROSPECTIVE_FROZEN_V1_BACKFILL
2025-26,204001,Kristaps Porziņģis,3335,-0.0611,-0.04,-2.037836082584879,-0.05435582988824684,1600,37.490662671779255,drbl-ability-eb1600-r1-v1,drbl-r1-points-v1,drbl-r1-wineq-v1,historical-pbp-normalized-v1,B_CANONICAL_WITH_LIMITATIONS,RETROSPECTIVE_FROZEN_V1_BACKFILL
2025-26,1629645,Kevin Porter Jr.,5160,-0.0581,-0.04,-2.998622890114526,-0.07998319251827234,1600,37.490662671779255,drbl-ability-eb1600-r1-v1,drbl-r1-points-v1,drbl-r1-wineq-v1,historical-pbp-normalized-v1,B_CANONICAL_WITH_LIMITATIONS,RETROSPECTIVE_FROZEN_V1_BACKFILL
2025-26,1641803,Tristen Newton,50,-1.5604,-0.05,-0.7802045065844196,-0.020810635261769093,1600,37.490662671779255,drbl-ability-eb1600-r1-v1,drbl-r1-points-v1,drbl-r1-wineq-v1,historical-pbp-normalized-v1,B_CANONICAL_WITH_LIMITATIONS,RETROSPECTIVE_FROZEN_V1_BACKFILL
2025-26,203939,Dwight Powell,3889,-0.0721,-0.05,-2.8022765973975634,-0.07474598733905419,1600,37.490662671779255,drbl-ability-eb1600-r1-v1,drbl-r1-points-v1,drbl-r1-wineq-v1,historical-pbp-normalized-v1,B_CANONICAL_WITH_LIMITATIONS,RETROSPECTIVE_FROZEN_V1_BACKFILL
2025-26,1631218,Trayce Jackson-Davis,2126,-0.0967,-0.06,-2.0555951794905987,-0.05482952375333522,1600,37.490662671779255,drbl-ability-eb1600-r1-v1,drbl-r1-points-v1,drbl-r1-wineq-v1,historical-pbp-normalized-v1,B_CANONICAL_WITH_LIMITATIONS,RETROSPECTIVE_FROZEN_V1_BACKFILL
2025-26,1642910,John Tonje,177,-0.5617,-0.06,-0.994136352047196,-0.02651690530921244,1600,37.490662671779255,drbl-ability-eb1600-r1-v1,drbl-r1-points-v1,drbl-r1-wineq-v1,historical-pbp-normalized-v1,B_CANONICAL_WITH_LIMITATIONS,RETROSPECTIVE_FROZEN_V1_BACKFILL
2025-26,1631466,Nate Williams,961,-0.1547,-0.06,-1.4865350108962896,-0.03965080649308621,1600,37.490662671779255,drbl-ability-eb1600-r1-v1,drbl-r1-points-v1,drbl-r1-wineq-v1,historical-pbp-normalized-v1,B_CANONICAL_WITH_LIMITATIONS,RETROSPECTIVE_FROZEN_V1_BACKFILL
2025-26,1630592,Jalen Wilson,3387,-0.0879,-0.06,-2.9761270064699743,-0.07938315288062982,1600,37.490662671779255,drbl-ability-eb1600-r1-v1,drbl-r1-points-v1,drbl-r1-wineq-v1,historical-pbp-normalized-v1,B_CANONICAL_WITH_LIMITATIONS,RETROSPECTIVE_FROZEN_V1_BACKFILL
2025-26,1631133,Jabari Walker,3180,-0.0917,-0.06,-2.9175320876899615,-0.07782023255316067,1600,37.490662671779255,drbl-ability-eb1600-r1-v1,drbl-r1-points-v1,drbl-r1-wineq-v1,historical-pbp-normalized-v1,B_CANONICAL_WITH_LIMITATIONS,RETROSPECTIVE_FROZEN_V1_BACKFILL
2025-26,1642367,Jonathan Mogbo,1045,-0.1616,-0.06,-1.6890438845680942,-0.045052388093409355,1600,37.490662671779255,drbl-ability-eb1600-r1-v1,drbl-r1-points-v1,drbl-r1-wineq-v1,historical-pbp-normalized-v1,B_CANONICAL_WITH_LIMITATIONS,RETROSPECTIVE_FROZEN_V1_BACKFILL
2025-26,1642490,Josh Oduro,375,-0.3433,-0.07,-1.2875223629374604,-0.03434248079873581,1600,37.490662671779255,drbl-ability-eb1600-r1-v1,drbl-r1-points-v1,drbl-r1-wineq-v1,historical-pbp-normalized-v1,B_CANONICAL_WITH_LIMITATIONS,RETROSPECTIVE_FROZEN_V1_BACKFILL
2025-26,203486,Mason Plumlee,715,-0.2143,-0.07,-1.5320231521893168,-0.04086412570515946,1600,37.490662671779255,drbl-ability-eb1600-r1-v1,drbl-r1-points-v1,drbl-r1-wineq-v1,historical-pbp-normalized-v1,B_CANONICAL_WITH_LIMITATIONS,RETROSPECTIVE_FROZEN_V1_BACKFILL
2025-26,1630557,Corey Kispert,4588,-0.0951,-0.07,-4.3628738176451645,-0.11637227796800927,1600,37.490662671779255,drbl-ability-eb1600-r1-v1,drbl-r1-points-v1,drbl-r1-wineq-v1,historical-pbp-normalized-v1,B_CANONICAL_WITH_LIMITATIONS,RETROSPECTIVE_FROZEN_V1_BACKFILL
2025-26,1631230,Dominick Barlow,6977,-0.0884,-0.07,-6.164504927357091,-0.16442773981686282,1600,37.490662671779255,drbl-ability-eb1600-r1-v1,drbl-r1-points-v1,drbl-r1-wineq-v1,historical-pbp-normalized-v1,B_CANONICAL_WITH_LIMITATIONS,RETROSPECTIVE_FROZEN_V1_BACKFILL
2025-26,1641713,GG Jackson,4773,-0.1043,-0.08,-4.977655416792867,-0.13277053703667263,1600,37.490662671779255,drbl-ability-eb1600-r1-v1,drbl-r1-points-v1,drbl-r1-wineq-v1,historical-pbp-normalized-v1,B_CANONICAL_WITH_LIMITATIONS,RETROSPECTIVE_FROZEN_V1_BACKFILL
2025-26,1642885,Mohamed Diawara,2495,-0.1376,-0.08,-3.4329742295024652,-0.09156877966007798,1600,37.490662671779255,drbl-ability-eb1600-r1-v1,drbl-r1-points-v1,drbl-r1-wineq-v1,historical-pbp-normalized-v1,B_CANONICAL_WITH_LIMITATIONS,RETROSPECTIVE_FROZEN_V1_BACKFILL
2025-26,1642938,Curtis Jones,365,-0.4628,-0.09,-1.6891353390962578,-0.04505482748822518,1600,37.490662671779255,drbl-ability-eb1600-r1-v1,drbl-r1-points-v1,drbl-r1-wineq-v1,historical-pbp-normalized-v1,B_CANONICAL_WITH_LIMITATIONS,RETROSPECTIVE_FROZEN_V1_BACKFILL
2025-26,1641842,Ronald Holland II,6410,-0.1078,-0.09,-6.907265283420928,-0.18423961571157577,1600,37.490662671779255,drbl-ability-eb1600-r1-v1,drbl-r1-points-v1,drbl-r1-wineq-v1,historical-pbp-normalized-v1,B_CANONICAL_WITH_LIMITATIONS,RETROSPECTIVE_FROZEN_V1_BACKFILL
2025-26,1630700,Dyson Daniels,10718,-0.1074,-0.09,-11.51184690119851,-0.3070590403264316,1600,37.490662671779255,drbl-ability-eb1600-r1-v1,drbl-r1-points-v1,drbl-r1-wineq-v1,historical-pbp-normalized-v1,B_CANONICAL_WITH_LIMITATIONS,RETROSPECTIVE_FROZEN_V1_BACKFILL
2025-26,1642859,Jase Richardson,2343,-0.1605,-0.1,-3.7612319548414685,-0.10032449913649301,1600,37.490662671779255,drbl-ability-eb1600-r1-v1,drbl-r1-points-v1,drbl-r1-wineq-v1,historical-pbp-normalized-v1,B_CANONICAL_WITH_LIMITATIONS,RETROSPECTIVE_FROZEN_V1_BACKFILL
2025-26,1630314,Brandon Williams,6385,-0.1194,-0.1,-7.6228126001066,-0.20332562981994448,1600,37.490662671779255,drbl-ability-eb1600-r1-v1,drbl-r1-points-v1,drbl-r1-wineq-v1,historical-pbp-normalized-v1,B_CANONICAL_WITH_LIMITATIONS,RETROSPECTIVE_FROZEN_V1_BACKFILL
2025-26,1631127,Harrison Ingram,106,-1.5491,-0.1,-1.6420373152529208,-0.04379856738272458,1600,37.490662671779255,drbl-ability-eb1600-r1-v1,drbl-r1-points-v1,drbl-r1-wineq-v1,historical-pbp-normalized-v1,B_CANONICAL_WITH_LIMITATIONS,RETROSPECTIVE_FROZEN_V1_BACKFILL
2025-26,1631166,Drew Timme,927,-0.2636,-0.1,-2.4433851052311786,-0.0651731639587799,1600,37.490662671779255,drbl-ability-eb1600-r1-v1,drbl-r1-points-v1,drbl-r1-wineq-v1,historical-pbp-normalized-v1,B_CANONICAL_WITH_LIMITATIONS,RETROSPECTIVE_FROZEN_V1_BACKFILL
2025-26,1628975,Jevon Carter,3661,-0.1534,-0.11,-5.615469500296554,-0.1497831486591339,1600,37.490662671779255,drbl-ability-eb1600-r1-v1,drbl-r1-points-v1,drbl-r1-wineq-v1,historical-pbp-normalized-v1,B_CANONICAL_WITH_LIMITATIONS,RETROSPECTIVE_FROZEN_V1_BACKFILL
2025-26,1642271,Kyle Filipowski,7667,-0.134,-0.11,-10.271681321894233,-0.2739797216128203,1600,37.490662671779255,drbl-ability-eb1600-r1-v1,drbl-r1-points-v1,drbl-r1-wineq-v1,historical-pbp-normalized-v1,B_CANONICAL_WITH_LIMITATIONS,RETROSPECTIVE_FROZEN_V1_BACKFILL
2025-26,1631260,AJ Green,9285,-0.1386,-0.12,-12.86790998503882,-0.3432297288979375,1600,37.490662671779255,drbl-ability-eb1600-r1-v1,drbl-r1-points-v1,drbl-r1-wineq-v1,historical-pbp-normalized-v1,B_CANONICAL_WITH_LIMITATIONS,RETROSPECTIVE_FROZEN_V1_BACKFILL
2025-26,1626166,Cameron Payne,1662,-0.2379,-0.12,-3.9540257014962266,-0.10546694615970559,1600,37.490662671779255,drbl-ability-eb1600-r1-v1,drbl-r1-points-v1,drbl-r1-wineq-v1,historical-pbp-normalized-v1,B_CANONICAL_WITH_LIMITATIONS,RETROSPECTIVE_FROZEN_V1_BACKFILL
2025-26,1642359,Pacôme Dadiet,536,-0.5045,-0.13,-2.7042898224431444,-0.072132355891345,1600,37.490662671779255,drbl-ability-eb1600-r1-v1,drbl-r1-points-v1,drbl-r1-wineq-v1,historical-pbp-normalized-v1,B_CANONICAL_WITH_LIMITATIONS,RETROSPECTIVE_FROZEN_V1_BACKFILL
2025-26,1629651,Nic Claxton,7832,-0.1542,-0.13,-12.075689633679284,-0.32209859130521973,1600,37.490662671779255,drbl-ability-eb1600-r1-v1,drbl-r1-points-v1,drbl-r1-wineq-v1,historical-pbp-normalized-v1,B_CANONICAL_WITH_LIMITATIONS,RETROSPECTIVE_FROZEN_V1_BACKFILL
2025-26,1628401,Derrick White,10487,-0.1512,-0.13,-15.851805141733275,-0.422820084043635,1600,37.490662671779255,drbl-ability-eb1600-r1-v1,drbl-r1-points-v1,drbl-r1-wineq-v1,historical-pbp-normalized-v1,B_CANONICAL_WITH_LIMITATIONS,RETROSPECTIVE_FROZEN_V1_BACKFILL
2025-26,1642384,Isaiah Crawford,353,-0.7572,-0.14,-2.6730701345227126,-0.07129962353359097,1600,37.490662671779255,drbl-ability-eb1600-r1-v1,drbl-r1-points-v1,drbl-r1-wineq-v1,historical-pbp-normalized-v1,B_CANONICAL_WITH_LIMITATIONS,RETROSPECTIVE_FROZEN_V1_BACKFILL
2025-26,1630591,Jalen Suggs,6589,-0.1707,-0.14,-11.247412563829684,-0.3000057017475999,1600,37.490662671779255,drbl-ability-eb1600-r1-v1,drbl-r1-points-v1,drbl-r1-wineq-v1,historical-pbp-normalized-v1,B_CANONICAL_WITH_LIMITATIONS,RETROSPECTIVE_FROZEN_V1_BACKFILL
2025-26,1642345,Oso Ighodaro,7198,-0.1687,-0.14,-12.14024074210131,-0.3238203829146974,1600,37.490662671779255,drbl-ability-eb1600-r1-v1,drbl-r1-points-v1,drbl-r1-wineq-v1,historical-pbp-normalized-v1,B_CANONICAL_WITH_LIMITATIONS,RETROSPECTIVE_FROZEN_V1_BACKFILL
2025-26,1627759,Jaylen Brown,9843,-0.168,-0.14,-16.5355736894417,-0.44105845325291354,1600,37.490662671779255,drbl-ability-eb1600-r1-v1,drbl-r1-points-v1,drbl-r1-wineq-v1,historical-pbp-normalized-v1,B_CANONICAL_WITH_LIMITATIONS,RETROSPECTIVE_FROZEN_V1_BACKFILL
2025-26,1641730,Noah Clowney,7223,-0.1839,-0.15,-13.286426089595416,-0.35439293794069554,1600,37.490662671779255,drbl-ability-eb1600-r1-v1,drbl-r1-points-v1,drbl-r1-wineq-v1,historical-pbp-normalized-v1,B_CANONICAL_WITH_LIMITATIONS,RETROSPECTIVE_FROZEN_V1_BACKFILL
2025-26,1628989,Kevin Huerter,6452,-0.1975,-0.16,-12.742558050580016,-0.3398861781168743,1600,37.490662671779255,drbl-ability-eb1600-r1-v1,drbl-r1-points-v1,drbl-r1-wineq-v1,historical-pbp-normalized-v1,B_CANONICAL_WITH_LIMITATIONS,RETROSPECTIVE_FROZEN_V1_BACKFILL
2025-26,1630164,James Wiseman,251,-1.1894,-0.16,-2.985324156008014,-0.0796284712848031,1600,37.490662671779255,drbl-ability-eb1600-r1-v1,drbl-r1-points-v1,drbl-r1-wineq-v1,historical-pbp-normalized-v1,B_CANONICAL_WITH_LIMITATIONS,RETROSPECTIVE_FROZEN_V1_BACKFILL
2025-26,203076,Anthony Davis,2606,-0.2655,-0.16,-6.918174594588532,-0.18453060313057956,1600,37.490662671779255,drbl-ability-eb1600-r1-v1,drbl-r1-points-v1,drbl-r1-wineq-v1,historical-pbp-normalized-v1,B_CANONICAL_WITH_LIMITATIONS,RETROSPECTIVE_FROZEN_V1_BACKFILL
2025-26,1629027,Trae Young,1685,-0.3258,-0.17,-5.489944833443765,-0.14643499053369013,1600,37.490662671779255,drbl-ability-eb1600-r1-v1,drbl-r1-points-v1,drbl-r1-wineq-v1,historical-pbp-normalized-v1,B_CANONICAL_WITH_LIMITATIONS,RETROSPECTIVE_FROZEN_V1_BACKFILL
2025-26,1642857,Kasparas Jakučionis,4275,-0.2313,-0.17,-9.889551991033153,-0.2637870681991818,1600,37.490662671779255,drbl-ability-eb1600-r1-v1,drbl-r1-points-v1,drbl-r1-wineq-v1,historical-pbp-normalized-v1,B_CANONICAL_WITH_LIMITATIONS,RETROSPECTIVE_FROZEN_V1_BACKFILL
2025-26,1642382,Branden Carlson,1951,-0.3156,-0.17,-6.1572721375907,-0.16423481738629092,1600,37.490662671779255,drbl-ability-eb1600-r1-v1,drbl-r1-points-v1,drbl-r1-wineq-v1,historical-pbp-normalized-v1,B_CANONICAL_WITH_LIMITATIONS,RETROSPECTIVE_FROZEN_V1_BACKFILL
2025-26,202685,Jonas Valančiūnas,3441,-0.2546,-0.17,-8.762285172298052,-0.2337191329214295,1600,37.490662671779255,drbl-ability-eb1600-r1-v1,drbl-r1-points-v1,drbl-r1-wineq-v1,historical-pbp-normalized-v1,B_CANONICAL_WITH_LIMITATIONS,RETROSPECTIVE_FROZEN_V1_BACKFILL
2025-26,1627826,Ivica Zubac,6013,-0.2286,-0.18,-13.746147675257482,-0.3666552334804358,1600,37.490662671779255,drbl-ability-eb1600-r1-v1,drbl-r1-points-v1,drbl-r1-wineq-v1,historical-pbp-normalized-v1,B_CANONICAL_WITH_LIMITATIONS,RETROSPECTIVE_FROZEN_V1_BACKFILL
2025-26,1641796,Pelle Larsson,8080,-0.2171,-0.18,-17.545412328258244,-0.4679941904965417,1600,37.490662671779255,drbl-ability-eb1600-r1-v1,drbl-r1-points-v1,drbl-r1-wineq-v1,historical-pbp-normalized-v1,B_CANONICAL_WITH_LIMITATIONS,RETROSPECTIVE_FROZEN_V1_BACKFILL
2025-26,1629111,Jock Landale,6163,-0.2295,-0.18,-14.14519072480166,-0.3772990317252866,1600,37.490662671779255,drbl-ability-eb1600-r1-v1,drbl-r1-points-v1,drbl-r1-wineq-v1,historical-pbp-normalized-v1,B_CANONICAL_WITH_LIMITATIONS,RETROSPECTIVE_FROZEN_V1_BACKFILL
2025-26,1627741,Buddy Hield,3313,-0.2712,-0.18,-8.983623983741932,-0.2396229712553006,1600,37.490662671779255,drbl-ability-eb1600-r1-v1,drbl-r1-points-v1,drbl-r1-wineq-v1,historical-pbp-normalized-v1,B_CANONICAL_WITH_LIMITATIONS,RETROSPECTIVE_FROZEN_V1_BACKFILL
2025-26,1642258,Zaccharie Risacher,6506,-0.229,-0.18,-14.899813498462992,-0.39742731754055355,1600,37.490662671779255,drbl-ability-eb1600-r1-v1,drbl-r1-points-v1,drbl-r1-wineq-v1,historical-pbp-normalized-v1,B_CANONICAL_WITH_LIMITATIONS,RETROSPECTIVE_FROZEN_V1_BACKFILL
2025-26,1628998,Cody Martin,237,-1.4447,-0.19,-3.423854474729768,-0.09132552563033361,1600,37.490662671779255,drbl-ability-eb1600-r1-v1,drbl-r1-points-v1,drbl-r1-wineq-v1,historical-pbp-normalized-v1,B_CANONICAL_WITH_LIMITATIONS,RETROSPECTIVE_FROZEN_V1_BACKFILL
2025-26,1631204,Marcus Sasser,1902,-0.3507,-0.19,-6.670745628924973,-0.1779308540722678,1600,37.490662671779255,drbl-ability-eb1600-r1-v1,drbl-r1-points-v1,drbl-r1-wineq-v1,historical-pbp-normalized-v1,B_CANONICAL_WITH_LIMITATIONS,RETROSPECTIVE_FROZEN_V1_BACKFILL
2025-26,1641755,Kevin McCullar Jr.,617,-0.6977,-0.19,-4.304611169583064,-0.11481822039980423,1600,37.490662671779255,drbl-ability-eb1600-r1-v1,drbl-r1-points-v1,drbl-r1-wineq-v1,historical-pbp-normalized-v1,B_CANONICAL_WITH_LIMITATIONS,RETROSPECTIVE_FROZEN_V1_BACKFILL
2025-26,1631102,TyTy Washington Jr.,347,-1.1042,-0.2,-3.831453503579203,-0.10219754014813116,1600,37.490662671779255,drbl-ability-eb1600-r1-v1,drbl-r1-points-v1,drbl-r1-wineq-v1,historical-pbp-normalized-v1,B_CANONICAL_WITH_LIMITATIONS,RETROSPECTIVE_FROZEN_V1_BACKFILL
2025-26,1641711,Gradey Dick,4505,-0.2682,-0.2,-12.081466277253282,-0.3222526734996203,1600,37.490662671779255,drbl-ability-eb1600-r1-v1,drbl-r1-points-v1,drbl-r1-wineq-v1,historical-pbp-normalized-v1,B_CANONICAL_WITH_LIMITATIONS,RETROSPECTIVE_FROZEN_V1_BACKFILL
2025-26,1641761,Grant Nelson,139,-2.5624,-0.2,-3.561729302486648,-0.09500310340386985,1600,37.490662671779255,drbl-ability-eb1600-r1-v1,drbl-r1-points-v1,drbl-r1-wineq-v1,historical-pbp-normalized-v1,B_CANONICAL_WITH_LIMITATIONS,RETROSPECTIVE_FROZEN_V1_BACKFILL
2025-26,1641733,Nick Smith Jr.,1497,-0.4264,-0.21,-6.382476874088522,-0.17024177273059704,1600,37.490662671779255,drbl-ability-eb1600-r1-v1,drbl-r1-points-v1,drbl-r1-wineq-v1,historical-pbp-normalized-v1,B_CANONICAL_WITH_LIMITATIONS,RETROSPECTIVE_FROZEN_V1_BACKFILL
2025-26,1642277,Johnny Furphy,2685,-0.3291,-0.21,-8.836538589722892,-0.23569971720917363,1600,37.490662671779255,drbl-ability-eb1600-r1-v1,drbl-r1-points-v1,drbl-r1-wineq-v1,historical-pbp-normalized-v1,B_CANONICAL_WITH_LIMITATIONS,RETROSPECTIVE_FROZEN_V1_BACKFILL
2025-26,1631093,Jaden Ivey,2896,-0.3256,-0.21,-9.429906669462808,-0.25152680687506446,1600,37.490662671779255,drbl-ability-eb1600-r1-v1,drbl-r1-points-v1,drbl-r1-wineq-v1,historical-pbp-normalized-v1,B_CANONICAL_WITH_LIMITATIONS,RETROSPECTIVE_FROZEN_V1_BACKFILL
2025-26,1630679,Ethan Thompson,2741,-0.3406,-0.22,-9.336449484389501,-0.2490339945742657,1600,37.490662671779255,drbl-ability-eb1600-r1-v1,drbl-r1-points-v1,drbl-r1-wineq-v1,historical-pbp-normalized-v1,B_CANONICAL_WITH_LIMITATIONS,RETROSPECTIVE_FROZEN_V1_BACKFILL
2025-26,204060,Joe Ingles,651,-0.748,-0.22,-4.869226133795088,-0.12987836935356048,1600,37.490662671779255,drbl-ability-eb1600-r1-v1,drbl-r1-points-v1,drbl-r1-wineq-v1,historical-pbp-normalized-v1,B_CANONICAL_WITH_LIMITATIONS,RETROSPECTIVE_FROZEN_V1_BACKFILL
2025-26,1628997,Caleb Martin,3590,-0.3132,-0.22,-11.244871638701586,-0.29993792686854953,1600,37.490662671779255,drbl-ability-eb1600-r1-v1,drbl-r1-points-v1,drbl-r1-wineq-v1,historical-pbp-normalized-v1,B_CANONICAL_WITH_LIMITATIONS,RETROSPECTIVE_FROZEN_V1_BACKFILL
2025-26,1643016,Bez Mbeng,2178,-0.3901,-0.22,-8.497352366174725,-0.22665249853188185,1600,37.490662671779255,drbl-ability-eb1600-r1-v1,drbl-r1-points-v1,drbl-r1-wineq-v1,historical-pbp-normalized-v1,B_CANONICAL_WITH_LIMITATIONS,RETROSPECTIVE_FROZEN_V1_BACKFILL
2025-26,1629021,Moritz Wagner,1791,-0.4405,-0.23,-7.88937255940715,-0.21043566576767397,1600,37.490662671779255,drbl-ability-eb1600-r1-v1,drbl-r1-points-v1,drbl-r1-wineq-v1,historical-pbp-normalized-v1,B_CANONICAL_WITH_LIMITATIONS,RETROSPECTIVE_FROZEN_V1_BACKFILL
2025-26,1628396,Tony Bradley,1883,-0.4415,-0.24,-8.31408346254971,-0.22176411058234133,1600,37.490662671779255,drbl-ability-eb1600-r1-v1,drbl-r1-points-v1,drbl-r1-wineq-v1,historical-pbp-normalized-v1,B_CANONICAL_WITH_LIMITATIONS,RETROSPECTIVE_FROZEN_V1_BACKFILL
2025-26,1643141,Jahmyl Telfort,127,-3.3305,-0.24,-4.229733998004882,-0.11282099852528812,1600,37.490662671779255,drbl-ability-eb1600-r1-v1,drbl-r1-points-v1,drbl-r1-wineq-v1,historical-pbp-normalized-v1,B_CANONICAL_WITH_LIMITATIONS,RETROSPECTIVE_FROZEN_V1_BACKFILL
2025-26,203967,Dario Šarić,200,-2.2204,-0.25,-4.440783481915745,-0.11845038645471859,1600,37.490662671779255,drbl-ability-eb1600-r1-v1,drbl-r1-points-v1,drbl-r1-wineq-v1,historical-pbp-normalized-v1,B_CANONICAL_WITH_LIMITATIONS,RETROSPECTIVE_FROZEN_V1_BACKFILL
2025-26,1627739,Kris Dunn,8988,-0.2961,-0.25,-26.60925652980229,-0.7097569003450067,1600,37.490662671779255,drbl-ability-eb1600-r1-v1,drbl-r1-points-v1,drbl-r1-wineq-v1,historical-pbp-normalized-v1,B_CANONICAL_WITH_LIMITATIONS,RETROSPECTIVE_FROZEN_V1_BACKFILL
2025-26,203903,Jordan Clarkson,5153,-0.3316,-0.25,-17.089195715730668,-0.4558253841854441,1600,37.490662671779255,drbl-ability-eb1600-r1-v1,drbl-r1-points-v1,drbl-r1-wineq-v1,historical-pbp-normalized-v1,B_CANONICAL_WITH_LIMITATIONS,RETROSPECTIVE_FROZEN_V1_BACKFILL
2025-26,1630209,Omer Yurtseven,440,-1.1849,-0.26,-5.213399123091271,-0.13905860157056144,1600,37.490662671779255,drbl-ability-eb1600-r1-v1,drbl-r1-points-v1,drbl-r1-wineq-v1,historical-pbp-normalized-v1,B_CANONICAL_WITH_LIMITATIONS,RETROSPECTIVE_FROZEN_V1_BACKFILL
2025-26,1629652,Luguentz Dort,7613,-0.3106,-0.26,-23.645837544651815,-0.6307127124336215,1600,37.490662671779255,drbl-ability-eb1600-r1-v1,drbl-r1-points-v1,drbl-r1-wineq-v1,historical-pbp-normalized-v1,B_CANONICAL_WITH_LIMITATIONS,RETROSPECTIVE_FROZEN_V1_BACKFILL
2025-26,1642863,Khaman Maluach,1608,-0.5142,-0.26,-8.268719439606098,-0.22055410201725506,1600,37.490662671779255,drbl-ability-eb1600-r1-v1,drbl-r1-points-v1,drbl-r1-wineq-v1,historical-pbp-normalized-v1,B_CANONICAL_WITH_LIMITATIONS,RETROSPECTIVE_FROZEN_V1_BACKFILL
2025-26,1629006,Josh Okogie,5430,-0.3353,-0.26,-18.208666187665052,-0.48568536510216065,1600,37.490662671779255,drbl-ability-eb1600-r1-v1,drbl-r1-points-v1,drbl-r1-wineq-v1,historical-pbp-normalized-v1,B_CANONICAL_WITH_LIMITATIONS,RETROSPECTIVE_FROZEN_V1_BACKFILL
2025-26,1629656,Quentin Grimes,9191,-0.3095,-0.26,-28.442330690702416,-0.7586510523888956,1600,37.490662671779255,drbl-ability-eb1600-r1-v1,drbl-r1-points-v1,drbl-r1-wineq-v1,historical-pbp-normalized-v1,B_CANONICAL_WITH_LIMITATIONS,RETROSPECTIVE_FROZEN_V1_BACKFILL
2025-26,1631222,Jake LaRavia,8523,-0.3177,-0.27,-27.075864396439716,-0.7222028757795422,1600,37.490662671779255,drbl-ability-eb1600-r1-v1,drbl-r1-points-v1,drbl-r1-wineq-v1,historical-pbp-normalized-v1,B_CANONICAL_WITH_LIMITATIONS,RETROSPECTIVE_FROZEN_V1_BACKFILL
2025-26,1642935,Chucky Hepburn,53,-8.5279,-0.27,-4.519767779474988,-0.12055715896633647,1600,37.490662671779255,drbl-ability-eb1600-r1-v1,drbl-r1-points-v1,drbl-r1-wineq-v1,historical-pbp-normalized-v1,B_CANONICAL_WITH_LIMITATIONS,RETROSPECTIVE_FROZEN_V1_BACKFILL
2025-26,1626204,Larry Nance Jr.,1927,-0.5048,-0.28,-9.727219266967495,-0.2594571174195213,1600,37.490662671779255,drbl-ability-eb1600-r1-v1,drbl-r1-points-v1,drbl-r1-wineq-v1,historical-pbp-normalized-v1,B_CANONICAL_WITH_LIMITATIONS,RETROSPECTIVE_FROZEN_V1_BACKFILL
2025-26,1630552,Jalen Johnson,10755,-0.3176,-0.28,-34.15713367996624,-0.9110837538136584,1600,37.490662671779255,drbl-ability-eb1600-r1-v1,drbl-r1-points-v1,drbl-r1-wineq-v1,historical-pbp-normalized-v1,B_CANONICAL_WITH_LIMITATIONS,RETROSPECTIVE_FROZEN_V1_BACKFILL
2025-26,202066,Garrett Temple,296,-1.7718,-0.28,-5.24462304887055,-0.1398914469660306,1600,37.490662671779255,drbl-ability-eb1600-r1-v1,drbl-r1-points-v1,drbl-r1-wineq-v1,historical-pbp-normalized-v1,B_CANONICAL_WITH_LIMITATIONS,RETROSPECTIVE_FROZEN_V1_BACKFILL
2025-26,1630228,Jonathan Kuminga,3432,-0.4177,-0.28,-14.335316404104699,-0.3823703125657332,1600,37.490662671779255,drbl-ability-eb1600-r1-v1,drbl-r1-points-v1,drbl-r1-wineq-v1,historical-pbp-normalized-v1,B_CANONICAL_WITH_LIMITATIONS,RETROSPECTIVE_FROZEN_V1_BACKFILL
2025-26,203914,Gary Harris,2660,-0.4578,-0.29,-12.178312433795604,-0.32483588088088705,1600,37.490662671779255,drbl-ability-eb1600-r1-v1,drbl-r1-points-v1,drbl-r1-wineq-v1,historical-pbp-normalized-v1,B_CANONICAL_WITH_LIMITATIONS,RETROSPECTIVE_FROZEN_V1_BACKFILL
2025-26,1642443,Jahmir Young,209,-2.4833,-0.29,-5.1901765172259635,-0.1384391778471502,1600,37.490662671779255,drbl-ability-eb1600-r1-v1,drbl-r1-points-v1,drbl-r1-wineq-v1,historical-pbp-normalized-v1,B_CANONICAL_WITH_LIMITATIONS,RETROSPECTIVE_FROZEN_V1_BACKFILL
2025-26,1630702,Jaden Hardy,3886,-0.4084,-0.29,-15.870420731795546,-0.42331662341465776,1600,37.490662671779255,drbl-ability-eb1600-r1-v1,drbl-r1-points-v1,drbl-r1-wineq-v1,historical-pbp-normalized-v1,B_CANONICAL_WITH_LIMITATIONS,RETROSPECTIVE_FROZEN_V1_BACKFILL
2025-26,1642883,Sion James,7427,-0.3525,-0.29,-26.183362715223353,-0.6983969033690256,1600,37.490662671779255,drbl-ability-eb1600-r1-v1,drbl-r1-points-v1,drbl-r1-wineq-v1,historical-pbp-normalized-v1,B_CANONICAL_WITH_LIMITATIONS,RETROSPECTIVE_FROZEN_V1_BACKFILL
2025-26,1642269,Devin Carter,2823,-0.4562,-0.29,-12.878098349605466,-0.34350148628605953,1600,37.490662671779255,drbl-ability-eb1600-r1-v1,drbl-r1-points-v1,drbl-r1-wineq-v1,historical-pbp-normalized-v1,B_CANONICAL_WITH_LIMITATIONS,RETROSPECTIVE_FROZEN_V1_BACKFILL
2025-26,1642860,Will Riley,6812,-0.3695,-0.3,-25.17341779701118,-0.6714583313023228,1600,37.490662671779255,drbl-ability-eb1600-r1-v1,drbl-r1-points-v1,drbl-r1-wineq-v1,historical-pbp-normalized-v1,B_CANONICAL_WITH_LIMITATIONS,RETROSPECTIVE_FROZEN_V1_BACKFILL
2025-26,201572,Brook Lopez,6467,-0.3791,-0.3,-24.518241700955993,-0.6539826173681339,1600,37.490662671779255,drbl-ability-eb1600-r1-v1,drbl-r1-points-v1,drbl-r1-wineq-v1,historical-pbp-normalized-v1,B_CANONICAL_WITH_LIMITATIONS,RETROSPECTIVE_FROZEN_V1_BACKFILL
2025-26,1628369,Jayson Tatum,2177,-0.5325,-0.31,-11.59298255195282,-0.30922319654486474,1600,37.490662671779255,drbl-ability-eb1600-r1-v1,drbl-r1-points-v1,drbl-r1-wineq-v1,historical-pbp-normalized-v1,B_CANONICAL_WITH_LIMITATIONS,RETROSPECTIVE_FROZEN_V1_BACKFILL
2025-26,1631457,Alex Morales,94,-5.5515,-0.31,-5.218380296521135,-0.139191465944645,1600,37.490662671779255,drbl-ability-eb1600-r1-v1,drbl-r1-points-v1,drbl-r1-wineq-v1,historical-pbp-normalized-v1,B_CANONICAL_WITH_LIMITATIONS,RETROSPECTIVE_FROZEN_V1_BACKFILL
2025-26,1630703,Scoot Henderson,3251,-0.462,-0.31,-15.020380405013865,-0.4006432357974914,1600,37.490662671779255,drbl-ability-eb1600-r1-v1,drbl-r1-points-v1,drbl-r1-wineq-v1,historical-pbp-normalized-v1,B_CANONICAL_WITH_LIMITATIONS,RETROSPECTIVE_FROZEN_V1_BACKFILL
2025-26,203935,Marcus Smart,7364,-0.3811,-0.31,-28.061440665126543,-0.7484914553470812,1600,37.490662671779255,drbl-ability-eb1600-r1-v1,drbl-r1-points-v1,drbl-r1-wineq-v1,historical-pbp-normalized-v1,B_CANONICAL_WITH_LIMITATIONS,RETROSPECTIVE_FROZEN_V1_BACKFILL
2025-26,1642951,Sean Pedulla,121,-4.4537,-0.31,-5.389000387997165,-0.1437424682293942,1600,37.490662671779255,drbl-ability-eb1600-r1-v1,drbl-r1-points-v1,drbl-r1-wineq-v1,historical-pbp-normalized-v1,B_CANONICAL_WITH_LIMITATIONS,RETROSPECTIVE_FROZEN_V1_BACKFILL
2025-26,1628370,Malik Monk,5979,-0.3983,-0.31,-23.814979424413583,-0.635224285921734,1600,37.490662671779255,drbl-ability-eb1600-r1-v1,drbl-r1-points-v1,drbl-r1-wineq-v1,historical-pbp-normalized-v1,B_CANONICAL_WITH_LIMITATIONS,RETROSPECTIVE_FROZEN_V1_BACKFILL
2025-26,203484,Kentavious Caldwell-Pope,4416,-0.4311,-0.32,-19.037340155704,-0.5077888412475083,1600,37.490662671779255,drbl-ability-eb1600-r1-v1,drbl-r1-points-v1,drbl-r1-wineq-v1,historical-pbp-normalized-v1,B_CANONICAL_WITH_LIMITATIONS,RETROSPECTIVE_FROZEN_V1_BACKFILL
2025-26,1628964,Mo Bamba,174,-3.2392,-0.32,-5.636128355729154,-0.15033418867711018,1600,37.490662671779255,drbl-ability-eb1600-r1-v1,drbl-r1-points-v1,drbl-r1-wineq-v1,historical-pbp-normalized-v1,B_CANONICAL_WITH_LIMITATIONS,RETROSPECTIVE_FROZEN_V1_BACKFILL
2025-26,1631110,Jeremy Sochan,1915,-0.5855,-0.32,-11.212226709833022,-0.29906717861972926,1600,37.490662671779255,drbl-ability-eb1600-r1-v1,drbl-r1-points-v1,drbl-r1-wineq-v1,historical-pbp-normalized-v1,B_CANONICAL_WITH_LIMITATIONS,RETROSPECTIVE_FROZEN_V1_BACKFILL
2025-26,1642950,Lachlan Olbrich,1400,-0.6861,-0.32,-9.605871916030075,-0.25622038212892956,1600,37.490662671779255,drbl-ability-eb1600-r1-v1,drbl-r1-points-v1,drbl-r1-wineq-v1,historical-pbp-normalized-v1,B_CANONICAL_WITH_LIMITATIONS,RETROSPECTIVE_FROZEN_V1_BACKFILL
2025-26,1641778,Leaky Black,1860,-0.6081,-0.33,-11.310093191842897,-0.30167760145665456,1600,37.490662671779255,drbl-ability-eb1600-r1-v1,drbl-r1-points-v1,drbl-r1-wineq-v1,historical-pbp-normalized-v1,B_CANONICAL_WITH_LIMITATIONS,RETROSPECTIVE_FROZEN_V1_BACKFILL
2025-26,1642380,Adama Bal,1060,-0.8204,-0.33,-8.696435586911255,-0.23196270663568225,1600,37.490662671779255,drbl-ability-eb1600-r1-v1,drbl-r1-points-v1,drbl-r1-wineq-v1,historical-pbp-normalized-v1,B_CANONICAL_WITH_LIMITATIONS,RETROSPECTIVE_FROZEN_V1_BACKFILL
2025-26,1629636,Darius Garland,5737,-0.4206,-0.33,-24.127275242078923,-0.6435542485153377,1600,37.490662671779255,drbl-ability-eb1600-r1-v1,drbl-r1-points-v1,drbl-r1-wineq-v1,historical-pbp-normalized-v1,B_CANONICAL_WITH_LIMITATIONS,RETROSPECTIVE_FROZEN_V1_BACKFILL
2025-26,1642272,Jared McCain,4778,-0.4399,-0.33,-21.01838788413587,-0.560629937863362,1600,37.490662671779255,drbl-ability-eb1600-r1-v1,drbl-r1-points-v1,drbl-r1-wineq-v1,historical-pbp-normalized-v1,B_CANONICAL_WITH_LIMITATIONS,RETROSPECTIVE_FROZEN_V1_BACKFILL
2025-26,1630536,Sharife Cooper,3026,-0.5039,-0.33,-15.247279931164533,-0.40669539678853905,1600,37.490662671779255,drbl-ability-eb1600-r1-v1,drbl-r1-points-v1,drbl-r1-wineq-v1,historical-pbp-normalized-v1,B_CANONICAL_WITH_LIMITATIONS,RETROSPECTIVE_FROZEN_V1_BACKFILL
2025-26,201143,Al Horford,4097,-0.4671,-0.34,-19.137260001287434,-0.5104540340838741,1600,37.490662671779255,drbl-ability-eb1600-r1-v1,drbl-r1-points-v1,drbl-r1-wineq-v1,historical-pbp-normalized-v1,B_CANONICAL_WITH_LIMITATIONS,RETROSPECTIVE_FROZEN_V1_BACKFILL
2025-26,1626172,Kevon Looney,1304,-0.7492,-0.34,-9.77013548493358,-0.2606018349280328,1600,37.490662671779255,drbl-ability-eb1600-r1-v1,drbl-r1-points-v1,drbl-r1-wineq-v1,historical-pbp-normalized-v1,B_CANONICAL_WITH_LIMITATIONS,RETROSPECTIVE_FROZEN_V1_BACKFILL
2025-26,1641731,Bilal Coulibaly,6360,-0.4223,-0.34,-26.860273579078257,-0.7164523554633532,1600,37.490662671779255,drbl-ability-eb1600-r1-v1,drbl-r1-points-v1,drbl-r1-wineq-v1,historical-pbp-normalized-v1,B_CANONICAL_WITH_LIMITATIONS,RETROSPECTIVE_FROZEN_V1_BACKFILL
2025-26,1631212,Peyton Watson,6549,-0.4259,-0.34,-27.88967557593232,-0.7439099121853082,1600,37.490662671779255,drbl-ability-eb1600-r1-v1,drbl-r1-points-v1,drbl-r1-wineq-v1,historical-pbp-normalized-v1,B_CANONICAL_WITH_LIMITATIONS,RETROSPECTIVE_FROZEN_V1_BACKFILL
2025-26,1642259,Alex Sarr,5448,-0.4454,-0.34,-24.26591966957103,-0.647252354059801,1600,37.490662671779255,drbl-ability-eb1600-r1-v1,drbl-r1-points-v1,drbl-r1-wineq-v1,historical-pbp-normalized-v1,B_CANONICAL_WITH_LIMITATIONS,RETROSPECTIVE_FROZEN_V1_BACKFILL
2025-26,1642530,Yuki Kawamura,926,-0.9472,-0.35,-8.770877158717093,-0.23394830962321958,1600,37.490662671779255,drbl-ability-eb1600-r1-v1,drbl-r1-points-v1,drbl-r1-wineq-v1,historical-pbp-normalized-v1,B_CANONICAL_WITH_LIMITATIONS,RETROSPECTIVE_FROZEN_V1_BACKFILL
2025-26,1642874,Danny Wolf,4872,-0.4679,-0.35,-22.7938745456107,-0.607988040786715,1600,37.490662671779255,drbl-ability-eb1600-r1-v1,drbl-r1-points-v1,drbl-r1-wineq-v1,historical-pbp-normalized-v1,B_CANONICAL_WITH_LIMITATIONS,RETROSPECTIVE_FROZEN_V1_BACKFILL
2025-26,1641809,Drew Peterson,258,-2.5871,-0.36,-6.674630158561546,-0.17803446732846925,1600,37.490662671779255,drbl-ability-eb1600-r1-v1,drbl-r1-points-v1,drbl-r1-wineq-v1,historical-pbp-normalized-v1,B_CANONICAL_WITH_LIMITATIONS,RETROSPECTIVE_FROZEN_V1_BACKFILL
2025-26,1630171,Isaac Okoro,7282,-0.4503,-0.37,-32.79007233553867,-0.8746197052478639,1600,37.490662671779255,drbl-ability-eb1600-r1-v1,drbl-r1-points-v1,drbl-r1-wineq-v1,historical-pbp-normalized-v1,B_CANONICAL_WITH_LIMITATIONS,RETROSPECTIVE_FROZEN_V1_BACKFILL
2025-26,1642959,Chris Youngblood,704,-1.2114,-0.37,-8.528037613613547,-0.2274709755939563,1600,37.490662671779255,drbl-ability-eb1600-r1-v1,drbl-r1-points-v1,drbl-r1-wineq-v1,historical-pbp-normalized-v1,B_CANONICAL_WITH_LIMITATIONS,RETROSPECTIVE_FROZEN_V1_BACKFILL
2025-26,1628467,Maxi Kleber,1979,-0.6784,-0.38,-13.426167323576566,-0.3581202989426748,1600,37.490662671779255,drbl-ability-eb1600-r1-v1,drbl-r1-points-v1,drbl-r1-wineq-v1,historical-pbp-normalized-v1,B_CANONICAL_WITH_LIMITATIONS,RETROSPECTIVE_FROZEN_V1_BACKFILL
2025-26,1641727,Dariq Whitehead,811,-1.1198,-0.38,-9.08162079806116,-0.24223687048608145,1600,37.490662671779255,drbl-ability-eb1600-r1-v1,drbl-r1-points-v1,drbl-r1-wineq-v1,historical-pbp-normalized-v1,B_CANONICAL_WITH_LIMITATIONS,RETROSPECTIVE_FROZEN_V1_BACKFILL
2025-26,1641890,Tyler Smith,765,-1.1709,-0.38,-8.95739409007198,-0.23892333321743536,1600,37.490662671779255,drbl-ability-eb1600-r1-v1,drbl-r1-points-v1,drbl-r1-wineq-v1,historical-pbp-normalized-v1,B_CANONICAL_WITH_LIMITATIONS,RETROSPECTIVE_FROZEN_V1_BACKFILL
2025-26,1630174,Aaron Nesmith,5689,-0.4896,-0.38,-27.853508324232138,-0.7429452119340266,1600,37.490662671779255,drbl-ability-eb1600-r1-v1,drbl-r1-points-v1,drbl-r1-wineq-v1,historical-pbp-normalized-v1,B_CANONICAL_WITH_LIMITATIONS,RETROSPECTIVE_FROZEN_V1_BACKFILL
2025-26,203083,Andre Drummond,5128,-0.5042,-0.38,-25.856566049079873,-0.6896801551748287,1600,37.490662671779255,drbl-ability-eb1600-r1-v1,drbl-r1-points-v1,drbl-r1-wineq-v1,historical-pbp-normalized-v1,B_CANONICAL_WITH_LIMITATIONS,RETROSPECTIVE_FROZEN_V1_BACKFILL
2025-26,1631200,Kris Murray,5589,-0.4946,-0.38,-27.64302628450474,-0.737330959618187,1600,37.490662671779255,drbl-ability-eb1600-r1-v1,drbl-r1-points-v1,drbl-r1-wineq-v1,historical-pbp-normalized-v1,B_CANONICAL_WITH_LIMITATIONS,RETROSPECTIVE_FROZEN_V1_BACKFILL
2025-26,1642882,Julian Reese,1718,-0.7461,-0.39,-12.81820868670302,-0.3419040308495749,1600,37.490662671779255,drbl-ability-eb1600-r1-v1,drbl-r1-points-v1,drbl-r1-wineq-v1,historical-pbp-normalized-v1,B_CANONICAL_WITH_LIMITATIONS,RETROSPECTIVE_FROZEN_V1_BACKFILL
2025-26,1630578,Alperen Sengun,9731,-0.4508,-0.39,-43.86840050528781,-1.1701153668406437,1600,37.490662671779255,drbl-ability-eb1600-r1-v1,drbl-r1-points-v1,drbl-r1-wineq-v1,historical-pbp-normalized-v1,B_CANONICAL_WITH_LIMITATIONS,RETROSPECTIVE_FROZEN_V1_BACKFILL
2025-26,1642876,Adou Thiero,608,-1.4167,-0.39,-8.61380785129609,-0.22975875157789763,1600,37.490662671779255,drbl-ability-eb1600-r1-v1,drbl-r1-points-v1,drbl-r1-wineq-v1,historical-pbp-normalized-v1,B_CANONICAL_WITH_LIMITATIONS,RETROSPECTIVE_FROZEN_V1_BACKFILL
2025-26,1627749,Dejounte Murray,1633,-0.7768,-0.39,-12.68478767740201,-0.338345251148371,1600,37.490662671779255,drbl-ability-eb1600-r1-v1,drbl-r1-points-v1,drbl-r1-wineq-v1,historical-pbp-normalized-v1,B_CANONICAL_WITH_LIMITATIONS,RETROSPECTIVE_FROZEN_V1_BACKFILL
2025-26,1631094,Paolo Banchero,10014,-0.4558,-0.39,-45.64706485989994,-1.2175582293524074,1600,37.490662671779255,drbl-ability-eb1600-r1-v1,drbl-r1-points-v1,drbl-r1-wineq-v1,historical-pbp-normalized-v1,B_CANONICAL_WITH_LIMITATIONS,RETROSPECTIVE_FROZEN_V1_BACKFILL
2025-26,1642450,Daniss Jenkins,5976,-0.4993,-0.39,-29.83991835881149,-0.7959293389944054,1600,37.490662671779255,drbl-ability-eb1600-r1-v1,drbl-r1-points-v1,drbl-r1-wineq-v1,historical-pbp-normalized-v1,B_CANONICAL_WITH_LIMITATIONS,RETROSPECTIVE_FROZEN_V1_BACKFILL
2025-26,1641989,Elijah Harkless,2310,-0.675,-0.4,-15.592174979919143,-0.41589488872001207,1600,37.490662671779255,drbl-ability-eb1600-r1-v1,drbl-r1-points-v1,drbl-r1-wineq-v1,historical-pbp-normalized-v1,B_CANONICAL_WITH_LIMITATIONS,RETROSPECTIVE_FROZEN_V1_BACKFILL
2025-26,1630545,Terrence Shannon Jr.,2183,-0.6959,-0.4,-15.190407019113197,-0.4051784080772633,1600,37.490662671779255,drbl-ability-eb1600-r1-v1,drbl-r1-points-v1,drbl-r1-wineq-v1,historical-pbp-normalized-v1,B_CANONICAL_WITH_LIMITATIONS,RETROSPECTIVE_FROZEN_V1_BACKFILL
2025-26,1630256,Jae'Sean Tate,1621,-0.8071,-0.41,-13.082404162081454,-0.34895099818892,1600,37.490662671779255,drbl-ability-eb1600-r1-v1,drbl-r1-points-v1,drbl-r1-wineq-v1,historical-pbp-normalized-v1,B_CANONICAL_WITH_LIMITATIONS,RETROSPECTIVE_FROZEN_V1_BACKFILL
2025-26,1629234,Drew Eubanks,2352,-0.6863,-0.41,-16.140676727929176,-0.43052524489194793,1600,37.490662671779255,drbl-ability-eb1600-r1-v1,drbl-r1-points-v1,drbl-r1-wineq-v1,historical-pbp-normalized-v1,B_CANONICAL_WITH_LIMITATIONS,RETROSPECTIVE_FROZEN_V1_BACKFILL
2025-26,1642877,Micah Peavy,3928,-0.5777,-0.41,-22.693768186233946,-0.6053178730104567,1600,37.490662671779255,drbl-ability-eb1600-r1-v1,drbl-r1-points-v1,drbl-r1-wineq-v1,historical-pbp-normalized-v1,B_CANONICAL_WITH_LIMITATIONS,RETROSPECTIVE_FROZEN_V1_BACKFILL
2025-26,1642282,Hunter Sallis,108,-6.7772,-0.43,-7.319374627707374,-0.1952319352630959,1600,37.490662671779255,drbl-ability-eb1600-r1-v1,drbl-r1-points-v1,drbl-r1-wineq-v1,historical-pbp-normalized-v1,B_CANONICAL_WITH_LIMITATIONS,RETROSPECTIVE_FROZEN_V1_BACKFILL
2025-26,1642873,Amari Williams,559,-1.6988,-0.44,-9.496300554097818,-0.25329775142241134,1600,37.490662671779255,drbl-ability-eb1600-r1-v1,drbl-r1-points-v1,drbl-r1-wineq-v1,historical-pbp-normalized-v1,B_CANONICAL_WITH_LIMITATIONS,RETROSPECTIVE_FROZEN_V1_BACKFILL
2025-26,1630558,Davion Mitchell,8546,-0.5231,-0.44,-44.704951840098225,-1.192428958417677,1600,37.490662671779255,drbl-ability-eb1600-r1-v1,drbl-r1-points-v1,drbl-r1-wineq-v1,historical-pbp-normalized-v1,B_CANONICAL_WITH_LIMITATIONS,RETROSPECTIVE_FROZEN_V1_BACKFILL
2025-26,1630526,Jeremiah Robinson-Earl,1554,-0.8997,-0.44,-13.98059225263873,-0.37290864594832807,1600,37.490662671779255,drbl-ability-eb1600-r1-v1,drbl-r1-points-v1,drbl-r1-wineq-v1,historical-pbp-normalized-v1,B_CANONICAL_WITH_LIMITATIONS,RETROSPECTIVE_FROZEN_V1_BACKFILL
2025-26,1630224,Jalen Green,3381,-0.6635,-0.45,-22.431328780707833,-0.5983177458635002,1600,37.490662671779255,drbl-ability-eb1600-r1-v1,drbl-r1-points-v1,drbl-r1-wineq-v1,historical-pbp-normalized-v1,B_CANONICAL_WITH_LIMITATIONS,RETROSPECTIVE_FROZEN_V1_BACKFILL
2025-26,1642403,Isaac Jones,140,-5.6034,-0.45,-7.844800934119702,-0.20924679306948613,1600,37.490662671779255,drbl-ability-eb1600-r1-v1,drbl-r1-points-v1,drbl-r1-wineq-v1,historical-pbp-normalized-v1,B_CANONICAL_WITH_LIMITATIONS,RETROSPECTIVE_FROZEN_V1_BACKFILL
2025-26,1628971,Bruce Brown,8071,-0.5501,-0.46,-44.395414043791654,-1.184172561377793,1600,37.490662671779255,drbl-ability-eb1600-r1-v1,drbl-r1-points-v1,drbl-r1-wineq-v1,historical-pbp-normalized-v1,B_CANONICAL_WITH_LIMITATIONS,RETROSPECTIVE_FROZEN_V1_BACKFILL
2025-26,1630286,Trevon Scott,748,-1.4835,-0.47,-11.096435753243222,-0.2959786507480424,1600,37.490662671779255,drbl-ability-eb1600-r1-v1,drbl-r1-points-v1,drbl-r1-wineq-v1,historical-pbp-normalized-v1,B_CANONICAL_WITH_LIMITATIONS,RETROSPECTIVE_FROZEN_V1_BACKFILL
2025-26,1642918,Alijah Martin,568,-1.815,-0.48,-10.309361190514254,-0.2749847683613907,1600,37.490662671779255,drbl-ability-eb1600-r1-v1,drbl-r1-points-v1,drbl-r1-wineq-v1,historical-pbp-normalized-v1,B_CANONICAL_WITH_LIMITATIONS,RETROSPECTIVE_FROZEN_V1_BACKFILL
2025-26,203500,Steven Adams,3028,-0.7271,-0.48,-22.01581201144713,-0.5872345390154794,1600,37.490662671779255,drbl-ability-eb1600-r1-v1,drbl-r1-points-v1,drbl-r1-wineq-v1,historical-pbp-normalized-v1,B_CANONICAL_WITH_LIMITATIONS,RETROSPECTIVE_FROZEN_V1_BACKFILL
2025-26,1642869,Noah Penda,2958,-0.7361,-0.48,-21.77442647014921,-0.5807959880778449,1600,37.490662671779255,drbl-ability-eb1600-r1-v1,drbl-r1-points-v1,drbl-r1-wineq-v1,historical-pbp-normalized-v1,B_CANONICAL_WITH_LIMITATIONS,RETROSPECTIVE_FROZEN_V1_BACKFILL
2025-26,1642878,Tyrese Proctor,2201,-0.8308,-0.48,-18.285252664299122,-0.4877281797972372,1600,37.490662671779255,drbl-ability-eb1600-r1-v1,drbl-r1-points-v1,drbl-r1-wineq-v1,historical-pbp-normalized-v1,B_CANONICAL_WITH_LIMITATIONS,RETROSPECTIVE_FROZEN_V1_BACKFILL
2025-26,1628398,Kyle Kuzma,7571,-0.5877,-0.49,-44.49551675865949,-1.1868426319429417,1600,37.490662671779255,drbl-ability-eb1600-r1-v1,drbl-r1-points-v1,drbl-r1-wineq-v1,historical-pbp-normalized-v1,B_CANONICAL_WITH_LIMITATIONS,RETROSPECTIVE_FROZEN_V1_BACKFILL
2025-26,1631120,JD Davison,858,-1.399,-0.49,-12.003689309354098,-0.320178104464122,1600,37.490662671779255,drbl-ability-eb1600-r1-v1,drbl-r1-points-v1,drbl-r1-wineq-v1,historical-pbp-normalized-v1,B_CANONICAL_WITH_LIMITATIONS,RETROSPECTIVE_FROZEN_V1_BACKFILL
2025-26,203994,Jusuf Nurkić,4771,-0.6563,-0.49,-31.309987861792706,-0.8351409559202325,1600,37.490662671779255,drbl-ability-eb1600-r1-v1,drbl-r1-points-v1,drbl-r1-wineq-v1,historical-pbp-normalized-v1,B_CANONICAL_WITH_LIMITATIONS,RETROSPECTIVE_FROZEN_V1_BACKFILL
2025-26,1641737,Adem Bona,5133,-0.6457,-0.49,-33.14280040026645,-0.8840281296285111,1600,37.490662671779255,drbl-ability-eb1600-r1-v1,drbl-r1-points-v1,drbl-r1-wineq-v1,historical-pbp-normalized-v1,B_CANONICAL_WITH_LIMITATIONS,RETROSPECTIVE_FROZEN_V1_BACKFILL
2025-26,1642274,Yves Missi,5347,-0.6411,-0.49,-34.28213643083578,-0.9144179907132273,1600,37.490662671779255,drbl-ability-eb1600-r1-v1,drbl-r1-points-v1,drbl-r1-wineq-v1,historical-pbp-normalized-v1,B_CANONICAL_WITH_LIMITATIONS,RETROSPECTIVE_FROZEN_V1_BACKFILL
2025-26,203992,Bogdan Bogdanović,1790,-0.9357,-0.49,-16.748548457154833,-0.44673919487057095,1600,37.490662671779255,drbl-ability-eb1600-r1-v1,drbl-r1-points-v1,drbl-r1-wineq-v1,historical-pbp-normalized-v1,B_CANONICAL_WITH_LIMITATIONS,RETROSPECTIVE_FROZEN_V1_BACKFILL
2025-26,1631097,Bennedict Mathurin,6777,-0.6151,-0.5,-41.688389490855826,-1.1119672611771776,1600,37.490662671779255,drbl-ability-eb1600-r1-v1,drbl-r1-points-v1,drbl-r1-wineq-v1,historical-pbp-normalized-v1,B_CANONICAL_WITH_LIMITATIONS,RETROSPECTIVE_FROZEN_V1_BACKFILL
2025-26,1630579,Jericho Sims,5291,-0.6524,-0.5,-34.52106296004096,-0.9207909516634488,1600,37.490662671779255,drbl-ability-eb1600-r1-v1,drbl-r1-points-v1,drbl-r1-wineq-v1,historical-pbp-normalized-v1,B_CANONICAL_WITH_LIMITATIONS,RETROSPECTIVE_FROZEN_V1_BACKFILL
2025-26,201587,Nicolas Batum,5229,-0.662,-0.51,-34.61354433095204,-0.9232577357723543,1600,37.490662671779255,drbl-ability-eb1600-r1-v1,drbl-r1-points-v1,drbl-r1-wineq-v1,historical-pbp-normalized-v1,B_CANONICAL_WITH_LIMITATIONS,RETROSPECTIVE_FROZEN_V1_BACKFILL
2025-26,1630548,Johnny Juzang,371,-2.7112,-0.51,-10.058582084415663,-0.26829565997474797,1600,37.490662671779255,drbl-ability-eb1600-r1-v1,drbl-r1-points-v1,drbl-r1-wineq-v1,historical-pbp-normalized-v1,B_CANONICAL_WITH_LIMITATIONS,RETROSPECTIVE_FROZEN_V1_BACKFILL
2025-26,1642917,Max Shulga,153,-5.8661,-0.51,-8.975160739952603,-0.23939722854535114,1600,37.490662671779255,drbl-ability-eb1600-r1-v1,drbl-r1-points-v1,drbl-r1-wineq-v1,historical-pbp-normalized-v1,B_CANONICAL_WITH_LIMITATIONS,RETROSPECTIVE_FROZEN_V1_BACKFILL
2025-26,1641752,Bobi Klintman,310,-3.1567,-0.51,-9.785670064899165,-0.2610161935671848,1600,37.490662671779255,drbl-ability-eb1600-r1-v1,drbl-r1-points-v1,drbl-r1-wineq-v1,historical-pbp-normalized-v1,B_CANONICAL_WITH_LIMITATIONS,RETROSPECTIVE_FROZEN_V1_BACKFILL
2025-26,1641738,Kobe Brown,3967,-0.7205,-0.51,-28.58162659484894,-0.7623665349709461,1600,37.490662671779255,drbl-ability-eb1600-r1-v1,drbl-r1-points-v1,drbl-r1-wineq-v1,historical-pbp-normalized-v1,B_CANONICAL_WITH_LIMITATIONS,RETROSPECTIVE_FROZEN_V1_BACKFILL
2025-26,1631174,Tyler Burton,1310,-1.1447,-0.52,-14.995016134447347,-0.39996668679144753,1600,37.490662671779255,drbl-ability-eb1600-r1-v1,drbl-r1-points-v1,drbl-r1-wineq-v1,historical-pbp-normalized-v1,B_CANONICAL_WITH_LIMITATIONS,RETROSPECTIVE_FROZEN_V1_BACKFILL
2025-26,1630598,Aaron Wiggins,5896,-0.6597,-0.52,-38.89529718182526,-1.037466249192318,1600,37.490662671779255,drbl-ability-eb1600-r1-v1,drbl-r1-points-v1,drbl-r1-wineq-v1,historical-pbp-normalized-v1,B_CANONICAL_WITH_LIMITATIONS,RETROSPECTIVE_FROZEN_V1_BACKFILL
2025-26,1630811,Keaton Wallace,2280,-0.8885,-0.52,-20.257367134454455,-0.5403309968618666,1600,37.490662671779255,drbl-ability-eb1600-r1-v1,drbl-r1-points-v1,drbl-r1-wineq-v1,historical-pbp-normalized-v1,B_CANONICAL_WITH_LIMITATIONS,RETROSPECTIVE_FROZEN_V1_BACKFILL
2025-26,1629611,Terance Mann,6250,-0.6595,-0.53,-41.221429217046236,-1.0995118858775277,1600,37.490662671779255,drbl-ability-eb1600-r1-v1,drbl-r1-points-v1,drbl-r1-wineq-v1,historical-pbp-normalized-v1,B_CANONICAL_WITH_LIMITATIONS,RETROSPECTIVE_FROZEN_V1_BACKFILL
2025-26,1631113,Kennedy Chandler,1596,-1.0567,-0.53,-16.86454851057363,-0.4498333000464209,1600,37.490662671779255,drbl-ability-eb1600-r1-v1,drbl-r1-points-v1,drbl-r1-wineq-v1,historical-pbp-normalized-v1,B_CANONICAL_WITH_LIMITATIONS,RETROSPECTIVE_FROZEN_V1_BACKFILL
2025-26,1630570,Trendon Watford,3779,-0.7527,-0.53,-28.44436886737499,-0.7587054173034457,1600,37.490662671779255,drbl-ability-eb1600-r1-v1,drbl-r1-points-v1,drbl-r1-wineq-v1,historical-pbp-normalized-v1,B_CANONICAL_WITH_LIMITATIONS,RETROSPECTIVE_FROZEN_V1_BACKFILL
2025-26,1630587,Isaiah Livers,1498,-1.1064,-0.53,-16.573879501677432,-0.4420801959884605,1600,37.490662671779255,drbl-ability-eb1600-r1-v1,drbl-r1-points-v1,drbl-r1-wineq-v1,historical-pbp-normalized-v1,B_CANONICAL_WITH_LIMITATIONS,RETROSPECTIVE_FROZEN_V1_BACKFILL
2025-26,1629018,Gary Trent Jr.,5675,-0.6902,-0.54,-39.17009072479928,-1.0447959020549455,1600,37.490662671779255,drbl-ability-eb1600-r1-v1,drbl-r1-points-v1,drbl-r1-wineq-v1,historical-pbp-normalized-v1,B_CANONICAL_WITH_LIMITATIONS,RETROSPECTIVE_FROZEN_V1_BACKFILL
2025-26,1641724,Jett Howard,2741,-0.8571,-0.54,-23.493455559905374,-0.6266481807906227,1600,37.490662671779255,drbl-ability-eb1600-r1-v1,drbl-r1-points-v1,drbl-r1-wineq-v1,historical-pbp-normalized-v1,B_CANONICAL_WITH_LIMITATIONS,RETROSPECTIVE_FROZEN_V1_BACKFILL
2025-26,1642278,Tyler Kolek,2890,-0.845,-0.54,-24.42054721137956,-0.6513767821383936,1600,37.490662671779255,drbl-ability-eb1600-r1-v1,drbl-r1-points-v1,drbl-r1-wineq-v1,historical-pbp-normalized-v1,B_CANONICAL_WITH_LIMITATIONS,RETROSPECTIVE_FROZEN_V1_BACKFILL
2025-26,1631170,Jaime Jaquez Jr.,9104,-0.6407,-0.54,-58.32831732153237,-1.555809184601009,1600,37.490662671779255,drbl-ability-eb1600-r1-v1,drbl-r1-points-v1,drbl-r1-wineq-v1,historical-pbp-normalized-v1,B_CANONICAL_WITH_LIMITATIONS,RETROSPECTIVE_FROZEN_V1_BACKFILL
2025-26,1628371,Jonathan Isaac,2062,-0.9815,-0.55,-20.238955086000583,-0.5398398866188958,1600,37.490662671779255,drbl-ability-eb1600-r1-v1,drbl-r1-points-v1,drbl-r1-wineq-v1,historical-pbp-normalized-v1,B_CANONICAL_WITH_LIMITATIONS,RETROSPECTIVE_FROZEN_V1_BACKFILL
2025-26,1627734,Domantas Sabonis,2397,-0.924,-0.55,-22.148534056318226,-0.5907746750230245,1600,37.490662671779255,drbl-ability-eb1600-r1-v1,drbl-r1-points-v1,drbl-r1-wineq-v1,historical-pbp-normalized-v1,B_CANONICAL_WITH_LIMITATIONS,RETROSPECTIVE_FROZEN_V1_BACKFILL
2025-26,1642353,Cam Christie,1937,-1.0122,-0.55,-19.605505900200143,-0.522943701258127,1600,37.490662671779255,drbl-ability-eb1600-r1-v1,drbl-r1-points-v1,drbl-r1-wineq-v1,historical-pbp-normalized-v1,B_CANONICAL_WITH_LIMITATIONS,RETROSPECTIVE_FROZEN_V1_BACKFILL
2025-26,1631247,Luke Travers,434,-2.6102,-0.56,-11.328454041430131,-0.30216734605647605,1600,37.490662671779255,drbl-ability-eb1600-r1-v1,drbl-r1-points-v1,drbl-r1-wineq-v1,historical-pbp-normalized-v1,B_CANONICAL_WITH_LIMITATIONS,RETROSPECTIVE_FROZEN_V1_BACKFILL
2025-26,1629631,De'Andre Hunter,5029,-0.7349,-0.56,-36.96032588424074,-0.9858541634171294,1600,37.490662671779255,drbl-ability-eb1600-r1-v1,drbl-r1-points-v1,drbl-r1-wineq-v1,historical-pbp-normalized-v1,B_CANONICAL_WITH_LIMITATIONS,RETROSPECTIVE_FROZEN_V1_BACKFILL
2025-26,1642856,Egor Dëmin,5378,-0.7247,-0.56,-38.9739536135102,-1.0395642764364226,1600,37.490662671779255,drbl-ability-eb1600-r1-v1,drbl-r1-points-v1,drbl-r1-wineq-v1,historical-pbp-normalized-v1,B_CANONICAL_WITH_LIMITATIONS,RETROSPECTIVE_FROZEN_V1_BACKFILL
2025-26,1630529,Herbert Jones,6703,-0.707,-0.57,-47.39183866669818,-1.2640971188373242,1600,37.490662671779255,drbl-ability-eb1600-r1-v1,drbl-r1-points-v1,drbl-r1-wineq-v1,historical-pbp-normalized-v1,B_CANONICAL_WITH_LIMITATIONS,RETROSPECTIVE_FROZEN_V1_BACKFILL
2025-26,1642920,Kobe Sanders,5450,-0.7474,-0.58,-40.73113659279375,-1.0864341596035254,1600,37.490662671779255,drbl-ability-eb1600-r1-v1,drbl-r1-points-v1,drbl-r1-wineq-v1,historical-pbp-normalized-v1,B_CANONICAL_WITH_LIMITATIONS,RETROSPECTIVE_FROZEN_V1_BACKFILL
2025-26,1642502,Malevy Leons,1086,-1.471,-0.59,-15.975300334993946,-0.4261141093944761,1600,37.490662671779255,drbl-ability-eb1600-r1-v1,drbl-r1-points-v1,drbl-r1-wineq-v1,historical-pbp-normalized-v1,B_CANONICAL_WITH_LIMITATIONS,RETROSPECTIVE_FROZEN_V1_BACKFILL
2025-26,1642273,Kyshawn George,5921,-0.7691,-0.61,-45.540415750993304,-1.2147135448014748,1600,37.490662671779255,drbl-ability-eb1600-r1-v1,drbl-r1-points-v1,drbl-r1-wineq-v1,historical-pbp-normalized-v1,B_CANONICAL_WITH_LIMITATIONS,RETROSPECTIVE_FROZEN_V1_BACKFILL
2025-26,1642264,Stephon Castle,8371,-0.7292,-0.61,-61.04516607681167,-1.6282765287785337,1600,37.490662671779255,drbl-ability-eb1600-r1-v1,drbl-r1-points-v1,drbl-r1-wineq-v1,historical-pbp-normalized-v1,B_CANONICAL_WITH_LIMITATIONS,RETROSPECTIVE_FROZEN_V1_BACKFILL
2025-26,1631351,Lucas Williamson,1000,-1.5965,-0.61,-15.964923334813701,-0.4258373204704954,1600,37.490662671779255,drbl-ability-eb1600-r1-v1,drbl-r1-points-v1,drbl-r1-wineq-v1,historical-pbp-normalized-v1,B_CANONICAL_WITH_LIMITATIONS,RETROSPECTIVE_FROZEN_V1_BACKFILL
2025-26,1627824,Guerschon Yabusele,4313,-0.8448,-0.62,-36.43771178503253,-0.971914316480212,1600,37.490662671779255,drbl-ability-eb1600-r1-v1,drbl-r1-points-v1,drbl-r1-wineq-v1,historical-pbp-normalized-v1,B_CANONICAL_WITH_LIMITATIONS,RETROSPECTIVE_FROZEN_V1_BACKFILL
2025-26,1642484,RayJ Dennis,878,-1.7572,-0.62,-15.42793660190964,-0.4115141078453882,1600,37.490662671779255,drbl-ability-eb1600-r1-v1,drbl-r1-points-v1,drbl-r1-wineq-v1,historical-pbp-normalized-v1,B_CANONICAL_WITH_LIMITATIONS,RETROSPECTIVE_FROZEN_V1_BACKFILL
2025-26,1630625,Dalano Banton,258,-4.626,-0.64,-11.935061449181932,-0.31834757239876527,1600,37.490662671779255,drbl-ability-eb1600-r1-v1,drbl-r1-points-v1,drbl-r1-wineq-v1,historical-pbp-normalized-v1,B_CANONICAL_WITH_LIMITATIONS,RETROSPECTIVE_FROZEN_V1_BACKFILL
2025-26,1642347,Jamal Shead,7611,-0.7853,-0.65,-59.76553664245472,-1.5941445784964123,1600,37.490662671779255,drbl-ability-eb1600-r1-v1,drbl-r1-points-v1,drbl-r1-wineq-v1,historical-pbp-normalized-v1,B_CANONICAL_WITH_LIMITATIONS,RETROSPECTIVE_FROZEN_V1_BACKFILL
2025-26,1641816,Hunter Tyson,647,-2.2792,-0.66,-14.746496029460253,-0.3933378334376719,1600,37.490662671779255,drbl-ability-eb1600-r1-v1,drbl-r1-points-v1,drbl-r1-wineq-v1,historical-pbp-normalized-v1,B_CANONICAL_WITH_LIMITATIONS,RETROSPECTIVE_FROZEN_V1_BACKFILL
2025-26,1642933,Keshon Gilbert,308,-4.1512,-0.67,-12.785737629535792,-0.34103792033423125,1600,37.490662671779255,drbl-ability-eb1600-r1-v1,drbl-r1-points-v1,drbl-r1-wineq-v1,historical-pbp-normalized-v1,B_CANONICAL_WITH_LIMITATIONS,RETROSPECTIVE_FROZEN_V1_BACKFILL
2025-26,1642964,Brooks Barnhizer,1377,-1.4588,-0.67,-20.088148993668437,-0.5358173892399507,1600,37.490662671779255,drbl-ability-eb1600-r1-v1,drbl-r1-points-v1,drbl-r1-wineq-v1,historical-pbp-normalized-v1,B_CANONICAL_WITH_LIMITATIONS,RETROSPECTIVE_FROZEN_V1_BACKFILL
2025-26,1641998,Trey Jemison III,342,-3.841,-0.68,-13.136141899114987,-0.3503843614106905,1600,37.490662671779255,drbl-ability-eb1600-r1-v1,drbl-r1-points-v1,drbl-r1-wineq-v1,historical-pbp-normalized-v1,B_CANONICAL_WITH_LIMITATIONS,RETROSPECTIVE_FROZEN_V1_BACKFILL
2025-26,1631321,Sidy Cissoko,6021,-0.8563,-0.68,-51.557801961873686,-1.3752171417520271,1600,37.490662671779255,drbl-ability-eb1600-r1-v1,drbl-r1-points-v1,drbl-r1-wineq-v1,historical-pbp-normalized-v1,B_CANONICAL_WITH_LIMITATIONS,RETROSPECTIVE_FROZEN_V1_BACKFILL
2025-26,1642847,Jeremiah Fears,8958,-0.7991,-0.68,-71.58276622981832,-1.9093491853293267,1600,37.490662671779255,drbl-ability-eb1600-r1-v1,drbl-r1-points-v1,drbl-r1-wineq-v1,historical-pbp-normalized-v1,B_CANONICAL_WITH_LIMITATIONS,RETROSPECTIVE_FROZEN_V1_BACKFILL
2025-26,1629020,Jarred Vanderbilt,4767,-0.9107,-0.68,-43.414735046898045,-1.1580146082501253,1600,37.490662671779255,drbl-ability-eb1600-r1-v1,drbl-r1-points-v1,drbl-r1-wineq-v1,historical-pbp-normalized-v1,B_CANONICAL_WITH_LIMITATIONS,RETROSPECTIVE_FROZEN_V1_BACKFILL
2025-26,1631126,Caleb Love,4236,-0.9394,-0.68,-39.792353298949635,-1.061393703475478,1600,37.490662671779255,drbl-ability-eb1600-r1-v1,drbl-r1-points-v1,drbl-r1-wineq-v1,historical-pbp-normalized-v1,B_CANONICAL_WITH_LIMITATIONS,RETROSPECTIVE_FROZEN_V1_BACKFILL
2025-26,1630192,Zeke Nnaji,2471,-1.1246,-0.68,-27.78870059315317,-0.7412165753493297,1600,37.490662671779255,drbl-ability-eb1600-r1-v1,drbl-r1-points-v1,drbl-r1-wineq-v1,historical-pbp-normalized-v1,B_CANONICAL_WITH_LIMITATIONS,RETROSPECTIVE_FROZEN_V1_BACKFILL
2025-26,1630574,Ariel Hukporti,1994,-1.2417,-0.69,-24.759368731011374,-0.6604142729557234,1600,37.490662671779255,drbl-ability-eb1600-r1-v1,drbl-r1-points-v1,drbl-r1-wineq-v1,historical-pbp-normalized-v1,B_CANONICAL_WITH_LIMITATIONS,RETROSPECTIVE_FROZEN_V1_BACKFILL
2025-26,201567,Kevin Love,2675,-1.1046,-0.69,-29.54820570480584,-0.788148397468791,1600,37.490662671779255,drbl-ability-eb1600-r1-v1,drbl-r1-points-v1,drbl-r1-wineq-v1,historical-pbp-normalized-v1,B_CANONICAL_WITH_LIMITATIONS,RETROSPECTIVE_FROZEN_V1_BACKFILL
2025-26,1629614,Andrew Nembhard,7387,-0.8411,-0.69,-62.13005254487447,-1.6572140399012547,1600,37.490662671779255,drbl-ability-eb1600-r1-v1,drbl-r1-points-v1,drbl-r1-wineq-v1,historical-pbp-normalized-v1,B_CANONICAL_WITH_LIMITATIONS,RETROSPECTIVE_FROZEN_V1_BACKFILL
2025-26,1641854,Craig Porter Jr.,4732,-0.9369,-0.7,-44.33247492468445,-1.1824937668561217,1600,37.490662671779255,drbl-ability-eb1600-r1-v1,drbl-r1-points-v1,drbl-r1-wineq-v1,historical-pbp-normalized-v1,B_CANONICAL_WITH_LIMITATIONS,RETROSPECTIVE_FROZEN_V1_BACKFILL
2025-26,203482,Kelly Olynyk,1451,-1.4872,-0.71,-21.578577759943805,-0.5755720550703116,1600,37.490662671779255,drbl-ability-eb1600-r1-v1,drbl-r1-points-v1,drbl-r1-wineq-v1,historical-pbp-normalized-v1,B_CANONICAL_WITH_LIMITATIONS,RETROSPECTIVE_FROZEN_V1_BACKFILL
2025-26,1642404,Chaz Lanier,1041,-1.7992,-0.71,-18.729978606907864,-0.4995904919281856,1600,37.490662671779255,drbl-ability-eb1600-r1-v1,drbl-r1-points-v1,drbl-r1-wineq-v1,historical-pbp-normalized-v1,B_CANONICAL_WITH_LIMITATIONS,RETROSPECTIVE_FROZEN_V1_BACKFILL
2025-26,1641748,Andre Jackson Jr.,1625,-1.4108,-0.71,-22.926094741531177,-0.6115147908225314,1600,37.490662671779255,drbl-ability-eb1600-r1-v1,drbl-r1-points-v1,drbl-r1-wineq-v1,historical-pbp-normalized-v1,B_CANONICAL_WITH_LIMITATIONS,RETROSPECTIVE_FROZEN_V1_BACKFILL
2025-26,1629618,Jalen Pickett,3253,-1.0634,-0.71,-34.59169416987781,-0.9226749196918407,1600,37.490662671779255,drbl-ability-eb1600-r1-v1,drbl-r1-points-v1,drbl-r1-wineq-v1,historical-pbp-normalized-v1,B_CANONICAL_WITH_LIMITATIONS,RETROSPECTIVE_FROZEN_V1_BACKFILL
2025-26,1631099,Keegan Murray,3389,-1.0586,-0.72,-35.87427439242806,-0.9568855772568695,1600,37.490662671779255,drbl-ability-eb1600-r1-v1,drbl-r1-points-v1,drbl-r1-wineq-v1,historical-pbp-normalized-v1,B_CANONICAL_WITH_LIMITATIONS,RETROSPECTIVE_FROZEN_V1_BACKFILL
2025-26,1631451,Javonte Cooke,377,-3.7742,-0.72,-14.228908497132645,-0.3795320616683397,1600,37.490662671779255,drbl-ability-eb1600-r1-v1,drbl-r1-points-v1,drbl-r1-wineq-v1,historical-pbp-normalized-v1,B_CANONICAL_WITH_LIMITATIONS,RETROSPECTIVE_FROZEN_V1_BACKFILL
2025-26,1641716,Jarace Walker,8366,-0.8732,-0.73,-73.04965168961468,-1.9484758732899676,1600,37.490662671779255,drbl-ability-eb1600-r1-v1,drbl-r1-points-v1,drbl-r1-wineq-v1,historical-pbp-normalized-v1,B_CANONICAL_WITH_LIMITATIONS,RETROSPECTIVE_FROZEN_V1_BACKFILL
2025-26,1627827,Dorian Finney-Smith,2519,-1.211,-0.74,-30.50620518639611,-0.8137014128949865,1600,37.490662671779255,drbl-ability-eb1600-r1-v1,drbl-r1-points-v1,drbl-r1-wineq-v1,historical-pbp-normalized-v1,B_CANONICAL_WITH_LIMITATIONS,RETROSPECTIVE_FROZEN_V1_BACKFILL
2025-26,1630214,Xavier Tillman,685,-2.4723,-0.74,-16.935420120352838,-0.45172368033656596,1600,37.490662671779255,drbl-ability-eb1600-r1-v1,drbl-r1-points-v1,drbl-r1-wineq-v1,historical-pbp-normalized-v1,B_CANONICAL_WITH_LIMITATIONS,RETROSPECTIVE_FROZEN_V1_BACKFILL
2025-26,1641780,Johni Broome,203,-6.5851,-0.74,-13.367752637501068,-0.3565621860176806,1600,37.490662671779255,drbl-ability-eb1600-r1-v1,drbl-r1-points-v1,drbl-r1-wineq-v1,historical-pbp-normalized-v1,B_CANONICAL_WITH_LIMITATIONS,RETROSPECTIVE_FROZEN_V1_BACKFILL
2025-26,1630165,Killian Hayes,1664,-1.4905,-0.76,-24.80117005297661,-0.6615292524995953,1600,37.490662671779255,drbl-ability-eb1600-r1-v1,drbl-r1-points-v1,drbl-r1-wineq-v1,historical-pbp-normalized-v1,B_CANONICAL_WITH_LIMITATIONS,RETROSPECTIVE_FROZEN_V1_BACKFILL
2025-26,1641790,PJ Hall,888,-2.1382,-0.76,-18.987612723069343,-0.5064624461109377,1600,37.490662671779255,drbl-ability-eb1600-r1-v1,drbl-r1-points-v1,drbl-r1-wineq-v1,historical-pbp-normalized-v1,B_CANONICAL_WITH_LIMITATIONS,RETROSPECTIVE_FROZEN_V1_BACKFILL
2025-26,1642358,AJ Johnson,1873,-1.4161,-0.76,-26.52305955467925,-0.7074577418617952,1600,37.490662671779255,drbl-ability-eb1600-r1-v1,drbl-r1-points-v1,drbl-r1-wineq-v1,historical-pbp-normalized-v1,B_CANONICAL_WITH_LIMITATIONS,RETROSPECTIVE_FROZEN_V1_BACKFILL
2025-26,1631213,Tyrese Martin,3053,-1.1795,-0.77,-36.01047932350283,-0.9605186133615445,1600,37.490662671779255,drbl-ability-eb1600-r1-v1,drbl-r1-points-v1,drbl-r1-wineq-v1,historical-pbp-normalized-v1,B_CANONICAL_WITH_LIMITATIONS,RETROSPECTIVE_FROZEN_V1_BACKFILL
2025-26,1631132,Christian Koloko,1544,-1.5772,-0.77,-24.351775390134158,-0.6495424101549618,1600,37.490662671779255,drbl-ability-eb1600-r1-v1,drbl-r1-points-v1,drbl-r1-wineq-v1,historical-pbp-normalized-v1,B_CANONICAL_WITH_LIMITATIONS,RETROSPECTIVE_FROZEN_V1_BACKFILL
2025-26,1642846,Ace Bailey,8566,-0.9217,-0.78,-78.95088405250257,-2.105881262854607,1600,37.490662671779255,drbl-ability-eb1600-r1-v1,drbl-r1-points-v1,drbl-r1-wineq-v1,historical-pbp-normalized-v1,B_CANONICAL_WITH_LIMITATIONS,RETROSPECTIVE_FROZEN_V1_BACKFILL
2025-26,1629216,Gabe Vincent,3729,-1.1205,-0.78,-41.78507489248385,-1.1145461806930708,1600,37.490662671779255,drbl-ability-eb1600-r1-v1,drbl-r1-points-v1,drbl-r1-wineq-v1,historical-pbp-normalized-v1,B_CANONICAL_WITH_LIMITATIONS,RETROSPECTIVE_FROZEN_V1_BACKFILL
2025-26,1626145,Tyus Jones,4080,-1.0937,-0.79,-44.62276369412669,-1.1902367286699378,1600,37.490662671779255,drbl-ability-eb1600-r1-v1,drbl-r1-points-v1,drbl-r1-wineq-v1,historical-pbp-normalized-v1,B_CANONICAL_WITH_LIMITATIONS,RETROSPECTIVE_FROZEN_V1_BACKFILL
2025-26,1630621,Hunter Dickinson,193,-7.3756,-0.79,-14.234847227023264,-0.3796904672410182,1600,37.490662671779255,drbl-ability-eb1600-r1-v1,drbl-r1-points-v1,drbl-r1-wineq-v1,historical-pbp-normalized-v1,B_CANONICAL_WITH_LIMITATIONS,RETROSPECTIVE_FROZEN_V1_BACKFILL
2025-26,1628502,Nigel Hayes-Davis,758,-2.4994,-0.8,-18.945727004513746,-0.5053452154308001,1600,37.490662671779255,drbl-ability-eb1600-r1-v1,drbl-r1-points-v1,drbl-r1-wineq-v1,historical-pbp-normalized-v1,B_CANONICAL_WITH_LIMITATIONS,RETROSPECTIVE_FROZEN_V1_BACKFILL
2025-26,1629162,Jordan McLaughlin,1138,-1.9362,-0.8,-22.034453929666743,-0.5877317806455572,1600,37.490662671779255,drbl-ability-eb1600-r1-v1,drbl-r1-points-v1,drbl-r1-wineq-v1,historical-pbp-normalized-v1,B_CANONICAL_WITH_LIMITATIONS,RETROSPECTIVE_FROZEN_V1_BACKFILL
2025-26,1643158,Andersson Garcia,725,-2.6021,-0.81,-18.864944601271315,-0.5031904814921216,1600,37.490662671779255,drbl-ability-eb1600-r1-v1,drbl-r1-points-v1,drbl-r1-wineq-v1,historical-pbp-normalized-v1,B_CANONICAL_WITH_LIMITATIONS,RETROSPECTIVE_FROZEN_V1_BACKFILL
2025-26,1628365,Markelle Fultz,164,-8.7446,-0.81,-14.341067810647504,-0.3825237216050227,1600,37.490662671779255,drbl-ability-eb1600-r1-v1,drbl-r1-points-v1,drbl-r1-wineq-v1,historical-pbp-normalized-v1,B_CANONICAL_WITH_LIMITATIONS,RETROSPECTIVE_FROZEN_V1_BACKFILL
2025-26,1629673,Jordan Poole,3993,-1.1416,-0.82,-45.5860259340255,-1.21593011927047,1600,37.490662671779255,drbl-ability-eb1600-r1-v1,drbl-r1-points-v1,drbl-r1-wineq-v1,historical-pbp-normalized-v1,B_CANONICAL_WITH_LIMITATIONS,RETROSPECTIVE_FROZEN_V1_BACKFILL
2025-26,1631104,Blake Wesley,1464,-1.7445,-0.83,-25.53936770426379,-0.6812194259635829,1600,37.490662671779255,drbl-ability-eb1600-r1-v1,drbl-r1-points-v1,drbl-r1-wineq-v1,historical-pbp-normalized-v1,B_CANONICAL_WITH_LIMITATIONS,RETROSPECTIVE_FROZEN_V1_BACKFILL
2025-26,1642363,Nique Clifford,7879,-1.0085,-0.84,-79.4566456322367,-2.1193715973456757,1600,37.490662671779255,drbl-ability-eb1600-r1-v1,drbl-r1-points-v1,drbl-r1-wineq-v1,historical-pbp-normalized-v1,B_CANONICAL_WITH_LIMITATIONS,RETROSPECTIVE_FROZEN_V1_BACKFILL
2025-26,1642868,Carter Bryant,3369,-1.2403,-0.84,-41.78551861456547,-1.1145580162289084,1600,37.490662671779255,drbl-ability-eb1600-r1-v1,drbl-r1-points-v1,drbl-r1-wineq-v1,historical-pbp-normalized-v1,B_CANONICAL_WITH_LIMITATIONS,RETROSPECTIVE_FROZEN_V1_BACKFILL
2025-26,201145,Jeff Green,752,-2.6461,-0.85,-19.898453829699417,-0.5307575916676925,1600,37.490662671779255,drbl-ability-eb1600-r1-v1,drbl-r1-points-v1,drbl-r1-wineq-v1,historical-pbp-normalized-v1,B_CANONICAL_WITH_LIMITATIONS,RETROSPECTIVE_FROZEN_V1_BACKFILL
2025-26,201144,Mike Conley,4126,-1.1768,-0.85,-48.55473183975298,-1.2951153268438251,1600,37.490662671779255,drbl-ability-eb1600-r1-v1,drbl-r1-points-v1,drbl-r1-wineq-v1,historical-pbp-normalized-v1,B_CANONICAL_WITH_LIMITATIONS,RETROSPECTIVE_FROZEN_V1_BACKFILL
2025-26,1643253,Toby Okani,956,-2.2685,-0.85,-21.687196277990637,-0.578469270278209,1600,37.490662671779255,drbl-ability-eb1600-r1-v1,drbl-r1-points-v1,drbl-r1-wineq-v1,historical-pbp-normalized-v1,B_CANONICAL_WITH_LIMITATIONS,RETROSPECTIVE_FROZEN_V1_BACKFILL
2025-26,1641712,Rayan Rupert,4501,-1.1737,-0.87,-52.827587953316325,-1.4090865348475634,1600,37.490662671779255,drbl-ability-eb1600-r1-v1,drbl-r1-points-v1,drbl-r1-wineq-v1,historical-pbp-normalized-v1,B_CANONICAL_WITH_LIMITATIONS,RETROSPECTIVE_FROZEN_V1_BACKFILL
2025-26,1627747,Caris LeVert,4704,-1.1673,-0.87,-54.910492534397285,-1.4646444906862275,1600,37.490662671779255,drbl-ability-eb1600-r1-v1,drbl-r1-points-v1,drbl-r1-wineq-v1,historical-pbp-normalized-v1,B_CANONICAL_WITH_LIMITATIONS,RETROSPECTIVE_FROZEN_V1_BACKFILL
2025-26,1642848,Tre Johnson,6116,-1.128,-0.89,-68.99054030222754,-1.8402059442432723,1600,37.490662671779255,drbl-ability-eb1600-r1-v1,drbl-r1-points-v1,drbl-r1-wineq-v1,historical-pbp-normalized-v1,B_CANONICAL_WITH_LIMITATIONS,RETROSPECTIVE_FROZEN_V1_BACKFILL
2025-26,1631246,Vince Williams Jr.,3344,-1.3297,-0.9,-44.4644377480369,-1.1860136519141096,1600,37.490662671779255,drbl-ability-eb1600-r1-v1,drbl-r1-points-v1,drbl-r1-wineq-v1,historical-pbp-normalized-v1,B_CANONICAL_WITH_LIMITATIONS,RETROSPECTIVE_FROZEN_V1_BACKFILL
2025-26,1642355,Bronny James,1492,-1.8764,-0.91,-27.995783142839283,-0.7467401520195813,1600,37.490662671779255,drbl-ability-eb1600-r1-v1,drbl-r1-points-v1,drbl-r1-wineq-v1,historical-pbp-normalized-v1,B_CANONICAL_WITH_LIMITATIONS,RETROSPECTIVE_FROZEN_V1_BACKFILL
2025-26,1630322,Lindy Waters III,1197,-2.1173,-0.91,-25.343962067274223,-0.67600731118449,1600,37.490662671779255,drbl-ability-eb1600-r1-v1,drbl-r1-points-v1,drbl-r1-wineq-v1,historical-pbp-normalized-v1,B_CANONICAL_WITH_LIMITATIONS,RETROSPECTIVE_FROZEN_V1_BACKFILL
2025-26,1630172,Patrick Williams,6385,-1.1581,-0.93,-73.94477907257739,-1.9723518818524013,1600,37.490662671779255,drbl-ability-eb1600-r1-v1,drbl-r1-points-v1,drbl-r1-wineq-v1,historical-pbp-normalized-v1,B_CANONICAL_WITH_LIMITATIONS,RETROSPECTIVE_FROZEN_V1_BACKFILL
2025-26,1642962,Drake Powell,5283,-1.232,-0.95,-65.0855023307712,-1.736045662904852,1600,37.490662671779255,drbl-ability-eb1600-r1-v1,drbl-r1-points-v1,drbl-r1-wineq-v1,historical-pbp-normalized-v1,B_CANONICAL_WITH_LIMITATIONS,RETROSPECTIVE_FROZEN_V1_BACKFILL
2025-26,1630590,Scotty Pippen Jr.,899,-2.6571,-0.96,-23.887429547521517,-0.6371567703843911,1600,37.490662671779255,drbl-ability-eb1600-r1-v1,drbl-r1-points-v1,drbl-r1-wineq-v1,historical-pbp-normalized-v1,B_CANONICAL_WITH_LIMITATIONS,RETROSPECTIVE_FROZEN_V1_BACKFILL
2025-26,1630311,Pat Spencer,5022,-1.274,-0.97,-63.97786375099625,-1.706501277694272,1600,37.490662671779255,drbl-ability-eb1600-r1-v1,drbl-r1-points-v1,drbl-r1-wineq-v1,historical-pbp-normalized-v1,B_CANONICAL_WITH_LIMITATIONS,RETROSPECTIVE_FROZEN_V1_BACKFILL
2025-26,1630581,Josh Giddey,7473,-1.2333,-1.02,-92.16277118950939,-2.458286000340134,1600,37.490662671779255,drbl-ability-eb1600-r1-v1,drbl-r1-points-v1,drbl-r1-wineq-v1,historical-pbp-normalized-v1,B_CANONICAL_WITH_LIMITATIONS,RETROSPECTIVE_FROZEN_V1_BACKFILL
2025-26,1642354,KJ Simpson,1051,-2.5695,-1.02,-27.005554348108575,-0.7203274741909738,1600,37.490662671779255,drbl-ability-eb1600-r1-v1,drbl-r1-points-v1,drbl-r1-wineq-v1,historical-pbp-normalized-v1,B_CANONICAL_WITH_LIMITATIONS,RETROSPECTIVE_FROZEN_V1_BACKFILL
2025-26,1642260,Nikola Topić,648,-3.5498,-1.02,-23.002907711436904,-0.6135636468424477,1600,37.490662671779255,drbl-ability-eb1600-r1-v1,drbl-r1-points-v1,drbl-r1-wineq-v1,historical-pbp-normalized-v1,B_CANONICAL_WITH_LIMITATIONS,RETROSPECTIVE_FROZEN_V1_BACKFILL
2025-26,1630560,Cam Thomas,3442,-1.5177,-1.04,-52.23979656114031,-1.3934081938877898,1600,37.490662671779255,drbl-ability-eb1600-r1-v1,drbl-r1-points-v1,drbl-r1-wineq-v1,historical-pbp-normalized-v1,B_CANONICAL_WITH_LIMITATIONS,RETROSPECTIVE_FROZEN_V1_BACKFILL
2025-26,203078,Bradley Beal,508,-4.3177,-1.04,-21.933902499382096,-0.5850497413558026,1600,37.490662671779255,drbl-ability-eb1600-r1-v1,drbl-r1-points-v1,drbl-r1-wineq-v1,historical-pbp-normalized-v1,B_CANONICAL_WITH_LIMITATIONS,RETROSPECTIVE_FROZEN_V1_BACKFILL
2025-26,1642880,Kam Jones,2603,-1.7205,-1.07,-44.785299460688094,-1.1945720952646646,1600,37.490662671779255,drbl-ability-eb1600-r1-v1,drbl-r1-points-v1,drbl-r1-wineq-v1,historical-pbp-normalized-v1,B_CANONICAL_WITH_LIMITATIONS,RETROSPECTIVE_FROZEN_V1_BACKFILL
2025-26,203114,Khris Middleton,6152,-1.3786,-1.09,-84.81019236952258,-2.2621683994228956,1600,37.490662671779255,drbl-ability-eb1600-r1-v1,drbl-r1-points-v1,drbl-r1-wineq-v1,historical-pbp-normalized-v1,B_CANONICAL_WITH_LIMITATIONS,RETROSPECTIVE_FROZEN_V1_BACKFILL
2025-26,1642852,Derik Queen,8778,-1.3097,-1.11,-114.96497697063324,-3.0664962627393635,1600,37.490662671779255,drbl-ability-eb1600-r1-v1,drbl-r1-points-v1,drbl-r1-wineq-v1,historical-pbp-normalized-v1,B_CANONICAL_WITH_LIMITATIONS,RETROSPECTIVE_FROZEN_V1_BACKFILL
2025-26,1641722,Jordan Hawkins,2853,-1.7355,-1.11,-49.51502558765502,-1.320729537942443,1600,37.490662671779255,drbl-ability-eb1600-r1-v1,drbl-r1-points-v1,drbl-r1-wineq-v1,historical-pbp-normalized-v1,B_CANONICAL_WITH_LIMITATIONS,RETROSPECTIVE_FROZEN_V1_BACKFILL
2025-26,1630208,Nick Richards,2865,-1.7679,-1.13,-50.65127760463937,-1.3510371381823199,1600,37.490662671779255,drbl-ability-eb1600-r1-v1,drbl-r1-points-v1,drbl-r1-wineq-v1,historical-pbp-normalized-v1,B_CANONICAL_WITH_LIMITATIONS,RETROSPECTIVE_FROZEN_V1_BACKFILL
2025-26,203471,Dennis Schröder,7112,-1.3904,-1.14,-98.88602115206808,-2.6376173186851566,1600,37.490662671779255,drbl-ability-eb1600-r1-v1,drbl-r1-points-v1,drbl-r1-wineq-v1,historical-pbp-normalized-v1,B_CANONICAL_WITH_LIMITATIONS,RETROSPECTIVE_FROZEN_V1_BACKFILL
2025-26,202687,Bismack Biyombo,550,-4.4558,-1.14,-24.506967929174266,-0.6536819085788435,1600,37.490662671779255,drbl-ability-eb1600-r1-v1,drbl-r1-points-v1,drbl-r1-wineq-v1,historical-pbp-normalized-v1,B_CANONICAL_WITH_LIMITATIONS,RETROSPECTIVE_FROZEN_V1_BACKFILL
2025-26,1642262,Cody Williams,6949,-1.4032,-1.14,-97.51078054698293,-2.600935102179009,1600,37.490662671779255,drbl-ability-eb1600-r1-v1,drbl-r1-points-v1,drbl-r1-wineq-v1,historical-pbp-normalized-v1,B_CANONICAL_WITH_LIMITATIONS,RETROSPECTIVE_FROZEN_V1_BACKFILL
2025-26,1642268,Isaiah Collier,6280,-1.4459,-1.15,-90.8050937521515,-2.422072251619713,1600,37.490662671779255,drbl-ability-eb1600-r1-v1,drbl-r1-points-v1,drbl-r1-wineq-v1,historical-pbp-normalized-v1,B_CANONICAL_WITH_LIMITATIONS,RETROSPECTIVE_FROZEN_V1_BACKFILL
2025-26,1629630,Ja Morant,2437,-2.015,-1.22,-49.1048059272463,-1.3097876225113907,1600,37.490662671779255,drbl-ability-eb1600-r1-v1,drbl-r1-points-v1,drbl-r1-wineq-v1,historical-pbp-normalized-v1,B_CANONICAL_WITH_LIMITATIONS,RETROSPECTIVE_FROZEN_V1_BACKFILL
2025-26,1630175,Cole Anthony,2120,-2.1733,-1.24,-46.07469631087267,-1.2289645748394564,1600,37.490662671779255,drbl-ability-eb1600-r1-v1,drbl-r1-points-v1,drbl-r1-wineq-v1,historical-pbp-normalized-v1,B_CANONICAL_WITH_LIMITATIONS,RETROSPECTIVE_FROZEN_V1_BACKFILL
2025-26,200768,Kyle Lowry,473,-5.4541,-1.24,-25.797916084901036,-0.6881157666044718,1600,37.490662671779255,drbl-ability-eb1600-r1-v1,drbl-r1-points-v1,drbl-r1-wineq-v1,historical-pbp-normalized-v1,B_CANONICAL_WITH_LIMITATIONS,RETROSPECTIVE_FROZEN_V1_BACKFILL
2025-26,101108,Chris Paul,920,-3.4309,-1.25,-31.56465928923819,-0.8419338853937675,1600,37.490662671779255,drbl-ability-eb1600-r1-v1,drbl-r1-points-v1,drbl-r1-wineq-v1,historical-pbp-normalized-v1,B_CANONICAL_WITH_LIMITATIONS,RETROSPECTIVE_FROZEN_V1_BACKFILL
2025-26,1628366,Lonzo Ball,3065,-1.9367,-1.27,-59.35844998696217,-1.5832862306710755,1600,37.490662671779255,drbl-ability-eb1600-r1-v1,drbl-r1-points-v1,drbl-r1-wineq-v1,historical-pbp-normalized-v1,B_CANONICAL_WITH_LIMITATIONS,RETROSPECTIVE_FROZEN_V1_BACKFILL
2025-26,1642383,Walter Clayton Jr.,5862,-1.648,-1.29,-96.60552935841568,-2.5767890582295463,1600,37.490662671779255,drbl-ability-eb1600-r1-v1,drbl-r1-points-v1,drbl-r1-wineq-v1,historical-pbp-normalized-v1,B_CANONICAL_WITH_LIMITATIONS,RETROSPECTIVE_FROZEN_V1_BACKFILL
2025-26,1641723,Kobe Bufkin,487,-5.9037,-1.38,-28.751139429862516,-0.7668880030628177,1600,37.490662671779255,drbl-ability-eb1600-r1-v1,drbl-r1-points-v1,drbl-r1-wineq-v1,historical-pbp-normalized-v1,B_CANONICAL_WITH_LIMITATIONS,RETROSPECTIVE_FROZEN_V1_BACKFILL
2025-26,1642879,Ben Saraf,3769,-2.063,-1.45,-77.75290945339985,-2.073927317159097,1600,37.490662671779255,drbl-ability-eb1600-r1-v1,drbl-r1-points-v1,drbl-r1-wineq-v1,historical-pbp-normalized-v1,B_CANONICAL_WITH_LIMITATIONS,RETROSPECTIVE_FROZEN_V1_BACKFILL
2025-26,1642942,Jahmai Mashack,2775,-2.3293,-1.48,-64.63925772841681,-1.7241428430944594,1600,37.490662671779255,drbl-ability-eb1600-r1-v1,drbl-r1-points-v1,drbl-r1-wineq-v1,historical-pbp-normalized-v1,B_CANONICAL_WITH_LIMITATIONS,RETROSPECTIVE_FROZEN_V1_BACKFILL
2025-26,1642267,Bub Carrington,9635,-1.7643,-1.51,-169.98575700272582,-4.5340824858420286,1600,37.490662671779255,drbl-ability-eb1600-r1-v1,drbl-r1-points-v1,drbl-r1-wineq-v1,historical-pbp-normalized-v1,B_CANONICAL_WITH_LIMITATIONS,RETROSPECTIVE_FROZEN_V1_BACKFILL
2025-26,1642905,Yang Hansen,1224,-3.5073,-1.52,-42.92933143224229,-1.1450672880358805,1600,37.490662671779255,drbl-ability-eb1600-r1-v1,drbl-r1-points-v1,drbl-r1-wineq-v1,historical-pbp-normalized-v1,B_CANONICAL_WITH_LIMITATIONS,RETROSPECTIVE_FROZEN_V1_BACKFILL
2025-26,1630544,Tre Mann,2708,-2.4786,-1.56,-67.12052840088131,-1.7903265404643183,1600,37.490662671779255,drbl-ability-eb1600-r1-v1,drbl-r1-points-v1,drbl-r1-wineq-v1,historical-pbp-normalized-v1,B_CANONICAL_WITH_LIMITATIONS,RETROSPECTIVE_FROZEN_V1_BACKFILL
2025-26,1630610,DeJon Jarreau,953,-4.1992,-1.57,-40.018603106258084,-1.0674285343156047,1600,37.490662671779255,drbl-ability-eb1600-r1-v1,drbl-r1-points-v1,drbl-r1-wineq-v1,historical-pbp-normalized-v1,B_CANONICAL_WITH_LIMITATIONS,RETROSPECTIVE_FROZEN_V1_BACKFILL
2025-26,1642948,Ryan Nembhard,4871,-2.1089,-1.59,-102.72295745326073,-2.73996110318382,1600,37.490662671779255,drbl-ability-eb1600-r1-v1,drbl-r1-points-v1,drbl-r1-wineq-v1,historical-pbp-normalized-v1,B_CANONICAL_WITH_LIMITATIONS,RETROSPECTIVE_FROZEN_V1_BACKFILL
2025-26,1626156,D'Angelo Russell,1995,-2.8818,-1.6,-57.49192376995163,-1.5334998016246892,1600,37.490662671779255,drbl-ability-eb1600-r1-v1,drbl-r1-points-v1,drbl-r1-wineq-v1,historical-pbp-normalized-v1,B_CANONICAL_WITH_LIMITATIONS,RETROSPECTIVE_FROZEN_V1_BACKFILL
2025-26,1631172,Ousmane Dieng,4538,-2.1661,-1.6,-98.29592589312108,-2.6218775259769527,1600,37.490662671779255,drbl-ability-eb1600-r1-v1,drbl-r1-points-v1,drbl-r1-wineq-v1,historical-pbp-normalized-v1,B_CANONICAL_WITH_LIMITATIONS,RETROSPECTIVE_FROZEN_V1_BACKFILL
2025-26,1642265,Rob Dillingham,4281,-2.2513,-1.64,-96.38013518789381,-2.5707770500531337,1600,37.490662671779255,drbl-ability-eb1600-r1-v1,drbl-r1-points-v1,drbl-r1-wineq-v1,historical-pbp-normalized-v1,B_CANONICAL_WITH_LIMITATIONS,RETROSPECTIVE_FROZEN_V1_BACKFILL
2025-26,201566,Russell Westbrook,7685,-1.9988,-1.65,-153.608466522014,-4.097245969398171,1600,37.490662671779255,drbl-ability-eb1600-r1-v1,drbl-r1-points-v1,drbl-r1-wineq-v1,historical-pbp-normalized-v1,B_CANONICAL_WITH_LIMITATIONS,RETROSPECTIVE_FROZEN_V1_BACKFILL
2025-26,203110,Draymond Green,7704,-2.0319,-1.68,-156.53478910052885,-4.175300673422317,1600,37.490662671779255,drbl-ability-eb1600-r1-v1,drbl-r1-points-v1,drbl-r1-wineq-v1,historical-pbp-normalized-v1,B_CANONICAL_WITH_LIMITATIONS,RETROSPECTIVE_FROZEN_V1_BACKFILL
2025-26,1631107,Nikola Jović,3583,-2.4834,-1.72,-88.97964760630032,-2.373381563972165,1600,37.490662671779255,drbl-ability-eb1600-r1-v1,drbl-r1-points-v1,drbl-r1-wineq-v1,historical-pbp-normalized-v1,B_CANONICAL_WITH_LIMITATIONS,RETROSPECTIVE_FROZEN_V1_BACKFILL
2025-26,1642849,Nolan Traore,5042,-2.5686,-1.95,-129.50858441421596,-3.454422386396022,1600,37.490662671779255,drbl-ability-eb1600-r1-v1,drbl-r1-points-v1,drbl-r1-wineq-v1,historical-pbp-normalized-v1,B_CANONICAL_WITH_LIMITATIONS,RETROSPECTIVE_FROZEN_V1_BACKFILL
