season,gameId,period,startAction,endAction,offenseCount,defenseCount,missingOffense,missingDefense,class,fabricatedPlayers
2024-25,0022400010,2,323,323,5,4,0,1,DEFENSE_INCOMPLETE,NO
2024-25,0022400010,4,596,597,5,4,0,1,DEFENSE_INCOMPLETE,NO
2024-25,0022400010,4,599,599,4,5,1,0,OFFENSE_INCOMPLETE,NO
2024-25,0022400010,4,601,601,5,4,0,1,DEFENSE_INCOMPLETE,NO
2024-25,0022400010,4,604,607,4,5,1,0,OFFENSE_INCOMPLETE,NO
2024-25,0022400011,2,246,252,4,5,1,0,OFFENSE_INCOMPLETE,NO
2024-25,0022400011,2,255,257,5,4,0,1,DEFENSE_INCOMPLETE,NO
2024-25,0022400011,2,258,259,4,5,1,0,OFFENSE_INCOMPLETE,NO
2024-25,0022400011,2,260,260,5,4,0,1,DEFENSE_INCOMPLETE,NO
2024-25,0022400011,2,263,269,4,5,1,0,OFFENSE_INCOMPLETE,NO
2024-25,0022400011,2,270,271,5,4,0,1,DEFENSE_INCOMPLETE,NO
2024-25,0022400011,2,272,274,4,5,1,0,OFFENSE_INCOMPLETE,NO
2024-25,0022400011,2,275,275,5,4,0,1,DEFENSE_INCOMPLETE,NO
2024-25,0022400011,2,276,276,4,5,1,0,OFFENSE_INCOMPLETE,NO
2024-25,0022400011,2,277,278,5,4,0,1,DEFENSE_INCOMPLETE,NO
2024-25,0022400011,2,281,288,4,5,1,0,OFFENSE_INCOMPLETE,NO
2024-25,0022400011,2,289,290,5,4,0,1,DEFENSE_INCOMPLETE,NO
2024-25,0022400011,2,294,294,4,5,1,0,OFFENSE_INCOMPLETE,NO
2024-25,0022400011,2,295,295,5,4,0,1,DEFENSE_INCOMPLETE,NO
2024-25,0022400011,2,296,297,4,5,1,0,OFFENSE_INCOMPLETE,NO
2024-25,0022400011,2,298,298,5,4,0,1,DEFENSE_INCOMPLETE,NO
2024-25,0022400011,2,300,300,4,5,1,0,OFFENSE_INCOMPLETE,NO
2024-25,0022400011,2,302,302,5,4,0,1,DEFENSE_INCOMPLETE,NO
2024-25,0022400011,2,304,304,4,5,1,0,OFFENSE_INCOMPLETE,NO
2024-25,0022400011,2,305,305,5,4,0,1,DEFENSE_INCOMPLETE,NO
2024-25,0022400011,2,306,307,4,5,1,0,OFFENSE_INCOMPLETE,NO
2024-25,0022400011,2,308,308,5,4,0,1,DEFENSE_INCOMPLETE,NO
2024-25,0022400014,2,137,138,5,4,0,1,DEFENSE_INCOMPLETE,NO
2024-25,0022400014,2,139,139,4,5,1,0,OFFENSE_INCOMPLETE,NO
2024-25,0022400014,2,141,144,5,4,0,1,DEFENSE_INCOMPLETE,NO
2024-25,0022400014,2,147,147,4,5,1,0,OFFENSE_INCOMPLETE,NO
2024-25,0022400014,2,148,149,5,4,0,1,DEFENSE_INCOMPLETE,NO
2024-25,0022400014,2,153,156,4,5,1,0,OFFENSE_INCOMPLETE,NO
2024-25,0022400014,2,157,164,5,4,0,1,DEFENSE_INCOMPLETE,NO
2024-25,0022400014,2,168,169,4,5,1,0,OFFENSE_INCOMPLETE,NO
2024-25,0022400014,2,170,174,5,4,0,1,DEFENSE_INCOMPLETE,NO
2024-25,0022400014,2,175,176,4,5,1,0,OFFENSE_INCOMPLETE,NO
2024-25,0022400014,2,179,182,5,4,0,1,DEFENSE_INCOMPLETE,NO
2024-25,0022400014,2,183,183,5,4,0,1,DEFENSE_INCOMPLETE,NO
2024-25,0022400014,2,186,186,4,5,1,0,OFFENSE_INCOMPLETE,NO
2024-25,0022400014,2,188,189,5,4,0,1,DEFENSE_INCOMPLETE,NO
2024-25,0022400014,2,190,191,4,5,1,0,OFFENSE_INCOMPLETE,NO
2024-25,0022400014,2,192,193,5,4,0,1,DEFENSE_INCOMPLETE,NO
2024-25,0022400014,2,194,194,4,5,1,0,OFFENSE_INCOMPLETE,NO
2024-25,0022400014,2,196,196,5,4,0,1,DEFENSE_INCOMPLETE,NO
2024-25,0022400014,2,197,198,4,5,1,0,OFFENSE_INCOMPLETE,NO
2024-25,0022400014,2,199,200,5,4,0,1,DEFENSE_INCOMPLETE,NO
2024-25,0022400014,2,201,202,4,5,1,0,OFFENSE_INCOMPLETE,NO
2024-25,0022400014,2,208,209,5,4,0,1,DEFENSE_INCOMPLETE,NO
2024-25,0022400014,2,210,211,4,5,1,0,OFFENSE_INCOMPLETE,NO
2024-25,0022400014,2,221,221,5,4,0,1,DEFENSE_INCOMPLETE,NO
2024-25,0022400014,2,222,222,4,5,1,0,OFFENSE_INCOMPLETE,NO
2024-25,0022400014,2,224,224,5,4,0,1,DEFENSE_INCOMPLETE,NO
2024-25,0022400014,2,226,226,4,5,1,0,OFFENSE_INCOMPLETE,NO
2024-25,0022400014,2,228,228,5,4,0,1,DEFENSE_INCOMPLETE,NO
2024-25,0022400014,2,230,230,4,5,1,0,OFFENSE_INCOMPLETE,NO
2024-25,0022400014,2,232,232,5,4,0,1,DEFENSE_INCOMPLETE,NO
2024-25,0022400015,2,264,265,4,5,1,0,OFFENSE_INCOMPLETE,NO
2024-25,0022400015,2,266,266,5,4,0,1,DEFENSE_INCOMPLETE,NO
2024-25,0022400015,2,268,268,4,5,1,0,OFFENSE_INCOMPLETE,NO
2024-25,0022400015,2,269,270,5,4,0,1,DEFENSE_INCOMPLETE,NO
2024-25,0022400015,2,271,272,4,5,1,0,OFFENSE_INCOMPLETE,NO
2024-25,0022400015,2,273,273,5,4,0,1,DEFENSE_INCOMPLETE,NO
2024-25,0022400016,3,449,450,4,5,1,0,OFFENSE_INCOMPLETE,NO
2024-25,0022400016,3,451,451,5,4,0,1,DEFENSE_INCOMPLETE,NO
2024-25,0022400016,3,452,452,4,5,1,0,OFFENSE_INCOMPLETE,NO
2024-25,0022400016,3,454,455,5,4,0,1,DEFENSE_INCOMPLETE,NO
2024-25,0022400016,3,456,456,4,5,1,0,OFFENSE_INCOMPLETE,NO
2024-25,0022400016,3,458,458,5,4,0,1,DEFENSE_INCOMPLETE,NO
2024-25,0022400016,3,460,460,4,5,1,0,OFFENSE_INCOMPLETE,NO
2024-25,0022400016,3,461,461,5,4,0,1,DEFENSE_INCOMPLETE,NO
2024-25,0022400016,3,463,463,4,5,1,0,OFFENSE_INCOMPLETE,NO
2024-25,0022400016,3,464,464,5,4,0,1,DEFENSE_INCOMPLETE,NO
2024-25,0022400016,3,466,466,4,5,1,0,OFFENSE_INCOMPLETE,NO
2024-25,0022400016,3,467,468,5,4,0,1,DEFENSE_INCOMPLETE,NO
2024-25,0022400016,3,471,472,4,5,1,0,OFFENSE_INCOMPLETE,NO
2024-25,0022400016,4,483,484,5,4,0,1,DEFENSE_INCOMPLETE,NO
2024-25,0022400016,4,485,486,4,5,1,0,OFFENSE_INCOMPLETE,NO
2024-25,0022400016,4,487,487,5,4,0,1,DEFENSE_INCOMPLETE,NO
2024-25,0022400016,4,489,489,4,5,1,0,OFFENSE_INCOMPLETE,NO
2024-25,0022400016,4,490,491,5,4,0,1,DEFENSE_INCOMPLETE,NO
2024-25,0022400016,4,492,507,4,5,1,0,OFFENSE_INCOMPLETE,NO
2024-25,0022400019,3,564,565,4,5,1,0,OFFENSE_INCOMPLETE,NO
2024-25,0022400019,3,567,568,5,4,0,1,DEFENSE_INCOMPLETE,NO
2024-25,0022400019,3,569,570,4,5,1,0,OFFENSE_INCOMPLETE,NO
2024-25,0022400019,3,573,574,5,4,0,1,DEFENSE_INCOMPLETE,NO
2024-25,0022400019,3,575,575,4,5,1,0,OFFENSE_INCOMPLETE,NO
2024-25,0022400019,3,577,580,5,4,0,1,DEFENSE_INCOMPLETE,NO
2024-25,0022400019,3,581,581,4,5,1,0,OFFENSE_INCOMPLETE,NO
2024-25,0022400019,3,586,587,5,4,0,1,DEFENSE_INCOMPLETE,NO
2024-25,0022400019,3,588,588,4,5,1,0,OFFENSE_INCOMPLETE,NO
2024-25,0022400019,3,591,592,5,4,0,1,DEFENSE_INCOMPLETE,NO
2024-25,0022400019,3,593,600,4,5,1,0,OFFENSE_INCOMPLETE,NO
2024-25,0022400019,3,603,610,5,4,0,1,DEFENSE_INCOMPLETE,NO
2024-25,0022400019,3,612,612,4,5,1,0,OFFENSE_INCOMPLETE,NO
2024-25,0022400019,3,614,616,5,4,0,1,DEFENSE_INCOMPLETE,NO
2024-25,0022400019,4,626,626,5,4,0,1,DEFENSE_INCOMPLETE,NO
2024-25,0022400019,4,630,630,4,5,1,0,OFFENSE_INCOMPLETE,NO
2024-25,0022400019,4,632,635,5,4,0,1,DEFENSE_INCOMPLETE,NO
2024-25,0022400019,4,638,640,4,5,1,0,OFFENSE_INCOMPLETE,NO
2024-25,0022400019,4,644,646,5,4,0,1,DEFENSE_INCOMPLETE,NO
2024-25,0022400019,4,648,649,4,5,1,0,OFFENSE_INCOMPLETE,NO
2024-25,0022400019,4,650,652,5,4,0,1,DEFENSE_INCOMPLETE,NO
2024-25,0022400019,4,654,658,4,5,1,0,OFFENSE_INCOMPLETE,NO
2024-25,0022400019,4,662,663,5,4,0,1,DEFENSE_INCOMPLETE,NO
2024-25,0022400019,4,664,664,4,5,1,0,OFFENSE_INCOMPLETE,NO
2024-25,0022400019,4,665,666,5,4,0,1,DEFENSE_INCOMPLETE,NO
2024-25,0022400019,4,667,667,4,5,1,0,OFFENSE_INCOMPLETE,NO
2024-25,0022400019,4,669,669,5,4,0,1,DEFENSE_INCOMPLETE,NO
2024-25,0022400019,4,673,673,4,5,1,0,OFFENSE_INCOMPLETE,NO
2024-25,0022400019,4,676,677,5,4,0,1,DEFENSE_INCOMPLETE,NO
2024-25,0022400019,4,678,678,4,5,1,0,OFFENSE_INCOMPLETE,NO
2024-25,0022400019,4,701,701,5,4,0,1,DEFENSE_INCOMPLETE,NO
2024-25,0022400019,4,686,686,4,5,1,0,OFFENSE_INCOMPLETE,NO
2024-25,0022400019,4,688,695,5,4,0,1,DEFENSE_INCOMPLETE,NO
2024-25,0022400019,4,696,700,4,5,1,0,OFFENSE_INCOMPLETE,NO
2024-25,0022400019,4,702,703,5,4,0,1,DEFENSE_INCOMPLETE,NO
2024-25,0022400019,4,738,712,4,5,1,0,OFFENSE_INCOMPLETE,NO
2024-25,0022400019,4,714,714,5,4,0,1,DEFENSE_INCOMPLETE,NO
2024-25,0022400019,4,718,727,4,5,1,0,OFFENSE_INCOMPLETE,NO
2024-25,0022400019,4,730,730,5,4,0,1,DEFENSE_INCOMPLETE,NO
2024-25,0022400019,4,733,735,4,5,1,0,OFFENSE_INCOMPLETE,NO
2024-25,0022400019,4,736,736,5,4,0,1,DEFENSE_INCOMPLETE,NO
2024-25,0022400019,4,743,743,4,5,1,0,OFFENSE_INCOMPLETE,NO
2024-25,0022400019,4,744,744,5,4,0,1,DEFENSE_INCOMPLETE,NO
2024-25,0022400019,4,746,746,4,5,1,0,OFFENSE_INCOMPLETE,NO
2024-25,0022400019,4,748,749,5,4,0,1,DEFENSE_INCOMPLETE,NO
2024-25,0022400019,4,750,753,4,5,1,0,OFFENSE_INCOMPLETE,NO
2024-25,0022400019,4,755,756,5,4,0,1,DEFENSE_INCOMPLETE,NO
2024-25,0022400019,4,766,766,4,5,1,0,OFFENSE_INCOMPLETE,NO
2024-25,0022400019,4,768,768,5,4,0,1,DEFENSE_INCOMPLETE,NO
2024-25,0022400019,4,770,773,4,5,1,0,OFFENSE_INCOMPLETE,NO
2024-25,0022400019,4,775,775,5,4,0,1,DEFENSE_INCOMPLETE,NO
2024-25,0022400019,4,778,779,4,5,1,0,OFFENSE_INCOMPLETE,NO
2024-25,0022400019,4,780,780,5,4,0,1,DEFENSE_INCOMPLETE,NO
2024-25,0022400019,4,782,783,4,5,1,0,OFFENSE_INCOMPLETE,NO
2024-25,0022400019,4,786,792,5,4,0,1,DEFENSE_INCOMPLETE,NO
2024-25,0022400019,4,795,795,4,5,1,0,OFFENSE_INCOMPLETE,NO
2024-25,0022400019,4,796,802,5,4,0,1,DEFENSE_INCOMPLETE,NO
2024-25,0022400019,4,804,805,5,4,0,1,DEFENSE_INCOMPLETE,NO
2024-25,0022400019,4,806,806,4,5,1,0,OFFENSE_INCOMPLETE,NO
2024-25,0022400019,4,808,812,5,4,0,1,DEFENSE_INCOMPLETE,NO
2024-25,0022400019,4,816,817,5,4,0,1,DEFENSE_INCOMPLETE,NO
2024-25,0022400019,4,819,821,4,5,1,0,OFFENSE_INCOMPLETE,NO
2024-25,0022400019,4,822,824,5,4,0,1,DEFENSE_INCOMPLETE,NO
2024-25,0022400019,4,825,826,4,5,1,0,OFFENSE_INCOMPLETE,NO
2024-25,0022400019,4,827,828,5,4,0,1,DEFENSE_INCOMPLETE,NO
2024-25,0022400019,4,831,832,4,5,1,0,OFFENSE_INCOMPLETE,NO
2024-25,0022400019,4,834,838,5,4,0,1,DEFENSE_INCOMPLETE,NO
2024-25,0022400019,4,842,842,4,5,1,0,OFFENSE_INCOMPLETE,NO
2024-25,0022400019,4,843,843,5,4,0,1,DEFENSE_INCOMPLETE,NO
2024-25,0022400019,4,846,849,5,4,0,1,DEFENSE_INCOMPLETE,NO
2024-25,0022400019,4,849,849,4,5,1,0,OFFENSE_INCOMPLETE,NO
2024-25,0022400019,4,851,851,5,4,0,1,DEFENSE_INCOMPLETE,NO
2024-25,0022400026,1,78,80,5,4,0,1,DEFENSE_INCOMPLETE,NO
2024-25,0022400026,1,81,81,4,5,1,0,OFFENSE_INCOMPLETE,NO
2024-25,0022400026,1,83,83,5,4,0,1,DEFENSE_INCOMPLETE,NO
2024-25,0022400026,1,85,87,4,5,1,0,OFFENSE_INCOMPLETE,NO
2024-25,0022400035,4,690,690,4,5,1,0,OFFENSE_INCOMPLETE,NO
2024-25,0022400035,4,691,696,5,4,0,1,DEFENSE_INCOMPLETE,NO
2024-25,0022400047,3,388,388,5,4,0,1,DEFENSE_INCOMPLETE,NO
2024-25,0022400047,3,392,393,4,5,1,0,OFFENSE_INCOMPLETE,NO
2024-25,0022400047,3,394,395,5,4,0,1,DEFENSE_INCOMPLETE,NO
2024-25,0022400051,4,629,629,5,4,0,1,DEFENSE_INCOMPLETE,NO
2024-25,0022400051,4,630,630,4,5,1,0,OFFENSE_INCOMPLETE,NO
2024-25,0022400051,4,632,632,5,4,0,1,DEFENSE_INCOMPLETE,NO
2024-25,0022400051,4,644,644,4,5,1,0,OFFENSE_INCOMPLETE,NO
2024-25,0022400051,4,645,645,5,4,0,1,DEFENSE_INCOMPLETE,NO
2024-25,0022400051,4,647,648,4,5,1,0,OFFENSE_INCOMPLETE,NO
2024-25,0022400051,4,649,649,5,4,0,1,DEFENSE_INCOMPLETE,NO
2024-25,0022400051,4,650,650,4,5,1,0,OFFENSE_INCOMPLETE,NO
2024-25,0022400051,4,651,653,5,4,0,1,DEFENSE_INCOMPLETE,NO
2024-25,0022400051,4,655,655,4,5,1,0,OFFENSE_INCOMPLETE,NO
2024-25,0022400051,4,657,661,5,4,0,1,DEFENSE_INCOMPLETE,NO
2024-25,0022400051,4,663,664,4,5,1,0,OFFENSE_INCOMPLETE,NO
2024-25,0022400051,4,665,666,5,4,0,1,DEFENSE_INCOMPLETE,NO
2024-25,0022400051,4,667,668,4,5,1,0,OFFENSE_INCOMPLETE,NO
2024-25,0022400051,4,669,669,5,4,0,1,DEFENSE_INCOMPLETE,NO
2024-25,0022400051,4,670,670,4,5,1,0,OFFENSE_INCOMPLETE,NO
2024-25,0022400051,4,671,671,5,4,0,1,DEFENSE_INCOMPLETE,NO
2024-25,0022400051,4,672,672,4,5,1,0,OFFENSE_INCOMPLETE,NO
2024-25,0022400051,4,674,675,5,4,0,1,DEFENSE_INCOMPLETE,NO
2024-25,0022400051,4,676,683,4,5,1,0,OFFENSE_INCOMPLETE,NO
2024-25,0022400051,4,685,685,5,4,0,1,DEFENSE_INCOMPLETE,NO
2024-25,0022400051,4,687,688,4,5,1,0,OFFENSE_INCOMPLETE,NO
2024-25,0022400051,4,689,691,5,4,0,1,DEFENSE_INCOMPLETE,NO
2024-25,0022400051,4,692,694,4,5,1,0,OFFENSE_INCOMPLETE,NO
2024-25,0022400057,4,502,502,4,5,1,0,OFFENSE_INCOMPLETE,NO
2024-25,0022400057,4,504,505,5,4,0,1,DEFENSE_INCOMPLETE,NO
2024-25,0022400057,4,508,509,4,5,1,0,OFFENSE_INCOMPLETE,NO
2024-25,0022400057,4,510,512,5,4,0,1,DEFENSE_INCOMPLETE,NO
2024-25,0022400057,4,513,513,4,5,1,0,OFFENSE_INCOMPLETE,NO
2024-25,0022400057,4,515,516,5,4,0,1,DEFENSE_INCOMPLETE,NO
2024-25,0022400057,4,517,518,4,5,1,0,OFFENSE_INCOMPLETE,NO
2024-25,0022400057,4,519,520,5,4,0,1,DEFENSE_INCOMPLETE,NO
2024-25,0022400057,4,522,523,4,5,1,0,OFFENSE_INCOMPLETE,NO
2024-25,0022400057,4,524,531,5,4,0,1,DEFENSE_INCOMPLETE,NO
2024-25,0022400057,4,532,532,4,5,1,0,OFFENSE_INCOMPLETE,NO
2024-25,0022400057,4,537,538,5,4,0,1,DEFENSE_INCOMPLETE,NO
2024-25,0022400057,4,539,539,4,5,1,0,OFFENSE_INCOMPLETE,NO
2024-25,0022400057,4,541,542,5,4,0,1,DEFENSE_INCOMPLETE,NO
2024-25,0022400057,4,543,544,4,5,1,0,OFFENSE_INCOMPLETE,NO
2024-25,0022400057,4,545,546,5,4,0,1,DEFENSE_INCOMPLETE,NO
2024-25,0022400065,1,107,107,4,5,1,0,OFFENSE_INCOMPLETE,NO
2024-25,0022400065,1,109,109,5,4,0,1,DEFENSE_INCOMPLETE,NO
2024-25,0022400065,1,111,111,4,5,1,0,OFFENSE_INCOMPLETE,NO
2024-25,0022400065,1,113,113,5,4,0,1,DEFENSE_INCOMPLETE,NO
2024-25,0022400065,1,115,115,4,5,1,0,OFFENSE_INCOMPLETE,NO
2024-25,0022400065,1,117,117,5,4,0,1,DEFENSE_INCOMPLETE,NO
2024-25,0022400065,1,119,127,4,5,1,0,OFFENSE_INCOMPLETE,NO
2024-25,0022400065,1,129,129,5,4,0,1,DEFENSE_INCOMPLETE,NO
2024-25,0022400065,1,131,132,4,5,1,0,OFFENSE_INCOMPLETE,NO
2024-25,0022400065,1,133,135,5,4,0,1,DEFENSE_INCOMPLETE,NO
2024-25,0022400065,1,136,136,4,5,1,0,OFFENSE_INCOMPLETE,NO
2024-25,0022400065,1,140,149,5,4,0,1,DEFENSE_INCOMPLETE,NO
2024-25,0022400065,1,150,150,4,5,1,0,OFFENSE_INCOMPLETE,NO
2024-25,0022400065,1,151,151,5,4,0,1,DEFENSE_INCOMPLETE,NO
2024-25,0022400065,1,153,154,4,5,1,0,OFFENSE_INCOMPLETE,NO
2024-25,0022400065,1,157,158,5,4,0,1,DEFENSE_INCOMPLETE,NO
2024-25,0022400065,1,159,159,4,5,1,0,OFFENSE_INCOMPLETE,NO
2024-25,0022400065,1,161,166,5,4,0,1,DEFENSE_INCOMPLETE,NO
2024-25,0022400074,4,559,564,5,4,0,1,DEFENSE_INCOMPLETE,NO
2024-25,0022400074,4,569,570,4,5,1,0,OFFENSE_INCOMPLETE,NO
2024-25,0022400074,4,571,571,4,5,1,0,OFFENSE_INCOMPLETE,NO
2024-25,0022400074,4,573,582,5,4,0,1,DEFENSE_INCOMPLETE,NO
2024-25,0022400074,4,583,583,4,5,1,0,OFFENSE_INCOMPLETE,NO
2024-25,0022400074,4,585,587,5,4,0,1,DEFENSE_INCOMPLETE,NO
2024-25,0022400074,4,590,590,4,5,1,0,OFFENSE_INCOMPLETE,NO
2024-25,0022400074,4,592,601,5,4,0,1,DEFENSE_INCOMPLETE,NO
2024-25,0022400074,4,602,602,4,5,1,0,OFFENSE_INCOMPLETE,NO
2024-25,0022400074,4,604,605,5,4,0,1,DEFENSE_INCOMPLETE,NO
2024-25,0022400074,4,606,606,4,5,1,0,OFFENSE_INCOMPLETE,NO
2024-25,0022400074,4,607,608,5,4,0,1,DEFENSE_INCOMPLETE,NO
2024-25,0022400074,4,609,609,4,5,1,0,OFFENSE_INCOMPLETE,NO
2024-25,0022400074,4,611,611,5,4,0,1,DEFENSE_INCOMPLETE,NO
2024-25,0022400074,4,613,613,4,5,1,0,OFFENSE_INCOMPLETE,NO
2024-25,0022400074,4,619,619,5,4,0,1,DEFENSE_INCOMPLETE,NO
2024-25,0022400074,4,620,621,4,5,1,0,OFFENSE_INCOMPLETE,NO
2024-25,0022400076,2,289,294,5,4,0,1,DEFENSE_INCOMPLETE,NO
2024-25,0022400076,2,295,296,4,5,1,0,OFFENSE_INCOMPLETE,NO
2024-25,0022400076,2,297,297,5,4,0,1,DEFENSE_INCOMPLETE,NO
2024-25,0022400076,2,301,301,4,5,1,0,OFFENSE_INCOMPLETE,NO
2024-25,0022400076,2,304,305,5,4,0,1,DEFENSE_INCOMPLETE,NO
2024-25,0022400076,2,306,306,4,5,1,0,OFFENSE_INCOMPLETE,NO
2024-25,0022400076,2,317,324,5,4,0,1,DEFENSE_INCOMPLETE,NO
2024-25,0022400076,2,319,319,4,5,1,0,OFFENSE_INCOMPLETE,NO
2024-25,0022400076,2,321,321,5,4,0,1,DEFENSE_INCOMPLETE,NO
2024-25,0022400076,2,325,326,4,5,1,0,OFFENSE_INCOMPLETE,NO
2024-25,0022400076,2,327,328,5,4,0,1,DEFENSE_INCOMPLETE,NO
2024-25,0022400076,2,332,335,4,5,1,0,OFFENSE_INCOMPLETE,NO
2024-25,0022400076,2,336,337,5,4,0,1,DEFENSE_INCOMPLETE,NO
2024-25,0022400076,2,338,340,4,5,1,0,OFFENSE_INCOMPLETE,NO
2024-25,0022400076,3,348,348,5,4,0,1,DEFENSE_INCOMPLETE,NO
2024-25,0022400076,3,349,349,4,5,1,0,OFFENSE_INCOMPLETE,NO
2024-25,0022400076,3,350,350,5,4,0,1,DEFENSE_INCOMPLETE,NO
2024-25,0022400076,3,352,352,4,5,1,0,OFFENSE_INCOMPLETE,NO
2024-25,0022400076,3,354,354,5,4,0,1,DEFENSE_INCOMPLETE,NO
2024-25,0022400076,3,356,356,4,5,1,0,OFFENSE_INCOMPLETE,NO
2024-25,0022400076,3,357,357,5,4,0,1,DEFENSE_INCOMPLETE,NO
2024-25,0022400076,3,359,359,4,5,1,0,OFFENSE_INCOMPLETE,NO
2024-25,0022400076,3,361,361,5,4,0,1,DEFENSE_INCOMPLETE,NO
2024-25,0022400076,3,362,362,4,5,1,0,OFFENSE_INCOMPLETE,NO
2024-25,0022400076,3,365,366,5,4,0,1,DEFENSE_INCOMPLETE,NO
2024-25,0022400076,3,369,370,4,5,1,0,OFFENSE_INCOMPLETE,NO
2024-25,0022400076,3,371,375,5,4,0,1,DEFENSE_INCOMPLETE,NO
2024-25,0022400076,3,376,376,4,5,1,0,OFFENSE_INCOMPLETE,NO
2024-25,0022400076,3,381,381,5,4,0,1,DEFENSE_INCOMPLETE,NO
2024-25,0022400076,3,382,383,4,5,1,0,OFFENSE_INCOMPLETE,NO
2024-25,0022400076,3,384,391,5,4,0,1,DEFENSE_INCOMPLETE,NO
2024-25,0022400076,3,392,392,4,5,1,0,OFFENSE_INCOMPLETE,NO
2024-25,0022400076,3,394,394,5,4,0,1,DEFENSE_INCOMPLETE,NO
2024-25,0022400076,3,396,397,4,5,1,0,OFFENSE_INCOMPLETE,NO
2024-25,0022400076,3,398,399,5,4,0,1,DEFENSE_INCOMPLETE,NO
2024-25,0022400076,3,400,400,4,5,1,0,OFFENSE_INCOMPLETE,NO
2024-25,0022400076,3,401,402,5,4,0,1,DEFENSE_INCOMPLETE,NO
2024-25,0022400076,3,405,406,4,5,1,0,OFFENSE_INCOMPLETE,NO
2024-25,0022400076,3,407,407,5,4,0,1,DEFENSE_INCOMPLETE,NO
2024-25,0022400076,3,408,409,4,5,1,0,OFFENSE_INCOMPLETE,NO
2024-25,0022400076,3,410,411,5,4,0,1,DEFENSE_INCOMPLETE,NO
2024-25,0022400076,3,417,418,4,5,1,0,OFFENSE_INCOMPLETE,NO
2024-25,0022400076,3,419,419,5,4,0,1,DEFENSE_INCOMPLETE,NO
2024-25,0022400076,3,428,428,4,5,1,0,OFFENSE_INCOMPLETE,NO
2024-25,0022400076,3,429,429,5,4,0,1,DEFENSE_INCOMPLETE,NO
2024-25,0022400076,3,430,430,4,5,1,0,OFFENSE_INCOMPLETE,NO
2024-25,0022400076,3,432,433,5,4,0,1,DEFENSE_INCOMPLETE,NO
2024-25,0022400076,3,436,436,4,5,1,0,OFFENSE_INCOMPLETE,NO
2024-25,0022400076,3,442,446,5,4,0,1,DEFENSE_INCOMPLETE,NO
2024-25,0022400076,3,447,448,4,5,1,0,OFFENSE_INCOMPLETE,NO
2024-25,0022400076,3,449,449,5,4,0,1,DEFENSE_INCOMPLETE,NO
2024-25,0022400076,3,453,460,4,5,1,0,OFFENSE_INCOMPLETE,NO
2024-25,0022400079,1,98,98,5,4,0,1,DEFENSE_INCOMPLETE,NO
2024-25,0022400079,1,100,101,4,5,1,0,OFFENSE_INCOMPLETE,NO
2024-25,0022400079,1,102,102,5,4,0,1,DEFENSE_INCOMPLETE,NO
2024-25,0022400079,1,106,106,4,5,1,0,OFFENSE_INCOMPLETE,NO
2024-25,0022400080,4,618,618,5,4,0,1,DEFENSE_INCOMPLETE,NO
2024-25,0022400080,4,619,619,4,5,1,0,OFFENSE_INCOMPLETE,NO
2024-25,0022400080,4,621,621,5,4,0,1,DEFENSE_INCOMPLETE,NO
2024-25,0022400080,4,622,623,4,5,1,0,OFFENSE_INCOMPLETE,NO
2024-25,0022400080,4,624,624,5,4,0,1,DEFENSE_INCOMPLETE,NO
2024-25,0022400080,4,625,625,4,5,1,0,OFFENSE_INCOMPLETE,NO
2024-25,0022400080,4,627,628,5,4,0,1,DEFENSE_INCOMPLETE,NO
2024-25,0022400080,4,631,631,4,5,1,0,OFFENSE_INCOMPLETE,NO
2024-25,0022400080,4,634,635,5,4,0,1,DEFENSE_INCOMPLETE,NO
2024-25,0022400080,4,636,637,4,5,1,0,OFFENSE_INCOMPLETE,NO
2024-25,0022400080,4,638,639,5,4,0,1,DEFENSE_INCOMPLETE,NO
2024-25,0022400080,4,640,640,4,5,1,0,OFFENSE_INCOMPLETE,NO
2024-25,0022400088,2,198,198,5,4,0,1,DEFENSE_INCOMPLETE,NO
2024-25,0022400088,2,200,200,4,5,1,0,OFFENSE_INCOMPLETE,NO
2024-25,0022400088,2,201,201,5,4,0,1,DEFENSE_INCOMPLETE,NO
2024-25,0022400088,2,203,203,4,5,1,0,OFFENSE_INCOMPLETE,NO
2024-25,0022400088,2,205,211,5,4,0,1,DEFENSE_INCOMPLETE,NO
2024-25,0022400103,3,486,486,4,5,1,0,OFFENSE_INCOMPLETE,NO
2024-25,0022400103,3,487,488,5,4,0,1,DEFENSE_INCOMPLETE,NO
2024-25,0022400103,3,490,491,4,5,1,0,OFFENSE_INCOMPLETE,NO
2024-25,0022400106,2,171,173,4,5,1,0,OFFENSE_INCOMPLETE,NO
2024-25,0022400106,2,174,174,5,4,0,1,DEFENSE_INCOMPLETE,NO
2024-25,0022400106,2,175,175,4,5,1,0,OFFENSE_INCOMPLETE,NO
2024-25,0022400106,2,177,177,5,4,0,1,DEFENSE_INCOMPLETE,NO
2024-25,0022400106,2,178,180,4,5,1,0,OFFENSE_INCOMPLETE,NO
2024-25,0022400111,2,161,162,5,4,0,1,DEFENSE_INCOMPLETE,NO
2024-25,0022400111,2,163,164,4,5,1,0,OFFENSE_INCOMPLETE,NO
2024-25,0022400111,2,165,166,5,4,0,1,DEFENSE_INCOMPLETE,NO
2024-25,0022400111,2,167,169,4,5,1,0,OFFENSE_INCOMPLETE,NO
2024-25,0022400111,2,171,171,5,4,0,1,DEFENSE_INCOMPLETE,NO
2024-25,0022400111,2,172,172,4,5,1,0,OFFENSE_INCOMPLETE,NO
2024-25,0022400111,2,175,175,5,4,0,1,DEFENSE_INCOMPLETE,NO
2024-25,0022400111,2,181,181,4,5,1,0,OFFENSE_INCOMPLETE,NO
2024-25,0022400111,2,183,184,5,4,0,1,DEFENSE_INCOMPLETE,NO
2024-25,0022400111,2,185,185,4,5,1,0,OFFENSE_INCOMPLETE,NO
2024-25,0022400111,2,187,302,5,4,0,1,DEFENSE_INCOMPLETE,NO
2024-25,0022400111,2,201,205,5,4,0,1,DEFENSE_INCOMPLETE,NO
2024-25,0022400111,2,207,208,4,5,1,0,OFFENSE_INCOMPLETE,NO
2024-25,0022400111,2,209,211,5,4,0,1,DEFENSE_INCOMPLETE,NO
2024-25,0022400111,2,212,213,4,5,1,0,OFFENSE_INCOMPLETE,NO
2024-25,0022400111,2,214,215,5,4,0,1,DEFENSE_INCOMPLETE,NO
2024-25,0022400124,2,328,330,4,5,1,0,OFFENSE_INCOMPLETE,NO
2024-25,0022400124,2,332,332,5,4,0,1,DEFENSE_INCOMPLETE,NO
2024-25,0022400124,2,333,333,4,5,1,0,OFFENSE_INCOMPLETE,NO
2024-25,0022400124,2,336,336,5,4,0,1,DEFENSE_INCOMPLETE,NO
2024-25,0022400124,2,341,343,4,5,1,0,OFFENSE_INCOMPLETE,NO
2024-25,0022400124,2,344,350,5,4,0,1,DEFENSE_INCOMPLETE,NO
2024-25,0022400131,4,649,649,4,5,1,0,OFFENSE_INCOMPLETE,NO
2024-25,0022400131,4,654,654,5,4,0,1,DEFENSE_INCOMPLETE,NO
2024-25,0022400131,4,660,661,4,5,1,0,OFFENSE_INCOMPLETE,NO
2024-25,0022400131,4,662,662,5,4,0,1,DEFENSE_INCOMPLETE,NO
2024-25,0022400131,4,665,667,4,5,1,0,OFFENSE_INCOMPLETE,NO
2024-25,0022400131,4,668,668,5,4,0,1,DEFENSE_INCOMPLETE,NO
2024-25,0022400131,4,671,672,4,5,1,0,OFFENSE_INCOMPLETE,NO
2024-25,0022400131,4,673,675,5,4,0,1,DEFENSE_INCOMPLETE,NO
2024-25,0022400131,4,679,680,4,5,1,0,OFFENSE_INCOMPLETE,NO
2024-25,0022400131,4,681,682,5,4,0,1,DEFENSE_INCOMPLETE,NO
2024-25,0022400148,2,226,229,5,4,0,1,DEFENSE_INCOMPLETE,NO
2024-25,0022400148,2,231,231,4,5,1,0,OFFENSE_INCOMPLETE,NO
2024-25,0022400148,2,232,233,5,4,0,1,DEFENSE_INCOMPLETE,NO
2024-25,0022400148,2,234,234,4,5,1,0,OFFENSE_INCOMPLETE,NO
2024-25,0022400148,2,236,236,5,4,0,1,DEFENSE_INCOMPLETE,NO
2024-25,0022400148,2,238,238,4,5,1,0,OFFENSE_INCOMPLETE,NO
2024-25,0022400148,2,242,242,5,4,0,1,DEFENSE_INCOMPLETE,NO
2024-25,0022400148,2,247,247,4,5,1,0,OFFENSE_INCOMPLETE,NO
2024-25,0022400148,2,248,248,5,4,0,1,DEFENSE_INCOMPLETE,NO
2024-25,0022400148,2,250,251,4,5,1,0,OFFENSE_INCOMPLETE,NO
2024-25,0022400148,2,253,253,5,4,0,1,DEFENSE_INCOMPLETE,NO
2024-25,0022400148,2,254,254,4,5,1,0,OFFENSE_INCOMPLETE,NO
2024-25,0022400152,4,605,605,5,4,0,1,DEFENSE_INCOMPLETE,NO
2024-25,0022400152,4,606,607,4,5,1,0,OFFENSE_INCOMPLETE,NO
2024-25,0022400167,3,446,447,4,5,1,0,OFFENSE_INCOMPLETE,NO
2024-25,0022400167,3,448,448,5,4,0,1,DEFENSE_INCOMPLETE,NO
2024-25,0022400167,3,450,450,4,5,1,0,OFFENSE_INCOMPLETE,NO
2024-25,0022400167,3,451,451,5,4,0,1,DEFENSE_INCOMPLETE,NO
2024-25,0022400167,3,453,453,4,5,1,0,OFFENSE_INCOMPLETE,NO
2024-25,0022400167,3,454,456,5,4,0,1,DEFENSE_INCOMPLETE,NO
2024-25,0022400167,3,457,458,4,5,1,0,OFFENSE_INCOMPLETE,NO
2024-25,0022400167,4,525,526,4,5,1,0,OFFENSE_INCOMPLETE,NO
2024-25,0022400167,4,530,532,5,4,0,1,DEFENSE_INCOMPLETE,NO
2024-25,0022400167,4,533,533,4,5,1,0,OFFENSE_INCOMPLETE,NO
2024-25,0022400167,4,535,535,5,4,0,1,DEFENSE_INCOMPLETE,NO
2024-25,0022400167,4,537,538,4,5,1,0,OFFENSE_INCOMPLETE,NO
2024-25,0022400167,4,539,539,5,4,0,1,DEFENSE_INCOMPLETE,NO
2024-25,0022400167,4,541,542,4,5,1,0,OFFENSE_INCOMPLETE,NO
2024-25,0022400167,4,543,543,5,4,0,1,DEFENSE_INCOMPLETE,NO
2024-25,0022400167,4,544,544,4,5,1,0,OFFENSE_INCOMPLETE,NO
2024-25,0022400167,4,545,546,5,4,0,1,DEFENSE_INCOMPLETE,NO
2024-25,0022400167,4,547,547,4,5,1,0,OFFENSE_INCOMPLETE,NO
2024-25,0022400167,4,550,551,5,4,0,1,DEFENSE_INCOMPLETE,NO
2024-25,0022400167,4,552,552,4,5,1,0,OFFENSE_INCOMPLETE,NO
2024-25,0022400167,4,554,554,5,4,0,1,DEFENSE_INCOMPLETE,NO
2024-25,0022400184,2,239,239,5,4,0,1,DEFENSE_INCOMPLETE,NO
2024-25,0022400184,2,240,241,4,5,1,0,OFFENSE_INCOMPLETE,NO
2024-25,0022400184,2,242,244,5,4,0,1,DEFENSE_INCOMPLETE,NO
2024-25,0022400184,2,245,245,4,5,1,0,OFFENSE_INCOMPLETE,NO
2024-25,0022400184,2,246,246,5,4,0,1,DEFENSE_INCOMPLETE,NO
2024-25,0022400184,2,247,247,4,5,1,0,OFFENSE_INCOMPLETE,NO
2024-25,0022400184,2,249,252,5,4,0,1,DEFENSE_INCOMPLETE,NO
2024-25,0022400184,2,253,254,4,5,1,0,OFFENSE_INCOMPLETE,NO
2024-25,0022400184,2,255,255,5,4,0,1,DEFENSE_INCOMPLETE,NO
2024-25,0022400187,2,213,213,5,4,0,1,DEFENSE_INCOMPLETE,NO
2024-25,0022400187,2,214,214,5,4,0,1,DEFENSE_INCOMPLETE,NO
2024-25,0022400187,2,216,216,4,5,1,0,OFFENSE_INCOMPLETE,NO
2024-25,0022400187,2,218,218,5,4,0,1,DEFENSE_INCOMPLETE,NO
2024-25,0022400187,2,219,220,4,5,1,0,OFFENSE_INCOMPLETE,NO
2024-25,0022400187,2,221,222,5,4,0,1,DEFENSE_INCOMPLETE,NO
2024-25,0022400187,2,223,223,4,5,1,0,OFFENSE_INCOMPLETE,NO
2024-25,0022400197,4,735,735,4,5,1,0,OFFENSE_INCOMPLETE,NO
2024-25,0022400204,4,585,586,5,4,0,1,DEFENSE_INCOMPLETE,NO
2024-25,0022400204,4,587,587,4,5,1,0,OFFENSE_INCOMPLETE,NO
2024-25,0022400204,4,589,589,5,4,0,1,DEFENSE_INCOMPLETE,NO
2024-25,0022400204,4,591,591,4,5,1,0,OFFENSE_INCOMPLETE,NO
2024-25,0022400205,2,329,329,4,5,1,0,OFFENSE_INCOMPLETE,NO
2024-25,0022400205,2,331,331,5,4,0,1,DEFENSE_INCOMPLETE,NO
2024-25,0022400205,3,342,342,5,4,0,1,DEFENSE_INCOMPLETE,NO
2024-25,0022400205,3,344,344,4,5,1,0,OFFENSE_INCOMPLETE,NO
2024-25,0022400205,3,346,347,5,4,0,1,DEFENSE_INCOMPLETE,NO
2024-25,0022400205,3,348,349,4,5,1,0,OFFENSE_INCOMPLETE,NO
2024-25,0022400205,3,350,365,5,4,0,1,DEFENSE_INCOMPLETE,NO
2024-25,0022400205,3,366,367,4,5,1,0,OFFENSE_INCOMPLETE,NO
2024-25,0022400205,3,368,369,5,4,0,1,DEFENSE_INCOMPLETE,NO
2024-25,0022400205,3,370,370,4,5,1,0,OFFENSE_INCOMPLETE,NO
2024-25,0022400205,3,372,372,5,4,0,1,DEFENSE_INCOMPLETE,NO
2024-25,0022400205,3,373,373,4,5,1,0,OFFENSE_INCOMPLETE,NO
2024-25,0022400205,3,374,374,5,4,0,1,DEFENSE_INCOMPLETE,NO
2024-25,0022400205,3,376,376,4,5,1,0,OFFENSE_INCOMPLETE,NO
2024-25,0022400205,3,378,378,5,4,0,1,DEFENSE_INCOMPLETE,NO
2024-25,0022400205,3,379,379,4,5,1,0,OFFENSE_INCOMPLETE,NO
2024-25,0022400205,3,380,381,5,4,0,1,DEFENSE_INCOMPLETE,NO
2024-25,0022400205,3,382,383,4,5,1,0,OFFENSE_INCOMPLETE,NO
2024-25,0022400205,3,384,384,5,4,0,1,DEFENSE_INCOMPLETE,NO
2024-25,0022400210,1,71,72,5,4,0,1,DEFENSE_INCOMPLETE,NO
2024-25,0022400210,1,73,73,4,5,1,0,OFFENSE_INCOMPLETE,NO
2024-25,0022400210,1,75,75,5,4,0,1,DEFENSE_INCOMPLETE,NO
2024-25,0022400210,1,77,77,4,5,1,0,OFFENSE_INCOMPLETE,NO
2024-25,0022400210,1,80,80,5,4,0,1,DEFENSE_INCOMPLETE,NO
2024-25,0022400210,1,81,81,4,5,1,0,OFFENSE_INCOMPLETE,NO
2024-25,0022400210,1,82,82,5,4,0,1,DEFENSE_INCOMPLETE,NO
2024-25,0022400210,1,84,86,4,5,1,0,OFFENSE_INCOMPLETE,NO
2024-25,0022400210,1,88,88,5,4,0,1,DEFENSE_INCOMPLETE,NO
2024-25,0022400210,1,90,90,4,5,1,0,OFFENSE_INCOMPLETE,NO
2024-25,0022400210,1,92,93,5,4,0,1,DEFENSE_INCOMPLETE,NO
2024-25,0022400210,1,94,94,4,5,1,0,OFFENSE_INCOMPLETE,NO
2024-25,0022400210,1,96,96,5,4,0,1,DEFENSE_INCOMPLETE,NO
2024-25,0022400210,1,98,98,4,5,1,0,OFFENSE_INCOMPLETE,NO
2024-25,0022400210,1,99,99,5,4,0,1,DEFENSE_INCOMPLETE,NO
2024-25,0022400214,3,380,380,4,5,1,0,OFFENSE_INCOMPLETE,NO
2024-25,0022400214,3,388,390,5,4,0,1,DEFENSE_INCOMPLETE,NO
2024-25,0022400214,3,391,392,4,5,1,0,OFFENSE_INCOMPLETE,NO
2024-25,0022400214,3,393,394,5,4,0,1,DEFENSE_INCOMPLETE,NO
2024-25,0022400214,3,399,399,4,5,1,0,OFFENSE_INCOMPLETE,NO
2024-25,0022400214,3,402,404,5,4,0,1,DEFENSE_INCOMPLETE,NO
2024-25,0022400214,3,407,407,4,5,1,0,OFFENSE_INCOMPLETE,NO
2024-25,0022400214,3,408,409,5,4,0,1,DEFENSE_INCOMPLETE,NO
2024-25,0022400214,3,410,410,4,5,1,0,OFFENSE_INCOMPLETE,NO
2024-25,0022400214,3,412,415,5,4,0,1,DEFENSE_INCOMPLETE,NO
2024-25,0022400214,3,416,416,4,5,1,0,OFFENSE_INCOMPLETE,NO
2024-25,0022400214,3,418,418,5,4,0,1,DEFENSE_INCOMPLETE,NO
2024-25,0022400214,3,420,420,4,5,1,0,OFFENSE_INCOMPLETE,NO
2024-25,0022400214,3,422,422,5,4,0,1,DEFENSE_INCOMPLETE,NO
2024-25,0022400214,3,424,424,4,5,1,0,OFFENSE_INCOMPLETE,NO
2024-25,0022400214,3,426,427,5,4,0,1,DEFENSE_INCOMPLETE,NO
2024-25,0022400214,3,430,441,4,5,1,0,OFFENSE_INCOMPLETE,NO
2024-25,0022400214,3,442,442,5,4,0,1,DEFENSE_INCOMPLETE,NO
2024-25,0022400214,3,444,444,4,5,1,0,OFFENSE_INCOMPLETE,NO
2024-25,0022400214,3,446,446,5,4,0,1,DEFENSE_INCOMPLETE,NO
2024-25,0022400214,3,447,448,4,5,1,0,OFFENSE_INCOMPLETE,NO
2024-25,0022400214,3,449,449,5,4,0,1,DEFENSE_INCOMPLETE,NO
2024-25,0022400219,4,581,584,4,5,1,0,OFFENSE_INCOMPLETE,NO
2024-25,0022400219,4,585,585,5,4,0,1,DEFENSE_INCOMPLETE,NO
2024-25,0022400219,4,586,586,4,5,1,0,OFFENSE_INCOMPLETE,NO
2024-25,0022400219,4,589,589,5,4,0,1,DEFENSE_INCOMPLETE,NO
2024-25,0022400219,4,590,590,4,5,1,0,OFFENSE_INCOMPLETE,NO
2024-25,0022400219,4,592,592,5,4,0,1,DEFENSE_INCOMPLETE,NO
2024-25,0022400219,4,594,595,4,5,1,0,OFFENSE_INCOMPLETE,NO
2024-25,0022400219,4,598,605,5,4,0,1,DEFENSE_INCOMPLETE,NO
2024-25,0022400219,4,606,606,4,5,1,0,OFFENSE_INCOMPLETE,NO
2024-25,0022400219,4,608,609,5,4,0,1,DEFENSE_INCOMPLETE,NO
2024-25,0022400219,4,610,610,4,5,1,0,OFFENSE_INCOMPLETE,NO
2024-25,0022400219,4,613,614,5,4,0,1,DEFENSE_INCOMPLETE,NO
2024-25,0022400219,4,615,616,4,5,1,0,OFFENSE_INCOMPLETE,NO
2024-25,0022400219,4,619,620,5,4,0,1,DEFENSE_INCOMPLETE,NO
2024-25,0022400219,4,621,621,4,5,1,0,OFFENSE_INCOMPLETE,NO
2024-25,0022400219,4,622,622,5,4,0,1,DEFENSE_INCOMPLETE,NO
2024-25,0022400219,4,624,625,4,5,1,0,OFFENSE_INCOMPLETE,NO
2024-25,0022400219,4,626,627,5,4,0,1,DEFENSE_INCOMPLETE,NO
2024-25,0022400219,4,628,628,4,5,1,0,OFFENSE_INCOMPLETE,NO
2024-25,0022400219,4,630,631,5,4,0,1,DEFENSE_INCOMPLETE,NO
2024-25,0022400219,4,632,632,4,5,1,0,OFFENSE_INCOMPLETE,NO
2024-25,0022400219,4,634,634,5,4,0,1,DEFENSE_INCOMPLETE,NO
2024-25,0022400219,4,635,635,4,5,1,0,OFFENSE_INCOMPLETE,NO
2024-25,0022400219,4,639,640,5,4,0,1,DEFENSE_INCOMPLETE,NO
2024-25,0022400219,4,641,641,4,5,1,0,OFFENSE_INCOMPLETE,NO
2024-25,0022400219,4,647,649,5,4,0,1,DEFENSE_INCOMPLETE,NO
2024-25,0022400219,4,653,655,4,5,1,0,OFFENSE_INCOMPLETE,NO
2024-25,0022400221,2,329,330,5,4,0,1,DEFENSE_INCOMPLETE,NO
2024-25,0022400221,2,331,332,4,5,1,0,OFFENSE_INCOMPLETE,NO
2024-25,0022400221,2,333,335,5,4,0,1,DEFENSE_INCOMPLETE,NO
2024-25,0022400221,2,336,336,4,5,1,0,OFFENSE_INCOMPLETE,NO
2024-25,0022400221,2,337,337,5,4,0,1,DEFENSE_INCOMPLETE,NO
2024-25,0022400221,2,338,340,4,5,1,0,OFFENSE_INCOMPLETE,NO
2024-25,0022400221,2,342,344,5,4,0,1,DEFENSE_INCOMPLETE,NO
2024-25,0022400221,2,346,348,4,5,1,0,OFFENSE_INCOMPLETE,NO
2024-25,0022400228,4,598,600,5,4,0,1,DEFENSE_INCOMPLETE,NO
2024-25,0022400228,4,601,601,4,5,1,0,OFFENSE_INCOMPLETE,NO
2024-25,0022400228,4,603,610,5,4,0,1,DEFENSE_INCOMPLETE,NO
2024-25,0022400228,4,611,611,4,5,1,0,OFFENSE_INCOMPLETE,NO
2024-25,0022400228,4,613,614,5,4,0,1,DEFENSE_INCOMPLETE,NO
2024-25,0022400228,4,617,619,4,5,1,0,OFFENSE_INCOMPLETE,NO
2024-25,0022400228,4,620,623,5,4,0,1,DEFENSE_INCOMPLETE,NO
2024-25,0022400228,4,624,626,4,5,1,0,OFFENSE_INCOMPLETE,NO
2024-25,0022400228,4,627,627,5,4,0,1,DEFENSE_INCOMPLETE,NO
2024-25,0022400228,4,629,629,4,5,1,0,OFFENSE_INCOMPLETE,NO
2024-25,0022400228,4,631,631,5,4,0,1,DEFENSE_INCOMPLETE,NO
2024-25,0022400228,4,633,636,4,5,1,0,OFFENSE_INCOMPLETE,NO
2024-25,0022400228,4,637,639,5,4,0,1,DEFENSE_INCOMPLETE,NO
2024-25,0022400228,4,640,640,4,5,1,0,OFFENSE_INCOMPLETE,NO
2024-25,0022400228,4,641,641,5,4,0,1,DEFENSE_INCOMPLETE,NO
2024-25,0022400228,4,644,644,4,5,1,0,OFFENSE_INCOMPLETE,NO
2024-25,0022400228,4,645,645,5,4,0,1,DEFENSE_INCOMPLETE,NO
2024-25,0022400228,4,647,647,4,5,1,0,OFFENSE_INCOMPLETE,NO
2024-25,0022400228,4,650,653,5,4,0,1,DEFENSE_INCOMPLETE,NO
2024-25,0022400228,4,654,655,4,5,1,0,OFFENSE_INCOMPLETE,NO
2024-25,0022400228,4,656,659,5,4,0,1,DEFENSE_INCOMPLETE,NO
2024-25,0022400228,4,663,663,4,5,1,0,OFFENSE_INCOMPLETE,NO
2024-25,0022400228,4,665,665,5,4,0,1,DEFENSE_INCOMPLETE,NO
2024-25,0022400228,4,669,671,4,5,1,0,OFFENSE_INCOMPLETE,NO
2024-25,0022400232,3,358,358,5,4,0,1,DEFENSE_INCOMPLETE,NO
2024-25,0022400232,3,360,361,4,5,1,0,OFFENSE_INCOMPLETE,NO
2024-25,0022400232,3,364,366,5,4,0,1,DEFENSE_INCOMPLETE,NO
2024-25,0022400232,3,367,367,4,5,1,0,OFFENSE_INCOMPLETE,NO
2024-25,0022400232,3,370,370,5,4,0,1,DEFENSE_INCOMPLETE,NO
2024-25,0022400232,3,371,375,4,5,1,0,OFFENSE_INCOMPLETE,NO
2024-25,0022400232,3,380,380,5,4,0,1,DEFENSE_INCOMPLETE,NO
2024-25,0022400232,3,382,384,4,5,1,0,OFFENSE_INCOMPLETE,NO
2024-25,0022400232,3,385,387,5,4,0,1,DEFENSE_INCOMPLETE,NO
2024-25,0022400232,3,391,394,4,5,1,0,OFFENSE_INCOMPLETE,NO
2024-25,0022400232,3,396,397,5,4,0,1,DEFENSE_INCOMPLETE,NO
2024-25,0022400232,3,398,398,4,5,1,0,OFFENSE_INCOMPLETE,NO
2024-25,0022400232,3,400,400,5,4,0,1,DEFENSE_INCOMPLETE,NO
2024-25,0022400232,3,403,406,4,5,1,0,OFFENSE_INCOMPLETE,NO
2024-25,0022400232,3,407,410,5,4,0,1,DEFENSE_INCOMPLETE,NO
2024-25,0022400232,3,411,412,4,5,1,0,OFFENSE_INCOMPLETE,NO
2024-25,0022400232,3,423,424,4,5,1,0,OFFENSE_INCOMPLETE,NO
2024-25,0022400232,3,425,426,5,4,0,1,DEFENSE_INCOMPLETE,NO
2024-25,0022400232,3,427,431,4,5,1,0,OFFENSE_INCOMPLETE,NO
2024-25,0022400232,3,434,434,5,4,0,1,DEFENSE_INCOMPLETE,NO
2024-25,0022400232,3,441,442,5,4,0,1,DEFENSE_INCOMPLETE,NO
2024-25,0022400232,3,444,444,4,5,1,0,OFFENSE_INCOMPLETE,NO
2024-25,0022400232,3,450,450,5,4,0,1,DEFENSE_INCOMPLETE,NO
2024-25,0022400232,3,452,453,4,5,1,0,OFFENSE_INCOMPLETE,NO
2024-25,0022400232,3,458,461,5,4,0,1,DEFENSE_INCOMPLETE,NO
2024-25,0022400232,3,462,463,4,5,1,0,OFFENSE_INCOMPLETE,NO
2024-25,0022400232,3,464,465,5,4,0,1,DEFENSE_INCOMPLETE,NO
2024-25,0022400232,3,468,471,4,5,1,0,OFFENSE_INCOMPLETE,NO
2024-25,0022400234,4,487,489,4,5,1,0,OFFENSE_INCOMPLETE,NO
2024-25,0022400234,4,490,490,5,4,0,1,DEFENSE_INCOMPLETE,NO
2024-25,0022400234,4,492,492,4,5,1,0,OFFENSE_INCOMPLETE,NO
2024-25,0022400234,4,494,495,5,4,0,1,DEFENSE_INCOMPLETE,NO
2024-25,0022400234,4,496,496,4,5,1,0,OFFENSE_INCOMPLETE,NO
2024-25,0022400234,4,499,499,5,4,0,1,DEFENSE_INCOMPLETE,NO
2024-25,0022400234,4,500,500,4,5,1,0,OFFENSE_INCOMPLETE,NO
2024-25,0022400234,4,502,508,5,4,0,1,DEFENSE_INCOMPLETE,NO
2024-25,0022400234,4,509,511,4,5,1,0,OFFENSE_INCOMPLETE,NO
2024-25,0022400234,4,512,513,5,4,0,1,DEFENSE_INCOMPLETE,NO
2024-25,0022400234,4,514,516,4,5,1,0,OFFENSE_INCOMPLETE,NO
2024-25,0022400234,4,517,517,5,4,0,1,DEFENSE_INCOMPLETE,NO
2024-25,0022400234,4,523,523,4,5,1,0,OFFENSE_INCOMPLETE,NO
2024-25,0022400234,4,524,524,5,4,0,1,DEFENSE_INCOMPLETE,NO
2024-25,0022400234,4,528,528,4,5,1,0,OFFENSE_INCOMPLETE,NO
2024-25,0022400234,4,529,531,5,4,0,1,DEFENSE_INCOMPLETE,NO
2024-25,0022400234,4,532,532,4,5,1,0,OFFENSE_INCOMPLETE,NO
2024-25,0022400234,4,534,534,5,4,0,1,DEFENSE_INCOMPLETE,NO
2024-25,0022400234,4,536,536,4,5,1,0,OFFENSE_INCOMPLETE,NO
2024-25,0022400234,4,539,543,5,4,0,1,DEFENSE_INCOMPLETE,NO
2024-25,0022400234,4,546,546,4,5,1,0,OFFENSE_INCOMPLETE,NO
2024-25,0022400234,4,549,555,5,4,0,1,DEFENSE_INCOMPLETE,NO
2024-25,0022400235,1,103,103,4,5,1,0,OFFENSE_INCOMPLETE,NO
2024-25,0022400235,1,104,104,5,4,0,1,DEFENSE_INCOMPLETE,NO
2024-25,0022400235,1,106,107,4,5,1,0,OFFENSE_INCOMPLETE,NO
2024-25,0022400235,1,108,111,5,4,0,1,DEFENSE_INCOMPLETE,NO
2024-25,0022400235,1,116,116,4,5,1,0,OFFENSE_INCOMPLETE,NO
2024-25,0022400236,2,257,258,4,5,1,0,OFFENSE_INCOMPLETE,NO
2024-25,0022400236,2,259,259,5,4,0,1,DEFENSE_INCOMPLETE,NO
2024-25,0022400236,2,260,260,4,5,1,0,OFFENSE_INCOMPLETE,NO
2024-25,0022400236,2,262,263,5,4,0,1,DEFENSE_INCOMPLETE,NO
2024-25,0022400236,2,264,264,4,5,1,0,OFFENSE_INCOMPLETE,NO
2024-25,0022400239,2,762,762,4,5,1,0,OFFENSE_INCOMPLETE,NO
2024-25,0022400239,2,753,373,5,4,0,1,DEFENSE_INCOMPLETE,NO
2024-25,0022400239,4,749,749,5,4,0,1,DEFENSE_INCOMPLETE,NO
2024-25,0022400239,4,758,604,5,4,0,1,DEFENSE_INCOMPLETE,NO
2024-25,0022400239,4,743,743,4,5,1,0,OFFENSE_INCOMPLETE,NO
2024-25,0022400239,4,747,748,5,4,0,1,DEFENSE_INCOMPLETE,NO
2024-25,0022400240,2,225,225,5,4,0,1,DEFENSE_INCOMPLETE,NO
2024-25,0022400240,2,227,228,4,5,1,0,OFFENSE_INCOMPLETE,NO
2024-25,0022400240,2,229,230,5,4,0,1,DEFENSE_INCOMPLETE,NO
2024-25,0022400240,2,231,231,4,5,1,0,OFFENSE_INCOMPLETE,NO
2024-25,0022400240,2,233,233,5,4,0,1,DEFENSE_INCOMPLETE,NO
2024-25,0022400240,2,235,236,4,5,1,0,OFFENSE_INCOMPLETE,NO
2024-25,0022400240,2,237,238,5,4,0,1,DEFENSE_INCOMPLETE,NO
2024-25,0022400240,2,239,239,4,5,1,0,OFFENSE_INCOMPLETE,NO
2024-25,0022400246,2,173,173,5,4,0,1,DEFENSE_INCOMPLETE,NO
2024-25,0022400246,2,175,176,4,5,1,0,OFFENSE_INCOMPLETE,NO
2024-25,0022400246,2,177,178,5,4,0,1,DEFENSE_INCOMPLETE,NO
2024-25,0022400246,2,179,179,4,5,1,0,OFFENSE_INCOMPLETE,NO
2024-25,0022400246,2,181,181,5,4,0,1,DEFENSE_INCOMPLETE,NO
2024-25,0022400246,2,183,190,4,5,1,0,OFFENSE_INCOMPLETE,NO
2024-25,0022400246,2,191,192,5,4,0,1,DEFENSE_INCOMPLETE,NO
2024-25,0022400246,2,193,193,4,5,1,0,OFFENSE_INCOMPLETE,NO
2024-25,0022400246,2,194,194,5,4,0,1,DEFENSE_INCOMPLETE,NO
2024-25,0022400246,2,196,197,4,5,1,0,OFFENSE_INCOMPLETE,NO
2024-25,0022400246,2,198,198,5,4,0,1,DEFENSE_INCOMPLETE,NO
2024-25,0022400246,2,201,201,4,5,1,0,OFFENSE_INCOMPLETE,NO
2024-25,0022400246,2,204,207,5,4,0,1,DEFENSE_INCOMPLETE,NO
2024-25,0022400246,2,208,210,4,5,1,0,OFFENSE_INCOMPLETE,NO
2024-25,0022400246,2,211,212,5,4,0,1,DEFENSE_INCOMPLETE,NO
2024-25,0022400246,2,213,213,4,5,1,0,OFFENSE_INCOMPLETE,NO
2024-25,0022400246,2,214,222,5,4,0,1,DEFENSE_INCOMPLETE,NO
2024-25,0022400246,2,223,223,4,5,1,0,OFFENSE_INCOMPLETE,NO
2024-25,0022400246,2,224,224,5,4,0,1,DEFENSE_INCOMPLETE,NO
2024-25,0022400246,2,226,227,4,5,1,0,OFFENSE_INCOMPLETE,NO
2024-25,0022400246,2,236,237,5,4,0,1,DEFENSE_INCOMPLETE,NO
2024-25,0022400246,2,238,238,4,5,1,0,OFFENSE_INCOMPLETE,NO
2024-25,0022400246,2,244,250,5,4,0,1,DEFENSE_INCOMPLETE,NO
2024-25,0022400246,2,251,254,4,5,1,0,OFFENSE_INCOMPLETE,NO
2024-25,0022400246,2,256,256,5,4,0,1,DEFENSE_INCOMPLETE,NO
2024-25,0022400246,2,257,258,4,5,1,0,OFFENSE_INCOMPLETE,NO
2024-25,0022400246,2,259,259,5,4,0,1,DEFENSE_INCOMPLETE,NO
2024-25,0022400246,2,261,262,4,5,1,0,OFFENSE_INCOMPLETE,NO
2024-25,0022400246,2,263,266,5,4,0,1,DEFENSE_INCOMPLETE,NO
2024-25,0022400246,2,267,267,4,5,1,0,OFFENSE_INCOMPLETE,NO
2024-25,0022400246,2,269,269,5,4,0,1,DEFENSE_INCOMPLETE,NO
2024-25,0022400246,2,271,271,4,5,1,0,OFFENSE_INCOMPLETE,NO
2024-25,0022400246,2,273,273,5,4,0,1,DEFENSE_INCOMPLETE,NO
2024-25,0022400246,2,275,275,4,5,1,0,OFFENSE_INCOMPLETE,NO
2024-25,0022400246,2,276,277,5,4,0,1,DEFENSE_INCOMPLETE,NO
2024-25,0022400246,2,278,280,4,5,1,0,OFFENSE_INCOMPLETE,NO
2024-25,0022400246,2,286,286,5,4,0,1,DEFENSE_INCOMPLETE,NO
2024-25,0022400246,2,290,290,4,5,1,0,OFFENSE_INCOMPLETE,NO
2024-25,0022400246,2,291,292,5,4,0,1,DEFENSE_INCOMPLETE,NO
2024-25,0022400246,2,295,297,4,5,1,0,OFFENSE_INCOMPLETE,NO
2024-25,0022400246,2,298,298,5,4,0,1,DEFENSE_INCOMPLETE,NO
2024-25,0022400246,2,299,299,4,5,1,0,OFFENSE_INCOMPLETE,NO
2024-25,0022400246,2,301,302,5,4,0,1,DEFENSE_INCOMPLETE,NO
2024-25,0022400246,2,303,303,4,5,1,0,OFFENSE_INCOMPLETE,NO
2024-25,0022400246,2,304,306,5,4,0,1,DEFENSE_INCOMPLETE,NO
2024-25,0022400247,1,88,89,4,5,1,0,OFFENSE_INCOMPLETE,NO
2024-25,0022400247,1,91,91,5,4,0,1,DEFENSE_INCOMPLETE,NO
2024-25,0022400247,1,92,92,4,5,1,0,OFFENSE_INCOMPLETE,NO
2024-25,0022400247,1,94,95,5,4,0,1,DEFENSE_INCOMPLETE,NO
2024-25,0022400247,1,97,98,4,5,1,0,OFFENSE_INCOMPLETE,NO
2024-25,0022400247,1,101,106,5,4,0,1,DEFENSE_INCOMPLETE,NO
2024-25,0022400247,1,107,107,4,5,1,0,OFFENSE_INCOMPLETE,NO
2024-25,0022400247,1,112,114,5,4,0,1,DEFENSE_INCOMPLETE,NO
2024-25,0022400247,1,116,116,4,5,1,0,OFFENSE_INCOMPLETE,NO
2024-25,0022400247,1,117,118,5,4,0,1,DEFENSE_INCOMPLETE,NO
2024-25,0022400247,1,120,129,4,5,1,0,OFFENSE_INCOMPLETE,NO
2024-25,0022400247,4,714,714,4,5,1,0,OFFENSE_INCOMPLETE,NO
2024-25,0022400247,4,718,720,5,4,0,1,DEFENSE_INCOMPLETE,NO
2024-25,0022400247,4,721,722,4,5,1,0,OFFENSE_INCOMPLETE,NO
2024-25,0022400254,2,215,215,4,5,1,0,OFFENSE_INCOMPLETE,NO
2024-25,0022400254,2,216,217,5,4,0,1,DEFENSE_INCOMPLETE,NO
2024-25,0022400254,2,220,221,4,5,1,0,OFFENSE_INCOMPLETE,NO
2024-25,0022400254,2,222,226,5,4,0,1,DEFENSE_INCOMPLETE,NO
2024-25,0022400254,2,227,233,4,5,1,0,OFFENSE_INCOMPLETE,NO
2024-25,0022400254,2,235,235,5,4,0,1,DEFENSE_INCOMPLETE,NO
2024-25,0022400254,2,237,238,4,5,1,0,OFFENSE_INCOMPLETE,NO
2024-25,0022400254,2,239,240,5,4,0,1,DEFENSE_INCOMPLETE,NO
2024-25,0022400254,2,241,241,4,5,1,0,OFFENSE_INCOMPLETE,NO
2024-25,0022400254,2,244,244,5,4,0,1,DEFENSE_INCOMPLETE,NO
2024-25,0022400254,2,245,245,4,5,1,0,OFFENSE_INCOMPLETE,NO
2024-25,0022400254,2,246,246,5,4,0,1,DEFENSE_INCOMPLETE,NO
2024-25,0022400270,3,432,434,5,4,0,1,DEFENSE_INCOMPLETE,NO
2024-25,0022400270,3,437,438,4,5,1,0,OFFENSE_INCOMPLETE,NO
2024-25,0022400270,3,439,440,5,4,0,1,DEFENSE_INCOMPLETE,NO
2024-25,0022400270,3,441,441,4,5,1,0,OFFENSE_INCOMPLETE,NO
2024-25,0022400270,3,442,442,5,4,0,1,DEFENSE_INCOMPLETE,NO
2024-25,0022400270,3,443,443,4,5,1,0,OFFENSE_INCOMPLETE,NO
2024-25,0022400270,3,444,445,5,4,0,1,DEFENSE_INCOMPLETE,NO
2024-25,0022400270,3,446,448,4,5,1,0,OFFENSE_INCOMPLETE,NO
2024-25,0022400270,3,449,450,5,4,0,1,DEFENSE_INCOMPLETE,NO
2024-25,0022400270,3,452,453,4,5,1,0,OFFENSE_INCOMPLETE,NO
2024-25,0022400270,3,460,468,5,4,0,1,DEFENSE_INCOMPLETE,NO
2024-25,0022400270,3,471,473,4,5,1,0,OFFENSE_INCOMPLETE,NO
2024-25,0022400279,2,163,164,4,5,1,0,OFFENSE_INCOMPLETE,NO
2024-25,0022400279,2,165,165,5,4,0,1,DEFENSE_INCOMPLETE,NO
2024-25,0022400279,2,167,171,4,5,1,0,OFFENSE_INCOMPLETE,NO
2024-25,0022400279,2,172,173,5,4,0,1,DEFENSE_INCOMPLETE,NO
2024-25,0022400279,2,174,174,4,5,1,0,OFFENSE_INCOMPLETE,NO
2024-25,0022400279,2,176,177,5,4,0,1,DEFENSE_INCOMPLETE,NO
2024-25,0022400279,2,178,179,4,5,1,0,OFFENSE_INCOMPLETE,NO
2024-25,0022400279,2,180,180,5,4,0,1,DEFENSE_INCOMPLETE,NO
2024-25,0022400279,2,184,184,4,5,1,0,OFFENSE_INCOMPLETE,NO
2024-25,0022400279,2,186,187,5,4,0,1,DEFENSE_INCOMPLETE,NO
2024-25,0022400279,2,190,195,4,5,1,0,OFFENSE_INCOMPLETE,NO
2024-25,0022400279,2,196,196,5,4,0,1,DEFENSE_INCOMPLETE,NO
2024-25,0022400279,2,198,200,4,5,1,0,OFFENSE_INCOMPLETE,NO
2024-25,0022400279,2,210,213,5,4,0,1,DEFENSE_INCOMPLETE,NO
2024-25,0022400279,2,214,215,4,5,1,0,OFFENSE_INCOMPLETE,NO
2024-25,0022400279,2,216,216,5,4,0,1,DEFENSE_INCOMPLETE,NO
2024-25,0022400279,2,230,231,4,5,1,0,OFFENSE_INCOMPLETE,NO
2024-25,0022400279,2,232,232,5,4,0,1,DEFENSE_INCOMPLETE,NO
2024-25,0022400279,2,233,234,4,5,1,0,OFFENSE_INCOMPLETE,NO
2024-25,0022400279,2,235,235,5,4,0,1,DEFENSE_INCOMPLETE,NO
2024-25,0022400279,2,237,237,4,5,1,0,OFFENSE_INCOMPLETE,NO
2024-25,0022400279,2,240,240,5,4,0,1,DEFENSE_INCOMPLETE,NO
2024-25,0022400279,2,245,245,4,5,1,0,OFFENSE_INCOMPLETE,NO
2024-25,0022400279,2,246,246,5,4,0,1,DEFENSE_INCOMPLETE,NO
2024-25,0022400279,2,248,249,4,5,1,0,OFFENSE_INCOMPLETE,NO
2024-25,0022400279,2,250,250,5,4,0,1,DEFENSE_INCOMPLETE,NO
2024-25,0022400284,2,304,304,5,4,0,1,DEFENSE_INCOMPLETE,NO
2024-25,0022400284,2,309,311,4,5,1,0,OFFENSE_INCOMPLETE,NO
2024-25,0022400284,2,312,312,5,4,0,1,DEFENSE_INCOMPLETE,NO
2024-25,0022400284,2,316,321,4,5,1,0,OFFENSE_INCOMPLETE,NO
2024-25,0022400284,4,600,600,4,5,1,0,OFFENSE_INCOMPLETE,NO
2024-25,0022400284,4,602,603,5,4,0,1,DEFENSE_INCOMPLETE,NO
2024-25,0022400291,2,149,149,4,5,1,0,OFFENSE_INCOMPLETE,NO
2024-25,0022400291,2,150,150,5,4,0,1,DEFENSE_INCOMPLETE,NO
2024-25,0022400291,2,152,152,4,5,1,0,OFFENSE_INCOMPLETE,NO
2024-25,0022400291,2,154,156,5,4,0,1,DEFENSE_INCOMPLETE,NO
2024-25,0022400291,2,159,159,4,5,1,0,OFFENSE_INCOMPLETE,NO
2024-25,0022400291,2,160,162,5,4,0,1,DEFENSE_INCOMPLETE,NO
2024-25,0022400291,2,166,167,4,5,1,0,OFFENSE_INCOMPLETE,NO
2024-25,0022400291,2,168,168,5,4,0,1,DEFENSE_INCOMPLETE,NO
2024-25,0022400291,2,170,174,4,5,1,0,OFFENSE_INCOMPLETE,NO
2024-25,0022400291,2,175,176,5,4,0,1,DEFENSE_INCOMPLETE,NO
2024-25,0022400291,2,177,177,4,5,1,0,OFFENSE_INCOMPLETE,NO
2024-25,0022400291,2,183,183,5,4,0,1,DEFENSE_INCOMPLETE,NO
2024-25,0022400291,2,185,185,4,5,1,0,OFFENSE_INCOMPLETE,NO
2024-25,0022400291,2,187,188,5,4,0,1,DEFENSE_INCOMPLETE,NO
2024-25,0022400291,2,189,189,4,5,1,0,OFFENSE_INCOMPLETE,NO
2024-25,0022400291,2,191,196,5,4,0,1,DEFENSE_INCOMPLETE,NO
2024-25,0022400291,2,197,197,4,5,1,0,OFFENSE_INCOMPLETE,NO
2024-25,0022400291,2,199,199,5,4,0,1,DEFENSE_INCOMPLETE,NO
2024-25,0022400291,2,200,200,4,5,1,0,OFFENSE_INCOMPLETE,NO
2024-25,0022400291,2,214,214,4,5,1,0,OFFENSE_INCOMPLETE,NO
2024-25,0022400297,2,218,219,4,5,1,0,OFFENSE_INCOMPLETE,NO
2024-25,0022400297,2,220,221,5,4,0,1,DEFENSE_INCOMPLETE,NO
2024-25,0022400297,2,224,229,4,5,1,0,OFFENSE_INCOMPLETE,NO
2024-25,0022400300,4,707,708,4,5,1,0,OFFENSE_INCOMPLETE,NO
2024-25,0022400300,4,711,712,5,4,0,1,DEFENSE_INCOMPLETE,NO
2024-25,0022400300,4,713,713,4,5,1,0,OFFENSE_INCOMPLETE,NO
2024-25,0022400304,4,671,679,5,4,0,1,DEFENSE_INCOMPLETE,NO
2024-25,0022400331,2,251,251,5,4,0,1,DEFENSE_INCOMPLETE,NO
2024-25,0022400331,2,253,253,4,5,1,0,OFFENSE_INCOMPLETE,NO
2024-25,0022400331,2,255,256,5,4,0,1,DEFENSE_INCOMPLETE,NO
2024-25,0022400331,2,257,257,4,5,1,0,OFFENSE_INCOMPLETE,NO
2024-25,0022400334,3,352,352,5,4,0,1,DEFENSE_INCOMPLETE,NO
2024-25,0022400334,3,356,356,4,5,1,0,OFFENSE_INCOMPLETE,NO
2024-25,0022400334,3,360,360,5,4,0,1,DEFENSE_INCOMPLETE,NO
2024-25,0022400334,3,365,367,4,5,1,0,OFFENSE_INCOMPLETE,NO
2024-25,0022400334,3,369,369,5,4,0,1,DEFENSE_INCOMPLETE,NO
2024-25,0022400334,3,371,371,4,5,1,0,OFFENSE_INCOMPLETE,NO
2024-25,0022400334,3,373,374,5,4,0,1,DEFENSE_INCOMPLETE,NO
2024-25,0022400334,3,375,375,4,5,1,0,OFFENSE_INCOMPLETE,NO
2024-25,0022400334,3,376,376,5,4,0,1,DEFENSE_INCOMPLETE,NO
2024-25,0022400334,3,378,378,4,5,1,0,OFFENSE_INCOMPLETE,NO
2024-25,0022400334,3,383,383,5,4,0,1,DEFENSE_INCOMPLETE,NO
2024-25,0022400334,3,384,386,4,5,1,0,OFFENSE_INCOMPLETE,NO
2024-25,0022400334,3,387,387,5,4,0,1,DEFENSE_INCOMPLETE,NO
2024-25,0022400334,3,389,389,4,5,1,0,OFFENSE_INCOMPLETE,NO
2024-25,0022400334,3,391,392,5,4,0,1,DEFENSE_INCOMPLETE,NO
2024-25,0022400334,3,393,394,4,5,1,0,OFFENSE_INCOMPLETE,NO
2024-25,0022400334,3,395,395,5,4,0,1,DEFENSE_INCOMPLETE,NO
2024-25,0022400334,3,398,398,4,5,1,0,OFFENSE_INCOMPLETE,NO
2024-25,0022400334,3,400,409,5,4,0,1,DEFENSE_INCOMPLETE,NO
2024-25,0022400334,3,410,411,4,5,1,0,OFFENSE_INCOMPLETE,NO
2024-25,0022400334,3,412,413,5,4,0,1,DEFENSE_INCOMPLETE,NO
2024-25,0022400334,3,414,414,4,5,1,0,OFFENSE_INCOMPLETE,NO
2024-25,0022400334,3,416,416,5,4,0,1,DEFENSE_INCOMPLETE,NO
2024-25,0022400334,3,417,418,4,5,1,0,OFFENSE_INCOMPLETE,NO
2024-25,0022400334,3,419,420,5,4,0,1,DEFENSE_INCOMPLETE,NO
2024-25,0022400334,3,423,423,4,5,1,0,OFFENSE_INCOMPLETE,NO
2024-25,0022400334,3,425,425,5,4,0,1,DEFENSE_INCOMPLETE,NO
2024-25,0022400334,3,427,427,4,5,1,0,OFFENSE_INCOMPLETE,NO
2024-25,0022400334,3,435,435,5,4,0,1,DEFENSE_INCOMPLETE,NO
2024-25,0022400334,3,436,438,4,5,1,0,OFFENSE_INCOMPLETE,NO
2024-25,0022400336,3,411,411,5,4,0,1,DEFENSE_INCOMPLETE,NO
2024-25,0022400336,3,413,413,4,5,1,0,OFFENSE_INCOMPLETE,NO
2024-25,0022400336,3,415,419,5,4,0,1,DEFENSE_INCOMPLETE,NO
2024-25,0022400336,3,422,423,4,5,1,0,OFFENSE_INCOMPLETE,NO
2024-25,0022400336,3,426,427,5,4,0,1,DEFENSE_INCOMPLETE,NO
2024-25,0022400336,3,428,429,4,5,1,0,OFFENSE_INCOMPLETE,NO
2024-25,0022400336,3,430,431,5,4,0,1,DEFENSE_INCOMPLETE,NO
2024-25,0022400336,3,432,434,4,5,1,0,OFFENSE_INCOMPLETE,NO
2024-25,0022400336,3,435,436,5,4,0,1,DEFENSE_INCOMPLETE,NO
2024-25,0022400336,3,439,446,4,5,1,0,OFFENSE_INCOMPLETE,NO
2024-25,0022400336,3,447,447,5,4,0,1,DEFENSE_INCOMPLETE,NO
2024-25,0022400336,3,449,449,4,5,1,0,OFFENSE_INCOMPLETE,NO
2024-25,0022400336,3,451,453,5,4,0,1,DEFENSE_INCOMPLETE,NO
2024-25,0022400336,3,454,454,4,5,1,0,OFFENSE_INCOMPLETE,NO
2024-25,0022400336,3,456,457,5,4,0,1,DEFENSE_INCOMPLETE,NO
2024-25,0022400338,2,345,347,4,5,1,0,OFFENSE_INCOMPLETE,NO
2024-25,0022400338,3,359,362,4,5,1,0,OFFENSE_INCOMPLETE,NO
2024-25,0022400338,3,363,364,5,4,0,1,DEFENSE_INCOMPLETE,NO
2024-25,0022400338,3,365,365,4,5,1,0,OFFENSE_INCOMPLETE,NO
2024-25,0022400338,3,367,368,5,4,0,1,DEFENSE_INCOMPLETE,NO
2024-25,0022400338,3,369,369,4,5,1,0,OFFENSE_INCOMPLETE,NO
2024-25,0022400338,3,370,370,5,4,0,1,DEFENSE_INCOMPLETE,NO
2024-25,0022400350,1,97,98,4,5,1,0,OFFENSE_INCOMPLETE,NO
2024-25,0022400350,1,99,99,5,4,0,1,DEFENSE_INCOMPLETE,NO
2024-25,0022400350,1,100,100,4,5,1,0,OFFENSE_INCOMPLETE,NO
2024-25,0022400350,1,102,102,5,4,0,1,DEFENSE_INCOMPLETE,NO
2024-25,0022400350,1,103,112,4,5,1,0,OFFENSE_INCOMPLETE,NO
2024-25,0022400355,2,247,253,4,5,1,0,OFFENSE_INCOMPLETE,NO
2024-25,0022400355,2,255,255,5,4,0,1,DEFENSE_INCOMPLETE,NO
2024-25,0022400355,2,257,259,4,5,1,0,OFFENSE_INCOMPLETE,NO
2024-25,0022400355,2,266,266,5,4,0,1,DEFENSE_INCOMPLETE,NO
2024-25,0022400355,2,267,267,4,5,1,0,OFFENSE_INCOMPLETE,NO
2024-25,0022400355,2,269,269,5,4,0,1,DEFENSE_INCOMPLETE,NO
2024-25,0022400355,2,273,274,4,5,1,0,OFFENSE_INCOMPLETE,NO
2024-25,0022400355,2,670,670,5,4,0,1,DEFENSE_INCOMPLETE,NO
2024-25,0022400355,2,276,277,4,5,1,0,OFFENSE_INCOMPLETE,NO
2024-25,0022400355,2,278,278,5,4,0,1,DEFENSE_INCOMPLETE,NO
2024-25,0022400355,2,281,282,4,5,1,0,OFFENSE_INCOMPLETE,NO
2024-25,0022400355,2,283,283,5,4,0,1,DEFENSE_INCOMPLETE,NO
2024-25,0022400355,4,635,635,4,5,1,0,OFFENSE_INCOMPLETE,NO
2024-25,0022400355,4,637,638,5,4,0,1,DEFENSE_INCOMPLETE,NO
2024-25,0022400355,4,641,642,4,5,1,0,OFFENSE_INCOMPLETE,NO
2024-25,0022400355,4,643,644,5,4,0,1,DEFENSE_INCOMPLETE,NO
2024-25,0022400355,4,646,649,4,5,1,0,OFFENSE_INCOMPLETE,NO
2024-25,0022400355,4,650,652,5,4,0,1,DEFENSE_INCOMPLETE,NO
2024-25,0022400355,4,653,653,4,5,1,0,OFFENSE_INCOMPLETE,NO
2024-25,0022400355,4,654,654,5,4,0,1,DEFENSE_INCOMPLETE,NO
2024-25,0022400355,4,656,656,4,5,1,0,OFFENSE_INCOMPLETE,NO
2024-25,0022400355,4,659,660,5,4,0,1,DEFENSE_INCOMPLETE,NO
2024-25,0022400355,4,661,661,4,5,1,0,OFFENSE_INCOMPLETE,NO
2024-25,0022400355,4,662,666,5,4,0,1,DEFENSE_INCOMPLETE,NO
2024-25,0022400359,1,93,93,4,4,1,1,BOTH_SIDES_INCOMPLETE,NO
2024-25,0022400359,1,95,95,4,4,1,1,BOTH_SIDES_INCOMPLETE,NO
2024-25,0022400359,1,97,97,4,4,1,1,BOTH_SIDES_INCOMPLETE,NO
2024-25,0022400359,1,99,99,4,4,1,1,BOTH_SIDES_INCOMPLETE,NO
2024-25,0022400359,1,101,108,4,4,1,1,BOTH_SIDES_INCOMPLETE,NO
2024-25,0022400359,1,110,111,5,4,0,1,DEFENSE_INCOMPLETE,NO
2024-25,0022400359,1,112,112,4,5,1,0,OFFENSE_INCOMPLETE,NO
2024-25,0022400359,1,114,117,5,4,0,1,DEFENSE_INCOMPLETE,NO
2024-25,0022400359,1,120,124,4,5,1,0,OFFENSE_INCOMPLETE,NO
2024-25,0022400359,2,205,207,5,3,0,2,DEFENSE_INCOMPLETE,NO
2024-25,0022400359,2,208,209,3,5,2,0,OFFENSE_INCOMPLETE,NO
2024-25,0022400359,2,210,210,5,3,0,2,DEFENSE_INCOMPLETE,NO
2024-25,0022400359,2,216,217,4,5,1,0,OFFENSE_INCOMPLETE,NO
2024-25,0022400359,2,218,218,5,4,0,1,DEFENSE_INCOMPLETE,NO
2024-25,0022400359,2,220,220,4,5,1,0,OFFENSE_INCOMPLETE,NO
2024-25,0022400359,2,224,224,5,4,0,1,DEFENSE_INCOMPLETE,NO
2024-25,0022400359,2,228,233,4,5,1,0,OFFENSE_INCOMPLETE,NO
2024-25,0022400359,2,234,236,5,4,0,1,DEFENSE_INCOMPLETE,NO
2024-25,0022400359,2,238,240,4,5,1,0,OFFENSE_INCOMPLETE,NO
2024-25,0022400359,2,241,241,5,4,0,1,DEFENSE_INCOMPLETE,NO
2024-25,0022400359,2,243,245,4,5,1,0,OFFENSE_INCOMPLETE,NO
2024-25,0022400359,2,246,248,5,4,0,1,DEFENSE_INCOMPLETE,NO
2024-25,0022400359,2,249,249,4,5,1,0,OFFENSE_INCOMPLETE,NO
2024-25,0022400364,3,492,492,5,4,0,1,DEFENSE_INCOMPLETE,NO
2024-25,0022400377,1,82,82,5,4,0,1,DEFENSE_INCOMPLETE,NO
2024-25,0022400377,1,84,86,4,5,1,0,OFFENSE_INCOMPLETE,NO
2024-25,0022400377,1,87,87,5,4,0,1,DEFENSE_INCOMPLETE,NO
2024-25,0022400377,1,90,90,4,5,1,0,OFFENSE_INCOMPLETE,NO
2024-25,0022400377,1,92,93,5,4,0,1,DEFENSE_INCOMPLETE,NO
2024-25,0022400377,1,94,97,4,5,1,0,OFFENSE_INCOMPLETE,NO
2024-25,0022400377,1,100,110,5,4,0,1,DEFENSE_INCOMPLETE,NO
2024-25,0022400383,2,353,353,4,5,1,0,OFFENSE_INCOMPLETE,NO
2024-25,0022400383,2,355,357,5,4,0,1,DEFENSE_INCOMPLETE,NO
2024-25,0022400385,3,439,441,5,4,0,1,DEFENSE_INCOMPLETE,NO
2024-25,0022400385,3,442,444,4,5,1,0,OFFENSE_INCOMPLETE,NO
2024-25,0022400385,3,445,446,5,4,0,1,DEFENSE_INCOMPLETE,NO
2024-25,0022400385,3,447,447,4,5,1,0,OFFENSE_INCOMPLETE,NO
2024-25,0022400385,3,449,449,5,4,0,1,DEFENSE_INCOMPLETE,NO
2024-25,0022400385,3,451,452,4,5,1,0,OFFENSE_INCOMPLETE,NO
2024-25,0022400385,3,453,453,5,4,0,1,DEFENSE_INCOMPLETE,NO
2024-25,0022400389,3,411,411,5,4,0,1,DEFENSE_INCOMPLETE,NO
2024-25,0022400389,3,413,414,4,5,1,0,OFFENSE_INCOMPLETE,NO
2024-25,0022400389,3,415,416,5,4,0,1,DEFENSE_INCOMPLETE,NO
2024-25,0022400390,1,425,425,4,5,1,0,OFFENSE_INCOMPLETE,NO
2024-25,0022400390,2,354,356,5,4,0,1,DEFENSE_INCOMPLETE,NO
2024-25,0022400390,3,362,363,5,4,0,1,DEFENSE_INCOMPLETE,NO
2024-25,0022400390,3,364,364,4,5,1,0,OFFENSE_INCOMPLETE,NO
2024-25,0022400390,3,368,370,5,4,0,1,DEFENSE_INCOMPLETE,NO
2024-25,0022400390,3,371,372,4,5,1,0,OFFENSE_INCOMPLETE,NO
2024-25,0022400390,3,373,374,5,4,0,1,DEFENSE_INCOMPLETE,NO
2024-25,0022400390,3,375,376,4,5,1,0,OFFENSE_INCOMPLETE,NO
2024-25,0022400390,3,377,378,5,4,0,1,DEFENSE_INCOMPLETE,NO
2024-25,0022400390,3,380,381,4,5,1,0,OFFENSE_INCOMPLETE,NO
2024-25,0022400390,3,382,386,5,4,0,1,DEFENSE_INCOMPLETE,NO
2024-25,0022400390,3,387,387,4,5,1,0,OFFENSE_INCOMPLETE,NO
2024-25,0022400390,3,389,389,5,4,0,1,DEFENSE_INCOMPLETE,NO
2024-25,0022400390,3,391,391,4,5,1,0,OFFENSE_INCOMPLETE,NO
2024-25,0022400390,3,392,393,5,4,0,1,DEFENSE_INCOMPLETE,NO
2024-25,0022400390,3,396,398,4,5,1,0,OFFENSE_INCOMPLETE,NO
2024-25,0022400390,3,399,399,5,4,0,1,DEFENSE_INCOMPLETE,NO
2024-25,0022400390,3,403,403,4,5,1,0,OFFENSE_INCOMPLETE,NO
2024-25,0022400390,3,404,404,5,4,0,1,DEFENSE_INCOMPLETE,NO
2024-25,0022400390,3,407,407,4,5,1,0,OFFENSE_INCOMPLETE,NO
2024-25,0022400390,3,414,414,5,4,0,1,DEFENSE_INCOMPLETE,NO
2024-25,0022400390,3,415,416,4,5,1,0,OFFENSE_INCOMPLETE,NO
2024-25,0022400390,3,417,423,5,4,0,1,DEFENSE_INCOMPLETE,NO
2024-25,0022400390,3,424,424,4,5,1,0,OFFENSE_INCOMPLETE,NO
2024-25,0022400390,3,426,426,5,4,0,1,DEFENSE_INCOMPLETE,NO
2024-25,0022400390,3,428,429,4,5,1,0,OFFENSE_INCOMPLETE,NO
2024-25,0022400390,3,430,431,5,4,0,1,DEFENSE_INCOMPLETE,NO
2024-25,0022400390,3,432,433,4,5,1,0,OFFENSE_INCOMPLETE,NO
2024-25,0022400390,3,438,440,5,4,0,1,DEFENSE_INCOMPLETE,NO
2024-25,0022400390,3,440,446,5,4,0,1,DEFENSE_INCOMPLETE,NO
2024-25,0022400390,3,449,455,4,5,1,0,OFFENSE_INCOMPLETE,NO
2024-25,0022400393,1,115,116,5,4,0,1,DEFENSE_INCOMPLETE,NO
2024-25,0022400393,1,118,119,4,5,1,0,OFFENSE_INCOMPLETE,NO
2024-25,0022400393,1,120,120,5,4,0,1,DEFENSE_INCOMPLETE,NO
2024-25,0022400393,1,121,122,4,5,1,0,OFFENSE_INCOMPLETE,NO
2024-25,0022400393,1,123,125,5,4,0,1,DEFENSE_INCOMPLETE,NO
2024-25,0022400393,1,126,126,4,5,1,0,OFFENSE_INCOMPLETE,NO
2024-25,0022400393,1,128,128,5,4,0,1,DEFENSE_INCOMPLETE,NO
2024-25,0022400394,2,230,230,5,4,0,1,DEFENSE_INCOMPLETE,NO
2024-25,0022400394,2,232,233,4,5,1,0,OFFENSE_INCOMPLETE,NO
2024-25,0022400394,2,234,234,5,4,0,1,DEFENSE_INCOMPLETE,NO
2024-25,0022400394,2,240,241,4,5,1,0,OFFENSE_INCOMPLETE,NO
2024-25,0022400394,2,242,243,5,4,0,1,DEFENSE_INCOMPLETE,NO
2024-25,0022400394,2,244,244,4,5,1,0,OFFENSE_INCOMPLETE,NO
2024-25,0022400394,2,246,247,5,4,0,1,DEFENSE_INCOMPLETE,NO
2024-25,0022400394,2,248,248,4,5,1,0,OFFENSE_INCOMPLETE,NO
2024-25,0022400394,2,250,250,5,4,0,1,DEFENSE_INCOMPLETE,NO
2024-25,0022400407,3,317,318,4,5,1,0,OFFENSE_INCOMPLETE,NO
2024-25,0022400407,3,319,323,5,4,0,1,DEFENSE_INCOMPLETE,NO
2024-25,0022400407,3,324,325,4,5,1,0,OFFENSE_INCOMPLETE,NO
2024-25,0022400407,3,326,329,5,4,0,1,DEFENSE_INCOMPLETE,NO
2024-25,0022400407,3,330,331,4,5,1,0,OFFENSE_INCOMPLETE,NO
2024-25,0022400407,3,332,332,5,4,0,1,DEFENSE_INCOMPLETE,NO
2024-25,0022400407,3,333,334,4,5,1,0,OFFENSE_INCOMPLETE,NO
2024-25,0022400407,3,335,335,5,4,0,1,DEFENSE_INCOMPLETE,NO
2024-25,0022400407,3,337,337,4,5,1,0,OFFENSE_INCOMPLETE,NO
2024-25,0022400407,3,339,339,5,4,0,1,DEFENSE_INCOMPLETE,NO
2024-25,0022400407,3,341,342,4,5,1,0,OFFENSE_INCOMPLETE,NO
2024-25,0022400407,3,345,348,5,4,0,1,DEFENSE_INCOMPLETE,NO
2024-25,0022400407,3,351,352,4,5,1,0,OFFENSE_INCOMPLETE,NO
2024-25,0022400407,3,353,356,5,4,0,1,DEFENSE_INCOMPLETE,NO
2024-25,0022400407,3,357,358,4,5,1,0,OFFENSE_INCOMPLETE,NO
2024-25,0022400407,3,359,360,5,4,0,1,DEFENSE_INCOMPLETE,NO
2024-25,0022400407,3,361,361,4,5,1,0,OFFENSE_INCOMPLETE,NO
2024-25,0022400407,3,363,363,5,4,0,1,DEFENSE_INCOMPLETE,NO
2024-25,0022400407,3,365,366,4,5,1,0,OFFENSE_INCOMPLETE,NO
2024-25,0022400407,3,371,371,5,4,0,1,DEFENSE_INCOMPLETE,NO
2024-25,0022400407,3,373,375,4,5,1,0,OFFENSE_INCOMPLETE,NO
2024-25,0022400407,3,376,380,5,4,0,1,DEFENSE_INCOMPLETE,NO
2024-25,0022400407,3,381,382,4,5,1,0,OFFENSE_INCOMPLETE,NO
2024-25,0022400407,3,383,383,5,4,0,1,DEFENSE_INCOMPLETE,NO
2024-25,0022400407,3,386,387,4,5,1,0,OFFENSE_INCOMPLETE,NO
2024-25,0022400407,3,388,388,5,4,0,1,DEFENSE_INCOMPLETE,NO
2024-25,0022400407,3,389,389,4,5,1,0,OFFENSE_INCOMPLETE,NO
2024-25,0022400407,3,394,394,5,4,0,1,DEFENSE_INCOMPLETE,NO
2024-25,0022400407,3,395,396,4,5,1,0,OFFENSE_INCOMPLETE,NO
2024-25,0022400407,3,397,397,5,4,0,1,DEFENSE_INCOMPLETE,NO
2024-25,0022400407,3,404,405,4,5,1,0,OFFENSE_INCOMPLETE,NO
2024-25,0022400407,3,406,406,5,4,0,1,DEFENSE_INCOMPLETE,NO
2024-25,0022400407,3,412,415,4,5,1,0,OFFENSE_INCOMPLETE,NO
2024-25,0022400407,3,416,417,5,4,0,1,DEFENSE_INCOMPLETE,NO
2024-25,0022400407,3,418,422,4,5,1,0,OFFENSE_INCOMPLETE,NO
2024-25,0022400407,3,425,428,5,4,0,1,DEFENSE_INCOMPLETE,NO
2024-25,0022400407,3,429,429,4,5,1,0,OFFENSE_INCOMPLETE,NO
2024-25,0022400407,3,431,433,5,4,0,1,DEFENSE_INCOMPLETE,NO
2024-25,0022400407,3,434,435,4,5,1,0,OFFENSE_INCOMPLETE,NO
2024-25,0022400407,3,436,438,5,4,0,1,DEFENSE_INCOMPLETE,NO
2024-25,0022400407,3,439,440,4,5,1,0,OFFENSE_INCOMPLETE,NO
2024-25,0022400407,3,441,441,5,4,0,1,DEFENSE_INCOMPLETE,NO
2024-25,0022400407,3,443,444,4,5,1,0,OFFENSE_INCOMPLETE,NO
2024-25,0022400407,3,447,450,5,4,0,1,DEFENSE_INCOMPLETE,NO
2024-25,0022400407,3,451,451,4,5,1,0,OFFENSE_INCOMPLETE,NO
2024-25,0022400407,3,453,455,5,4,0,1,DEFENSE_INCOMPLETE,NO
2024-25,0022400408,3,326,327,5,4,0,1,DEFENSE_INCOMPLETE,NO
2024-25,0022400408,3,328,328,4,5,1,0,OFFENSE_INCOMPLETE,NO
2024-25,0022400408,3,330,331,5,4,0,1,DEFENSE_INCOMPLETE,NO
2024-25,0022400408,3,332,333,4,5,1,0,OFFENSE_INCOMPLETE,NO
2024-25,0022400408,3,335,335,5,4,0,1,DEFENSE_INCOMPLETE,NO
2024-25,0022400408,3,337,337,4,5,1,0,OFFENSE_INCOMPLETE,NO
2024-25,0022400408,3,339,339,5,4,0,1,DEFENSE_INCOMPLETE,NO
2024-25,0022400408,3,341,341,4,5,1,0,OFFENSE_INCOMPLETE,NO
2024-25,0022400408,3,344,345,5,4,0,1,DEFENSE_INCOMPLETE,NO
2024-25,0022400408,3,346,347,4,5,1,0,OFFENSE_INCOMPLETE,NO
2024-25,0022400408,3,348,348,5,4,0,1,DEFENSE_INCOMPLETE,NO
2024-25,0022400408,3,349,349,4,5,1,0,OFFENSE_INCOMPLETE,NO
2024-25,0022400408,3,351,351,5,4,0,1,DEFENSE_INCOMPLETE,NO
2024-25,0022400408,3,353,353,4,5,1,0,OFFENSE_INCOMPLETE,NO
2024-25,0022400408,3,355,355,5,4,0,1,DEFENSE_INCOMPLETE,NO
2024-25,0022400408,3,357,358,4,5,1,0,OFFENSE_INCOMPLETE,NO
2024-25,0022400408,3,359,360,5,4,0,1,DEFENSE_INCOMPLETE,NO
2024-25,0022400408,3,361,362,4,5,1,0,OFFENSE_INCOMPLETE,NO
2024-25,0022400408,3,363,363,5,4,0,1,DEFENSE_INCOMPLETE,NO
2024-25,0022400408,3,371,371,4,5,1,0,OFFENSE_INCOMPLETE,NO
2024-25,0022400408,3,374,375,5,4,0,1,DEFENSE_INCOMPLETE,NO
2024-25,0022400408,3,377,384,4,5,1,0,OFFENSE_INCOMPLETE,NO
2024-25,0022400408,3,385,385,5,4,0,1,DEFENSE_INCOMPLETE,NO
2024-25,0022400408,3,386,387,4,5,1,0,OFFENSE_INCOMPLETE,NO
2024-25,0022400408,3,388,389,5,4,0,1,DEFENSE_INCOMPLETE,NO
2024-25,0022400408,3,390,396,4,5,1,0,OFFENSE_INCOMPLETE,NO
2024-25,0022400408,3,397,398,5,4,0,1,DEFENSE_INCOMPLETE,NO
2024-25,0022400408,3,399,399,4,5,1,0,OFFENSE_INCOMPLETE,NO
2024-25,0022400408,3,400,400,5,4,0,1,DEFENSE_INCOMPLETE,NO
2024-25,0022400408,3,405,406,4,5,1,0,OFFENSE_INCOMPLETE,NO
2024-25,0022400408,3,408,409,5,4,0,1,DEFENSE_INCOMPLETE,NO
2024-25,0022400408,3,410,410,4,5,1,0,OFFENSE_INCOMPLETE,NO
2024-25,0022400408,3,418,420,5,4,0,1,DEFENSE_INCOMPLETE,NO
2024-25,0022400408,3,421,423,4,5,1,0,OFFENSE_INCOMPLETE,NO
2024-25,0022400408,3,424,424,5,4,0,1,DEFENSE_INCOMPLETE,NO
2024-25,0022400408,3,425,425,4,5,1,0,OFFENSE_INCOMPLETE,NO
2024-25,0022400408,3,427,427,5,4,0,1,DEFENSE_INCOMPLETE,NO
2024-25,0022400411,4,508,508,4,5,1,0,OFFENSE_INCOMPLETE,NO
2024-25,0022400411,4,510,623,5,4,0,1,DEFENSE_INCOMPLETE,NO
2024-25,0022400411,4,512,512,4,5,1,0,OFFENSE_INCOMPLETE,NO
2024-25,0022400417,2,257,257,4,5,1,0,OFFENSE_INCOMPLETE,NO
2024-25,0022400417,2,258,260,5,4,0,1,DEFENSE_INCOMPLETE,NO
2024-25,0022400417,2,262,262,4,5,1,0,OFFENSE_INCOMPLETE,NO
2024-25,0022400417,2,264,264,5,4,0,1,DEFENSE_INCOMPLETE,NO
2024-25,0022400417,2,266,266,4,5,1,0,OFFENSE_INCOMPLETE,NO
2024-25,0022400417,2,268,268,5,4,0,1,DEFENSE_INCOMPLETE,NO
2024-25,0022400417,2,270,270,4,5,1,0,OFFENSE_INCOMPLETE,NO
2024-25,0022400438,2,358,359,4,5,1,0,OFFENSE_INCOMPLETE,NO
2024-25,0022400438,2,360,361,5,4,0,1,DEFENSE_INCOMPLETE,NO
2024-25,0022400438,2,362,362,4,5,1,0,OFFENSE_INCOMPLETE,NO
2024-25,0022400438,2,363,364,5,4,0,1,DEFENSE_INCOMPLETE,NO
2024-25,0022400438,2,365,365,4,5,1,0,OFFENSE_INCOMPLETE,NO
2024-25,0022400438,3,378,379,4,5,1,0,OFFENSE_INCOMPLETE,NO
2024-25,0022400438,3,380,380,5,4,0,1,DEFENSE_INCOMPLETE,NO
2024-25,0022400438,3,382,384,4,5,1,0,OFFENSE_INCOMPLETE,NO
2024-25,0022400438,3,385,385,5,4,0,1,DEFENSE_INCOMPLETE,NO
2024-25,0022400438,3,387,388,4,5,1,0,OFFENSE_INCOMPLETE,NO
2024-25,0022400438,3,391,393,5,4,0,1,DEFENSE_INCOMPLETE,NO
2024-25,0022400438,3,394,395,4,5,1,0,OFFENSE_INCOMPLETE,NO
2024-25,0022400438,3,396,396,5,4,0,1,DEFENSE_INCOMPLETE,NO
2024-25,0022400440,4,600,600,4,5,1,0,OFFENSE_INCOMPLETE,NO
2024-25,0022400447,4,587,587,4,5,1,0,OFFENSE_INCOMPLETE,NO
2024-25,0022400447,4,589,593,5,4,0,1,DEFENSE_INCOMPLETE,NO
2024-25,0022400447,4,594,596,4,5,1,0,OFFENSE_INCOMPLETE,NO
2024-25,0022400447,4,599,602,5,4,0,1,DEFENSE_INCOMPLETE,NO
2024-25,0022400447,4,603,604,4,5,1,0,OFFENSE_INCOMPLETE,NO
2024-25,0022400447,4,605,606,5,4,0,1,DEFENSE_INCOMPLETE,NO
2024-25,0022400447,4,607,607,4,5,1,0,OFFENSE_INCOMPLETE,NO
2024-25,0022400447,4,609,610,5,4,0,1,DEFENSE_INCOMPLETE,NO
2024-25,0022400447,4,628,629,4,5,1,0,OFFENSE_INCOMPLETE,NO
2024-25,0022400447,4,630,632,5,4,0,1,DEFENSE_INCOMPLETE,NO
2024-25,0022400447,4,635,635,4,5,1,0,OFFENSE_INCOMPLETE,NO
2024-25,0022400447,4,639,643,5,4,0,1,DEFENSE_INCOMPLETE,NO
2024-25,0022400448,4,721,721,4,5,1,0,OFFENSE_INCOMPLETE,NO
2024-25,0022400448,4,723,723,5,4,0,1,DEFENSE_INCOMPLETE,NO
2024-25,0022400465,4,706,707,5,4,0,1,DEFENSE_INCOMPLETE,NO
2024-25,0022400465,4,708,708,4,5,1,0,OFFENSE_INCOMPLETE,NO
2024-25,0022400468,4,549,549,4,5,1,0,OFFENSE_INCOMPLETE,NO
2024-25,0022400468,4,550,551,5,4,0,1,DEFENSE_INCOMPLETE,NO
2024-25,0022400471,4,481,483,5,4,0,1,DEFENSE_INCOMPLETE,NO
2024-25,0022400471,4,484,485,4,5,1,0,OFFENSE_INCOMPLETE,NO
2024-25,0022400471,4,487,489,5,4,0,1,DEFENSE_INCOMPLETE,NO
2024-25,0022400471,4,492,493,4,5,1,0,OFFENSE_INCOMPLETE,NO
2024-25,0022400471,4,494,496,5,4,0,1,DEFENSE_INCOMPLETE,NO
2024-25,0022400471,4,503,505,4,5,1,0,OFFENSE_INCOMPLETE,NO
2024-25,0022400471,4,506,509,5,4,0,1,DEFENSE_INCOMPLETE,NO
2024-25,0022400471,4,511,512,4,5,1,0,OFFENSE_INCOMPLETE,NO
2024-25,0022400471,4,514,515,5,4,0,1,DEFENSE_INCOMPLETE,NO
2024-25,0022400471,4,518,518,4,5,1,0,OFFENSE_INCOMPLETE,NO
2024-25,0022400471,4,527,527,5,4,0,1,DEFENSE_INCOMPLETE,NO
2024-25,0022400471,4,528,528,4,5,1,0,OFFENSE_INCOMPLETE,NO
2024-25,0022400471,4,529,529,5,4,0,1,DEFENSE_INCOMPLETE,NO
2024-25,0022400471,4,530,530,4,5,1,0,OFFENSE_INCOMPLETE,NO
2024-25,0022400471,4,531,535,5,4,0,1,DEFENSE_INCOMPLETE,NO
2024-25,0022400471,4,552,554,4,5,1,0,OFFENSE_INCOMPLETE,NO
2024-25,0022400471,4,555,555,5,4,0,1,DEFENSE_INCOMPLETE,NO
2024-25,0022400471,4,557,566,4,5,1,0,OFFENSE_INCOMPLETE,NO
2024-25,0022400471,4,569,569,5,4,0,1,DEFENSE_INCOMPLETE,NO
2024-25,0022400471,4,570,570,4,5,1,0,OFFENSE_INCOMPLETE,NO
2024-25,0022400471,4,574,575,5,4,0,1,DEFENSE_INCOMPLETE,NO
2024-25,0022400471,4,576,576,4,5,1,0,OFFENSE_INCOMPLETE,NO
2024-25,0022400471,4,577,577,5,4,0,1,DEFENSE_INCOMPLETE,NO
2024-25,0022400471,4,578,579,4,5,1,0,OFFENSE_INCOMPLETE,NO
2024-25,0022400471,4,580,580,5,4,0,1,DEFENSE_INCOMPLETE,NO
2024-25,0022400471,4,584,584,4,5,1,0,OFFENSE_INCOMPLETE,NO
2024-25,0022400471,4,586,587,5,4,0,1,DEFENSE_INCOMPLETE,NO
2024-25,0022400471,4,588,589,4,5,1,0,OFFENSE_INCOMPLETE,NO
2024-25,0022400471,4,590,590,5,4,0,1,DEFENSE_INCOMPLETE,NO
2024-25,0022400471,4,591,596,4,5,1,0,OFFENSE_INCOMPLETE,NO
2024-25,0022400471,4,598,598,5,4,0,1,DEFENSE_INCOMPLETE,NO
2024-25,0022400471,4,600,600,4,5,1,0,OFFENSE_INCOMPLETE,NO
2024-25,0022400471,4,601,601,5,4,0,1,DEFENSE_INCOMPLETE,NO
2024-25,0022400471,4,605,606,4,5,1,0,OFFENSE_INCOMPLETE,NO
2024-25,0022400477,2,313,317,5,4,0,1,DEFENSE_INCOMPLETE,NO
2024-25,0022400477,2,321,321,4,5,1,0,OFFENSE_INCOMPLETE,NO
2024-25,0022400477,2,326,327,5,4,0,1,DEFENSE_INCOMPLETE,NO
2024-25,0022400477,2,332,333,4,5,1,0,OFFENSE_INCOMPLETE,NO
2024-25,0022400477,2,334,335,5,4,0,1,DEFENSE_INCOMPLETE,NO
2024-25,0022400477,2,336,336,4,5,1,0,OFFENSE_INCOMPLETE,NO
2024-25,0022400477,2,338,338,5,4,0,1,DEFENSE_INCOMPLETE,NO
2024-25,0022400477,2,340,340,4,5,1,0,OFFENSE_INCOMPLETE,NO
2024-25,0022400477,2,343,343,5,4,0,1,DEFENSE_INCOMPLETE,NO
2024-25,0022400477,2,345,346,4,5,1,0,OFFENSE_INCOMPLETE,NO
2024-25,0022400477,2,347,348,5,4,0,1,DEFENSE_INCOMPLETE,NO
2024-25,0022400477,2,349,352,4,5,1,0,OFFENSE_INCOMPLETE,NO
2024-25,0022400478,2,202,202,4,5,1,0,OFFENSE_INCOMPLETE,NO
2024-25,0022400478,2,204,205,5,4,0,1,DEFENSE_INCOMPLETE,NO
2024-25,0022400478,2,208,211,4,5,1,0,OFFENSE_INCOMPLETE,NO
2024-25,0022400478,2,212,215,5,4,0,1,DEFENSE_INCOMPLETE,NO
2024-25,0022400478,2,216,216,4,5,1,0,OFFENSE_INCOMPLETE,NO
2024-25,0022400482,4,592,596,4,5,1,0,OFFENSE_INCOMPLETE,NO
2024-25,0022400482,4,597,597,5,4,0,1,DEFENSE_INCOMPLETE,NO
2024-25,0022400482,4,599,600,4,5,1,0,OFFENSE_INCOMPLETE,NO
2024-25,0022400482,4,601,605,5,4,0,1,DEFENSE_INCOMPLETE,NO
2024-25,0022400482,4,606,606,4,5,1,0,OFFENSE_INCOMPLETE,NO
2024-25,0022400482,4,608,608,5,4,0,1,DEFENSE_INCOMPLETE,NO
2024-25,0022400482,4,610,610,4,5,1,0,OFFENSE_INCOMPLETE,NO
2024-25,0022400482,4,611,613,5,4,0,1,DEFENSE_INCOMPLETE,NO
2024-25,0022400482,4,615,618,4,5,1,0,OFFENSE_INCOMPLETE,NO
2024-25,0022400482,4,619,620,5,4,0,1,DEFENSE_INCOMPLETE,NO
2024-25,0022400482,4,621,623,4,5,1,0,OFFENSE_INCOMPLETE,NO
2024-25,0022400482,4,624,624,5,4,0,1,DEFENSE_INCOMPLETE,NO
2024-25,0022400482,4,626,626,4,5,1,0,OFFENSE_INCOMPLETE,NO
2024-25,0022400482,4,628,629,5,4,0,1,DEFENSE_INCOMPLETE,NO
2024-25,0022400482,4,630,634,4,5,1,0,OFFENSE_INCOMPLETE,NO
2024-25,0022400482,4,637,649,5,4,0,1,DEFENSE_INCOMPLETE,NO
2024-25,0022400494,3,504,505,5,4,0,1,DEFENSE_INCOMPLETE,NO
2024-25,0022400494,3,426,429,5,4,0,1,DEFENSE_INCOMPLETE,NO
2024-25,0022400494,3,430,432,4,5,1,0,OFFENSE_INCOMPLETE,NO
2024-25,0022400494,3,436,438,5,4,0,1,DEFENSE_INCOMPLETE,NO
2024-25,0022400494,3,439,439,4,5,1,0,OFFENSE_INCOMPLETE,NO
2024-25,0022400494,3,440,440,5,4,0,1,DEFENSE_INCOMPLETE,NO
2024-25,0022400494,3,441,449,4,5,1,0,OFFENSE_INCOMPLETE,NO
2024-25,0022400494,3,450,450,5,4,0,1,DEFENSE_INCOMPLETE,NO
2024-25,0022400494,3,452,452,4,5,1,0,OFFENSE_INCOMPLETE,NO
2024-25,0022400494,3,454,454,5,4,0,1,DEFENSE_INCOMPLETE,NO
2024-25,0022400494,3,455,459,4,5,1,0,OFFENSE_INCOMPLETE,NO
2024-25,0022400494,3,460,460,5,4,0,1,DEFENSE_INCOMPLETE,NO
2024-25,0022400494,3,463,467,4,5,1,0,OFFENSE_INCOMPLETE,NO
2024-25,0022400494,3,468,468,5,4,0,1,DEFENSE_INCOMPLETE,NO
2024-25,0022400494,3,472,473,4,5,1,0,OFFENSE_INCOMPLETE,NO
2024-25,0022400494,3,475,475,5,4,0,1,DEFENSE_INCOMPLETE,NO
2024-25,0022400494,3,476,476,4,5,1,0,OFFENSE_INCOMPLETE,NO
2024-25,0022400494,3,479,486,5,4,0,1,DEFENSE_INCOMPLETE,NO
2024-25,0022400494,3,487,487,4,5,1,0,OFFENSE_INCOMPLETE,NO
2024-25,0022400494,3,489,489,5,4,0,1,DEFENSE_INCOMPLETE,NO
2024-25,0022400494,3,490,490,4,5,1,0,OFFENSE_INCOMPLETE,NO
2024-25,0022400494,4,502,502,4,5,1,0,OFFENSE_INCOMPLETE,NO
2024-25,0022400494,4,506,506,5,4,0,1,DEFENSE_INCOMPLETE,NO
2024-25,0022400494,4,508,509,4,5,1,0,OFFENSE_INCOMPLETE,NO
2024-25,0022400494,4,511,511,5,4,0,1,DEFENSE_INCOMPLETE,NO
2024-25,0022400494,4,512,513,5,4,0,1,DEFENSE_INCOMPLETE,NO
2024-25,0022400494,4,516,518,4,5,1,0,OFFENSE_INCOMPLETE,NO
2024-25,0022400494,4,519,519,5,4,0,1,DEFENSE_INCOMPLETE,NO
2024-25,0022400494,4,521,521,4,5,1,0,OFFENSE_INCOMPLETE,NO
2024-25,0022400494,4,522,522,5,4,0,1,DEFENSE_INCOMPLETE,NO
2024-25,0022400494,4,524,525,4,5,1,0,OFFENSE_INCOMPLETE,NO
2024-25,0022400494,4,527,528,5,4,0,1,DEFENSE_INCOMPLETE,NO
2024-25,0022400494,4,529,529,4,5,1,0,OFFENSE_INCOMPLETE,NO
2024-25,0022400494,4,531,533,5,4,0,1,DEFENSE_INCOMPLETE,NO
2024-25,0022400494,4,538,539,4,5,1,0,OFFENSE_INCOMPLETE,NO
2024-25,0022400494,4,540,540,5,4,0,1,DEFENSE_INCOMPLETE,NO
2024-25,0022400494,4,543,543,4,5,1,0,OFFENSE_INCOMPLETE,NO
2024-25,0022400494,4,544,544,5,4,0,1,DEFENSE_INCOMPLETE,NO
2024-25,0022400494,4,547,547,4,5,1,0,OFFENSE_INCOMPLETE,NO
2024-25,0022400494,4,549,549,5,4,0,1,DEFENSE_INCOMPLETE,NO
2024-25,0022400494,4,553,557,4,5,1,0,OFFENSE_INCOMPLETE,NO
2024-25,0022400494,4,558,558,5,4,0,1,DEFENSE_INCOMPLETE,NO
2024-25,0022400494,4,560,560,4,5,1,0,OFFENSE_INCOMPLETE,NO
2024-25,0022400494,4,562,563,5,4,0,1,DEFENSE_INCOMPLETE,NO
2024-25,0022400494,4,564,565,4,5,1,0,OFFENSE_INCOMPLETE,NO
2024-25,0022400494,4,570,571,5,4,0,1,DEFENSE_INCOMPLETE,NO
2024-25,0022400494,4,572,578,4,5,1,0,OFFENSE_INCOMPLETE,NO
2024-25,0022400494,4,583,585,5,4,0,1,DEFENSE_INCOMPLETE,NO
2024-25,0022400494,4,586,587,4,5,1,0,OFFENSE_INCOMPLETE,NO
2024-25,0022400494,4,591,596,5,4,0,1,DEFENSE_INCOMPLETE,NO
2024-25,0022400494,4,600,601,4,5,1,0,OFFENSE_INCOMPLETE,NO
2024-25,0022400494,4,604,604,5,4,0,1,DEFENSE_INCOMPLETE,NO
2024-25,0022400494,4,611,615,4,5,1,0,OFFENSE_INCOMPLETE,NO
2024-25,0022400494,4,618,619,5,4,0,1,DEFENSE_INCOMPLETE,NO
2024-25,0022400494,4,620,622,4,5,1,0,OFFENSE_INCOMPLETE,NO
2024-25,0022400494,4,623,623,5,4,0,1,DEFENSE_INCOMPLETE,NO
2024-25,0022400494,4,624,624,4,5,1,0,OFFENSE_INCOMPLETE,NO
2024-25,0022400494,4,626,626,5,4,0,1,DEFENSE_INCOMPLETE,NO
2024-25,0022400494,4,628,629,4,5,1,0,OFFENSE_INCOMPLETE,NO
2024-25,0022400494,4,630,630,5,4,0,1,DEFENSE_INCOMPLETE,NO
2024-25,0022400494,4,633,634,4,5,1,0,OFFENSE_INCOMPLETE,NO
2024-25,0022400494,4,635,635,5,4,0,1,DEFENSE_INCOMPLETE,NO
2024-25,0022400494,4,637,637,4,5,1,0,OFFENSE_INCOMPLETE,NO
2024-25,0022400494,4,638,638,5,4,0,1,DEFENSE_INCOMPLETE,NO
2024-25,0022400494,4,640,641,4,5,1,0,OFFENSE_INCOMPLETE,NO
2024-25,0022400505,2,372,372,4,5,1,0,OFFENSE_INCOMPLETE,NO
2024-25,0022400505,2,376,378,5,4,0,1,DEFENSE_INCOMPLETE,NO
2024-25,0022400505,3,387,397,4,5,1,0,OFFENSE_INCOMPLETE,NO
2024-25,0022400505,3,398,398,5,4,0,1,DEFENSE_INCOMPLETE,NO
2024-25,0022400505,3,400,400,4,5,1,0,OFFENSE_INCOMPLETE,NO
2024-25,0022400505,3,401,401,5,4,0,1,DEFENSE_INCOMPLETE,NO
2024-25,0022400505,3,403,403,4,5,1,0,OFFENSE_INCOMPLETE,NO
2024-25,0022400505,3,404,405,5,4,0,1,DEFENSE_INCOMPLETE,NO
2024-25,0022400505,3,409,411,4,5,1,0,OFFENSE_INCOMPLETE,NO
2024-25,0022400505,3,412,412,5,4,0,1,DEFENSE_INCOMPLETE,NO
2024-25,0022400505,3,414,414,4,5,1,0,OFFENSE_INCOMPLETE,NO
2024-25,0022400505,3,417,417,5,4,0,1,DEFENSE_INCOMPLETE,NO
2024-25,0022400505,3,419,419,4,5,1,0,OFFENSE_INCOMPLETE,NO
2024-25,0022400505,3,422,423,5,4,0,1,DEFENSE_INCOMPLETE,NO
2024-25,0022400505,3,426,428,4,5,1,0,OFFENSE_INCOMPLETE,NO
2024-25,0022400505,3,431,437,5,4,0,1,DEFENSE_INCOMPLETE,NO
2024-25,0022400505,3,438,438,4,5,1,0,OFFENSE_INCOMPLETE,NO
2024-25,0022400505,3,439,439,5,4,0,1,DEFENSE_INCOMPLETE,NO
2024-25,0022400505,3,441,441,4,5,1,0,OFFENSE_INCOMPLETE,NO
2024-25,0022400505,3,446,446,5,4,0,1,DEFENSE_INCOMPLETE,NO
2024-25,0022400505,3,448,449,4,5,1,0,OFFENSE_INCOMPLETE,NO
2024-25,0022400505,3,450,453,5,4,0,1,DEFENSE_INCOMPLETE,NO
2024-25,0022400505,3,455,455,4,5,1,0,OFFENSE_INCOMPLETE,NO
2024-25,0022400505,3,456,456,5,4,0,1,DEFENSE_INCOMPLETE,NO
2024-25,0022400505,3,458,459,4,5,1,0,OFFENSE_INCOMPLETE,NO
2024-25,0022400505,3,460,460,5,4,0,1,DEFENSE_INCOMPLETE,NO
2024-25,0022400505,3,469,469,4,5,1,0,OFFENSE_INCOMPLETE,NO
2024-25,0022400505,3,473,474,5,4,0,1,DEFENSE_INCOMPLETE,NO
2024-25,0022400505,3,475,476,4,5,1,0,OFFENSE_INCOMPLETE,NO
2024-25,0022400505,3,477,478,5,4,0,1,DEFENSE_INCOMPLETE,NO
2024-25,0022400505,3,479,481,4,5,1,0,OFFENSE_INCOMPLETE,NO
2024-25,0022400505,3,482,482,5,4,0,1,DEFENSE_INCOMPLETE,NO
2024-25,0022400505,3,484,485,4,5,1,0,OFFENSE_INCOMPLETE,NO
2024-25,0022400505,3,486,489,5,4,0,1,DEFENSE_INCOMPLETE,NO
2024-25,0022400505,3,490,490,4,5,1,0,OFFENSE_INCOMPLETE,NO
2024-25,0022400505,3,491,491,5,4,0,1,DEFENSE_INCOMPLETE,NO
2024-25,0022400505,3,493,493,4,5,1,0,OFFENSE_INCOMPLETE,NO
2024-25,0022400505,3,495,497,5,4,0,1,DEFENSE_INCOMPLETE,NO
2024-25,0022400505,3,499,514,4,5,1,0,OFFENSE_INCOMPLETE,NO
2024-25,0022400505,4,593,594,4,5,1,0,OFFENSE_INCOMPLETE,NO
2024-25,0022400505,4,595,604,5,4,0,1,DEFENSE_INCOMPLETE,NO
2024-25,0022400505,4,606,606,4,5,1,0,OFFENSE_INCOMPLETE,NO
2024-25,0022400505,4,608,609,5,4,0,1,DEFENSE_INCOMPLETE,NO
2024-25,0022400505,4,611,612,4,5,1,0,OFFENSE_INCOMPLETE,NO
2024-25,0022400505,4,616,616,5,4,0,1,DEFENSE_INCOMPLETE,NO
2024-25,0022400505,4,619,619,4,5,1,0,OFFENSE_INCOMPLETE,NO
2024-25,0022400505,4,622,622,5,4,0,1,DEFENSE_INCOMPLETE,NO
2024-25,0022400505,4,624,624,4,5,1,0,OFFENSE_INCOMPLETE,NO
2024-25,0022400505,4,625,626,5,4,0,1,DEFENSE_INCOMPLETE,NO
2024-25,0022400505,4,627,640,4,5,1,0,OFFENSE_INCOMPLETE,NO
2024-25,0022400523,3,346,346,5,4,0,1,DEFENSE_INCOMPLETE,NO
2024-25,0022400523,3,348,348,4,5,1,0,OFFENSE_INCOMPLETE,NO
2024-25,0022400523,3,350,352,5,4,0,1,DEFENSE_INCOMPLETE,NO
2024-25,0022400523,3,353,353,4,5,1,0,OFFENSE_INCOMPLETE,NO
2024-25,0022400523,3,354,355,5,4,0,1,DEFENSE_INCOMPLETE,NO
2024-25,0022400523,3,356,356,4,5,1,0,OFFENSE_INCOMPLETE,NO
2024-25,0022400523,3,358,358,5,4,0,1,DEFENSE_INCOMPLETE,NO
2024-25,0022400523,3,359,360,4,5,1,0,OFFENSE_INCOMPLETE,NO
2024-25,0022400523,3,361,362,5,4,0,1,DEFENSE_INCOMPLETE,NO
2024-25,0022400523,3,363,364,4,5,1,0,OFFENSE_INCOMPLETE,NO
2024-25,0022400523,3,365,366,5,4,0,1,DEFENSE_INCOMPLETE,NO
2024-25,0022400523,3,367,367,4,5,1,0,OFFENSE_INCOMPLETE,NO
2024-25,0022400523,3,368,370,5,4,0,1,DEFENSE_INCOMPLETE,NO
2024-25,0022400523,3,371,371,4,5,1,0,OFFENSE_INCOMPLETE,NO
2024-25,0022400523,3,372,372,5,4,0,1,DEFENSE_INCOMPLETE,NO
2024-25,0022400523,3,374,374,4,5,1,0,OFFENSE_INCOMPLETE,NO
2024-25,0022400523,3,376,376,5,4,0,1,DEFENSE_INCOMPLETE,NO
2024-25,0022400523,3,378,379,4,5,1,0,OFFENSE_INCOMPLETE,NO
2024-25,0022400523,3,380,380,5,4,0,1,DEFENSE_INCOMPLETE,NO
2024-25,0022400523,3,382,383,4,5,1,0,OFFENSE_INCOMPLETE,NO
2024-25,0022400523,3,384,384,5,4,0,1,DEFENSE_INCOMPLETE,NO
2024-25,0022400523,3,387,388,4,5,1,0,OFFENSE_INCOMPLETE,NO
2024-25,0022400523,3,389,390,5,4,0,1,DEFENSE_INCOMPLETE,NO
2024-25,0022400523,3,391,392,4,5,1,0,OFFENSE_INCOMPLETE,NO
2024-25,0022400523,3,395,395,5,4,0,1,DEFENSE_INCOMPLETE,NO
2024-25,0022400523,3,396,397,4,5,1,0,OFFENSE_INCOMPLETE,NO
2024-25,0022400523,3,398,399,5,4,0,1,DEFENSE_INCOMPLETE,NO
2024-25,0022400523,3,400,400,4,5,1,0,OFFENSE_INCOMPLETE,NO
2024-25,0022400523,3,402,402,5,4,0,1,DEFENSE_INCOMPLETE,NO
2024-25,0022400523,3,403,404,4,5,1,0,OFFENSE_INCOMPLETE,NO
2024-25,0022400523,3,405,405,5,4,0,1,DEFENSE_INCOMPLETE,NO
2024-25,0022400523,3,406,406,4,5,1,0,OFFENSE_INCOMPLETE,NO
2024-25,0022400523,3,408,409,5,4,0,1,DEFENSE_INCOMPLETE,NO
2024-25,0022400523,3,410,411,4,5,1,0,OFFENSE_INCOMPLETE,NO
2024-25,0022400523,3,412,412,5,4,0,1,DEFENSE_INCOMPLETE,NO
2024-25,0022400523,3,414,441,4,5,1,0,OFFENSE_INCOMPLETE,NO
2024-25,0022400523,3,442,442,5,4,0,1,DEFENSE_INCOMPLETE,NO
2024-25,0022400523,3,444,444,4,5,1,0,OFFENSE_INCOMPLETE,NO
2024-25,0022400523,3,445,445,5,4,0,1,DEFENSE_INCOMPLETE,NO
2024-25,0022400523,3,447,448,4,5,1,0,OFFENSE_INCOMPLETE,NO
2024-25,0022400523,3,449,449,5,4,0,1,DEFENSE_INCOMPLETE,NO
2024-25,0022400523,3,451,452,4,5,1,0,OFFENSE_INCOMPLETE,NO
2024-25,0022400523,3,453,454,5,4,0,1,DEFENSE_INCOMPLETE,NO
2024-25,0022400523,3,455,455,4,5,1,0,OFFENSE_INCOMPLETE,NO
2024-25,0022400523,3,457,458,5,4,0,1,DEFENSE_INCOMPLETE,NO
2024-25,0022400523,3,459,459,4,5,1,0,OFFENSE_INCOMPLETE,NO
2024-25,0022400523,3,461,461,5,4,0,1,DEFENSE_INCOMPLETE,NO
2024-25,0022400523,3,464,465,4,5,1,0,OFFENSE_INCOMPLETE,NO
2024-25,0022400523,3,466,466,5,4,0,1,DEFENSE_INCOMPLETE,NO
2024-25,0022400527,3,432,433,5,4,0,1,DEFENSE_INCOMPLETE,NO
2024-25,0022400542,3,433,434,5,4,0,1,DEFENSE_INCOMPLETE,NO
2024-25,0022400542,3,435,435,4,5,1,0,OFFENSE_INCOMPLETE,NO
2024-25,0022400542,3,436,436,5,4,0,1,DEFENSE_INCOMPLETE,NO
2024-25,0022400542,3,437,437,4,5,1,0,OFFENSE_INCOMPLETE,NO
2024-25,0022400542,3,440,447,5,4,0,1,DEFENSE_INCOMPLETE,NO
2024-25,0022400547,3,367,368,5,4,0,1,DEFENSE_INCOMPLETE,NO
2024-25,0022400547,3,369,369,4,5,1,0,OFFENSE_INCOMPLETE,NO
2024-25,0022400547,3,371,372,5,4,0,1,DEFENSE_INCOMPLETE,NO
2024-25,0022400547,3,375,376,4,5,1,0,OFFENSE_INCOMPLETE,NO
2024-25,0022400547,3,377,378,5,4,0,1,DEFENSE_INCOMPLETE,NO
2024-25,0022400547,3,379,379,4,5,1,0,OFFENSE_INCOMPLETE,NO
2024-25,0022400547,3,380,380,5,4,0,1,DEFENSE_INCOMPLETE,NO
2024-25,0022400547,3,382,382,4,5,1,0,OFFENSE_INCOMPLETE,NO
2024-25,0022400547,3,384,388,5,4,0,1,DEFENSE_INCOMPLETE,NO
2024-25,0022400547,3,389,389,4,5,1,0,OFFENSE_INCOMPLETE,NO
2024-25,0022400547,3,391,393,5,4,0,1,DEFENSE_INCOMPLETE,NO
2024-25,0022400547,3,397,400,4,5,1,0,OFFENSE_INCOMPLETE,NO
2024-25,0022400547,3,401,401,5,4,0,1,DEFENSE_INCOMPLETE,NO
2024-25,0022400547,3,402,403,4,5,1,0,OFFENSE_INCOMPLETE,NO
2024-25,0022400547,3,404,404,5,4,0,1,DEFENSE_INCOMPLETE,NO
2024-25,0022400547,3,406,406,4,5,1,0,OFFENSE_INCOMPLETE,NO
2024-25,0022400547,3,407,407,5,4,0,1,DEFENSE_INCOMPLETE,NO
2024-25,0022400547,3,410,410,4,5,1,0,OFFENSE_INCOMPLETE,NO
2024-25,0022400547,3,412,413,5,4,0,1,DEFENSE_INCOMPLETE,NO
2024-25,0022400547,3,414,414,4,5,1,0,OFFENSE_INCOMPLETE,NO
2024-25,0022400547,3,417,417,5,4,0,1,DEFENSE_INCOMPLETE,NO
2024-25,0022400547,3,419,420,4,5,1,0,OFFENSE_INCOMPLETE,NO
2024-25,0022400547,3,421,430,5,4,0,1,DEFENSE_INCOMPLETE,NO
2024-25,0022400547,3,432,434,4,5,1,0,OFFENSE_INCOMPLETE,NO
2024-25,0022400547,3,438,441,5,4,0,1,DEFENSE_INCOMPLETE,NO
2024-25,0022400547,3,442,442,4,5,1,0,OFFENSE_INCOMPLETE,NO
2024-25,0022400547,3,444,445,5,4,0,1,DEFENSE_INCOMPLETE,NO
2024-25,0022400547,3,446,446,4,5,1,0,OFFENSE_INCOMPLETE,NO
2024-25,0022400547,3,448,448,5,4,0,1,DEFENSE_INCOMPLETE,NO
2024-25,0022400547,3,452,457,4,5,1,0,OFFENSE_INCOMPLETE,NO
2024-25,0022400547,3,458,458,5,4,0,1,DEFENSE_INCOMPLETE,NO
2024-25,0022400547,3,460,460,4,5,1,0,OFFENSE_INCOMPLETE,NO
2024-25,0022400547,3,462,463,5,4,0,1,DEFENSE_INCOMPLETE,NO
2024-25,0022400547,3,464,465,4,5,1,0,OFFENSE_INCOMPLETE,NO
2024-25,0022400547,3,466,466,5,4,0,1,DEFENSE_INCOMPLETE,NO
2024-25,0022400547,3,468,470,4,5,1,0,OFFENSE_INCOMPLETE,NO
2024-25,0022400556,3,411,411,5,4,0,1,DEFENSE_INCOMPLETE,NO
2024-25,0022400556,3,413,415,4,5,1,0,OFFENSE_INCOMPLETE,NO
2024-25,0022400556,3,417,421,5,4,0,1,DEFENSE_INCOMPLETE,NO
2024-25,0022400556,3,421,421,4,5,1,0,OFFENSE_INCOMPLETE,NO
2024-25,0022400557,2,331,333,4,5,1,0,OFFENSE_INCOMPLETE,NO
2024-25,0022400557,2,337,342,5,4,0,1,DEFENSE_INCOMPLETE,NO
2024-25,0022400557,2,344,346,4,5,1,0,OFFENSE_INCOMPLETE,NO
2024-25,0022400557,2,347,347,5,4,0,1,DEFENSE_INCOMPLETE,NO
2024-25,0022400557,2,348,348,4,5,1,0,OFFENSE_INCOMPLETE,NO
2024-25,0022400557,2,352,353,5,4,0,1,DEFENSE_INCOMPLETE,NO
2024-25,0022400557,2,354,355,4,5,1,0,OFFENSE_INCOMPLETE,NO
2024-25,0022400557,2,356,359,5,4,0,1,DEFENSE_INCOMPLETE,NO
2024-25,0022400557,3,365,366,4,5,1,0,OFFENSE_INCOMPLETE,NO
2024-25,0022400557,3,367,367,5,4,0,1,DEFENSE_INCOMPLETE,NO
2024-25,0022400557,3,368,368,4,5,1,0,OFFENSE_INCOMPLETE,NO
2024-25,0022400557,3,370,370,5,4,0,1,DEFENSE_INCOMPLETE,NO
2024-25,0022400557,3,374,376,4,5,1,0,OFFENSE_INCOMPLETE,NO
2024-25,0022400557,3,378,378,5,4,0,1,DEFENSE_INCOMPLETE,NO
2024-25,0022400557,3,380,380,4,5,1,0,OFFENSE_INCOMPLETE,NO
2024-25,0022400557,3,383,384,5,4,0,1,DEFENSE_INCOMPLETE,NO
2024-25,0022400557,3,385,385,4,5,1,0,OFFENSE_INCOMPLETE,NO
2024-25,0022400557,3,388,388,5,4,0,1,DEFENSE_INCOMPLETE,NO
2024-25,0022400557,3,390,390,4,5,1,0,OFFENSE_INCOMPLETE,NO
2024-25,0022400557,3,392,392,5,4,0,1,DEFENSE_INCOMPLETE,NO
2024-25,0022400557,3,395,395,4,5,1,0,OFFENSE_INCOMPLETE,NO
2024-25,0022400557,3,402,410,5,4,0,1,DEFENSE_INCOMPLETE,NO
2024-25,0022400557,3,411,414,4,5,1,0,OFFENSE_INCOMPLETE,NO
2024-25,0022400557,3,416,419,5,4,0,1,DEFENSE_INCOMPLETE,NO
2024-25,0022400557,3,420,420,4,5,1,0,OFFENSE_INCOMPLETE,NO
2024-25,0022400557,3,421,422,5,4,0,1,DEFENSE_INCOMPLETE,NO
2024-25,0022400557,3,423,424,4,5,1,0,OFFENSE_INCOMPLETE,NO
2024-25,0022400557,3,425,425,5,4,0,1,DEFENSE_INCOMPLETE,NO
2024-25,0022400557,3,429,429,4,5,1,0,OFFENSE_INCOMPLETE,NO
2024-25,0022400557,3,430,432,4,5,1,0,OFFENSE_INCOMPLETE,NO
2024-25,0022400557,3,433,437,5,4,0,1,DEFENSE_INCOMPLETE,NO
2024-25,0022400557,3,439,440,4,5,1,0,OFFENSE_INCOMPLETE,NO
2024-25,0022400557,3,441,444,5,4,0,1,DEFENSE_INCOMPLETE,NO
2024-25,0022400557,3,446,446,4,5,1,0,OFFENSE_INCOMPLETE,NO
2024-25,0022400557,3,448,455,5,4,0,1,DEFENSE_INCOMPLETE,NO
2024-25,0022400557,3,456,457,4,5,1,0,OFFENSE_INCOMPLETE,NO
2024-25,0022400557,3,458,458,5,4,0,1,DEFENSE_INCOMPLETE,NO
2024-25,0022400557,3,465,466,4,5,1,0,OFFENSE_INCOMPLETE,NO
2024-25,0022400557,3,467,469,5,4,0,1,DEFENSE_INCOMPLETE,NO
2024-25,0022400557,3,474,476,4,5,1,0,OFFENSE_INCOMPLETE,NO
2024-25,0022400557,3,477,477,5,4,0,1,DEFENSE_INCOMPLETE,NO
2024-25,0022400557,3,479,481,4,5,1,0,OFFENSE_INCOMPLETE,NO
2024-25,0022400557,3,488,518,5,4,0,1,DEFENSE_INCOMPLETE,NO
2024-25,0022400557,3,491,491,4,5,1,0,OFFENSE_INCOMPLETE,NO
2024-25,0022400557,3,493,494,5,4,0,1,DEFENSE_INCOMPLETE,NO
2024-25,0022400557,3,495,496,4,5,1,0,OFFENSE_INCOMPLETE,NO
2024-25,0022400557,3,497,497,5,4,0,1,DEFENSE_INCOMPLETE,NO
2024-25,0022400557,3,499,499,4,5,1,0,OFFENSE_INCOMPLETE,NO
2024-25,0022400557,3,500,500,5,4,0,1,DEFENSE_INCOMPLETE,NO
2024-25,0022400557,3,501,504,4,5,1,0,OFFENSE_INCOMPLETE,NO
2024-25,0022400557,3,505,505,5,4,0,1,DEFENSE_INCOMPLETE,NO
2024-25,0022400557,3,507,514,4,5,1,0,OFFENSE_INCOMPLETE,NO
2024-25,0022400557,3,515,517,5,4,0,1,DEFENSE_INCOMPLETE,NO
2024-25,0022400559,3,351,351,5,4,0,1,DEFENSE_INCOMPLETE,NO
2024-25,0022400559,3,353,354,4,5,1,0,OFFENSE_INCOMPLETE,NO
2024-25,0022400559,3,356,356,5,4,0,1,DEFENSE_INCOMPLETE,NO
2024-25,0022400559,3,357,358,4,5,1,0,OFFENSE_INCOMPLETE,NO
2024-25,0022400559,3,359,359,5,4,0,1,DEFENSE_INCOMPLETE,NO
2024-25,0022400559,3,361,361,4,5,1,0,OFFENSE_INCOMPLETE,NO
2024-25,0022400559,3,363,363,5,4,0,1,DEFENSE_INCOMPLETE,NO
2024-25,0022400559,3,366,367,4,5,1,0,OFFENSE_INCOMPLETE,NO
2024-25,0022400559,3,370,372,5,4,0,1,DEFENSE_INCOMPLETE,NO
2024-25,0022400559,3,373,376,4,5,1,0,OFFENSE_INCOMPLETE,NO
2024-25,0022400559,3,378,378,5,4,0,1,DEFENSE_INCOMPLETE,NO
2024-25,0022400559,3,380,382,4,5,1,0,OFFENSE_INCOMPLETE,NO
2024-25,0022400559,3,387,390,5,4,0,1,DEFENSE_INCOMPLETE,NO
2024-25,0022400559,3,391,393,4,5,1,0,OFFENSE_INCOMPLETE,NO
2024-25,0022400559,3,394,394,5,4,0,1,DEFENSE_INCOMPLETE,NO
2024-25,0022400559,3,396,396,4,5,1,0,OFFENSE_INCOMPLETE,NO
2024-25,0022400559,3,398,399,5,4,0,1,DEFENSE_INCOMPLETE,NO
2024-25,0022400559,3,400,401,4,5,1,0,OFFENSE_INCOMPLETE,NO
2024-25,0022400559,3,402,402,5,4,0,1,DEFENSE_INCOMPLETE,NO
2024-25,0022400559,3,403,404,4,5,1,0,OFFENSE_INCOMPLETE,NO
2024-25,0022400559,3,405,407,5,4,0,1,DEFENSE_INCOMPLETE,NO
2024-25,0022400559,3,408,408,4,5,1,0,OFFENSE_INCOMPLETE,NO
2024-25,0022400559,3,413,417,5,4,0,1,DEFENSE_INCOMPLETE,NO
2024-25,0022400559,3,419,419,4,5,1,0,OFFENSE_INCOMPLETE,NO
2024-25,0022400559,3,421,421,5,4,0,1,DEFENSE_INCOMPLETE,NO
2024-25,0022400559,3,422,422,4,5,1,0,OFFENSE_INCOMPLETE,NO
2024-25,0022400559,3,423,424,5,4,0,1,DEFENSE_INCOMPLETE,NO
2024-25,0022400559,3,425,425,4,5,1,0,OFFENSE_INCOMPLETE,NO
2024-25,0022400559,3,427,429,5,4,0,1,DEFENSE_INCOMPLETE,NO
2024-25,0022400559,3,430,432,4,5,1,0,OFFENSE_INCOMPLETE,NO
2024-25,0022400559,3,434,437,5,4,0,1,DEFENSE_INCOMPLETE,NO
2024-25,0022400559,3,440,448,4,5,1,0,OFFENSE_INCOMPLETE,NO
2024-25,0022400559,3,449,449,5,4,0,1,DEFENSE_INCOMPLETE,NO
2024-25,0022400559,3,453,459,4,5,1,0,OFFENSE_INCOMPLETE,NO
2024-25,0022400559,3,462,465,5,4,0,1,DEFENSE_INCOMPLETE,NO
2024-25,0022400559,3,466,467,4,5,1,0,OFFENSE_INCOMPLETE,NO
2024-25,0022400559,3,468,468,5,4,0,1,DEFENSE_INCOMPLETE,NO
2024-25,0022400559,3,470,472,4,5,1,0,OFFENSE_INCOMPLETE,NO
2024-25,0022400559,3,473,473,5,4,0,1,DEFENSE_INCOMPLETE,NO
2024-25,0022400559,3,475,476,4,5,1,0,OFFENSE_INCOMPLETE,NO
2024-25,0022400559,3,477,477,5,4,0,1,DEFENSE_INCOMPLETE,NO
2024-25,0022400565,4,672,672,4,5,1,0,OFFENSE_INCOMPLETE,NO
2024-25,0022400565,4,676,676,5,4,0,1,DEFENSE_INCOMPLETE,NO
2024-25,0022400565,4,680,686,4,5,1,0,OFFENSE_INCOMPLETE,NO
2024-25,0022400565,4,687,687,5,4,0,1,DEFENSE_INCOMPLETE,NO
2024-25,0022400566,4,709,709,4,5,1,0,OFFENSE_INCOMPLETE,NO
2024-25,0022400566,4,711,713,5,4,0,1,DEFENSE_INCOMPLETE,NO
2024-25,0022400566,4,716,719,4,5,1,0,OFFENSE_INCOMPLETE,NO
2024-25,0022400566,4,720,722,5,4,0,1,DEFENSE_INCOMPLETE,NO
2024-25,0022400568,2,182,182,4,5,1,0,OFFENSE_INCOMPLETE,NO
2024-25,0022400568,2,185,186,5,4,0,1,DEFENSE_INCOMPLETE,NO
2024-25,0022400568,2,187,187,4,5,1,0,OFFENSE_INCOMPLETE,NO
2024-25,0022400568,2,189,194,5,4,0,1,DEFENSE_INCOMPLETE,NO
2024-25,0022400568,2,195,196,4,5,1,0,OFFENSE_INCOMPLETE,NO
2024-25,0022400568,2,197,197,5,4,0,1,DEFENSE_INCOMPLETE,NO
2024-25,0022400568,2,198,203,4,5,1,0,OFFENSE_INCOMPLETE,NO
2024-25,0022400588,2,328,336,5,4,0,1,DEFENSE_INCOMPLETE,NO
2024-25,0022400588,2,339,340,4,5,1,0,OFFENSE_INCOMPLETE,NO
2024-25,0022400588,2,341,341,5,4,0,1,DEFENSE_INCOMPLETE,NO
2024-25,0022400588,2,343,343,4,5,1,0,OFFENSE_INCOMPLETE,NO
2024-25,0022400588,2,347,348,5,4,0,1,DEFENSE_INCOMPLETE,NO
2024-25,0022400588,2,349,349,4,5,1,0,OFFENSE_INCOMPLETE,NO
2024-25,0022400588,2,351,352,5,4,0,1,DEFENSE_INCOMPLETE,NO
2024-25,0022400588,2,353,353,4,5,1,0,OFFENSE_INCOMPLETE,NO
2024-25,0022400588,3,361,361,5,4,0,1,DEFENSE_INCOMPLETE,NO
2024-25,0022400588,3,362,362,4,5,1,0,OFFENSE_INCOMPLETE,NO
2024-25,0022400588,3,363,363,5,4,0,1,DEFENSE_INCOMPLETE,NO
2024-25,0022400588,3,365,367,4,5,1,0,OFFENSE_INCOMPLETE,NO
2024-25,0022400588,3,369,373,5,4,0,1,DEFENSE_INCOMPLETE,NO
2024-25,0022400588,3,374,375,4,5,1,0,OFFENSE_INCOMPLETE,NO
2024-25,0022400588,3,376,376,5,4,0,1,DEFENSE_INCOMPLETE,NO
2024-25,0022400588,3,378,378,4,5,1,0,OFFENSE_INCOMPLETE,NO
2024-25,0022400588,3,379,379,5,4,0,1,DEFENSE_INCOMPLETE,NO
2024-25,0022400588,3,383,384,4,5,1,0,OFFENSE_INCOMPLETE,NO
2024-25,0022400588,3,385,385,5,4,0,1,DEFENSE_INCOMPLETE,NO
2024-25,0022400588,3,387,388,4,5,1,0,OFFENSE_INCOMPLETE,NO
2024-25,0022400588,3,389,391,5,4,0,1,DEFENSE_INCOMPLETE,NO
2024-25,0022400588,3,392,393,4,5,1,0,OFFENSE_INCOMPLETE,NO
2024-25,0022400588,3,394,394,5,4,0,1,DEFENSE_INCOMPLETE,NO
2024-25,0022400588,3,402,403,4,5,1,0,OFFENSE_INCOMPLETE,NO
2024-25,0022400588,3,404,405,5,4,0,1,DEFENSE_INCOMPLETE,NO
2024-25,0022400588,3,406,406,4,5,1,0,OFFENSE_INCOMPLETE,NO
2024-25,0022400588,3,411,414,5,4,0,1,DEFENSE_INCOMPLETE,NO
2024-25,0022400588,3,415,416,4,5,1,0,OFFENSE_INCOMPLETE,NO
2024-25,0022400588,3,418,419,5,4,0,1,DEFENSE_INCOMPLETE,NO
2024-25,0022400588,3,420,421,4,5,1,0,OFFENSE_INCOMPLETE,NO
2024-25,0022400588,3,422,432,5,4,0,1,DEFENSE_INCOMPLETE,NO
2024-25,0022400588,3,433,434,4,5,1,0,OFFENSE_INCOMPLETE,NO
2024-25,0022400588,3,437,442,5,4,0,1,DEFENSE_INCOMPLETE,NO
2024-25,0022400588,3,443,444,4,5,1,0,OFFENSE_INCOMPLETE,NO
2024-25,0022400588,3,445,445,5,4,0,1,DEFENSE_INCOMPLETE,NO
2024-25,0022400588,3,447,448,4,5,1,0,OFFENSE_INCOMPLETE,NO
2024-25,0022400588,3,453,453,5,4,0,1,DEFENSE_INCOMPLETE,NO
2024-25,0022400588,3,456,457,4,5,1,0,OFFENSE_INCOMPLETE,NO
2024-25,0022400588,3,458,459,5,4,0,1,DEFENSE_INCOMPLETE,NO
2024-25,0022400588,3,460,460,4,5,1,0,OFFENSE_INCOMPLETE,NO
2024-25,0022400588,3,462,463,5,4,0,1,DEFENSE_INCOMPLETE,NO
2024-25,0022400588,3,468,468,4,5,1,0,OFFENSE_INCOMPLETE,NO
2024-25,0022400588,3,477,477,5,4,0,1,DEFENSE_INCOMPLETE,NO
2024-25,0022400588,3,481,481,4,5,1,0,OFFENSE_INCOMPLETE,NO
2024-25,0022400588,3,482,484,5,4,0,1,DEFENSE_INCOMPLETE,NO
2024-25,0022400588,3,485,485,4,5,1,0,OFFENSE_INCOMPLETE,NO
2024-25,0022400588,3,486,489,5,4,0,1,DEFENSE_INCOMPLETE,NO
2024-25,0022400588,3,492,493,4,5,1,0,OFFENSE_INCOMPLETE,NO
2024-25,0022400588,3,494,494,5,4,0,1,DEFENSE_INCOMPLETE,NO
2024-25,0022400588,3,496,496,4,5,1,0,OFFENSE_INCOMPLETE,NO
2024-25,0022400588,3,498,498,5,4,0,1,DEFENSE_INCOMPLETE,NO
2024-25,0022400588,3,499,501,4,5,1,0,OFFENSE_INCOMPLETE,NO
2024-25,0022400590,1,70,71,4,5,1,0,OFFENSE_INCOMPLETE,NO
2024-25,0022400590,1,72,72,5,4,0,1,DEFENSE_INCOMPLETE,NO
2024-25,0022400590,1,74,74,4,5,1,0,OFFENSE_INCOMPLETE,NO
2024-25,0022400590,1,81,81,5,4,0,1,DEFENSE_INCOMPLETE,NO
2024-25,0022400590,1,83,83,4,5,1,0,OFFENSE_INCOMPLETE,NO
2024-25,0022400590,1,85,86,5,4,0,1,DEFENSE_INCOMPLETE,NO
2024-25,0022400590,1,87,91,4,5,1,0,OFFENSE_INCOMPLETE,NO
2024-25,0022400590,1,92,92,5,4,0,1,DEFENSE_INCOMPLETE,NO
2024-25,0022400606,2,264,264,4,5,1,0,OFFENSE_INCOMPLETE,NO
2024-25,0022400606,2,266,267,5,4,0,1,DEFENSE_INCOMPLETE,NO
2024-25,0022400606,2,268,270,4,5,1,0,OFFENSE_INCOMPLETE,NO
2024-25,0022400606,2,272,273,5,4,0,1,DEFENSE_INCOMPLETE,NO
2024-25,0022400606,2,275,276,4,5,1,0,OFFENSE_INCOMPLETE,NO
2024-25,0022400606,2,277,277,5,4,0,1,DEFENSE_INCOMPLETE,NO
2024-25,0022400606,2,280,280,4,5,1,0,OFFENSE_INCOMPLETE,NO
2024-25,0022400606,2,283,283,5,4,0,1,DEFENSE_INCOMPLETE,NO
2024-25,0022400606,2,287,290,4,5,1,0,OFFENSE_INCOMPLETE,NO
2024-25,0022400606,2,291,292,5,4,0,1,DEFENSE_INCOMPLETE,NO
2024-25,0022400606,2,293,293,4,5,1,0,OFFENSE_INCOMPLETE,NO
2024-25,0022400606,2,295,295,5,4,0,1,DEFENSE_INCOMPLETE,NO
2024-25,0022400606,2,297,298,4,5,1,0,OFFENSE_INCOMPLETE,NO
2024-25,0022400606,2,300,300,5,4,0,1,DEFENSE_INCOMPLETE,NO
2024-25,0022400606,2,302,302,4,5,1,0,OFFENSE_INCOMPLETE,NO
2024-25,0022400606,2,306,314,5,4,0,1,DEFENSE_INCOMPLETE,NO
2024-25,0022400608,3,329,329,4,5,1,0,OFFENSE_INCOMPLETE,NO
2024-25,0022400608,3,335,335,5,4,0,1,DEFENSE_INCOMPLETE,NO
2024-25,0022400608,3,339,341,4,5,1,0,OFFENSE_INCOMPLETE,NO
2024-25,0022400608,3,342,343,5,4,0,1,DEFENSE_INCOMPLETE,NO
2024-25,0022400608,3,344,344,4,5,1,0,OFFENSE_INCOMPLETE,NO
2024-25,0022400608,3,346,346,5,4,0,1,DEFENSE_INCOMPLETE,NO
2024-25,0022400608,3,347,347,4,5,1,0,OFFENSE_INCOMPLETE,NO
2024-25,0022400608,3,351,352,5,4,0,1,DEFENSE_INCOMPLETE,NO
2024-25,0022400608,3,353,353,4,5,1,0,OFFENSE_INCOMPLETE,NO
2024-25,0022400608,3,355,356,5,4,0,1,DEFENSE_INCOMPLETE,NO
2024-25,0022400608,3,357,357,4,5,1,0,OFFENSE_INCOMPLETE,NO
2024-25,0022400608,3,359,360,5,4,0,1,DEFENSE_INCOMPLETE,NO
2024-25,0022400608,3,361,363,4,5,1,0,OFFENSE_INCOMPLETE,NO
2024-25,0022400608,3,364,364,5,4,0,1,DEFENSE_INCOMPLETE,NO
2024-25,0022400608,3,365,365,4,5,1,0,OFFENSE_INCOMPLETE,NO
2024-25,0022400608,3,367,367,5,4,0,1,DEFENSE_INCOMPLETE,NO
2024-25,0022400608,3,369,370,4,5,1,0,OFFENSE_INCOMPLETE,NO
2024-25,0022400608,3,371,380,5,4,0,1,DEFENSE_INCOMPLETE,NO
2024-25,0022400608,3,381,381,4,5,1,0,OFFENSE_INCOMPLETE,NO
2024-25,0022400608,3,382,470,5,4,0,1,DEFENSE_INCOMPLETE,NO
2024-25,0022400608,3,392,392,4,5,1,0,OFFENSE_INCOMPLETE,NO
2024-25,0022400608,3,397,397,5,4,0,1,DEFENSE_INCOMPLETE,NO
2024-25,0022400608,3,398,398,4,5,1,0,OFFENSE_INCOMPLETE,NO
2024-25,0022400608,3,400,400,5,4,0,1,DEFENSE_INCOMPLETE,NO
2024-25,0022400608,3,406,406,4,5,1,0,OFFENSE_INCOMPLETE,NO
2024-25,0022400608,3,408,410,5,4,0,1,DEFENSE_INCOMPLETE,NO
2024-25,0022400608,3,421,421,4,5,1,0,OFFENSE_INCOMPLETE,NO
2024-25,0022400608,3,423,424,5,4,0,1,DEFENSE_INCOMPLETE,NO
2024-25,0022400608,3,425,427,4,5,1,0,OFFENSE_INCOMPLETE,NO
2024-25,0022400608,3,432,434,5,4,0,1,DEFENSE_INCOMPLETE,NO
2024-25,0022400608,3,435,437,4,5,1,0,OFFENSE_INCOMPLETE,NO
2024-25,0022400608,3,439,439,5,4,0,1,DEFENSE_INCOMPLETE,NO
2024-25,0022400608,3,443,445,4,5,1,0,OFFENSE_INCOMPLETE,NO
2024-25,0022400608,3,448,452,5,4,0,1,DEFENSE_INCOMPLETE,NO
2024-25,0022400615,1,124,124,4,5,1,0,OFFENSE_INCOMPLETE,NO
2024-25,0022400615,1,125,125,5,4,0,1,DEFENSE_INCOMPLETE,NO
2024-25,0022400615,1,127,127,4,5,1,0,OFFENSE_INCOMPLETE,NO
2024-25,0022400615,1,128,130,5,4,0,1,DEFENSE_INCOMPLETE,NO
2024-25,0022400615,1,132,133,4,5,1,0,OFFENSE_INCOMPLETE,NO
2024-25,0022400615,1,134,135,5,4,0,1,DEFENSE_INCOMPLETE,NO
2024-25,0022400619,1,87,88,4,5,1,0,OFFENSE_INCOMPLETE,NO
2024-25,0022400619,1,89,89,5,4,0,1,DEFENSE_INCOMPLETE,NO
2024-25,0022400619,1,91,91,4,5,1,0,OFFENSE_INCOMPLETE,NO
2024-25,0022400619,1,93,93,5,4,0,1,DEFENSE_INCOMPLETE,NO
2024-25,0022400619,4,524,524,4,5,1,0,OFFENSE_INCOMPLETE,NO
2024-25,0022400619,4,526,526,5,4,0,1,DEFENSE_INCOMPLETE,NO
2024-25,0022400619,4,527,530,4,5,1,0,OFFENSE_INCOMPLETE,NO
2024-25,0022400619,4,532,533,5,4,0,1,DEFENSE_INCOMPLETE,NO
2024-25,0022400619,4,535,535,4,5,1,0,OFFENSE_INCOMPLETE,NO
2024-25,0022400622,3,475,476,4,5,1,0,OFFENSE_INCOMPLETE,NO
2024-25,0022400622,3,477,478,5,4,0,1,DEFENSE_INCOMPLETE,NO
2024-25,0022400622,3,480,480,4,5,1,0,OFFENSE_INCOMPLETE,NO
2024-25,0022400622,3,481,481,5,4,0,1,DEFENSE_INCOMPLETE,NO
2024-25,0022400622,3,483,485,4,5,1,0,OFFENSE_INCOMPLETE,NO
2024-25,0022400622,3,488,489,5,4,0,1,DEFENSE_INCOMPLETE,NO
2024-25,0022400622,3,490,490,4,5,1,0,OFFENSE_INCOMPLETE,NO
2024-25,0022400622,3,492,492,5,4,0,1,DEFENSE_INCOMPLETE,NO
2024-25,0022400622,3,494,494,4,5,1,0,OFFENSE_INCOMPLETE,NO
2024-25,0022400622,3,505,505,5,4,0,1,DEFENSE_INCOMPLETE,NO
2024-25,0022400622,3,506,506,4,5,1,0,OFFENSE_INCOMPLETE,NO
2024-25,0022400622,3,509,513,5,4,0,1,DEFENSE_INCOMPLETE,NO
2024-25,0022400622,3,514,522,4,5,1,0,OFFENSE_INCOMPLETE,NO
2024-25,0022400622,3,525,525,5,4,0,1,DEFENSE_INCOMPLETE,NO
2024-25,0022400622,3,527,535,4,5,1,0,OFFENSE_INCOMPLETE,NO
2024-25,0022400622,3,539,542,5,4,0,1,DEFENSE_INCOMPLETE,NO
2024-25,0022400622,3,543,543,4,5,1,0,OFFENSE_INCOMPLETE,NO
2024-25,0022400622,3,545,547,5,4,0,1,DEFENSE_INCOMPLETE,NO
2024-25,0022400630,2,155,156,4,5,1,0,OFFENSE_INCOMPLETE,NO
2024-25,0022400630,2,157,158,5,4,0,1,DEFENSE_INCOMPLETE,NO
2024-25,0022400630,2,162,162,4,5,1,0,OFFENSE_INCOMPLETE,NO
2024-25,0022400630,3,582,582,4,5,1,0,OFFENSE_INCOMPLETE,NO
2024-25,0022400630,4,540,541,5,4,0,1,DEFENSE_INCOMPLETE,NO
2024-25,0022400630,4,542,546,4,5,1,0,OFFENSE_INCOMPLETE,NO
2024-25,0022400630,4,548,549,5,4,0,1,DEFENSE_INCOMPLETE,NO
2024-25,0022400630,4,550,551,4,5,1,0,OFFENSE_INCOMPLETE,NO
2024-25,0022400630,4,552,553,5,4,0,1,DEFENSE_INCOMPLETE,NO
2024-25,0022400630,4,554,556,4,5,1,0,OFFENSE_INCOMPLETE,NO
2024-25,0022400630,4,557,558,5,4,0,1,DEFENSE_INCOMPLETE,NO
2024-25,0022400630,4,560,561,4,5,1,0,OFFENSE_INCOMPLETE,NO
2024-25,0022400630,4,563,563,5,4,0,1,DEFENSE_INCOMPLETE,NO
2024-25,0022400630,4,565,565,4,5,1,0,OFFENSE_INCOMPLETE,NO
2024-25,0022400630,4,568,572,5,4,0,1,DEFENSE_INCOMPLETE,NO
2024-25,0022400630,4,573,576,4,5,1,0,OFFENSE_INCOMPLETE,NO
2024-25,0022400630,4,577,580,5,4,0,1,DEFENSE_INCOMPLETE,NO
2024-25,0022400630,4,581,590,4,5,1,0,OFFENSE_INCOMPLETE,NO
2024-25,0022400630,4,591,592,5,4,0,1,DEFENSE_INCOMPLETE,NO
2024-25,0022400630,4,595,602,4,5,1,0,OFFENSE_INCOMPLETE,NO
2024-25,0022400630,4,603,604,5,4,0,1,DEFENSE_INCOMPLETE,NO
2024-25,0022400630,4,606,608,4,5,1,0,OFFENSE_INCOMPLETE,NO
2024-25,0022400630,4,609,610,5,4,0,1,DEFENSE_INCOMPLETE,NO
2024-25,0022400630,4,611,611,4,5,1,0,OFFENSE_INCOMPLETE,NO
2024-25,0022400630,4,613,613,5,4,0,1,DEFENSE_INCOMPLETE,NO
2024-25,0022400630,4,615,615,4,5,1,0,OFFENSE_INCOMPLETE,NO
2024-25,0022400630,4,617,618,5,4,0,1,DEFENSE_INCOMPLETE,NO
2024-25,0022400630,4,619,620,4,5,1,0,OFFENSE_INCOMPLETE,NO
2024-25,0022400630,4,621,621,5,4,0,1,DEFENSE_INCOMPLETE,NO
2024-25,0022400630,4,625,628,4,5,1,0,OFFENSE_INCOMPLETE,NO
2024-25,0022400630,4,629,629,5,4,0,1,DEFENSE_INCOMPLETE,NO
2024-25,0022400630,4,631,632,4,5,1,0,OFFENSE_INCOMPLETE,NO
2024-25,0022400630,4,634,637,5,4,0,1,DEFENSE_INCOMPLETE,NO
2024-25,0022400630,4,640,645,4,5,1,0,OFFENSE_INCOMPLETE,NO
2024-25,0022400630,4,646,646,5,4,0,1,DEFENSE_INCOMPLETE,NO
2024-25,0022400630,4,649,650,4,5,1,0,OFFENSE_INCOMPLETE,NO
2024-25,0022400630,4,654,655,5,4,0,1,DEFENSE_INCOMPLETE,NO
2024-25,0022400630,4,658,661,4,5,1,0,OFFENSE_INCOMPLETE,NO
2024-25,0022400630,4,662,662,5,4,0,1,DEFENSE_INCOMPLETE,NO
2024-25,0022400630,4,664,664,4,5,1,0,OFFENSE_INCOMPLETE,NO
2024-25,0022400630,4,665,666,5,4,0,1,DEFENSE_INCOMPLETE,NO
2024-25,0022400630,4,667,668,4,5,1,0,OFFENSE_INCOMPLETE,NO
2024-25,0022400630,4,671,679,5,4,0,1,DEFENSE_INCOMPLETE,NO
2024-25,0022400631,4,626,626,5,4,0,1,DEFENSE_INCOMPLETE,NO
2024-25,0022400631,4,627,627,4,5,1,0,OFFENSE_INCOMPLETE,NO
2024-25,0022400631,4,631,632,5,4,0,1,DEFENSE_INCOMPLETE,NO
2024-25,0022400631,4,635,636,4,5,1,0,OFFENSE_INCOMPLETE,NO
2024-25,0022400631,4,637,648,5,4,0,1,DEFENSE_INCOMPLETE,NO
2024-25,0022400631,4,649,649,4,5,1,0,OFFENSE_INCOMPLETE,NO
2024-25,0022400631,4,653,657,5,4,0,1,DEFENSE_INCOMPLETE,NO
2024-25,0022400631,4,658,666,4,5,1,0,OFFENSE_INCOMPLETE,NO
2024-25,0022400631,4,667,668,5,4,0,1,DEFENSE_INCOMPLETE,NO
2024-25,0022400631,4,669,669,4,5,1,0,OFFENSE_INCOMPLETE,NO
2024-25,0022400631,4,676,681,5,4,0,1,DEFENSE_INCOMPLETE,NO
2024-25,0022400639,3,476,478,4,5,1,0,OFFENSE_INCOMPLETE,NO
2024-25,0022400639,3,479,479,5,4,0,1,DEFENSE_INCOMPLETE,NO
2024-25,0022400645,1,173,175,4,5,1,0,OFFENSE_INCOMPLETE,NO
2024-25,0022400645,2,293,294,5,4,0,1,DEFENSE_INCOMPLETE,NO
2024-25,0022400645,2,295,298,4,5,1,0,OFFENSE_INCOMPLETE,NO
2024-25,0022400645,2,299,299,5,4,0,1,DEFENSE_INCOMPLETE,NO
2024-25,0022400645,2,300,302,4,5,1,0,OFFENSE_INCOMPLETE,NO
2024-25,0022400645,2,303,304,5,4,0,1,DEFENSE_INCOMPLETE,NO
2024-25,0022400645,2,305,305,4,5,1,0,OFFENSE_INCOMPLETE,NO
2024-25,0022400650,4,659,659,5,4,0,1,DEFENSE_INCOMPLETE,NO
2024-25,0022400650,4,668,668,4,5,1,0,OFFENSE_INCOMPLETE,NO
2024-25,0022400650,4,679,679,5,4,0,1,DEFENSE_INCOMPLETE,NO
2024-25,0022400650,4,681,683,4,5,1,0,OFFENSE_INCOMPLETE,NO
2024-25,0022400651,2,202,203,4,5,1,0,OFFENSE_INCOMPLETE,NO
2024-25,0022400651,2,204,204,5,4,0,1,DEFENSE_INCOMPLETE,NO
2024-25,0022400651,2,206,207,4,5,1,0,OFFENSE_INCOMPLETE,NO
2024-25,0022400651,2,208,213,5,4,0,1,DEFENSE_INCOMPLETE,NO
2024-25,0022400651,2,216,219,4,5,1,0,OFFENSE_INCOMPLETE,NO
2024-25,0022400651,2,220,220,5,4,0,1,DEFENSE_INCOMPLETE,NO
2024-25,0022400651,2,222,223,4,5,1,0,OFFENSE_INCOMPLETE,NO
2024-25,0022400651,2,224,224,5,4,0,1,DEFENSE_INCOMPLETE,NO
2024-25,0022400653,3,525,525,5,4,0,1,DEFENSE_INCOMPLETE,NO
2024-25,0022400653,3,526,532,4,5,1,0,OFFENSE_INCOMPLETE,NO
2024-25,0022400656,2,281,282,4,5,1,0,OFFENSE_INCOMPLETE,NO
2024-25,0022400656,2,283,283,5,4,0,1,DEFENSE_INCOMPLETE,NO
2024-25,0022400656,2,288,290,4,5,1,0,OFFENSE_INCOMPLETE,NO
2024-25,0022400656,2,291,291,5,4,0,1,DEFENSE_INCOMPLETE,NO
2024-25,0022400656,2,293,293,4,5,1,0,OFFENSE_INCOMPLETE,NO
2024-25,0022400656,2,295,295,5,4,0,1,DEFENSE_INCOMPLETE,NO
2024-25,0022400656,2,296,297,4,5,1,0,OFFENSE_INCOMPLETE,NO
2024-25,0022400656,2,298,299,5,4,0,1,DEFENSE_INCOMPLETE,NO
2024-25,0022400656,2,300,300,4,5,1,0,OFFENSE_INCOMPLETE,NO
2024-25,0022400656,2,302,305,5,4,0,1,DEFENSE_INCOMPLETE,NO
2024-25,0022400656,2,306,306,4,5,1,0,OFFENSE_INCOMPLETE,NO
2024-25,0022400656,2,308,309,5,4,0,1,DEFENSE_INCOMPLETE,NO
2024-25,0022400656,2,310,310,4,5,1,0,OFFENSE_INCOMPLETE,NO
2024-25,0022400656,2,316,316,5,4,0,1,DEFENSE_INCOMPLETE,NO
2024-25,0022400656,2,319,320,4,5,1,0,OFFENSE_INCOMPLETE,NO
2024-25,0022400656,2,321,321,5,4,0,1,DEFENSE_INCOMPLETE,NO
2024-25,0022400656,2,323,325,4,5,1,0,OFFENSE_INCOMPLETE,NO
2024-25,0022400656,3,333,334,4,5,1,0,OFFENSE_INCOMPLETE,NO
2024-25,0022400656,3,335,335,5,4,0,1,DEFENSE_INCOMPLETE,NO
2024-25,0022400656,3,337,337,4,5,1,0,OFFENSE_INCOMPLETE,NO
2024-25,0022400656,3,339,341,5,4,0,1,DEFENSE_INCOMPLETE,NO
2024-25,0022400656,3,343,345,4,5,1,0,OFFENSE_INCOMPLETE,NO
2024-25,0022400656,3,347,347,5,4,0,1,DEFENSE_INCOMPLETE,NO
2024-25,0022400656,3,349,349,4,5,1,0,OFFENSE_INCOMPLETE,NO
2024-25,0022400656,3,353,354,5,4,0,1,DEFENSE_INCOMPLETE,NO
2024-25,0022400656,3,357,359,4,5,1,0,OFFENSE_INCOMPLETE,NO
2024-25,0022400656,3,360,360,5,4,0,1,DEFENSE_INCOMPLETE,NO
2024-25,0022400656,3,364,366,4,5,1,0,OFFENSE_INCOMPLETE,NO
2024-25,0022400656,3,367,370,5,4,0,1,DEFENSE_INCOMPLETE,NO
2024-25,0022400656,3,372,373,4,5,1,0,OFFENSE_INCOMPLETE,NO
2024-25,0022400656,3,376,380,5,4,0,1,DEFENSE_INCOMPLETE,NO
2024-25,0022400656,3,381,381,4,5,1,0,OFFENSE_INCOMPLETE,NO
2024-25,0022400656,3,383,384,5,4,0,1,DEFENSE_INCOMPLETE,NO
2024-25,0022400656,3,385,385,4,5,1,0,OFFENSE_INCOMPLETE,NO
2024-25,0022400656,3,387,387,5,4,0,1,DEFENSE_INCOMPLETE,NO
2024-25,0022400656,3,388,388,4,5,1,0,OFFENSE_INCOMPLETE,NO
2024-25,0022400656,3,391,392,5,4,0,1,DEFENSE_INCOMPLETE,NO
2024-25,0022400656,3,393,393,4,5,1,0,OFFENSE_INCOMPLETE,NO
2024-25,0022400656,3,395,397,5,4,0,1,DEFENSE_INCOMPLETE,NO
2024-25,0022400656,3,399,400,4,5,1,0,OFFENSE_INCOMPLETE,NO
2024-25,0022400656,3,401,412,5,4,0,1,DEFENSE_INCOMPLETE,NO
2024-25,0022400656,3,413,413,4,5,1,0,OFFENSE_INCOMPLETE,NO
2024-25,0022400656,3,414,415,5,4,0,1,DEFENSE_INCOMPLETE,NO
2024-25,0022400656,3,421,421,4,5,1,0,OFFENSE_INCOMPLETE,NO
2024-25,0022400656,3,424,425,5,4,0,1,DEFENSE_INCOMPLETE,NO
2024-25,0022400656,3,426,427,4,5,1,0,OFFENSE_INCOMPLETE,NO
2024-25,0022400656,3,428,428,5,4,0,1,DEFENSE_INCOMPLETE,NO
2024-25,0022400656,3,430,432,4,5,1,0,OFFENSE_INCOMPLETE,NO
2024-25,0022400656,3,435,442,5,4,0,1,DEFENSE_INCOMPLETE,NO
2024-25,0022400658,3,347,348,5,4,0,1,DEFENSE_INCOMPLETE,NO
2024-25,0022400658,3,349,349,4,5,1,0,OFFENSE_INCOMPLETE,NO
2024-25,0022400658,3,351,352,5,4,0,1,DEFENSE_INCOMPLETE,NO
2024-25,0022400658,3,353,354,4,5,1,0,OFFENSE_INCOMPLETE,NO
2024-25,0022400658,3,355,355,5,4,0,1,DEFENSE_INCOMPLETE,NO
2024-25,0022400658,3,356,357,4,5,1,0,OFFENSE_INCOMPLETE,NO
2024-25,0022400658,3,358,358,5,4,0,1,DEFENSE_INCOMPLETE,NO
2024-25,0022400658,3,360,360,4,5,1,0,OFFENSE_INCOMPLETE,NO
2024-25,0022400658,3,361,361,5,4,0,1,DEFENSE_INCOMPLETE,NO
2024-25,0022400658,3,363,364,4,5,1,0,OFFENSE_INCOMPLETE,NO
2024-25,0022400658,3,367,367,5,4,0,1,DEFENSE_INCOMPLETE,NO
2024-25,0022400658,3,368,368,4,5,1,0,OFFENSE_INCOMPLETE,NO
2024-25,0022400658,3,370,370,5,4,0,1,DEFENSE_INCOMPLETE,NO
2024-25,0022400658,3,372,372,4,5,1,0,OFFENSE_INCOMPLETE,NO
2024-25,0022400658,3,376,377,5,4,0,1,DEFENSE_INCOMPLETE,NO
2024-25,0022400658,3,378,378,4,5,1,0,OFFENSE_INCOMPLETE,NO
2024-25,0022400658,3,380,382,5,4,0,1,DEFENSE_INCOMPLETE,NO
2024-25,0022400658,3,383,383,4,5,1,0,OFFENSE_INCOMPLETE,NO
2024-25,0022400658,3,385,386,5,4,0,1,DEFENSE_INCOMPLETE,NO
2024-25,0022400658,3,450,389,4,5,1,0,OFFENSE_INCOMPLETE,NO
2024-25,0022400658,3,389,392,4,5,1,0,OFFENSE_INCOMPLETE,NO
2024-25,0022400658,3,393,394,5,4,0,1,DEFENSE_INCOMPLETE,NO
2024-25,0022400658,3,395,407,4,5,1,0,OFFENSE_INCOMPLETE,NO
2024-25,0022400658,3,408,413,5,4,0,1,DEFENSE_INCOMPLETE,NO
2024-25,0022400658,3,414,414,4,5,1,0,OFFENSE_INCOMPLETE,NO
2024-25,0022400658,3,419,420,5,4,0,1,DEFENSE_INCOMPLETE,NO
2024-25,0022400658,3,423,425,4,5,1,0,OFFENSE_INCOMPLETE,NO
2024-25,0022400658,3,426,428,5,4,0,1,DEFENSE_INCOMPLETE,NO
2024-25,0022400658,3,429,429,4,5,1,0,OFFENSE_INCOMPLETE,NO
2024-25,0022400658,3,431,431,5,4,0,1,DEFENSE_INCOMPLETE,NO
2024-25,0022400658,3,433,443,4,5,1,0,OFFENSE_INCOMPLETE,NO
2024-25,0022400658,3,444,445,5,4,0,1,DEFENSE_INCOMPLETE,NO
2024-25,0022400658,3,446,446,4,5,1,0,OFFENSE_INCOMPLETE,NO
2024-25,0022400658,3,447,447,5,4,0,1,DEFENSE_INCOMPLETE,NO
2024-25,0022400658,3,453,460,4,5,1,0,OFFENSE_INCOMPLETE,NO
2024-25,0022400658,3,461,461,5,4,0,1,DEFENSE_INCOMPLETE,NO
2024-25,0022400658,3,463,463,4,5,1,0,OFFENSE_INCOMPLETE,NO
2024-25,0022400659,2,180,180,4,5,1,0,OFFENSE_INCOMPLETE,NO
2024-25,0022400659,2,182,182,5,4,0,1,DEFENSE_INCOMPLETE,NO
2024-25,0022400659,2,184,185,4,5,1,0,OFFENSE_INCOMPLETE,NO
2024-25,0022400659,2,187,188,5,4,0,1,DEFENSE_INCOMPLETE,NO
2024-25,0022400659,2,189,190,4,5,1,0,OFFENSE_INCOMPLETE,NO
2024-25,0022400659,2,191,192,5,4,0,1,DEFENSE_INCOMPLETE,NO
2024-25,0022400659,2,193,193,4,5,1,0,OFFENSE_INCOMPLETE,NO
2024-25,0022400659,2,195,196,5,4,0,1,DEFENSE_INCOMPLETE,NO
2024-25,0022400659,2,199,199,4,5,1,0,OFFENSE_INCOMPLETE,NO
2024-25,0022400659,2,206,206,5,4,0,1,DEFENSE_INCOMPLETE,NO
2024-25,0022400659,2,207,208,4,5,1,0,OFFENSE_INCOMPLETE,NO
2024-25,0022400659,2,209,210,5,4,0,1,DEFENSE_INCOMPLETE,NO
2024-25,0022400659,2,211,211,4,5,1,0,OFFENSE_INCOMPLETE,NO
2024-25,0022400659,2,212,213,5,4,0,1,DEFENSE_INCOMPLETE,NO
2024-25,0022400659,2,214,215,4,5,1,0,OFFENSE_INCOMPLETE,NO
2024-25,0022400659,2,216,217,5,4,0,1,DEFENSE_INCOMPLETE,NO
2024-25,0022400659,2,218,218,4,5,1,0,OFFENSE_INCOMPLETE,NO
2024-25,0022400659,2,220,222,5,4,0,1,DEFENSE_INCOMPLETE,NO
2024-25,0022400659,2,230,234,4,5,1,0,OFFENSE_INCOMPLETE,NO
2024-25,0022400659,2,235,237,5,4,0,1,DEFENSE_INCOMPLETE,NO
2024-25,0022400659,2,240,240,4,5,1,0,OFFENSE_INCOMPLETE,NO
2024-25,0022400659,2,241,244,5,4,0,1,DEFENSE_INCOMPLETE,NO
2024-25,0022400659,2,245,245,4,5,1,0,OFFENSE_INCOMPLETE,NO
2024-25,0022400659,2,247,247,5,4,0,1,DEFENSE_INCOMPLETE,NO
2024-25,0022400659,2,248,249,4,5,1,0,OFFENSE_INCOMPLETE,NO
2024-25,0022400659,2,250,250,5,4,0,1,DEFENSE_INCOMPLETE,NO
2024-25,0022400659,2,252,252,4,5,1,0,OFFENSE_INCOMPLETE,NO
2024-25,0022400659,2,253,253,5,4,0,1,DEFENSE_INCOMPLETE,NO
2024-25,0022400659,2,255,256,4,5,1,0,OFFENSE_INCOMPLETE,NO
2024-25,0022400659,2,262,262,5,4,0,1,DEFENSE_INCOMPLETE,NO
2024-25,0022400659,2,264,264,4,5,1,0,OFFENSE_INCOMPLETE,NO
2024-25,0022400659,2,266,266,5,4,0,1,DEFENSE_INCOMPLETE,NO
2024-25,0022400659,2,267,267,4,5,1,0,OFFENSE_INCOMPLETE,NO
2024-25,0022400659,2,270,270,5,4,0,1,DEFENSE_INCOMPLETE,NO
2024-25,0022400659,2,286,288,4,5,1,0,OFFENSE_INCOMPLETE,NO
2024-25,0022400659,2,281,282,5,4,0,1,DEFENSE_INCOMPLETE,NO
2024-25,0022400659,2,283,285,4,5,1,0,OFFENSE_INCOMPLETE,NO
2024-25,0022400668,4,547,547,4,5,1,0,OFFENSE_INCOMPLETE,NO
2024-25,0022400668,4,549,549,5,4,0,1,DEFENSE_INCOMPLETE,NO
2024-25,0022400668,4,551,552,4,5,1,0,OFFENSE_INCOMPLETE,NO
2024-25,0022400668,4,553,554,5,4,0,1,DEFENSE_INCOMPLETE,NO
2024-25,0022400668,4,555,557,4,5,1,0,OFFENSE_INCOMPLETE,NO
2024-25,0022400668,4,558,558,5,4,0,1,DEFENSE_INCOMPLETE,NO
2024-25,0022400668,4,560,561,4,5,1,0,OFFENSE_INCOMPLETE,NO
2024-25,0022400668,4,562,562,5,4,0,1,DEFENSE_INCOMPLETE,NO
2024-25,0022400668,4,567,567,4,5,1,0,OFFENSE_INCOMPLETE,NO
2024-25,0022400668,4,568,569,5,4,0,1,DEFENSE_INCOMPLETE,NO
2024-25,0022400668,4,570,570,4,5,1,0,OFFENSE_INCOMPLETE,NO
2024-25,0022400668,4,571,577,5,4,0,1,DEFENSE_INCOMPLETE,NO
2024-25,0022400668,4,577,577,4,5,1,0,OFFENSE_INCOMPLETE,NO
2024-25,0022400668,4,579,580,4,5,1,0,OFFENSE_INCOMPLETE,NO
2024-25,0022400668,4,581,583,5,4,0,1,DEFENSE_INCOMPLETE,NO
2024-25,0022400668,4,584,604,4,5,1,0,OFFENSE_INCOMPLETE,NO
2024-25,0022400668,4,594,594,5,4,0,1,DEFENSE_INCOMPLETE,NO
2024-25,0022400668,4,596,596,4,5,1,0,OFFENSE_INCOMPLETE,NO
2024-25,0022400668,4,599,599,5,4,0,1,DEFENSE_INCOMPLETE,NO
2024-25,0022400678,4,537,537,5,4,0,1,DEFENSE_INCOMPLETE,NO
2024-25,0022400678,4,538,538,4,5,1,0,OFFENSE_INCOMPLETE,NO
2024-25,0022400678,4,540,542,5,4,0,1,DEFENSE_INCOMPLETE,NO
2024-25,0022400678,4,543,547,4,5,1,0,OFFENSE_INCOMPLETE,NO
2024-25,0022400678,4,553,556,5,4,0,1,DEFENSE_INCOMPLETE,NO
2024-25,0022400678,4,557,557,4,5,1,0,OFFENSE_INCOMPLETE,NO
2024-25,0022400678,4,558,559,5,4,0,1,DEFENSE_INCOMPLETE,NO
2024-25,0022400678,4,562,562,4,5,1,0,OFFENSE_INCOMPLETE,NO
2024-25,0022400678,4,563,563,5,4,0,1,DEFENSE_INCOMPLETE,NO
2024-25,0022400678,4,565,566,4,5,1,0,OFFENSE_INCOMPLETE,NO
2024-25,0022400678,4,567,569,5,4,0,1,DEFENSE_INCOMPLETE,NO
2024-25,0022400678,4,572,575,4,5,1,0,OFFENSE_INCOMPLETE,NO
2024-25,0022400678,4,576,576,5,4,0,1,DEFENSE_INCOMPLETE,NO
2024-25,0022400678,4,578,578,4,5,1,0,OFFENSE_INCOMPLETE,NO
2024-25,0022400678,4,582,582,5,4,0,1,DEFENSE_INCOMPLETE,NO
2024-25,0022400678,4,583,584,4,5,1,0,OFFENSE_INCOMPLETE,NO
2024-25,0022400678,4,585,599,5,4,0,1,DEFENSE_INCOMPLETE,NO
2024-25,0022400681,4,520,521,4,5,1,0,OFFENSE_INCOMPLETE,NO
2024-25,0022400681,4,528,528,5,4,0,1,DEFENSE_INCOMPLETE,NO
2024-25,0022400686,3,539,539,4,5,1,0,OFFENSE_INCOMPLETE,NO
2024-25,0022400686,3,541,542,5,4,0,1,DEFENSE_INCOMPLETE,NO
2024-25,0022400686,3,543,544,4,5,1,0,OFFENSE_INCOMPLETE,NO
2024-25,0022400686,3,545,545,5,4,0,1,DEFENSE_INCOMPLETE,NO
2024-25,0022400708,2,220,222,5,4,0,1,DEFENSE_INCOMPLETE,NO
2024-25,0022400708,2,227,227,4,5,1,0,OFFENSE_INCOMPLETE,NO
2024-25,0022400708,2,247,247,5,4,0,1,DEFENSE_INCOMPLETE,NO
2024-25,0022400708,2,250,256,4,5,1,0,OFFENSE_INCOMPLETE,NO
2024-25,0022400708,2,257,258,5,4,0,1,DEFENSE_INCOMPLETE,NO
2024-25,0022400708,2,259,259,4,5,1,0,OFFENSE_INCOMPLETE,NO
2024-25,0022400708,2,269,269,5,4,0,1,DEFENSE_INCOMPLETE,NO
2024-25,0022400708,2,271,272,4,5,1,0,OFFENSE_INCOMPLETE,NO
2024-25,0022400708,2,273,274,5,4,0,1,DEFENSE_INCOMPLETE,NO
2024-25,0022400708,2,275,275,4,5,1,0,OFFENSE_INCOMPLETE,NO
2024-25,0022400708,2,278,280,5,4,0,1,DEFENSE_INCOMPLETE,NO
2024-25,0022400708,2,285,285,4,5,1,0,OFFENSE_INCOMPLETE,NO
2024-25,0022400708,2,287,288,5,4,0,1,DEFENSE_INCOMPLETE,NO
2024-25,0022400708,2,289,289,4,5,1,0,OFFENSE_INCOMPLETE,NO
2024-25,0022400708,2,290,290,5,4,0,1,DEFENSE_INCOMPLETE,NO
2024-25,0022400708,2,294,298,4,5,1,0,OFFENSE_INCOMPLETE,NO
2024-25,0022400708,2,301,308,5,4,0,1,DEFENSE_INCOMPLETE,NO
2024-25,0022400711,3,351,354,4,5,1,0,OFFENSE_INCOMPLETE,NO
2024-25,0022400711,3,356,356,5,4,0,1,DEFENSE_INCOMPLETE,NO
2024-25,0022400711,3,358,359,4,5,1,0,OFFENSE_INCOMPLETE,NO
2024-25,0022400711,3,360,360,5,4,0,1,DEFENSE_INCOMPLETE,NO
2024-25,0022400711,3,362,362,4,5,1,0,OFFENSE_INCOMPLETE,NO
2024-25,0022400711,3,363,364,5,4,0,1,DEFENSE_INCOMPLETE,NO
2024-25,0022400711,3,365,365,4,5,1,0,OFFENSE_INCOMPLETE,NO
2024-25,0022400711,3,368,369,5,4,0,1,DEFENSE_INCOMPLETE,NO
2024-25,0022400711,3,372,372,4,5,1,0,OFFENSE_INCOMPLETE,NO
2024-25,0022400711,3,373,373,5,4,0,1,DEFENSE_INCOMPLETE,NO
2024-25,0022400711,3,374,374,4,5,1,0,OFFENSE_INCOMPLETE,NO
2024-25,0022400711,3,376,377,5,4,0,1,DEFENSE_INCOMPLETE,NO
2024-25,0022400711,3,378,379,4,5,1,0,OFFENSE_INCOMPLETE,NO
2024-25,0022400711,3,380,381,5,4,0,1,DEFENSE_INCOMPLETE,NO
2024-25,0022400711,3,382,383,4,5,1,0,OFFENSE_INCOMPLETE,NO
2024-25,0022400711,3,384,385,5,4,0,1,DEFENSE_INCOMPLETE,NO
2024-25,0022400711,3,387,392,4,5,1,0,OFFENSE_INCOMPLETE,NO
2024-25,0022400711,3,394,395,5,4,0,1,DEFENSE_INCOMPLETE,NO
2024-25,0022400711,3,396,396,4,5,1,0,OFFENSE_INCOMPLETE,NO
2024-25,0022400711,3,403,403,5,4,0,1,DEFENSE_INCOMPLETE,NO
2024-25,0022400711,3,405,406,4,5,1,0,OFFENSE_INCOMPLETE,NO
2024-25,0022400711,3,407,414,5,4,0,1,DEFENSE_INCOMPLETE,NO
2024-25,0022400711,3,416,417,4,5,1,0,OFFENSE_INCOMPLETE,NO
2024-25,0022400711,3,420,423,5,4,0,1,DEFENSE_INCOMPLETE,NO
2024-25,0022400711,3,424,424,4,5,1,0,OFFENSE_INCOMPLETE,NO
2024-25,0022400711,3,425,425,5,4,0,1,DEFENSE_INCOMPLETE,NO
2024-25,0022400714,2,304,304,4,5,1,0,OFFENSE_INCOMPLETE,NO
2024-25,0022400714,2,305,305,5,4,0,1,DEFENSE_INCOMPLETE,NO
2024-25,0022400714,2,306,306,4,5,1,0,OFFENSE_INCOMPLETE,NO
2024-25,0022400714,2,310,311,5,4,0,1,DEFENSE_INCOMPLETE,NO
2024-25,0022400714,2,312,317,4,5,1,0,OFFENSE_INCOMPLETE,NO
2024-25,0022400714,3,329,329,4,5,1,0,OFFENSE_INCOMPLETE,NO
2024-25,0022400714,3,331,332,5,4,0,1,DEFENSE_INCOMPLETE,NO
2024-25,0022400714,3,333,333,4,5,1,0,OFFENSE_INCOMPLETE,NO
2024-25,0022400714,3,335,335,5,4,0,1,DEFENSE_INCOMPLETE,NO
2024-25,0022400714,3,337,338,4,5,1,0,OFFENSE_INCOMPLETE,NO
2024-25,0022400714,3,343,344,5,4,0,1,DEFENSE_INCOMPLETE,NO
2024-25,0022400714,3,345,345,4,5,1,0,OFFENSE_INCOMPLETE,NO
2024-25,0022400714,3,347,348,5,4,0,1,DEFENSE_INCOMPLETE,NO
2024-25,0022400714,3,349,349,4,5,1,0,OFFENSE_INCOMPLETE,NO
2024-25,0022400714,3,352,352,5,4,0,1,DEFENSE_INCOMPLETE,NO
2024-25,0022400714,3,354,356,4,5,1,0,OFFENSE_INCOMPLETE,NO
2024-25,0022400714,3,357,357,5,4,0,1,DEFENSE_INCOMPLETE,NO
2024-25,0022400714,3,359,359,4,5,1,0,OFFENSE_INCOMPLETE,NO
2024-25,0022400714,3,361,361,5,4,0,1,DEFENSE_INCOMPLETE,NO
2024-25,0022400714,3,363,363,4,5,1,0,OFFENSE_INCOMPLETE,NO
2024-25,0022400714,3,365,366,5,4,0,1,DEFENSE_INCOMPLETE,NO
2024-25,0022400714,3,367,367,4,5,1,0,OFFENSE_INCOMPLETE,NO
2024-25,0022400714,3,369,370,5,4,0,1,DEFENSE_INCOMPLETE,NO
2024-25,0022400714,3,371,372,4,5,1,0,OFFENSE_INCOMPLETE,NO
2024-25,0022400714,3,379,381,5,4,0,1,DEFENSE_INCOMPLETE,NO
2024-25,0022400714,3,383,383,4,5,1,0,OFFENSE_INCOMPLETE,NO
2024-25,0022400714,3,384,385,5,4,0,1,DEFENSE_INCOMPLETE,NO
2024-25,0022400714,3,386,387,4,5,1,0,OFFENSE_INCOMPLETE,NO
2024-25,0022400714,3,388,388,5,4,0,1,DEFENSE_INCOMPLETE,NO
2024-25,0022400714,3,392,393,4,5,1,0,OFFENSE_INCOMPLETE,NO
2024-25,0022400714,3,394,394,5,4,0,1,DEFENSE_INCOMPLETE,NO
2024-25,0022400714,3,396,396,4,5,1,0,OFFENSE_INCOMPLETE,NO
2024-25,0022400714,3,399,399,5,4,0,1,DEFENSE_INCOMPLETE,NO
2024-25,0022400714,3,400,401,4,5,1,0,OFFENSE_INCOMPLETE,NO
2024-25,0022400714,3,402,403,5,4,0,1,DEFENSE_INCOMPLETE,NO
2024-25,0022400714,3,404,404,4,5,1,0,OFFENSE_INCOMPLETE,NO
2024-25,0022400714,3,406,406,5,4,0,1,DEFENSE_INCOMPLETE,NO
2024-25,0022400714,3,408,408,4,5,1,0,OFFENSE_INCOMPLETE,NO
2024-25,0022400714,3,410,410,5,4,0,1,DEFENSE_INCOMPLETE,NO
2024-25,0022400714,3,412,412,4,5,1,0,OFFENSE_INCOMPLETE,NO
2024-25,0022400714,3,414,414,5,4,0,1,DEFENSE_INCOMPLETE,NO
2024-25,0022400714,3,417,418,4,5,1,0,OFFENSE_INCOMPLETE,NO
2024-25,0022400714,3,421,421,5,4,0,1,DEFENSE_INCOMPLETE,NO
2024-25,0022400714,3,422,422,4,5,1,0,OFFENSE_INCOMPLETE,NO
2024-25,0022400714,3,423,423,5,4,0,1,DEFENSE_INCOMPLETE,NO
2024-25,0022400714,3,424,424,4,5,1,0,OFFENSE_INCOMPLETE,NO
2024-25,0022400714,3,426,426,5,4,0,1,DEFENSE_INCOMPLETE,NO
2024-25,0022400714,3,428,428,4,5,1,0,OFFENSE_INCOMPLETE,NO
2024-25,0022400714,3,432,441,5,4,0,1,DEFENSE_INCOMPLETE,NO
2024-25,0022400714,3,442,445,4,5,1,0,OFFENSE_INCOMPLETE,NO
2024-25,0022400714,3,446,448,5,4,0,1,DEFENSE_INCOMPLETE,NO
2024-25,0022400714,3,449,450,4,5,1,0,OFFENSE_INCOMPLETE,NO
2024-25,0022400714,3,451,451,5,4,0,1,DEFENSE_INCOMPLETE,NO
2024-25,0022400714,3,455,458,4,5,1,0,OFFENSE_INCOMPLETE,NO
2024-25,0022400714,3,459,459,5,4,0,1,DEFENSE_INCOMPLETE,NO
2024-25,0022400714,3,460,460,4,5,1,0,OFFENSE_INCOMPLETE,NO
2024-25,0022400714,3,461,462,5,4,0,1,DEFENSE_INCOMPLETE,NO
2024-25,0022400714,3,463,465,4,5,1,0,OFFENSE_INCOMPLETE,NO
2024-25,0022400718,4,762,766,4,5,1,0,OFFENSE_INCOMPLETE,NO
2024-25,0022400718,4,767,767,5,4,0,1,DEFENSE_INCOMPLETE,NO
2024-25,0022400721,1,70,76,4,5,1,0,OFFENSE_INCOMPLETE,NO
2024-25,0022400721,1,77,80,5,4,0,1,DEFENSE_INCOMPLETE,NO
2024-25,0022400721,1,83,83,4,5,1,0,OFFENSE_INCOMPLETE,NO
2024-25,0022400721,1,85,86,5,4,0,1,DEFENSE_INCOMPLETE,NO
2024-25,0022400721,1,87,88,4,5,1,0,OFFENSE_INCOMPLETE,NO
2024-25,0022400721,1,92,92,5,4,0,1,DEFENSE_INCOMPLETE,NO
2024-25,0022400721,1,94,94,4,5,1,0,OFFENSE_INCOMPLETE,NO
2024-25,0022400721,1,96,97,5,4,0,1,DEFENSE_INCOMPLETE,NO
2024-25,0022400721,1,98,98,4,5,1,0,OFFENSE_INCOMPLETE,NO
2024-25,0022400721,1,99,99,5,4,0,1,DEFENSE_INCOMPLETE,NO
2024-25,0022400721,1,100,101,4,5,1,0,OFFENSE_INCOMPLETE,NO
2024-25,0022400721,1,102,103,5,4,0,1,DEFENSE_INCOMPLETE,NO
2024-25,0022400721,1,104,104,4,5,1,0,OFFENSE_INCOMPLETE,NO
2024-25,0022400721,1,107,110,5,4,0,1,DEFENSE_INCOMPLETE,NO
2024-25,0022400721,1,111,113,4,5,1,0,OFFENSE_INCOMPLETE,NO
2024-25,0022400725,2,324,324,5,4,0,1,DEFENSE_INCOMPLETE,NO
2024-25,0022400725,2,326,328,4,5,1,0,OFFENSE_INCOMPLETE,NO
2024-25,0022400725,2,329,329,5,4,0,1,DEFENSE_INCOMPLETE,NO
2024-25,0022400725,2,331,331,4,5,1,0,OFFENSE_INCOMPLETE,NO
2024-25,0022400725,2,332,333,5,4,0,1,DEFENSE_INCOMPLETE,NO
2024-25,0022400725,2,334,334,4,5,1,0,OFFENSE_INCOMPLETE,NO
2024-25,0022400725,2,335,335,5,4,0,1,DEFENSE_INCOMPLETE,NO
2024-25,0022400725,2,337,338,4,5,1,0,OFFENSE_INCOMPLETE,NO
2024-25,0022400725,2,339,348,5,4,0,1,DEFENSE_INCOMPLETE,NO
2024-25,0022400725,3,357,358,5,4,0,1,DEFENSE_INCOMPLETE,NO
2024-25,0022400725,3,359,360,4,5,1,0,OFFENSE_INCOMPLETE,NO
2024-25,0022400725,3,361,361,5,4,0,1,DEFENSE_INCOMPLETE,NO
2024-25,0022400725,3,363,364,4,5,1,0,OFFENSE_INCOMPLETE,NO
2024-25,0022400725,3,365,367,5,4,0,1,DEFENSE_INCOMPLETE,NO
2024-25,0022400725,3,368,368,4,5,1,0,OFFENSE_INCOMPLETE,NO
2024-25,0022400725,3,370,370,5,4,0,1,DEFENSE_INCOMPLETE,NO
2024-25,0022400725,3,374,375,4,5,1,0,OFFENSE_INCOMPLETE,NO
2024-25,0022400725,3,376,376,5,4,0,1,DEFENSE_INCOMPLETE,NO
2024-25,0022400725,3,377,378,4,5,1,0,OFFENSE_INCOMPLETE,NO
2024-25,0022400725,3,379,384,5,4,0,1,DEFENSE_INCOMPLETE,NO
2024-25,0022400725,3,385,385,4,5,1,0,OFFENSE_INCOMPLETE,NO
2024-25,0022400725,3,387,387,5,4,0,1,DEFENSE_INCOMPLETE,NO
2024-25,0022400725,3,390,393,4,5,1,0,OFFENSE_INCOMPLETE,NO
2024-25,0022400725,3,396,397,5,4,0,1,DEFENSE_INCOMPLETE,NO
2024-25,0022400725,3,398,399,4,5,1,0,OFFENSE_INCOMPLETE,NO
2024-25,0022400725,3,400,400,5,4,0,1,DEFENSE_INCOMPLETE,NO
2024-25,0022400725,3,402,402,4,5,1,0,OFFENSE_INCOMPLETE,NO
2024-25,0022400725,3,403,403,5,4,0,1,DEFENSE_INCOMPLETE,NO
2024-25,0022400725,3,404,404,4,5,1,0,OFFENSE_INCOMPLETE,NO
2024-25,0022400725,3,406,407,5,4,0,1,DEFENSE_INCOMPLETE,NO
2024-25,0022400725,3,408,409,4,5,1,0,OFFENSE_INCOMPLETE,NO
2024-25,0022400725,3,410,410,5,4,0,1,DEFENSE_INCOMPLETE,NO
2024-25,0022400725,3,412,412,4,5,1,0,OFFENSE_INCOMPLETE,NO
2024-25,0022400725,3,414,416,5,4,0,1,DEFENSE_INCOMPLETE,NO
2024-25,0022400725,3,418,418,4,5,1,0,OFFENSE_INCOMPLETE,NO
2024-25,0022400725,3,419,423,5,4,0,1,DEFENSE_INCOMPLETE,NO
2024-25,0022400725,3,435,435,4,5,1,0,OFFENSE_INCOMPLETE,NO
2024-25,0022400725,3,439,442,5,4,0,1,DEFENSE_INCOMPLETE,NO
2024-25,0022400725,3,443,444,4,5,1,0,OFFENSE_INCOMPLETE,NO
2024-25,0022400725,3,445,447,5,4,0,1,DEFENSE_INCOMPLETE,NO
2024-25,0022400725,3,451,453,4,5,1,0,OFFENSE_INCOMPLETE,NO
2024-25,0022400725,3,454,454,5,4,0,1,DEFENSE_INCOMPLETE,NO
2024-25,0022400725,3,462,463,4,5,1,0,OFFENSE_INCOMPLETE,NO
2024-25,0022400725,3,464,470,5,4,0,1,DEFENSE_INCOMPLETE,NO
2024-25,0022400725,3,471,473,4,5,1,0,OFFENSE_INCOMPLETE,NO
2024-25,0022400725,3,477,477,5,4,0,1,DEFENSE_INCOMPLETE,NO
2024-25,0022400732,1,74,74,4,5,1,0,OFFENSE_INCOMPLETE,NO
2024-25,0022400732,1,76,78,5,4,0,1,DEFENSE_INCOMPLETE,NO
2024-25,0022400732,1,79,83,4,5,1,0,OFFENSE_INCOMPLETE,NO
2024-25,0022400732,1,84,85,5,4,0,1,DEFENSE_INCOMPLETE,NO
2024-25,0022400732,1,86,90,4,5,1,0,OFFENSE_INCOMPLETE,NO
2024-25,0022400732,1,94,95,5,4,0,1,DEFENSE_INCOMPLETE,NO
2024-25,0022400732,1,96,96,4,5,1,0,OFFENSE_INCOMPLETE,NO
2024-25,0022400732,1,98,99,5,4,0,1,DEFENSE_INCOMPLETE,NO
2024-25,0022400732,1,100,101,4,5,1,0,OFFENSE_INCOMPLETE,NO
2024-25,0022400732,1,102,103,5,4,0,1,DEFENSE_INCOMPLETE,NO
2024-25,0022400732,1,107,108,4,5,1,0,OFFENSE_INCOMPLETE,NO
2024-25,0022400732,1,109,109,5,4,0,1,DEFENSE_INCOMPLETE,NO
2024-25,0022400732,1,123,123,4,5,1,0,OFFENSE_INCOMPLETE,NO
2024-25,0022400732,1,114,115,5,4,0,1,DEFENSE_INCOMPLETE,NO
2024-25,0022400732,1,116,116,4,5,1,0,OFFENSE_INCOMPLETE,NO
2024-25,0022400732,1,118,118,5,4,0,1,DEFENSE_INCOMPLETE,NO
2024-25,0022400732,1,131,132,4,5,1,0,OFFENSE_INCOMPLETE,NO
2024-25,0022400732,1,135,135,5,4,0,1,DEFENSE_INCOMPLETE,NO
2024-25,0022400732,1,150,150,4,5,1,0,OFFENSE_INCOMPLETE,NO
2024-25,0022400732,1,139,140,5,4,0,1,DEFENSE_INCOMPLETE,NO
2024-25,0022400732,1,141,141,4,5,1,0,OFFENSE_INCOMPLETE,NO
2024-25,0022400732,1,142,143,5,4,0,1,DEFENSE_INCOMPLETE,NO
2024-25,0022400732,1,144,145,4,5,1,0,OFFENSE_INCOMPLETE,NO
2024-25,0022400732,1,146,155,5,4,0,1,DEFENSE_INCOMPLETE,NO
2024-25,0022400763,3,479,481,4,5,1,0,OFFENSE_INCOMPLETE,NO
2024-25,0022400763,3,483,483,5,4,0,1,DEFENSE_INCOMPLETE,NO
2024-25,0022400763,3,485,486,4,5,1,0,OFFENSE_INCOMPLETE,NO
2024-25,0022400763,3,487,487,5,4,0,1,DEFENSE_INCOMPLETE,NO
2024-25,0022400763,3,492,493,4,5,1,0,OFFENSE_INCOMPLETE,NO
2024-25,0022400764,3,340,340,5,4,0,1,DEFENSE_INCOMPLETE,NO
2024-25,0022400764,3,342,342,4,5,1,0,OFFENSE_INCOMPLETE,NO
2024-25,0022400764,3,343,344,5,4,0,1,DEFENSE_INCOMPLETE,NO
2024-25,0022400764,3,345,346,4,5,1,0,OFFENSE_INCOMPLETE,NO
2024-25,0022400764,3,348,349,5,4,0,1,DEFENSE_INCOMPLETE,NO
2024-25,0022400764,3,350,353,4,5,1,0,OFFENSE_INCOMPLETE,NO
2024-25,0022400764,3,354,354,5,4,0,1,DEFENSE_INCOMPLETE,NO
2024-25,0022400764,3,355,355,4,5,1,0,OFFENSE_INCOMPLETE,NO
2024-25,0022400764,3,356,357,5,4,0,1,DEFENSE_INCOMPLETE,NO
2024-25,0022400764,3,358,358,4,5,1,0,OFFENSE_INCOMPLETE,NO
2024-25,0022400764,3,360,360,5,4,0,1,DEFENSE_INCOMPLETE,NO
2024-25,0022400764,3,362,365,4,5,1,0,OFFENSE_INCOMPLETE,NO
2024-25,0022400764,3,369,369,5,4,0,1,DEFENSE_INCOMPLETE,NO
2024-25,0022400764,3,371,371,4,5,1,0,OFFENSE_INCOMPLETE,NO
2024-25,0022400764,3,373,373,5,4,0,1,DEFENSE_INCOMPLETE,NO
2024-25,0022400764,3,375,375,4,5,1,0,OFFENSE_INCOMPLETE,NO
2024-25,0022400764,3,379,380,5,4,0,1,DEFENSE_INCOMPLETE,NO
2024-25,0022400764,3,381,381,4,5,1,0,OFFENSE_INCOMPLETE,NO
2024-25,0022400764,3,383,385,5,4,0,1,DEFENSE_INCOMPLETE,NO
2024-25,0022400764,3,387,388,4,5,1,0,OFFENSE_INCOMPLETE,NO
2024-25,0022400764,3,389,389,5,4,0,1,DEFENSE_INCOMPLETE,NO
2024-25,0022400764,3,392,397,4,5,1,0,OFFENSE_INCOMPLETE,NO
2024-25,0022400764,3,398,398,5,4,0,1,DEFENSE_INCOMPLETE,NO
2024-25,0022400764,3,403,408,4,5,1,0,OFFENSE_INCOMPLETE,NO
2024-25,0022400764,3,409,409,5,4,0,1,DEFENSE_INCOMPLETE,NO
2024-25,0022400764,3,410,411,4,5,1,0,OFFENSE_INCOMPLETE,NO
2024-25,0022400764,3,412,413,5,4,0,1,DEFENSE_INCOMPLETE,NO
2024-25,0022400764,3,414,416,4,5,1,0,OFFENSE_INCOMPLETE,NO
2024-25,0022400764,3,417,417,5,4,0,1,DEFENSE_INCOMPLETE,NO
2024-25,0022400764,3,421,430,4,5,1,0,OFFENSE_INCOMPLETE,NO
2024-25,0022400764,3,431,431,5,4,0,1,DEFENSE_INCOMPLETE,NO
2024-25,0022400764,3,433,433,4,5,1,0,OFFENSE_INCOMPLETE,NO
2024-25,0022400764,3,435,436,5,4,0,1,DEFENSE_INCOMPLETE,NO
2024-25,0022400764,3,437,438,4,5,1,0,OFFENSE_INCOMPLETE,NO
2024-25,0022400764,3,439,439,5,4,0,1,DEFENSE_INCOMPLETE,NO
2024-25,0022400764,3,441,441,4,5,1,0,OFFENSE_INCOMPLETE,NO
2024-25,0022400764,3,446,465,5,4,0,1,DEFENSE_INCOMPLETE,NO
2024-25,0022400764,3,450,450,4,5,1,0,OFFENSE_INCOMPLETE,NO
2024-25,0022400764,3,452,454,5,4,0,1,DEFENSE_INCOMPLETE,NO
2024-25,0022400764,3,455,457,4,5,1,0,OFFENSE_INCOMPLETE,NO
2024-25,0022400764,3,458,462,5,4,0,1,DEFENSE_INCOMPLETE,NO
2024-25,0022400764,3,467,472,4,5,1,0,OFFENSE_INCOMPLETE,NO
2024-25,0022400764,3,473,473,5,4,0,1,DEFENSE_INCOMPLETE,NO
2024-25,0022400764,3,475,478,4,5,1,0,OFFENSE_INCOMPLETE,NO
2024-25,0022400764,3,479,481,5,4,0,1,DEFENSE_INCOMPLETE,NO
2024-25,0022400764,3,483,484,4,5,1,0,OFFENSE_INCOMPLETE,NO
2024-25,0022400764,3,485,485,5,4,0,1,DEFENSE_INCOMPLETE,NO
2024-25,0022400764,3,490,490,4,5,1,0,OFFENSE_INCOMPLETE,NO
2024-25,0022400764,3,492,492,5,4,0,1,DEFENSE_INCOMPLETE,NO
2024-25,0022400764,3,494,494,4,5,1,0,OFFENSE_INCOMPLETE,NO
2024-25,0022400764,3,495,495,5,4,0,1,DEFENSE_INCOMPLETE,NO
2024-25,0022400764,3,496,497,4,5,1,0,OFFENSE_INCOMPLETE,NO
2024-25,0022400764,3,502,504,5,4,0,1,DEFENSE_INCOMPLETE,NO
2024-25,0022400764,3,505,505,4,5,1,0,OFFENSE_INCOMPLETE,NO
2024-25,0022400764,3,507,509,5,4,0,1,DEFENSE_INCOMPLETE,NO
2024-25,0022400765,1,150,156,5,4,0,1,DEFENSE_INCOMPLETE,NO
2024-25,0022400772,2,228,229,5,4,0,1,DEFENSE_INCOMPLETE,NO
2024-25,0022400772,2,230,231,4,5,1,0,OFFENSE_INCOMPLETE,NO
2024-25,0022400772,2,232,232,5,4,0,1,DEFENSE_INCOMPLETE,NO
2024-25,0022400772,2,233,235,4,5,1,0,OFFENSE_INCOMPLETE,NO
2024-25,0022400772,2,236,237,5,4,0,1,DEFENSE_INCOMPLETE,NO
2024-25,0022400772,2,238,239,4,5,1,0,OFFENSE_INCOMPLETE,NO
2024-25,0022400772,2,243,244,5,4,0,1,DEFENSE_INCOMPLETE,NO
2024-25,0022400772,2,245,245,4,5,1,0,OFFENSE_INCOMPLETE,NO
2024-25,0022400772,2,251,251,5,4,0,1,DEFENSE_INCOMPLETE,NO
2024-25,0022400772,2,253,254,4,5,1,0,OFFENSE_INCOMPLETE,NO
2024-25,0022400772,2,255,256,5,4,0,1,DEFENSE_INCOMPLETE,NO
2024-25,0022400772,2,257,258,4,5,1,0,OFFENSE_INCOMPLETE,NO
2024-25,0022400772,2,261,266,5,4,0,1,DEFENSE_INCOMPLETE,NO
2024-25,0022400772,2,267,267,4,5,1,0,OFFENSE_INCOMPLETE,NO
2024-25,0022400772,2,268,269,5,4,0,1,DEFENSE_INCOMPLETE,NO
2024-25,0022400772,2,270,270,4,5,1,0,OFFENSE_INCOMPLETE,NO
2024-25,0022400772,2,274,276,5,4,0,1,DEFENSE_INCOMPLETE,NO
2024-25,0022400772,2,278,278,4,5,1,0,OFFENSE_INCOMPLETE,NO
2024-25,0022400772,2,279,279,5,4,0,1,DEFENSE_INCOMPLETE,NO
2024-25,0022400772,2,281,282,4,5,1,0,OFFENSE_INCOMPLETE,NO
2024-25,0022400772,2,283,283,5,4,0,1,DEFENSE_INCOMPLETE,NO
2024-25,0022400772,2,287,288,4,5,1,0,OFFENSE_INCOMPLETE,NO
2024-25,0022400772,2,291,293,5,4,0,1,DEFENSE_INCOMPLETE,NO
2024-25,0022400772,2,294,294,4,5,1,0,OFFENSE_INCOMPLETE,NO
2024-25,0022400772,2,298,298,5,4,0,1,DEFENSE_INCOMPLETE,NO
2024-25,0022400772,2,302,305,4,5,1,0,OFFENSE_INCOMPLETE,NO
2024-25,0022400779,2,288,289,4,5,1,0,OFFENSE_INCOMPLETE,NO
2024-25,0022400779,2,290,291,5,4,0,1,DEFENSE_INCOMPLETE,NO
2024-25,0022400779,2,292,298,4,5,1,0,OFFENSE_INCOMPLETE,NO
2024-25,0022400792,5,680,680,4,5,1,0,OFFENSE_INCOMPLETE,NO
2024-25,0022400792,5,681,681,5,4,0,1,DEFENSE_INCOMPLETE,NO
2024-25,0022400792,5,686,687,4,5,1,0,OFFENSE_INCOMPLETE,NO
2024-25,0022400792,5,688,689,5,4,0,1,DEFENSE_INCOMPLETE,NO
2024-25,0022400792,5,690,690,4,5,1,0,OFFENSE_INCOMPLETE,NO
2024-25,0022400792,5,691,691,5,4,0,1,DEFENSE_INCOMPLETE,NO
2024-25,0022400792,5,692,692,4,5,1,0,OFFENSE_INCOMPLETE,NO
2024-25,0022400792,5,693,697,5,4,0,1,DEFENSE_INCOMPLETE,NO
2024-25,0022400792,5,706,708,4,5,1,0,OFFENSE_INCOMPLETE,NO
2024-25,0022400795,4,582,582,4,5,1,0,OFFENSE_INCOMPLETE,NO
2024-25,0022400795,4,584,586,5,4,0,1,DEFENSE_INCOMPLETE,NO
2024-25,0022400795,4,587,588,4,5,1,0,OFFENSE_INCOMPLETE,NO
2024-25,0022400795,4,589,589,5,4,0,1,DEFENSE_INCOMPLETE,NO
2024-25,0022400805,4,625,625,5,4,0,1,DEFENSE_INCOMPLETE,NO
2024-25,0022400805,4,626,626,4,5,1,0,OFFENSE_INCOMPLETE,NO
2024-25,0022400806,4,618,619,5,4,0,1,DEFENSE_INCOMPLETE,NO
2024-25,0022400806,4,624,625,4,5,1,0,OFFENSE_INCOMPLETE,NO
2024-25,0022400806,4,626,626,5,4,0,1,DEFENSE_INCOMPLETE,NO
2024-25,0022400806,4,628,628,4,5,1,0,OFFENSE_INCOMPLETE,NO
2024-25,0022400806,4,632,635,5,4,0,1,DEFENSE_INCOMPLETE,NO
2024-25,0022400806,4,636,637,4,5,1,0,OFFENSE_INCOMPLETE,NO
2024-25,0022400806,4,638,638,5,4,0,1,DEFENSE_INCOMPLETE,NO
2024-25,0022400806,4,640,640,4,5,1,0,OFFENSE_INCOMPLETE,NO
2024-25,0022400806,4,645,652,5,4,0,1,DEFENSE_INCOMPLETE,NO
2024-25,0022400808,1,110,111,4,5,1,0,OFFENSE_INCOMPLETE,NO
2024-25,0022400808,1,112,112,5,4,0,1,DEFENSE_INCOMPLETE,NO
2024-25,0022400808,4,671,672,4,5,1,0,OFFENSE_INCOMPLETE,NO
2024-25,0022400808,4,673,681,5,4,0,1,DEFENSE_INCOMPLETE,NO
2024-25,0022400814,3,467,467,4,5,1,0,OFFENSE_INCOMPLETE,NO
2024-25,0022400814,3,469,469,5,4,0,1,DEFENSE_INCOMPLETE,NO
2024-25,0022400814,3,471,473,4,5,1,0,OFFENSE_INCOMPLETE,NO
2024-25,0022400814,3,474,474,5,4,0,1,DEFENSE_INCOMPLETE,NO
2024-25,0022400814,3,476,476,4,5,1,0,OFFENSE_INCOMPLETE,NO
2024-25,0022400814,3,477,478,5,4,0,1,DEFENSE_INCOMPLETE,NO
2024-25,0022400814,3,481,488,4,5,1,0,OFFENSE_INCOMPLETE,NO
2024-25,0022400814,3,489,489,5,4,0,1,DEFENSE_INCOMPLETE,NO
2024-25,0022400814,3,491,492,4,5,1,0,OFFENSE_INCOMPLETE,NO
2024-25,0022400814,3,493,494,5,4,0,1,DEFENSE_INCOMPLETE,NO
2024-25,0022400814,4,680,681,5,4,0,1,DEFENSE_INCOMPLETE,NO
2024-25,0022400814,4,685,687,4,5,1,0,OFFENSE_INCOMPLETE,NO
2024-25,0022400814,4,688,688,5,4,0,1,DEFENSE_INCOMPLETE,NO
2024-25,0022400814,4,690,690,4,5,1,0,OFFENSE_INCOMPLETE,NO
2024-25,0022400814,4,691,691,5,4,0,1,DEFENSE_INCOMPLETE,NO
2024-25,0022400814,4,692,692,4,5,1,0,OFFENSE_INCOMPLETE,NO
2024-25,0022400814,4,693,693,5,4,0,1,DEFENSE_INCOMPLETE,NO
2024-25,0022400814,4,694,694,4,5,1,0,OFFENSE_INCOMPLETE,NO
2024-25,0022400814,4,696,697,5,4,0,1,DEFENSE_INCOMPLETE,NO
2024-25,0022400814,4,698,701,4,5,1,0,OFFENSE_INCOMPLETE,NO
2024-25,0022400814,4,701,706,4,5,1,0,OFFENSE_INCOMPLETE,NO
2024-25,0022400814,4,708,716,5,4,0,1,DEFENSE_INCOMPLETE,NO
2024-25,0022400814,4,722,723,4,5,1,0,OFFENSE_INCOMPLETE,NO
2024-25,0022400814,4,727,728,5,4,0,1,DEFENSE_INCOMPLETE,NO
2024-25,0022400823,2,309,309,4,5,1,0,OFFENSE_INCOMPLETE,NO
2024-25,0022400823,2,310,310,5,4,0,1,DEFENSE_INCOMPLETE,NO
2024-25,0022400823,2,312,312,4,5,1,0,OFFENSE_INCOMPLETE,NO
2024-25,0022400823,2,314,314,5,4,0,1,DEFENSE_INCOMPLETE,NO
2024-25,0022400823,2,315,315,4,5,1,0,OFFENSE_INCOMPLETE,NO
2024-25,0022400823,2,317,319,5,4,0,1,DEFENSE_INCOMPLETE,NO
2024-25,0022400823,2,325,328,4,5,1,0,OFFENSE_INCOMPLETE,NO
2024-25,0022400823,2,329,330,5,4,0,1,DEFENSE_INCOMPLETE,NO
2024-25,0022400823,2,331,332,4,5,1,0,OFFENSE_INCOMPLETE,NO
2024-25,0022400823,2,338,338,5,4,0,1,DEFENSE_INCOMPLETE,NO
2024-25,0022400823,2,340,340,4,5,1,0,OFFENSE_INCOMPLETE,NO
2024-25,0022400823,2,341,344,5,4,0,1,DEFENSE_INCOMPLETE,NO
2024-25,0022400823,2,345,345,4,5,1,0,OFFENSE_INCOMPLETE,NO
2024-25,0022400823,2,347,347,5,4,0,1,DEFENSE_INCOMPLETE,NO
2024-25,0022400823,2,348,350,4,5,1,0,OFFENSE_INCOMPLETE,NO
2024-25,0022400823,2,351,352,5,4,0,1,DEFENSE_INCOMPLETE,NO
2024-25,0022400823,2,353,353,4,5,1,0,OFFENSE_INCOMPLETE,NO
2024-25,0022400823,2,355,363,5,4,0,1,DEFENSE_INCOMPLETE,NO
2024-25,0022400842,3,327,327,5,4,0,1,DEFENSE_INCOMPLETE,NO
2024-25,0022400842,3,328,328,4,5,1,0,OFFENSE_INCOMPLETE,NO
2024-25,0022400842,3,332,333,5,4,0,1,DEFENSE_INCOMPLETE,NO
2024-25,0022400842,3,336,336,4,5,1,0,OFFENSE_INCOMPLETE,NO
2024-25,0022400842,3,338,338,5,4,0,1,DEFENSE_INCOMPLETE,NO
2024-25,0022400842,3,340,341,4,5,1,0,OFFENSE_INCOMPLETE,NO
2024-25,0022400842,3,342,343,5,4,0,1,DEFENSE_INCOMPLETE,NO
2024-25,0022400842,3,344,344,4,5,1,0,OFFENSE_INCOMPLETE,NO
2024-25,0022400842,3,346,346,5,4,0,1,DEFENSE_INCOMPLETE,NO
2024-25,0022400842,3,348,348,4,5,1,0,OFFENSE_INCOMPLETE,NO
2024-25,0022400842,3,350,350,5,4,0,1,DEFENSE_INCOMPLETE,NO
2024-25,0022400842,3,353,356,4,5,1,0,OFFENSE_INCOMPLETE,NO
2024-25,0022400842,3,358,358,5,4,0,1,DEFENSE_INCOMPLETE,NO
2024-25,0022400842,3,360,365,4,5,1,0,OFFENSE_INCOMPLETE,NO
2024-25,0022400842,3,366,367,5,4,0,1,DEFENSE_INCOMPLETE,NO
2024-25,0022400842,3,368,370,4,5,1,0,OFFENSE_INCOMPLETE,NO
2024-25,0022400842,3,372,372,5,4,0,1,DEFENSE_INCOMPLETE,NO
2024-25,0022400842,3,374,374,4,5,1,0,OFFENSE_INCOMPLETE,NO
2024-25,0022400842,3,375,375,5,4,0,1,DEFENSE_INCOMPLETE,NO
2024-25,0022400842,3,376,376,4,5,1,0,OFFENSE_INCOMPLETE,NO
2024-25,0022400842,3,378,378,5,4,0,1,DEFENSE_INCOMPLETE,NO
2024-25,0022400842,3,379,380,4,5,1,0,OFFENSE_INCOMPLETE,NO
2024-25,0022400842,3,381,382,5,4,0,1,DEFENSE_INCOMPLETE,NO
2024-25,0022400842,3,383,383,4,5,1,0,OFFENSE_INCOMPLETE,NO
2024-25,0022400842,3,384,385,5,4,0,1,DEFENSE_INCOMPLETE,NO
2024-25,0022400842,3,386,386,4,5,1,0,OFFENSE_INCOMPLETE,NO
2024-25,0022400842,3,391,391,5,4,0,1,DEFENSE_INCOMPLETE,NO
2024-25,0022400842,3,392,396,4,5,1,0,OFFENSE_INCOMPLETE,NO
2024-25,0022400842,3,397,397,5,4,0,1,DEFENSE_INCOMPLETE,NO
2024-25,0022400842,3,399,399,4,5,1,0,OFFENSE_INCOMPLETE,NO
2024-25,0022400842,3,403,411,5,4,0,1,DEFENSE_INCOMPLETE,NO
2024-25,0022400842,3,412,416,4,5,1,0,OFFENSE_INCOMPLETE,NO
2024-25,0022400842,3,418,421,5,4,0,1,DEFENSE_INCOMPLETE,NO
2024-25,0022400842,3,424,424,4,5,1,0,OFFENSE_INCOMPLETE,NO
2024-25,0022400842,3,429,429,5,4,0,1,DEFENSE_INCOMPLETE,NO
2024-25,0022400842,3,436,436,4,5,1,0,OFFENSE_INCOMPLETE,NO
2024-25,0022400842,3,437,437,5,4,0,1,DEFENSE_INCOMPLETE,NO
2024-25,0022400857,3,327,327,5,4,0,1,DEFENSE_INCOMPLETE,NO
2024-25,0022400857,3,329,331,4,5,1,0,OFFENSE_INCOMPLETE,NO
2024-25,0022400857,3,332,332,5,4,0,1,DEFENSE_INCOMPLETE,NO
2024-25,0022400857,3,334,334,4,5,1,0,OFFENSE_INCOMPLETE,NO
2024-25,0022400857,3,336,337,5,4,0,1,DEFENSE_INCOMPLETE,NO
2024-25,0022400857,3,338,341,4,5,1,0,OFFENSE_INCOMPLETE,NO
2024-25,0022400857,3,344,346,5,4,0,1,DEFENSE_INCOMPLETE,NO
2024-25,0022400857,3,347,348,4,5,1,0,OFFENSE_INCOMPLETE,NO
2024-25,0022400857,3,349,350,5,4,0,1,DEFENSE_INCOMPLETE,NO
2024-25,0022400857,3,351,351,4,5,1,0,OFFENSE_INCOMPLETE,NO
2024-25,0022400857,3,353,353,5,4,0,1,DEFENSE_INCOMPLETE,NO
2024-25,0022400857,3,355,355,4,5,1,0,OFFENSE_INCOMPLETE,NO
2024-25,0022400857,3,359,361,5,4,0,1,DEFENSE_INCOMPLETE,NO
2024-25,0022400857,3,362,362,4,5,1,0,OFFENSE_INCOMPLETE,NO
2024-25,0022400857,3,364,364,5,4,0,1,DEFENSE_INCOMPLETE,NO
2024-25,0022400857,3,365,365,4,5,1,0,OFFENSE_INCOMPLETE,NO
2024-25,0022400857,3,367,369,5,4,0,1,DEFENSE_INCOMPLETE,NO
2024-25,0022400857,3,370,370,4,5,1,0,OFFENSE_INCOMPLETE,NO
2024-25,0022400857,3,372,374,5,4,0,1,DEFENSE_INCOMPLETE,NO
2024-25,0022400857,3,376,376,4,5,1,0,OFFENSE_INCOMPLETE,NO
2024-25,0022400857,3,378,378,5,4,0,1,DEFENSE_INCOMPLETE,NO
2024-25,0022400857,3,380,380,4,5,1,0,OFFENSE_INCOMPLETE,NO
2024-25,0022400857,3,381,382,5,4,0,1,DEFENSE_INCOMPLETE,NO
2024-25,0022400857,3,383,383,4,5,1,0,OFFENSE_INCOMPLETE,NO
2024-25,0022400857,3,385,385,5,4,0,1,DEFENSE_INCOMPLETE,NO
2024-25,0022400857,3,386,386,4,5,1,0,OFFENSE_INCOMPLETE,NO
2024-25,0022400857,3,390,390,5,4,0,1,DEFENSE_INCOMPLETE,NO
2024-25,0022400858,1,140,140,5,4,0,1,DEFENSE_INCOMPLETE,NO
2024-25,0022400858,1,142,142,4,5,1,0,OFFENSE_INCOMPLETE,NO
2024-25,0022400858,1,144,144,5,4,0,1,DEFENSE_INCOMPLETE,NO
2024-25,0022400858,1,146,146,4,5,1,0,OFFENSE_INCOMPLETE,NO
2024-25,0022400858,1,148,149,5,4,0,1,DEFENSE_INCOMPLETE,NO
2024-25,0022400858,1,150,151,4,5,1,0,OFFENSE_INCOMPLETE,NO
2024-25,0022400858,1,152,154,5,4,0,1,DEFENSE_INCOMPLETE,NO
2024-25,0022400860,3,466,469,4,5,1,0,OFFENSE_INCOMPLETE,NO
2024-25,0022400860,3,470,472,5,4,0,1,DEFENSE_INCOMPLETE,NO
2024-25,0022400860,3,473,484,4,5,1,0,OFFENSE_INCOMPLETE,NO
2024-25,0022400864,4,600,600,5,4,0,1,DEFENSE_INCOMPLETE,NO
2024-25,0022400864,4,602,610,4,5,1,0,OFFENSE_INCOMPLETE,NO
2024-25,0022400864,4,611,612,5,4,0,1,DEFENSE_INCOMPLETE,NO
2024-25,0022400864,4,613,613,4,5,1,0,OFFENSE_INCOMPLETE,NO
2024-25,0022400864,4,615,617,5,4,0,1,DEFENSE_INCOMPLETE,NO
2024-25,0022400864,4,619,619,4,5,1,0,OFFENSE_INCOMPLETE,NO
2024-25,0022400872,4,575,575,5,4,0,1,DEFENSE_INCOMPLETE,NO
2024-25,0022400872,4,577,577,4,5,1,0,OFFENSE_INCOMPLETE,NO
2024-25,0022400872,4,579,580,5,4,0,1,DEFENSE_INCOMPLETE,NO
2024-25,0022400872,4,581,581,4,5,1,0,OFFENSE_INCOMPLETE,NO
2024-25,0022400876,3,526,526,4,5,1,0,OFFENSE_INCOMPLETE,NO
2024-25,0022400876,4,507,508,5,4,0,1,DEFENSE_INCOMPLETE,NO
2024-25,0022400876,4,509,509,4,5,1,0,OFFENSE_INCOMPLETE,NO
2024-25,0022400876,4,511,513,5,4,0,1,DEFENSE_INCOMPLETE,NO
2024-25,0022400876,4,514,515,4,5,1,0,OFFENSE_INCOMPLETE,NO
2024-25,0022400876,4,516,516,5,4,0,1,DEFENSE_INCOMPLETE,NO
2024-25,0022400876,4,518,518,4,5,1,0,OFFENSE_INCOMPLETE,NO
2024-25,0022400876,4,520,520,5,4,0,1,DEFENSE_INCOMPLETE,NO
2024-25,0022400876,4,521,523,4,5,1,0,OFFENSE_INCOMPLETE,NO
2024-25,0022400876,4,528,528,5,4,0,1,DEFENSE_INCOMPLETE,NO
2024-25,0022400876,4,530,537,4,5,1,0,OFFENSE_INCOMPLETE,NO
2024-25,0022400876,4,539,539,5,4,0,1,DEFENSE_INCOMPLETE,NO
2024-25,0022400876,4,541,541,4,5,1,0,OFFENSE_INCOMPLETE,NO
2024-25,0022400876,4,542,542,5,4,0,1,DEFENSE_INCOMPLETE,NO
2024-25,0022400876,4,543,543,4,5,1,0,OFFENSE_INCOMPLETE,NO
2024-25,0022400876,4,545,546,5,4,0,1,DEFENSE_INCOMPLETE,NO
2024-25,0022400876,4,547,547,4,5,1,0,OFFENSE_INCOMPLETE,NO
2024-25,0022400876,4,549,551,5,4,0,1,DEFENSE_INCOMPLETE,NO
2024-25,0022400876,4,552,553,4,5,1,0,OFFENSE_INCOMPLETE,NO
2024-25,0022400876,4,554,554,5,4,0,1,DEFENSE_INCOMPLETE,NO
2024-25,0022400876,4,560,561,4,5,1,0,OFFENSE_INCOMPLETE,NO
2024-25,0022400876,4,562,562,5,4,0,1,DEFENSE_INCOMPLETE,NO
2024-25,0022400876,4,564,565,4,5,1,0,OFFENSE_INCOMPLETE,NO
2024-25,0022400876,4,566,566,5,4,0,1,DEFENSE_INCOMPLETE,NO
2024-25,0022400876,4,571,571,4,5,1,0,OFFENSE_INCOMPLETE,NO
2024-25,0022400876,4,572,574,5,4,0,1,DEFENSE_INCOMPLETE,NO
2024-25,0022400876,4,575,575,4,5,1,0,OFFENSE_INCOMPLETE,NO
2024-25,0022400882,2,164,164,4,5,1,0,OFFENSE_INCOMPLETE,NO
2024-25,0022400882,2,166,166,5,4,0,1,DEFENSE_INCOMPLETE,NO
2024-25,0022400882,2,168,168,4,5,1,0,OFFENSE_INCOMPLETE,NO
2024-25,0022400882,2,170,172,5,4,0,1,DEFENSE_INCOMPLETE,NO
2024-25,0022400882,2,173,173,4,5,1,0,OFFENSE_INCOMPLETE,NO
2024-25,0022400882,2,175,176,5,4,0,1,DEFENSE_INCOMPLETE,NO
2024-25,0022400882,2,177,178,4,5,1,0,OFFENSE_INCOMPLETE,NO
2024-25,0022400882,2,179,182,5,4,0,1,DEFENSE_INCOMPLETE,NO
2024-25,0022400882,2,183,184,4,5,1,0,OFFENSE_INCOMPLETE,NO
2024-25,0022400882,2,185,185,5,4,0,1,DEFENSE_INCOMPLETE,NO
2024-25,0022400886,3,411,411,4,5,1,0,OFFENSE_INCOMPLETE,NO
2024-25,0022400886,3,413,413,5,4,0,1,DEFENSE_INCOMPLETE,NO
2024-25,0022400886,3,415,416,4,5,1,0,OFFENSE_INCOMPLETE,NO
2024-25,0022400886,3,417,418,5,4,0,1,DEFENSE_INCOMPLETE,NO
2024-25,0022400886,3,419,422,4,5,1,0,OFFENSE_INCOMPLETE,NO
2024-25,0022400886,3,426,427,5,4,0,1,DEFENSE_INCOMPLETE,NO
2024-25,0022400886,3,428,428,4,5,1,0,OFFENSE_INCOMPLETE,NO
2024-25,0022400886,3,436,437,5,4,0,1,DEFENSE_INCOMPLETE,NO
2024-25,0022400886,3,438,439,4,5,1,0,OFFENSE_INCOMPLETE,NO
2024-25,0022400886,3,440,443,5,4,0,1,DEFENSE_INCOMPLETE,NO
2024-25,0022400886,3,444,445,4,5,1,0,OFFENSE_INCOMPLETE,NO
2024-25,0022400886,3,448,457,5,4,0,1,DEFENSE_INCOMPLETE,NO
2024-25,0022400892,2,217,217,5,4,0,1,DEFENSE_INCOMPLETE,NO
2024-25,0022400892,2,218,219,4,5,1,0,OFFENSE_INCOMPLETE,NO
2024-25,0022400892,2,220,220,5,4,0,1,DEFENSE_INCOMPLETE,NO
2024-25,0022400892,2,222,222,4,5,1,0,OFFENSE_INCOMPLETE,NO
2024-25,0022400892,2,224,224,5,4,0,1,DEFENSE_INCOMPLETE,NO
2024-25,0022400892,2,228,229,4,5,1,0,OFFENSE_INCOMPLETE,NO
2024-25,0022400892,2,236,239,5,4,0,1,DEFENSE_INCOMPLETE,NO
2024-25,0022400892,2,240,241,4,5,1,0,OFFENSE_INCOMPLETE,NO
2024-25,0022400892,2,242,243,5,4,0,1,DEFENSE_INCOMPLETE,NO
2024-25,0022400892,2,244,244,4,5,1,0,OFFENSE_INCOMPLETE,NO
2024-25,0022400896,4,574,574,5,4,0,1,DEFENSE_INCOMPLETE,NO
2024-25,0022400896,4,575,581,4,5,1,0,OFFENSE_INCOMPLETE,NO
2024-25,0022400896,4,581,581,5,4,0,1,DEFENSE_INCOMPLETE,NO
2024-25,0022400896,4,582,582,5,4,0,1,DEFENSE_INCOMPLETE,NO
2024-25,0022400896,4,584,585,4,5,1,0,OFFENSE_INCOMPLETE,NO
2024-25,0022400896,4,586,587,5,4,0,1,DEFENSE_INCOMPLETE,NO
2024-25,0022400896,4,588,589,4,5,1,0,OFFENSE_INCOMPLETE,NO
2024-25,0022400896,4,592,592,5,4,0,1,DEFENSE_INCOMPLETE,NO
2024-25,0022400896,4,593,593,4,5,1,0,OFFENSE_INCOMPLETE,NO
2024-25,0022400896,4,594,595,5,4,0,1,DEFENSE_INCOMPLETE,NO
2024-25,0022400896,4,598,601,4,5,1,0,OFFENSE_INCOMPLETE,NO
2024-25,0022400896,4,602,605,5,4,0,1,DEFENSE_INCOMPLETE,NO
2024-25,0022400896,4,606,608,4,5,1,0,OFFENSE_INCOMPLETE,NO
2024-25,0022400896,4,609,609,5,4,0,1,DEFENSE_INCOMPLETE,NO
2024-25,0022400896,4,612,613,4,5,1,0,OFFENSE_INCOMPLETE,NO
2024-25,0022400896,4,614,621,5,4,0,1,DEFENSE_INCOMPLETE,NO
2024-25,0022400897,1,165,165,5,4,0,1,DEFENSE_INCOMPLETE,NO
2024-25,0022400897,1,194,196,4,5,1,0,OFFENSE_INCOMPLETE,NO
2024-25,0022400897,1,148,164,5,4,0,1,DEFENSE_INCOMPLETE,NO
2024-25,0022400897,1,174,174,4,5,1,0,OFFENSE_INCOMPLETE,NO
2024-25,0022400897,1,151,152,5,4,0,1,DEFENSE_INCOMPLETE,NO
2024-25,0022400897,1,155,158,4,5,1,0,OFFENSE_INCOMPLETE,NO
2024-25,0022400897,1,159,159,5,4,0,1,DEFENSE_INCOMPLETE,NO
2024-25,0022400897,2,173,173,4,5,1,0,OFFENSE_INCOMPLETE,NO
2024-25,0022400897,2,176,176,5,4,0,1,DEFENSE_INCOMPLETE,NO
2024-25,0022400897,2,178,178,4,5,1,0,OFFENSE_INCOMPLETE,NO
2024-25,0022400897,2,180,183,5,4,0,1,DEFENSE_INCOMPLETE,NO
2024-25,0022400897,2,184,185,4,5,1,0,OFFENSE_INCOMPLETE,NO
2024-25,0022400897,2,186,186,5,4,0,1,DEFENSE_INCOMPLETE,NO
2024-25,0022400897,2,188,188,4,5,1,0,OFFENSE_INCOMPLETE,NO
2024-25,0022400897,2,190,190,5,4,0,1,DEFENSE_INCOMPLETE,NO
2024-25,0022400897,2,192,192,4,5,1,0,OFFENSE_INCOMPLETE,NO
2024-25,0022400897,2,193,193,5,4,0,1,DEFENSE_INCOMPLETE,NO
2024-25,0022400897,2,197,197,4,5,1,0,OFFENSE_INCOMPLETE,NO
2024-25,0022400897,2,201,201,5,4,0,1,DEFENSE_INCOMPLETE,NO
2024-25,0022400904,2,362,364,5,4,0,1,DEFENSE_INCOMPLETE,NO
2024-25,0022400904,2,365,367,4,5,1,0,OFFENSE_INCOMPLETE,NO
2024-25,0022400907,1,80,83,5,4,0,1,DEFENSE_INCOMPLETE,NO
2024-25,0022400907,1,83,89,5,4,0,1,DEFENSE_INCOMPLETE,NO
2024-25,0022400907,1,93,96,4,5,1,0,OFFENSE_INCOMPLETE,NO
2024-25,0022400907,1,97,97,5,4,0,1,DEFENSE_INCOMPLETE,NO
2024-25,0022400907,1,99,99,4,5,1,0,OFFENSE_INCOMPLETE,NO
2024-25,0022400907,1,101,102,5,4,0,1,DEFENSE_INCOMPLETE,NO
2024-25,0022400907,2,160,162,4,5,1,0,OFFENSE_INCOMPLETE,NO
2024-25,0022400907,2,163,163,5,4,0,1,DEFENSE_INCOMPLETE,NO
2024-25,0022400907,2,167,168,4,5,1,0,OFFENSE_INCOMPLETE,NO
2024-25,0022400907,2,169,169,5,4,0,1,DEFENSE_INCOMPLETE,NO
2024-25,0022400907,2,171,171,4,5,1,0,OFFENSE_INCOMPLETE,NO
2024-25,0022400907,2,173,174,5,4,0,1,DEFENSE_INCOMPLETE,NO
2024-25,0022400907,2,175,178,4,5,1,0,OFFENSE_INCOMPLETE,NO
2024-25,0022400907,2,179,179,5,4,0,1,DEFENSE_INCOMPLETE,NO
2024-25,0022400907,2,181,182,4,5,1,0,OFFENSE_INCOMPLETE,NO
2024-25,0022400907,2,183,193,5,4,0,1,DEFENSE_INCOMPLETE,NO
2024-25,0022400909,4,448,449,5,4,0,1,DEFENSE_INCOMPLETE,NO
2024-25,0022400909,4,450,452,4,5,1,0,OFFENSE_INCOMPLETE,NO
2024-25,0022400909,4,455,459,5,4,0,1,DEFENSE_INCOMPLETE,NO
2024-25,0022400909,4,460,461,4,5,1,0,OFFENSE_INCOMPLETE,NO
2024-25,0022400909,4,462,462,5,4,0,1,DEFENSE_INCOMPLETE,NO
2024-25,0022400909,4,464,464,4,5,1,0,OFFENSE_INCOMPLETE,NO
2024-25,0022400909,4,466,467,5,4,0,1,DEFENSE_INCOMPLETE,NO
2024-25,0022400909,4,468,468,4,5,1,0,OFFENSE_INCOMPLETE,NO
2024-25,0022400909,4,470,470,5,4,0,1,DEFENSE_INCOMPLETE,NO
2024-25,0022400909,4,474,479,4,5,1,0,OFFENSE_INCOMPLETE,NO
2024-25,0022400930,2,164,169,5,4,0,1,DEFENSE_INCOMPLETE,NO
2024-25,0022400930,2,170,170,4,5,1,0,OFFENSE_INCOMPLETE,NO
2024-25,0022400930,2,172,186,5,4,0,1,DEFENSE_INCOMPLETE,NO
2024-25,0022400934,3,439,443,5,4,0,1,DEFENSE_INCOMPLETE,NO
2024-25,0022400934,3,446,446,4,5,1,0,OFFENSE_INCOMPLETE,NO
2024-25,0022400934,3,447,447,5,4,0,1,DEFENSE_INCOMPLETE,NO
2024-25,0022400934,3,449,449,4,5,1,0,OFFENSE_INCOMPLETE,NO
2024-25,0022400934,3,453,453,5,4,0,1,DEFENSE_INCOMPLETE,NO
2024-25,0022400934,3,454,455,4,5,1,0,OFFENSE_INCOMPLETE,NO
2024-25,0022400934,3,456,457,5,4,0,1,DEFENSE_INCOMPLETE,NO
2024-25,0022400934,3,460,461,4,5,1,0,OFFENSE_INCOMPLETE,NO
2024-25,0022400934,3,462,462,5,4,0,1,DEFENSE_INCOMPLETE,NO
2024-25,0022400934,3,464,471,4,5,1,0,OFFENSE_INCOMPLETE,NO
2024-25,0022400934,3,472,474,5,4,0,1,DEFENSE_INCOMPLETE,NO
2024-25,0022400936,2,261,262,4,5,1,0,OFFENSE_INCOMPLETE,NO
2024-25,0022400936,2,263,265,5,4,0,1,DEFENSE_INCOMPLETE,NO
2024-25,0022400936,2,267,268,4,5,1,0,OFFENSE_INCOMPLETE,NO
2024-25,0022400936,2,269,269,5,4,0,1,DEFENSE_INCOMPLETE,NO
2024-25,0022400936,2,279,279,5,4,0,1,DEFENSE_INCOMPLETE,NO
2024-25,0022400936,2,280,280,4,5,1,0,OFFENSE_INCOMPLETE,NO
2024-25,0022400936,2,282,282,5,4,0,1,DEFENSE_INCOMPLETE,NO
2024-25,0022400936,2,284,284,4,5,1,0,OFFENSE_INCOMPLETE,NO
2024-25,0022400936,2,285,286,5,4,0,1,DEFENSE_INCOMPLETE,NO
2024-25,0022400936,2,287,287,4,5,1,0,OFFENSE_INCOMPLETE,NO
2024-25,0022400936,2,289,289,5,4,0,1,DEFENSE_INCOMPLETE,NO
2024-25,0022400942,3,319,320,4,5,1,0,OFFENSE_INCOMPLETE,NO
2024-25,0022400942,3,321,325,5,4,0,1,DEFENSE_INCOMPLETE,NO
2024-25,0022400942,3,326,327,4,5,1,0,OFFENSE_INCOMPLETE,NO
2024-25,0022400942,3,328,328,5,4,0,1,DEFENSE_INCOMPLETE,NO
2024-25,0022400942,3,330,330,4,5,1,0,OFFENSE_INCOMPLETE,NO
2024-25,0022400942,3,332,332,5,4,0,1,DEFENSE_INCOMPLETE,NO
2024-25,0022400942,3,334,336,4,5,1,0,OFFENSE_INCOMPLETE,NO
2024-25,0022400942,3,338,338,5,4,0,1,DEFENSE_INCOMPLETE,NO
2024-25,0022400942,3,340,340,4,5,1,0,OFFENSE_INCOMPLETE,NO
2024-25,0022400942,3,342,347,5,4,0,1,DEFENSE_INCOMPLETE,NO
2024-25,0022400953,4,642,642,5,4,0,1,DEFENSE_INCOMPLETE,NO
2024-25,0022400953,4,643,646,4,5,1,0,OFFENSE_INCOMPLETE,NO
2024-25,0022400953,5,758,758,4,5,1,0,OFFENSE_INCOMPLETE,NO
2024-25,0022400957,3,393,396,5,4,0,1,DEFENSE_INCOMPLETE,NO
2024-25,0022400957,3,397,397,4,5,1,0,OFFENSE_INCOMPLETE,NO
2024-25,0022400957,3,401,408,5,4,0,1,DEFENSE_INCOMPLETE,NO
2024-25,0022400957,3,409,410,4,5,1,0,OFFENSE_INCOMPLETE,NO
2024-25,0022400957,3,413,418,5,4,0,1,DEFENSE_INCOMPLETE,NO
2024-25,0022400957,3,419,420,4,5,1,0,OFFENSE_INCOMPLETE,NO
2024-25,0022400957,3,421,422,5,4,0,1,DEFENSE_INCOMPLETE,NO
2024-25,0022400957,3,423,423,4,5,1,0,OFFENSE_INCOMPLETE,NO
2024-25,0022400957,3,429,429,5,4,0,1,DEFENSE_INCOMPLETE,NO
2024-25,0022400957,3,431,431,4,5,1,0,OFFENSE_INCOMPLETE,NO
2024-25,0022400957,3,436,438,5,4,0,1,DEFENSE_INCOMPLETE,NO
2024-25,0022400957,3,439,439,4,5,1,0,OFFENSE_INCOMPLETE,NO
2024-25,0022400957,3,440,441,5,4,0,1,DEFENSE_INCOMPLETE,NO
2024-25,0022400957,3,442,442,4,5,1,0,OFFENSE_INCOMPLETE,NO
2024-25,0022400957,3,446,448,5,4,0,1,DEFENSE_INCOMPLETE,NO
2024-25,0022400957,3,449,449,4,5,1,0,OFFENSE_INCOMPLETE,NO
2024-25,0022400957,3,451,451,5,4,0,1,DEFENSE_INCOMPLETE,NO
2024-25,0022400957,3,455,463,4,5,1,0,OFFENSE_INCOMPLETE,NO
2024-25,0022400969,4,691,692,4,5,1,0,OFFENSE_INCOMPLETE,NO
2024-25,0022400973,3,423,424,5,4,0,1,DEFENSE_INCOMPLETE,NO
2024-25,0022400973,3,425,425,4,5,1,0,OFFENSE_INCOMPLETE,NO
2024-25,0022400973,3,434,436,5,4,0,1,DEFENSE_INCOMPLETE,NO
2024-25,0022400973,3,437,437,4,5,1,0,OFFENSE_INCOMPLETE,NO
2024-25,0022400973,3,439,439,5,4,0,1,DEFENSE_INCOMPLETE,NO
2024-25,0022400973,3,442,444,4,5,1,0,OFFENSE_INCOMPLETE,NO
2024-25,0022400973,3,445,445,5,4,0,1,DEFENSE_INCOMPLETE,NO
2024-25,0022400973,3,446,446,4,5,1,0,OFFENSE_INCOMPLETE,NO
2024-25,0022400973,3,448,449,5,4,0,1,DEFENSE_INCOMPLETE,NO
2024-25,0022400973,3,450,450,4,5,1,0,OFFENSE_INCOMPLETE,NO
2024-25,0022400973,3,453,453,5,4,0,1,DEFENSE_INCOMPLETE,NO
2024-25,0022400973,3,455,458,4,5,1,0,OFFENSE_INCOMPLETE,NO
2024-25,0022400973,3,461,466,5,4,0,1,DEFENSE_INCOMPLETE,NO
2024-25,0022400973,3,467,467,4,5,1,0,OFFENSE_INCOMPLETE,NO
2024-25,0022400973,3,468,469,5,4,0,1,DEFENSE_INCOMPLETE,NO
2024-25,0022400973,3,470,472,4,5,1,0,OFFENSE_INCOMPLETE,NO
2024-25,0022400973,3,473,474,5,4,0,1,DEFENSE_INCOMPLETE,NO
2024-25,0022400973,3,475,475,4,5,1,0,OFFENSE_INCOMPLETE,NO
2024-25,0022400973,3,477,479,5,4,0,1,DEFENSE_INCOMPLETE,NO
2024-25,0022400973,3,485,485,4,5,1,0,OFFENSE_INCOMPLETE,NO
2024-25,0022400973,3,486,491,5,4,0,1,DEFENSE_INCOMPLETE,NO
2024-25,0022400973,3,492,492,4,5,1,0,OFFENSE_INCOMPLETE,NO
2024-25,0022400973,3,496,497,5,4,0,1,DEFENSE_INCOMPLETE,NO
2024-25,0022400973,3,500,505,4,5,1,0,OFFENSE_INCOMPLETE,NO
2024-25,0022400973,3,506,507,5,4,0,1,DEFENSE_INCOMPLETE,NO
2024-25,0022400973,3,508,508,4,5,1,0,OFFENSE_INCOMPLETE,NO
2024-25,0022400985,2,314,315,5,4,0,1,DEFENSE_INCOMPLETE,NO
2024-25,0022400985,2,316,316,4,5,1,0,OFFENSE_INCOMPLETE,NO
2024-25,0022400985,2,320,320,5,4,0,1,DEFENSE_INCOMPLETE,NO
2024-25,0022400985,2,321,321,4,5,1,0,OFFENSE_INCOMPLETE,NO
2024-25,0022400985,2,322,323,5,4,0,1,DEFENSE_INCOMPLETE,NO
2024-25,0022400985,2,324,324,4,5,1,0,OFFENSE_INCOMPLETE,NO
2024-25,0022400985,2,326,327,5,4,0,1,DEFENSE_INCOMPLETE,NO
2024-25,0022400985,2,332,333,4,5,1,0,OFFENSE_INCOMPLETE,NO
2024-25,0022400985,2,334,334,5,4,0,1,DEFENSE_INCOMPLETE,NO
2024-25,0022400985,2,336,336,4,5,1,0,OFFENSE_INCOMPLETE,NO
2024-25,0022400985,2,337,341,5,4,0,1,DEFENSE_INCOMPLETE,NO
2024-25,0022400985,2,342,342,4,5,1,0,OFFENSE_INCOMPLETE,NO
2024-25,0022400985,2,343,345,5,4,0,1,DEFENSE_INCOMPLETE,NO
2024-25,0022400985,3,357,357,4,5,1,0,OFFENSE_INCOMPLETE,NO
2024-25,0022400985,3,358,358,5,4,0,1,DEFENSE_INCOMPLETE,NO
2024-25,0022400985,3,361,361,4,5,1,0,OFFENSE_INCOMPLETE,NO
2024-25,0022400985,3,362,362,5,4,0,1,DEFENSE_INCOMPLETE,NO
2024-25,0022400985,3,364,364,4,5,1,0,OFFENSE_INCOMPLETE,NO
2024-25,0022400985,3,366,366,5,4,0,1,DEFENSE_INCOMPLETE,NO
2024-25,0022400985,3,367,367,4,5,1,0,OFFENSE_INCOMPLETE,NO
2024-25,0022400986,3,414,414,5,4,0,1,DEFENSE_INCOMPLETE,NO
2024-25,0022400986,3,417,417,4,5,1,0,OFFENSE_INCOMPLETE,NO
2024-25,0022400986,3,419,419,5,4,0,1,DEFENSE_INCOMPLETE,NO
2024-25,0022400986,3,510,512,4,5,1,0,OFFENSE_INCOMPLETE,NO
2024-25,0022400986,3,513,513,5,4,0,1,DEFENSE_INCOMPLETE,NO
2024-25,0022400986,3,515,515,4,5,1,0,OFFENSE_INCOMPLETE,NO
2024-25,0022400986,3,518,523,5,4,0,1,DEFENSE_INCOMPLETE,NO
2024-25,0022400986,3,524,524,4,5,1,0,OFFENSE_INCOMPLETE,NO
2024-25,0022400986,3,527,528,5,4,0,1,DEFENSE_INCOMPLETE,NO
2024-25,0022400986,3,529,532,4,5,1,0,OFFENSE_INCOMPLETE,NO
2024-25,0022400988,2,182,182,4,5,1,0,OFFENSE_INCOMPLETE,NO
2024-25,0022400988,2,183,184,5,4,0,1,DEFENSE_INCOMPLETE,NO
2024-25,0022400988,2,185,185,4,5,1,0,OFFENSE_INCOMPLETE,NO
2024-25,0022400988,2,186,188,5,4,0,1,DEFENSE_INCOMPLETE,NO
2024-25,0022400988,2,189,192,4,5,1,0,OFFENSE_INCOMPLETE,NO
2024-25,0022400988,2,193,193,5,4,0,1,DEFENSE_INCOMPLETE,NO
2024-25,0022400988,2,195,195,4,5,1,0,OFFENSE_INCOMPLETE,NO
2024-25,0022400988,2,197,202,5,4,0,1,DEFENSE_INCOMPLETE,NO
2024-25,0022400988,2,203,204,4,5,1,0,OFFENSE_INCOMPLETE,NO
2024-25,0022400988,2,205,206,5,4,0,1,DEFENSE_INCOMPLETE,NO
2024-25,0022400988,2,207,207,4,5,1,0,OFFENSE_INCOMPLETE,NO
2024-25,0022400988,2,209,209,5,4,0,1,DEFENSE_INCOMPLETE,NO
2024-25,0022400989,4,544,544,5,4,0,1,DEFENSE_INCOMPLETE,NO
2024-25,0022400989,4,548,549,4,5,1,0,OFFENSE_INCOMPLETE,NO
2024-25,0022400989,4,550,551,5,4,0,1,DEFENSE_INCOMPLETE,NO
2024-25,0022400989,4,556,557,5,4,0,1,DEFENSE_INCOMPLETE,NO
2024-25,0022400989,4,560,560,4,5,1,0,OFFENSE_INCOMPLETE,NO
2024-25,0022400989,4,563,567,5,4,0,1,DEFENSE_INCOMPLETE,NO
2024-25,0022401004,1,84,84,4,5,1,0,OFFENSE_INCOMPLETE,NO
2024-25,0022401004,1,86,87,5,4,0,1,DEFENSE_INCOMPLETE,NO
2024-25,0022401004,1,88,88,4,5,1,0,OFFENSE_INCOMPLETE,NO
2024-25,0022401004,1,90,90,5,4,0,1,DEFENSE_INCOMPLETE,NO
2024-25,0022401004,1,93,98,4,5,1,0,OFFENSE_INCOMPLETE,NO
2024-25,0022401004,1,101,105,5,4,0,1,DEFENSE_INCOMPLETE,NO
2024-25,0022401004,1,106,107,4,5,1,0,OFFENSE_INCOMPLETE,NO
2024-25,0022401004,1,108,109,5,4,0,1,DEFENSE_INCOMPLETE,NO
2024-25,0022401004,1,110,110,4,5,1,0,OFFENSE_INCOMPLETE,NO
2024-25,0022401004,1,112,113,5,4,0,1,DEFENSE_INCOMPLETE,NO
2024-25,0022401004,1,114,114,4,5,1,0,OFFENSE_INCOMPLETE,NO
2024-25,0022401004,1,116,117,5,4,0,1,DEFENSE_INCOMPLETE,NO
2024-25,0022401004,1,118,118,4,5,1,0,OFFENSE_INCOMPLETE,NO
2024-25,0022401005,4,712,712,4,5,1,0,OFFENSE_INCOMPLETE,NO
2024-25,0022401005,4,722,723,5,4,0,1,DEFENSE_INCOMPLETE,NO
2024-25,0022401005,4,727,727,4,5,1,0,OFFENSE_INCOMPLETE,NO
2024-25,0022401005,4,731,733,5,4,0,1,DEFENSE_INCOMPLETE,NO
2024-25,0022401015,1,135,135,4,5,1,0,OFFENSE_INCOMPLETE,NO
2024-25,0022401015,1,137,141,5,4,0,1,DEFENSE_INCOMPLETE,NO
2024-25,0022401016,3,323,323,5,4,0,1,DEFENSE_INCOMPLETE,NO
2024-25,0022401016,3,325,326,4,5,1,0,OFFENSE_INCOMPLETE,NO
2024-25,0022401016,3,332,332,5,4,0,1,DEFENSE_INCOMPLETE,NO
2024-25,0022401016,3,333,333,4,5,1,0,OFFENSE_INCOMPLETE,NO
2024-25,0022401016,3,335,335,5,4,0,1,DEFENSE_INCOMPLETE,NO
2024-25,0022401016,3,337,337,4,5,1,0,OFFENSE_INCOMPLETE,NO
2024-25,0022401016,3,339,339,5,4,0,1,DEFENSE_INCOMPLETE,NO
2024-25,0022401016,3,341,341,4,5,1,0,OFFENSE_INCOMPLETE,NO
2024-25,0022401016,3,344,345,5,4,0,1,DEFENSE_INCOMPLETE,NO
2024-25,0022401016,3,346,346,4,5,1,0,OFFENSE_INCOMPLETE,NO
2024-25,0022401016,3,349,349,5,4,0,1,DEFENSE_INCOMPLETE,NO
2024-25,0022401016,3,351,351,4,5,1,0,OFFENSE_INCOMPLETE,NO
2024-25,0022401016,3,353,357,5,4,0,1,DEFENSE_INCOMPLETE,NO
2024-25,0022401016,3,358,359,4,5,1,0,OFFENSE_INCOMPLETE,NO
2024-25,0022401016,3,360,361,5,4,0,1,DEFENSE_INCOMPLETE,NO
2024-25,0022401016,3,362,362,4,5,1,0,OFFENSE_INCOMPLETE,NO
2024-25,0022401016,3,364,364,5,4,0,1,DEFENSE_INCOMPLETE,NO
2024-25,0022401016,3,370,371,4,5,1,0,OFFENSE_INCOMPLETE,NO
2024-25,0022401016,3,372,375,5,4,0,1,DEFENSE_INCOMPLETE,NO
2024-25,0022401016,3,378,379,4,5,1,0,OFFENSE_INCOMPLETE,NO
2024-25,0022401016,3,382,386,5,4,0,1,DEFENSE_INCOMPLETE,NO
2024-25,0022401016,3,387,387,4,5,1,0,OFFENSE_INCOMPLETE,NO
2024-25,0022401016,3,389,389,5,4,0,1,DEFENSE_INCOMPLETE,NO
2024-25,0022401016,3,392,393,4,5,1,0,OFFENSE_INCOMPLETE,NO
2024-25,0022401016,3,400,401,5,4,0,1,DEFENSE_INCOMPLETE,NO
2024-25,0022401016,3,402,402,4,5,1,0,OFFENSE_INCOMPLETE,NO
2024-25,0022401016,3,404,404,5,4,0,1,DEFENSE_INCOMPLETE,NO
2024-25,0022401016,3,408,408,4,5,1,0,OFFENSE_INCOMPLETE,NO
2024-25,0022401016,3,413,414,4,5,1,0,OFFENSE_INCOMPLETE,NO
2024-25,0022401016,3,415,415,5,4,0,1,DEFENSE_INCOMPLETE,NO
2024-25,0022401016,3,417,417,4,5,1,0,OFFENSE_INCOMPLETE,NO
2024-25,0022401016,3,419,420,5,4,0,1,DEFENSE_INCOMPLETE,NO
2024-25,0022401016,3,421,422,4,5,1,0,OFFENSE_INCOMPLETE,NO
2024-25,0022401016,3,423,423,5,4,0,1,DEFENSE_INCOMPLETE,NO
2024-25,0022401026,3,456,456,4,5,1,0,OFFENSE_INCOMPLETE,NO
2024-25,0022401026,3,458,458,5,4,0,1,DEFENSE_INCOMPLETE,NO
2024-25,0022401026,3,459,459,5,4,0,1,DEFENSE_INCOMPLETE,NO
2024-25,0022401026,3,460,461,4,5,1,0,OFFENSE_INCOMPLETE,NO
2024-25,0022401026,3,463,463,5,4,0,1,DEFENSE_INCOMPLETE,NO
2024-25,0022401029,3,352,352,5,4,0,1,DEFENSE_INCOMPLETE,NO
2024-25,0022401029,3,450,450,4,5,1,0,OFFENSE_INCOMPLETE,NO
2024-25,0022401029,3,452,452,4,5,1,0,OFFENSE_INCOMPLETE,NO
2024-25,0022401029,3,454,456,5,4,0,1,DEFENSE_INCOMPLETE,NO
2024-25,0022401029,3,457,457,4,5,1,0,OFFENSE_INCOMPLETE,NO
2024-25,0022401029,3,459,459,5,4,0,1,DEFENSE_INCOMPLETE,NO
2024-25,0022401029,3,461,461,4,5,1,0,OFFENSE_INCOMPLETE,NO
2024-25,0022401029,3,463,463,5,4,0,1,DEFENSE_INCOMPLETE,NO
2024-25,0022401029,3,465,466,4,5,1,0,OFFENSE_INCOMPLETE,NO
2024-25,0022401029,3,467,468,5,4,0,1,DEFENSE_INCOMPLETE,NO
2024-25,0022401029,3,469,470,4,5,1,0,OFFENSE_INCOMPLETE,NO
2024-25,0022401029,3,471,471,5,4,0,1,DEFENSE_INCOMPLETE,NO
2024-25,0022401033,3,363,366,5,4,0,1,DEFENSE_INCOMPLETE,NO
2024-25,0022401033,3,368,368,4,5,1,0,OFFENSE_INCOMPLETE,NO
2024-25,0022401033,3,369,369,5,4,0,1,DEFENSE_INCOMPLETE,NO
2024-25,0022401033,3,374,375,4,5,1,0,OFFENSE_INCOMPLETE,NO
2024-25,0022401033,3,376,377,5,4,0,1,DEFENSE_INCOMPLETE,NO
2024-25,0022401033,3,380,381,4,5,1,0,OFFENSE_INCOMPLETE,NO
2024-25,0022401033,3,382,384,5,4,0,1,DEFENSE_INCOMPLETE,NO
2024-25,0022401033,3,385,385,4,5,1,0,OFFENSE_INCOMPLETE,NO
2024-25,0022401033,3,389,391,5,4,0,1,DEFENSE_INCOMPLETE,NO
2024-25,0022401033,3,393,393,4,5,1,0,OFFENSE_INCOMPLETE,NO
2024-25,0022401033,3,394,394,5,4,0,1,DEFENSE_INCOMPLETE,NO
2024-25,0022401033,3,397,398,4,5,1,0,OFFENSE_INCOMPLETE,NO
2024-25,0022401033,3,401,403,5,4,0,1,DEFENSE_INCOMPLETE,NO
2024-25,0022401033,3,404,404,4,5,1,0,OFFENSE_INCOMPLETE,NO
2024-25,0022401033,3,405,405,5,4,0,1,DEFENSE_INCOMPLETE,NO
2024-25,0022401033,3,410,411,4,5,1,0,OFFENSE_INCOMPLETE,NO
2024-25,0022401033,3,412,412,5,4,0,1,DEFENSE_INCOMPLETE,NO
2024-25,0022401033,3,414,414,4,5,1,0,OFFENSE_INCOMPLETE,NO
2024-25,0022401033,3,416,416,5,4,0,1,DEFENSE_INCOMPLETE,NO
2024-25,0022401033,3,420,421,4,5,1,0,OFFENSE_INCOMPLETE,NO
2024-25,0022401033,3,422,425,5,4,0,1,DEFENSE_INCOMPLETE,NO
2024-25,0022401033,3,430,430,4,5,1,0,OFFENSE_INCOMPLETE,NO
2024-25,0022401033,3,433,434,5,4,0,1,DEFENSE_INCOMPLETE,NO
2024-25,0022401033,3,435,439,4,5,1,0,OFFENSE_INCOMPLETE,NO
2024-25,0022401033,3,440,440,5,4,0,1,DEFENSE_INCOMPLETE,NO
2024-25,0022401033,3,442,442,4,5,1,0,OFFENSE_INCOMPLETE,NO
2024-25,0022401033,3,452,452,5,4,0,1,DEFENSE_INCOMPLETE,NO
2024-25,0022401033,3,454,454,4,5,1,0,OFFENSE_INCOMPLETE,NO
2024-25,0022401033,3,456,456,5,4,0,1,DEFENSE_INCOMPLETE,NO
2024-25,0022401033,3,460,461,4,5,1,0,OFFENSE_INCOMPLETE,NO
2024-25,0022401033,3,462,467,5,4,0,1,DEFENSE_INCOMPLETE,NO
2024-25,0022401033,3,471,473,4,5,1,0,OFFENSE_INCOMPLETE,NO
2024-25,0022401036,3,452,453,4,5,1,0,OFFENSE_INCOMPLETE,NO
2024-25,0022401036,3,454,458,5,4,0,1,DEFENSE_INCOMPLETE,NO
2024-25,0022401036,3,460,462,4,5,1,0,OFFENSE_INCOMPLETE,NO
2024-25,0022401036,3,464,481,5,4,0,1,DEFENSE_INCOMPLETE,NO
2024-25,0022401047,3,422,425,4,5,1,0,OFFENSE_INCOMPLETE,NO
2024-25,0022401047,3,427,428,5,4,0,1,DEFENSE_INCOMPLETE,NO
2024-25,0022401047,3,431,436,4,5,1,0,OFFENSE_INCOMPLETE,NO
2024-25,0022401047,3,437,443,5,4,0,1,DEFENSE_INCOMPLETE,NO
2024-25,0022401055,3,446,446,5,4,0,1,DEFENSE_INCOMPLETE,NO
2024-25,0022401055,3,448,449,4,5,1,0,OFFENSE_INCOMPLETE,NO
2024-25,0022401055,3,450,450,5,4,0,1,DEFENSE_INCOMPLETE,NO
2024-25,0022401055,3,452,454,4,5,1,0,OFFENSE_INCOMPLETE,NO
2024-25,0022401055,3,458,464,5,4,0,1,DEFENSE_INCOMPLETE,NO
2024-25,0022401066,4,624,628,4,5,1,0,OFFENSE_INCOMPLETE,NO
2024-25,0022401066,4,629,629,5,4,0,1,DEFENSE_INCOMPLETE,NO
2024-25,0022401073,1,163,165,5,4,0,1,DEFENSE_INCOMPLETE,NO
2024-25,0022401073,1,146,146,4,5,1,0,OFFENSE_INCOMPLETE,NO
2024-25,0022401073,1,147,147,5,4,0,1,DEFENSE_INCOMPLETE,NO
2024-25,0022401073,1,149,149,4,5,1,0,OFFENSE_INCOMPLETE,NO
2024-25,0022401073,1,151,151,5,4,0,1,DEFENSE_INCOMPLETE,NO
2024-25,0022401073,1,153,154,4,5,1,0,OFFENSE_INCOMPLETE,NO
2024-25,0022401073,1,155,156,5,4,0,1,DEFENSE_INCOMPLETE,NO
2024-25,0022401073,1,157,158,4,5,1,0,OFFENSE_INCOMPLETE,NO
2024-25,0022401073,1,159,162,5,4,0,1,DEFENSE_INCOMPLETE,NO
2024-25,0022401073,2,173,180,5,4,0,1,DEFENSE_INCOMPLETE,NO
2024-25,0022401073,2,181,181,4,5,1,0,OFFENSE_INCOMPLETE,NO
2024-25,0022401073,2,183,183,5,4,0,1,DEFENSE_INCOMPLETE,NO
2024-25,0022401073,2,186,186,4,5,1,0,OFFENSE_INCOMPLETE,NO
2024-25,0022401073,2,188,188,5,4,0,1,DEFENSE_INCOMPLETE,NO
2024-25,0022401073,2,190,190,4,5,1,0,OFFENSE_INCOMPLETE,NO
2024-25,0022401073,2,192,193,5,4,0,1,DEFENSE_INCOMPLETE,NO
2024-25,0022401073,2,196,196,4,5,1,0,OFFENSE_INCOMPLETE,NO
2024-25,0022401073,2,199,199,5,4,0,1,DEFENSE_INCOMPLETE,NO
2024-25,0022401073,2,201,201,4,5,1,0,OFFENSE_INCOMPLETE,NO
2024-25,0022401073,2,203,203,5,4,0,1,DEFENSE_INCOMPLETE,NO
2024-25,0022401073,2,205,205,4,5,1,0,OFFENSE_INCOMPLETE,NO
2024-25,0022401073,2,206,215,5,4,0,1,DEFENSE_INCOMPLETE,NO
2024-25,0022401073,2,216,217,4,5,1,0,OFFENSE_INCOMPLETE,NO
2024-25,0022401073,2,218,221,5,4,0,1,DEFENSE_INCOMPLETE,NO
2024-25,0022401073,2,222,222,4,5,1,0,OFFENSE_INCOMPLETE,NO
2024-25,0022401073,2,223,223,5,4,0,1,DEFENSE_INCOMPLETE,NO
2024-25,0022401073,2,225,226,4,5,1,0,OFFENSE_INCOMPLETE,NO
2024-25,0022401073,2,227,227,5,4,0,1,DEFENSE_INCOMPLETE,NO
2024-25,0022401073,2,238,238,4,5,1,0,OFFENSE_INCOMPLETE,NO
2024-25,0022401073,2,240,240,5,4,0,1,DEFENSE_INCOMPLETE,NO
2024-25,0022401073,2,242,242,4,5,1,0,OFFENSE_INCOMPLETE,NO
2024-25,0022401073,2,244,245,5,4,0,1,DEFENSE_INCOMPLETE,NO
2024-25,0022401073,2,250,250,4,5,1,0,OFFENSE_INCOMPLETE,NO
2024-25,0022401073,2,251,251,5,4,0,1,DEFENSE_INCOMPLETE,NO
2024-25,0022401073,2,253,253,4,5,1,0,OFFENSE_INCOMPLETE,NO
2024-25,0022401073,2,255,256,5,4,0,1,DEFENSE_INCOMPLETE,NO
2024-25,0022401073,2,264,265,4,5,1,0,OFFENSE_INCOMPLETE,NO
2024-25,0022401073,2,266,267,5,4,0,1,DEFENSE_INCOMPLETE,NO
2024-25,0022401073,2,268,269,4,5,1,0,OFFENSE_INCOMPLETE,NO
2024-25,0022401073,2,270,271,5,4,0,1,DEFENSE_INCOMPLETE,NO
2024-25,0022401073,2,272,283,4,5,1,0,OFFENSE_INCOMPLETE,NO
2024-25,0022401073,3,358,361,4,5,1,0,OFFENSE_INCOMPLETE,NO
2024-25,0022401073,3,362,363,5,4,0,1,DEFENSE_INCOMPLETE,NO
2024-25,0022401073,3,364,364,4,5,1,0,OFFENSE_INCOMPLETE,NO
2024-25,0022401073,3,367,370,5,4,0,1,DEFENSE_INCOMPLETE,NO
2024-25,0022401073,3,371,372,4,5,1,0,OFFENSE_INCOMPLETE,NO
2024-25,0022401073,3,375,376,5,4,0,1,DEFENSE_INCOMPLETE,NO
2024-25,0022401073,3,377,377,4,5,1,0,OFFENSE_INCOMPLETE,NO
2024-25,0022401073,3,379,379,5,4,0,1,DEFENSE_INCOMPLETE,NO
2024-25,0022401073,3,381,392,4,5,1,0,OFFENSE_INCOMPLETE,NO
2024-25,0022401073,3,393,393,5,4,0,1,DEFENSE_INCOMPLETE,NO
2024-25,0022401073,3,395,395,4,5,1,0,OFFENSE_INCOMPLETE,NO
2024-25,0022401073,3,396,397,5,4,0,1,DEFENSE_INCOMPLETE,NO
2024-25,0022401073,3,398,398,4,5,1,0,OFFENSE_INCOMPLETE,NO
2024-25,0022401073,3,400,400,5,4,0,1,DEFENSE_INCOMPLETE,NO
2024-25,0022401073,3,404,407,4,5,1,0,OFFENSE_INCOMPLETE,NO
2024-25,0022401073,3,408,410,5,4,0,1,DEFENSE_INCOMPLETE,NO
2024-25,0022401073,3,411,411,4,5,1,0,OFFENSE_INCOMPLETE,NO
2024-25,0022401073,3,413,413,5,4,0,1,DEFENSE_INCOMPLETE,NO
2024-25,0022401073,3,418,419,4,5,1,0,OFFENSE_INCOMPLETE,NO
2024-25,0022401073,3,420,420,5,4,0,1,DEFENSE_INCOMPLETE,NO
2024-25,0022401073,3,422,424,4,5,1,0,OFFENSE_INCOMPLETE,NO
2024-25,0022401073,3,427,432,5,4,0,1,DEFENSE_INCOMPLETE,NO
2024-25,0022401073,3,433,433,4,5,1,0,OFFENSE_INCOMPLETE,NO
2024-25,0022401073,3,435,435,5,4,0,1,DEFENSE_INCOMPLETE,NO
2024-25,0022401073,3,436,436,4,5,1,0,OFFENSE_INCOMPLETE,NO
2024-25,0022401073,3,442,444,5,4,0,1,DEFENSE_INCOMPLETE,NO
2024-25,0022401073,3,445,446,4,5,1,0,OFFENSE_INCOMPLETE,NO
2024-25,0022401073,3,447,447,5,4,0,1,DEFENSE_INCOMPLETE,NO
2024-25,0022401073,3,451,453,4,5,1,0,OFFENSE_INCOMPLETE,NO
2024-25,0022401073,3,454,455,5,4,0,1,DEFENSE_INCOMPLETE,NO
2024-25,0022401073,3,456,457,4,5,1,0,OFFENSE_INCOMPLETE,NO
2024-25,0022401079,4,608,608,4,5,1,0,OFFENSE_INCOMPLETE,NO
2024-25,0022401079,4,612,613,5,4,0,1,DEFENSE_INCOMPLETE,NO
2024-25,0022401079,4,623,625,4,5,1,0,OFFENSE_INCOMPLETE,NO
2024-25,0022401079,4,616,616,5,4,0,1,DEFENSE_INCOMPLETE,NO
2024-25,0022401079,4,618,638,4,5,1,0,OFFENSE_INCOMPLETE,NO
2024-25,0022401091,3,311,311,5,4,0,1,DEFENSE_INCOMPLETE,NO
2024-25,0022401091,3,313,314,4,5,1,0,OFFENSE_INCOMPLETE,NO
2024-25,0022401091,3,315,316,5,4,0,1,DEFENSE_INCOMPLETE,NO
2024-25,0022401091,3,317,318,4,5,1,0,OFFENSE_INCOMPLETE,NO
2024-25,0022401091,3,319,319,5,4,0,1,DEFENSE_INCOMPLETE,NO
2024-25,0022401091,3,321,321,4,5,1,0,OFFENSE_INCOMPLETE,NO
2024-25,0022401091,3,323,323,5,4,0,1,DEFENSE_INCOMPLETE,NO
2024-25,0022401091,3,324,324,4,5,1,0,OFFENSE_INCOMPLETE,NO
2024-25,0022401091,3,325,333,5,4,0,1,DEFENSE_INCOMPLETE,NO
2024-25,0022401091,3,335,335,4,5,1,0,OFFENSE_INCOMPLETE,NO
2024-25,0022401091,3,338,338,5,4,0,1,DEFENSE_INCOMPLETE,NO
2024-25,0022401091,3,353,355,4,5,1,0,OFFENSE_INCOMPLETE,NO
2024-25,0022401091,3,342,342,5,4,0,1,DEFENSE_INCOMPLETE,NO
2024-25,0022401091,3,343,344,4,5,1,0,OFFENSE_INCOMPLETE,NO
2024-25,0022401091,3,347,348,5,4,0,1,DEFENSE_INCOMPLETE,NO
2024-25,0022401091,3,349,350,4,5,1,0,OFFENSE_INCOMPLETE,NO
2024-25,0022401091,3,356,356,5,4,0,1,DEFENSE_INCOMPLETE,NO
2024-25,0022401091,3,358,359,4,5,1,0,OFFENSE_INCOMPLETE,NO
2024-25,0022401091,3,362,364,5,4,0,1,DEFENSE_INCOMPLETE,NO
2024-25,0022401091,3,365,365,4,5,1,0,OFFENSE_INCOMPLETE,NO
2024-25,0022401091,3,367,368,5,4,0,1,DEFENSE_INCOMPLETE,NO
2024-25,0022401091,3,371,374,4,5,1,0,OFFENSE_INCOMPLETE,NO
2024-25,0022401091,3,375,377,5,4,0,1,DEFENSE_INCOMPLETE,NO
2024-25,0022401091,3,384,388,4,5,1,0,OFFENSE_INCOMPLETE,NO
2024-25,0022401091,3,390,390,5,4,0,1,DEFENSE_INCOMPLETE,NO
2024-25,0022401091,3,392,392,4,5,1,0,OFFENSE_INCOMPLETE,NO
2024-25,0022401091,3,394,395,5,4,0,1,DEFENSE_INCOMPLETE,NO
2024-25,0022401091,3,396,396,4,5,1,0,OFFENSE_INCOMPLETE,NO
2024-25,0022401091,3,398,399,5,4,0,1,DEFENSE_INCOMPLETE,NO
2024-25,0022401091,3,405,408,4,5,1,0,OFFENSE_INCOMPLETE,NO
2024-25,0022401091,3,409,409,5,4,0,1,DEFENSE_INCOMPLETE,NO
2024-25,0022401091,3,410,410,4,5,1,0,OFFENSE_INCOMPLETE,NO
2024-25,0022401091,3,412,412,5,4,0,1,DEFENSE_INCOMPLETE,NO
2024-25,0022401102,2,269,269,5,4,0,1,DEFENSE_INCOMPLETE,NO
2024-25,0022401102,3,440,440,4,5,1,0,OFFENSE_INCOMPLETE,NO
2024-25,0022401102,3,442,442,5,4,0,1,DEFENSE_INCOMPLETE,NO
2024-25,0022401102,3,448,450,4,5,1,0,OFFENSE_INCOMPLETE,NO
2024-25,0022401102,3,451,451,5,4,0,1,DEFENSE_INCOMPLETE,NO
2024-25,0022401102,3,453,453,4,5,1,0,OFFENSE_INCOMPLETE,NO
2024-25,0022401102,3,456,458,5,4,0,1,DEFENSE_INCOMPLETE,NO
2024-25,0022401102,3,459,463,4,5,1,0,OFFENSE_INCOMPLETE,NO
2024-25,0022401102,3,466,466,5,4,0,1,DEFENSE_INCOMPLETE,NO
2024-25,0022401102,3,467,467,4,5,1,0,OFFENSE_INCOMPLETE,NO
2024-25,0022401102,3,469,474,5,4,0,1,DEFENSE_INCOMPLETE,NO
2024-25,0022401102,3,475,479,4,5,1,0,OFFENSE_INCOMPLETE,NO
2024-25,0022401102,3,483,484,5,4,0,1,DEFENSE_INCOMPLETE,NO
2024-25,0022401102,3,485,489,4,5,1,0,OFFENSE_INCOMPLETE,NO
2024-25,0022401102,3,495,497,5,4,0,1,DEFENSE_INCOMPLETE,NO
2024-25,0022401115,2,249,249,5,4,0,1,DEFENSE_INCOMPLETE,NO
2024-25,0022401115,2,251,251,4,5,1,0,OFFENSE_INCOMPLETE,NO
2024-25,0022401115,2,253,254,5,4,0,1,DEFENSE_INCOMPLETE,NO
2024-25,0022401115,2,255,255,4,5,1,0,OFFENSE_INCOMPLETE,NO
2024-25,0022401115,2,260,260,5,4,0,1,DEFENSE_INCOMPLETE,NO
2024-25,0022401115,2,262,269,4,5,1,0,OFFENSE_INCOMPLETE,NO
2024-25,0022401115,4,618,618,5,4,0,1,DEFENSE_INCOMPLETE,NO
2024-25,0022401115,4,619,620,4,5,1,0,OFFENSE_INCOMPLETE,NO
2024-25,0022401115,4,621,629,5,4,0,1,DEFENSE_INCOMPLETE,NO
2024-25,0022401115,4,630,630,4,5,1,0,OFFENSE_INCOMPLETE,NO
2024-25,0022401115,4,632,632,5,4,0,1,DEFENSE_INCOMPLETE,NO
2024-25,0022401115,4,633,637,4,5,1,0,OFFENSE_INCOMPLETE,NO
2024-25,0022401115,4,638,638,5,4,0,1,DEFENSE_INCOMPLETE,NO
2024-25,0022401121,4,652,653,4,5,1,0,OFFENSE_INCOMPLETE,NO
2024-25,0022401121,4,654,655,5,4,0,1,DEFENSE_INCOMPLETE,NO
2024-25,0022401121,4,656,656,4,5,1,0,OFFENSE_INCOMPLETE,NO
2024-25,0022401121,4,657,657,5,4,0,1,DEFENSE_INCOMPLETE,NO
2024-25,0022401121,4,659,664,4,5,1,0,OFFENSE_INCOMPLETE,NO
2024-25,0022401121,4,665,668,5,4,0,1,DEFENSE_INCOMPLETE,NO
2024-25,0022401121,4,669,669,4,5,1,0,OFFENSE_INCOMPLETE,NO
2024-25,0022401121,4,670,671,5,4,0,1,DEFENSE_INCOMPLETE,NO
2024-25,0022401121,4,675,678,4,5,1,0,OFFENSE_INCOMPLETE,NO
2024-25,0022401121,4,679,679,5,4,0,1,DEFENSE_INCOMPLETE,NO
2024-25,0022401121,4,681,681,4,5,1,0,OFFENSE_INCOMPLETE,NO
2024-25,0022401121,4,682,683,5,4,0,1,DEFENSE_INCOMPLETE,NO
2024-25,0022401121,4,686,687,4,5,1,0,OFFENSE_INCOMPLETE,NO
2024-25,0022401121,4,688,689,5,4,0,1,DEFENSE_INCOMPLETE,NO
2024-25,0022401121,4,691,691,4,5,1,0,OFFENSE_INCOMPLETE,NO
2024-25,0022401125,2,189,190,4,5,1,0,OFFENSE_INCOMPLETE,NO
2024-25,0022401125,2,191,196,5,4,0,1,DEFENSE_INCOMPLETE,NO
2024-25,0022401125,2,198,200,4,5,1,0,OFFENSE_INCOMPLETE,NO
2024-25,0022401125,2,201,202,5,4,0,1,DEFENSE_INCOMPLETE,NO
2024-25,0022401125,2,203,203,4,5,1,0,OFFENSE_INCOMPLETE,NO
2024-25,0022401125,2,230,230,5,4,0,1,DEFENSE_INCOMPLETE,NO
2024-25,0022401125,2,208,211,4,5,1,0,OFFENSE_INCOMPLETE,NO
2024-25,0022401125,2,212,213,5,4,0,1,DEFENSE_INCOMPLETE,NO
2024-25,0022401125,2,214,215,4,5,1,0,OFFENSE_INCOMPLETE,NO
2024-25,0022401125,2,216,216,5,4,0,1,DEFENSE_INCOMPLETE,NO
2024-25,0022401125,2,218,219,4,5,1,0,OFFENSE_INCOMPLETE,NO
2024-25,0022401125,2,220,225,5,4,0,1,DEFENSE_INCOMPLETE,NO
2024-25,0022401125,2,226,226,4,5,1,0,OFFENSE_INCOMPLETE,NO
2024-25,0022401125,2,228,228,5,4,0,1,DEFENSE_INCOMPLETE,NO
2024-25,0022401125,2,235,236,4,5,1,0,OFFENSE_INCOMPLETE,NO
2024-25,0022401125,2,237,238,5,4,0,1,DEFENSE_INCOMPLETE,NO
2024-25,0022401125,2,239,239,4,5,1,0,OFFENSE_INCOMPLETE,NO
2024-25,0022401125,2,241,241,5,4,0,1,DEFENSE_INCOMPLETE,NO
2024-25,0022401125,2,242,242,4,5,1,0,OFFENSE_INCOMPLETE,NO
2024-25,0022401125,2,244,245,5,4,0,1,DEFENSE_INCOMPLETE,NO
2024-25,0022401125,2,246,247,4,5,1,0,OFFENSE_INCOMPLETE,NO
2024-25,0022401125,2,248,249,5,4,0,1,DEFENSE_INCOMPLETE,NO
2024-25,0022401125,2,250,251,4,5,1,0,OFFENSE_INCOMPLETE,NO
2024-25,0022401125,2,252,252,5,4,0,1,DEFENSE_INCOMPLETE,NO
2024-25,0022401125,2,254,255,4,5,1,0,OFFENSE_INCOMPLETE,NO
2024-25,0022401125,2,256,260,5,4,0,1,DEFENSE_INCOMPLETE,NO
2024-25,0022401129,4,680,683,4,5,1,0,OFFENSE_INCOMPLETE,NO
2024-25,0022401129,4,690,690,5,4,0,1,DEFENSE_INCOMPLETE,NO
2024-25,0022401129,4,697,697,4,5,1,0,OFFENSE_INCOMPLETE,NO
2024-25,0022401129,4,701,702,5,4,0,1,DEFENSE_INCOMPLETE,NO
2024-25,0022401129,4,704,710,4,5,1,0,OFFENSE_INCOMPLETE,NO
2024-25,0022401129,4,715,716,5,4,0,1,DEFENSE_INCOMPLETE,NO
2024-25,0022401129,4,717,719,4,5,1,0,OFFENSE_INCOMPLETE,NO
2024-25,0022401130,3,426,426,4,5,1,0,OFFENSE_INCOMPLETE,NO
2024-25,0022401130,3,428,428,5,4,0,1,DEFENSE_INCOMPLETE,NO
2024-25,0022401130,3,429,430,4,5,1,0,OFFENSE_INCOMPLETE,NO
2024-25,0022401130,3,431,432,5,4,0,1,DEFENSE_INCOMPLETE,NO
2024-25,0022401130,3,435,440,4,5,1,0,OFFENSE_INCOMPLETE,NO
2024-25,0022401140,3,439,439,5,4,0,1,DEFENSE_INCOMPLETE,NO
2024-25,0022401140,3,440,442,4,5,1,0,OFFENSE_INCOMPLETE,NO
2024-25,0022401140,3,443,447,5,4,0,1,DEFENSE_INCOMPLETE,NO
2024-25,0022401140,3,449,449,4,5,1,0,OFFENSE_INCOMPLETE,NO
2024-25,0022401140,3,451,453,5,4,0,1,DEFENSE_INCOMPLETE,NO
2024-25,0022401140,3,454,454,4,5,1,0,OFFENSE_INCOMPLETE,NO
2024-25,0022401140,3,457,461,5,4,0,1,DEFENSE_INCOMPLETE,NO
2024-25,0022401140,3,463,463,4,5,1,0,OFFENSE_INCOMPLETE,NO
2024-25,0022401140,3,465,468,5,4,0,1,DEFENSE_INCOMPLETE,NO
2024-25,0022401141,3,315,315,5,4,0,1,DEFENSE_INCOMPLETE,NO
2024-25,0022401141,3,317,319,4,5,1,0,OFFENSE_INCOMPLETE,NO
2024-25,0022401141,3,321,321,5,4,0,1,DEFENSE_INCOMPLETE,NO
2024-25,0022401141,3,322,323,5,4,0,1,DEFENSE_INCOMPLETE,NO
2024-25,0022401141,3,325,326,4,5,1,0,OFFENSE_INCOMPLETE,NO
2024-25,0022401141,3,327,329,5,4,0,1,DEFENSE_INCOMPLETE,NO
2024-25,0022401141,3,330,334,4,5,1,0,OFFENSE_INCOMPLETE,NO
2024-25,0022401141,3,335,336,5,4,0,1,DEFENSE_INCOMPLETE,NO
2024-25,0022401141,3,337,338,4,5,1,0,OFFENSE_INCOMPLETE,NO
2024-25,0022401141,3,339,340,5,4,0,1,DEFENSE_INCOMPLETE,NO
2024-25,0022401141,3,341,341,4,5,1,0,OFFENSE_INCOMPLETE,NO
2024-25,0022401141,3,342,342,5,4,0,1,DEFENSE_INCOMPLETE,NO
2024-25,0022401141,3,346,347,4,5,1,0,OFFENSE_INCOMPLETE,NO
2024-25,0022401141,3,348,348,5,4,0,1,DEFENSE_INCOMPLETE,NO
2024-25,0022401141,3,350,350,4,5,1,0,OFFENSE_INCOMPLETE,NO
2024-25,0022401141,3,355,356,5,4,0,1,DEFENSE_INCOMPLETE,NO
2024-25,0022401141,3,357,360,4,5,1,0,OFFENSE_INCOMPLETE,NO
2024-25,0022401141,3,363,363,5,4,0,1,DEFENSE_INCOMPLETE,NO
2024-25,0022401141,3,365,369,4,5,1,0,OFFENSE_INCOMPLETE,NO
2024-25,0022401141,3,370,381,5,4,0,1,DEFENSE_INCOMPLETE,NO
2024-25,0022401141,3,383,388,4,5,1,0,OFFENSE_INCOMPLETE,NO
2024-25,0022401141,3,389,391,5,4,0,1,DEFENSE_INCOMPLETE,NO
2024-25,0022401141,3,392,392,4,5,1,0,OFFENSE_INCOMPLETE,NO
2024-25,0022401141,3,394,395,5,4,0,1,DEFENSE_INCOMPLETE,NO
2024-25,0022401141,3,396,397,4,5,1,0,OFFENSE_INCOMPLETE,NO
2024-25,0022401141,3,398,398,5,4,0,1,DEFENSE_INCOMPLETE,NO
2024-25,0022401141,3,400,400,4,5,1,0,OFFENSE_INCOMPLETE,NO
2024-25,0022401141,3,405,407,5,4,0,1,DEFENSE_INCOMPLETE,NO
2024-25,0022401141,3,409,410,4,5,1,0,OFFENSE_INCOMPLETE,NO
2024-25,0022401141,3,411,412,5,4,0,1,DEFENSE_INCOMPLETE,NO
2024-25,0022401148,1,129,129,4,5,1,0,OFFENSE_INCOMPLETE,NO
2024-25,0022401148,1,130,132,5,4,0,1,DEFENSE_INCOMPLETE,NO
2024-25,0022401148,1,135,135,4,5,1,0,OFFENSE_INCOMPLETE,NO
2024-25,0022401148,1,136,137,5,4,0,1,DEFENSE_INCOMPLETE,NO
2024-25,0022401148,1,138,146,4,5,1,0,OFFENSE_INCOMPLETE,NO
2024-25,0022401148,1,147,147,5,4,0,1,DEFENSE_INCOMPLETE,NO
2024-25,0022401148,1,149,150,4,5,1,0,OFFENSE_INCOMPLETE,NO
2024-25,0022401148,1,151,153,5,4,0,1,DEFENSE_INCOMPLETE,NO
2024-25,0022401153,3,451,452,5,4,0,1,DEFENSE_INCOMPLETE,NO
2024-25,0022401153,3,453,456,4,5,1,0,OFFENSE_INCOMPLETE,NO
2024-25,0022401153,3,456,456,5,4,0,1,DEFENSE_INCOMPLETE,NO
2024-25,0022401153,3,465,467,5,4,0,1,DEFENSE_INCOMPLETE,NO
2024-25,0022401153,3,468,470,4,5,1,0,OFFENSE_INCOMPLETE,NO
2024-25,0022401153,3,471,471,5,4,0,1,DEFENSE_INCOMPLETE,NO
2024-25,0022401153,3,474,475,4,5,1,0,OFFENSE_INCOMPLETE,NO
2024-25,0022401153,3,476,477,5,4,0,1,DEFENSE_INCOMPLETE,NO
2024-25,0022401153,3,478,478,4,5,1,0,OFFENSE_INCOMPLETE,NO
2024-25,0022401153,3,485,486,5,4,0,1,DEFENSE_INCOMPLETE,NO
2024-25,0022401153,3,487,488,4,5,1,0,OFFENSE_INCOMPLETE,NO
2024-25,0022401153,3,489,489,5,4,0,1,DEFENSE_INCOMPLETE,NO
2024-25,0022401153,3,490,491,4,5,1,0,OFFENSE_INCOMPLETE,NO
2024-25,0022401153,3,492,493,5,4,0,1,DEFENSE_INCOMPLETE,NO
2024-25,0022401160,3,319,319,4,5,1,0,OFFENSE_INCOMPLETE,NO
2024-25,0022401160,3,321,321,5,4,0,1,DEFENSE_INCOMPLETE,NO
2024-25,0022401160,3,323,324,4,5,1,0,OFFENSE_INCOMPLETE,NO
2024-25,0022401160,3,326,327,5,4,0,1,DEFENSE_INCOMPLETE,NO
2024-25,0022401160,3,328,328,4,5,1,0,OFFENSE_INCOMPLETE,NO
2024-25,0022401160,3,329,329,5,4,0,1,DEFENSE_INCOMPLETE,NO
2024-25,0022401160,3,331,331,4,5,1,0,OFFENSE_INCOMPLETE,NO
2024-25,0022401160,3,334,334,5,4,0,1,DEFENSE_INCOMPLETE,NO
2024-25,0022401160,3,337,337,4,5,1,0,OFFENSE_INCOMPLETE,NO
2024-25,0022401160,3,338,339,5,4,0,1,DEFENSE_INCOMPLETE,NO
2024-25,0022401160,3,340,341,4,5,1,0,OFFENSE_INCOMPLETE,NO
2024-25,0022401160,3,343,343,5,4,0,1,DEFENSE_INCOMPLETE,NO
2024-25,0022401160,3,345,345,4,5,1,0,OFFENSE_INCOMPLETE,NO
2024-25,0022401160,3,346,346,5,4,0,1,DEFENSE_INCOMPLETE,NO
2024-25,0022401160,3,347,347,4,5,1,0,OFFENSE_INCOMPLETE,NO
2024-25,0022401160,3,351,352,5,4,0,1,DEFENSE_INCOMPLETE,NO
2024-25,0022401160,3,353,353,4,5,1,0,OFFENSE_INCOMPLETE,NO
2024-25,0022401160,3,355,356,5,4,0,1,DEFENSE_INCOMPLETE,NO
2024-25,0022401160,3,357,357,4,5,1,0,OFFENSE_INCOMPLETE,NO
2024-25,0022401160,3,359,361,5,4,0,1,DEFENSE_INCOMPLETE,NO
2024-25,0022401160,3,362,362,4,5,1,0,OFFENSE_INCOMPLETE,NO
2024-25,0022401160,3,366,366,5,4,0,1,DEFENSE_INCOMPLETE,NO
2024-25,0022401160,3,368,368,4,5,1,0,OFFENSE_INCOMPLETE,NO
2024-25,0022401160,3,371,372,5,4,0,1,DEFENSE_INCOMPLETE,NO
2024-25,0022401160,3,373,373,4,5,1,0,OFFENSE_INCOMPLETE,NO
2024-25,0022401160,3,375,376,5,4,0,1,DEFENSE_INCOMPLETE,NO
2024-25,0022401160,3,377,377,4,5,1,0,OFFENSE_INCOMPLETE,NO
2024-25,0022401160,3,388,389,5,4,0,1,DEFENSE_INCOMPLETE,NO
2024-25,0022401160,3,390,390,4,5,1,0,OFFENSE_INCOMPLETE,NO
2024-25,0022401160,3,392,392,5,4,0,1,DEFENSE_INCOMPLETE,NO
2024-25,0022401160,3,394,395,4,5,1,0,OFFENSE_INCOMPLETE,NO
2024-25,0022401160,3,398,400,5,4,0,1,DEFENSE_INCOMPLETE,NO
2024-25,0022401160,3,401,402,4,5,1,0,OFFENSE_INCOMPLETE,NO
2024-25,0022401160,3,403,403,5,4,0,1,DEFENSE_INCOMPLETE,NO
2024-25,0022401160,3,404,404,4,5,1,0,OFFENSE_INCOMPLETE,NO
2024-25,0022401160,3,406,406,5,4,0,1,DEFENSE_INCOMPLETE,NO
2024-25,0022401160,3,408,409,4,5,1,0,OFFENSE_INCOMPLETE,NO
2024-25,0022401160,3,410,412,5,4,0,1,DEFENSE_INCOMPLETE,NO
2024-25,0022401160,3,414,414,4,5,1,0,OFFENSE_INCOMPLETE,NO
2024-25,0022401160,3,416,417,5,4,0,1,DEFENSE_INCOMPLETE,NO
2024-25,0022401160,3,418,418,4,5,1,0,OFFENSE_INCOMPLETE,NO
2024-25,0022401160,3,420,421,5,4,0,1,DEFENSE_INCOMPLETE,NO
2024-25,0022401160,3,422,423,4,5,1,0,OFFENSE_INCOMPLETE,NO
2024-25,0022401160,3,424,425,5,4,0,1,DEFENSE_INCOMPLETE,NO
2024-25,0022401175,4,538,538,4,5,1,0,OFFENSE_INCOMPLETE,NO
2024-25,0022401181,3,580,468,5,4,0,1,DEFENSE_INCOMPLETE,NO
2024-25,0022401181,4,560,564,4,5,1,0,OFFENSE_INCOMPLETE,NO
2024-25,0022401181,4,565,565,5,4,0,1,DEFENSE_INCOMPLETE,NO
2024-25,0022401181,4,567,568,4,5,1,0,OFFENSE_INCOMPLETE,NO
2024-25,0022401181,4,574,575,5,4,0,1,DEFENSE_INCOMPLETE,NO
2024-25,0022401181,4,576,577,4,5,1,0,OFFENSE_INCOMPLETE,NO
2024-25,0022401181,4,583,584,5,4,0,1,DEFENSE_INCOMPLETE,NO
2024-25,0022401181,4,585,588,4,5,1,0,OFFENSE_INCOMPLETE,NO
2024-25,0022401181,4,589,590,5,4,0,1,DEFENSE_INCOMPLETE,NO
2024-25,0022401181,4,591,591,4,5,1,0,OFFENSE_INCOMPLETE,NO
2024-25,0022401181,4,592,592,5,4,0,1,DEFENSE_INCOMPLETE,NO
2024-25,0022401181,4,594,595,4,5,1,0,OFFENSE_INCOMPLETE,NO
2024-25,0022401181,4,596,597,5,4,0,1,DEFENSE_INCOMPLETE,NO
2024-25,0022401181,4,598,598,4,5,1,0,OFFENSE_INCOMPLETE,NO
2024-25,0022401181,4,600,602,5,4,0,1,DEFENSE_INCOMPLETE,NO
2024-25,0022401181,4,603,603,4,5,1,0,OFFENSE_INCOMPLETE,NO
2024-25,0022401181,4,607,612,5,4,0,1,DEFENSE_INCOMPLETE,NO
2024-25,0022401184,4,455,456,5,4,0,1,DEFENSE_INCOMPLETE,NO
2024-25,0022401184,4,458,458,4,5,1,0,OFFENSE_INCOMPLETE,NO
2024-25,0022401184,4,460,460,5,4,0,1,DEFENSE_INCOMPLETE,NO
2024-25,0022401197,1,125,125,5,4,0,1,DEFENSE_INCOMPLETE,NO
2024-25,0022401197,1,127,128,4,5,1,0,OFFENSE_INCOMPLETE,NO
2024-25,0022401197,1,129,129,5,4,0,1,DEFENSE_INCOMPLETE,NO
2024-25,0022401197,3,426,427,4,5,1,0,OFFENSE_INCOMPLETE,NO
2024-25,0022401197,3,428,433,5,4,0,1,DEFENSE_INCOMPLETE,NO
2024-25,0022401199,2,248,250,4,5,1,0,OFFENSE_INCOMPLETE,NO
2024-25,0022401203,3,362,362,4,5,1,0,OFFENSE_INCOMPLETE,NO
2024-25,0022401203,3,367,368,5,4,0,1,DEFENSE_INCOMPLETE,NO
2024-25,0022401203,3,369,370,4,5,1,0,OFFENSE_INCOMPLETE,NO
2024-25,0022401203,3,371,372,5,4,0,1,DEFENSE_INCOMPLETE,NO
2024-25,0022401203,3,373,374,4,5,1,0,OFFENSE_INCOMPLETE,NO
2024-25,0022401203,3,376,378,5,4,0,1,DEFENSE_INCOMPLETE,NO
2024-25,0022401203,3,379,382,4,5,1,0,OFFENSE_INCOMPLETE,NO
2024-25,0022401203,3,383,383,5,4,0,1,DEFENSE_INCOMPLETE,NO
2024-25,0022401203,3,385,385,4,5,1,0,OFFENSE_INCOMPLETE,NO
2024-25,0022401203,3,389,390,5,4,0,1,DEFENSE_INCOMPLETE,NO
2024-25,0022401203,3,391,391,4,5,1,0,OFFENSE_INCOMPLETE,NO
2024-25,0022401203,3,393,394,5,4,0,1,DEFENSE_INCOMPLETE,NO
2024-25,0022401203,3,395,398,4,5,1,0,OFFENSE_INCOMPLETE,NO
2024-25,0022401203,3,399,399,5,4,0,1,DEFENSE_INCOMPLETE,NO
2024-25,0022401203,3,402,402,4,5,1,0,OFFENSE_INCOMPLETE,NO
2024-25,0022401203,3,404,405,5,4,0,1,DEFENSE_INCOMPLETE,NO
2024-25,0022401203,3,406,406,4,5,1,0,OFFENSE_INCOMPLETE,NO
2024-25,0022401203,3,411,412,5,4,0,1,DEFENSE_INCOMPLETE,NO
2024-25,0022401203,3,413,413,4,5,1,0,OFFENSE_INCOMPLETE,NO
2024-25,0022401203,3,415,415,5,4,0,1,DEFENSE_INCOMPLETE,NO
2024-25,0022401203,3,417,419,4,5,1,0,OFFENSE_INCOMPLETE,NO
2024-25,0022401203,3,421,421,5,4,0,1,DEFENSE_INCOMPLETE,NO
2024-25,0022401203,3,422,422,4,5,1,0,OFFENSE_INCOMPLETE,NO
2024-25,0022401203,3,424,425,5,4,0,1,DEFENSE_INCOMPLETE,NO
2024-25,0022401203,3,426,502,4,5,1,0,OFFENSE_INCOMPLETE,NO
2024-25,0022401203,4,609,609,4,5,1,0,OFFENSE_INCOMPLETE,NO
2024-25,0022401203,4,610,612,5,4,0,1,DEFENSE_INCOMPLETE,NO
2024-25,0022401203,4,614,674,4,5,1,0,OFFENSE_INCOMPLETE,NO
2024-25,0022401209,3,486,487,5,4,0,1,DEFENSE_INCOMPLETE,NO
2024-25,0022401209,3,488,490,4,5,1,0,OFFENSE_INCOMPLETE,NO
2024-25,0022401209,3,492,492,5,4,0,1,DEFENSE_INCOMPLETE,NO
2024-25,0022401209,3,494,494,4,5,1,0,OFFENSE_INCOMPLETE,NO
2024-25,0022401215,4,526,528,4,5,1,0,OFFENSE_INCOMPLETE,NO
2024-25,0022401215,4,528,528,5,4,0,1,DEFENSE_INCOMPLETE,NO
2024-25,0022401223,2,335,335,4,5,1,0,OFFENSE_INCOMPLETE,NO
2024-25,0022401223,2,336,337,5,4,0,1,DEFENSE_INCOMPLETE,NO
2024-25,0022401223,2,338,338,4,5,1,0,OFFENSE_INCOMPLETE,NO
2024-25,0022401223,2,339,346,5,4,0,1,DEFENSE_INCOMPLETE,NO
2024-25,0022401227,2,212,214,5,4,0,1,DEFENSE_INCOMPLETE,NO
2024-25,0022401227,2,215,218,4,5,1,0,OFFENSE_INCOMPLETE,NO
2024-25,0022401227,2,219,230,5,4,0,1,DEFENSE_INCOMPLETE,NO
2024-25,0022401227,2,231,236,4,5,1,0,OFFENSE_INCOMPLETE,NO
2024-25,0022401227,2,238,239,5,4,0,1,DEFENSE_INCOMPLETE,NO
2025-26,0022500001,4,636,636,4,5,1,0,OFFENSE_INCOMPLETE,NO
2025-26,0022500001,4,638,640,5,4,0,1,DEFENSE_INCOMPLETE,NO
2025-26,0022500001,4,646,646,4,5,1,0,OFFENSE_INCOMPLETE,NO
2025-26,0022500001,4,647,647,5,4,0,1,DEFENSE_INCOMPLETE,NO
2025-26,0022500001,4,649,649,4,5,1,0,OFFENSE_INCOMPLETE,NO
2025-26,0022500001,4,650,650,5,4,0,1,DEFENSE_INCOMPLETE,NO
2025-26,0022500001,4,652,652,4,5,1,0,OFFENSE_INCOMPLETE,NO
2025-26,0022500001,4,659,659,5,4,0,1,DEFENSE_INCOMPLETE,NO
2025-26,0022500001,4,660,662,4,5,1,0,OFFENSE_INCOMPLETE,NO
2025-26,0022500001,4,663,664,5,4,0,1,DEFENSE_INCOMPLETE,NO
2025-26,0022500001,4,669,669,4,5,1,0,OFFENSE_INCOMPLETE,NO
2025-26,0022500001,4,670,671,5,4,0,1,DEFENSE_INCOMPLETE,NO
2025-26,0022500001,4,674,682,4,5,1,0,OFFENSE_INCOMPLETE,NO
2025-26,0022500027,1,109,109,4,5,1,0,OFFENSE_INCOMPLETE,NO
2025-26,0022500027,1,111,112,5,4,0,1,DEFENSE_INCOMPLETE,NO
2025-26,0022500027,1,115,116,4,5,1,0,OFFENSE_INCOMPLETE,NO
2025-26,0022500027,1,117,117,5,4,0,1,DEFENSE_INCOMPLETE,NO
2025-26,0022500027,1,119,124,4,5,1,0,OFFENSE_INCOMPLETE,NO
2025-26,0022500027,1,125,125,5,4,0,1,DEFENSE_INCOMPLETE,NO
2025-26,0022500027,1,127,127,4,5,1,0,OFFENSE_INCOMPLETE,NO
2025-26,0022500027,1,131,131,5,4,0,1,DEFENSE_INCOMPLETE,NO
2025-26,0022500027,1,132,133,4,5,1,0,OFFENSE_INCOMPLETE,NO
2025-26,0022500027,1,135,135,5,4,0,1,DEFENSE_INCOMPLETE,NO
2025-26,0022500027,1,137,137,4,5,1,0,OFFENSE_INCOMPLETE,NO
2025-26,0022500027,1,140,146,5,4,0,1,DEFENSE_INCOMPLETE,NO
2025-26,0022500029,3,469,469,5,4,0,1,DEFENSE_INCOMPLETE,NO
2025-26,0022500029,3,470,470,4,5,1,0,OFFENSE_INCOMPLETE,NO
2025-26,0022500029,3,472,473,5,4,0,1,DEFENSE_INCOMPLETE,NO
2025-26,0022500029,3,474,474,4,5,1,0,OFFENSE_INCOMPLETE,NO
2025-26,0022500029,3,476,478,5,4,0,1,DEFENSE_INCOMPLETE,NO
2025-26,0022500029,3,479,479,4,5,1,0,OFFENSE_INCOMPLETE,NO
2025-26,0022500029,3,481,482,5,4,0,1,DEFENSE_INCOMPLETE,NO
2025-26,0022500029,3,483,483,4,5,1,0,OFFENSE_INCOMPLETE,NO
2025-26,0022500029,3,485,487,5,4,0,1,DEFENSE_INCOMPLETE,NO
2025-26,0022500029,3,488,488,4,5,1,0,OFFENSE_INCOMPLETE,NO
2025-26,0022500029,3,500,502,5,4,0,1,DEFENSE_INCOMPLETE,NO
2025-26,0022500029,3,504,507,4,5,1,0,OFFENSE_INCOMPLETE,NO
2025-26,0022500029,3,508,510,5,4,0,1,DEFENSE_INCOMPLETE,NO
2025-26,0022500029,3,520,521,4,5,1,0,OFFENSE_INCOMPLETE,NO
2025-26,0022500029,3,522,523,5,4,0,1,DEFENSE_INCOMPLETE,NO
2025-26,0022500029,3,524,524,4,5,1,0,OFFENSE_INCOMPLETE,NO
2025-26,0022500029,3,526,539,5,4,0,1,DEFENSE_INCOMPLETE,NO
2025-26,0022500031,4,633,633,4,5,1,0,OFFENSE_INCOMPLETE,NO
2025-26,0022500031,4,634,634,5,4,0,1,DEFENSE_INCOMPLETE,NO
2025-26,0022500031,4,637,640,4,5,1,0,OFFENSE_INCOMPLETE,NO
2025-26,0022500031,4,642,643,5,4,0,1,DEFENSE_INCOMPLETE,NO
2025-26,0022500031,4,646,649,4,5,1,0,OFFENSE_INCOMPLETE,NO
2025-26,0022500031,4,650,650,5,4,0,1,DEFENSE_INCOMPLETE,NO
2025-26,0022500031,4,653,656,4,5,1,0,OFFENSE_INCOMPLETE,NO
2025-26,0022500031,4,660,662,5,4,0,1,DEFENSE_INCOMPLETE,NO
2025-26,0022500031,4,664,670,4,5,1,0,OFFENSE_INCOMPLETE,NO
2025-26,0022500031,4,672,672,5,4,0,1,DEFENSE_INCOMPLETE,NO
2025-26,0022500031,4,676,683,4,5,1,0,OFFENSE_INCOMPLETE,NO
2025-26,0022500031,4,684,684,5,4,0,1,DEFENSE_INCOMPLETE,NO
2025-26,0022500038,1,99,100,5,4,0,1,DEFENSE_INCOMPLETE,NO
2025-26,0022500038,1,101,101,4,5,1,0,OFFENSE_INCOMPLETE,NO
2025-26,0022500038,1,102,103,5,4,0,1,DEFENSE_INCOMPLETE,NO
2025-26,0022500038,1,104,105,4,5,1,0,OFFENSE_INCOMPLETE,NO
2025-26,0022500038,1,108,113,5,4,0,1,DEFENSE_INCOMPLETE,NO
2025-26,0022500038,1,117,117,4,5,1,0,OFFENSE_INCOMPLETE,NO
2025-26,0022500038,1,118,119,5,4,0,1,DEFENSE_INCOMPLETE,NO
2025-26,0022500038,1,120,122,4,5,1,0,OFFENSE_INCOMPLETE,NO
2025-26,0022500038,1,124,125,5,4,0,1,DEFENSE_INCOMPLETE,NO
2025-26,0022500038,1,126,126,4,5,1,0,OFFENSE_INCOMPLETE,NO
2025-26,0022500040,2,241,242,4,5,1,0,OFFENSE_INCOMPLETE,NO
2025-26,0022500040,2,243,247,5,4,0,1,DEFENSE_INCOMPLETE,NO
2025-26,0022500042,3,366,366,4,5,1,0,OFFENSE_INCOMPLETE,NO
2025-26,0022500042,3,368,368,5,4,0,1,DEFENSE_INCOMPLETE,NO
2025-26,0022500042,3,370,370,4,5,1,0,OFFENSE_INCOMPLETE,NO
2025-26,0022500042,3,372,372,5,4,0,1,DEFENSE_INCOMPLETE,NO
2025-26,0022500042,3,375,377,4,5,1,0,OFFENSE_INCOMPLETE,NO
2025-26,0022500042,3,379,379,5,4,0,1,DEFENSE_INCOMPLETE,NO
2025-26,0022500042,3,381,384,4,5,1,0,OFFENSE_INCOMPLETE,NO
2025-26,0022500042,3,385,385,5,4,0,1,DEFENSE_INCOMPLETE,NO
2025-26,0022500042,3,387,387,4,5,1,0,OFFENSE_INCOMPLETE,NO
2025-26,0022500042,3,388,390,5,4,0,1,DEFENSE_INCOMPLETE,NO
2025-26,0022500042,3,391,391,4,5,1,0,OFFENSE_INCOMPLETE,NO
2025-26,0022500042,3,393,393,5,4,0,1,DEFENSE_INCOMPLETE,NO
2025-26,0022500042,3,394,399,4,5,1,0,OFFENSE_INCOMPLETE,NO
2025-26,0022500042,3,400,400,5,4,0,1,DEFENSE_INCOMPLETE,NO
2025-26,0022500042,3,401,411,4,5,1,0,OFFENSE_INCOMPLETE,NO
2025-26,0022500042,3,412,413,5,4,0,1,DEFENSE_INCOMPLETE,NO
2025-26,0022500042,3,414,414,4,5,1,0,OFFENSE_INCOMPLETE,NO
2025-26,0022500042,3,416,417,5,4,0,1,DEFENSE_INCOMPLETE,NO
2025-26,0022500042,3,419,419,4,5,1,0,OFFENSE_INCOMPLETE,NO
2025-26,0022500042,3,422,423,5,4,0,1,DEFENSE_INCOMPLETE,NO
2025-26,0022500042,3,424,424,4,5,1,0,OFFENSE_INCOMPLETE,NO
2025-26,0022500042,3,426,426,5,4,0,1,DEFENSE_INCOMPLETE,NO
2025-26,0022500042,3,430,431,4,5,1,0,OFFENSE_INCOMPLETE,NO
2025-26,0022500042,3,432,432,5,4,0,1,DEFENSE_INCOMPLETE,NO
2025-26,0022500042,3,434,435,4,5,1,0,OFFENSE_INCOMPLETE,NO
2025-26,0022500042,3,436,437,5,4,0,1,DEFENSE_INCOMPLETE,NO
2025-26,0022500042,3,438,438,4,5,1,0,OFFENSE_INCOMPLETE,NO
2025-26,0022500042,3,440,442,5,4,0,1,DEFENSE_INCOMPLETE,NO
2025-26,0022500042,3,443,443,4,5,1,0,OFFENSE_INCOMPLETE,NO
2025-26,0022500042,3,450,450,4,5,1,0,OFFENSE_INCOMPLETE,NO
2025-26,0022500042,3,451,451,5,4,0,1,DEFENSE_INCOMPLETE,NO
2025-26,0022500042,3,453,457,4,5,1,0,OFFENSE_INCOMPLETE,NO
2025-26,0022500042,3,462,463,5,4,0,1,DEFENSE_INCOMPLETE,NO
2025-26,0022500042,3,464,464,4,5,1,0,OFFENSE_INCOMPLETE,NO
2025-26,0022500042,3,470,472,5,4,0,1,DEFENSE_INCOMPLETE,NO
2025-26,0022500042,3,474,475,4,5,1,0,OFFENSE_INCOMPLETE,NO
2025-26,0022500042,3,476,476,5,4,0,1,DEFENSE_INCOMPLETE,NO
2025-26,0022500042,3,478,479,4,5,1,0,OFFENSE_INCOMPLETE,NO
2025-26,0022500042,3,480,480,5,4,0,1,DEFENSE_INCOMPLETE,NO
2025-26,0022500042,3,483,483,4,5,1,0,OFFENSE_INCOMPLETE,NO
2025-26,0022500042,3,485,486,5,4,0,1,DEFENSE_INCOMPLETE,NO
2025-26,0022500042,3,488,502,4,5,1,0,OFFENSE_INCOMPLETE,NO
2025-26,0022500042,3,505,505,5,4,0,1,DEFENSE_INCOMPLETE,NO
2025-26,0022500042,3,507,507,4,5,1,0,OFFENSE_INCOMPLETE,NO
2025-26,0022500042,3,508,509,5,4,0,1,DEFENSE_INCOMPLETE,NO
2025-26,0022500042,3,510,510,4,5,1,0,OFFENSE_INCOMPLETE,NO
2025-26,0022500042,3,512,517,5,4,0,1,DEFENSE_INCOMPLETE,NO
2025-26,0022500042,3,518,523,4,5,1,0,OFFENSE_INCOMPLETE,NO
2025-26,0022500042,3,524,533,5,4,0,1,DEFENSE_INCOMPLETE,NO
2025-26,0022500042,3,534,534,4,5,1,0,OFFENSE_INCOMPLETE,NO
2025-26,0022500042,3,538,544,5,4,0,1,DEFENSE_INCOMPLETE,NO
2025-26,0022500042,3,545,546,4,5,1,0,OFFENSE_INCOMPLETE,NO
2025-26,0022500042,3,554,555,5,4,0,1,DEFENSE_INCOMPLETE,NO
2025-26,0022500042,3,556,558,4,5,1,0,OFFENSE_INCOMPLETE,NO
2025-26,0022500042,4,566,568,5,4,0,1,DEFENSE_INCOMPLETE,NO
2025-26,0022500042,4,569,571,4,5,1,0,OFFENSE_INCOMPLETE,NO
2025-26,0022500042,4,573,573,5,4,0,1,DEFENSE_INCOMPLETE,NO
2025-26,0022500042,4,577,580,4,5,1,0,OFFENSE_INCOMPLETE,NO
2025-26,0022500042,4,581,582,5,4,0,1,DEFENSE_INCOMPLETE,NO
2025-26,0022500042,4,583,583,4,5,1,0,OFFENSE_INCOMPLETE,NO
2025-26,0022500042,4,585,585,5,4,0,1,DEFENSE_INCOMPLETE,NO
2025-26,0022500042,4,591,592,4,5,1,0,OFFENSE_INCOMPLETE,NO
2025-26,0022500042,4,594,597,5,4,0,1,DEFENSE_INCOMPLETE,NO
2025-26,0022500042,4,598,598,4,5,1,0,OFFENSE_INCOMPLETE,NO
2025-26,0022500042,4,600,600,5,4,0,1,DEFENSE_INCOMPLETE,NO
2025-26,0022500042,4,602,603,4,5,1,0,OFFENSE_INCOMPLETE,NO
2025-26,0022500042,4,604,604,5,4,0,1,DEFENSE_INCOMPLETE,NO
2025-26,0022500042,4,606,608,4,5,1,0,OFFENSE_INCOMPLETE,NO
2025-26,0022500042,4,609,609,5,4,0,1,DEFENSE_INCOMPLETE,NO
2025-26,0022500042,4,610,610,4,5,1,0,OFFENSE_INCOMPLETE,NO
2025-26,0022500042,4,622,623,5,4,0,1,DEFENSE_INCOMPLETE,NO
2025-26,0022500044,2,278,278,5,4,0,1,DEFENSE_INCOMPLETE,NO
2025-26,0022500044,2,281,281,4,5,1,0,OFFENSE_INCOMPLETE,NO
2025-26,0022500044,2,284,284,5,4,0,1,DEFENSE_INCOMPLETE,NO
2025-26,0022500048,4,584,586,5,4,0,1,DEFENSE_INCOMPLETE,NO
2025-26,0022500048,4,588,588,4,5,1,0,OFFENSE_INCOMPLETE,NO
2025-26,0022500048,4,589,590,5,4,0,1,DEFENSE_INCOMPLETE,NO
2025-26,0022500048,4,591,592,4,5,1,0,OFFENSE_INCOMPLETE,NO
2025-26,0022500048,4,593,596,5,4,0,1,DEFENSE_INCOMPLETE,NO
2025-26,0022500048,4,597,597,4,5,1,0,OFFENSE_INCOMPLETE,NO
2025-26,0022500048,4,603,604,5,4,0,1,DEFENSE_INCOMPLETE,NO
2025-26,0022500048,4,605,606,4,5,1,0,OFFENSE_INCOMPLETE,NO
2025-26,0022500048,4,607,607,5,4,0,1,DEFENSE_INCOMPLETE,NO
2025-26,0022500048,4,609,609,4,5,1,0,OFFENSE_INCOMPLETE,NO
2025-26,0022500048,4,613,614,5,4,0,1,DEFENSE_INCOMPLETE,NO
2025-26,0022500048,4,615,618,5,4,0,1,DEFENSE_INCOMPLETE,NO
2025-26,0022500048,4,618,618,4,5,1,0,OFFENSE_INCOMPLETE,NO
2025-26,0022500048,4,620,620,5,4,0,1,DEFENSE_INCOMPLETE,NO
2025-26,0022500048,4,625,627,4,5,1,0,OFFENSE_INCOMPLETE,NO
2025-26,0022500048,4,629,633,5,4,0,1,DEFENSE_INCOMPLETE,NO
2025-26,0022500048,4,634,634,4,5,1,0,OFFENSE_INCOMPLETE,NO
2025-26,0022500048,4,637,637,5,4,0,1,DEFENSE_INCOMPLETE,NO
2025-26,0022500048,4,639,639,4,5,1,0,OFFENSE_INCOMPLETE,NO
2025-26,0022500050,4,556,556,5,4,0,1,DEFENSE_INCOMPLETE,NO
2025-26,0022500050,4,558,560,4,5,1,0,OFFENSE_INCOMPLETE,NO
2025-26,0022500050,4,562,564,5,4,0,1,DEFENSE_INCOMPLETE,NO
2025-26,0022500050,4,566,569,4,5,1,0,OFFENSE_INCOMPLETE,NO
2025-26,0022500053,2,265,265,4,5,1,0,OFFENSE_INCOMPLETE,NO
2025-26,0022500053,2,268,273,5,4,0,1,DEFENSE_INCOMPLETE,NO
2025-26,0022500053,2,274,274,4,5,1,0,OFFENSE_INCOMPLETE,NO
2025-26,0022500053,2,276,277,5,4,0,1,DEFENSE_INCOMPLETE,NO
2025-26,0022500053,2,279,279,4,5,1,0,OFFENSE_INCOMPLETE,NO
2025-26,0022500053,2,281,282,5,4,0,1,DEFENSE_INCOMPLETE,NO
2025-26,0022500053,2,284,284,4,5,1,0,OFFENSE_INCOMPLETE,NO
2025-26,0022500053,2,286,286,5,4,0,1,DEFENSE_INCOMPLETE,NO
2025-26,0022500053,2,294,294,4,5,1,0,OFFENSE_INCOMPLETE,NO
2025-26,0022500053,2,295,295,5,4,0,1,DEFENSE_INCOMPLETE,NO
2025-26,0022500053,2,296,297,4,5,1,0,OFFENSE_INCOMPLETE,NO
2025-26,0022500053,2,298,298,5,4,0,1,DEFENSE_INCOMPLETE,NO
2025-26,0022500053,2,299,299,4,5,1,0,OFFENSE_INCOMPLETE,NO
2025-26,0022500053,2,300,301,5,4,0,1,DEFENSE_INCOMPLETE,NO
2025-26,0022500053,2,302,302,4,5,1,0,OFFENSE_INCOMPLETE,NO
2025-26,0022500053,2,304,306,5,4,0,1,DEFENSE_INCOMPLETE,NO
2025-26,0022500053,2,308,308,4,5,1,0,OFFENSE_INCOMPLETE,NO
2025-26,0022500053,2,311,315,5,4,0,1,DEFENSE_INCOMPLETE,NO
2025-26,0022500053,2,316,317,4,5,1,0,OFFENSE_INCOMPLETE,NO
2025-26,0022500053,2,318,318,5,4,0,1,DEFENSE_INCOMPLETE,NO
2025-26,0022500053,2,320,320,4,5,1,0,OFFENSE_INCOMPLETE,NO
2025-26,0022500053,2,322,322,5,4,0,1,DEFENSE_INCOMPLETE,NO
2025-26,0022500053,2,324,329,4,5,1,0,OFFENSE_INCOMPLETE,NO
2025-26,0022500053,2,330,332,5,4,0,1,DEFENSE_INCOMPLETE,NO
2025-26,0022500053,2,333,344,4,5,1,0,OFFENSE_INCOMPLETE,NO
2025-26,0022500053,2,345,346,5,4,0,1,DEFENSE_INCOMPLETE,NO
2025-26,0022500054,4,663,666,5,4,0,1,DEFENSE_INCOMPLETE,NO
2025-26,0022500061,4,603,603,5,4,0,1,DEFENSE_INCOMPLETE,NO
2025-26,0022500061,4,605,606,4,5,1,0,OFFENSE_INCOMPLETE,NO
2025-26,0022500061,4,607,607,5,4,0,1,DEFENSE_INCOMPLETE,NO
2025-26,0022500061,4,608,609,4,5,1,0,OFFENSE_INCOMPLETE,NO
2025-26,0022500061,4,610,611,5,4,0,1,DEFENSE_INCOMPLETE,NO
2025-26,0022500061,4,612,612,4,5,1,0,OFFENSE_INCOMPLETE,NO
2025-26,0022500061,4,614,614,5,4,0,1,DEFENSE_INCOMPLETE,NO
2025-26,0022500069,3,517,522,5,4,0,1,DEFENSE_INCOMPLETE,NO
2025-26,0022500069,3,523,523,4,5,1,0,OFFENSE_INCOMPLETE,NO
2025-26,0022500069,3,525,527,5,4,0,1,DEFENSE_INCOMPLETE,NO
2025-26,0022500070,3,526,526,5,4,0,1,DEFENSE_INCOMPLETE,NO
2025-26,0022500074,2,205,207,5,4,0,1,DEFENSE_INCOMPLETE,NO
2025-26,0022500074,2,208,208,4,5,1,0,OFFENSE_INCOMPLETE,NO
2025-26,0022500074,2,211,212,5,4,0,1,DEFENSE_INCOMPLETE,NO
2025-26,0022500074,2,213,214,4,5,1,0,OFFENSE_INCOMPLETE,NO
2025-26,0022500074,2,215,215,5,4,0,1,DEFENSE_INCOMPLETE,NO
2025-26,0022500074,2,216,222,4,5,1,0,OFFENSE_INCOMPLETE,NO
2025-26,0022500074,2,224,225,5,4,0,1,DEFENSE_INCOMPLETE,NO
2025-26,0022500074,2,226,227,4,5,1,0,OFFENSE_INCOMPLETE,NO
2025-26,0022500074,2,228,243,5,4,0,1,DEFENSE_INCOMPLETE,NO
2025-26,0022500075,4,613,614,5,4,0,1,DEFENSE_INCOMPLETE,NO
2025-26,0022500075,4,615,616,4,5,1,0,OFFENSE_INCOMPLETE,NO
2025-26,0022500075,4,617,617,5,4,0,1,DEFENSE_INCOMPLETE,NO
2025-26,0022500075,4,618,618,4,5,1,0,OFFENSE_INCOMPLETE,NO
2025-26,0022500075,4,620,621,5,4,0,1,DEFENSE_INCOMPLETE,NO
2025-26,0022500075,4,624,625,4,5,1,0,OFFENSE_INCOMPLETE,NO
2025-26,0022500075,4,628,628,5,4,0,1,DEFENSE_INCOMPLETE,NO
2025-26,0022500075,4,629,629,4,5,1,0,OFFENSE_INCOMPLETE,NO
2025-26,0022500075,4,631,631,5,4,0,1,DEFENSE_INCOMPLETE,NO
2025-26,0022500075,4,638,638,4,5,1,0,OFFENSE_INCOMPLETE,NO
2025-26,0022500075,4,640,641,5,4,0,1,DEFENSE_INCOMPLETE,NO
2025-26,0022500075,4,642,643,4,5,1,0,OFFENSE_INCOMPLETE,NO
2025-26,0022500075,4,644,645,5,4,0,1,DEFENSE_INCOMPLETE,NO
2025-26,0022500075,4,646,646,4,5,1,0,OFFENSE_INCOMPLETE,NO
2025-26,0022500075,4,648,654,5,4,0,1,DEFENSE_INCOMPLETE,NO
2025-26,0022500075,4,655,657,4,5,1,0,OFFENSE_INCOMPLETE,NO
2025-26,0022500075,4,659,664,5,4,0,1,DEFENSE_INCOMPLETE,NO
2025-26,0022500075,4,665,665,4,5,1,0,OFFENSE_INCOMPLETE,NO
2025-26,0022500075,4,667,667,5,4,0,1,DEFENSE_INCOMPLETE,NO
2025-26,0022500075,4,669,670,4,5,1,0,OFFENSE_INCOMPLETE,NO
2025-26,0022500075,4,671,671,5,4,0,1,DEFENSE_INCOMPLETE,NO
2025-26,0022500075,4,672,672,4,5,1,0,OFFENSE_INCOMPLETE,NO
2025-26,0022500075,4,678,679,5,4,0,1,DEFENSE_INCOMPLETE,NO
2025-26,0022500075,4,680,680,4,5,1,0,OFFENSE_INCOMPLETE,NO
2025-26,0022500075,4,682,683,5,4,0,1,DEFENSE_INCOMPLETE,NO
2025-26,0022500075,4,684,684,4,5,1,0,OFFENSE_INCOMPLETE,NO
2025-26,0022500075,4,686,687,5,4,0,1,DEFENSE_INCOMPLETE,NO
2025-26,0022500075,4,688,689,4,5,1,0,OFFENSE_INCOMPLETE,NO
2025-26,0022500075,4,692,696,5,4,0,1,DEFENSE_INCOMPLETE,NO
2025-26,0022500075,4,697,697,4,5,1,0,OFFENSE_INCOMPLETE,NO
2025-26,0022500079,2,190,190,5,4,0,1,DEFENSE_INCOMPLETE,NO
2025-26,0022500079,2,191,191,4,5,1,0,OFFENSE_INCOMPLETE,NO
2025-26,0022500079,2,193,193,5,4,0,1,DEFENSE_INCOMPLETE,NO
2025-26,0022500081,3,485,486,5,4,0,1,DEFENSE_INCOMPLETE,NO
2025-26,0022500087,4,646,648,5,4,0,1,DEFENSE_INCOMPLETE,NO
2025-26,0022500087,4,650,650,4,5,1,0,OFFENSE_INCOMPLETE,NO
2025-26,0022500087,4,652,653,5,4,0,1,DEFENSE_INCOMPLETE,NO
2025-26,0022500087,4,661,663,4,5,1,0,OFFENSE_INCOMPLETE,NO
2025-26,0022500087,4,664,664,5,4,0,1,DEFENSE_INCOMPLETE,NO
2025-26,0022500087,4,665,665,4,5,1,0,OFFENSE_INCOMPLETE,NO
2025-26,0022500087,4,667,669,5,4,0,1,DEFENSE_INCOMPLETE,NO
2025-26,0022500087,4,671,671,4,5,1,0,OFFENSE_INCOMPLETE,NO
2025-26,0022500087,4,673,673,5,4,0,1,DEFENSE_INCOMPLETE,NO
2025-26,0022500087,4,675,680,4,5,1,0,OFFENSE_INCOMPLETE,NO
2025-26,0022500087,4,682,686,5,4,0,1,DEFENSE_INCOMPLETE,NO
2025-26,0022500087,4,689,690,4,5,1,0,OFFENSE_INCOMPLETE,NO
2025-26,0022500104,1,90,91,5,4,0,1,DEFENSE_INCOMPLETE,NO
2025-26,0022500104,1,92,92,4,5,1,0,OFFENSE_INCOMPLETE,NO
2025-26,0022500104,1,94,94,5,4,0,1,DEFENSE_INCOMPLETE,NO
2025-26,0022500104,1,96,96,4,5,1,0,OFFENSE_INCOMPLETE,NO
2025-26,0022500104,1,97,98,5,4,0,1,DEFENSE_INCOMPLETE,NO
2025-26,0022500104,1,101,101,4,5,1,0,OFFENSE_INCOMPLETE,NO
2025-26,0022500104,1,103,106,5,4,0,1,DEFENSE_INCOMPLETE,NO
2025-26,0022500104,1,109,109,4,5,1,0,OFFENSE_INCOMPLETE,NO
2025-26,0022500104,4,626,627,5,4,0,1,DEFENSE_INCOMPLETE,NO
2025-26,0022500104,4,628,629,4,5,1,0,OFFENSE_INCOMPLETE,NO
2025-26,0022500104,4,630,630,5,4,0,1,DEFENSE_INCOMPLETE,NO
2025-26,0022500104,4,632,633,4,5,1,0,OFFENSE_INCOMPLETE,NO
2025-26,0022500104,4,636,639,5,4,0,1,DEFENSE_INCOMPLETE,NO
2025-26,0022500104,4,640,640,4,5,1,0,OFFENSE_INCOMPLETE,NO
2025-26,0022500104,4,646,647,5,4,0,1,DEFENSE_INCOMPLETE,NO
2025-26,0022500104,4,648,648,4,5,1,0,OFFENSE_INCOMPLETE,NO
2025-26,0022500104,4,651,651,5,4,0,1,DEFENSE_INCOMPLETE,NO
2025-26,0022500104,4,653,653,5,4,0,1,DEFENSE_INCOMPLETE,NO
2025-26,0022500104,4,654,654,5,4,0,1,DEFENSE_INCOMPLETE,NO
2025-26,0022500104,4,655,655,4,5,1,0,OFFENSE_INCOMPLETE,NO
2025-26,0022500104,4,657,659,5,4,0,1,DEFENSE_INCOMPLETE,NO
2025-26,0022500104,4,669,670,4,5,1,0,OFFENSE_INCOMPLETE,NO
2025-26,0022500104,4,671,671,5,4,0,1,DEFENSE_INCOMPLETE,NO
2025-26,0022500104,4,673,675,4,5,1,0,OFFENSE_INCOMPLETE,NO
2025-26,0022500104,4,676,677,5,4,0,1,DEFENSE_INCOMPLETE,NO
2025-26,0022500104,4,678,681,4,5,1,0,OFFENSE_INCOMPLETE,NO
2025-26,0022500104,4,682,683,5,4,0,1,DEFENSE_INCOMPLETE,NO
2025-26,0022500104,4,684,684,4,5,1,0,OFFENSE_INCOMPLETE,NO
2025-26,0022500104,4,686,686,5,4,0,1,DEFENSE_INCOMPLETE,NO
2025-26,0022500104,4,702,702,4,5,1,0,OFFENSE_INCOMPLETE,NO
2025-26,0022500104,4,705,707,5,4,0,1,DEFENSE_INCOMPLETE,NO
2025-26,0022500104,4,708,708,4,5,1,0,OFFENSE_INCOMPLETE,NO
2025-26,0022500120,1,97,97,5,4,0,1,DEFENSE_INCOMPLETE,NO
2025-26,0022500120,1,99,99,4,5,1,0,OFFENSE_INCOMPLETE,NO
2025-26,0022500120,1,101,102,5,4,0,1,DEFENSE_INCOMPLETE,NO
2025-26,0022500120,1,103,103,4,5,1,0,OFFENSE_INCOMPLETE,NO
2025-26,0022500120,1,108,109,5,4,0,1,DEFENSE_INCOMPLETE,NO
2025-26,0022500120,1,110,111,4,5,1,0,OFFENSE_INCOMPLETE,NO
2025-26,0022500120,1,114,116,5,4,0,1,DEFENSE_INCOMPLETE,NO
2025-26,0022500120,1,117,117,4,5,1,0,OFFENSE_INCOMPLETE,NO
2025-26,0022500120,1,119,119,5,4,0,1,DEFENSE_INCOMPLETE,NO
2025-26,0022500120,1,121,122,4,5,1,0,OFFENSE_INCOMPLETE,NO
2025-26,0022500120,1,123,124,5,4,0,1,DEFENSE_INCOMPLETE,NO
2025-26,0022500120,1,127,133,4,5,1,0,OFFENSE_INCOMPLETE,NO
2025-26,0022500125,3,689,477,4,5,1,0,OFFENSE_INCOMPLETE,NO
2025-26,0022500125,4,684,685,4,5,1,0,OFFENSE_INCOMPLETE,NO
2025-26,0022500125,4,686,687,5,4,0,1,DEFENSE_INCOMPLETE,NO
2025-26,0022500125,4,620,598,4,5,1,0,OFFENSE_INCOMPLETE,NO
2025-26,0022500125,4,651,651,5,4,0,1,DEFENSE_INCOMPLETE,NO
2025-26,0022500125,4,600,600,4,5,1,0,OFFENSE_INCOMPLETE,NO
2025-26,0022500125,4,602,602,5,4,0,1,DEFENSE_INCOMPLETE,NO
2025-26,0022500125,4,604,605,4,5,1,0,OFFENSE_INCOMPLETE,NO
2025-26,0022500125,4,608,615,5,4,0,1,DEFENSE_INCOMPLETE,NO
2025-26,0022500125,4,616,617,4,5,1,0,OFFENSE_INCOMPLETE,NO
2025-26,0022500125,4,622,623,5,4,0,1,DEFENSE_INCOMPLETE,NO
2025-26,0022500125,4,626,626,4,5,1,0,OFFENSE_INCOMPLETE,NO
2025-26,0022500125,4,629,630,5,4,0,1,DEFENSE_INCOMPLETE,NO
2025-26,0022500125,4,631,632,4,5,1,0,OFFENSE_INCOMPLETE,NO
2025-26,0022500125,4,633,633,5,4,0,1,DEFENSE_INCOMPLETE,NO
2025-26,0022500125,4,635,635,4,5,1,0,OFFENSE_INCOMPLETE,NO
2025-26,0022500125,4,636,636,5,4,0,1,DEFENSE_INCOMPLETE,NO
2025-26,0022500125,4,637,638,4,5,1,0,OFFENSE_INCOMPLETE,NO
2025-26,0022500125,4,639,639,5,4,0,1,DEFENSE_INCOMPLETE,NO
2025-26,0022500125,4,641,643,4,5,1,0,OFFENSE_INCOMPLETE,NO
2025-26,0022500125,4,644,657,5,4,0,1,DEFENSE_INCOMPLETE,NO
2025-26,0022500125,4,658,661,4,5,1,0,OFFENSE_INCOMPLETE,NO
2025-26,0022500125,4,663,664,5,4,0,1,DEFENSE_INCOMPLETE,NO
2025-26,0022500125,4,665,665,4,5,1,0,OFFENSE_INCOMPLETE,NO
2025-26,0022500125,4,666,666,5,4,0,1,DEFENSE_INCOMPLETE,NO
2025-26,0022500125,4,668,668,4,5,1,0,OFFENSE_INCOMPLETE,NO
2025-26,0022500125,4,670,670,5,4,0,1,DEFENSE_INCOMPLETE,NO
2025-26,0022500125,4,674,676,4,5,1,0,OFFENSE_INCOMPLETE,NO
2025-26,0022500125,4,679,680,5,4,0,1,DEFENSE_INCOMPLETE,NO
2025-26,0022500125,4,681,681,4,5,1,0,OFFENSE_INCOMPLETE,NO
2025-26,0022500128,4,544,544,5,4,0,1,DEFENSE_INCOMPLETE,NO
2025-26,0022500128,4,546,546,4,5,1,0,OFFENSE_INCOMPLETE,NO
2025-26,0022500128,4,549,551,5,4,0,1,DEFENSE_INCOMPLETE,NO
2025-26,0022500128,4,556,556,4,5,1,0,OFFENSE_INCOMPLETE,NO
2025-26,0022500128,4,558,560,5,4,0,1,DEFENSE_INCOMPLETE,NO
2025-26,0022500128,4,562,563,4,5,1,0,OFFENSE_INCOMPLETE,NO
2025-26,0022500128,4,564,565,5,4,0,1,DEFENSE_INCOMPLETE,NO
2025-26,0022500128,4,566,567,4,5,1,0,OFFENSE_INCOMPLETE,NO
2025-26,0022500128,4,568,571,5,4,0,1,DEFENSE_INCOMPLETE,NO
2025-26,0022500128,4,576,577,4,5,1,0,OFFENSE_INCOMPLETE,NO
2025-26,0022500128,4,578,579,5,4,0,1,DEFENSE_INCOMPLETE,NO
2025-26,0022500128,4,580,580,4,5,1,0,OFFENSE_INCOMPLETE,NO
2025-26,0022500128,4,582,594,5,4,0,1,DEFENSE_INCOMPLETE,NO
2025-26,0022500128,4,595,597,4,5,1,0,OFFENSE_INCOMPLETE,NO
2025-26,0022500128,4,599,603,5,4,0,1,DEFENSE_INCOMPLETE,NO
2025-26,0022500128,4,604,605,4,5,1,0,OFFENSE_INCOMPLETE,NO
2025-26,0022500128,4,612,613,5,4,0,1,DEFENSE_INCOMPLETE,NO
2025-26,0022500128,4,621,621,4,5,1,0,OFFENSE_INCOMPLETE,NO
2025-26,0022500128,4,623,634,5,4,0,1,DEFENSE_INCOMPLETE,NO
2025-26,0022500129,4,613,614,5,4,0,1,DEFENSE_INCOMPLETE,NO
2025-26,0022500129,4,615,615,4,5,1,0,OFFENSE_INCOMPLETE,NO
2025-26,0022500129,4,617,619,5,4,0,1,DEFENSE_INCOMPLETE,NO
2025-26,0022500129,4,620,620,4,5,1,0,OFFENSE_INCOMPLETE,NO
2025-26,0022500139,4,605,605,4,5,1,0,OFFENSE_INCOMPLETE,NO
2025-26,0022500139,4,607,607,5,4,0,1,DEFENSE_INCOMPLETE,NO
2025-26,0022500139,4,615,615,4,5,1,0,OFFENSE_INCOMPLETE,NO
2025-26,0022500139,4,616,620,5,4,0,1,DEFENSE_INCOMPLETE,NO
2025-26,0022500139,4,622,622,4,5,1,0,OFFENSE_INCOMPLETE,NO
2025-26,0022500139,4,630,630,5,4,0,1,DEFENSE_INCOMPLETE,NO
2025-26,0022500139,4,631,631,4,5,1,0,OFFENSE_INCOMPLETE,NO
2025-26,0022500139,4,632,634,5,4,0,1,DEFENSE_INCOMPLETE,NO
2025-26,0022500139,4,638,640,4,5,1,0,OFFENSE_INCOMPLETE,NO
2025-26,0022500139,4,641,642,5,4,0,1,DEFENSE_INCOMPLETE,NO
2025-26,0022500139,4,643,646,4,5,1,0,OFFENSE_INCOMPLETE,NO
2025-26,0022500139,4,648,648,5,4,0,1,DEFENSE_INCOMPLETE,NO
2025-26,0022500139,4,649,650,4,5,1,0,OFFENSE_INCOMPLETE,NO
2025-26,0022500139,4,654,654,5,4,0,1,DEFENSE_INCOMPLETE,NO
2025-26,0022500139,4,658,659,4,5,1,0,OFFENSE_INCOMPLETE,NO
2025-26,0022500139,4,660,661,5,4,0,1,DEFENSE_INCOMPLETE,NO
2025-26,0022500139,4,662,662,4,5,1,0,OFFENSE_INCOMPLETE,NO
2025-26,0022500139,4,663,665,5,4,0,1,DEFENSE_INCOMPLETE,NO
2025-26,0022500139,4,667,667,4,5,1,0,OFFENSE_INCOMPLETE,NO
2025-26,0022500139,4,668,668,5,4,0,1,DEFENSE_INCOMPLETE,NO
2025-26,0022500139,4,672,672,4,5,1,0,OFFENSE_INCOMPLETE,NO
2025-26,0022500139,4,673,673,5,4,0,1,DEFENSE_INCOMPLETE,NO
2025-26,0022500139,4,675,675,4,5,1,0,OFFENSE_INCOMPLETE,NO
2025-26,0022500139,4,676,678,5,4,0,1,DEFENSE_INCOMPLETE,NO
2025-26,0022500139,4,680,681,4,5,1,0,OFFENSE_INCOMPLETE,NO
2025-26,0022500139,4,682,682,5,4,0,1,DEFENSE_INCOMPLETE,NO
2025-26,0022500139,4,683,684,4,5,1,0,OFFENSE_INCOMPLETE,NO
2025-26,0022500139,4,685,685,5,4,0,1,DEFENSE_INCOMPLETE,NO
2025-26,0022500139,4,686,687,4,5,1,0,OFFENSE_INCOMPLETE,NO
2025-26,0022500140,3,372,372,5,4,0,1,DEFENSE_INCOMPLETE,NO
2025-26,0022500140,3,373,373,4,5,1,0,OFFENSE_INCOMPLETE,NO
2025-26,0022500140,3,374,374,5,4,0,1,DEFENSE_INCOMPLETE,NO
2025-26,0022500140,3,377,377,4,5,1,0,OFFENSE_INCOMPLETE,NO
2025-26,0022500140,3,380,381,5,4,0,1,DEFENSE_INCOMPLETE,NO
2025-26,0022500140,3,382,382,4,5,1,0,OFFENSE_INCOMPLETE,NO
2025-26,0022500140,3,385,385,5,4,0,1,DEFENSE_INCOMPLETE,NO
2025-26,0022500140,3,387,387,4,5,1,0,OFFENSE_INCOMPLETE,NO
2025-26,0022500140,3,391,391,5,4,0,1,DEFENSE_INCOMPLETE,NO
2025-26,0022500140,3,392,393,4,5,1,0,OFFENSE_INCOMPLETE,NO
2025-26,0022500140,3,398,398,5,4,0,1,DEFENSE_INCOMPLETE,NO
2025-26,0022500140,3,402,403,4,5,1,0,OFFENSE_INCOMPLETE,NO
2025-26,0022500140,3,404,404,5,4,0,1,DEFENSE_INCOMPLETE,NO
2025-26,0022500140,3,406,406,4,5,1,0,OFFENSE_INCOMPLETE,NO
2025-26,0022500140,3,410,411,5,4,0,1,DEFENSE_INCOMPLETE,NO
2025-26,0022500140,3,412,413,4,5,1,0,OFFENSE_INCOMPLETE,NO
2025-26,0022500140,3,414,415,5,4,0,1,DEFENSE_INCOMPLETE,NO
2025-26,0022500140,3,416,416,4,5,1,0,OFFENSE_INCOMPLETE,NO
2025-26,0022500140,3,417,417,5,4,0,1,DEFENSE_INCOMPLETE,NO
2025-26,0022500140,3,418,421,4,5,1,0,OFFENSE_INCOMPLETE,NO
2025-26,0022500140,3,428,428,5,4,0,1,DEFENSE_INCOMPLETE,NO
2025-26,0022500140,3,430,431,4,5,1,0,OFFENSE_INCOMPLETE,NO
2025-26,0022500140,3,434,437,5,4,0,1,DEFENSE_INCOMPLETE,NO
2025-26,0022500144,3,403,404,4,5,1,0,OFFENSE_INCOMPLETE,NO
2025-26,0022500144,3,405,407,5,4,0,1,DEFENSE_INCOMPLETE,NO
2025-26,0022500144,3,408,408,4,5,1,0,OFFENSE_INCOMPLETE,NO
2025-26,0022500144,3,413,413,5,4,0,1,DEFENSE_INCOMPLETE,NO
2025-26,0022500144,3,415,415,4,5,1,0,OFFENSE_INCOMPLETE,NO
2025-26,0022500159,2,171,172,5,4,0,1,DEFENSE_INCOMPLETE,NO
2025-26,0022500159,2,173,173,4,5,1,0,OFFENSE_INCOMPLETE,NO
2025-26,0022500159,2,174,174,5,4,0,1,DEFENSE_INCOMPLETE,NO
2025-26,0022500159,2,177,178,4,5,1,0,OFFENSE_INCOMPLETE,NO
2025-26,0022500159,2,179,179,5,4,0,1,DEFENSE_INCOMPLETE,NO
2025-26,0022500159,2,181,181,4,5,1,0,OFFENSE_INCOMPLETE,NO
2025-26,0022500159,2,183,184,5,4,0,1,DEFENSE_INCOMPLETE,NO
2025-26,0022500159,2,185,186,4,5,1,0,OFFENSE_INCOMPLETE,NO
2025-26,0022500159,2,188,190,5,4,0,1,DEFENSE_INCOMPLETE,NO
2025-26,0022500159,2,193,197,4,5,1,0,OFFENSE_INCOMPLETE,NO
2025-26,0022500159,2,199,200,5,4,0,1,DEFENSE_INCOMPLETE,NO
2025-26,0022500159,2,201,201,4,5,1,0,OFFENSE_INCOMPLETE,NO
2025-26,0022500159,2,203,203,5,4,0,1,DEFENSE_INCOMPLETE,NO
2025-26,0022500167,3,385,386,5,4,0,1,DEFENSE_INCOMPLETE,NO
2025-26,0022500167,3,387,388,4,5,1,0,OFFENSE_INCOMPLETE,NO
2025-26,0022500167,3,390,390,5,4,0,1,DEFENSE_INCOMPLETE,NO
2025-26,0022500167,3,392,394,4,5,1,0,OFFENSE_INCOMPLETE,NO
2025-26,0022500167,3,395,395,5,4,0,1,DEFENSE_INCOMPLETE,NO
2025-26,0022500167,3,397,397,4,5,1,0,OFFENSE_INCOMPLETE,NO
2025-26,0022500167,3,399,399,5,4,0,1,DEFENSE_INCOMPLETE,NO
2025-26,0022500167,3,401,401,4,5,1,0,OFFENSE_INCOMPLETE,NO
2025-26,0022500167,3,403,403,5,4,0,1,DEFENSE_INCOMPLETE,NO
2025-26,0022500167,3,404,409,4,5,1,0,OFFENSE_INCOMPLETE,NO
2025-26,0022500167,3,410,411,5,4,0,1,DEFENSE_INCOMPLETE,NO
2025-26,0022500167,3,413,413,4,5,1,0,OFFENSE_INCOMPLETE,NO
2025-26,0022500167,3,417,418,5,4,0,1,DEFENSE_INCOMPLETE,NO
2025-26,0022500167,3,421,421,4,5,1,0,OFFENSE_INCOMPLETE,NO
2025-26,0022500167,3,422,422,5,4,0,1,DEFENSE_INCOMPLETE,NO
2025-26,0022500167,3,424,425,4,5,1,0,OFFENSE_INCOMPLETE,NO
2025-26,0022500167,3,426,426,5,4,0,1,DEFENSE_INCOMPLETE,NO
2025-26,0022500167,3,428,428,4,5,1,0,OFFENSE_INCOMPLETE,NO
2025-26,0022500167,3,429,430,5,4,0,1,DEFENSE_INCOMPLETE,NO
2025-26,0022500167,3,432,432,4,5,1,0,OFFENSE_INCOMPLETE,NO
2025-26,0022500167,3,436,438,5,4,0,1,DEFENSE_INCOMPLETE,NO
2025-26,0022500167,3,439,440,4,5,1,0,OFFENSE_INCOMPLETE,NO
2025-26,0022500167,3,441,442,5,4,0,1,DEFENSE_INCOMPLETE,NO
2025-26,0022500167,3,443,444,4,5,1,0,OFFENSE_INCOMPLETE,NO
2025-26,0022500167,3,447,447,5,4,0,1,DEFENSE_INCOMPLETE,NO
2025-26,0022500167,3,448,449,4,5,1,0,OFFENSE_INCOMPLETE,NO
2025-26,0022500167,3,450,450,5,4,0,1,DEFENSE_INCOMPLETE,NO
2025-26,0022500167,3,452,452,4,5,1,0,OFFENSE_INCOMPLETE,NO
2025-26,0022500167,3,453,454,5,4,0,1,DEFENSE_INCOMPLETE,NO
2025-26,0022500167,3,455,455,4,5,1,0,OFFENSE_INCOMPLETE,NO
2025-26,0022500167,3,457,457,5,4,0,1,DEFENSE_INCOMPLETE,NO
2025-26,0022500167,3,461,461,4,5,1,0,OFFENSE_INCOMPLETE,NO
2025-26,0022500168,2,359,360,4,5,1,0,OFFENSE_INCOMPLETE,NO
2025-26,0022500168,3,364,365,4,5,1,0,OFFENSE_INCOMPLETE,NO
2025-26,0022500168,3,368,368,5,4,0,1,DEFENSE_INCOMPLETE,NO
2025-26,0022500168,3,369,370,4,5,1,0,OFFENSE_INCOMPLETE,NO
2025-26,0022500168,3,371,376,5,4,0,1,DEFENSE_INCOMPLETE,NO
2025-26,0022500168,3,377,377,4,5,1,0,OFFENSE_INCOMPLETE,NO
2025-26,0022500168,3,379,379,5,4,0,1,DEFENSE_INCOMPLETE,NO
2025-26,0022500168,3,380,381,4,5,1,0,OFFENSE_INCOMPLETE,NO
2025-26,0022500168,3,384,386,5,4,0,1,DEFENSE_INCOMPLETE,NO
2025-26,0022500168,3,389,390,4,5,1,0,OFFENSE_INCOMPLETE,NO
2025-26,0022500168,3,392,393,5,4,0,1,DEFENSE_INCOMPLETE,NO
2025-26,0022500168,3,394,396,4,5,1,0,OFFENSE_INCOMPLETE,NO
2025-26,0022500168,3,397,397,5,4,0,1,DEFENSE_INCOMPLETE,NO
2025-26,0022500168,3,398,399,4,5,1,0,OFFENSE_INCOMPLETE,NO
2025-26,0022500168,3,400,400,5,4,0,1,DEFENSE_INCOMPLETE,NO
2025-26,0022500168,3,401,403,4,5,1,0,OFFENSE_INCOMPLETE,NO
2025-26,0022500170,3,500,500,4,5,1,0,OFFENSE_INCOMPLETE,NO
2025-26,0022500170,3,502,503,5,4,0,1,DEFENSE_INCOMPLETE,NO
2025-26,0022500170,3,504,504,4,5,1,0,OFFENSE_INCOMPLETE,NO
2025-26,0022500170,3,505,505,5,4,0,1,DEFENSE_INCOMPLETE,NO
2025-26,0022500170,3,507,509,4,5,1,0,OFFENSE_INCOMPLETE,NO
2025-26,0022500171,4,746,747,5,4,0,1,DEFENSE_INCOMPLETE,NO
2025-26,0022500176,1,176,177,4,4,1,1,BOTH_SIDES_INCOMPLETE,NO
2025-26,0022500176,1,179,180,4,4,1,1,BOTH_SIDES_INCOMPLETE,NO
2025-26,0022500179,3,370,372,5,4,0,1,DEFENSE_INCOMPLETE,NO
2025-26,0022500179,3,378,379,4,5,1,0,OFFENSE_INCOMPLETE,NO
2025-26,0022500179,3,382,382,5,4,0,1,DEFENSE_INCOMPLETE,NO
2025-26,0022500179,3,384,387,4,5,1,0,OFFENSE_INCOMPLETE,NO
2025-26,0022500179,3,388,389,5,4,0,1,DEFENSE_INCOMPLETE,NO
2025-26,0022500179,3,391,392,4,5,1,0,OFFENSE_INCOMPLETE,NO
2025-26,0022500179,3,393,393,5,4,0,1,DEFENSE_INCOMPLETE,NO
2025-26,0022500179,3,395,395,4,5,1,0,OFFENSE_INCOMPLETE,NO
2025-26,0022500179,3,396,396,5,4,0,1,DEFENSE_INCOMPLETE,NO
2025-26,0022500179,3,399,399,4,5,1,0,OFFENSE_INCOMPLETE,NO
2025-26,0022500179,3,401,401,5,4,0,1,DEFENSE_INCOMPLETE,NO
2025-26,0022500179,3,402,403,4,5,1,0,OFFENSE_INCOMPLETE,NO
2025-26,0022500179,3,404,405,5,4,0,1,DEFENSE_INCOMPLETE,NO
2025-26,0022500179,3,406,406,4,5,1,0,OFFENSE_INCOMPLETE,NO
2025-26,0022500179,3,408,409,5,4,0,1,DEFENSE_INCOMPLETE,NO
2025-26,0022500179,3,410,410,4,5,1,0,OFFENSE_INCOMPLETE,NO
2025-26,0022500179,3,413,414,5,4,0,1,DEFENSE_INCOMPLETE,NO
2025-26,0022500179,3,415,417,4,5,1,0,OFFENSE_INCOMPLETE,NO
2025-26,0022500179,3,418,418,5,4,0,1,DEFENSE_INCOMPLETE,NO
2025-26,0022500179,3,419,419,4,5,1,0,OFFENSE_INCOMPLETE,NO
2025-26,0022500179,3,421,421,5,4,0,1,DEFENSE_INCOMPLETE,NO
2025-26,0022500179,3,426,426,4,5,1,0,OFFENSE_INCOMPLETE,NO
2025-26,0022500179,3,427,427,5,4,0,1,DEFENSE_INCOMPLETE,NO
2025-26,0022500179,3,431,432,4,5,1,0,OFFENSE_INCOMPLETE,NO
2025-26,0022500179,3,436,437,5,4,0,1,DEFENSE_INCOMPLETE,NO
2025-26,0022500179,3,438,438,4,5,1,0,OFFENSE_INCOMPLETE,NO
2025-26,0022500179,3,440,441,5,4,0,1,DEFENSE_INCOMPLETE,NO
2025-26,0022500179,3,444,450,4,5,1,0,OFFENSE_INCOMPLETE,NO
2025-26,0022500179,3,451,451,5,4,0,1,DEFENSE_INCOMPLETE,NO
2025-26,0022500179,3,455,458,4,5,1,0,OFFENSE_INCOMPLETE,NO
2025-26,0022500179,3,459,460,5,4,0,1,DEFENSE_INCOMPLETE,NO
2025-26,0022500179,3,463,463,4,5,1,0,OFFENSE_INCOMPLETE,NO
2025-26,0022500179,3,464,465,5,4,0,1,DEFENSE_INCOMPLETE,NO
2025-26,0022500179,3,468,469,4,5,1,0,OFFENSE_INCOMPLETE,NO
2025-26,0022500179,3,470,470,5,4,0,1,DEFENSE_INCOMPLETE,NO
2025-26,0022500179,3,475,482,4,5,1,0,OFFENSE_INCOMPLETE,NO
2025-26,0022500179,3,485,488,5,4,0,1,DEFENSE_INCOMPLETE,NO
2025-26,0022500179,3,489,489,4,5,1,0,OFFENSE_INCOMPLETE,NO
2025-26,0022500179,3,491,491,5,4,0,1,DEFENSE_INCOMPLETE,NO
2025-26,0022500179,3,492,497,4,5,1,0,OFFENSE_INCOMPLETE,NO
2025-26,0022500179,3,498,505,5,4,0,1,DEFENSE_INCOMPLETE,NO
2025-26,0022500179,3,506,510,4,5,1,0,OFFENSE_INCOMPLETE,NO
2025-26,0022500179,3,511,511,5,4,0,1,DEFENSE_INCOMPLETE,NO
2025-26,0022500179,3,515,520,4,5,1,0,OFFENSE_INCOMPLETE,NO
2025-26,0022500180,3,417,418,5,4,0,1,DEFENSE_INCOMPLETE,NO
2025-26,0022500180,3,419,422,4,5,1,0,OFFENSE_INCOMPLETE,NO
2025-26,0022500180,3,426,426,5,4,0,1,DEFENSE_INCOMPLETE,NO
2025-26,0022500180,3,427,428,4,5,1,0,OFFENSE_INCOMPLETE,NO
2025-26,0022500180,3,429,429,5,4,0,1,DEFENSE_INCOMPLETE,NO
2025-26,0022500180,3,432,432,4,5,1,0,OFFENSE_INCOMPLETE,NO
2025-26,0022500180,3,437,438,5,4,0,1,DEFENSE_INCOMPLETE,NO
2025-26,0022500180,3,439,439,4,5,1,0,OFFENSE_INCOMPLETE,NO
2025-26,0022500180,3,441,442,5,4,0,1,DEFENSE_INCOMPLETE,NO
2025-26,0022500180,3,443,445,4,5,1,0,OFFENSE_INCOMPLETE,NO
2025-26,0022500180,3,447,447,5,4,0,1,DEFENSE_INCOMPLETE,NO
2025-26,0022500180,3,449,450,4,5,1,0,OFFENSE_INCOMPLETE,NO
2025-26,0022500180,3,451,454,5,4,0,1,DEFENSE_INCOMPLETE,NO
2025-26,0022500180,3,455,456,4,5,1,0,OFFENSE_INCOMPLETE,NO
2025-26,0022500180,3,457,457,5,4,0,1,DEFENSE_INCOMPLETE,NO
2025-26,0022500180,3,459,459,4,5,1,0,OFFENSE_INCOMPLETE,NO
2025-26,0022500180,3,462,463,5,4,0,1,DEFENSE_INCOMPLETE,NO
2025-26,0022500180,3,464,465,4,5,1,0,OFFENSE_INCOMPLETE,NO
2025-26,0022500180,3,470,470,5,4,0,1,DEFENSE_INCOMPLETE,NO
2025-26,0022500180,3,472,472,4,5,1,0,OFFENSE_INCOMPLETE,NO
2025-26,0022500180,3,474,474,5,4,0,1,DEFENSE_INCOMPLETE,NO
2025-26,0022500180,3,476,486,4,5,1,0,OFFENSE_INCOMPLETE,NO
2025-26,0022500180,3,487,487,5,4,0,1,DEFENSE_INCOMPLETE,NO
2025-26,0022500180,3,488,495,4,5,1,0,OFFENSE_INCOMPLETE,NO
2025-26,0022500180,3,496,498,5,4,0,1,DEFENSE_INCOMPLETE,NO
2025-26,0022500180,3,499,501,4,5,1,0,OFFENSE_INCOMPLETE,NO
2025-26,0022500180,3,503,503,5,4,0,1,DEFENSE_INCOMPLETE,NO
2025-26,0022500180,3,507,507,4,5,1,0,OFFENSE_INCOMPLETE,NO
2025-26,0022500180,3,509,510,5,4,0,1,DEFENSE_INCOMPLETE,NO
2025-26,0022500180,3,511,512,4,5,1,0,OFFENSE_INCOMPLETE,NO
2025-26,0022500180,3,513,514,5,4,0,1,DEFENSE_INCOMPLETE,NO
2025-26,0022500180,3,515,517,4,5,1,0,OFFENSE_INCOMPLETE,NO
2025-26,0022500180,3,523,524,5,4,0,1,DEFENSE_INCOMPLETE,NO
2025-26,0022500180,3,525,525,4,5,1,0,OFFENSE_INCOMPLETE,NO
2025-26,0022500180,3,526,527,5,4,0,1,DEFENSE_INCOMPLETE,NO
2025-26,0022500180,3,530,535,4,5,1,0,OFFENSE_INCOMPLETE,NO
2025-26,0022500181,2,339,340,4,5,1,0,OFFENSE_INCOMPLETE,NO
2025-26,0022500181,2,341,343,5,4,0,1,DEFENSE_INCOMPLETE,NO
2025-26,0022500181,3,356,357,5,4,0,1,DEFENSE_INCOMPLETE,NO
2025-26,0022500181,3,358,359,4,5,1,0,OFFENSE_INCOMPLETE,NO
2025-26,0022500181,3,360,365,5,4,0,1,DEFENSE_INCOMPLETE,NO
2025-26,0022500181,3,366,366,4,5,1,0,OFFENSE_INCOMPLETE,NO
2025-26,0022500181,3,368,368,5,4,0,1,DEFENSE_INCOMPLETE,NO
2025-26,0022500181,3,370,371,4,5,1,0,OFFENSE_INCOMPLETE,NO
2025-26,0022500181,3,372,374,5,4,0,1,DEFENSE_INCOMPLETE,NO
2025-26,0022500181,3,376,378,4,5,1,0,OFFENSE_INCOMPLETE,NO
2025-26,0022500181,3,380,380,5,4,0,1,DEFENSE_INCOMPLETE,NO
2025-26,0022500181,3,381,381,4,5,1,0,OFFENSE_INCOMPLETE,NO
2025-26,0022500181,3,384,385,5,4,0,1,DEFENSE_INCOMPLETE,NO
2025-26,0022500181,3,386,386,4,5,1,0,OFFENSE_INCOMPLETE,NO
2025-26,0022500181,3,396,399,5,4,0,1,DEFENSE_INCOMPLETE,NO
2025-26,0022500181,3,398,398,4,5,1,0,OFFENSE_INCOMPLETE,NO
2025-26,0022500181,3,402,402,5,4,0,1,DEFENSE_INCOMPLETE,NO
2025-26,0022500181,3,403,404,4,5,1,0,OFFENSE_INCOMPLETE,NO
2025-26,0022500181,3,405,405,5,4,0,1,DEFENSE_INCOMPLETE,NO
2025-26,0022500181,3,406,406,4,5,1,0,OFFENSE_INCOMPLETE,NO
2025-26,0022500181,3,408,408,5,4,0,1,DEFENSE_INCOMPLETE,NO
2025-26,0022500181,3,411,412,4,5,1,0,OFFENSE_INCOMPLETE,NO
2025-26,0022500181,3,413,415,5,4,0,1,DEFENSE_INCOMPLETE,NO
2025-26,0022500181,3,416,417,4,5,1,0,OFFENSE_INCOMPLETE,NO
2025-26,0022500181,3,420,423,5,4,0,1,DEFENSE_INCOMPLETE,NO
2025-26,0022500181,3,424,425,4,5,1,0,OFFENSE_INCOMPLETE,NO
2025-26,0022500181,3,426,426,5,4,0,1,DEFENSE_INCOMPLETE,NO
2025-26,0022500181,3,427,434,4,5,1,0,OFFENSE_INCOMPLETE,NO
2025-26,0022500181,3,435,435,5,4,0,1,DEFENSE_INCOMPLETE,NO
2025-26,0022500181,3,437,453,4,5,1,0,OFFENSE_INCOMPLETE,NO
2025-26,0022500181,3,454,455,5,4,0,1,DEFENSE_INCOMPLETE,NO
2025-26,0022500181,3,456,456,4,5,1,0,OFFENSE_INCOMPLETE,NO
2025-26,0022500181,3,458,458,5,4,0,1,DEFENSE_INCOMPLETE,NO
2025-26,0022500181,3,460,460,4,5,1,0,OFFENSE_INCOMPLETE,NO
2025-26,0022500181,3,463,465,5,4,0,1,DEFENSE_INCOMPLETE,NO
2025-26,0022500181,3,466,467,4,5,1,0,OFFENSE_INCOMPLETE,NO
2025-26,0022500181,3,468,468,5,4,0,1,DEFENSE_INCOMPLETE,NO
2025-26,0022500181,4,747,747,4,5,1,0,OFFENSE_INCOMPLETE,NO
2025-26,0022500181,4,760,763,5,4,0,1,DEFENSE_INCOMPLETE,NO
2025-26,0022500181,4,764,766,4,5,1,0,OFFENSE_INCOMPLETE,NO
2025-26,0022500182,3,467,471,5,4,0,1,DEFENSE_INCOMPLETE,NO
2025-26,0022500182,3,472,473,4,5,1,0,OFFENSE_INCOMPLETE,NO
2025-26,0022500182,3,474,474,5,4,0,1,DEFENSE_INCOMPLETE,NO
2025-26,0022500182,3,476,476,4,5,1,0,OFFENSE_INCOMPLETE,NO
2025-26,0022500182,3,479,480,5,4,0,1,DEFENSE_INCOMPLETE,NO
2025-26,0022500182,3,481,482,4,5,1,0,OFFENSE_INCOMPLETE,NO
2025-26,0022500182,3,483,490,5,4,0,1,DEFENSE_INCOMPLETE,NO
2025-26,0022500182,3,491,496,4,5,1,0,OFFENSE_INCOMPLETE,NO
2025-26,0022500182,3,496,509,4,5,1,0,OFFENSE_INCOMPLETE,NO
2025-26,0022500182,3,512,519,5,4,0,1,DEFENSE_INCOMPLETE,NO
2025-26,0022500182,3,520,520,4,5,1,0,OFFENSE_INCOMPLETE,NO
2025-26,0022500182,3,523,524,5,4,0,1,DEFENSE_INCOMPLETE,NO
2025-26,0022500185,3,424,425,5,4,0,1,DEFENSE_INCOMPLETE,NO
2025-26,0022500185,3,426,427,4,5,1,0,OFFENSE_INCOMPLETE,NO
2025-26,0022500185,3,428,429,5,4,0,1,DEFENSE_INCOMPLETE,NO
2025-26,0022500185,3,430,431,4,5,1,0,OFFENSE_INCOMPLETE,NO
2025-26,0022500185,3,432,432,5,4,0,1,DEFENSE_INCOMPLETE,NO
2025-26,0022500185,3,434,434,4,5,1,0,OFFENSE_INCOMPLETE,NO
2025-26,0022500185,3,436,437,5,4,0,1,DEFENSE_INCOMPLETE,NO
2025-26,0022500185,3,438,438,4,5,1,0,OFFENSE_INCOMPLETE,NO
2025-26,0022500185,3,445,445,5,4,0,1,DEFENSE_INCOMPLETE,NO
2025-26,0022500185,3,450,450,4,5,1,0,OFFENSE_INCOMPLETE,NO
2025-26,0022500185,3,452,452,5,4,0,1,DEFENSE_INCOMPLETE,NO
2025-26,0022500185,3,454,454,4,5,1,0,OFFENSE_INCOMPLETE,NO
2025-26,0022500185,3,456,459,5,4,0,1,DEFENSE_INCOMPLETE,NO
2025-26,0022500185,3,460,462,4,5,1,0,OFFENSE_INCOMPLETE,NO
2025-26,0022500185,3,463,466,5,4,0,1,DEFENSE_INCOMPLETE,NO
2025-26,0022500185,3,467,468,4,5,1,0,OFFENSE_INCOMPLETE,NO
2025-26,0022500185,3,470,470,5,4,0,1,DEFENSE_INCOMPLETE,NO
2025-26,0022500185,3,471,480,4,5,1,0,OFFENSE_INCOMPLETE,NO
2025-26,0022500189,1,85,85,5,4,0,1,DEFENSE_INCOMPLETE,NO
2025-26,0022500189,1,89,90,4,5,1,0,OFFENSE_INCOMPLETE,NO
2025-26,0022500189,1,91,91,5,4,0,1,DEFENSE_INCOMPLETE,NO
2025-26,0022500189,1,93,96,4,5,1,0,OFFENSE_INCOMPLETE,NO
2025-26,0022500189,1,98,99,4,5,1,0,OFFENSE_INCOMPLETE,NO
2025-26,0022500189,1,102,111,5,4,0,1,DEFENSE_INCOMPLETE,NO
2025-26,0022500191,3,462,464,4,5,1,0,OFFENSE_INCOMPLETE,NO
2025-26,0022500191,3,465,465,5,4,0,1,DEFENSE_INCOMPLETE,NO
2025-26,0022500191,3,467,467,4,5,1,0,OFFENSE_INCOMPLETE,NO
2025-26,0022500191,3,469,473,5,4,0,1,DEFENSE_INCOMPLETE,NO
2025-26,0022500191,3,474,475,4,5,1,0,OFFENSE_INCOMPLETE,NO
2025-26,0022500191,3,478,482,5,4,0,1,DEFENSE_INCOMPLETE,NO
2025-26,0022500192,4,523,523,5,4,0,1,DEFENSE_INCOMPLETE,NO
2025-26,0022500192,4,524,525,4,5,1,0,OFFENSE_INCOMPLETE,NO
2025-26,0022500192,4,526,529,5,4,0,1,DEFENSE_INCOMPLETE,NO
2025-26,0022500192,4,530,533,4,5,1,0,OFFENSE_INCOMPLETE,NO
2025-26,0022500192,4,534,535,5,4,0,1,DEFENSE_INCOMPLETE,NO
2025-26,0022500192,4,536,537,4,5,1,0,OFFENSE_INCOMPLETE,NO
2025-26,0022500194,3,368,368,5,4,0,1,DEFENSE_INCOMPLETE,NO
2025-26,0022500194,3,370,371,4,5,1,0,OFFENSE_INCOMPLETE,NO
2025-26,0022500194,3,372,375,5,4,0,1,DEFENSE_INCOMPLETE,NO
2025-26,0022500194,3,378,380,4,5,1,0,OFFENSE_INCOMPLETE,NO
2025-26,0022500194,3,381,382,5,4,0,1,DEFENSE_INCOMPLETE,NO
2025-26,0022500194,3,383,383,4,5,1,0,OFFENSE_INCOMPLETE,NO
2025-26,0022500194,3,385,386,5,4,0,1,DEFENSE_INCOMPLETE,NO
2025-26,0022500194,3,387,388,4,5,1,0,OFFENSE_INCOMPLETE,NO
2025-26,0022500194,3,391,391,5,4,0,1,DEFENSE_INCOMPLETE,NO
2025-26,0022500194,3,394,396,4,5,1,0,OFFENSE_INCOMPLETE,NO
2025-26,0022500194,3,397,397,5,4,0,1,DEFENSE_INCOMPLETE,NO
2025-26,0022500194,3,421,403,4,5,1,0,OFFENSE_INCOMPLETE,NO
2025-26,0022500194,3,403,406,4,5,1,0,OFFENSE_INCOMPLETE,NO
2025-26,0022500194,3,408,409,5,4,0,1,DEFENSE_INCOMPLETE,NO
2025-26,0022500194,3,410,410,4,5,1,0,OFFENSE_INCOMPLETE,NO
2025-26,0022500194,3,411,412,5,4,0,1,DEFENSE_INCOMPLETE,NO
2025-26,0022500194,3,414,414,4,5,1,0,OFFENSE_INCOMPLETE,NO
2025-26,0022500194,3,415,416,5,4,0,1,DEFENSE_INCOMPLETE,NO
2025-26,0022500194,3,417,418,4,5,1,0,OFFENSE_INCOMPLETE,NO
2025-26,0022500194,3,428,429,5,4,0,1,DEFENSE_INCOMPLETE,NO
2025-26,0022500194,3,430,430,4,5,1,0,OFFENSE_INCOMPLETE,NO
2025-26,0022500194,3,432,433,5,4,0,1,DEFENSE_INCOMPLETE,NO
2025-26,0022500194,3,436,437,4,5,1,0,OFFENSE_INCOMPLETE,NO
2025-26,0022500194,3,438,439,5,4,0,1,DEFENSE_INCOMPLETE,NO
2025-26,0022500194,3,440,441,4,5,1,0,OFFENSE_INCOMPLETE,NO
2025-26,0022500194,3,442,442,5,4,0,1,DEFENSE_INCOMPLETE,NO
2025-26,0022500194,3,444,444,4,5,1,0,OFFENSE_INCOMPLETE,NO
2025-26,0022500194,3,446,447,5,4,0,1,DEFENSE_INCOMPLETE,NO
2025-26,0022500194,3,448,448,4,5,1,0,OFFENSE_INCOMPLETE,NO
2025-26,0022500194,3,450,451,5,4,0,1,DEFENSE_INCOMPLETE,NO
2025-26,0022500194,3,455,455,4,5,1,0,OFFENSE_INCOMPLETE,NO
2025-26,0022500194,3,464,464,5,4,0,1,DEFENSE_INCOMPLETE,NO
2025-26,0022500194,3,470,473,4,5,1,0,OFFENSE_INCOMPLETE,NO
2025-26,0022500194,3,474,474,5,4,0,1,DEFENSE_INCOMPLETE,NO
2025-26,0022500194,3,476,476,4,5,1,0,OFFENSE_INCOMPLETE,NO
2025-26,0022500194,3,477,478,5,4,0,1,DEFENSE_INCOMPLETE,NO
2025-26,0022500194,3,481,486,4,5,1,0,OFFENSE_INCOMPLETE,NO
2025-26,0022500196,3,375,376,4,5,1,0,OFFENSE_INCOMPLETE,NO
2025-26,0022500196,3,379,379,5,4,0,1,DEFENSE_INCOMPLETE,NO
2025-26,0022500196,3,382,382,4,5,1,0,OFFENSE_INCOMPLETE,NO
2025-26,0022500196,3,384,385,5,4,0,1,DEFENSE_INCOMPLETE,NO
2025-26,0022500196,3,386,387,4,5,1,0,OFFENSE_INCOMPLETE,NO
2025-26,0022500196,3,388,391,5,4,0,1,DEFENSE_INCOMPLETE,NO
2025-26,0022500196,3,392,392,4,5,1,0,OFFENSE_INCOMPLETE,NO
2025-26,0022500196,3,393,394,5,4,0,1,DEFENSE_INCOMPLETE,NO
2025-26,0022500196,3,395,396,4,5,1,0,OFFENSE_INCOMPLETE,NO
2025-26,0022500196,3,397,398,5,4,0,1,DEFENSE_INCOMPLETE,NO
2025-26,0022500196,3,402,402,4,5,1,0,OFFENSE_INCOMPLETE,NO
2025-26,0022500196,3,405,406,5,4,0,1,DEFENSE_INCOMPLETE,NO
2025-26,0022500196,3,407,408,4,5,1,0,OFFENSE_INCOMPLETE,NO
2025-26,0022500196,3,409,416,5,4,0,1,DEFENSE_INCOMPLETE,NO
2025-26,0022500196,3,417,417,4,5,1,0,OFFENSE_INCOMPLETE,NO
2025-26,0022500196,3,419,419,5,4,0,1,DEFENSE_INCOMPLETE,NO
2025-26,0022500196,3,420,423,4,5,1,0,OFFENSE_INCOMPLETE,NO
2025-26,0022500196,3,424,424,5,4,0,1,DEFENSE_INCOMPLETE,NO
2025-26,0022500196,3,426,426,4,5,1,0,OFFENSE_INCOMPLETE,NO
2025-26,0022500196,3,429,436,5,4,0,1,DEFENSE_INCOMPLETE,NO
2025-26,0022500196,3,439,440,4,5,1,0,OFFENSE_INCOMPLETE,NO
2025-26,0022500196,3,441,441,5,4,0,1,DEFENSE_INCOMPLETE,NO
2025-26,0022500196,3,442,445,4,5,1,0,OFFENSE_INCOMPLETE,NO
2025-26,0022500196,3,446,448,5,4,0,1,DEFENSE_INCOMPLETE,NO
2025-26,0022500196,3,449,449,4,5,1,0,OFFENSE_INCOMPLETE,NO
2025-26,0022500196,4,673,674,5,4,0,1,DEFENSE_INCOMPLETE,NO
2025-26,0022500196,4,675,677,4,5,1,0,OFFENSE_INCOMPLETE,NO
2025-26,0022500204,1,97,101,5,4,0,1,DEFENSE_INCOMPLETE,NO
2025-26,0022500204,1,102,103,4,5,1,0,OFFENSE_INCOMPLETE,NO
2025-26,0022500204,1,104,104,5,4,0,1,DEFENSE_INCOMPLETE,NO
2025-26,0022500204,1,111,114,4,5,1,0,OFFENSE_INCOMPLETE,NO
2025-26,0022500204,1,115,115,5,4,0,1,DEFENSE_INCOMPLETE,NO
2025-26,0022500204,1,117,117,4,5,1,0,OFFENSE_INCOMPLETE,NO
2025-26,0022500204,1,121,122,5,4,0,1,DEFENSE_INCOMPLETE,NO
2025-26,0022500204,1,123,124,4,5,1,0,OFFENSE_INCOMPLETE,NO
2025-26,0022500204,1,125,126,5,4,0,1,DEFENSE_INCOMPLETE,NO
2025-26,0022500204,1,127,127,4,5,1,0,OFFENSE_INCOMPLETE,NO
2025-26,0022500204,1,129,152,5,4,0,1,DEFENSE_INCOMPLETE,NO
2025-26,0022500204,1,131,132,4,5,1,0,OFFENSE_INCOMPLETE,NO
2025-26,0022500204,1,133,133,5,4,0,1,DEFENSE_INCOMPLETE,NO
2025-26,0022500204,1,135,136,4,5,1,0,OFFENSE_INCOMPLETE,NO
2025-26,0022500204,1,140,145,5,4,0,1,DEFENSE_INCOMPLETE,NO
2025-26,0022500226,2,179,179,4,5,1,0,OFFENSE_INCOMPLETE,NO
2025-26,0022500226,2,181,181,5,4,0,1,DEFENSE_INCOMPLETE,NO
2025-26,0022500226,2,182,183,4,5,1,0,OFFENSE_INCOMPLETE,NO
2025-26,0022500226,2,184,185,5,4,0,1,DEFENSE_INCOMPLETE,NO
2025-26,0022500226,2,186,186,4,5,1,0,OFFENSE_INCOMPLETE,NO
2025-26,0022500226,2,187,187,5,4,0,1,DEFENSE_INCOMPLETE,NO
2025-26,0022500226,2,189,189,4,5,1,0,OFFENSE_INCOMPLETE,NO
2025-26,0022500226,2,191,192,5,4,0,1,DEFENSE_INCOMPLETE,NO
2025-26,0022500226,2,193,199,4,5,1,0,OFFENSE_INCOMPLETE,NO
2025-26,0022500226,2,201,202,5,4,0,1,DEFENSE_INCOMPLETE,NO
2025-26,0022500226,2,204,204,4,5,1,0,OFFENSE_INCOMPLETE,NO
2025-26,0022500226,2,206,207,5,4,0,1,DEFENSE_INCOMPLETE,NO
2025-26,0022500226,2,208,208,4,5,1,0,OFFENSE_INCOMPLETE,NO
2025-26,0022500226,2,214,217,5,4,0,1,DEFENSE_INCOMPLETE,NO
2025-26,0022500226,2,218,218,4,5,1,0,OFFENSE_INCOMPLETE,NO
2025-26,0022500232,2,253,253,4,5,1,0,OFFENSE_INCOMPLETE,NO
2025-26,0022500232,2,254,254,4,5,1,0,OFFENSE_INCOMPLETE,NO
2025-26,0022500232,2,256,262,5,4,0,1,DEFENSE_INCOMPLETE,NO
2025-26,0022500232,2,263,265,5,4,0,1,DEFENSE_INCOMPLETE,NO
2025-26,0022500232,2,266,266,4,5,1,0,OFFENSE_INCOMPLETE,NO
2025-26,0022500232,2,268,269,5,4,0,1,DEFENSE_INCOMPLETE,NO
2025-26,0022500232,2,270,270,4,5,1,0,OFFENSE_INCOMPLETE,NO
2025-26,0022500232,2,279,279,5,4,0,1,DEFENSE_INCOMPLETE,NO
2025-26,0022500232,2,281,281,4,5,1,0,OFFENSE_INCOMPLETE,NO
2025-26,0022500232,2,283,283,5,4,0,1,DEFENSE_INCOMPLETE,NO
2025-26,0022500232,2,285,286,4,5,1,0,OFFENSE_INCOMPLETE,NO
2025-26,0022500232,2,288,289,5,4,0,1,DEFENSE_INCOMPLETE,NO
2025-26,0022500232,2,290,290,4,5,1,0,OFFENSE_INCOMPLETE,NO
2025-26,0022500232,2,291,291,5,4,0,1,DEFENSE_INCOMPLETE,NO
2025-26,0022500232,2,293,293,4,5,1,0,OFFENSE_INCOMPLETE,NO
2025-26,0022500232,2,302,302,5,4,0,1,DEFENSE_INCOMPLETE,NO
2025-26,0022500232,2,306,307,4,5,1,0,OFFENSE_INCOMPLETE,NO
2025-26,0022500232,2,308,308,5,4,0,1,DEFENSE_INCOMPLETE,NO
2025-26,0022500232,2,309,310,4,5,1,0,OFFENSE_INCOMPLETE,NO
2025-26,0022500232,2,311,311,5,4,0,1,DEFENSE_INCOMPLETE,NO
2025-26,0022500232,2,314,315,4,4,1,1,BOTH_SIDES_INCOMPLETE,NO
2025-26,0022500232,2,316,316,4,4,1,1,BOTH_SIDES_INCOMPLETE,NO
2025-26,0022500232,2,317,319,4,4,1,1,BOTH_SIDES_INCOMPLETE,NO
2025-26,0022500232,2,320,326,4,4,1,1,BOTH_SIDES_INCOMPLETE,NO
2025-26,0022500232,2,328,329,5,4,0,1,DEFENSE_INCOMPLETE,NO
2025-26,0022500232,2,330,330,4,5,1,0,OFFENSE_INCOMPLETE,NO
2025-26,0022500232,2,333,334,5,4,0,1,DEFENSE_INCOMPLETE,NO
2025-26,0022500232,2,335,336,4,5,1,0,OFFENSE_INCOMPLETE,NO
2025-26,0022500232,2,337,337,5,4,0,1,DEFENSE_INCOMPLETE,NO
2025-26,0022500232,2,339,339,4,5,1,0,OFFENSE_INCOMPLETE,NO
2025-26,0022500232,2,340,340,5,4,0,1,DEFENSE_INCOMPLETE,NO
2025-26,0022500237,3,451,452,5,4,0,1,DEFENSE_INCOMPLETE,NO
2025-26,0022500237,3,453,454,4,5,1,0,OFFENSE_INCOMPLETE,NO
2025-26,0022500237,3,455,457,5,4,0,1,DEFENSE_INCOMPLETE,NO
2025-26,0022500237,3,458,458,4,5,1,0,OFFENSE_INCOMPLETE,NO
2025-26,0022500237,3,460,460,5,4,0,1,DEFENSE_INCOMPLETE,NO
2025-26,0022500237,3,462,462,4,5,1,0,OFFENSE_INCOMPLETE,NO
2025-26,0022500237,3,464,464,5,4,0,1,DEFENSE_INCOMPLETE,NO
2025-26,0022500237,3,466,466,4,5,1,0,OFFENSE_INCOMPLETE,NO
2025-26,0022500237,3,468,478,5,4,0,1,DEFENSE_INCOMPLETE,NO
2025-26,0022500237,3,478,482,5,4,0,1,DEFENSE_INCOMPLETE,NO
2025-26,0022500237,3,483,485,4,5,1,0,OFFENSE_INCOMPLETE,NO
2025-26,0022500237,3,486,487,5,4,0,1,DEFENSE_INCOMPLETE,NO
2025-26,0022500237,3,488,488,4,5,1,0,OFFENSE_INCOMPLETE,NO
2025-26,0022500237,3,492,496,5,4,0,1,DEFENSE_INCOMPLETE,NO
2025-26,0022500237,3,497,497,4,5,1,0,OFFENSE_INCOMPLETE,NO
2025-26,0022500237,3,498,500,5,4,0,1,DEFENSE_INCOMPLETE,NO
2025-26,0022500237,3,501,501,4,5,1,0,OFFENSE_INCOMPLETE,NO
2025-26,0022500237,3,506,514,5,4,0,1,DEFENSE_INCOMPLETE,NO
2025-26,0022500237,3,515,515,4,5,1,0,OFFENSE_INCOMPLETE,NO
2025-26,0022500237,3,517,517,5,4,0,1,DEFENSE_INCOMPLETE,NO
2025-26,0022500237,3,519,521,4,5,1,0,OFFENSE_INCOMPLETE,NO
2025-26,0022500237,3,522,523,5,4,0,1,DEFENSE_INCOMPLETE,NO
2025-26,0022500237,3,524,536,4,5,1,0,OFFENSE_INCOMPLETE,NO
2025-26,0022500237,3,537,538,5,4,0,1,DEFENSE_INCOMPLETE,NO
2025-26,0022500237,3,539,539,4,5,1,0,OFFENSE_INCOMPLETE,NO
2025-26,0022500237,3,541,542,5,4,0,1,DEFENSE_INCOMPLETE,NO
2025-26,0022500237,3,543,543,4,5,1,0,OFFENSE_INCOMPLETE,NO
2025-26,0022500237,3,545,545,5,4,0,1,DEFENSE_INCOMPLETE,NO
2025-26,0022500237,3,547,548,4,5,1,0,OFFENSE_INCOMPLETE,NO
2025-26,0022500237,3,549,549,5,4,0,1,DEFENSE_INCOMPLETE,NO
2025-26,0022500237,3,550,552,4,5,1,0,OFFENSE_INCOMPLETE,NO
2025-26,0022500237,3,553,553,5,4,0,1,DEFENSE_INCOMPLETE,NO
2025-26,0022500237,3,561,561,4,5,1,0,OFFENSE_INCOMPLETE,NO
2025-26,0022500237,4,573,574,4,5,1,0,OFFENSE_INCOMPLETE,NO
2025-26,0022500237,4,575,579,5,4,0,1,DEFENSE_INCOMPLETE,NO
2025-26,0022500237,4,580,580,4,5,1,0,OFFENSE_INCOMPLETE,NO
2025-26,0022500237,4,582,582,5,4,0,1,DEFENSE_INCOMPLETE,NO
2025-26,0022500237,4,584,588,4,5,1,0,OFFENSE_INCOMPLETE,NO
2025-26,0022500237,4,591,592,5,4,0,1,DEFENSE_INCOMPLETE,NO
2025-26,0022500237,4,593,593,4,5,1,0,OFFENSE_INCOMPLETE,NO
2025-26,0022500237,4,596,596,5,4,0,1,DEFENSE_INCOMPLETE,NO
2025-26,0022500237,4,597,598,4,5,1,0,OFFENSE_INCOMPLETE,NO
2025-26,0022500237,4,600,600,5,4,0,1,DEFENSE_INCOMPLETE,NO
2025-26,0022500237,4,603,603,4,5,1,0,OFFENSE_INCOMPLETE,NO
2025-26,0022500237,4,606,607,5,4,0,1,DEFENSE_INCOMPLETE,NO
2025-26,0022500237,4,608,608,4,5,1,0,OFFENSE_INCOMPLETE,NO
2025-26,0022500237,4,610,610,5,4,0,1,DEFENSE_INCOMPLETE,NO
2025-26,0022500237,4,612,612,4,5,1,0,OFFENSE_INCOMPLETE,NO
2025-26,0022500237,4,613,613,5,4,0,1,DEFENSE_INCOMPLETE,NO
2025-26,0022500237,4,617,622,4,5,1,0,OFFENSE_INCOMPLETE,NO
2025-26,0022500237,4,623,624,5,4,0,1,DEFENSE_INCOMPLETE,NO
2025-26,0022500237,4,625,626,4,5,1,0,OFFENSE_INCOMPLETE,NO
2025-26,0022500237,4,627,627,5,4,0,1,DEFENSE_INCOMPLETE,NO
2025-26,0022500237,4,643,643,4,5,1,0,OFFENSE_INCOMPLETE,NO
2025-26,0022500237,4,645,648,5,4,0,1,DEFENSE_INCOMPLETE,NO
2025-26,0022500237,4,650,650,4,5,1,0,OFFENSE_INCOMPLETE,NO
2025-26,0022500237,4,652,652,5,4,0,1,DEFENSE_INCOMPLETE,NO
2025-26,0022500237,4,653,653,4,5,1,0,OFFENSE_INCOMPLETE,NO
2025-26,0022500237,4,655,657,5,4,0,1,DEFENSE_INCOMPLETE,NO
2025-26,0022500237,4,674,675,5,4,0,1,DEFENSE_INCOMPLETE,NO
2025-26,0022500237,4,678,683,4,5,1,0,OFFENSE_INCOMPLETE,NO
2025-26,0022500237,4,684,684,5,4,0,1,DEFENSE_INCOMPLETE,NO
2025-26,0022500237,4,686,686,4,5,1,0,OFFENSE_INCOMPLETE,NO
2025-26,0022500237,4,688,688,5,4,0,1,DEFENSE_INCOMPLETE,NO
2025-26,0022500237,4,690,690,4,5,1,0,OFFENSE_INCOMPLETE,NO
2025-26,0022500237,4,692,692,5,4,0,1,DEFENSE_INCOMPLETE,NO
2025-26,0022500237,4,699,700,4,5,1,0,OFFENSE_INCOMPLETE,NO
2025-26,0022500237,4,701,701,5,4,0,1,DEFENSE_INCOMPLETE,NO
2025-26,0022500237,4,703,707,4,5,1,0,OFFENSE_INCOMPLETE,NO
2025-26,0022500237,4,708,709,5,4,0,1,DEFENSE_INCOMPLETE,NO
2025-26,0022500237,4,712,713,4,5,1,0,OFFENSE_INCOMPLETE,NO
2025-26,0022500237,4,714,714,5,4,0,1,DEFENSE_INCOMPLETE,NO
2025-26,0022500237,4,716,716,4,5,1,0,OFFENSE_INCOMPLETE,NO
2025-26,0022500237,4,717,719,5,4,0,1,DEFENSE_INCOMPLETE,NO
2025-26,0022500237,4,722,723,4,5,1,0,OFFENSE_INCOMPLETE,NO
2025-26,0022500237,4,724,724,5,4,0,1,DEFENSE_INCOMPLETE,NO
2025-26,0022500238,1,121,128,4,5,1,0,OFFENSE_INCOMPLETE,NO
2025-26,0022500238,1,129,133,5,4,0,1,DEFENSE_INCOMPLETE,NO
2025-26,0022500238,1,134,134,4,5,1,0,OFFENSE_INCOMPLETE,NO
2025-26,0022500238,1,136,139,5,4,0,1,DEFENSE_INCOMPLETE,NO
2025-26,0022500239,4,710,715,5,4,0,1,DEFENSE_INCOMPLETE,NO
2025-26,0022500239,4,718,723,4,5,1,0,OFFENSE_INCOMPLETE,NO
2025-26,0022500239,4,733,749,5,4,0,1,DEFENSE_INCOMPLETE,NO
2025-26,0022500239,4,751,752,4,5,1,0,OFFENSE_INCOMPLETE,NO
2025-26,0022500240,6,947,947,4,5,1,0,OFFENSE_INCOMPLETE,NO
2025-26,0022500240,6,956,958,5,4,0,1,DEFENSE_INCOMPLETE,NO
2025-26,0022500243,1,93,97,5,4,0,1,DEFENSE_INCOMPLETE,NO
2025-26,0022500247,1,69,77,5,4,0,1,DEFENSE_INCOMPLETE,NO
2025-26,0022500247,1,78,78,4,5,1,0,OFFENSE_INCOMPLETE,NO
2025-26,0022500247,1,80,80,5,4,0,1,DEFENSE_INCOMPLETE,NO
2025-26,0022500247,1,82,82,4,5,1,0,OFFENSE_INCOMPLETE,NO
2025-26,0022500247,1,84,84,5,4,0,1,DEFENSE_INCOMPLETE,NO
2025-26,0022500247,1,85,86,4,5,1,0,OFFENSE_INCOMPLETE,NO
2025-26,0022500247,1,87,87,5,4,0,1,DEFENSE_INCOMPLETE,NO
2025-26,0022500247,1,88,89,4,5,1,0,OFFENSE_INCOMPLETE,NO
2025-26,0022500248,3,332,332,4,5,1,0,OFFENSE_INCOMPLETE,NO
2025-26,0022500248,3,334,334,5,4,0,1,DEFENSE_INCOMPLETE,NO
2025-26,0022500248,3,336,337,4,5,1,0,OFFENSE_INCOMPLETE,NO
2025-26,0022500248,3,338,338,5,4,0,1,DEFENSE_INCOMPLETE,NO
2025-26,0022500248,3,339,339,4,5,1,0,OFFENSE_INCOMPLETE,NO
2025-26,0022500248,3,343,343,5,4,0,1,DEFENSE_INCOMPLETE,NO
2025-26,0022500248,3,346,348,4,5,1,0,OFFENSE_INCOMPLETE,NO
2025-26,0022500248,3,349,350,5,4,0,1,DEFENSE_INCOMPLETE,NO
2025-26,0022500248,3,351,351,4,5,1,0,OFFENSE_INCOMPLETE,NO
2025-26,0022500248,3,353,353,5,4,0,1,DEFENSE_INCOMPLETE,NO
2025-26,0022500248,3,355,355,4,5,1,0,OFFENSE_INCOMPLETE,NO
2025-26,0022500248,3,356,357,5,4,0,1,DEFENSE_INCOMPLETE,NO
2025-26,0022500248,3,360,360,4,5,1,0,OFFENSE_INCOMPLETE,NO
2025-26,0022500248,3,362,364,5,4,0,1,DEFENSE_INCOMPLETE,NO
2025-26,0022500248,3,365,368,4,5,1,0,OFFENSE_INCOMPLETE,NO
2025-26,0022500248,3,369,369,5,4,0,1,DEFENSE_INCOMPLETE,NO
2025-26,0022500248,3,371,372,4,5,1,0,OFFENSE_INCOMPLETE,NO
2025-26,0022500248,3,373,375,5,4,0,1,DEFENSE_INCOMPLETE,NO
2025-26,0022500248,3,376,376,4,5,1,0,OFFENSE_INCOMPLETE,NO
2025-26,0022500251,3,433,435,4,5,1,0,OFFENSE_INCOMPLETE,NO
2025-26,0022500251,3,442,442,5,4,0,1,DEFENSE_INCOMPLETE,NO
2025-26,0022500251,3,444,444,4,5,1,0,OFFENSE_INCOMPLETE,NO
2025-26,0022500251,3,446,446,5,4,0,1,DEFENSE_INCOMPLETE,NO
2025-26,0022500251,3,448,450,4,5,1,0,OFFENSE_INCOMPLETE,NO
2025-26,0022500251,3,451,452,5,4,0,1,DEFENSE_INCOMPLETE,NO
2025-26,0022500251,3,458,459,4,5,1,0,OFFENSE_INCOMPLETE,NO
2025-26,0022500251,3,460,460,5,4,0,1,DEFENSE_INCOMPLETE,NO
2025-26,0022500251,3,461,461,4,5,1,0,OFFENSE_INCOMPLETE,NO
2025-26,0022500251,3,464,466,5,4,0,1,DEFENSE_INCOMPLETE,NO
2025-26,0022500251,3,467,468,4,5,1,0,OFFENSE_INCOMPLETE,NO
2025-26,0022500251,3,469,470,5,4,0,1,DEFENSE_INCOMPLETE,NO
2025-26,0022500251,3,471,471,4,5,1,0,OFFENSE_INCOMPLETE,NO
2025-26,0022500251,3,472,472,5,4,0,1,DEFENSE_INCOMPLETE,NO
2025-26,0022500251,3,473,473,4,5,1,0,OFFENSE_INCOMPLETE,NO
2025-26,0022500251,3,475,475,5,4,0,1,DEFENSE_INCOMPLETE,NO
2025-26,0022500251,3,476,476,4,5,1,0,OFFENSE_INCOMPLETE,NO
2025-26,0022500251,3,478,478,5,4,0,1,DEFENSE_INCOMPLETE,NO
2025-26,0022500251,3,482,483,4,5,1,0,OFFENSE_INCOMPLETE,NO
2025-26,0022500251,3,485,486,5,4,0,1,DEFENSE_INCOMPLETE,NO
2025-26,0022500266,1,89,89,5,4,0,1,DEFENSE_INCOMPLETE,NO
2025-26,0022500266,1,91,92,4,5,1,0,OFFENSE_INCOMPLETE,NO
2025-26,0022500266,1,95,99,5,4,0,1,DEFENSE_INCOMPLETE,NO
2025-26,0022500266,1,102,105,4,5,1,0,OFFENSE_INCOMPLETE,NO
2025-26,0022500266,1,106,106,5,4,0,1,DEFENSE_INCOMPLETE,NO
2025-26,0022500266,1,108,108,4,5,1,0,OFFENSE_INCOMPLETE,NO
2025-26,0022500266,1,110,110,5,4,0,1,DEFENSE_INCOMPLETE,NO
2025-26,0022500266,1,114,115,4,5,1,0,OFFENSE_INCOMPLETE,NO
2025-26,0022500266,1,117,117,5,4,0,1,DEFENSE_INCOMPLETE,NO
2025-26,0022500266,1,124,128,4,5,1,0,OFFENSE_INCOMPLETE,NO
2025-26,0022500272,3,419,419,4,5,1,0,OFFENSE_INCOMPLETE,NO
2025-26,0022500272,3,422,424,5,4,0,1,DEFENSE_INCOMPLETE,NO
2025-26,0022500272,3,425,425,4,5,1,0,OFFENSE_INCOMPLETE,NO
2025-26,0022500272,3,430,430,5,4,0,1,DEFENSE_INCOMPLETE,NO
2025-26,0022500272,3,432,432,4,5,1,0,OFFENSE_INCOMPLETE,NO
2025-26,0022500272,3,434,439,5,4,0,1,DEFENSE_INCOMPLETE,NO
2025-26,0022500272,3,440,440,4,5,1,0,OFFENSE_INCOMPLETE,NO
2025-26,0022500272,3,442,442,5,4,0,1,DEFENSE_INCOMPLETE,NO
2025-26,0022500272,3,443,444,4,5,1,0,OFFENSE_INCOMPLETE,NO
2025-26,0022500272,3,445,446,5,4,0,1,DEFENSE_INCOMPLETE,NO
2025-26,0022500272,3,450,450,4,5,1,0,OFFENSE_INCOMPLETE,NO
2025-26,0022500273,3,351,353,4,5,1,0,OFFENSE_INCOMPLETE,NO
2025-26,0022500273,3,354,358,5,4,0,1,DEFENSE_INCOMPLETE,NO
2025-26,0022500273,3,359,360,4,5,1,0,OFFENSE_INCOMPLETE,NO
2025-26,0022500273,3,362,362,5,4,0,1,DEFENSE_INCOMPLETE,NO
2025-26,0022500273,3,366,367,4,5,1,0,OFFENSE_INCOMPLETE,NO
2025-26,0022500273,3,368,368,5,4,0,1,DEFENSE_INCOMPLETE,NO
2025-26,0022500273,3,370,370,4,5,1,0,OFFENSE_INCOMPLETE,NO
2025-26,0022500273,3,372,374,5,4,0,1,DEFENSE_INCOMPLETE,NO
2025-26,0022500273,3,377,383,4,5,1,0,OFFENSE_INCOMPLETE,NO
2025-26,0022500273,3,384,385,5,4,0,1,DEFENSE_INCOMPLETE,NO
2025-26,0022500273,3,386,389,4,5,1,0,OFFENSE_INCOMPLETE,NO
2025-26,0022500273,3,390,390,5,4,0,1,DEFENSE_INCOMPLETE,NO
2025-26,0022500273,3,393,394,4,5,1,0,OFFENSE_INCOMPLETE,NO
2025-26,0022500273,3,395,397,5,4,0,1,DEFENSE_INCOMPLETE,NO
2025-26,0022500273,3,399,399,4,5,1,0,OFFENSE_INCOMPLETE,NO
2025-26,0022500273,3,400,400,5,4,0,1,DEFENSE_INCOMPLETE,NO
2025-26,0022500273,3,402,402,4,5,1,0,OFFENSE_INCOMPLETE,NO
2025-26,0022500273,3,404,419,5,4,0,1,DEFENSE_INCOMPLETE,NO
2025-26,0022500273,3,420,420,4,5,1,0,OFFENSE_INCOMPLETE,NO
2025-26,0022500273,3,421,422,5,4,0,1,DEFENSE_INCOMPLETE,NO
2025-26,0022500273,3,423,427,4,5,1,0,OFFENSE_INCOMPLETE,NO
2025-26,0022500273,3,433,433,5,4,0,1,DEFENSE_INCOMPLETE,NO
2025-26,0022500273,3,435,437,4,5,1,0,OFFENSE_INCOMPLETE,NO
2025-26,0022500273,3,440,445,5,4,0,1,DEFENSE_INCOMPLETE,NO
2025-26,0022500273,3,446,447,4,5,1,0,OFFENSE_INCOMPLETE,NO
2025-26,0022500273,3,448,448,5,4,0,1,DEFENSE_INCOMPLETE,NO
2025-26,0022500273,3,449,451,4,5,1,0,OFFENSE_INCOMPLETE,NO
2025-26,0022500273,3,453,453,5,4,0,1,DEFENSE_INCOMPLETE,NO
2025-26,0022500273,3,455,455,4,5,1,0,OFFENSE_INCOMPLETE,NO
2025-26,0022500281,3,437,437,4,5,1,0,OFFENSE_INCOMPLETE,NO
2025-26,0022500281,3,438,439,5,4,0,1,DEFENSE_INCOMPLETE,NO
2025-26,0022500281,3,440,440,4,5,1,0,OFFENSE_INCOMPLETE,NO
2025-26,0022500281,3,441,441,5,4,0,1,DEFENSE_INCOMPLETE,NO
2025-26,0022500281,3,443,444,4,5,1,0,OFFENSE_INCOMPLETE,NO
2025-26,0022500281,3,445,445,5,4,0,1,DEFENSE_INCOMPLETE,NO
2025-26,0022500281,3,447,448,4,5,1,0,OFFENSE_INCOMPLETE,NO
2025-26,0022500281,3,449,449,5,4,0,1,DEFENSE_INCOMPLETE,NO
2025-26,0022500281,3,459,459,4,5,1,0,OFFENSE_INCOMPLETE,NO
2025-26,0022500281,3,461,461,5,4,0,1,DEFENSE_INCOMPLETE,NO
2025-26,0022500281,3,462,465,4,5,1,0,OFFENSE_INCOMPLETE,NO
2025-26,0022500281,3,466,466,5,4,0,1,DEFENSE_INCOMPLETE,NO
2025-26,0022500281,3,468,469,4,5,1,0,OFFENSE_INCOMPLETE,NO
2025-26,0022500283,4,691,692,5,4,0,1,DEFENSE_INCOMPLETE,NO
2025-26,0022500283,4,693,694,4,5,1,0,OFFENSE_INCOMPLETE,NO
2025-26,0022500283,4,695,696,5,4,0,1,DEFENSE_INCOMPLETE,NO
2025-26,0022500283,4,697,697,4,5,1,0,OFFENSE_INCOMPLETE,NO
2025-26,0022500283,4,699,699,5,4,0,1,DEFENSE_INCOMPLETE,NO
2025-26,0022500283,4,703,709,4,5,1,0,OFFENSE_INCOMPLETE,NO
2025-26,0022500283,4,710,710,5,4,0,1,DEFENSE_INCOMPLETE,NO
2025-26,0022500283,4,711,711,4,5,1,0,OFFENSE_INCOMPLETE,NO
2025-26,0022500283,4,714,718,5,4,0,1,DEFENSE_INCOMPLETE,NO
2025-26,0022500283,4,724,726,4,5,1,0,OFFENSE_INCOMPLETE,NO
2025-26,0022500283,4,737,744,5,4,0,1,DEFENSE_INCOMPLETE,NO
2025-26,0022500283,4,745,746,4,5,1,0,OFFENSE_INCOMPLETE,NO
2025-26,0022500285,4,644,644,5,4,0,1,DEFENSE_INCOMPLETE,NO
2025-26,0022500285,4,645,647,4,5,1,0,OFFENSE_INCOMPLETE,NO
2025-26,0022500285,4,648,649,5,4,0,1,DEFENSE_INCOMPLETE,NO
2025-26,0022500285,4,650,657,4,5,1,0,OFFENSE_INCOMPLETE,NO
2025-26,0022500285,4,658,659,5,4,0,1,DEFENSE_INCOMPLETE,NO
2025-26,0022500285,4,660,661,4,5,1,0,OFFENSE_INCOMPLETE,NO
2025-26,0022500285,4,662,663,5,4,0,1,DEFENSE_INCOMPLETE,NO
2025-26,0022500285,4,664,664,4,5,1,0,OFFENSE_INCOMPLETE,NO
2025-26,0022500285,4,665,666,5,4,0,1,DEFENSE_INCOMPLETE,NO
2025-26,0022500285,4,667,668,4,5,1,0,OFFENSE_INCOMPLETE,NO
2025-26,0022500286,3,388,389,4,5,1,0,OFFENSE_INCOMPLETE,NO
2025-26,0022500286,3,390,392,5,4,0,1,DEFENSE_INCOMPLETE,NO
2025-26,0022500286,3,393,393,4,5,1,0,OFFENSE_INCOMPLETE,NO
2025-26,0022500286,3,394,394,5,4,0,1,DEFENSE_INCOMPLETE,NO
2025-26,0022500286,3,395,395,4,5,1,0,OFFENSE_INCOMPLETE,NO
2025-26,0022500286,3,397,397,5,4,0,1,DEFENSE_INCOMPLETE,NO
2025-26,0022500286,3,399,399,4,5,1,0,OFFENSE_INCOMPLETE,NO
2025-26,0022500286,3,400,404,5,4,0,1,DEFENSE_INCOMPLETE,NO
2025-26,0022500286,3,405,405,4,5,1,0,OFFENSE_INCOMPLETE,NO
2025-26,0022500286,3,407,407,5,4,0,1,DEFENSE_INCOMPLETE,NO
2025-26,0022500286,3,411,412,4,5,1,0,OFFENSE_INCOMPLETE,NO
2025-26,0022500286,3,413,413,5,4,0,1,DEFENSE_INCOMPLETE,NO
2025-26,0022500286,3,416,417,4,5,1,0,OFFENSE_INCOMPLETE,NO
2025-26,0022500286,3,418,418,5,4,0,1,DEFENSE_INCOMPLETE,NO
2025-26,0022500286,3,420,423,4,5,1,0,OFFENSE_INCOMPLETE,NO
2025-26,0022500286,3,424,424,5,4,0,1,DEFENSE_INCOMPLETE,NO
2025-26,0022500286,3,425,426,4,5,1,0,OFFENSE_INCOMPLETE,NO
2025-26,0022500286,3,427,429,5,4,0,1,DEFENSE_INCOMPLETE,NO
2025-26,0022500286,3,432,433,4,5,1,0,OFFENSE_INCOMPLETE,NO
2025-26,0022500286,3,437,437,5,4,0,1,DEFENSE_INCOMPLETE,NO
2025-26,0022500286,3,445,446,4,5,1,0,OFFENSE_INCOMPLETE,NO
2025-26,0022500286,3,447,447,5,4,0,1,DEFENSE_INCOMPLETE,NO
2025-26,0022500286,3,452,452,4,5,1,0,OFFENSE_INCOMPLETE,NO
2025-26,0022500286,3,453,453,5,4,0,1,DEFENSE_INCOMPLETE,NO
2025-26,0022500286,3,455,456,4,5,1,0,OFFENSE_INCOMPLETE,NO
2025-26,0022500286,3,459,465,5,4,0,1,DEFENSE_INCOMPLETE,NO
2025-26,0022500286,3,466,466,4,5,1,0,OFFENSE_INCOMPLETE,NO
2025-26,0022500286,3,467,467,5,4,0,1,DEFENSE_INCOMPLETE,NO
2025-26,0022500286,3,469,474,4,5,1,0,OFFENSE_INCOMPLETE,NO
2025-26,0022500286,3,475,476,5,4,0,1,DEFENSE_INCOMPLETE,NO
2025-26,0022500288,3,583,584,5,4,0,1,DEFENSE_INCOMPLETE,NO
2025-26,0022500288,4,532,533,5,4,0,1,DEFENSE_INCOMPLETE,NO
2025-26,0022500288,4,534,535,4,5,1,0,OFFENSE_INCOMPLETE,NO
2025-26,0022500288,4,536,536,5,4,0,1,DEFENSE_INCOMPLETE,NO
2025-26,0022500288,4,538,539,4,5,1,0,OFFENSE_INCOMPLETE,NO
2025-26,0022500288,4,540,540,5,4,0,1,DEFENSE_INCOMPLETE,NO
2025-26,0022500288,4,547,548,4,5,1,0,OFFENSE_INCOMPLETE,NO
2025-26,0022500288,4,549,550,5,4,0,1,DEFENSE_INCOMPLETE,NO
2025-26,0022500288,4,551,558,4,5,1,0,OFFENSE_INCOMPLETE,NO
2025-26,0022500288,4,559,562,5,4,0,1,DEFENSE_INCOMPLETE,NO
2025-26,0022500288,4,565,566,4,5,1,0,OFFENSE_INCOMPLETE,NO
2025-26,0022500288,4,567,568,5,4,0,1,DEFENSE_INCOMPLETE,NO
2025-26,0022500288,4,569,569,4,5,1,0,OFFENSE_INCOMPLETE,NO
2025-26,0022500288,4,571,574,5,4,0,1,DEFENSE_INCOMPLETE,NO
2025-26,0022500288,4,575,575,4,5,1,0,OFFENSE_INCOMPLETE,NO
2025-26,0022500288,4,579,581,5,4,0,1,DEFENSE_INCOMPLETE,NO
2025-26,0022500288,4,582,582,4,5,1,0,OFFENSE_INCOMPLETE,NO
2025-26,0022500288,4,585,586,5,4,0,1,DEFENSE_INCOMPLETE,NO
2025-26,0022500288,4,589,592,4,5,1,0,OFFENSE_INCOMPLETE,NO
2025-26,0022500288,4,593,594,5,4,0,1,DEFENSE_INCOMPLETE,NO
2025-26,0022500288,4,595,595,4,5,1,0,OFFENSE_INCOMPLETE,NO
2025-26,0022500288,4,596,596,5,4,0,1,DEFENSE_INCOMPLETE,NO
2025-26,0022500288,4,598,598,4,5,1,0,OFFENSE_INCOMPLETE,NO
2025-26,0022500288,4,605,606,5,4,0,1,DEFENSE_INCOMPLETE,NO
2025-26,0022500288,4,607,608,4,5,1,0,OFFENSE_INCOMPLETE,NO
2025-26,0022500288,4,609,610,5,4,0,1,DEFENSE_INCOMPLETE,NO
2025-26,0022500288,4,611,612,4,5,1,0,OFFENSE_INCOMPLETE,NO
2025-26,0022500288,4,613,613,5,4,0,1,DEFENSE_INCOMPLETE,NO
2025-26,0022500288,4,615,615,4,5,1,0,OFFENSE_INCOMPLETE,NO
2025-26,0022500288,4,617,618,5,4,0,1,DEFENSE_INCOMPLETE,NO
2025-26,0022500288,4,619,620,4,5,1,0,OFFENSE_INCOMPLETE,NO
2025-26,0022500295,4,490,491,4,5,1,0,OFFENSE_INCOMPLETE,NO
2025-26,0022500295,4,494,495,5,4,0,1,DEFENSE_INCOMPLETE,NO
2025-26,0022500295,4,496,496,4,5,1,0,OFFENSE_INCOMPLETE,NO
2025-26,0022500295,4,498,498,5,4,0,1,DEFENSE_INCOMPLETE,NO
2025-26,0022500295,4,500,511,4,5,1,0,OFFENSE_INCOMPLETE,NO
2025-26,0022500304,5,818,818,4,5,1,0,OFFENSE_INCOMPLETE,NO
2025-26,0022500304,6,827,830,4,5,1,0,OFFENSE_INCOMPLETE,NO
2025-26,0022500304,6,834,837,5,4,0,1,DEFENSE_INCOMPLETE,NO
2025-26,0022500304,6,838,838,4,5,1,0,OFFENSE_INCOMPLETE,NO
2025-26,0022500304,6,839,844,5,4,0,1,DEFENSE_INCOMPLETE,NO
2025-26,0022500304,6,845,845,4,5,1,0,OFFENSE_INCOMPLETE,NO
2025-26,0022500304,6,846,848,5,4,0,1,DEFENSE_INCOMPLETE,NO
2025-26,0022500304,6,850,855,4,5,1,0,OFFENSE_INCOMPLETE,NO
2025-26,0022500304,6,856,858,5,4,0,1,DEFENSE_INCOMPLETE,NO
2025-26,0022500304,6,860,860,4,5,1,0,OFFENSE_INCOMPLETE,NO
2025-26,0022500304,6,861,861,5,4,0,1,DEFENSE_INCOMPLETE,NO
2025-26,0022500304,6,864,864,4,5,1,0,OFFENSE_INCOMPLETE,NO
2025-26,0022500304,6,865,866,5,4,0,1,DEFENSE_INCOMPLETE,NO
2025-26,0022500304,6,867,868,4,5,1,0,OFFENSE_INCOMPLETE,NO
2025-26,0022500304,6,869,869,5,4,0,1,DEFENSE_INCOMPLETE,NO
2025-26,0022500304,6,872,872,4,5,1,0,OFFENSE_INCOMPLETE,NO
2025-26,0022500304,6,874,879,5,4,0,1,DEFENSE_INCOMPLETE,NO
2025-26,0022500304,6,881,882,4,5,1,0,OFFENSE_INCOMPLETE,NO
2025-26,0022500304,6,885,885,5,4,0,1,DEFENSE_INCOMPLETE,NO
2025-26,0022500304,6,886,886,4,5,1,0,OFFENSE_INCOMPLETE,NO
2025-26,0022500304,6,887,887,5,4,0,1,DEFENSE_INCOMPLETE,NO
2025-26,0022500304,6,889,890,4,5,1,0,OFFENSE_INCOMPLETE,NO
2025-26,0022500304,6,893,894,5,4,0,1,DEFENSE_INCOMPLETE,NO
2025-26,0022500304,6,895,896,4,5,1,0,OFFENSE_INCOMPLETE,NO
2025-26,0022500309,2,263,270,5,4,0,1,DEFENSE_INCOMPLETE,NO
2025-26,0022500309,3,469,469,5,4,0,1,DEFENSE_INCOMPLETE,NO
2025-26,0022500309,3,470,470,4,5,1,0,OFFENSE_INCOMPLETE,NO
2025-26,0022500317,2,244,244,5,4,0,1,DEFENSE_INCOMPLETE,NO
2025-26,0022500317,2,246,246,4,5,1,0,OFFENSE_INCOMPLETE,NO
2025-26,0022500317,2,247,253,5,4,0,1,DEFENSE_INCOMPLETE,NO
2025-26,0022500317,2,254,254,4,5,1,0,OFFENSE_INCOMPLETE,NO
2025-26,0022500317,2,255,262,5,4,0,1,DEFENSE_INCOMPLETE,NO
2025-26,0022500318,4,676,678,4,5,1,0,OFFENSE_INCOMPLETE,NO
2025-26,0022500318,4,679,679,5,4,0,1,DEFENSE_INCOMPLETE,NO
2025-26,0022500318,4,681,682,4,5,1,0,OFFENSE_INCOMPLETE,NO
2025-26,0022500318,4,683,683,5,4,0,1,DEFENSE_INCOMPLETE,NO
2025-26,0022500318,4,686,687,4,5,1,0,OFFENSE_INCOMPLETE,NO
2025-26,0022500318,4,688,689,5,4,0,1,DEFENSE_INCOMPLETE,NO
2025-26,0022500318,4,690,691,4,5,1,0,OFFENSE_INCOMPLETE,NO
2025-26,0022500318,4,692,692,5,4,0,1,DEFENSE_INCOMPLETE,NO
2025-26,0022500318,4,694,694,4,5,1,0,OFFENSE_INCOMPLETE,NO
2025-26,0022500319,2,373,373,4,5,1,0,OFFENSE_INCOMPLETE,NO
2025-26,0022500319,2,378,379,5,4,0,1,DEFENSE_INCOMPLETE,NO
2025-26,0022500319,3,391,391,4,5,1,0,OFFENSE_INCOMPLETE,NO
2025-26,0022500319,3,395,395,5,4,0,1,DEFENSE_INCOMPLETE,NO
2025-26,0022500319,3,397,400,4,5,1,0,OFFENSE_INCOMPLETE,NO
2025-26,0022500319,3,401,401,5,4,0,1,DEFENSE_INCOMPLETE,NO
2025-26,0022500319,3,402,403,4,5,1,0,OFFENSE_INCOMPLETE,NO
2025-26,0022500319,3,404,409,5,4,0,1,DEFENSE_INCOMPLETE,NO
2025-26,0022500319,3,413,414,4,5,1,0,OFFENSE_INCOMPLETE,NO
2025-26,0022500319,3,415,415,5,4,0,1,DEFENSE_INCOMPLETE,NO
2025-26,0022500319,3,419,419,4,5,1,0,OFFENSE_INCOMPLETE,NO
2025-26,0022500319,3,421,421,5,4,0,1,DEFENSE_INCOMPLETE,NO
2025-26,0022500319,3,423,424,4,5,1,0,OFFENSE_INCOMPLETE,NO
2025-26,0022500319,3,427,427,5,4,0,1,DEFENSE_INCOMPLETE,NO
2025-26,0022500319,3,429,431,4,5,1,0,OFFENSE_INCOMPLETE,NO
2025-26,0022500319,3,432,434,5,4,0,1,DEFENSE_INCOMPLETE,NO
2025-26,0022500319,3,437,441,4,5,1,0,OFFENSE_INCOMPLETE,NO
2025-26,0022500319,3,442,444,5,4,0,1,DEFENSE_INCOMPLETE,NO
2025-26,0022500319,3,445,445,4,5,1,0,OFFENSE_INCOMPLETE,NO
2025-26,0022500319,3,447,447,5,4,0,1,DEFENSE_INCOMPLETE,NO
2025-26,0022500319,3,448,449,4,5,1,0,OFFENSE_INCOMPLETE,NO
2025-26,0022500319,3,450,450,5,4,0,1,DEFENSE_INCOMPLETE,NO
2025-26,0022500319,3,459,459,4,5,1,0,OFFENSE_INCOMPLETE,NO
2025-26,0022500319,3,463,463,5,4,0,1,DEFENSE_INCOMPLETE,NO
2025-26,0022500319,3,466,467,4,5,1,0,OFFENSE_INCOMPLETE,NO
2025-26,0022500319,3,468,469,5,4,0,1,DEFENSE_INCOMPLETE,NO
2025-26,0022500319,3,470,471,4,5,1,0,OFFENSE_INCOMPLETE,NO
2025-26,0022500319,3,472,472,5,4,0,1,DEFENSE_INCOMPLETE,NO
2025-26,0022500319,3,480,481,4,5,1,0,OFFENSE_INCOMPLETE,NO
2025-26,0022500319,3,482,483,5,4,0,1,DEFENSE_INCOMPLETE,NO
2025-26,0022500319,3,484,484,4,5,1,0,OFFENSE_INCOMPLETE,NO
2025-26,0022500319,3,486,487,5,4,0,1,DEFENSE_INCOMPLETE,NO
2025-26,0022500319,3,488,490,4,5,1,0,OFFENSE_INCOMPLETE,NO
2025-26,0022500319,3,491,491,5,4,0,1,DEFENSE_INCOMPLETE,NO
2025-26,0022500319,3,494,494,4,5,1,0,OFFENSE_INCOMPLETE,NO
2025-26,0022500319,3,495,495,5,4,0,1,DEFENSE_INCOMPLETE,NO
2025-26,0022500319,3,497,502,4,5,1,0,OFFENSE_INCOMPLETE,NO
2025-26,0022500320,4,542,542,4,5,1,0,OFFENSE_INCOMPLETE,NO
2025-26,0022500320,4,544,544,5,4,0,1,DEFENSE_INCOMPLETE,NO
2025-26,0022500320,4,545,547,4,5,1,0,OFFENSE_INCOMPLETE,NO
2025-26,0022500320,4,548,549,5,4,0,1,DEFENSE_INCOMPLETE,NO
2025-26,0022500320,4,550,552,4,5,1,0,OFFENSE_INCOMPLETE,NO
2025-26,0022500320,4,556,558,5,4,0,1,DEFENSE_INCOMPLETE,NO
2025-26,0022500320,4,560,562,4,5,1,0,OFFENSE_INCOMPLETE,NO
2025-26,0022500320,4,563,568,5,4,0,1,DEFENSE_INCOMPLETE,NO
2025-26,0022500320,4,569,569,4,5,1,0,OFFENSE_INCOMPLETE,NO
2025-26,0022500320,4,571,575,5,4,0,1,DEFENSE_INCOMPLETE,NO
2025-26,0022500320,4,578,580,4,5,1,0,OFFENSE_INCOMPLETE,NO
2025-26,0022500320,4,581,581,5,4,0,1,DEFENSE_INCOMPLETE,NO
2025-26,0022500320,4,583,583,4,5,1,0,OFFENSE_INCOMPLETE,NO
2025-26,0022500320,4,585,586,5,4,0,1,DEFENSE_INCOMPLETE,NO
2025-26,0022500320,4,589,590,4,5,1,0,OFFENSE_INCOMPLETE,NO
2025-26,0022500320,4,591,592,5,4,0,1,DEFENSE_INCOMPLETE,NO
2025-26,0022500320,4,595,596,4,5,1,0,OFFENSE_INCOMPLETE,NO
2025-26,0022500320,4,597,597,5,4,0,1,DEFENSE_INCOMPLETE,NO
2025-26,0022500320,4,598,599,4,5,1,0,OFFENSE_INCOMPLETE,NO
2025-26,0022500320,4,600,600,5,4,0,1,DEFENSE_INCOMPLETE,NO
2025-26,0022500320,4,601,601,4,5,1,0,OFFENSE_INCOMPLETE,NO
2025-26,0022500320,4,602,603,5,4,0,1,DEFENSE_INCOMPLETE,NO
2025-26,0022500320,4,604,616,4,5,1,0,OFFENSE_INCOMPLETE,NO
2025-26,0022500329,2,345,350,4,5,1,0,OFFENSE_INCOMPLETE,NO
2025-26,0022500329,2,351,352,5,4,0,1,DEFENSE_INCOMPLETE,NO
2025-26,0022500329,3,367,368,4,5,1,0,OFFENSE_INCOMPLETE,NO
2025-26,0022500329,3,370,370,5,4,0,1,DEFENSE_INCOMPLETE,NO
2025-26,0022500329,3,373,373,4,5,1,0,OFFENSE_INCOMPLETE,NO
2025-26,0022500329,3,375,375,5,4,0,1,DEFENSE_INCOMPLETE,NO
2025-26,0022500329,3,377,377,4,5,1,0,OFFENSE_INCOMPLETE,NO
2025-26,0022500329,3,379,381,5,4,0,1,DEFENSE_INCOMPLETE,NO
2025-26,0022500329,3,383,383,4,5,1,0,OFFENSE_INCOMPLETE,NO
2025-26,0022500329,3,385,386,5,4,0,1,DEFENSE_INCOMPLETE,NO
2025-26,0022500329,3,387,387,4,5,1,0,OFFENSE_INCOMPLETE,NO
2025-26,0022500329,3,389,389,5,4,0,1,DEFENSE_INCOMPLETE,NO
2025-26,0022500329,3,391,391,4,5,1,0,OFFENSE_INCOMPLETE,NO
2025-26,0022500329,3,396,396,5,4,0,1,DEFENSE_INCOMPLETE,NO
2025-26,0022500329,3,400,400,4,5,1,0,OFFENSE_INCOMPLETE,NO
2025-26,0022500329,3,402,402,5,4,0,1,DEFENSE_INCOMPLETE,NO
2025-26,0022500329,3,403,403,4,5,1,0,OFFENSE_INCOMPLETE,NO
2025-26,0022500329,3,405,405,5,4,0,1,DEFENSE_INCOMPLETE,NO
2025-26,0022500329,3,407,408,4,5,1,0,OFFENSE_INCOMPLETE,NO
2025-26,0022500329,3,410,410,5,4,0,1,DEFENSE_INCOMPLETE,NO
2025-26,0022500329,3,412,412,4,5,1,0,OFFENSE_INCOMPLETE,NO
2025-26,0022500329,3,413,413,5,4,0,1,DEFENSE_INCOMPLETE,NO
2025-26,0022500329,3,414,415,4,5,1,0,OFFENSE_INCOMPLETE,NO
2025-26,0022500329,3,418,419,5,4,0,1,DEFENSE_INCOMPLETE,NO
2025-26,0022500329,3,420,423,4,5,1,0,OFFENSE_INCOMPLETE,NO
2025-26,0022500329,3,423,425,5,4,0,1,DEFENSE_INCOMPLETE,NO
2025-26,0022500329,3,427,427,4,5,1,0,OFFENSE_INCOMPLETE,NO
2025-26,0022500329,3,429,429,5,4,0,1,DEFENSE_INCOMPLETE,NO
2025-26,0022500329,3,431,432,4,5,1,0,OFFENSE_INCOMPLETE,NO
2025-26,0022500329,3,436,436,5,4,0,1,DEFENSE_INCOMPLETE,NO
2025-26,0022500331,2,325,328,4,5,1,0,OFFENSE_INCOMPLETE,NO
2025-26,0022500348,3,344,344,5,4,0,1,DEFENSE_INCOMPLETE,NO
2025-26,0022500348,3,349,350,4,5,1,0,OFFENSE_INCOMPLETE,NO
2025-26,0022500348,3,353,353,5,4,0,1,DEFENSE_INCOMPLETE,NO
2025-26,0022500348,3,354,354,4,5,1,0,OFFENSE_INCOMPLETE,NO
2025-26,0022500348,3,356,356,5,4,0,1,DEFENSE_INCOMPLETE,NO
2025-26,0022500348,3,358,359,4,5,1,0,OFFENSE_INCOMPLETE,NO
2025-26,0022500348,3,362,362,5,4,0,1,DEFENSE_INCOMPLETE,NO
2025-26,0022500348,3,363,364,4,5,1,0,OFFENSE_INCOMPLETE,NO
2025-26,0022500348,3,367,368,5,4,0,1,DEFENSE_INCOMPLETE,NO
2025-26,0022500348,3,369,370,4,5,1,0,OFFENSE_INCOMPLETE,NO
2025-26,0022500348,3,375,377,5,4,0,1,DEFENSE_INCOMPLETE,NO
2025-26,0022500348,3,378,379,4,5,1,0,OFFENSE_INCOMPLETE,NO
2025-26,0022500348,3,380,381,5,4,0,1,DEFENSE_INCOMPLETE,NO
2025-26,0022500348,3,382,382,4,5,1,0,OFFENSE_INCOMPLETE,NO
2025-26,0022500348,3,384,384,5,4,0,1,DEFENSE_INCOMPLETE,NO
2025-26,0022500348,3,386,389,4,5,1,0,OFFENSE_INCOMPLETE,NO
2025-26,0022500348,3,392,395,5,4,0,1,DEFENSE_INCOMPLETE,NO
2025-26,0022500348,3,396,398,4,5,1,0,OFFENSE_INCOMPLETE,NO
2025-26,0022500348,3,399,400,5,4,0,1,DEFENSE_INCOMPLETE,NO
2025-26,0022500348,3,406,407,4,5,1,0,OFFENSE_INCOMPLETE,NO
2025-26,0022500348,3,408,408,5,4,0,1,DEFENSE_INCOMPLETE,NO
2025-26,0022500348,3,410,412,4,5,1,0,OFFENSE_INCOMPLETE,NO
2025-26,0022500348,3,416,417,5,4,0,1,DEFENSE_INCOMPLETE,NO
2025-26,0022500348,3,413,413,4,5,1,0,OFFENSE_INCOMPLETE,NO
2025-26,0022500348,3,420,421,5,4,0,1,DEFENSE_INCOMPLETE,NO
2025-26,0022500348,3,422,424,4,5,1,0,OFFENSE_INCOMPLETE,NO
2025-26,0022500348,3,428,434,5,4,0,1,DEFENSE_INCOMPLETE,NO
2025-26,0022500348,3,435,435,4,5,1,0,OFFENSE_INCOMPLETE,NO
2025-26,0022500348,3,437,437,5,4,0,1,DEFENSE_INCOMPLETE,NO
2025-26,0022500348,3,439,439,4,5,1,0,OFFENSE_INCOMPLETE,NO
2025-26,0022500348,3,448,448,5,4,0,1,DEFENSE_INCOMPLETE,NO
2025-26,0022500348,3,446,446,4,5,1,0,OFFENSE_INCOMPLETE,NO
2025-26,0022500348,3,449,449,5,4,0,1,DEFENSE_INCOMPLETE,NO
2025-26,0022500348,3,451,451,4,5,1,0,OFFENSE_INCOMPLETE,NO
2025-26,0022500348,3,453,454,5,4,0,1,DEFENSE_INCOMPLETE,NO
2025-26,0022500348,3,455,455,4,5,1,0,OFFENSE_INCOMPLETE,NO
2025-26,0022500348,3,459,464,5,4,0,1,DEFENSE_INCOMPLETE,NO
2025-26,0022500348,3,465,465,4,5,1,0,OFFENSE_INCOMPLETE,NO
2025-26,0022500348,3,466,466,5,4,0,1,DEFENSE_INCOMPLETE,NO
2025-26,0022500348,3,467,468,4,5,1,0,OFFENSE_INCOMPLETE,NO
2025-26,0022500348,3,469,478,5,4,0,1,DEFENSE_INCOMPLETE,NO
2025-26,0022500351,2,237,237,5,4,0,1,DEFENSE_INCOMPLETE,NO
2025-26,0022500351,2,238,240,4,5,1,0,OFFENSE_INCOMPLETE,NO
2025-26,0022500351,2,241,242,5,4,0,1,DEFENSE_INCOMPLETE,NO
2025-26,0022500351,2,243,251,4,5,1,0,OFFENSE_INCOMPLETE,NO
2025-26,0022500351,2,253,253,5,4,0,1,DEFENSE_INCOMPLETE,NO
2025-26,0022500361,3,360,361,4,5,1,0,OFFENSE_INCOMPLETE,NO
2025-26,0022500361,3,364,366,5,4,0,1,DEFENSE_INCOMPLETE,NO
2025-26,0022500361,3,367,368,4,5,1,0,OFFENSE_INCOMPLETE,NO
2025-26,0022500361,3,369,370,5,4,0,1,DEFENSE_INCOMPLETE,NO
2025-26,0022500361,3,373,373,4,5,1,0,OFFENSE_INCOMPLETE,NO
2025-26,0022500361,3,375,375,5,4,0,1,DEFENSE_INCOMPLETE,NO
2025-26,0022500361,3,376,377,4,5,1,0,OFFENSE_INCOMPLETE,NO
2025-26,0022500361,3,378,378,5,4,0,1,DEFENSE_INCOMPLETE,NO
2025-26,0022500363,1,102,102,5,4,0,1,DEFENSE_INCOMPLETE,NO
2025-26,0022500363,1,104,104,4,5,1,0,OFFENSE_INCOMPLETE,NO
2025-26,0022500363,1,106,106,5,4,0,1,DEFENSE_INCOMPLETE,NO
2025-26,0022500363,1,108,108,4,5,1,0,OFFENSE_INCOMPLETE,NO
2025-26,0022500363,1,109,109,5,4,0,1,DEFENSE_INCOMPLETE,NO
2025-26,0022500363,1,111,112,4,5,1,0,OFFENSE_INCOMPLETE,NO
2025-26,0022500363,1,113,113,5,4,0,1,DEFENSE_INCOMPLETE,NO
2025-26,0022500363,1,115,116,4,5,1,0,OFFENSE_INCOMPLETE,NO
2025-26,0022500364,2,318,319,4,5,1,0,OFFENSE_INCOMPLETE,NO
2025-26,0022500364,2,320,321,5,4,0,1,DEFENSE_INCOMPLETE,NO
2025-26,0022500364,2,322,322,4,5,1,0,OFFENSE_INCOMPLETE,NO
2025-26,0022500364,2,324,324,5,4,0,1,DEFENSE_INCOMPLETE,NO
2025-26,0022500364,2,326,327,4,5,1,0,OFFENSE_INCOMPLETE,NO
2025-26,0022500364,2,328,328,5,4,0,1,DEFENSE_INCOMPLETE,NO
2025-26,0022500364,2,339,340,4,5,1,0,OFFENSE_INCOMPLETE,NO
2025-26,0022500364,2,341,341,5,4,0,1,DEFENSE_INCOMPLETE,NO
2025-26,0022500364,2,343,343,4,5,1,0,OFFENSE_INCOMPLETE,NO
2025-26,0022500364,2,345,345,5,4,0,1,DEFENSE_INCOMPLETE,NO
2025-26,0022500364,2,349,353,4,5,1,0,OFFENSE_INCOMPLETE,NO
2025-26,0022500364,2,354,355,5,4,0,1,DEFENSE_INCOMPLETE,NO
2025-26,0022500364,2,356,360,4,5,1,0,OFFENSE_INCOMPLETE,NO
2025-26,0022500364,2,362,364,5,4,0,1,DEFENSE_INCOMPLETE,NO
2025-26,0022500364,2,368,369,4,5,1,0,OFFENSE_INCOMPLETE,NO
2025-26,0022500364,2,370,370,5,4,0,1,DEFENSE_INCOMPLETE,NO
2025-26,0022500364,2,372,372,4,5,1,0,OFFENSE_INCOMPLETE,NO
2025-26,0022500364,2,374,375,5,4,0,1,DEFENSE_INCOMPLETE,NO
2025-26,0022500364,3,381,381,5,4,0,1,DEFENSE_INCOMPLETE,NO
2025-26,0022500364,3,383,383,4,5,1,0,OFFENSE_INCOMPLETE,NO
2025-26,0022500364,3,384,385,5,4,0,1,DEFENSE_INCOMPLETE,NO
2025-26,0022500364,3,386,389,4,5,1,0,OFFENSE_INCOMPLETE,NO
2025-26,0022500364,3,393,395,5,4,0,1,DEFENSE_INCOMPLETE,NO
2025-26,0022500364,3,396,396,4,5,1,0,OFFENSE_INCOMPLETE,NO
2025-26,0022500364,3,398,398,5,4,0,1,DEFENSE_INCOMPLETE,NO
2025-26,0022500364,3,402,403,4,5,1,0,OFFENSE_INCOMPLETE,NO
2025-26,0022500364,3,406,407,5,4,0,1,DEFENSE_INCOMPLETE,NO
2025-26,0022500364,3,408,409,4,5,1,0,OFFENSE_INCOMPLETE,NO
2025-26,0022500364,3,410,410,5,4,0,1,DEFENSE_INCOMPLETE,NO
2025-26,0022500364,3,411,413,4,5,1,0,OFFENSE_INCOMPLETE,NO
2025-26,0022500364,3,414,414,5,4,0,1,DEFENSE_INCOMPLETE,NO
2025-26,0022500364,3,415,415,4,5,1,0,OFFENSE_INCOMPLETE,NO
2025-26,0022500364,3,418,418,5,4,0,1,DEFENSE_INCOMPLETE,NO
2025-26,0022500364,3,420,420,4,5,1,0,OFFENSE_INCOMPLETE,NO
2025-26,0022500364,3,423,423,5,4,0,1,DEFENSE_INCOMPLETE,NO
2025-26,0022500364,3,425,427,4,5,1,0,OFFENSE_INCOMPLETE,NO
2025-26,0022500364,3,428,429,5,4,0,1,DEFENSE_INCOMPLETE,NO
2025-26,0022500364,3,430,432,4,5,1,0,OFFENSE_INCOMPLETE,NO
2025-26,0022500364,3,433,438,5,4,0,1,DEFENSE_INCOMPLETE,NO
2025-26,0022500364,3,439,439,4,5,1,0,OFFENSE_INCOMPLETE,NO
2025-26,0022500364,3,441,441,5,4,0,1,DEFENSE_INCOMPLETE,NO
2025-26,0022500364,3,443,443,4,5,1,0,OFFENSE_INCOMPLETE,NO
2025-26,0022500364,3,445,445,5,4,0,1,DEFENSE_INCOMPLETE,NO
2025-26,0022500364,3,447,448,4,5,1,0,OFFENSE_INCOMPLETE,NO
2025-26,0022500364,3,449,449,5,4,0,1,DEFENSE_INCOMPLETE,NO
2025-26,0022500364,3,453,454,4,5,1,0,OFFENSE_INCOMPLETE,NO
2025-26,0022500364,3,455,456,5,4,0,1,DEFENSE_INCOMPLETE,NO
2025-26,0022500364,3,457,457,4,5,1,0,OFFENSE_INCOMPLETE,NO
2025-26,0022500364,3,459,459,5,4,0,1,DEFENSE_INCOMPLETE,NO
2025-26,0022500364,3,461,461,4,5,1,0,OFFENSE_INCOMPLETE,NO
2025-26,0022500364,3,463,464,5,4,0,1,DEFENSE_INCOMPLETE,NO
2025-26,0022500364,3,465,466,4,5,1,0,OFFENSE_INCOMPLETE,NO
2025-26,0022500364,3,467,467,5,4,0,1,DEFENSE_INCOMPLETE,NO
2025-26,0022500364,3,469,470,4,5,1,0,OFFENSE_INCOMPLETE,NO
2025-26,0022500364,3,471,471,5,4,0,1,DEFENSE_INCOMPLETE,NO
2025-26,0022500364,3,494,494,4,5,1,0,OFFENSE_INCOMPLETE,NO
2025-26,0022500364,3,495,495,5,4,0,1,DEFENSE_INCOMPLETE,NO
2025-26,0022500364,3,496,496,4,5,1,0,OFFENSE_INCOMPLETE,NO
2025-26,0022500364,3,497,497,5,4,0,1,DEFENSE_INCOMPLETE,NO
2025-26,0022500364,3,499,500,4,5,1,0,OFFENSE_INCOMPLETE,NO
2025-26,0022500364,3,501,513,5,4,0,1,DEFENSE_INCOMPLETE,NO
2025-26,0022500370,1,94,95,4,5,1,0,OFFENSE_INCOMPLETE,NO
2025-26,0022500370,1,96,97,5,4,0,1,DEFENSE_INCOMPLETE,NO
2025-26,0022500370,1,98,98,4,5,1,0,OFFENSE_INCOMPLETE,NO
2025-26,0022500370,1,101,104,5,4,0,1,DEFENSE_INCOMPLETE,NO
2025-26,0022500370,1,105,106,4,5,1,0,OFFENSE_INCOMPLETE,NO
2025-26,0022500370,1,107,107,5,4,0,1,DEFENSE_INCOMPLETE,NO
2025-26,0022500370,1,109,110,4,5,1,0,OFFENSE_INCOMPLETE,NO
2025-26,0022500370,1,111,111,5,4,0,1,DEFENSE_INCOMPLETE,NO
2025-26,0022500370,1,113,115,4,5,1,0,OFFENSE_INCOMPLETE,NO
2025-26,0022500370,1,117,119,5,4,0,1,DEFENSE_INCOMPLETE,NO
2025-26,0022500370,1,120,120,4,5,1,0,OFFENSE_INCOMPLETE,NO
2025-26,0022500370,1,121,122,5,4,0,1,DEFENSE_INCOMPLETE,NO
2025-26,0022500370,1,123,123,4,5,1,0,OFFENSE_INCOMPLETE,NO
2025-26,0022500370,1,127,133,5,4,0,1,DEFENSE_INCOMPLETE,NO
2025-26,0022500372,1,77,77,5,4,0,1,DEFENSE_INCOMPLETE,NO
2025-26,0022500372,1,80,80,4,5,1,0,OFFENSE_INCOMPLETE,NO
2025-26,0022500378,4,604,604,4,5,1,0,OFFENSE_INCOMPLETE,NO
2025-26,0022500378,4,605,605,5,4,0,1,DEFENSE_INCOMPLETE,NO
2025-26,0022500378,4,607,610,4,5,1,0,OFFENSE_INCOMPLETE,NO
2025-26,0022500378,4,611,612,5,4,0,1,DEFENSE_INCOMPLETE,NO
2025-26,0022500378,4,613,617,4,5,1,0,OFFENSE_INCOMPLETE,NO
2025-26,0022500378,4,618,618,5,4,0,1,DEFENSE_INCOMPLETE,NO
2025-26,0022500378,4,620,622,4,5,1,0,OFFENSE_INCOMPLETE,NO
2025-26,0022500378,4,623,625,5,4,0,1,DEFENSE_INCOMPLETE,NO
2025-26,0022500378,4,634,635,4,5,1,0,OFFENSE_INCOMPLETE,NO
2025-26,0022500378,4,636,636,5,4,0,1,DEFENSE_INCOMPLETE,NO
2025-26,0022500378,4,638,638,4,5,1,0,OFFENSE_INCOMPLETE,NO
2025-26,0022500378,4,641,643,5,4,0,1,DEFENSE_INCOMPLETE,NO
2025-26,0022500378,4,644,645,4,5,1,0,OFFENSE_INCOMPLETE,NO
2025-26,0022500378,4,654,654,5,4,0,1,DEFENSE_INCOMPLETE,NO
2025-26,0022500378,4,656,656,4,5,1,0,OFFENSE_INCOMPLETE,NO
2025-26,0022500378,4,657,658,5,4,0,1,DEFENSE_INCOMPLETE,NO
2025-26,0022500378,4,659,659,4,5,1,0,OFFENSE_INCOMPLETE,NO
2025-26,0022500378,4,751,752,4,5,1,0,OFFENSE_INCOMPLETE,NO
2025-26,0022500378,4,753,754,5,4,0,1,DEFENSE_INCOMPLETE,NO
2025-26,0022500378,4,755,755,4,5,1,0,OFFENSE_INCOMPLETE,NO
2025-26,0022500378,4,757,757,5,4,0,1,DEFENSE_INCOMPLETE,NO
2025-26,0022500378,4,762,763,4,5,1,0,OFFENSE_INCOMPLETE,NO
2025-26,0022500378,4,764,765,5,4,0,1,DEFENSE_INCOMPLETE,NO
2025-26,0022500378,4,774,775,4,5,1,0,OFFENSE_INCOMPLETE,NO
2025-26,0022500378,4,776,776,4,5,1,0,OFFENSE_INCOMPLETE,NO
2025-26,0022500378,4,783,783,5,4,0,1,DEFENSE_INCOMPLETE,NO
2025-26,0022500378,4,787,792,4,5,1,0,OFFENSE_INCOMPLETE,NO
2025-26,0022500378,4,804,818,5,4,0,1,DEFENSE_INCOMPLETE,NO
2025-26,0022500382,3,458,459,4,5,1,0,OFFENSE_INCOMPLETE,NO
2025-26,0022500382,3,462,463,5,4,0,1,DEFENSE_INCOMPLETE,NO
2025-26,0022500382,3,466,468,4,5,1,0,OFFENSE_INCOMPLETE,NO
2025-26,0022500382,3,469,473,5,4,0,1,DEFENSE_INCOMPLETE,NO
2025-26,0022500382,3,475,476,4,5,1,0,OFFENSE_INCOMPLETE,NO
2025-26,0022500382,3,477,477,5,4,0,1,DEFENSE_INCOMPLETE,NO
2025-26,0022500382,3,481,482,4,5,1,0,OFFENSE_INCOMPLETE,NO
2025-26,0022500382,3,485,485,5,4,0,1,DEFENSE_INCOMPLETE,NO
2025-26,0022500382,3,486,486,4,5,1,0,OFFENSE_INCOMPLETE,NO
2025-26,0022500382,3,487,487,5,4,0,1,DEFENSE_INCOMPLETE,NO
2025-26,0022500382,3,489,489,4,5,1,0,OFFENSE_INCOMPLETE,NO
2025-26,0022500382,3,492,492,5,4,0,1,DEFENSE_INCOMPLETE,NO
2025-26,0022500382,3,496,505,4,5,1,0,OFFENSE_INCOMPLETE,NO
2025-26,0022500382,3,506,506,5,4,0,1,DEFENSE_INCOMPLETE,NO
2025-26,0022500382,3,508,510,4,5,1,0,OFFENSE_INCOMPLETE,NO
2025-26,0022500387,3,377,377,4,5,1,0,OFFENSE_INCOMPLETE,NO
2025-26,0022500387,3,378,379,5,4,0,1,DEFENSE_INCOMPLETE,NO
2025-26,0022500387,3,380,380,4,5,1,0,OFFENSE_INCOMPLETE,NO
2025-26,0022500387,3,381,382,5,4,0,1,DEFENSE_INCOMPLETE,NO
2025-26,0022500387,3,383,383,4,5,1,0,OFFENSE_INCOMPLETE,NO
2025-26,0022500387,3,384,385,5,4,0,1,DEFENSE_INCOMPLETE,NO
2025-26,0022500387,3,386,386,4,5,1,0,OFFENSE_INCOMPLETE,NO
2025-26,0022500387,3,388,389,5,4,0,1,DEFENSE_INCOMPLETE,NO
2025-26,0022500387,3,390,390,4,5,1,0,OFFENSE_INCOMPLETE,NO
2025-26,0022500387,3,393,393,5,4,0,1,DEFENSE_INCOMPLETE,NO
2025-26,0022500387,3,394,395,4,5,1,0,OFFENSE_INCOMPLETE,NO
2025-26,0022500387,3,413,413,5,4,0,1,DEFENSE_INCOMPLETE,NO
2025-26,0022500387,3,397,399,4,5,1,0,OFFENSE_INCOMPLETE,NO
2025-26,0022500387,3,400,400,5,4,0,1,DEFENSE_INCOMPLETE,NO
2025-26,0022500387,3,402,403,4,5,1,0,OFFENSE_INCOMPLETE,NO
2025-26,0022500387,3,404,410,5,4,0,1,DEFENSE_INCOMPLETE,NO
2025-26,0022500387,3,414,415,4,5,1,0,OFFENSE_INCOMPLETE,NO
2025-26,0022500387,3,416,417,5,4,0,1,DEFENSE_INCOMPLETE,NO
2025-26,0022500387,3,419,419,4,5,1,0,OFFENSE_INCOMPLETE,NO
2025-26,0022500387,3,421,422,5,4,0,1,DEFENSE_INCOMPLETE,NO
2025-26,0022500387,3,423,423,4,5,1,0,OFFENSE_INCOMPLETE,NO
2025-26,0022500387,3,425,436,5,4,0,1,DEFENSE_INCOMPLETE,NO
2025-26,0022500387,3,439,440,4,5,1,0,OFFENSE_INCOMPLETE,NO
2025-26,0022500387,3,441,441,5,4,0,1,DEFENSE_INCOMPLETE,NO
2025-26,0022500387,3,443,443,4,5,1,0,OFFENSE_INCOMPLETE,NO
2025-26,0022500387,3,445,445,5,4,0,1,DEFENSE_INCOMPLETE,NO
2025-26,0022500387,3,447,447,4,5,1,0,OFFENSE_INCOMPLETE,NO
2025-26,0022500387,3,448,449,5,4,0,1,DEFENSE_INCOMPLETE,NO
2025-26,0022500387,3,450,450,4,5,1,0,OFFENSE_INCOMPLETE,NO
2025-26,0022500387,3,451,451,5,4,0,1,DEFENSE_INCOMPLETE,NO
2025-26,0022500387,3,453,453,4,5,1,0,OFFENSE_INCOMPLETE,NO
2025-26,0022500387,3,455,455,5,4,0,1,DEFENSE_INCOMPLETE,NO
2025-26,0022500387,3,464,464,4,5,1,0,OFFENSE_INCOMPLETE,NO
2025-26,0022500387,3,466,471,5,4,0,1,DEFENSE_INCOMPLETE,NO
2025-26,0022500387,3,472,472,4,5,1,0,OFFENSE_INCOMPLETE,NO
2025-26,0022500387,3,476,481,5,4,0,1,DEFENSE_INCOMPLETE,NO
2025-26,0022500393,1,137,140,5,4,0,1,DEFENSE_INCOMPLETE,NO
2025-26,0022500393,1,141,142,4,5,1,0,OFFENSE_INCOMPLETE,NO
2025-26,0022500393,1,143,144,5,4,0,1,DEFENSE_INCOMPLETE,NO
2025-26,0022500393,1,145,145,4,5,1,0,OFFENSE_INCOMPLETE,NO
2025-26,0022500393,1,147,147,5,4,0,1,DEFENSE_INCOMPLETE,NO
2025-26,0022500393,1,151,160,4,5,1,0,OFFENSE_INCOMPLETE,NO
2025-26,0022500403,4,498,502,4,5,1,0,OFFENSE_INCOMPLETE,NO
2025-26,0022500403,4,503,504,5,4,0,1,DEFENSE_INCOMPLETE,NO
2025-26,0022500403,4,505,506,4,5,1,0,OFFENSE_INCOMPLETE,NO
2025-26,0022500403,4,509,510,5,4,0,1,DEFENSE_INCOMPLETE,NO
2025-26,0022500403,4,511,516,4,5,1,0,OFFENSE_INCOMPLETE,NO
2025-26,0022500403,4,517,518,5,4,0,1,DEFENSE_INCOMPLETE,NO
2025-26,0022500403,4,519,522,4,5,1,0,OFFENSE_INCOMPLETE,NO
2025-26,0022500403,4,525,526,5,4,0,1,DEFENSE_INCOMPLETE,NO
2025-26,0022500403,4,527,527,4,5,1,0,OFFENSE_INCOMPLETE,NO
2025-26,0022500403,4,531,532,5,4,0,1,DEFENSE_INCOMPLETE,NO
2025-26,0022500403,4,533,533,4,5,1,0,OFFENSE_INCOMPLETE,NO
2025-26,0022500403,4,541,542,5,4,0,1,DEFENSE_INCOMPLETE,NO
2025-26,0022500403,4,543,545,4,5,1,0,OFFENSE_INCOMPLETE,NO
2025-26,0022500403,4,547,550,5,4,0,1,DEFENSE_INCOMPLETE,NO
2025-26,0022500403,4,551,559,4,5,1,0,OFFENSE_INCOMPLETE,NO
2025-26,0022500403,4,560,560,5,4,0,1,DEFENSE_INCOMPLETE,NO
2025-26,0022500403,4,562,562,4,5,1,0,OFFENSE_INCOMPLETE,NO
2025-26,0022500403,4,563,564,5,4,0,1,DEFENSE_INCOMPLETE,NO
2025-26,0022500403,4,565,565,4,5,1,0,OFFENSE_INCOMPLETE,NO
2025-26,0022500403,4,566,566,5,4,0,1,DEFENSE_INCOMPLETE,NO
2025-26,0022500403,4,571,571,4,5,1,0,OFFENSE_INCOMPLETE,NO
2025-26,0022500403,4,576,576,5,4,0,1,DEFENSE_INCOMPLETE,NO
2025-26,0022500403,4,577,578,4,5,1,0,OFFENSE_INCOMPLETE,NO
2025-26,0022500403,4,583,584,5,4,0,1,DEFENSE_INCOMPLETE,NO
2025-26,0022500403,4,585,593,4,5,1,0,OFFENSE_INCOMPLETE,NO
2025-26,0022500403,4,598,598,5,4,0,1,DEFENSE_INCOMPLETE,NO
2025-26,0022500403,4,590,590,4,5,1,0,OFFENSE_INCOMPLETE,NO
2025-26,0022500403,4,592,597,5,4,0,1,DEFENSE_INCOMPLETE,NO
2025-26,0022500403,4,599,600,4,5,1,0,OFFENSE_INCOMPLETE,NO
2025-26,0022500403,4,601,602,5,4,0,1,DEFENSE_INCOMPLETE,NO
2025-26,0022500403,4,603,608,4,5,1,0,OFFENSE_INCOMPLETE,NO
2025-26,0022500403,4,609,610,5,4,0,1,DEFENSE_INCOMPLETE,NO
2025-26,0022500403,4,612,612,4,5,1,0,OFFENSE_INCOMPLETE,NO
2025-26,0022500403,4,614,614,5,4,0,1,DEFENSE_INCOMPLETE,NO
2025-26,0022500403,4,618,622,4,5,1,0,OFFENSE_INCOMPLETE,NO
2025-26,0022500403,4,625,626,5,4,0,1,DEFENSE_INCOMPLETE,NO
2025-26,0022500403,4,627,627,4,5,1,0,OFFENSE_INCOMPLETE,NO
2025-26,0022500403,4,629,632,5,4,0,1,DEFENSE_INCOMPLETE,NO
2025-26,0022500403,4,635,637,4,5,1,0,OFFENSE_INCOMPLETE,NO
2025-26,0022500403,4,638,639,5,4,0,1,DEFENSE_INCOMPLETE,NO
2025-26,0022500403,4,640,640,4,5,1,0,OFFENSE_INCOMPLETE,NO
2025-26,0022500403,4,656,659,5,4,0,1,DEFENSE_INCOMPLETE,NO
2025-26,0022500409,2,265,268,5,4,0,1,DEFENSE_INCOMPLETE,NO
2025-26,0022500409,2,269,271,4,5,1,0,OFFENSE_INCOMPLETE,NO
2025-26,0022500409,2,272,272,5,4,0,1,DEFENSE_INCOMPLETE,NO
2025-26,0022500409,2,274,274,4,5,1,0,OFFENSE_INCOMPLETE,NO
2025-26,0022500409,2,276,276,5,4,0,1,DEFENSE_INCOMPLETE,NO
2025-26,0022500410,4,643,644,5,4,0,1,DEFENSE_INCOMPLETE,NO
2025-26,0022500410,4,647,654,4,5,1,0,OFFENSE_INCOMPLETE,NO
2025-26,0022500410,4,655,655,5,4,0,1,DEFENSE_INCOMPLETE,NO
2025-26,0022500410,4,657,657,4,5,1,0,OFFENSE_INCOMPLETE,NO
2025-26,0022500410,4,658,662,5,4,0,1,DEFENSE_INCOMPLETE,NO
2025-26,0022500410,4,663,663,4,5,1,0,OFFENSE_INCOMPLETE,NO
2025-26,0022500410,4,665,666,5,4,0,1,DEFENSE_INCOMPLETE,NO
2025-26,0022500410,4,669,670,4,5,1,0,OFFENSE_INCOMPLETE,NO
2025-26,0022500410,4,672,680,5,4,0,1,DEFENSE_INCOMPLETE,NO
2025-26,0022500410,4,683,684,5,4,0,1,DEFENSE_INCOMPLETE,NO
2025-26,0022500410,4,685,688,4,5,1,0,OFFENSE_INCOMPLETE,NO
2025-26,0022500410,4,689,694,5,4,0,1,DEFENSE_INCOMPLETE,NO
2025-26,0022500410,4,695,697,4,5,1,0,OFFENSE_INCOMPLETE,NO
2025-26,0022500410,4,698,698,5,4,0,1,DEFENSE_INCOMPLETE,NO
2025-26,0022500410,4,700,700,4,5,1,0,OFFENSE_INCOMPLETE,NO
2025-26,0022500410,4,702,702,5,4,0,1,DEFENSE_INCOMPLETE,NO
2025-26,0022500410,4,704,704,4,5,1,0,OFFENSE_INCOMPLETE,NO
2025-26,0022500410,4,706,706,5,4,0,1,DEFENSE_INCOMPLETE,NO
2025-26,0022500410,4,708,708,4,5,1,0,OFFENSE_INCOMPLETE,NO
2025-26,0022500410,4,710,710,5,4,0,1,DEFENSE_INCOMPLETE,NO
2025-26,0022500410,4,714,715,4,5,1,0,OFFENSE_INCOMPLETE,NO
2025-26,0022500410,4,716,717,5,4,0,1,DEFENSE_INCOMPLETE,NO
2025-26,0022500410,4,718,718,4,5,1,0,OFFENSE_INCOMPLETE,NO
2025-26,0022500410,4,719,720,5,4,0,1,DEFENSE_INCOMPLETE,NO
2025-26,0022500410,4,721,721,4,5,1,0,OFFENSE_INCOMPLETE,NO
2025-26,0022500410,4,724,733,5,4,0,1,DEFENSE_INCOMPLETE,NO
2025-26,0022500410,4,734,737,4,5,1,0,OFFENSE_INCOMPLETE,NO
2025-26,0022500411,4,692,697,4,5,1,0,OFFENSE_INCOMPLETE,NO
2025-26,0022500411,4,698,698,5,4,0,1,DEFENSE_INCOMPLETE,NO
2025-26,0022500411,4,701,702,4,5,1,0,OFFENSE_INCOMPLETE,NO
2025-26,0022500411,4,703,705,5,4,0,1,DEFENSE_INCOMPLETE,NO
2025-26,0022500411,4,706,707,4,5,1,0,OFFENSE_INCOMPLETE,NO
2025-26,0022500411,4,708,708,5,4,0,1,DEFENSE_INCOMPLETE,NO
2025-26,0022500411,4,710,711,4,5,1,0,OFFENSE_INCOMPLETE,NO
2025-26,0022500411,4,713,714,5,4,0,1,DEFENSE_INCOMPLETE,NO
2025-26,0022500411,4,715,715,4,5,1,0,OFFENSE_INCOMPLETE,NO
2025-26,0022500411,4,723,724,5,4,0,1,DEFENSE_INCOMPLETE,NO
2025-26,0022500411,4,725,725,4,5,1,0,OFFENSE_INCOMPLETE,NO
2025-26,0022500411,4,726,726,5,4,0,1,DEFENSE_INCOMPLETE,NO
2025-26,0022500411,4,728,729,4,5,1,0,OFFENSE_INCOMPLETE,NO
2025-26,0022500411,4,730,730,5,4,0,1,DEFENSE_INCOMPLETE,NO
2025-26,0022500411,4,733,734,4,5,1,0,OFFENSE_INCOMPLETE,NO
2025-26,0022500411,4,735,735,5,4,0,1,DEFENSE_INCOMPLETE,NO
2025-26,0022500411,4,739,739,4,5,1,0,OFFENSE_INCOMPLETE,NO
2025-26,0022500411,4,741,749,5,4,0,1,DEFENSE_INCOMPLETE,NO
2025-26,0022500411,4,753,762,4,5,1,0,OFFENSE_INCOMPLETE,NO
2025-26,0022500411,4,762,762,5,4,0,1,DEFENSE_INCOMPLETE,NO
2025-26,0022500411,4,767,770,5,4,0,1,DEFENSE_INCOMPLETE,NO
2025-26,0022500411,4,772,773,4,5,1,0,OFFENSE_INCOMPLETE,NO
2025-26,0022500417,3,433,434,4,5,1,0,OFFENSE_INCOMPLETE,NO
2025-26,0022500417,3,435,435,5,4,0,1,DEFENSE_INCOMPLETE,NO
2025-26,0022500417,3,436,437,4,5,1,0,OFFENSE_INCOMPLETE,NO
2025-26,0022500417,3,440,440,5,4,0,1,DEFENSE_INCOMPLETE,NO
2025-26,0022500420,1,104,104,4,5,1,0,OFFENSE_INCOMPLETE,NO
2025-26,0022500420,1,105,107,5,4,0,1,DEFENSE_INCOMPLETE,NO
2025-26,0022500420,1,108,108,4,5,1,0,OFFENSE_INCOMPLETE,NO
2025-26,0022500420,1,111,115,5,4,0,1,DEFENSE_INCOMPLETE,NO
2025-26,0022500420,1,116,116,4,5,1,0,OFFENSE_INCOMPLETE,NO
2025-26,0022500420,1,127,129,5,4,0,1,DEFENSE_INCOMPLETE,NO
2025-26,0022500420,1,130,132,4,5,1,0,OFFENSE_INCOMPLETE,NO
2025-26,0022500420,1,133,133,5,4,0,1,DEFENSE_INCOMPLETE,NO
2025-26,0022500420,1,136,143,4,5,1,0,OFFENSE_INCOMPLETE,NO
2025-26,0022500420,4,674,675,4,5,1,0,OFFENSE_INCOMPLETE,NO
2025-26,0022500420,4,676,678,5,4,0,1,DEFENSE_INCOMPLETE,NO
2025-26,0022500420,4,685,690,4,5,1,0,OFFENSE_INCOMPLETE,NO
2025-26,0022500420,4,694,695,5,4,0,1,DEFENSE_INCOMPLETE,NO
2025-26,0022500420,4,698,702,4,5,1,0,OFFENSE_INCOMPLETE,NO
2025-26,0022500420,4,706,707,5,4,0,1,DEFENSE_INCOMPLETE,NO
2025-26,0022500425,1,67,67,5,4,0,1,DEFENSE_INCOMPLETE,NO
2025-26,0022500425,1,69,69,4,5,1,0,OFFENSE_INCOMPLETE,NO
2025-26,0022500425,1,70,71,5,4,0,1,DEFENSE_INCOMPLETE,NO
2025-26,0022500425,1,72,76,4,5,1,0,OFFENSE_INCOMPLETE,NO
2025-26,0022500425,3,336,336,5,4,0,1,DEFENSE_INCOMPLETE,NO
2025-26,0022500425,3,338,338,4,5,1,0,OFFENSE_INCOMPLETE,NO
2025-26,0022500425,3,344,345,5,4,0,1,DEFENSE_INCOMPLETE,NO
2025-26,0022500425,3,346,347,4,5,1,0,OFFENSE_INCOMPLETE,NO
2025-26,0022500425,3,350,351,5,4,0,1,DEFENSE_INCOMPLETE,NO
2025-26,0022500425,3,352,352,4,5,1,0,OFFENSE_INCOMPLETE,NO
2025-26,0022500425,3,354,355,5,4,0,1,DEFENSE_INCOMPLETE,NO
2025-26,0022500425,3,356,356,4,5,1,0,OFFENSE_INCOMPLETE,NO
2025-26,0022500425,3,357,358,5,4,0,1,DEFENSE_INCOMPLETE,NO
2025-26,0022500425,3,359,359,4,5,1,0,OFFENSE_INCOMPLETE,NO
2025-26,0022500425,3,360,360,5,4,0,1,DEFENSE_INCOMPLETE,NO
2025-26,0022500425,3,361,362,4,5,1,0,OFFENSE_INCOMPLETE,NO
2025-26,0022500425,3,363,363,5,4,0,1,DEFENSE_INCOMPLETE,NO
2025-26,0022500425,3,365,367,4,5,1,0,OFFENSE_INCOMPLETE,NO
2025-26,0022500425,3,368,368,5,4,0,1,DEFENSE_INCOMPLETE,NO
2025-26,0022500425,3,373,374,4,5,1,0,OFFENSE_INCOMPLETE,NO
2025-26,0022500425,3,375,375,5,4,0,1,DEFENSE_INCOMPLETE,NO
2025-26,0022500425,3,380,381,4,5,1,0,OFFENSE_INCOMPLETE,NO
2025-26,0022500425,3,382,382,5,4,0,1,DEFENSE_INCOMPLETE,NO
2025-26,0022500425,3,384,384,4,5,1,0,OFFENSE_INCOMPLETE,NO
2025-26,0022500425,3,385,385,5,4,0,1,DEFENSE_INCOMPLETE,NO
2025-26,0022500425,3,389,390,5,4,0,1,DEFENSE_INCOMPLETE,NO
2025-26,0022500425,3,391,392,4,5,1,0,OFFENSE_INCOMPLETE,NO
2025-26,0022500425,3,393,396,5,4,0,1,DEFENSE_INCOMPLETE,NO
2025-26,0022500428,2,186,186,4,5,1,0,OFFENSE_INCOMPLETE,NO
2025-26,0022500428,2,188,188,5,4,0,1,DEFENSE_INCOMPLETE,NO
2025-26,0022500428,2,192,194,4,5,1,0,OFFENSE_INCOMPLETE,NO
2025-26,0022500428,2,196,196,5,4,0,1,DEFENSE_INCOMPLETE,NO
2025-26,0022500429,4,578,581,5,4,0,1,DEFENSE_INCOMPLETE,NO
2025-26,0022500429,4,584,585,4,5,1,0,OFFENSE_INCOMPLETE,NO
2025-26,0022500429,4,586,586,5,4,0,1,DEFENSE_INCOMPLETE,NO
2025-26,0022500429,4,588,588,4,5,1,0,OFFENSE_INCOMPLETE,NO
2025-26,0022500429,4,590,590,5,4,0,1,DEFENSE_INCOMPLETE,NO
2025-26,0022500429,4,594,594,4,5,1,0,OFFENSE_INCOMPLETE,NO
2025-26,0022500429,4,596,596,5,4,0,1,DEFENSE_INCOMPLETE,NO
2025-26,0022500429,4,600,602,4,5,1,0,OFFENSE_INCOMPLETE,NO
2025-26,0022500429,4,603,603,5,4,0,1,DEFENSE_INCOMPLETE,NO
2025-26,0022500429,4,604,611,4,5,1,0,OFFENSE_INCOMPLETE,NO
2025-26,0022500429,4,612,613,5,4,0,1,DEFENSE_INCOMPLETE,NO
2025-26,0022500429,4,614,614,4,5,1,0,OFFENSE_INCOMPLETE,NO
2025-26,0022500429,4,625,625,5,4,0,1,DEFENSE_INCOMPLETE,NO
2025-26,0022500429,4,627,628,4,5,1,0,OFFENSE_INCOMPLETE,NO
2025-26,0022500429,4,629,630,5,4,0,1,DEFENSE_INCOMPLETE,NO
2025-26,0022500429,4,631,631,4,5,1,0,OFFENSE_INCOMPLETE,NO
2025-26,0022500429,4,639,643,5,4,0,1,DEFENSE_INCOMPLETE,NO
2025-26,0022500430,3,367,367,5,4,0,1,DEFENSE_INCOMPLETE,NO
2025-26,0022500430,3,369,370,4,5,1,0,OFFENSE_INCOMPLETE,NO
2025-26,0022500434,3,502,503,5,4,0,1,DEFENSE_INCOMPLETE,NO
2025-26,0022500434,3,504,504,4,5,1,0,OFFENSE_INCOMPLETE,NO
2025-26,0022500434,3,518,521,5,4,0,1,DEFENSE_INCOMPLETE,NO
2025-26,0022500434,3,523,528,4,5,1,0,OFFENSE_INCOMPLETE,NO
2025-26,0022500434,3,529,530,5,4,0,1,DEFENSE_INCOMPLETE,NO
2025-26,0022500434,3,533,533,4,5,1,0,OFFENSE_INCOMPLETE,NO
2025-26,0022500434,3,534,534,5,4,0,1,DEFENSE_INCOMPLETE,NO
2025-26,0022500434,3,536,536,4,5,1,0,OFFENSE_INCOMPLETE,NO
2025-26,0022500434,3,538,539,5,4,0,1,DEFENSE_INCOMPLETE,NO
2025-26,0022500434,3,540,541,4,5,1,0,OFFENSE_INCOMPLETE,NO
2025-26,0022500434,3,544,553,5,4,0,1,DEFENSE_INCOMPLETE,NO
2025-26,0022500434,3,554,556,4,5,1,0,OFFENSE_INCOMPLETE,NO
2025-26,0022500441,1,106,106,5,4,0,1,DEFENSE_INCOMPLETE,NO
2025-26,0022500441,1,107,107,4,5,1,0,OFFENSE_INCOMPLETE,NO
2025-26,0022500441,1,110,110,5,4,0,1,DEFENSE_INCOMPLETE,NO
2025-26,0022500449,4,670,671,5,4,0,1,DEFENSE_INCOMPLETE,NO
2025-26,0022500449,4,672,679,4,5,1,0,OFFENSE_INCOMPLETE,NO
2025-26,0022500449,4,680,683,5,4,0,1,DEFENSE_INCOMPLETE,NO
2025-26,0022500449,4,684,684,4,5,1,0,OFFENSE_INCOMPLETE,NO
2025-26,0022500449,4,688,689,5,4,0,1,DEFENSE_INCOMPLETE,NO
2025-26,0022500449,4,690,692,4,5,1,0,OFFENSE_INCOMPLETE,NO
2025-26,0022500449,4,693,693,5,4,0,1,DEFENSE_INCOMPLETE,NO
2025-26,0022500449,4,695,695,4,5,1,0,OFFENSE_INCOMPLETE,NO
2025-26,0022500449,4,697,697,5,4,0,1,DEFENSE_INCOMPLETE,NO
2025-26,0022500449,4,702,704,4,5,1,0,OFFENSE_INCOMPLETE,NO
2025-26,0022500449,4,707,709,5,4,0,1,DEFENSE_INCOMPLETE,NO
2025-26,0022500449,4,710,711,4,5,1,0,OFFENSE_INCOMPLETE,NO
2025-26,0022500449,4,712,716,5,4,0,1,DEFENSE_INCOMPLETE,NO
2025-26,0022500449,4,717,719,4,5,1,0,OFFENSE_INCOMPLETE,NO
2025-26,0022500453,2,302,303,5,4,0,1,DEFENSE_INCOMPLETE,NO
2025-26,0022500453,2,304,305,4,5,1,0,OFFENSE_INCOMPLETE,NO
2025-26,0022500453,2,306,307,5,4,0,1,DEFENSE_INCOMPLETE,NO
2025-26,0022500453,2,308,308,4,5,1,0,OFFENSE_INCOMPLETE,NO
2025-26,0022500453,2,310,311,5,4,0,1,DEFENSE_INCOMPLETE,NO
2025-26,0022500453,2,312,312,4,5,1,0,OFFENSE_INCOMPLETE,NO
2025-26,0022500467,2,298,299,5,4,0,1,DEFENSE_INCOMPLETE,NO
2025-26,0022500467,2,300,300,4,5,1,0,OFFENSE_INCOMPLETE,NO
2025-26,0022500467,2,301,302,5,4,0,1,DEFENSE_INCOMPLETE,NO
2025-26,0022500467,2,303,304,4,5,1,0,OFFENSE_INCOMPLETE,NO
2025-26,0022500467,2,305,306,5,4,0,1,DEFENSE_INCOMPLETE,NO
2025-26,0022500467,2,307,308,4,5,1,0,OFFENSE_INCOMPLETE,NO
2025-26,0022500467,2,309,310,5,4,0,1,DEFENSE_INCOMPLETE,NO
2025-26,0022500467,2,311,311,4,5,1,0,OFFENSE_INCOMPLETE,NO
2025-26,0022500467,2,313,315,5,4,0,1,DEFENSE_INCOMPLETE,NO
2025-26,0022500467,2,317,317,4,5,1,0,OFFENSE_INCOMPLETE,NO
2025-26,0022500467,4,777,778,4,5,1,0,OFFENSE_INCOMPLETE,NO
2025-26,0022500467,4,779,779,5,4,0,1,DEFENSE_INCOMPLETE,NO
2025-26,0022500467,4,781,781,4,5,1,0,OFFENSE_INCOMPLETE,NO
2025-26,0022500469,3,332,332,5,4,0,1,DEFENSE_INCOMPLETE,NO
2025-26,0022500469,3,334,335,4,5,1,0,OFFENSE_INCOMPLETE,NO
2025-26,0022500469,3,336,344,5,4,0,1,DEFENSE_INCOMPLETE,NO
2025-26,0022500469,3,345,346,4,5,1,0,OFFENSE_INCOMPLETE,NO
2025-26,0022500469,3,347,348,5,4,0,1,DEFENSE_INCOMPLETE,NO
2025-26,0022500469,3,351,351,4,5,1,0,OFFENSE_INCOMPLETE,NO
2025-26,0022500479,3,432,434,4,5,1,0,OFFENSE_INCOMPLETE,NO
2025-26,0022500479,3,436,437,5,4,0,1,DEFENSE_INCOMPLETE,NO
2025-26,0022500479,3,438,438,4,5,1,0,OFFENSE_INCOMPLETE,NO
2025-26,0022500479,3,442,447,5,4,0,1,DEFENSE_INCOMPLETE,NO
2025-26,0022500479,3,448,451,4,5,1,0,OFFENSE_INCOMPLETE,NO
2025-26,0022500479,3,453,458,5,4,0,1,DEFENSE_INCOMPLETE,NO
2025-26,0022500479,3,459,462,4,5,1,0,OFFENSE_INCOMPLETE,NO
2025-26,0022500479,3,463,466,5,4,0,1,DEFENSE_INCOMPLETE,NO
2025-26,0022500479,3,467,478,4,5,1,0,OFFENSE_INCOMPLETE,NO
2025-26,0022500479,3,479,480,5,4,0,1,DEFENSE_INCOMPLETE,NO
2025-26,0022500479,3,481,482,4,5,1,0,OFFENSE_INCOMPLETE,NO
2025-26,0022500479,3,483,486,5,4,0,1,DEFENSE_INCOMPLETE,NO
2025-26,0022500479,3,487,487,4,5,1,0,OFFENSE_INCOMPLETE,NO
2025-26,0022500479,3,489,489,5,4,0,1,DEFENSE_INCOMPLETE,NO
2025-26,0022500479,3,491,491,4,5,1,0,OFFENSE_INCOMPLETE,NO
2025-26,0022500479,3,495,502,5,4,0,1,DEFENSE_INCOMPLETE,NO
2025-26,0022500484,4,672,673,5,4,0,1,DEFENSE_INCOMPLETE,NO
2025-26,0022500484,4,674,674,4,5,1,0,OFFENSE_INCOMPLETE,NO
2025-26,0022500484,4,675,675,5,4,0,1,DEFENSE_INCOMPLETE,NO
2025-26,0022500484,4,677,677,4,5,1,0,OFFENSE_INCOMPLETE,NO
2025-26,0022500484,4,679,681,5,4,0,1,DEFENSE_INCOMPLETE,NO
2025-26,0022500484,4,683,683,4,5,1,0,OFFENSE_INCOMPLETE,NO
2025-26,0022500484,4,689,690,5,4,0,1,DEFENSE_INCOMPLETE,NO
2025-26,0022500484,4,691,692,4,5,1,0,OFFENSE_INCOMPLETE,NO
2025-26,0022500484,4,693,693,5,4,0,1,DEFENSE_INCOMPLETE,NO
2025-26,0022500484,4,694,694,4,5,1,0,OFFENSE_INCOMPLETE,NO
2025-26,0022500484,4,696,696,5,4,0,1,DEFENSE_INCOMPLETE,NO
2025-26,0022500484,4,698,698,4,5,1,0,OFFENSE_INCOMPLETE,NO
2025-26,0022500484,4,700,701,5,4,0,1,DEFENSE_INCOMPLETE,NO
2025-26,0022500484,4,702,702,4,5,1,0,OFFENSE_INCOMPLETE,NO
2025-26,0022500484,4,704,705,5,4,0,1,DEFENSE_INCOMPLETE,NO
2025-26,0022500484,4,706,707,4,5,1,0,OFFENSE_INCOMPLETE,NO
2025-26,0022500484,4,708,709,5,4,0,1,DEFENSE_INCOMPLETE,NO
2025-26,0022500484,4,710,710,4,5,1,0,OFFENSE_INCOMPLETE,NO
2025-26,0022500484,4,712,712,5,4,0,1,DEFENSE_INCOMPLETE,NO
2025-26,0022500490,2,265,267,5,4,0,1,DEFENSE_INCOMPLETE,NO
2025-26,0022500490,2,268,268,4,5,1,0,OFFENSE_INCOMPLETE,NO
2025-26,0022500490,2,271,272,5,4,0,1,DEFENSE_INCOMPLETE,NO
2025-26,0022500508,4,692,692,4,5,1,0,OFFENSE_INCOMPLETE,NO
2025-26,0022500508,4,695,696,5,4,0,1,DEFENSE_INCOMPLETE,NO
2025-26,0022500508,4,699,701,4,5,1,0,OFFENSE_INCOMPLETE,NO
2025-26,0022500509,3,465,465,4,5,1,0,OFFENSE_INCOMPLETE,NO
2025-26,0022500509,3,466,466,5,4,0,1,DEFENSE_INCOMPLETE,NO
2025-26,0022500509,3,468,468,4,5,1,0,OFFENSE_INCOMPLETE,NO
2025-26,0022500509,3,476,476,5,4,0,1,DEFENSE_INCOMPLETE,NO
2025-26,0022500509,3,477,477,4,5,1,0,OFFENSE_INCOMPLETE,NO
2025-26,0022500509,3,481,481,5,4,0,1,DEFENSE_INCOMPLETE,NO
2025-26,0022500509,3,482,483,4,5,1,0,OFFENSE_INCOMPLETE,NO
2025-26,0022500509,3,484,484,5,4,0,1,DEFENSE_INCOMPLETE,NO
2025-26,0022500509,3,488,488,4,5,1,0,OFFENSE_INCOMPLETE,NO
2025-26,0022500509,3,489,490,5,4,0,1,DEFENSE_INCOMPLETE,NO
2025-26,0022500509,3,491,491,4,5,1,0,OFFENSE_INCOMPLETE,NO
2025-26,0022500509,3,493,496,5,4,0,1,DEFENSE_INCOMPLETE,NO
2025-26,0022500509,3,502,508,4,5,1,0,OFFENSE_INCOMPLETE,NO
2025-26,0022500509,3,509,509,5,4,0,1,DEFENSE_INCOMPLETE,NO
2025-26,0022500522,2,298,299,4,5,1,0,OFFENSE_INCOMPLETE,NO
2025-26,0022500522,2,307,308,5,4,0,1,DEFENSE_INCOMPLETE,NO
2025-26,0022500522,3,323,323,4,5,1,0,OFFENSE_INCOMPLETE,NO
2025-26,0022500522,3,325,329,5,4,0,1,DEFENSE_INCOMPLETE,NO
2025-26,0022500522,3,330,330,4,5,1,0,OFFENSE_INCOMPLETE,NO
2025-26,0022500522,3,331,331,5,4,0,1,DEFENSE_INCOMPLETE,NO
2025-26,0022500522,3,333,337,4,5,1,0,OFFENSE_INCOMPLETE,NO
2025-26,0022500522,3,338,339,5,4,0,1,DEFENSE_INCOMPLETE,NO
2025-26,0022500522,3,340,341,4,5,1,0,OFFENSE_INCOMPLETE,NO
2025-26,0022500522,3,342,344,5,4,0,1,DEFENSE_INCOMPLETE,NO
2025-26,0022500522,3,345,346,4,5,1,0,OFFENSE_INCOMPLETE,NO
2025-26,0022500522,3,347,347,5,4,0,1,DEFENSE_INCOMPLETE,NO
2025-26,0022500522,3,349,351,4,5,1,0,OFFENSE_INCOMPLETE,NO
2025-26,0022500522,3,353,353,5,4,0,1,DEFENSE_INCOMPLETE,NO
2025-26,0022500522,3,354,354,4,5,1,0,OFFENSE_INCOMPLETE,NO
2025-26,0022500522,3,359,360,5,4,0,1,DEFENSE_INCOMPLETE,NO
2025-26,0022500522,3,363,366,4,5,1,0,OFFENSE_INCOMPLETE,NO
2025-26,0022500522,3,368,370,5,4,0,1,DEFENSE_INCOMPLETE,NO
2025-26,0022500522,3,371,373,4,5,1,0,OFFENSE_INCOMPLETE,NO
2025-26,0022500522,3,375,376,5,4,0,1,DEFENSE_INCOMPLETE,NO
2025-26,0022500522,3,381,383,4,5,1,0,OFFENSE_INCOMPLETE,NO
2025-26,0022500522,3,385,385,5,4,0,1,DEFENSE_INCOMPLETE,NO
2025-26,0022500522,3,387,394,4,5,1,0,OFFENSE_INCOMPLETE,NO
2025-26,0022500522,3,395,395,5,4,0,1,DEFENSE_INCOMPLETE,NO
2025-26,0022500522,3,397,397,4,5,1,0,OFFENSE_INCOMPLETE,NO
2025-26,0022500522,3,401,402,5,4,0,1,DEFENSE_INCOMPLETE,NO
2025-26,0022500522,3,403,412,4,5,1,0,OFFENSE_INCOMPLETE,NO
2025-26,0022500529,4,540,542,4,5,1,0,OFFENSE_INCOMPLETE,NO
2025-26,0022500529,4,546,547,5,4,0,1,DEFENSE_INCOMPLETE,NO
2025-26,0022500529,4,548,548,4,5,1,0,OFFENSE_INCOMPLETE,NO
2025-26,0022500529,4,549,549,5,4,0,1,DEFENSE_INCOMPLETE,NO
2025-26,0022500529,4,551,551,4,5,1,0,OFFENSE_INCOMPLETE,NO
2025-26,0022500529,4,555,558,5,4,0,1,DEFENSE_INCOMPLETE,NO
2025-26,0022500529,4,559,560,4,5,1,0,OFFENSE_INCOMPLETE,NO
2025-26,0022500529,4,561,565,5,4,0,1,DEFENSE_INCOMPLETE,NO
2025-26,0022500529,4,566,567,4,5,1,0,OFFENSE_INCOMPLETE,NO
2025-26,0022500529,4,569,570,5,4,0,1,DEFENSE_INCOMPLETE,NO
2025-26,0022500529,4,571,575,4,5,1,0,OFFENSE_INCOMPLETE,NO
2025-26,0022500529,4,576,577,5,4,0,1,DEFENSE_INCOMPLETE,NO
2025-26,0022500529,4,578,578,4,5,1,0,OFFENSE_INCOMPLETE,NO
2025-26,0022500529,4,579,579,5,4,0,1,DEFENSE_INCOMPLETE,NO
2025-26,0022500529,4,585,585,4,5,1,0,OFFENSE_INCOMPLETE,NO
2025-26,0022500529,4,586,590,5,4,0,1,DEFENSE_INCOMPLETE,NO
2025-26,0022500529,4,591,594,4,5,1,0,OFFENSE_INCOMPLETE,NO
2025-26,0022500532,1,132,132,5,4,0,1,DEFENSE_INCOMPLETE,NO
2025-26,0022500537,4,546,547,4,5,1,0,OFFENSE_INCOMPLETE,NO
2025-26,0022500537,4,548,548,5,4,0,1,DEFENSE_INCOMPLETE,NO
2025-26,0022500537,4,550,551,4,5,1,0,OFFENSE_INCOMPLETE,NO
2025-26,0022500537,4,554,560,5,4,0,1,DEFENSE_INCOMPLETE,NO
2025-26,0022500545,4,647,651,4,5,1,0,OFFENSE_INCOMPLETE,NO
2025-26,0022500545,4,650,650,5,4,0,1,DEFENSE_INCOMPLETE,NO
2025-26,0022500545,4,652,656,4,5,1,0,OFFENSE_INCOMPLETE,NO
2025-26,0022500545,4,660,662,5,4,0,1,DEFENSE_INCOMPLETE,NO
2025-26,0022500547,4,594,594,5,4,0,1,DEFENSE_INCOMPLETE,NO
2025-26,0022500547,4,596,596,4,5,1,0,OFFENSE_INCOMPLETE,NO
2025-26,0022500564,4,596,597,5,4,0,1,DEFENSE_INCOMPLETE,NO
2025-26,0022500564,4,598,598,4,5,1,0,OFFENSE_INCOMPLETE,NO
2025-26,0022500564,4,600,600,5,4,0,1,DEFENSE_INCOMPLETE,NO
2025-26,0022500564,4,602,604,4,5,1,0,OFFENSE_INCOMPLETE,NO
2025-26,0022500564,4,737,737,4,5,1,0,OFFENSE_INCOMPLETE,NO
2025-26,0022500564,4,750,753,5,4,0,1,DEFENSE_INCOMPLETE,NO
2025-26,0022500564,4,754,756,4,5,1,0,OFFENSE_INCOMPLETE,NO
2025-26,0022500565,2,267,267,4,5,1,0,OFFENSE_INCOMPLETE,NO
2025-26,0022500565,2,272,279,5,4,0,1,DEFENSE_INCOMPLETE,NO
2025-26,0022500565,4,535,536,5,4,0,1,DEFENSE_INCOMPLETE,NO
2025-26,0022500565,4,537,538,4,5,1,0,OFFENSE_INCOMPLETE,NO
2025-26,0022500565,4,539,540,5,4,0,1,DEFENSE_INCOMPLETE,NO
2025-26,0022500565,4,541,542,4,5,1,0,OFFENSE_INCOMPLETE,NO
2025-26,0022500565,4,543,543,5,4,0,1,DEFENSE_INCOMPLETE,NO
2025-26,0022500569,2,178,179,4,5,1,0,OFFENSE_INCOMPLETE,NO
2025-26,0022500569,2,181,181,5,4,0,1,DEFENSE_INCOMPLETE,NO
2025-26,0022500569,2,182,182,5,4,0,1,DEFENSE_INCOMPLETE,NO
2025-26,0022500569,2,183,183,4,5,1,0,OFFENSE_INCOMPLETE,NO
2025-26,0022500569,2,184,184,5,4,0,1,DEFENSE_INCOMPLETE,NO
2025-26,0022500569,2,186,186,4,5,1,0,OFFENSE_INCOMPLETE,NO
2025-26,0022500569,2,187,188,5,4,0,1,DEFENSE_INCOMPLETE,NO
2025-26,0022500569,2,192,195,4,5,1,0,OFFENSE_INCOMPLETE,NO
2025-26,0022500569,2,198,199,5,4,0,1,DEFENSE_INCOMPLETE,NO
2025-26,0022500569,2,200,201,4,5,1,0,OFFENSE_INCOMPLETE,NO
2025-26,0022500569,2,202,204,5,4,0,1,DEFENSE_INCOMPLETE,NO
2025-26,0022500569,2,205,205,4,5,1,0,OFFENSE_INCOMPLETE,NO
2025-26,0022500569,2,207,218,5,4,0,1,DEFENSE_INCOMPLETE,NO
2025-26,0022500591,2,184,185,5,4,0,1,DEFENSE_INCOMPLETE,NO
2025-26,0022500593,3,377,379,5,4,0,1,DEFENSE_INCOMPLETE,NO
2025-26,0022500601,4,622,623,4,5,1,0,OFFENSE_INCOMPLETE,NO
2025-26,0022500601,4,625,627,5,4,0,1,DEFENSE_INCOMPLETE,NO
2025-26,0022500601,4,630,630,4,5,1,0,OFFENSE_INCOMPLETE,NO
2025-26,0022500601,4,638,638,5,4,0,1,DEFENSE_INCOMPLETE,NO
2025-26,0022500601,4,639,639,5,4,0,1,DEFENSE_INCOMPLETE,NO
2025-26,0022500601,4,641,642,4,5,1,0,OFFENSE_INCOMPLETE,NO
2025-26,0022500601,4,643,643,5,4,0,1,DEFENSE_INCOMPLETE,NO
2025-26,0022500601,4,645,645,4,5,1,0,OFFENSE_INCOMPLETE,NO
2025-26,0022500601,4,647,648,5,4,0,1,DEFENSE_INCOMPLETE,NO
2025-26,0022500601,4,649,650,4,5,1,0,OFFENSE_INCOMPLETE,NO
2025-26,0022500601,4,651,651,5,4,0,1,DEFENSE_INCOMPLETE,NO
2025-26,0022500601,4,653,653,4,5,1,0,OFFENSE_INCOMPLETE,NO
2025-26,0022500611,1,83,84,5,4,0,1,DEFENSE_INCOMPLETE,NO
2025-26,0022500611,1,85,86,4,5,1,0,OFFENSE_INCOMPLETE,NO
2025-26,0022500611,1,87,87,5,4,0,1,DEFENSE_INCOMPLETE,NO
2025-26,0022500611,1,89,90,4,5,1,0,OFFENSE_INCOMPLETE,NO
2025-26,0022500611,1,91,91,5,4,0,1,DEFENSE_INCOMPLETE,NO
2025-26,0022500611,1,94,94,4,5,1,0,OFFENSE_INCOMPLETE,NO
2025-26,0022500611,1,96,96,5,4,0,1,DEFENSE_INCOMPLETE,NO
2025-26,0022500611,1,98,99,4,5,1,0,OFFENSE_INCOMPLETE,NO
2025-26,0022500611,1,100,100,5,4,0,1,DEFENSE_INCOMPLETE,NO
2025-26,0022500611,1,101,102,4,5,1,0,OFFENSE_INCOMPLETE,NO
2025-26,0022500611,1,103,104,5,4,0,1,DEFENSE_INCOMPLETE,NO
2025-26,0022500612,4,649,650,5,4,0,1,DEFENSE_INCOMPLETE,NO
2025-26,0022500612,4,651,652,4,5,1,0,OFFENSE_INCOMPLETE,NO
2025-26,0022500612,4,653,658,5,4,0,1,DEFENSE_INCOMPLETE,NO
2025-26,0022500626,3,516,518,5,4,0,1,DEFENSE_INCOMPLETE,NO
2025-26,0022500626,3,519,519,4,5,1,0,OFFENSE_INCOMPLETE,NO
2025-26,0022500626,3,520,520,5,4,0,1,DEFENSE_INCOMPLETE,NO
2025-26,0022500626,3,522,522,4,5,1,0,OFFENSE_INCOMPLETE,NO
2025-26,0022500626,3,524,526,5,4,0,1,DEFENSE_INCOMPLETE,NO
2025-26,0022500626,4,536,536,5,4,0,1,DEFENSE_INCOMPLETE,NO
2025-26,0022500626,4,540,541,4,5,1,0,OFFENSE_INCOMPLETE,NO
2025-26,0022500626,4,542,546,5,4,0,1,DEFENSE_INCOMPLETE,NO
2025-26,0022500626,4,547,550,4,5,1,0,OFFENSE_INCOMPLETE,NO
2025-26,0022500626,4,551,552,5,4,0,1,DEFENSE_INCOMPLETE,NO
2025-26,0022500626,4,553,554,4,5,1,0,OFFENSE_INCOMPLETE,NO
2025-26,0022500626,4,555,555,5,4,0,1,DEFENSE_INCOMPLETE,NO
2025-26,0022500626,4,556,556,4,5,1,0,OFFENSE_INCOMPLETE,NO
2025-26,0022500626,4,564,565,5,4,0,1,DEFENSE_INCOMPLETE,NO
2025-26,0022500626,4,568,568,4,5,1,0,OFFENSE_INCOMPLETE,NO
2025-26,0022500626,4,571,572,5,4,0,1,DEFENSE_INCOMPLETE,NO
2025-26,0022500626,4,573,577,4,5,1,0,OFFENSE_INCOMPLETE,NO
2025-26,0022500626,4,578,578,5,4,0,1,DEFENSE_INCOMPLETE,NO
2025-26,0022500626,4,579,579,4,5,1,0,OFFENSE_INCOMPLETE,NO
2025-26,0022500626,4,581,583,5,4,0,1,DEFENSE_INCOMPLETE,NO
2025-26,0022500626,4,586,587,4,5,1,0,OFFENSE_INCOMPLETE,NO
2025-26,0022500626,4,588,589,5,4,0,1,DEFENSE_INCOMPLETE,NO
2025-26,0022500626,4,590,590,4,5,1,0,OFFENSE_INCOMPLETE,NO
2025-26,0022500627,4,576,577,4,5,1,0,OFFENSE_INCOMPLETE,NO
2025-26,0022500627,4,578,578,5,4,0,1,DEFENSE_INCOMPLETE,NO
2025-26,0022500627,4,580,580,4,5,1,0,OFFENSE_INCOMPLETE,NO
2025-26,0022500627,4,582,582,5,4,0,1,DEFENSE_INCOMPLETE,NO
2025-26,0022500641,1,101,101,4,5,1,0,OFFENSE_INCOMPLETE,NO
2025-26,0022500641,1,103,105,5,4,0,1,DEFENSE_INCOMPLETE,NO
2025-26,0022500641,1,108,108,4,5,1,0,OFFENSE_INCOMPLETE,NO
2025-26,0022500641,1,110,111,5,4,0,1,DEFENSE_INCOMPLETE,NO
2025-26,0022500641,1,112,113,4,5,1,0,OFFENSE_INCOMPLETE,NO
2025-26,0022500641,1,114,116,5,4,0,1,DEFENSE_INCOMPLETE,NO
2025-26,0022500641,1,117,117,4,5,1,0,OFFENSE_INCOMPLETE,NO
2025-26,0022500648,4,534,535,5,4,0,1,DEFENSE_INCOMPLETE,NO
2025-26,0022500648,4,537,541,4,5,1,0,OFFENSE_INCOMPLETE,NO
2025-26,0022500648,4,550,551,5,4,0,1,DEFENSE_INCOMPLETE,NO
2025-26,0022500648,4,552,553,4,5,1,0,OFFENSE_INCOMPLETE,NO
2025-26,0022500648,4,554,555,5,4,0,1,DEFENSE_INCOMPLETE,NO
2025-26,0022500648,4,556,556,4,5,1,0,OFFENSE_INCOMPLETE,NO
2025-26,0022500648,4,561,567,5,4,0,1,DEFENSE_INCOMPLETE,NO
2025-26,0022500648,4,568,572,4,5,1,0,OFFENSE_INCOMPLETE,NO
2025-26,0022500648,4,575,583,5,4,0,1,DEFENSE_INCOMPLETE,NO
2025-26,0022500649,2,199,199,5,4,0,1,DEFENSE_INCOMPLETE,NO
2025-26,0022500649,2,202,204,4,5,1,0,OFFENSE_INCOMPLETE,NO
2025-26,0022500649,2,209,215,5,4,0,1,DEFENSE_INCOMPLETE,NO
2025-26,0022500649,2,217,220,4,5,1,0,OFFENSE_INCOMPLETE,NO
2025-26,0022500649,2,221,221,5,4,0,1,DEFENSE_INCOMPLETE,NO
2025-26,0022500649,2,227,227,4,5,1,0,OFFENSE_INCOMPLETE,NO
2025-26,0022500649,2,229,231,5,4,0,1,DEFENSE_INCOMPLETE,NO
2025-26,0022500649,2,232,233,4,5,1,0,OFFENSE_INCOMPLETE,NO
2025-26,0022500649,2,234,234,5,4,0,1,DEFENSE_INCOMPLETE,NO
2025-26,0022500649,2,238,238,4,5,1,0,OFFENSE_INCOMPLETE,NO
2025-26,0022500649,2,240,242,5,4,0,1,DEFENSE_INCOMPLETE,NO
2025-26,0022500649,2,247,248,4,5,1,0,OFFENSE_INCOMPLETE,NO
2025-26,0022500649,2,249,253,5,4,0,1,DEFENSE_INCOMPLETE,NO
2025-26,0022500649,2,254,255,4,5,1,0,OFFENSE_INCOMPLETE,NO
2025-26,0022500649,2,256,262,5,4,0,1,DEFENSE_INCOMPLETE,NO
2025-26,0022500649,2,263,263,4,5,1,0,OFFENSE_INCOMPLETE,NO
2025-26,0022500649,2,265,286,5,4,0,1,DEFENSE_INCOMPLETE,NO
2025-26,0022500649,4,718,719,4,5,1,0,OFFENSE_INCOMPLETE,NO
2025-26,0022500649,4,724,732,5,4,0,1,DEFENSE_INCOMPLETE,NO
2025-26,0022500649,4,736,740,4,5,1,0,OFFENSE_INCOMPLETE,NO
2025-26,0022500649,4,741,741,5,4,0,1,DEFENSE_INCOMPLETE,NO
2025-26,0022500649,4,744,745,4,5,1,0,OFFENSE_INCOMPLETE,NO
2025-26,0022500649,4,746,746,5,4,0,1,DEFENSE_INCOMPLETE,NO
2025-26,0022500649,4,753,755,4,5,1,0,OFFENSE_INCOMPLETE,NO
2025-26,0022500649,4,756,758,5,4,0,1,DEFENSE_INCOMPLETE,NO
2025-26,0022500649,4,761,763,4,5,1,0,OFFENSE_INCOMPLETE,NO
2025-26,0022500649,4,764,765,5,4,0,1,DEFENSE_INCOMPLETE,NO
2025-26,0022500649,4,766,766,4,5,1,0,OFFENSE_INCOMPLETE,NO
2025-26,0022500649,4,769,770,5,4,0,1,DEFENSE_INCOMPLETE,NO
2025-26,0022500649,4,771,776,4,5,1,0,OFFENSE_INCOMPLETE,NO
2025-26,0022500649,4,779,780,5,4,0,1,DEFENSE_INCOMPLETE,NO
2025-26,0022500649,4,781,782,4,5,1,0,OFFENSE_INCOMPLETE,NO
2025-26,0022500649,4,783,783,5,4,0,1,DEFENSE_INCOMPLETE,NO
2025-26,0022500649,4,787,788,4,5,1,0,OFFENSE_INCOMPLETE,NO
2025-26,0022500649,4,791,792,5,4,0,1,DEFENSE_INCOMPLETE,NO
2025-26,0022500649,4,793,797,4,5,1,0,OFFENSE_INCOMPLETE,NO
2025-26,0022500653,3,351,353,4,5,1,0,OFFENSE_INCOMPLETE,NO
2025-26,0022500653,3,354,354,5,4,0,1,DEFENSE_INCOMPLETE,NO
2025-26,0022500653,3,355,357,4,5,1,0,OFFENSE_INCOMPLETE,NO
2025-26,0022500653,3,360,364,5,4,0,1,DEFENSE_INCOMPLETE,NO
2025-26,0022500653,3,365,366,4,5,1,0,OFFENSE_INCOMPLETE,NO
2025-26,0022500653,3,367,368,5,4,0,1,DEFENSE_INCOMPLETE,NO
2025-26,0022500653,3,370,373,4,5,1,0,OFFENSE_INCOMPLETE,NO
2025-26,0022500653,3,374,375,5,4,0,1,DEFENSE_INCOMPLETE,NO
2025-26,0022500653,3,376,376,4,5,1,0,OFFENSE_INCOMPLETE,NO
2025-26,0022500653,3,379,379,5,4,0,1,DEFENSE_INCOMPLETE,NO
2025-26,0022500653,3,381,382,4,5,1,0,OFFENSE_INCOMPLETE,NO
2025-26,0022500653,3,383,383,5,4,0,1,DEFENSE_INCOMPLETE,NO
2025-26,0022500653,3,385,385,4,5,1,0,OFFENSE_INCOMPLETE,NO
2025-26,0022500653,3,389,391,5,4,0,1,DEFENSE_INCOMPLETE,NO
2025-26,0022500653,3,392,397,4,5,1,0,OFFENSE_INCOMPLETE,NO
2025-26,0022500653,3,399,401,5,4,0,1,DEFENSE_INCOMPLETE,NO
2025-26,0022500653,3,405,412,4,5,1,0,OFFENSE_INCOMPLETE,NO
2025-26,0022500653,3,413,413,5,4,0,1,DEFENSE_INCOMPLETE,NO
2025-26,0022500653,3,414,415,4,5,1,0,OFFENSE_INCOMPLETE,NO
2025-26,0022500653,3,418,422,5,4,0,1,DEFENSE_INCOMPLETE,NO
2025-26,0022500653,3,423,423,4,5,1,0,OFFENSE_INCOMPLETE,NO
2025-26,0022500653,3,425,426,5,4,0,1,DEFENSE_INCOMPLETE,NO
2025-26,0022500653,3,427,428,4,5,1,0,OFFENSE_INCOMPLETE,NO
2025-26,0022500653,3,429,429,5,4,0,1,DEFENSE_INCOMPLETE,NO
2025-26,0022500653,3,434,434,4,5,1,0,OFFENSE_INCOMPLETE,NO
2025-26,0022500653,3,438,441,5,4,0,1,DEFENSE_INCOMPLETE,NO
2025-26,0022500653,3,442,443,4,5,1,0,OFFENSE_INCOMPLETE,NO
2025-26,0022500653,3,444,444,5,4,0,1,DEFENSE_INCOMPLETE,NO
2025-26,0022500653,3,446,446,4,5,1,0,OFFENSE_INCOMPLETE,NO
2025-26,0022500653,3,447,448,5,4,0,1,DEFENSE_INCOMPLETE,NO
2025-26,0022500653,3,449,449,4,5,1,0,OFFENSE_INCOMPLETE,NO
2025-26,0022500653,3,451,454,5,4,0,1,DEFENSE_INCOMPLETE,NO
2025-26,0022500653,3,455,455,4,5,1,0,OFFENSE_INCOMPLETE,NO
2025-26,0022500653,3,457,458,5,4,0,1,DEFENSE_INCOMPLETE,NO
2025-26,0022500653,3,459,459,4,5,1,0,OFFENSE_INCOMPLETE,NO
2025-26,0022500653,3,464,471,5,4,0,1,DEFENSE_INCOMPLETE,NO
2025-26,0022500663,1,121,122,5,4,0,1,DEFENSE_INCOMPLETE,NO
2025-26,0022500663,1,123,123,4,5,1,0,OFFENSE_INCOMPLETE,NO
2025-26,0022500663,1,124,126,5,4,0,1,DEFENSE_INCOMPLETE,NO
2025-26,0022500663,1,127,127,4,5,1,0,OFFENSE_INCOMPLETE,NO
2025-26,0022500663,1,128,129,5,4,0,1,DEFENSE_INCOMPLETE,NO
2025-26,0022500663,1,130,130,4,5,1,0,OFFENSE_INCOMPLETE,NO
2025-26,0022500663,1,132,132,5,4,0,1,DEFENSE_INCOMPLETE,NO
2025-26,0022500663,1,134,134,4,5,1,0,OFFENSE_INCOMPLETE,NO
2025-26,0022500663,1,135,136,5,4,0,1,DEFENSE_INCOMPLETE,NO
2025-26,0022500663,1,137,137,4,5,1,0,OFFENSE_INCOMPLETE,NO
2025-26,0022500663,1,139,139,5,4,0,1,DEFENSE_INCOMPLETE,NO
2025-26,0022500663,1,144,145,4,5,1,0,OFFENSE_INCOMPLETE,NO
2025-26,0022500663,1,146,146,5,4,0,1,DEFENSE_INCOMPLETE,NO
2025-26,0022500663,1,147,148,4,5,1,0,OFFENSE_INCOMPLETE,NO
2025-26,0022500663,1,151,152,5,4,0,1,DEFENSE_INCOMPLETE,NO
2025-26,0022500663,1,161,162,4,5,1,0,OFFENSE_INCOMPLETE,NO
2025-26,0022500663,1,164,165,5,4,0,1,DEFENSE_INCOMPLETE,NO
2025-26,0022500670,3,330,331,4,5,1,0,OFFENSE_INCOMPLETE,NO
2025-26,0022500670,3,332,332,5,4,0,1,DEFENSE_INCOMPLETE,NO
2025-26,0022500670,3,334,334,4,5,1,0,OFFENSE_INCOMPLETE,NO
2025-26,0022500670,3,335,336,5,4,0,1,DEFENSE_INCOMPLETE,NO
2025-26,0022500670,3,339,341,4,5,1,0,OFFENSE_INCOMPLETE,NO
2025-26,0022500670,3,343,346,5,4,0,1,DEFENSE_INCOMPLETE,NO
2025-26,0022500670,3,351,353,4,5,1,0,OFFENSE_INCOMPLETE,NO
2025-26,0022500670,3,354,355,5,4,0,1,DEFENSE_INCOMPLETE,NO
2025-26,0022500670,3,357,358,4,5,1,0,OFFENSE_INCOMPLETE,NO
2025-26,0022500670,3,359,359,5,4,0,1,DEFENSE_INCOMPLETE,NO
2025-26,0022500670,3,361,361,4,5,1,0,OFFENSE_INCOMPLETE,NO
2025-26,0022500670,3,363,364,5,4,0,1,DEFENSE_INCOMPLETE,NO
2025-26,0022500670,3,365,365,4,5,1,0,OFFENSE_INCOMPLETE,NO
2025-26,0022500670,3,367,367,5,4,0,1,DEFENSE_INCOMPLETE,NO
2025-26,0022500670,3,369,369,4,5,1,0,OFFENSE_INCOMPLETE,NO
2025-26,0022500670,3,371,371,5,4,0,1,DEFENSE_INCOMPLETE,NO
2025-26,0022500670,3,373,373,4,5,1,0,OFFENSE_INCOMPLETE,NO
2025-26,0022500670,3,375,379,5,4,0,1,DEFENSE_INCOMPLETE,NO
2025-26,0022500670,3,380,380,4,5,1,0,OFFENSE_INCOMPLETE,NO
2025-26,0022500670,3,382,382,5,4,0,1,DEFENSE_INCOMPLETE,NO
2025-26,0022500670,3,384,384,4,5,1,0,OFFENSE_INCOMPLETE,NO
2025-26,0022500670,3,385,385,5,4,0,1,DEFENSE_INCOMPLETE,NO
2025-26,0022500670,3,386,386,4,5,1,0,OFFENSE_INCOMPLETE,NO
2025-26,0022500670,3,388,388,5,4,0,1,DEFENSE_INCOMPLETE,NO
2025-26,0022500670,3,390,406,4,5,1,0,OFFENSE_INCOMPLETE,NO
2025-26,0022500672,3,415,415,5,4,0,1,DEFENSE_INCOMPLETE,NO
2025-26,0022500672,3,417,418,4,5,1,0,OFFENSE_INCOMPLETE,NO
2025-26,0022500672,3,419,419,5,4,0,1,DEFENSE_INCOMPLETE,NO
2025-26,0022500672,3,424,424,4,5,1,0,OFFENSE_INCOMPLETE,NO
2025-26,0022500672,3,426,427,5,4,0,1,DEFENSE_INCOMPLETE,NO
2025-26,0022500672,3,430,438,4,5,1,0,OFFENSE_INCOMPLETE,NO
2025-26,0022500680,4,495,495,5,4,0,1,DEFENSE_INCOMPLETE,NO
2025-26,0022500680,4,497,498,4,5,1,0,OFFENSE_INCOMPLETE,NO
2025-26,0022500680,4,499,499,5,4,0,1,DEFENSE_INCOMPLETE,NO
2025-26,0022500680,4,501,501,4,5,1,0,OFFENSE_INCOMPLETE,NO
2025-26,0022500680,4,502,503,5,4,0,1,DEFENSE_INCOMPLETE,NO
2025-26,0022500680,4,504,504,4,5,1,0,OFFENSE_INCOMPLETE,NO
2025-26,0022500680,4,506,507,5,4,0,1,DEFENSE_INCOMPLETE,NO
2025-26,0022500680,4,509,509,4,5,1,0,OFFENSE_INCOMPLETE,NO
2025-26,0022500680,4,511,511,5,4,0,1,DEFENSE_INCOMPLETE,NO
2025-26,0022500680,4,514,517,4,5,1,0,OFFENSE_INCOMPLETE,NO
2025-26,0022500681,1,118,119,4,5,1,0,OFFENSE_INCOMPLETE,NO
2025-26,0022500681,1,120,120,5,4,0,1,DEFENSE_INCOMPLETE,NO
2025-26,0022500699,3,333,338,5,4,0,1,DEFENSE_INCOMPLETE,NO
2025-26,0022500699,3,339,340,4,5,1,0,OFFENSE_INCOMPLETE,NO
2025-26,0022500699,3,341,341,5,4,0,1,DEFENSE_INCOMPLETE,NO
2025-26,0022500699,3,343,343,4,5,1,0,OFFENSE_INCOMPLETE,NO
2025-26,0022500699,3,345,346,5,4,0,1,DEFENSE_INCOMPLETE,NO
2025-26,0022500699,3,347,347,4,5,1,0,OFFENSE_INCOMPLETE,NO
2025-26,0022500699,3,350,351,5,4,0,1,DEFENSE_INCOMPLETE,NO
2025-26,0022500699,3,352,353,4,5,1,0,OFFENSE_INCOMPLETE,NO
2025-26,0022500699,3,354,356,5,4,0,1,DEFENSE_INCOMPLETE,NO
2025-26,0022500699,3,357,358,4,5,1,0,OFFENSE_INCOMPLETE,NO
2025-26,0022500699,3,361,361,5,4,0,1,DEFENSE_INCOMPLETE,NO
2025-26,0022500699,3,362,363,4,5,1,0,OFFENSE_INCOMPLETE,NO
2025-26,0022500699,3,364,367,5,4,0,1,DEFENSE_INCOMPLETE,NO
2025-26,0022500699,3,368,370,4,5,1,0,OFFENSE_INCOMPLETE,NO
2025-26,0022500699,3,377,378,5,4,0,1,DEFENSE_INCOMPLETE,NO
2025-26,0022500699,3,379,379,4,5,1,0,OFFENSE_INCOMPLETE,NO
2025-26,0022500699,3,381,381,5,4,0,1,DEFENSE_INCOMPLETE,NO
2025-26,0022500699,3,383,383,4,5,1,0,OFFENSE_INCOMPLETE,NO
2025-26,0022500699,3,385,385,5,4,0,1,DEFENSE_INCOMPLETE,NO
2025-26,0022500699,3,387,390,4,5,1,0,OFFENSE_INCOMPLETE,NO
2025-26,0022500699,3,391,391,5,4,0,1,DEFENSE_INCOMPLETE,NO
2025-26,0022500699,3,392,393,4,5,1,0,OFFENSE_INCOMPLETE,NO
2025-26,0022500699,3,394,395,5,4,0,1,DEFENSE_INCOMPLETE,NO
2025-26,0022500699,3,396,396,4,5,1,0,OFFENSE_INCOMPLETE,NO
2025-26,0022500699,3,397,397,5,4,0,1,DEFENSE_INCOMPLETE,NO
2025-26,0022500699,3,399,400,4,5,1,0,OFFENSE_INCOMPLETE,NO
2025-26,0022500699,3,401,405,5,4,0,1,DEFENSE_INCOMPLETE,NO
2025-26,0022500716,4,597,598,5,4,0,1,DEFENSE_INCOMPLETE,NO
2025-26,0022500716,4,599,600,4,5,1,0,OFFENSE_INCOMPLETE,NO
2025-26,0022500716,4,601,601,5,4,0,1,DEFENSE_INCOMPLETE,NO
2025-26,0022500716,4,603,603,4,5,1,0,OFFENSE_INCOMPLETE,NO
2025-26,0022500716,4,604,604,5,4,0,1,DEFENSE_INCOMPLETE,NO
2025-26,0022500716,4,606,607,4,5,1,0,OFFENSE_INCOMPLETE,NO
2025-26,0022500716,4,608,610,5,4,0,1,DEFENSE_INCOMPLETE,NO
2025-26,0022500716,4,611,613,4,5,1,0,OFFENSE_INCOMPLETE,NO
2025-26,0022500716,4,614,616,5,4,0,1,DEFENSE_INCOMPLETE,NO
2025-26,0022500716,4,618,618,4,5,1,0,OFFENSE_INCOMPLETE,NO
2025-26,0022500716,4,630,631,5,4,0,1,DEFENSE_INCOMPLETE,NO
2025-26,0022500716,4,635,638,4,5,1,0,OFFENSE_INCOMPLETE,NO
2025-26,0022500717,3,312,312,5,4,0,1,DEFENSE_INCOMPLETE,NO
2025-26,0022500717,3,314,315,4,5,1,0,OFFENSE_INCOMPLETE,NO
2025-26,0022500717,3,316,320,5,4,0,1,DEFENSE_INCOMPLETE,NO
2025-26,0022500717,3,324,325,4,5,1,0,OFFENSE_INCOMPLETE,NO
2025-26,0022500717,3,326,326,5,4,0,1,DEFENSE_INCOMPLETE,NO
2025-26,0022500717,3,329,329,4,5,1,0,OFFENSE_INCOMPLETE,NO
2025-26,0022500717,3,331,332,5,4,0,1,DEFENSE_INCOMPLETE,NO
2025-26,0022500717,3,333,333,4,5,1,0,OFFENSE_INCOMPLETE,NO
2025-26,0022500717,3,335,335,5,4,0,1,DEFENSE_INCOMPLETE,NO
2025-26,0022500717,3,337,339,4,5,1,0,OFFENSE_INCOMPLETE,NO
2025-26,0022500717,3,340,344,5,4,0,1,DEFENSE_INCOMPLETE,NO
2025-26,0022500717,3,346,346,4,5,1,0,OFFENSE_INCOMPLETE,NO
2025-26,0022500717,3,350,351,5,4,0,1,DEFENSE_INCOMPLETE,NO
2025-26,0022500717,3,352,352,4,5,1,0,OFFENSE_INCOMPLETE,NO
2025-26,0022500717,3,354,356,5,4,0,1,DEFENSE_INCOMPLETE,NO
2025-26,0022500717,3,357,357,4,5,1,0,OFFENSE_INCOMPLETE,NO
2025-26,0022500717,3,358,359,5,4,0,1,DEFENSE_INCOMPLETE,NO
2025-26,0022500717,3,360,360,4,5,1,0,OFFENSE_INCOMPLETE,NO
2025-26,0022500717,3,362,362,5,4,0,1,DEFENSE_INCOMPLETE,NO
2025-26,0022500717,3,363,363,4,5,1,0,OFFENSE_INCOMPLETE,NO
2025-26,0022500717,3,366,366,5,4,0,1,DEFENSE_INCOMPLETE,NO
2025-26,0022500717,3,368,368,4,5,1,0,OFFENSE_INCOMPLETE,NO
2025-26,0022500717,3,372,373,5,4,0,1,DEFENSE_INCOMPLETE,NO
2025-26,0022500717,3,376,381,4,5,1,0,OFFENSE_INCOMPLETE,NO
2025-26,0022500717,3,382,382,5,4,0,1,DEFENSE_INCOMPLETE,NO
2025-26,0022500717,3,384,384,4,5,1,0,OFFENSE_INCOMPLETE,NO
2025-26,0022500717,3,386,386,5,4,0,1,DEFENSE_INCOMPLETE,NO
2025-26,0022500717,3,391,395,4,5,1,0,OFFENSE_INCOMPLETE,NO
2025-26,0022500717,3,396,407,5,4,0,1,DEFENSE_INCOMPLETE,NO
2025-26,0022500717,3,408,415,4,5,1,0,OFFENSE_INCOMPLETE,NO
2025-26,0022500717,3,416,416,5,4,0,1,DEFENSE_INCOMPLETE,NO
2025-26,0022500717,3,417,418,4,5,1,0,OFFENSE_INCOMPLETE,NO
2025-26,0022500717,3,419,419,5,4,0,1,DEFENSE_INCOMPLETE,NO
2025-26,0022500717,3,421,421,4,5,1,0,OFFENSE_INCOMPLETE,NO
2025-26,0022500717,3,423,423,5,4,0,1,DEFENSE_INCOMPLETE,NO
2025-26,0022500717,3,425,425,4,5,1,0,OFFENSE_INCOMPLETE,NO
2025-26,0022500717,3,427,429,5,4,0,1,DEFENSE_INCOMPLETE,NO
2025-26,0022500717,3,430,430,4,5,1,0,OFFENSE_INCOMPLETE,NO
2025-26,0022500717,3,432,432,5,4,0,1,DEFENSE_INCOMPLETE,NO
2025-26,0022500717,3,434,435,4,5,1,0,OFFENSE_INCOMPLETE,NO
2025-26,0022500717,3,436,436,5,4,0,1,DEFENSE_INCOMPLETE,NO
2025-26,0022500717,3,444,444,4,5,1,0,OFFENSE_INCOMPLETE,NO
2025-26,0022500717,3,446,447,5,4,0,1,DEFENSE_INCOMPLETE,NO
2025-26,0022500717,3,448,448,4,5,1,0,OFFENSE_INCOMPLETE,NO
2025-26,0022500717,3,452,454,5,4,0,1,DEFENSE_INCOMPLETE,NO
2025-26,0022500717,3,457,457,4,5,1,0,OFFENSE_INCOMPLETE,NO
2025-26,0022500717,3,458,458,5,4,0,1,DEFENSE_INCOMPLETE,NO
2025-26,0022500717,3,460,460,4,5,1,0,OFFENSE_INCOMPLETE,NO
2025-26,0022500717,3,464,466,5,4,0,1,DEFENSE_INCOMPLETE,NO
2025-26,0022500717,3,467,467,4,5,1,0,OFFENSE_INCOMPLETE,NO
2025-26,0022500717,3,468,470,5,4,0,1,DEFENSE_INCOMPLETE,NO
2025-26,0022500717,4,476,476,4,5,1,0,OFFENSE_INCOMPLETE,NO
2025-26,0022500717,4,478,478,5,4,0,1,DEFENSE_INCOMPLETE,NO
2025-26,0022500717,4,479,484,4,5,1,0,OFFENSE_INCOMPLETE,NO
2025-26,0022500717,4,481,485,5,4,0,1,DEFENSE_INCOMPLETE,NO
2025-26,0022500717,4,486,486,4,5,1,0,OFFENSE_INCOMPLETE,NO
2025-26,0022500717,4,488,489,5,4,0,1,DEFENSE_INCOMPLETE,NO
2025-26,0022500717,4,490,491,4,5,1,0,OFFENSE_INCOMPLETE,NO
2025-26,0022500717,4,495,499,5,4,0,1,DEFENSE_INCOMPLETE,NO
2025-26,0022500717,4,500,500,4,5,1,0,OFFENSE_INCOMPLETE,NO
2025-26,0022500717,4,502,502,5,4,0,1,DEFENSE_INCOMPLETE,NO
2025-26,0022500717,4,506,511,4,5,1,0,OFFENSE_INCOMPLETE,NO
2025-26,0022500717,4,512,512,5,4,0,1,DEFENSE_INCOMPLETE,NO
2025-26,0022500717,4,514,514,4,5,1,0,OFFENSE_INCOMPLETE,NO
2025-26,0022500717,4,516,516,5,4,0,1,DEFENSE_INCOMPLETE,NO
2025-26,0022500717,4,518,519,4,5,1,0,OFFENSE_INCOMPLETE,NO
2025-26,0022500717,4,520,521,5,4,0,1,DEFENSE_INCOMPLETE,NO
2025-26,0022500717,4,522,522,4,5,1,0,OFFENSE_INCOMPLETE,NO
2025-26,0022500717,4,524,525,5,4,0,1,DEFENSE_INCOMPLETE,NO
2025-26,0022500717,4,535,535,4,5,1,0,OFFENSE_INCOMPLETE,NO
2025-26,0022500717,4,537,537,5,4,0,1,DEFENSE_INCOMPLETE,NO
2025-26,0022500717,4,539,539,4,5,1,0,OFFENSE_INCOMPLETE,NO
2025-26,0022500717,4,540,540,5,4,0,1,DEFENSE_INCOMPLETE,NO
2025-26,0022500717,4,541,542,4,5,1,0,OFFENSE_INCOMPLETE,NO
2025-26,0022500717,4,543,544,5,4,0,1,DEFENSE_INCOMPLETE,NO
2025-26,0022500717,4,545,545,4,5,1,0,OFFENSE_INCOMPLETE,NO
2025-26,0022500717,4,553,554,4,4,1,1,BOTH_SIDES_INCOMPLETE,NO
2025-26,0022500717,4,557,559,4,4,1,1,BOTH_SIDES_INCOMPLETE,NO
2025-26,0022500717,4,560,560,4,4,1,1,BOTH_SIDES_INCOMPLETE,NO
2025-26,0022500717,4,562,562,4,4,1,1,BOTH_SIDES_INCOMPLETE,NO
2025-26,0022500717,4,564,564,4,4,1,1,BOTH_SIDES_INCOMPLETE,NO
2025-26,0022500717,4,566,566,4,4,1,1,BOTH_SIDES_INCOMPLETE,NO
2025-26,0022500717,4,568,569,4,4,1,1,BOTH_SIDES_INCOMPLETE,NO
2025-26,0022500717,4,570,570,4,4,1,1,BOTH_SIDES_INCOMPLETE,NO
2025-26,0022500717,4,577,577,5,4,0,1,DEFENSE_INCOMPLETE,NO
2025-26,0022500717,4,579,582,4,5,1,0,OFFENSE_INCOMPLETE,NO
2025-26,0022500717,4,583,583,5,4,0,1,DEFENSE_INCOMPLETE,NO
2025-26,0022500717,4,585,585,4,5,1,0,OFFENSE_INCOMPLETE,NO
2025-26,0022500717,4,587,588,5,4,0,1,DEFENSE_INCOMPLETE,NO
2025-26,0022500717,4,589,590,4,5,1,0,OFFENSE_INCOMPLETE,NO
2025-26,0022500717,4,591,593,5,4,0,1,DEFENSE_INCOMPLETE,NO
2025-26,0022500717,4,596,599,4,5,1,0,OFFENSE_INCOMPLETE,NO
2025-26,0022500717,4,600,601,5,4,0,1,DEFENSE_INCOMPLETE,NO
2025-26,0022500717,4,602,602,4,5,1,0,OFFENSE_INCOMPLETE,NO
2025-26,0022500717,4,604,604,5,4,0,1,DEFENSE_INCOMPLETE,NO
2025-26,0022500717,4,607,607,4,5,1,0,OFFENSE_INCOMPLETE,NO
2025-26,0022500717,4,609,613,5,4,0,1,DEFENSE_INCOMPLETE,NO
2025-26,0022500717,4,614,615,4,5,1,0,OFFENSE_INCOMPLETE,NO
2025-26,0022500717,4,625,625,5,4,0,1,DEFENSE_INCOMPLETE,NO
2025-26,0022500717,4,620,624,4,5,1,0,OFFENSE_INCOMPLETE,NO
2025-26,0022500717,4,624,624,5,4,0,1,DEFENSE_INCOMPLETE,NO
2025-26,0022500717,4,629,631,5,4,0,1,DEFENSE_INCOMPLETE,NO
2025-26,0022500717,4,634,635,4,5,1,0,OFFENSE_INCOMPLETE,NO
2025-26,0022500717,4,636,636,5,4,0,1,DEFENSE_INCOMPLETE,NO
2025-26,0022500717,4,638,638,4,5,1,0,OFFENSE_INCOMPLETE,NO
2025-26,0022500717,4,640,640,5,4,0,1,DEFENSE_INCOMPLETE,NO
2025-26,0022500717,4,643,643,4,5,1,0,OFFENSE_INCOMPLETE,NO
2025-26,0022500717,4,645,645,5,4,0,1,DEFENSE_INCOMPLETE,NO
2025-26,0022500722,4,649,652,5,4,0,1,DEFENSE_INCOMPLETE,NO
2025-26,0022500722,4,653,654,4,5,1,0,OFFENSE_INCOMPLETE,NO
2025-26,0022500722,4,657,658,5,4,0,1,DEFENSE_INCOMPLETE,NO
2025-26,0022500722,4,659,659,4,5,1,0,OFFENSE_INCOMPLETE,NO
2025-26,0022500734,1,111,111,4,5,1,0,OFFENSE_INCOMPLETE,NO
2025-26,0022500734,1,113,113,5,4,0,1,DEFENSE_INCOMPLETE,NO
2025-26,0022500734,1,115,127,4,5,1,0,OFFENSE_INCOMPLETE,NO
2025-26,0022500736,1,73,73,5,4,0,1,DEFENSE_INCOMPLETE,NO
2025-26,0022500736,1,74,80,4,5,1,0,OFFENSE_INCOMPLETE,NO
2025-26,0022500736,1,82,82,5,4,0,1,DEFENSE_INCOMPLETE,NO
2025-26,0022500736,1,84,86,4,5,1,0,OFFENSE_INCOMPLETE,NO
2025-26,0022500736,1,88,89,5,4,0,1,DEFENSE_INCOMPLETE,NO
2025-26,0022500736,1,90,92,4,5,1,0,OFFENSE_INCOMPLETE,NO
2025-26,0022500736,1,93,94,5,4,0,1,DEFENSE_INCOMPLETE,NO
2025-26,0022500736,1,101,101,4,5,1,0,OFFENSE_INCOMPLETE,NO
2025-26,0022500736,1,103,103,5,4,0,1,DEFENSE_INCOMPLETE,NO
2025-26,0022500736,1,108,109,4,5,1,0,OFFENSE_INCOMPLETE,NO
2025-26,0022500736,1,110,111,5,4,0,1,DEFENSE_INCOMPLETE,NO
2025-26,0022500736,1,112,112,4,5,1,0,OFFENSE_INCOMPLETE,NO
2025-26,0022500736,1,114,123,5,4,0,1,DEFENSE_INCOMPLETE,NO
2025-26,0022500736,1,124,124,4,5,1,0,OFFENSE_INCOMPLETE,NO
2025-26,0022500736,1,126,127,5,4,0,1,DEFENSE_INCOMPLETE,NO
2025-26,0022500736,1,128,128,4,5,1,0,OFFENSE_INCOMPLETE,NO
2025-26,0022500736,1,130,130,5,4,0,1,DEFENSE_INCOMPLETE,NO
2025-26,0022500736,1,132,139,4,5,1,0,OFFENSE_INCOMPLETE,NO
2025-26,0022500737,2,176,177,4,5,1,0,OFFENSE_INCOMPLETE,NO
2025-26,0022500739,3,446,447,5,4,0,1,DEFENSE_INCOMPLETE,NO
2025-26,0022500739,3,448,449,4,5,1,0,OFFENSE_INCOMPLETE,NO
2025-26,0022500739,3,452,452,5,4,0,1,DEFENSE_INCOMPLETE,NO
2025-26,0022500739,3,454,454,4,5,1,0,OFFENSE_INCOMPLETE,NO
2025-26,0022500739,3,456,458,5,4,0,1,DEFENSE_INCOMPLETE,NO
2025-26,0022500739,3,462,471,4,5,1,0,OFFENSE_INCOMPLETE,NO
2025-26,0022500742,4,520,522,5,4,0,1,DEFENSE_INCOMPLETE,NO
2025-26,0022500742,4,523,524,4,5,1,0,OFFENSE_INCOMPLETE,NO
2025-26,0022500742,4,525,526,5,4,0,1,DEFENSE_INCOMPLETE,NO
2025-26,0022500742,4,527,527,4,5,1,0,OFFENSE_INCOMPLETE,NO
2025-26,0022500742,4,529,530,5,4,0,1,DEFENSE_INCOMPLETE,NO
2025-26,0022500742,4,531,531,4,5,1,0,OFFENSE_INCOMPLETE,NO
2025-26,0022500742,4,533,533,5,4,0,1,DEFENSE_INCOMPLETE,NO
2025-26,0022500742,4,536,537,4,5,1,0,OFFENSE_INCOMPLETE,NO
2025-26,0022500742,4,538,538,5,4,0,1,DEFENSE_INCOMPLETE,NO
2025-26,0022500742,4,540,540,4,5,1,0,OFFENSE_INCOMPLETE,NO
2025-26,0022500742,4,544,549,5,4,0,1,DEFENSE_INCOMPLETE,NO
2025-26,0022500742,4,550,550,4,5,1,0,OFFENSE_INCOMPLETE,NO
2025-26,0022500742,4,552,552,5,4,0,1,DEFENSE_INCOMPLETE,NO
2025-26,0022500742,4,556,557,4,5,1,0,OFFENSE_INCOMPLETE,NO
2025-26,0022500742,4,558,558,5,4,0,1,DEFENSE_INCOMPLETE,NO
2025-26,0022500742,4,559,560,4,5,1,0,OFFENSE_INCOMPLETE,NO
2025-26,0022500742,4,565,566,5,4,0,1,DEFENSE_INCOMPLETE,NO
2025-26,0022500742,4,567,567,4,5,1,0,OFFENSE_INCOMPLETE,NO
2025-26,0022500742,4,569,569,5,4,0,1,DEFENSE_INCOMPLETE,NO
2025-26,0022500746,2,164,166,4,5,1,0,OFFENSE_INCOMPLETE,NO
2025-26,0022500746,2,168,169,5,4,0,1,DEFENSE_INCOMPLETE,NO
2025-26,0022500746,2,170,176,4,5,1,0,OFFENSE_INCOMPLETE,NO
2025-26,0022500746,2,177,179,5,4,0,1,DEFENSE_INCOMPLETE,NO
2025-26,0022500746,2,180,181,4,5,1,0,OFFENSE_INCOMPLETE,NO
2025-26,0022500746,2,185,185,5,4,0,1,DEFENSE_INCOMPLETE,NO
2025-26,0022500746,2,187,188,4,5,1,0,OFFENSE_INCOMPLETE,NO
2025-26,0022500746,2,194,195,5,4,0,1,DEFENSE_INCOMPLETE,NO
2025-26,0022500746,2,196,198,4,5,1,0,OFFENSE_INCOMPLETE,NO
2025-26,0022500746,2,200,201,5,4,0,1,DEFENSE_INCOMPLETE,NO
2025-26,0022500746,2,208,209,4,5,1,0,OFFENSE_INCOMPLETE,NO
2025-26,0022500746,2,210,210,5,4,0,1,DEFENSE_INCOMPLETE,NO
2025-26,0022500765,4,693,693,5,4,0,1,DEFENSE_INCOMPLETE,NO
2025-26,0022500765,4,695,696,4,5,1,0,OFFENSE_INCOMPLETE,NO
2025-26,0022500765,4,697,697,5,4,0,1,DEFENSE_INCOMPLETE,NO
2025-26,0022500765,4,698,700,4,5,1,0,OFFENSE_INCOMPLETE,NO
2025-26,0022500765,4,701,701,5,4,0,1,DEFENSE_INCOMPLETE,NO
2025-26,0022500765,4,703,703,4,5,1,0,OFFENSE_INCOMPLETE,NO
2025-26,0022500765,4,710,711,5,4,0,1,DEFENSE_INCOMPLETE,NO
2025-26,0022500765,4,714,716,4,5,1,0,OFFENSE_INCOMPLETE,NO
2025-26,0022500765,4,717,719,5,4,0,1,DEFENSE_INCOMPLETE,NO
2025-26,0022500765,4,721,723,4,5,1,0,OFFENSE_INCOMPLETE,NO
2025-26,0022500767,4,533,535,5,4,0,1,DEFENSE_INCOMPLETE,NO
2025-26,0022500767,4,536,537,4,5,1,0,OFFENSE_INCOMPLETE,NO
2025-26,0022500767,4,538,538,5,4,0,1,DEFENSE_INCOMPLETE,NO
2025-26,0022500767,4,540,540,4,5,1,0,OFFENSE_INCOMPLETE,NO
2025-26,0022500767,4,544,545,5,4,0,1,DEFENSE_INCOMPLETE,NO
2025-26,0022500767,4,549,549,4,5,1,0,OFFENSE_INCOMPLETE,NO
2025-26,0022500767,4,550,550,5,4,0,1,DEFENSE_INCOMPLETE,NO
2025-26,0022500767,4,551,551,4,5,1,0,OFFENSE_INCOMPLETE,NO
2025-26,0022500767,4,552,552,5,4,0,1,DEFENSE_INCOMPLETE,NO
2025-26,0022500771,5,785,785,4,5,1,0,OFFENSE_INCOMPLETE,NO
2025-26,0022500771,5,794,797,5,4,0,1,DEFENSE_INCOMPLETE,NO
2025-26,0022500771,5,800,805,4,5,1,0,OFFENSE_INCOMPLETE,NO
2025-26,0022500774,2,246,247,4,5,1,0,OFFENSE_INCOMPLETE,NO
2025-26,0022500774,2,248,248,5,4,0,1,DEFENSE_INCOMPLETE,NO
2025-26,0022500774,2,252,252,4,5,1,0,OFFENSE_INCOMPLETE,NO
2025-26,0022500774,2,253,253,5,4,0,1,DEFENSE_INCOMPLETE,NO
2025-26,0022500774,2,255,255,4,5,1,0,OFFENSE_INCOMPLETE,NO
2025-26,0022500774,2,257,258,5,4,0,1,DEFENSE_INCOMPLETE,NO
2025-26,0022500774,2,259,260,4,5,1,0,OFFENSE_INCOMPLETE,NO
2025-26,0022500774,2,261,261,5,4,0,1,DEFENSE_INCOMPLETE,NO
2025-26,0022500774,2,263,264,4,5,1,0,OFFENSE_INCOMPLETE,NO
2025-26,0022500774,2,267,268,5,4,0,1,DEFENSE_INCOMPLETE,NO
2025-26,0022500774,2,269,269,4,5,1,0,OFFENSE_INCOMPLETE,NO
2025-26,0022500774,2,271,272,5,4,0,1,DEFENSE_INCOMPLETE,NO
2025-26,0022500774,2,273,273,4,5,1,0,OFFENSE_INCOMPLETE,NO
2025-26,0022500776,2,265,265,5,4,0,1,DEFENSE_INCOMPLETE,NO
2025-26,0022500776,2,267,267,4,5,1,0,OFFENSE_INCOMPLETE,NO
2025-26,0022500776,2,269,269,5,4,0,1,DEFENSE_INCOMPLETE,NO
2025-26,0022500776,2,271,271,4,5,1,0,OFFENSE_INCOMPLETE,NO
2025-26,0022500776,2,273,273,5,4,0,1,DEFENSE_INCOMPLETE,NO
2025-26,0022500776,2,277,278,4,5,1,0,OFFENSE_INCOMPLETE,NO
2025-26,0022500776,2,279,280,5,4,0,1,DEFENSE_INCOMPLETE,NO
2025-26,0022500776,2,281,283,4,5,1,0,OFFENSE_INCOMPLETE,NO
2025-26,0022500778,1,107,107,4,5,1,0,OFFENSE_INCOMPLETE,NO
2025-26,0022500778,1,114,120,5,4,0,1,DEFENSE_INCOMPLETE,NO
2025-26,0022500778,1,122,122,4,5,1,0,OFFENSE_INCOMPLETE,NO
2025-26,0022500778,1,124,124,5,4,0,1,DEFENSE_INCOMPLETE,NO
2025-26,0022500778,1,126,127,4,5,1,0,OFFENSE_INCOMPLETE,NO
2025-26,0022500778,1,130,131,5,4,0,1,DEFENSE_INCOMPLETE,NO
2025-26,0022500778,1,132,133,4,5,1,0,OFFENSE_INCOMPLETE,NO
2025-26,0022500778,1,134,134,5,4,0,1,DEFENSE_INCOMPLETE,NO
2025-26,0022500778,1,136,136,4,5,1,0,OFFENSE_INCOMPLETE,NO
2025-26,0022500778,1,138,138,5,4,0,1,DEFENSE_INCOMPLETE,NO
2025-26,0022500778,1,140,140,4,5,1,0,OFFENSE_INCOMPLETE,NO
2025-26,0022500778,1,141,141,5,4,0,1,DEFENSE_INCOMPLETE,NO
2025-26,0022500778,1,142,142,4,5,1,0,OFFENSE_INCOMPLETE,NO
2025-26,0022500778,1,143,143,5,4,0,1,DEFENSE_INCOMPLETE,NO
2025-26,0022500778,1,145,146,4,5,1,0,OFFENSE_INCOMPLETE,NO
2025-26,0022500780,2,298,298,4,5,1,0,OFFENSE_INCOMPLETE,NO
2025-26,0022500780,2,299,299,5,4,0,1,DEFENSE_INCOMPLETE,NO
2025-26,0022500780,2,303,303,4,5,1,0,OFFENSE_INCOMPLETE,NO
2025-26,0022500781,3,374,374,5,4,0,1,DEFENSE_INCOMPLETE,NO
2025-26,0022500781,3,375,379,4,5,1,0,OFFENSE_INCOMPLETE,NO
2025-26,0022500781,3,380,380,5,4,0,1,DEFENSE_INCOMPLETE,NO
2025-26,0022500781,3,381,381,4,5,1,0,OFFENSE_INCOMPLETE,NO
2025-26,0022500781,3,383,384,5,4,0,1,DEFENSE_INCOMPLETE,NO
2025-26,0022500781,3,385,387,4,5,1,0,OFFENSE_INCOMPLETE,NO
2025-26,0022500781,3,388,388,5,4,0,1,DEFENSE_INCOMPLETE,NO
2025-26,0022500781,3,390,390,4,5,1,0,OFFENSE_INCOMPLETE,NO
2025-26,0022500781,3,391,391,5,4,0,1,DEFENSE_INCOMPLETE,NO
2025-26,0022500781,3,396,396,4,5,1,0,OFFENSE_INCOMPLETE,NO
2025-26,0022500781,3,398,398,5,4,0,1,DEFENSE_INCOMPLETE,NO
2025-26,0022500781,3,401,401,4,5,1,0,OFFENSE_INCOMPLETE,NO
2025-26,0022500781,3,403,403,5,4,0,1,DEFENSE_INCOMPLETE,NO
2025-26,0022500781,3,405,406,4,5,1,0,OFFENSE_INCOMPLETE,NO
2025-26,0022500781,3,407,411,5,4,0,1,DEFENSE_INCOMPLETE,NO
2025-26,0022500781,3,414,416,4,5,1,0,OFFENSE_INCOMPLETE,NO
2025-26,0022500781,3,419,419,5,4,0,1,DEFENSE_INCOMPLETE,NO
2025-26,0022500781,3,423,424,4,5,1,0,OFFENSE_INCOMPLETE,NO
2025-26,0022500781,3,425,426,5,4,0,1,DEFENSE_INCOMPLETE,NO
2025-26,0022500781,3,427,429,4,5,1,0,OFFENSE_INCOMPLETE,NO
2025-26,0022500781,3,439,441,5,4,0,1,DEFENSE_INCOMPLETE,NO
2025-26,0022500781,3,442,443,4,5,1,0,OFFENSE_INCOMPLETE,NO
2025-26,0022500781,3,444,445,5,4,0,1,DEFENSE_INCOMPLETE,NO
2025-26,0022500781,3,447,448,4,5,1,0,OFFENSE_INCOMPLETE,NO
2025-26,0022500781,3,449,451,5,4,0,1,DEFENSE_INCOMPLETE,NO
2025-26,0022500781,3,452,452,4,5,1,0,OFFENSE_INCOMPLETE,NO
2025-26,0022500781,3,455,461,5,4,0,1,DEFENSE_INCOMPLETE,NO
2025-26,0022500786,3,351,354,4,5,1,0,OFFENSE_INCOMPLETE,NO
2025-26,0022500786,3,355,355,5,4,0,1,DEFENSE_INCOMPLETE,NO
2025-26,0022500786,3,358,358,4,5,1,0,OFFENSE_INCOMPLETE,NO
2025-26,0022500786,3,360,360,5,4,0,1,DEFENSE_INCOMPLETE,NO
2025-26,0022500786,3,362,363,4,5,1,0,OFFENSE_INCOMPLETE,NO
2025-26,0022500786,3,364,365,5,4,0,1,DEFENSE_INCOMPLETE,NO
2025-26,0022500786,3,366,367,4,5,1,0,OFFENSE_INCOMPLETE,NO
2025-26,0022500786,3,368,368,5,4,0,1,DEFENSE_INCOMPLETE,NO
2025-26,0022500786,3,372,374,4,5,1,0,OFFENSE_INCOMPLETE,NO
2025-26,0022500786,3,375,376,5,4,0,1,DEFENSE_INCOMPLETE,NO
2025-26,0022500786,3,377,377,4,5,1,0,OFFENSE_INCOMPLETE,NO
2025-26,0022500786,3,379,380,5,4,0,1,DEFENSE_INCOMPLETE,NO
2025-26,0022500786,3,381,382,4,5,1,0,OFFENSE_INCOMPLETE,NO
2025-26,0022500786,3,386,386,5,4,0,1,DEFENSE_INCOMPLETE,NO
2025-26,0022500786,3,387,388,4,5,1,0,OFFENSE_INCOMPLETE,NO
2025-26,0022500786,3,440,389,5,4,0,1,DEFENSE_INCOMPLETE,NO
2025-26,0022500786,3,393,394,4,5,1,0,OFFENSE_INCOMPLETE,NO
2025-26,0022500786,3,395,395,5,4,0,1,DEFENSE_INCOMPLETE,NO
2025-26,0022500786,3,396,396,4,5,1,0,OFFENSE_INCOMPLETE,NO
2025-26,0022500786,3,398,399,5,4,0,1,DEFENSE_INCOMPLETE,NO
2025-26,0022500786,3,400,401,4,5,1,0,OFFENSE_INCOMPLETE,NO
2025-26,0022500786,3,410,410,5,4,0,1,DEFENSE_INCOMPLETE,NO
2025-26,0022500786,3,414,414,4,5,1,0,OFFENSE_INCOMPLETE,NO
2025-26,0022500786,3,419,420,5,4,0,1,DEFENSE_INCOMPLETE,NO
2025-26,0022500786,3,421,422,4,5,1,0,OFFENSE_INCOMPLETE,NO
2025-26,0022500786,3,427,428,5,4,0,1,DEFENSE_INCOMPLETE,NO
2025-26,0022500786,3,429,429,4,5,1,0,OFFENSE_INCOMPLETE,NO
2025-26,0022500786,3,431,431,5,4,0,1,DEFENSE_INCOMPLETE,NO
2025-26,0022500786,3,433,439,4,5,1,0,OFFENSE_INCOMPLETE,NO
2025-26,0022500786,3,443,446,5,4,0,1,DEFENSE_INCOMPLETE,NO
2025-26,0022500786,3,447,448,4,5,1,0,OFFENSE_INCOMPLETE,NO
2025-26,0022500786,3,449,451,5,4,0,1,DEFENSE_INCOMPLETE,NO
2025-26,0022500786,3,455,458,4,5,1,0,OFFENSE_INCOMPLETE,NO
2025-26,0022500786,3,459,459,5,4,0,1,DEFENSE_INCOMPLETE,NO
2025-26,0022500786,3,460,461,4,5,1,0,OFFENSE_INCOMPLETE,NO
2025-26,0022500786,3,462,465,5,4,0,1,DEFENSE_INCOMPLETE,NO
2025-26,0022500786,3,466,466,4,5,1,0,OFFENSE_INCOMPLETE,NO
2025-26,0022500791,1,106,106,4,5,1,0,OFFENSE_INCOMPLETE,NO
2025-26,0022500795,2,320,320,4,5,1,0,OFFENSE_INCOMPLETE,NO
2025-26,0022500795,4,599,600,5,4,0,1,DEFENSE_INCOMPLETE,NO
2025-26,0022500795,4,601,602,4,5,1,0,OFFENSE_INCOMPLETE,NO
2025-26,0022500795,4,603,603,5,4,0,1,DEFENSE_INCOMPLETE,NO
2025-26,0022500795,4,604,604,4,5,1,0,OFFENSE_INCOMPLETE,NO
2025-26,0022500795,4,606,607,5,4,0,1,DEFENSE_INCOMPLETE,NO
2025-26,0022500795,4,608,608,4,5,1,0,OFFENSE_INCOMPLETE,NO
2025-26,0022500795,4,610,610,5,4,0,1,DEFENSE_INCOMPLETE,NO
2025-26,0022500795,4,614,617,4,5,1,0,OFFENSE_INCOMPLETE,NO
2025-26,0022500796,3,457,458,4,5,1,0,OFFENSE_INCOMPLETE,NO
2025-26,0022500796,3,459,460,5,4,0,1,DEFENSE_INCOMPLETE,NO
2025-26,0022500796,3,461,461,4,5,1,0,OFFENSE_INCOMPLETE,NO
2025-26,0022500796,3,462,462,5,4,0,1,DEFENSE_INCOMPLETE,NO
2025-26,0022500796,3,463,463,4,5,1,0,OFFENSE_INCOMPLETE,NO
2025-26,0022500796,3,465,465,5,4,0,1,DEFENSE_INCOMPLETE,NO
2025-26,0022500796,3,467,468,4,5,1,0,OFFENSE_INCOMPLETE,NO
2025-26,0022500796,3,469,469,5,4,0,1,DEFENSE_INCOMPLETE,NO
2025-26,0022500796,3,470,470,4,5,1,0,OFFENSE_INCOMPLETE,NO
2025-26,0022500796,3,479,479,5,4,0,1,DEFENSE_INCOMPLETE,NO
2025-26,0022500796,3,482,486,4,5,1,0,OFFENSE_INCOMPLETE,NO
2025-26,0022500796,3,487,487,5,4,0,1,DEFENSE_INCOMPLETE,NO
2025-26,0022500796,3,488,488,4,5,1,0,OFFENSE_INCOMPLETE,NO
2025-26,0022500796,3,490,490,5,4,0,1,DEFENSE_INCOMPLETE,NO
2025-26,0022500796,3,492,493,4,5,1,0,OFFENSE_INCOMPLETE,NO
2025-26,0022500796,3,494,494,5,4,0,1,DEFENSE_INCOMPLETE,NO
2025-26,0022500796,3,496,496,4,5,1,0,OFFENSE_INCOMPLETE,NO
2025-26,0022500796,3,497,498,5,4,0,1,DEFENSE_INCOMPLETE,NO
2025-26,0022500796,3,499,500,4,5,1,0,OFFENSE_INCOMPLETE,NO
2025-26,0022500796,3,501,501,5,4,0,1,DEFENSE_INCOMPLETE,NO
2025-26,0022500796,3,504,513,4,5,1,0,OFFENSE_INCOMPLETE,NO
2025-26,0022500796,3,514,517,5,4,0,1,DEFENSE_INCOMPLETE,NO
2025-26,0022500798,4,533,535,4,5,1,0,OFFENSE_INCOMPLETE,NO
2025-26,0022500798,4,537,537,5,4,0,1,DEFENSE_INCOMPLETE,NO
2025-26,0022500798,4,539,539,4,5,1,0,OFFENSE_INCOMPLETE,NO
2025-26,0022500798,4,542,542,5,4,0,1,DEFENSE_INCOMPLETE,NO
2025-26,0022500798,4,544,545,4,5,1,0,OFFENSE_INCOMPLETE,NO
2025-26,0022500798,4,546,549,5,4,0,1,DEFENSE_INCOMPLETE,NO
2025-26,0022500798,4,550,550,4,5,1,0,OFFENSE_INCOMPLETE,NO
2025-26,0022500798,4,552,552,5,4,0,1,DEFENSE_INCOMPLETE,NO
2025-26,0022500798,4,553,553,4,5,1,0,OFFENSE_INCOMPLETE,NO
2025-26,0022500811,3,347,348,4,5,1,0,OFFENSE_INCOMPLETE,NO
2025-26,0022500811,3,350,351,5,4,0,1,DEFENSE_INCOMPLETE,NO
2025-26,0022500811,3,352,352,4,5,1,0,OFFENSE_INCOMPLETE,NO
2025-26,0022500811,3,356,356,5,4,0,1,DEFENSE_INCOMPLETE,NO
2025-26,0022500811,3,358,358,4,5,1,0,OFFENSE_INCOMPLETE,NO
2025-26,0022500811,3,360,362,5,4,0,1,DEFENSE_INCOMPLETE,NO
2025-26,0022500811,3,366,366,4,5,1,0,OFFENSE_INCOMPLETE,NO
2025-26,0022500811,3,369,372,5,4,0,1,DEFENSE_INCOMPLETE,NO
2025-26,0022500811,3,373,374,4,5,1,0,OFFENSE_INCOMPLETE,NO
2025-26,0022500811,3,375,377,5,4,0,1,DEFENSE_INCOMPLETE,NO
2025-26,0022500811,3,382,383,4,5,1,0,OFFENSE_INCOMPLETE,NO
2025-26,0022500811,3,384,384,5,4,0,1,DEFENSE_INCOMPLETE,NO
2025-26,0022500811,3,385,385,4,5,1,0,OFFENSE_INCOMPLETE,NO
2025-26,0022500811,3,386,388,5,4,0,1,DEFENSE_INCOMPLETE,NO
2025-26,0022500811,3,393,395,4,5,1,0,OFFENSE_INCOMPLETE,NO
2025-26,0022500811,3,398,399,5,4,0,1,DEFENSE_INCOMPLETE,NO
2025-26,0022500811,3,400,401,4,5,1,0,OFFENSE_INCOMPLETE,NO
2025-26,0022500811,3,402,478,5,4,0,1,DEFENSE_INCOMPLETE,NO
2025-26,0022500811,3,407,408,4,5,1,0,OFFENSE_INCOMPLETE,NO
2025-26,0022500811,3,409,409,5,4,0,1,DEFENSE_INCOMPLETE,NO
2025-26,0022500811,3,411,411,4,5,1,0,OFFENSE_INCOMPLETE,NO
2025-26,0022500811,3,413,413,5,4,0,1,DEFENSE_INCOMPLETE,NO
2025-26,0022500811,3,416,424,4,5,1,0,OFFENSE_INCOMPLETE,NO
2025-26,0022500811,3,426,427,5,4,0,1,DEFENSE_INCOMPLETE,NO
2025-26,0022500811,3,428,428,4,5,1,0,OFFENSE_INCOMPLETE,NO
2025-26,0022500811,3,430,431,5,4,0,1,DEFENSE_INCOMPLETE,NO
2025-26,0022500811,3,444,447,4,5,1,0,OFFENSE_INCOMPLETE,NO
2025-26,0022500811,3,448,449,5,4,0,1,DEFENSE_INCOMPLETE,NO
2025-26,0022500811,3,451,451,4,5,1,0,OFFENSE_INCOMPLETE,NO
2025-26,0022500811,3,453,453,5,4,0,1,DEFENSE_INCOMPLETE,NO
2025-26,0022500811,3,455,455,4,5,1,0,OFFENSE_INCOMPLETE,NO
2025-26,0022500816,4,676,676,5,4,0,1,DEFENSE_INCOMPLETE,NO
2025-26,0022500816,4,679,683,4,5,1,0,OFFENSE_INCOMPLETE,NO
2025-26,0022500816,4,684,686,5,4,0,1,DEFENSE_INCOMPLETE,NO
2025-26,0022500819,2,211,211,5,4,0,1,DEFENSE_INCOMPLETE,NO
2025-26,0022500838,2,254,254,5,4,0,1,DEFENSE_INCOMPLETE,NO
2025-26,0022500838,2,260,260,4,5,1,0,OFFENSE_INCOMPLETE,NO
2025-26,0022500838,2,261,272,5,4,0,1,DEFENSE_INCOMPLETE,NO
2025-26,0022500838,2,273,276,4,5,1,0,OFFENSE_INCOMPLETE,NO
2025-26,0022500838,2,277,280,5,4,0,1,DEFENSE_INCOMPLETE,NO
2025-26,0022500838,2,281,281,4,5,1,0,OFFENSE_INCOMPLETE,NO
2025-26,0022500838,2,283,285,5,4,0,1,DEFENSE_INCOMPLETE,NO
2025-26,0022500838,2,292,296,4,5,1,0,OFFENSE_INCOMPLETE,NO
2025-26,0022500840,4,592,592,5,4,0,1,DEFENSE_INCOMPLETE,NO
2025-26,0022500840,4,593,594,4,5,1,0,OFFENSE_INCOMPLETE,NO
2025-26,0022500840,4,595,596,5,4,0,1,DEFENSE_INCOMPLETE,NO
2025-26,0022500840,4,597,599,4,5,1,0,OFFENSE_INCOMPLETE,NO
2025-26,0022500846,1,96,97,4,5,1,0,OFFENSE_INCOMPLETE,NO
2025-26,0022500846,1,98,98,5,4,0,1,DEFENSE_INCOMPLETE,NO
2025-26,0022500846,1,100,101,4,5,1,0,OFFENSE_INCOMPLETE,NO
2025-26,0022500846,1,106,106,5,4,0,1,DEFENSE_INCOMPLETE,NO
2025-26,0022500846,1,108,108,4,5,1,0,OFFENSE_INCOMPLETE,NO
2025-26,0022500846,1,110,111,5,4,0,1,DEFENSE_INCOMPLETE,NO
2025-26,0022500846,1,112,112,4,5,1,0,OFFENSE_INCOMPLETE,NO
2025-26,0022500846,1,114,114,5,4,0,1,DEFENSE_INCOMPLETE,NO
2025-26,0022500846,1,115,116,4,5,1,0,OFFENSE_INCOMPLETE,NO
2025-26,0022500846,1,117,117,5,4,0,1,DEFENSE_INCOMPLETE,NO
2025-26,0022500846,1,119,120,4,5,1,0,OFFENSE_INCOMPLETE,NO
2025-26,0022500846,1,121,122,5,4,0,1,DEFENSE_INCOMPLETE,NO
2025-26,0022500846,1,123,124,4,5,1,0,OFFENSE_INCOMPLETE,NO
2025-26,0022500846,1,125,125,5,4,0,1,DEFENSE_INCOMPLETE,NO
2025-26,0022500865,2,252,256,4,5,1,0,OFFENSE_INCOMPLETE,NO
2025-26,0022500865,2,259,260,5,4,0,1,DEFENSE_INCOMPLETE,NO
2025-26,0022500865,2,261,264,4,5,1,0,OFFENSE_INCOMPLETE,NO
2025-26,0022500865,2,267,267,5,4,0,1,DEFENSE_INCOMPLETE,NO
2025-26,0022500865,2,270,271,4,5,1,0,OFFENSE_INCOMPLETE,NO
2025-26,0022500865,2,272,272,5,4,0,1,DEFENSE_INCOMPLETE,NO
2025-26,0022500865,2,277,279,4,5,1,0,OFFENSE_INCOMPLETE,NO
2025-26,0022500865,2,280,280,5,4,0,1,DEFENSE_INCOMPLETE,NO
2025-26,0022500865,2,282,282,4,5,1,0,OFFENSE_INCOMPLETE,NO
2025-26,0022500870,4,609,610,5,4,0,1,DEFENSE_INCOMPLETE,NO
2025-26,0022500870,4,611,611,4,5,1,0,OFFENSE_INCOMPLETE,NO
2025-26,0022500870,4,613,613,5,4,0,1,DEFENSE_INCOMPLETE,NO
2025-26,0022500870,4,615,616,4,5,1,0,OFFENSE_INCOMPLETE,NO
2025-26,0022500870,4,619,626,5,4,0,1,DEFENSE_INCOMPLETE,NO
2025-26,0022500874,3,590,590,5,4,0,1,DEFENSE_INCOMPLETE,NO
2025-26,0022500874,4,569,570,4,5,1,0,OFFENSE_INCOMPLETE,NO
2025-26,0022500874,4,573,573,5,4,0,1,DEFENSE_INCOMPLETE,NO
2025-26,0022500874,4,575,575,4,5,1,0,OFFENSE_INCOMPLETE,NO
2025-26,0022500874,4,576,577,5,4,0,1,DEFENSE_INCOMPLETE,NO
2025-26,0022500874,4,584,585,4,5,1,0,OFFENSE_INCOMPLETE,NO
2025-26,0022500874,4,592,596,5,4,0,1,DEFENSE_INCOMPLETE,NO
2025-26,0022500874,4,597,597,4,5,1,0,OFFENSE_INCOMPLETE,NO
2025-26,0022500874,4,601,601,5,4,0,1,DEFENSE_INCOMPLETE,NO
2025-26,0022500874,4,602,602,4,5,1,0,OFFENSE_INCOMPLETE,NO
2025-26,0022500874,4,603,604,5,4,0,1,DEFENSE_INCOMPLETE,NO
2025-26,0022500874,4,605,621,4,5,1,0,OFFENSE_INCOMPLETE,NO
2025-26,0022500874,4,622,626,5,4,0,1,DEFENSE_INCOMPLETE,NO
2025-26,0022500874,4,629,631,4,5,1,0,OFFENSE_INCOMPLETE,NO
2025-26,0022500874,4,634,635,5,4,0,1,DEFENSE_INCOMPLETE,NO
2025-26,0022500874,4,636,638,4,5,1,0,OFFENSE_INCOMPLETE,NO
2025-26,0022500874,4,642,646,5,4,0,1,DEFENSE_INCOMPLETE,NO
2025-26,0022500874,4,647,648,4,5,1,0,OFFENSE_INCOMPLETE,NO
2025-26,0022500874,4,649,651,5,4,0,1,DEFENSE_INCOMPLETE,NO
2025-26,0022500874,4,652,653,4,5,1,0,OFFENSE_INCOMPLETE,NO
2025-26,0022500874,4,654,654,5,4,0,1,DEFENSE_INCOMPLETE,NO
2025-26,0022500874,4,656,657,4,5,1,0,OFFENSE_INCOMPLETE,NO
2025-26,0022500874,4,658,658,5,4,0,1,DEFENSE_INCOMPLETE,NO
2025-26,0022500877,2,257,257,4,5,1,0,OFFENSE_INCOMPLETE,NO
2025-26,0022500877,2,259,261,5,4,0,1,DEFENSE_INCOMPLETE,NO
2025-26,0022500877,2,262,262,4,5,1,0,OFFENSE_INCOMPLETE,NO
2025-26,0022500877,2,264,264,5,4,0,1,DEFENSE_INCOMPLETE,NO
2025-26,0022500877,2,270,273,4,5,1,0,OFFENSE_INCOMPLETE,NO
2025-26,0022500877,2,274,274,5,4,0,1,DEFENSE_INCOMPLETE,NO
2025-26,0022500877,2,276,277,4,5,1,0,OFFENSE_INCOMPLETE,NO
2025-26,0022500877,2,278,281,5,4,0,1,DEFENSE_INCOMPLETE,NO
2025-26,0022500877,2,284,285,4,5,1,0,OFFENSE_INCOMPLETE,NO
2025-26,0022500877,2,286,287,5,4,0,1,DEFENSE_INCOMPLETE,NO
2025-26,0022500877,2,288,288,4,5,1,0,OFFENSE_INCOMPLETE,NO
2025-26,0022500888,3,481,481,5,4,0,1,DEFENSE_INCOMPLETE,NO
2025-26,0022500888,3,482,483,4,5,1,0,OFFENSE_INCOMPLETE,NO
2025-26,0022500888,3,484,484,5,4,0,1,DEFENSE_INCOMPLETE,NO
2025-26,0022500888,3,486,487,4,5,1,0,OFFENSE_INCOMPLETE,NO
2025-26,0022500888,3,488,488,5,4,0,1,DEFENSE_INCOMPLETE,NO
2025-26,0022500888,3,490,490,4,5,1,0,OFFENSE_INCOMPLETE,NO
2025-26,0022500888,3,492,493,5,4,0,1,DEFENSE_INCOMPLETE,NO
2025-26,0022500888,3,494,495,4,5,1,0,OFFENSE_INCOMPLETE,NO
2025-26,0022500888,3,496,497,5,4,0,1,DEFENSE_INCOMPLETE,NO
2025-26,0022500888,3,498,499,4,5,1,0,OFFENSE_INCOMPLETE,NO
2025-26,0022500888,3,500,500,5,4,0,1,DEFENSE_INCOMPLETE,NO
2025-26,0022500888,3,502,503,4,5,1,0,OFFENSE_INCOMPLETE,NO
2025-26,0022500889,2,176,181,5,4,0,1,DEFENSE_INCOMPLETE,NO
2025-26,0022500889,2,182,182,4,5,1,0,OFFENSE_INCOMPLETE,NO
2025-26,0022500889,2,186,189,5,4,0,1,DEFENSE_INCOMPLETE,NO
2025-26,0022500889,2,190,195,4,5,1,0,OFFENSE_INCOMPLETE,NO
2025-26,0022500889,2,196,196,5,4,0,1,DEFENSE_INCOMPLETE,NO
2025-26,0022500889,2,197,200,4,5,1,0,OFFENSE_INCOMPLETE,NO
2025-26,0022500889,2,201,201,5,4,0,1,DEFENSE_INCOMPLETE,NO
2025-26,0022500889,2,203,203,4,5,1,0,OFFENSE_INCOMPLETE,NO
2025-26,0022500891,3,365,367,4,5,1,0,OFFENSE_INCOMPLETE,NO
2025-26,0022500891,3,372,372,5,4,0,1,DEFENSE_INCOMPLETE,NO
2025-26,0022500891,3,373,379,4,5,1,0,OFFENSE_INCOMPLETE,NO
2025-26,0022500891,3,381,381,5,4,0,1,DEFENSE_INCOMPLETE,NO
2025-26,0022500891,3,383,384,4,5,1,0,OFFENSE_INCOMPLETE,NO
2025-26,0022500891,3,385,385,5,4,0,1,DEFENSE_INCOMPLETE,NO
2025-26,0022500891,3,387,387,4,5,1,0,OFFENSE_INCOMPLETE,NO
2025-26,0022500891,3,388,388,5,4,0,1,DEFENSE_INCOMPLETE,NO
2025-26,0022500891,3,391,392,4,5,1,0,OFFENSE_INCOMPLETE,NO
2025-26,0022500891,3,393,394,5,4,0,1,DEFENSE_INCOMPLETE,NO
2025-26,0022500891,3,395,395,4,5,1,0,OFFENSE_INCOMPLETE,NO
2025-26,0022500891,3,398,398,5,4,0,1,DEFENSE_INCOMPLETE,NO
2025-26,0022500891,3,400,400,4,5,1,0,OFFENSE_INCOMPLETE,NO
2025-26,0022500891,3,402,402,5,4,0,1,DEFENSE_INCOMPLETE,NO
2025-26,0022500891,3,404,405,4,5,1,0,OFFENSE_INCOMPLETE,NO
2025-26,0022500891,3,406,407,5,4,0,1,DEFENSE_INCOMPLETE,NO
2025-26,0022500891,3,408,408,4,5,1,0,OFFENSE_INCOMPLETE,NO
2025-26,0022500891,3,410,410,5,4,0,1,DEFENSE_INCOMPLETE,NO
2025-26,0022500891,3,413,413,4,5,1,0,OFFENSE_INCOMPLETE,NO
2025-26,0022500891,3,415,415,5,4,0,1,DEFENSE_INCOMPLETE,NO
2025-26,0022500891,3,417,417,4,5,1,0,OFFENSE_INCOMPLETE,NO
2025-26,0022500891,3,418,418,5,4,0,1,DEFENSE_INCOMPLETE,NO
2025-26,0022500891,3,420,421,4,5,1,0,OFFENSE_INCOMPLETE,NO
2025-26,0022500891,3,422,427,5,4,0,1,DEFENSE_INCOMPLETE,NO
2025-26,0022500891,3,430,430,5,4,0,1,DEFENSE_INCOMPLETE,NO
2025-26,0022500891,3,432,432,4,5,1,0,OFFENSE_INCOMPLETE,NO
2025-26,0022500891,3,434,434,5,4,0,1,DEFENSE_INCOMPLETE,NO
2025-26,0022500891,3,436,436,4,5,1,0,OFFENSE_INCOMPLETE,NO
2025-26,0022500891,3,443,443,5,4,0,1,DEFENSE_INCOMPLETE,NO
2025-26,0022500891,3,444,445,4,5,1,0,OFFENSE_INCOMPLETE,NO
2025-26,0022500891,3,450,451,5,4,0,1,DEFENSE_INCOMPLETE,NO
2025-26,0022500891,3,452,452,4,5,1,0,OFFENSE_INCOMPLETE,NO
2025-26,0022500891,3,454,455,5,4,0,1,DEFENSE_INCOMPLETE,NO
2025-26,0022500891,3,456,457,4,5,1,0,OFFENSE_INCOMPLETE,NO
2025-26,0022500891,3,458,458,5,4,0,1,DEFENSE_INCOMPLETE,NO
2025-26,0022500891,3,459,461,4,5,1,0,OFFENSE_INCOMPLETE,NO
2025-26,0022500891,3,462,462,5,4,0,1,DEFENSE_INCOMPLETE,NO
2025-26,0022500891,3,464,464,4,5,1,0,OFFENSE_INCOMPLETE,NO
2025-26,0022500891,3,466,466,5,4,0,1,DEFENSE_INCOMPLETE,NO
2025-26,0022500891,3,467,467,4,5,1,0,OFFENSE_INCOMPLETE,NO
2025-26,0022500891,3,468,468,5,4,0,1,DEFENSE_INCOMPLETE,NO
2025-26,0022500891,3,470,470,4,5,1,0,OFFENSE_INCOMPLETE,NO
2025-26,0022500891,3,471,472,5,4,0,1,DEFENSE_INCOMPLETE,NO
2025-26,0022500891,3,473,488,4,5,1,0,OFFENSE_INCOMPLETE,NO
2025-26,0022500893,3,489,490,4,5,1,0,OFFENSE_INCOMPLETE,NO
2025-26,0022500893,3,491,491,5,4,0,1,DEFENSE_INCOMPLETE,NO
2025-26,0022500893,3,493,493,4,5,1,0,OFFENSE_INCOMPLETE,NO
2025-26,0022500893,3,496,494,4,5,1,0,OFFENSE_INCOMPLETE,NO
2025-26,0022500893,3,494,494,5,4,0,1,DEFENSE_INCOMPLETE,NO
2025-26,0022500893,3,499,500,4,5,1,0,OFFENSE_INCOMPLETE,NO
2025-26,0022500893,3,503,504,5,4,0,1,DEFENSE_INCOMPLETE,NO
2025-26,0022500893,3,505,505,4,5,1,0,OFFENSE_INCOMPLETE,NO
2025-26,0022500893,4,519,520,5,4,0,1,DEFENSE_INCOMPLETE,NO
2025-26,0022500893,4,521,521,4,5,1,0,OFFENSE_INCOMPLETE,NO
2025-26,0022500893,4,522,522,5,4,0,1,DEFENSE_INCOMPLETE,NO
2025-26,0022500893,4,525,527,4,5,1,0,OFFENSE_INCOMPLETE,NO
2025-26,0022500893,4,528,529,5,4,0,1,DEFENSE_INCOMPLETE,NO
2025-26,0022500893,4,530,530,4,5,1,0,OFFENSE_INCOMPLETE,NO
2025-26,0022500893,4,534,537,5,4,0,1,DEFENSE_INCOMPLETE,NO
2025-26,0022500893,4,538,539,4,5,1,0,OFFENSE_INCOMPLETE,NO
2025-26,0022500893,4,540,540,5,4,0,1,DEFENSE_INCOMPLETE,NO
2025-26,0022500893,4,541,542,4,5,1,0,OFFENSE_INCOMPLETE,NO
2025-26,0022500893,4,544,552,5,4,0,1,DEFENSE_INCOMPLETE,NO
2025-26,0022500893,4,556,562,4,5,1,0,OFFENSE_INCOMPLETE,NO
2025-26,0022500893,4,563,563,5,4,0,1,DEFENSE_INCOMPLETE,NO
2025-26,0022500893,4,565,567,4,5,1,0,OFFENSE_INCOMPLETE,NO
2025-26,0022500893,4,573,573,5,4,0,1,DEFENSE_INCOMPLETE,NO
2025-26,0022500893,4,575,576,4,5,1,0,OFFENSE_INCOMPLETE,NO
2025-26,0022500893,4,578,579,5,4,0,1,DEFENSE_INCOMPLETE,NO
2025-26,0022500893,4,580,583,4,5,1,0,OFFENSE_INCOMPLETE,NO
2025-26,0022500893,4,587,589,5,4,0,1,DEFENSE_INCOMPLETE,NO
2025-26,0022500893,4,590,590,4,5,1,0,OFFENSE_INCOMPLETE,NO
2025-26,0022500893,4,594,595,5,4,0,1,DEFENSE_INCOMPLETE,NO
2025-26,0022500893,4,628,628,4,5,1,0,OFFENSE_INCOMPLETE,NO
2025-26,0022500893,4,606,607,5,4,0,1,DEFENSE_INCOMPLETE,NO
2025-26,0022500893,4,608,610,4,5,1,0,OFFENSE_INCOMPLETE,NO
2025-26,0022500893,4,611,612,5,4,0,1,DEFENSE_INCOMPLETE,NO
2025-26,0022500893,4,613,614,4,5,1,0,OFFENSE_INCOMPLETE,NO
2025-26,0022500893,4,617,617,5,4,0,1,DEFENSE_INCOMPLETE,NO
2025-26,0022500893,4,618,618,4,5,1,0,OFFENSE_INCOMPLETE,NO
2025-26,0022500893,4,620,621,5,4,0,1,DEFENSE_INCOMPLETE,NO
2025-26,0022500893,4,622,623,4,5,1,0,OFFENSE_INCOMPLETE,NO
2025-26,0022500893,4,633,634,5,4,0,1,DEFENSE_INCOMPLETE,NO
2025-26,0022500893,4,635,641,4,5,1,0,OFFENSE_INCOMPLETE,NO
2025-26,0022500893,4,642,642,5,4,0,1,DEFENSE_INCOMPLETE,NO
2025-26,0022500893,4,644,645,4,5,1,0,OFFENSE_INCOMPLETE,NO
2025-26,0022500893,4,650,651,5,4,0,1,DEFENSE_INCOMPLETE,NO
2025-26,0022500893,4,652,652,4,5,1,0,OFFENSE_INCOMPLETE,NO
2025-26,0022500893,4,654,655,5,4,0,1,DEFENSE_INCOMPLETE,NO
2025-26,0022500893,4,657,657,4,5,1,0,OFFENSE_INCOMPLETE,NO
2025-26,0022500893,4,659,660,5,4,0,1,DEFENSE_INCOMPLETE,NO
2025-26,0022500893,4,661,668,4,5,1,0,OFFENSE_INCOMPLETE,NO
2025-26,0022500893,4,669,669,5,4,0,1,DEFENSE_INCOMPLETE,NO
2025-26,0022500893,4,670,670,4,5,1,0,OFFENSE_INCOMPLETE,NO
2025-26,0022500893,4,674,674,5,4,0,1,DEFENSE_INCOMPLETE,NO
2025-26,0022500893,4,677,677,4,5,1,0,OFFENSE_INCOMPLETE,NO
2025-26,0022500893,4,678,679,5,4,0,1,DEFENSE_INCOMPLETE,NO
2025-26,0022500893,4,684,688,4,5,1,0,OFFENSE_INCOMPLETE,NO
2025-26,0022500903,1,88,88,4,5,1,0,OFFENSE_INCOMPLETE,NO
2025-26,0022500903,1,90,91,5,4,0,1,DEFENSE_INCOMPLETE,NO
2025-26,0022500903,1,92,93,4,5,1,0,OFFENSE_INCOMPLETE,NO
2025-26,0022500903,1,94,94,5,4,0,1,DEFENSE_INCOMPLETE,NO
2025-26,0022500903,1,95,95,4,5,1,0,OFFENSE_INCOMPLETE,NO
2025-26,0022500903,1,97,103,5,4,0,1,DEFENSE_INCOMPLETE,NO
2025-26,0022500903,1,104,105,4,5,1,0,OFFENSE_INCOMPLETE,NO
2025-26,0022500903,1,106,108,5,4,0,1,DEFENSE_INCOMPLETE,NO
2025-26,0022500903,1,109,110,4,5,1,0,OFFENSE_INCOMPLETE,NO
2025-26,0022500903,1,120,128,5,4,0,1,DEFENSE_INCOMPLETE,NO
2025-26,0022500906,3,412,412,4,5,1,0,OFFENSE_INCOMPLETE,NO
2025-26,0022500906,3,414,415,5,4,0,1,DEFENSE_INCOMPLETE,NO
2025-26,0022500906,3,416,416,4,5,1,0,OFFENSE_INCOMPLETE,NO
2025-26,0022500906,3,420,422,5,4,0,1,DEFENSE_INCOMPLETE,NO
2025-26,0022500906,3,423,424,4,5,1,0,OFFENSE_INCOMPLETE,NO
2025-26,0022500906,3,426,426,5,4,0,1,DEFENSE_INCOMPLETE,NO
2025-26,0022500906,3,428,429,4,5,1,0,OFFENSE_INCOMPLETE,NO
2025-26,0022500906,3,433,434,5,4,0,1,DEFENSE_INCOMPLETE,NO
2025-26,0022500906,3,435,436,4,5,1,0,OFFENSE_INCOMPLETE,NO
2025-26,0022500906,3,437,437,5,4,0,1,DEFENSE_INCOMPLETE,NO
2025-26,0022500906,3,439,439,4,5,1,0,OFFENSE_INCOMPLETE,NO
2025-26,0022500936,2,291,291,5,4,0,1,DEFENSE_INCOMPLETE,NO
2025-26,0022500936,2,293,293,4,5,1,0,OFFENSE_INCOMPLETE,NO
2025-26,0022500936,2,295,295,5,4,0,1,DEFENSE_INCOMPLETE,NO
2025-26,0022500936,2,297,297,4,5,1,0,OFFENSE_INCOMPLETE,NO
2025-26,0022500936,2,300,300,5,4,0,1,DEFENSE_INCOMPLETE,NO
2025-26,0022500936,2,301,302,4,5,1,0,OFFENSE_INCOMPLETE,NO
2025-26,0022500936,2,303,305,5,4,0,1,DEFENSE_INCOMPLETE,NO
2025-26,0022500936,2,308,318,4,5,1,0,OFFENSE_INCOMPLETE,NO
2025-26,0022500943,3,356,356,5,4,0,1,DEFENSE_INCOMPLETE,NO
2025-26,0022500943,3,358,358,4,5,1,0,OFFENSE_INCOMPLETE,NO
2025-26,0022500943,3,359,359,5,4,0,1,DEFENSE_INCOMPLETE,NO
2025-26,0022500943,3,361,361,4,5,1,0,OFFENSE_INCOMPLETE,NO
2025-26,0022500943,3,363,363,5,4,0,1,DEFENSE_INCOMPLETE,NO
2025-26,0022500943,3,365,365,4,5,1,0,OFFENSE_INCOMPLETE,NO
2025-26,0022500943,3,367,368,5,4,0,1,DEFENSE_INCOMPLETE,NO
2025-26,0022500943,3,369,369,4,5,1,0,OFFENSE_INCOMPLETE,NO
2025-26,0022500943,3,371,373,5,4,0,1,DEFENSE_INCOMPLETE,NO
2025-26,0022500943,3,379,380,4,5,1,0,OFFENSE_INCOMPLETE,NO
2025-26,0022500943,3,381,381,5,4,0,1,DEFENSE_INCOMPLETE,NO
2025-26,0022500943,3,384,385,4,5,1,0,OFFENSE_INCOMPLETE,NO
2025-26,0022500943,3,386,387,5,4,0,1,DEFENSE_INCOMPLETE,NO
2025-26,0022500943,3,388,388,4,5,1,0,OFFENSE_INCOMPLETE,NO
2025-26,0022500943,3,390,391,5,4,0,1,DEFENSE_INCOMPLETE,NO
2025-26,0022500943,3,392,393,4,5,1,0,OFFENSE_INCOMPLETE,NO
2025-26,0022500943,3,394,394,5,4,0,1,DEFENSE_INCOMPLETE,NO
2025-26,0022500943,3,396,398,4,5,1,0,OFFENSE_INCOMPLETE,NO
2025-26,0022500947,2,239,239,4,5,1,0,OFFENSE_INCOMPLETE,NO
2025-26,0022500947,2,240,241,5,4,0,1,DEFENSE_INCOMPLETE,NO
2025-26,0022500947,2,242,243,4,5,1,0,OFFENSE_INCOMPLETE,NO
2025-26,0022500947,2,246,249,5,4,0,1,DEFENSE_INCOMPLETE,NO
2025-26,0022500947,2,252,255,4,5,1,0,OFFENSE_INCOMPLETE,NO
2025-26,0022500948,1,99,100,4,5,1,0,OFFENSE_INCOMPLETE,NO
2025-26,0022500948,1,101,102,5,4,0,1,DEFENSE_INCOMPLETE,NO
2025-26,0022500948,1,103,103,4,5,1,0,OFFENSE_INCOMPLETE,NO
2025-26,0022500948,1,105,105,5,4,0,1,DEFENSE_INCOMPLETE,NO
2025-26,0022500948,1,107,108,4,5,1,0,OFFENSE_INCOMPLETE,NO
2025-26,0022500948,1,109,109,5,4,0,1,DEFENSE_INCOMPLETE,NO
2025-26,0022500948,1,111,112,4,5,1,0,OFFENSE_INCOMPLETE,NO
2025-26,0022500948,1,115,123,5,4,0,1,DEFENSE_INCOMPLETE,NO
2025-26,0022500951,2,576,276,4,5,1,0,OFFENSE_INCOMPLETE,NO
2025-26,0022500951,4,571,518,4,5,1,0,OFFENSE_INCOMPLETE,NO
2025-26,0022500951,4,560,560,4,5,1,0,OFFENSE_INCOMPLETE,NO
2025-26,0022500951,4,561,562,5,4,0,1,DEFENSE_INCOMPLETE,NO
2025-26,0022500951,4,584,584,4,5,1,0,OFFENSE_INCOMPLETE,NO
2025-26,0022500951,4,583,583,5,4,0,1,DEFENSE_INCOMPLETE,NO
2025-26,0022500951,4,585,585,4,5,1,0,OFFENSE_INCOMPLETE,NO
2025-26,0022500951,4,586,587,5,4,0,1,DEFENSE_INCOMPLETE,NO
2025-26,0022500951,4,589,591,4,5,1,0,OFFENSE_INCOMPLETE,NO
2025-26,0022500951,4,592,592,5,4,0,1,DEFENSE_INCOMPLETE,NO
2025-26,0022500961,4,524,525,5,4,0,1,DEFENSE_INCOMPLETE,NO
2025-26,0022500961,4,526,526,4,5,1,0,OFFENSE_INCOMPLETE,NO
2025-26,0022500961,4,528,528,5,4,0,1,DEFENSE_INCOMPLETE,NO
2025-26,0022500961,4,529,530,4,5,1,0,OFFENSE_INCOMPLETE,NO
2025-26,0022500961,4,531,534,5,4,0,1,DEFENSE_INCOMPLETE,NO
2025-26,0022500961,4,535,535,4,5,1,0,OFFENSE_INCOMPLETE,NO
2025-26,0022500961,4,537,541,5,4,0,1,DEFENSE_INCOMPLETE,NO
2025-26,0022500961,4,541,541,4,5,1,0,OFFENSE_INCOMPLETE,NO
2025-26,0022500961,4,544,544,5,4,0,1,DEFENSE_INCOMPLETE,NO
2025-26,0022500961,4,545,546,4,5,1,0,OFFENSE_INCOMPLETE,NO
2025-26,0022500961,4,547,548,5,4,0,1,DEFENSE_INCOMPLETE,NO
2025-26,0022500961,4,549,549,4,5,1,0,OFFENSE_INCOMPLETE,NO
2025-26,0022500961,4,552,553,5,4,0,1,DEFENSE_INCOMPLETE,NO
2025-26,0022500961,4,556,560,4,5,1,0,OFFENSE_INCOMPLETE,NO
2025-26,0022500961,4,561,563,5,4,0,1,DEFENSE_INCOMPLETE,NO
2025-26,0022500961,4,564,564,4,5,1,0,OFFENSE_INCOMPLETE,NO
2025-26,0022500961,4,566,566,5,4,0,1,DEFENSE_INCOMPLETE,NO
2025-26,0022500962,2,323,323,4,5,1,0,OFFENSE_INCOMPLETE,NO
2025-26,0022500962,2,324,326,5,4,0,1,DEFENSE_INCOMPLETE,NO
2025-26,0022500962,2,329,331,4,5,1,0,OFFENSE_INCOMPLETE,NO
2025-26,0022500962,2,332,333,5,4,0,1,DEFENSE_INCOMPLETE,NO
2025-26,0022500962,2,334,334,4,5,1,0,OFFENSE_INCOMPLETE,NO
2025-26,0022500962,2,336,336,5,4,0,1,DEFENSE_INCOMPLETE,NO
2025-26,0022500962,2,338,339,4,5,1,0,OFFENSE_INCOMPLETE,NO
2025-26,0022500962,2,340,341,5,4,0,1,DEFENSE_INCOMPLETE,NO
2025-26,0022500962,2,342,343,4,5,1,0,OFFENSE_INCOMPLETE,NO
2025-26,0022500962,2,344,344,5,4,0,1,DEFENSE_INCOMPLETE,NO
2025-26,0022500962,2,346,348,4,5,1,0,OFFENSE_INCOMPLETE,NO
2025-26,0022500962,3,352,353,4,5,1,0,OFFENSE_INCOMPLETE,NO
2025-26,0022500962,3,354,356,5,4,0,1,DEFENSE_INCOMPLETE,NO
2025-26,0022500962,3,359,360,4,5,1,0,OFFENSE_INCOMPLETE,NO
2025-26,0022500962,3,361,362,5,4,0,1,DEFENSE_INCOMPLETE,NO
2025-26,0022500962,3,364,365,4,5,1,0,OFFENSE_INCOMPLETE,NO
2025-26,0022500962,3,368,369,5,4,0,1,DEFENSE_INCOMPLETE,NO
2025-26,0022500962,3,370,370,4,5,1,0,OFFENSE_INCOMPLETE,NO
2025-26,0022500962,3,371,371,5,4,0,1,DEFENSE_INCOMPLETE,NO
2025-26,0022500962,3,374,375,4,5,1,0,OFFENSE_INCOMPLETE,NO
2025-26,0022500962,3,376,376,5,4,0,1,DEFENSE_INCOMPLETE,NO
2025-26,0022500962,3,377,379,4,5,1,0,OFFENSE_INCOMPLETE,NO
2025-26,0022500962,3,383,389,5,4,0,1,DEFENSE_INCOMPLETE,NO
2025-26,0022500962,3,390,390,4,5,1,0,OFFENSE_INCOMPLETE,NO
2025-26,0022500962,3,391,391,5,4,0,1,DEFENSE_INCOMPLETE,NO
2025-26,0022500962,3,393,393,4,5,1,0,OFFENSE_INCOMPLETE,NO
2025-26,0022500962,3,395,396,5,4,0,1,DEFENSE_INCOMPLETE,NO
2025-26,0022500962,3,409,410,4,5,1,0,OFFENSE_INCOMPLETE,NO
2025-26,0022500962,3,411,412,5,4,0,1,DEFENSE_INCOMPLETE,NO
2025-26,0022500962,3,413,413,4,5,1,0,OFFENSE_INCOMPLETE,NO
2025-26,0022500962,3,415,415,5,4,0,1,DEFENSE_INCOMPLETE,NO
2025-26,0022500962,3,417,420,4,5,1,0,OFFENSE_INCOMPLETE,NO
2025-26,0022500962,3,421,421,5,4,0,1,DEFENSE_INCOMPLETE,NO
2025-26,0022500962,3,422,424,4,5,1,0,OFFENSE_INCOMPLETE,NO
2025-26,0022500965,1,74,74,5,4,0,1,DEFENSE_INCOMPLETE,NO
2025-26,0022500965,1,76,76,4,5,1,0,OFFENSE_INCOMPLETE,NO
2025-26,0022500965,1,78,78,5,4,0,1,DEFENSE_INCOMPLETE,NO
2025-26,0022500965,1,80,88,4,5,1,0,OFFENSE_INCOMPLETE,NO
2025-26,0022500966,2,184,184,5,4,0,1,DEFENSE_INCOMPLETE,NO
2025-26,0022500966,2,185,185,4,5,1,0,OFFENSE_INCOMPLETE,NO
2025-26,0022500966,2,187,187,5,4,0,1,DEFENSE_INCOMPLETE,NO
2025-26,0022500966,2,189,193,4,5,1,0,OFFENSE_INCOMPLETE,NO
2025-26,0022500966,2,195,195,5,4,0,1,DEFENSE_INCOMPLETE,NO
2025-26,0022500966,2,197,198,4,5,1,0,OFFENSE_INCOMPLETE,NO
2025-26,0022500966,2,199,199,5,4,0,1,DEFENSE_INCOMPLETE,NO
2025-26,0022500966,2,201,201,4,5,1,0,OFFENSE_INCOMPLETE,NO
2025-26,0022500966,2,202,202,5,4,0,1,DEFENSE_INCOMPLETE,NO
2025-26,0022500966,2,204,205,4,5,1,0,OFFENSE_INCOMPLETE,NO
2025-26,0022500966,2,206,206,5,4,0,1,DEFENSE_INCOMPLETE,NO
2025-26,0022500966,2,214,215,4,5,1,0,OFFENSE_INCOMPLETE,NO
2025-26,0022500966,2,216,220,5,4,0,1,DEFENSE_INCOMPLETE,NO
2025-26,0022500966,2,221,221,4,5,1,0,OFFENSE_INCOMPLETE,NO
2025-26,0022500966,2,222,222,5,4,0,1,DEFENSE_INCOMPLETE,NO
2025-26,0022500966,2,230,230,4,5,1,0,OFFENSE_INCOMPLETE,NO
2025-26,0022500966,2,232,232,5,4,0,1,DEFENSE_INCOMPLETE,NO
2025-26,0022500980,2,319,319,5,4,0,1,DEFENSE_INCOMPLETE,NO
2025-26,0022500980,2,322,326,5,4,0,1,DEFENSE_INCOMPLETE,NO
2025-26,0022500980,2,328,331,4,5,1,0,OFFENSE_INCOMPLETE,NO
2025-26,0022500981,4,569,570,5,4,0,1,DEFENSE_INCOMPLETE,NO
2025-26,0022500981,4,576,576,4,5,1,0,OFFENSE_INCOMPLETE,NO
2025-26,0022500981,4,580,597,5,4,0,1,DEFENSE_INCOMPLETE,NO
2025-26,0022500981,4,598,600,4,5,1,0,OFFENSE_INCOMPLETE,NO
2025-26,0022500981,4,601,602,5,4,0,1,DEFENSE_INCOMPLETE,NO
2025-26,0022500981,4,603,603,4,5,1,0,OFFENSE_INCOMPLETE,NO
2025-26,0022500981,4,605,605,5,4,0,1,DEFENSE_INCOMPLETE,NO
2025-26,0022500981,4,607,608,4,5,1,0,OFFENSE_INCOMPLETE,NO
2025-26,0022500981,4,609,611,5,4,0,1,DEFENSE_INCOMPLETE,NO
2025-26,0022500981,4,624,629,4,5,1,0,OFFENSE_INCOMPLETE,NO
2025-26,0022500981,4,630,630,5,4,0,1,DEFENSE_INCOMPLETE,NO
2025-26,0022500981,4,634,637,4,5,1,0,OFFENSE_INCOMPLETE,NO
2025-26,0022500981,4,640,643,5,4,0,1,DEFENSE_INCOMPLETE,NO
2025-26,0022501011,3,382,382,5,4,0,1,DEFENSE_INCOMPLETE,NO
2025-26,0022501011,3,384,384,4,5,1,0,OFFENSE_INCOMPLETE,NO
2025-26,0022501011,3,386,386,5,4,0,1,DEFENSE_INCOMPLETE,NO
2025-26,0022501011,3,388,388,4,5,1,0,OFFENSE_INCOMPLETE,NO
2025-26,0022501011,3,389,389,5,4,0,1,DEFENSE_INCOMPLETE,NO
2025-26,0022501011,3,391,391,4,5,1,0,OFFENSE_INCOMPLETE,NO
2025-26,0022501011,3,393,399,5,4,0,1,DEFENSE_INCOMPLETE,NO
2025-26,0022501011,3,400,404,4,5,1,0,OFFENSE_INCOMPLETE,NO
2025-26,0022501013,4,696,705,4,5,1,0,OFFENSE_INCOMPLETE,NO
2025-26,0022501013,4,713,713,5,4,0,1,DEFENSE_INCOMPLETE,NO
2025-26,0022501016,4,705,708,4,5,1,0,OFFENSE_INCOMPLETE,NO
2025-26,0022501016,4,714,715,5,4,0,1,DEFENSE_INCOMPLETE,NO
2025-26,0022501030,4,629,629,4,5,1,0,OFFENSE_INCOMPLETE,NO
2025-26,0022501030,4,632,633,5,4,0,1,DEFENSE_INCOMPLETE,NO
2025-26,0022501030,4,634,635,4,5,1,0,OFFENSE_INCOMPLETE,NO
2025-26,0022501030,4,636,644,5,4,0,1,DEFENSE_INCOMPLETE,NO
2025-26,0022501030,4,645,646,4,5,1,0,OFFENSE_INCOMPLETE,NO
2025-26,0022501030,4,647,647,5,4,0,1,DEFENSE_INCOMPLETE,NO
2025-26,0022501030,4,649,649,4,5,1,0,OFFENSE_INCOMPLETE,NO
2025-26,0022501030,4,653,653,5,4,0,1,DEFENSE_INCOMPLETE,NO
2025-26,0022501030,4,654,654,4,5,1,0,OFFENSE_INCOMPLETE,NO
2025-26,0022501030,4,658,658,5,4,0,1,DEFENSE_INCOMPLETE,NO
2025-26,0022501030,4,659,659,4,5,1,0,OFFENSE_INCOMPLETE,NO
2025-26,0022501030,4,662,664,5,4,0,1,DEFENSE_INCOMPLETE,NO
2025-26,0022501030,4,670,671,4,5,1,0,OFFENSE_INCOMPLETE,NO
2025-26,0022501030,4,672,673,5,4,0,1,DEFENSE_INCOMPLETE,NO
2025-26,0022501030,4,674,675,4,5,1,0,OFFENSE_INCOMPLETE,NO
2025-26,0022501030,4,676,677,5,4,0,1,DEFENSE_INCOMPLETE,NO
2025-26,0022501030,4,678,678,4,5,1,0,OFFENSE_INCOMPLETE,NO
2025-26,0022501030,4,679,681,5,4,0,1,DEFENSE_INCOMPLETE,NO
2025-26,0022501030,4,684,685,4,5,1,0,OFFENSE_INCOMPLETE,NO
2025-26,0022501030,4,686,687,5,4,0,1,DEFENSE_INCOMPLETE,NO
2025-26,0022501030,4,688,688,4,5,1,0,OFFENSE_INCOMPLETE,NO
2025-26,0022501030,4,690,690,5,4,0,1,DEFENSE_INCOMPLETE,NO
2025-26,0022501030,4,691,697,4,5,1,0,OFFENSE_INCOMPLETE,NO
2025-26,0022501030,4,701,702,5,4,0,1,DEFENSE_INCOMPLETE,NO
2025-26,0022501030,4,703,703,4,5,1,0,OFFENSE_INCOMPLETE,NO
2025-26,0022501030,4,704,705,5,4,0,1,DEFENSE_INCOMPLETE,NO
2025-26,0022501030,4,708,709,4,5,1,0,OFFENSE_INCOMPLETE,NO
2025-26,0022501030,4,710,710,5,4,0,1,DEFENSE_INCOMPLETE,NO
2025-26,0022501030,4,711,711,4,5,1,0,OFFENSE_INCOMPLETE,NO
2025-26,0022501030,4,713,716,5,4,0,1,DEFENSE_INCOMPLETE,NO
2025-26,0022501034,2,204,204,4,5,1,0,OFFENSE_INCOMPLETE,NO
2025-26,0022501034,2,206,207,5,4,0,1,DEFENSE_INCOMPLETE,NO
2025-26,0022501034,2,211,220,4,5,1,0,OFFENSE_INCOMPLETE,NO
2025-26,0022501034,2,221,222,5,4,0,1,DEFENSE_INCOMPLETE,NO
2025-26,0022501034,2,223,223,4,5,1,0,OFFENSE_INCOMPLETE,NO
2025-26,0022501034,2,224,225,5,4,0,1,DEFENSE_INCOMPLETE,NO
2025-26,0022501034,2,226,228,4,5,1,0,OFFENSE_INCOMPLETE,NO
2025-26,0022501034,2,229,229,5,4,0,1,DEFENSE_INCOMPLETE,NO
2025-26,0022501034,2,231,232,4,5,1,0,OFFENSE_INCOMPLETE,NO
2025-26,0022501034,2,233,233,5,4,0,1,DEFENSE_INCOMPLETE,NO
2025-26,0022501034,2,235,235,4,5,1,0,OFFENSE_INCOMPLETE,NO
2025-26,0022501059,1,78,79,5,4,0,1,DEFENSE_INCOMPLETE,NO
2025-26,0022501059,1,83,83,4,5,1,0,OFFENSE_INCOMPLETE,NO
2025-26,0022501059,1,85,86,5,4,0,1,DEFENSE_INCOMPLETE,NO
2025-26,0022501059,1,87,88,4,5,1,0,OFFENSE_INCOMPLETE,NO
2025-26,0022501059,1,89,89,5,4,0,1,DEFENSE_INCOMPLETE,NO
2025-26,0022501059,1,91,91,4,5,1,0,OFFENSE_INCOMPLETE,NO
2025-26,0022501059,1,121,121,4,5,1,0,OFFENSE_INCOMPLETE,NO
2025-26,0022501059,1,122,122,5,4,0,1,DEFENSE_INCOMPLETE,NO
2025-26,0022501059,1,124,124,4,5,1,0,OFFENSE_INCOMPLETE,NO
2025-26,0022501059,1,126,127,5,4,0,1,DEFENSE_INCOMPLETE,NO
2025-26,0022501059,1,128,128,4,5,1,0,OFFENSE_INCOMPLETE,NO
2025-26,0022501059,1,130,130,5,4,0,1,DEFENSE_INCOMPLETE,NO
2025-26,0022501059,1,132,133,4,5,1,0,OFFENSE_INCOMPLETE,NO
2025-26,0022501059,1,134,134,5,4,0,1,DEFENSE_INCOMPLETE,NO
2025-26,0022501059,1,141,143,4,5,1,0,OFFENSE_INCOMPLETE,NO
2025-26,0022501059,1,144,144,5,4,0,1,DEFENSE_INCOMPLETE,NO
2025-26,0022501059,1,145,146,4,5,1,0,OFFENSE_INCOMPLETE,NO
2025-26,0022501059,1,147,148,5,4,0,1,DEFENSE_INCOMPLETE,NO
2025-26,0022501059,1,150,151,4,5,1,0,OFFENSE_INCOMPLETE,NO
2025-26,0022501059,2,161,162,4,5,1,0,OFFENSE_INCOMPLETE,NO
2025-26,0022501059,2,163,164,5,4,0,1,DEFENSE_INCOMPLETE,NO
2025-26,0022501059,2,167,167,4,5,1,0,OFFENSE_INCOMPLETE,NO
2025-26,0022501059,2,169,169,5,4,0,1,DEFENSE_INCOMPLETE,NO
2025-26,0022501059,2,171,172,4,5,1,0,OFFENSE_INCOMPLETE,NO
2025-26,0022501059,2,173,174,5,4,0,1,DEFENSE_INCOMPLETE,NO
2025-26,0022501059,2,175,176,4,5,1,0,OFFENSE_INCOMPLETE,NO
2025-26,0022501059,2,178,178,5,4,0,1,DEFENSE_INCOMPLETE,NO
2025-26,0022501059,2,179,180,4,5,1,0,OFFENSE_INCOMPLETE,NO
2025-26,0022501059,2,181,181,5,4,0,1,DEFENSE_INCOMPLETE,NO
2025-26,0022501059,2,183,183,4,5,1,0,OFFENSE_INCOMPLETE,NO
2025-26,0022501059,2,184,185,5,4,0,1,DEFENSE_INCOMPLETE,NO
2025-26,0022501059,2,186,187,4,5,1,0,OFFENSE_INCOMPLETE,NO
2025-26,0022501059,2,188,189,5,4,0,1,DEFENSE_INCOMPLETE,NO
2025-26,0022501059,2,193,193,4,5,1,0,OFFENSE_INCOMPLETE,NO
2025-26,0022501059,2,194,200,5,4,0,1,DEFENSE_INCOMPLETE,NO
2025-26,0022501059,2,201,202,4,5,1,0,OFFENSE_INCOMPLETE,NO
2025-26,0022501059,2,203,203,5,4,0,1,DEFENSE_INCOMPLETE,NO
2025-26,0022501059,2,214,216,4,5,1,0,OFFENSE_INCOMPLETE,NO
2025-26,0022501059,2,219,220,5,4,0,1,DEFENSE_INCOMPLETE,NO
2025-26,0022501059,2,221,221,4,5,1,0,OFFENSE_INCOMPLETE,NO
2025-26,0022501059,2,224,229,5,4,0,1,DEFENSE_INCOMPLETE,NO
2025-26,0022501059,2,230,231,4,5,1,0,OFFENSE_INCOMPLETE,NO
2025-26,0022501059,2,232,235,5,4,0,1,DEFENSE_INCOMPLETE,NO
2025-26,0022501059,2,236,236,4,5,1,0,OFFENSE_INCOMPLETE,NO
2025-26,0022501059,2,238,239,5,4,0,1,DEFENSE_INCOMPLETE,NO
2025-26,0022501059,2,242,243,4,5,1,0,OFFENSE_INCOMPLETE,NO
2025-26,0022501059,2,244,244,5,4,0,1,DEFENSE_INCOMPLETE,NO
2025-26,0022501059,2,245,245,4,5,1,0,OFFENSE_INCOMPLETE,NO
2025-26,0022501059,2,247,247,5,4,0,1,DEFENSE_INCOMPLETE,NO
2025-26,0022501059,2,249,249,4,5,1,0,OFFENSE_INCOMPLETE,NO
2025-26,0022501059,2,251,252,5,4,0,1,DEFENSE_INCOMPLETE,NO
2025-26,0022501059,2,253,267,4,5,1,0,OFFENSE_INCOMPLETE,NO
2025-26,0022501059,2,269,269,5,4,0,1,DEFENSE_INCOMPLETE,NO
2025-26,0022501059,2,270,270,4,5,1,0,OFFENSE_INCOMPLETE,NO
2025-26,0022501059,2,272,273,5,4,0,1,DEFENSE_INCOMPLETE,NO
2025-26,0022501059,2,274,275,4,5,1,0,OFFENSE_INCOMPLETE,NO
2025-26,0022501059,2,282,283,5,4,0,1,DEFENSE_INCOMPLETE,NO
2025-26,0022501059,2,284,284,4,5,1,0,OFFENSE_INCOMPLETE,NO
2025-26,0022501059,2,286,286,5,4,0,1,DEFENSE_INCOMPLETE,NO
2025-26,0022501059,2,288,288,4,5,1,0,OFFENSE_INCOMPLETE,NO
2025-26,0022501059,2,289,290,5,4,0,1,DEFENSE_INCOMPLETE,NO
2025-26,0022501059,2,293,293,4,5,1,0,OFFENSE_INCOMPLETE,NO
2025-26,0022501059,2,295,295,5,4,0,1,DEFENSE_INCOMPLETE,NO
2025-26,0022501059,2,298,299,4,5,1,0,OFFENSE_INCOMPLETE,NO
2025-26,0022501059,2,300,301,5,4,0,1,DEFENSE_INCOMPLETE,NO
2025-26,0022501059,2,304,305,4,5,1,0,OFFENSE_INCOMPLETE,NO
2025-26,0022501059,2,308,311,5,4,0,1,DEFENSE_INCOMPLETE,NO
2025-26,0022501059,2,312,319,4,5,1,0,OFFENSE_INCOMPLETE,NO
2025-26,0022501062,4,647,648,5,4,0,1,DEFENSE_INCOMPLETE,NO
2025-26,0022501062,4,649,654,4,5,1,0,OFFENSE_INCOMPLETE,NO
2025-26,0022501062,4,655,657,5,4,0,1,DEFENSE_INCOMPLETE,NO
2025-26,0022501062,4,658,658,4,5,1,0,OFFENSE_INCOMPLETE,NO
2025-26,0022501062,4,662,663,5,4,0,1,DEFENSE_INCOMPLETE,NO
2025-26,0022501062,4,664,664,4,5,1,0,OFFENSE_INCOMPLETE,NO
2025-26,0022501062,4,666,667,5,4,0,1,DEFENSE_INCOMPLETE,NO
2025-26,0022501062,4,668,668,4,5,1,0,OFFENSE_INCOMPLETE,NO
2025-26,0022501062,4,670,671,5,4,0,1,DEFENSE_INCOMPLETE,NO
2025-26,0022501062,4,672,673,4,5,1,0,OFFENSE_INCOMPLETE,NO
2025-26,0022501062,4,674,676,5,4,0,1,DEFENSE_INCOMPLETE,NO
2025-26,0022501062,4,677,678,4,5,1,0,OFFENSE_INCOMPLETE,NO
2025-26,0022501062,4,679,680,5,4,0,1,DEFENSE_INCOMPLETE,NO
2025-26,0022501062,4,682,683,4,5,1,0,OFFENSE_INCOMPLETE,NO
2025-26,0022501062,4,684,684,5,4,0,1,DEFENSE_INCOMPLETE,NO
2025-26,0022501062,4,686,686,4,5,1,0,OFFENSE_INCOMPLETE,NO
2025-26,0022501072,3,515,515,5,4,0,1,DEFENSE_INCOMPLETE,NO
2025-26,0022501073,2,242,243,5,4,0,1,DEFENSE_INCOMPLETE,NO
2025-26,0022501073,2,245,245,4,5,1,0,OFFENSE_INCOMPLETE,NO
2025-26,0022501073,2,247,247,5,4,0,1,DEFENSE_INCOMPLETE,NO
2025-26,0022501073,2,249,250,4,5,1,0,OFFENSE_INCOMPLETE,NO
2025-26,0022501073,2,251,252,5,4,0,1,DEFENSE_INCOMPLETE,NO
2025-26,0022501077,2,323,328,4,5,1,0,OFFENSE_INCOMPLETE,NO
2025-26,0022501077,2,329,330,5,4,0,1,DEFENSE_INCOMPLETE,NO
2025-26,0022501077,2,331,331,4,5,1,0,OFFENSE_INCOMPLETE,NO
2025-26,0022501077,2,333,333,5,4,0,1,DEFENSE_INCOMPLETE,NO
2025-26,0022501077,2,334,334,4,5,1,0,OFFENSE_INCOMPLETE,NO
2025-26,0022501077,2,335,335,5,4,0,1,DEFENSE_INCOMPLETE,NO
2025-26,0022501077,2,337,338,4,5,1,0,OFFENSE_INCOMPLETE,NO
2025-26,0022501077,3,345,345,5,4,0,1,DEFENSE_INCOMPLETE,NO
2025-26,0022501077,3,346,347,4,5,1,0,OFFENSE_INCOMPLETE,NO
2025-26,0022501077,3,348,350,5,4,0,1,DEFENSE_INCOMPLETE,NO
2025-26,0022501077,3,353,354,4,5,1,0,OFFENSE_INCOMPLETE,NO
2025-26,0022501077,3,355,356,5,4,0,1,DEFENSE_INCOMPLETE,NO
2025-26,0022501077,3,357,365,4,5,1,0,OFFENSE_INCOMPLETE,NO
2025-26,0022501077,3,366,367,5,4,0,1,DEFENSE_INCOMPLETE,NO
2025-26,0022501077,3,370,372,4,5,1,0,OFFENSE_INCOMPLETE,NO
2025-26,0022501077,3,373,374,5,4,0,1,DEFENSE_INCOMPLETE,NO
2025-26,0022501077,3,375,375,4,5,1,0,OFFENSE_INCOMPLETE,NO
2025-26,0022501077,3,377,378,5,4,0,1,DEFENSE_INCOMPLETE,NO
2025-26,0022501077,3,379,379,4,5,1,0,OFFENSE_INCOMPLETE,NO
2025-26,0022501077,3,382,382,5,4,0,1,DEFENSE_INCOMPLETE,NO
2025-26,0022501077,3,383,387,4,5,1,0,OFFENSE_INCOMPLETE,NO
2025-26,0022501077,3,388,389,5,4,0,1,DEFENSE_INCOMPLETE,NO
2025-26,0022501077,3,390,392,4,5,1,0,OFFENSE_INCOMPLETE,NO
2025-26,0022501077,3,393,393,5,4,0,1,DEFENSE_INCOMPLETE,NO
2025-26,0022501077,3,395,395,4,5,1,0,OFFENSE_INCOMPLETE,NO
2025-26,0022501077,3,397,397,5,4,0,1,DEFENSE_INCOMPLETE,NO
2025-26,0022501077,3,398,399,4,5,1,0,OFFENSE_INCOMPLETE,NO
2025-26,0022501077,3,401,406,5,4,0,1,DEFENSE_INCOMPLETE,NO
2025-26,0022501077,3,409,412,4,5,1,0,OFFENSE_INCOMPLETE,NO
2025-26,0022501077,3,413,413,5,4,0,1,DEFENSE_INCOMPLETE,NO
2025-26,0022501077,3,414,415,4,5,1,0,OFFENSE_INCOMPLETE,NO
2025-26,0022501077,3,417,417,5,4,0,1,DEFENSE_INCOMPLETE,NO
2025-26,0022501077,3,418,419,4,5,1,0,OFFENSE_INCOMPLETE,NO
2025-26,0022501077,3,420,420,5,4,0,1,DEFENSE_INCOMPLETE,NO
2025-26,0022501091,1,115,116,4,5,1,0,OFFENSE_INCOMPLETE,NO
2025-26,0022501118,3,449,450,4,5,1,0,OFFENSE_INCOMPLETE,NO
2025-26,0022501118,3,452,452,5,4,0,1,DEFENSE_INCOMPLETE,NO
2025-26,0022501118,3,454,456,4,5,1,0,OFFENSE_INCOMPLETE,NO
2025-26,0022501118,3,460,464,5,4,0,1,DEFENSE_INCOMPLETE,NO
2025-26,0022501118,3,467,467,4,5,1,0,OFFENSE_INCOMPLETE,NO
2025-26,0022501118,3,468,468,5,4,0,1,DEFENSE_INCOMPLETE,NO
2025-26,0022501118,3,472,479,4,5,1,0,OFFENSE_INCOMPLETE,NO
2025-26,0022501118,3,484,486,5,4,0,1,DEFENSE_INCOMPLETE,NO
2025-26,0022501118,3,487,489,4,5,1,0,OFFENSE_INCOMPLETE,NO
2025-26,0022501118,3,491,491,5,4,0,1,DEFENSE_INCOMPLETE,NO
2025-26,0022501118,3,493,493,4,5,1,0,OFFENSE_INCOMPLETE,NO
2025-26,0022501118,3,495,496,5,4,0,1,DEFENSE_INCOMPLETE,NO
2025-26,0022501118,3,497,504,4,5,1,0,OFFENSE_INCOMPLETE,NO
2025-26,0022501118,3,506,506,5,4,0,1,DEFENSE_INCOMPLETE,NO
2025-26,0022501118,3,511,513,4,5,1,0,OFFENSE_INCOMPLETE,NO
2025-26,0022501118,3,515,516,5,4,0,1,DEFENSE_INCOMPLETE,NO
2025-26,0022501120,3,467,468,4,5,1,0,OFFENSE_INCOMPLETE,NO
2025-26,0022501120,3,471,471,5,4,0,1,DEFENSE_INCOMPLETE,NO
2025-26,0022501120,3,472,472,4,5,1,0,OFFENSE_INCOMPLETE,NO
2025-26,0022501120,3,473,473,5,4,0,1,DEFENSE_INCOMPLETE,NO
2025-26,0022501120,3,475,475,4,5,1,0,OFFENSE_INCOMPLETE,NO
2025-26,0022501120,3,477,479,5,4,0,1,DEFENSE_INCOMPLETE,NO
2025-26,0022501120,3,480,481,4,5,1,0,OFFENSE_INCOMPLETE,NO
2025-26,0022501120,3,486,486,5,4,0,1,DEFENSE_INCOMPLETE,NO
2025-26,0022501120,3,488,489,4,5,1,0,OFFENSE_INCOMPLETE,NO
2025-26,0022501120,3,490,491,5,4,0,1,DEFENSE_INCOMPLETE,NO
2025-26,0022501120,3,492,494,4,5,1,0,OFFENSE_INCOMPLETE,NO
2025-26,0022501120,3,496,496,5,4,0,1,DEFENSE_INCOMPLETE,NO
2025-26,0022501133,1,93,93,5,4,0,1,DEFENSE_INCOMPLETE,NO
2025-26,0022501133,1,95,97,4,5,1,0,OFFENSE_INCOMPLETE,NO
2025-26,0022501133,1,98,98,5,4,0,1,DEFENSE_INCOMPLETE,NO
2025-26,0022501133,1,99,112,4,5,1,0,OFFENSE_INCOMPLETE,NO
2025-26,0022501133,1,113,113,5,4,0,1,DEFENSE_INCOMPLETE,NO
2025-26,0022501133,1,114,116,4,5,1,0,OFFENSE_INCOMPLETE,NO
2025-26,0022501133,1,117,118,5,4,0,1,DEFENSE_INCOMPLETE,NO
2025-26,0022501133,1,119,123,4,5,1,0,OFFENSE_INCOMPLETE,NO
2025-26,0022501133,1,124,124,5,4,0,1,DEFENSE_INCOMPLETE,NO
2025-26,0022501133,1,129,131,4,5,1,0,OFFENSE_INCOMPLETE,NO
2025-26,0022501133,1,132,135,5,4,0,1,DEFENSE_INCOMPLETE,NO
2025-26,0022501133,1,136,136,4,5,1,0,OFFENSE_INCOMPLETE,NO
2025-26,0022501133,1,137,138,5,4,0,1,DEFENSE_INCOMPLETE,NO
2025-26,0022501133,1,141,143,4,5,1,0,OFFENSE_INCOMPLETE,NO
2025-26,0022501133,1,144,144,5,4,0,1,DEFENSE_INCOMPLETE,NO
2025-26,0022501133,1,146,146,4,5,1,0,OFFENSE_INCOMPLETE,NO
2025-26,0022501133,1,148,148,5,4,0,1,DEFENSE_INCOMPLETE,NO
2025-26,0022501133,1,150,150,4,5,1,0,OFFENSE_INCOMPLETE,NO
2025-26,0022501133,1,152,153,5,4,0,1,DEFENSE_INCOMPLETE,NO
2025-26,0022501133,1,156,163,4,5,1,0,OFFENSE_INCOMPLETE,NO
2025-26,0022501133,1,164,166,5,4,0,1,DEFENSE_INCOMPLETE,NO
2025-26,0022501133,2,168,168,4,5,1,0,OFFENSE_INCOMPLETE,NO
2025-26,0022501133,2,169,170,5,4,0,1,DEFENSE_INCOMPLETE,NO
2025-26,0022501133,2,171,171,4,5,1,0,OFFENSE_INCOMPLETE,NO
2025-26,0022501133,2,172,173,5,4,0,1,DEFENSE_INCOMPLETE,NO
2025-26,0022501133,2,174,178,4,5,1,0,OFFENSE_INCOMPLETE,NO
2025-26,0022501133,2,179,180,5,4,0,1,DEFENSE_INCOMPLETE,NO
2025-26,0022501133,2,181,181,4,5,1,0,OFFENSE_INCOMPLETE,NO
2025-26,0022501133,2,182,182,5,4,0,1,DEFENSE_INCOMPLETE,NO
2025-26,0022501133,2,184,184,4,5,1,0,OFFENSE_INCOMPLETE,NO
2025-26,0022501133,2,186,186,5,4,0,1,DEFENSE_INCOMPLETE,NO
2025-26,0022501133,2,188,189,4,5,1,0,OFFENSE_INCOMPLETE,NO
2025-26,0022501133,2,190,190,5,4,0,1,DEFENSE_INCOMPLETE,NO
2025-26,0022501133,2,192,192,4,5,1,0,OFFENSE_INCOMPLETE,NO
2025-26,0022501133,2,194,194,5,4,0,1,DEFENSE_INCOMPLETE,NO
2025-26,0022501133,2,227,228,5,4,0,1,DEFENSE_INCOMPLETE,NO
2025-26,0022501133,2,229,229,4,5,1,0,OFFENSE_INCOMPLETE,NO
2025-26,0022501146,4,601,604,4,5,1,0,OFFENSE_INCOMPLETE,NO
2025-26,0022501146,4,604,604,5,4,0,1,DEFENSE_INCOMPLETE,NO
2025-26,0022501154,3,474,474,5,4,0,1,DEFENSE_INCOMPLETE,NO
2025-26,0022501154,3,476,476,4,5,1,0,OFFENSE_INCOMPLETE,NO
2025-26,0022501154,3,480,480,5,4,0,1,DEFENSE_INCOMPLETE,NO
2025-26,0022501160,4,645,652,4,5,1,0,OFFENSE_INCOMPLETE,NO
2025-26,0022501160,4,653,653,5,4,0,1,DEFENSE_INCOMPLETE,NO
2025-26,0022501160,4,655,668,4,5,1,0,OFFENSE_INCOMPLETE,NO
2025-26,0022501160,4,671,673,5,4,0,1,DEFENSE_INCOMPLETE,NO
2025-26,0022501160,4,674,674,4,5,1,0,OFFENSE_INCOMPLETE,NO
2025-26,0022501160,4,676,676,5,4,0,1,DEFENSE_INCOMPLETE,NO
2025-26,0022501160,4,678,678,4,5,1,0,OFFENSE_INCOMPLETE,NO
2025-26,0022501167,1,99,99,5,4,0,1,DEFENSE_INCOMPLETE,NO
2025-26,0022501167,1,101,102,4,5,1,0,OFFENSE_INCOMPLETE,NO
2025-26,0022501167,1,103,107,5,4,0,1,DEFENSE_INCOMPLETE,NO
2025-26,0022501167,1,108,108,4,5,1,0,OFFENSE_INCOMPLETE,NO
2025-26,0022501167,1,109,110,5,4,0,1,DEFENSE_INCOMPLETE,NO
2025-26,0022501167,1,111,112,4,5,1,0,OFFENSE_INCOMPLETE,NO
2025-26,0022501167,1,113,113,5,4,0,1,DEFENSE_INCOMPLETE,NO
2025-26,0022501167,1,122,125,4,5,1,0,OFFENSE_INCOMPLETE,NO
2025-26,0022501167,1,126,127,5,4,0,1,DEFENSE_INCOMPLETE,NO
2025-26,0022501167,1,130,132,4,5,1,0,OFFENSE_INCOMPLETE,NO
2025-26,0022501167,1,133,133,5,4,0,1,DEFENSE_INCOMPLETE,NO
2025-26,0022501167,1,135,136,4,5,1,0,OFFENSE_INCOMPLETE,NO
2025-26,0022501167,1,137,139,5,4,0,1,DEFENSE_INCOMPLETE,NO
2025-26,0022501167,1,140,140,4,5,1,0,OFFENSE_INCOMPLETE,NO
2025-26,0022501167,1,141,143,5,4,0,1,DEFENSE_INCOMPLETE,NO
2025-26,0022501167,1,146,149,4,5,1,0,OFFENSE_INCOMPLETE,NO
2025-26,0022501167,1,150,152,5,4,0,1,DEFENSE_INCOMPLETE,NO
2025-26,0022501167,1,153,154,4,5,1,0,OFFENSE_INCOMPLETE,NO
2025-26,0022501167,1,158,159,5,4,0,1,DEFENSE_INCOMPLETE,NO
2025-26,0022501167,1,161,162,4,5,1,0,OFFENSE_INCOMPLETE,NO
2025-26,0022501181,3,428,431,4,5,1,0,OFFENSE_INCOMPLETE,NO
2025-26,0022501181,3,432,433,5,4,0,1,DEFENSE_INCOMPLETE,NO
2025-26,0022501181,3,434,434,4,5,1,0,OFFENSE_INCOMPLETE,NO
2025-26,0022501181,3,436,436,5,4,0,1,DEFENSE_INCOMPLETE,NO
2025-26,0022501181,3,438,439,4,5,1,0,OFFENSE_INCOMPLETE,NO
2025-26,0022501181,3,440,441,5,4,0,1,DEFENSE_INCOMPLETE,NO
2025-26,0022501181,3,442,442,4,5,1,0,OFFENSE_INCOMPLETE,NO
2025-26,0022501181,3,444,447,5,4,0,1,DEFENSE_INCOMPLETE,NO
2025-26,0022501181,3,448,448,4,5,1,0,OFFENSE_INCOMPLETE,NO
2025-26,0022501181,3,449,449,5,4,0,1,DEFENSE_INCOMPLETE,NO
2025-26,0022501181,3,451,452,4,5,1,0,OFFENSE_INCOMPLETE,NO
2025-26,0022501181,3,455,456,5,4,0,1,DEFENSE_INCOMPLETE,NO
2025-26,0022501181,3,457,457,4,5,1,0,OFFENSE_INCOMPLETE,NO
2025-26,0022501181,3,459,460,5,4,0,1,DEFENSE_INCOMPLETE,NO
2025-26,0022501181,3,461,461,4,5,1,0,OFFENSE_INCOMPLETE,NO
2025-26,0022501181,3,463,464,5,4,0,1,DEFENSE_INCOMPLETE,NO
2025-26,0022501181,3,465,465,4,5,1,0,OFFENSE_INCOMPLETE,NO
2025-26,0022501181,3,467,468,5,4,0,1,DEFENSE_INCOMPLETE,NO
2025-26,0022501181,3,469,469,4,5,1,0,OFFENSE_INCOMPLETE,NO
2025-26,0022501181,3,472,472,5,4,0,1,DEFENSE_INCOMPLETE,NO
2025-26,0022501181,3,474,474,4,5,1,0,OFFENSE_INCOMPLETE,NO
2025-26,0022501181,3,476,477,5,4,0,1,DEFENSE_INCOMPLETE,NO
2025-26,0022501181,3,478,481,4,5,1,0,OFFENSE_INCOMPLETE,NO
2025-26,0022501193,3,395,396,5,4,0,1,DEFENSE_INCOMPLETE,NO
2025-26,0022501193,3,398,400,4,5,1,0,OFFENSE_INCOMPLETE,NO
2025-26,0022501193,3,401,401,5,4,0,1,DEFENSE_INCOMPLETE,NO
2025-26,0022501193,3,403,405,4,5,1,0,OFFENSE_INCOMPLETE,NO
2025-26,0022501193,3,407,408,5,4,0,1,DEFENSE_INCOMPLETE,NO
2025-26,0022501193,3,409,409,4,5,1,0,OFFENSE_INCOMPLETE,NO
2025-26,0022501193,3,411,413,5,4,0,1,DEFENSE_INCOMPLETE,NO
2025-26,0022501193,3,415,415,4,5,1,0,OFFENSE_INCOMPLETE,NO
2025-26,0022501193,3,417,418,5,4,0,1,DEFENSE_INCOMPLETE,NO
2025-26,0022501193,3,419,419,4,5,1,0,OFFENSE_INCOMPLETE,NO
2025-26,0022501193,3,423,423,5,4,0,1,DEFENSE_INCOMPLETE,NO
2025-26,0022501193,3,426,430,4,5,1,0,OFFENSE_INCOMPLETE,NO
2025-26,0022501193,3,433,434,5,4,0,1,DEFENSE_INCOMPLETE,NO
2025-26,0022501193,3,435,435,4,5,1,0,OFFENSE_INCOMPLETE,NO
2025-26,0022501202,3,499,499,5,4,0,1,DEFENSE_INCOMPLETE,NO
2025-26,0022501202,3,501,501,4,5,1,0,OFFENSE_INCOMPLETE,NO
2025-26,0022501202,3,502,503,5,4,0,1,DEFENSE_INCOMPLETE,NO
2025-26,0022501202,3,506,506,4,5,1,0,OFFENSE_INCOMPLETE,NO
2025-26,0022501202,3,507,507,5,4,0,1,DEFENSE_INCOMPLETE,NO
2025-26,0022501202,3,509,509,4,5,1,0,OFFENSE_INCOMPLETE,NO
2025-26,0022501202,3,510,510,5,4,0,1,DEFENSE_INCOMPLETE,NO
2025-26,0022501202,3,514,520,4,5,1,0,OFFENSE_INCOMPLETE,NO
2025-26,0022501204,4,588,589,5,4,0,1,DEFENSE_INCOMPLETE,NO
2025-26,0022501204,4,590,590,4,5,1,0,OFFENSE_INCOMPLETE,NO
2025-26,0022501204,4,591,598,5,4,0,1,DEFENSE_INCOMPLETE,NO
2025-26,0022501204,4,599,599,4,5,1,0,OFFENSE_INCOMPLETE,NO
2025-26,0022501204,4,601,601,5,4,0,1,DEFENSE_INCOMPLETE,NO
2025-26,0022501204,4,603,603,4,5,1,0,OFFENSE_INCOMPLETE,NO
2025-26,0022501204,4,611,613,5,4,0,1,DEFENSE_INCOMPLETE,NO
2025-26,0022501204,4,616,617,4,5,1,0,OFFENSE_INCOMPLETE,NO
2025-26,0022501204,4,618,618,5,4,0,1,DEFENSE_INCOMPLETE,NO
2025-26,0022501204,4,620,620,4,5,1,0,OFFENSE_INCOMPLETE,NO
2025-26,0022501204,4,621,622,5,4,0,1,DEFENSE_INCOMPLETE,NO
2025-26,0022501204,4,623,624,4,5,1,0,OFFENSE_INCOMPLETE,NO
2025-26,0022501204,4,625,629,5,4,0,1,DEFENSE_INCOMPLETE,NO
2025-26,0022501204,4,630,631,4,5,1,0,OFFENSE_INCOMPLETE,NO
2025-26,0022501204,4,632,632,5,4,0,1,DEFENSE_INCOMPLETE,NO
2025-26,0022501204,4,634,634,4,5,1,0,OFFENSE_INCOMPLETE,NO
2025-26,0022501204,4,636,636,5,4,0,1,DEFENSE_INCOMPLETE,NO
2025-26,0022501204,4,642,645,4,5,1,0,OFFENSE_INCOMPLETE,NO
2025-26,0022501204,4,646,647,5,4,0,1,DEFENSE_INCOMPLETE,NO
2025-26,0022501204,4,648,648,4,5,1,0,OFFENSE_INCOMPLETE,NO
2025-26,0022501204,4,650,650,5,4,0,1,DEFENSE_INCOMPLETE,NO
2025-26,0022501204,4,655,659,4,5,1,0,OFFENSE_INCOMPLETE,NO
2025-26,0022501204,4,660,660,5,4,0,1,DEFENSE_INCOMPLETE,NO
2025-26,0022501204,4,662,662,4,5,1,0,OFFENSE_INCOMPLETE,NO
2025-26,0022501204,4,666,667,5,4,0,1,DEFENSE_INCOMPLETE,NO
2025-26,0022501204,4,668,669,4,5,1,0,OFFENSE_INCOMPLETE,NO
2025-26,0022501204,4,671,671,5,4,0,1,DEFENSE_INCOMPLETE,NO
2025-26,0022501204,4,672,673,4,5,1,0,OFFENSE_INCOMPLETE,NO
2025-26,0022501204,4,674,674,5,4,0,1,DEFENSE_INCOMPLETE,NO
2025-26,0022501204,4,676,677,4,5,1,0,OFFENSE_INCOMPLETE,NO
2025-26,0022501221,1,131,131,4,5,1,0,OFFENSE_INCOMPLETE,NO
2025-26,0022501221,1,133,134,5,4,0,1,DEFENSE_INCOMPLETE,NO
2025-26,0022501221,1,136,136,4,5,1,0,OFFENSE_INCOMPLETE,NO
2025-26,0022501221,1,140,140,5,4,0,1,DEFENSE_INCOMPLETE,NO
2025-26,0022501224,4,778,779,4,5,1,0,OFFENSE_INCOMPLETE,NO
2025-26,0022501224,5,789,787,4,5,1,0,OFFENSE_INCOMPLETE,NO
2025-26,0022501224,5,794,797,4,5,1,0,OFFENSE_INCOMPLETE,NO
2025-26,0022501224,5,800,801,5,4,0,1,DEFENSE_INCOMPLETE,NO
2025-26,0022501224,5,802,802,4,5,1,0,OFFENSE_INCOMPLETE,NO
2025-26,0022501224,5,803,804,5,4,0,1,DEFENSE_INCOMPLETE,NO
2025-26,0022501224,5,805,806,4,5,1,0,OFFENSE_INCOMPLETE,NO
2025-26,0022501224,5,809,812,5,4,0,1,DEFENSE_INCOMPLETE,NO
2025-26,0022501224,5,813,814,4,5,1,0,OFFENSE_INCOMPLETE,NO
2025-26,0022501224,5,820,821,5,4,0,1,DEFENSE_INCOMPLETE,NO
2025-26,0022501224,5,822,823,4,5,1,0,OFFENSE_INCOMPLETE,NO
2025-26,0022501224,5,828,829,5,4,0,1,DEFENSE_INCOMPLETE,NO
2025-26,0022501224,5,830,832,4,5,1,0,OFFENSE_INCOMPLETE,NO
2025-26,0022501224,5,833,834,5,4,0,1,DEFENSE_INCOMPLETE,NO
2025-26,0022501224,5,837,839,4,5,1,0,OFFENSE_INCOMPLETE,NO
2025-26,0022501224,5,840,840,5,4,0,1,DEFENSE_INCOMPLETE,NO
2025-26,0022501224,5,842,842,4,5,1,0,OFFENSE_INCOMPLETE,NO
2025-26,0022501224,5,846,849,5,4,0,1,DEFENSE_INCOMPLETE,NO
2025-26,0022501225,1,111,112,5,4,0,1,DEFENSE_INCOMPLETE,NO
2025-26,0022501225,1,113,113,4,5,1,0,OFFENSE_INCOMPLETE,NO
2025-26,0022501225,1,118,119,5,4,0,1,DEFENSE_INCOMPLETE,NO
2025-26,0022501225,1,122,123,4,5,1,0,OFFENSE_INCOMPLETE,NO
2025-26,0022501225,1,124,124,5,4,0,1,DEFENSE_INCOMPLETE,NO
2025-26,0022501225,1,125,125,4,5,1,0,OFFENSE_INCOMPLETE,NO
2025-26,0022501225,1,128,129,5,4,0,1,DEFENSE_INCOMPLETE,NO
2025-26,0022501225,1,130,133,4,5,1,0,OFFENSE_INCOMPLETE,NO
2025-26,0022501225,1,134,134,5,4,0,1,DEFENSE_INCOMPLETE,NO
2025-26,0022501225,1,136,137,4,5,1,0,OFFENSE_INCOMPLETE,NO
