focalId,totalDelta,staticMainEffect,stateInteractionEffect,teammateCompositionInteractionEffect,opponentCompositionInteractionEffect,reconstructErr
1630595,0.06175740849014705,-0.039184849705020876,0.0969626954123788,0.003979562782789123,0,0
1631105,0.0870663831989039,0.043832092825417085,0.045489718963598144,-0.0022554285901113255,0,0
202699,0.13483913058071145,0.043433518018748035,0.0893493100948879,0.00205630246707551,0,0
203501,-0.01836548401426242,-0.08511090853089884,0.06827602900308638,-0.0015306044864499616,0,0
1626167,0.021676901038493443,0.0003388381877053072,0.020006229550999278,0.0013318332997888575,0,0
1627783,0.03727094121891519,-0.020885503303258633,0.056363649820525635,0.0017927947016481943,0,0
1630169,0.006768709416330508,-0.012945038959645178,0.017479006874125888,0.002234741501849798,0,0
1630595,0.017695601615492988,-0.039184849705020876,0.052623789640382064,0.004256661680131798,0,0
1631105,0.07782886987586658,0.043832092825417085,0.03548185129769153,-0.0014850742472420325,0,0
202699,0.09759865160600735,0.043433518018748035,0.05136760205722606,0.002797531530033249,0,0
203501,-0.06059149682239745,-0.08511090853089884,0.026641072413579242,-0.0021216607050778525,0,0
1630595,0.03706382679639778,-0.039184849705020876,0.07280766452454124,0.003441011976877417,0,0
1631105,0.07382092691706336,0.043832092825417085,0.03223220770543559,-0.002243373613789302,0,0
202699,0.10318618116969985,0.043433518018748035,0.05809443934361316,0.001658223807338648,0,0
203501,-0.05546554073125856,-0.08511090853089884,0.03127415851082628,-0.0016287907111860013,0,0
1630595,0.046610724190909794,-0.039184849705020876,0.08307489383892697,0.002720680057003705,0,0
1631105,0.0681441249549986,0.043832092825417085,0.02712169947469808,-0.0028096673451165717,0,0
202699,0.10099425368933641,0.043433518018748035,0.056837262166038786,0.000723473504549589,0,0
203501,-0.05910201575638629,-0.08511090853089884,0.027287829489975525,-0.0012789367154629752,0,0
1626167,0.015672185730491554,0.0003388381877053072,0.014047916443041125,0.0012854310997451222,0,0
1630169,-0.01550339426058974,-0.012945038959645178,-0.003921321362823506,0.0013629660618789444,0,0
1630595,0.037866804426527574,-0.039184849705020876,0.0748311877193043,0.0022204664122441476,0,0
202699,0.08497623781854423,0.043433518018748035,0.041323089130866714,0.0002196306689294773,0,0
1626167,0.02103658147980218,0.0003388381877053072,0.01929502954052758,0.0014027137515692915,0,0
1627783,0.03383291090378765,-0.020885503303258633,0.05279578370979687,0.001922630497249408,0,0
1630595,0.09355239030609626,-0.039184849705020876,0.13084988000179254,0.0018873600093245826,0,0
1626167,0.01644018302406443,0.0003388381877053072,0.014881708699107817,0.0012196361372513074,0,0
1627783,0.01972012495414554,-0.020885503303258633,0.038897202578318725,0.0017084256790854476,0,0
1630169,-0.009001677274412132,-0.012945038959645178,0.002415839662346875,0.0015275220228861725,0,0
1630595,0.06273453717847524,-0.039184849705020876,0.10008511502979359,0.0018342718537025303,0,0
1631105,0.06239590306865428,0.043832092825417085,0.022130193089398866,-0.003566382846161677,0,0
202699,0.10242300157858944,0.043433518018748035,0.05945762008364527,-0.0004681365238038693,0,0
203501,-0.058850519671860044,-0.08511090853089884,0.027059355960502247,-0.0007989671014634503,0,0
1630595,0.05354203596401384,-0.039184849705020876,0.09109309623213144,0.0016337894369032816,0,0
1631105,0.05746511277395451,0.043832092825417085,0.01719491517577631,-0.0035618952272388803,0,0
202699,0.09063978683434423,0.043433518018748035,0.047822595205433506,-0.0006163263898372998,0,0
203501,-0.07266148969059583,-0.08511090853089884,0.013284937018128048,-0.0008355181778250418,0,0
1626167,0.018804648927991666,0.0003388381877053072,0.016380917897024665,0.0020848928432616945,0,0
1627783,0.015204042657764521,-0.020885503303258633,0.032993518068874135,0.0030960278921490186,0,0
1630169,-0.04336786604634103,-0.012945038959645178,-0.031667132759713335,0.0012443056730174764,0,0
1630595,0.1391462807164939,-0.039184849705020876,0.17668745557339965,0.0016436748481151262,0,0
1631105,0.08178722686441732,0.043832092825417085,0.04268208597168802,-0.004726951932687776,0,0
202699,0.17151095619962667,0.043433518018748035,0.12949106791028747,-0.0014136297294088337,0,0
203501,0.01999199039470768,-0.08511090853089884,0.10497425132419282,0.000128647601413702,0,0
1626167,0.035112894567899046,0.0003388381877053072,0.03184682562924759,0.0029272307509461476,0,0
1627783,0.0623329095948066,-0.020885503303258633,0.07904302297720633,0.004175389920858901,0,0
1630169,-0.019360177792695894,-0.012945038959645178,-0.009497265534613452,0.003082126701562735,0,0
1630595,0.13220278081608228,-0.039184849705020876,0.17051441783735502,0.0008732126837481188,0,0
1631105,0.07086432588136762,0.043832092825417085,0.03213021736121337,-0.005097984305262822,0,0
202699,0.1529909648999706,0.043433518018748035,0.11180877978848036,-0.00225133290725778,0,0
203501,-0.00242663909361263,-0.08511090853089884,0.08237530128587475,0.0003089681514114554,0,0
1626167,0.029876176553470007,0.0003388381877053072,0.026722304777356126,0.002815033588408574,0,0
1627783,0.044782093330036965,-0.020885503303258633,0.06157657573499942,0.0040910208982961795,0,0
1630169,-0.035130564483438556,-0.012945038959645178,-0.024560432746392462,0.0023749072225990897,0,0
1630595,0.08012209737355726,-0.039184849705020876,0.11802200743630291,0.0012849396422752292,0,0
202699,0.1102814631447881,0.043433518018748035,0.06812443471395739,-0.0012764895879173344,0,0
202699,0.08604985346697792,0.043433518018748035,0.04449996492544359,-0.001883629477213701,0,0
1627783,0.004123263090555361,-0.020885503303258633,0.02019103298488922,0.0048177334089247745,0,0
1630595,-0.029043949508385864,-0.039184849705020876,0.006698142060743116,0.0034427581358918964,0,0
202699,0.2445324900329353,0.043433518018748035,0.1988967608686946,0.002202211145492695,0,0
1626167,0.03878064124736184,0.0003388381877053072,0.03589145925885246,0.002550343800804068,0,0
1627783,-0.019590140975976895,-0.020885503303258633,-0.0026163920777106976,0.003911754404992436,0,0
1630169,-0.03362219303991758,-0.012945038959645178,-0.022268886516444715,0.0015917324361723196,0,0
1630595,-0.04670797144989992,-0.039184849705020876,-0.010580639158293971,0.0030575174134149273,0,0
203501,-0.1494811082060249,-0.08511090853089884,-0.06209669984542048,-0.002273499829705565,0,0
1626167,0.038696311069299945,0.0003388381877053072,0.03542494878150855,0.0029325241000860893,0,0
1627783,-0.025737038696957676,-0.020885503303258633,-0.009398065577551417,0.004546530183852375,0,0
1630169,-0.053432293239290184,-0.012945038959645178,-0.041783572195222184,0.0012963179155771809,0,0
1630595,-0.03887543406753493,-0.039184849705020876,-0.0016808662947304428,0.0019902819322163935,0,0
1631105,0.14121345499893184,0.043832092825417085,0.09990412685562133,-0.002522764682106583,0,0
202699,0.21269098452667254,0.043433518018748035,0.1686652838360561,0.0005921826718683855,0,0
203501,-0.1616865654717309,-0.08511090853089884,-0.07474915908762342,-0.001826497853208656,0,0
1626167,0.032508425366522965,0.0003388381877053072,0.029579915497559995,0.002589671681257663,0,0
1627783,-0.043264335953687366,-0.020885503303258633,-0.026477313881029637,0.004098481230600904,0,0
1630169,-0.061357922696104135,-0.012945038959645178,-0.049029063085664334,0.000616179349205376,0,0
1626145,0.047887252021880405,0.05140617112731287,-0.004390809700040263,0.0008718905946078029,0,0
1626164,0.07572020650810564,0.09518002085095503,-0.023303962112759747,0.0038441477699103534,0,0
201142,-0.026561363955282663,-0.027243955548572518,-0.002535389620889627,0.0032179812141794805,0,0
1629673,-0.04385286609589101,0.08405244705327942,-0.128583692667137,0.000678379517966577,0,0
1641731,-0.06283722823874144,-0.016568482179682667,-0.04760748275836836,0.0013387366993095951,0,0
1642259,-0.04782692301168409,-0.01906536361878032,-0.02474435911863685,-0.004017200274266922,0,0
1642267,-0.026187419748255374,0.01069390561818425,-0.03971766808811196,0.002836342721672336,0,0
1626145,0.03442615340050436,0.05140617112731287,-0.01795617364747927,0.0009761559206707583,0,0
1626164,0.04743380888890399,0.09518002085095503,-0.052787228365678326,0.005041016403627287,0,0
201142,-0.06196230207886733,-0.027243955548572518,-0.03933094209017149,0.004612595559876677,0,0
1629673,-0.03866418054945319,0.08405244705327942,-0.1234386228251619,0.0007219952224292784,0,0
1641731,-0.04014705031423878,-0.016568482179682667,-0.024379371739494057,0.0008008036049379497,0,0
1642259,-0.026099810354893137,-0.01906536361878032,-0.003419303608453864,-0.003615143127658955,0,0
1642267,-0.003129758174216289,0.01069390561818425,-0.01758083104021312,0.00375716724781258,0,0
1626164,0.052893009543205825,0.09518002085095503,-0.046176441864155836,0.0038894305564066258,0,0
201142,-0.06276016295122319,-0.027243955548572518,-0.039171339977840544,0.00365513257518987,0,0
1629673,-0.034360421591423794,0.08405244705327942,-0.11939882153386475,0.0009859528891615278,0,0
1641731,-0.012181891324128261,-0.016568482179682667,0.004553427277434852,-0.00016683642188044493,0,0
201142,-0.07315252172750965,-0.027243955548572518,-0.0493614835914754,0.0034529174125382694,0,0
1642267,-0.03449914826368776,0.01069390561818425,-0.048643262426778654,0.0034502085449066465,0,0
1626164,0.06845947882044358,0.09518002085095503,-0.030763927331338738,0.004043385300827271,0,0
1642267,-0.01569906854428366,0.01069390561818425,-0.029983319280211494,0.0035903451177435827,0,0
1626145,0.03375558166271076,0.05140617112731287,-0.01856336566385723,0.0009127761992551229,0,0
1626164,0.04700426329731989,0.09518002085095503,-0.05298970158291244,0.0048139440292772956,0,0
1629673,-0.038965058924657105,0.08405244705327942,-0.1240578816714601,0.001040375693523577,0,0
1641731,-0.028579140910048578,-0.016568482179682667,-0.012108007212752538,0.00009734848238662623,0,0
1642259,-0.023434143921698687,-0.01906536361878032,-0.0008163678044099641,-0.0035524124985084043,0,0
1626145,0.024899517421404935,0.05140617112731287,-0.027442736738838326,0.0009360830329303918,0,0
201142,-0.08835568408647268,-0.027243955548572518,-0.06632665370774735,0.00521492516984718,0,0
1629673,-0.033685856886555204,0.08405244705327942,-0.11871628406147815,0.0009779801216435193,0,0
1641731,-0.009779746480331013,-0.016568482179682667,0.006994274368354024,-0.0002055386690023701,0,0
1642259,-0.0026341053326189934,-0.01906536361878032,0.019603228370767323,-0.0031719700846059963,0,0
1642267,0.02659127295335365,0.01069390561818425,0.010582145045413176,0.005315222289756225,0,0
1626145,0.0317035347522082,0.05140617112731287,-0.020249392198956266,0.0005467558238515932,0,0
1626164,0.04814775049972587,0.09518002085095503,-0.05043194824175894,0.0033996778905297726,0,0
201142,-0.07442231082431938,-0.027243955548572518,-0.05055114707761915,0.0033727918018722925,0,0
1629673,-0.05011257079612339,0.08405244705327942,-0.13544208887815132,0.0012770710287484997,0,0
1641731,-0.06406264463750522,-0.016568482179682667,-0.04799084530874685,0.0004966828509243022,0,0
1642259,-0.06607159512111546,-0.01906536361878032,-0.04267861823630337,-0.004327613266031776,0,0
1642267,-0.03089425051189082,0.01069390561818425,-0.04536532078147399,0.0037771646513989213,0,0
1626145,0.028372478511171934,0.05140617112731287,-0.024298025848044993,0.0012643332319040583,0,0
1626164,0.03126623385773808,0.09518002085095503,-0.0705018360280369,0.006588049034819951,0,0
201142,-0.07504399778457026,-0.027243955548572518,-0.053854954925515286,0.006054912689517545,0,0
1629673,-0.048543988930867095,0.08405244705327942,-0.1344846164421996,0.00188818045805309,0,0
1641731,-0.03319818589690758,-0.016568482179682667,-0.015594956049697774,-0.0010347476675271396,0,0
1642259,-0.052189135279215995,-0.01906536361878032,-0.029078023756198217,-0.00404574790423746,0,0
1642267,-0.002707752600353521,0.01069390561818425,-0.01934073987506374,0.005939081656525968,0,0
1626145,0.0293307008838388,0.05140617112731287,-0.02308623232295987,0.001010762079485799,0,0
1626164,0.036795956922598516,0.09518002085095503,-0.0638578076550282,0.005473743726671686,0,0
201142,-0.075419874364935,-0.027243955548572518,-0.053299996367638075,0.005124077551275602,0,0
1629673,-0.04305695480025444,0.08405244705327942,-0.1288277888951001,0.0017183870415662386,0,0
1641731,-0.017871810641314764,-0.016568482179682667,-0.00019400876011215623,-0.0011093197015199419,0,0
201142,-0.09985678374603599,-0.027243955548572518,-0.07846269173768125,0.005849863540217789,0,0
1642267,0.04142950860849662,0.01069390561818425,0.02301526002530161,0.007720342965010759,0,0
1626164,-0.07730950224644237,0.09518002085095503,-0.17944422972454038,0.00695470662714298,0,0
1626145,0.01364092629238953,0.05140617112731287,-0.03868101240856367,0.0009157675736403314,0,0
1626164,-0.06829366572298438,0.09518002085095503,-0.16913821347937305,0.005664526905433629,0,0
1641731,0.004538756530826916,-0.016568482179682667,0.01937546278895921,0.0017317759215503728,0,0
1642259,0.043485432665589754,-0.01906536361878032,0.0651881827934641,-0.0026373865090940254,0,0
1626145,0.01680843771271139,0.05140617112731287,-0.03512460443231514,0.0005268710177136574,0,0
1626164,-0.05643282856418867,0.09518002085095503,-0.15547240819373975,0.003859558778596051,0,0
201142,0.023815688985008906,-0.027243955548572518,0.04695271683284745,0.004106927700733975,0,0
1641731,0.01841685653295706,-0.016568482179682667,0.03244300369294374,0.002542335019695983,0,0
1642259,0.0791070646657,-0.01906536361878032,0.10018622721028092,-0.002013798925800606,0,0
1626145,0.018402201956272225,0.05140617112731287,-0.03333733787678224,0.00033336870574159424,0,0
1626164,-0.05049599885655822,0.09518002085095503,-0.1486364835626062,0.002960463855092946,0,0
201142,0.025875812635683944,-0.027243955548572518,0.04978996032637807,0.0033298078578783896,0,0
1628983,0.05896900508008351,0.030314213552555397,0.026069038802457138,0.002585752725070974,0,0
1629652,-0.016883606391953767,-0.030513942026712152,0.013629722086326707,6.135484316788708e-7,0,0
1631114,-0.11460143776936033,-0.07069491069902584,-0.04491371773798486,0.001007190667650376,0,0
1641717,0.03422369612462676,0.01785244068057551,0.01509136666092582,0.0012798887831254233,0,0
1628378,-0.06821837830578151,-0.08260267109082088,0.0141452376508326,0.0002390551342067772,0,0
1628386,-0.04740471107971668,-0.04892533191520719,0.0017894463669915744,-0.00026882553150106347,0,0
1629636,0.13280754354198424,0.06934215351431891,0.06347413511599911,-0.000008745088333794203,0,0
1630596,0.0017944282604722404,-0.019303263341503896,0.020052005592344872,0.0010456860096312638,0,0
1628983,0.06786628205596913,0.030314213552555397,0.03544322881637109,0.002108839687042649,0,0
1629652,-0.0014421503624071816,-0.030513942026712152,0.029233750956839197,-0.00016195929253422692,0,0
1631114,-0.08188038638123023,-0.07069491069902584,-0.0119340771290409,0.0007486014468365165,0,0
1641717,0.04382883248097198,0.01785244068057551,0.025165451870384582,0.0008109399300118912,0,0
1628386,-0.05219552049926413,-0.04892533191520719,-0.003690548470934087,0.0004203598868771415,0,0
1629636,0.10920841560401583,0.06934215351431891,0.03978208228059654,0.0000841798091003792,0,0
1628983,0.05453600047193971,0.030314213552555397,0.020754847276644277,0.003466939642740039,0,0
1641717,0.024440656177056253,0.01785244068057551,0.0045123019696339806,0.002075913526846762,0,0
1628378,-0.081642325076767,-0.08260267109082088,0.000727581965182883,0.00023276404887099872,0,0
1630596,-0.007828799192915743,-0.019303263341503896,0.01177925323602129,-0.0003047890874331374,0,0
1628983,0.0353760467942211,0.030314213552555397,-0.00019105660239366468,0.005252889844059371,0,0
1629652,-0.08821147266701726,-0.030513942026712152,-0.055809853095271006,-0.0018876775450341033,0,0
1631114,-0.025871263368063373,-0.07069491069902584,0.039893986344376665,0.004929660986585798,0,0
1629652,-0.071109008239297,-0.030513942026712152,-0.03890189058697047,-0.001693175625614381,0,0
1631114,-0.023673716897309724,-0.07069491069902584,0.042765092740667685,0.00425610106104843,0,0
1628386,-0.005462056279234036,-0.04892533191520719,0.04953924495632698,-0.006075969320353825,0,0
1629636,0.08617606963993504,0.06934215351431891,0.017750075426984945,-0.0009161593013688222,0,0
1629652,-0.05667056028734343,-0.030513942026712152,-0.024319841373728418,-0.001836776886902859,0,0
1631114,0.006157409518046242,-0.07069491069902584,0.07284670593525071,0.004005614281821371,0,0
1628983,0.025643285623972237,0.030314213552555397,-0.010437458669596437,0.005766530741013276,0,0
1641717,-0.012581367228384974,0.01785244068057551,-0.0346887171683565,0.00425490925939602,0,0
1628378,-0.08336506307839336,-0.08260267109082088,-0.0013605928744108604,0.000598200886838374,0,0
1629636,0.051907037627523446,0.06934215351431891,-0.016494180888193447,-0.0009409349986020155,0,0
1628983,0.021945981109741695,0.030314213552555397,-0.014640452661279686,0.006272220218465983,0,0
1631114,0.06260834043594463,-0.07069491069902584,0.1287885088304026,0.004514742304567859,0,0
1641717,-0.018960630040984635,0.01785244068057551,-0.04153156422990993,0.0047184935083497866,0,0
1628378,-0.09081830280725205,-0.08260267109082088,-0.00896271853997567,0.000747086823544503,0,0
1629636,0.012739540988528985,0.06934215351431891,-0.05524587643484402,-0.001356736090945904,0,0
1630596,0.00967217548907107,-0.019303263341503896,0.031099447570112425,-0.0021240087395374588,0,0
1628983,-0.007588971466174569,0.030314213552555397,-0.0459884949549892,0.00808530993625923,0,0
1629652,-0.10093123347303372,-0.030513942026712152,-0.0681227171303855,-0.0022945743159360705,0,0
1631114,-0.003671344117999102,-0.07069491069902584,0.06132189882298173,0.005701667758045004,0,0
1641717,-0.052630958248677084,0.01785244068057551,-0.07695953321994166,0.006476134290689065,0,0
1628378,-0.07658516748527036,-0.08260267109082088,0.004969100017990322,0.001048403587560203,0,0
1628386,0.020197244524694857,-0.04892533191520719,0.07876585749681125,-0.009643281056909207,0,0
1629636,0.07404594934182132,0.06934215351431891,0.006169006319835545,-0.0014652104923331376,0,0
1630596,0.03355551812165919,-0.019303263341503896,0.05406001155807501,-0.001201230094911921,0,0
1628983,-0.013387450181246766,0.030314213552555397,-0.052470819721147484,0.00876915598734532,0,0
1629652,-0.1049189239564755,-0.030513942026712152,-0.07153834650220417,-0.002866635427559171,0,0
1631114,0.04368792195386372,-0.07069491069902584,0.10797969702661162,0.006403135626277945,0,0
1641717,-0.06178740081001068,0.01785244068057551,-0.08674756847899939,0.007107726988413203,0,0
1628983,-0.015781661147367884,0.030314213552555397,-0.05514185816969638,0.009045983469773098,0,0
1629652,-0.10665560129021828,-0.030513942026712152,-0.07304887773195806,-0.0030927815315480683,0,0
1631114,0.06222363897468779,-0.07069491069902584,0.12623368302603613,0.006684866647677494,0,0
1641717,-0.06552514799903159,0.01785244068057551,-0.09074126585247887,0.007363677172871773,0,0
1629636,0.025161051318463325,0.06934215351431891,-0.04227957178271042,-0.0019015304131451659,0,0
1628983,-0.015338966826658692,0.030314213552555397,-0.05485128106416755,0.00919810068495346,0,0
1631114,0.09622895437918533,-0.07069491069902584,0.160000639302334,0.006923225775877175,0,0
1641717,-0.06641269311790281,0.01785244068057551,-0.09175913924390397,0.0074940054454256475,0,0
1628983,-0.005260171759398392,0.030314213552555397,-0.04415784443891366,0.008583459126959868,0,0
1631114,0.11959714946358646,-0.07069491069902584,0.1837680508111433,0.006524009351468987,0,0
1641717,-0.044817558511331304,0.01785244068057551,-0.07080701121547893,0.008137012023572119,0,0
1626181,0.07504297348126159,0.05621739307890883,0.017595170432239793,0.0012304099701129611,0,0
1627739,-0.06199473946343441,-0.021976788421234326,-0.04009375640496564,0.00007580536276554931,0,0
1627826,-0.10139824910248912,-0.05067124434132815,-0.05327974902639959,0.002552744265238619,0,0
1627884,0.043410642591223826,0.016980416439285773,0.028674906499851164,-0.002244680347913108,0,0
201935,0.03250594087268002,-0.027909675617648077,0.05906140204546671,0.0013542144448613867,0,0
1629014,-0.09194492002962522,-0.06764482365166598,-0.025349742336839075,0.001049645958879842,0,0
1629028,-0.008316569474760014,0.047438957982105415,-0.055226810335614614,-0.0005287171212508151,0,0
1631101,0.08368589141428877,-0.024968775106437788,0.10823884701035538,0.00041581951037117577,0,0
1641739,0.05125236169441068,-0.025625975180734364,0.07599306219601468,0.0008852746791303696,0,0
1626181,0.06728194800247378,0.05621739307890883,0.009889254402839682,0.0011753005207252754,0,0
1627739,-0.06713528628360795,-0.021976788421234326,-0.045286781660296815,0.00012828379792319543,0,0
1627826,-0.0954113190027668,-0.05067124434132815,-0.04792258451545775,0.0031825098540191085,0,0
1627884,0.04128315912257527,0.016980416439285773,0.025935342285370293,-0.001632599602080799,0,0
201935,0.009092874088766424,-0.027909675617648077,0.03590482902990948,0.0010977206765050236,0,0
1629028,0.01085342902883487,0.047438957982105415,-0.03705502310756807,0.00046949415429752657,0,0
1631101,0.042487072294471434,-0.024968775106437788,0.06653800446458992,0.0009178429363193051,0,0
1641739,0.043877235292992596,-0.025625975180734364,0.06836085001944618,0.0011423604542807788,0,0
1626181,0.06082793365198653,0.05621739307890883,0.003776004173930528,0.0008345363991471672,0,0
1627826,-0.08069637887998428,-0.05067124434132815,-0.03263406099180892,0.0026089264531527884,0,0
1627884,0.03379407801334077,0.016980416439285773,0.017732883189875478,-0.0009192216158204822,0,0
201935,-0.011351723122323657,-0.027909675617648077,0.015870394078741145,0.0006875584165832737,0,0
1629014,-0.06110153591881964,-0.06764482365166598,0.005868429959662998,0.0006748577731833477,0,0
1629028,0.012885543276620483,0.047438957982105415,-0.033028621178822486,-0.0015247935266624454,0,0
1629014,-0.08210028820352407,-0.06764482365166598,-0.015553007365511032,0.0010975428136529436,0,0
1629014,-0.06337510653592185,-0.06764482365166598,0.0033518466953115847,0.0009178704204325424,0,0
1629028,-0.016083788567286046,0.047438957982105415,-0.05994105988343307,-0.003581686665958395,0,0
1631101,0.06631513077207878,-0.024968775106437788,0.09183514019967037,-0.0005512343211538087,0,0
1641739,0.06113611860519326,-0.025625975180734364,0.08742095909440444,-0.0006588653084768065,0,0
1626181,0.057213392726406215,0.05621739307890883,-0.0010663464708059959,0.0020623461183033797,0,0
1627739,-0.11967778277615342,-0.021976788421234326,-0.09807486817304546,0.0003738738181263625,0,0
1627826,-0.11928715400292064,-0.05067124434132815,-0.0761816279235491,0.007565718261956589,0,0
1627884,0.05711273885299313,0.016980416439285773,0.041635077487804935,-0.0015027550740975744,0,0
201935,-0.018114452110845218,-0.027909675617648077,0.008390450558977596,0.00140477294782526,0,0
1629014,-0.04956136341520562,-0.06764482365166598,0.01733344518829474,0.0007500150481656179,0,0
1629028,-0.006588055605174877,0.047438957982105415,-0.049999216872452706,-0.004027796714827585,0,0
1631101,0.033810598592560644,-0.024968775106437788,0.05935312738251726,-0.0005737536835188281,0,0
1641739,0.05993170683212953,-0.025625975180734364,0.0866005794088108,-0.0010428973959469008,0,0
1626181,0.05116460528810173,0.05621739307890883,-0.006677544185536927,0.0016247563947298287,0,0
1627826,-0.10159346711086598,-0.05067124434132815,-0.05751053571866627,0.006588312949128438,0,0
1627884,0.04780113267594115,0.016980416439285773,0.03157296258718207,-0.0007522463505266891,0,0
201935,-0.03766599624362506,-0.027909675617648077,-0.010697773755717555,0.0009414531297405748,0,0
1629014,-0.03493633696835208,-0.06764482365166598,0.03213618518007214,0.0005723015032417615,0,0
1631101,-0.0006029299213101596,-0.024968775106437788,0.024963440796737693,-0.0005975956116100649,0,0
1641739,0.0586565597644573,-0.025625975180734364,0.08573201869406324,-0.0014494837488715803,0,0
1629014,-0.07607801768264755,-0.06764482365166598,-0.00955328523319255,0.001120091202210982,0,0
1629028,-0.030906244972981296,0.047438957982105415,-0.07470034855646968,-0.0036448543986170347,0,0
1631101,0.10728484562827756,-0.024968775106437788,0.13298869745693212,-0.0007350767222167763,0,0
1641739,0.0649936201524498,-0.025625975180734364,0.0910919501408442,-0.00047235480766003523,0,0
1626181,0.061763046371649116,0.05621739307890883,0.0026519855311536843,0.002893667761586604,0,0
1627739,-0.15490335441017267,-0.021976788421234326,-0.13341764272860396,0.0004910767396656213,0,0
1627826,-0.14917346835173925,-0.05067124434132815,-0.10867145756136135,0.010169233550950268,0,0
1627884,0.07385574871847043,0.016980416439285773,0.059290578988100265,-0.002415246708915606,0,0
201935,-0.0017493731741159957,-0.027909675617648077,0.02407184053440583,0.002088461909126252,0,0
1629028,-0.03927744201470808,0.047438957982105415,-0.07928742343284094,-0.00742897656397255,0,0
1641739,0.07693144722542522,-0.025625975180734364,0.1049624388739118,-0.00240501646775221,0,0
1626181,0.05065735550224283,0.05621739307890883,-0.008931328162878425,0.0033712905862124274,0,0
1627739,-0.1888912121199538,-0.021976788421234326,-0.1675836476623327,0.0006692239636132097,0,0
1627826,-0.15897671602008642,-0.05067124434132815,-0.12144623482787324,0.013140763149114974,0,0
1627884,0.08160364002806153,0.016980416439285773,0.06654822426068559,-0.0019250006719098312,0,0
201935,-0.033413861806818906,-0.027909675617648077,-0.007597057849684119,0.002092871660513296,0,0
201935,-0.051254665976873955,-0.027909675617648077,-0.025079937406128183,0.001734947046902312,0,0
1629014,-0.01898886533058713,-0.06764482365166598,0.04808598584431387,0.0005699724767649801,0,0
1629014,-0.10599312589905903,-0.06764482365166598,-0.03917433744767696,0.0008260352002839172,0,0
1626181,0.045430351994384215,0.05621739307890883,-0.014329683038283223,0.003542641953758606,0,0
1627826,-0.15428332104938602,-0.05067124434132815,-0.11854022506426772,0.014928148356209849,0,0
1629014,-0.07384922317372412,-0.06764482365166598,-0.006831297492191496,0.0006268979701333539,0,0
1629028,-0.013736211663338424,0.047438957982105415,-0.05601042871482135,-0.005164740930622491,0,0
1631101,-0.004071344812091678,-0.024968775106437788,0.02176033608138172,-0.000862905787035609,0,0
1627734,0.06152607326978265,0.08000020758694414,-0.02601725715766412,0.00754312284050263,0,0
1628368,0.06731553667456847,-0.03895860884235473,0.10052813384868496,0.005746011668238231,0,0
1628370,-0.10666316409778377,-0.03142340189677833,-0.07932854336507526,0.004088781164069815,0,0
1631099,0.01115402771279427,-0.0414106679003816,0.046887631766295255,0.0056770638468806155,0,0
201942,-0.04115255559492891,0.003368077077970001,-0.0511433938098108,0.0066227611369118825,0,0
1628415,-0.0856009940212343,-0.05905330257546563,-0.027823629945499806,0.0012759384997311151,0,0
1630224,0.009778188745846388,-0.0226904719248296,0.03126471789046013,0.0012039427802158608,0,0
1630578,0.055919854128223104,0.04730956355131233,0.006816391378569511,0.0017938991983412627,0,0
1627734,0.05482643306364078,0.08000020758694414,-0.031904384737079156,0.0067306102137758,0,0
1628368,0.050487933774511724,-0.03895860884235473,0.08407004080638009,0.0053765018104863695,0,0
1628370,-0.10910871792004546,-0.03142340189677833,-0.08141811597884693,0.0037327999555798043,0,0
1631099,0.018337208673075825,-0.0414106679003816,0.0546526261215743,0.005095250451883122,0,0
201942,-0.030343851392388408,0.003368077077970001,-0.039622481952912715,0.005910553482554305,0,0
1628415,-0.07675674674394002,-0.05905330257546563,-0.01841525334374178,0.0007118091752673893,0,0
1630224,0.0010417791078311085,-0.0226904719248296,0.023060298098404756,0.0006719529342559506,0,0
1630578,0.05270226371765857,0.04730956355131233,0.004436418196851725,0.0009562819694945126,0,0
1627734,0.052286692047072425,0.08000020758694414,-0.033390643670472335,0.005677128130600628,0,0
1628370,-0.11416623746857951,-0.03142340189677833,-0.08606127910826152,0.003318443536460323,0,0
1630224,-0.0041076660630217044,-0.0226904719248296,0.018542061359194055,0.00004074450261383871,0,0
1628368,0.01621873074869441,-0.03895860884235473,0.050569676714490835,0.004607662876558306,0,0
1631099,0.03314629571106493,-0.0414106679003816,0.07066379959743667,0.0038931640140098577,0,0
1628368,0.06241021000177133,-0.03895860884235473,0.09541330308365213,0.005955515760473925,0,0
1631099,0.009740604451211311,-0.0414106679003816,0.04530923262051976,0.005842039731073154,0,0
201942,-0.0409524006098104,0.003368077077970001,-0.05117471841460591,0.006854240726825512,0,0
1630578,0.055568628597983574,0.04730956355131233,0.006895638932453513,0.001363426114217734,0,0
1627734,0.038389004744476464,0.08000020758694414,-0.049389550152339236,0.007778347309871564,0,0
1628368,0.032058854706048995,-0.03895860884235473,0.0647450439739759,0.006272419574427825,0,0
1628370,-0.0982582663941772,-0.03142340189677833,-0.0708341488910483,0.003999284393649436,0,0
201942,-0.03060408637365664,0.003368077077970001,-0.040903004018262516,0.006930840566635874,0,0
1630578,0.05224005924510229,0.04730956355131233,0.005181619105532656,-0.00025112341174269323,0,0
1630578,0.0510610850245897,0.04730956355131233,0.00474098518963444,-0.00098946371635707,0,0
1627734,0.014961319087921178,0.08000020758694414,-0.07293191257720363,0.007893024078180676,0,0
1628368,-0.004568889028605313,-0.03895860884235473,0.027657478937380568,0.006732240876368852,0,0
1628370,-0.09043208983294015,-0.03142340189677833,-0.06287106164078522,0.003862373704623384,0,0
201942,-0.018835633992380838,0.003368077077970001,-0.029334107033619522,0.007130395963268681,0,0
1630578,0.047398819952661896,0.04730956355131233,0.0017892076590904568,-0.0016999512577408912,0,0
1628415,-0.09991195068651375,-0.05905330257546563,-0.04134684752644642,0.00048819941539830753,0,0
1630224,0.049356341271284035,-0.0226904719248296,0.07158289158258892,0.0004639216135247183,0,0
1630578,0.05685688723227197,0.04730956355131233,0.009332955858401453,0.00021436782255818858,0,0
1627734,0.04003162331240625,0.08000020758694414,-0.04842828815561728,0.008459703881079398,0,0
1628368,0.0398083342537677,-0.03895860884235473,0.07211816445420272,0.006648778641919723,0,0
1628370,-0.09498723385034916,-0.03142340189677833,-0.06783110806107868,0.004267276107507845,0,0
1631099,0.006236062460345578,-0.0414106679003816,0.04133148441268137,0.006315245948045809,0,0
201942,-0.03749964336498095,0.003368077077970001,-0.048411957718363104,0.007544237275412151,0,0
1628415,-0.09372151318379963,-0.05905330257546563,-0.03440019472075946,-0.0002680158875745397,0,0
1630224,0.04864758605196317,-0.0226904719248296,0.07158666543219944,-0.0002486074554066656,0,0
1630578,0.053697551988657194,0.04730956355131233,0.007383547478510777,-0.000995559041165909,0,0
1627734,0.005754223127614495,0.08000020758694414,-0.08421938884487698,0.009973404385547339,0,0
1628370,-0.07607928935526573,-0.03142340189677833,-0.04922730874799396,0.004571421289506563,0,0
1631099,-0.0020195291335562277,-0.0414106679003816,0.03202119593935169,0.007369942827473684,0,0
201942,-0.0321323685118482,0.003368077077970001,-0.04456151061282298,0.009061065023004775,0,0
1628415,-0.08843601535646453,-0.05905330257546563,-0.028387762779716462,-0.0009949500012824339,0,0
1630224,0.04925822476303145,-0.0226904719248296,0.07288217274650094,-0.0009334760586398972,0,0
1630578,0.0507960379247542,0.04730956355131233,0.005655338847325017,-0.0021688644738831458,0,0
1627734,0.011521644962747594,0.08000020758694414,-0.07691130480927817,0.00843274218508163,0,0
1628368,-0.006016755595497228,-0.03895860884235473,0.025832194232756598,0.007109659014100907,0,0
1628415,-0.07066499522650065,-0.05905330257546563,-0.01129252424571942,-0.00031916840531560106,0,0
1630224,0.004635330739046914,-0.0226904719248296,0.0276250181599653,-0.0002992154960887869,0,0
1628368,-0.00012991111811152048,-0.03895860884235473,0.03322407914947062,0.005604618574772593,0,0
1631099,0.025132834805831283,-0.0414106679003816,0.061785441498295186,0.004758061207917696,0,0
1627734,0.1206821664598764,0.08000020758694414,0.03197433941583935,0.008707619457092912,0,0
1628368,0.11279473087934622,-0.03895860884235473,0.14453625824155109,0.007217081480149862,0,0
1628370,-0.11771862647101324,-0.03142340189677833,-0.09049546817027784,0.00420024359604294,0,0
1631099,0.014042985646039528,-0.0414106679003816,0.048832133239977024,0.006621520306444105,0,0
201942,-0.002188168599412406,0.003368077077970001,-0.01335854569557497,0.007802300018192564,0,0
1627734,0.1181676964981993,0.08000020758694414,0.030502869128549593,0.0076646197827055715,0,0
1628368,0.10093206603322293,-0.03895860884235473,0.1332497122756654,0.0066409625999122625,0,0
1628370,-0.12272582244194992,-0.03142340189677833,-0.09509243067153904,0.0037900101263674364,0,0
1631099,0.022596606846794716,-0.0414106679003816,0.058128809773526295,0.005878464973650022,0,0
201942,0.008367337871922507,0.003368077077970001,-0.0018640704161902236,0.00686333121014273,0,0
1628415,-0.12487753710584533,-0.05905330257546563,-0.06658252725542517,0.0007582927250454749,0,0
1630224,-0.09399621216077057,-0.0226904719248296,-0.07184532982314927,0.0005395895872083075,0,0
1630578,0.05038981568250596,0.04730956355131233,0.0019181536408778115,0.001162098490315816,0,0
1627734,0.0950938056101212,0.08000020758694414,0.0071675477491330054,0.00792605027404406,0,0
1628368,0.06597344097038496,-0.03895860884235473,0.09775020395788815,0.007181845854851545,0,0
1628370,-0.11419511579434993,-0.03142340189677833,-0.08648253462712864,0.0037108207295570347,0,0
1631099,0.023051519233011342,-0.0414106679003816,0.0584122833580715,0.006049903775321445,0,0
201942,0.018650593362759225,0.003368077077970001,0.00808751346381572,0.007195002820973505,0,0
1628415,-0.11433765147496039,-0.05905330257546563,-0.055701601890748506,0.00041725299125375416,0,0
1630224,-0.1093632708794211,-0.0226904719248296,-0.08689022547072708,0.00021742651613557,0,0
1630578,0.047386957236451185,0.04730956355131233,-0.000658172844038343,0.0007355665291771997,0,0
1628368,0.0763662158669546,-0.03895860884235473,0.1098769203533464,0.005447904355962943,0,0
1628370,-0.13309499560588467,-0.03142340189677833,-0.10461207010254275,0.0029404763934364106,0,0
1631099,0.040309909845946505,-0.0414106679003816,0.07738087208244918,0.004339705663878931,0,0
201942,0.030226253534420565,0.003368077077970001,0.021939312813128626,0.004918863643321941,0,0
1628368,0.06155485763874502,-0.03895860884235473,0.09444168196002968,0.006071784521070071,0,0
1628370,-0.12537484265554147,-0.03142340189677833,-0.09705756000036682,0.0031061192416036755,0,0
1631099,0.036138412894972514,-0.0414106679003816,0.07272042179313108,0.004828659002223033,0,0
201942,0.03091158688351541,0.003368077077970001,0.021937756890436796,0.005605752915108611,0,0
1641783,-0.10999313721350859,-0.14348205226441338,0.03607495030043429,-0.0025860352495294912,0,0
203484,0.06898561208522169,0.0035924743592057225,0.06446217059384232,0.0009309671321736554,0,0
1627759,0.020052309470941686,-0.07392890871574243,0.08985461841278135,0.004126599773902765,0,0
1628369,0.08349399853831375,0.07117948148028752,0.007871963791373122,0.004442553266653123,0,0
1628401,-0.134562839812084,-0.03639282058705992,-0.1010608833740041,0.0028908641489800097,0,0
201950,-0.18606838038637036,-0.1303239493862845,-0.05651895458876225,0.0007745235886763767,0,0
1641783,-0.09999564343302807,-0.14348205226441338,0.0441481947241167,-0.0006617858927313809,0,0
203484,0.04705847462332682,0.0035924743592057225,0.04278564009152178,0.0006803601725993082,0,0
1627759,-0.0033591968163218947,-0.07392890871574243,0.06566557972009507,0.004904132179325462,0,0
1628401,-0.10257789347642728,-0.03639282058705992,-0.06789622062306921,0.0017111477337018585,0,0
201143,0.08663358352352987,0.02091468594719257,0.06822964684121742,-0.0025107492648801183,0,0
1628369,0.07462275341933772,0.07117948148028752,-0.00005722801509343463,0.0035004999541436354,0,0
201143,0.02736160772590073,0.02091468594719257,0.00840138151900789,-0.001954459740299728,0,0
1628369,0.07277917662214402,0.07117948148028752,-0.003810419218989524,0.005410114360846022,0,0
201143,0.14409502492359658,0.02091468594719257,0.12623838250118313,-0.0030580435247791185,0,0
1641783,-0.09186429373140298,-0.14348205226441338,0.0522333868632929,-0.0006156283302824973,0,0
203484,0.05257413817312468,0.0035924743592057225,0.04820739059623831,0.0007742732176806499,0,0
1627759,0.0006511816031360652,-0.07392890871574243,0.06977111456768814,0.004808975751190349,0,0
1628369,0.07511773850432403,0.07117948148028752,-0.000550711641247109,0.00448896866528362,0,0
1628401,-0.10712907716195846,-0.03639282058705992,-0.07263817560578685,0.0019019190308883138,0,0
201950,-0.18376621724461806,-0.1303239493862845,-0.05427202377902453,0.0008297559206909655,0,0
203484,0.03255259785731203,0.0035924743592057225,0.02842471776514717,0.0005354057329591399,0,0
1627759,-0.018336969703878696,-0.07392890871574243,0.050854856071407356,0.004737082940456373,0,0
1628369,0.07209381265831677,0.07117948148028752,-0.0031271341981613607,0.004041465376190613,0,0
1628401,-0.09832473458369202,-0.03639282058705992,-0.06308597828014315,0.0011540642835110452,0,0
201950,-0.17655801246051372,-0.1303239493862845,-0.046897579718912105,0.0006635166446829037,0,0
1627759,0.03689858110875391,-0.07392890871574243,0.10419674284200858,0.006630746982487753,0,0
1628369,0.06910803102724593,0.07117948148028752,-0.008537173167060142,0.0064657227140185475,0,0
1628401,-0.08284329813128302,-0.03639282058705992,-0.04927894247460192,0.002828464930378815,0,0
201950,-0.20880985445436603,-0.1303239493862845,-0.08013465731601638,0.0016487522479348424,0,0
1641783,-0.03694829935749187,-0.14348205226441338,0.10599750480683426,0.0005362481000872482,0,0
203484,0.07690941804916081,0.0035924743592057225,0.07207310616478152,0.0012438375251735637,0,0
1627759,0.016287319735880955,-0.07392890871574243,0.08331410811784687,0.00690212033377651,0,0
1628369,0.0633817081083849,0.07117948148028752,-0.014010571747450016,0.0062127983755473955,0,0
1628401,-0.06476274038615652,-0.03639282058705992,-0.03028266947697785,0.001912749677881263,0,0
201950,-0.20332596491050414,-0.1303239493862845,-0.07457437323572808,0.00157235771150842,0,0
1641783,-0.01410309422171527,-0.14348205226441338,0.12656243791902216,0.0028165201236759457,0,0
203484,0.05934522851085348,0.0035924743592057225,0.05466663164423251,0.0010861225074152484,0,0
1627759,-0.005168495326456051,-0.07392890871574243,0.06198918214131981,0.006771231247966567,0,0
201143,0.07439344812763488,0.02091468594719257,0.05854678891891333,-0.005068026738471031,0,0
1627759,-0.02483482934912514,-0.07392890871574243,0.042601990280164134,0.006492089086453151,0,0
201143,0.021701976780004604,0.02091468594719257,0.005855339927965453,-0.005068049095153417,0,0
1628369,0.10486372976785639,0.07117948148028752,0.026854888332579097,0.006829359954989769,0,0
1628401,-0.026193687489399282,-0.03639282058705992,0.009571744338446389,0.0006273887592142509,0,0
201143,0.14235140082941086,0.02091468594719257,0.12876343498349563,-0.00732672010127732,0,0
201950,-0.22155415164289644,-0.1303239493862845,-0.09317472977234344,0.001944527515731494,0,0
1641783,-0.01160569443798198,-0.14348205226441338,0.13094905821471847,0.000927299611712927,0,0
1627759,0.011552398606744174,-0.07392890871574243,0.0767705994015187,0.008710707920967897,0,0
1628369,0.10049029764212315,0.07117948148028752,0.022828290640418816,0.006482525521416819,0,0
1628401,-0.012748753787762733,-0.03639282058705992,0.023845410438745218,-0.00020134363944803065,0,0
201143,0.0880568184547974,0.02091468594719257,0.07498452825046736,-0.00784239574286253,0,0
201950,-0.21525511774219935,-0.1303239493862845,-0.08675572677603748,0.001824558420122622,0,0
1641783,-0.0017183615622741954,-0.14348205226441338,0.13890363503872838,0.0028600556634108044,0,0
1630162,0.04489656470663127,-0.003657955364390165,0.04536968249458194,0.0031848375764394915,0,0
1630183,-0.07281932968080067,-0.06508004061994509,-0.009322515486026632,0.0015832264251710389,0,0
201144,0.03765720711499376,0.026524311145479974,0.01442338511394873,-0.0032904891444349425,0,0
203497,-0.019186844349102047,0.030106726822793445,-0.054681151801185345,0.0053875806292898515,0,0
203944,-0.03611898384972633,-0.0001736325575457734,-0.03740049445201089,0.0014551431598303333,0,0
1628384,0.006748996557423625,0.015880971613176524,-0.015028397036656621,0.005896421980903722,0,0
1628404,0.03638912689639821,-0.015580742399586785,0.04487632545340017,0.007093543842584826,0,0
1628969,0.0422314295711434,0.003904815770958678,0.030379896952807666,0.007946716847377047,0,0
1628973,-0.05981830588196798,-0.08994792019704327,0.026636351253156526,0.0034932630619187678,0,0
1630162,0.01963053127633503,-0.003657955364390165,0.022038726698046407,0.0012497599426787877,0,0
1630183,-0.047162313058609344,-0.06508004061994509,0.017776865685387503,0.0001408618759482402,0,0
201144,0.022717582402633538,0.026524311145479974,-0.003106975865369007,-0.0006997528774774281,0,0
203497,0.014342946773222056,0.030106726822793445,-0.016839365824803283,0.0010755857752318952,0,0
203944,-0.008919510903062804,-0.0001736325575457734,-0.008953880024411512,0.000208001678894481,0,0
1628384,0.04294130979532008,0.015880971613176524,0.024128362805800448,0.002931975376343104,0,0
1628404,0.034423857563827376,-0.015580742399586785,0.046956692376287086,0.0030479075871270734,0,0
1628969,0.027328932048394143,0.003904815770958678,0.019042736668534743,0.004381379608900722,0,0
1628973,-0.04741896403492975,-0.08994792019704327,0.04073296397047615,0.0017959921916373771,0,0
1630162,0.013891581763046983,-0.003657955364390165,0.0162672133906055,0.0012823237368316497,0,0
203497,0.008568995523267365,0.030106726822793445,-0.024197426786764474,0.0026596954872383943,0,0
1628384,0.051997822360922166,0.015880971613176524,0.034046944047836813,0.002069906699908829,0,0
1628969,0.00530515006953549,0.003904815770958678,-0.0018659593979547702,0.003266293696531582,0,0
1628973,-0.046230544517539565,-0.08994792019704327,0.042333654108884344,0.0013837215706193604,0,0
1628404,0.049970599629396664,-0.015580742399586785,0.06128600944660351,0.00426533258237995,0,0
203497,-0.012149316717322587,0.030106726822793445,-0.04684264967828576,0.004586606138169729,0,0
1628404,0.03255810152417443,-0.015580742399586785,0.04038766552066908,0.0077511784030921335,0,0
1630162,0.020529787029322427,-0.003657955364390165,0.0226004028751755,0.0015873395185370934,0,0
1630183,-0.06899711799172337,-0.06508004061994509,-0.004707536037130416,0.000790458665352147,0,0
201144,0.03209632528387596,0.026524311145479974,0.0072136981687389926,-0.001641684030343008,0,0
203944,-0.01810426987335146,-0.0001736325575457734,-0.018656923719857204,0.0007262864040515182,0,0
1628384,0.03811122529901231,0.015880971613176524,0.018975832707078227,0.003254420978757557,0,0
1628404,0.029895780689244998,-0.015580742399586785,0.041850050148467606,0.003626472940364179,0,0
1628969,0.018186074580985218,0.003904815770958678,0.009559702846865133,0.004721555963161408,0,0
1628973,-0.0502385207293223,-0.08994792019704327,0.037679325235987694,0.0020300742317332777,0,0
1630162,0.013386354793694105,-0.003657955364390165,0.015647375509938423,0.0013969346481458467,0,0
1630183,-0.08951568983616673,-0.06508004061994509,-0.02561247501524551,0.0011768257990238658,0,0
201144,0.03961649319595547,0.026524311145479974,0.015129360455097407,-0.00203717840462191,0,0
203944,-0.021321491589545907,-0.0001736325575457734,-0.022150620287827882,0.00100276125582775,0,0
1628384,0.05010688384920359,0.015880971613176524,0.03204467096850096,0.0021812412675261093,0,0
1628404,0.023311137554928155,-0.015580742399586785,0.0365584293497274,0.002333450604787537,0,0
1628969,-0.0005408030842418174,0.003904815770958678,-0.007817470294118828,0.003371851438918333,0,0
1628973,-0.0475715485871091,-0.08994792019704327,0.040899467272797994,0.0014769043371361773,0,0
1630162,0.04034302508063898,-0.003657955364390165,0.04128942923673165,0.0027115512082974908,0,0
1630183,-0.05849864910615228,-0.06508004061994509,0.005535393060787514,0.001045998453005294,0,0
201144,0.03086434994508943,0.026524311145479974,0.006769789431501565,-0.0024297506318921107,0,0
203497,-0.009611723140527198,0.030106726822793445,-0.04365264661402425,0.003934196650703608,0,0
203944,-0.027408753643010365,-0.0001736325575457734,-0.028245859747335917,0.0010107386618713253,0,0
1628384,0.021105135028499505,0.015880971613176524,0.0004196312122140833,0.004804532203108896,0,0
1628404,0.041108071297553776,-0.015580742399586785,0.05124438673960021,0.00544442695754035,0,0
1628969,0.049097405702108604,0.003904815770958678,0.03850441848759677,0.006688171443553156,0,0
1628973,-0.053562974965647214,-0.08994792019704327,0.033573616201308054,0.002811329030088001,0,0
1630162,0.027723077254607608,-0.003657955364390165,0.02924226499643838,0.0021387676225593935,0,0
1630183,-0.07634124640987816,-0.06508004061994509,-0.012463438741567912,0.00120223295163484,0,0
201144,0.03636637981701863,0.026524311145479974,0.012222945766191097,-0.002380877094652444,0,0
203497,-0.0040320511827616895,0.030106726822793445,-0.03805732868890355,0.003918550683348412,0,0
203944,-0.025863536906602574,-0.0001736325575457734,-0.02677214969741467,0.001082245348357868,0,0
1628384,0.03542781416846355,0.015880971613176524,0.016036993820548937,0.0035098487347380827,0,0
1628404,0.032374186030964536,-0.015580742399586785,0.04404732053100413,0.003907607899547189,0,0
1628969,0.024711639611758155,0.003904815770958678,0.015754872051750916,0.0050519517890485624,0,0
1628973,-0.050590645030771236,-0.08994792019704327,0.037205046676459345,0.00215222848981269,0,0
1630162,0.01593862741869199,-0.003657955364390165,0.017983192229222778,0.0016133905538593786,0,0
203944,-0.02471067791951775,-0.0001736325575457734,-0.02570279237154373,0.0011657470095717518,0,0
1628384,0.029717290933624456,0.015880971613176524,0.010057537109214792,0.0037787822112331404,0,0
1628969,-0.003178891352728623,0.003904815770958678,-0.012329710265029565,0.005246003141342264,0,0
201144,0.02302057058289883,0.026524311145479974,0.0012773086088386874,-0.0047810491714198305,0,0
203497,-0.10470272143419468,0.030106726822793445,-0.14298714090507877,0.008177692648090651,0,0
1628404,0.06271415536540115,-0.015580742399586785,0.07226229550318423,0.0060326022618037,0,0
1628973,0.008599349870125268,-0.08994792019704327,0.09565143035649672,0.002895839710671823,0,0
1630162,0.06298884723222074,-0.003657955364390165,0.06392045937456642,0.002726343222044492,0,0
1630183,-0.12074336419747236,-0.06508004061994509,-0.05868812659743212,0.0030248030199048425,0,0
203497,-0.10126637239847616,0.030106726822793445,-0.13971154256704216,0.008338443345772549,0,0
203944,-0.058561516722307194,-0.0001736325575457734,-0.060850996407849904,0.0024631122430884807,0,0
1628384,0.034992145965154486,0.015880971613176524,0.01636189880559991,0.00274927554637805,0,0
1628404,0.05779055398392918,-0.015580742399586785,0.0700816017073281,0.003289694676187864,0,0
1628969,-0.04018152331635569,0.003904815770958678,-0.04810989455339859,0.004023555466084225,0,0
1628973,0.016224664396770807,-0.08994792019704327,0.10443393532531324,0.0017386492685008393,0,0
1630162,0.058893094152734644,-0.003657955364390165,0.0595556291172296,0.0029954203998952054,0,0
1630183,-0.1619583527826184,-0.06508004061994509,-0.10096678823925473,0.004088476076581408,0,0
203497,-0.11235967676235105,0.030106726822793445,-0.15327030648288462,0.010803902897740122,0,0
203944,-0.07197241733562076,-0.0001736325575457734,-0.07508750081882419,0.0032887160407492027,0,0
1628384,0.051268656065209334,0.015880971613176524,0.034050413529673654,0.0013372709223591571,0,0
1628404,0.05174668307273917,-0.015580742399586785,0.06581551245964024,0.0015119130126857246,0,0
1628969,-0.05887427918333756,0.003904815770958678,-0.06505312937131988,0.002274034417023636,0,0
1628973,0.020546251314531506,-0.08994792019704327,0.10951066854028982,0.0009835029712849603,0,0
1627750,-0.018403911955592208,-0.03014140490914336,0.009916172028273686,0.0018213209252774662,0,0
1629008,0.07772143997193943,0.05813335891572116,0.01787826327048287,0.001709817785735413,0,0
1631128,-0.01499360547176129,0.03337573042390037,-0.050196494223529696,0.0018271583278680337,0,0
203999,0.03474773149398276,0.043673680008429326,-0.011649167540617044,0.002723219026170485,0,0
1628389,0.04206181363857596,0.0068596821754781274,0.03099093759752916,0.004211193865568671,0,0
1629312,-0.06220747961170441,-0.024261033140122328,-0.03606170109792349,-0.0018847453736585901,0,0
1629639,0.013271244423103274,0.04369893373805239,-0.034354513923421565,0.003926824608472447,0,0
1627750,-0.0415532320033962,-0.03014140490914336,-0.01381449470864781,0.0024026676143949688,0,0
1629008,0.0862121436366977,0.05813335891572116,0.02586789867633111,0.0022108860446454375,0,0
1631128,-0.011784596287914997,0.03337573042390037,-0.04741356209992542,0.002253235388110052,0,0
203999,0.03585252266463505,0.043673680008429326,-0.011130637139067288,0.0033094797952730177,0,0
1628389,0.05566340421996696,0.0068596821754781274,0.0465930012016539,0.0022107208428349422,0,0
1629639,0.033181243293338256,0.04369893373805239,-0.013300106548884269,0.00278241610417013,0,0
203999,0.03874728873134098,0.043673680008429326,-0.007411148061578277,0.0024847567844899325,0,0
1628389,0.04817411171216078,0.0068596821754781274,0.03946030634031677,0.0018541231963658815,0,0
1627750,-0.06947099463100449,-0.03014140490914336,-0.04181685671249329,0.002487266990632161,0,0
203999,0.03962216068329796,0.043673680008429326,-0.007188041194412815,0.0031365218692814534,0,0
1627750,-0.046813033458856956,-0.03014140490914336,-0.020322103212635792,0.0036504746629221945,0,0
1629008,0.10073914793815937,0.05813335891572116,0.03924558824982017,0.003360200772618041,0,0
1626179,-0.03817225675564579,-0.012918568695030563,-0.0267861391345752,0.0015324510739599755,0,0
1629639,0.029299434968154854,0.04369893373805239,-0.017895115957804252,0.003495617187906714,0,0
1627750,-0.0483890843244676,-0.03014140490914336,-0.02113539031659123,0.0028877109012669915,0,0
1629008,0.09225778331522291,0.05813335891572116,0.03147474145059475,0.0026496829489069907,0,0
1631128,-0.017759153229506313,0.03337573042390037,-0.053816517789852136,0.00268163413644545,0,0
1626179,-0.044208320929158954,-0.012918568695030563,-0.03277138336941598,0.001481631135287582,0,0
1628389,0.05904061212289188,0.0068596821754781274,0.04999938669394517,0.002181543253468585,0,0
1627750,-0.05667706748568696,-0.03014140490914336,-0.029158562236730093,0.0026228996601864946,0,0
1631128,-0.006163317580945993,0.03337573042390037,-0.04191657172902925,0.0023775237241828876,0,0
203999,0.037205155023112356,0.043673680008429326,-0.00993324829498455,0.0034647233096675788,0,0
1628389,0.0605131395942156,0.0068596821754781274,0.05257658173015827,0.0010768756885791955,0,0
1629639,0.04337747655259709,0.04369893373805239,-0.00237868869400594,0.002057231508550639,0,0
1627750,-0.06921819777906056,-0.03014140490914336,-0.04159039469730293,0.002513601827385729,0,0
1631128,0.004946262221868487,0.03337573042390037,-0.030628190100319877,0.0021987218982879916,0,0
203999,0.039480885018798456,0.043673680008429326,-0.007369566498673048,0.0031767715090421805,0,0
1628389,0.0766465308557594,0.0068596821754781274,0.06734470897344684,0.0024421397068344316,0,0
1629312,-0.05413059185090395,-0.024261033140122328,-0.03000521347795696,0.00013565476717533782,0,0
1629639,0.0394646572312744,0.04369893373805239,-0.0077529076612087265,0.00351863115443074,0,0
1627750,-0.06064810067633575,-0.03014140490914336,-0.0345116585064143,0.004004962739221903,0,0
1629008,0.10589316715202214,0.05813335891572116,0.044093604410979766,0.0036662038253212257,0,0
1631128,-0.03393848342212046,0.03337573042390037,-0.07100299488283439,0.0036887810368135543,0,0
203999,0.032325037477198865,0.043673680008429326,-0.01674432875650016,0.005395686225269698,0,0
1628389,0.07191205067677224,0.0068596821754781274,0.063347443667966,0.0017049248333281066,0,0
1629312,-0.05509240027100778,-0.024261033140122328,-0.03146872725480032,0.0006373601239148779,0,0
1629639,0.043091515005690265,0.04369893373805239,-0.0034433918328162956,0.0028359731004541614,0,0
1627750,-0.061728471440095675,-0.03014140490914336,-0.03488090244332982,0.0032938359123775166,0,0
1629008,0.09795359357461164,0.05813335891572116,0.03681580231766935,0.003004432341221134,0,0
1631128,-0.017481305650240295,0.03337573042390037,-0.053852873582908176,0.0029958375087675094,0,0
203999,0.035295247194116475,0.043673680008429326,-0.012747698552343758,0.004369265738030908,0,0
1628389,0.0704123023054327,0.0068596821754781274,0.0626945377970383,0.0008580823329162718,0,0
1629312,-0.055306974198169524,-0.024261033140122328,-0.0323296071455256,0.0012836660874784118,0,0
1627750,-0.07419029291717316,-0.03014140490914336,-0.04724168799717626,0.003192799989146458,0,0
203999,0.03752665541270468,0.043673680008429326,-0.010240965871094285,0.004093941275369641,0,0
1626179,-0.05361187353631637,-0.012918568695030563,-0.042095763861588996,0.0014024590203031823,0,0
1628389,0.0568209845333094,0.0068596821754781274,0.04903308600497217,0.0009282163528590956,0,0
1626179,-0.003272768372388275,-0.012918568695030563,0.007951182251663937,0.0016946180709783505,0,0
1629639,0.11692840279281597,0.04369893373805239,0.07017432481463809,0.0030551442401254795,0,0
1627750,-0.05044608925756376,-0.03014140490914336,-0.026455192348607433,0.00615050800018703,0,0
1629008,0.11314541773422444,0.05813335891572116,0.04951024713525777,0.005501811683245506,0,0
1626179,-0.012211318618906473,-0.012918568695030563,-0.0008531222391733235,0.0015603723152974119,0,0
1629639,0.13029645963146044,0.04369893373805239,0.08439938898852521,0.002198136904882831,0,0
1627750,-0.0731740812187946,-0.03014140490914336,-0.04980842239354499,0.006775746083893745,0,0
1629008,0.12209664378767976,0.05813335891572116,0.05791897054113376,0.0060443143308248366,0,0
1626179,-0.022102931629663564,-0.012918568695030563,-0.010602465293406492,0.0014181023587734928,0,0
1628389,0.06322950728976225,0.0068596821754781274,0.056361863856914614,0.000007961257369502785,0,0
1629639,0.14451435163933016,0.04369893373805239,0.09957609843083753,0.0012393194704402267,0,0
1627750,-0.07969227455813202,-0.03014140490914336,-0.055647590040119876,0.006096720391131215,0,0
1631128,-0.06317596789426097,0.03337573042390037,-0.10176116739586372,0.00520946907770237,0,0
1626179,-0.029663896225959056,-0.012918568695030563,-0.01809977122968074,0.0013544436987522458,0,0
1627752,0.02810714352387777,-0.022259067502354315,0.052742230269543666,-0.002376019243311581,0,0
201572,-0.04109278909730915,-0.11802632038314417,0.07489226558963662,0.0020412656961984028,0,0
203081,0.012370190692628897,-0.02560582398645358,0.03296314348376547,0.0050128711953170025,0,0
203507,0.00565390414754253,0.1521501112345618,-0.15077302322586733,0.0042768161388480695,0,0
1627751,-0.029402680643518635,0.000686585549470679,-0.028830831909062778,-0.001258434283926536,0,0
1629628,-0.022653778408330272,-0.04819658666946869,0.026084893906079612,-0.0005420856449411952,0,0
1630567,-0.041741513121395936,-0.02060163297888298,-0.020650775799073796,-0.000489104343439161,0,0
1641711,0.057041443157158644,-0.030259534720405514,0.08723497193911671,0.00006600593844745065,0,0
1627752,-0.014531670557941261,-0.022259067502354315,0.011554475122655799,-0.0038270781782427446,0,0
201572,-0.04403002876111317,-0.11802632038314417,0.07136486908527377,0.002631422536757231,0,0
203081,0.031526145411680515,-0.02560582398645358,0.05137063462729075,0.005761334770843343,0,0
203507,-0.004204986648156607,0.1521501112345618,-0.1622616280690821,0.005906530186363694,0,0
1627751,-0.032249794139446515,0.000686585549470679,-0.03128822157743718,-0.0016481581114800169,0,0
1629628,-0.026908567779850047,-0.04819658666946869,0.0220163471603801,-0.0007283282707614592,0,0
1641711,0.03336622844247891,-0.030259534720405514,0.06359818565973908,0.000027577503145346625,0,0
203081,0.020474005428768444,-0.02560582398645358,0.04140091719766408,0.00467891221755794,0,0
203507,0.031274693948536714,0.1521501112345618,-0.12535405814124015,0.00447864085521507,0,0
203507,0.030581297573723895,0.1521501112345618,-0.1264709947334488,0.004902181072610909,0,0
1630567,-0.028797125340419373,-0.02060163297888298,-0.006064621565625615,-0.0021308707959107765,0,0
1630567,-0.05130669193048145,-0.02060163297888298,-0.028393921445308997,-0.0023111375062894743,0,0
201572,-0.02618958448571572,-0.11802632038314417,0.08810403179633833,0.0037327041010901275,0,0
203081,0.055190295267416235,-0.02560582398645358,0.07332243086863366,0.007473688385236155,0,0
1630567,-0.045539243182239314,-0.02060163297888298,-0.02231250331663187,-0.0026251068867244576,0,0
201572,-0.043952316889316834,-0.11802632038314417,0.07110446270516846,0.0029695407886588835,0,0
203081,0.041589053960740044,-0.02560582398645358,0.0609808973014819,0.006213980645711719,0,0
1629628,-0.01653705155332578,-0.04819658666946869,0.03383119924450138,-0.0021716641283584686,0,0
1630567,-0.037576794511154886,-0.02060163297888298,-0.014385142283527937,-0.0025900192487439667,0,0
1641711,0.028415892322719977,-0.030259534720405514,0.05874239517471654,-0.00006696813159105019,0,0
201572,-0.055057202511766934,-0.11802632038314417,0.060241473923578814,0.002727643947798423,0,0
203081,0.04011425817986263,-0.02560582398645358,0.059979486418855435,0.005740595747460775,0,0
203507,0.007690256396026724,0.1521501112345618,-0.1508299867071667,0.006370131868631646,0,0
1629628,-0.018296848126761737,-0.04819658666946869,0.0326227639842716,-0.002723025441564649,0,0
1630567,-0.03249840073482514,-0.02060163297888298,-0.00856174121456749,-0.0033350265413746687,0,0
1641711,0.0029584183929468096,-0.030259534720405514,0.03334787017869883,-0.00012991706534650467,0,0
203507,0.040337212459915735,0.1521501112345618,-0.11697143452437439,0.0051585357497283355,0,0
1627751,-0.07360684156257065,0.000686585549470679,-0.0702530718431581,-0.004040355268883236,0,0
1629628,-0.008131884819403268,-0.04819658666946869,0.041868451097969134,-0.0018037492479037142,0,0
1630567,-0.04789411949412138,-0.02060163297888298,-0.025264123602605902,-0.0020283629126324997,0,0
1641711,0.07518533488791553,-0.030259534720405514,0.10543592389839507,0.00000894570992597886,0,0
1627752,-0.018630456918024545,-0.022259067502354315,0.008292495984395151,-0.004663885400065381,0,0
201572,-0.03626910141973114,-0.11802632038314417,0.07864101840812161,0.0031162005552914226,0,0
203081,0.04199081051371305,-0.02560582398645358,0.06108278097873461,0.006513853521432012,0,0
203507,-0.025326642593095798,0.1521501112345618,-0.18453113548629163,0.007054381658634042,0,0
1629628,-0.015847478073339593,-0.04819658666946869,0.03401625771593556,-0.0016671491198064657,0,0
1630567,-0.04134149162816283,-0.02060163297888298,-0.018823331445400826,-0.0019165272038790223,0,0
1641711,0.04791825089481293,-0.030259534720405514,0.07819147086119756,-0.000013685245979114668,0,0
1627752,-0.0335164188255703,-0.022259067502354315,-0.007346980708534721,-0.0039103706146812675,0,0
201572,-0.05182930455452669,-0.11802632038314417,0.06364829237250584,0.002548723456111645,0,0
203081,0.03309569982898461,-0.02560582398645358,0.05315620628466957,0.005545317530768614,0,0
203507,0.007687150649860308,0.1521501112345618,-0.15029515480650538,0.005832194221803894,0,0
1629628,-0.022211162919116942,-0.04819658666946869,0.027693961714568144,-0.001708537964216399,0,0
1641711,0.02034102415832756,-0.030259534720405514,0.050648192300756775,-0.00004763342202370138,0,0
203507,0.017556911557141917,0.1521501112345618,-0.14067846161560527,0.006085261938185392,0,0
1630567,-0.031341872107300016,-0.02060163297888298,-0.006873704473107485,-0.0038665346553095527,0,0
201572,-0.07140660507730097,-0.11802632038314417,0.043266762206201695,0.0033529530996415104,0,0
203081,0.050768101776353304,-0.02560582398645358,0.06981736108230478,0.006556564680502099,0,0
1627751,-0.07793783589421886,0.000686585549470679,-0.07776252041191031,-0.000861901031779232,0,0
1630567,-0.08031349922989332,-0.02060163297888298,-0.05928804354629694,-0.00042382270471340625,0,0
1627752,0.042569949431049345,-0.022259067502354315,0.07020768887929175,-0.005378671945888093,0,0
201572,-0.08096697492188096,-0.11802632038314417,0.03377091781119761,0.0032884276500656155,0,0
203081,0.053793082919749755,-0.02560582398645358,0.07305792307173163,0.0063409838344717015,0,0
1627751,-0.09331194722976192,0.000686585549470679,-0.091849392928702,-0.002149139850530595,0,0
1629628,-0.0464836937930103,-0.04819658666946869,0.0027748071296093274,-0.0010619142531509427,0,0
1630567,-0.07392140879424174,-0.02060163297888298,-0.052079430570248914,-0.0012403452451098394,0,0
1641711,-0.013112363667603294,-0.030259534720405514,0.017222372573524245,-0.00007520152072202462,0,0
201572,-0.09442516673733949,-0.11802632038314417,0.0205529325453001,0.0030482211005045832,0,0
203081,0.05358799553705811,-0.02560582398645358,0.07335581512022313,0.0058380044032885605,0,0
203507,0.03280090587013007,0.1521501112345618,-0.1263029363145764,0.00695373095014468,0,0
1629012,0.0015049163375381366,-0.03277886804551184,0.035615606408124695,-0.0013318220250747182,0,0
1641718,0.0058681517767014985,-0.00812289953446401,0.013015660328924383,0.0009753909822411269,0,0
1630530,-0.07665993974312856,-0.08619119381787638,0.00578521851675037,0.0037460355579974477,0,0
203468,-0.023583866346545322,-0.030619005883800555,0.004253648520164665,0.0027814910170905673,0,0
1629012,0.03612011515007429,-0.03277886804551184,0.07046206791180987,-0.0015630847162237424,0,0
1641718,-0.003692597829310221,-0.00812289953446401,0.003485792972544678,0.0009445087326091113,0,0
1630530,-0.12662909515827853,-0.08619119381787638,-0.044159082587782096,0.0037211812473799443,0,0
203468,-0.12048218373370648,-0.030619005883800555,-0.09376872973302502,0.0039055518831190962,0,0
1629012,0.04437398164359134,-0.03277886804551184,0.07860832855670369,-0.001455478867600511,0,0
203468,-0.14872440958872962,-0.030619005883800555,-0.12181944032101805,0.0037140366160889975,0,0
1629012,0.04331268007707211,-0.03277886804551184,0.07724885235381096,-0.0011573042312270046,0,0
1630530,-0.11678342919631193,-0.08619119381787638,-0.03509838558959664,0.004506150211161077,0,0
1630530,-0.1146423730402091,-0.08619119381787638,-0.03236264334437335,0.003911464122040625,0,0
203468,-0.1065300795926655,-0.030619005883800555,-0.08002748901038512,0.004116415301520161,0,0
1630530,-0.11897040485965386,-0.08619119381787638,-0.03606314841562943,0.0032839373738519566,0,0
203468,-0.08339607223118414,-0.030619005883800555,-0.055360553381957285,0.0025834870345737026,0,0
1629012,0.00022704137706255445,-0.03277886804551184,0.03360289982062658,-0.0005969903980521847,0,0
1629012,0.04580620413491083,-0.03277886804551184,0.08069572985992693,-0.002110657679504258,0,0
1641718,0.003904411046749147,-0.00812289953446401,0.010650965856937686,0.0013763447242754717,0,0
1630530,-0.08907532914329087,-0.08619119381787638,-0.007061757365680417,0.004177622040265915,0,0
203468,-0.0697280605101594,-0.030619005883800555,-0.04331103242526619,0.004201977798907347,0,0
1629012,0.043434733642223396,-0.03277886804551184,0.07806083735719152,-0.0018472356694562864,0,0
1641718,-0.0007075363932146485,-0.00812289953446401,0.006262749817966651,0.0011526133232827114,0,0
1629012,0.03980534278734024,-0.03277886804551184,0.07429045557131513,-0.0017062447384630442,0,0
1641718,-0.002188673747002526,-0.00812289953446401,0.004884870467184759,0.0010493553202767256,0,0
203468,-0.0876133067661979,-0.030619005883800555,-0.0604553318869234,0.0034610310045260486,0,0
1641718,-0.006864467233045022,-0.00812289953446401,0.00048615548644820664,0.0007722768149707822,0,0
203468,-0.0971522050092922,-0.030619005883800555,-0.06937942484485848,0.0028462257193668334,0,0
1630530,-0.07071556590351455,-0.08619119381787638,0.011544003934962722,0.003931623979399116,0,0
1629012,0.027312934276207988,-0.03277886804551184,0.06072422868127104,-0.0006324263595512092,0,0
1641718,0.053965918774418496,-0.00812289953446401,0.06195311365299817,0.00013570465588434076,0,0
1630530,-0.0829874961460555,-0.08619119381787638,-0.00032355783032231994,0.0035272555021432003,0,0
203468,-0.18089745697155035,-0.030619005883800555,-0.15480959271180342,0.004531141624053638,0,0
1629012,0.012808533672979974,-0.03277886804551184,0.04574202444292695,-0.00015462272443513762,0,0
1641718,0.04986882178033279,-0.00812289953446401,0.05819054324833425,-0.00019882193353745091,0,0
1630530,-0.10390486524606173,-0.08619119381787638,-0.02097872744912472,0.0032650560209393662,0,0
203468,-0.2087659657513669,-0.030619005883800555,-0.18249223435186854,0.00434527448430218,0,0
1629012,0.008440101830815647,-0.03277886804551184,0.04111824339471379,0.0001007264816136991,0,0
1641718,0.04626400453472152,-0.00812289953446401,0.0547881410289323,-0.00040123695974676987,0,0
101108,0.04591209829956056,-0.03879192852168078,0.08510062161352731,-0.00039659479228596975,0,0
1641705,0.013254719009739102,-0.01153954384978884,0.0233668539313438,0.0014274089281841411,0,0
203084,-0.010545712388975517,0.008721889983792433,-0.017472911336509706,-0.0017946910362582444,0,0
1628991,0.044140660917229346,0.03357711018418833,0.011041612313756458,-0.0004780615807154457,0,0
1630217,-0.0010645366780764488,-0.02297208974102436,0.022242620267677496,-0.0003350672047295836,0,0
1642377,-0.018265599009250014,-0.012924811590355932,-0.003500231523212223,-0.001840555895681859,0,0
101108,0.024145148160852253,-0.03879192852168078,0.06371016593867711,-0.000773089256144075,0,0
1641705,-0.020161203941258074,-0.01153954384978884,-0.009968055837512306,0.0013463957460430704,0,0
203084,-0.005844597916511575,0.008721889983792433,-0.013059038077958243,-0.001507449822345765,0,0
1628991,0.05189396896130285,0.03357711018418833,0.018749126449042766,-0.0004322676719282515,0,0
1630217,-0.012111920598199597,-0.02297208974102436,0.011156901807709261,-0.0002967326648844981,0,0
1642377,-0.017101829947988752,-0.012924811590355932,-0.0033263540342900223,-0.0008506643233427988,0,0
1630217,-0.017021740668581378,-0.02297208974102436,0.006237303390829942,-0.0002869543183869566,0,0
1628991,0.024417795387555955,0.03357711018418833,-0.009177150800514839,0.000017836003882461494,0,0
1630217,-0.014840597296880259,-0.02297208974102436,0.008125229597720444,0.000006262846423659097,0,0
1642377,-0.019277739619161086,-0.012924811590355932,-0.003869150390383944,-0.0024837776384212112,0,0
101108,0.029274523511301703,-0.03879192852168078,0.06884861608851738,-0.0007821640555348944,0,0
1641705,-0.004790343299129352,-0.01153954384978884,0.005075227593780098,0.0016739729568793897,0,0
203084,-0.010938090113550309,0.008721889983792433,-0.018112062627739536,-0.001547917469603207,0,0
1628991,0.08682744915753188,0.03357711018418833,0.05407352064120698,-0.0008231816678634427,0,0
1630217,-0.0210444997093219,-0.02297208974102436,0.0024795947446250403,-0.0005520047129225793,0,0
1642377,-0.019512513764769167,-0.012924811590355932,-0.00667275325079297,0.00008505107637973353,0,0
101108,0.008334838222070916,-0.03879192852168078,0.04820969988709848,-0.0010829331433467853,0,0
1630217,-0.008471676441452322,-0.02297208974102436,0.014591560533682728,-0.00009114723411068914,0,0
1642377,-0.014930386024122394,-0.012924811590355932,-0.0007255777290081909,-0.001279996704758271,0,0
203084,0.003200717125134495,0.008721889983792433,-0.004322902226379584,-0.0011982706322783538,0,0
1628991,0.034685265506270914,0.03357711018418833,0.0011583057400945916,-0.000050150418012005766,0,0
1630217,-0.020673906854035605,-0.02297208974102436,0.0023333326690610895,-0.00003514978207233281,0,0
1642377,-0.01348507983272328,-0.012924811590355932,-0.00036718715979056397,-0.00019308108257678412,0,0
1628991,0.045250666248196875,0.03357711018418833,0.012201851786305297,-0.0005282957222967552,0,0
1630217,0.001237482908222808,-0.02297208974102436,0.02457984831682049,-0.00037027566757332235,0,0
1642377,-0.01882680259092015,-0.012924811590355932,-0.0038680316832695443,-0.0020339593172946707,0,0
101108,0.0427030349538314,-0.03879192852168078,0.08182776210511257,-0.0003327986296003917,0,0
1641705,-0.0008166939861535493,-0.01153954384978884,0.00968371106977109,0.0010391387938642007,0,0
203084,-0.00499045949267051,0.008721889983792433,-0.01192679908715352,-0.001785550389309423,0,0
1630217,-0.004594300043735305,-0.02297208974102436,0.018658870592324905,-0.00028108089503584976,0,0
1642377,-0.01740508685068915,-0.012924811590355932,-0.002936271277790989,-0.0015440039825422298,0,0
203084,-0.0005712058056171613,0.008721889983792433,-0.0077023240120566916,-0.0015907717773529027,0,0
1630217,-0.003486277431917209,-0.02297208974102436,0.01952257846424108,-0.00003676615513392641,0,0
1642377,-0.014616318986985653,-0.012924811590355932,0.00006908520355389984,-0.0017605926001836203,0,0
1641705,-0.056658862673317344,-0.01153954384978884,-0.04574451447665966,0.0006251956531311599,0,0
1641705,-0.061253388601262664,-0.01153954384978884,-0.04937908221245477,-0.00033476253901905894,0,0
203084,0.015903910209104605,0.008721889983792433,0.008835576877727291,-0.0016535566524151194,0,0
101108,0.11172559075061232,-0.03879192852168078,0.15104213997379054,-0.0005246207014974376,0,0
1641705,-0.02523186659912169,-0.01153954384978884,-0.013866546795735896,0.0001742240464030476,0,0
203084,-0.06749884574498928,0.008721889983792433,-0.07471580542652492,-0.0015049303022567876,0,0
1628991,-0.20640682895813628,0.03357711018418833,-0.2412804932706346,0.0012965541283100068,0,0
101108,0.1041716839649364,-0.03879192852168078,0.14347305274016592,-0.000509440253548731,0,0
1641705,-0.048007380125836656,-0.01153954384978884,-0.03615391624625683,-0.00031392002979099246,0,0
203084,-0.05992376324315787,0.008721889983792433,-0.0671998131198316,-0.0014458401071186999,0,0
1628991,-0.22161567280854172,0.03357711018418833,-0.25678094919654065,0.0015881662038106032,0,0
1630217,0.04617075806764191,-0.02297208974102436,0.06813348117978343,0.0010093666288828402,0,0
1642377,-0.09486055462995474,-0.012924811590355932,-0.07629604882115307,-0.005639694218445728,0,0
1642377,-0.09081406585690519,-0.012924811590355932,-0.07158316471661802,-0.0063060895499312195,0,0
1629652,-0.052427460135231585,-0.030513942026712152,-0.022975492365930363,0.0010619742574109348,0,0
1631114,-0.19268223930311537,-0.07069491069902584,-0.1214950943744804,-0.0004922342296091255,0,0
1641717,0.013259007321077276,0.01785244068057551,-0.00456786285217161,-0.00002557050732662464,0,0
1629023,-0.025630436144518605,-0.027051431577280946,-0.002998472856330067,0.00441946828909241,0,0
202681,-0.015035624060183543,-0.06588949779569958,0.045369953261026816,0.005483920474489222,0,0
202691,0.07112359446028076,-0.023289220166874666,0.09892197589069075,-0.004509161263535331,0,0
1629023,-0.027937678130343757,-0.027051431577280946,-0.00402788968941477,0.0031416431363519557,0,0
202681,-0.010205781234650092,-0.06588949779569958,0.05116679934925417,0.004516917211795317,0,0
1629023,-0.03176104478179358,-0.027051431577280946,-0.007055163823430635,0.0023455506189179933,0,0
202681,-0.010013382030481063,-0.06588949779569958,0.05199830741861134,0.003877808346607176,0,0
1641717,0.00762088628683475,0.01785244068057551,-0.010728112458261925,0.0004965580645211646,0,0
1631114,-0.051313819148210864,-0.07069491069902584,0.018434331998254748,0.0009467595525602271,0,0
1631114,-0.15609599971039773,-0.07069491069902584,-0.08680847454878389,0.0014073855374119942,0,0
202681,0.02585638022841326,-0.06588949779569958,0.08815924175255399,0.0035866362715588473,0,0
202691,0.15796657196302366,-0.023289220166874666,0.1833865326149918,-0.0021307404850934896,0,0
1629652,-0.060823517794696615,-0.030513942026712152,-0.030753374378286444,0.0004437986103019769,0,0
1629652,-0.0428950467148409,-0.030513942026712152,-0.01300378156399845,0.0006226768758697001,0,0
1631114,-0.14167736523524052,-0.07069491069902584,-0.07068091801370634,-0.0003015365225083217,0,0
1641717,0.015503552389183656,0.01785244068057551,-0.002315599999580918,-0.000033288291810935174,0,0
1629652,-0.037762005376570686,-0.030513942026712152,-0.007773650376790783,0.0005255870269322476,0,0
1631114,-0.1268877491981022,-0.07069491069902584,-0.05584983654021205,-0.0003430019588642942,0,0
1641717,0.018228470851854205,0.01785244068057551,0.0005294185327128272,-0.0001533883614341322,0,0
1629023,-0.057299900837728866,-0.027051431577280946,-0.03428622678831805,0.004037757527870134,0,0
202681,-0.050165262608074995,-0.06588949779569958,0.011005191226180119,0.004719043961444462,0,0
1631114,-0.1457125490264618,-0.07069491069902584,-0.07255836943130366,-0.002459268896132282,0,0
1641717,0.06125372689861641,0.01785244068057551,0.04604386619954391,-0.002642579981503011,0,0
1629023,-0.08178941045159059,-0.027051431577280946,-0.06048059104083214,0.005742612166522495,0,0
202681,-0.08915314620691796,-0.06588949779569958,-0.028849271657036792,0.005585623245818419,0,0
1629652,-0.02897728621796828,-0.030513942026712152,-0.00024724246870416397,0.0017838982774480373,0,0
1631114,-0.23104413543887356,-0.07069491069902584,-0.15846289814802877,-0.0018863265918189613,0,0
1641717,0.03837890866716209,0.01785244068057551,0.022069636375127894,-0.0015431683885413073,0,0
1629023,-0.024923194887048007,-0.027051431577280946,-0.0025497591606887353,0.004677995850921672,0,0
202681,-0.015728944684321497,-0.06588949779569958,0.04447729562932344,0.005683257482054643,0,0
202691,0.06853166164202444,-0.023289220166874666,0.09651797941247417,-0.004697097603575064,0,0
1629652,-0.026786595270810863,-0.030513942026712152,0.0025028743128447904,0.0012244724430564998,0,0
1631114,-0.17765312508038317,-0.07069491069902584,-0.10558959486808259,-0.0013686195132747358,0,0
1641717,0.03391022086861883,0.01785244068057551,0.01722157242242411,-0.001163792234380798,0,0
1629652,-0.03888301440446878,-0.030513942026712152,-0.008915862934916592,0.000546790557159969,0,0
1641717,0.017633373716328456,0.01785244068057551,-0.00009190735365016862,-0.00012715961059688583,0,0
1629023,-0.050906303779768326,-0.027051431577280946,-0.026219669010528045,0.002364796808040662,0,0
202681,-0.03272826711747638,-0.06588949779569958,0.029563560153123468,0.0035976705250997353,0,0
1629652,-0.03803266592540299,-0.030513942026712152,-0.007401943371665973,-0.00011678052702486578,0,0
1631114,-0.0688187611683116,-0.07069491069902584,0.0015477103166378309,0.00032843921407639184,0,0
1631114,-0.2252648980405599,-0.07069491069902584,-0.15501246505468785,0.0004424777131537709,0,0
1641717,0.034081320549739155,0.01785244068057551,0.015394961991488286,0.0008339178776753584,0,0
1629023,-0.08930627735107342,-0.027051431577280946,-0.06617811739408372,0.003923271620291238,0,0
202681,0.05444564177128694,-0.06588949779569958,0.11581294877620803,0.004522190790778494,0,0
202691,0.12506671240460795,-0.023289220166874666,0.1528561683820185,-0.004500235810535845,0,0
1629652,-0.1390242524944469,-0.030513942026712152,-0.10792218309189697,-0.0005881273758377775,0,0
1631114,-0.16370790144590566,-0.07069491069902584,-0.09428398002684765,0.0012709892799678281,0,0
1641717,0.023964310548118626,0.01785244068057551,0.004558417556455391,0.001553452311087726,0,0
1629023,-0.11459991107427663,-0.027051431577280946,-0.091916897621418,0.0043684181244223194,0,0
202681,0.02195494802159382,-0.06588949779569958,0.0833863759106336,0.004458069906659805,0,0
202691,0.06659066147954579,-0.023289220166874666,0.09488215681851732,-0.00500227517209687,0,0
1629652,-0.11653607636742971,-0.030513942026712152,-0.0853971424531399,-0.0006249918875776754,0,0
1631114,-0.13422296428155997,-0.07069491069902584,-0.06421582734129962,0.0006877737587654776,0,0
1641717,0.04012607526176462,0.01785244068057551,0.021569322759007848,0.0007043118221812658,0,0
1629023,-0.1420619659000691,-0.027051431577280946,-0.12029796948440201,0.0052874351616138595,0,0
202681,-0.01589675503895768,-0.06588949779569958,0.04528665350965032,0.004706089247091583,0,0
1630163,0.16114700684377373,0.1045184512243556,0.05568240005922192,0.0009461555601961881,0,0
1630182,-0.0003156273699854329,0.005510873315251616,-0.005726802470966229,-0.00009969821427081968,0,0
1629632,0.0095819966758029,-0.006445447139753244,0.01415283468062195,0.0018746091349341933,0,0
1630172,-0.21914696156833655,-0.06620694058526021,-0.15065369112352037,-0.0022863298595559795,0,0
1630581,0.014296390959173394,0.01214981529199513,0.005188385933818084,-0.0030418102666398186,0,0
202696,-0.0569709513799982,-0.021494638498046385,-0.03584184017226189,0.000365527290310082,0,0
203897,0.16859953132314062,0.08939973627405268,0.07775218654138863,0.0014476085076993175,0,0
1630163,0.14800988286696556,0.1045184512243556,0.04303536191621654,0.0004560697263934259,0,0
1630182,-0.007931136689509474,0.005510873315251616,-0.013150124957119105,-0.00029188504764198435,0,0
1630172,-0.18886947369248597,-0.06620694058526021,-0.12013725038696382,-0.002525282720261916,0,0
1630581,-0.004605802123714544,0.01214981529199513,-0.014708750497438163,-0.0020468669182715114,0,0
202696,-0.03930058857920886,-0.021494638498046385,-0.019238234416375382,0.0014322843352129076,0,0
203897,0.11156110238793047,0.08939973627405268,0.019847492118202404,0.0023138739956753995,0,0
1630163,0.12814332105682888,0.1045184512243556,0.023338378930973316,0.0002864909014999646,0,0
1630245,-0.033073110195120645,-0.018016907565713218,-0.017645317923072813,0.0025891152936653853,0,0
202696,-0.03190163039310903,-0.021494638498046385,-0.010633826725415166,0.00022683483035252044,0,0
203897,0.09470469307560296,0.08939973627405268,0.004590270820748382,0.0007146859808019057,0,0
1629632,0.01079427523299805,-0.006445447139753244,0.015267177932904465,0.001972544439846828,0,0
1630245,-0.009292706335775038,-0.018016907565713218,0.0061030329570149235,0.002621168272923257,0,0
1630182,-0.021190895944030796,0.005510873315251616,-0.026096367047737743,-0.0006054022115446686,0,0
1630581,0.022178676223230283,0.01214981529199513,0.012946482556054625,-0.002917621624819472,0,0
1630163,0.13635242160441013,0.1045184512243556,0.03178914624412905,0.00004482413592548132,0,0
1630182,-0.01390545113571108,0.005510873315251616,-0.018972710645586647,-0.0004436138053760497,0,0
1629632,0.015897609252478923,-0.006445447139753244,0.02114814202445755,0.001194914367774618,0,0
1630581,0.009793710675124245,0.01214981529199513,-0.00020654364635695234,-0.0021495609705139323,0,0
202696,-0.03402969527740782,-0.021494638498046385,-0.013344327272738394,0.0008092704933769653,0,0
203897,0.09855028312069582,0.08939973627405268,0.007695978184483834,0.0014545686621593094,0,0
1630163,0.1194846193805821,0.1045184512243556,0.014986701379678525,-0.000020533223452041472,0,0
1630163,0.11266526132152042,0.1045184512243556,0.00795657448981287,0.00019023560735195467,0,0
1629632,0.018665880467606658,-0.006445447139753244,0.02431721870039011,0.0007941089069697942,0,0
1630172,-0.14890133538517922,-0.06620694058526021,-0.08055715603056104,-0.0021372387693579914,0,0
1630245,-0.029087199770933075,-0.018016907565713218,-0.01456744368469913,0.003497151479479273,0,0
202696,-0.019730869486654642,-0.021494638498046385,0.0005841563003139931,0.0011796127110777503,0,0
203897,0.05449118399934343,0.08939973627405268,-0.03647880700596037,0.001570254731251132,0,0
1629632,-0.000972845799059441,-0.006445447139753244,0.0034263209760751322,0.0020462803646186705,0,0
1630172,-0.22037876990356314,-0.06620694058526021,-0.15149288867251948,-0.002678940645783455,0,0
1630581,-0.004693819584169764,0.01214981529199513,-0.014230413851185212,-0.002613221024979683,0,0
202696,-0.055541581192784246,-0.021494638498046385,-0.03531894730697049,0.0012720046122326252,0,0
203897,0.16049723512990396,0.08939973627405268,0.06860583841180774,0.0024916604440435677,0,0
1630163,0.15180209909204204,0.1045184512243556,0.04687245319604656,0.00041119467163987906,0,0
1630182,-0.011908191197434454,0.005510873315251616,-0.01703437679045891,-0.0003846877222271591,0,0
1630581,0.025437289990621226,0.01214981529199513,0.016318537670476956,-0.003031062971850862,0,0
202696,-0.050314194094628575,-0.021494638498046385,-0.028729162146856807,-0.00009039344972538001,0,0
203897,0.1507604225895089,0.08939973627405268,0.06060537068225977,0.0007553156331964437,0,0
1630163,0.13749450723598375,0.1045184512243556,0.03285803190396365,0.00011802410766450187,0,0
1630245,-0.0205122641536643,-0.018016907565713218,-0.005737794458339856,0.003242437870388774,0,0
202696,-0.03565723142218577,-0.021494638498046385,-0.014992877117258021,0.0008302841931186319,0,0
203897,0.10329656253930497,0.08939973627405268,0.012380413729653665,0.0015164125355986366,0,0
1629632,0.012264573654672222,-0.006445447139753244,0.017809122699718016,0.0009008980947074488,0,0
1630245,-0.02137185371625032,-0.018016907565713218,-0.0074140367992755925,0.004059090648738493,0,0
1630581,-0.0064525972461881315,0.01214981529199513,-0.017303376802602355,-0.001299035735580907,0,0
1630182,-0.09048263040707498,0.005510873315251616,-0.09565298069939697,-0.00034052302292962805,0,0
1629632,-0.0097763430557468,-0.006445447139753244,-0.004496556244967292,0.001165660328973736,0,0
1630172,-0.1887678553861872,-0.06620694058526021,-0.11990577740218573,-0.0026551373987412645,0,0
1630245,0.010387471461530726,-0.018016907565713218,0.02367545965187348,0.004728919375370462,0,0
1630581,-0.023733213143161874,0.01214981529199513,-0.03446054107633763,-0.0014224873588193781,0,0
1630182,-0.1035514062270424,0.005510873315251616,-0.10839913198505731,-0.000663147557236705,0,0
1629632,0.006288606398266045,-0.006445447139753244,0.012045084016179921,0.0006889695218393674,0,0
1630172,-0.17091608704362055,-0.06620694058526021,-0.10260798024986455,-0.002101166208495795,0,0
1630245,-0.011029411243063052,-0.018016907565713218,0.0033565407848499423,0.003630955537800224,0,0
202696,-0.09680946924291019,-0.021494638498046385,-0.07641463918523278,0.0010998084403689872,0,0
203897,0.08267546874337359,0.08939973627405268,-0.008068504464061968,0.0013442369333828853,0,0
1629632,0.011302831260184013,-0.006445447139753244,0.017254356887601487,0.0004939215123357682,0,0
1630245,-0.018169463149318475,-0.018016907565713218,-0.003510043061431215,0.0033574874778259578,0,0
202696,-0.09280762736790345,-0.021494638498046385,-0.0721761416161773,0.0008631527463202501,0,0
203897,0.0717919366860988,0.08939973627405268,-0.018580299515765616,0.0009724999278117438,0,0
1630163,0.1847050541538869,0.1045184512243556,0.08131825908758902,-0.0011316561580577227,0,0
1630182,-0.09555393003841059,0.005510873315251616,-0.10057562788898786,-0.000489175464674351,0,0
1629632,0.004477678666466701,-0.006445447139753244,0.0107115591823113,0.0002115666239086442,0,0
1630245,-0.013843301486509751,-0.018016907565713218,-0.0003759559164935918,0.004549561995697061,0,0
202696,-0.07565954640845762,-0.021494638498046385,-0.05628654755485606,0.002121639644444823,0,0
203897,0.015489821740792172,0.08939973627405268,-0.07598819901830091,0.0020782844850404034,0,0
1629060,-0.03771339201998787,-0.011805350441113003,-0.02844158527580739,0.0025335436969325274,0,0
1630559,0.012351520994367184,-0.024125716852981774,0.032303396712416464,0.004173841134932494,0,0
2544,0.025086101938793917,-0.004847344294722396,0.026257935703606555,0.0036755105299097566,0,0
1629060,-0.049383579444126004,-0.011805350441113003,-0.03946611319751324,0.0018878841945002367,0,0
1630559,0.01776310630470624,-0.024125716852981774,0.038537371597589846,0.003351451560098166,0,0
2544,0.03015459107902858,-0.004847344294722396,0.031918097025685134,0.003083838348065842,0,0
1630559,0.02504153165359932,-0.024125716852981774,0.046808040857272845,0.00235920764930825,0,0
2544,0.02823941000070976,-0.004847344294722396,0.03035406401411212,0.0027326902813200366,0,0
1629060,-0.06947587818205116,-0.011805350441113003,-0.06033867290751692,0.0026681451665787653,0,0
1630559,0.01356020923799445,-0.024125716852981774,0.03425599661634869,0.0034299294746275343,0,0
2544,0.030860176629202006,-0.004847344294722396,0.03216266142573615,0.003544859498188253,0,0
1629060,-0.04726589955889811,-0.011805350441113003,-0.039058849973268424,0.003598300855483321,0,0
1630559,0.005395263646780516,-0.024125716852981774,0.024761808497310894,0.004759172002451397,0,0
2544,0.02248017186273319,-0.004847344294722396,0.02289018439670386,0.004437331760751726,0,0
1629060,-0.05046775066781841,-0.011805350441113003,-0.04118232184424528,0.0025199216175398696,0,0
1630559,0.013320477173241158,-0.024125716852981774,0.033624526746437844,0.003821667279785089,0,0
2544,0.027691604100071883,-0.004847344294722396,0.028968829343151203,0.0035701190516430744,0,0
1629060,-0.06334270518637555,-0.011805350441113003,-0.05370974808711174,0.002172393341849199,0,0
1630559,0.016683863384609303,-0.024125716852981774,0.037607062672835104,0.003202517564755974,0,0
2544,0.033291350929381916,-0.004847344294722396,0.03494594856203723,0.0031927466620670815,0,0
1629060,-0.016440302428890982,-0.011805350441113003,-0.008870463247818677,0.004235511260040699,0,0
1630559,-0.01911981458524497,-0.024125716852981774,0.0010146161510322226,0.003991286116704582,0,0
2544,-0.006045207969611445,-0.004847344294722396,-0.005701719397688606,0.004503855722799556,0,0
1629060,-0.04379054121404194,-0.011805350441113003,-0.03680505245747748,0.004819861684548535,0,0
1630559,-0.021426685111234516,-0.024125716852981774,-0.0010217018128771578,0.0037207335546244153,0,0
2544,-0.003059237407360662,-0.004847344294722396,-0.0029696322054239745,0.004757739092785708,0,0
1626145,0.05395723812817471,0.05140617112731287,0.0017937428247099055,0.0007573241761519335,0,0
1626164,0.08944027085435496,0.09518002085095503,-0.008761780215217634,0.0030220302186175566,0,0
201142,-0.011392800645437198,-0.027243955548572518,0.01349024794047374,0.002360906962661581,0,0
1630595,0.047608166424750575,-0.039184849705020876,0.08312203902774196,0.003670977102029496,0,0
1631105,0.07947683343157191,0.043832092825417085,0.03789326178282616,-0.0022485211766713337,0,0
202699,0.11670222161162816,0.043433518018748035,0.07144049729215018,0.0018282063007299357,0,0
203501,-0.039623545709767505,-0.08511090853089884,0.047074227297667276,-0.0015868644765359406,0,0
1626145,0.05443505089764613,0.05140617112731287,0.002570533114180965,0.0004583466561523001,0,0
1626164,0.09466225976405064,0.09518002085095503,-0.00226280728142143,0.0017450461945170404,0,0
201142,-0.013610063227217842,-0.027243955548572518,0.012320014735967263,0.0013138775853874123,0,0
1630595,0.03516922166239857,-0.039184849705020876,0.07126389397964726,0.003090177387772182,0,0
202699,0.09594781550050213,0.043433518018748035,0.051249500531422396,0.0012647969503316943,0,0
203501,-0.06430532630553758,-0.08511090853089884,0.02233794164354517,-0.0015323594181839077,0,0
1626164,0.09019524368586548,0.09518002085095503,-0.0063871593660699034,0.0014023822009803567,0,0
201142,-0.023607291257367144,-0.027243955548572518,0.002500068521343899,0.0011365957698614756,0,0
1630595,0.027326527507277293,-0.039184849705020876,0.06390175833038363,0.0026096188819145433,0,0
202699,0.08108501676149867,0.043433518018748035,0.036876016209800494,0.0007754825329501325,0,0
202699,0.07034149743586335,0.043433518018748035,0.02626761117378389,0.0006403682433314297,0,0
201142,-0.02694089410250615,-0.027243955548572518,0.0002839378108923149,0.00001912363517405133,0,0
1626164,0.10943374914044615,0.09518002085095503,0.012774980700096708,0.0014787475893944086,0,0
1630595,0.0031919633700459235,-0.039184849705020876,0.03750792273902167,0.00486889033604513,0,0
1631105,0.08084691236529919,0.043832092825417085,0.03793118026127963,-0.0009163607213975253,0,0
1626145,0.06025482366894282,0.05140617112731287,0.008528521453715474,0.000320131087914474,0,0
1626164,0.108222045904485,0.09518002085095503,0.012203824908197505,0.0008382001453324606,0,0
1630595,0.0339976283703594,-0.039184849705020876,0.07011785236818051,0.003064625707199762,0,0
1626145,0.049593517565816134,0.05140617112731287,-0.0021575365654511692,0.0003448830039544303,0,0
201142,-0.028118723491631595,-0.027243955548572518,-0.0021802439011780667,0.0013054759581189916,0,0
1626164,0.07917913515383669,0.09518002085095503,-0.01763603596611847,0.001635150269000133,0,0
201142,-0.03932823383684187,-0.027243955548572518,-0.01358953396405263,0.0015052556757832814,0,0
1630595,0.025186560104226416,-0.039184849705020876,0.06242749120135268,0.001943918607894612,0,0
202699,0.0687223327742766,0.043433518018748035,0.02527359893121578,0.000015215824312787797,0,0
203501,-0.09728334253713632,-0.08511090853089884,-0.010912275463702527,-0.001260158542534954,0,0
1630595,0.06364795091504372,-0.039184849705020876,0.09912152084299275,0.003711279777071848,0,0
1631105,0.08448122704595391,0.043832092825417085,0.043092696774640636,-0.002443562554103813,0,0
202699,0.13245267686502643,0.043433518018748035,0.08729526387960787,0.0017238949666705376,0,0
203501,-0.0215183995808267,-0.08511090853089884,0.0650116317003123,-0.001419122750240157,0,0
1626145,0.05282627385398544,0.05140617112731287,0.0007696727075351302,0.0006504300191374445,0,0
1626164,0.0887158133640713,0.09518002085095503,-0.009103264895030386,0.002639057408146659,0,0
201142,-0.01572773019043712,-0.027243955548572518,0.009428858999862146,0.0020873663582732516,0,0
1630595,0.027875388291038885,-0.039184849705020876,0.06320059084115912,0.003859647154900645,0,0
1631105,0.07609077434372821,0.043832092825417085,0.03412314742827851,-0.0018644659099673864,0,0
202699,0.10102778581033742,0.043433518018748035,0.05535839949287221,0.0022358682987171628,0,0
203501,-0.05728380960915109,-0.08511090853089884,0.02970035373850724,-0.0018732548167594881,0,0
1626145,0.059223944728752594,0.05140617112731287,0.007595077010626963,0.00022269659081276366,0,0
1626164,0.10756169969652733,0.09518002085095503,0.011892560111554023,0.0004891187340182788,0,0
201142,-0.003351862587814758,-0.027243955548572518,0.023745140930974133,0.00014695202978362711,0,0
1631105,0.06769813824609983,0.043832092825417085,0.02477043915828614,-0.000904393737603403,0,0
202699,0.062014978876878867,0.043433518018748035,0.015324258301709795,0.0032572025564210324,0,0
203501,-0.10123136685733447,-0.08511090853089884,-0.013531765174946113,-0.0025886931514895115,0,0
1626164,0.10314597264420296,0.09518002085095503,0.007792383933440967,0.00017356785980696403,0,0
201142,-0.013042192951061411,-0.027243955548572518,0.014212726676748052,-0.000010964079236944885,0,0
202699,0.058862360500048255,0.043433518018748035,0.013723261448290908,0.0017055810330093156,0,0
1626145,0.051527274381451715,0.05140617112731287,0.00010965706564437851,0.000011446188494471715,0,0
201142,-0.02677977282738226,-0.027243955548572518,0.00043489209010088735,0.000029290631089369537,0,0
1626145,0.0358416926041105,0.05140617112731287,-0.016169603384414272,0.000605124861211898,0,0
1626164,-0.0196611777648986,0.09518002085095503,-0.11795197695370913,0.003110778337855493,0,0
1630595,-0.0731897848803122,-0.039184849705020876,-0.03865150308686946,0.004646567911578117,0,0
1631105,0.16239901048329394,0.043832092825417085,0.11901360929647366,-0.00044669163859682075,0,0
1626145,0.0319646843285093,0.05140617112731287,-0.019852241782185472,0.0004107549833819122,0,0
1626164,-0.024602617332296073,0.09518002085095503,-0.1222999561738102,0.0025173179905590964,0,0
201142,0.06368969713449517,-0.027243955548572518,0.08839264022960162,0.002541012453466062,0,0
1631105,0.14838228029572667,0.043832092825417085,0.10536509572058876,-0.0008149082502791557,0,0
202699,0.19570033747927248,0.043433518018748035,0.14916676561235573,0.003100053848168711,0,0
203501,-0.1783990804338193,-0.08511090853089884,-0.09033900990981956,-0.0029491619931009214,0,0
1626164,-0.036426528021632286,0.09518002085095503,-0.13392960330179157,0.002323054429204256,0,0
201142,0.043135116301303726,-0.027243955548572518,0.06777440936794792,0.0026046624819283304,0,0
1630595,-0.08253867031956294,-0.039184849705020876,-0.045939408502629175,0.002585587888087109,0,0
202699,0.18077121078239689,0.043433518018748035,0.13563497134609176,0.0017027214175570798,0,0
203501,-0.19732046037530276,-0.08511090853089884,-0.10968961797105937,-0.00251993387334455,0,0
1627759,0.034331921383826854,-0.07392890871574243,0.10341076594648765,0.004850064153081626,0,0
1628369,0.08108605413140062,0.07117948148028752,0.00468142827746763,0.005225144373645461,0,0
1628401,-0.12485448869566976,-0.03639282058705992,-0.09171582437432597,0.0032541562657161446,0,0
201950,-0.1959730034383831,-0.1303239493862845,-0.06674794142621243,0.00109888737411383,0,0
1629027,0.08099685917295572,0.02094507091549206,0.058564329885197296,0.001487458372266371,0,0
1630552,0.02463961418869126,-0.043956973809216926,0.06774557044631936,0.0008510175515888262,0,0
1630700,-0.0619298193390692,-0.0740056890525474,0.011688804051758452,0.00038706566171974326,0,0
203991,-0.03392552913954822,0.0045056619420927296,-0.037497114598115014,-0.0009340764835259411,0,0
1627759,0.019101962738924186,-0.07392890871574243,0.08797181467005583,0.005059056784610784,0,0
1628369,0.07679554258400687,0.07117948148028752,0.0005721615334046866,0.005043899570314664,0,0
1628401,-0.11128786153697492,-0.03639282058705992,-0.07747004227944558,0.0025750013295305738,0,0
201950,-0.19197761943870176,-0.1303239493862845,-0.0626986310507322,0.0010449609983149304,0,0
1629027,0.06716081166820262,0.02094507091549206,0.046041559116613215,0.00017418163609733976,0,0
1630552,0.009267247133424096,-0.043956973809216926,0.05476526687199102,-0.0015410459293499989,0,0
1630700,-0.09044078423614729,-0.0740056890525474,-0.015090949799743009,-0.0013441453838568878,0,0
203991,-0.007608365399594728,0.0045056619420927296,-0.010611049624500778,-0.0015029777171866794,0,0
1627759,-0.0019662734034528798,-0.07392890871574243,0.06664313041251517,0.005319504899774376,0,0
1628401,-0.09321972149154828,-0.03639282058705992,-0.05847092397514617,0.0016440230706578122,0,0
1629027,0.042606998855776804,0.02094507091549206,0.0228196733982904,-0.001157745458005657,0,0
1630552,-0.018457890109878354,-0.043956973809216926,0.02902561647153255,-0.0035265327721939787,0,0
1628369,0.06935926270814768,0.07117948148028752,-0.005992054874980843,0.004171836102841005,0,0
1628401,-0.08909570667569132,-0.03639282058705992,-0.053631090442796445,0.0009282043541650451,0,0
1629027,0.09389428689244626,0.02094507091549206,0.07212932941839206,0.0008198865585621528,0,0
1630552,0.03981198125735489,-0.043956973809216926,0.08496842064592197,-0.0011994655793501551,0,0
1629027,0.08581351341326562,0.02094507091549206,0.06383847255006059,0.0010299699477129788,0,0
1630552,0.03039861424321568,-0.043956973809216926,0.07474136249771082,-0.0003857744452782164,0,0
1627759,0.01639311277843437,-0.07392890871574243,0.08475462060820704,0.005567400885969753,0,0
201950,-0.19442305250920738,-0.1303239493862845,-0.06527478779878515,0.00117568467586227,0,0
1630700,-0.0726869401930318,-0.0740056890525474,0.0014885245408580257,-0.00016977568134243375,0,0
203991,-0.01640320988607023,0.0045056619420927296,-0.020087146939321017,-0.0008217248888419415,0,0
1627759,-0.002419849636482711,-0.07392890871574243,0.06772868241667897,0.0037803766625807466,0,0
1628369,0.08174173516379543,0.07117948148028752,0.006823324051082902,0.003738929632425004,0,0
1628401,-0.130513331194426,-0.03639282058705992,-0.09620397800160228,0.0020834673942361696,0,0
201950,-0.17578839460770113,-0.1303239493862845,-0.04596446006570086,0.0005000148442842363,0,0
1629027,0.040329421305996885,0.02094507091549206,0.0185067789091851,0.0008775714813197258,0,0
1630552,-0.021991482282753504,-0.043956973809216926,0.02079156928110396,0.0011739222453594636,0,0
1630700,-0.059572228879975146,-0.0740056890525474,0.013636134614809642,0.0007973255577626113,0,0
1627759,-0.01842496612130521,-0.07392890871574243,0.052297247702274334,0.0032066948921628826,0,0
1628369,0.08278155846727364,0.07117948148028752,0.008582242788332767,0.003019834198653362,0,0
1628401,-0.13560841012680994,-0.03639282058705992,-0.10082130855193955,0.0016057190121895435,0,0
201950,-0.16627579654294927,-0.1303239493862845,-0.036158942479218706,0.00020709532255391714,0,0
1629027,0.0891321606530657,0.02094507091549206,0.06525563468052992,0.0029314550570437264,0,0
1630552,0.03337892134167292,-0.043956973809216926,0.07355834654572324,0.0037775486051666043,0,0
1630700,-0.02735676160185585,-0.0740056890525474,0.044107343465469094,0.0025415839852224536,0,0
203991,-0.0614869237979339,0.0045056619420927296,-0.06593577001636146,-0.00005681572366516966,0,0
1627759,0.02766348828554102,-0.07392890871574243,0.09843004429669784,0.0031623527045856036,0,0
1628369,0.09165195745789928,0.07117948148028752,0.016512278156553435,0.003960197821058335,0,0
1628401,-0.16231697911446524,-0.03639282058705992,-0.12941018222999728,0.0034860237025919746,0,0
201950,-0.18230583256422409,-0.1303239493862845,-0.05252730686612203,0.0005454236881824464,0,0
1629027,0.0699721362571947,0.02094507091549206,0.04621538632245562,0.002811679019247018,0,0
1630552,0.011334527446502918,-0.043956973809216926,0.050982687330266195,0.004308813925453649,0,0
1630700,-0.02180401310932941,-0.0740056890525474,0.04918330960528728,0.0030183663379307066,0,0
203991,-0.05560893299672171,0.0045056619420927296,-0.060642453641311975,0.0005278587024975345,0,0
1627759,0.010378842446106963,-0.07392890871574243,0.08174967088883214,0.002558080273017245,0,0
1628369,0.0926680891675662,0.07117948148028752,0.018294816622918344,0.0031937910643603344,0,0
1628401,-0.16744682760600868,-0.03639282058705992,-0.13401954592164358,0.002965538902694833,0,0
201950,-0.17213504881346775,-0.1303239493862845,-0.04204473424511824,0.00023363481793499126,0,0
1629027,0.05086210509545751,0.02094507091549206,0.028876099391057012,0.001040934788908432,0,0
1630700,-0.060039544054483945,-0.0740056890525474,0.013265929981063934,0.000700215016999518,0,0
1628369,0.08559056771227831,0.07117948148028752,0.01137293003079067,0.0030381562012001197,0,0
1628401,-0.14472816227745214,-0.03639282058705992,-0.11030123508802932,0.001965893397637118,0,0
1629027,0.03002313484147559,0.02094507091549206,0.009558901926126072,-0.00048083800014254183,0,0
1630552,-0.033272775285682635,-0.043956973809216926,0.012152254981380287,-0.0014680564578459906,0,0
1629027,0.11537541000248092,0.02094507091549206,0.09285597563466898,0.0015743634523198748,0,0
1630552,0.041245625866575986,-0.043956973809216926,0.08271658018187106,0.0024860194939218573,0,0
1627759,0.028613654866137574,-0.07392890871574243,0.09552535034900905,0.007017213232870946,0,0
201950,-0.20995556435332302,-0.1303239493862845,-0.08108198246360676,0.0014503674965682459,0,0
1630552,0.01892265244725319,-0.043956973809216926,0.061575522191316734,0.0013041040651533848,0,0
1630700,-0.03913824215488929,-0.0740056890525474,0.0338999414165837,0.0009675054810744028,0,0
1627759,0.010224668564189682,-0.07392890871574243,0.07948635855243505,0.004667218727497058,0,0
1628369,0.12852532331022523,0.07117948148028752,0.053585650712064524,0.003760191117873171,0,0
1628401,-0.11064820456772688,-0.03639282058705992,-0.07520300278869947,0.0009476188080325117,0,0
1630700,-0.02738387803335364,-0.0740056890525474,0.04474798226948775,0.0018738287497060049,0,0
203991,-0.03515912912879014,0.0045056619420927296,-0.04041806247994588,0.0007532714090630035,0,0
1627759,-0.011768516669373957,-0.07392890871574243,0.057445874181994865,0.004714517864373604,0,0
1628369,0.12410958476697169,0.07117948148028752,0.049601231107609695,0.0033288721790744784,0,0
1628401,-0.0972653593645896,-0.03639282058705992,-0.060915110155023905,0.000042571377494220707,0,0
1629027,0.044546200401208186,0.02094507091549206,0.023384427556278266,0.0002167019294378609,0,0
1630552,-0.03983867342406192,-0.043956973809216926,0.0017383486860674873,0.002379951699087518,0,0
1630700,-0.028325829194690646,-0.0740056890525474,0.043695652457687896,0.0019842074001688533,0,0
1629027,0.04152248000298261,0.02094507091549206,0.02060095486626677,-0.000023545778776224205,0,0
1630552,-0.04321897093248454,-0.043956973809216926,-0.0012249760668402712,0.001962978943572658,0,0
1627759,0.020782645796523072,-0.07392890871574243,0.08960088282896268,0.005110671683302816,0,0
1628369,0.12738464150737883,0.07117948148028752,0.05192728453590443,0.004277875491186887,0,0
1628401,-0.105701144615765,-0.03639282058705992,-0.07055175618279202,0.0012434321540869444,0,0
1629027,0.05889568396657232,0.02094507091549206,0.036856017986992125,0.0010945950640881318,0,0
1630552,-0.023680169035661475,-0.043956973809216926,0.01651138288720507,0.00376542188635038,0,0
1630700,-0.011590329173917151,-0.0740056890525474,0.059454744040271505,0.0029606158383587403,0,0
1627759,-0.02509778185024161,-0.07392890871574243,0.045772530391014116,0.0030585964744867015,0,0
1628369,0.13321598512819177,0.07117948148028752,0.06009156887948362,0.0019449347684206194,0,0
1628401,-0.1302486887561129,-0.03639282058705992,-0.09385101024926056,-0.000004857919792437132,0,0
201950,-0.16441191421196819,-0.1303239493862845,-0.0339497779920233,-0.00013818683366038895,0,0
1626162,-0.054970589108671634,-0.07465926044538537,0.018377510373012287,0.0013111609637014533,0,0
1630178,0.06693987492052915,-0.01288711750025175,0.07649004823053322,0.003336944190247672,0,0
1626167,-0.06475377903917738,0.0003388381877053072,-0.06482828733347065,-0.00026432989341202963,0,0
1627783,0.09489081758164321,-0.020885503303258633,0.1146378939722697,0.0011384269126321457,0,0
1630169,0.03749751657020352,-0.012945038959645178,0.04729282412180742,0.003149731408041273,0,0
1631097,-0.07083275783220018,-0.10138260334412298,0.029360024072815183,0.0011898214391076187,0,0
1626162,-0.06563251065001846,-0.07465926044538537,0.008508116211844597,0.0005186335835223124,0,0
1630178,0.03764559000470667,-0.01288711750025175,0.04873199502700143,0.0018007124779569929,0,0
1626162,-0.06689290753507028,-0.07465926044538537,0.007306321726943766,0.0004600311833713357,0,0
1630178,0.028256608532456155,-0.01288711750025175,0.0396397901555995,0.001503935877108405,0,0
1630169,-0.0007327906091181982,-0.012945038959645178,0.009355862720823168,0.002856385629703812,0,0
1626162,-0.073233021864932,-0.07465926044538537,0.0013599253381772571,0.00006631324227611136,0,0
1630178,-0.0022627437290209003,-0.01288711750025175,0.010288547617639025,0.0003358261535918241,0,0
1626162,-0.07729274445632385,-0.07465926044538537,-0.0019174411580822545,-0.0007160428528562141,0,0
1627783,0.12591151780293905,-0.020885503303258633,0.14318555694001892,0.003611464166178786,0,0
1631097,-0.06686424238860303,-0.10138260334412298,0.031631958927917606,0.0028864020276023437,0,0
1626162,-0.0778516446551668,-0.07465926044538537,-0.0025492882656150406,-0.0006430959441663734,0,0
1627783,0.12265381983237751,-0.020885503303258633,0.1394312491735717,0.004108073962064454,0,0
1631097,-0.07602189349608732,-0.10138260334412298,0.021973653723370172,0.0033870561246655047,0,0
1626162,-0.0901437763769712,-0.07465926044538537,-0.01387416258249877,-0.0016103533490870602,0,0
1630178,0.022151561500823803,-0.01288711750025175,0.03576194363999567,-0.0007232646389201186,0,0
1626167,-0.050971873157802654,0.0003388381877053072,-0.05323386566253671,0.001923154317028754,0,0
1630169,-0.017366690140542096,-0.012945038959645178,-0.008033013293942348,0.0036113621130454306,0,0
1630178,-0.0015679706395985656,-0.01288711750025175,0.01279216291224343,-0.0014730160515902453,0,0
1626162,-0.09339530769834599,-0.07465926044538537,-0.018835144950154273,0.00009909769719365017,0,0
1627783,0.0915446552300771,-0.020885503303258633,0.10526620516803768,0.007163953365298048,0,0
1630178,0.08141872442110763,-0.01288711750025175,0.094829692470758,-0.0005238505493986207,0,0
1626167,-0.03454600741159557,0.0003388381877053072,-0.037421201385916134,0.0025363557866152657,0,0
1630169,-0.029710802844552988,-0.012945038959645178,-0.020079559279936307,0.0033137953950284947,0,0
1631097,-0.013460416807888304,-0.10138260334412298,0.08280281686943962,0.005119369666795058,0,0
1626162,-0.08914153663799462,-0.07465926044538537,-0.015273819223570108,0.0007915430309608517,0,0
1630178,0.05427623118018046,-0.01288711750025175,0.06712118899487134,0.0000421596855608718,0,0
1626167,-0.041006500796604756,0.0003388381877053072,-0.0436243690130228,0.002279030028712742,0,0
1627783,0.042236142303726965,-0.020885503303258633,0.05779821089197411,0.005323434715011491,0,0
1630169,-0.04311065104600985,-0.012945038959645178,-0.032694871081147645,0.0025292589947829708,0,0
201939,0.09127396186837979,0.03225717914332396,0.05855069742717682,0.0004660852978789986,0,0
203110,0.09183795552700963,0.045483861586444616,0.04772361801485288,-0.0013695240742878651,0,0
203471,-0.029807621876538026,-0.021544706763419214,-0.00901285994671172,0.0007499448335929082,0,0
203952,-0.09342881076193074,-0.09987133909039396,0.0076532304490272655,-0.0012107021205640513,0,0
1629673,0.06439449453836868,0.08405244705327942,-0.02020511674956531,0.0005471642346545592,0,0
1641731,-0.07393168568445681,-0.016568482179682667,-0.05777033460398251,0.0004071310992083734,0,0
1642259,-0.09266650534554476,-0.01906536361878032,-0.07226891683827283,-0.0013322248884916083,0,0
1642267,-0.05138462286482682,0.01069390561818425,-0.06083405839852603,-0.0012444700844850389,0,0
201939,0.06406994805683336,0.03225717914332396,0.03222958157515091,-0.00041681266164151373,0,0
203471,-0.036125369283518,-0.021544706763419214,-0.015618411789799298,0.0010377492697005075,0,0
203952,-0.11237226569885307,-0.09987133909039396,-0.011782745344220294,-0.0007181812642388188,0,0
1629673,0.07196388058401039,0.08405244705327942,-0.012441325700750724,0.000352759231481693,0,0
1641731,-0.05118999373714205,-0.016568482179682667,-0.03483459846851597,0.00021308691105658846,0,0
1642259,-0.06412685807872645,-0.01906536361878032,-0.0442466149251107,-0.0008148795348354235,0,0
1642267,-0.02690322678338644,0.01069390561818425,-0.03688314544570312,-0.0007139869558675722,0,0
201939,0.05867345483106512,0.03225717914332396,0.026703063612366365,-0.00028678792462520566,0,0
1642267,-0.006351556986543267,0.01069390561818425,-0.01609127984248278,-0.0009541827622447354,0,0
203471,-0.044341551757610585,-0.021544706763419214,-0.022741858872978596,-0.00005498612121277867,0,0
203952,-0.12166403950411069,-0.09987133909039396,-0.02049969332443996,-0.0012930070892767614,0,0
1642267,-0.07191358988238852,0.01069390561818425,-0.07835036764601219,-0.00425712785456059,0,0
201939,0.09006281899319324,0.03225717914332396,0.057120722119409696,0.000684917730459592,0,0
1629673,0.0713262341524406,0.08405244705327942,-0.01277168420733821,0.000045471306499392156,0,0
203471,-0.03789848443838775,-0.021544706763419214,-0.01660360952802434,0.0002498318530557993,0,0
203952,-0.10860295134512424,-0.09987133909039396,-0.007431998253669202,-0.001299614001061077,0,0
1629673,0.08160399818167277,0.08405244705327942,-0.0018477387042820682,-0.0006007101673245875,0,0
1641731,-0.05056617332523323,-0.016568482179682667,-0.03557960285590017,0.00158191171034961,0,0
1642259,-0.03641449655885971,-0.01906536361878032,-0.017003860509301347,-0.00034527243077804885,0,0
201939,0.07386796916947741,0.03225717914332396,0.04096384182556279,0.0006469482005906566,0,0
203471,-0.04127444474430024,-0.021544706763419214,-0.018881145256316526,-0.0008485927245645018,0,0
203952,-0.10562828676640316,-0.09987133909039396,-0.003683127562434176,-0.0020738201135750345,0,0
1629673,0.08577244109973635,0.08405244705327942,0.002160088679483819,-0.0004400946330268959,0,0
1641731,-0.027295994147179065,-0.016568482179682667,-0.011589786433264115,0.000862274465767721,0,0
1642259,-0.017423427741434308,-0.01906536361878032,0.0016305365650366816,0.000011399312309328833,0,0
1642267,0.0022085004286805533,0.01069390561818425,-0.007358743994921648,-0.0011266611945820492,0,0
201939,0.10306270300181318,0.03225717914332396,0.06966136699987295,0.0011441568586162702,0,0
203471,-0.030011429884931728,-0.021544706763419214,-0.008385654878353736,-0.00008106824315877665,0,0
203952,-0.08525098761960002,-0.09987133909039396,0.016511304032397877,-0.001890952561603941,0,0
1629673,0.0718056157199436,0.08405244705327942,-0.011866870966200148,-0.0003799603671356838,0,0
1641731,-0.0812453873650954,-0.016568482179682667,-0.06658074677005615,0.0019038415846434188,0,0
1642259,-0.07373638234106723,-0.01906536361878032,-0.05364776969642722,-0.0010232490258596952,0,0
1642267,-0.053558218516128644,0.01069390561818425,-0.06120607202032857,-0.003046052113984323,0,0
201939,0.07077877584505518,0.03225717914332396,0.038551525445339796,-0.000029928743608577412,0,0
203471,-0.03625132658226101,-0.021544706763419214,-0.01526905524259988,0.0005624354237580859,0,0
203952,-0.10771847290327335,-0.09987133909039396,-0.006740247747951688,-0.0011068860649277085,0,0
1629673,0.0759066021675203,0.08405244705327942,-0.007927297329672914,-0.00021854755608620002,0,0
1641731,-0.058215422671420956,-0.016568482179682667,-0.042835015056512014,0.0011880745647737233,0,0
1642259,-0.05501109179450228,-0.01906536361878032,-0.03527428968432756,-0.0006714384913944031,0,0
1642267,-0.030829926030746104,0.01069390561818425,-0.03960545194787445,-0.0019183797010559037,0,0
201939,0.06952240727264626,0.03225717914332396,0.03701615124324734,0.00024907688607495753,0,0
1642267,-0.006568613847949696,0.01069390561818425,-0.016084807119919914,-0.0011777123462140327,0,0
203471,-0.044125997751452685,-0.021544706763419214,-0.022419163889561687,-0.00016212709847178203,0,0
203952,-0.11999979648756547,-0.09987133909039396,-0.018738020782184728,-0.0013904366149867851,0,0
203471,0.06275570595956291,-0.021544706763419214,0.08303459530089388,0.0012658174220882364,0,0
203952,-0.129955253241772,-0.09987133909039396,-0.02965626230988018,-0.00042765184149788345,0,0
1642267,-0.004671028826256112,0.01069390561818425,-0.012365583115293543,-0.002999351329146819,0,0
1642267,0.012480691931246474,0.01069390561818425,0.0033949047303343874,-0.001608118417272163,0,0
201939,0.006130220404718974,0.03225717914332396,-0.024171243726025807,-0.0019557150125791792,0,0
1629673,0.06063803650088933,0.08405244705327942,-0.02248029614483028,-0.0009341144075598112,0,0
1641731,-0.00266633045464425,-0.016568482179682667,0.012647566827735579,0.0012545848973028381,0,0
1642259,0.013082437849555702,-0.01906536361878032,0.031850135013818885,0.00029766645451713777,0,0
1642267,0.034664071985184786,0.01069390561818425,0.024684150973622258,-0.0007139846066217226,0,0
201939,-0.02493029664956133,0.03225717914332396,-0.05408363435063081,-0.003103841442254484,0,0
203952,-0.16878536411746925,-0.09987133909039396,-0.06947189201359054,0.0005578669865152347,0,0
1629673,0.06184920888255534,0.08405244705327942,-0.021989398911612234,-0.00021383925911184814,0,0
1641731,0.0311384979512361,-0.016568482179682667,0.0482035590668409,-0.0004965789359221327,0,0
1642259,0.026840414252718492,-0.01906536361878032,0.045323864800073534,0.0005819130714252785,0,0
1642267,0.0652424020393792,0.01069390561818425,0.05281064128393945,0.0017378551372554925,0,0
1628378,-0.06206421494134173,-0.08260267109082088,0.020333700771541813,0.000204755377937333,0,0
1628386,-0.05661672940731479,-0.04892533191520719,-0.008680072883940371,0.0009886753918327688,0,0
1629636,0.1631065528371258,0.06934215351431891,0.09356641062706095,0.00019798869574595045,0,0
1630162,0.06811933599657273,-0.003657955364390165,0.06635474040636549,0.0054225509545974,0,0
1630183,-0.029903190886951495,-0.06508004061994509,0.034081141454752606,0.0010957082782409864,0,0
201144,0.03502732137805992,0.026524311145479974,0.013440013031700136,-0.0049370027991202,0,0
203497,0.019683661208331343,0.030106726822793445,-0.0177961642928261,0.007373098678363997,0,0
203944,-0.039183919355391575,-0.0001736325575457734,-0.04134449173570911,0.0023342049378633086,0,0
1628378,-0.06942716276471869,-0.08260267109082088,0.012916619719172266,0.0002588886069299184,0,0
1628386,-0.04464958281634736,-0.04892533191520719,0.004923180563089288,-0.0006474314642294606,0,0
1629636,0.12655461836453935,0.06934215351431891,0.05728199858675534,-0.00006953373653490429,0,0
1630162,0.05558686614483638,-0.003657955364390165,0.054533368310200475,0.004711453199026064,0,0
1630183,-0.03654378867601753,-0.06508004061994509,0.02760218027835874,0.000934071665568815,0,0
201144,0.03580658288753332,0.026524311145479974,0.013720798678747911,-0.004438526936694559,0,0
203497,0.0292602104344987,0.030106726822793445,-0.007431459754790894,0.00658494336649615,0,0
203944,-0.033298553115547073,-0.0001736325575457734,-0.035279200874954494,0.0021542803169531926,0,0
1628378,-0.07936838172637149,-0.08260267109082088,0.0030426241168144408,0.00019166524763494962,0,0
1628386,-0.0386242659689211,-0.04892533191520719,0.011747463230121085,-0.0014463972838349988,0,0
203497,0.0480449717837101,0.030106726822793445,0.01312107993476519,0.004817165026151465,0,0
203497,0.006916356924367373,0.030106726822793445,-0.03227957099266558,0.00908920109423951,0,0
1628378,-0.06666722217700966,-0.08260267109082088,0.015680929737074918,0.00025451917673630564,0,0
1628386,-0.047985599841358376,-0.04892533191520719,0.0011338884149177577,-0.000194156341068943,0,0
1630162,0.05012017099264188,-0.003657955364390165,0.04980668892719546,0.003971437429836578,0,0
1630183,-0.005973491978468228,-0.06508004061994509,0.05919998133274906,-0.00009343269127220474,0,0
201144,0.021994511633068096,0.026524311145479974,-0.0016679542312412511,-0.0028618452811706263,0,0
203944,-0.017587651467022344,-0.0001736325575457734,-0.018731754048966594,0.0013177351394900241,0,0
1628386,-0.055176549947716334,-0.04892533191520719,-0.00707922187061606,0.0008280038381069163,0,0
1629636,0.11821526020213055,0.06934215351431891,0.048722323177907825,0.00015078350990381642,0,0
1630162,0.036288675501081266,-0.003657955364390165,0.036831637321362576,0.0031149935441088543,0,0
1630183,-0.0077245826304614155,-0.06508004061994509,0.05778678105757948,-0.00043132306809580683,0,0
201144,0.020495881265900052,0.026524311145479974,-0.003943269751544954,-0.002085160128034969,0,0
203497,0.05822974002055264,0.030106726822793445,0.025474752632050592,0.0026482605657085967,0,0
203944,-0.008901635521190452,-0.0001736325575457734,-0.009720820190571598,0.0009928172269269195,0,0
1628378,-0.07713791045027972,-0.08260267109082088,0.005505933304601518,-0.00004117266406034769,0,0
1628386,-0.057879177459853444,-0.04892533191520719,-0.010178160161121363,0.0012243146164751114,0,0
1629636,0.09649382632869495,0.06934215351431891,0.02695158480469896,0.00020008800967708591,0,0
1630162,0.029622670688376235,-0.003657955364390165,0.030328947940741306,0.0029516781120250937,0,0
1630183,-0.027990179321035622,-0.06508004061994509,0.03712865964808892,-0.000038798349179451755,0,0
201144,0.027986363025237736,0.026524311145479974,0.00396169593873545,-0.002499644058977685,0,0
203497,0.057227910500165714,0.030106726822793445,0.023725125793225787,0.0033960578841464814,0,0
1630162,0.06295103298370532,-0.003657955364390165,0.061909522263745374,0.004699466084350106,0,0
1630183,0.0008252152817660741,-0.06508004061994509,0.06583320348953327,0.00007205241217789326,0,0
201144,0.02119669627813103,0.026524311145479974,-0.001955425250837778,-0.003372189616511167,0,0
203497,0.03582413101154271,0.030106726822793445,0.0010033675123992947,0.0047140366763499765,0,0
203944,-0.023613145474482188,-0.0001736325575457734,-0.02494145659688203,0.0015019436799456152,0,0
1628378,-0.06547085498676576,-0.08260267109082088,0.01712044420070045,0.000011371903354658353,0,0
1628386,-0.0668532521578629,-0.04892533191520719,-0.020354696341608806,0.002426776098953093,0,0
1629636,0.15122644113385575,0.06934215351431891,0.08147345817355517,0.000410829445981673,0,0
1630162,0.04211918232367055,-0.003657955364390165,0.042546235228906173,0.0032309024591545333,0,0
1630183,0.012098307540841721,-0.06508004061994509,0.07801297172197713,-0.0008346235611903239,0,0
201144,0.013057350273860607,0.026524311145479974,-0.01182951639868884,-0.0016374444729305257,0,0
203497,0.05987000615601738,0.030106726822793445,0.027915359773411082,0.0018479195598128555,0,0
203944,-0.00506785162748849,-0.0001736325575457734,-0.005591712199093296,0.0006974931291505792,0,0
1629636,0.11651045294171587,0.06934215351431891,0.047021115711961256,0.00014718371543570255,0,0
1630162,0.033543467819272324,-0.003657955364390165,0.03424219390982166,0.002959229273840829,0,0
1630183,-0.009179189765209232,-0.06508004061994509,0.05636758003798844,-0.0004667291832525845,0,0
203944,-0.007612460059129269,-0.0001736325575457734,-0.008392232668692014,0.0009534051671085191,0,0
1628378,-0.07877757161165352,-0.08260267109082088,0.0038507342378738753,-0.00002563475870652143,0,0
1628386,-0.054962691207139217,-0.04892533191520719,-0.006862326533892035,0.0008249672419600075,0,0
1630162,0.010974899328492698,-0.003657955364390165,0.013455647726365465,0.0011772069665173983,0,0
203497,0.09179601323516692,0.030106726822793445,0.06335602319714899,-0.0016667367847755135,0,0
1628378,0.024178879236121813,-0.08260267109082088,0.1076278984722297,-0.0008463481452870052,0,0
1628386,-0.13148230875884304,-0.04892533191520719,-0.09204744531812165,0.009490468474485803,0,0
1630162,0.05855603041043941,-0.003657955364390165,0.060538451690863235,0.0016755340839663328,0,0
1630183,0.04138663764591026,-0.06508004061994509,0.108114071541336,-0.0016473932754806494,0,0
203497,0.00750151836923881,0.030106726822793445,-0.02185380673801889,-0.0007514017155357453,0,0
203944,0.003935633057864235,-0.0001736325575457734,0.004196380343323505,-0.0000871147279134963,0,0
1629636,0.12352794820369238,0.06934215351431891,0.05315428951008304,0.001031505179290426,0,0
1630162,0.04417352929487529,-0.003657955364390165,0.046972019904311935,0.000859464754953511,0,0
1630183,0.03376576113560114,-0.06508004061994509,0.10067869228652208,-0.0018328905309758581,0,0
203497,0.01849174867164992,0.030106726822793445,-0.009959074387226114,-0.0016559037639174126,0,0
203944,0.010689791456923869,-0.0001736325575457734,0.011157023664475225,-0.00029359965000558285,0,0
1628378,0.009550807390428405,-0.08260267109082088,0.09305000636186336,-0.0008965278806140776,0,0
1628386,-0.11909691664079489,-0.04892533191520719,-0.07799663725493458,0.007825052529346874,0,0
1629636,0.08952119423134462,0.06934215351431891,0.019171757420434907,0.0010072832965908104,0,0
1630162,0.04558617068722805,-0.003657955364390165,0.047588118874057006,0.0016560071775612063,0,0
1630183,-0.021263957716454954,-0.06508004061994509,0.04403575723513436,-0.0002196743316442268,0,0
203944,-0.011879748219474774,-0.0001736325575457734,-0.012696232850088692,0.0009901171881596905,0,0
1628378,0.003029346977302775,-0.08260267109082088,0.0863066021895678,-0.0006745841214441459,0,0
1628386,-0.09593262940271259,-0.04892533191520719,-0.05163466173689958,0.004627364249394185,0,0
1629636,0.053138656973179745,0.06934215351431891,-0.01670568883629016,0.0005021922951509954,0,0
1629014,-0.10652580691695958,-0.06764482365166598,-0.039988147671934926,0.0011071644066413273,0,0
1631101,0.09029797147915947,-0.024968775106437788,0.11431577993109024,0.0009509666545070183,0,0
1641739,0.045648803932737146,-0.025625975180734364,0.06956754606492255,0.0017072330485489663,0,0
203924,-0.1446516190321359,0.025102907565479053,-0.17178422136239757,0.0020296947647826242,0,0
1627832,-0.034293559119943105,-0.017319246673288876,-0.019841812747426833,0.0028675003007726007,0,0
1628415,-0.07744936483488374,-0.05905330257546563,-0.020103126652830806,0.0017070643934126964,0,0
1630224,-0.012502872419483235,-0.0226904719248296,0.008578680624901672,0.0016089188804446926,0,0
1630578,0.055341986586037784,0.04730956355131233,0.005369144501172901,0.0026632785335525522,0,0
1629014,-0.08156634054210293,-0.06764482365166598,-0.014845049289200926,0.0009235323987639649,0,0
1641739,0.050347459727346895,-0.025625975180734364,0.07537669227350517,0.0005967426345760935,0,0
203924,-0.09304569727416546,0.025102907565479053,-0.11916653090033671,0.0010179260606921895,0,0
1627832,-0.021798415367274677,-0.017319246673288876,-0.006048896398862368,0.0015697277048765657,0,0
1628415,-0.07325122903959135,-0.05905330257546563,-0.015074262851535231,0.0008763363874095118,0,0
1630224,-0.008227657833582511,-0.0226904719248296,0.013636355313500279,0.0008264587777468092,0,0
1630578,0.05240135332274478,0.04730956355131233,0.0037976653962435124,0.001294124375188938,0,0
1629014,-0.0756020826407707,-0.06764482365166598,-0.008712590718613402,0.000755331729508678,0,0
1641739,0.044327554683812435,-0.025625975180734364,0.06918931862701672,0.0007642112375300888,0,0
1630224,-0.023827550775242904,-0.0226904719248296,-0.0016364932984347584,0.0004994144480214538,0,0
1631101,-0.013221470116143766,-0.024968775106437788,0.010655830813518532,0.0010914741767754903,0,0
1629014,-0.1005180395509691,-0.06764482365166598,-0.03395524143004918,0.001082025530746063,0,0
1631101,0.08724038348902687,-0.024968775106437788,0.11147253675876898,0.0007366218366956757,0,0
203924,-0.13477068935914116,0.025102907565479053,-0.16160873639831363,0.0017351394736934132,0,0
1627832,-0.013686153057437514,-0.017319246673288876,0.0017661717453335054,0.0018669218705178558,0,0
1628415,-0.08362364192769839,-0.05905330257546563,-0.025504341081334155,0.0009340017291013962,0,0
1631101,0.048927170707598666,-0.024968775106437788,0.07244307488364674,0.0014528709303897212,0,0
1641739,0.03826730498225523,-0.025625975180734364,0.06193099325509695,0.001962286907892648,0,0
1627832,-0.013701597094196752,-0.017319246673288876,0.002669382164551825,0.000948267414540299,0,0
1628415,-0.07305325167103502,-0.05905330257546563,-0.014452946317727085,0.0004529972221576949,0,0
1630224,-0.002278671707632171,-0.0226904719248296,0.01998387654198465,0.00042792367521277813,0,0
1630578,0.051298208860970945,0.04730956355131233,0.0034220902299643904,0.0005665550796942233,0,0
1629014,-0.08140508739782634,-0.06764482365166598,-0.014490382716122633,0.0007301189699622616,0,0
1641739,0.03933363003955451,-0.025625975180734364,0.06370078693492286,0.0012588182853660152,0,0
1627832,-0.025154713836090185,-0.017319246673288876,-0.008525433464073947,0.0006899663012726381,0,0
1628415,-0.06026268311062202,-0.05905330257546563,-0.0016654457354690338,0.00045606520031263894,0,0
1630224,-0.02716484130505085,-0.0226904719248296,-0.004903819120888523,0.00042944974066727365,0,0
1630578,0.048700861096293444,0.04730956355131233,0.0006227984148316837,0.0007684991301494306,0,0
1627832,-0.016626414448116366,-0.017319246673288876,-0.0022325933803396068,0.0029254256055121185,0,0
1628415,-0.09326636538915065,-0.05905330257546563,-0.03573703021071921,0.0015239673970341933,0,0
1630224,0.02095423145031951,-0.0226904719248296,0.042206460179607615,0.0014382431955414943,0,0
1630578,0.058103751179899306,0.04730956355131233,0.008690083367599449,0.002104104260987524,0,0
1629014,-0.10432589770130761,-0.06764482365166598,-0.03778543837862599,0.001104364328984355,0,0
1631101,0.09066097565327147,-0.024968775106437788,0.11478464586338825,0.0008451048963209977,0,0
1641739,0.04683196646589738,-0.025625975180734364,0.07089518749706064,0.001562754149571103,0,0
203924,-0.14188718047012622,0.025102907565479053,-0.16889477857572593,0.0019046905401206666,0,0
1627832,-0.022058077762385563,-0.017319246673288876,-0.007155101659491471,0.0024162705703947816,0,0
1628415,-0.08275698438404412,-0.05905330257546563,-0.02502657424497294,0.001322892436394451,0,0
1630224,0.003552436417905555,-0.0226904719248296,0.02499506790823341,0.0012478404345017424,0,0
1630578,0.055458496919937296,0.04730956355131233,0.006230274104827117,0.0019186592637978573,0,0
1629014,-0.07437465261418166,-0.06764482365166598,-0.007661699771233085,0.000931870808717404,0,0
1641739,0.05522030593939207,-0.025625975180734364,0.08078275193371395,0.00006352918641248299,0,0
1627832,-0.048234700355095424,-0.017319246673288876,-0.03378709185210907,0.002871638170302523,0,0
1628415,-0.06554100883001765,-0.05905330257546563,-0.008365362165638643,0.0018776559110866306,0,0
1630224,-0.038181995807946095,-0.0226904719248296,-0.01725976251852929,0.001768238635412798,0,0
1630578,0.05334489823541708,0.04730956355131233,0.002894557906965127,0.0031407767771396288,0,0
1629014,-0.06378405894028155,-0.06764482365166598,0.0030815154659979364,0.0007792492453864793,0,0
1627832,-0.04187105260279928,-0.017319246673288876,-0.026347680789582825,0.0017958748600724159,0,0
1630224,-0.04201204704840973,-0.0226904719248296,-0.020486265793048974,0.0011646906694688353,0,0
1630578,0.05033084385342656,0.04730956355131233,0.0008795022502848075,0.0021417780518294214,0,0
1630224,-0.06530205651344871,-0.0226904719248296,-0.04416009923748879,0.0015485146488696702,0,0
1627832,-0.05937295774764053,-0.017319246673288876,-0.04635584040895747,0.004302129334605812,0,0
1628415,-0.12922102392209034,-0.05905330257546563,-0.07315122254049936,0.00298350119387465,0,0
1629014,-0.1111600880969811,-0.06764482365166598,-0.04423656287640753,0.0007212984310924028,0,0
203924,-0.05699771333983685,0.025102907565479053,-0.08315002187732032,0.0010494009720044151,0,0
1627832,-0.07698508113309326,-0.017319246673288876,-0.06392446080776254,0.004258626347958161,0,0
1628415,-0.11361695035026559,-0.05905330257546563,-0.05773713565664486,0.0031734878818449014,0,0
1629014,-0.08524321850145758,-0.06764482365166598,-0.018148359297617066,0.0005499644478254508,0,0
1631101,-0.027116272329599997,-0.024968775106437788,-0.002223645002277062,0.00007614777911485568,0,0
1641739,0.017111128081493284,-0.025625975180734364,0.04318289051765649,-0.0004457872554288418,0,0
1627832,-0.08819060208630362,-0.017319246673288876,-0.0749365810791186,0.004065225666103864,0,0
1628415,-0.10178455321084212,-0.05905330257546563,-0.04593881010753921,0.0032075594721627174,0,0
1630578,0.05183553153139497,0.04730956355131233,-0.001218202465761209,0.0057441704458438495,0,0
1631101,-0.05503442252391913,-0.024968775106437788,-0.03044079306094822,0.00037514564346687767,0,0
1641739,0.012567522828055224,-0.025625975180734364,0.038522827433133164,-0.00032932942434357574,0,0
1628415,-0.09541169335146431,-0.05905330257546563,-0.03894281002674879,0.002584419250750103,0,0
1630578,0.048973136666882,0.04730956355131233,-0.00310314062320333,0.004766713738773002,0,0
101108,0.007739943157748481,-0.03879192852168078,0.046011213057086255,0.0005206586223430046,0,0
1641705,0.0816785650609531,-0.01153954384978884,0.09214849121067129,0.001069617700070651,0,0
203084,-0.012909833533458044,0.008721889983792433,-0.021096779968900945,-0.0005349435483495325,0,0
1628389,0.039359492502753834,0.0068596821754781274,0.027878359747155357,0.004621450580120354,0,0
1629312,-0.06287854036050408,-0.024261033140122328,-0.03635872262283409,-0.0022587845975476674,0,0
1629639,0.009221257835518255,0.04369893373805239,-0.038641527019803036,0.0041638511172689,0,0
101108,-0.01870856843039007,-0.03879192852168078,0.02005804815257017,0.000025311938720539183,0,0
1641705,0.04397908219861495,-0.01153954384978884,0.05442796612386966,0.0010906599245341234,0,0
203084,-0.008741305697166742,0.008721889983792433,-0.017287815001627557,-0.0001753806793316172,0,0
1628389,0.04688905278725451,0.0068596821754781274,0.036964724537969625,0.0030646460738067553,0,0
1629312,-0.06094796907606232,-0.024261033140122328,-0.03579909680603152,-0.0008878391299084677,0,0
1629639,0.023552461199284627,0.04369893373805239,-0.023337931541700725,0.0031914590029329592,0,0
101108,-0.030453489825502184,-0.03879192852168078,0.008411309658255008,-0.00007287096207641322,0,0
1641705,0.017902729788232527,-0.01153954384978884,0.028726426292865117,0.0007158473451562481,0,0
203084,-0.0019268551095512844,0.008721889983792433,-0.010599136799137479,-0.00004960829420623861,0,0
1626179,-0.030599763137870037,-0.012918568695030563,-0.019336389917938738,0.0016551954750992628,0,0
1629639,0.0171494752053998,0.04369893373805239,-0.03075615524694867,0.0042066967142960765,0,0
1626179,-0.039538313384388235,-0.012918568695030563,-0.028140694408776,0.0015209497194183241,0,0
1629639,0.0305175320440443,0.04369893373805239,-0.01653109107306152,0.0033496893790534283,0,0
1641705,0.03355436786683937,-0.01153954384978884,0.04404726542057521,0.001046646296053004,0,0
203084,-0.007085503100316658,0.008721889983792433,-0.015715705866897387,-0.00009168721721170345,0,0
1626179,-0.04311665410820794,-0.012918568695030563,-0.031747896383871745,0.0015498109706943621,0,0
1628389,0.0494039053766592,0.0068596821754781274,0.03999568915447748,0.002548534046703594,0,0
101108,-0.02170653983240269,-0.03879192852168078,0.016827746445184345,0.00025764224409374547,0,0
1641705,0.017592819189867378,-0.01153954384978884,0.028949294450910604,0.00018306858874561448,0,0
203084,0.0034881888751558407,0.008721889983792433,-0.005018781549829549,-0.0002149195588070434,0,0
1626179,-0.03727128775385887,-0.012918568695030563,-0.026168036214310766,0.001815317155482455,0,0
1628389,0.01450424100149446,0.0068596821754781274,0.0035048075456649806,0.004139751280351352,0,0
1628389,0.0189959873736563,0.0068596821754781274,0.005460260629093432,0.006676044569084742,0,0
1629639,-0.0136613753555615,0.04369893373805239,-0.06252836746760485,0.0051680583739909525,0,0
101108,0.01711759623084024,-0.03879192852168078,0.0550512958041267,0.0008582289483943181,0,0
1641705,0.08263215292673957,-0.01153954384978884,0.09362036000259635,0.0005513367739320591,0,0
203084,-0.007787990620520879,0.008721889983792433,-0.01580237505049679,-0.0007075055538165207,0,0
1628389,0.005389672117819603,0.0068596821754781274,-0.008207720221681966,0.006737710164023442,0,0
1629639,-0.01929503776853507,0.04369893373805239,-0.0678442970157113,0.004850325509123844,0,0
101108,0.016404000024055777,-0.03879192852168078,0.054113043189389406,0.0010828853563471488,0,0
1641705,0.06336976536610008,-0.01153954384978884,0.07510821865244811,-0.00019890943655920376,0,0
203084,0.0020250694407356697,0.008721889983792433,-0.005932764837632189,-0.0007640557054245738,0,0
1626179,-0.01226073438877624,-0.012918568695030563,-0.0016826625483704347,0.002340496854624758,0,0
1628389,-0.03236228823030123,0.0068596821754781274,-0.047876470267961053,0.008654499862181688,0,0
1626179,-0.014981318624780925,-0.012918568695030563,-0.004439329816409851,0.00237657988665949,0,0
1626179,0.03543285307824337,-0.012918568695030563,0.045623062148098345,0.002728359625175591,0,0
1629639,0.01764319723534727,0.04369893373805239,-0.03207142896329143,0.006015692460586308,0,0
1626179,0.026433668886058397,-0.012918568695030563,0.036797959994608734,0.0025542775864802257,0,0
1629639,0.034663756530216666,0.04369893373805239,-0.014252615501399637,0.0052174382935639115,0,0
101108,0.07079304374780938,-0.03879192852168078,0.10909028864343437,0.0004946836260557948,0,0
1641705,0.027471851019415242,-0.01153954384978884,0.03967775337935289,-0.0006663585101488114,0,0
203084,-0.06316181745977056,0.008721889983792433,-0.07163325667120958,-0.0002504507723534219,0,0
1626179,0.02344159841421147,-0.012918568695030563,0.03375242934615346,0.002607737763088573,0,0
1629639,0.030134879837235846,0.04369893373805239,-0.018331406200553395,0.00476735229973685,0,0
101108,0.06319726160687783,-0.03879192852168078,0.10144656017533404,0.0005426299532245684,0,0
1641705,0.0020649010282424354,-0.01153954384978884,0.014864744748704082,-0.0012602998706728074,0,0
203084,-0.05421279314649965,0.008721889983792433,-0.06273455341324072,-0.00020012971705136003,0,0
1626179,0.02175204705349103,-0.012918568695030563,0.031998451401005934,0.002672164347515659,0,0
1641783,-0.1442954601407854,-0.14348205226441338,0.004367416534146903,-0.005180824410518926,0,0
203484,0.11942234202841442,0.0035924743592057225,0.11516628577652645,0.000663581892682257,0,0
1627750,-0.0066157917004822766,-0.03014140490914336,0.02287059920940884,0.0006550139992522453,0,0
1629008,0.06357135464189054,0.05813335891572116,0.0047910078394786115,0.0006469878866907583,0,0
1631128,0.0025957968239966956,0.03337573042390037,-0.031549828559504486,0.0007698949596008095,0,0
203999,0.03762570938864434,0.043673680008429326,-0.007230435720966821,0.0011824651011818343,0,0
1641783,-0.14367560921526049,-0.14348205226441338,0.0036870016590069762,-0.00388055860985409,0,0
203484,0.09990819032177901,0.0035924743592057225,0.09589916762699369,0.00041654833557961367,0,0
1627750,-0.014507230780221047,-0.03014140490914336,0.015202661822901902,0.0004315123060204125,0,0
1629008,0.06170451029528148,0.05813335891572116,0.003144700755727571,0.00042645062383274434,0,0
1631128,0.013004203333067442,0.03337573042390037,-0.02087951497955988,0.000507987888726949,0,0
203999,0.03966940070592551,0.043673680008429326,-0.004784697283730779,0.0007804179812269671,0,0
1641783,-0.18273502460418156,-0.14348205226441338,-0.03501827884162305,-0.004234693498145155,0,0
203484,0.0754489531551161,0.0035924743592057225,0.07186509100344626,-0.00000861220753587834,0,0
1627750,-0.008826101238187155,-0.03014140490914336,0.022087707018873814,-0.000772403347917608,0,0
203999,0.04359382993316575,0.043673680008429326,0.0007984178842597514,-0.0008782679595233335,0,0
1627750,-0.010328859379893926,-0.03014140490914336,0.018347175553816885,0.0014653699754325505,0,0
1627750,0.002782938605432273,-0.03014140490914336,0.03308596815818011,-0.00016162464360447383,0,0
1629008,0.05356830557057053,0.05813335891572116,-0.004469758439620216,-0.00009529490553041194,0,0
1631128,0.014118026318408005,0.03337573042390037,-0.019293999987720654,0.00003629588222828781,0,0
1641783,-0.1536796942980217,-0.14348205226441338,-0.006415539674601402,-0.003782102359006916,0,0
203484,0.09073567367546057,0.0035924743592057225,0.08687262468775309,0.000270574628501758,0,0
1629008,0.06439104549154581,0.05813335891572116,0.005694666353318224,0.0005630202225064206,0,0
1631128,0.01623222222252009,0.03337573042390037,-0.017752818942680007,0.0006093107412997233,0,0
203999,0.04047420172417541,0.043673680008429326,-0.004111014243540484,0.0009115359592865632,0,0
1627750,-0.02274564593125535,-0.03014140490914336,0.007223894219467024,0.0001718647584209916,0,0
1629008,0.059458412216804264,0.05813335891572116,0.0011532623778360384,0.00017179092324706886,0,0
1631128,0.02445161033919155,0.03337573042390037,-0.00913327297884678,0.0002091528941379541,0,0
203999,0.041906999798009964,0.043673680008429326,-0.0020898064680983405,0.0003231262576789748,0,0
1627750,-0.03617921226623504,-0.03014140490914336,-0.006605986109009154,0.0005681787519174667,0,0
1629008,0.0650512821775431,0.05813335891572116,0.006400644750786783,0.0005172785110351532,0,0
1631128,0.025011472339086342,0.03337573042390037,-0.008877591057694227,0.0005133329728801992,0,0
203999,0.04231502428208847,0.043673680008429326,-0.0021061456387751745,0.0007474899124343161,0,0
1641783,-0.100540240349749,-0.14348205226441338,0.04678298334751883,-0.003841171432854445,0,0
203484,0.13232646069851636,0.0035924743592057225,0.12777896896097593,0.0009550173783346995,0,0
1627750,-0.016386282082784892,-0.03014140490914336,0.012322197885357634,0.0014329249410008345,0,0
1629008,0.07316806042906607,0.05813335891572116,0.013681990589141184,0.0013527109242037272,0,0
1631128,-0.007813217852143173,0.03337573042390037,-0.04265287668046495,0.001463928404421403,0,0
203999,0.035986621793014054,0.043673680008429326,-0.009877112143571294,0.0021900539281560234,0,0
1641783,-0.13493837453738547,-0.14348205226441338,0.012424865596381833,-0.0038811878693539286,0,0
203484,0.10660695340280417,0.0035924743592057225,0.10248717450758567,0.0005273045360127811,0,0
1627750,-0.04704062258915881,-0.03014140490914336,-0.019328822735011165,0.002429605054995714,0,0
1629008,0.08697298586088949,0.05813335891572116,0.026612858416267815,0.0022267685289005077,0,0
1631128,-0.00857497893699961,0.03337573042390037,-0.04419789543530532,0.0022471860744053378,0,0
203999,0.03655271011363644,0.043673680008429326,-0.010411168752149109,0.0032901988573562297,0,0
1641783,-0.09403337232116464,-0.14348205226441338,0.050421988144930666,-0.0009733082016819207,0,0
203484,0.0932209866874237,0.0035924743592057225,0.08915327120794309,0.0004752411202748823,0,0
1629008,0.08977021402671445,0.05813335891572116,0.02931613010669717,0.002320725004296117,0,0
203999,0.038390111909121886,0.043673680008429326,-0.00859089896207539,0.0033073308627679524,0,0
1641783,-0.015200273487508211,-0.14348205226441338,0.12962427761053996,-0.0013424988336347933,0,0
203484,0.1628090790310126,0.0035924743592057225,0.15865189921296044,0.0005647054588464299,0,0
1627750,-0.06615008231729468,-0.03014140490914336,-0.042917560549357914,0.006908883141206598,0,0
1631128,-0.09050523964105772,0.03337573042390037,-0.12995374382832364,0.006072773763365547,0,0
1641783,-0.009423417289221511,-0.14348205226441338,0.13382502968341922,0.00023360529177264512,0,0
203484,0.1430026477208776,0.0035924743592057225,0.1390812729956648,0.00032890036600705845,0,0
1641783,0.0015860818857691265,-0.14348205226441338,0.1436624927407414,0.0014056414094411177,0,0
203484,0.13341389418043262,0.0035924743592057225,0.12958286093365706,0.00023855888756982963,0,0
1627750,-0.06993190963614118,-0.03014140490914336,-0.045706839746640957,0.0059163350196431465,0,0
1629008,0.11212301902909146,0.05813335891572116,0.04873755364898639,0.005252106464383907,0,0
1631128,-0.06595870085640505,0.03337573042390037,-0.10442675125241424,0.0050923199721088115,0,0
1641783,-0.049770240334584465,-0.14348205226441338,0.09305886154996826,0.0006529503798606566,0,0
1627752,0.023621886557232828,-0.022259067502354315,0.04793874236884699,-0.0020577883092598444,0,0
201572,-0.04683304884280699,-0.11802632038314417,0.06937896844563124,0.001814303094705939,0,0
203081,0.00856233181305385,-0.02560582398645358,0.02953611273993654,0.004632043059570889,0,0
203507,0.018239437820372184,0.1521501112345618,-0.137689613371082,0.0037789399568923807,0,0
1626162,-0.06640034401438796,-0.07465926044538537,0.00787491649316598,0.00038399993783143485,0,0
1630178,0.04863541898896874,-0.01288711750025175,0.05957786876260738,0.0019446677266131162,0,0
1627752,0.003299460452127944,-0.022259067502354315,0.02721418285437475,-0.0016556548998924922,0,0
201572,-0.06084873619973243,-0.11802632038314417,0.055753386796601016,0.0014241973868107224,0,0
203081,0.0041669980525992495,-0.02560582398645358,0.025851510917924817,0.003921311121128011,0,0
203507,0.04518299614495602,0.1521501112345618,-0.10996814100566418,0.0030010259160584115,0,0
203081,0.007201663723388237,-0.02560582398645358,0.02886528318264089,0.003942204527200925,0,0
203507,0.048093947334778356,0.1521501112345618,-0.10724215853156005,0.0031859946317766173,0,0
1626162,-0.07832266244078662,-0.07465926044538537,-0.0031962721529025465,-0.00046712984249868637,0,0
1630178,0.00995215260089576,-0.01288711750025175,0.022727610687673656,0.00011165941347385418,0,0
203507,0.05277894237660825,0.1521501112345618,-0.10322893935193958,0.0038577704939860356,0,0
1626162,-0.0957442504306817,-0.07465926044538537,-0.01921424149764365,-0.0018707484876526845,0,0
1630178,-0.019567636435741984,-0.01288711750025175,-0.004638550900431058,-0.002041968035059175,0,0
201572,-0.045633082184763855,-0.11802632038314417,0.07047834477375359,0.0019148934246267296,0,0
203081,0.010946350178678815,-0.02560582398645358,0.03176954007663491,0.00478263408849748,0,0
1630178,0.055558778339921476,-0.01288711750025175,0.06607896484743932,0.0023669309927339074,0,0
1627752,0.02104097557312463,-0.022259067502354315,0.044159370372453856,-0.0008593272969749086,0,0
201572,-0.06184766695883843,-0.11802632038314417,0.055118215040150347,0.0010604383841553923,0,0
203081,-0.006184805673203762,-0.02560582398645358,0.015999067842286878,0.0034219504709629388,0,0
1626162,-0.06641196661840576,-0.07465926044538537,0.0077649012014454,0.0004823926255342062,0,0
1627752,-0.01539809070155387,-0.022259067502354315,0.008835085258919516,-0.001974108458119072,0,0
201572,-0.06580301160776418,-0.11802632038314417,0.05073543308437681,0.0014878756910031874,0,0
203081,0.008636455079713144,-0.02560582398645358,0.03030297491458557,0.0039393041515811515,0,0
203507,0.05005540524564412,0.1521501112345618,-0.10535857626417153,0.0032638702752538547,0,0
1626162,-0.07694121480343136,-0.07465926044538537,-0.0019779882771011536,-0.0003039660809448353,0,0
1630178,0.0035332751228609118,-0.01288711750025175,0.016308205113144965,0.00011218750996769674,0,0
201572,-0.07420471152958548,-0.11802632038314417,0.04216443561186638,0.0016571732416923194,0,0
203081,0.0180479191016142,-0.02560582398645358,0.03960204085027358,0.004051702237794199,0,0
203507,0.05690347468818004,0.1521501112345618,-0.09911983042986257,0.0038731938834808233,0,0
1627752,0.01074823596802597,-0.022259067502354315,0.03641669938867623,-0.0034093959182959423,0,0
201572,-0.037183056603727845,-0.11802632038314417,0.07829003021352786,0.0025532335658884674,0,0
203081,0.025642532398009097,-0.02560582398645358,0.04549877749878866,0.005749578885674015,0,0
203507,-0.01116534923869916,0.1521501112345618,-0.16888492283554743,0.005569462362286479,0,0
1626162,-0.07722144621264089,-0.07465926044538537,-0.0019483910231646272,-0.0006137947440908846,0,0
1630178,0.05157454812320718,-0.01288711750025175,0.06344120782405538,0.0010204577994035492,0,0
1627752,-0.008523709413550285,-0.022259067502354315,0.016992885321750438,-0.0032575272329464088,0,0
201572,-0.04782733278252316,-0.11802632038314417,0.06787483050021619,0.0023241571004048306,0,0
203081,0.024312184205503424,-0.02560582398645358,0.04461845681688559,0.005299551375071415,0,0
203507,0.007746516256646591,0.1521501112345618,-0.14956154105188665,0.005157946073971454,0,0
1626162,-0.0827821045741153,-0.07465926044538537,-0.007151572401531935,-0.0009712717271979967,0,0
1630178,0.02686153966693768,-0.01288711750025175,0.03971277619340925,0.00003588097378017809,0,0
1627752,-0.021597838508694407,-0.022259067502354315,0.0029716152255659847,-0.002310386231906074,0,0
203081,0.01297114904584783,-0.02560582398645358,0.034406558985812144,0.0041704140464892655,0,0
203507,0.04499713495918106,0.1521501112345618,-0.11083190251786702,0.0036789262424862974,0,0
1626162,-0.08395461904594399,-0.07465926044538537,-0.00836850366618749,-0.0009268549343711321,0,0
1630178,0.0014176207846057322,-0.01288711750025175,0.014869692326829284,-0.0005649540419718024,0,0
203507,0.06168423113740967,0.1521501112345618,-0.09406653721801744,0.003600657120865325,0,0
201572,-0.07135634610256669,-0.11802632038314417,0.04338281334911962,0.003287160931457872,0,0
203081,0.04877615543630878,-0.02560582398645358,0.06791260714756989,0.006469372275192477,0,0
201572,-0.0771468648227988,-0.11802632038314417,0.03775346506219633,0.0031259904981490493,0,0
203081,0.046960242896778276,-0.02560582398645358,0.06639033033847587,0.006175736544755983,0,0
1626162,-0.09423613877937156,-0.07465926044538537,-0.019735814508256972,0.000158936174270772,0,0
1630178,0.08316376106966872,-0.01288711750025175,0.09590930243320256,0.0001415761367179122,0,0
201572,-0.09367854581963826,-0.11802632038314417,0.021749109747106653,0.002598664816399248,0,0
203081,0.03976818337535084,-0.02560582398645358,0.06012632917769893,0.005247678184105489,0,0
203507,0.042219391448993754,0.1521501112345618,-0.11567097254840206,0.00574025276283402,0,0
1626162,-0.10719163728278219,-0.07465926044538537,-0.0316932122382464,-0.0008391645991504309,0,0
1630178,0.05349369598748929,-0.01288711750025175,0.06799076969989544,-0.0016099562121544007,0,0
1627752,0.01232483640138625,-0.022259067502354315,0.039364095611274394,-0.004780191707533831,0,0
201572,-0.10182600258453527,-0.11802632038314417,0.013492470004894397,0.0027078477937145084,0,0
203081,0.047251670703486355,-0.02560582398645358,0.06757426683897241,0.005283227850967521,0,0
203507,0.050129247318492796,0.1521501112345618,-0.10820527757522114,0.006184413659152142,0,0
1626162,-0.11537092232930748,-0.07465926044538537,-0.03929433365785724,-0.0014173282260648641,0,0
1628983,0.05266548247755861,0.030314213552555397,0.019231046479032045,0.0031202224459711656,0,0
1629652,-0.024621663730838145,-0.030513942026712152,0.006133794054488201,-0.0002415157586141919,0,0
1641717,0.02589215687842486,0.01785244068057551,0.006255802068412853,0.001783914129436498,0,0
1629661,0.10811550400935531,0.021502985575469293,0.0856114355799393,0.0010010828539467227,0,0
1628983,0.04297640319452076,0.030314213552555397,0.008515512422613553,0.0041466772193518055,0,0
1629652,-0.03317805435534419,-0.030513942026712152,-0.0016779561676127236,-0.000986156161019317,0,0
1641717,0.011494563838321085,0.01785244068057551,-0.00909559596125195,0.002737719118997524,0,0
1628983,0.019451998440000767,0.030314213552555397,-0.01724407073079855,0.00638185561824392,0,0
1629661,0.15676591458661046,0.021502985575469293,0.1341162486854144,0.0011466803257267652,0,0
1641717,-0.013520814935636932,0.01785244068057551,-0.03553275585813033,0.0041595002419178885,0,0
1629661,0.13242501325265024,0.021502985575469293,0.11031262740237849,0.0006094002748024802,0,0
1641717,0.005480771330482635,0.01785244068057551,-0.015511259733193204,0.0031395903831003286,0,0
1628983,0.03003893007939062,0.030314213552555397,-0.005848581822069425,0.005573298348904649,0,0
1629652,-0.043690455753786564,-0.030513942026712152,-0.011094222279640065,-0.0020822914474343444,0,0
1629661,0.07096515970060636,0.021502985575469293,0.049686438547254394,-0.00022426442211732369,0,0
1629661,0.1630626737701396,0.021502985575469293,0.14058948762208417,0.0009702005725861632,0,0
1628983,0.024059588033441513,0.030314213552555397,-0.011833408491024766,0.0055787829719108825,0,0
1629652,-0.05919858562499949,-0.030513942026712152,-0.027284175716305266,-0.0014004678819820684,0,0
1641717,-0.012174016155236517,0.01785244068057551,-0.034126597273203524,0.0041001404373914975,0,0
1629661,0.12271043904972091,0.021502985575469293,0.10058324155169761,0.0006242119225540048,0,0
1628983,0.031011564725344283,0.030314213552555397,-0.0045758231222409185,0.005273174295029803,0,0
1629652,-0.04604147966598506,-0.030513942026712152,-0.013878207270933886,-0.001649330368339023,0,0
1641717,-0.00518945503827639,0.01785244068057551,-0.026834193449048284,0.0037922977301963843,0,0
1628983,0.03041302747985173,0.030314213552555397,-0.005458039111641597,0.0055568530389379315,0,0
1629661,0.08248288563686892,0.021502985575469293,0.06069789114266502,0.000282008918734621,0,0
1641717,-0.028394666716209556,0.01785244068057551,-0.053432259870304526,0.007185152473519459,0,0
1626181,0.05662115495924188,0.05621739307890883,-0.0010385557331681946,0.0014423176135012464,0,0
1627826,-0.03577290047115509,-0.05067124434132815,0.012141002807183124,0.002757341062989936,0,0
1627884,0.013589786931883353,0.016980416439285773,0.0023805897968722754,-0.005771219304274695,0,0
201935,-0.05709457260094982,-0.027909675617648077,-0.03112769780249329,0.00194280081919155,0,0
1629060,0.026383354633082882,-0.011805350441113003,0.03748854429331625,0.0007001607808796319,0,0
1630559,-0.03173900951803884,-0.024125716852981774,-0.009188590712149286,0.0015752980470922192,0,0
203076,0.007094709537169617,0.040739915789972055,-0.03569432197842841,0.0020491157256259714,0,0
2544,-0.015444108715715084,-0.004847344294722396,-0.011428038728780218,0.0008312743077875303,0,0
1626181,0.04894199799094959,0.05621739307890883,-0.008785146900979807,0.0015097518130205612,0,0
1627826,-0.033875278659405525,-0.05067124434132815,0.012961747804917448,0.003834217877005181,0,0
1627884,0.013850042199673744,0.016980416439285773,0.002119734904160564,-0.005250109143772592,0,0
201935,-0.07985770399441214,-0.027909675617648077,-0.053718448628020436,0.0017704202512563675,0,0
1629060,0.027610638421793843,-0.011805350441113003,0.040335955534129886,-0.0009199666712230406,0,0
1630559,-0.020244987787576413,-0.024125716852981774,0.003552293936663717,0.0003284351287416458,0,0
203076,0.022054826775506374,0.040739915789972055,-0.018766209337701432,0.0000811203232357503,0,0
2544,-0.008820649548464071,-0.004847344294722396,-0.003546549647514795,-0.0004267556062268801,0,0
1626181,0.04142452022350093,0.05621739307890883,-0.01626037424249655,0.001467501387088653,0,0
1627826,-0.028443629319033475,-0.05067124434132815,0.017741986899872542,0.004485628122422136,0,0
1627884,0.01200516556533591,0.016980416439285773,-0.0003103025519997568,-0.004664948321950106,0,0
201935,-0.10249927654394499,-0.027909675617648077,-0.07611900523032604,0.001529404304029127,0,0
203076,0.03382251229898636,0.040739915789972055,-0.006408048500091379,-0.000509354990894312,0,0
1627739,-0.008835363559088642,-0.021976788421234326,0.01580261737537052,-0.0026611925132248382,0,0
201935,-0.12219750158528621,-0.027909675617648077,-0.09549311593980783,0.0012052899721697017,0,0
1629060,0.03517288273262265,-0.011805350441113003,0.04703277333481307,-0.000054540161077411964,0,0
1630559,-0.026946361580597513,-0.024125716852981774,-0.004035097100353092,0.0012144523727373522,0,0
2544,-0.014000269107026005,-0.004847344294722396,-0.009459214047729298,0.000306289235425688,0,0
1626181,0.048040213774831864,0.05621739307890883,-0.00987576018729253,0.0016985808832155607,0,0
1627739,-0.017275239537458662,-0.021976788421234326,0.0073844886525472,-0.0026829397687715365,0,0
1629060,0.02773686346609342,-0.011805350441113003,0.040458773438471714,-0.000916559531265289,0,0
1630559,-0.020277962162197672,-0.024125716852981774,0.0035132494667970762,0.00033450522398702524,0,0
203076,0.02193294643718146,0.040739915789972055,-0.018896215806452506,0.00008924645366191258,0,0
1626181,0.03654821975575613,0.05621739307890883,-0.021706759602767342,0.002037586279614648,0,0
1627826,-0.04464438034438012,-0.05067124434132815,-0.001104243509876493,0.007131107506824523,0,0
201935,-0.11521191230505558,-0.027909675617648077,-0.08907411714662077,0.0017718804592132724,0,0
1630559,-0.004324824112959542,-0.024125716852981774,0.021186501201695393,-0.0013856084616731604,0,0
203076,0.04236521314988827,0.040739915789972055,0.00425711472181073,-0.0026318173618945125,0,0
2544,0.0002459671628560153,-0.004847344294722396,0.007262576483308783,-0.0021692650257303723,0,0
1626181,0.029304733163564016,0.05621739307890883,-0.028922462170415303,0.0020098022550704914,0,0
1627826,-0.03983742185827713,-0.05067124434132815,0.003026954492093503,0.007806867990957521,0,0
1627884,0.020869064856967653,0.016980416439285773,0.008033181629912227,-0.004144533212230347,0,0
201935,-0.13698555384091002,-0.027909675617648077,-0.11062415528401827,0.001548277060756323,0,0
1626181,0.048484115431521424,0.05621739307890883,-0.010755727999600357,0.0030224503522129527,0,0
1627826,-0.083565781657112,-0.05067124434132815,-0.04240592201686292,0.009511384701079087,0,0
1627884,0.04312435305893815,0.016980416439285773,0.03240841384765626,-0.0062644772280038815,0,0
201935,-0.07623038288342539,-0.027909675617648077,-0.05108786274045201,0.002767155474674699,0,0
1629060,0.06502954327019939,-0.011805350441113003,0.08005133751844354,-0.0032164438071311595,0,0
1630559,-0.006390846096739466,-0.024125716852981774,0.01821874508123053,-0.00048387432498822277,0,0
203076,0.018214207536178115,0.040739915789972055,-0.020921775900295862,-0.0016039323534980778,0,0
2544,-0.006559238141708818,-0.004847344294722396,0.00023305784643912544,-0.0019449516934255471,0,0
1626181,0.03868543569041567,0.05621739307890883,-0.02074637589314151,0.0032144185046483536,0,0
1627826,-0.084641019302399,-0.05067124434132815,-0.04524934027066783,0.011279565309596985,0,0
1627884,0.045510646727943305,0.016980416439285773,0.03420316423922763,-0.005672933950570102,0,0
201935,-0.1049264019433048,-0.027909675617648077,-0.07963462306015306,0.002617896734496354,0,0
1629060,0.054874056377656216,-0.011805350441113003,0.07050062444883963,-0.003821217630070415,0,0
1630559,-0.0013749532818554868,-0.024125716852981774,0.02398418632800424,-0.0012334227568779523,0,0
203076,0.031249170861818554,0.040739915789972055,-0.006823620347061705,-0.0026671245810917913,0,0
2544,-0.001966655438777242,-0.004847344294722396,0.005374083977099212,-0.0024933951211540584,0,0
1627826,-0.07214131490478204,-0.05067124434132815,-0.03255011298127123,0.011080042417817347,0,0
1627884,0.039455506289349004,0.016980416439285773,0.027434761656170106,-0.0049596718061068745,0,0
201935,-0.12732485680497865,-0.027909675617648077,-0.10165479121601557,0.0022396100286849936,0,0
203076,0.05073132636842838,0.040739915789972055,0.014539804843717329,-0.004548394265261003,0,0
2544,0.005426014636200696,-0.004847344294722396,0.013832098550881324,-0.0035587396199582323,0,0
1629060,0.09961374586132893,-0.011805350441113003,0.11224362022458186,-0.000824523922139927,0,0
2544,-0.04327460249742721,-0.004847344294722396,-0.037949155034304655,-0.0004781031684001633,0,0
1626181,0.031203558032522595,0.05621739307890883,-0.02792588702834957,0.002912051981963334,0,0
201935,-0.03169727475346028,-0.027909675617648077,-0.005872662790996009,0.0020850636551838103,0,0
1629060,0.0763027084937645,-0.011805350441113003,0.08823920395386156,-0.0001311450189840662,0,0
1630559,-0.047064484370636754,-0.024125716852981774,-0.02309732947323526,0.00015856195558027386,0,0
203076,-0.03042981883103787,0.040739915789972055,-0.07110629971415779,-0.00006343490685213832,0,0
1626181,0.02255967210013047,0.05621739307890883,-0.03646804955132687,0.002810328572548511,0,0
1627826,-0.05509881035077337,-0.05067124434132815,-0.016525918141655306,0.012098352132210097,0,0
201935,-0.0579070081370041,-0.027909675617648077,-0.03176979530459042,0.0017724627852343925,0,0
1629060,0.06285974127585925,-0.011805350441113003,0.07515909714145687,-0.0004940054244846144,0,0
1630559,-0.04355271347347299,-0.024125716852981774,-0.01893909343243813,-0.00048790318805308654,0,0
203076,-0.017449562799434316,0.040739915789972055,-0.05726061079216808,-0.0009288677972382918,0,0
2544,-0.03733404613691958,-0.004847344294722396,-0.031994103528650196,-0.0004925983135469897,0,0
1626181,0.016459459615247873,0.05621739307890883,-0.04200973604166087,0.0022518025779999134,0,0
1627826,-0.03338522526566471,-0.05067124434132815,0.006609477899436684,0.010676541176226758,0,0
1627884,0.006103026187002505,0.016980416439285773,-0.0073874828020451255,-0.0034899074502381423,0,0
201935,-0.07801205088093757,-0.027909675617648077,-0.051329339757659194,0.001226964494369693,0,0
1629028,-0.0070583716030139815,0.047438957982105415,-0.055428557334535555,0.0009312277494161592,0,0
1641739,0.047137848820961184,-0.025625975180734364,0.0711035378934019,0.001660286108293651,0,0
203924,-0.15138256784970863,0.025102907565479053,-0.17848735906461452,0.002001883649426817,0,0
1629632,-0.04120301453309385,-0.006445447139753244,-0.03610397121023097,0.0013464038168903632,0,0
1630172,-0.12819888585360775,-0.06620694058526021,-0.06085716395774872,-0.0011347813105988306,0,0
1630581,-0.02890747037908389,0.01214981529199513,-0.04091358532286597,-0.0001437003482130482,0,0
202696,-0.049002434198852,-0.021494638498046385,-0.029157864066123675,0.0016500683653180599,0,0
203897,0.1641114774071322,0.08939973627405268,0.0721287750203212,0.002582966112758312,0,0
1629028,-0.005904954754223831,0.047438957982105415,-0.05270189782488943,-0.0006420149114398136,0,0
1641739,0.05094647933934685,-0.025625975180734364,0.07578471179967343,0.0007877427204077902,0,0
203924,-0.11164083089251445,0.025102907565479053,-0.13795200102441021,0.0012082625664167062,0,0
1630172,-0.10716038111531082,-0.06620694058526021,-0.04009904880627562,-0.0008543917237749922,0,0
1630581,-0.020116963928181894,0.01214981529199513,-0.03229394483302307,0.000027165612846048487,0,0
202696,-0.03910778904102855,-0.021494638498046385,-0.018950479128979902,0.0013373285859977324,0,0
203897,0.13604314055834132,0.08939973627405268,0.04465609264989918,0.001987311634389465,0,0
1629028,0.009897757266222598,0.047438957982105415,-0.037296064843934953,-0.00024513587194786315,0,0
1631101,0.035989851269469145,-0.024968775106437788,0.06025751125870745,0.000701115117199484,0,0
1641739,0.04597591329863222,-0.025625975180734364,0.07083382628692378,0.0007680621924428131,0,0
1630245,0.007615421018665166,-0.018016907565713218,0.024177242420970503,0.00145508616340788,0,0
202696,-0.026834269468255723,-0.021494638498046385,-0.006703478252839179,0.0013638472826298395,0,0
203897,0.09946387842952426,0.08939973627405268,0.008323532249904519,0.0017406099055670527,0,0
1631101,0.004650495094787054,-0.024968775106437788,0.029682659954215897,-0.00006338975299105499,0,0
203924,-0.01749843707312912,0.025102907565479053,-0.042459150599948384,-0.00014219403865978913,0,0
1629632,-0.050013568121739634,-0.006445447139753244,-0.04515468116737524,0.0015865601853888526,0,0
1630245,0.04295734908748991,-0.018016907565713218,0.058436209504844794,0.002538047148358336,0,0
1631101,0.08714456531978343,-0.024968775106437788,0.11180123797285844,0.0003121024533627695,0,0
1629632,-0.03835108667305215,-0.006445447139753244,-0.033011649618091984,0.001106010084793079,0,0
1630172,-0.11347582147266266,-0.06620694058526021,-0.04620091306621156,-0.0010679678211908913,0,0
1630581,-0.029111158336177667,0.01214981529199513,-0.04138772015533963,0.0001267465271668363,0,0
202696,-0.041387035316305734,-0.021494638498046385,-0.021629126538090827,0.0017367297198314755,0,0
203897,0.14111639430398967,0.08939973627405268,0.04920339221512294,0.0025132658148140537,0,0
1629028,-0.0016857032623522608,0.047438957982105415,-0.047524898131991906,-0.001599763112465769,0,0
1641739,0.05238878479141208,-0.025625975180734364,0.0778106028416688,0.00020415713047765521,0,0
203924,-0.0774279710593397,0.025102907565479053,-0.10319552855754927,0.0006646499327305136,0,0
1629632,-0.023538289040020043,-0.006445447139753244,-0.017708954441446073,0.0006161125411792746,0,0
1630172,-0.09327999344427318,-0.06620694058526021,-0.02650568403724138,-0.0005673688217715906,0,0
1630245,0.005842441863184853,-0.018016907565713218,0.02285413273355579,0.0010052166953422792,0,0
202696,-0.033124494987980854,-0.021494638498046385,-0.01251995965992778,0.0008901031699933154,0,0
203897,0.1201680095151686,0.08939973627405268,0.029447663912909573,0.001320609328206345,0,0
1629028,0.023364754660682982,0.047438957982105415,-0.024715442257309737,0.0006412389358873032,0,0
1641739,0.04031287100267221,-0.025625975180734364,0.06488952810283345,0.001049318080573127,0,0
203924,-0.05799611034604226,0.025102907565479053,-0.08443513802278084,0.0013361201112595288,0,0
1629632,-0.008155480340179261,-0.006445447139753244,-0.001804694448600122,0.00009466124817410389,0,0
1630245,-0.015304873991026504,-0.018016907565713218,0.002660886145135873,0.00005114742955084139,0,0
202696,-0.024020125619253554,-0.021494638498046385,-0.00255809458632355,0.000032607465116379007,0,0
203897,0.09676465261327383,0.08939973627405268,0.007268951708022153,0.00009596463119900313,0,0
1629028,-0.003916636865382429,0.047438957982105415,-0.053278515034888216,0.0019229201874003722,0,0
1641739,0.043773165144331515,-0.025625975180734364,0.06724649196144376,0.002152648363622121,0,0
203924,-0.16541268007756882,0.025102907565479053,-0.19295120480333303,0.002435617160285149,0,0
1629632,-0.01891905176396126,-0.006445447139753244,-0.013576704869934817,0.0011031002457268,0,0
1630172,-0.1344351030393306,-0.06620694058526021,-0.06794639803453997,-0.00028176441953042076,0,0
1630581,0.014461782222364633,0.01214981529199513,0.0035977214889592064,-0.0012857545585897023,0,0
202696,-0.05693390191751687,-0.021494638498046385,-0.03497189996111519,-0.00046736345835529636,0,0
203897,0.19668290583546752,0.08939973627405268,0.10703489779761251,0.0002482717638023363,0,0
1629028,0.017690634479954243,0.047438957982105415,-0.03293471552369403,0.003186392021542857,0,0
1631101,0.05815705728987166,-0.024968775106437788,0.08134822718743624,0.0017776052088732037,0,0
1641739,0.035100170326604285,-0.025625975180734364,0.05820850695410921,0.0025176385532294353,0,0
1630245,0.00033615613008646807,-0.018016907565713218,0.01814574591799604,0.00020731777780364446,0,0
202696,-0.04123237556238706,-0.021494638498046385,-0.019807591542385886,0.00006985447804520745,0,0
203897,0.14774641780545672,0.08939973627405268,0.05781635100370458,0.0005303305276994743,0,0
1629028,0.024773678452462523,0.047438957982105415,-0.024759382224310355,0.002094102694667463,0,0
1631101,0.024142771985912234,-0.024968775106437788,0.04756973371306438,0.0015418133792856406,0,0
1641739,0.03617924048203123,-0.025625975180734364,0.059986981900449335,0.001818233762316263,0,0
1629028,0.03205983885648224,0.047438957982105415,-0.01789044514728989,0.0025113260216667135,0,0
1631101,0.008970304891235755,-0.024968775106437788,0.03219555170751144,0.001743528290162102,0,0
1641739,0.03327762129434911,-0.025625975180734364,0.05696708584257597,0.0019365106325075067,0,0
1629632,0.0015994741151525958,-0.006445447139753244,0.007995131002127849,0.00004979025277799051,0,0
1630245,-0.02590211959617258,-0.018016907565713218,-0.00690363720704682,-0.0009815748234125424,0,0
1630581,0.03159141047975346,0.01214981529199513,0.02012790112682415,-0.0006863059390658226,0,0
1631101,0.00363220303958822,-0.024968775106437788,0.025426243363814972,0.0031747347822110353,0,0
203924,-0.13363595791298605,0.025102907565479053,-0.16279700414299048,0.004058138664525377,0,0
1631101,-0.013718902915878455,-0.024968775106437788,0.008193271623272925,0.0030566005672864084,0,0
203924,-0.11049600059895563,0.025102907565479053,-0.1393234823905787,0.003724574226144012,0,0
1630245,0.0034974767280970594,-0.018016907565713218,0.02159301216617536,-0.00007862787236508263,0,0
1630581,0.010108154981745549,0.01214981529199513,-0.001577741882855947,-0.0004639184273936355,0,0
202696,-0.10708624027698337,-0.021494638498046385,-0.08525173894199183,-0.0003398628369451644,0,0
203897,0.14398350976203955,0.08939973627405268,0.054925656608955965,-0.00034188312096907966,0,0
1629028,0.05800622780180813,0.047438957982105415,0.00353215992513177,0.007035109894570939,0,0
1631101,-0.049395268309279296,-0.024968775106437788,-0.02788282993985277,0.0034563367370112636,0,0
203924,-0.08218746133580883,0.025102907565479053,-0.11111201359374807,0.0038216446924601967,0,0
1629028,0.06034194242779417,0.047438957982105415,0.006357370319461014,0.006545614126227741,0,0
1631101,-0.06227485131941544,-0.024968775106437788,-0.04064737663676529,0.0033413004237876427,0,0
203924,-0.06419083885238558,0.025102907565479053,-0.09283447293948428,0.003540726521619652,0,0
1630172,-0.07180239018330668,-0.06620694058526021,-0.005867064681719249,0.0002716150836727764,0,0
1630245,-0.010998472550370416,-0.018016907565713218,0.007231637654594773,-0.00021320263925197135,0,0
1630581,0.0140877888549686,0.01214981529199513,0.0019164465536451493,0.00002152700932831988,0,0
202696,-0.09094030711835956,-0.021494638498046385,-0.06908232636682166,-0.0003633422534915147,0,0
203897,0.0961113759130834,0.08939973627405268,0.0074473702566606815,-0.0007357306176299696,0,0
1629028,0.06835500004170912,0.047438957982105415,0.0151266455827891,0.005789396476814603,0,0
1631101,-0.09458836097656506,-0.024968775106437788,-0.07283238602329846,0.0032128001531711798,0,0
203924,-0.023840491912862,0.025102907565479053,-0.051974399050961975,0.0030309995726209233,0,0
1629673,0.06314094120235367,0.08405244705327942,-0.021158661643984028,0.0002471557930582701,0,0
1641731,-0.0910349723373972,-0.016568482179682667,-0.07566625981849431,0.0011997696607797836,0,0
1642259,-0.10145662758552379,-0.01906536361878032,-0.08088428929389671,-0.0015069746728467576,0,0
1642267,-0.067226434860797,0.01069390561818425,-0.0755415304609531,-0.0023788100180281557,0,0
1627734,0.06892347814539991,0.08000020758694414,-0.01775530544839506,0.006678576006850831,0,0
1628368,0.07265533643494047,-0.03895860884235473,0.10650407202477365,0.005109873252521554,0,0
1628370,-0.11372390613263193,-0.03142340189677833,-0.0861220473239594,0.0038215430881057945,0,0
1631099,0.017204600819159394,-0.0414106679003816,0.053548202620741725,0.005067066098799271,0,0
201942,-0.03757465960863264,0.003368077077970001,-0.0467486559270856,0.00580591924048296,0,0
1629673,0.07080084373965947,0.08405244705327942,-0.013198342827162595,-0.00005326048645736568,0,0
1641731,-0.07218406388486752,-0.016568482179682667,-0.056856353120795504,0.0012407714156106387,0,0
1642259,-0.07384405438641674,-0.01906536361878032,-0.05376744671574028,-0.0010112440518961312,0,0
1642267,-0.04613136615112837,0.01069390561818425,-0.05465666145228212,-0.0021686103170305013,0,0
1627734,0.058417733518161694,0.08000020758694414,-0.027836260628384134,0.006253786559601698,0,0
1628368,0.052651136915039205,-0.03895860884235473,0.08657592124764038,0.00503382450975356,0,0
1628370,-0.1128529641422583,-0.03142340189677833,-0.08501122062794086,0.0035816583824609008,0,0
1631099,0.021727850905687615,-0.0414106679003816,0.05838000577259234,0.004758513033476875,0,0
201942,-0.028104040057499835,0.003368077077970001,-0.03693414296192816,0.005462025826458319,0,0
1627734,0.0493271679648322,0.08000020758694414,-0.03708905162658199,0.006416012004470058,0,0
1628370,-0.10916390180643287,-0.03142340189677833,-0.08131315875533313,0.003572658845678582,0,0
1631099,0.021437002627971737,-0.0414106679003816,0.05797950856385243,0.004868161964500908,0,0
1629673,0.0749822275147841,0.08405244705327942,-0.009492245987323754,0.0004220264488284237,0,0
1641731,-0.036228455744856614,-0.016568482179682667,-0.019459647655207704,-0.00020032590996624326,0,0
1628368,0.003691868407445319,-0.03895860884235473,0.036412516371400895,0.006237960878399157,0,0
201942,-0.01785683256435294,0.003368077077970001,-0.027769667084009166,0.006544757441686224,0,0
1642267,0.010684824506471674,0.01069390561818425,-0.0013102225422936637,0.0013011414305810884,0,0
1628368,0.04241404160414412,-0.03895860884235473,0.07414958892385126,0.0072230615226475964,0,0
201942,-0.04398287438683831,0.003368077077970001,-0.055721191294024947,0.008370239829216634,0,0
1628368,0.02749400290044887,-0.03895860884235473,0.05950641784590991,0.006946193896893691,0,0
201942,-0.034871538059085334,0.003368077077970001,-0.04604863727099776,0.007809022133942424,0,0
1627734,0.014124563616544057,0.08000020758694414,-0.07538807426062644,0.009512430290226357,0,0
1628370,-0.08120257365261575,-0.03142340189677833,-0.054242088522973006,0.004462916767135573,0,0
1631099,0.0007213513473910763,-0.0414106679003816,0.03508456029589216,0.007047458951880518,0,0
1629673,0.06645660812516546,0.08405244705327942,-0.018958162377240656,0.0013623234491266893,0,0
1641731,-0.032883515110491736,-0.016568482179682667,-0.014681939378478788,-0.0016330935523302785,0,0
1642259,-0.07427211465961817,-0.01906536361878032,-0.05424823306577253,-0.0009585179750653135,0,0
1627734,0.015946890228679074,0.08000020758694414,-0.07235515537917045,0.008301838020905387,0,0
1628368,0.00008079870002591135,-0.03895860884235473,0.032081351225516655,0.00695805631686399,0,0
1628370,-0.08846947030664332,-0.03142340189677833,-0.06106923714280345,0.004023168732938447,0,0
1631099,0.01012961653530801,-0.0414106679003816,0.04535231539764839,0.00618796903804122,0,0
201942,-0.022972968187175414,0.003368077077970001,-0.03383947925367987,0.00749843398853445,0,0
1629673,0.07362044914990176,0.08405244705327942,-0.011394826637965944,0.0009628287345882821,0,0
1641731,-0.020012211756049125,-0.016568482179682667,-0.0021203378497817883,-0.0013233917265846702,0,0
1642259,-0.049897730927009006,-0.01906536361878032,-0.03030569384208595,-0.0005266734661427347,0,0
1642267,0.0016111266981886547,0.01069390561818425,-0.010540717987563744,0.0014579390675681485,0,0
1627734,0.00544114560144086,0.08000020758694414,-0.08243611055915953,0.007877048573656256,0,0
1628368,-0.01992340081987536,-0.03895860884235473,0.012153200448383378,0.0068820075740959955,0,0
1628370,-0.08759852831626969,-0.03142340189677833,-0.05995841044678492,0.0037832840272935533,0,0
1631099,0.014652866621836224,-0.0414106679003816,0.050184118549499,0.005879415972718823,0,0
201942,-0.013502348636042612,0.003368077077970001,-0.024024966288522423,0.007154540574509809,0,0
1629673,0.05433365317362666,0.08405244705327942,-0.03164416590261668,0.00192537202296391,0,0
1641731,-0.05920125427755542,-0.016568482179682667,-0.04073426003865076,-0.001898512059221996,0,0
1642259,-0.11690168213444511,-0.01906536361878032,-0.0961167183160058,-0.0017196001996589959,0,0
1642267,-0.04418996254742057,0.01069390561818425,-0.056461879345072796,0.0015780111794679742,0,0
1627734,0.007889627265923255,0.08000020758694414,-0.08296974824913841,0.010859167928117534,0,0
1628368,0.006407636222747523,-0.03895860884235473,0.03675771684980324,0.008608528215299019,0,0
1628370,-0.07182694704828932,-0.03142340189677833,-0.04532335566903345,0.004919810517522461,0,0
1631099,-0.009283659701031741,-0.0414106679003816,0.024126028430960608,0.008000979768389252,0,0
201942,-0.04109659260056979,0.003368077077970001,-0.05432315042295373,0.00985848074441394,0,0
1629673,0.06046339331786717,0.08405244705327942,-0.025441977566582095,0.0018529238311698313,0,0
1641731,-0.03737306852305006,-0.016568482179682667,-0.018554388647254824,-0.002250197696112564,0,0
1642259,-0.09275052621712479,-0.01906536361878032,-0.07240729831260549,-0.0012778642857389786,0,0
1642267,-0.021349357834787933,0.01069390561818425,-0.0343185695746111,0.0022753061216389207,0,0
1627734,-0.01083483152089713,0.08000020758694414,-0.10179328613675756,0.010958247028916294,0,0
1628368,-0.022811102831385117,-0.03895860884235473,0.007167067656467869,0.008980438354501751,0,0
1628370,-0.06553077929498154,-0.03142340189677833,-0.03892054542911561,0.0048131680309124025,0,0
1631099,-0.00801708634876267,-0.0414106679003816,0.025333863616207496,0.008059717935411435,0,0
201942,-0.0317560905400711,0.003368077077970001,-0.04514889849047119,0.010024730872430086,0,0
1642267,-0.002661590342633951,0.01069390561818425,-0.01620131612605152,0.002845820165233319,0,0
1628370,-0.08143875036938387,-0.03142340189677833,-0.05414767564632881,0.004132327173723259,0,0
201942,-0.020834263595293733,0.003368077077970001,-0.03225837878111972,0.008056038107855986,0,0
1641731,-0.0007407129137773152,-0.016568482179682667,0.01849581110091824,-0.002668041835012888,0,0
1628368,-0.014202088220231057,-0.03895860884235473,0.01849212301734476,0.006264397604778916,0,0
201942,-0.010263926224703849,0.003368077077970001,-0.01999989997257141,0.006367896669897563,0,0
1629673,0.04042686587187802,0.08405244705327942,-0.04429458406713185,0.0006690028857304436,0,0
1641731,-0.019868406049586194,-0.016568482179682667,-0.002590987959829077,-0.000708935910074452,0,0
1627734,0.07486009773733947,0.08000020758694414,-0.016472187305659535,0.011332077456054874,0,0
1628370,-0.08911281242601062,-0.03142340189677833,-0.0625214740685894,0.004832063539357129,0,0
1631099,-0.0017625683580289996,-0.0414106679003816,0.031189440831414835,0.008458658710937766,0,0
201942,-0.0003047202396316579,0.003368077077970001,-0.014049683442172091,0.010376886124570432,0,0
1629673,0.04849990280317633,0.08405244705327942,-0.03581130651724913,0.00025876226714603083,0,0
1641731,-0.0037594292100255797,-0.016568482179682667,0.01326045095228071,-0.00045139798262362204,0,0
1642267,0.026671117928077626,0.01069390561818425,0.01476618064439101,0.0012110316655023674,0,0
1627734,0.05234217005686842,0.08000020758694414,-0.039482158470801,0.011824120940725283,0,0
1628368,0.02685808147255422,-0.03895860884235473,0.0556094270777305,0.010207263237178455,0,0
1628370,-0.07947498707126881,-0.03142340189677833,-0.05289516420480467,0.004843579030314198,0,0
1631099,-0.003198908900622577,-0.0414106679003816,0.029417367845728043,0.008794391154030981,0,0
201942,0.007644654423372229,0.003368077077970001,-0.006639591583738655,0.010916168929140883,0,0
1641731,0.0214122841443038,-0.016568482179682667,0.03952715706702836,-0.0015463907430418946,0,0
1642259,-0.007565254254832164,-0.01906536361878032,0.01151488522069543,-0.00001477585674727243,0,0
1642267,0.05027066489632342,0.01069390561818425,0.03677765067402487,0.0027991086041142953,0,0
1629023,0.03230989132286918,-0.027051431577280946,0.057645830458173695,0.001715492441976432,0,0
202681,-0.005953753869448198,-0.06588949779569958,0.057773034239868064,0.002162709686383319,0,0
202691,0.07089046572298066,-0.023289220166874666,0.09505880454593771,-0.00087911865608238,0,0
1630163,0.11137154340308444,0.1045184512243556,0.004887739140230901,0.0019653530384979383,0,0
1630182,-0.01735093934372872,0.005510873315251616,-0.021742240188159866,-0.0011195724708204689,0,0
1629023,0.01846573882819462,-0.027051431577280946,0.04471855060239448,0.0007986198030810873,0,0
202681,-0.016877001489388112,-0.06588949779569958,0.047730916113124494,0.0012815801931869756,0,0
202691,0.05698753553527939,-0.023289220166874666,0.08056565348411303,-0.0002888977819589721,0,0
1630163,0.0963832714266046,0.1045184512243556,-0.009687753618875592,0.0015525738211245952,0,0
202681,-0.03743046165472164,-0.06588949779569958,0.027624965788258956,0.000834070352718981,0,0
1630163,0.07715242962402288,0.1045184512243556,-0.028813756160909143,0.0014477345605764238,0,0
202681,-0.06408946973894343,-0.06588949779569958,0.00111753813560428,0.000682489921151878,0,0
1629023,0.03500593582347496,-0.027051431577280946,0.06055938285671616,0.0014979845440397448,0,0
202691,0.07977622298582511,-0.023289220166874666,0.10376429342635654,-0.000698850273656758,0,0
1630182,-0.011854256295705292,0.005510873315251616,-0.016376737748779326,-0.000988391862177582,0,0
202691,0.03298318463231321,-0.023289220166874666,0.05729643403314187,-0.001024029233953999,0,0
1630163,0.09471196387839914,0.1045184512243556,-0.011655844139721074,0.001849356793764611,0,0
1630182,-0.010256527344761008,0.005510873315251616,-0.014806347801450286,-0.0009610528585623384,0,0
202681,-0.05501305326262449,-0.06588949779569958,0.009138603459351006,0.0017378410737240871,0,0
202691,-0.01520848137555163,-0.023289220166874666,0.00942824299499337,-0.0013475042036703356,0,0
1630163,0.07526184746654797,0.1045184512243556,-0.030835103955967176,0.0015785001981595426,0,0
202681,-0.07648810753109625,-0.06588949779569958,-0.011654442473622016,0.0010558327382253502,0,0
1629023,0.039977943931313015,-0.027051431577280946,0.06672147961396899,0.0003078958946249734,0,0
202681,0.011419108553094099,-0.06588949779569958,0.07605423381035901,0.0012543725384346648,0,0
202691,0.10847044818857698,-0.023289220166874666,0.131538006822945,0.00022166153250664517,0,0
1630163,0.11557467907138312,0.1045184512243556,0.009345355744201055,0.0017108721028264546,0,0
1630182,-0.028544021558643544,0.005510873315251616,-0.03266954381033708,-0.0013853510635580813,0,0
1629023,0.024190479442458942,-0.027051431577280946,0.051124300788172004,0.00011761023156788392,0,0
202681,-0.006093278424511494,-0.06588949779569958,0.05892314348253993,0.0008730758886481582,0,0
202691,0.07927409590395983,-0.023289220166874666,0.10230608373495124,0.000257232335883252,0,0
1630163,0.0973960026746419,0.1045184512243556,-0.008691943185625715,0.0015694946359120121,0,0
1630182,-0.021293309988387833,0.005510873315251616,-0.025580026320084437,-0.001224156983555011,0,0
1629023,-0.0005849844542779687,-0.027051431577280946,0.025647441695691053,0.000819005427311924,0,0
202681,-0.03948702198370318,-0.06588949779569958,0.02539875022684511,0.001003725585151295,0,0
1630163,0.07613417242092226,0.1045184512243556,-0.029706764439016008,0.001322485635582665,0,0
1629023,-0.025500475315472705,-0.027051431577280946,0.00028224658993274664,0.0012687096718754939,0,0
202681,-0.07155825736267524,-0.06588949779569958,-0.006617497121895336,0.0009487375549196897,0,0
1629023,-0.03548713655200461,-0.027051431577280946,-0.010855344313286844,0.0024196393385631817,0,0
202691,0.09771281457570305,-0.023289220166874666,0.12279465674122754,-0.0017926219986498188,0,0
1629023,-0.0521709137293335,-0.027051431577280946,-0.02708802939551315,0.001968547243460596,0,0
202681,0.03453808129540206,-0.06588949779569958,0.09900005442611134,0.0014275246649903001,0,0
202691,0.07075873819575397,-0.023289220166874666,0.09561664722021689,-0.001568688857588248,0,0
1630163,0.15823898728324515,0.1045184512243556,0.053118831667915985,0.000601704390973571,0,0
1630182,-0.10422691869945556,0.005510873315251616,-0.10844608330372855,-0.0012917087109786196,0,0
1629023,-0.0736376275834962,-0.027051431577280946,-0.04929601867420431,0.002709822667989058,0,0
202681,0.004814598480019958,-0.06588949779569958,0.06906600944271396,0.0016380868330055785,0,0
1630163,0.14201318349439526,0.1045184512243556,0.037597073356490096,-0.0001023410864504251,0,0
1630182,-0.11690494559120289,0.005510873315251616,-0.12080817183053123,-0.0016076470759232766,0,0
1630163,0.13189139696908578,0.1045184512243556,0.027536166868848383,-0.00016322112411821165,0,0
1630182,-0.11227664286957781,0.005510873315251616,-0.11628381539909537,-0.0015037007857340607,0,0
1630595,0.009395273343245332,-0.039184849705020876,0.046901593466632016,0.0016785295816341922,0,0
1631105,0.07708857337857747,0.043832092825417085,0.032905774454529774,0.00035070609863061203,0,0
202699,0.11532454080704409,0.043433518018748035,0.0703821066878251,0.0015089161004709548,0,0
203501,-0.00013670895771641996,-0.08511090853089884,0.08498896524789532,-0.000014765674712897205,0,0
1627832,-0.00812279967842577,-0.017319246673288876,0.0036861411009134295,0.005510305893949676,0,0
1628415,-0.0530287247091438,-0.05905330257546563,0.0038615075209344645,0.00216307034538737,0,0
1630224,0.024059393516893526,-0.0226904719248296,0.044705586563483106,0.0020442788782400207,0,0
1630578,-0.002423520927529145,0.04730956355131233,-0.05238959401197689,0.0026565095331354165,0,0
1630595,0.003713489295799007,-0.039184849705020876,0.04196275438909006,0.0009355846117298262,0,0
1631105,0.06684244753401597,0.043832092825417085,0.023031296930238605,-0.000020942221639719738,0,0
202699,0.09842185349189227,0.043433518018748035,0.05429678276498822,0.0006915527081560086,0,0
203501,-0.020659715110131815,-0.08511090853089884,0.0642806217310796,0.00017057168968742696,0,0
1627832,0.004234790858307592,-0.017319246673288876,0.017377560028772502,0.004176477502823966,0,0
1628415,-0.04829827145774611,-0.05905330257546563,0.00943991300731472,0.0013151181104048004,0,0
1630224,0.027558494026094726,-0.0226904719248296,0.04900341803755758,0.001245547913366743,0,0
1630578,-0.005515813708299661,0.04730956355131233,-0.054091190616144466,0.0012658133565324771,0,0
1630595,-0.04079689902893425,-0.039184849705020876,-0.0031244640609461643,0.0015124147370327958,0,0
1631105,0.06096354766505803,0.043832092825417085,0.01619461269464206,0.0009368421449988788,0,0
202699,0.06541617564373518,0.043433518018748035,0.020194222884286704,0.001788434740700441,0,0
203501,-0.057566385682096946,-0.08511090853089884,0.028070755611777787,-0.0005262327629758944,0,0
1627832,0.029157990470842655,-0.017319246673288876,0.043999283854259885,0.002477953289871647,0,0
1628415,-0.0501529996501615,-0.05905330257546563,0.008775970857349614,0.0001243320679545142,0,0
1630224,0.04897557715676356,-0.0226904719248296,0.07154126050982171,0.00012478857177145248,0,0
1627832,0.020660579156387335,-0.017319246673288876,0.03590002293208891,0.0020798028975873026,0,0
1628415,-0.0690119872101749,-0.05905330257546563,-0.010276304934873779,0.00031762030016450795,0,0
1630578,-0.0038013470493034737,0.04730956355131233,-0.050336744312038106,-0.0007741662885776953,0,0
1630595,-0.027639005133724776,-0.039184849705020876,0.009746464806295745,0.0017993797650003546,0,0
202699,0.08228234576785086,0.043433518018748035,0.036848278102119235,0.002000549646983586,0,0
1627832,0.006874123889095061,-0.017319246673288876,0.020239670667604896,0.0039536998947790405,0,0
1630578,-0.005949247653131198,0.04730956355131233,-0.05427276658790739,0.0010139553834638637,0,0
1630595,-0.008905700588405155,-0.039184849705020876,0.02992829524692355,0.0003508538696921684,0,0
1631105,0.05647437728845165,0.043832092825417085,0.012844277250170982,-0.00020199278713641997,0,0
202699,0.07743640395440847,0.043433518018748035,0.0338776482615504,0.00012523767411003336,0,0
203501,-0.04561229903960258,-0.08511090853089884,0.0392742494310286,0.00022436006026766076,0,0
1627832,-0.004317641742521768,-0.017319246673288876,0.009237700138319371,0.003763904792447737,0,0
1628415,-0.0362224427101021,-0.05905330257546563,0.021628524629384624,0.0012023352359789045,0,0
1630224,0.005793620449818772,-0.0226904719248296,0.027345999498814586,0.0011380928758337847,0,0
1630595,-0.019271826449457016,-0.039184849705020876,0.020097762280654633,-0.0001847390250907723,0,0
1631105,0.04731483407590197,0.043832092825417085,0.003866884509716735,-0.00038414325923184593,0,0
202699,0.05933899724639653,0.043433518018748035,0.01631023554198801,-0.00040475631433951393,0,0
203501,-0.06717984129781458,-0.08511090853089884,0.017643960205088922,0.0002871070279953428,0,0
1630595,0.02155775635916526,-0.039184849705020876,0.05941784970219895,0.001324756361987191,0,0
1631105,0.07641398163549198,0.043832092825417085,0.03261154229197652,-0.000029653481901619773,0,0
202699,0.1212951527013094,0.043433518018748035,0.07688241929328164,0.0009792153892797264,0,0
203501,0.006149814926237656,-0.08511090853089884,0.09101919967804127,0.00024152377909522236,0,0
1627832,0.006972099855415323,-0.017319246673288876,0.019397358700809816,0.004893987827894382,0,0
1628415,-0.05889138883424158,-0.05905330257546563,-0.0014959665258704171,0.0016578802670944625,0,0
1630224,0.043003164152415216,-0.0226904719248296,0.0641242980065878,0.0015693380706570175,0,0
1630578,-0.002497789310497132,0.04730956355131233,-0.05150185238130449,0.0016944995194950285,0,0
1630595,-0.02484520574501593,-0.039184849705020876,0.01247933326440875,0.0018603106955961972,0,0
1631105,0.06951991905880171,0.043832092825417085,0.024758771427104732,0.0009290548062799056,0,0
202699,0.08586351887639593,0.043433518018748035,0.04038441311412475,0.0020455877435231517,0,0
203501,-0.033600290649584856,-0.08511090853089884,0.05197342377648594,-0.0004628058951719633,0,0
1627832,0.039937096454654285,-0.017319246673288876,0.05469676212142924,0.0025595810065139253,0,0
1628415,-0.06033521267565854,-0.05905330257546563,-0.0013187754679935028,0.00003686536780059062,0,0
1630224,0.07005878777835459,-0.0226904719248296,0.09270572442152664,0.000043535281657544004,0,0
1630578,-0.006273397184186935,0.04730956355131233,-0.05245765954962059,-0.001125301185878674,0,0
1630595,-0.08764641122864339,-0.039184849705020876,-0.05111882061963584,0.0026572590960133365,0,0
1631105,0.061028417403129434,0.043832092825417085,0.014926134078313079,0.00227019049939927,0,0
202699,0.03903175263781011,0.043433518018748035,-0.007975142624174456,0.0035733772432365325,0,0
203501,-0.08600079845132792,-0.08511090853089884,0.0005503772654553716,-0.0014402671858844594,0,0
1627832,0.030944493562832742,-0.017319246673288876,0.04623211048471884,0.0020316297514027756,0,0
1630578,-0.009501336266416735,0.04730956355131233,-0.05560768008552587,-0.0012032197322031923,0,0
1630595,-0.06269668133397464,-0.039184849705020876,-0.024546626490670714,0.0010347948617169425,0,0
202699,0.20609691620882806,0.043433518018748035,0.15701300575172955,0.005650392438350468,0,0
1630224,-0.0316164397349357,-0.0226904719248296,-0.009918916364265708,0.0009929485541596062,0,0
202699,0.18091318273583343,0.043433518018748035,0.1321459917963358,0.005333672920749604,0,0
1627832,0.02689891596703959,-0.017319246673288876,0.04164070932013528,0.0025774533201931866,0,0
1630224,-0.03457592577668521,-0.0226904719248296,-0.012118687836775192,0.00023323398491958015,0,0
1630578,-0.008195500489710024,0.04730956355131233,-0.05521190118573488,-0.00029316285528747325,0,0
1627832,0.025578405094063006,-0.017319246673288876,0.040666334081363505,0.0022313176859883764,0,0
1628415,-0.10104184078381437,-0.05905330257546563,-0.0422489198167741,0.00026038160842537655,0,0
1630578,-0.009651431857494158,0.04730956355131233,-0.05646102917842149,-0.0004999662303849964,0,0
1630595,-0.2061052386587303,-0.039184849705020876,-0.16998522462559382,0.0030648356718843907,0,0
1631105,0.13800682484782203,0.043832092825417085,0.09047827597269299,0.0036964560497119462,0,0
202699,0.13732199460632644,0.043433518018748035,0.08880062721231896,0.005087849375259437,0,0
203501,-0.20216425481137118,-0.08511090853089884,-0.11431062500696783,-0.0027427212735044865,0,0
1627832,0.013134905197437128,-0.017319246673288876,0.028740737023658904,0.0017134148470671002,0,0
1628415,-0.0844185865394432,-0.05905330257546563,-0.02550471910190636,0.00013943513792878692,0,0
1630224,-0.07250081186265588,-0.0226904719248296,-0.04977174950365378,-0.000038590434172500925,0,0
1628991,0.10347616723946002,0.03357711018418833,0.07129903130597982,-0.0013999742507081472,0,0
1630217,-0.02114140673388048,-0.02297208974102436,0.003185288622734997,-0.0013546056155911163,0,0
1642377,-0.06844718708539914,-0.012924811590355932,-0.05074681076967668,-0.004775564725366527,0,0
1630162,0.022371659623137717,-0.003657955364390165,0.02491087765361287,0.0011187373339150127,0,0
1630183,-0.023398572577242815,-0.06508004061994509,0.04214325136866745,-0.00046178332596517933,0,0
201144,0.013112482606734564,0.026524311145479974,-0.013509211444571824,0.00009738290582641412,0,0
203944,-0.0014443106976813657,-0.0001736325575457734,-0.0010126589123278743,-0.0002580192278077179,0,0
1628991,0.06647067709209159,0.03357711018418833,0.03380885676505778,-0.0009152898571545251,0,0
1630217,-0.016505930850516787,-0.02297208974102436,0.007499769994085632,-0.0010336111035780609,0,0
1642377,-0.06498892324950115,-0.012924811590355932,-0.04671385125440006,-0.00535026040474516,0,0
1630162,0.008255671765464831,-0.003657955364390165,0.011739114755420737,0.00017451237443426,0,0
1630183,-0.019722583890191166,-0.06508004061994509,0.04632029932804928,-0.0009628425982953576,0,0
201144,0.009272877288348639,0.026524311145479974,-0.018363358398892787,0.0011119245417614515,0,0
203944,0.009565920544245763,-0.0001736325575457734,0.010452918207360709,-0.000713365105569172,0,0
1630217,-0.035068625230990955,-0.02297208974102436,-0.010954941074580116,-0.0011415944153864758,0,0
1642377,-0.06505190541629484,-0.012924811590355932,-0.04852161980132985,-0.0036054740246090544,0,0
1630162,-0.0005906353318308374,-0.003657955364390165,0.0033231120920026048,-0.00025579205944327736,0,0
1630162,-0.0018855816366488568,-0.003657955364390165,0.001886725038309207,-0.00011435131056789904,0,0
1630217,-0.058844238927376315,-0.02297208974102436,-0.03463698558659568,-0.0012351635997562777,0,0
1630183,-0.08783569192858932,-0.06508004061994509,-0.02485917234655823,0.0021035210379139833,0,0
203497,-0.02775870801969746,0.030106726822793445,-0.0646238307986475,0.006758395956156598,0,0
203944,-0.04421265187893481,-0.0001736325575457734,-0.04591971773317826,0.0018806984117892226,0,0
1628991,0.1630469427791191,0.03357711018418833,0.13138401100642433,-0.0019141784114935375,0,0
1630217,-0.046796219603494144,-0.02297208974102436,-0.02214343515765963,-0.0016806947048101546,0,0
1630183,-0.08939705121518063,-0.06508004061994509,-0.026087259445259418,0.0017702488500238721,0,0
201144,0.04301080622321373,0.026524311145479974,0.019823058468248216,-0.0033365633905144644,0,0
203497,-0.015431277005844605,0.030106726822793445,-0.05106006331188086,0.005522059483242808,0,0
203944,-0.0356947892542413,-0.0001736325575457734,-0.037082077899376245,0.0015609212026807195,0,0
1630162,0.030187871905310498,-0.003657955364390165,0.03135228957159449,0.0024935376981061706,0,0
1630183,-0.09176869328270423,-0.06508004061994509,-0.028401174151114372,0.001712521488355223,0,0
201144,0.043289113905168534,0.026524311145479974,0.019923339056479562,-0.003158536296791002,0,0
203497,-0.012011080853641977,0.030106726822793445,-0.047358383119725435,0.005240575443290014,0,0
203944,-0.03359287274001114,-0.0001736325575457734,-0.034915902591963886,0.0014966624094985231,0,0
1642377,-0.06807939575141611,-0.012924811590355932,-0.05374433630122083,-0.0014102478598393368,0,0
1630162,0.024999928016025966,-0.003657955364390165,0.026172156444872002,0.002485726935544128,0,0
1630183,-0.11682893142765033,-0.06508004061994509,-0.05403249987359502,0.002283609065889791,0,0
201144,0.05304635523386947,0.026524311145479974,0.03038039469058219,-0.003858350602192697,0,0
203497,-0.016174215699978713,0.030106726822793445,-0.052751274530340335,0.0064703320075681775,0,0
1630217,-0.07410774345896216,-0.02297208974102436,-0.04954610090102783,-0.001589552816909961,0,0
1630162,0.012600714793235195,-0.003657955364390165,0.014548118792886552,0.0017105513647388084,0,0
1630183,-0.11782109661803598,-0.06508004061994509,-0.05470524744289102,0.0019641914448001348,0,0
201144,0.05145866640847588,0.026524311145479974,0.02807298938204445,-0.0031386341190485466,0,0
203944,-0.0319056225896685,-0.0001736325575457734,-0.033355190109305724,0.0016232000771829926,0,0
1630162,0.04634682608362215,-0.003657955364390165,0.04652273885242945,0.0034820425955828745,0,0
1630183,-0.08878434875559878,-0.06508004061994509,-0.025784738228900213,0.0020804300932465315,0,0
201144,0.044643024277720086,0.026524311145479974,0.022146508670902964,-0.004027795538662853,0,0
203497,-0.0263906295588164,0.030106726822793445,-0.06314315872178533,0.006645802340175485,0,0
203944,-0.043371885273242726,-0.0001736325575457734,-0.045053247610213315,0.0018549948945163599,0,0
1628991,0.1732792627290201,0.03357711018418833,0.14168272663040304,-0.0019805740855712707,0,0
1630217,-0.05270242644754899,-0.02297208974102436,-0.028009344307875186,-0.0017209923986494476,0,0
1642377,-0.07069439747340035,-0.012924811590355932,-0.05604697989001796,-0.0017226059930264624,0,0
1630162,0.03559080929463334,-0.003657955364390165,0.03630538425054808,0.0029433804084754234,0,0
1630183,-0.10006147852786847,-0.06508004061994509,-0.03708264273789385,0.0021012048299704628,0,0
201144,0.04767049151109311,0.026524311145479974,0.0249726988892242,-0.003826518523611066,0,0
203497,-0.020203398735412367,0.030106726822793445,-0.05666849743501725,0.006358371876811437,0,0
203944,-0.04051137316757019,-0.0001736325575457734,-0.04216465844655641,0.0018269178365319942,0,0
1628991,0.15856992127755004,0.03357711018418833,0.126704378467144,-0.00171156737378229,0,0
1630217,-0.05608103193490115,-0.02297208974102436,-0.03157025495586971,-0.0015386872380070862,0,0
1642377,-0.06834129075619548,-0.012924811590355932,-0.05391597637591425,-0.0015005027899252883,0,0
1630162,0.018041272167196178,-0.003657955364390165,0.020038170859942576,0.0016610566716437677,0,0
1630183,-0.08704918208594219,-0.06508004061994509,-0.023206003721156353,0.0012368622551592414,0,0
203497,0.001334332564113705,0.030106726822793445,-0.032471070648252776,0.003698676389573036,0,0
1628991,0.15429640075332504,0.03357711018418833,0.12223745649783097,-0.0015181659286942358,0,0
1630162,0.003768156309431522,-0.003657955364390165,0.006646556618340074,0.0007795550554816129,0,0
1630183,-0.0890342747552644,-0.06508004061994509,-0.024847510247303625,0.0008932761119843154,0,0
1628991,-0.007049765065747761,0.03357711018418833,-0.039623181403352505,-0.0010036938465835875,0,0
1630217,-0.018188802753893587,-0.02297208974102436,0.005879687963733161,-0.0010964009766023866,0,0
1630183,-0.10947812089434523,-0.06508004061994509,-0.047106551579314426,0.0027084713049142844,0,0
203944,-0.05427741832591663,-0.0001736325575457734,-0.056317180271880866,0.0022133945035100115,0,0
1628991,0.00011154013514304848,0.03357711018418833,-0.03253446165342558,-0.0009311083956197049,0,0
1630217,-0.030463930453376385,-0.02297208974102436,-0.006452552122444678,-0.0010392885899073437,0,0
1642377,-0.15343100588599926,-0.012924811590355932,-0.13757854168349293,-0.0029276526121503887,0,0
1630162,0.04336446490270901,-0.003657955364390165,0.045767767249292386,0.0012546530178067909,0,0
1630183,-0.10325264524351066,-0.06508004061994509,-0.0401468052284852,0.001974200604919619,0,0
201144,0.017775104124663158,0.026524311145479974,-0.0058187270030421855,-0.002930480017774633,0,0
203497,-0.07611130961937326,0.030106726822793445,-0.11137729384953354,0.00515925740736684,0,0
1628991,-0.048199275115394985,0.03357711018418833,-0.08144491664179022,-0.0003314686577930896,0,0
1630217,-0.02214753332604716,-0.02297208974102436,0.001468517951616597,-0.0006439615366393928,0,0
1642377,-0.14934065965001814,-0.012924811590355932,-0.13254249914495508,-0.003873348914707103,0,0
1630162,0.02594818440421747,-0.003657955364390165,0.029697888302866474,-0.00009174853425883628,0,0
1630183,-0.084591916202904,-0.06508004061994509,-0.02046395260464983,0.0009520770216909115,0,0
201144,0.007064715485425557,0.026524311145479974,-0.018354548204515084,-0.0011050474555393337,0,0
203944,-0.019260721592636323,-0.0001736325575457734,-0.019754984446283586,0.000667895411193036,0,0
1629027,0.08892311818293946,0.02094507091549206,0.06505281597317628,0.00292523129427113,0,0
1630552,0.03314060007976666,-0.043956973809216926,0.07332535407275632,0.0037722198162272584,0,0
1630700,-0.027426522996292807,-0.0740056890525474,0.04404069889003076,0.002538467166223828,0,0
1626157,0.0018700607016739331,0.028405188587216204,-0.029114726973923886,0.0025795990883816155,0,0
1628384,0.019679572865395508,0.015880971613176524,-0.001141626946254597,0.004940228198473582,0,0
1628404,0.04242472413534228,-0.015580742399586785,0.052411686630322744,0.005593779904606322,0,0
1628969,0.05256411212470674,0.003904815770958678,0.04179560212769234,0.006863694226055723,0,0
1628973,-0.05375004100079195,-0.08994792019704327,0.03332165571655862,0.0028762234796927038,0,0
1629027,0.064850595739102,0.02094507091549206,0.0412463279922915,0.0026591968313184403,0,0
1630552,0.005495656529800001,-0.043956973809216926,0.045274371742577056,0.004178258596439871,0,0
1630700,-0.023513167273035283,-0.0740056890525474,0.04755051750704802,0.0029420042724640923,0,0
1628384,0.03788478471553226,0.015880971613176524,0.018659178227512067,0.0033446348748436662,0,0
1628404,0.03459949938479134,-0.015580742399586785,0.046566309295186736,0.0036139324891913908,0,0
1628973,-0.049175364741364844,-0.08994792019704327,0.038739276646196204,0.0020332788094822273,0,0
203991,-0.03350868043554297,0.0045056619420927296,-0.038726750785277916,0.0007124084076422135,0,0
1626157,0.03992395988255435,0.028405188587216204,0.010370744179580345,0.0011480271157578042,0,0
