side,focalId,credit,actualV,meanRep,identityResidual,support
off,1630595,0.06175740849014688,1.4760563915177385,1.4142989830275916,0,WEAK_SUPPORT
off,1631105,0.08706638319890381,1.4760563915177385,1.3889900083188347,0,WEAK_SUPPORT
off,202699,0.13483913058071129,1.4760563915177385,1.3412172609370272,0,WEAK_SUPPORT
off,203501,-0.018365484014262412,1.4760563915177385,1.494421875532001,0,WEAK_SUPPORT
def,1626167,-0.07439651653346546,1.4760563915177385,1.401659874984273,0,WEAK_SUPPORT
def,1627783,0.0923617598069908,1.4760563915177385,1.5684181513247293,0,WEAK_SUPPORT
def,1630169,-0.1480666278818441,1.4760563915177385,1.3279897636358944,0,WEAK_SUPPORT
off,1626167,0.021676901038493623,1.2255347388059372,1.2038578377674436,0,WEAK_SUPPORT
off,1627783,0.037270941218915166,1.2255347388059372,1.188263797587022,0,WEAK_SUPPORT
off,1630169,0.006768709416330454,1.2255347388059372,1.2187660293896068,0,WEAK_SUPPORT
def,1630595,0.056573045856193716,1.2255347388059372,1.282107784662131,0,WEAK_SUPPORT
def,1631105,-0.03428585480999935,1.2255347388059372,1.1912488839959379,0,WEAK_SUPPORT
def,202699,0.09966962357077436,1.2255347388059372,1.3252043623767116,0,WEAK_SUPPORT
def,203501,-0.030285983754279933,1.2255347388059372,1.1952487550516573,0,WEAK_SUPPORT
off,1630595,0.017695601615492995,1.4102150858131557,1.3925194841976627,0,WEAK_SUPPORT
off,1631105,0.07782886987586646,1.4102150858131557,1.3323862159372892,0,WEAK_SUPPORT
off,202699,0.09759865160600723,1.4102150858131557,1.3126164342071485,0,WEAK_SUPPORT
off,203501,-0.060591496822397284,1.4102150858131557,1.470806582635553,0,WEAK_SUPPORT
def,1626167,-0.06998038072693635,1.4102150858131557,1.3402347050862193,0,WEAK_SUPPORT
def,1627783,0.0945468565391796,1.4102150858131557,1.5047619423523353,0,WEAK_SUPPORT
def,1630169,-0.140421219384816,1.4102150858131557,1.2697938664283397,0,WEAK_SUPPORT
off,1630595,0.03706382679639786,1.373232768649888,1.33616894185349,0,WEAK_SUPPORT
off,1631105,0.0738209269170631,1.373232768649888,1.2994118417328249,0,WEAK_SUPPORT
off,202699,0.10318618116969991,1.373232768649888,1.270046587480188,0,WEAK_SUPPORT
off,203501,-0.055465540731258534,1.373232768649888,1.4286983093811465,0,WEAK_SUPPORT
def,1626167,-0.05718878565947372,1.373232768649888,1.3160439829904143,0,WEAK_SUPPORT
def,1627783,0.10532885647679313,1.373232768649888,1.478561625126681,0,WEAK_SUPPORT
def,1630169,-0.14898810686317066,1.373232768649888,1.2242446617867173,0,WEAK_SUPPORT
off,1630595,0.04661072419090995,1.3322059240060815,1.2855951998151716,0,WEAK_SUPPORT
off,1631105,0.06814412495499855,1.3322059240060815,1.264061799051083,0,WEAK_SUPPORT
off,202699,0.10099425368933646,1.3322059240060815,1.231211670316745,0,WEAK_SUPPORT
off,203501,-0.05910201575638596,1.3322059240060815,1.3913079397624675,0,WEAK_SUPPORT
def,1626167,-0.04412528231220536,1.3322059240060815,1.2880806416938761,0,WEAK_SUPPORT
def,1627783,0.11603007209061134,1.3322059240060815,1.4482359960966928,0,WEAK_SUPPORT
def,1630169,-0.15559908164609104,1.3322059240060815,1.1766068423599905,0,WEAK_SUPPORT
off,1626167,0.01567218573049134,1.2012118405531165,1.1855396548226251,0,WEAK_SUPPORT
off,1630169,-0.015503394260589776,1.2012118405531165,1.2167152348137062,0,WEAK_SUPPORT
def,1630595,0.026872836842456005,1.2012118405531165,1.2280846773955725,0,WEAK_SUPPORT
def,1631105,-0.07290524525125597,1.2012118405531165,1.1283065953018605,0,WEAK_SUPPORT
def,202699,0.07623576756702155,1.2012118405531165,1.277447608120138,0,WEAK_SUPPORT
off,1630595,0.03786680442652757,1.4155915842701239,1.3777247798435963,0,WEAK_SUPPORT
off,202699,0.08497623781854435,1.4155915842701239,1.3306153464515795,0,WEAK_SUPPORT
def,1626167,-0.031459991467769344,1.4155915842701239,1.3841315928023545,0,WEAK_SUPPORT
def,1630169,-0.15824778510850757,1.4155915842701239,1.2573437991616163,0,WEAK_SUPPORT
def,202699,0.06828768127492424,1.0536063041828443,1.1218939854577685,0,WEAK_SUPPORT
def,1626167,-0.0224774544572236,0.80839312310228,0.7859156686450564,0,WEAK_SUPPORT
def,1630169,-0.15675832910909526,0.80839312310228,0.6516347939931847,0,WEAK_SUPPORT
def,1627783,0.11241135423173054,0.9337883828326522,1.0461997370643827,0,WEAK_SUPPORT
off,1626167,0.02103658147980214,1.290834495240669,1.2697979137608668,0,WEAK_SUPPORT
off,1627783,0.033832910903787594,1.290834495240669,1.2570015843368814,0,WEAK_SUPPORT
off,1630595,0.09355239030609608,1.0438405780930233,0.9502881877869273,0,WEAK_SUPPORT
def,1626167,-0.03740407430403092,1.0438405780930233,1.0064365037889924,0,WEAK_SUPPORT
def,1627783,0.1228090256869745,1.0438405780930233,1.1666496037799978,0,WEAK_SUPPORT
off,1626167,0.01644018302406436,1.2722481584094836,1.2558079753854192,0,WEAK_SUPPORT
off,1627783,0.019720124954145435,1.2722481584094836,1.2525280334553381,0,WEAK_SUPPORT
off,1630169,-0.009001677274412367,1.2722481584094836,1.281249835683896,0,WEAK_SUPPORT
def,1630595,0.032180910453786016,1.2722481584094836,1.3044290688632696,0,WEAK_SUPPORT
def,203501,-0.035015807458462556,1.2722481584094836,1.237232350951021,0,WEAK_SUPPORT
off,1630595,0.0627345371784751,1.43277598550717,1.370041448328695,0,WEAK_SUPPORT
off,1631105,0.06239590306865428,1.43277598550717,1.3703800824385157,0,WEAK_SUPPORT
off,202699,0.10242300157858941,1.43277598550717,1.3303529839285806,0,WEAK_SUPPORT
off,203501,-0.05885051967186006,1.43277598550717,1.49162650517903,0,WEAK_SUPPORT
def,1626167,-0.029072817494874892,1.43277598550717,1.403703168012295,0,WEAK_SUPPORT
def,1630169,-0.16428703935556865,1.43277598550717,1.2684889461516013,0,WEAK_SUPPORT
off,1630595,0.053542035964013746,1.2458401194434912,1.1922980834794774,0,WEAK_SUPPORT
off,1631105,0.057465112773954496,1.2458401194434912,1.1883750066695367,0,WEAK_SUPPORT
off,202699,0.09063978683434426,1.2458401194434912,1.155200332609147,0,WEAK_SUPPORT
off,203501,-0.07266148969059572,1.2458401194434912,1.3185016091340869,0,WEAK_SUPPORT
def,1626167,-0.02266701987025055,1.2458401194434912,1.2231730995732406,0,WEAK_SUPPORT
def,1627783,0.13334294553345405,1.2458401194434912,1.3791830649769452,0,WEAK_SUPPORT
def,1630169,-0.1646300716770841,1.2458401194434912,1.081210047766407,0,WEAK_SUPPORT
off,1626167,0.01880464892799205,1.5561901908634632,1.5373855419354712,0,WEAK_SUPPORT
off,1627783,0.01520404265776465,1.5561901908634632,1.5409861482056986,0,WEAK_SUPPORT
off,1630169,-0.0433678660463408,1.5561901908634632,1.599558056909804,0,WEAK_SUPPORT
def,1630595,0.02605237521335857,1.5561901908634632,1.5822425660768218,0,WEAK_SUPPORT
def,1631105,-0.13297220485758054,1.5561901908634632,1.4232179860058827,0,WEAK_SUPPORT
def,202699,0.050854490693553744,1.5561901908634632,1.607044681557017,0,WEAK_SUPPORT
def,203501,-0.023504656002062863,1.5561901908634632,1.5326855348614004,0,WEAK_SUPPORT
off,1630595,0.13914628071649404,1.3478374508081716,1.2086911700916776,0,WEAK_SUPPORT
off,1631105,0.08178722686441753,1.3478374508081716,1.266050223943754,0,WEAK_SUPPORT
off,202699,0.17151095619962686,1.3478374508081716,1.1763264946085448,0,WEAK_SUPPORT
off,203501,0.019991990394708115,1.3478374508081716,1.3278454604134635,0,WEAK_SUPPORT
def,1626167,-0.042887843047997976,1.3478374508081716,1.3049496077601737,0,WEAK_SUPPORT
def,1627783,0.1198194010592144,1.3478374508081716,1.467656851867386,0,WEAK_SUPPORT
def,1630169,-0.17537008150489997,1.3478374508081716,1.1724673693032717,0,WEAK_SUPPORT
off,1626167,0.0351128945678989,1.487545473498756,1.4524325789308572,0,WEAK_SUPPORT
off,1627783,0.06233290959480664,1.487545473498756,1.4252125639039495,0,WEAK_SUPPORT
off,1630169,-0.019360177792696165,1.487545473498756,1.5069056512914523,0,WEAK_SUPPORT
def,1630595,0.09164161301701457,1.487545473498756,1.5791870865157707,0,WEAK_SUPPORT
def,1631105,-0.10220048555738659,1.487545473498756,1.3853449879413695,0,WEAK_SUPPORT
def,202699,0.07975182014421711,1.487545473498756,1.5672972936429732,0,WEAK_SUPPORT
def,203501,-0.0031016167873922917,1.487545473498756,1.4844438567113638,0,WEAK_SUPPORT
off,1630595,0.13220278081608194,1.2580212634786176,1.1258184826625357,0,WEAK_SUPPORT
off,1631105,0.07086432588136748,1.2580212634786176,1.1871569375972502,0,WEAK_SUPPORT
off,202699,0.15299096489997033,1.2580212634786176,1.1050302985786473,0,WEAK_SUPPORT
off,203501,-0.002426639093612737,1.2580212634786176,1.2604479025722304,0,WEAK_SUPPORT
def,1626167,-0.02490508804619518,1.2580212634786176,1.2331161754324225,0,WEAK_SUPPORT
def,1627783,0.13394189495349051,1.2580212634786176,1.3919631584321082,0,WEAK_SUPPORT
def,1630169,-0.1802740101785827,1.2580212634786176,1.077747253300035,0,WEAK_SUPPORT
off,1626167,0.02987617655347008,1.5341291504365446,1.5042529738830746,0,WEAK_SUPPORT
off,1627783,0.04478209333003713,1.5341291504365446,1.4893470571065075,0,WEAK_SUPPORT
off,1630169,-0.03513056448343854,1.5341291504365446,1.5692597149199832,0,WEAK_SUPPORT
def,1630595,0.06724947761460642,1.5341291504365446,1.601378628051151,0,WEAK_SUPPORT
def,1631105,-0.1284588213163269,1.5341291504365446,1.4056703291202177,0,WEAK_SUPPORT
def,202699,0.06279458689255635,1.5341291504365446,1.596923737329101,0,WEAK_SUPPORT
def,203501,-0.007831440491574915,1.5341291504365446,1.5262977099449697,0,WEAK_SUPPORT
off,1630595,0.08012209737355724,1.3283273022156215,1.2482052048420642,0,WEAK_SUPPORT
off,202699,0.11028146314478815,1.3283273022156215,1.2180458390708333,0,WEAK_SUPPORT
def,1626167,-0.02147308270978643,1.3283273022156215,1.306854219505835,0,WEAK_SUPPORT
def,1630169,-0.17060542774660759,1.3283273022156215,1.1577218744690139,0,WEAK_SUPPORT
def,1630595,0.028576880236601765,1.2487754678746052,1.277352348111207,0,WEAK_SUPPORT
off,202699,0.08604985346697791,0.7598832622015417,0.6738334087345638,0,WEAK_SUPPORT
def,1627783,0.14829429297694252,0.7598832622015417,0.9081775551784842,0,WEAK_SUPPORT
off,1627783,0.004123263090555218,1.1152923972085544,1.1111691341179992,0,WEAK_SUPPORT
def,1630595,0.08266866349567636,1.1152923972085544,1.1979610607042308,0,WEAK_SUPPORT
def,202699,0.11060768642395535,1.1152923972085544,1.2259000836325098,0,WEAK_SUPPORT
off,1630595,-0.029043949508385847,1.5374910448717,1.566534994380086,0,WEAK_SUPPORT
off,202699,0.2445324900329351,1.5374910448717,1.292958554838765,0,WEAK_SUPPORT
def,1626167,-0.07794352789526537,1.5374910448717,1.4595475169764347,0,WEAK_SUPPORT
def,1627783,-0.02421097628603608,1.5374910448717,1.513280068585664,0,WEAK_SUPPORT
def,1630169,-0.1607152344566749,1.5374910448717,1.3767758104150252,0,WEAK_SUPPORT
off,1626167,0.03878064124736169,1.149617733616544,1.1108370923691824,0,WEAK_SUPPORT
off,1627783,-0.01959014097597689,1.149617733616544,1.169207874592521,0,WEAK_SUPPORT
off,1630169,-0.03362219303991765,1.149617733616544,1.1832399266564617,0,WEAK_SUPPORT
def,1630595,0.049628634362843815,1.149617733616544,1.1992463679793879,0,WEAK_SUPPORT
def,202699,0.10314730259848237,1.149617733616544,1.2527650362150264,0,WEAK_SUPPORT
def,203501,-0.03921147578296291,1.149617733616544,1.1104062578335812,0,WEAK_SUPPORT
off,1630595,-0.04670797144989991,1.121722265532171,1.168430236982071,0,WEAK_SUPPORT
off,203501,-0.149481108206025,1.121722265532171,1.271203373738196,0,WEAK_SUPPORT
def,1626167,-0.06563434814598645,1.121722265532171,1.0560879173861846,0,WEAK_SUPPORT
def,1627783,-0.01493524290179793,1.121722265532171,1.106787022630373,0,WEAK_SUPPORT
def,1630169,-0.16137439460390068,1.121722265532171,0.9603478709282703,0,WEAK_SUPPORT
off,1626167,0.03869631106929994,1.418815374378654,1.380119063309354,0,WEAK_SUPPORT
off,1627783,-0.025737038696957537,1.418815374378654,1.4445524130756116,0,WEAK_SUPPORT
off,1630169,-0.05343229323929011,1.418815374378654,1.4722476676179441,0,WEAK_SUPPORT
def,1631105,-0.029539912153825343,1.418815374378654,1.3892754622248287,0,WEAK_SUPPORT
def,202699,0.08424784832411003,1.418815374378654,1.503063222702764,0,WEAK_SUPPORT
def,203501,-0.03486817051290858,1.418815374378654,1.3839472038657454,0,WEAK_SUPPORT
off,1630595,-0.03887543406753502,1.3137617589497586,1.3526371930172936,0,WEAK_SUPPORT
off,1631105,0.1412134549989319,1.3137617589497586,1.1725483039508267,0,WEAK_SUPPORT
off,202699,0.21269098452667268,1.3137617589497586,1.1010707744230859,0,WEAK_SUPPORT
off,203501,-0.16168656547173055,1.3137617589497586,1.475448324421489,0,WEAK_SUPPORT
def,1626167,-0.04480410507899468,1.3137617589497586,1.2689576538707639,0,WEAK_SUPPORT
def,1627783,0.0019043788377672843,1.3137617589497586,1.3156661377875258,0,WEAK_SUPPORT
def,1630169,-0.1703717540151377,1.3137617589497586,1.1433900049346208,0,WEAK_SUPPORT
off,1626167,0.0325084253665231,1.3812218285685833,1.3487134032020602,0,WEAK_SUPPORT
off,1627783,-0.04326433595368728,1.3812218285685833,1.4244861645222706,0,WEAK_SUPPORT
off,1630169,-0.06135792269610385,1.3812218285685833,1.4425797512646872,0,WEAK_SUPPORT
def,1630595,0.01675776665837647,1.3812218285685833,1.3979795952269598,0,WEAK_SUPPORT
def,1631105,-0.03881096813020801,1.3812218285685833,1.3424108604383753,0,WEAK_SUPPORT
def,202699,0.07441065221858878,1.3812218285685833,1.4556324807871721,0,WEAK_SUPPORT
def,203501,-0.04287725412675236,1.3812218285685833,1.338344574441831,0,WEAK_SUPPORT
off,1626145,0.04788725202188049,1.3440052870266015,1.296118035004721,0,WEAK_SUPPORT
off,1626164,0.07572020650810574,1.3440052870266015,1.2682850805184958,0,WEAK_SUPPORT
off,201142,-0.026561363955282857,1.3440052870266015,1.3705666509818843,0,WEAK_SUPPORT
def,1629673,-0.026818953851091676,1.3440052870266015,1.3171863331755098,0,WEAK_SUPPORT
def,1641731,0.005610760215699395,1.3440052870266015,1.3496160472423009,0,WEAK_SUPPORT
def,1642259,0.015195536883283012,1.3440052870266015,1.3592008239098845,0,WEAK_SUPPORT
def,1642267,-0.11207902754342336,1.3440052870266015,1.2319262594831781,0,WEAK_SUPPORT
off,1629673,-0.0438528660958909,0.9649624343751338,1.0088153004710247,0,WEAK_SUPPORT
off,1641731,-0.06283722823874138,0.9649624343751338,1.0277996626138752,0,WEAK_SUPPORT
off,1642259,-0.04782692301168401,0.9649624343751338,1.0127893573868179,0,WEAK_SUPPORT
off,1642267,-0.026187419748255336,0.9649624343751338,0.9911498541233892,0,WEAK_SUPPORT
def,1626145,-0.016348478305986958,0.9649624343751338,0.9486139560691469,0,WEAK_SUPPORT
def,1626164,-0.03151412426721023,0.9649624343751338,0.9334483101079236,0,WEAK_SUPPORT
def,201142,-0.02497553526202878,0.9649624343751338,0.9399868991131051,0,WEAK_SUPPORT
off,1626145,0.03442615340050437,1.5458291977068415,1.511403044306337,0,WEAK_SUPPORT
off,1626164,0.04743380888890392,1.5458291977068415,1.4983953888179375,0,WEAK_SUPPORT
off,201142,-0.06196230207886777,1.5458291977068415,1.6077914997857092,0,WEAK_SUPPORT
def,1629673,-0.012722712559867233,1.5458291977068415,1.5331064851469742,0,WEAK_SUPPORT
def,1641731,-0.06434519367321312,1.5458291977068415,1.4814840040336283,0,WEAK_SUPPORT
def,1642259,0.017933001381021718,1.5458291977068415,1.5637621990878632,0,WEAK_SUPPORT
def,1642267,-0.09847399688745684,1.5458291977068415,1.4473552008193846,0,WEAK_SUPPORT
off,1629673,-0.0386641805494532,0.9295336303735481,0.9681978109230013,0,WEAK_SUPPORT
off,1641731,-0.04014705031423882,0.9295336303735481,0.9696806806877869,0,WEAK_SUPPORT
off,1642259,-0.02609981035489317,0.9295336303735481,0.9556334407284413,0,WEAK_SUPPORT
off,1642267,-0.003129758174216346,0.9295336303735481,0.9326633885477644,0,WEAK_SUPPORT
def,1626145,-0.02739217530372917,0.9295336303735481,0.9021414550698189,0,WEAK_SUPPORT
def,1626164,-0.02152086378761131,0.9295336303735481,0.9080127665859368,0,WEAK_SUPPORT
def,201142,-0.020282092989015066,0.9295336303735481,0.909251537384533,0,WEAK_SUPPORT
off,1626164,0.05289300954320586,1.3783369394539748,1.325443929910769,0,WEAK_SUPPORT
off,201142,-0.06276016295122333,1.3783369394539748,1.4410971024051982,0,WEAK_SUPPORT
def,1629673,-0.00021707044141661136,1.3783369394539748,1.3781198690125582,0,WEAK_SUPPORT
def,1641731,-0.06456686335665296,1.3783369394539748,1.3137700760973219,0,WEAK_SUPPORT
off,1629673,-0.03436042159142372,1.008019027392091,1.0423794489835148,0,WEAK_SUPPORT
off,1641731,-0.012181891324128502,1.008019027392091,1.0202009187162195,0,WEAK_SUPPORT
def,201142,-0.014953572949354177,1.008019027392091,0.9930654544427369,0,WEAK_SUPPORT
off,201142,-0.07315252172750975,1.3002256789789235,1.3733782007064332,0,WEAK_SUPPORT
def,1642267,-0.07534280511304337,1.3002256789789235,1.2248828738658801,0,WEAK_SUPPORT
off,1642267,-0.03449914826368772,0.9808531588755441,1.0153523071392319,0,WEAK_SUPPORT
def,1626164,-0.025291522282714696,0.9808531588755441,0.9555616365928294,0,WEAK_SUPPORT
off,1626164,0.06845947882044356,1.280416059591152,1.2119565807707084,0,WEAK_SUPPORT
def,1642267,-0.10687814155885911,1.280416059591152,1.173537918032293,0,WEAK_SUPPORT
off,1642267,-0.015699068544283712,1.0286525399819317,1.0443516085262154,0,WEAK_SUPPORT
def,1626145,-0.024854167033971475,1.0286525399819317,1.0037983729479603,0,WEAK_SUPPORT
def,1626164,-0.02348699832806811,1.0286525399819317,1.0051655416538636,0,WEAK_SUPPORT
off,1626145,0.033755581662710865,1.457459694357785,1.4237041126950742,0,WEAK_SUPPORT
off,1626164,0.04700426329731999,1.457459694357785,1.4104554310604651,0,WEAK_SUPPORT
def,1629673,-0.008452374334960266,1.457459694357785,1.4490073200228248,0,WEAK_SUPPORT
def,1641731,-0.06906334117392832,1.457459694357785,1.3883963531838568,0,WEAK_SUPPORT
def,1642259,0.024452984717990622,1.457459694357785,1.4819126790757757,0,WEAK_SUPPORT
off,1629673,-0.03896505892465707,0.9161013106454879,0.955066369570145,0,WEAK_SUPPORT
off,1641731,-0.02857914091004854,0.9161013106454879,0.9446804515555365,0,WEAK_SUPPORT
off,1642259,-0.023434143921698736,0.9161013106454879,0.9395354545671867,0,WEAK_SUPPORT
def,1626145,-0.037984301420522226,0.9161013106454879,0.8781170092249657,0,WEAK_SUPPORT
def,1626164,-0.011387808440379787,0.9161013106454879,0.9047135022051082,0,WEAK_SUPPORT
def,201142,-0.018531785616965335,0.9161013106454879,0.8975695250285226,0,WEAK_SUPPORT
off,1626145,0.024899517421404838,1.5208722375157553,1.4959727200943504,0,WEAK_SUPPORT
off,201142,-0.08835568408647276,1.5208722375157553,1.609227921602228,0,WEAK_SUPPORT
def,1629673,0.003178111792236482,1.5208722375157553,1.5240503493079918,0,WEAK_SUPPORT
def,1641731,-0.11590190230832853,1.5208722375157553,1.4049703352074268,0,WEAK_SUPPORT
def,1642259,0.030470008427001094,1.5208722375157553,1.5513422459427564,0,WEAK_SUPPORT
def,1642267,-0.08318411880667442,1.5208722375157553,1.4376881187090809,0,WEAK_SUPPORT
off,1629673,-0.03368585688655512,0.9770255143432164,1.0107113712297715,0,WEAK_SUPPORT
off,1641731,-0.009779746480331086,0.9770255143432164,0.9868052608235475,0,WEAK_SUPPORT
off,1642259,-0.0026341053326189856,0.9770255143432164,0.9796596196758354,0,WEAK_SUPPORT
off,1642267,0.02659127295335373,0.9770255143432164,0.9504342413898627,0,WEAK_SUPPORT
def,1626145,-0.04548340248846694,0.9770255143432164,0.9315421118547494,0,WEAK_SUPPORT
def,201142,-0.014429376189131204,0.9770255143432164,0.9625961381540852,0,WEAK_SUPPORT
off,1626145,0.03170353475220811,1.5240872831792414,1.4923837484270333,0,WEAK_SUPPORT
off,1626164,0.04814775049972608,1.5240872831792414,1.4759395326795153,0,WEAK_SUPPORT
off,201142,-0.07442231082431938,1.5240872831792414,1.5985095940035607,0,WEAK_SUPPORT
def,1629673,0.01356882996071418,1.5240872831792414,1.5376561131399555,0,WEAK_SUPPORT
def,1641731,-0.08659611171231663,1.5240872831792414,1.4374911714669247,0,WEAK_SUPPORT
def,1642259,0.0604232163153251,1.5240872831792414,1.5845104994945665,0,WEAK_SUPPORT
def,1642267,-0.07332356113301097,1.5240872831792414,1.4507637220462304,0,WEAK_SUPPORT
off,1629673,-0.05011257079612352,0.7851585379349828,0.8352711087311063,0,WEAK_SUPPORT
off,1641731,-0.0640626446375051,0.7851585379349828,0.8492211825724879,0,WEAK_SUPPORT
off,1642259,-0.06607159512111549,0.7851585379349828,0.8512301330560983,0,WEAK_SUPPORT
off,1642267,-0.030894250511890986,0.7851585379349828,0.8160527884468738,0,WEAK_SUPPORT
def,1626145,-0.02582244678023582,0.7851585379349828,0.759336091154747,0,WEAK_SUPPORT
def,1626164,-0.021828238225109264,0.7851585379349828,0.7633302997098735,0,WEAK_SUPPORT
def,201142,-0.026533021406749846,0.7851585379349828,0.758625516528233,0,WEAK_SUPPORT
off,1626145,0.02837247851117186,1.6201561348661584,1.5917836563549865,0,WEAK_SUPPORT
off,1626164,0.03126623385773786,1.6201561348661584,1.5888899010084205,0,WEAK_SUPPORT
off,201142,-0.07504399778457027,1.6201561348661584,1.6952001326507287,0,WEAK_SUPPORT
def,1629673,-0.018938416029298466,1.6201561348661584,1.60121771883686,0,WEAK_SUPPORT
def,1641731,-0.0914661234613432,1.6201561348661584,1.5286900114048152,0,WEAK_SUPPORT
def,1642259,-0.003297666467450444,1.6201561348661584,1.616858468398708,0,WEAK_SUPPORT
def,1642267,-0.10435262820459612,1.6201561348661584,1.5158035066615623,0,WEAK_SUPPORT
off,1629673,-0.04854398893086709,0.752934537973474,0.8014785269043411,0,WEAK_SUPPORT
off,1641731,-0.033198185896907706,0.752934537973474,0.7861327238703817,0,WEAK_SUPPORT
off,1642259,-0.05218913527921598,0.752934537973474,0.80512367325269,0,WEAK_SUPPORT
off,1642267,-0.002707752600353608,0.752934537973474,0.7556422905738276,0,WEAK_SUPPORT
def,1626145,-0.050089662786199085,0.752934537973474,0.7028448751872749,0,WEAK_SUPPORT
def,1626164,0.0011525817683848416,0.752934537973474,0.7540871197418588,0,WEAK_SUPPORT
def,201142,-0.021345860564540686,0.752934537973474,0.7315886774089333,0,WEAK_SUPPORT
off,1626145,0.029330700883839045,1.468046127559835,1.438715426675996,0,WEAK_SUPPORT
off,1626164,0.03679595692259885,1.468046127559835,1.4312501706372363,0,WEAK_SUPPORT
off,201142,-0.0754198743649348,1.468046127559835,1.54346600192477,0,WEAK_SUPPORT
def,1629673,-0.0071338742164297475,1.468046127559835,1.4609122533434054,0,WEAK_SUPPORT
def,1641731,-0.09091317191332249,1.468046127559835,1.3771329556465126,0,WEAK_SUPPORT
def,1642259,0.01942178819230933,1.468046127559835,1.4874679157521444,0,WEAK_SUPPORT
off,1629673,-0.04305695480025429,0.9301606708876543,0.9732176256879086,0,WEAK_SUPPORT
off,1641731,-0.01787181064131471,0.9301606708876543,0.948032481528969,0,WEAK_SUPPORT
def,1626164,0.004512756219154923,0.9301606708876543,0.9346734271068092,0,WEAK_SUPPORT
def,201142,-0.017743319327933826,0.9301606708876543,0.9124173515597205,0,WEAK_SUPPORT
off,201142,-0.0998567837460358,1.4485347080265094,1.5483914917725452,0,WEAK_SUPPORT
def,1641731,-0.13887845483893857,1.4485347080265094,1.3096562531875708,0,WEAK_SUPPORT
def,1642267,-0.08090368349124577,1.4485347080265094,1.3676310245352636,0,WEAK_SUPPORT
off,1642267,0.04142950860849659,1.109661827281384,1.0682323186728875,0,WEAK_SUPPORT
def,201142,-0.012371496077645983,1.109661827281384,1.097290331203738,0,WEAK_SUPPORT
def,1626164,-0.023628520077858317,1.0838829960145753,1.060254475936717,0,WEAK_SUPPORT
off,1626164,-0.07730950224644251,1.1228825641195126,1.200192066365955,0,WEAK_SUPPORT
def,1626145,0.011150727751114253,1.0023146960758649,1.0134654238269791,0,WEAK_SUPPORT
def,1626164,-0.035325149288275126,1.0023146960758649,0.9669895467875897,0,WEAK_SUPPORT
off,1626145,0.013640926292389555,1.2306540998641684,1.2170131735717789,0,WEAK_SUPPORT
off,1626164,-0.06829366572298445,1.2306540998641684,1.2989477655871529,0,WEAK_SUPPORT
off,1641731,0.004538756530827026,1.103471930835894,1.098933174305067,0,WEAK_SUPPORT
off,1642259,0.04348543266559002,1.103471930835894,1.059986498170304,0,WEAK_SUPPORT
def,1626145,0.01116078902758555,1.103471930835894,1.1146327198634796,0,WEAK_SUPPORT
def,1626164,-0.036140148392886484,1.103471930835894,1.0673317824430075,0,WEAK_SUPPORT
off,1626145,0.016808437712711344,1.3295053739690323,1.312696936256321,0,WEAK_SUPPORT
off,1626164,-0.05643282856418863,1.3295053739690323,1.385938202533221,0,WEAK_SUPPORT
off,201142,0.023815688985008965,1.3295053739690323,1.3056896849840234,0,WEAK_SUPPORT
def,1641731,-0.03869445849496933,1.3295053739690323,1.290810915474063,0,WEAK_SUPPORT
def,1642259,0.0468260368218838,1.3295053739690323,1.3763314107909161,0,WEAK_SUPPORT
off,1641731,0.018416856532956993,1.3129685750248836,1.2945517184919266,0,WEAK_SUPPORT
off,1642259,0.07910706466570017,1.3129685750248836,1.2338615103591835,0,WEAK_SUPPORT
def,1626164,-0.043405002660638736,1.3129685750248836,1.2695635723642449,0,WEAK_SUPPORT
def,201142,0.016490890895961563,1.3129685750248836,1.3294594659208452,0,WEAK_SUPPORT
off,1626145,0.01840220195627218,1.183264833523152,1.1648626315668797,0,WEAK_SUPPORT
off,1626164,-0.05049599885655831,1.183264833523152,1.2337608323797102,0,WEAK_SUPPORT
off,201142,0.025875812635683726,1.183264833523152,1.1573890208874682,0,WEAK_SUPPORT
def,1641731,-0.03366982983806199,1.183264833523152,1.14959500368509,0,WEAK_SUPPORT
def,1642259,0.06336610428914313,1.183264833523152,1.246630937812295,0,WEAK_SUPPORT
off,1628983,0.0589690050800834,1.0418550134876283,0.9828860084075449,0,WEAK_SUPPORT
off,1629652,-0.016883606391953965,1.0418550134876283,1.0587386198795823,0,WEAK_SUPPORT
off,1631114,-0.11460143776936049,1.0418550134876283,1.1564564512569888,0,WEAK_SUPPORT
off,1641717,0.0342236961246265,1.0418550134876283,1.0076313173630018,0,WEAK_SUPPORT
def,1628378,-0.004299932533623263,1.0418550134876283,1.037555080954005,0,WEAK_SUPPORT
def,1628386,0.051361598227403604,1.0418550134876283,1.093216611715032,0,WEAK_SUPPORT
def,1629636,-0.09414381000809147,1.0418550134876283,0.9477112034795369,0,WEAK_SUPPORT
def,1630596,0.0904544285446287,1.0418550134876283,1.132309442032257,0,WEAK_SUPPORT
off,1628378,-0.06821837830578148,1.2247168969502007,1.2929352752559822,0,WEAK_SUPPORT
off,1628386,-0.047404711079716444,1.2247168969502007,1.2721216080299171,0,WEAK_SUPPORT
off,1629636,0.1328075435419842,1.2247168969502007,1.0919093534082165,0,WEAK_SUPPORT
off,1630596,0.0017944282604722694,1.2247168969502007,1.2229224686897284,0,WEAK_SUPPORT
def,1628983,0.1404270004989825,1.2247168969502007,1.3651438974491832,0,WEAK_SUPPORT
def,1629652,-0.06672296572290448,1.2247168969502007,1.1579939312272962,0,WEAK_SUPPORT
def,1631114,-0.008485148129709907,1.2247168969502007,1.2162317488204908,0,WEAK_SUPPORT
def,1641717,-0.09518108091088551,1.2247168969502007,1.1295358160393152,0,WEAK_SUPPORT
off,1628983,0.06786628205596923,1.2468443753617309,1.1789780933057616,0,WEAK_SUPPORT
off,1629652,-0.0014421503624073573,1.2468443753617309,1.2482865257241382,0,WEAK_SUPPORT
off,1631114,-0.0818803863812303,1.2468443753617309,1.3287247617429612,0,WEAK_SUPPORT
off,1641717,0.04382883248097191,1.2468443753617309,1.203015542880759,0,WEAK_SUPPORT
def,1628386,0.03378831706615437,1.2468443753617309,1.2806326924278852,0,WEAK_SUPPORT
def,1629636,-0.09839098289352699,1.2468443753617309,1.1484533924682039,0,WEAK_SUPPORT
off,1628386,-0.052195520499264125,1.177978890037239,1.2301744105365031,0,WEAK_SUPPORT
off,1629636,0.10920841560401562,1.177978890037239,1.0687704744332234,0,WEAK_SUPPORT
def,1628983,0.12408941080998348,1.177978890037239,1.3020683008472225,0,WEAK_SUPPORT
def,1631114,-0.010208257851474611,1.177978890037239,1.1677706321857644,0,WEAK_SUPPORT
def,1641717,-0.0672239894364497,1.177978890037239,1.1107549006007893,0,WEAK_SUPPORT
off,1628983,0.05453600047193974,1.0720068656469979,1.0174708651750581,0,WEAK_SUPPORT
off,1641717,0.024440656177056264,1.0720068656469979,1.0475662094699416,0,WEAK_SUPPORT
def,1628378,0.001223158399828117,1.0720068656469979,1.073230024046826,0,WEAK_SUPPORT
def,1630596,0.1154395583540313,1.0720068656469979,1.1874464240010292,0,WEAK_SUPPORT
off,1628378,-0.08164232507676694,0.9482753600534753,1.0299176851302423,0,WEAK_SUPPORT
off,1630596,-0.007828799192915903,0.9482753600534753,0.9561041592463912,0,WEAK_SUPPORT
def,1628983,0.12646084510114675,0.9482753600534753,1.074736205154622,0,WEAK_SUPPORT
off,1628983,0.03537604679422124,1.1321246692740594,1.0967486224798382,0,WEAK_SUPPORT
def,1628378,0.014509561013792194,1.1321246692740594,1.1466342302878516,0,WEAK_SUPPORT
def,1630596,0.1474775817327172,1.1321246692740594,1.2796022510067766,0,WEAK_SUPPORT
off,1629652,-0.08821147266701734,1.057153648539847,1.1453651212068643,0,WEAK_SUPPORT
off,1631114,-0.025871263368063335,1.057153648539847,1.0830249119079103,0,WEAK_SUPPORT
def,1628378,0.03138630062250214,1.057153648539847,1.088539949162349,0,WEAK_SUPPORT
def,1630596,0.16103391330161587,1.057153648539847,1.2181875618414628,0,WEAK_SUPPORT
off,1629652,-0.07110900823929711,1.0874713957385278,1.158580403977825,0,WEAK_SUPPORT
off,1631114,-0.023673716897309793,1.0874713957385278,1.1111451126358376,0,WEAK_SUPPORT
def,1628378,0.024366591738782528,1.0874713957385278,1.1118379874773103,0,WEAK_SUPPORT
def,1630596,0.1502742892529607,1.0874713957385278,1.2377456849914885,0,WEAK_SUPPORT
off,1628386,-0.005462056279233796,1.0946430602577868,1.1001051165370206,0,WEAK_SUPPORT
off,1629636,0.08617606963993496,1.0946430602577868,1.0084669906178518,0,WEAK_SUPPORT
def,1629652,-0.12113085165402293,1.0946430602577868,0.9735122086037639,0,WEAK_SUPPORT
def,1631114,0.065195083539338,1.0946430602577868,1.1598381437971248,0,WEAK_SUPPORT
off,1629652,-0.05667056028734363,1.443429590374334,1.5001001506616776,0,WEAK_SUPPORT
off,1631114,0.006157409518046331,1.443429590374334,1.4372721808562876,0,WEAK_SUPPORT
def,1628386,-0.058889497220544706,1.443429590374334,1.3845400931537892,0,WEAK_SUPPORT
def,1629636,-0.039204762233448154,1.443429590374334,1.4042248281408858,0,WEAK_SUPPORT
off,1628983,0.025643285623972334,1.3308738890125058,1.3052306033885335,0,WEAK_SUPPORT
off,1641717,-0.01258136722838521,1.3308738890125058,1.343455256240891,0,WEAK_SUPPORT
def,1629636,-0.03972457547572694,1.3308738890125058,1.2911493135367789,0,WEAK_SUPPORT
off,1628378,-0.08336506307839331,0.8251950910811525,0.9085601541595458,0,WEAK_SUPPORT
off,1629636,0.05190703762752358,0.8251950910811525,0.7732880534536289,0,WEAK_SUPPORT
def,1628983,0.15031291480633013,0.8251950910811525,0.9755080058874827,0,WEAK_SUPPORT
def,1631114,0.07397728893998734,0.8251950910811525,0.8991723800211399,0,WEAK_SUPPORT
def,1641717,-0.0802883775602512,0.8251950910811525,0.7449067135209013,0,WEAK_SUPPORT
off,1628983,0.021945981109741775,1.4733956044835548,1.451449623373813,0,WEAK_SUPPORT
off,1631114,0.06260834043594454,1.4733956044835548,1.4107872640476102,0,WEAK_SUPPORT
off,1641717,-0.018960630040984583,1.4733956044835548,1.4923562345245394,0,WEAK_SUPPORT
def,1628378,0.022605743329992878,1.4733956044835548,1.4960013478135477,0,WEAK_SUPPORT
def,1629636,-0.029467136425772367,1.4733956044835548,1.4439284680577824,0,WEAK_SUPPORT
off,1628378,-0.09081830280725206,0.2955547403254616,0.38637304313271364,0,WEAK_SUPPORT
off,1629636,0.01273954098852903,0.2955547403254616,0.28281519933693255,0,WEAK_SUPPORT
off,1630596,0.009672175489071067,0.2955547403254616,0.2858825648363905,0,WEAK_SUPPORT
def,1628983,0.15322818736014293,0.2955547403254616,0.4487829276856045,0,WEAK_SUPPORT
def,1631114,0.1113918673491302,0.2955547403254616,0.4069466076745918,0,WEAK_SUPPORT
def,1641717,-0.07077978442541125,0.2955547403254616,0.22477495590005034,0,WEAK_SUPPORT
off,1628983,-0.007588971466174765,1.252758903143949,1.2603478746101238,0,WEAK_SUPPORT
off,1629652,-0.10093123347303368,1.252758903143949,1.3536901366169827,0,WEAK_SUPPORT
off,1631114,-0.003671344117999187,1.252758903143949,1.2564302472619482,0,WEAK_SUPPORT
off,1641717,-0.05263095824867703,1.252758903143949,1.305389861392626,0,WEAK_SUPPORT
def,1628378,0.03816768160292905,1.252758903143949,1.290926584746878,0,WEAK_SUPPORT
def,1628386,-0.07219728073137754,1.252758903143949,1.1805616224125715,0,WEAK_SUPPORT
def,1629636,-0.009017733674466788,1.252758903143949,1.2437411694694822,0,WEAK_SUPPORT
def,1630596,0.17529463657016908,1.252758903143949,1.428053539714118,0,WEAK_SUPPORT
off,1628378,-0.07658516748527044,0.8258917220309203,0.9024768895161908,0,WEAK_SUPPORT
off,1628386,0.020197244524694735,0.8258917220309203,0.8056944775062256,0,WEAK_SUPPORT
off,1629636,0.07404594934182118,0.8258917220309203,0.7518457726890991,0,WEAK_SUPPORT
off,1630596,0.033555518121659134,0.8258917220309203,0.7923362039092612,0,WEAK_SUPPORT
def,1628983,0.18866733818216397,0.8258917220309203,1.0145590602130843,0,WEAK_SUPPORT
def,1629652,-0.15406531123535017,0.8258917220309203,0.6718264107955702,0,WEAK_SUPPORT
def,1631114,0.1064763817740082,0.8258917220309203,0.9323681038049285,0,WEAK_SUPPORT
def,1641717,-0.134804405809532,0.8258917220309203,0.6910873162213883,0,WEAK_SUPPORT
off,1628983,-0.013387450181246763,1.34567574115089,1.3590631913321367,0,WEAK_SUPPORT
off,1629652,-0.1049189239564754,1.34567574115089,1.4505946651073653,0,WEAK_SUPPORT
off,1631114,0.04368792195386351,1.34567574115089,1.3019878191970264,0,WEAK_SUPPORT
off,1641717,-0.06178740081001055,1.34567574115089,1.4074631419609005,0,WEAK_SUPPORT
def,1628378,0.04293882913609903,1.34567574115089,1.388614570286989,0,WEAK_SUPPORT
def,1628386,-0.10998667489730485,1.34567574115089,1.235689066253585,0,WEAK_SUPPORT
def,1629636,0.004052456908812507,1.34567574115089,1.3497281980597025,0,WEAK_SUPPORT
def,1630596,0.19037346269899325,1.34567574115089,1.5360492038498832,0,WEAK_SUPPORT
off,1628983,-0.01578166114736801,1.3600643590100547,1.3758460201574227,0,WEAK_SUPPORT
off,1629652,-0.10665560129021845,1.3600643590100547,1.4667199603002732,0,WEAK_SUPPORT
off,1631114,0.062223638974687745,1.3600643590100547,1.297840720035367,0,WEAK_SUPPORT
off,1641717,-0.06552514799903175,1.3600643590100547,1.4255895070090865,0,WEAK_SUPPORT
def,1629636,0.009296324936826306,1.3600643590100547,1.369360683946881,0,WEAK_SUPPORT
off,1629636,0.025161051318463135,0.9742505938239471,0.9490895425054839,0,WEAK_SUPPORT
def,1628983,0.18795212287450658,0.9742505938239471,1.1622027166984537,0,WEAK_SUPPORT
def,1629652,-0.18020410116745966,0.9742505938239471,0.7940464926564874,0,WEAK_SUPPORT
def,1631114,0.14733461364498412,0.9742505938239471,1.1215852074689312,0,WEAK_SUPPORT
def,1641717,-0.1175882914047266,0.9742505938239471,0.8566623024192205,0,WEAK_SUPPORT
off,1628983,-0.015338966826658806,1.453406404927384,1.4687453717540428,0,WEAK_SUPPORT
off,1631114,0.09622895437918522,1.453406404927384,1.3571774505481988,0,WEAK_SUPPORT
off,1641717,-0.06641269311790277,1.453406404927384,1.5198190980452868,0,WEAK_SUPPORT
def,1628983,0.18253755233054425,0.7819356051305644,0.9644731574611086,0,WEAK_SUPPORT
def,1631114,0.1582105110021662,0.7819356051305644,0.9401461161327306,0,WEAK_SUPPORT
off,1628983,-0.005260171759398524,1.5383949225446527,1.5436550943040512,0,WEAK_SUPPORT
off,1631114,0.11959714946358657,1.5383949225446527,1.4187977730810661,0,WEAK_SUPPORT
def,1641717,-0.1993884490400315,1.2354302709798104,1.036041821939779,0,WEAK_SUPPORT
off,1641717,-0.04481755851133129,1.0340302861272608,1.078847844638592,0,WEAK_SUPPORT
off,1626181,0.07504297348126165,1.1114720910330225,1.0364291175517608,0,WEAK_SUPPORT
off,1627739,-0.06199473946343437,1.1114720910330225,1.1734668304964568,0,WEAK_SUPPORT
off,1627826,-0.1013982491024894,1.1114720910330225,1.2128703401355119,0,WEAK_SUPPORT
off,1627884,0.04341064259122396,1.1114720910330225,1.0680614484417985,0,WEAK_SUPPORT
off,201935,0.032505940872679995,1.1114720910330225,1.0789661501603425,0,WEAK_SUPPORT
def,1629014,0.004271864303442285,1.1114720910330225,1.1157439553364648,0,WEAK_SUPPORT
def,1629028,-0.0894852781830513,1.1114720910330225,1.0219868128499712,0,WEAK_SUPPORT
def,1631101,-0.07486704523802912,1.1114720910330225,1.0366050457949934,0,WEAK_SUPPORT
def,1641739,0.1732259416145443,1.1114720910330225,1.2846980326475668,0,WEAK_SUPPORT
off,1629014,-0.09194492002962529,0.9808007917667801,1.0727457117964054,0,WEAK_SUPPORT
off,1629028,-0.008316569474760116,0.9808007917667801,0.9891173612415403,0,WEAK_SUPPORT
off,1631101,0.08368589141428873,0.9808007917667801,0.8971149003524914,0,WEAK_SUPPORT
off,1641739,0.05125236169441061,0.9808007917667801,0.9295484300723695,0,WEAK_SUPPORT
def,1626181,0.009745168397805926,0.9808007917667801,0.9905459601645861,0,WEAK_SUPPORT
def,1627739,0.044392667936747565,0.9808007917667801,1.0251934597035277,0,WEAK_SUPPORT
def,1627826,0.06568873877441483,0.9808007917667801,1.046489530541195,0,WEAK_SUPPORT
def,1627884,-0.04661235049830503,0.9808007917667801,0.9341884412684751,0,WEAK_SUPPORT
def,201935,0.054978279020233,0.9808007917667801,1.0357790707870131,0,WEAK_SUPPORT
off,1626181,0.06728194800247378,1.213427116383082,1.1461451683806083,0,WEAK_SUPPORT
off,1627739,-0.06713528628360788,1.213427116383082,1.28056240266669,0,WEAK_SUPPORT
off,1627826,-0.09541131900276678,1.213427116383082,1.3088384353858489,0,WEAK_SUPPORT
off,1627884,0.0412831591225753,1.213427116383082,1.1721439572605068,0,WEAK_SUPPORT
off,201935,0.009092874088766578,1.213427116383082,1.2043342422943155,0,WEAK_SUPPORT
def,1629014,-0.02847899085879546,1.213427116383082,1.1849481255242866,0,WEAK_SUPPORT
def,1629028,-0.10004607660738829,1.213427116383082,1.1133810397756938,0,WEAK_SUPPORT
def,1631101,-0.07835657721117917,1.213427116383082,1.135070539171903,0,WEAK_SUPPORT
def,1641739,0.12219751223420583,1.213427116383082,1.335624628617288,0,WEAK_SUPPORT
off,1629028,0.010853429028834682,1.1404863584251157,1.129632929396281,0,WEAK_SUPPORT
off,1631101,0.04248707229447146,1.1404863584251157,1.0979992861306442,0,WEAK_SUPPORT
off,1641739,0.04387723529299259,1.1404863584251157,1.096609123132123,0,WEAK_SUPPORT
def,1626181,-0.0033196948155125305,1.1404863584251157,1.1371666636096032,0,WEAK_SUPPORT
def,1627739,0.025348238215687546,1.1404863584251157,1.1658345966408032,0,WEAK_SUPPORT
def,1627826,0.03809283537173003,1.1404863584251157,1.1785791937968457,0,WEAK_SUPPORT
def,1627884,-0.038558177006374095,1.1404863584251157,1.1019281814187416,0,WEAK_SUPPORT
def,201935,0.04899819623844848,1.1404863584251157,1.1894845546635642,0,WEAK_SUPPORT
off,1626181,0.06082793365198658,1.3459135976331142,1.2850856639811277,0,WEAK_SUPPORT
off,1627826,-0.08069637887998415,1.3459135976331142,1.4266099765130984,0,WEAK_SUPPORT
off,1627884,0.03379407801334078,1.3459135976331142,1.3121195196197735,0,WEAK_SUPPORT
off,201935,-0.011351723122323687,1.3459135976331142,1.357265320755438,0,WEAK_SUPPORT
def,1629028,-0.10897675140725083,1.3459135976331142,1.2369368462258634,0,WEAK_SUPPORT
def,1631101,-0.08261003744767126,1.3459135976331142,1.263303560185443,0,WEAK_SUPPORT
def,1641739,0.07496732624065783,1.3459135976331142,1.420880923873772,0,WEAK_SUPPORT
off,1629014,-0.06110153591881995,0.9738279039085461,1.034929439827366,0,WEAK_SUPPORT
off,1629028,0.012885543276620504,0.9738279039085461,0.9609423606319256,0,WEAK_SUPPORT
def,201935,0.06306151627049228,0.9738279039085461,1.0368894201790384,0,WEAK_SUPPORT
def,1629014,-0.09268894657091686,1.3450788045309277,1.2523898579600108,0,WEAK_SUPPORT
off,1629014,-0.082100288203524,0.8561142158510252,0.9382145040545492,0,WEAK_SUPPORT
def,1629028,-0.10421178610910387,1.371299736413651,1.2670879503045471,0,WEAK_SUPPORT
off,1629014,-0.06337510653592182,0.8839396958388976,0.9473148023748195,0,WEAK_SUPPORT
off,1629028,-0.016083788567286095,0.8839396958388976,0.9000234844061837,0,WEAK_SUPPORT
off,1631101,0.06631513077207873,0.8839396958388976,0.8176245650668189,0,WEAK_SUPPORT
off,1641739,0.06113611860519319,0.8839396958388976,0.8228035772337045,0,WEAK_SUPPORT
def,1626181,0.03814488481456857,0.8839396958388976,0.9220845806534662,0,WEAK_SUPPORT
def,1627739,-0.0008975713435369626,0.8839396958388976,0.8830421244953607,0,WEAK_SUPPORT
def,1627826,0.06398938605554993,0.8839396958388976,0.9479290818944476,0,WEAK_SUPPORT
off,1626181,0.05721339272640624,1.4932511391428058,1.4360377464163996,0,WEAK_SUPPORT
off,1627739,-0.11967778277615326,1.4932511391428058,1.612928921918959,0,WEAK_SUPPORT
off,1627826,-0.11928715400292056,1.4932511391428058,1.6125382931457264,0,WEAK_SUPPORT
off,1627884,0.05711273885299306,1.4932511391428058,1.4361384002898128,0,WEAK_SUPPORT
off,201935,-0.01811445211084517,1.4932511391428058,1.511365591253651,0,WEAK_SUPPORT
def,1629014,-0.0840071367617472,1.4932511391428058,1.4092440023810586,0,WEAK_SUPPORT
def,1629028,-0.11326457720518124,1.4932511391428058,1.3799865619376246,0,WEAK_SUPPORT
def,1631101,-0.07849095933518102,1.4932511391428058,1.4147601798076248,0,WEAK_SUPPORT
def,1641739,0.07158189919188329,1.4932511391428058,1.5648330383346891,0,WEAK_SUPPORT
off,1629014,-0.04956136341520567,0.8041875977089192,0.8537489611241249,0,WEAK_SUPPORT
off,1629028,-0.006588055605174947,0.8041875977089192,0.8107756533140942,0,WEAK_SUPPORT
off,1631101,0.033810598592560526,0.8041875977089192,0.7703769991163587,0,WEAK_SUPPORT
off,1641739,0.05993170683212945,0.8041875977089192,0.7442558908767898,0,WEAK_SUPPORT
def,1626181,0.03987896962779114,0.8041875977089192,0.8440665673367104,0,WEAK_SUPPORT
def,1627739,-0.029155313198250488,0.8041875977089192,0.7750322845106687,0,WEAK_SUPPORT
def,1627826,0.04574567316291778,0.8041875977089192,0.849933270871837,0,WEAK_SUPPORT
def,1627884,-0.026288170407441136,0.8041875977089192,0.7778994273014781,0,WEAK_SUPPORT
def,201935,0.07955671879731985,0.8041875977089192,0.8837443165062391,0,WEAK_SUPPORT
off,1626181,0.05116460528810207,1.5611870236641812,1.510022418376079,0,WEAK_SUPPORT
off,1627826,-0.10159346711086625,1.5611870236641812,1.6627804907750474,0,WEAK_SUPPORT
off,1627884,0.04780113267594133,1.5611870236641812,1.5133858909882398,0,WEAK_SUPPORT
off,201935,-0.037665996243624766,1.5611870236641812,1.598853019907806,0,WEAK_SUPPORT
def,1629014,-0.10416394353584701,1.5611870236641812,1.4570230801283341,0,WEAK_SUPPORT
def,1631101,-0.08301912581780169,1.5611870236641812,1.4781678978463795,0,WEAK_SUPPORT
def,1641739,0.025395010431069398,1.5611870236641812,1.5865820340952506,0,WEAK_SUPPORT
off,1629014,-0.03493633696835219,0.797340136412978,0.8322764733813302,0,WEAK_SUPPORT
off,1631101,-0.0006029299213101691,0.797340136412978,0.7979430663342881,0,WEAK_SUPPORT
off,1641739,0.05865655976445727,0.797340136412978,0.7386835766485207,0,WEAK_SUPPORT
def,1626181,0.04171489751734603,0.797340136412978,0.839055033930324,0,WEAK_SUPPORT
def,1627826,0.02643050411627379,0.797340136412978,0.8237706405292518,0,WEAK_SUPPORT
def,1627884,-0.016626744111676195,0.797340136412978,0.7807133923013018,0,WEAK_SUPPORT
def,201935,0.08338955238446888,0.797340136412978,0.8807296887974468,0,WEAK_SUPPORT
off,1629014,-0.07607801768264766,0.7124289773184493,0.788506995001097,0,WEAK_SUPPORT
off,1629028,-0.030906244972981334,0.7124289773184493,0.7433352222914307,0,WEAK_SUPPORT
off,1631101,0.10728484562827734,0.7124289773184493,0.605144131690172,0,WEAK_SUPPORT
off,1641739,0.0649936201524497,0.7124289773184493,0.6474353571659996,0,WEAK_SUPPORT
def,1626181,0.04206430270622985,0.7124289773184493,0.7544932800246792,0,WEAK_SUPPORT
def,1627739,0.028010689646004394,0.7124289773184493,0.7404396669644537,0,WEAK_SUPPORT
def,1627826,0.08877327501403565,0.7124289773184493,0.801202252332485,0,WEAK_SUPPORT
def,1627884,-0.04551082268485529,0.7124289773184493,0.666918154633594,0,WEAK_SUPPORT
def,201935,0.07560092057179701,0.7124289773184493,0.7880298978902464,0,WEAK_SUPPORT
off,1626181,0.0617630463716492,1.4498140892973121,1.388051042925663,0,WEAK_SUPPORT
off,1627739,-0.15490335441017278,1.4498140892973121,1.604717443707485,0,WEAK_SUPPORT
off,1627826,-0.14917346835173917,1.4498140892973121,1.5989875576490513,0,WEAK_SUPPORT
off,1627884,0.07385574871847034,1.4498140892973121,1.3759583405788418,0,WEAK_SUPPORT
off,201935,-0.0017493731741160534,1.4498140892973121,1.4515634624714282,0,WEAK_SUPPORT
def,1629014,-0.07567757587473789,1.4498140892973121,1.3741365134225743,0,WEAK_SUPPORT
def,1629028,-0.10667164269202645,1.4498140892973121,1.3431424466052857,0,WEAK_SUPPORT
def,1631101,-0.07278371390131855,1.4498140892973121,1.3770303753959936,0,WEAK_SUPPORT
def,1641739,0.1144867346065448,1.4498140892973121,1.564300823903857,0,WEAK_SUPPORT
off,1629028,-0.03927744201470795,0.6434057857697488,0.6826832277844568,0,WEAK_SUPPORT
off,1641739,0.07693144722542544,0.6434057857697488,0.5664743385443234,0,WEAK_SUPPORT
def,1626181,0.07697997670852674,0.6434057857697488,0.7203857624782756,0,WEAK_SUPPORT
def,1627739,-0.030683145495976505,0.6434057857697488,0.6127226402737723,0,WEAK_SUPPORT
def,1627826,0.08454050570542904,0.6434057857697488,0.7279462914751779,0,WEAK_SUPPORT
def,1627884,-0.030745208705981186,0.6434057857697488,0.6126605770637676,0,WEAK_SUPPORT
def,201935,0.10164431127460072,0.6434057857697488,0.7450500970443495,0,WEAK_SUPPORT
off,1626181,0.05065735550224293,1.2692481946002234,1.2185908390979805,0,WEAK_SUPPORT
off,1627739,-0.18889121211995352,1.2692481946002234,1.458139406720177,0,WEAK_SUPPORT
off,1627826,-0.15897671602008612,1.2692481946002234,1.4282249106203095,0,WEAK_SUPPORT
off,1627884,0.08160364002806153,1.2692481946002234,1.187644554572162,0,WEAK_SUPPORT
off,201935,-0.03341386180681871,1.2692481946002234,1.3026620564070421,0,WEAK_SUPPORT
def,1641739,0.050515004943922026,1.2692481946002234,1.3197631995441454,0,WEAK_SUPPORT
def,1627826,0.06110800288713836,0.772507381276159,0.8336153841632974,0,WEAK_SUPPORT
def,1627884,-0.02132400339528484,0.772507381276159,0.7511833778808742,0,WEAK_SUPPORT
def,201935,0.1017117276001176,0.772507381276159,0.8742191088762766,0,WEAK_SUPPORT
off,201935,-0.051254665976874,1.2792607791365458,1.3305154451134198,0,WEAK_SUPPORT
off,1629014,-0.01898886533058708,0.908806831163156,0.927795696493743,0,WEAK_SUPPORT
def,201935,0.09954303309750234,0.908806831163156,1.0083498642606583,0,WEAK_SUPPORT
off,1629014,-0.10599312589905918,0.7617300951411857,0.8677232210402449,0,WEAK_SUPPORT
def,1626181,-0.021304947523578144,0.7617300951411857,0.7404251476176076,0,WEAK_SUPPORT
def,1627826,0.1253597483901564,0.7617300951411857,0.8870898435313421,0,WEAK_SUPPORT
off,1626181,0.04543035199438439,1.429730423704999,1.3843000717106146,0,WEAK_SUPPORT
off,1627826,-0.1542833210493857,1.429730423704999,1.5840137447543847,0,WEAK_SUPPORT
def,1629014,-0.03878645847948747,1.429730423704999,1.3909439652255116,0,WEAK_SUPPORT
off,1629014,-0.073849223173724,0.7105223521611637,0.7843715753348877,0,WEAK_SUPPORT
off,1629028,-0.013736211663338382,0.7105223521611637,0.724258563824502,0,WEAK_SUPPORT
off,1631101,-0.004071344812091482,0.7105223521611637,0.7145936969732551,0,WEAK_SUPPORT
def,1626181,0.0047864079743245025,0.7105223521611637,0.7153087601354882,0,WEAK_SUPPORT
def,1627826,0.114936499286863,0.7105223521611637,0.8254588514480267,0,WEAK_SUPPORT
def,1629014,-0.06715644038229218,1.5220637529442826,1.4549073125619905,0,WEAK_SUPPORT
def,1629028,-0.02462929807149461,1.5220637529442826,1.497434454872788,0,WEAK_SUPPORT
def,1631101,-0.22992340394463584,1.5220637529442826,1.2921403489996468,0,WEAK_SUPPORT
off,1627734,0.061526073269782655,0.9944701450658918,0.9329440717961092,0,WEAK_SUPPORT
off,1628368,0.06731553667456858,0.9944701450658918,0.9271546083913232,0,WEAK_SUPPORT
off,1628370,-0.10666316409778387,0.9944701450658918,1.1011333091636757,0,WEAK_SUPPORT
off,1631099,0.011154027712794168,0.9944701450658918,0.9833161173530977,0,WEAK_SUPPORT
off,201942,-0.04115255559492892,0.9944701450658918,1.0356227006608207,0,WEAK_SUPPORT
def,1628415,0.07487048706996668,0.9944701450658918,1.0693406321358585,0,WEAK_SUPPORT
def,1630224,-0.034994129747764724,0.9944701450658918,0.9594760153181271,0,WEAK_SUPPORT
def,1630578,0.06988479045623464,0.9944701450658918,1.0643549355221265,0,WEAK_SUPPORT
off,1628415,-0.08560099402123433,1.111603675457092,1.1972046694783263,0,WEAK_SUPPORT
off,1630224,0.00977818874584635,1.111603675457092,1.1018254867112456,0,WEAK_SUPPORT
off,1630578,0.05591985412822309,1.111603675457092,1.0556838213288688,0,WEAK_SUPPORT
def,1627734,0.1354788674152121,1.111603675457092,1.247082542872304,0,WEAK_SUPPORT
def,1628368,-0.06354072040107206,1.111603675457092,1.0480629550560199,0,WEAK_SUPPORT
def,1628370,-0.0189050322448856,1.111603675457092,1.0926986432122063,0,WEAK_SUPPORT
def,1631099,0.0393684230512612,1.111603675457092,1.1509720985083531,0,WEAK_SUPPORT
def,201942,0.023287857882019924,1.111603675457092,1.1348915333391119,0,WEAK_SUPPORT
off,1627734,0.05482643306364077,1.0098772855717153,0.9550508525080745,0,WEAK_SUPPORT
off,1628368,0.05048793377451177,1.0098772855717153,0.9593893517972035,0,WEAK_SUPPORT
off,1628370,-0.10910871792004562,1.0098772855717153,1.118986003491761,0,WEAK_SUPPORT
off,1631099,0.018337208673075756,1.0098772855717153,0.9915400768986395,0,WEAK_SUPPORT
off,201942,-0.030343851392388377,1.0098772855717153,1.0402211369641037,0,WEAK_SUPPORT
def,1628415,0.06702407502369367,1.0098772855717153,1.076901360595409,0,WEAK_SUPPORT
def,1630224,-0.03221205795949589,1.0098772855717153,0.9776652276122194,0,WEAK_SUPPORT
def,1630578,0.05781509724025291,1.0098772855717153,1.0676923828119682,0,WEAK_SUPPORT
off,1628415,-0.07675674674394006,1.1169412309544435,1.1936979776983836,0,WEAK_SUPPORT
off,1630224,0.0010417791078312089,1.1169412309544435,1.1158994518466123,0,WEAK_SUPPORT
off,1630578,0.052702263717658404,1.1169412309544435,1.0642389672367851,0,WEAK_SUPPORT
def,1627734,0.11833873877880174,1.1169412309544435,1.2352799697332453,0,WEAK_SUPPORT
def,1628368,-0.0636622210628115,1.1169412309544435,1.053279009891632,0,WEAK_SUPPORT
def,1628370,-0.017400715219505702,1.1169412309544435,1.0995405157349378,0,WEAK_SUPPORT
def,1631099,0.04581290516430436,1.1169412309544435,1.162754136118748,0,WEAK_SUPPORT
def,201942,0.007803843184119641,1.1169412309544435,1.1247450741385632,0,WEAK_SUPPORT
off,1627734,0.05228669204707248,1.0309120743040794,0.9786253822570069,0,WEAK_SUPPORT
off,1628370,-0.11416623746857968,1.0309120743040794,1.145078311772659,0,WEAK_SUPPORT
def,1628415,0.06181025840456322,1.0309120743040794,1.0927223327086426,0,WEAK_SUPPORT
def,1630224,-0.026537265240247354,1.0309120743040794,1.004374809063832,0,WEAK_SUPPORT
def,1630578,0.04268420412045293,1.0309120743040794,1.0735962784245323,0,WEAK_SUPPORT
off,1630224,-0.004107666063021709,1.1337546041352702,1.137862270198292,0,WEAK_SUPPORT
def,1627734,0.10111921133146273,1.1337546041352702,1.234873815466733,0,WEAK_SUPPORT
def,1628370,-0.011410887010408821,1.1337546041352702,1.1223437171248614,0,WEAK_SUPPORT
off,1628368,0.016218730748694288,1.2745170648178343,1.25829833406914,0,WEAK_SUPPORT
off,1631099,0.033146295711064866,1.2745170648178343,1.2413707691067695,0,WEAK_SUPPORT
def,1630224,-0.026357116547095716,1.2745170648178343,1.2481599482707386,0,WEAK_SUPPORT
off,1628368,0.06241021000177138,1.1689084714403075,1.1064982614385361,0,WEAK_SUPPORT
off,1631099,0.009740604451211388,1.1689084714403075,1.1591678669890961,0,WEAK_SUPPORT
off,201942,-0.04095240060981031,1.1689084714403075,1.2098608720501178,0,WEAK_SUPPORT
off,1630578,0.05556862859798373,1.1447735968802297,1.089204968282246,0,WEAK_SUPPORT
def,1627734,0.13399469761660954,1.1447735968802297,1.2787682944968393,0,WEAK_SUPPORT
def,1628368,-0.06013611596964741,1.1447735968802297,1.0846374809105823,0,WEAK_SUPPORT
def,201942,0.018798365767409564,1.1447735968802297,1.1635719626476393,0,WEAK_SUPPORT
off,1627734,0.038389004744476596,1.0497359836039475,1.011346978859471,0,WEAK_SUPPORT
off,1628368,0.03205885470604897,1.0497359836039475,1.0176771288978985,0,WEAK_SUPPORT
off,1628370,-0.09825826639417734,1.0497359836039475,1.1479942499981248,0,WEAK_SUPPORT
off,201942,-0.030604086373656747,1.0497359836039475,1.0803400699776042,0,WEAK_SUPPORT
def,1630578,0.07126434605909227,1.0497359836039475,1.1210003296630398,0,WEAK_SUPPORT
off,1630578,0.05224005924510222,1.1236839974592618,1.0714439382141596,0,WEAK_SUPPORT
def,1627734,0.11711682406381163,1.1236839974592618,1.2408008215230735,0,WEAK_SUPPORT
def,1628368,-0.05272079878105851,1.1236839974592618,1.0709631986782033,0,WEAK_SUPPORT
def,1628370,0.009184545306803127,1.1236839974592618,1.132868542766065,0,WEAK_SUPPORT
def,201942,-0.003395922150460695,1.1236839974592618,1.1202880753088011,0,WEAK_SUPPORT
off,1630578,0.051061085024589614,1.1022991276467284,1.0512380426221388,0,WEAK_SUPPORT
def,1627734,0.11132863164090412,1.1022991276467284,1.2136277592876326,0,WEAK_SUPPORT
def,1628368,-0.0484161276842181,1.1022991276467284,1.0538829999625103,0,WEAK_SUPPORT
def,1628370,0.020200741014453127,1.1022991276467284,1.1224998686611816,0,WEAK_SUPPORT
def,201942,-0.012631559640267076,1.1022991276467284,1.0896675680064614,0,WEAK_SUPPORT
off,1627734,0.014961319087920977,1.174554625222392,1.159593306134471,0,WEAK_SUPPORT
off,1628368,-0.004568889028605305,1.174554625222392,1.1791235142509973,0,WEAK_SUPPORT
off,1628370,-0.09043208983294004,1.174554625222392,1.264986715055332,0,WEAK_SUPPORT
off,201942,-0.01883563399238075,1.174554625222392,1.1933902592147727,0,WEAK_SUPPORT
def,1630578,0.07091250593182341,1.174554625222392,1.2454671311542154,0,WEAK_SUPPORT
off,1630578,0.04739881995266182,1.1441674739154586,1.0967686539627968,0,WEAK_SUPPORT
def,1627734,0.09154260527698876,1.1441674739154586,1.2357100791924474,0,WEAK_SUPPORT
def,1628368,-0.05100298716648699,1.1441674739154586,1.0931644867489716,0,WEAK_SUPPORT
def,1628370,0.016021231706099037,1.1441674739154586,1.1601887056215576,0,WEAK_SUPPORT
def,201942,-0.028250066236716886,1.1441674739154586,1.1159174076787417,0,WEAK_SUPPORT
off,1628415,-0.0999119506865137,0.9327215742414426,1.0326335249279563,0,WEAK_SUPPORT
off,1630224,0.04935634127128408,0.9327215742414426,0.8833652329701586,0,WEAK_SUPPORT
off,1630578,0.056856887232272,0.9327215742414426,0.8758646870091706,0,WEAK_SUPPORT
def,1627734,0.14255083965523718,0.9327215742414426,1.0752724138966798,0,WEAK_SUPPORT
def,1628368,-0.04512299810270126,0.9327215742414426,0.8875985761387414,0,WEAK_SUPPORT
def,1628370,0.02488832598004498,0.9327215742414426,0.9576099002214876,0,WEAK_SUPPORT
def,1631099,0.05789227921198026,0.9327215742414426,0.9906138534534229,0,WEAK_SUPPORT
def,201942,0.012741708174877853,0.9327215742414426,0.9454632824163205,0,WEAK_SUPPORT
off,1627734,0.040031623312406284,1.0370111020357666,0.9969794787233603,0,WEAK_SUPPORT
off,1628368,0.03980833425376773,1.0370111020357666,0.9972027677819989,0,WEAK_SUPPORT
off,1628370,-0.09498723385034924,1.0370111020357666,1.1319983358861159,0,WEAK_SUPPORT
off,1631099,0.006236062460345693,1.0370111020357666,1.030775039575421,0,WEAK_SUPPORT
off,201942,-0.037499643364980795,1.0370111020357666,1.0745107454007474,0,WEAK_SUPPORT
def,1628415,0.0602808436951876,1.0370111020357666,1.0972919457309542,0,WEAK_SUPPORT
def,1630224,-0.04790493042475852,1.0370111020357666,0.9891061716110081,0,WEAK_SUPPORT
def,1630578,0.08105049583806712,1.0370111020357666,1.1180615978738337,0,WEAK_SUPPORT
off,1628415,-0.09372151318379951,0.7976531664988051,0.8913746796826046,0,WEAK_SUPPORT
off,1630224,0.048647586051963176,0.7976531664988051,0.749005580446842,0,WEAK_SUPPORT
off,1630578,0.05369755198865722,0.7976531664988051,0.7439556145101479,0,WEAK_SUPPORT
def,1627734,0.12616310676848252,0.7976531664988051,0.9238162732672877,0,WEAK_SUPPORT
def,1628368,-0.0413361650339924,0.7976531664988051,0.7563170014648127,0,WEAK_SUPPORT
def,1628370,0.0357643178546273,0.7976531664988051,0.8334174843534324,0,WEAK_SUPPORT
def,1631099,0.06855509126574744,0.7976531664988051,0.8662082577645526,0,WEAK_SUPPORT
def,201942,-0.0056611525543053265,0.7976531664988051,0.7919920139444998,0,WEAK_SUPPORT
off,1627734,0.005754223127614422,1.3657489132953817,1.3599946901677673,0,WEAK_SUPPORT
off,1628370,-0.07607928935526576,1.3657489132953817,1.4418282026506475,0,WEAK_SUPPORT
off,1631099,-0.002019529133556297,1.3657489132953817,1.367768442428938,0,WEAK_SUPPORT
off,201942,-0.0321323685118482,1.3657489132953817,1.39788128180723,0,WEAK_SUPPORT
def,1628415,0.03717086877102527,1.3657489132953817,1.402919782066407,0,WEAK_SUPPORT
def,1630224,-0.06881630670433214,1.3657489132953817,1.2969326065910496,0,WEAK_SUPPORT
def,1630578,0.09959312712600532,1.3657489132953817,1.465342040421387,0,WEAK_SUPPORT
off,1628415,-0.0884360153564645,0.7648290526423585,0.853265067998823,0,WEAK_SUPPORT
off,1630224,0.04925822476303143,0.7648290526423585,0.715570827879327,0,WEAK_SUPPORT
off,1630578,0.05079603792475418,0.7648290526423585,0.7140330147176043,0,WEAK_SUPPORT
def,1627734,0.11118358181952015,0.7648290526423585,0.8760126344618786,0,WEAK_SUPPORT
def,1628370,0.04725949992830725,0.7648290526423585,0.8120885525706657,0,WEAK_SUPPORT
def,1631099,0.07904269689854482,0.7648290526423585,0.8438717495409033,0,WEAK_SUPPORT
def,201942,-0.023075087971764052,0.7648290526423585,0.7417539646705944,0,WEAK_SUPPORT
off,1627734,0.011521644962747546,1.452374105300104,1.4408524603373565,0,WEAK_SUPPORT
off,1628368,-0.006016755595497303,1.452374105300104,1.4583908608956013,0,WEAK_SUPPORT
def,1628415,0.03719630362001558,1.452374105300104,1.4895704089201196,0,WEAK_SUPPORT
def,1630224,-0.057327839323526586,1.452374105300104,1.3950462659765774,0,WEAK_SUPPORT
off,1628415,-0.0706649952265006,1.1035241509169404,1.174189146143441,0,WEAK_SUPPORT
off,1630224,0.004635330739046983,1.1035241509169404,1.0988888201778935,0,WEAK_SUPPORT
def,1628368,-0.05686257301747388,1.1035241509169404,1.0466615778994666,0,WEAK_SUPPORT
def,1631099,0.061188747641532704,1.1035241509169404,1.1647128985584732,0,WEAK_SUPPORT
off,1628368,-0.00012991111811144762,1.136009460921352,1.1361393720394635,0,WEAK_SUPPORT
off,1631099,0.025132834805831283,1.136009460921352,1.1108766261155207,0,WEAK_SUPPORT
def,1630224,-0.03936504977056465,1.136009460921352,1.0966444111507874,0,WEAK_SUPPORT
off,1627734,0.1206821664598765,1.294617811063709,1.1739356446038325,0,WEAK_SUPPORT
off,1628368,0.11279473087934622,1.294617811063709,1.1818230801843628,0,WEAK_SUPPORT
off,1628370,-0.11771862647101328,1.294617811063709,1.4123364375347223,0,WEAK_SUPPORT
off,1631099,0.014042985646039341,1.294617811063709,1.2805748254176696,0,WEAK_SUPPORT
off,201942,-0.002188168599412732,1.294617811063709,1.2968059796631217,0,WEAK_SUPPORT
def,1627734,0.19619091773204755,1.0442375152610033,1.2404284329930508,0,WEAK_SUPPORT
def,1628368,-0.1235332975898028,1.0442375152610033,0.9207042176712005,0,WEAK_SUPPORT
def,1628370,-0.0002831412829915614,1.0442375152610033,1.0439543739780117,0,WEAK_SUPPORT
def,1631099,0.049259971652659384,1.0442375152610033,1.0934974869136627,0,WEAK_SUPPORT
def,201942,-0.06942327289093786,1.0442375152610033,0.9748142423700654,0,WEAK_SUPPORT
off,1627734,0.11816769649819925,1.210357428750301,1.0921897322521017,0,WEAK_SUPPORT
off,1628368,0.10093206603322269,1.210357428750301,1.1094253627170783,0,WEAK_SUPPORT
off,1628370,-0.12272582244195007,1.210357428750301,1.333083251192251,0,WEAK_SUPPORT
off,1631099,0.022596606846794653,1.210357428750301,1.1877608219035063,0,WEAK_SUPPORT
off,201942,0.008367337871922453,1.210357428750301,1.2019900908783785,0,WEAK_SUPPORT
def,1628415,0.0790430107030704,1.210357428750301,1.2894004394533713,0,WEAK_SUPPORT
def,1630224,-0.004303182787855686,1.210357428750301,1.2060542459624453,0,WEAK_SUPPORT
def,1630578,0.01514098552877896,1.210357428750301,1.22549841427908,0,WEAK_SUPPORT
off,1628415,-0.12487753710584526,1.0120972264867758,1.136974763592621,0,WEAK_SUPPORT
off,1630224,-0.09399621216077048,1.0120972264867758,1.1060934386475463,0,WEAK_SUPPORT
off,1630578,0.05038981568250611,1.0120972264867758,0.9617074108042697,0,WEAK_SUPPORT
def,1627734,0.17945809400063362,1.0120972264867758,1.1915553204874094,0,WEAK_SUPPORT
def,1628368,-0.1273019390121265,1.0120972264867758,0.8847952874746493,0,WEAK_SUPPORT
def,1628370,-0.0076405777663810515,1.0120972264867758,1.0044566487203948,0,WEAK_SUPPORT
def,1631099,0.0513418361841802,1.0120972264867758,1.063439062670956,0,WEAK_SUPPORT
def,201942,-0.08117403247731114,1.0120972264867758,0.9309231940094647,0,WEAK_SUPPORT
off,1627734,0.09509380561012137,1.2608716066663084,1.165777801056187,0,WEAK_SUPPORT
off,1628368,0.06597344097038516,1.2608716066663084,1.1948981656959232,0,WEAK_SUPPORT
off,1628370,-0.11419511579434971,1.2608716066663084,1.375066722460658,0,WEAK_SUPPORT
off,1631099,0.023051519233011408,1.2608716066663084,1.237820087433297,0,WEAK_SUPPORT
off,201942,0.018650593362759205,1.2608716066663084,1.2422210133035492,0,WEAK_SUPPORT
def,1628415,0.06121094405768801,1.2608716066663084,1.3220825507239964,0,WEAK_SUPPORT
def,1630224,-0.013684883515068025,1.2608716066663084,1.2471867231512404,0,WEAK_SUPPORT
def,1630578,0.01689693150775118,1.2608716066663084,1.2777685381740596,0,WEAK_SUPPORT
off,1628415,-0.11433765147496033,1.0507742645104736,1.165111915985434,0,WEAK_SUPPORT
off,1630224,-0.10936327087942099,1.0507742645104736,1.1601375353898946,0,WEAK_SUPPORT
off,1630578,0.047386957236451144,1.0507742645104736,1.0033873072740225,0,WEAK_SUPPORT
def,1627734,0.16305661331340615,1.0507742645104736,1.2138308778238798,0,WEAK_SUPPORT
def,1628368,-0.13099595387163177,1.0507742645104736,0.9197783106388419,0,WEAK_SUPPORT
def,1628370,-0.014852322438218657,1.0507742645104736,1.035921942072255,0,WEAK_SUPPORT
def,1631099,0.05338247567547327,1.0507742645104736,1.104156740185947,0,WEAK_SUPPORT
def,201942,-0.09269210375504344,1.0507742645104736,0.9580821607554302,0,WEAK_SUPPORT
off,1628368,0.07636621586695491,1.1196517731120053,1.0432855572450503,0,WEAK_SUPPORT
off,1628370,-0.13309499560588445,1.1196517731120053,1.2527467687178897,0,WEAK_SUPPORT
off,1631099,0.04030990984594651,1.1196517731120053,1.0793418632660587,0,WEAK_SUPPORT
off,201942,0.030226253534420655,1.1196517731120053,1.0894255195775846,0,WEAK_SUPPORT
def,1628415,0.06835338966454496,1.1196517731120053,1.1880051627765502,0,WEAK_SUPPORT
def,1630224,0.007331553926583245,1.1196517731120053,1.1269833270385885,0,WEAK_SUPPORT
def,1630578,-0.01588110927057218,1.1196517731120053,1.103770663841433,0,WEAK_SUPPORT
off,1628368,0.06155485763874513,0.7681384958830304,0.7065836382442853,0,WEAK_SUPPORT
off,1628370,-0.12537484265554144,0.7681384958830304,0.8935133385385718,0,WEAK_SUPPORT
off,1631099,0.03613841289497255,0.7681384958830304,0.7320000829880579,0,WEAK_SUPPORT
off,201942,0.030911586883515474,0.7681384958830304,0.7372269089995149,0,WEAK_SUPPORT
def,1630224,-0.0012167379882029872,0.7681384958830304,0.7669217578948274,0,WEAK_SUPPORT
def,1630578,-0.007043788705142662,0.7681384958830304,0.7610947071778877,0,WEAK_SUPPORT
off,1641783,-0.10999313721350856,0.9616855105001052,1.0716786477136138,0,WEAK_SUPPORT
off,203484,0.06898561208522158,0.9616855105001052,0.8926998984148836,0,WEAK_SUPPORT
def,1627759,-0.021059364078350407,0.9616855105001052,0.9406261464217548,0,WEAK_SUPPORT
def,1628369,0.12550157090802183,0.9616855105001052,1.087187081408127,0,WEAK_SUPPORT
def,1628401,-0.03876415667479394,0.9616855105001052,0.9229213538253113,0,WEAK_SUPPORT
def,201950,0.021477990910754863,0.9616855105001052,0.9831635014108601,0,WEAK_SUPPORT
off,1627759,0.02005230947094172,0.9524723566569374,0.9324200471859957,0,WEAK_SUPPORT
off,1628369,0.08349399853831363,0.9524723566569374,0.8689783581186238,0,WEAK_SUPPORT
off,1628401,-0.13456283981208428,0.9524723566569374,1.0870351964690217,0,WEAK_SUPPORT
off,201950,-0.18606838038637064,0.9524723566569374,1.138540737043308,0,WEAK_SUPPORT
def,1641783,-0.05519216678828298,0.9524723566569374,0.8972801898686544,0,WEAK_SUPPORT
def,203484,0.05221207917006543,0.9524723566569374,1.0046844358270028,0,WEAK_SUPPORT
off,1641783,-0.09999564343302791,0.95688257157463,1.0568782150076579,0,WEAK_SUPPORT
off,203484,0.047058474623326685,0.95688257157463,0.9098240969513033,0,WEAK_SUPPORT
def,1627759,-0.018544453681952344,0.95688257157463,0.9383381178926776,0,WEAK_SUPPORT
def,1628369,0.0736843932523098,0.95688257157463,1.0305669648269398,0,WEAK_SUPPORT
def,1628401,-0.008093125285000058,0.95688257157463,0.9487894462896299,0,WEAK_SUPPORT
def,201950,0.03091675738659172,0.95688257157463,0.9877993289612217,0,WEAK_SUPPORT
off,1627759,-0.0033591968163220187,1.2653419097428011,1.2687011065591232,0,WEAK_SUPPORT
off,1628401,-0.1025778934764272,1.2653419097428011,1.3679198032192283,0,WEAK_SUPPORT
off,201143,0.0866335835235299,1.2653419097428011,1.1787083262192712,0,WEAK_SUPPORT
def,1641783,-0.04342646616342738,1.2653419097428011,1.2219154435793738,0,WEAK_SUPPORT
def,203484,-0.002454392151366225,1.2653419097428011,1.262887517591435,0,WEAK_SUPPORT
def,1628369,0.03246956588118932,1.030957670537259,1.0634272364184483,0,WEAK_SUPPORT
def,201143,0.0038457570992225243,1.030957670537259,1.0348034276364815,0,WEAK_SUPPORT
off,1628369,0.07462275341933777,1.3440438439614988,1.269421090542161,0,WEAK_SUPPORT
off,201143,0.027361607725900683,1.3440438439614988,1.316682236235598,0,WEAK_SUPPORT
def,1628369,0.09004986423481787,0.9218581516219347,1.0119080158567526,0,WEAK_SUPPORT
def,201143,0.0028726643788380413,0.9218581516219347,0.9247308160007728,0,WEAK_SUPPORT
off,1628369,0.07277917662214417,1.4233777858636316,1.3505986092414874,0,WEAK_SUPPORT
off,201143,0.14409502492359683,1.4233777858636316,1.2792827609400348,0,WEAK_SUPPORT
def,1641783,-0.03740651356971769,1.4233777858636316,1.385971272293914,0,WEAK_SUPPORT
off,1641783,-0.09186429373140292,0.947542796598124,1.039407090329527,0,WEAK_SUPPORT
off,203484,0.05257413817312473,0.947542796598124,0.8949686584249993,0,WEAK_SUPPORT
def,1627759,-0.01619537599583032,0.947542796598124,0.9313474206022937,0,WEAK_SUPPORT
def,1628369,0.07428042689941128,0.947542796598124,1.0218232234975353,0,WEAK_SUPPORT
def,1628401,-0.006387241401113131,0.947542796598124,0.9411555551970109,0,WEAK_SUPPORT
def,201950,0.03512486487243893,0.947542796598124,0.982667661470563,0,WEAK_SUPPORT
off,1627759,0.0006511816031360418,1.0517489969771228,1.0510978153739867,0,WEAK_SUPPORT
off,1628369,0.07511773850432424,1.0517489969771228,0.9766312584727985,0,WEAK_SUPPORT
off,1628401,-0.10712907716195841,1.0517489969771228,1.1588780741390812,0,WEAK_SUPPORT
off,201950,-0.18376621724461795,1.0517489969771228,1.2355152142217407,0,WEAK_SUPPORT
def,203484,0.0063728289433859775,1.0517489969771228,1.0581218259205087,0,WEAK_SUPPORT
off,203484,0.032552597857312016,1.0399079688953525,1.0073553710380405,0,WEAK_SUPPORT
def,1627759,-0.014868622444433655,1.0399079688953525,1.0250393464509189,0,WEAK_SUPPORT
def,1628369,0.031011202258808712,1.0399079688953525,1.0709191711541612,0,WEAK_SUPPORT
def,1628401,0.018554734432561615,1.0399079688953525,1.0584627033279141,0,WEAK_SUPPORT
def,201950,0.04160286562101323,1.0399079688953525,1.0815108345163658,0,WEAK_SUPPORT
off,1627759,-0.01833696970387866,1.1313391352438682,1.1496761049477469,0,WEAK_SUPPORT
off,1628369,0.07209381265831682,1.1313391352438682,1.0592453225855514,0,WEAK_SUPPORT
off,1628401,-0.09832473458369217,1.1313391352438682,1.2296638698275604,0,WEAK_SUPPORT
off,201950,-0.1765580124605135,1.1313391352438682,1.3078971477043817,0,WEAK_SUPPORT
def,203484,-0.028044145815137922,1.1313391352438682,1.1032949894287303,0,WEAK_SUPPORT
off,1627759,0.0368985811087541,1.1992153739508296,1.1623167928420755,0,WEAK_SUPPORT
off,1628369,0.06910803102724605,1.1992153739508296,1.1301073429235835,0,WEAK_SUPPORT
off,1628401,-0.082843298131283,1.1992153739508296,1.2820586720821125,0,WEAK_SUPPORT
off,201950,-0.20880985445436595,1.1992153739508296,1.4080252284051955,0,WEAK_SUPPORT
def,1641783,-0.027533877489361425,1.1992153739508296,1.1716814964614681,0,WEAK_SUPPORT
def,203484,0.048284390657259424,1.1992153739508296,1.247499764608089,0,WEAK_SUPPORT
off,1641783,-0.036948299357491776,0.7962255352284079,0.8331738345858997,0,WEAK_SUPPORT
off,203484,0.07690941804916096,0.7962255352284079,0.7193161171792469,0,WEAK_SUPPORT
def,1627759,-0.0004985434165075686,0.7962255352284079,0.7957269918119003,0,WEAK_SUPPORT
def,1628369,0.054664731643658926,0.7962255352284079,0.8508902668720668,0,WEAK_SUPPORT
def,1628401,0.017988287462602504,0.7962255352284079,0.8142138226910104,0,WEAK_SUPPORT
def,201950,0.06546348006965685,0.7962255352284079,0.8616890152980647,0,WEAK_SUPPORT
off,1627759,0.016287319735881045,1.3061302437558482,1.2898429240199671,0,WEAK_SUPPORT
off,1628369,0.06338170810838495,1.3061302437558482,1.2427485356474632,0,WEAK_SUPPORT
off,1628401,-0.06476274038615659,1.3061302437558482,1.3708929841420048,0,WEAK_SUPPORT
off,201950,-0.20332596491050436,1.3061302437558482,1.5094562086663526,0,WEAK_SUPPORT
def,1641783,-0.02204718509910264,1.3061302437558482,1.2840830586567455,0,WEAK_SUPPORT
def,203484,0.00599111770782601,1.3061302437558482,1.3121213614636742,0,WEAK_SUPPORT
off,1641783,-0.014103094221715406,0.8243233851112476,0.838426479332963,0,WEAK_SUPPORT
off,203484,0.05934522851085344,0.8243233851112476,0.7649781566003941,0,WEAK_SUPPORT
def,1627759,0.005671376089099178,0.8243233851112476,0.8299947612003468,0,WEAK_SUPPORT
def,1628401,0.05568611044159644,0.8243233851112476,0.880009495552844,0,WEAK_SUPPORT
def,201143,-0.007659355769636389,0.8243233851112476,0.8166640293416112,0,WEAK_SUPPORT
def,201950,0.08219766167614084,0.8243233851112476,0.9065210467873884,0,WEAK_SUPPORT
off,1627759,-0.005168495326455913,1.4438446814026067,1.4490131767290626,0,WEAK_SUPPORT
off,201143,0.07439344812763493,1.4438446814026067,1.3694512332749718,0,WEAK_SUPPORT
def,1641783,-0.0212100241091151,1.4438446814026067,1.4226346572934916,0,WEAK_SUPPORT
def,203484,-0.032197426878727065,1.4438446814026067,1.4116472545238796,0,WEAK_SUPPORT
def,1627759,0.0034104202901925618,0.9165477102454345,0.919958130535627,0,WEAK_SUPPORT
def,201143,-0.008496390242378582,0.9165477102454345,0.9080513200030559,0,WEAK_SUPPORT
off,1627759,-0.024834829349124954,1.3935697241582374,1.4184045535073624,0,WEAK_SUPPORT
off,201143,0.021701976780004628,1.3935697241582374,1.3718677473782328,0,WEAK_SUPPORT
off,1628369,0.1048637297678563,1.4805032805979361,1.3756395508300798,0,WEAK_SUPPORT
off,1628401,-0.02619368748939932,1.4805032805979361,1.5066969680873354,0,WEAK_SUPPORT
off,201143,0.1423514008294109,1.4805032805979361,1.3381518797685252,0,WEAK_SUPPORT
off,201950,-0.22155415164289693,1.4805032805979361,1.702057432240833,0,WEAK_SUPPORT
def,1641783,-0.040697459377455836,1.4805032805979361,1.4398058212204803,0,WEAK_SUPPORT
off,1641783,-0.011605694437982095,0.722871597021614,0.7344772914595961,0,WEAK_SUPPORT
def,1628369,0.06761607749236587,0.722871597021614,0.7904876745139798,0,WEAK_SUPPORT
def,1628401,0.05924058906198937,0.722871597021614,0.7821121860836033,0,WEAK_SUPPORT
def,201143,-0.08363917000840648,0.722871597021614,0.6392324270132075,0,WEAK_SUPPORT
def,201950,0.10236706869880352,0.722871597021614,0.8252386657204175,0,WEAK_SUPPORT
off,1627759,0.011552398606744063,1.4853364831541935,1.4737840845474495,0,WEAK_SUPPORT
off,1628369,0.10049029764212314,1.4853364831541935,1.3848461855120704,0,WEAK_SUPPORT
off,1628401,-0.012748753787762634,1.4853364831541935,1.4980852369419562,0,WEAK_SUPPORT
off,201143,0.08805681845479718,1.4853364831541935,1.3972796646993964,0,WEAK_SUPPORT
off,201950,-0.21525511774219952,1.4853364831541935,1.700591600896393,0,WEAK_SUPPORT
def,1641783,-0.03730897788836107,1.4853364831541935,1.4480275052658325,0,WEAK_SUPPORT
off,1641783,-0.0017183615622741177,0.6661621641290634,0.6678805256913375,0,WEAK_SUPPORT
def,1627759,0.0012924284268669428,0.6661621641290634,0.6674545925559303,0,WEAK_SUPPORT
def,1628369,0.015533856744996077,0.6661621641290634,0.6816960208740594,0,WEAK_SUPPORT
def,1628401,0.09002823412344207,0.6661621641290634,0.7561903982525054,0,WEAK_SUPPORT
def,201143,-0.08711969412044707,0.6661621641290634,0.5790424700086163,0,WEAK_SUPPORT
def,201950,0.11176968034105816,0.6661621641290634,0.7779318444701215,0,WEAK_SUPPORT
off,1630162,0.04489656470663139,0.9856295385582304,0.940732973851599,0,WEAK_SUPPORT
off,1630183,-0.07281932968080052,0.9856295385582304,1.058448868239031,0,WEAK_SUPPORT
off,201144,0.03765720711499365,0.9856295385582304,0.9479723314432368,0,WEAK_SUPPORT
off,203497,-0.019186844349102006,0.9856295385582304,1.0048163829073324,0,WEAK_SUPPORT
off,203944,-0.03611898384972634,0.9856295385582304,1.0217485224079568,0,WEAK_SUPPORT
def,1628384,0.13214565257533828,0.9856295385582304,1.1177751911335687,0,WEAK_SUPPORT
def,1628404,0.0112910978180083,0.9856295385582304,0.9969206363762387,0,WEAK_SUPPORT
def,1628969,0.010535075321913334,0.9856295385582304,0.9961646138801438,0,WEAK_SUPPORT
def,1628973,0.04084449423421044,0.9856295385582304,1.0264740327924409,0,WEAK_SUPPORT
off,1628384,0.006748996557423448,1.0776210297246867,1.0708720331672632,0,WEAK_SUPPORT
off,1628404,0.03638912689639828,1.0776210297246867,1.0412319028282884,0,WEAK_SUPPORT
off,1628969,0.04223142957114323,1.0776210297246867,1.0353896001535434,0,WEAK_SUPPORT
off,1628973,-0.059818305881968126,1.0776210297246867,1.1374393356066548,0,WEAK_SUPPORT
def,1630162,0.0713992066985758,1.0776210297246867,1.1490202364232625,0,WEAK_SUPPORT
def,1630183,-0.019784376565286088,1.0776210297246867,1.0578366531594006,0,WEAK_SUPPORT
def,201144,-0.05314961014707742,1.0776210297246867,1.0244714195776092,0,WEAK_SUPPORT
def,203497,0.07099528702728408,1.0776210297246867,1.1486163167519707,0,WEAK_SUPPORT
def,203944,0.024188679304059324,1.0776210297246867,1.101809709028746,0,WEAK_SUPPORT
off,1630162,0.019630531276335184,1.0469271595651926,1.0272966282888574,0,WEAK_SUPPORT
off,1630183,-0.047162313058609406,1.0469271595651926,1.094089472623802,0,WEAK_SUPPORT
off,201144,0.02271758240263355,1.0469271595651926,1.024209577162559,0,WEAK_SUPPORT
off,203497,0.01434294677322212,1.0469271595651926,1.0325842127919704,0,WEAK_SUPPORT
off,203944,-0.008919510903063088,1.0469271595651926,1.0558466704682556,0,WEAK_SUPPORT
def,1628384,0.06615836084935012,1.0469271595651926,1.1130855204145427,0,WEAK_SUPPORT
def,1628404,0.00866595450904084,1.0469271595651926,1.0555931140742334,0,WEAK_SUPPORT
def,1628969,0.010286288743946548,1.0469271595651926,1.057213448309139,0,WEAK_SUPPORT
def,1628973,0.027450427828203505,1.0469271595651926,1.074377587393396,0,WEAK_SUPPORT
off,1628384,0.04294130979531996,1.0621325835431346,1.0191912737478146,0,WEAK_SUPPORT
off,1628404,0.034423857563827376,1.0621325835431346,1.0277087259793072,0,WEAK_SUPPORT
off,1628969,0.02732893204839404,1.0621325835431346,1.0348036514947405,0,WEAK_SUPPORT
off,1628973,-0.04741896403492962,1.0621325835431346,1.1095515475780642,0,WEAK_SUPPORT
def,1630162,0.07872903705654744,1.0621325835431346,1.140861620599682,0,WEAK_SUPPORT
def,1630183,0.000992350102775097,1.0621325835431346,1.0631249336459097,0,WEAK_SUPPORT
def,201144,-0.04582204339157858,1.0621325835431346,1.016310540151556,0,WEAK_SUPPORT
def,203944,0.03353789312369848,1.0621325835431346,1.095670476666833,0,WEAK_SUPPORT
off,1630162,0.013891581763046945,1.14567305405946,1.131781472296413,0,WEAK_SUPPORT
off,203497,0.008568995523267287,1.14567305405946,1.1371040585361927,0,WEAK_SUPPORT
def,1628384,0.0771894107335791,1.14567305405946,1.222862464793039,0,WEAK_SUPPORT
def,1628969,-0.01783130219925222,1.14567305405946,1.1278417518602077,0,WEAK_SUPPORT
def,1628973,0.00018644861967964665,1.14567305405946,1.1458595026791396,0,WEAK_SUPPORT
off,1628384,0.05199782236092221,1.0352083848714198,0.9832105625104975,0,WEAK_SUPPORT
off,1628969,0.00530515006953558,1.0352083848714198,1.0299032348018842,0,WEAK_SUPPORT
off,1628973,-0.046230544517539496,1.0352083848714198,1.0814389293889592,0,WEAK_SUPPORT
def,1630162,0.08223679740246648,1.0352083848714198,1.1174451822738862,0,WEAK_SUPPORT
def,203497,0.058559516041538195,1.0352083848714198,1.093767900912958,0,WEAK_SUPPORT
off,1628404,0.04997059962939654,1.021052864185469,0.9710822645560725,0,WEAK_SUPPORT
def,203497,0.07289948011932257,1.021052864185469,1.0939523443047916,0,WEAK_SUPPORT
off,203497,-0.012149316717322778,1.0788313521374153,1.090980668854738,0,WEAK_SUPPORT
def,1628404,0.007490853873300285,1.0788313521374153,1.0863222060107156,0,WEAK_SUPPORT
off,1628404,0.03255810152417449,1.086348101626681,1.0537900001025065,0,WEAK_SUPPORT
def,1630183,-0.015173640215923045,1.086348101626681,1.071174461410758,0,WEAK_SUPPORT
def,203497,0.07024266987331673,1.086348101626681,1.1565907714999977,0,WEAK_SUPPORT
off,1630162,0.020529787029322177,1.0413929941128863,1.0208632070835642,0,WEAK_SUPPORT
off,1630183,-0.06899711799172326,1.0413929941128863,1.1103901121046096,0,WEAK_SUPPORT
off,201144,0.03209632528387596,1.0413929941128863,1.0092966688290104,0,WEAK_SUPPORT
off,203944,-0.018104269873351342,1.0413929941128863,1.0594972639862377,0,WEAK_SUPPORT
def,1628384,0.08331659074544673,1.0413929941128863,1.124709584858333,0,WEAK_SUPPORT
def,1628404,-0.005599919755290728,1.0413929941128863,1.0357930743575956,0,WEAK_SUPPORT
def,1628969,-0.005676540142051767,1.0413929941128863,1.0357164539708346,0,WEAK_SUPPORT
def,1628973,0.014140776058894078,1.0413929941128863,1.0555337701717804,0,WEAK_SUPPORT
off,1628384,0.03811122529901212,1.0810846285531166,1.0429734032541045,0,WEAK_SUPPORT
off,1628404,0.029895780689245033,1.0810846285531166,1.0511888478638716,0,WEAK_SUPPORT
off,1628969,0.0181860745809852,1.0810846285531166,1.0628985539721314,0,WEAK_SUPPORT
off,1628973,-0.050238520729322333,1.0810846285531166,1.131323149282439,0,WEAK_SUPPORT
def,1630162,0.0787691513446438,1.0810846285531166,1.1598537798977604,0,WEAK_SUPPORT
def,1630183,0.007276782850211605,1.0810846285531166,1.0883614114033282,0,WEAK_SUPPORT
def,201144,-0.05193805218693126,1.0810846285531166,1.0291465763661853,0,WEAK_SUPPORT
def,203944,0.035603598624815325,1.0810846285531166,1.116688227177932,0,WEAK_SUPPORT
off,1630162,0.0133863547936941,1.161001224649221,1.1476148698555269,0,WEAK_SUPPORT
off,1630183,-0.08951568983616665,1.161001224649221,1.2505169144853876,0,WEAK_SUPPORT
off,201144,0.039616493195955504,1.161001224649221,1.1213847314532654,0,WEAK_SUPPORT
off,203944,-0.021321491589545882,1.161001224649221,1.1823227162387668,0,WEAK_SUPPORT
def,1628384,0.08431924046619876,1.161001224649221,1.2453204651154197,0,WEAK_SUPPORT
def,1628404,-0.02540347016027189,1.161001224649221,1.135597754488949,0,WEAK_SUPPORT
def,1628969,-0.02694858514113152,1.161001224649221,1.1340526395080894,0,WEAK_SUPPORT
def,1628973,-0.007946904499324559,1.161001224649221,1.1530543201498964,0,WEAK_SUPPORT
off,1628384,0.05010688384920359,1.0727977265446058,1.0226908426954022,0,WEAK_SUPPORT
off,1628404,0.023311137554928196,1.0727977265446058,1.0494865889896776,0,WEAK_SUPPORT
off,1628969,-0.0005408030842415368,1.0727977265446058,1.0733385296288473,0,WEAK_SUPPORT
off,1628973,-0.04757154858710888,1.0727977265446058,1.1203692751317147,0,WEAK_SUPPORT
def,1630162,0.08245984993690336,1.0727977265446058,1.1552575764815092,0,WEAK_SUPPORT
def,1630183,0.025381212418698285,1.0727977265446058,1.098178938963304,0,WEAK_SUPPORT
def,201144,-0.05587337176849805,1.0727977265446058,1.0169243547761078,0,WEAK_SUPPORT
def,203944,0.04280627485753041,1.0727977265446058,1.1156040014021362,0,WEAK_SUPPORT
off,1630162,0.04034302508063903,0.9699012725145297,0.9295582474338907,0,WEAK_SUPPORT
off,1630183,-0.0584986491061521,0.9699012725145297,1.0283999216206818,0,WEAK_SUPPORT
off,201144,0.030864349945089575,0.9699012725145297,0.9390369225694402,0,WEAK_SUPPORT
off,203497,-0.009611723140527273,0.9699012725145297,0.979512995655057,0,WEAK_SUPPORT
off,203944,-0.02740875364301043,0.9699012725145297,0.9973100261575402,0,WEAK_SUPPORT
def,1628384,0.11338925896558716,0.9699012725145297,1.083290531480117,0,WEAK_SUPPORT
def,1628404,0.017473179806809735,0.9699012725145297,0.9873744523213395,0,WEAK_SUPPORT
def,1628969,0.017892731209711354,0.9699012725145297,0.9877940037242411,0,WEAK_SUPPORT
def,1628973,0.04482021617164711,0.9699012725145297,1.0147214886861768,0,WEAK_SUPPORT
off,1628384,0.021105135028499644,1.0558847831169673,1.0347796480884677,0,WEAK_SUPPORT
off,1628404,0.04110807129755378,1.0558847831169673,1.0147767118194135,0,WEAK_SUPPORT
off,1628969,0.04909740570210874,1.0558847831169673,1.0067873774148586,0,WEAK_SUPPORT
off,1628973,-0.053562974965647436,1.0558847831169673,1.1094477580826148,0,WEAK_SUPPORT
def,1630162,0.07313781682026699,1.0558847831169673,1.1290225999372343,0,WEAK_SUPPORT
def,1630183,-0.021939131138815737,1.0558847831169673,1.0339456519781516,0,WEAK_SUPPORT
def,201144,-0.044345392493681635,1.0558847831169673,1.0115393906232857,0,WEAK_SUPPORT
def,203497,0.07063214489497116,1.0558847831169673,1.1265169280119385,0,WEAK_SUPPORT
def,203944,0.024093938963211103,1.0558847831169673,1.0799787220801784,0,WEAK_SUPPORT
off,1630162,0.027723077254607764,1.0941047022343304,1.0663816249797227,0,WEAK_SUPPORT
off,1630183,-0.07634124640987805,1.0941047022343304,1.1704459486442085,0,WEAK_SUPPORT
off,201144,0.036366379817018624,1.0941047022343304,1.0577383224173118,0,WEAK_SUPPORT
off,203497,-0.00403205118276162,1.0941047022343304,1.098136753417092,0,WEAK_SUPPORT
off,203944,-0.02586353690660248,1.0941047022343304,1.119968239140933,0,WEAK_SUPPORT
def,1628384,0.10213128252745873,1.0941047022343304,1.1962359847617892,0,WEAK_SUPPORT
def,1628969,-0.005635883311709833,1.0941047022343304,1.0884688189226206,0,WEAK_SUPPORT
def,1628973,0.017928048766833404,1.0941047022343304,1.1120327510011638,0,WEAK_SUPPORT
off,1628384,0.03542781416846341,0.9833940954910273,0.9479662813225639,0,WEAK_SUPPORT
off,1628404,0.032374186030964425,0.9833940954910273,0.9510199094600629,0,WEAK_SUPPORT
off,1628969,0.02471163961175815,0.9833940954910273,0.9586824558792691,0,WEAK_SUPPORT
off,1628973,-0.050590645030771264,0.9833940954910273,1.0339847405217986,0,WEAK_SUPPORT
def,1630162,0.07772981494585285,0.9833940954910273,1.0611239104368801,0,WEAK_SUPPORT
def,1630183,0.0013258623237295541,0.9833940954910273,0.9847199578147569,0,WEAK_SUPPORT
def,203497,0.0642478808263206,0.9833940954910273,1.047641976317348,0,WEAK_SUPPORT
def,203944,0.03329692967545228,0.9833940954910273,1.0166910251664796,0,WEAK_SUPPORT
off,1630162,0.015938627418691897,1.1961877719113998,1.180249144492708,0,WEAK_SUPPORT
off,203944,-0.024710677919517643,1.1961877719113998,1.2208984498309174,0,WEAK_SUPPORT
def,1628384,0.09214143065282987,1.1961877719113998,1.2883292025642297,0,WEAK_SUPPORT
def,1628404,-0.02625954450068657,1.1961877719113998,1.1699282274107132,0,WEAK_SUPPORT
def,1628969,-0.028170612896610825,1.1961877719113998,1.168017159014789,0,WEAK_SUPPORT
def,1628973,-0.007670407307925009,1.1961877719113998,1.1885173646034748,0,WEAK_SUPPORT
off,1628384,0.02971729093362452,1.0961031546528954,1.066385863719271,0,WEAK_SUPPORT
off,1628969,-0.003178891352728641,1.0961031546528954,1.099282046005624,0,WEAK_SUPPORT
def,1630162,0.07933981678401558,1.0961031546528954,1.175442971436911,0,WEAK_SUPPORT
def,203497,0.05954182266943486,1.0961031546528954,1.1556449773223303,0,WEAK_SUPPORT
off,201144,0.02302057058289886,0.9873846548780043,0.9643640842951055,0,WEAK_SUPPORT
off,203497,-0.10470272143419468,0.9873846548780043,1.092087376312199,0,WEAK_SUPPORT
def,1628384,0.127348491339901,0.9873846548780043,1.1147331462179053,0,WEAK_SUPPORT
def,1628404,-0.06406093258029932,0.9873846548780043,0.923323722297705,0,WEAK_SUPPORT
off,1628404,0.06271415536540115,1.2248458059203053,1.1621316505549042,0,WEAK_SUPPORT
off,1628973,0.008599349870125339,1.2248458059203053,1.21624645605018,0,WEAK_SUPPORT
def,1630183,0.015507014893682447,1.2248458059203053,1.2403528208139878,0,WEAK_SUPPORT
def,201144,-0.14624173291518083,1.2248458059203053,1.0786040730051245,0,WEAK_SUPPORT
def,203497,0.07760767906418775,1.2248458059203053,1.302453484984493,0,WEAK_SUPPORT
def,203944,0.027976237302944407,1.2248458059203053,1.2528220432232497,0,WEAK_SUPPORT
off,1630162,0.06298884723222087,1.216607156169804,1.153618308937583,0,WEAK_SUPPORT
off,1630183,-0.12074336419747222,1.216607156169804,1.3373505203672762,0,WEAK_SUPPORT
off,203497,-0.10126637239847591,1.216607156169804,1.3178735285682799,0,WEAK_SUPPORT
off,203944,-0.05856151672230703,1.216607156169804,1.275168672892111,0,WEAK_SUPPORT
def,1628404,-0.08314740322054148,1.216607156169804,1.1334597529492625,0,WEAK_SUPPORT
def,1628969,-0.0408056995536914,1.216607156169804,1.1758014566161126,0,WEAK_SUPPORT
def,1628973,0.05142437508753939,1.216607156169804,1.2680315312573434,0,WEAK_SUPPORT
off,1628384,0.034992145965154764,0.922022082179099,0.8870299362139442,0,WEAK_SUPPORT
off,1628404,0.057790553983929294,0.922022082179099,0.8642315281951697,0,WEAK_SUPPORT
off,1628969,-0.04018152331635538,0.922022082179099,0.9622036054954544,0,WEAK_SUPPORT
off,1628973,0.01622466439677095,0.922022082179099,0.905797417782328,0,WEAK_SUPPORT
def,1630162,0.08485981951206356,0.922022082179099,1.0068819016911625,0,WEAK_SUPPORT
def,1630183,0.036505060493496555,0.922022082179099,0.9585271426725955,0,WEAK_SUPPORT
def,203497,0.07112314570000944,0.922022082179099,0.9931452278791084,0,WEAK_SUPPORT
def,203944,0.03685588084321234,0.922022082179099,0.9588779630223113,0,WEAK_SUPPORT
off,1630162,0.05889309415273458,1.3340655708247908,1.2751724766720562,0,WEAK_SUPPORT
off,1630183,-0.16195835278261828,1.3340655708247908,1.496023923607409,0,WEAK_SUPPORT
off,203497,-0.11235967676235115,1.3340655708247908,1.446425247587142,0,WEAK_SUPPORT
off,203944,-0.07197241733562088,1.3340655708247908,1.4060379881604117,0,WEAK_SUPPORT
def,1628384,0.14176956157365606,1.3340655708247908,1.4758351323984469,0,WEAK_SUPPORT
def,1628404,-0.11471492552769869,1.3340655708247908,1.2193506452970921,0,WEAK_SUPPORT
def,1628969,-0.07548486931628928,1.3340655708247908,1.2585807015085015,0,WEAK_SUPPORT
def,1628973,0.01935372903729804,1.3340655708247908,1.3534192998620889,0,WEAK_SUPPORT
off,1628384,0.05126865606520936,0.9033323315081663,0.8520636754429569,0,WEAK_SUPPORT
off,1628404,0.05174668307273922,0.9033323315081663,0.8515856484354271,0,WEAK_SUPPORT
off,1628969,-0.05887427918333754,0.9033323315081663,0.9622066106915038,0,WEAK_SUPPORT
off,1628973,0.020546251314531472,0.9033323315081663,0.8827860801936348,0,WEAK_SUPPORT
def,1630162,0.08925312455005929,0.9033323315081663,0.9925854560582256,0,WEAK_SUPPORT
def,1630183,0.055605023116834795,0.9033323315081663,0.9589373546250011,0,WEAK_SUPPORT
def,203497,0.06560686821893447,0.9033323315081663,0.9689391997271007,0,WEAK_SUPPORT
def,203944,0.04462956007922314,0.9033323315081663,0.9479618915873894,0,WEAK_SUPPORT
def,1628404,-0.13153704228444463,1.4027893469759565,1.2712523046915118,0,WEAK_SUPPORT
off,1627750,-0.018403911955592323,1.2717007572273902,1.2901046691829825,0,WEAK_SUPPORT
off,1629008,0.07772143997193948,1.2717007572273902,1.1939793172554507,0,WEAK_SUPPORT
off,1631128,-0.014993605471761207,1.2717007572273902,1.2866943626991514,0,WEAK_SUPPORT
off,203999,0.03474773149398258,1.2717007572273902,1.2369530257334076,0,WEAK_SUPPORT
def,1628389,0.04570215759025076,1.2717007572273902,1.317402914817641,0,WEAK_SUPPORT
def,1629312,0.020125285204088517,1.2717007572273902,1.2918260424314787,0,WEAK_SUPPORT
def,1629639,-0.03481995839428742,1.2717007572273902,1.2368807988331028,0,WEAK_SUPPORT
off,1628389,0.04206181363857575,1.1493795605305877,1.107317746892012,0,WEAK_SUPPORT
off,1629312,-0.06220747961170425,1.1493795605305877,1.211587040142292,0,WEAK_SUPPORT
off,1629639,0.013271244423103346,1.1493795605305877,1.1361083161074843,0,WEAK_SUPPORT
def,1627750,-0.03787571656501898,1.1493795605305877,1.1115038439655687,0,WEAK_SUPPORT
def,1629008,0.00006929025438529024,1.1493795605305877,1.149448850784973,0,WEAK_SUPPORT
def,1631128,0.03888495184857721,1.1493795605305877,1.1882645123791649,0,WEAK_SUPPORT
def,203999,0.05132079778225851,1.1493795605305877,1.2007003583128462,0,WEAK_SUPPORT
off,1627750,-0.041553232003396,1.3339014609584472,1.3754546929618432,0,WEAK_SUPPORT
off,1629008,0.08621214363669782,1.3339014609584472,1.2476893173217494,0,WEAK_SUPPORT
off,1631128,-0.011784596287915061,1.3339014609584472,1.3456860572463623,0,WEAK_SUPPORT
off,203999,0.03585252266463512,1.3339014609584472,1.298048938293812,0,WEAK_SUPPORT
def,1628389,0.02449322415485522,1.3339014609584472,1.3583946851133024,0,WEAK_SUPPORT
def,1629312,0.020363200940411996,1.3339014609584472,1.3542646618988592,0,WEAK_SUPPORT
def,1629639,-0.027056545587888836,1.3339014609584472,1.3068449153705584,0,WEAK_SUPPORT
off,1628389,0.05566340421996707,1.1281768761437976,1.0725134719238305,0,WEAK_SUPPORT
off,1629639,0.03318124329333827,1.1281768761437976,1.0949956328504593,0,WEAK_SUPPORT
def,1627750,-0.020489979321268503,1.1281768761437976,1.107686896822529,0,WEAK_SUPPORT
def,1629008,0.009135863970292757,1.1281768761437976,1.1373127401140903,0,WEAK_SUPPORT
def,1631128,0.036004066592337125,1.1281768761437976,1.1641809427361347,0,WEAK_SUPPORT
def,203999,0.04995590738454059,1.1281768761437976,1.1781327835283382,0,WEAK_SUPPORT
off,203999,0.03874728873134092,1.1571024543639583,1.1183551656326174,0,WEAK_SUPPORT
def,1628389,0.012857121232127566,1.1571024543639583,1.1699595755960859,0,WEAK_SUPPORT
off,1628389,0.048174111712160794,1.0640830107336856,1.0159088990215248,0,WEAK_SUPPORT
def,203999,0.04403941124493471,1.0640830107336856,1.1081224219786203,0,WEAK_SUPPORT
off,1627750,-0.06947099463100459,1.2739366957964882,1.3434076904274928,0,WEAK_SUPPORT
off,203999,0.03962216068329805,1.2739366957964882,1.2343145351131901,0,WEAK_SUPPORT
def,1626179,0.019658458750389407,1.2739366957964882,1.2935951545468776,0,WEAK_SUPPORT
def,1629639,-0.01708784751531023,1.2739366957964882,1.256848848281178,0,WEAK_SUPPORT
off,1627750,-0.046813033458857234,1.2373382010035785,1.2841512344624357,0,WEAK_SUPPORT
off,1629008,0.10073914793815919,1.2373382010035785,1.1365990530654193,0,WEAK_SUPPORT
def,1626179,0.01877847394915766,1.2373382010035785,1.2561166749527362,0,WEAK_SUPPORT
def,1629639,-0.026389559908644555,1.2373382010035785,1.210948641094934,0,WEAK_SUPPORT
off,1626179,-0.03817225675564595,1.066713703275823,1.1048859600314689,0,WEAK_SUPPORT
off,1629639,0.02929943496815457,1.066713703275823,1.0374142683076684,0,WEAK_SUPPORT
def,1627750,-0.032493959390014426,1.066713703275823,1.0342197438858085,0,WEAK_SUPPORT
def,1629008,0.018467231540271856,1.066713703275823,1.0851809348160948,0,WEAK_SUPPORT
off,1627750,-0.04838908432446787,1.2838013197593399,1.3321904040838077,0,WEAK_SUPPORT
off,1629008,0.09225778331522272,1.2838013197593399,1.1915435364441171,0,WEAK_SUPPORT
off,1631128,-0.017759153229506497,1.2838013197593399,1.3015604729888464,0,WEAK_SUPPORT
def,1626179,0.017547104702811955,1.2838013197593399,1.3013484244621518,0,WEAK_SUPPORT
def,1629639,-0.025072162269032416,1.2838013197593399,1.2587291574903074,0,WEAK_SUPPORT
off,1626179,-0.04420832092915905,1.0005557333754467,1.0447640543046057,0,WEAK_SUPPORT
off,1628389,0.0590406121228918,1.0005557333754467,0.9415151212525549,0,WEAK_SUPPORT
def,1629008,0.013321590196281985,1.0005557333754467,1.0138773235717287,0,WEAK_SUPPORT
def,1631128,0.03669722705651579,1.0005557333754467,1.0372529604319625,0,WEAK_SUPPORT
def,203999,0.05175507726021489,1.0005557333754467,1.0523108106356616,0,WEAK_SUPPORT
off,1627750,-0.056677067485686905,1.22464085418158,1.281317921667267,0,WEAK_SUPPORT
off,1631128,-0.006163317580946126,1.22464085418158,1.2308041717625262,0,WEAK_SUPPORT
off,203999,0.0372051550231125,1.22464085418158,1.1874356991584676,0,WEAK_SUPPORT
def,1626179,0.018173580566018588,1.22464085418158,1.2428144347475987,0,WEAK_SUPPORT
def,1628389,0.008995242440259954,1.22464085418158,1.23363609662184,0,WEAK_SUPPORT
off,1628389,0.06051313959421545,0.8908878349932113,0.8303746953989959,0,WEAK_SUPPORT
off,1629639,0.04337747655259716,0.8908878349932113,0.8475103584406142,0,WEAK_SUPPORT
def,1627750,-0.00914118569041611,0.8908878349932113,0.8817466493027952,0,WEAK_SUPPORT
def,1631128,0.033709888332128735,0.8908878349932113,0.9245977233253401,0,WEAK_SUPPORT
def,203999,0.04754596425203805,0.8908878349932113,0.9384337992452494,0,WEAK_SUPPORT
off,1627750,-0.06921819777906024,1.4300126920125535,1.4992308897916138,0,WEAK_SUPPORT
off,1631128,0.004946262221868558,1.4300126920125535,1.425066429790685,0,WEAK_SUPPORT
off,203999,0.03948088501879843,1.4300126920125535,1.3905318069937551,0,WEAK_SUPPORT
def,1628389,-0.006859718622745925,1.4300126920125535,1.4231529733898076,0,WEAK_SUPPORT
def,1629639,-0.017204759727966534,1.4300126920125535,1.412807932284587,0,WEAK_SUPPORT
off,1628389,0.07664653085575923,0.9196652482489672,0.843018717393208,0,WEAK_SUPPORT
off,1629312,-0.054130591850904075,0.9196652482489672,0.9737958400998713,0,WEAK_SUPPORT
off,1629639,0.03946465723127446,0.9196652482489672,0.8802005910176928,0,WEAK_SUPPORT
def,1627750,-0.034292328291864016,0.9196652482489672,0.8853729199571032,0,WEAK_SUPPORT
def,1629008,0.03685012432108725,0.9196652482489672,0.9565153725700545,0,WEAK_SUPPORT
def,1631128,0.04155408418883544,0.9196652482489672,0.9612193324378027,0,WEAK_SUPPORT
def,203999,0.06302177371279671,0.9196652482489672,0.9826870219617639,0,WEAK_SUPPORT
off,1627750,-0.06064810067633597,1.519705229902095,1.580353330578431,0,WEAK_SUPPORT
off,1629008,0.10589316715202224,1.519705229902095,1.4138120627500728,0,WEAK_SUPPORT
off,1631128,-0.03393848342212036,1.519705229902095,1.5536437133242154,0,WEAK_SUPPORT
off,203999,0.03232503747719884,1.519705229902095,1.4873801924248962,0,WEAK_SUPPORT
def,1628389,0.01855107084637031,1.519705229902095,1.5382563007484653,0,WEAK_SUPPORT
def,1629312,0.021158111294612425,1.519705229902095,1.5408633411967074,0,WEAK_SUPPORT
def,1629639,-0.021756728584398033,1.519705229902095,1.497948501317697,0,WEAK_SUPPORT
off,1628389,0.07191205067677209,0.9235737210675854,0.8516616703908133,0,WEAK_SUPPORT
off,1629312,-0.0550924002710077,0.9235737210675854,0.9786661213385931,0,WEAK_SUPPORT
off,1629639,0.043091515005690195,0.9235737210675854,0.8804822060618952,0,WEAK_SUPPORT
def,1627750,-0.022790257976927575,0.9235737210675854,0.9007834630906578,0,WEAK_SUPPORT
def,1629008,0.027762497656875773,0.9235737210675854,0.9513362187244612,0,WEAK_SUPPORT
def,1631128,0.038238205798946545,0.9235737210675854,0.9618119268665319,0,WEAK_SUPPORT
def,203999,0.05694111091595333,0.9235737210675854,0.9805148319835387,0,WEAK_SUPPORT
off,1627750,-0.061728471440095634,1.523043818481883,1.5847722899219787,0,WEAK_SUPPORT
off,1629008,0.09795359357461164,1.523043818481883,1.4250902249072714,0,WEAK_SUPPORT
off,1631128,-0.01748130565024031,1.523043818481883,1.5405251241321234,0,WEAK_SUPPORT
off,203999,0.035295247194116364,1.523043818481883,1.4877485712877667,0,WEAK_SUPPORT
def,1628389,0.009965306751648084,1.523043818481883,1.5330091252335312,0,WEAK_SUPPORT
def,1629312,0.020775572659821773,1.523043818481883,1.5438193911417049,0,WEAK_SUPPORT
def,1629639,-0.020668570577444978,1.523043818481883,1.502375247904438,0,WEAK_SUPPORT
off,1628389,0.0704123023054326,0.8838879700132103,0.8134756677077777,0,WEAK_SUPPORT
off,1629312,-0.055306974198169545,0.8838879700132103,0.9391949442113798,0,WEAK_SUPPORT
def,203999,0.052210179511346544,0.8838879700132103,0.9360981495245568,0,WEAK_SUPPORT
off,1627750,-0.07419029291717316,1.3178640428811137,1.3920543357982869,0,WEAK_SUPPORT
off,203999,0.0375266554127045,1.3178640428811137,1.2803373874684092,0,WEAK_SUPPORT
def,1626179,0.021638498402666295,1.3178640428811137,1.33950254128378,0,WEAK_SUPPORT
def,1628389,-0.005711493883832519,1.3178640428811137,1.3121525489972812,0,WEAK_SUPPORT
off,1626179,-0.05361187353631636,0.9245385321051087,0.9781504056414251,0,WEAK_SUPPORT
off,1628389,0.05682098453330919,0.9245385321051087,0.8677175475717995,0,WEAK_SUPPORT
def,1627750,-0.005390832684312508,0.9245385321051087,0.9191476994207962,0,WEAK_SUPPORT
def,203999,0.04475329878139622,0.9245385321051087,0.969291830886505,0,WEAK_SUPPORT
off,1626179,-0.003272768372388324,1.0291755519742964,1.0324483203466848,0,WEAK_SUPPORT
off,1629639,0.11692840279281602,1.0291755519742964,0.9122471491814804,0,WEAK_SUPPORT
def,1627750,0.03267265337463954,1.0291755519742964,1.061848205348936,0,WEAK_SUPPORT
def,1629008,-0.010769475337674583,1.0291755519742964,1.0184060766366219,0,WEAK_SUPPORT
off,1627750,-0.05044608925756355,1.420870756464947,1.4713168457225105,0,WEAK_SUPPORT
off,1629008,0.1131454177342246,1.420870756464947,1.3077253387307224,0,WEAK_SUPPORT
def,1626179,-0.09998900240823927,1.420870756464947,1.3208817540567077,0,WEAK_SUPPORT
def,1629639,0.05915286389389096,1.420870756464947,1.480023620358838,0,WEAK_SUPPORT
off,1626179,-0.012211318618906564,1.032450288585584,1.0446616072044905,0,WEAK_SUPPORT
off,1629639,0.1302964596314603,1.032450288585584,0.9021538289541237,0,WEAK_SUPPORT
def,1627750,0.04590363679213727,1.032450288585584,1.0783539253777212,0,WEAK_SUPPORT
def,1629008,-0.006689063715858312,1.032450288585584,1.0257612248697257,0,WEAK_SUPPORT
off,1627750,-0.07317408121879487,1.403477527966884,1.476651609185679,0,WEAK_SUPPORT
off,1629008,0.12209664378767981,1.403477527966884,1.2813808841792043,0,WEAK_SUPPORT
def,1626179,-0.09570914946338704,1.403477527966884,1.307768378503497,0,WEAK_SUPPORT
def,1629639,0.06672142301252904,1.403477527966884,1.470198950979413,0,WEAK_SUPPORT
off,1626179,-0.02210293162966348,0.817497323456533,0.8396002550861965,0,WEAK_SUPPORT
off,1628389,0.06322950728976229,0.817497323456533,0.7542678161667707,0,WEAK_SUPPORT
off,1629639,0.14451435163933024,0.817497323456533,0.6729829718172028,0,WEAK_SUPPORT
def,1627750,0.06080765272233213,0.817497323456533,0.8783049761788652,0,WEAK_SUPPORT
def,1631128,0.05653609411274707,0.817497323456533,0.8740334175692801,0,WEAK_SUPPORT
off,1627750,-0.0796922745581321,1.2061498524985779,1.28584212705671,0,WEAK_SUPPORT
off,1631128,-0.06317596789426094,1.2061498524985779,1.2693258203928388,0,WEAK_SUPPORT
def,1626179,-0.09610886544269692,1.2061498524985779,1.110040987055881,0,WEAK_SUPPORT
def,1628389,0.00007344426646405111,1.2061498524985779,1.206223296765042,0,WEAK_SUPPORT
def,1629639,0.06973592418199615,1.2061498524985779,1.275885776680574,0,WEAK_SUPPORT
off,1626179,-0.029663896225958997,1.0275321241129145,1.0571960203388735,0,WEAK_SUPPORT
off,1627752,0.028107143523877776,1.077102786524096,1.0489956430002183,0,WEAK_SUPPORT
off,201572,-0.0410927890973094,1.077102786524096,1.1181955756214055,0,WEAK_SUPPORT
off,203081,0.01237019069262879,1.077102786524096,1.0647325958314673,0,WEAK_SUPPORT
off,203507,0.005653904147542299,1.077102786524096,1.0714488823765538,0,WEAK_SUPPORT
def,1627751,0.12138032969653789,1.077102786524096,1.198483116220634,0,WEAK_SUPPORT
def,1629628,-0.06968370993984574,1.077102786524096,1.0074190765842503,0,WEAK_SUPPORT
def,1630567,0.0258598974732982,1.077102786524096,1.1029626839973943,0,WEAK_SUPPORT
def,1641711,0.00510125123219618,1.077102786524096,1.0822040377562923,0,WEAK_SUPPORT
off,1627751,-0.029402680643518808,1.0749590126106086,1.1043616932541274,0,WEAK_SUPPORT
off,1629628,-0.022653778408330272,1.0749590126106086,1.0976127910189388,0,WEAK_SUPPORT
off,1630567,-0.04174151312139607,1.0749590126106086,1.1167005257320046,0,WEAK_SUPPORT
off,1641711,0.057041443157158644,1.0749590126106086,1.01791756945345,0,WEAK_SUPPORT
def,1627752,-0.014438205046414687,1.0749590126106086,1.0605208075641939,0,WEAK_SUPPORT
def,201572,0.014366663908193633,1.0749590126106086,1.0893256765188022,0,WEAK_SUPPORT
def,203081,-0.04621671920081849,1.0749590126106086,1.02874229340979,0,WEAK_SUPPORT
def,203507,0.10847180804658563,1.0749590126106086,1.1834308206571942,0,WEAK_SUPPORT
off,1627752,-0.014531670557941023,1.3991258641071223,1.4136575346650633,0,WEAK_SUPPORT
off,201572,-0.04403002876111328,1.3991258641071223,1.4431558928682355,0,WEAK_SUPPORT
off,203081,0.03152614541168042,1.3991258641071223,1.3675997186954418,0,WEAK_SUPPORT
off,203507,-0.004204986648156606,1.3991258641071223,1.4033308507552789,0,WEAK_SUPPORT
def,1627751,0.12512031720667127,1.3991258641071223,1.5242461813137935,0,WEAK_SUPPORT
def,1629628,-0.060036156808786156,1.3991258641071223,1.339089707298336,0,WEAK_SUPPORT
def,1630567,-0.013007097138656887,1.3991258641071223,1.3861187669684654,0,WEAK_SUPPORT
def,1641711,-0.025262383430586288,1.3991258641071223,1.373863480676536,0,WEAK_SUPPORT
off,1627751,-0.0322497941394464,1.097327365848983,1.1295771599884294,0,WEAK_SUPPORT
off,1629628,-0.026908567779849957,1.097327365848983,1.124235933628833,0,WEAK_SUPPORT
off,1641711,0.03336622844247894,1.097327365848983,1.063961137406504,0,WEAK_SUPPORT
def,1627752,-0.015584833247648255,1.097327365848983,1.0817425326013348,0,WEAK_SUPPORT
def,201572,-0.0027337600006729357,1.097327365848983,1.0945936058483101,0,WEAK_SUPPORT
def,203081,-0.056752418225568535,1.097327365848983,1.0405749476234145,0,WEAK_SUPPORT
def,203507,0.1059028666910724,1.097327365848983,1.2032302325400555,0,WEAK_SUPPORT
off,203081,0.020474005428768427,1.1868961766708561,1.1664221712420877,0,WEAK_SUPPORT
off,203507,0.03127469394853666,1.1868961766708561,1.1556214827223195,0,WEAK_SUPPORT
def,1627751,0.10888879070917246,1.1868961766708561,1.2957849673800286,0,WEAK_SUPPORT
def,1629628,-0.07365851406379198,1.1868961766708561,1.1132376626070641,0,WEAK_SUPPORT
def,1641711,-0.014737497504837327,1.1868961766708561,1.1721586791660188,0,WEAK_SUPPORT
off,203507,0.030581297573723853,1.3046413492865756,1.2740600517128517,0,WEAK_SUPPORT
def,1630567,-0.027410444309305504,1.3046413492865756,1.27723090497727,0,WEAK_SUPPORT
off,1630567,-0.02879712534041945,0.9767784114482937,1.0055755367887131,0,WEAK_SUPPORT
def,203507,0.09022934509978986,0.9767784114482937,1.0670077565480836,0,WEAK_SUPPORT
off,1630567,-0.05130669193048121,0.9822847236607439,1.0335914155912251,0,WEAK_SUPPORT
def,201572,0.02078953851181975,0.9822847236607439,1.0030742621725637,0,WEAK_SUPPORT
def,203081,-0.05678953237060491,0.9822847236607439,0.925495191290139,0,WEAK_SUPPORT
off,201572,-0.026189584485715844,1.473185389719235,1.499374974204951,0,WEAK_SUPPORT
off,203081,0.055190295267416145,1.473185389719235,1.417995094451819,0,WEAK_SUPPORT
def,1630567,-0.03168280329224182,1.473185389719235,1.4415025864269932,0,WEAK_SUPPORT
off,1630567,-0.04553924318223945,1.0307445483522033,1.0762837915344428,0,WEAK_SUPPORT
def,201572,0.0019056348087773678,1.0307445483522033,1.0326501831609807,0,WEAK_SUPPORT
def,203081,-0.06842404663106494,1.0307445483522033,0.9623205017211384,0,WEAK_SUPPORT
off,201572,-0.04395231688931678,1.456007295034865,1.4999596119241818,0,WEAK_SUPPORT
off,203081,0.0415890539607402,1.456007295034865,1.4144182410741248,0,WEAK_SUPPORT
def,1630567,-0.03120976295914235,1.456007295034865,1.4247975320757227,0,WEAK_SUPPORT
off,1629628,-0.016537051553325743,0.9551257079753595,0.9716627595286852,0,WEAK_SUPPORT
off,1630567,-0.03757679451115503,0.9551257079753595,0.9927025024865145,0,WEAK_SUPPORT
off,1641711,0.028415892322720016,0.9551257079753595,0.9267098156526394,0,WEAK_SUPPORT
def,1627752,0.025213379854079232,0.9551257079753595,0.9803390878294387,0,WEAK_SUPPORT
def,201572,-0.019186056884916813,0.9551257079753595,0.9359396510904426,0,WEAK_SUPPORT
def,203081,-0.07851279673252387,0.9551257079753595,0.8766129112428356,0,WEAK_SUPPORT
def,203507,0.08267241736181519,0.9551257079753595,1.0377981253371746,0,WEAK_SUPPORT
off,201572,-0.0550572025117666,1.5165608079222905,1.5716180104340571,0,WEAK_SUPPORT
off,203081,0.040114258179862805,1.5165608079222905,1.4764465497424277,0,WEAK_SUPPORT
off,203507,0.007690256396027051,1.5165608079222905,1.5088705515262635,0,WEAK_SUPPORT
def,1629628,-0.06012283013142983,1.5165608079222905,1.4564379777908607,0,WEAK_SUPPORT
def,1630567,-0.04370180765720222,1.5165608079222905,1.4728590002650883,0,WEAK_SUPPORT
def,1641711,-0.042705208295974684,1.5165608079222905,1.4738555996263158,0,WEAK_SUPPORT
off,1629628,-0.0182968481267618,1.003412049605954,1.0217088977327158,0,WEAK_SUPPORT
off,1630567,-0.03249840073482524,1.003412049605954,1.0359104503407792,0,WEAK_SUPPORT
off,1641711,0.002958418392946749,1.003412049605954,1.0004536312130072,0,WEAK_SUPPORT
def,201572,-0.04079296967532409,1.003412049605954,0.9626190799306299,0,WEAK_SUPPORT
def,203507,0.0742367622624347,1.003412049605954,1.0776488118683887,0,WEAK_SUPPORT
off,203507,0.04033721245991595,1.1257920536264976,1.0854548411665816,0,WEAK_SUPPORT
def,1629628,-0.07217121335217391,1.1257920536264976,1.0536208402743237,0,WEAK_SUPPORT
def,1630567,-0.04862954214892823,1.1257920536264976,1.0771625114775694,0,WEAK_SUPPORT
def,1641711,-0.035297084960163705,1.1257920536264976,1.0904949686663339,0,WEAK_SUPPORT
off,1627751,-0.07360684156257069,0.881245128146259,0.9548519697088297,0,WEAK_SUPPORT
off,1629628,-0.008131884819403412,0.881245128146259,0.8893770129656624,0,WEAK_SUPPORT
off,1630567,-0.04789411949412137,0.881245128146259,0.9291392476403804,0,WEAK_SUPPORT
off,1641711,0.07518533488791557,0.881245128146259,0.8060597932583434,0,WEAK_SUPPORT
def,1627752,0.02747849814117831,0.881245128146259,0.9087236262874373,0,WEAK_SUPPORT
def,201572,0.014595148628303689,0.881245128146259,0.8958402767745627,0,WEAK_SUPPORT
def,203081,-0.05769994344436713,0.881245128146259,0.8235451847018919,0,WEAK_SUPPORT
def,203507,0.08774725856718435,0.881245128146259,0.9689923867134433,0,WEAK_SUPPORT
off,1627752,-0.01863045691802445,1.533242855692288,1.5518733126103124,0,WEAK_SUPPORT
off,201572,-0.036269101419731165,1.533242855692288,1.569511957112019,0,WEAK_SUPPORT
off,203081,0.041990810513713006,1.533242855692288,1.491252045178575,0,WEAK_SUPPORT
off,203507,-0.025326642593095805,1.533242855692288,1.5585694982853837,0,WEAK_SUPPORT
def,1629628,-0.05051056690342426,1.533242855692288,1.4827322887888637,0,WEAK_SUPPORT
def,1630567,-0.021441260271533036,1.533242855692288,1.5118015954207549,0,WEAK_SUPPORT
def,1641711,-0.03815565928152176,1.533242855692288,1.4950871964107662,0,WEAK_SUPPORT
off,1629628,-0.015847478073339527,0.9973850208196311,1.0132324988929706,0,WEAK_SUPPORT
off,1630567,-0.041341491628162697,0.9973850208196311,1.0387265124477938,0,WEAK_SUPPORT
off,1641711,0.04791825089481305,0.9973850208196311,0.949466769924818,0,WEAK_SUPPORT
def,1627752,0.015898418580519103,0.9973850208196311,1.0132834394001502,0,WEAK_SUPPORT
def,201572,-0.0018804777157581665,0.9973850208196311,0.9955045431038729,0,WEAK_SUPPORT
def,203081,-0.06494470117104689,0.9973850208196311,0.9324403196485842,0,WEAK_SUPPORT
def,203507,0.09046189702821383,0.9973850208196311,1.087846917847845,0,WEAK_SUPPORT
off,1627752,-0.03351641882557055,1.526889691545432,1.5604061103710025,0,WEAK_SUPPORT
off,201572,-0.051829304554527056,1.526889691545432,1.578718996099959,0,WEAK_SUPPORT
off,203081,0.03309569982898486,1.526889691545432,1.4937939917164471,0,WEAK_SUPPORT
off,203507,0.007687150649860364,1.526889691545432,1.5192025408955716,0,WEAK_SUPPORT
def,1629628,-0.06267995932220649,1.526889691545432,1.4642097322232255,0,WEAK_SUPPORT
def,1641711,-0.030731566256764875,1.526889691545432,1.496158125288667,0,WEAK_SUPPORT
off,1629628,-0.022211162919116845,1.078527448798843,1.1007386117179598,0,WEAK_SUPPORT
off,1641711,0.020341024158327725,1.078527448798843,1.0581864246405153,0,WEAK_SUPPORT
def,203081,-0.07477215430663198,1.078527448798843,1.003755294492211,0,WEAK_SUPPORT
def,203507,0.0903062201229663,1.078527448798843,1.1688336689218093,0,WEAK_SUPPORT
off,203507,0.017556911557141897,1.3166141897565895,1.2990572781994476,0,WEAK_SUPPORT
def,1630567,-0.047787120672876604,1.3166141897565895,1.268827069083713,0,WEAK_SUPPORT
off,1630567,-0.031341872107299995,0.9607243263430082,0.9920661984503082,0,WEAK_SUPPORT
def,203507,0.0677301772361506,0.9607243263430082,1.0284545035791588,0,WEAK_SUPPORT
off,201572,-0.07140660507730079,1.0880063110125506,1.1594129160898514,0,WEAK_SUPPORT
off,203081,0.05076810177635327,1.0880063110125506,1.0372382092361974,0,WEAK_SUPPORT
def,1627751,0.15220250281686876,1.0880063110125506,1.2402088138294194,0,WEAK_SUPPORT
def,1630567,0.05785011602539614,1.0880063110125506,1.1458564270379468,0,WEAK_SUPPORT
off,1627751,-0.07793783589421888,0.899548203564553,0.9774860394587719,0,WEAK_SUPPORT
off,1630567,-0.08031349922989328,0.899548203564553,0.9798617027944463,0,WEAK_SUPPORT
def,201572,-0.05589144157491066,0.899548203564553,0.8436567619896423,0,WEAK_SUPPORT
def,203081,0.019667332739806587,0.899548203564553,0.9192155363043596,0,WEAK_SUPPORT
off,1627752,0.042569949431049414,1.4011246282407022,1.3585546788096527,0,WEAK_SUPPORT
off,201572,-0.0809669749218811,1.4011246282407022,1.4820916031625833,0,WEAK_SUPPORT
off,203081,0.05379308291974971,1.4011246282407022,1.3473315453209525,0,WEAK_SUPPORT
def,1627751,0.14557285753259186,1.4011246282407022,1.546697485773294,0,WEAK_SUPPORT
def,1629628,-0.11173648753332888,1.4011246282407022,1.2893881407073733,0,WEAK_SUPPORT
off,1627751,-0.09331194722976188,0.7499478211165631,0.843259768346325,0,WEAK_SUPPORT
off,1629628,-0.046483693793010206,0.7499478211165631,0.7964315149095733,0,WEAK_SUPPORT
off,1630567,-0.0739214087942418,0.7499478211165631,0.8238692299108049,0,WEAK_SUPPORT
off,1641711,-0.013112363667603266,0.7499478211165631,0.7630601847841664,0,WEAK_SUPPORT
def,1627752,-0.03913804342223004,0.7499478211165631,0.7108097776943331,0,WEAK_SUPPORT
def,201572,-0.08179968798656634,0.7499478211165631,0.6681481331299968,0,WEAK_SUPPORT
def,203081,0.0007990695707869033,0.7499478211165631,0.75074689068735,0,WEAK_SUPPORT
def,203507,0.13510573842580698,0.7499478211165631,0.8850535595423701,0,WEAK_SUPPORT
off,201572,-0.09442516673733947,1.5258462230273333,1.6202713897646728,0,WEAK_SUPPORT
off,203081,0.05358799553705795,1.5258462230273333,1.4722582274902754,0,WEAK_SUPPORT
off,203507,0.03280090587013018,1.5258462230273333,1.4930453171572031,0,WEAK_SUPPORT
def,1627751,0.1348256231566869,1.5258462230273333,1.6606718461840202,0,WEAK_SUPPORT
def,1629628,-0.11796883867821206,1.5258462230273333,1.4078773843491212,0,WEAK_SUPPORT
def,1630567,0.021263541634373828,1.5258462230273333,1.5471097646617071,0,WEAK_SUPPORT
def,1641711,-0.0013259025319736217,1.5258462230273333,1.5245203204953597,0,WEAK_SUPPORT
def,201572,-0.09859004605901223,1.0530754264847835,0.9544853804257712,0,WEAK_SUPPORT
def,203507,0.13777309575759378,1.0530754264847835,1.1908485222423772,0,WEAK_SUPPORT
off,1629012,0.0015049163375380203,1.1594028625781294,1.1578979462405914,0,WEAK_SUPPORT
off,1641718,0.0058681517767014135,1.1594028625781294,1.153534710801428,0,WEAK_SUPPORT
def,1630530,0.012816306813222766,1.1594028625781294,1.1722191693913522,0,WEAK_SUPPORT
def,203468,-0.05754105837628587,1.1594028625781294,1.1018618042018435,0,WEAK_SUPPORT
off,1630530,-0.07665993974312846,1.0679089053573774,1.1445688451005058,0,WEAK_SUPPORT
off,203468,-0.0235838663465453,1.0679089053573774,1.0914927717039227,0,WEAK_SUPPORT
def,1629012,0.03346494100409836,1.0679089053573774,1.1013738463614757,0,WEAK_SUPPORT
def,1641718,-0.07691324117356557,1.0679089053573774,0.9909956641838118,0,WEAK_SUPPORT
off,1629012,0.036120115150074295,1.0725327702913499,1.0364126551412756,0,WEAK_SUPPORT
off,1641718,-0.0036925978293103068,1.0725327702913499,1.0762253681206602,0,WEAK_SUPPORT
def,1630530,0.049090460519083834,1.0725327702913499,1.1216232308104337,0,WEAK_SUPPORT
def,203468,-0.12193449720572958,1.0725327702913499,0.9505982730856203,0,WEAK_SUPPORT
off,1630530,-0.12662909515827847,1.1359625896920527,1.2625916848503311,0,WEAK_SUPPORT
off,203468,-0.12048218373370667,1.1359625896920527,1.2564447734257593,0,WEAK_SUPPORT
off,1629012,0.044373981643591076,1.199428209046556,1.155054227402965,0,WEAK_SUPPORT
def,203468,-0.14381258915852957,1.199428209046556,1.0556156198880264,0,WEAK_SUPPORT
off,203468,-0.14872440958872968,1.1100861326966267,1.2588105422853564,0,WEAK_SUPPORT
def,1629012,0.0029774440941594538,1.1100861326966267,1.1130635767907862,0,WEAK_SUPPORT
off,1629012,0.04331268007707212,0.7242967171529702,0.680984037075898,0,WEAK_SUPPORT
off,1630530,-0.1167834291963119,1.1088100658066895,1.2255934950030014,0,WEAK_SUPPORT
def,1629012,0.013012214551018975,1.1088100658066895,1.1218222803577085,0,WEAK_SUPPORT
def,1641718,-0.007246168900434169,1.1088100658066895,1.1015638969062553,0,WEAK_SUPPORT
def,1630530,0.0966828817685702,0.9028207962205828,0.999503677989153,0,WEAK_SUPPORT
off,1630530,-0.1146423730402093,1.1708352615103494,1.2854776345505587,0,WEAK_SUPPORT
off,203468,-0.10653007959266558,1.1708352615103494,1.277365341103015,0,WEAK_SUPPORT
def,1630530,0.03139755490466345,1.0726386794992968,1.1040362344039603,0,WEAK_SUPPORT
def,203468,-0.10768753496929151,1.0726386794992968,0.9649511445300053,0,WEAK_SUPPORT
off,1630530,-0.11897040485965404,0.9608346085976507,1.0798050134573047,0,WEAK_SUPPORT
off,203468,-0.08339607223118417,0.9608346085976507,1.0442306808288349,0,WEAK_SUPPORT
def,1629012,0.016371149933464224,0.9608346085976507,0.9772057585311149,0,WEAK_SUPPORT
off,1629012,0.00022704137706264227,1.21571227239634,1.2154852310192774,0,WEAK_SUPPORT
def,1630530,-0.000835253119705337,1.21571227239634,1.2148770192766347,0,WEAK_SUPPORT
def,203468,-0.08427691511150037,1.21571227239634,1.1314353572848397,0,WEAK_SUPPORT
off,1629012,0.04580620413491099,1.0188365478307335,0.9730303436958225,0,WEAK_SUPPORT
off,1641718,0.00390441104674899,1.0188365478307335,1.0149321367839845,0,WEAK_SUPPORT
def,1630530,0.06742641567199414,1.0188365478307335,1.0862629635027277,0,WEAK_SUPPORT
def,203468,-0.120598026903188,1.0188365478307335,0.8982385209275455,0,WEAK_SUPPORT
off,1630530,-0.08907532914329108,1.182332307964384,1.271407637107675,0,WEAK_SUPPORT
off,203468,-0.06972806051015956,1.182332307964384,1.2520603684745435,0,WEAK_SUPPORT
def,1629012,0.02644099583660542,1.182332307964384,1.2087733038009894,0,WEAK_SUPPORT
def,1641718,-0.04868740726262133,1.182332307964384,1.1336449007017626,0,WEAK_SUPPORT
off,1629012,0.04343473364222328,1.0329252805971034,0.9894905469548801,0,WEAK_SUPPORT
off,1641718,-0.0007075363932147472,1.0329252805971034,1.0336328169903182,0,WEAK_SUPPORT
def,1630530,0.0607442401746896,1.0329252805971034,1.093669520771793,0,WEAK_SUPPORT
def,203468,-0.1261104834855824,1.0329252805971034,0.906814797111521,0,WEAK_SUPPORT
off,1629012,0.03980534278734016,1.066738958635822,1.0269336158484819,0,WEAK_SUPPORT
off,1641718,-0.0021886737470024897,1.066738958635822,1.0689276323828245,0,WEAK_SUPPORT
def,1630530,0.054961830421908164,1.066738958635822,1.1217007890577302,0,WEAK_SUPPORT
def,203468,-0.12403842922458674,1.066738958635822,0.9427005294112353,0,WEAK_SUPPORT
off,203468,-0.08761330676619794,1.1822845617845579,1.2698978685507558,0,WEAK_SUPPORT
def,1629012,0.01865863773111731,1.1822845617845579,1.2009431995156752,0,WEAK_SUPPORT
def,1641718,-0.04156786723750794,1.1822845617845579,1.14071669454705,0,WEAK_SUPPORT
off,1641718,-0.006864467233045346,1.1244723968173773,1.1313368640504227,0,WEAK_SUPPORT
def,203468,-0.12347937069819048,1.1244723968173773,1.0009930261191868,0,WEAK_SUPPORT
off,203468,-0.09715220500929234,1.2068651006441398,1.304017305653432,0,WEAK_SUPPORT
def,1641718,-0.03842045922381154,1.2068651006441398,1.1684446414203282,0,WEAK_SUPPORT
def,1630530,0.012538003095591943,1.0214661063137134,1.0340041094093053,0,WEAK_SUPPORT
def,1630530,0.11263763521948666,0.8394745236249105,0.9521121588443971,0,WEAK_SUPPORT
def,1630530,0.11058138752440705,0.8546992931646664,0.9652806806890735,0,WEAK_SUPPORT
off,1630530,-0.0707155659035148,1.2426956660017296,1.3134112319052444,0,WEAK_SUPPORT
off,1629012,0.02731293427620818,0.9725117659990924,0.9451988317228842,0,WEAK_SUPPORT
off,1641718,0.053965918774418364,0.9725117659990924,0.918545847224674,0,WEAK_SUPPORT
def,1630530,0.10372129172701705,0.9725117659990924,1.0762330577261094,0,WEAK_SUPPORT
off,1630530,-0.08298749614605572,1.0773153143458143,1.16030281049187,0,WEAK_SUPPORT
off,203468,-0.18089745697155024,1.0773153143458143,1.2582127713173645,0,WEAK_SUPPORT
def,1629012,0.034740153212525327,1.0773153143458143,1.1120554675583396,0,WEAK_SUPPORT
def,1641718,-0.030144255381309604,1.0773153143458143,1.0471710589645047,0,WEAK_SUPPORT
off,1629012,0.012808533672979738,1.1324341732991507,1.119625639626171,0,WEAK_SUPPORT
off,1641718,0.049868821780332695,1.1324341732991507,1.082565351518818,0,WEAK_SUPPORT
def,1630530,0.08206457731364503,1.1324341732991507,1.2144987506127958,0,WEAK_SUPPORT
def,203468,-0.1580766859060605,1.1324341732991507,0.9743574873930902,0,WEAK_SUPPORT
off,1630530,-0.1039048652460619,1.0450484823682484,1.1489533476143103,0,WEAK_SUPPORT
off,203468,-0.20876596575136697,1.0450484823682484,1.2538144481196154,0,WEAK_SUPPORT
def,1629012,0.026408836950201575,1.0450484823682484,1.07145731931845,0,WEAK_SUPPORT
def,1641718,-0.01618514465694698,1.0450484823682484,1.0288633377113015,0,WEAK_SUPPORT
off,1629012,0.008440101830815783,1.1440899497739578,1.135649847943142,0,WEAK_SUPPORT
off,1641718,0.04626400453472179,1.1440899497739578,1.097825945239236,0,WEAK_SUPPORT
def,1630530,0.07365276101255369,1.1440899497739578,1.2177427107865115,0,WEAK_SUPPORT
def,203468,-0.15901588199915395,1.1440899497739578,0.9850740677748039,0,WEAK_SUPPORT
off,101108,0.045912098299560666,1.1166276881108796,1.070715589811319,0,WEAK_SUPPORT
off,1641705,0.013254719009738958,1.1166276881108796,1.1033729691011407,0,WEAK_SUPPORT
off,203084,-0.010545712388975614,1.1166276881108796,1.1271734004998553,0,WEAK_SUPPORT
def,1628991,0.12296558056847706,1.1166276881108796,1.2395932686793567,0,WEAK_SUPPORT
def,1630217,-0.09514596476555859,1.1166276881108796,1.021481723345321,0,WEAK_SUPPORT
def,1642377,0.03105939024309845,1.1166276881108796,1.147687078353978,0,WEAK_SUPPORT
off,1628991,0.044140660917229235,1.1304128195741823,1.086272158656953,0,WEAK_SUPPORT
off,1630217,-0.0010645366780765997,1.1304128195741823,1.1314773562522589,0,WEAK_SUPPORT
off,1642377,-0.018265599009250177,1.1304128195741823,1.1486784185834324,0,WEAK_SUPPORT
def,101108,0.05116362445217937,1.1304128195741823,1.1815764440263616,0,WEAK_SUPPORT
def,1641705,0.0528671767676836,1.1304128195741823,1.1832799963418659,0,WEAK_SUPPORT
def,203084,-0.07089589461222512,1.1304128195741823,1.0595169249619572,0,WEAK_SUPPORT
off,101108,0.024145148160852337,1.2002385926175183,1.176093444456666,0,WEAK_SUPPORT
off,1641705,-0.0201612039412582,1.2002385926175183,1.2203997965587765,0,WEAK_SUPPORT
off,203084,-0.005844597916511596,1.2002385926175183,1.20608319053403,0,WEAK_SUPPORT
def,1628991,0.08969164555470521,1.2002385926175183,1.2899302381722235,0,WEAK_SUPPORT
def,1630217,-0.11093667181177103,1.2002385926175183,1.0893019208057473,0,WEAK_SUPPORT
def,1642377,0.019458827329237982,1.2002385926175183,1.2196974199467563,0,WEAK_SUPPORT
off,1628991,0.05189396896130294,1.1542259284823904,1.1023319595210874,0,WEAK_SUPPORT
off,1630217,-0.012111920598199655,1.1542259284823904,1.16633784908059,0,WEAK_SUPPORT
off,1642377,-0.01710182994798859,1.1542259284823904,1.171327758430379,0,WEAK_SUPPORT
def,101108,0.037467262254236244,1.1542259284823904,1.1916931907366266,0,WEAK_SUPPORT
def,1641705,0.052232529562348695,1.1542259284823904,1.206458458044739,0,WEAK_SUPPORT
def,203084,-0.07508267592414808,1.1542259284823904,1.0791432525582423,0,WEAK_SUPPORT
off,1630217,-0.01702174066858131,1.1565702020897348,1.1735919427583161,0,WEAK_SUPPORT
def,1630217,-0.11361391107822416,1.3044706293148094,1.1908567182365852,0,WEAK_SUPPORT
off,1628991,0.02441779538755595,1.2165343449610715,1.1921165495735155,0,WEAK_SUPPORT
off,1630217,-0.014840597296880365,1.2165343449610715,1.2313749422579519,0,WEAK_SUPPORT
def,1641705,0.04377869633583731,1.2165343449610715,1.2603130412969088,0,WEAK_SUPPORT
off,1642377,-0.019277739619161016,0.9868942633660689,1.00617200298523,0,WEAK_SUPPORT
def,101108,0.06137407963062236,0.9868942633660689,1.0482683429966912,0,WEAK_SUPPORT
def,1641705,0.053875789197723734,0.9868942633660689,1.0407700525637926,0,WEAK_SUPPORT
def,203084,-0.06686686253047847,0.9868942633660689,0.9200274008355904,0,WEAK_SUPPORT
off,101108,0.029274523511301664,1.2149451378324543,1.1856706143211526,0,WEAK_SUPPORT
off,1641705,-0.004790343299129418,1.2149451378324543,1.2197354811315837,0,WEAK_SUPPORT
off,203084,-0.01093809011355007,1.2149451378324543,1.2258832279460044,0,WEAK_SUPPORT
def,1642377,0.03208529123548054,1.2149451378324543,1.2470304290679348,0,WEAK_SUPPORT
off,1628991,0.08682744915753193,1.0741644352972328,0.9873369861397009,0,WEAK_SUPPORT
off,1630217,-0.021044499709321984,1.0741644352972328,1.0952089350065548,0,WEAK_SUPPORT
off,1642377,-0.019512513764769146,1.0741644352972328,1.093676949062002,0,WEAK_SUPPORT
def,101108,0.042499804880990366,1.0741644352972328,1.1166642401782232,0,WEAK_SUPPORT
def,1641705,0.0598112672957436,1.0741644352972328,1.1339757025929764,0,WEAK_SUPPORT
def,203084,-0.061091068997515485,1.0741644352972328,1.0130733662997173,0,WEAK_SUPPORT
off,101108,0.008334838222070928,1.1863968126262576,1.1780619744041867,0,WEAK_SUPPORT
def,1628991,0.06922432423412284,1.1863968126262576,1.2556211368603805,0,WEAK_SUPPORT
def,1630217,-0.12494676901646407,1.1863968126262576,1.0614500436097936,0,WEAK_SUPPORT
def,1642377,0.01471285240605491,1.1863968126262576,1.2011096650323125,0,WEAK_SUPPORT
off,1630217,-0.008471676441452303,1.19652895268089,1.2050006291223423,0,WEAK_SUPPORT
off,1642377,-0.014930386024122333,1.19652895268089,1.2114593387050123,0,WEAK_SUPPORT
def,101108,0.029702294645208793,1.19652895268089,1.2262312473260988,0,WEAK_SUPPORT
off,203084,0.0032007171251347,1.2403432144538793,1.2371424973287446,0,WEAK_SUPPORT
def,1628991,0.04209280611899113,1.2403432144538793,1.2824360205728704,0,WEAK_SUPPORT
def,1630217,-0.12313691148113937,1.2403432144538793,1.11720630297274,0,WEAK_SUPPORT
def,1642377,-0.002913428622799197,1.2403432144538793,1.23742978583108,0,WEAK_SUPPORT
off,1628991,0.03468526550627127,1.3528772526871062,1.318191987180835,0,WEAK_SUPPORT
off,1630217,-0.020673906854035584,1.3528772526871062,1.3735511595411418,0,WEAK_SUPPORT
off,1642377,-0.013485079832723068,1.3528772526871062,1.3663623325198293,0,WEAK_SUPPORT
def,203084,-0.09240255401915687,1.3528772526871062,1.2604746986679494,0,WEAK_SUPPORT
off,1628991,0.04525066624819685,1.1512984464325757,1.1060477801843789,0,WEAK_SUPPORT
off,1630217,0.0012374829082228977,1.1512984464325757,1.1500609635243528,0,WEAK_SUPPORT
off,1642377,-0.018826802590920177,1.1512984464325757,1.170125249023496,0,WEAK_SUPPORT
def,101108,0.05554919933844671,1.1512984464325757,1.2068476457710224,0,WEAK_SUPPORT
def,1641705,0.05376885784686536,1.1512984464325757,1.205067304279441,0,WEAK_SUPPORT
def,203084,-0.0683711449264186,1.1512984464325757,1.0829273015061571,0,WEAK_SUPPORT
off,101108,0.04270303495383154,1.0977937864508163,1.0550907514969847,0,WEAK_SUPPORT
off,1641705,-0.0008166939861533606,1.0977937864508163,1.0986104804369696,0,WEAK_SUPPORT
off,203084,-0.004990459492670629,1.0977937864508163,1.102784245943487,0,WEAK_SUPPORT
def,1628991,0.10592287221731733,1.0977937864508163,1.2037166586681336,0,WEAK_SUPPORT
def,1630217,-0.08914228734352925,1.0977937864508163,1.008651499107287,0,WEAK_SUPPORT
def,1642377,0.0172807959296557,1.0977937864508163,1.115074582380472,0,WEAK_SUPPORT
off,1630217,-0.0045943000437354,1.1083003162677032,1.1128946163114386,0,WEAK_SUPPORT
off,1642377,-0.0174050868506892,1.1083003162677032,1.1257054031183924,0,WEAK_SUPPORT
def,101108,0.044439076293235624,1.1083003162677032,1.1527393925609388,0,WEAK_SUPPORT
def,1641705,0.05148459911293779,1.1083003162677032,1.159784915380641,0,WEAK_SUPPORT
def,203084,-0.07476717746379546,1.1083003162677032,1.0335331388039077,0,WEAK_SUPPORT
off,203084,-0.0005712058056170921,1.1350575047789049,1.135628710584522,0,WEAK_SUPPORT
def,1630217,-0.09836786116000606,1.1350575047789049,1.0366896436188988,0,WEAK_SUPPORT
def,1642377,0.006359734032631792,1.1350575047789049,1.1414172388115367,0,WEAK_SUPPORT
off,1630217,-0.0034862774319170953,1.2075019190122576,1.2109881964441747,0,WEAK_SUPPORT
off,1642377,-0.014616318986985455,1.2075019190122576,1.222118237999243,0,WEAK_SUPPORT
off,1641705,-0.0566588626733171,1.1787112451331483,1.2353701078064654,0,WEAK_SUPPORT
def,1630217,-0.10557824360175494,1.1787112451331483,1.0731330015313933,0,WEAK_SUPPORT
def,1642377,-0.00910043116110315,1.1787112451331483,1.1696108139720451,0,WEAK_SUPPORT
def,1641705,0.0328255954553236,1.2604191976113406,1.2932447930666642,0,WEAK_SUPPORT
off,1641705,-0.061253388601262504,1.2056997579109205,1.266953146512183,0,WEAK_SUPPORT
off,203084,0.015903910209104533,1.2056997579109205,1.189795847701816,0,WEAK_SUPPORT
def,1630217,-0.07385035104719662,1.2056997579109205,1.131849406863724,0,WEAK_SUPPORT
def,101108,0.07473025863561422,1.226146583987799,1.3008768426234132,0,WEAK_SUPPORT
def,1641705,0.023859059740078292,1.226146583987799,1.2500056437278773,0,WEAK_SUPPORT
def,203084,-0.013729721854306653,1.226146583987799,1.2124168621334923,0,WEAK_SUPPORT
off,101108,0.11172559075061239,1.0862810126117923,0.9745554218611799,0,WEAK_SUPPORT
off,1641705,-0.0252318665991218,1.0862810126117923,1.1115128792109141,0,WEAK_SUPPORT
off,203084,-0.06749884574498921,1.0862810126117923,1.1537798583567815,0,WEAK_SUPPORT
def,1628991,0.16580122446165935,1.0862810126117923,1.2520822370734517,0,WEAK_SUPPORT
off,1628991,-0.20640682895813622,1.1459482790027984,1.3523551079609346,0,WEAK_SUPPORT
def,101108,0.06345683111757272,1.1459482790027984,1.209405110120371,0,WEAK_SUPPORT
def,1641705,0.017178532635958588,1.1459482790027984,1.163126811638757,0,WEAK_SUPPORT
def,203084,-0.027616035626990776,1.1459482790027984,1.1183322433758076,0,WEAK_SUPPORT
off,101108,0.10417168396493637,0.7316304700659948,0.6274587861010584,0,WEAK_SUPPORT
off,1641705,-0.04800738012583661,0.7316304700659948,0.7796378501918314,0,WEAK_SUPPORT
off,203084,-0.05992376324315796,0.7316304700659948,0.7915542333091528,0,WEAK_SUPPORT
def,1628991,0.13941722141664392,0.7316304700659948,0.8710476914826387,0,WEAK_SUPPORT
def,1630217,0.07157406965005231,0.7316304700659948,0.8032045397160471,0,WEAK_SUPPORT
off,1628991,-0.22161567280854166,1.3219493191821794,1.543564991990721,0,WEAK_SUPPORT
off,1630217,0.04617075806764204,1.3219493191821794,1.2757785611145374,0,WEAK_SUPPORT
off,1642377,-0.0948605546299548,1.3219493191821794,1.4168098738121342,0,WEAK_SUPPORT
def,101108,0.04769674866275064,1.3219493191821794,1.36964606784493,0,WEAK_SUPPORT
def,1641705,0.011756888592786341,1.3219493191821794,1.3337062077749657,0,WEAK_SUPPORT
def,203084,-0.040387156371403776,1.3219493191821794,1.2815621628107756,0,WEAK_SUPPORT
def,1628991,0.11466146911392006,0.9393550778489139,1.054016546962834,0,WEAK_SUPPORT
def,1630217,0.09046078298999771,0.9393550778489139,1.0298158608389116,0,WEAK_SUPPORT
def,1642377,-0.1260284662975092,0.9393550778489139,0.8133266115514047,0,WEAK_SUPPORT
off,1642377,-0.09081406585690521,1.120912857953648,1.2117269238105532,0,WEAK_SUPPORT
off,1629652,-0.052427460135231696,0.8908395987682095,0.9432670589034412,0,WEAK_SUPPORT
off,1631114,-0.19268223930311568,0.8908395987682095,1.0835218380713252,0,WEAK_SUPPORT
off,1641717,0.01325900732107721,0.8908395987682095,0.8775805914471323,0,WEAK_SUPPORT
def,1629023,-0.021834017428810526,0.8908395987682095,0.869005581339399,0,WEAK_SUPPORT
def,202681,0.01496558945357529,0.8908395987682095,0.9058051882217848,0,WEAK_SUPPORT
def,202691,-0.04629868247309288,0.8908395987682095,0.8445409162951166,0,WEAK_SUPPORT
off,1629023,-0.025630436144518765,1.3986015607368967,1.4242319968814154,0,WEAK_SUPPORT
off,202681,-0.015035624060183661,1.3986015607368967,1.4136371847970803,0,WEAK_SUPPORT
off,202691,0.07112359446028083,1.3986015607368967,1.3274779662766159,0,WEAK_SUPPORT
def,1629652,-0.013284052118131884,1.3986015607368967,1.3853175086187648,0,WEAK_SUPPORT
def,1631114,0.009849622474883635,1.3986015607368967,1.4084511832117803,0,WEAK_SUPPORT
def,1641717,-0.066807127943874,1.3986015607368967,1.3317944327930227,0,WEAK_SUPPORT
off,1629023,-0.027937678130343757,1.2687960571939096,1.2967337353242534,0,WEAK_SUPPORT
off,202681,-0.010205781234650102,1.2687960571939096,1.2790018384285597,0,WEAK_SUPPORT
def,1629652,-0.030372668904465216,1.2687960571939096,1.2384233882894444,0,WEAK_SUPPORT
def,1631114,0.03457929942747007,1.2687960571939096,1.3033753566213797,0,WEAK_SUPPORT
def,1641717,-0.06448049672190836,1.2687960571939096,1.2043155604720013,0,WEAK_SUPPORT
off,1629023,-0.03176104478179331,1.3143917574647517,1.346152802246545,0,WEAK_SUPPORT
off,202681,-0.010013382030481077,1.3143917574647517,1.3244051394952328,0,WEAK_SUPPORT
def,1629652,-0.04105162095783044,1.3143917574647517,1.2733401365069212,0,WEAK_SUPPORT
def,1641717,-0.060400927587040965,1.3143917574647517,1.2539908298777107,0,WEAK_SUPPORT
off,1641717,0.0076208862868347715,1.0981678263967127,1.090546940109878,0,WEAK_SUPPORT
def,1629023,-0.004980819057330388,1.0981678263967127,1.0931870073393823,0,WEAK_SUPPORT
def,1631114,0.056563459422660056,1.0219696497250348,1.0785331091476948,0,WEAK_SUPPORT
off,1631114,-0.05131381914821076,1.1306046569473973,1.181918476095608,0,WEAK_SUPPORT
off,1631114,-0.15609599971039767,1.060179295793093,1.2162752955034906,0,WEAK_SUPPORT
def,202691,-0.06656229538574288,1.060179295793093,0.99361700040735,0,WEAK_SUPPORT
off,202681,0.02585638022841308,1.3197828337584538,1.2939264535300408,0,WEAK_SUPPORT
off,202691,0.15796657196302388,1.3197828337584538,1.16181626179543,0,WEAK_SUPPORT
def,1629652,-0.053255297180469174,1.3197828337584538,1.2665275365779847,0,WEAK_SUPPORT
def,1631114,0.061589762775802415,1.3197828337584538,1.3813725965342563,0,WEAK_SUPPORT
off,1629652,-0.060823517794696524,1.0162429482398572,1.0770664660345537,0,WEAK_SUPPORT
def,1629023,-0.00981884083040252,1.0162429482398572,1.0064241074094546,0,WEAK_SUPPORT
def,202681,0.03968186895356851,1.0162429482398572,1.0559248171934257,0,WEAK_SUPPORT
def,202691,-0.05215426460890138,1.0162429482398572,0.9640886836309558,0,WEAK_SUPPORT
off,1629652,-0.0428950467148409,0.9153727677324409,0.9582678144472818,0,WEAK_SUPPORT
off,1631114,-0.14167736523524044,0.9153727677324409,1.0570501329676814,0,WEAK_SUPPORT
off,1641717,0.015503552389183661,0.9153727677324409,0.8998692153432573,0,WEAK_SUPPORT
def,202681,0.027626882781605633,0.9153727677324409,0.9429996505140466,0,WEAK_SUPPORT
off,1629652,-0.037762005376570595,0.9897024710811906,1.0274644764577612,0,WEAK_SUPPORT
off,1631114,-0.1268877491981022,0.9897024710811906,1.1165902202792928,0,WEAK_SUPPORT
off,1641717,0.018228470851854306,0.9897024710811906,0.9714740002293363,0,WEAK_SUPPORT
def,1629023,-0.011656310093582478,0.9897024710811906,0.9780461609876081,0,WEAK_SUPPORT
def,202681,0.02946784170045147,0.9897024710811906,1.019170312781642,0,WEAK_SUPPORT
off,1629023,-0.05729990083772907,1.2136674729449215,1.2709673737826506,0,WEAK_SUPPORT
off,202681,-0.05016526260807508,1.2136674729449215,1.2638327355529966,0,WEAK_SUPPORT
def,1629652,-0.018812616607448485,1.2136674729449215,1.194854856337473,0,WEAK_SUPPORT
def,1631114,0.02541809629018732,1.2136674729449215,1.2390855692351088,0,WEAK_SUPPORT
def,1641717,-0.03196205877466429,1.2136674729449215,1.1817054141702572,0,WEAK_SUPPORT
off,1631114,-0.14571254902646202,0.9601331616570005,1.1058457106834625,0,WEAK_SUPPORT
off,1641717,0.06125372689861652,0.9601331616570005,0.8988794347583839,0,WEAK_SUPPORT
def,1629023,-0.027658638961191695,0.9601331616570005,0.9324745226958088,0,WEAK_SUPPORT
def,202681,-0.013905922044189611,0.9601331616570005,0.9462272396128109,0,WEAK_SUPPORT
off,1629023,-0.08178941045159038,1.2279423523417379,1.3097317627933283,0,WEAK_SUPPORT
off,202681,-0.08915314620691772,1.2279423523417379,1.3170954985486556,0,WEAK_SUPPORT
def,1631114,-0.0002957687911389062,1.2279423523417379,1.227646583550599,0,WEAK_SUPPORT
def,1641717,-0.004677757925805048,1.2279423523417379,1.2232645944159328,0,WEAK_SUPPORT
off,1629652,-0.028977286217968135,0.7686320513060233,0.7976093375239914,0,WEAK_SUPPORT
off,1631114,-0.23104413543887325,0.7686320513060233,0.9996761867448966,0,WEAK_SUPPORT
off,1641717,0.038378908667162204,0.7686320513060233,0.7302531426388611,0,WEAK_SUPPORT
def,1629023,-0.03601973057536523,0.7686320513060233,0.7326123207306581,0,WEAK_SUPPORT
def,202681,-0.01821530748529221,0.7686320513060233,0.7504167438207311,0,WEAK_SUPPORT
def,202691,-0.03276107800064909,0.7686320513060233,0.7358709733053742,0,WEAK_SUPPORT
off,1629023,-0.024923194887048084,1.3979886612095467,1.4229118560965948,0,WEAK_SUPPORT
off,202681,-0.015728944684321622,1.3979886612095467,1.4137176058938683,0,WEAK_SUPPORT
off,202691,0.0685316616420244,1.3979886612095467,1.3294569995675223,0,WEAK_SUPPORT
def,1629652,-0.009823420499156743,1.3979886612095467,1.38816524071039,0,WEAK_SUPPORT
def,1631114,0.004782857138336816,1.3979886612095467,1.4027715183478835,0,WEAK_SUPPORT
def,1641717,-0.06754289353107268,1.3979886612095467,1.330445767678474,0,WEAK_SUPPORT
off,1629652,-0.02678659527081073,0.8585428958570422,0.885329491127853,0,WEAK_SUPPORT
off,1631114,-0.17765312508038322,0.8585428958570422,1.0361960209374255,0,WEAK_SUPPORT
off,1641717,0.033910220868618945,0.8585428958570422,0.8246326749884233,0,WEAK_SUPPORT
def,1629023,-0.02525694528255229,0.8585428958570422,0.83328595057449,0,WEAK_SUPPORT
def,202681,0.0010553912306536795,0.8585428958570422,0.8595982870876959,0,WEAK_SUPPORT
def,202691,-0.03325415525347453,0.8585428958570422,0.8252887406035677,0,WEAK_SUPPORT
off,1629652,-0.03888301440446873,1.0451186501365655,1.0840016645410342,0,WEAK_SUPPORT
off,1641717,0.017633373716328338,1.0451186501365655,1.0274852764202371,0,WEAK_SUPPORT
def,1629023,-0.01205252739396312,1.0451186501365655,1.0330661227426023,0,WEAK_SUPPORT
def,202681,0.0290657932009335,1.0451186501365655,1.074184443337499,0,WEAK_SUPPORT
off,1629023,-0.05090630377976835,1.2609664078069365,1.3118727115867048,0,WEAK_SUPPORT
off,202681,-0.03272826711747623,1.2609664078069365,1.2936946749244127,0,WEAK_SUPPORT
def,1629652,-0.041056656630666266,1.2609664078069365,1.2199097511762702,0,WEAK_SUPPORT
def,1641717,-0.03929351548607851,1.2609664078069365,1.221672892320858,0,WEAK_SUPPORT
off,1629652,-0.03803266592540311,1.0480880775746793,1.0861207435000824,0,WEAK_SUPPORT
off,1631114,-0.06881876116831132,1.0480880775746793,1.1169068387429906,0,WEAK_SUPPORT
def,202681,0.05247703228088807,1.0480880775746793,1.1005651098555673,0,WEAK_SUPPORT
off,1631114,-0.22526489804056005,1.0581971045712004,1.2834620026117605,0,WEAK_SUPPORT
off,1641717,0.034081320549739225,1.0581971045712004,1.0241157840214612,0,WEAK_SUPPORT
def,202691,-0.1401190210632589,1.0581971045712004,0.9180780835079415,0,WEAK_SUPPORT
off,1629023,-0.08930627735107355,1.4665111881181097,1.5558174654691832,0,WEAK_SUPPORT
off,202681,0.05444564177128686,1.4665111881181097,1.4120655463468228,0,WEAK_SUPPORT
off,202691,0.12506671240460787,1.4665111881181097,1.3414444757135018,0,WEAK_SUPPORT
def,1629652,-0.11752502061487635,1.4665111881181097,1.3489861675032333,0,WEAK_SUPPORT
def,1631114,0.05681273880198856,1.4665111881181097,1.5233239269200982,0,WEAK_SUPPORT
def,1641717,-0.11847031583239298,1.4665111881181097,1.3480408722857167,0,WEAK_SUPPORT
off,1629652,-0.13902425249444716,1.056426804496916,1.1954510569913632,0,WEAK_SUPPORT
off,1631114,-0.16370790144590597,1.056426804496916,1.220134705942822,0,WEAK_SUPPORT
off,1641717,0.023964310548118428,1.056426804496916,1.0324624939487976,0,WEAK_SUPPORT
def,1629023,-0.04386058106328039,1.056426804496916,1.0125662234336357,0,WEAK_SUPPORT
def,202681,0.0024675828423630364,1.056426804496916,1.058894387339279,0,WEAK_SUPPORT
def,202691,-0.1436750022049521,1.056426804496916,0.912751802291964,0,WEAK_SUPPORT
off,1629023,-0.11459991107427703,1.3504342343717775,1.4650341454460545,0,WEAK_SUPPORT
off,202681,0.021954948021593923,1.3504342343717775,1.3284792863501835,0,WEAK_SUPPORT
off,202691,0.06659066147954573,1.3504342343717775,1.2838435728922317,0,WEAK_SUPPORT
def,1629652,-0.11192904725616626,1.3504342343717775,1.2385051871156112,0,WEAK_SUPPORT
def,1631114,0.0550896290802243,1.3504342343717775,1.4055238634520018,0,WEAK_SUPPORT
def,1641717,-0.09051322435795717,1.3504342343717775,1.2599210100138203,0,WEAK_SUPPORT
off,1629652,-0.11653607636742991,1.069643207866357,1.1861792842337868,0,WEAK_SUPPORT
off,1631114,-0.13422296428156,1.069643207866357,1.203866172147917,0,WEAK_SUPPORT
off,1641717,0.04012607526176448,1.069643207866357,1.0295171326045924,0,WEAK_SUPPORT
def,1629023,-0.04340357130363781,1.069643207866357,1.026239636562719,0,WEAK_SUPPORT
def,202681,-0.0033308182312858925,1.069643207866357,1.066312389635071,0,WEAK_SUPPORT
off,1629023,-0.1420619659000688,1.093209764253597,1.2352717301536658,0,WEAK_SUPPORT
off,202681,-0.01589675503895749,1.093209764253597,1.1091065192925544,0,WEAK_SUPPORT
def,1629652,-0.10003728108979038,1.093209764253597,0.9931724831638066,0,WEAK_SUPPORT
def,1631114,0.044994317514023274,1.093209764253597,1.1382040817676202,0,WEAK_SUPPORT
def,1641717,-0.06008549056086565,1.093209764253597,1.0331242736927313,0,WEAK_SUPPORT
off,1630163,0.16114700684377392,1.1726263707576652,1.0114793639138913,0,WEAK_SUPPORT
off,1630182,-0.0003156273699853607,1.1726263707576652,1.1729419981276505,0,WEAK_SUPPORT
def,1629632,0.00036049982722663465,1.1726263707576652,1.1729868705848918,0,WEAK_SUPPORT
def,1630172,0.02064526811607248,1.1726263707576652,1.1932716388737377,0,WEAK_SUPPORT
def,1630581,-0.16003893384330525,1.1726263707576652,1.01258743691436,0,WEAK_SUPPORT
def,202696,0.10344078110807708,1.1726263707576652,1.2760671518657423,0,WEAK_SUPPORT
def,203897,0.10992041081225157,1.1726263707576652,1.2825467815699167,0,WEAK_SUPPORT
off,1629632,0.00958199667580295,0.8986382971427033,0.8890563004669003,0,WEAK_SUPPORT
off,1630172,-0.21914696156833646,0.8986382971427033,1.1177852587110397,0,WEAK_SUPPORT
off,1630581,0.014296390959173455,0.8986382971427033,0.8843419061835298,0,WEAK_SUPPORT
off,202696,-0.05697095137999819,0.8986382971427033,0.9556092485227015,0,WEAK_SUPPORT
off,203897,0.16859953132314043,0.8986382971427033,0.7300387658195628,0,WEAK_SUPPORT
def,1630163,0.03142574688055566,0.8986382971427033,0.9300640440232589,0,WEAK_SUPPORT
def,1630182,0.053078884834983464,0.8986382971427033,0.9517171819776867,0,WEAK_SUPPORT
off,1630163,0.1480098828669656,1.2119356502695775,1.063925767402612,0,WEAK_SUPPORT
off,1630182,-0.0079311366895094,1.2119356502695775,1.219866786959087,0,WEAK_SUPPORT
def,1629632,0.007944228139319387,1.2119356502695775,1.219879878408897,0,WEAK_SUPPORT
def,1630172,0.025285823335998048,1.2119356502695775,1.2372214736055756,0,WEAK_SUPPORT
def,1630581,-0.1525208902736288,1.2119356502695775,1.0594147599959487,0,WEAK_SUPPORT
def,202696,0.09668783479204857,1.2119356502695775,1.308623485061626,0,WEAK_SUPPORT
def,203897,0.08826443200032563,1.2119356502695775,1.3002000822699031,0,WEAK_SUPPORT
off,1630172,-0.18886947369248586,1.0062334222944926,1.1951028959869785,0,WEAK_SUPPORT
off,1630581,-0.004605802123714309,1.0062334222944926,1.010839224418207,0,WEAK_SUPPORT
off,202696,-0.03930058857920904,1.0062334222944926,1.0455340108737017,0,WEAK_SUPPORT
off,203897,0.1115611023879306,1.0062334222944926,0.894672319906562,0,WEAK_SUPPORT
def,1630163,0.023652762520768977,1.0062334222944926,1.0298861848152616,0,WEAK_SUPPORT
off,1630163,0.1281433210568288,1.1291850589844605,1.0010417379276317,0,WEAK_SUPPORT
def,1630172,0.008656732455606164,1.1291850589844605,1.1378417914400667,0,WEAK_SUPPORT
def,1630581,-0.11431886992640994,1.1291850589844605,1.0148661890580506,0,WEAK_SUPPORT
def,202696,0.08588159945049889,1.1291850589844605,1.2150666584349594,0,WEAK_SUPPORT
def,203897,0.08104986293493188,1.1291850589844605,1.2102349219193924,0,WEAK_SUPPORT
off,1630245,-0.033073110195120714,1.1497666964338809,1.1828398066290016,0,WEAK_SUPPORT
off,202696,-0.03190163039310878,1.1497666964338809,1.1816683268269896,0,WEAK_SUPPORT
off,203897,0.09470469307560303,1.1497666964338809,1.0550620033582778,0,WEAK_SUPPORT
def,1630245,-0.11150517871742538,1.0809430834888385,0.9694379047714131,0,WEAK_SUPPORT
def,202696,0.07687881124866602,1.0809430834888385,1.1578218947375045,0,WEAK_SUPPORT
def,203897,0.05383962780278684,1.0809430834888385,1.1347827112916253,0,WEAK_SUPPORT
off,1629632,0.01079427523299803,0.9626103183928173,0.9518160431598193,0,WEAK_SUPPORT
off,1630245,-0.009292706335775058,0.9626103183928173,0.9719030247285924,0,WEAK_SUPPORT
def,1630182,0.0564674797703576,0.9626103183928173,1.019077798163175,0,WEAK_SUPPORT
off,1630182,-0.021190895944031007,1.3358465355006808,1.3570374314447118,0,WEAK_SUPPORT
def,1629632,0.031372012592733034,1.3358465355006808,1.3672185480934138,0,WEAK_SUPPORT
def,1630245,-0.08601992147965998,1.3358465355006808,1.2498266140210208,0,WEAK_SUPPORT
off,1630581,0.02217867622323022,0.9508172652760661,0.9286385890528359,0,WEAK_SUPPORT
def,1630163,0.03689909538624647,0.9508172652760661,0.9877163606623126,0,WEAK_SUPPORT
def,1630182,0.060121801365624505,0.9508172652760661,1.0109390666416906,0,WEAK_SUPPORT
off,1630163,0.1363524216044103,1.4746679771009303,1.33831555549652,0,WEAK_SUPPORT
off,1630182,-0.013905451135711067,1.4746679771009303,1.4885734282366414,0,WEAK_SUPPORT
def,1630581,-0.1447397440059328,1.4746679771009303,1.3299282330949975,0,WEAK_SUPPORT
off,1629632,0.015897609252479183,1.1937700208962327,1.1778724116437536,0,WEAK_SUPPORT
off,1630581,0.009793710675124467,1.1937700208962327,1.1839763102211083,0,WEAK_SUPPORT
off,202696,-0.034029695277407734,1.1937700208962327,1.2277997161736405,0,WEAK_SUPPORT
off,203897,0.09855028312069591,1.1937700208962327,1.0952197377755368,0,WEAK_SUPPORT
def,1630163,0.032287077430484645,1.1937700208962327,1.2260570983267174,0,WEAK_SUPPORT
off,1630163,0.11948461938058208,1.1809979753364208,1.0615133559558387,0,WEAK_SUPPORT
def,1629632,-0.0065275997616554005,1.1809979753364208,1.1744703755747654,0,WEAK_SUPPORT
def,1630581,-0.10861291547651719,1.1809979753364208,1.0723850598599036,0,WEAK_SUPPORT
def,202696,0.08141409678008227,1.1809979753364208,1.262412072116503,0,WEAK_SUPPORT
def,203897,0.06749084061601374,1.1809979753364208,1.2484888159524345,0,WEAK_SUPPORT
off,1630163,0.11266526132152022,1.1795442194987458,1.0668789581772256,0,WEAK_SUPPORT
def,1629632,-0.02708565109208605,1.1795442194987458,1.1524585684066597,0,WEAK_SUPPORT
def,1630172,-0.005782798196930727,1.1795442194987458,1.173761421301815,0,WEAK_SUPPORT
def,1630245,-0.10230519174432318,1.1795442194987458,1.0772390277544226,0,WEAK_SUPPORT
def,202696,0.07742516995694393,1.1795442194987458,1.2569693894556897,0,WEAK_SUPPORT
def,203897,0.07703123100558606,1.1795442194987458,1.2565754505043318,0,WEAK_SUPPORT
off,1629632,0.018665880467606533,1.0145452412880294,0.9958793608204228,0,WEAK_SUPPORT
off,1630172,-0.14890133538517913,1.0145452412880294,1.1634465766732085,0,WEAK_SUPPORT
off,1630245,-0.029087199770933214,1.0145452412880294,1.0436324410589626,0,WEAK_SUPPORT
off,202696,-0.0197308694866547,1.0145452412880294,1.034276110774684,0,WEAK_SUPPORT
off,203897,0.05449118399934327,1.0145452412880294,0.9600540572886861,0,WEAK_SUPPORT
def,1630163,0.03173277520763018,1.0145452412880294,1.0462780164956595,0,WEAK_SUPPORT
off,1629632,-0.0009728457990593187,0.9457076062368546,0.9466804520359139,0,WEAK_SUPPORT
off,1630172,-0.2203787699035633,0.9457076062368546,1.1660863761404179,0,WEAK_SUPPORT
off,1630581,-0.004693819584169701,0.9457076062368546,0.9504014258210243,0,WEAK_SUPPORT
off,202696,-0.055541581192784184,0.9457076062368546,1.0012491874296388,0,WEAK_SUPPORT
off,203897,0.160497235129904,0.9457076062368546,0.7852103711069506,0,WEAK_SUPPORT
def,1630163,0.02125249277668151,0.9457076062368546,0.9669600990135361,0,WEAK_SUPPORT
def,1630182,0.038974277419606795,0.9457076062368546,0.9846818836564614,0,WEAK_SUPPORT
off,1630163,0.15180209909204212,1.2185221106082795,1.0667200115162374,0,WEAK_SUPPORT
off,1630182,-0.011908191197434359,1.2185221106082795,1.2304303018057139,0,WEAK_SUPPORT
def,1629632,0.015567600975944895,1.2185221106082795,1.2340897115842244,0,WEAK_SUPPORT
def,1630172,0.03165590804754581,1.2185221106082795,1.2501780186558253,0,WEAK_SUPPORT
def,1630581,-0.16343951573999016,1.2185221106082795,1.0550825948682894,0,WEAK_SUPPORT
def,202696,0.09883087139842583,1.2185221106082795,1.3173529820067054,0,WEAK_SUPPORT
def,203897,0.08619058780217692,1.2185221106082795,1.3047126984104565,0,WEAK_SUPPORT
off,1630581,0.025437289990621226,1.0672391599195001,1.041801869928879,0,WEAK_SUPPORT
off,202696,-0.050314194094628784,1.0672391599195001,1.117553354014129,0,WEAK_SUPPORT
off,203897,0.15076042258950906,1.0672391599195001,0.9164787373299911,0,WEAK_SUPPORT
def,1630163,0.03847957858825879,1.0672391599195001,1.105718738507759,0,WEAK_SUPPORT
def,1630182,0.062385100861285236,1.0672391599195001,1.1296242607807854,0,WEAK_SUPPORT
off,1630163,0.1374945072359839,1.1734660705916156,1.0359715633556317,0,WEAK_SUPPORT
def,1630245,-0.09391215154707999,1.1734660705916156,1.0795539190445356,0,WEAK_SUPPORT
def,202696,0.0912261834936341,1.1734660705916156,1.2646922540852497,0,WEAK_SUPPORT
def,203897,0.07335328243154104,1.1734660705916156,1.2468193530231566,0,WEAK_SUPPORT
off,1630245,-0.02051226415366436,1.0944558667942754,1.1149681309479398,0,WEAK_SUPPORT
off,202696,-0.03565723142218569,1.0944558667942754,1.130113098216461,0,WEAK_SUPPORT
off,203897,0.10329656253930486,1.0944558667942754,0.9911593042549706,0,WEAK_SUPPORT
def,1630163,0.03161509472925417,1.0944558667942754,1.1260709615235296,0,WEAK_SUPPORT
def,1629632,-0.025158928442547746,1.20983053369994,1.1846716052573922,0,WEAK_SUPPORT
def,1630245,-0.09981169183041616,1.20983053369994,1.1100188418695238,0,WEAK_SUPPORT
off,1629632,0.012264573654672262,1.1317273903347822,1.11946281668011,0,WEAK_SUPPORT
off,1630245,-0.02137185371625061,1.1317273903347822,1.1530992440510328,0,WEAK_SUPPORT
off,1630581,-0.006452597246188185,1.1317273903347822,1.1381799875809704,0,WEAK_SUPPORT
off,1630182,-0.09048263040707494,1.2626194691288226,1.3531020995358976,0,WEAK_SUPPORT
def,1629632,0.03472321736357675,1.2626194691288226,1.2973426864923994,0,WEAK_SUPPORT
def,1630245,-0.08084270610885325,1.2626194691288226,1.1817767630199694,0,WEAK_SUPPORT
def,1630581,-0.21439630537068255,1.2626194691288226,1.04822316375814,0,WEAK_SUPPORT
off,1629632,-0.009776343055746817,0.7843214111070256,0.7940977541627724,0,WEAK_SUPPORT
off,1630172,-0.18876785538618712,0.7843214111070256,0.9730892664932127,0,WEAK_SUPPORT
off,1630245,0.01038747146153085,0.7843214111070256,0.7739339396454947,0,WEAK_SUPPORT
off,1630581,-0.023733213143161902,0.7843214111070256,0.8080546242501875,0,WEAK_SUPPORT
def,1630182,0.13443628027605614,0.7843214111070256,0.9187576913830817,0,WEAK_SUPPORT
off,1630182,-0.10355140622704262,1.0723210690481575,1.1758724752752001,0,WEAK_SUPPORT
def,1630172,0.012509561843253802,1.0723210690481575,1.0848306308914113,0,WEAK_SUPPORT
def,1630245,-0.09603305601566092,1.0723210690481575,0.9762880130324966,0,WEAK_SUPPORT
def,1630581,-0.21559179019868513,1.0723210690481575,0.8567292788494724,0,WEAK_SUPPORT
def,202696,0.10078286233181077,1.0723210690481575,1.1731039313799683,0,WEAK_SUPPORT
def,203897,0.1589298348199839,1.0723210690481575,1.2312509038681414,0,WEAK_SUPPORT
off,1629632,0.006288606398266228,0.704899510263064,0.6986109038647977,0,WEAK_SUPPORT
off,1630172,-0.17091608704362038,0.704899510263064,0.8758155973066843,0,WEAK_SUPPORT
off,1630245,-0.011029411243062892,0.704899510263064,0.7159289215061269,0,WEAK_SUPPORT
off,202696,-0.09680946924291012,0.704899510263064,0.8017089795059741,0,WEAK_SUPPORT
off,203897,0.08267546874337384,0.704899510263064,0.6222240415196901,0,WEAK_SUPPORT
def,1630163,0.024396250919027307,0.704899510263064,0.7292957611820913,0,WEAK_SUPPORT
def,1630182,0.15266615239424297,0.704899510263064,0.8575656626573069,0,WEAK_SUPPORT
off,1629632,0.011302831260184054,0.8375704746532087,0.8262676433930246,0,WEAK_SUPPORT
off,1630245,-0.018169463149318665,0.8375704746532087,0.8557399378025273,0,WEAK_SUPPORT
off,202696,-0.09280762736790338,0.8375704746532087,0.930378102021112,0,WEAK_SUPPORT
off,203897,0.07179193668609873,0.8375704746532087,0.7657785379671099,0,WEAK_SUPPORT
def,1630163,0.02820122858028462,0.8375704746532087,0.8657717032334933,0,WEAK_SUPPORT
def,1630182,0.15766066162417858,0.8375704746532087,0.9952311362773872,0,WEAK_SUPPORT
off,1630163,0.18470505415388683,1.1158296672551877,0.9311246131013009,0,WEAK_SUPPORT
off,1630182,-0.09555393003841073,1.1158296672551877,1.2113835972935985,0,WEAK_SUPPORT
def,1629632,0.0297618404242328,1.1158296672551877,1.1455915076794205,0,WEAK_SUPPORT
def,1630245,-0.11009766161832268,1.1158296672551877,1.005732005636865,0,WEAK_SUPPORT
def,202696,0.08699418110626778,1.1158296672551877,1.2028238483614555,0,WEAK_SUPPORT
def,203897,0.14765888400499083,1.1158296672551877,1.2634885512601786,0,WEAK_SUPPORT
off,1629632,0.0044776786664665336,0.977909040383643,0.9734313617171765,0,WEAK_SUPPORT
off,1630245,-0.013843301486509696,0.977909040383643,0.9917523418701527,0,WEAK_SUPPORT
off,202696,-0.07565954640845751,0.977909040383643,1.0535685867921005,0,WEAK_SUPPORT
off,203897,0.015489821740792054,0.977909040383643,0.962419218642851,0,WEAK_SUPPORT
def,1630163,0.018059919230836496,0.977909040383643,0.9959689596144795,0,WEAK_SUPPORT
def,1630182,0.14262687660994966,0.977909040383643,1.1205359169935927,0,WEAK_SUPPORT
def,1629060,0.006251462042250466,1.1093516683384121,1.1156031303806626,0,WEAK_SUPPORT
def,1630559,0.00046055175522585756,1.1093516683384121,1.109812220093638,0,WEAK_SUPPORT
def,2544,-0.039027273298793075,1.1093516683384121,1.070324395039619,0,WEAK_SUPPORT
off,1629060,-0.03771339201998769,1.2197788040201953,1.257492196040183,0,WEAK_SUPPORT
off,1630559,0.012351520994367204,1.2197788040201953,1.2074272830258281,0,WEAK_SUPPORT
off,2544,0.025086101938793792,1.2197788040201953,1.1946927020814015,0,WEAK_SUPPORT
def,1629060,0.010933635559182697,1.1892878407571268,1.2002214763163095,0,WEAK_SUPPORT
def,1630559,-0.004497911236136742,1.1892878407571268,1.18478992952099,0,WEAK_SUPPORT
def,2544,-0.0893407366793193,1.1892878407571268,1.0999471040778075,0,WEAK_SUPPORT
off,1629060,-0.04938357944412619,1.1468697459760218,1.196253325420148,0,WEAK_SUPPORT
off,1630559,0.017763106304706122,1.1468697459760218,1.1291066396713156,0,WEAK_SUPPORT
off,2544,0.030154591079028625,1.1468697459760218,1.1167151548969931,0,WEAK_SUPPORT
def,1629060,0.004913944501575118,1.1743851792612672,1.1792991237628423,0,WEAK_SUPPORT
def,1630559,-0.00942525908456382,1.1743851792612672,1.1649599201767034,0,WEAK_SUPPORT
off,1630559,0.025041531653599458,1.036720058461874,1.0116785268082746,0,WEAK_SUPPORT
def,2544,-0.0428926034260515,1.2042014399793308,1.1613088365532793,0,WEAK_SUPPORT
off,2544,0.028239410000709952,1.0151962177429734,0.9869568077422635,0,WEAK_SUPPORT
def,1629060,0.0011727622046771025,1.0896005789021126,1.0907733411067897,0,WEAK_SUPPORT
def,1630559,-0.007880083526197623,1.0896005789021126,1.081720495375915,0,WEAK_SUPPORT
off,1629060,-0.06947587818205125,1.0851507858615648,1.154626664043616,0,WEAK_SUPPORT
off,1630559,0.01356020923799428,1.0851507858615648,1.0715905766235705,0,WEAK_SUPPORT
off,2544,0.03086017662920182,1.0851507858615648,1.054290609232363,0,WEAK_SUPPORT
def,1629060,-0.006721475745755656,1.030651809265947,1.0239303335201912,0,WEAK_SUPPORT
def,1630559,-0.012046080615244925,1.030651809265947,1.018605728650702,0,WEAK_SUPPORT
def,2544,-0.03843067048068638,1.030651809265947,0.9922211387852605,0,WEAK_SUPPORT
def,1629060,0.004329446216910338,1.085718932096632,1.0900483783135424,0,WEAK_SUPPORT
def,1630559,0.0010870582769637593,1.085718932096632,1.0868059903735958,0,WEAK_SUPPORT
def,2544,-0.025825420585520398,1.085718932096632,1.0598935115111117,0,WEAK_SUPPORT
off,1629060,-0.04726589955889815,1.2331261581471462,1.2803920577060444,0,WEAK_SUPPORT
off,1630559,0.005395263646780446,1.2331261581471462,1.2277308945003658,0,WEAK_SUPPORT
off,2544,0.02248017186273321,1.2331261581471462,1.210645986284413,0,WEAK_SUPPORT
def,1629060,0.006033658130802921,1.1046215907357846,1.1106552488665875,0,WEAK_SUPPORT
def,1630559,-0.0032013334070748467,1.1046215907357846,1.1014202573287097,0,WEAK_SUPPORT
def,2544,-0.05727402360335265,1.1046215907357846,1.047347567132432,0,WEAK_SUPPORT
off,1629060,-0.05046775066781817,1.2732299113476118,1.32369766201543,0,WEAK_SUPPORT
off,1630559,0.013320477173241363,1.2732299113476118,1.2599094341743704,0,WEAK_SUPPORT
off,2544,0.027691604100071876,1.2732299113476118,1.2455383072475399,0,WEAK_SUPPORT
def,1629060,0.0034745294901354917,1.1183430542623878,1.1218175837525233,0,WEAK_SUPPORT
def,1630559,-0.007427836146803424,1.1183430542623878,1.1109152181155844,0,WEAK_SUPPORT
off,1629060,-0.06334270518637553,1.0260246646173752,1.0893673698037507,0,WEAK_SUPPORT
off,1630559,0.016683863384609587,1.0260246646173752,1.0093408012327656,0,WEAK_SUPPORT
off,2544,0.03329135092938196,1.0491883798516741,1.0158970289222922,0,WEAK_SUPPORT
def,2544,-0.08064676902225376,0.8664432169289258,0.785796447906672,0,WEAK_SUPPORT
def,1630559,0.05425986575311925,1.1913405659322809,1.2456004316854001,0,WEAK_SUPPORT
def,2544,-0.11757236180159691,1.1913405659322809,1.073768204130684,0,WEAK_SUPPORT
off,1629060,-0.01644030242889083,1.2676063341299795,1.2840466365588703,0,WEAK_SUPPORT
off,1630559,-0.0191198145852447,1.2676063341299795,1.2867261487152242,0,WEAK_SUPPORT
off,2544,-0.006045207969611388,1.2676063341299795,1.2736515420995909,0,WEAK_SUPPORT
def,1629060,-0.050358983569505744,1.2009384247843027,1.150579441214797,0,WEAK_SUPPORT
def,1630559,0.048613348637270404,1.2009384247843027,1.249551773421573,0,WEAK_SUPPORT
off,1629060,-0.0437905412140418,1.3224714050223847,1.3662619462364265,0,WEAK_SUPPORT
off,1630559,-0.021426685111234356,1.3224714050223847,1.343898090133619,0,WEAK_SUPPORT
off,2544,-0.00305923740736036,1.3224714050223847,1.325530642429745,0,WEAK_SUPPORT
def,1629060,-0.05347982791159844,1.0430385124542279,0.9895586845426294,0,WEAK_SUPPORT
def,1630559,0.04279118908545043,1.0430385124542279,1.0858297015396783,0,WEAK_SUPPORT
def,2544,-0.12990046753382034,1.0430385124542279,0.9131380449204075,0,WEAK_SUPPORT
off,1626145,0.05395723812817477,1.2197131261525602,1.1657558880243855,0,WEAK_SUPPORT
off,1626164,0.08944027085435513,1.2197131261525602,1.130272855298205,0,WEAK_SUPPORT
off,201142,-0.011392800645437351,1.2197131261525602,1.2311059267979976,0,WEAK_SUPPORT
def,1630595,0.059228413017432535,1.2197131261525602,1.2789415391699928,0,WEAK_SUPPORT
def,1631105,-0.015360896980186167,1.2197131261525602,1.204352229172374,0,WEAK_SUPPORT
def,202699,0.10825095726656775,1.2197131261525602,1.327964083419128,0,WEAK_SUPPORT
def,203501,-0.03287049771275674,1.2197131261525602,1.1868426284398035,0,WEAK_SUPPORT
off,1630595,0.04760816642475052,1.3852628332172896,1.337654666792539,0,WEAK_SUPPORT
off,1631105,0.07947683343157208,1.3852628332172896,1.3057859997857175,0,WEAK_SUPPORT
off,202699,0.11670222161162824,1.3852628332172896,1.2685606116056614,0,WEAK_SUPPORT
off,203501,-0.03962354570976734,1.3852628332172896,1.424886378927057,0,WEAK_SUPPORT
def,1626145,0.008553724065443191,1.3852628332172896,1.3938165572827328,0,WEAK_SUPPORT
def,1626164,-0.05586022227728149,1.3852628332172896,1.3294026109400081,0,WEAK_SUPPORT
def,201142,-0.02646591540266363,1.3852628332172896,1.358796917814626,0,WEAK_SUPPORT
off,1626145,0.05443505089764611,1.277775267712392,1.2233402168147458,0,WEAK_SUPPORT
off,1626164,0.09466225976405052,1.277775267712392,1.1831130079483414,0,WEAK_SUPPORT
off,201142,-0.013610063227217806,1.277775267712392,1.2913853309396097,0,WEAK_SUPPORT
def,1630595,0.027205313609741433,1.277775267712392,1.3049805813221333,0,WEAK_SUPPORT
def,1631105,-0.02168928419246674,1.277775267712392,1.2560859835199252,0,WEAK_SUPPORT
def,202699,0.0977875244545734,1.277775267712392,1.3755627921669653,0,WEAK_SUPPORT
def,203501,-0.044509487592405694,1.277775267712392,1.2332657801199862,0,WEAK_SUPPORT
off,1630595,0.035169221662398664,1.2614712324640087,1.22630201080161,0,WEAK_SUPPORT
off,202699,0.09594781550050224,1.2614712324640087,1.1655234169635065,0,WEAK_SUPPORT
off,203501,-0.06430532630553754,1.2614712324640087,1.3257765587695463,0,WEAK_SUPPORT
def,1626145,-0.0026982812952975888,1.2614712324640087,1.2587729511687111,0,WEAK_SUPPORT
def,1626164,-0.045683535493694194,1.2614712324640087,1.2157876969703145,0,WEAK_SUPPORT
def,201142,-0.021658517312210135,1.2614712324640087,1.2398127151517986,0,WEAK_SUPPORT
off,1626164,0.09019524368586551,1.1354714102891748,1.0452761666033092,0,WEAK_SUPPORT
off,201142,-0.02360729125736727,1.1354714102891748,1.159078701546542,0,WEAK_SUPPORT
def,1630595,0.011646372522061244,1.1354714102891748,1.147117782811236,0,WEAK_SUPPORT
def,202699,0.08568131663414169,1.1354714102891748,1.2211527269233164,0,WEAK_SUPPORT
off,1630595,0.027326527507277154,1.2859093209100556,1.2585827934027785,0,WEAK_SUPPORT
off,202699,0.08108501676149871,1.2859093209100556,1.204824304148557,0,WEAK_SUPPORT
def,1626164,-0.03737779701079025,1.2859093209100556,1.2485315238992654,0,WEAK_SUPPORT
def,201142,-0.018013468559643142,1.2859093209100556,1.2678958523504125,0,WEAK_SUPPORT
off,202699,0.07034149743586338,1.2304285852911996,1.1600870878553362,0,WEAK_SUPPORT
def,1626164,-0.03396606775660249,1.2304285852911996,1.196462517534597,0,WEAK_SUPPORT
def,201142,-0.01589389035526212,1.2304285852911996,1.2145346949359375,0,WEAK_SUPPORT
off,201142,-0.02694089410250622,0.8398547477079462,0.8667956418104524,0,WEAK_SUPPORT
def,202699,0.07347510801907675,0.8398547477079462,0.913329855727023,0,WEAK_SUPPORT
off,1626164,0.10943374914044601,1.1878279604790658,1.0783942113386198,0,WEAK_SUPPORT
def,1630595,0.036769067417087964,1.1878279604790658,1.2245970278961538,0,WEAK_SUPPORT
off,1630595,0.0031919633700461247,1.3167367648168384,1.3135448014467923,0,WEAK_SUPPORT
off,1631105,0.08084691236529928,1.3167367648168384,1.2358898524515392,0,WEAK_SUPPORT
def,1626164,-0.07357323425852402,1.3167367648168384,1.2431635305583144,0,WEAK_SUPPORT
off,1626145,0.06025482366894286,1.2995415823036558,1.239286758634713,0,WEAK_SUPPORT
off,1626164,0.10822204590448514,1.2995415823036558,1.1913195363991707,0,WEAK_SUPPORT
def,1630595,0.016158280682723847,1.2995415823036558,1.3156998629863796,0,WEAK_SUPPORT
def,1631105,0.004248676258624462,1.2995415823036558,1.3037902585622803,0,WEAK_SUPPORT
off,1630595,0.033997628370359356,1.1477997579989583,1.113802129628599,0,WEAK_SUPPORT
def,1626145,-0.003239883039093616,1.1477997579989583,1.1445598749598647,0,WEAK_SUPPORT
def,1626164,-0.04520662710332379,1.1477997579989583,1.1025931308956345,0,WEAK_SUPPORT
off,1626145,0.04959351756581598,1.1499018045067309,1.1003082869409149,0,WEAK_SUPPORT
off,201142,-0.028118723491631803,1.1499018045067309,1.1780205279983627,0,WEAK_SUPPORT
def,202699,0.08213926482192879,1.1499018045067309,1.2320410693286596,0,WEAK_SUPPORT
def,203501,-0.04528481061096756,1.1499018045067309,1.1046169938957633,0,WEAK_SUPPORT
off,1626164,0.07917913515383668,1.2063452948891724,1.1271661597353357,0,WEAK_SUPPORT
off,201142,-0.03932823383684192,1.2063452948891724,1.2456735287260143,0,WEAK_SUPPORT
def,1630595,0.005536812037768568,1.2063452948891724,1.211882106926941,0,WEAK_SUPPORT
def,202699,0.0716414766347857,1.2063452948891724,1.2779867715239581,0,WEAK_SUPPORT
def,203501,-0.04361143888355179,1.2063452948891724,1.1627338560056206,0,WEAK_SUPPORT
off,1630595,0.025186560104226263,1.1780807112556329,1.1528941511514066,0,WEAK_SUPPORT
off,202699,0.06872233277427675,1.1780807112556329,1.109358378481356,0,WEAK_SUPPORT
off,203501,-0.09728334253713622,1.1780807112556329,1.275364053792769,0,WEAK_SUPPORT
def,1626164,-0.0262801147428795,1.1780807112556329,1.1518005965127533,0,WEAK_SUPPORT
def,201142,-0.014148882926750872,1.1780807112556329,1.163931828328882,0,WEAK_SUPPORT
off,1630595,0.06364795091504383,1.4200724729293874,1.3564245220143436,0,WEAK_SUPPORT
off,1631105,0.08448122704595407,1.4200724729293874,1.3355912458834334,0,WEAK_SUPPORT
off,202699,0.1324526768650265,1.4200724729293874,1.287619796064361,0,WEAK_SUPPORT
off,203501,-0.021518399580826353,1.4200724729293874,1.4415908725102138,0,WEAK_SUPPORT
def,1626145,0.010466807246205079,1.4200724729293874,1.4305392801755925,0,WEAK_SUPPORT
def,1626164,-0.05727607790577305,1.4200724729293874,1.3627963950236144,0,WEAK_SUPPORT
def,201142,-0.028860524974408053,1.4200724729293874,1.3912119479549794,0,WEAK_SUPPORT
off,1626145,0.052826273853985306,1.2509931321749168,1.1981668583209315,0,WEAK_SUPPORT
off,1626164,0.0887158133640713,1.2509931321749168,1.1622773188108455,0,WEAK_SUPPORT
off,201142,-0.015727730190437272,1.2509931321749168,1.266720862365354,0,WEAK_SUPPORT
def,1630595,0.04690556168947957,1.2509931321749168,1.2978986938643964,0,WEAK_SUPPORT
def,1631105,-0.024334569903949,1.2509931321749168,1.2266585622709678,0,WEAK_SUPPORT
def,202699,0.10148347734398899,1.2509931321749168,1.3524766095189058,0,WEAK_SUPPORT
def,203501,-0.03608796871619213,1.2509931321749168,1.2149051634587247,0,WEAK_SUPPORT
off,1630595,0.02787538829103875,1.3587628823502358,1.330887494059197,0,WEAK_SUPPORT
off,1631105,0.07609077434372802,1.3587628823502358,1.2826721080065078,0,WEAK_SUPPORT
off,202699,0.10102778581033744,1.3587628823502358,1.2577350965398983,0,WEAK_SUPPORT
off,203501,-0.05728380960915125,1.3587628823502358,1.416046691959387,0,WEAK_SUPPORT
def,1626145,0.010435206850076373,1.3587628823502358,1.3691980892003122,0,WEAK_SUPPORT
def,1626164,-0.058054391749586376,1.3587628823502358,1.3007084906006494,0,WEAK_SUPPORT
def,201142,-0.024799085657025932,1.3587628823502358,1.3339637966932099,0,WEAK_SUPPORT
off,1626145,0.05922394472875259,1.2863661524202437,1.227142207691491,0,WEAK_SUPPORT
off,1626164,0.10756169969652718,1.2863661524202437,1.1788044527237165,0,WEAK_SUPPORT
off,201142,-0.0033518625878148356,1.2863661524202437,1.2897180150080585,0,WEAK_SUPPORT
def,1630595,0.0049259471714036,1.2863661524202437,1.2912920995916473,0,WEAK_SUPPORT
def,1631105,-0.003930866317902737,1.2863661524202437,1.282435286102341,0,WEAK_SUPPORT
def,202699,0.09979822352392653,1.2863661524202437,1.3861643759441702,0,WEAK_SUPPORT
def,203501,-0.056882233773688506,1.2863661524202437,1.2294839186465552,0,WEAK_SUPPORT
off,1631105,0.06769813824609994,1.3263191920570772,1.2586210538109772,0,WEAK_SUPPORT
off,202699,0.0620149788768789,1.3263191920570772,1.2643042131801983,0,WEAK_SUPPORT
off,203501,-0.10123136685733436,1.3263191920570772,1.4275505589144115,0,WEAK_SUPPORT
def,1626164,-0.06359484332154541,1.3263191920570772,1.2627243487355317,0,WEAK_SUPPORT
def,201142,-0.020666198038164607,1.3263191920570772,1.3056529940189125,0,WEAK_SUPPORT
off,1626164,0.103145972644203,1.1460801810538825,1.0429342084096795,0,WEAK_SUPPORT
off,201142,-0.01304219295106157,1.1460801810538825,1.1591223740049441,0,WEAK_SUPPORT
def,202699,0.08817112932633253,1.1460801810538825,1.234251310380215,0,WEAK_SUPPORT
off,202699,0.05886236050004823,1.213419168033436,1.1545568075333879,0,WEAK_SUPPORT
def,1626145,-0.004771303648811065,1.213419168033436,1.208647864384625,0,WEAK_SUPPORT
def,201142,-0.016480310983918,1.213419168033436,1.196938857049518,0,WEAK_SUPPORT
off,1626145,0.05152727438145166,1.2110412471502472,1.1595139727687955,0,WEAK_SUPPORT
off,201142,-0.026779772827382198,1.2110412471502472,1.2378210199776294,0,WEAK_SUPPORT
def,1630595,-0.0230921162490465,1.2110412471502472,1.1879491309012007,0,WEAK_SUPPORT
off,1626145,0.03584169260411052,1.1046063695912047,1.0687646769870942,0,WEAK_SUPPORT
off,1626164,-0.019661177764898286,1.1046063695912047,1.124267547356103,0,WEAK_SUPPORT
def,1630595,0.04509190535659968,1.1046063695912047,1.1496982749478044,0,WEAK_SUPPORT
def,1631105,0.07527440100546023,1.1046063695912047,1.179880770596665,0,WEAK_SUPPORT
off,1630595,-0.07318978488031225,1.183541235770545,1.2567310206508573,0,WEAK_SUPPORT
off,1631105,0.16239901048329375,1.183541235770545,1.0211422252872513,0,WEAK_SUPPORT
def,1626145,0.05624065597256145,1.183541235770545,1.2397818917431065,0,WEAK_SUPPORT
def,1626164,-0.079328578101868,1.183541235770545,1.104212657668677,0,WEAK_SUPPORT
off,1626145,0.031964684328509296,1.1966709605492512,1.1647062762207419,0,WEAK_SUPPORT
off,1626164,-0.024602617332296184,1.1966709605492512,1.2212735778815473,0,WEAK_SUPPORT
off,201142,0.06368969713449513,1.1966709605492512,1.132981263414756,0,WEAK_SUPPORT
def,1630595,0.021463132425835196,1.1966709605492512,1.2181340929750863,0,WEAK_SUPPORT
def,1631105,0.04957195648958468,1.1966709605492512,1.2462429170388358,0,WEAK_SUPPORT
def,202699,0.1126100293531771,1.1966709605492512,1.3092809899024282,0,WEAK_SUPPORT
def,203501,-0.05803781702418198,1.1966709605492512,1.1386331435250692,0,WEAK_SUPPORT
off,1631105,0.14838228029572686,1.3139399274906536,1.1655576471949267,0,WEAK_SUPPORT
off,202699,0.1957003374792725,1.3139399274906536,1.118239590011381,0,WEAK_SUPPORT
off,203501,-0.17839908043381913,1.3139399274906536,1.4923390079244727,0,WEAK_SUPPORT
def,1626145,0.03936097105203884,1.3139399274906536,1.3533008985426924,0,WEAK_SUPPORT
def,1626164,-0.06392771474238512,1.3139399274906536,1.2500122127482685,0,WEAK_SUPPORT
def,201142,0.011315867346336939,1.3139399274906536,1.3252557948369905,0,WEAK_SUPPORT
off,1626164,-0.036426528021632265,1.169668505770554,1.2060950337921863,0,WEAK_SUPPORT
off,201142,0.04313511630130362,1.169668505770554,1.1265333894692504,0,WEAK_SUPPORT
def,1630595,0.0016130474519666649,1.169668505770554,1.1712815532225207,0,WEAK_SUPPORT
def,202699,0.09102414979413198,1.169668505770554,1.260692655564686,0,WEAK_SUPPORT
def,203501,-0.0583038959183233,1.169668505770554,1.1113646098522307,0,WEAK_SUPPORT
off,1630595,-0.08253867031956297,1.1586773678889888,1.2412160382085518,0,WEAK_SUPPORT
off,202699,0.180771210782397,1.1586773678889888,0.9779061571065918,0,WEAK_SUPPORT
off,203501,-0.1973204603753027,1.1586773678889888,1.3559978282642915,0,WEAK_SUPPORT
def,1626164,-0.04484326032220998,1.1586773678889888,1.1138341075667788,0,WEAK_SUPPORT
def,201142,0.017112347948342155,1.1586773678889888,1.175789715837331,0,WEAK_SUPPORT
off,1627759,0.03433192138382679,0.8007998697210736,0.7664679483372469,0,WEAK_SUPPORT
off,1628369,0.08108605413140058,0.8007998697210736,0.7197138155896731,0,WEAK_SUPPORT
off,1628401,-0.12485448869566984,0.8007998697210736,0.9256543584167435,0,WEAK_SUPPORT
off,201950,-0.1959730034383831,0.8007998697210736,0.9967728731594567,0,WEAK_SUPPORT
def,1629027,-0.12407382107935017,0.8007998697210736,0.6767260486417235,0,WEAK_SUPPORT
def,1630552,0.13167941653222914,0.8007998697210736,0.9324792862533028,0,WEAK_SUPPORT
def,1630700,-0.052465738979474486,0.8007998697210736,0.7483341307415992,0,WEAK_SUPPORT
def,203991,0.2365044245422654,0.8007998697210736,1.037304294263339,0,WEAK_SUPPORT
off,1629027,0.08099685917295563,1.0487188891079524,0.9677220299349968,0,WEAK_SUPPORT
off,1630552,0.024639614188691317,1.0487188891079524,1.024079274919261,0,WEAK_SUPPORT
off,1630700,-0.06192981933906938,1.0487188891079524,1.1106487084470218,0,WEAK_SUPPORT
off,203991,-0.03392552913954838,1.0487188891079524,1.0826444182475008,0,WEAK_SUPPORT
def,1627759,-0.018497976051356835,1.0487188891079524,1.0302209130565956,0,WEAK_SUPPORT
def,1628369,0.10986340188192356,1.0487188891079524,1.158582290989876,0,WEAK_SUPPORT
def,1628401,-0.027947420756679442,1.0487188891079524,1.020771468351273,0,WEAK_SUPPORT
def,201950,0.02759837394998188,1.0487188891079524,1.0763172630579343,0,WEAK_SUPPORT
off,1627759,0.01910196273892406,0.8583978978979647,0.8392959351590407,0,WEAK_SUPPORT
off,1628369,0.07679554258400689,0.8583978978979647,0.7816023553139578,0,WEAK_SUPPORT
off,1628401,-0.1112878615369749,0.8583978978979647,0.9696857594349396,0,WEAK_SUPPORT
off,201950,-0.19197761943870173,0.8583978978979647,1.0503755173366665,0,WEAK_SUPPORT
def,1629027,-0.12340766268131664,0.8583978978979647,0.7349902352166481,0,WEAK_SUPPORT
def,1630552,0.12109868857346506,0.8583978978979647,0.9794965864714298,0,WEAK_SUPPORT
def,1630700,-0.03881460102371581,0.8583978978979647,0.8195832968742489,0,WEAK_SUPPORT
def,203991,0.21862769625182876,0.8583978978979647,1.0770255941497935,0,WEAK_SUPPORT
off,1629027,0.06716081166820254,0.9499720819351826,0.88281127026698,0,WEAK_SUPPORT
off,1630552,0.009267247133424084,0.9499720819351826,0.9407048348017585,0,WEAK_SUPPORT
off,1630700,-0.09044078423614732,0.9499720819351826,1.0404128661713299,0,WEAK_SUPPORT
off,203991,-0.007608365399594752,0.9499720819351826,0.9575804473347773,0,WEAK_SUPPORT
def,1627759,-0.011352210041619792,0.9499720819351826,0.9386198718935628,0,WEAK_SUPPORT
def,1628369,0.05870820533709786,0.9499720819351826,1.0086802872722804,0,WEAK_SUPPORT
def,1628401,0.006368605744206279,0.9499720819351826,0.9563406876793888,0,WEAK_SUPPORT
def,201950,0.045381045730348735,0.9499720819351826,0.9953531276655313,0,WEAK_SUPPORT
off,1627759,-0.0019662734034526785,1.2617920723251623,1.263758345728615,0,WEAK_SUPPORT
off,1628401,-0.093219721491548,1.2617920723251623,1.3550117938167103,0,WEAK_SUPPORT
def,1630700,-0.020227285277333085,1.2617920723251623,1.2415647870478292,0,WEAK_SUPPORT
off,1629027,0.0426069988557769,1.0059635523534425,0.9633565534976656,0,WEAK_SUPPORT
off,1630552,-0.018457890109878416,1.0059635523534425,1.024421442463321,0,WEAK_SUPPORT
def,1628369,0.005168247585607633,1.0059635523534425,1.0111317999390501,0,WEAK_SUPPORT
def,1628401,0.03779762599978298,1.0059635523534425,1.0437611783532255,0,WEAK_SUPPORT
off,1628369,0.06935926270814785,1.3372735551334909,1.267914292425343,0,WEAK_SUPPORT
off,1628401,-0.089095706675691,1.3372735551334909,1.4263692618091819,0,WEAK_SUPPORT
def,1629027,-0.12073492298861033,1.3372735551334909,1.2165386321448806,0,WEAK_SUPPORT
def,1630552,0.08926070452478108,1.3372735551334909,1.426534259658272,0,WEAK_SUPPORT
off,1629027,0.09389428689244639,1.1332878367838581,1.0393935498914117,0,WEAK_SUPPORT
off,1630552,0.03981198125735497,1.1332878367838581,1.0934758555265032,0,WEAK_SUPPORT
def,1628369,0.08700124206248772,1.1332878367838581,1.2202890788463459,0,WEAK_SUPPORT
def,201950,0.0533673333255309,1.1332878367838581,1.186655170109389,0,WEAK_SUPPORT
off,1629027,0.0858135134132656,1.2458028987699987,1.1599893853567331,0,WEAK_SUPPORT
off,1630552,0.03039861424321555,1.2458028987699987,1.2154042845267832,0,WEAK_SUPPORT
def,1627759,-0.01147398180828807,1.2458028987699987,1.2343289169617107,0,WEAK_SUPPORT
def,201950,0.04188188812582805,1.2458028987699987,1.2876847868958268,0,WEAK_SUPPORT
off,1627759,0.01639311277843436,0.9648149740381915,0.9484218612597571,0,WEAK_SUPPORT
off,201950,-0.19442305250920744,0.9648149740381915,1.159238026547399,0,WEAK_SUPPORT
def,1630700,-0.03150598994826248,0.9648149740381915,0.933308984089929,0,WEAK_SUPPORT
def,203991,0.21522407902242002,0.9648149740381915,1.1800390530606115,0,WEAK_SUPPORT
off,1630700,-0.0726869401930319,1.0026187575913712,1.075305697784403,0,WEAK_SUPPORT
off,203991,-0.016403209886070247,1.0026187575913712,1.0190219674774414,0,WEAK_SUPPORT
def,1627759,-0.02020370883929279,1.0026187575913712,0.9824150487520784,0,WEAK_SUPPORT
def,1628369,0.07852174298420334,1.0026187575913712,1.0811405005755745,0,WEAK_SUPPORT
def,1628401,-0.01218958943789461,1.0026187575913712,0.9904291681534766,0,WEAK_SUPPORT
off,1627759,-0.002419849636482674,1.0460487538888452,1.048468603525328,0,WEAK_SUPPORT
off,1628369,0.08174173516379535,1.0460487538888452,0.9643070187250499,0,WEAK_SUPPORT
off,1628401,-0.1305133311944262,1.0460487538888452,1.1765620850832714,0,WEAK_SUPPORT
off,201950,-0.17578839460770102,1.0460487538888452,1.2218371484965462,0,WEAK_SUPPORT
def,1629027,-0.1200561918024391,1.0460487538888452,0.9259925620864061,0,WEAK_SUPPORT
def,1630700,-0.0358280662137318,1.0460487538888452,1.0102206876751134,0,WEAK_SUPPORT
off,1629027,0.04032942130599704,1.120626308442245,1.080296887136248,0,WEAK_SUPPORT
off,1630552,-0.021991482282753605,1.120626308442245,1.1426177907249986,0,WEAK_SUPPORT
off,1630700,-0.05957222887997515,1.120626308442245,1.1801985373222201,0,WEAK_SUPPORT
def,1627759,-0.03129292462057487,1.120626308442245,1.08933338382167,0,WEAK_SUPPORT
def,1628369,0.0807099150360342,1.120626308442245,1.2013362234782792,0,WEAK_SUPPORT
def,1628401,-0.02299297545467871,1.120626308442245,1.0976333329875663,0,WEAK_SUPPORT
def,201950,0.007114305814795774,1.120626308442245,1.1277406142570408,0,WEAK_SUPPORT
off,1627759,-0.018424966121305286,0.9435911705204172,0.9620161366417225,0,WEAK_SUPPORT
off,1628369,0.08278155846727364,0.9435911705204172,0.8608096120531435,0,WEAK_SUPPORT
off,1628401,-0.1356084101268098,0.9435911705204172,1.079199580647227,0,WEAK_SUPPORT
off,201950,-0.16627579654294933,0.9435911705204172,1.1098669670633665,0,WEAK_SUPPORT
def,1629027,-0.11814142013217788,0.9435911705204172,0.8254497503882393,0,WEAK_SUPPORT
def,1630552,0.0807686139544379,0.9435911705204172,1.024359784474855,0,WEAK_SUPPORT
def,1630700,-0.029699543826305574,0.9435911705204172,0.9138916266941116,0,WEAK_SUPPORT
off,1629027,0.08913216065306573,1.179511317963774,1.0903791573107082,0,WEAK_SUPPORT
off,1630552,0.033378921341673085,1.179511317963774,1.1461323966221009,0,WEAK_SUPPORT
off,1630700,-0.02735676160185574,1.179511317963774,1.2068680795656297,0,WEAK_SUPPORT
off,203991,-0.06148692379793386,1.179511317963774,1.2409982417617078,0,WEAK_SUPPORT
