player,playerId,teamId,position,positionSource,primaryArchetype,archetypeConfidence,secondaryArchetype,rawDRBL,posteriorDRBL,posteriorReliability,calibrationIntercept,calibrationSlope,finalAbilityDRBL100,actualOnCourtPossessions,replacementLevelDRBL100,aboveReplacementRate,pointsPerWin,DRBL_WAA,DRBL_WAR,oldDisplayedWAR,newDisplayedWAR,warChange,oldRank,newAbilityRank,newWaaRank,newWarRank,modelVersion,calibrationVersion,replacementVersion,warFormulaVersion
Shai Gilgeous-Alexander,1628983,1610612760,UNKNOWN,unavailable,finisher,0.7935,creator,2.7644,1.2962,0.9819,0,5.835417,7.563867,10880,-1.488615,9.052482,38.714286,21.256978,25.44048,10.03,25.44048,15.41048,1,9,2,2,4.0.0,team-net-loo-v1,fringe-posterior-calibrated-v1,4.0.0
Nikola Jokić,203999,1610612743,UNKNOWN,unavailable,finisher,0.846,creator,2.6742,1.5315,0.9817,0,5.835417,8.936941,10737,-1.488615,10.425555,38.714286,24.785665,28.914181,9.57,28.914181,19.344181,2,3,1,1,4.0.0,team-net-loo-v1,fringe-posterior-calibrated-v1,4.0.0
Norman Powell,1626181,1610612746,UNKNOWN,unavailable,finisher,0.8127,creator,2.1189,1.1709,0.9758,0,5.835417,6.832689,8057,-1.488615,8.321304,38.714286,14.21981,17.317831,5.69,17.317831,11.627831,3,13,5,5,4.0.0,team-net-loo-v1,fringe-posterior-calibrated-v1,4.0.0
Christian Braun,1631128,1610612743,UNKNOWN,unavailable,finisher,0.89,creator,1.4143,0.5697,0.9822,0,5.835417,3.324437,11046,-1.488615,4.813052,38.714286,9.485318,13.732649,5.21,13.732649,8.522649,4,68,16,14,4.0.0,team-net-loo-v1,fringe-posterior-calibrated-v1,4.0.0
Payton Pritchard,1630202,1610612738,UNKNOWN,unavailable,finisher,0.9188,creator,1.6565,0.9881,0.9783,0,5.835417,5.765975,9025,-1.488615,7.25459,38.714286,13.441531,16.911761,4.98,16.911761,11.931761,5,20,7,6,4.0.0,team-net-loo-v1,fringe-posterior-calibrated-v1,4.0.0
Giannis Antetokounmpo,203507,1610612749,UNKNOWN,unavailable,finisher,0.7507,creator,1.5068,0.3916,0.979,0,5.835417,2.285149,9335,-1.488615,3.773764,38.714286,5.510076,9.099506,4.69,9.099506,4.409506,6,110,45,38,4.0.0,team-net-loo-v1,fringe-posterior-calibrated-v1,4.0.0
Ivica Zubac,1627826,1610612746,UNKNOWN,unavailable,finisher,0.8666,creator,1.2934,0.6676,0.9817,0,5.835417,3.895724,10739,-1.488615,5.384339,38.714286,10.806394,14.935679,4.63,14.935679,10.305679,7,47,12,11,4.0.0,team-net-loo-v1,fringe-posterior-calibrated-v1,4.0.0
Jaren Jackson Jr.,1628991,1610612763,UNKNOWN,unavailable,finisher,0.8025,creator,1.3944,0.872,0.9798,0,5.835417,5.088483,9713,-1.488615,6.577098,38.714286,12.76646,16.501235,4.51,16.501235,11.991235,8,28,9,9,4.0.0,team-net-loo-v1,fringe-posterior-calibrated-v1,4.0.0
Jarrett Allen,1628386,1610612739,UNKNOWN,unavailable,finisher,0.8603,creator,1.4014,0.6368,0.9797,0,5.835417,3.715993,9655,-1.488615,5.204608,38.714286,9.267358,12.979832,4.51,12.979832,8.469832,9,54,17,16,4.0.0,team-net-loo-v1,fringe-posterior-calibrated-v1,4.0.0
Jimmy Butler,202710,1610612748,UNKNOWN,unavailable,finisher,0.666,creator,1.8862,1.3221,0.9721,0,5.835417,7.715004,6970,-1.488615,9.203619,38.714286,13.889855,16.569911,4.38,16.569911,12.189911,10,5,6,8,4.0.0,team-net-loo-v1,fringe-posterior-calibrated-v1,4.0.0
Rudy Gobert,203497,1610612750,UNKNOWN,unavailable,finisher,0.8487,creator,1.3637,0.5583,0.9796,0,5.835417,3.257913,9585,-1.488615,4.746528,38.714286,8.06604,11.751597,4.36,11.751597,7.391597,11,70,24,22,4.0.0,team-net-loo-v1,fringe-posterior-calibrated-v1,4.0.0
Pascal Siakam,1627783,1610612754,UNKNOWN,unavailable,finisher,0.8407,creator,1.2412,0.5396,0.981,0,5.835417,3.148791,10334,-1.488615,4.637406,38.714286,8.405064,12.378622,4.28,12.378622,8.098622,12,72,22,20,4.0.0,team-net-loo-v1,fringe-posterior-calibrated-v1,4.0.0
Keon Ellis,1631165,1610612758,UNKNOWN,unavailable,finisher,0.776,creator,1.5258,0.9171,0.9757,0,5.835417,5.351661,8023,-1.488615,6.840275,38.714286,11.090576,14.175524,4.08,14.175524,10.095524,13,24,10,13,4.0.0,team-net-loo-v1,fringe-posterior-calibrated-v1,4.0.0
Malik Beasley,1627736,1610612765,UNKNOWN,unavailable,finisher,0.8982,creator,1.2254,0.6076,0.98,0,5.835417,3.545599,9795,-1.488615,5.034214,38.714286,8.970627,12.736933,4,12.736933,8.736933,14,60,18,17,4.0.0,team-net-loo-v1,fringe-posterior-calibrated-v1,4.0.0
OG Anunoby,1628384,1610612752,UNKNOWN,unavailable,finisher,0.8579,creator,1.0764,0.3044,0.982,0,5.835417,1.776301,10928,-1.488615,3.264916,38.714286,5.014019,9.215977,3.92,9.215977,5.295977,15,133,51,35,4.0.0,team-net-loo-v1,fringe-posterior-calibrated-v1,4.0.0
De'Andre Hunter,1629631,1610612737,UNKNOWN,unavailable,finisher,0.7997,creator,1.5348,0.8664,0.9734,0,5.835417,5.055805,7330,-1.488615,6.54442,38.714286,9.572448,12.390929,3.75,12.390929,8.640929,16,29,15,18,4.0.0,team-net-loo-v1,fringe-posterior-calibrated-v1,4.0.0
Stephen Curry,201939,1610612744,UNKNOWN,unavailable,finisher,0.8597,creator,1.1632,0.2546,0.9792,0,5.835417,1.485697,9434,-1.488615,2.974312,38.714286,3.620386,7.247882,3.66,7.247882,3.587882,17,141,80,62,4.0.0,team-net-loo-v1,fringe-posterior-calibrated-v1,4.0.0
Franz Wagner,1630532,1610612753,UNKNOWN,unavailable,finisher,0.7574,creator,1.3266,1.3178,0.9762,0,5.835417,7.689912,8188,-1.488615,9.178527,38.714286,16.264022,19.412415,3.62,19.412415,15.792415,18,7,3,3,4.0.0,team-net-loo-v1,fringe-posterior-calibrated-v1,4.0.0
Dyson Daniels,1630700,1610612737,UNKNOWN,unavailable,finisher,0.6555,defender,0.9726,0.5008,0.9819,0,5.835417,2.922377,10870,-1.488615,4.410991,38.714286,8.2053,12.384957,3.52,12.384957,8.864957,19,83,23,19,4.0.0,team-net-loo-v1,fringe-posterior-calibrated-v1,4.0.0
Ty Jerome,1629660,1610612739,UNKNOWN,unavailable,finisher,0.851,creator,1.8019,0.8313,0.9666,0,5.835417,4.850982,5795,-1.488615,6.339597,38.714286,7.261257,9.489511,3.48,9.489511,6.009511,20,31,26,33,4.0.0,team-net-loo-v1,fringe-posterior-calibrated-v1,4.0.0
Harrison Barnes,203084,1610612759,UNKNOWN,unavailable,finisher,0.8216,creator,1.1506,0.3522,0.9784,0,5.835417,2.055234,9064,-1.488615,3.543849,38.714286,4.811825,8.297052,3.48,8.297052,4.817052,21,125,56,44,4.0.0,team-net-loo-v1,fringe-posterior-calibrated-v1,4.0.0
Tari Eason,1631106,1610612745,UNKNOWN,unavailable,finisher,0.7252,defender,1.7842,1.2376,0.9669,0,5.835417,7.221912,5836,-1.488615,8.710526,38.714286,10.886699,13.130717,3.47,13.130717,9.660717,22,10,11,15,4.0.0,team-net-loo-v1,fringe-posterior-calibrated-v1,4.0.0
Evan Mobley,1630596,1610612739,UNKNOWN,unavailable,finisher,0.835,creator,1.0481,0.6262,0.9784,0,5.835417,3.654138,9051,-1.488615,5.142753,38.714286,8.542997,12.023224,3.16,12.023224,8.863224,23,57,21,21,4.0.0,team-net-loo-v1,fringe-posterior-calibrated-v1,4.0.0
Anthony Edwards,1630162,1610612750,UNKNOWN,unavailable,finisher,0.788,creator,0.8152,0.2064,0.9831,0,5.835417,1.20443,11610,-1.488615,2.693045,38.714286,3.611957,8.076153,3.16,8.076153,4.916153,24,157,81,48,4.0.0,team-net-loo-v1,fringe-posterior-calibrated-v1,4.0.0
Donovan Mitchell,1628378,1610612739,UNKNOWN,unavailable,finisher,0.7611,creator,1.0025,0.4699,0.979,0,5.835417,2.742062,9308,-1.488615,4.230677,38.714286,6.592687,10.171734,3.11,10.171734,7.061734,25,89,28,26,4.0.0,team-net-loo-v1,fringe-posterior-calibrated-v1,4.0.0
DeMar DeRozan,201942,1610612758,UNKNOWN,unavailable,finisher,0.7939,creator,0.7831,0.6094,0.9828,0,5.835417,3.556103,11459,-1.488615,5.044718,38.714286,10.525671,14.931806,2.99,14.931806,11.941806,26,59,14,12,4.0.0,team-net-loo-v1,fringe-posterior-calibrated-v1,4.0.0
Naz Reid,1629675,1610612750,UNKNOWN,unavailable,finisher,0.8769,creator,0.9765,0.9686,0.9784,0,5.835417,5.652185,9046,-1.488615,7.140799,38.714286,13.206924,16.685229,2.94,16.685229,13.745229,27,21,8,7,4.0.0,team-net-loo-v1,fringe-posterior-calibrated-v1,4.0.0
Aaron Nesmith,1630174,1610612754,UNKNOWN,unavailable,finisher,0.8909,creator,1.9777,0.7848,0.9571,0,5.835417,4.579635,4464,-1.488615,6.06825,38.714286,5.280606,6.997073,2.94,6.997073,4.057073,28,35,49,65,4.0.0,team-net-loo-v1,fringe-posterior-calibrated-v1,4.0.0
Isaiah Joe,1630198,1610612760,UNKNOWN,unavailable,finisher,0.9136,creator,1.2799,0.466,0.9709,0,5.835417,2.719304,6664,-1.488615,4.207919,38.714286,4.680815,7.24321,2.84,7.24321,4.40321,29,91,59,63,4.0.0,team-net-loo-v1,fringe-posterior-calibrated-v1,4.0.0
Karl-Anthony Towns,1626157,1610612752,UNKNOWN,unavailable,finisher,0.8504,creator,0.8352,0.4707,0.9805,0,5.835417,2.746731,10077,-1.488615,4.235345,38.714286,7.149507,11.024245,2.81,11.024245,8.214245,30,88,27,23,4.0.0,team-net-loo-v1,fringe-posterior-calibrated-v1,4.0.0
Nikola Vučević,202696,1610612741,UNKNOWN,unavailable,finisher,0.8729,creator,0.8572,0.4312,0.9799,0,5.835417,2.516232,9771,-1.488615,4.004846,38.714286,6.350653,10.10773,2.79,10.10773,7.31773,31,96,30,27,4.0.0,team-net-loo-v1,fringe-posterior-calibrated-v1,4.0.0
Tyrese Haliburton,1630169,1610612754,UNKNOWN,unavailable,finisher,0.8341,creator,0.8411,-0.1862,0.9801,0,5.835417,-1.086555,9847,-1.488615,0.40206,38.714286,-2.763658,1.022642,2.76,1.022642,-1.737358,32,313,447,231,4.0.0,team-net-loo-v1,fringe-posterior-calibrated-v1,4.0.0
Kyrie Irving,202681,1610612742,UNKNOWN,unavailable,finisher,0.862,creator,1.0784,0.3701,0.9739,0,5.835417,2.159688,7454,-1.488615,3.648302,38.714286,4.158236,7.024396,2.68,7.024396,4.344396,33,117,70,64,4.0.0,team-net-loo-v1,fringe-posterior-calibrated-v1,4.0.0
Daniel Gafford,1629655,1610612742,UNKNOWN,unavailable,finisher,0.8522,creator,1.5596,0.6834,0.9626,0,5.835417,3.987924,5145,-1.488615,5.476538,38.714286,5.299818,7.278138,2.67,7.278138,4.608138,34,42,48,58,4.0.0,team-net-loo-v1,fringe-posterior-calibrated-v1,4.0.0
Jaden McDaniels,1630183,1610612750,UNKNOWN,unavailable,finisher,0.825,creator,0.7592,0.3435,0.9814,0,5.835417,2.004466,10534,-1.488615,3.49308,38.714286,5.45407,9.50453,2.67,9.50453,6.83453,35,129,46,32,4.0.0,team-net-loo-v1,fringe-posterior-calibrated-v1,4.0.0
Rui Hachimura,1629060,1610612747,UNKNOWN,unavailable,finisher,0.8941,creator,1.0483,0.3896,0.974,0,5.835417,2.273478,7480,-1.488615,3.762093,38.714286,4.392595,7.268753,2.61,7.268753,4.658753,36,112,65,59,4.0.0,team-net-loo-v1,fringe-posterior-calibrated-v1,4.0.0
Zach LaVine,203897,1610612741,UNKNOWN,unavailable,finisher,0.8669,creator,0.7166,0.6579,0.982,0,5.835417,3.839121,10890,-1.488615,5.327735,38.714286,10.79912,14.986467,2.6,14.986467,12.386467,37,50,13,10,4.0.0,team-net-loo-v1,fringe-posterior-calibrated-v1,4.0.0
Dillon Brooks,1628415,1610612745,UNKNOWN,unavailable,finisher,0.895,creator,0.809,0.1273,0.9794,0,5.835417,0.742849,9518,-1.488615,2.231463,38.714286,1.826311,5.486106,2.57,5.486106,2.916106,38,183,121,88,4.0.0,team-net-loo-v1,fringe-posterior-calibrated-v1,4.0.0
Zion Williamson,1629627,1610612740,UNKNOWN,unavailable,finisher,0.7482,creator,2.0876,0.7584,0.948,0,5.835417,4.42558,3647,-1.488615,5.914195,38.714286,4.169027,5.571346,2.54,5.571346,3.031346,39,37,69,85,4.0.0,team-net-loo-v1,fringe-posterior-calibrated-v1,4.0.0
Ochai Agbaji,1630534,1610612761,UNKNOWN,unavailable,finisher,0.8877,creator,1.0336,0.3991,0.9735,0,5.835417,2.328915,7355,-1.488615,3.81753,38.714286,4.424508,7.252602,2.53,7.252602,4.722602,40,108,64,61,4.0.0,team-net-loo-v1,fringe-posterior-calibrated-v1,4.0.0
Tyler Herro,1629639,1610612748,UNKNOWN,unavailable,finisher,0.8299,creator,0.6898,0.0687,0.982,0,5.835417,0.400893,10901,-1.488615,1.889508,38.714286,1.128817,5.320394,2.51,5.320394,2.810394,41,207,149,94,4.0.0,team-net-loo-v1,fringe-posterior-calibrated-v1,4.0.0
Cameron Johnson,1629661,1610612751,UNKNOWN,unavailable,finisher,0.7968,creator,1.0392,0.5644,0.973,0,5.835417,3.293509,7215,-1.488615,4.782124,38.714286,6.137959,8.91222,2.5,8.91222,6.41222,42,69,36,39,4.0.0,team-net-loo-v1,fringe-posterior-calibrated-v1,4.0.0
Jakob Pöltl,1627751,1610612761,UNKNOWN,unavailable,finisher,0.7875,creator,1.0462,0.1848,0.9725,0,5.835417,1.078385,7060,-1.488615,2.567,38.714286,1.96656,4.681222,2.46,4.681222,2.221222,43,164,115,105,4.0.0,team-net-loo-v1,fringe-posterior-calibrated-v1,4.0.0
Luke Kornet,1628436,1610612738,UNKNOWN,unavailable,finisher,0.8703,creator,1.3802,0.7805,0.9636,0,5.835417,4.554543,5296,-1.488615,6.043157,38.714286,6.23048,8.266861,2.44,8.266861,5.826861,44,36,33,45,4.0.0,team-net-loo-v1,fringe-posterior-calibrated-v1,4.0.0
Chris Boucher,1628449,1610612761,UNKNOWN,unavailable,finisher,0.8127,creator,2.0391,1.2006,0.9453,0,5.835417,7.006001,3459,-1.488615,8.494616,38.714286,6.259642,7.589673,2.35,7.589673,5.239673,45,12,32,56,4.0.0,team-net-loo-v1,fringe-posterior-calibrated-v1,4.0.0
Derrick Jones Jr.,1627884,1610612746,UNKNOWN,unavailable,finisher,0.8453,creator,0.8821,0.4192,0.9748,0,5.835417,2.446207,7733,-1.488615,3.934821,38.714286,4.886185,7.859624,2.27,7.859624,5.589624,46,102,55,51,4.0.0,team-net-loo-v1,fringe-posterior-calibrated-v1,4.0.0
Deni Avdija,1630166,1610612757,UNKNOWN,unavailable,finisher,0.7905,creator,0.7592,0.0391,0.9782,0,5.835417,0.228165,8956,-1.488615,1.71678,38.714286,0.527827,3.971526,2.27,3.971526,1.701526,47,218,175,123,4.0.0,team-net-loo-v1,fringe-posterior-calibrated-v1,4.0.0
John Collins,1628381,1610612762,UNKNOWN,unavailable,finisher,0.828,creator,1.3288,0.6063,0.9624,0,5.835417,3.538013,5113,-1.488615,5.026628,38.714286,4.672658,6.638673,2.26,6.638673,4.378673,48,61,60,69,4.0.0,team-net-loo-v1,fringe-posterior-calibrated-v1,4.0.0
Darius Garland,1629636,1610612739,UNKNOWN,unavailable,finisher,0.8552,creator,0.7003,0.4311,0.9798,0,5.835417,2.515648,9684,-1.488615,4.004263,38.714286,6.292648,10.016272,2.26,10.016272,7.756272,49,97,31,28,4.0.0,team-net-loo-v1,fringe-posterior-calibrated-v1,4.0.0
Sam Hauser,1630573,1610612738,UNKNOWN,unavailable,finisher,0.9647,creator,1.1216,0.4259,0.9679,0,5.835417,2.485304,6035,-1.488615,3.973919,38.714286,3.874231,6.194767,2.26,6.194767,3.934767,50,99,74,74,4.0.0,team-net-loo-v1,fringe-posterior-calibrated-v1,4.0.0
Amen Thompson,1641708,1610612745,UNKNOWN,unavailable,finisher,0.7375,creator,0.7403,0.0978,0.9784,0,5.835417,0.570704,9080,-1.488615,2.059319,38.714286,1.338521,4.8299,2.24,4.8299,2.5899,51,193,138,103,4.0.0,team-net-loo-v1,fringe-posterior-calibrated-v1,4.0.0
Kevin Durant,201142,1610612756,UNKNOWN,unavailable,finisher,0.8262,creator,0.7265,0.3034,0.9788,0,5.835417,1.770465,9248,-1.488615,3.25908,38.714286,4.229256,7.785233,2.24,7.785233,5.545233,52,135,67,52,4.0.0,team-net-loo-v1,fringe-posterior-calibrated-v1,4.0.0
Onyeka Okongwu,1630168,1610612737,UNKNOWN,unavailable,finisher,0.779,creator,0.7473,0.4499,0.9781,0,5.835417,2.625354,8921,-1.488615,4.113969,38.714286,6.049649,9.479889,2.22,9.479889,7.259889,53,95,38,34,4.0.0,team-net-loo-v1,fringe-posterior-calibrated-v1,4.0.0
Kristaps Porziņģis,204001,1610612738,UNKNOWN,unavailable,finisher,0.7896,creator,1.3021,0.4905,0.9618,0,5.835417,2.862272,5035,-1.488615,4.350887,38.714286,3.722538,5.658561,2.19,5.658561,3.468561,54,85,77,83,4.0.0,team-net-loo-v1,fringe-posterior-calibrated-v1,4.0.0
Damian Lillard,203081,1610612749,UNKNOWN,unavailable,finisher,0.6828,creator,0.7697,0.1172,0.9771,0,5.835417,0.683911,8516,-1.488615,2.172526,38.714286,1.504402,4.778915,2.19,4.778915,2.588915,55,185,129,104,4.0.0,team-net-loo-v1,fringe-posterior-calibrated-v1,4.0.0
Brandon Clarke,1629634,1610612763,UNKNOWN,unavailable,finisher,0.8626,creator,1.225,0.4625,0.9636,0,5.835417,2.69888,5288,-1.488615,4.187495,38.714286,3.686411,5.719716,2.16,5.719716,3.559716,56,92,79,80,4.0.0,team-net-loo-v1,fringe-posterior-calibrated-v1,4.0.0
Alex Caruso,1627936,1610612760,UNKNOWN,unavailable,finisher,0.5875,defender,1.4982,0.726,0.9552,0,5.835417,4.236512,4268,-1.488615,5.725127,38.714286,4.670481,6.311583,2.13,6.311583,4.181583,57,40,61,73,4.0.0,team-net-loo-v1,fringe-posterior-calibrated-v1,4.0.0
Trey Murphy III,1630530,1610612740,UNKNOWN,unavailable,finisher,0.8235,creator,0.8141,0.4875,0.9751,0,5.835417,2.844766,7827,-1.488615,4.33338,38.714286,5.75136,8.760944,2.12,8.760944,6.640944,58,86,43,41,4.0.0,team-net-loo-v1,fringe-posterior-calibrated-v1,4.0.0
Gary Trent Jr.,1629018,1610612749,UNKNOWN,unavailable,finisher,0.8692,creator,0.818,0.2437,0.9748,0,5.835417,1.422091,7728,-1.488615,2.910706,38.714286,2.838725,5.810241,2.11,5.810241,3.700241,59,148,90,78,4.0.0,team-net-loo-v1,fringe-posterior-calibrated-v1,4.0.0
Mark Williams,1631109,1610612766,UNKNOWN,unavailable,finisher,0.7765,creator,1.2984,0.8354,0.9602,0,5.835417,4.874907,4827,-1.488615,6.363522,38.714286,6.078164,7.934208,2.09,7.934208,5.844208,60,30,37,50,4.0.0,team-net-loo-v1,fringe-posterior-calibrated-v1,4.0.0
Desmond Bane,1630217,1610612763,UNKNOWN,unavailable,finisher,0.8777,creator,0.6535,0.0196,0.9794,0,5.835417,0.114374,9508,-1.488615,1.602989,38.714286,0.280896,3.936846,2.07,3.936846,1.866846,61,225,195,125,4.0.0,team-net-loo-v1,fringe-posterior-calibrated-v1,4.0.0
Justin Champagnie,1630551,1610612764,UNKNOWN,unavailable,finisher,0.8139,creator,1.1111,0.8972,0.9648,0,5.835417,5.235536,5479,-1.488615,6.724151,38.714286,7.409539,9.516286,2.03,9.516286,7.486286,62,25,25,31,4.0.0,team-net-loo-v1,fringe-posterior-calibrated-v1,4.0.0
Luka Dončić,1629029,1610612742,UNKNOWN,unavailable,finisher,0.6921,creator,0.8165,0.2337,0.9736,0,5.835417,1.363737,7368,-1.488615,2.852352,38.714286,2.595428,5.42852,2.01,5.42852,3.41852,63,150,98,90,4.0.0,team-net-loo-v1,fringe-posterior-calibrated-v1,4.0.0
Domantas Sabonis,1627734,1610612758,UNKNOWN,unavailable,finisher,0.8441,creator,0.5931,0.3824,0.9806,0,5.835417,2.231463,10119,-1.488615,3.720078,38.714286,5.832518,9.723406,2,9.723406,7.723406,64,114,42,29,4.0.0,team-net-loo-v1,fringe-posterior-calibrated-v1,4.0.0
Cason Wallace,1641717,1610612760,UNKNOWN,unavailable,finisher,0.7906,defender,0.7636,0.2729,0.9747,0,5.835417,1.592485,7701,-1.488615,3.0811,38.714286,3.167753,6.128888,1.96,6.128888,4.168888,65,137,86,75,4.0.0,team-net-loo-v1,fringe-posterior-calibrated-v1,4.0.0
Jalen Duren,1631105,1610612765,UNKNOWN,unavailable,finisher,0.8415,creator,0.6982,0.3907,0.9767,0,5.835417,2.279897,8369,-1.488615,3.768512,38.714286,4.928532,8.146522,1.95,8.146522,6.196522,66,111,54,46,4.0.0,team-net-loo-v1,fringe-posterior-calibrated-v1,4.0.0
Goga Bitadze,1629048,1610612753,UNKNOWN,unavailable,finisher,0.6713,creator,1.0343,0.7243,0.9658,0,5.835417,4.226592,5644,-1.488615,5.715207,38.714286,6.161779,8.33197,1.95,8.33197,6.38197,67,41,34,43,4.0.0,team-net-loo-v1,fringe-posterior-calibrated-v1,4.0.0
Miles Bridges,1628970,1610612766,UNKNOWN,unavailable,finisher,0.7391,creator,0.6839,0.4688,0.9766,0,5.835417,2.735643,8345,-1.488615,4.224258,38.714286,5.896775,9.105536,1.9,9.105536,7.205536,68,90,41,37,4.0.0,team-net-loo-v1,fringe-posterior-calibrated-v1,4.0.0
Seth Curry,203552,1610612766,UNKNOWN,unavailable,finisher,0.8978,creator,1.3126,0.9175,0.9557,0,5.835417,5.353995,4319,-1.488615,6.84261,38.714286,5.972964,7.633676,1.89,7.633676,5.743676,69,23,39,55,4.0.0,team-net-loo-v1,fringe-posterior-calibrated-v1,4.0.0
Jabari Walker,1631133,1610612757,UNKNOWN,unavailable,finisher,0.6778,defender,1.8049,0.8743,0.9401,0,5.835417,5.101905,3140,-1.488615,6.59052,38.714286,4.138002,5.345373,1.89,5.345373,3.455373,70,27,71,93,4.0.0,team-net-loo-v1,fringe-posterior-calibrated-v1,4.0.0
Aaron Gordon,203932,1610612743,UNKNOWN,unavailable,finisher,0.8392,creator,0.9402,0.3677,0.9676,0,5.835417,2.145683,5970,-1.488615,3.634297,38.714286,3.308785,5.604328,1.87,5.604328,3.734328,71,120,83,84,4.0.0,team-net-loo-v1,fringe-posterior-calibrated-v1,4.0.0
Jayson Tatum,1628369,1610612738,UNKNOWN,unavailable,finisher,0.7731,creator,0.5173,0.4024,0.9815,0,5.835417,2.348172,10587,-1.488615,3.836786,38.714286,6.421426,10.492266,1.83,10.492266,8.662266,72,106,29,25,4.0.0,team-net-loo-v1,fringe-posterior-calibrated-v1,4.0.0
Ausar Thompson,1641709,1610612765,UNKNOWN,unavailable,finisher,0.5832,defender,0.9746,0.6755,0.965,0,5.835417,3.941824,5515,-1.488615,5.430439,38.714286,5.615281,7.73587,1.79,7.73587,5.94587,73,44,44,53,4.0.0,team-net-loo-v1,fringe-posterior-calibrated-v1,4.0.0
Kai Jones,1630539,1610612746,UNKNOWN,unavailable,finisher,0.8065,defender,2.8355,0.5333,0.9039,0,5.835417,3.112028,1881,-1.488615,4.600642,38.714286,1.512032,2.235301,1.78,2.235301,0.455301,74,75,128,169,4.0.0,team-net-loo-v1,fringe-posterior-calibrated-v1,4.0.0
Gary Payton II,1627780,1610612744,UNKNOWN,unavailable,finisher,0.9234,creator,1.4066,0.2185,0.9499,0,5.835417,1.275039,3791,-1.488615,2.763653,38.714286,1.24855,2.706239,1.78,2.706239,0.926239,75,155,143,151,4.0.0,team-net-loo-v1,fringe-posterior-calibrated-v1,4.0.0
Tobias Harris,202699,1610612765,UNKNOWN,unavailable,finisher,0.8495,creator,0.5639,0.0881,0.9792,0,5.835417,0.5141,9425,-1.488615,2.002715,38.714286,1.251578,4.875613,1.77,4.875613,3.105613,76,197,142,101,4.0.0,team-net-loo-v1,fringe-posterior-calibrated-v1,4.0.0
Josh Okogie,1629006,1610612756,UNKNOWN,unavailable,finisher,0.4205,defender,2.081,1.3065,0.9266,0,5.835417,7.623972,2524,-1.488615,9.112587,38.714286,4.970492,5.941003,1.75,5.941003,4.191003,77,8,52,76,4.0.0,team-net-loo-v1,fringe-posterior-calibrated-v1,4.0.0
Derrick White,1628401,1610612738,UNKNOWN,unavailable,finisher,0.8648,creator,0.4988,0.2355,0.9812,0,5.835417,1.374241,10451,-1.488615,2.862855,38.714286,3.70979,7.728336,1.74,7.728336,5.988336,78,149,78,54,4.0.0,team-net-loo-v1,fringe-posterior-calibrated-v1,4.0.0
Sandro Mamukelashvili,1630572,1610612759,UNKNOWN,unavailable,finisher,0.8608,creator,1.922,1.0422,0.9306,0,5.835417,6.081671,2680,-1.488615,7.570286,38.714286,4.210042,5.240537,1.72,5.240537,3.520537,79,18,68,95,4.0.0,team-net-loo-v1,fringe-posterior-calibrated-v1,4.0.0
Jalen Brunson,1628973,1610612752,UNKNOWN,unavailable,finisher,0.7858,creator,0.5316,0.1566,0.979,0,5.835417,0.913826,9338,-1.488615,2.402441,38.714286,2.204176,5.794759,1.65,5.794759,4.144759,80,172,109,79,4.0.0,team-net-loo-v1,fringe-posterior-calibrated-v1,4.0.0
Obi Toppin,1630167,1610612754,UNKNOWN,unavailable,finisher,0.8638,creator,0.7606,0.3103,0.9696,0,5.835417,1.81073,6381,-1.488615,3.299345,38.714286,2.984497,5.438075,1.62,5.438075,3.818075,81,131,89,89,4.0.0,team-net-loo-v1,fringe-posterior-calibrated-v1,4.0.0
Keldon Johnson,1629640,1610612759,UNKNOWN,unavailable,finisher,0.8099,creator,0.6356,0.2045,0.974,0,5.835417,1.193343,7505,-1.488615,2.681957,38.714286,2.313367,5.199138,1.59,5.199138,3.609138,82,159,105,96,4.0.0,team-net-loo-v1,fringe-posterior-calibrated-v1,4.0.0
Jamal Murray,1627750,1610612743,UNKNOWN,unavailable,finisher,0.8514,creator,0.4723,0,0.9804,0,5.835417,0,10017,-1.488615,1.488615,38.714286,0,3.851667,1.58,3.851667,2.271667,83,232,232,130,4.0.0,team-net-loo-v1,fringe-posterior-calibrated-v1,4.0.0
Michael Porter Jr.,1629008,1610612743,UNKNOWN,unavailable,finisher,0.8642,creator,0.4308,0.3044,0.9818,0,5.835417,1.776301,10812,-1.488615,3.264916,38.714286,4.960795,9.11815,1.55,9.11815,7.56815,84,134,53,36,4.0.0,team-net-loo-v1,fringe-posterior-calibrated-v1,4.0.0
Jaxson Hayes,1629637,1610612747,UNKNOWN,unavailable,finisher,0.8619,creator,0.9998,0.6704,0.9577,0,5.835417,3.912063,4526,-1.488615,5.400678,38.714286,4.573505,6.313811,1.51,6.313811,4.803811,85,46,62,72,4.0.0,team-net-loo-v1,fringe-posterior-calibrated-v1,4.0.0
Tyrese Maxey,1630178,1610612755,UNKNOWN,unavailable,finisher,0.7889,creator,0.5813,0.3705,0.9749,0,5.835417,2.162022,7776,-1.488615,3.650637,38.714286,4.342553,7.332526,1.51,7.332526,5.822526,86,116,66,57,4.0.0,team-net-loo-v1,fringe-posterior-calibrated-v1,4.0.0
Moses Moody,1630541,1610612744,UNKNOWN,unavailable,finisher,0.7724,creator,0.6486,0.5732,0.9715,0,5.835417,3.344861,6827,-1.488615,4.833476,38.714286,5.898434,8.523504,1.48,8.523504,7.043504,87,66,40,42,4.0.0,team-net-loo-v1,fringe-posterior-calibrated-v1,4.0.0
Kentavious Caldwell-Pope,203484,1610612753,UNKNOWN,unavailable,finisher,0.7344,defender,0.4788,-0.0489,0.9785,0,5.835417,-0.285352,9099,-1.488615,1.203263,38.714286,-0.670661,2.828023,1.45,2.828023,1.378023,88,254,333,145,4.0.0,team-net-loo-v1,fringe-posterior-calibrated-v1,4.0.0
Alec Burks,202692,1610612748,UNKNOWN,unavailable,finisher,0.8303,creator,1.2808,0.5381,0.9441,0,5.835417,3.140038,3377,-1.488615,4.628652,38.714286,2.739017,4.037517,1.44,4.037517,2.597517,89,73,93,121,4.0.0,team-net-loo-v1,fringe-posterior-calibrated-v1,4.0.0
Anthony Davis,203076,1610612747,UNKNOWN,unavailable,finisher,0.7213,creator,0.6092,0.5152,0.9721,0,5.835417,3.006407,6970,-1.488615,4.495021,38.714286,5.412641,8.092697,1.42,8.092697,6.672697,90,79,47,47,4.0.0,team-net-loo-v1,fringe-posterior-calibrated-v1,4.0.0
Brook Lopez,201572,1610612749,UNKNOWN,unavailable,finisher,0.8777,creator,0.3988,-0.0098,0.9812,0,5.835417,-0.057187,10423,-1.488615,1.431428,38.714286,-0.153964,3.853815,1.39,3.853815,2.463815,91,242,278,129,4.0.0,team-net-loo-v1,fringe-posterior-calibrated-v1,4.0.0
Jay Huff,1630643,1610612763,UNKNOWN,unavailable,finisher,0.9005,creator,1.296,0.414,0.9409,0,5.835417,2.415862,3184,-1.488615,3.904477,38.714286,1.986891,3.21118,1.38,3.21118,1.83118,92,104,114,139,4.0.0,team-net-loo-v1,fringe-posterior-calibrated-v1,4.0.0
Jamison Battle,1642419,1610612761,UNKNOWN,unavailable,finisher,0.9279,creator,0.9463,0.7934,0.9559,0,5.835417,4.62982,4336,-1.488615,6.118434,38.714286,5.185398,6.852646,1.37,6.852646,5.482646,93,33,50,66,4.0.0,team-net-loo-v1,fringe-posterior-calibrated-v1,4.0.0
Jaylen Clark,1641740,1610612750,UNKNOWN,unavailable,finisher,0.6303,creator,1.9022,0.787,0.9151,0,5.835417,4.592473,2157,-1.488615,6.081088,38.714286,2.558736,3.388131,1.37,3.388131,2.018131,94,34,100,133,4.0.0,team-net-loo-v1,fringe-posterior-calibrated-v1,4.0.0
Jalen Williams,1631114,1610612760,UNKNOWN,unavailable,finisher,0.8263,creator,0.4414,-0.4601,0.9789,0,5.835417,-2.684875,9284,-1.488615,-1.19626,38.714286,-6.438549,-2.86873,1.37,-2.86873,-4.23873,95,412,514,493,4.0.0,team-net-loo-v1,fringe-posterior-calibrated-v1,4.0.0
Moussa Diabaté,1631217,1610612766,UNKNOWN,unavailable,finisher,0.6916,creator,0.8369,0.4804,0.9607,0,5.835417,2.803334,4891,-1.488615,4.291949,38.714286,3.541614,5.422268,1.36,5.422268,4.062268,96,87,82,91,4.0.0,team-net-loo-v1,fringe-posterior-calibrated-v1,4.0.0
Victor Wembanyama,1641705,1610612759,UNKNOWN,unavailable,finisher,0.728,creator,0.6765,1.7019,0.9679,0,5.835417,9.931296,6024,-1.488615,11.41991,38.714286,15.453242,17.769549,1.36,17.769549,16.409549,97,2,4,4,4.0.0,team-net-loo-v1,fringe-posterior-calibrated-v1,4.0.0
Duncan Robinson,1629130,1610612748,UNKNOWN,unavailable,finisher,0.8973,creator,0.5663,0.2529,0.9728,0,5.835417,1.475777,7165,-1.488615,2.964392,38.714286,2.731276,5.486312,1.35,5.486312,4.136312,98,143,94,87,4.0.0,team-net-loo-v1,fringe-posterior-calibrated-v1,4.0.0
Kawhi Leonard,202695,1610612746,UNKNOWN,unavailable,finisher,0.8111,creator,0.8524,-0.6045,0.9595,0,5.835417,-3.527509,4736,-1.488615,-2.038895,38.714286,-4.315276,-2.494223,1.35,-2.494223,-3.844223,99,449,486,483,4.0.0,team-net-loo-v1,fringe-posterior-calibrated-v1,4.0.0
Immanuel Quickley,1630193,1610612761,UNKNOWN,unavailable,finisher,0.7369,creator,1.0585,-0.1235,0.9498,0,5.835417,-0.720674,3787,-1.488615,0.767941,38.714286,-0.704957,0.751193,1.34,0.751193,-0.588807,100,292,336,250,4.0.0,team-net-loo-v1,fringe-posterior-calibrated-v1,4.0.0
Luguentz Dort,1629652,1610612760,UNKNOWN,unavailable,finisher,0.9273,creator,0.4646,0.0489,0.9773,0,5.835417,0.285352,8626,-1.488615,1.773967,38.714286,0.635798,3.952607,1.34,3.952607,2.612607,101,214,170,124,4.0.0,team-net-loo-v1,fringe-posterior-calibrated-v1,4.0.0
Walker Kessler,1631117,1610612762,UNKNOWN,unavailable,finisher,0.8377,creator,0.5495,0.3503,0.9731,0,5.835417,2.044146,7243,-1.488615,3.532761,38.714286,3.824364,6.609392,1.33,6.609392,5.279392,102,126,75,70,4.0.0,team-net-loo-v1,fringe-posterior-calibrated-v1,4.0.0
Dereck Lively II,1641726,1610612742,UNKNOWN,unavailable,finisher,0.8434,creator,1.1322,0.501,0.9452,0,5.835417,2.923544,3451,-1.488615,4.412158,38.714286,2.606053,3.933008,1.3,3.933008,2.633008,103,82,97,126,4.0.0,team-net-loo-v1,fringe-posterior-calibrated-v1,4.0.0
Collin Sexton,1629012,1610612762,UNKNOWN,unavailable,finisher,0.8113,creator,0.5341,0.3601,0.9732,0,5.835417,2.101334,7276,-1.488615,3.589948,38.714286,3.949266,6.746983,1.3,6.746983,5.446983,104,123,73,67,4.0.0,team-net-loo-v1,fringe-posterior-calibrated-v1,4.0.0
Myles Turner,1626167,1610612754,UNKNOWN,unavailable,finisher,0.815,creator,0.4392,-0.1662,0.9774,0,5.835417,-0.969846,8645,-1.488615,0.518769,38.714286,-2.165692,1.158424,1.27,1.158424,-0.111576,105,304,432,223,4.0.0,team-net-loo-v1,fringe-posterior-calibrated-v1,4.0.0
Brice Sensabaugh,1641729,1610612762,UNKNOWN,unavailable,finisher,0.9069,creator,0.6237,-0.358,0.9676,0,5.835417,-2.089079,5974,-1.488615,-0.600464,38.714286,-3.223657,-0.926576,1.24,-0.926576,-2.166576,106,390,462,437,4.0.0,team-net-loo-v1,fringe-posterior-calibrated-v1,4.0.0
Fred VanVleet,1627832,1610612745,UNKNOWN,unavailable,finisher,0.7632,creator,0.4368,-0.0488,0.9767,0,5.835417,-0.284768,8397,-1.488615,1.203846,38.714286,-0.617653,2.611103,1.22,2.611103,1.391103,107,253,328,155,4.0.0,team-net-loo-v1,fringe-posterior-calibrated-v1,4.0.0
Andrew Wiggins,203952,1610612744,UNKNOWN,unavailable,finisher,0.7482,creator,0.4804,0.1657,0.9745,0,5.835417,0.966929,7631,-1.488615,2.455543,38.714286,1.90592,4.840139,1.22,4.840139,3.620139,108,168,118,102,4.0.0,team-net-loo-v1,fringe-posterior-calibrated-v1,4.0.0
Nicolas Batum,201587,1610612746,UNKNOWN,unavailable,finisher,0.7027,defender,0.6541,-0.1544,0.965,0,5.835417,-0.900988,5508,-1.488615,0.587626,38.714286,-1.281864,0.836034,1.2,0.836034,-0.363966,109,301,381,242,4.0.0,team-net-loo-v1,fringe-posterior-calibrated-v1,4.0.0
Brandin Podziemski,1641764,1610612744,UNKNOWN,unavailable,finisher,0.7104,creator,0.5095,0.0097,0.9722,0,5.835417,0.056604,6993,-1.488615,1.545218,38.714286,0.102244,2.791143,1.19,2.791143,1.601143,110,228,211,147,4.0.0,team-net-loo-v1,fringe-posterior-calibrated-v1,4.0.0
Toumani Camara,1641739,1610612757,UNKNOWN,unavailable,finisher,0.806,creator,0.3376,-0.2551,0.9813,0,5.835417,-1.488615,10513,-1.488615,0,38.714286,-4.042386,0,1.18,0,-1.18,111,343,483,554,4.0.0,team-net-loo-v1,fringe-posterior-calibrated-v1,4.0.0
Jordan Poole,1629673,1610612764,UNKNOWN,unavailable,finisher,0.7645,creator,0.4191,-0.0684,0.9768,0,5.835417,-0.399142,8417,-1.488615,1.089472,38.714286,-0.867789,2.368657,1.18,2.368657,1.188657,112,265,354,164,4.0.0,team-net-loo-v1,fringe-posterior-calibrated-v1,4.0.0
Moritz Wagner,1629021,1610612753,UNKNOWN,unavailable,finisher,0.7796,creator,1.5326,0.2216,0.9194,0,5.835417,1.293128,2282,-1.488615,2.781743,38.714286,0.76223,1.639689,1.17,1.639689,0.469689,113,154,164,197,4.0.0,team-net-loo-v1,fringe-posterior-calibrated-v1,4.0.0
Lauri Markkanen,1628374,1610612762,UNKNOWN,unavailable,finisher,0.7576,creator,0.5565,0.184,0.9685,0,5.835417,1.073717,6152,-1.488615,2.562331,38.714286,1.706219,4.071743,1.14,4.071743,2.931743,114,165,124,119,4.0.0,team-net-loo-v1,fringe-posterior-calibrated-v1,4.0.0
Buddy Hield,1627741,1610612744,UNKNOWN,unavailable,finisher,0.8989,creator,0.4482,-0.1169,0.9741,0,5.835417,-0.68216,7528,-1.488615,0.806455,38.714286,-1.326462,1.568152,1.12,1.568152,0.448152,115,290,384,206,4.0.0,team-net-loo-v1,fringe-posterior-calibrated-v1,4.0.0
Vít Krejčí,1630249,1610612737,UNKNOWN,unavailable,finisher,0.8736,creator,0.7054,-0.1056,0.9596,0,5.835417,-0.61622,4749,-1.488615,0.872395,38.714286,-0.755904,1.070148,1.12,1.070148,-0.049852,116,286,341,228,4.0.0,team-net-loo-v1,fringe-posterior-calibrated-v1,4.0.0
Isaac Okoro,1630171,1610612739,UNKNOWN,unavailable,finisher,0.9034,creator,0.7631,0.3728,0.956,0,5.835417,2.175443,4345,-1.488615,3.664058,38.714286,2.441554,4.112263,1.11,4.112263,3.002263,117,115,102,117,4.0.0,team-net-loo-v1,fringe-posterior-calibrated-v1,4.0.0
Sam Merrill,1630241,1610612739,UNKNOWN,unavailable,finisher,0.898,creator,0.5667,0.232,0.9667,0,5.835417,1.353817,5801,-1.488615,2.842431,38.714286,2.028577,4.259137,1.1,4.259137,3.159137,118,151,112,113,4.0.0,team-net-loo-v1,fringe-posterior-calibrated-v1,4.0.0
Caleb Houstan,1631216,1610612753,UNKNOWN,unavailable,finisher,0.8711,creator,1.0465,-0.2913,0.9396,0,5.835417,-1.699857,3110,-1.488615,-0.211242,38.714286,-1.365531,-0.169695,1.08,-0.169695,-1.249695,119,360,387,374,4.0.0,team-net-loo-v1,fringe-posterior-calibrated-v1,4.0.0
Santi Aldama,1630583,1610612763,UNKNOWN,unavailable,finisher,0.8291,creator,0.4475,0.5739,0.9727,0,5.835417,3.348946,7119,-1.488615,4.83756,38.714286,6.158229,8.895577,1.06,8.895577,7.835577,120,65,35,40,4.0.0,team-net-loo-v1,fringe-posterior-calibrated-v1,4.0.0
Amir Coffey,1629599,1610612746,UNKNOWN,unavailable,finisher,0.864,creator,0.4438,0.3696,0.9727,0,5.835417,2.15677,7136,-1.488615,3.645385,38.714286,3.97546,6.719345,1.06,6.719345,5.659345,121,119,72,68,4.0.0,team-net-loo-v1,fringe-posterior-calibrated-v1,4.0.0
Jared Butler,1630215,1610612764,UNKNOWN,unavailable,finisher,0.81,creator,0.7148,0.7267,0.9562,0,5.835417,4.240597,4371,-1.488615,5.729212,38.714286,4.787806,6.468513,1.04,6.468513,5.428513,122,39,57,71,4.0.0,team-net-loo-v1,fringe-posterior-calibrated-v1,4.0.0
Brandon Williams,1630314,1610612742,UNKNOWN,unavailable,finisher,0.7027,creator,1.5199,-0.1548,0.9107,0,5.835417,-0.903322,2040,-1.488615,0.585292,38.714286,-0.475994,0.308412,1.03,0.308412,-0.721588,123,302,312,277,4.0.0,team-net-loo-v1,fringe-posterior-calibrated-v1,4.0.0
Austin Reaves,1630559,1610612747,UNKNOWN,unavailable,finisher,0.7806,creator,0.2929,0,0.9815,0,5.835417,0,10582,-1.488615,1.488615,38.714286,0,4.068917,1.03,4.068917,3.038917,124,233,233,120,4.0.0,team-net-loo-v1,fringe-posterior-calibrated-v1,4.0.0
AJ Green,1631260,1610612749,UNKNOWN,unavailable,finisher,0.8703,creator,0.4584,0.0388,0.9712,0,5.835417,0.226414,6755,-1.488615,1.715029,38.714286,0.395055,2.992441,1.03,2.992441,1.962441,125,219,185,140,4.0.0,team-net-loo-v1,fringe-posterior-calibrated-v1,4.0.0
Kevon Looney,1626172,1610612744,UNKNOWN,unavailable,finisher,0.5767,creator,0.6589,0.3929,0.9583,0,5.835417,2.292735,4598,-1.488615,3.78135,38.714286,2.723025,4.491016,1.01,4.491016,3.481016,126,109,95,109,4.0.0,team-net-loo-v1,fringe-posterior-calibrated-v1,4.0.0
Richaun Holmes,1626158,1610612764,UNKNOWN,unavailable,finisher,0.8569,creator,1.3308,0.4226,0.9187,0,5.835417,2.466047,2259,-1.488615,3.954662,38.714286,1.438952,2.307567,1,2.307567,1.307567,127,100,132,166,4.0.0,team-net-loo-v1,fringe-posterior-calibrated-v1,4.0.0
Tre Jones,1630200,1610612759,UNKNOWN,unavailable,finisher,0.8194,creator,0.7829,-0.275,0.9482,0,5.835417,-1.60474,3663,-1.488615,-0.116125,38.714286,-1.518344,-0.109873,0.96,-0.109873,-1.069873,128,350,398,365,4.0.0,team-net-loo-v1,fringe-posterior-calibrated-v1,4.0.0
Jalen Green,1630224,1610612745,UNKNOWN,unavailable,finisher,0.8238,creator,0.2529,0,0.9821,0,5.835417,0,10969,-1.488615,1.488615,38.714286,0,4.217724,0.92,4.217724,3.297724,129,234,234,115,4.0.0,team-net-loo-v1,fringe-posterior-calibrated-v1,4.0.0
Kenrich Williams,1629026,1610612760,UNKNOWN,unavailable,finisher,0.856,creator,0.5963,0.5368,0.9586,0,5.835417,3.132452,4632,-1.488615,4.621066,38.714286,3.747845,5.52891,0.92,5.52891,4.60891,130,74,76,86,4.0.0,team-net-loo-v1,fringe-posterior-calibrated-v1,4.0.0
Donte DiVincenzo,1628978,1610612750,UNKNOWN,unavailable,finisher,0.8085,creator,0.4146,-0.0777,0.9708,0,5.835417,-0.453412,6658,-1.488615,1.035203,38.714286,-0.779768,1.78032,0.92,1.78032,0.86032,131,272,347,190,4.0.0,team-net-loo-v1,fringe-posterior-calibrated-v1,4.0.0
Matisse Thybulle,1629680,1610612757,UNKNOWN,unavailable,defender,0.4861,finisher,2.0422,0.6752,0.8681,0,5.835417,3.940073,1316,-1.488615,5.428688,38.714286,1.339334,1.845353,0.9,1.845353,0.945353,132,45,137,187,4.0.0,team-net-loo-v1,fringe-posterior-calibrated-v1,4.0.0
Day'Ron Sharpe,1630549,1610612751,UNKNOWN,unavailable,finisher,0.5881,defender,0.7552,0.1325,0.9468,0,5.835417,0.773193,3558,-1.488615,2.261807,38.714286,0.710595,2.078693,0.9,2.078693,1.178693,133,178,165,173,4.0.0,team-net-loo-v1,fringe-posterior-calibrated-v1,4.0.0
Coby White,1629632,1610612741,UNKNOWN,unavailable,finisher,0.7881,creator,0.2565,-0.3532,0.9812,0,5.835417,-2.061069,10460,-1.488615,-0.572454,38.714286,-5.568689,-1.546683,0.89,-1.546683,-2.436683,134,387,502,466,4.0.0,team-net-loo-v1,fringe-posterior-calibrated-v1,4.0.0
Aaron Wiggins,1630598,1610612760,UNKNOWN,unavailable,finisher,0.8973,creator,0.3632,0.2043,0.973,0,5.835417,1.192176,7221,-1.488615,2.68079,38.714286,2.223649,5.000218,0.87,5.000218,4.130218,135,160,108,98,4.0.0,team-net-loo-v1,fringe-posterior-calibrated-v1,4.0.0
Oscar Tshiebwe,1631131,1610612762,UNKNOWN,unavailable,finisher,0.7316,defender,2.2036,0.9299,0.8453,0,5.835417,5.426354,1093,-1.488615,6.914969,38.714286,1.531994,1.952267,0.8,1.952267,1.152267,136,22,127,182,4.0.0,team-net-loo-v1,fringe-posterior-calibrated-v1,4.0.0
Antonio Reeves,1641810,1610612740,UNKNOWN,unavailable,finisher,0.8914,creator,0.8799,0.1304,0.9313,0,5.835417,0.760938,2711,-1.488615,2.249553,38.714286,0.532853,1.575268,0.8,1.575268,0.775268,137,181,174,205,4.0.0,team-net-loo-v1,fringe-posterior-calibrated-v1,4.0.0
Landry Shamet,1629013,1610612752,UNKNOWN,unavailable,finisher,0.9225,creator,0.7701,-0.1503,0.9392,0,5.835417,-0.877063,3088,-1.488615,0.611552,38.714286,-0.699579,0.487797,0.79,0.487797,-0.302203,138,299,335,261,4.0.0,team-net-loo-v1,fringe-posterior-calibrated-v1,4.0.0
Quenton Jackson,1631245,1610612754,UNKNOWN,unavailable,finisher,0.539,creator,1.4521,-0.2047,0.8902,0,5.835417,-1.19451,1621,-1.488615,0.294105,38.714286,-0.500151,0.123144,0.78,0.123144,-0.656856,139,319,315,305,4.0.0,team-net-loo-v1,fringe-posterior-calibrated-v1,4.0.0
Anfernee Simons,1629014,1610612757,UNKNOWN,unavailable,finisher,0.8309,creator,0.2504,-0.1273,0.979,0,5.835417,-0.742849,9310,-1.488615,0.745766,38.714286,-1.7864,1.793416,0.78,1.793416,1.013416,140,295,406,189,4.0.0,team-net-loo-v1,fringe-posterior-calibrated-v1,4.0.0
Marcus Sasser,1631204,1610612765,UNKNOWN,unavailable,finisher,0.7716,defender,0.6753,0.3875,0.9452,0,5.835417,2.261224,3449,-1.488615,3.749839,38.714286,2.014492,3.340677,0.78,3.340677,2.560677,141,113,113,135,4.0.0,team-net-loo-v1,fringe-posterior-calibrated-v1,4.0.0
Jaylen Wells,1642377,1610612763,UNKNOWN,unavailable,finisher,0.8478,creator,0.2628,0.3616,0.9774,0,5.835417,2.110087,8654,-1.488615,3.598701,38.714286,4.716783,8.044359,0.76,8.044359,7.284359,142,122,58,49,4.0.0,team-net-loo-v1,fringe-posterior-calibrated-v1,4.0.0
Jalen Smith,1630188,1610612741,UNKNOWN,unavailable,finisher,0.7728,creator,0.5442,0.4198,0.9541,0,5.835417,2.449708,4157,-1.488615,3.938323,38.714286,2.630408,4.228828,0.75,4.228828,3.478828,143,101,96,114,4.0.0,team-net-loo-v1,fringe-posterior-calibrated-v1,4.0.0
Karlo Matković,1631255,1610612740,UNKNOWN,unavailable,finisher,0.8304,creator,0.687,0.1036,0.9421,0,5.835417,0.604549,3253,-1.488615,2.093164,38.714286,0.507977,1.758798,0.74,1.758798,1.018798,144,191,176,192,4.0.0,team-net-loo-v1,fringe-posterior-calibrated-v1,4.0.0
Jeff Dowtin Jr.,1630288,1610612755,UNKNOWN,unavailable,finisher,0.8407,creator,0.881,-0.9825,0.9269,0,5.835417,-5.733297,2535,-1.488615,-4.244682,38.714286,-3.754146,-2.779405,0.74,-2.779405,-3.519405,145,506,477,490,4.0.0,team-net-loo-v1,fringe-posterior-calibrated-v1,4.0.0
Julian Champagnie,1630577,1610612759,UNKNOWN,unavailable,finisher,0.7706,creator,0.2792,0.1561,0.9754,0,5.835417,0.910909,7917,-1.488615,2.399523,38.714286,1.862791,4.906981,0.74,4.906981,4.166981,146,174,120,100,4.0.0,team-net-loo-v1,fringe-posterior-calibrated-v1,4.0.0
Mike Conley,201144,1610612750,UNKNOWN,unavailable,finisher,0.7992,creator,0.3099,-0.1167,0.9726,0,5.835417,-0.680993,7101,-1.488615,0.807622,38.714286,-1.249082,1.481345,0.73,1.481345,0.751345,147,289,379,210,4.0.0,team-net-loo-v1,fringe-posterior-calibrated-v1,4.0.0
Aaron Holiday,1628988,1610612745,UNKNOWN,unavailable,finisher,0.8884,creator,0.6644,0.4523,0.9424,0,5.835417,2.639359,3271,-1.488615,4.127974,38.714286,2.230015,3.487757,0.72,3.487757,2.767757,148,94,107,132,4.0.0,team-net-loo-v1,fringe-posterior-calibrated-v1,4.0.0
Johnny Juzang,1630548,1610612762,UNKNOWN,unavailable,finisher,0.8661,creator,0.4094,0.106,0.9635,0,5.835417,0.618554,5273,-1.488615,2.107169,38.714286,0.842489,2.870026,0.72,2.870026,2.150026,149,189,159,144,4.0.0,team-net-loo-v1,fringe-posterior-calibrated-v1,4.0.0
Dorian Finney-Smith,1627827,1610612751,UNKNOWN,unavailable,finisher,0.8612,creator,0.291,0.4087,0.9732,0,5.835417,2.384935,7259,-1.488615,3.87355,38.714286,4.471797,7.262977,0.7,7.262977,6.562977,150,105,63,60,4.0.0,team-net-loo-v1,fringe-posterior-calibrated-v1,4.0.0
Doug McDermott,203926,1610612758,UNKNOWN,unavailable,finisher,0.9225,creator,1.5189,0.4282,0.8739,0,5.835417,2.498725,1386,-1.488615,3.98734,38.714286,0.894562,1.427497,0.7,1.427497,0.727497,151,98,154,212,4.0.0,team-net-loo-v1,fringe-posterior-calibrated-v1,4.0.0
Dru Smith,1630696,1610612748,UNKNOWN,unavailable,finisher,0.473,defender,1.8654,1.1571,0.8452,0,5.835417,6.752161,1092,-1.488615,8.240775,38.714286,1.904558,2.324446,0.68,2.324446,1.644446,152,15,119,165,4.0.0,team-net-loo-v1,fringe-posterior-calibrated-v1,4.0.0
Anthony Gill,1630264,1610612764,UNKNOWN,unavailable,finisher,0.5122,creator,1.2355,0.6411,0.8905,0,5.835417,3.741086,1626,-1.488615,5.2297,38.714286,1.571256,2.196474,0.67,2.196474,1.526474,153,53,126,170,4.0.0,team-net-loo-v1,fringe-posterior-calibrated-v1,4.0.0
Patrick Baldwin Jr.,1631116,1610612764,UNKNOWN,unavailable,finisher,0.7173,defender,4.6818,1.2208,0.682,0,5.835417,7.123877,429,-1.488615,8.612491,38.714286,0.78941,0.954366,0.67,0.954366,0.284366,154,11,160,233,4.0.0,team-net-loo-v1,fringe-posterior-calibrated-v1,4.0.0
Kel'el Ware,1642276,1610612748,UNKNOWN,unavailable,finisher,0.8671,creator,0.349,0.2222,0.9662,0,5.835417,1.29663,5710,-1.488615,2.785244,38.714286,1.912409,4.107978,0.66,4.107978,3.447978,155,153,117,118,4.0.0,team-net-loo-v1,fringe-posterior-calibrated-v1,4.0.0
Jeff Green,201145,1610612745,UNKNOWN,unavailable,finisher,0.8719,creator,1.2011,0.5966,0.8905,0,5.835417,3.48141,1626,-1.488615,4.970024,38.714286,1.462192,2.08741,0.65,2.08741,1.43741,156,62,130,172,4.0.0,team-net-loo-v1,fringe-posterior-calibrated-v1,4.0.0
Jared McCain,1642272,1610612755,UNKNOWN,unavailable,finisher,0.8197,creator,0.8158,0.5007,0.9228,0,5.835417,2.921793,2392,-1.488615,4.410408,38.714286,1.805258,2.725014,0.65,2.725014,2.075014,157,84,122,149,4.0.0,team-net-loo-v1,fringe-posterior-calibrated-v1,4.0.0
Paul Reed,1630194,1610612765,UNKNOWN,unavailable,defender,0.4554,finisher,1.0525,1.1627,0.9013,0,5.835417,6.784839,1827,-1.488615,8.273454,38.714286,3.201893,3.904398,0.64,3.904398,3.264398,158,14,85,127,4.0.0,team-net-loo-v1,fringe-posterior-calibrated-v1,4.0.0
Quentin Grimes,1629656,1610612742,UNKNOWN,unavailable,finisher,0.8156,creator,0.2307,0.1562,0.9764,0,5.835417,0.911492,8263,-1.488615,2.400107,38.714286,1.945447,5.122678,0.64,5.122678,4.482678,159,173,116,97,4.0.0,team-net-loo-v1,fringe-posterior-calibrated-v1,4.0.0
Luke Kennard,1628379,1610612763,UNKNOWN,unavailable,finisher,0.93,creator,0.2911,0.2617,0.9694,0,5.835417,1.527129,6333,-1.488615,3.015743,38.714286,2.498123,4.933244,0.61,4.933244,4.323244,160,140,101,99,4.0.0,team-net-loo-v1,fringe-posterior-calibrated-v1,4.0.0
Kris Dunn,1627739,1610612746,UNKNOWN,unavailable,finisher,0.4694,defender,0.2486,-0.1752,0.9734,0,5.835417,-1.022365,7311,-1.488615,0.46625,38.714286,-1.930685,0.880489,0.61,0.880489,0.270489,161,308,416,240,4.0.0,team-net-loo-v1,fringe-posterior-calibrated-v1,4.0.0
Quinten Post,1642366,1610612744,UNKNOWN,unavailable,finisher,0.8969,creator,0.6729,0.0838,0.931,0,5.835417,0.489008,2699,-1.488615,1.977623,38.714286,0.340916,1.378717,0.61,1.378717,0.768717,162,200,189,213,4.0.0,team-net-loo-v1,fringe-posterior-calibrated-v1,4.0.0
Miles McBride,1630540,1610612752,UNKNOWN,unavailable,finisher,0.8396,creator,0.2766,0.0485,0.9701,0,5.835417,0.283018,6500,-1.488615,1.771632,38.714286,0.475177,2.974512,0.6,2.974512,2.374512,163,215,180,141,4.0.0,team-net-loo-v1,fringe-posterior-calibrated-v1,4.0.0
Jalen Johnson,1630552,1610612737,UNKNOWN,unavailable,finisher,0.7934,creator,0.3305,1.0738,0.9643,0,5.835417,6.26607,5396,-1.488615,7.754685,38.714286,8.733653,10.808486,0.59,10.808486,10.218486,164,17,19,24,4.0.0,team-net-loo-v1,fringe-posterior-calibrated-v1,4.0.0
Chet Holmgren,1631096,1610612760,UNKNOWN,unavailable,finisher,0.8035,creator,0.4821,0.0854,0.9487,0,5.835417,0.498345,3696,-1.488615,1.986959,38.714286,0.475763,1.896923,0.59,1.896923,1.306923,165,199,179,184,4.0.0,team-net-loo-v1,fringe-posterior-calibrated-v1,4.0.0
Monté Morris,1628420,1610612756,UNKNOWN,unavailable,finisher,0.7565,creator,0.76,0.0553,0.9214,0,5.835417,0.322699,2343,-1.488615,1.811313,38.714286,0.195298,1.096212,0.59,1.096212,0.506212,166,212,201,227,4.0.0,team-net-loo-v1,fringe-posterior-calibrated-v1,4.0.0
Jared Rhoden,1631197,1610612766,UNKNOWN,unavailable,finisher,0.7368,creator,1.8573,-0.0496,0.8268,0,5.835417,-0.289437,955,-1.488615,1.199178,38.714286,-0.071398,0.295812,0.59,0.295812,-0.294188,167,255,261,279,4.0.0,team-net-loo-v1,fringe-posterior-calibrated-v1,4.0.0
Jordan McLaughlin,1629162,1610612758,UNKNOWN,unavailable,finisher,0.6765,defender,1.4037,-0.0604,0.8626,0,5.835417,-0.352459,1256,-1.488615,1.136156,38.714286,-0.114348,0.368601,0.59,0.368601,-0.221399,168,261,274,271,4.0.0,team-net-loo-v1,fringe-posterior-calibrated-v1,4.0.0
Caris LeVert,1627747,1610612739,UNKNOWN,unavailable,finisher,0.8289,creator,0.2541,0.0097,0.9713,0,5.835417,0.056604,6779,-1.488615,1.545218,38.714286,0.099115,2.705729,0.57,2.705729,2.135729,169,229,213,152,4.0.0,team-net-loo-v1,fringe-posterior-calibrated-v1,4.0.0
Robert Williams III,1629057,1610612757,UNKNOWN,unavailable,finisher,0.7103,creator,1.1774,0.6446,0.8792,0,5.835417,3.76151,1456,-1.488615,5.250124,38.714286,1.414661,1.974512,0.57,1.974512,1.404512,170,52,134,181,4.0.0,team-net-loo-v1,fringe-posterior-calibrated-v1,4.0.0
Larry Nance Jr.,1626204,1610612737,UNKNOWN,unavailable,finisher,0.8642,creator,0.8465,-0.6247,0.909,0,5.835417,-3.645385,1998,-1.488615,-2.15677,38.714286,-1.881341,-1.113084,0.56,-1.113084,-1.673084,171,452,413,443,4.0.0,team-net-loo-v1,fringe-posterior-calibrated-v1,4.0.0
Adem Bona,1641737,1610612755,UNKNOWN,unavailable,finisher,0.7708,creator,0.4539,-0.408,0.9489,0,5.835417,-2.38085,3716,-1.488615,-0.892235,38.714286,-2.285265,-0.856414,0.56,-0.856414,-1.416414,172,404,435,431,4.0.0,team-net-loo-v1,fringe-posterior-calibrated-v1,4.0.0
Kelly Oubre Jr.,1626162,1610612755,UNKNOWN,unavailable,finisher,0.7744,creator,0.1953,-0.1367,0.9767,0,5.835417,-0.797701,8388,-1.488615,0.690913,38.714286,-1.728334,1.496962,0.55,1.496962,0.946962,173,296,404,209,4.0.0,team-net-loo-v1,fringe-posterior-calibrated-v1,4.0.0
Nikola Jović,1631107,1610612748,UNKNOWN,unavailable,finisher,0.8245,creator,0.3565,-0.0689,0.9581,0,5.835417,-0.40206,4572,-1.488615,1.086555,38.714286,-0.474817,1.283177,0.54,1.283177,0.743177,174,266,311,217,4.0.0,team-net-loo-v1,fringe-posterior-calibrated-v1,4.0.0
Al Horford,201143,1610612738,UNKNOWN,unavailable,finisher,0.9075,creator,0.2436,-0.0194,0.9709,0,5.835417,-0.113207,6682,-1.488615,1.375408,38.714286,-0.195393,2.373923,0.54,2.373923,1.833923,175,245,284,163,4.0.0,team-net-loo-v1,fringe-posterior-calibrated-v1,4.0.0
Devin Vassell,1630170,1610612759,UNKNOWN,unavailable,finisher,0.8477,creator,0.1977,-0.1171,0.9756,0,5.835417,-0.683327,7989,-1.488615,0.805287,38.714286,-1.4101,1.661775,0.53,1.661775,1.131775,176,291,391,195,4.0.0,team-net-loo-v1,fringe-posterior-calibrated-v1,4.0.0
Khris Middleton,203114,1610612749,UNKNOWN,unavailable,finisher,0.8157,creator,0.4339,0.0473,0.9467,0,5.835417,0.276015,3552,-1.488615,1.76463,38.714286,0.253241,1.619032,0.51,1.619032,1.109032,177,217,199,199,4.0.0,team-net-loo-v1,fringe-posterior-calibrated-v1,4.0.0
Garrison Mathews,1629726,1610612737,UNKNOWN,unavailable,finisher,0.6896,creator,0.4307,0.1324,0.946,0,5.835417,0.772609,3507,-1.488615,2.261224,38.714286,0.699881,2.048369,0.5,2.048369,1.548369,178,179,166,178,4.0.0,team-net-loo-v1,fringe-posterior-calibrated-v1,4.0.0
Dalton Knecht,1642261,1610612747,UNKNOWN,unavailable,finisher,0.8442,creator,0.2525,-0.1064,0.9675,0,5.835417,-0.620888,5956,-1.488615,0.867726,38.714286,-0.955206,1.334954,0.5,1.334954,0.834954,179,287,358,216,4.0.0,team-net-loo-v1,fringe-posterior-calibrated-v1,4.0.0
John Konchar,1629723,1610612763,UNKNOWN,unavailable,finisher,0.6369,defender,0.5892,-0.2129,0.9257,0,5.835417,-1.24236,2491,-1.488615,0.246255,38.714286,-0.799374,0.158448,0.49,0.158448,-0.331552,180,323,349,295,4.0.0,team-net-loo-v1,fringe-posterior-calibrated-v1,4.0.0
Royce O'Neale,1626220,1610612756,UNKNOWN,unavailable,finisher,0.8791,creator,0.195,0.2532,0.9738,0,5.835417,1.477527,7432,-1.488615,2.966142,38.714286,2.836417,5.694118,0.48,5.694118,5.214118,181,142,91,82,4.0.0,team-net-loo-v1,fringe-posterior-calibrated-v1,4.0.0
Tristan Vukcevic,1641774,1610612764,UNKNOWN,unavailable,finisher,0.7935,creator,0.6772,0.265,0.9139,0,5.835417,1.546385,2122,-1.488615,3.035,38.714286,0.847602,1.663538,0.48,1.663538,1.183538,182,138,158,194,4.0.0,team-net-loo-v1,fringe-posterior-calibrated-v1,4.0.0
Collin Gillespie,1631221,1610612756,UNKNOWN,unavailable,finisher,0.862,creator,0.7776,0.4151,0.9023,0,5.835417,2.422281,1847,-1.488615,3.910896,38.714286,1.155634,1.865829,0.48,1.865829,1.385829,183,103,147,186,4.0.0,team-net-loo-v1,fringe-posterior-calibrated-v1,4.0.0
Moses Brown,1629650,1610612754,UNKNOWN,unavailable,finisher,0.7434,defender,2.6282,0.1298,0.7211,0,5.835417,0.757437,517,-1.488615,2.246052,38.714286,0.10115,0.299943,0.45,0.299943,-0.150057,184,182,212,278,4.0.0,team-net-loo-v1,fringe-posterior-calibrated-v1,4.0.0
Cameron Payne,1626166,1610612752,UNKNOWN,unavailable,finisher,0.8671,creator,0.305,0.3636,0.9568,0,5.835417,2.121757,4428,-1.488615,3.610372,38.714286,2.426789,4.129413,0.45,4.129413,3.679413,185,121,103,116,4.0.0,team-net-loo-v1,fringe-posterior-calibrated-v1,4.0.0
Zach Edey,1641744,1610612763,UNKNOWN,unavailable,finisher,0.8391,creator,0.2151,0.0968,0.9682,0,5.835417,0.564868,6097,-1.488615,2.053483,38.714286,0.889595,3.233971,0.44,3.233971,2.793971,186,194,155,138,4.0.0,team-net-loo-v1,fringe-posterior-calibrated-v1,4.0.0
Brandon Miller,1641706,1610612766,UNKNOWN,unavailable,finisher,0.7815,creator,0.3394,-0.2414,0.9499,0,5.835417,-1.40867,3790,-1.488615,0.079945,38.714286,-1.379041,0.078264,0.43,0.078264,-0.351736,187,336,389,314,4.0.0,team-net-loo-v1,fringe-posterior-calibrated-v1,4.0.0
Lonzo Ball,1628366,1610612741,UNKNOWN,unavailable,finisher,0.5232,defender,0.3799,0.0944,0.9439,0,5.835417,0.550863,3363,-1.488615,2.039478,38.714286,0.478519,1.771637,0.43,1.771637,1.341637,188,196,178,191,4.0.0,team-net-loo-v1,fringe-posterior-calibrated-v1,4.0.0
Ryan Rollins,1631157,1610612749,UNKNOWN,unavailable,finisher,0.7246,defender,0.3751,-0.0189,0.9445,0,5.835417,-0.110289,3402,-1.488615,1.378325,38.714286,-0.096916,1.211197,0.43,1.211197,0.781197,189,244,269,219,4.0.0,team-net-loo-v1,fringe-posterior-calibrated-v1,4.0.0
Daeqwon Plowden,1631342,1610612737,UNKNOWN,unavailable,finisher,0.8016,defender,4.3848,1.3216,0.5927,0,5.835417,7.712087,291,-1.488615,9.200701,38.714286,0.579687,0.69158,0.43,0.69158,0.26158,190,6,173,252,4.0.0,team-net-loo-v1,fringe-posterior-calibrated-v1,4.0.0
Dominick Barlow,1631230,1610612737,UNKNOWN,unavailable,finisher,0.7926,creator,0.787,0.5956,0.889,0,5.835417,3.475574,1602,-1.488615,4.964189,38.714286,1.438195,2.054185,0.42,2.054185,1.634185,191,63,133,176,4.0.0,team-net-loo-v1,fringe-posterior-calibrated-v1,4.0.0
Cory Joseph,202709,1610612753,UNKNOWN,unavailable,finisher,0.6737,creator,0.5033,-0.2867,0.925,0,5.835417,-1.673014,2465,-1.488615,-0.184399,38.714286,-1.065235,-0.11741,0.41,-0.11741,-0.52741,192,357,365,366,4.0.0,team-net-loo-v1,fringe-posterior-calibrated-v1,4.0.0
Herbert Jones,1630529,1610612740,UNKNOWN,unavailable,finisher,0.6095,creator,0.4559,2.1365,0.9307,0,5.835417,12.467368,2686,-1.488615,13.955982,38.714286,8.649869,9.682671,0.41,9.682671,9.272671,193,1,20,30,4.0.0,team-net-loo-v1,fringe-posterior-calibrated-v1,4.0.0
Keshad Johnson,1642352,1610612748,UNKNOWN,unavailable,finisher,0.629,defender,2.9048,-0.0742,0.6743,0,5.835417,-0.432988,414,-1.488615,1.055627,38.714286,-0.046303,0.112886,0.4,0.112886,-0.287114,194,268,257,308,4.0.0,team-net-loo-v1,fringe-posterior-calibrated-v1,4.0.0
Tony Bradley,1628396,1610612754,UNKNOWN,unavailable,finisher,0.6255,defender,2.4509,0.666,0.7085,0,5.835417,3.886387,486,-1.488615,5.375002,38.714286,0.487878,0.674751,0.4,0.674751,0.274751,195,48,177,253,4.0.0,team-net-loo-v1,fringe-posterior-calibrated-v1,4.0.0
Bol Bol,1629626,1610612756,UNKNOWN,unavailable,finisher,0.8858,creator,0.6217,0.1538,0.9049,0,5.835417,0.897487,1903,-1.488615,2.386102,38.714286,0.44116,1.172888,0.39,1.172888,0.782888,196,175,184,220,4.0.0,team-net-loo-v1,fringe-posterior-calibrated-v1,4.0.0
Mitchell Robinson,1629011,1610612752,UNKNOWN,unavailable,finisher,0.6833,creator,1.0062,0.6762,0.8506,0,5.835417,3.945909,1139,-1.488615,5.434523,38.714286,1.160913,1.598873,0.38,1.598873,1.218873,197,43,146,201,4.0.0,team-net-loo-v1,fringe-posterior-calibrated-v1,4.0.0
Jonathan Isaac,1628371,1610612753,UNKNOWN,unavailable,defender,0.4199,finisher,0.2586,0.1721,0.9562,0,5.835417,1.004275,4369,-1.488615,2.49289,38.714286,1.133349,2.813286,0.38,2.813286,2.433286,198,166,148,146,4.0.0,team-net-loo-v1,fringe-posterior-calibrated-v1,4.0.0
RayJ Dennis,1642484,1610612754,UNKNOWN,unavailable,defender,0.5067,finisher,3.8834,0.6511,0.5789,0,5.835417,3.79944,275,-1.488615,5.288055,38.714286,0.269886,0.375627,0.36,0.375627,0.015627,199,51,197,270,4.0.0,team-net-loo-v1,fringe-posterior-calibrated-v1,4.0.0
Julian Phillips,1641763,1610612741,UNKNOWN,unavailable,finisher,0.7412,creator,0.2278,-0.1247,0.959,0,5.835417,-0.727676,4675,-1.488615,0.760938,38.714286,-0.878716,0.918882,0.36,0.918882,0.558882,200,293,356,236,4.0.0,team-net-loo-v1,fringe-posterior-calibrated-v1,4.0.0
Cam Spencer,1642285,1610612763,UNKNOWN,unavailable,finisher,0.8737,creator,0.9544,-0.2459,0.8479,0,5.835417,-1.434929,1115,-1.488615,0.053686,38.714286,-0.41327,0.015462,0.35,0.015462,-0.334538,201,339,306,338,4.0.0,team-net-loo-v1,fringe-posterior-calibrated-v1,4.0.0
Grayson Allen,1628960,1610612756,UNKNOWN,unavailable,finisher,0.8139,creator,0.1689,0.1454,0.9691,0,5.835417,0.84847,6277,-1.488615,2.337084,38.714286,1.375679,3.789268,0.35,3.789268,3.439268,202,176,136,131,4.0.0,team-net-loo-v1,fringe-posterior-calibrated-v1,4.0.0
Brandon Boston Jr.,1630527,1610612740,UNKNOWN,unavailable,finisher,0.7699,creator,0.2554,0.4595,0.9528,0,5.835417,2.681374,4038,-1.488615,4.169989,38.714286,2.796742,4.349406,0.34,4.349406,4.009406,203,93,92,111,4.0.0,team-net-loo-v1,fringe-posterior-calibrated-v1,4.0.0
Kevin Huerter,1628989,1610612758,UNKNOWN,unavailable,finisher,0.8883,creator,0.1448,-0.3696,0.9727,0,5.835417,-2.15677,7126,-1.488615,-0.668155,38.714286,-3.969889,-1.229849,0.34,-1.229849,-1.569849,204,396,482,450,4.0.0,team-net-loo-v1,fringe-posterior-calibrated-v1,4.0.0
Dariq Whitehead,1641727,1610612751,UNKNOWN,unavailable,finisher,0.877,creator,0.9903,0.6117,0.8379,0,5.835417,3.569524,1034,-1.488615,5.058139,38.714286,0.953366,1.350952,0.34,1.350952,1.010952,205,58,153,214,4.0.0,team-net-loo-v1,fringe-posterior-calibrated-v1,4.0.0
Kyle Anderson,203937,1610612744,UNKNOWN,unavailable,finisher,0.7118,creator,0.2424,0.0763,0.9538,0,5.835417,0.445242,4127,-1.488615,1.933857,38.714286,0.474635,2.06152,0.33,2.06152,1.73152,206,201,181,174,4.0.0,team-net-loo-v1,fringe-posterior-calibrated-v1,4.0.0
Isaac Jones,1642403,1610612758,UNKNOWN,unavailable,finisher,0.8487,creator,0.788,-0.1032,0.86,0,5.835417,-0.602215,1229,-1.488615,0.8864,38.714286,-0.191175,0.281391,0.32,0.281391,-0.038609,207,284,283,282,4.0.0,team-net-loo-v1,fringe-posterior-calibrated-v1,4.0.0
Josh Minott,1631169,1610612750,UNKNOWN,unavailable,finisher,0.6636,defender,0.7994,-0.3506,0.8552,0,5.835417,-2.045897,1181,-1.488615,-0.557282,38.714286,-0.624112,-0.170002,0.31,-0.170002,-0.480002,208,384,330,375,4.0.0,team-net-loo-v1,fringe-posterior-calibrated-v1,4.0.0
Alex Reese,1642024,1610612760,UNKNOWN,unavailable,finisher,0.7945,creator,0.9317,1.5228,0.8332,0,5.835417,8.886172,999,-1.488615,10.374787,38.714286,2.293026,2.677154,0.31,2.677154,2.367154,209,4,106,153,4.0.0,team-net-loo-v1,fringe-posterior-calibrated-v1,4.0.0
Tosan Evbuomwan,1641787,1610612751,UNKNOWN,unavailable,finisher,0.5332,creator,0.3473,0.3441,0.93,0,5.835417,2.007967,2656,-1.488615,3.496582,38.714286,1.377569,2.398836,0.31,2.398836,2.088836,210,128,135,161,4.0.0,team-net-loo-v1,fringe-posterior-calibrated-v1,4.0.0
Ja'Kobe Walter,1642266,1610612761,UNKNOWN,unavailable,finisher,0.7901,creator,0.1893,-0.3262,0.9594,0,5.835417,-1.903513,4721,-1.488615,-0.414898,38.714286,-2.321232,-0.505946,0.3,-0.505946,-0.805946,211,373,437,411,4.0.0,team-net-loo-v1,fringe-posterior-calibrated-v1,4.0.0
Tyler Smith,1641890,1610612749,UNKNOWN,unavailable,finisher,0.6221,defender,1.7241,0.5252,0.7097,0,5.835417,3.064761,489,-1.488615,4.553376,38.714286,0.38711,0.575137,0.28,0.575137,0.295137,212,77,186,257,4.0.0,team-net-loo-v1,fringe-posterior-calibrated-v1,4.0.0
Johnny Furphy,1642277,1610612754,UNKNOWN,unavailable,finisher,0.4642,defender,0.5341,-0.5413,0.8875,0,5.835417,-3.158711,1577,-1.488615,-1.670096,38.714286,-1.286679,-0.680302,0.28,-0.680302,-0.960302,213,434,382,422,4.0.0,team-net-loo-v1,fringe-posterior-calibrated-v1,4.0.0
Chris Duarte,1630537,1610612741,UNKNOWN,unavailable,finisher,0.6466,defender,2.5488,0.7337,0.6146,0,5.835417,4.281445,319,-1.488615,5.77006,38.714286,0.352785,0.475444,0.27,0.475444,0.205444,214,38,188,264,4.0.0,team-net-loo-v1,fringe-posterior-calibrated-v1,4.0.0
Cam Whitmore,1641715,1610612745,UNKNOWN,unavailable,finisher,0.8779,creator,0.2359,-0.2267,0.9445,0,5.835417,-1.322889,3406,-1.488615,0.165726,38.714286,-1.163849,0.145802,0.27,0.145802,-0.124198,215,329,374,298,4.0.0,team-net-loo-v1,fringe-posterior-calibrated-v1,4.0.0
Gary Harris,203914,1610612753,UNKNOWN,unavailable,finisher,0.6516,defender,0.2762,-0.1495,0.9347,0,5.835417,-0.872395,2862,-1.488615,0.61622,38.714286,-0.644928,0.455548,0.26,0.455548,0.195548,216,298,331,266,4.0.0,team-net-loo-v1,fringe-posterior-calibrated-v1,4.0.0
De'Anthony Melton,1629001,1610612744,UNKNOWN,unavailable,finisher,0.6471,defender,1.4776,0.8796,0.7249,0,5.835417,5.132832,527,-1.488615,6.621447,38.714286,0.698709,0.901348,0.26,0.901348,0.641348,217,26,167,237,4.0.0,team-net-loo-v1,fringe-posterior-calibrated-v1,4.0.0
Talen Horton-Tucker,1629659,1610612741,UNKNOWN,unavailable,finisher,0.7772,creator,0.2447,-0.0846,0.9398,0,5.835417,-0.493676,3122,-1.488615,0.994939,38.714286,-0.398111,0.802339,0.25,0.802339,0.552339,218,276,304,246,4.0.0,team-net-loo-v1,fringe-posterior-calibrated-v1,4.0.0
Terrence Shannon Jr.,1630545,1610612750,UNKNOWN,unavailable,finisher,0.8758,creator,0.5266,0.1316,0.8771,0,5.835417,0.767941,1428,-1.488615,2.256556,38.714286,0.28326,0.832344,0.25,0.832344,0.582344,219,180,194,243,4.0.0,team-net-loo-v1,fringe-posterior-calibrated-v1,4.0.0
Malaki Branham,1631103,1610612759,UNKNOWN,unavailable,finisher,0.8096,creator,0.4109,-0.7985,0.8972,0,5.835417,-4.65958,1745,-1.488615,-3.170965,38.714286,-2.10025,-1.429275,0.24,-1.429275,-1.669275,220,485,426,457,4.0.0,team-net-loo-v1,fringe-posterior-calibrated-v1,4.0.0
KJ Martin,1630231,1610612755,UNKNOWN,unavailable,finisher,0.8637,creator,0.1849,0.5228,0.9505,0,5.835417,3.050756,3840,-1.488615,4.539371,38.714286,3.02599,4.50252,0.24,4.50252,4.26252,221,78,88,108,4.0.0,team-net-loo-v1,fringe-posterior-calibrated-v1,4.0.0
Josh Hart,1628404,1610612752,UNKNOWN,unavailable,finisher,0.821,creator,0.0585,0.0688,0.9832,0,5.835417,0.401477,11694,-1.488615,1.890091,38.714286,1.212697,5.709192,0.23,5.709192,5.479192,222,206,145,81,4.0.0,team-net-loo-v1,fringe-posterior-calibrated-v1,4.0.0
P.J. Washington,1629023,1610612742,UNKNOWN,unavailable,finisher,0.7925,creator,0.0883,0.1267,0.9745,0,5.835417,0.739347,7641,-1.488615,2.227962,38.714286,1.459242,4.397307,0.22,4.397307,4.177307,223,184,131,110,4.0.0,team-net-loo-v1,fringe-posterior-calibrated-v1,4.0.0
Kyle Filipowski,1642271,1610612762,UNKNOWN,unavailable,finisher,0.8073,creator,0.1047,0,0.9698,0,5.835417,0,6432,-1.488615,1.488615,38.714286,0,2.473188,0.22,2.473188,2.253188,224,235,235,160,4.0.0,team-net-loo-v1,fringe-posterior-calibrated-v1,4.0.0
PJ Hall,1641790,1610612743,UNKNOWN,unavailable,finisher,0.7496,defender,2.6427,-0.2625,0.5585,0,5.835417,-1.531797,253,-1.488615,-0.043182,38.714286,-0.100104,-0.002822,0.22,-0.002822,-0.222822,225,346,270,345,4.0.0,team-net-loo-v1,fringe-posterior-calibrated-v1,4.0.0
Scotty Pippen Jr.,1630590,1610612763,UNKNOWN,unavailable,finisher,0.7347,creator,0.0923,-0.973,0.973,0,5.835417,-5.67786,7220,-1.488615,-4.189246,38.714286,-10.588895,-7.812711,0.22,-7.812711,-8.032711,226,503,541,539,4.0.0,team-net-loo-v1,fringe-posterior-calibrated-v1,4.0.0
Matas Buzelis,1641824,1610612741,UNKNOWN,unavailable,finisher,0.8154,creator,0.0973,-0.0291,0.9707,0,5.835417,-0.169811,6630,-1.488615,1.318804,38.714286,-0.290809,2.258513,0.21,2.258513,2.048513,227,247,294,167,4.0.0,team-net-loo-v1,fringe-posterior-calibrated-v1,4.0.0
Jaylin Williams,1631119,1610612760,UNKNOWN,unavailable,finisher,0.8311,creator,0.1932,-0.2264,0.9432,0,5.835417,-1.321138,3323,-1.488615,0.167476,38.714286,-1.133985,0.143752,0.21,0.143752,-0.066248,228,328,370,300,4.0.0,team-net-loo-v1,fringe-posterior-calibrated-v1,4.0.0
Corey Kispert,1630557,1610612764,UNKNOWN,unavailable,finisher,0.8563,creator,0.0922,-0.0679,0.9706,0,5.835417,-0.396225,6614,-1.488615,1.09239,38.714286,-0.676916,1.866254,0.2,1.866254,1.666254,229,264,334,185,4.0.0,team-net-loo-v1,fringe-posterior-calibrated-v1,4.0.0
Wendell Moore Jr.,1631111,1610612765,UNKNOWN,unavailable,finisher,0.716,creator,0.2893,0.0364,0.9107,0,5.835417,0.212409,2039,-1.488615,1.701024,38.714286,0.111871,0.895894,0.2,0.895894,0.695894,230,221,208,238,4.0.0,team-net-loo-v1,fringe-posterior-calibrated-v1,4.0.0
Jabari Smith Jr.,1631095,1610612745,UNKNOWN,unavailable,finisher,0.876,creator,0.0842,-0.0972,0.9718,0,5.835417,-0.567202,6903,-1.488615,0.921412,38.714286,-1.011358,1.642936,0.19,1.642936,1.452936,231,283,362,196,4.0.0,team-net-loo-v1,fringe-posterior-calibrated-v1,4.0.0
Dean Wade,1629731,1610612739,UNKNOWN,unavailable,finisher,0.8901,creator,0.1093,0.1637,0.9631,0,5.835417,0.955258,5213,-1.488615,2.443872,38.714286,1.286284,3.290751,0.19,3.290751,3.100751,232,171,141,136,4.0.0,team-net-loo-v1,fringe-posterior-calibrated-v1,4.0.0
Harrison Ingram,1631127,1610612759,UNKNOWN,unavailable,defender,0.6135,finisher,3.8292,0.4013,0.4236,0,5.835417,2.341753,147,-1.488615,3.830367,38.714286,0.088917,0.145441,0.19,0.145441,-0.044559,233,107,214,299,4.0.0,team-net-loo-v1,fringe-posterior-calibrated-v1,4.0.0
Marvin Bagley III,1628963,1610612764,UNKNOWN,unavailable,finisher,0.5877,creator,0.4739,0.3501,0.854,0,5.835417,2.042979,1170,-1.488615,3.531594,38.714286,0.617417,1.067297,0.18,1.067297,0.887297,234,127,172,229,4.0.0,team-net-loo-v1,fringe-posterior-calibrated-v1,4.0.0
Bones Hyland,1630538,1610612746,UNKNOWN,unavailable,finisher,0.5737,defender,0.5421,0.0332,0.8288,0,5.835417,0.193736,968,-1.488615,1.682351,38.714286,0.048441,0.42065,0.17,0.42065,0.25065,235,222,221,267,4.0.0,team-net-loo-v1,fringe-posterior-calibrated-v1,4.0.0
Ajay Mitchell,1642349,1610612760,UNKNOWN,unavailable,finisher,0.7791,defender,0.2203,0.0737,0.9215,0,5.835417,0.43007,2348,-1.488615,1.918685,38.714286,0.260835,1.163672,0.17,1.163672,0.993672,236,203,198,222,4.0.0,team-net-loo-v1,fringe-posterior-calibrated-v1,4.0.0
Trayce Jackson-Davis,1631218,1610612744,UNKNOWN,unavailable,finisher,0.8326,creator,0.1249,-0.0095,0.9539,0,5.835417,-0.055436,4137,-1.488615,1.433178,38.714286,-0.059239,1.531491,0.17,1.531491,1.361491,237,241,259,207,4.0.0,team-net-loo-v1,fringe-posterior-calibrated-v1,4.0.0
Zeke Nnaji,1630192,1610612743,UNKNOWN,unavailable,finisher,0.7475,creator,0.2073,-0.472,0.9256,0,5.835417,-2.754317,2487,-1.488615,-1.265702,38.714286,-1.769369,-0.813085,0.17,-0.813085,-0.983085,238,419,405,429,4.0.0,team-net-loo-v1,fringe-posterior-calibrated-v1,4.0.0
Lindy Waters III,1630322,1610612744,UNKNOWN,unavailable,finisher,0.8666,creator,0.1536,-0.2165,0.9412,0,5.835417,-1.263368,3204,-1.488615,0.225247,38.714286,-1.045565,0.186415,0.16,0.186415,0.026415,239,326,364,294,4.0.0,team-net-loo-v1,fringe-posterior-calibrated-v1,4.0.0
Neemias Queta,1629674,1610612738,UNKNOWN,unavailable,finisher,0.8869,creator,0.1357,0.2641,0.9432,0,5.835417,1.541134,3323,-1.488615,3.029748,38.714286,1.322816,2.600553,0.15,2.600553,2.450553,240,139,140,156,4.0.0,team-net-loo-v1,fringe-posterior-calibrated-v1,4.0.0
Grant Williams,1629684,1610612766,UNKNOWN,unavailable,finisher,0.7327,creator,0.2298,1.1076,0.9073,0,5.835417,6.463307,1958,-1.488615,7.951922,38.714286,3.268859,4.021736,0.15,4.021736,3.871736,241,16,84,122,4.0.0,team-net-loo-v1,fringe-posterior-calibrated-v1,4.0.0
Johnny Davis,1631098,1610612764,UNKNOWN,unavailable,defender,0.4969,finisher,0.4509,0.2527,0.8321,0,5.835417,1.47461,991,-1.488615,2.963225,38.714286,0.377467,0.75852,0.15,0.75852,0.60852,242,144,187,249,4.0.0,team-net-loo-v1,fringe-posterior-calibrated-v1,4.0.0
Leonard Miller,1631159,1610612750,UNKNOWN,unavailable,finisher,0.6032,defender,3.1514,0.1148,0.3958,0,5.835417,0.669906,131,-1.488615,2.158521,38.714286,0.022668,0.073039,0.14,0.073039,-0.066961,243,186,224,317,4.0.0,team-net-loo-v1,fringe-posterior-calibrated-v1,4.0.0
Chuma Okeke,1629643,1610612755,UNKNOWN,unavailable,finisher,0.8446,creator,0.4757,0.3701,0.8051,0,5.835417,2.159688,826,-1.488615,3.648302,38.714286,0.460787,0.778394,0.13,0.778394,0.648394,244,118,182,248,4.0.0,team-net-loo-v1,fringe-posterior-calibrated-v1,4.0.0
Jaylen Sims,1631301,1610612766,UNKNOWN,unavailable,finisher,0.6286,creator,0.7992,0.1108,0.6979,0,5.835417,0.646564,462,-1.488615,2.135179,38.714286,0.077158,0.254803,0.12,0.254803,0.134803,245,187,215,286,4.0.0,team-net-loo-v1,fringe-posterior-calibrated-v1,4.0.0
Tyus Jones,1626145,1610612756,UNKNOWN,unavailable,finisher,0.8835,creator,0.0413,-0.6649,0.9778,0,5.835417,-3.879969,8820,-1.488615,-2.391354,38.714286,-8.839456,-5.448051,0.12,-5.448051,-5.568051,246,462,529,521,4.0.0,team-net-loo-v1,fringe-posterior-calibrated-v1,4.0.0
Isaiah Crawford,1642384,1610612758,UNKNOWN,unavailable,finisher,0.6493,defender,1.9567,0.0717,0.4778,0,5.835417,0.418399,183,-1.488615,1.907014,38.714286,0.019777,0.090143,0.12,0.090143,-0.029857,247,204,226,313,4.0.0,team-net-loo-v1,fringe-posterior-calibrated-v1,4.0.0
N'Faly Dante,1642368,1610612745,UNKNOWN,unavailable,finisher,0.8701,creator,1.5126,0.3283,0.5215,0,5.835417,1.915767,218,-1.488615,3.404382,38.714286,0.107877,0.191701,0.11,0.191701,0.081701,248,130,209,291,4.0.0,team-net-loo-v1,fringe-posterior-calibrated-v1,4.0.0
De'Aaron Fox,1628368,1610612758,UNKNOWN,unavailable,finisher,0.7572,creator,0.034,-0.0783,0.979,0,5.835417,-0.456913,9335,-1.488615,1.031702,38.714286,-1.101734,2.487695,0.11,2.487695,2.377695,249,273,368,159,4.0.0,team-net-loo-v1,fringe-posterior-calibrated-v1,4.0.0
Keion Brooks Jr.,1631232,1610612740,UNKNOWN,unavailable,finisher,0.803,creator,0.218,-0.2293,0.8747,0,5.835417,-1.338061,1396,-1.488615,0.150554,38.714286,-0.482492,0.054288,0.1,0.054288,-0.045712,250,330,313,321,4.0.0,team-net-loo-v1,fringe-posterior-calibrated-v1,4.0.0
Thomas Bryant,1628418,1610612748,UNKNOWN,unavailable,finisher,0.8239,creator,0.0755,0.5326,0.9512,0,5.835417,3.107943,3895,-1.488615,4.596558,38.714286,3.126866,4.624544,0.1,4.624544,4.524544,251,76,87,106,4.0.0,team-net-loo-v1,fringe-posterior-calibrated-v1,4.0.0
Bobi Klintman,1641752,1610612765,UNKNOWN,unavailable,finisher,0.8207,creator,1.964,0.1644,0.4203,0,5.835417,0.959342,145,-1.488615,2.447957,38.714286,0.035931,0.091685,0.1,0.091685,-0.008315,252,170,222,312,4.0.0,team-net-loo-v1,fringe-posterior-calibrated-v1,4.0.0
Mason Jones,1630222,1610612758,UNKNOWN,unavailable,finisher,0.8331,creator,1.602,0.2028,0.4609,0,5.835417,1.183422,171,-1.488615,2.672037,38.714286,0.052271,0.118023,0.09,0.118023,0.028023,253,161,220,307,4.0.0,team-net-loo-v1,fringe-posterior-calibrated-v1,4.0.0
Mouhamed Gueye,1631243,1610612737,UNKNOWN,unavailable,finisher,0.5476,creator,0.1148,0.0184,0.9181,0,5.835417,0.107372,2242,-1.488615,1.595986,38.714286,0.06218,0.924259,0.09,0.924259,0.834259,254,226,218,235,4.0.0,team-net-loo-v1,fringe-posterior-calibrated-v1,4.0.0
Damion Lee,1627814,1610612756,UNKNOWN,unavailable,defender,0.4743,creator,0.4056,-0.0901,0.7512,0,5.835417,-0.525771,604,-1.488615,0.962844,38.714286,-0.082028,0.150218,0.08,0.150218,0.070218,255,280,264,297,4.0.0,team-net-loo-v1,fringe-posterior-calibrated-v1,4.0.0
Jackson Rowe,1642050,1610612744,UNKNOWN,unavailable,finisher,0.4953,defender,1.0437,-0.0959,0.5327,0,5.835417,-0.559616,228,-1.488615,0.928998,38.714286,-0.032957,0.054711,0.08,0.054711,-0.025289,256,282,254,320,4.0.0,team-net-loo-v1,fringe-posterior-calibrated-v1,4.0.0
David Duke Jr.,1630561,1610612759,UNKNOWN,unavailable,finisher,0.4326,defender,1.6819,-0.397,0.4135,0,5.835417,-2.31666,141,-1.488615,-0.828046,38.714286,-0.084374,-0.030158,0.08,-0.030158,-0.110158,257,401,265,351,4.0.0,team-net-loo-v1,fringe-posterior-calibrated-v1,4.0.0
Malcolm Brogdon,1627763,1610612764,UNKNOWN,unavailable,finisher,0.6808,creator,0.0997,-0.0512,0.9218,0,5.835417,-0.298773,2359,-1.488615,1.189841,38.714286,-0.182053,0.725013,0.08,0.725013,0.645013,258,257,280,251,4.0.0,team-net-loo-v1,fringe-posterior-calibrated-v1,4.0.0
Jrue Holiday,201950,1610612738,UNKNOWN,unavailable,finisher,0.8646,creator,0.028,-0.039,0.9752,0,5.835417,-0.227581,7860,-1.488615,1.261034,38.714286,-0.462049,2.560224,0.07,2.560224,2.490224,259,250,307,157,4.0.0,team-net-loo-v1,fringe-posterior-calibrated-v1,4.0.0
Sidy Cissoko,1631321,1610612759,UNKNOWN,unavailable,finisher,0.4725,defender,0.4605,0.5019,0.6875,0,5.835417,2.928796,440,-1.488615,4.41741,38.714286,0.332867,0.502053,0.07,0.502053,0.432053,260,81,191,260,4.0.0,team-net-loo-v1,fringe-posterior-calibrated-v1,4.0.0
Jeremy Sochan,1631110,1610612759,UNKNOWN,unavailable,finisher,0.8111,creator,0.0351,0.0386,0.9659,0,5.835417,0.225247,5657,-1.488615,1.713862,38.714286,0.329135,2.504325,0.07,2.504325,2.434325,261,220,193,158,4.0.0,team-net-loo-v1,fringe-posterior-calibrated-v1,4.0.0
Danté Exum,203957,1610612742,UNKNOWN,unavailable,finisher,0.8406,creator,0.1159,-0.2035,0.8849,0,5.835417,-1.187507,1538,-1.488615,0.301107,38.714286,-0.47176,0.119621,0.06,0.119621,0.059621,262,317,309,306,4.0.0,team-net-loo-v1,fringe-posterior-calibrated-v1,4.0.0
Dwight Powell,203939,1610612742,UNKNOWN,unavailable,finisher,0.7677,creator,0.0787,0.6326,0.9169,0,5.835417,3.691485,2206,-1.488615,5.180099,38.714286,2.103465,2.951701,0.06,2.951701,2.891701,263,56,111,142,4.0.0,team-net-loo-v1,fringe-posterior-calibrated-v1,4.0.0
Jonathan Kuminga,1630228,1610612744,UNKNOWN,unavailable,finisher,0.6405,creator,0.037,0.1438,0.9587,0,5.835417,0.839133,4641,-1.488615,2.327748,38.714286,1.005938,2.790463,0.06,2.790463,2.730463,264,177,152,148,4.0.0,team-net-loo-v1,fringe-posterior-calibrated-v1,4.0.0
Isaiah Jackson,1630543,1610612754,UNKNOWN,unavailable,finisher,0.6189,creator,0.4634,0.2261,0.6448,0,5.835417,1.319388,363,-1.488615,2.808002,38.714286,0.123711,0.263289,0.06,0.263289,0.203289,265,152,206,285,4.0.0,team-net-loo-v1,fringe-posterior-calibrated-v1,4.0.0
Elijah Harkless,1641989,1610612762,UNKNOWN,unavailable,defender,0.8367,creator,0.285,0.9924,0.7455,0,5.835417,5.791067,586,-1.488615,7.279682,38.714286,0.876567,1.101891,0.06,1.101891,1.041891,266,19,156,226,4.0.0,team-net-loo-v1,fringe-posterior-calibrated-v1,4.0.0
Zach Collins,1628380,1610612759,UNKNOWN,unavailable,finisher,0.8014,creator,0.0361,-0.0476,0.9528,0,5.835417,-0.277766,4039,-1.488615,1.210849,38.714286,-0.289789,1.263259,0.05,1.263259,1.213259,267,251,293,218,4.0.0,team-net-loo-v1,fringe-posterior-calibrated-v1,4.0.0
Miles Norris,1641936,1610612738,UNKNOWN,unavailable,defender,0.5577,creator,1.1253,0.0697,0.3939,0,5.835417,0.406729,130,-1.488615,1.895343,38.714286,0.013658,0.063644,0.05,0.063644,0.013644,268,205,228,319,4.0.0,team-net-loo-v1,fringe-posterior-calibrated-v1,4.0.0
E.J. Liddell,1630604,1610612741,UNKNOWN,unavailable,finisher,0.8991,creator,0.5895,0.5722,0.5249,0,5.835417,3.339025,221,-1.488615,4.82764,38.714286,0.190608,0.275585,0.04,0.275585,0.235585,269,67,202,283,4.0.0,team-net-loo-v1,fringe-posterior-calibrated-v1,4.0.0
Jevon Carter,1628975,1610612741,UNKNOWN,unavailable,finisher,0.6823,defender,0.0923,0.3053,0.8723,0,5.835417,1.781553,1366,-1.488615,3.270167,38.714286,0.628605,1.15385,0.04,1.15385,1.11385,270,132,171,225,4.0.0,team-net-loo-v1,fringe-posterior-calibrated-v1,4.0.0
Tazé Moore,1631386,1610612757,UNKNOWN,unavailable,defender,0.6876,creator,1.2858,0.0634,0.308,0,5.835417,0.369965,89,-1.488615,1.85858,38.714286,0.008505,0.042727,0.04,0.042727,0.002727,271,209,229,324,4.0.0,team-net-loo-v1,fringe-posterior-calibrated-v1,4.0.0
Jose Alvarado,1630631,1610612740,UNKNOWN,unavailable,finisher,0.7894,creator,0.0192,0.2511,0.9659,0,5.835417,1.465273,5672,-1.488615,2.953888,38.714286,2.14676,4.327718,0.04,4.327718,4.287718,272,145,110,112,4.0.0,team-net-loo-v1,fringe-posterior-calibrated-v1,4.0.0
Pelle Larsson,1641796,1610612748,UNKNOWN,unavailable,finisher,0.6512,creator,0.0329,0.1878,0.9389,0,5.835417,1.095891,3071,-1.488615,2.584506,38.714286,0.869313,2.050152,0.03,2.050152,2.020152,273,163,157,177,4.0.0,team-net-loo-v1,fringe-posterior-calibrated-v1,4.0.0
Colby Jones,1641732,1610612758,UNKNOWN,unavailable,finisher,0.5177,defender,0.0387,-0.3735,0.911,0,5.835417,-2.179528,2047,-1.488615,-0.690913,38.714286,-1.152415,-0.365317,0.03,-0.365317,-0.395317,274,397,372,396,4.0.0,team-net-loo-v1,fringe-posterior-calibrated-v1,4.0.0
Malachi Flynn,1630201,1610612766,UNKNOWN,unavailable,defender,0.4601,creator,0.516,0.095,0.4135,0,5.835417,0.554365,141,-1.488615,2.042979,38.714286,0.02019,0.074407,0.02,0.074407,0.054407,275,195,225,315,4.0.0,team-net-loo-v1,fringe-posterior-calibrated-v1,4.0.0
Ja Morant,1629630,1610612763,UNKNOWN,unavailable,finisher,0.6929,creator,0.0095,-0.5144,0.9706,0,5.835417,-3.001738,6603,-1.488615,-1.513124,38.714286,-5.119681,-2.580741,0.02,-2.580741,-2.600741,276,425,495,485,4.0.0,team-net-loo-v1,fringe-posterior-calibrated-v1,4.0.0
PJ Dozier,1628408,1610612750,UNKNOWN,unavailable,finisher,0.7739,creator,0.3575,-0.0751,0.4269,0,5.835417,-0.43824,149,-1.488615,1.050375,38.714286,-0.016867,0.040426,0.02,0.040426,0.020426,277,270,247,325,4.0.0,team-net-loo-v1,fringe-posterior-calibrated-v1,4.0.0
Jamal Cain,1631288,1610612740,UNKNOWN,unavailable,finisher,0.6511,creator,0.0259,-0.6358,0.9082,0,5.835417,-3.710158,1979,-1.488615,-2.221543,38.714286,-1.896562,-1.13561,0.02,-1.13561,-1.15561,278,458,414,444,4.0.0,team-net-loo-v1,fringe-posterior-calibrated-v1,4.0.0
Isaiah Mobley,1630600,1610612755,UNKNOWN,unavailable,finisher,0.3727,defender,0.6221,0.0298,0.278,0,5.835417,0.173895,77,-1.488615,1.66251,38.714286,0.003459,0.033066,0.02,0.033066,0.013066,279,223,230,328,4.0.0,team-net-loo-v1,fringe-posterior-calibrated-v1,4.0.0
Eric Gordon,201569,1610612755,UNKNOWN,unavailable,finisher,0.8006,creator,0.013,-0.3215,0.94,0,5.835417,-1.876086,3131,-1.488615,-0.387472,38.714286,-1.517276,-0.313366,0.01,-0.313366,-0.323366,280,369,397,393,4.0.0,team-net-loo-v1,fringe-posterior-calibrated-v1,4.0.0
Torrey Craig,1628470,1610612741,UNKNOWN,unavailable,finisher,0.7762,creator,0.024,0.5785,0.8635,0,5.835417,3.375789,1265,-1.488615,4.864403,38.714286,1.103048,1.589457,0.01,1.589457,1.579457,281,64,150,202,4.0.0,team-net-loo-v1,fringe-posterior-calibrated-v1,4.0.0
Kevin McCullar Jr.,1641755,1610612752,UNKNOWN,unavailable,finisher,0.5178,defender,0.2278,0.0038,0.3827,0,5.835417,0.022175,124,-1.488615,1.510789,38.714286,0.00071,0.04839,0.01,0.04839,0.03839,282,231,231,322,4.0.0,team-net-loo-v1,fringe-posterior-calibrated-v1,4.0.0
Lamar Stevens,1630205,1610612763,UNKNOWN,unavailable,finisher,0.8663,creator,0.0385,0.6642,0.7619,0,5.835417,3.875884,640,-1.488615,5.364498,38.714286,0.640736,0.886825,0.01,0.886825,0.876825,283,49,169,239,4.0.0,team-net-loo-v1,fringe-posterior-calibrated-v1,4.0.0
Christian Koloko,1631132,1610612747,UNKNOWN,unavailable,finisher,0.9095,creator,0.0045,-0.1053,0.8771,0,5.835417,-0.614469,1428,-1.488615,0.874145,38.714286,-0.226651,0.322434,0,0.322434,0.322434,284,285,289,274,4.0.0,team-net-loo-v1,fringe-posterior-calibrated-v1,4.0.0
Clint Capela,203991,1610612737,UNKNOWN,unavailable,finisher,0.7565,creator,-0.0012,0.1056,0.9604,0,5.835417,0.61622,4846,-1.488615,2.104835,38.714286,0.771344,2.634694,0,2.634694,2.634694,285,190,163,154,4.0.0,team-net-loo-v1,fringe-posterior-calibrated-v1,4.0.0
Tolu Smith,1642449,1610612765,UNKNOWN,unavailable,finisher,0.5209,defender,-0.087,-0.0196,0.2674,0,5.835417,-0.114374,73,-1.488615,1.374241,38.714286,-0.002157,0.025913,0,0.025913,0.025913,286,246,240,332,4.0.0,team-net-loo-v1,fringe-posterior-calibrated-v1,4.0.0
Paolo Banchero,1631094,1610612753,UNKNOWN,unavailable,finisher,0.6983,creator,-0.0021,-0.9689,0.9689,0,5.835417,-5.653935,6238,-1.488615,-4.16532,38.714286,-9.110138,-6.711545,0,-6.711545,-6.711545,287,502,533,535,4.0.0,team-net-loo-v1,fringe-posterior-calibrated-v1,4.0.0
Drew Peterson,1641809,1610612738,UNKNOWN,unavailable,finisher,0.6918,creator,-0.0332,0.1094,0.7812,0,5.835417,0.638395,714,-1.488615,2.127009,38.714286,0.117738,0.39228,-0.01,0.39228,0.40228,288,188,207,268,4.0.0,team-net-loo-v1,fringe-posterior-calibrated-v1,4.0.0
Jahmir Young,1642443,1610612741,UNKNOWN,unavailable,finisher,0.8669,creator,-0.2039,-0.035,0.3939,0,5.835417,-0.20424,130,-1.488615,1.284375,38.714286,-0.006858,0.043128,-0.01,0.043128,0.053128,289,249,242,323,4.0.0,team-net-loo-v1,fringe-posterior-calibrated-v1,4.0.0
Lonnie Walker IV,1629022,1610612755,UNKNOWN,unavailable,finisher,0.8459,creator,-0.018,-1.6359,0.9088,0,5.835417,-9.546158,1994,-1.488615,-8.057543,38.714286,-4.9168,-4.150081,-0.01,-4.150081,-4.140081,290,550,493,508,4.0.0,team-net-loo-v1,fringe-posterior-calibrated-v1,4.0.0
Jock Landale,1629111,1610612745,UNKNOWN,unavailable,finisher,0.8439,creator,-0.0252,-0.183,0.915,0,5.835417,-1.067881,2153,-1.488615,0.420734,38.714286,-0.593876,0.233981,-0.02,0.233981,0.253981,291,311,325,287,4.0.0,team-net-loo-v1,fringe-posterior-calibrated-v1,4.0.0
Cole Swider,1631306,1610612765,UNKNOWN,unavailable,finisher,0.7028,defender,-0.0807,-0.4394,0.7847,0,5.835417,-2.564082,729,-1.488615,-1.075467,38.714286,-0.482823,-0.202513,-0.02,-0.202513,-0.182513,292,409,314,378,4.0.0,team-net-loo-v1,fringe-posterior-calibrated-v1,4.0.0
Jaden Springer,1630531,1610612738,UNKNOWN,unavailable,defender,0.4437,creator,-0.0493,0.5546,0.8804,0,5.835417,3.236322,1472,-1.488615,4.724937,38.714286,1.230519,1.796522,-0.02,1.796522,1.816522,293,71,144,188,4.0.0,team-net-loo-v1,fringe-posterior-calibrated-v1,4.0.0
Emanuel Miller,1641801,1610612741,UNKNOWN,unavailable,finisher,0.71,creator,-0.8657,-0.0497,0.3103,0,5.835417,-0.29002,90,-1.488615,1.198595,38.714286,-0.006742,0.027864,-0.03,0.027864,0.057864,294,256,241,331,4.0.0,team-net-loo-v1,fringe-posterior-calibrated-v1,4.0.0
Yuri Collins,1641879,1610612744,UNKNOWN,unavailable,finisher,0.4298,defender,-1.3959,-0.0746,0.2593,0,5.835417,-0.435322,70,-1.488615,1.053293,38.714286,-0.007871,0.019045,-0.03,0.019045,0.049045,295,269,243,336,4.0.0,team-net-loo-v1,fringe-posterior-calibrated-v1,4.0.0
Trentyn Flowers,1642280,1610612746,UNKNOWN,unavailable,finisher,0.7801,creator,-0.8671,0.1679,0.3651,0,5.835417,0.979766,115,-1.488615,2.468381,38.714286,0.029104,0.073323,-0.03,0.073323,0.103323,296,167,223,316,4.0.0,team-net-loo-v1,fringe-posterior-calibrated-v1,4.0.0
Josh Green,1630182,1610612766,UNKNOWN,unavailable,finisher,0.7387,creator,-0.0145,0.2047,0.975,0,5.835417,1.19451,7785,-1.488615,2.683125,38.714286,2.402023,5.395457,-0.04,5.395457,5.435457,297,158,104,92,4.0.0,team-net-loo-v1,fringe-posterior-calibrated-v1,4.0.0
Donovan Clingan,1642270,1610612757,UNKNOWN,unavailable,finisher,0.7809,creator,-0.0211,-0.2315,0.9646,0,5.835417,-1.350899,5452,-1.488615,0.137716,38.714286,-1.902425,0.19394,-0.04,0.19394,0.23394,298,331,415,290,4.0.0,team-net-loo-v1,fringe-posterior-calibrated-v1,4.0.0
Jae'Sean Tate,1630256,1610612745,UNKNOWN,unavailable,finisher,0.6815,defender,-0.0472,-0.2035,0.9248,0,5.835417,-1.187507,2459,-1.488615,0.301107,38.714286,-0.754264,0.191253,-0.04,0.191253,0.231253,299,318,339,292,4.0.0,team-net-loo-v1,fringe-posterior-calibrated-v1,4.0.0
Jalen Bridges,1641779,1610612756,UNKNOWN,unavailable,defender,0.4343,creator,-1.027,-0.4171,0.3691,0,5.835417,-2.433952,117,-1.488615,-0.945337,38.714286,-0.073557,-0.028569,-0.04,-0.028569,0.011431,300,406,262,350,4.0.0,team-net-loo-v1,fringe-posterior-calibrated-v1,4.0.0
Adama Sanogo,1641766,1610612741,UNKNOWN,unavailable,finisher,0.5929,creator,-1.4583,-0.0835,0.3056,0,5.835417,-0.487257,88,-1.488615,1.001357,38.714286,-0.011076,0.022761,-0.04,0.022761,0.062761,301,275,246,334,4.0.0,team-net-loo-v1,fringe-posterior-calibrated-v1,4.0.0
Nae'Qwan Tomlin,1641772,1610612739,UNKNOWN,unavailable,finisher,0.6364,creator,-0.6385,-0.4174,0.5717,0,5.835417,-2.435703,267,-1.488615,-0.947088,38.714286,-0.167983,-0.065318,-0.06,-0.065318,-0.005318,302,407,279,357,4.0.0,team-net-loo-v1,fringe-posterior-calibrated-v1,4.0.0
A.J. Lawson,1630639,1610612761,UNKNOWN,unavailable,finisher,0.6941,creator,-0.0873,0.2098,0.9121,0,5.835417,1.22427,2076,-1.488615,2.712885,38.714286,0.656498,1.454747,-0.06,1.454747,1.514747,303,156,168,211,4.0.0,team-net-loo-v1,fringe-posterior-calibrated-v1,4.0.0
Duop Reath,1641871,1610612757,UNKNOWN,unavailable,finisher,0.8072,creator,-0.0962,-0.0635,0.9069,0,5.835417,-0.370549,1949,-1.488615,1.118066,38.714286,-0.186546,0.56287,-0.06,0.56287,0.62287,304,262,281,258,4.0.0,team-net-loo-v1,fringe-posterior-calibrated-v1,4.0.0
Bruno Fernando,1628981,1610612761,UNKNOWN,unavailable,finisher,0.8386,creator,-0.2924,0.0652,0.7619,0,5.835417,0.380469,640,-1.488615,1.869084,38.714286,0.062897,0.308985,-0.06,0.308985,0.368985,305,208,217,276,4.0.0,team-net-loo-v1,fringe-posterior-calibrated-v1,4.0.0
Isaiah Wong,1631209,1610612766,UNKNOWN,unavailable,creator,0.3698,defender,-0.167,0.6338,0.8493,0,5.835417,3.698487,1127,-1.488615,5.187102,38.714286,1.076656,1.510002,-0.06,1.510002,1.570002,306,55,151,208,4.0.0,team-net-loo-v1,fringe-posterior-calibrated-v1,4.0.0
LaMelo Ball,1630163,1610612766,UNKNOWN,unavailable,finisher,0.7615,creator,-0.036,-0.0872,0.9691,0,5.835417,-0.508848,6267,-1.488615,0.979766,38.714286,-0.823715,1.586029,-0.08,1.586029,1.666029,307,277,351,204,4.0.0,team-net-loo-v1,fringe-posterior-calibrated-v1,4.0.0
Kylor Kelley,1630283,1610612742,UNKNOWN,unavailable,finisher,0.7893,creator,-0.4706,0.3524,0.7191,0,5.835417,2.056401,512,-1.488615,3.545016,38.714286,0.271961,0.468832,-0.08,0.468832,0.548832,308,124,196,265,4.0.0,team-net-loo-v1,fringe-posterior-calibrated-v1,4.0.0
Ron Harper Jr.,1631199,1610612765,UNKNOWN,unavailable,finisher,0.3952,creator,-4.9039,-0.1072,0.2,0,5.835417,-0.625557,50,-1.488615,0.863058,38.714286,-0.008079,0.011147,-0.08,0.011147,0.091147,309,288,244,341,4.0.0,team-net-loo-v1,fringe-posterior-calibrated-v1,4.0.0
Cam Christie,1642353,1610612746,UNKNOWN,unavailable,defender,0.5894,finisher,-1.0302,0.049,0.5444,0,5.835417,0.285935,239,-1.488615,1.77455,38.714286,0.017652,0.109551,-0.08,0.109551,0.189551,310,213,227,310,4.0.0,team-net-loo-v1,fringe-posterior-calibrated-v1,4.0.0
Haywood Highsmith,1629312,1610612748,UNKNOWN,unavailable,finisher,0.8587,creator,-0.0352,0.0097,0.9732,0,5.835417,0.056604,7260,-1.488615,1.545218,38.714286,0.106147,2.897712,-0.08,2.897712,2.977712,311,230,210,143,4.0.0,team-net-loo-v1,fringe-posterior-calibrated-v1,4.0.0
Tim Hardaway Jr.,203501,1610612765,UNKNOWN,unavailable,finisher,0.796,creator,-0.0287,-0.3227,0.9779,0,5.835417,-1.883089,8864,-1.488615,-0.394474,38.714286,-4.311509,-0.903186,-0.08,-0.903186,-0.823186,312,371,485,435,4.0.0,team-net-loo-v1,fringe-posterior-calibrated-v1,4.0.0
Lester Quinones,1631311,1610612755,UNKNOWN,unavailable,finisher,0.6074,creator,-0.3628,-0.9471,0.7959,0,5.835417,-5.526723,780,-1.488615,-4.038108,38.714286,-1.113502,-0.813582,-0.09,-0.813582,-0.723582,313,499,369,430,4.0.0,team-net-loo-v1,fringe-posterior-calibrated-v1,4.0.0
Max Strus,1629622,1610612739,UNKNOWN,unavailable,finisher,0.8587,creator,-0.0531,-0.0578,0.9642,0,5.835417,-0.337287,5381,-1.488615,1.151328,38.714286,-0.468804,1.600261,-0.1,1.600261,1.700261,314,259,308,200,4.0.0,team-net-loo-v1,fringe-posterior-calibrated-v1,4.0.0
Tristen Newton,1641803,1610612754,UNKNOWN,unavailable,finisher,0.2893,defender,-3.8449,-0.152,0.2727,0,5.835417,-0.886983,75,-1.488615,0.601631,38.714286,-0.017183,0.011655,-0.1,0.011655,0.111655,315,300,248,339,4.0.0,team-net-loo-v1,fringe-posterior-calibrated-v1,4.0.0
Dalen Terry,1631207,1610612741,UNKNOWN,unavailable,finisher,0.8121,creator,-0.0721,0.2484,0.9554,0,5.835417,1.449517,4286,-1.488615,2.938132,38.714286,1.604739,3.252762,-0.1,3.252762,3.352762,316,146,125,137,4.0.0,team-net-loo-v1,fringe-posterior-calibrated-v1,4.0.0
D.J. Carton,1630618,1610612761,UNKNOWN,unavailable,defender,0.4348,finisher,-2.0679,-0.081,0.4302,0,5.835417,-0.472669,151,-1.488615,1.015946,38.714286,-0.018436,0.039626,-0.1,0.039626,0.139626,317,274,249,326,4.0.0,team-net-loo-v1,fringe-posterior-calibrated-v1,4.0.0
Devin Carter,1642269,1610612758,UNKNOWN,unavailable,finisher,0.4137,creator,-0.1996,-0.5054,0.8867,0,5.835417,-2.94922,1566,-1.488615,-1.460605,38.714286,-1.192965,-0.590817,-0.1,-0.590817,-0.490817,318,423,377,417,4.0.0,team-net-loo-v1,fringe-posterior-calibrated-v1,4.0.0
MarJon Beauchamp,1630699,1610612749,UNKNOWN,unavailable,defender,0.4111,finisher,-0.4878,-0.3213,0.765,0,5.835417,-1.874919,651,-1.488615,-0.386305,38.714286,-0.315277,-0.064959,-0.11,-0.064959,0.045041,319,368,295,355,4.0.0,team-net-loo-v1,fringe-posterior-calibrated-v1,4.0.0
Taylor Hendricks,1641707,1610612762,UNKNOWN,unavailable,defender,0.7396,creator,-0.991,-0.1746,0.6169,0,5.835417,-1.018864,322,-1.488615,0.469751,38.714286,-0.084742,0.039071,-0.11,0.039071,0.149071,320,307,266,327,4.0.0,team-net-loo-v1,fringe-posterior-calibrated-v1,4.0.0
Trevelin Queen,1630243,1610612753,UNKNOWN,unavailable,defender,0.4668,finisher,-0.2016,-0.3317,0.8964,0,5.835417,-1.935608,1731,-1.488615,-0.446993,38.714286,-0.865452,-0.19986,-0.12,-0.19986,-0.07986,321,377,353,376,4.0.0,team-net-loo-v1,fringe-posterior-calibrated-v1,4.0.0
Jaylen Martin,1641798,1610612751,UNKNOWN,unavailable,finisher,0.8109,creator,-0.3595,-0.211,0.8332,0,5.835417,-1.231273,999,-1.488615,0.257342,38.714286,-0.317723,0.066406,-0.12,0.066406,0.186406,322,322,296,318,4.0.0,team-net-loo-v1,fringe-posterior-calibrated-v1,4.0.0
Justin Minaya,1631303,1610612757,UNKNOWN,unavailable,defender,0.3973,finisher,-0.8946,0.2749,0.6705,0,5.835417,1.604156,407,-1.488615,3.092771,38.714286,0.168644,0.32514,-0.12,0.32514,0.44514,323,136,203,273,4.0.0,team-net-loo-v1,fringe-posterior-calibrated-v1,4.0.0
Charles Bassey,1629646,1610612759,UNKNOWN,unavailable,finisher,0.7866,creator,-0.2323,-0.0532,0.8869,0,5.835417,-0.310444,1568,-1.488615,1.178171,38.714286,-0.125736,0.477181,-0.12,0.477181,0.597181,324,258,275,263,4.0.0,team-net-loo-v1,fringe-posterior-calibrated-v1,4.0.0
P.J. Tucker,200782,1610612752,UNKNOWN,unavailable,finisher,0.8386,creator,-1.7871,-0.2551,0.5294,0,5.835417,-1.488615,225,-1.488615,0,38.714286,-0.086515,0,-0.13,0,0.13,325,344,267,555,4.0.0,team-net-loo-v1,fringe-posterior-calibrated-v1,4.0.0
Jae Crowder,203109,1610612758,UNKNOWN,unavailable,creator,0.5876,finisher,-0.9699,-0.0136,0.6779,0,5.835417,-0.079362,421,-1.488615,1.409253,38.714286,-0.00863,0.15325,-0.14,0.15325,0.29325,326,243,245,296,4.0.0,team-net-loo-v1,fringe-posterior-calibrated-v1,4.0.0
Jacob Toppin,1631210,1610612752,UNKNOWN,unavailable,finisher,0.8005,creator,-1.4486,-0.6087,0.5968,0,5.835417,-3.552018,296,-1.488615,-2.063403,38.714286,-0.271579,-0.157763,-0.14,-0.157763,-0.017763,327,450,291,372,4.0.0,team-net-loo-v1,fringe-posterior-calibrated-v1,4.0.0
Nickeil Alexander-Walker,1629638,1610612750,UNKNOWN,unavailable,finisher,0.8137,creator,-0.0528,0.0098,0.977,0,5.835417,0.057187,8480,-1.488615,1.545802,38.714286,0.125263,3.385934,-0.15,3.385934,3.535934,328,227,205,134,4.0.0,team-net-loo-v1,fringe-posterior-calibrated-v1,4.0.0
Jamaree Bouyea,1631123,1610612749,UNKNOWN,unavailable,finisher,0.7018,creator,-2.2618,-0.3447,0.4987,0,5.835417,-2.011468,199,-1.488615,-0.522853,38.714286,-0.103394,-0.026876,-0.15,-0.026876,0.123124,329,383,273,348,4.0.0,team-net-loo-v1,fringe-posterior-calibrated-v1,4.0.0
Maxwell Lewis,1641721,1610612747,UNKNOWN,unavailable,finisher,0.7882,creator,-0.3426,-1.0251,0.8688,0,5.835417,-5.981886,1324,-1.488615,-4.493271,38.714286,-2.045761,-1.536665,-0.15,-1.536665,-1.386665,330,513,422,463,4.0.0,team-net-loo-v1,fringe-posterior-calibrated-v1,4.0.0
Daniss Jenkins,1642450,1610612765,UNKNOWN,unavailable,finisher,0.5265,creator,-6.5268,-0.2757,0.2593,0,5.835417,-1.608824,70,-1.488615,-0.12021,38.714286,-0.029089,-0.002174,-0.15,-0.002174,0.147826,331,351,253,343,4.0.0,team-net-loo-v1,fringe-posterior-calibrated-v1,4.0.0
Shaedon Sharpe,1631101,1610612757,UNKNOWN,unavailable,finisher,0.8303,creator,-0.0504,-0.4601,0.979,0,5.835417,-2.684875,9336,-1.488615,-1.19626,38.714286,-6.474611,-2.884797,-0.16,-2.884797,-2.724797,332,413,515,495,4.0.0,team-net-loo-v1,fringe-posterior-calibrated-v1,4.0.0
Jordan Goodwin,1630692,1610612747,UNKNOWN,unavailable,finisher,0.8972,creator,-0.2155,0,0.9172,0,5.835417,0,2216,-1.488615,1.488615,38.714286,0,0.852081,-0.16,0.852081,1.012081,333,236,236,241,4.0.0,team-net-loo-v1,fringe-posterior-calibrated-v1,4.0.0
Malevy Leons,1642502,1610612760,UNKNOWN,unavailable,creator,0.4399,finisher,-5.873,-0.3567,0.2908,0,5.835417,-2.081493,82,-1.488615,-0.592878,38.714286,-0.044088,-0.012558,-0.16,-0.012558,0.147442,334,389,255,346,4.0.0,team-net-loo-v1,fringe-posterior-calibrated-v1,4.0.0
Jazian Gortman,1641789,1610612742,UNKNOWN,unavailable,finisher,0.4426,defender,-2.0191,-0.186,0.5444,0,5.835417,-1.085387,239,-1.488615,0.403227,38.714286,-0.067006,0.024893,-0.16,0.024893,0.184893,335,312,260,333,4.0.0,team-net-loo-v1,fringe-posterior-calibrated-v1,4.0.0
Braxton Key,1630296,1610612744,UNKNOWN,unavailable,creator,0.395,finisher,-9.2362,-0.249,0.2188,0,5.835417,-1.453019,56,-1.488615,0.035596,38.714286,-0.021018,0.000515,-0.17,0.000515,0.170515,336,340,250,342,4.0.0,team-net-loo-v1,fringe-posterior-calibrated-v1,4.0.0
Cody Martin,1628998,1610612766,UNKNOWN,unavailable,finisher,0.5542,defender,-0.1075,0.0288,0.9601,0,5.835417,0.16806,4817,-1.488615,1.656675,38.714286,0.209108,2.061307,-0.17,2.061307,2.231307,337,224,200,175,4.0.0,team-net-loo-v1,fringe-posterior-calibrated-v1,4.0.0
Jordan Clarkson,203903,1610612762,UNKNOWN,unavailable,finisher,0.6585,creator,-0.1304,0.0762,0.9525,0,5.835417,0.444659,4009,-1.488615,1.933274,38.714286,0.46046,2.001973,-0.17,2.001973,2.171973,338,202,183,179,4.0.0,team-net-loo-v1,fringe-posterior-calibrated-v1,4.0.0
Jack McVeigh,1629098,1610612745,UNKNOWN,unavailable,defender,0.5166,finisher,-2.7599,-0.3508,0.4872,0,5.835417,-2.047064,190,-1.488615,-0.558449,38.714286,-0.100465,-0.027407,-0.17,-0.027407,0.142593,339,385,271,349,4.0.0,team-net-loo-v1,fringe-posterior-calibrated-v1,4.0.0
Colin Castleton,1630658,1610612763,UNKNOWN,unavailable,finisher,0.7848,creator,-0.3002,-0.2064,0.8974,0,5.835417,-1.20443,1749,-1.488615,0.284185,38.714286,-0.544127,0.128387,-0.17,0.128387,0.298387,340,320,320,303,4.0.0,team-net-loo-v1,fringe-posterior-calibrated-v1,4.0.0
Patty Mills,201988,1610612762,UNKNOWN,unavailable,finisher,0.7527,creator,-0.3784,-0.3585,0.8744,0,5.835417,-2.091997,1392,-1.488615,-0.603382,38.714286,-0.752193,-0.21695,-0.18,-0.21695,-0.03695,341,391,338,381,4.0.0,team-net-loo-v1,fringe-posterior-calibrated-v1,4.0.0
Branden Carlson,1642382,1610612760,UNKNOWN,unavailable,finisher,0.9004,creator,-0.5201,0.5021,0.8369,0,5.835417,2.929963,1026,-1.488615,4.418577,38.714286,0.776494,1.171005,-0.18,1.171005,1.351005,342,80,162,221,4.0.0,team-net-loo-v1,fringe-posterior-calibrated-v1,4.0.0
Keegan Murray,1631099,1610612758,UNKNOWN,unavailable,finisher,0.8762,creator,-0.0506,-0.2847,0.9816,0,5.835417,-1.661343,10655,-1.488615,-0.172728,38.714286,-4.572372,-0.475385,-0.18,-0.475385,-0.295385,343,356,490,408,4.0.0,team-net-loo-v1,fringe-posterior-calibrated-v1,4.0.0
Terance Mann,1629611,1610612746,UNKNOWN,unavailable,finisher,0.8732,creator,-0.0936,-0.5124,0.9667,0,5.835417,-2.990067,5811,-1.488615,-1.501453,38.714286,-4.48808,-2.253675,-0.18,-2.253675,-2.073675,344,424,487,478,4.0.0,team-net-loo-v1,fringe-posterior-calibrated-v1,4.0.0
Kobe Bufkin,1641723,1610612737,UNKNOWN,unavailable,finisher,0.4848,creator,-1.0514,-0.7691,0.726,0,5.835417,-4.488019,530,-1.488615,-2.999404,38.714286,-0.614411,-0.41062,-0.19,-0.41062,-0.22062,345,480,327,400,4.0.0,team-net-loo-v1,fringe-posterior-calibrated-v1,4.0.0
Jerami Grant,203924,1610612757,UNKNOWN,unavailable,finisher,0.678,creator,-0.0894,-0.3004,0.969,0,5.835417,-1.752959,6242,-1.488615,-0.264344,38.714286,-2.826339,-0.426209,-0.19,-0.426209,-0.236209,346,362,450,401,4.0.0,team-net-loo-v1,fringe-posterior-calibrated-v1,4.0.0
Daishen Nix,1630227,1610612750,UNKNOWN,unavailable,uncertain,0.2434,defender,-10.4191,-0.281,0.2218,0,5.835417,-1.639752,57,-1.488615,-0.151137,38.714286,-0.024142,-0.002225,-0.2,-0.002225,0.197775,347,353,251,344,4.0.0,team-net-loo-v1,fringe-posterior-calibrated-v1,4.0.0
Liam Robbins,1641857,1610612749,UNKNOWN,unavailable,defender,0.7791,creator,-2.5728,-0.5568,0.5381,0,5.835417,-3.24916,233,-1.488615,-1.760545,38.714286,-0.195549,-0.105958,-0.2,-0.105958,0.094042,348,439,285,364,4.0.0,team-net-loo-v1,fringe-posterior-calibrated-v1,4.0.0
Anton Watson,1641817,1610612752,UNKNOWN,unavailable,finisher,0.7397,creator,-6.2489,-0.3652,0.3243,0,5.835417,-2.131094,96,-1.488615,-0.642479,38.714286,-0.052845,-0.015932,-0.2,-0.015932,0.184068,349,394,258,347,4.0.0,team-net-loo-v1,fringe-posterior-calibrated-v1,4.0.0
Pete Nance,1631250,1610612755,UNKNOWN,unavailable,finisher,0.8074,creator,-1.1933,-0.2409,0.7301,0,5.835417,-1.405752,541,-1.488615,0.082863,38.714286,-0.196442,0.011579,-0.22,0.011579,0.231579,350,335,286,340,4.0.0,team-net-loo-v1,fringe-posterior-calibrated-v1,4.0.0
Alex Ducas,1642505,1610612760,UNKNOWN,unavailable,finisher,0.7578,creator,-1.2697,-0.5175,0.7187,0,5.835417,-3.019828,511,-1.488615,-1.531213,38.714286,-0.398595,-0.202109,-0.22,-0.202109,0.017891,351,427,305,377,4.0.0,team-net-loo-v1,fringe-posterior-calibrated-v1,4.0.0
Emoni Bates,1641734,1610612739,UNKNOWN,unavailable,finisher,0.8721,creator,-2.1735,-1.2994,0.6016,0,5.835417,-7.58254,302,-1.488615,-6.093926,38.714286,-0.591494,-0.475371,-0.22,-0.475371,-0.255371,352,538,324,407,4.0.0,team-net-loo-v1,fringe-posterior-calibrated-v1,4.0.0
Marcus Garrett,1630585,1610612766,UNKNOWN,unavailable,finisher,0.7269,creator,-2.125,-0.4033,0.6086,0,5.835417,-2.353424,311,-1.488615,-0.864809,38.714286,-0.189055,-0.069472,-0.22,-0.069472,0.150528,353,402,282,358,4.0.0,team-net-loo-v1,fringe-posterior-calibrated-v1,4.0.0
Armel Traoré,1642422,1610612747,UNKNOWN,unavailable,creator,0.6743,defender,-2.4472,-0.8142,0.5789,0,5.835417,-4.751196,275,-1.488615,-3.262581,38.714286,-0.337493,-0.231752,-0.22,-0.231752,-0.011752,354,488,298,383,4.0.0,team-net-loo-v1,fringe-posterior-calibrated-v1,4.0.0
Mikal Bridges,1628969,1610612752,UNKNOWN,unavailable,finisher,0.8913,creator,-0.0552,-0.3345,0.9839,0,5.835417,-1.951947,12218,-1.488615,-0.463332,38.714286,-6.160229,-1.462249,-0.22,-1.462249,-1.242249,355,379,508,459,4.0.0,team-net-loo-v1,fringe-posterior-calibrated-v1,4.0.0
Tre Mann,1630544,1610612766,UNKNOWN,unavailable,finisher,0.8879,creator,-0.5313,-1.097,0.867,0,5.835417,-6.401452,1304,-1.488615,-4.912837,38.714286,-2.156179,-1.654774,-0.23,-1.654774,-1.424774,356,520,431,467,4.0.0,team-net-loo-v1,fringe-posterior-calibrated-v1,4.0.0
Bradley Beal,203078,1610612756,UNKNOWN,unavailable,finisher,0.8285,creator,-0.0998,-0.2431,0.9723,0,5.835417,-1.41859,7020,-1.488615,0.070025,38.714286,-2.572306,0.126975,-0.23,0.126975,0.356975,357,337,439,304,4.0.0,team-net-loo-v1,fringe-posterior-calibrated-v1,4.0.0
Enrique Freeman,1642402,1610612754,UNKNOWN,unavailable,finisher,0.6495,creator,-0.8946,-0.9019,0.7982,0,5.835417,-5.262962,791,-1.488615,-3.774347,38.714286,-1.075314,-0.771165,-0.24,-0.771165,-0.531165,358,496,366,426,4.0.0,team-net-loo-v1,fringe-posterior-calibrated-v1,4.0.0
Killian Hayes,1630165,1610612751,UNKNOWN,unavailable,finisher,0.7165,creator,-1.0628,-1.5444,0.7722,0,5.835417,-9.012217,678,-1.488615,-7.523603,38.714286,-1.578302,-1.317602,-0.24,-1.317602,-1.077602,359,546,399,454,4.0.0,team-net-loo-v1,fringe-posterior-calibrated-v1,4.0.0
Ousmane Dieng,1631172,1610612760,UNKNOWN,unavailable,finisher,0.5918,defender,-0.4363,-0.7316,0.8922,0,5.835417,-4.269191,1655,-1.488615,-2.780576,38.714286,-1.82504,-1.188671,-0.24,-1.188671,-0.948671,360,474,408,447,4.0.0,team-net-loo-v1,fringe-posterior-calibrated-v1,4.0.0
Ulrich Chomche,1642279,1610612761,UNKNOWN,unavailable,finisher,0.6996,creator,-5.8714,-0.5426,0.3808,0,5.835417,-3.166297,123,-1.488615,-1.677682,38.714286,-0.100597,-0.053302,-0.24,-0.053302,0.186698,361,436,272,354,4.0.0,team-net-loo-v1,fringe-posterior-calibrated-v1,4.0.0
Vlatko Čančar,1628427,1610612743,UNKNOWN,unavailable,finisher,0.6546,defender,-1.2921,-0.0958,0.7368,0,5.835417,-0.559033,560,-1.488615,0.929582,38.714286,-0.080864,0.134464,-0.24,0.134464,0.374464,362,281,263,301,4.0.0,team-net-loo-v1,fringe-posterior-calibrated-v1,4.0.0
Ziaire Williams,1630533,1610612751,UNKNOWN,unavailable,finisher,0.7132,creator,-0.1248,0,0.9688,0,5.835417,0,6216,-1.488615,1.488615,38.714286,0,2.390133,-0.26,2.390133,2.650133,363,237,237,162,4.0.0,team-net-loo-v1,fringe-posterior-calibrated-v1,4.0.0
Reece Beekman,1641736,1610612744,UNKNOWN,unavailable,defender,0.7376,creator,-0.4106,-0.2171,0.9044,0,5.835417,-1.266869,1893,-1.488615,0.221746,38.714286,-0.619457,0.108426,-0.26,0.108426,0.368426,364,327,329,311,4.0.0,team-net-loo-v1,fringe-posterior-calibrated-v1,4.0.0
Cam Thomas,1630560,1610612751,UNKNOWN,unavailable,finisher,0.7357,creator,-0.2678,-0.0094,0.9398,0,5.835417,-0.054853,3125,-1.488615,1.433762,38.714286,-0.044277,1.157326,-0.28,1.157326,1.437326,365,240,256,224,4.0.0,team-net-loo-v1,fringe-posterior-calibrated-v1,4.0.0
Kevin Knox II,1628995,1610612744,UNKNOWN,unavailable,finisher,0.8738,creator,-2.4068,0.1017,0.6357,0,5.835417,0.593462,349,-1.488615,2.082077,38.714286,0.053499,0.187694,-0.28,0.187694,0.467694,366,192,219,293,4.0.0,team-net-loo-v1,fringe-posterior-calibrated-v1,4.0.0
Matt Ryan,1630346,1610612752,UNKNOWN,unavailable,finisher,0.72,creator,-2.991,-0.9157,0.5851,0,5.835417,-5.343491,282,-1.488615,-3.854876,38.714286,-0.389227,-0.280794,-0.28,-0.280794,-0.000794,367,497,303,387,4.0.0,team-net-loo-v1,fringe-posterior-calibrated-v1,4.0.0
James Johnson,201949,1610612754,UNKNOWN,unavailable,finisher,0.6439,creator,-6.0973,-0.627,0.4152,0,5.835417,-3.658806,142,-1.488615,-2.170191,38.714286,-0.134201,-0.0796,-0.29,-0.0796,0.2104,368,454,276,359,4.0.0,team-net-loo-v1,fringe-posterior-calibrated-v1,4.0.0
Shake Milton,1629003,1610612751,UNKNOWN,unavailable,finisher,0.8136,creator,-0.2598,-0.1984,0.9446,0,5.835417,-1.157747,3407,-1.488615,0.330868,38.714286,-1.01886,0.291176,-0.29,0.291176,0.581176,369,316,363,280,4.0.0,team-net-loo-v1,fringe-posterior-calibrated-v1,4.0.0
Keaton Wallace,1630811,1610612737,UNKNOWN,unavailable,finisher,0.7313,defender,-0.4188,-0.3654,0.9135,0,5.835417,-2.132261,2112,-1.488615,-0.643646,38.714286,-1.163223,-0.351132,-0.29,-0.351132,-0.061132,370,395,373,394,4.0.0,team-net-loo-v1,fringe-posterior-calibrated-v1,4.0.0
Jake LaRavia,1631222,1610612763,UNKNOWN,unavailable,finisher,0.7842,creator,-0.1563,-0.2898,0.966,0,5.835417,-1.691104,5688,-1.488615,-0.202489,38.714286,-2.484612,-0.297502,-0.3,-0.297502,0.002498,371,359,438,391,4.0.0,team-net-loo-v1,fringe-posterior-calibrated-v1,4.0.0
Jarace Walker,1641716,1610612754,UNKNOWN,unavailable,finisher,0.8407,creator,-0.1809,-0.7015,0.9609,0,5.835417,-4.093545,4917,-1.488615,-2.60493,38.714286,-5.199104,-3.308453,-0.3,-3.308453,-3.008453,372,467,496,500,4.0.0,team-net-loo-v1,fringe-posterior-calibrated-v1,4.0.0
Phillip Wheeler,1630762,1610612755,UNKNOWN,unavailable,defender,0.5855,creator,-5.2197,-0.5693,0.4624,0,5.835417,-3.322103,172,-1.488615,-1.833488,38.714286,-0.147595,-0.081458,-0.3,-0.081458,0.218542,373,441,277,361,4.0.0,team-net-loo-v1,fringe-posterior-calibrated-v1,4.0.0
Rayan Rupert,1641712,1610612757,UNKNOWN,unavailable,finisher,0.6091,defender,-0.4725,-0.336,0.9082,0,5.835417,-1.9607,1978,-1.488615,-0.472085,38.714286,-1.001766,-0.241199,-0.31,-0.241199,0.068801,374,381,361,385,4.0.0,team-net-loo-v1,fringe-posterior-calibrated-v1,4.0.0
Jonas Valančiūnas,202685,1610612764,UNKNOWN,unavailable,finisher,0.8241,creator,-0.1591,-0.213,0.9681,0,5.835417,-1.242944,6064,-1.488615,0.245671,38.714286,-1.946881,0.384806,-0.32,0.384806,0.704806,375,324,418,269,4.0.0,team-net-loo-v1,fringe-posterior-calibrated-v1,4.0.0
Jaylen Nowell,1629669,1610612740,UNKNOWN,unavailable,finisher,0.6696,creator,-1.4607,-0.6151,0.7677,0,5.835417,-3.589365,661,-1.488615,-2.10075,38.714286,-0.612841,-0.358678,-0.32,-0.358678,-0.038678,376,451,326,395,4.0.0,team-net-loo-v1,fringe-posterior-calibrated-v1,4.0.0
Kevin Love,201567,1610612748,UNKNOWN,unavailable,finisher,0.5904,creator,-0.9143,-0.2356,0.8415,0,5.835417,-1.374824,1062,-1.488615,0.113791,38.714286,-0.377138,0.031215,-0.32,0.031215,0.351215,377,333,301,329,4.0.0,team-net-loo-v1,fringe-posterior-calibrated-v1,4.0.0
David Roddy,1631223,1610612737,UNKNOWN,unavailable,finisher,0.7958,creator,-0.538,-0.4325,0.9011,0,5.835417,-2.523818,1823,-1.488615,-1.035203,38.714286,-1.188429,-0.487462,-0.33,-0.487462,-0.157462,378,408,376,409,4.0.0,team-net-loo-v1,fringe-posterior-calibrated-v1,4.0.0
Yuki Kawamura,1642530,1610612763,UNKNOWN,unavailable,finisher,0.6643,creator,-2.645,-1.3644,0.6497,0,5.835417,-7.961842,371,-1.488615,-6.473228,38.714286,-0.762985,-0.620331,-0.33,-0.620331,-0.290331,379,540,343,420,4.0.0,team-net-loo-v1,fringe-posterior-calibrated-v1,4.0.0
Drew Timme,1631166,1610612751,UNKNOWN,unavailable,finisher,0.7537,creator,-0.9613,-0.335,0.84,0,5.835417,-1.954865,1050,-1.488615,-0.46625,38.714286,-0.530194,-0.126455,-0.34,-0.126455,0.213545,380,380,318,369,4.0.0,team-net-loo-v1,fringe-posterior-calibrated-v1,4.0.0
Taurean Prince,1627752,1610612749,UNKNOWN,unavailable,finisher,0.8745,creator,-0.1132,-0.088,0.9781,0,5.835417,-0.513517,8916,-1.488615,0.975098,38.714286,-1.182642,2.245676,-0.34,2.245676,2.585676,381,279,375,168,4.0.0,team-net-loo-v1,fringe-posterior-calibrated-v1,4.0.0
Garrett Temple,202066,1610612761,UNKNOWN,unavailable,finisher,0.4394,creator,-1.0716,-0.5281,0.8252,0,5.835417,-3.081684,944,-1.488615,-1.593069,38.714286,-0.75143,-0.38845,-0.34,-0.38845,-0.04845,382,431,337,399,4.0.0,team-net-loo-v1,fringe-posterior-calibrated-v1,4.0.0
Stanley Umude,1630649,1610612749,UNKNOWN,unavailable,defender,0.6714,creator,-2.9016,-0.377,0.639,0,5.835417,-2.199952,354,-1.488615,-0.711337,38.714286,-0.201162,-0.065044,-0.34,-0.065044,0.274956,383,399,287,356,4.0.0,team-net-loo-v1,fringe-posterior-calibrated-v1,4.0.0
Trendon Watford,1630570,1610612751,UNKNOWN,unavailable,finisher,0.7046,creator,-0.3031,0.2463,0.9473,0,5.835417,1.437263,3596,-1.488615,2.925878,38.714286,1.335011,2.717719,-0.36,2.717719,3.077719,384,147,139,150,4.0.0,team-net-loo-v1,fringe-posterior-calibrated-v1,4.0.0
Bryce McGowens,1631121,1610612757,UNKNOWN,unavailable,creator,0.6082,finisher,-8.8471,-0.1469,0.3865,0,5.835417,-0.857223,126,-1.488615,0.631392,38.714286,-0.027899,0.020549,-0.37,0.020549,0.390549,385,297,252,335,4.0.0,team-net-loo-v1,fringe-posterior-calibrated-v1,4.0.0
Javonte Green,1629750,1610612740,UNKNOWN,unavailable,finisher,0.6962,creator,-0.2167,0,0.9626,0,5.835417,0,5154,-1.488615,1.488615,38.714286,0,1.98178,-0.37,1.98178,2.35178,386,238,238,180,4.0.0,team-net-loo-v1,fringe-posterior-calibrated-v1,4.0.0
Kyle Lowry,200768,1610612755,UNKNOWN,unavailable,creator,0.6392,defender,-0.4229,-0.363,0.9309,0,5.835417,-2.118256,2693,-1.488615,-0.629641,38.714286,-1.473478,-0.437984,-0.38,-0.437984,-0.057984,387,393,395,404,4.0.0,team-net-loo-v1,fringe-posterior-calibrated-v1,4.0.0
Luka Garza,1630568,1610612750,UNKNOWN,unavailable,finisher,0.7265,creator,-1.2671,-0.9786,0.8224,0,5.835417,-5.710539,926,-1.488615,-4.221924,38.714286,-1.365893,-1.009834,-0.39,-1.009834,-0.619834,388,505,388,441,4.0.0,team-net-loo-v1,fringe-posterior-calibrated-v1,4.0.0
Nate Williams,1631466,1610612745,UNKNOWN,unavailable,finisher,0.7233,creator,-1.8368,0.8076,0.7619,0,5.835417,4.712682,640,-1.488615,6.201297,38.714286,0.779071,1.025159,-0.39,1.025159,1.415159,389,32,161,230,4.0.0,team-net-loo-v1,fringe-posterior-calibrated-v1,4.0.0
TyTy Washington Jr.,1631102,1610612756,UNKNOWN,unavailable,creator,0.5854,defender,-2.6389,-0.4657,0.6951,0,5.835417,-2.717554,456,-1.488615,-1.228939,38.714286,-0.32009,-0.144752,-0.4,-0.144752,0.255248,390,416,297,370,4.0.0,team-net-loo-v1,fringe-posterior-calibrated-v1,4.0.0
Ben Sheppard,1641767,1610612754,UNKNOWN,unavailable,finisher,0.8582,creator,-0.2392,-0.125,0.9618,0,5.835417,-0.729427,5035,-1.488615,0.759188,38.714286,-0.948659,0.987364,-0.4,0.987364,1.387364,391,294,357,232,4.0.0,team-net-loo-v1,fringe-posterior-calibrated-v1,4.0.0
Gui Santos,1630611,1610612744,UNKNOWN,unavailable,finisher,0.8256,creator,-0.3973,-0.0751,0.9383,0,5.835417,-0.43824,3041,-1.488615,1.050375,38.714286,-0.344237,0.825068,-0.4,0.825068,1.225068,392,271,299,245,4.0.0,team-net-loo-v1,fringe-posterior-calibrated-v1,4.0.0
Marcus Bagley,1630542,1610612755,UNKNOWN,unavailable,creator,0.749,finisher,-1.1374,-0.351,0.842,0,5.835417,-2.048231,1066,-1.488615,-0.559616,38.714286,-0.563982,-0.154091,-0.4,-0.154091,0.245909,393,386,322,371,4.0.0,team-net-loo-v1,fringe-posterior-calibrated-v1,4.0.0
Markelle Fultz,1628365,1610612758,UNKNOWN,unavailable,finisher,0.6855,defender,-1.6048,0.0555,0.793,0,5.835417,0.323866,766,-1.488615,1.81248,38.714286,0.06408,0.358617,-0.41,0.358617,0.768617,394,211,216,272,4.0.0,team-net-loo-v1,fringe-posterior-calibrated-v1,4.0.0
JT Thor,1630550,1610612739,UNKNOWN,unavailable,finisher,0.6245,creator,-1.2399,-0.5414,0.8329,0,5.835417,-3.159295,997,-1.488615,-1.67068,38.714286,-0.813606,-0.430246,-0.41,-0.430246,-0.020246,395,435,350,402,4.0.0,team-net-loo-v1,fringe-posterior-calibrated-v1,4.0.0
Chris Livingston,1641753,1610612749,UNKNOWN,unavailable,defender,0.5031,creator,-3.058,-0.3288,0.6711,0,5.835417,-1.918685,408,-1.488615,-0.43007,38.714286,-0.202205,-0.045324,-0.42,-0.045324,0.374676,396,375,288,353,4.0.0,team-net-loo-v1,fringe-posterior-calibrated-v1,4.0.0
Jaden Ivey,1631093,1610612765,UNKNOWN,unavailable,finisher,0.7974,creator,-0.3498,-0.5391,0.9475,0,5.835417,-3.145873,3610,-1.488615,-1.657258,38.714286,-2.93344,-1.545348,-0.42,-1.545348,-1.125348,397,433,452,464,4.0.0,team-net-loo-v1,fringe-posterior-calibrated-v1,4.0.0
Spencer Jones,1642461,1610612743,UNKNOWN,unavailable,defender,0.6761,creator,-2.4546,-1.0012,0.7203,0,5.835417,-5.842419,515,-1.488615,-4.353804,38.714286,-0.777193,-0.579168,-0.42,-0.579168,-0.159168,398,509,346,414,4.0.0,team-net-loo-v1,fringe-posterior-calibrated-v1,4.0.0
Joel Embiid,203954,1610612755,UNKNOWN,unavailable,finisher,0.6094,creator,-0.5517,-0.5246,0.9219,0,5.835417,-3.06126,2361,-1.488615,-1.572645,38.714286,-1.866916,-0.959081,-0.43,-0.959081,-0.529081,399,429,412,439,4.0.0,team-net-loo-v1,fringe-posterior-calibrated-v1,4.0.0
Oshae Brissett,1629052,1610612755,UNKNOWN,unavailable,finisher,0.6374,creator,-2.3374,-0.5978,0.7365,0,5.835417,-3.488412,559,-1.488615,-1.999797,38.714286,-0.503696,-0.288753,-0.44,-0.288753,0.151247,400,447,316,390,4.0.0,team-net-loo-v1,fringe-posterior-calibrated-v1,4.0.0
CJ McCollum,203468,1610612740,UNKNOWN,unavailable,finisher,0.8219,creator,-0.1717,-0.2924,0.9745,0,5.835417,-1.706276,7655,-1.488615,-0.217661,38.714286,-3.37383,-0.430383,-0.44,-0.430383,0.009617,401,361,468,403,4.0.0,team-net-loo-v1,fringe-posterior-calibrated-v1,4.0.0
Baylor Scheierman,1631248,1610612738,UNKNOWN,unavailable,finisher,0.7597,creator,-0.8962,-1.1892,0.8809,0,5.835417,-6.939477,1479,-1.488615,-5.450863,38.714286,-2.651085,-2.08239,-0.44,-2.08239,-1.64239,402,528,445,476,4.0.0,team-net-loo-v1,fringe-posterior-calibrated-v1,4.0.0
Tyson Etienne,1630623,1610612751,UNKNOWN,unavailable,creator,0.497,finisher,-2.0771,-0.5492,0.7625,0,5.835417,-3.204811,642,-1.488615,-1.716196,38.714286,-0.531455,-0.284597,-0.44,-0.284597,0.155403,403,438,319,388,4.0.0,team-net-loo-v1,fringe-posterior-calibrated-v1,4.0.0
Taj Gibson,201959,1610612766,UNKNOWN,unavailable,finisher,0.7813,creator,-0.8095,-0.5351,0.8918,0,5.835417,-3.122531,1649,-1.488615,-1.633917,38.714286,-1.330014,-0.695952,-0.45,-0.695952,-0.245952,404,432,385,423,4.0.0,team-net-loo-v1,fringe-posterior-calibrated-v1,4.0.0
Kelly Olynyk,203482,1610612761,UNKNOWN,unavailable,finisher,0.6541,creator,-0.364,-0.3604,0.9484,0,5.835417,-2.103084,3675,-1.488615,-0.614469,38.714286,-1.996378,-0.583292,-0.45,-0.583292,-0.133292,405,392,420,415,4.0.0,team-net-loo-v1,fringe-posterior-calibrated-v1,4.0.0
Pat Spencer,1630311,1610612744,UNKNOWN,unavailable,finisher,0.5579,defender,-1.2921,-0.6371,0.8383,0,5.835417,-3.717744,1037,-1.488615,-2.229129,38.714286,-0.995834,-0.597094,-0.45,-0.597094,-0.147094,406,459,360,418,4.0.0,team-net-loo-v1,fringe-posterior-calibrated-v1,4.0.0
Josh Christopher,1630528,1610612748,UNKNOWN,unavailable,defender,0.5623,creator,-4.454,-1.2497,0.6008,0,5.835417,-7.29252,301,-1.488615,-5.803905,38.714286,-0.566987,-0.451248,-0.45,-0.451248,-0.001248,407,532,323,405,4.0.0,team-net-loo-v1,fringe-posterior-calibrated-v1,4.0.0
Ayo Dosunmu,1630245,1610612741,UNKNOWN,unavailable,finisher,0.8325,creator,-0.2245,-0.3387,0.9677,0,5.835417,-1.976456,5993,-1.488615,-0.487841,38.714286,-3.059568,-0.755181,-0.45,-0.755181,-0.305181,408,382,458,425,4.0.0,team-net-loo-v1,fringe-posterior-calibrated-v1,4.0.0
Isaiah Stewart,1630191,1610612765,UNKNOWN,unavailable,finisher,0.82,creator,-0.2237,-0.2517,0.9681,0,5.835417,-1.468774,6066,-1.488615,0.01984,38.714286,-2.301369,0.031087,-0.45,0.031087,0.481087,409,341,436,330,4.0.0,team-net-loo-v1,fringe-posterior-calibrated-v1,4.0.0
Naji Marshall,1630230,1610612742,UNKNOWN,unavailable,finisher,0.7767,creator,-0.1715,-0.2146,0.9755,0,5.835417,-1.25228,7960,-1.488615,0.236334,38.714286,-2.574799,0.485924,-0.46,0.485924,0.945924,410,325,440,262,4.0.0,team-net-loo-v1,fringe-posterior-calibrated-v1,4.0.0
Kobe Brown,1641738,1610612746,UNKNOWN,unavailable,finisher,0.8625,creator,-1.2887,-0.0589,0.842,0,5.835417,-0.343706,1066,-1.488615,1.144909,38.714286,-0.09464,0.315251,-0.46,0.315251,0.775251,411,260,268,275,4.0.0,team-net-loo-v1,fringe-posterior-calibrated-v1,4.0.0
Gradey Dick,1641711,1610612761,UNKNOWN,unavailable,finisher,0.6946,creator,-0.209,-0.0874,0.9707,0,5.835417,-0.510015,6624,-1.488615,0.978599,38.714286,-0.872634,1.67438,-0.46,1.67438,2.13438,412,278,355,193,4.0.0,team-net-loo-v1,fringe-posterior-calibrated-v1,4.0.0
Cam Reddish,1629629,1610612747,UNKNOWN,unavailable,creator,0.5349,finisher,-0.554,-0.491,0.9264,0,5.835417,-2.86519,2518,-1.488615,-1.376575,38.714286,-1.863536,-0.895332,-0.46,-0.895332,-0.435332,413,422,410,434,4.0.0,team-net-loo-v1,fringe-posterior-calibrated-v1,4.0.0
Bennedict Mathurin,1631097,1610612754,UNKNOWN,unavailable,finisher,0.74,creator,-0.1618,-0.2738,0.9778,0,5.835417,-1.597737,8810,-1.488615,-0.109122,38.714286,-3.635884,-0.248324,-0.48,-0.248324,0.231676,414,349,476,386,4.0.0,team-net-loo-v1,fringe-posterior-calibrated-v1,4.0.0
Delon Wright,1626153,1610612749,UNKNOWN,unavailable,defender,0.545,creator,-0.5615,-0.1948,0.9278,0,5.835417,-1.136739,2571,-1.488615,0.351876,38.714286,-0.754904,0.233679,-0.48,0.233679,0.713679,415,314,340,288,4.0.0,team-net-loo-v1,fringe-posterior-calibrated-v1,4.0.0
Marcus Smart,203935,1610612763,UNKNOWN,unavailable,finisher,0.5117,creator,-0.4729,-0.6388,0.9394,0,5.835417,-3.727664,3098,-1.488615,-2.239049,38.714286,-2.982957,-1.791735,-0.49,-1.791735,-1.301735,416,460,453,471,4.0.0,team-net-loo-v1,fringe-posterior-calibrated-v1,4.0.0
Josh Richardson,1626196,1610612748,UNKNOWN,unavailable,finisher,0.4931,creator,-2.5648,-1.1167,0.7429,0,5.835417,-6.51641,578,-1.488615,-5.027795,38.714286,-0.972893,-0.750644,-0.49,-0.750644,-0.260644,417,523,359,424,4.0.0,team-net-loo-v1,fringe-posterior-calibrated-v1,4.0.0
Nic Claxton,1629651,1610612751,UNKNOWN,unavailable,finisher,0.7756,creator,-0.1947,-0.3313,0.9744,0,5.835417,-1.933274,7622,-1.488615,-0.444659,38.714286,-3.806195,-0.875436,-0.49,-0.875436,-0.385436,418,376,479,432,4.0.0,team-net-loo-v1,fringe-posterior-calibrated-v1,4.0.0
Noah Clowney,1641730,1610612751,UNKNOWN,unavailable,finisher,0.6831,creator,-0.3566,0,0.9547,0,5.835417,0,4216,-1.488615,1.488615,38.714286,0,1.621107,-0.5,1.621107,2.121107,419,239,239,198,4.0.0,team-net-loo-v1,fringe-posterior-calibrated-v1,4.0.0
Pacôme Dadiet,1642359,1610612752,UNKNOWN,unavailable,creator,0.4951,finisher,-3.3727,-0.6988,0.6918,0,5.835417,-4.077789,449,-1.488615,-2.589174,38.714286,-0.472933,-0.300287,-0.5,-0.300287,0.199713,420,466,310,392,4.0.0,team-net-loo-v1,fringe-posterior-calibrated-v1,4.0.0
Brandon Ingram,1627742,1610612740,UNKNOWN,unavailable,finisher,0.8618,creator,-0.6305,-1.0283,0.9244,0,5.835417,-6.000559,2446,-1.488615,-4.511944,38.714286,-3.791202,-2.850683,-0.51,-2.850683,-2.340683,421,514,478,492,4.0.0,team-net-loo-v1,fringe-posterior-calibrated-v1,4.0.0
Jarred Vanderbilt,1629020,1610612747,UNKNOWN,unavailable,finisher,0.5595,creator,-0.66,-0.3226,0.9217,0,5.835417,-1.882505,2355,-1.488615,-0.393891,38.714286,-1.145133,-0.239605,-0.52,-0.239605,0.280395,422,370,371,384,4.0.0,team-net-loo-v1,fringe-posterior-calibrated-v1,4.0.0
Reggie Jackson,202704,1610612755,UNKNOWN,unavailable,finisher,0.6742,creator,-0.9989,-0.3235,0.8866,0,5.835417,-1.887757,1564,-1.488615,-0.399142,38.714286,-0.762626,-0.161248,-0.52,-0.161248,0.358752,423,372,342,373,4.0.0,team-net-loo-v1,fringe-posterior-calibrated-v1,4.0.0
Oso Ighodaro,1642345,1610612756,UNKNOWN,unavailable,finisher,0.817,creator,-0.374,-0.3342,0.9548,0,5.835417,-1.950196,4222,-1.488615,-0.461581,38.714286,-2.126793,-0.503379,-0.53,-0.503379,0.026621,424,378,429,410,4.0.0,team-net-loo-v1,fringe-posterior-calibrated-v1,4.0.0
JD Davison,1631120,1610612738,UNKNOWN,unavailable,finisher,0.4767,creator,-4.7024,-1.5032,0.6289,0,5.835417,-8.771798,339,-1.488615,-7.283183,38.714286,-0.768099,-0.637749,-0.53,-0.637749,-0.107749,425,544,344,421,4.0.0,team-net-loo-v1,fringe-posterior-calibrated-v1,4.0.0
Ronald Holland II,1641842,1610612765,UNKNOWN,unavailable,finisher,0.7946,creator,-0.3028,-0.3277,0.9639,0,5.835417,-1.912266,5334,-1.488615,-0.423651,38.714286,-2.634693,-0.583701,-0.54,-0.583701,-0.043701,426,374,443,416,4.0.0,team-net-loo-v1,fringe-posterior-calibrated-v1,4.0.0
Hunter Tyson,1641816,1610612743,UNKNOWN,unavailable,finisher,0.8349,creator,-1.019,-1.3763,0.888,0,5.835417,-8.031284,1585,-1.488615,-6.542669,38.714286,-3.288085,-2.678632,-0.54,-2.678632,-2.138632,427,541,464,489,4.0.0,team-net-loo-v1,fringe-posterior-calibrated-v1,4.0.0
Joe Ingles,204060,1610612750,UNKNOWN,unavailable,creator,0.6049,connector,-3.4862,-0.7777,0.7006,0,5.835417,-4.538203,468,-1.488615,-3.049589,38.714286,-0.548603,-0.368651,-0.54,-0.368651,0.171349,428,481,321,397,4.0.0,team-net-loo-v1,fringe-posterior-calibrated-v1,4.0.0
DeAndre Jordan,201599,1610612743,UNKNOWN,unavailable,finisher,0.8355,creator,-0.5799,-0.4671,0.9342,0,5.835417,-2.725723,2840,-1.488615,-1.237108,38.714286,-1.999534,-0.907517,-0.55,-0.907517,-0.357517,429,417,421,436,4.0.0,team-net-loo-v1,fringe-posterior-calibrated-v1,4.0.0
Jalen Suggs,1630591,1610612753,UNKNOWN,unavailable,finisher,0.589,creator,-0.4138,0.0557,0.953,0,5.835417,0.325033,4056,-1.488615,1.813647,38.714286,0.340529,1.900114,-0.56,1.900114,2.460114,430,210,190,183,4.0.0,team-net-loo-v1,fringe-posterior-calibrated-v1,4.0.0
Pat Connaughton,1626192,1610612749,UNKNOWN,unavailable,finisher,0.8196,creator,-0.719,-0.7027,0.9246,0,5.835417,-4.100547,2454,-1.488615,-2.611932,38.714286,-2.599232,-1.655637,-0.59,-1.655637,-1.065637,431,468,442,468,4.0.0,team-net-loo-v1,fringe-posterior-calibrated-v1,4.0.0
Jaylen Brown,1627759,1610612738,UNKNOWN,unavailable,finisher,0.8112,creator,-0.2029,-0.1956,0.9778,0,5.835417,-1.141407,8799,-1.488615,0.347207,38.714286,-2.594196,0.789134,-0.6,0.789134,1.389134,432,315,441,247,4.0.0,team-net-loo-v1,fringe-posterior-calibrated-v1,4.0.0
Mo Bamba,1628964,1610612746,UNKNOWN,unavailable,finisher,0.7771,creator,-1.1025,-0.5706,0.8916,0,5.835417,-3.329689,1645,-1.488615,-1.841074,38.714286,-1.414811,-0.782287,-0.6,-0.782287,-0.182287,433,442,392,427,4.0.0,team-net-loo-v1,fringe-posterior-calibrated-v1,4.0.0
Tyrese Martin,1631213,1610612751,UNKNOWN,unavailable,finisher,0.805,creator,-0.3429,-0.3565,0.9636,0,5.835417,-2.080326,5298,-1.488615,-0.591711,38.714286,-2.846899,-0.809749,-0.61,-0.809749,-0.199749,434,388,451,428,4.0.0,team-net-loo-v1,fringe-posterior-calibrated-v1,4.0.0
Ryan Dunn,1642346,1610612756,UNKNOWN,unavailable,finisher,0.8059,creator,-0.3262,-0.3091,0.9658,0,5.835417,-1.803727,5655,-1.488615,-0.315112,38.714286,-2.634706,-0.460285,-0.61,-0.460285,0.149715,435,366,444,406,4.0.0,team-net-loo-v1,fringe-posterior-calibrated-v1,4.0.0
Max Christie,1631108,1610612747,UNKNOWN,unavailable,finisher,0.78,creator,-0.2143,0.1955,0.9776,0,5.835417,1.140824,8740,-1.488615,2.629439,38.714286,2.575484,5.936128,-0.62,5.936128,6.556128,436,162,99,77,4.0.0,team-net-loo-v1,fringe-posterior-calibrated-v1,4.0.0
Dario Šarić,203967,1610612743,UNKNOWN,unavailable,creator,0.4481,finisher,-2.2623,-1.2721,0.8102,0,5.835417,-7.423233,854,-1.488615,-5.934619,38.714286,-1.637494,-1.30912,-0.64,-1.30912,-0.66912,437,533,401,453,4.0.0,team-net-loo-v1,fringe-posterior-calibrated-v1,4.0.0
Devin Booker,1626164,1610612756,UNKNOWN,unavailable,finisher,0.7544,creator,-0.1727,-0.0295,0.9828,0,5.835417,-0.172145,11430,-1.488615,1.31647,38.714286,-0.50824,3.886744,-0.66,3.886744,4.546744,438,248,317,128,4.0.0,team-net-loo-v1,fringe-posterior-calibrated-v1,4.0.0
Bronny James,1642355,1610612747,UNKNOWN,unavailable,finisher,0.4497,defender,-2.7841,-1.3292,0.7819,0,5.835417,-7.756436,717,-1.488615,-6.267821,38.714286,-1.436515,-1.160819,-0.67,-1.160819,-0.490819,439,539,393,445,4.0.0,team-net-loo-v1,fringe-posterior-calibrated-v1,4.0.0
Trey Alexander,1641725,1610612743,UNKNOWN,unavailable,creator,0.8683,defender,-4.1035,-1.0704,0.7089,0,5.835417,-6.24623,487,-1.488615,-4.757615,38.714286,-0.785734,-0.598476,-0.67,-0.598476,0.071524,440,518,348,419,4.0.0,team-net-loo-v1,fringe-posterior-calibrated-v1,4.0.0
Markieff Morris,202693,1610612742,UNKNOWN,unavailable,creator,0.7491,connector,-3.1584,-1.7636,0.7602,0,5.835417,-10.291341,634,-1.488615,-8.802726,38.714286,-1.685349,-1.441568,-0.67,-1.441568,-0.771568,441,553,403,458,4.0.0,team-net-loo-v1,fringe-posterior-calibrated-v1,4.0.0
Deandre Ayton,1629028,1610612757,UNKNOWN,unavailable,finisher,0.8883,creator,-0.4043,-0.9878,0.9612,0,5.835417,-5.764225,4954,-1.488615,-4.27561,38.714286,-7.37608,-5.471203,-0.67,-5.471203,-4.801203,442,508,518,522,4.0.0,team-net-loo-v1,fringe-posterior-calibrated-v1,4.0.0
Olivier-Maxence Prosper,1641765,1610612742,UNKNOWN,unavailable,creator,0.8599,defender,-0.8474,-0.581,0.9222,0,5.835417,-3.390377,2370,-1.488615,-1.901762,38.714286,-2.075511,-1.164215,-0.67,-1.164215,-0.494215,443,444,424,446,4.0.0,team-net-loo-v1,fringe-posterior-calibrated-v1,4.0.0
Drew Eubanks,1629234,1610612762,UNKNOWN,unavailable,finisher,0.7872,creator,-0.6742,-0.3004,0.9389,0,5.835417,-1.752959,3072,-1.488615,-0.264344,38.714286,-1.390983,-0.209759,-0.69,-0.209759,0.480241,444,363,390,380,4.0.0,team-net-loo-v1,fringe-posterior-calibrated-v1,4.0.0
Georges Niang,1627777,1610612739,UNKNOWN,unavailable,finisher,0.9076,creator,-0.2891,0.1654,0.9729,0,5.835417,0.965178,7167,-1.488615,2.453793,38.714286,1.78679,4.542595,-0.69,4.542595,5.232595,445,169,123,107,4.0.0,team-net-loo-v1,fringe-posterior-calibrated-v1,4.0.0
Craig Porter Jr.,1641854,1610612739,UNKNOWN,unavailable,finisher,0.8827,creator,-1.0023,-0.7294,0.9118,0,5.835417,-4.256353,2067,-1.488615,-2.767738,38.714286,-2.272515,-1.477727,-0.69,-1.477727,-0.787727,446,473,434,461,4.0.0,team-net-loo-v1,fringe-posterior-calibrated-v1,4.0.0
Blake Wesley,1631104,1610612759,UNKNOWN,unavailable,finisher,0.3547,defender,-0.7801,-0.484,0.9307,0,5.835417,-2.824342,2687,-1.488615,-1.335727,38.714286,-1.96026,-0.927073,-0.7,-0.927073,-0.227073,447,420,419,438,4.0.0,team-net-loo-v1,fringe-posterior-calibrated-v1,4.0.0
Steven Adams,203500,1610612745,UNKNOWN,unavailable,finisher,0.6088,creator,-0.6527,-0.3014,0.9419,0,5.835417,-1.758795,3240,-1.488615,-0.27018,38.714286,-1.471936,-0.226114,-0.7,-0.226114,0.473886,448,364,394,382,4.0.0,team-net-loo-v1,fringe-posterior-calibrated-v1,4.0.0
Jordan Miller,1641757,1610612746,UNKNOWN,unavailable,finisher,0.518,creator,-1.2773,-0.304,0.894,0,5.835417,-1.773967,1687,-1.488615,-0.285352,38.714286,-0.773017,-0.124344,-0.72,-0.124344,0.595656,449,365,345,368,4.0.0,team-net-loo-v1,fringe-posterior-calibrated-v1,4.0.0
Trey Jemison,1641998,1610612740,UNKNOWN,unavailable,finisher,0.7723,creator,-1.4129,-0.8932,0.8844,0,5.835417,-5.212194,1530,-1.488615,-3.723579,38.714286,-2.059875,-1.47157,-0.72,-1.47157,-0.75157,450,495,423,460,4.0.0,team-net-loo-v1,fringe-posterior-calibrated-v1,4.0.0
Wendell Carter Jr.,1628976,1610612753,UNKNOWN,unavailable,finisher,0.622,creator,-0.3043,-0.2626,0.9727,0,5.835417,-1.53238,7120,-1.488615,-0.043766,38.714286,-2.818223,-0.08049,-0.72,-0.08049,0.63951,451,347,449,360,4.0.0,team-net-loo-v1,fringe-posterior-calibrated-v1,4.0.0
Luke Travers,1631247,1610612739,UNKNOWN,unavailable,creator,0.9399,connector,-6.2775,-1.2814,0.6344,0,5.835417,-7.477503,347,-1.488615,-5.988888,38.714286,-0.670216,-0.53679,-0.73,-0.53679,0.19321,452,536,332,412,4.0.0,team-net-loo-v1,fringe-posterior-calibrated-v1,4.0.0
Simone Fontecchio,1631323,1610612765,UNKNOWN,unavailable,finisher,0.6826,creator,-0.4147,-0.6939,0.9638,0,5.835417,-4.049196,5324,-1.488615,-2.560581,38.714286,-5.568466,-3.521318,-0.74,-3.521318,-2.781318,453,464,501,501,4.0.0,team-net-loo-v1,fringe-posterior-calibrated-v1,4.0.0
Kessler Edwards,1630556,1610612742,UNKNOWN,unavailable,finisher,0.8504,creator,-0.8792,-0.9363,0.927,0,5.835417,-5.463701,2540,-1.488615,-3.975086,38.714286,-3.584671,-2.608008,-0.74,-2.608008,-1.868008,454,498,473,487,4.0.0,team-net-loo-v1,fringe-posterior-calibrated-v1,4.0.0
Guerschon Yabusele,1627824,1610612755,UNKNOWN,unavailable,finisher,0.776,creator,-0.2967,-0.2436,0.9743,0,5.835417,-1.421507,7585,-1.488615,0.067107,38.714286,-2.785053,0.131478,-0.75,0.131478,0.881478,455,338,448,302,4.0.0,team-net-loo-v1,fringe-posterior-calibrated-v1,4.0.0
Bruce Brown,1628971,1610612761,UNKNOWN,unavailable,finisher,0.7468,creator,-0.5941,-0.209,0.95,0,5.835417,-1.219602,3799,-1.488615,0.269013,38.714286,-1.196785,0.26398,-0.75,0.26398,1.01398,456,321,378,284,4.0.0,team-net-loo-v1,fringe-posterior-calibrated-v1,4.0.0
Isaiah Hartenstein,1628392,1610612760,UNKNOWN,unavailable,finisher,0.8358,creator,-0.3514,-0.5432,0.9701,0,5.835417,-3.169798,6484,-1.488615,-1.681184,38.714286,-5.308886,-2.815703,-0.76,-2.815703,-2.055703,457,437,497,491,4.0.0,team-net-loo-v1,fringe-posterior-calibrated-v1,4.0.0
DaQuan Jeffries,1629610,1610612766,UNKNOWN,unavailable,finisher,0.8013,creator,-0.5328,-0.2867,0.9557,0,5.835417,-1.673014,4315,-1.488615,-0.184399,38.714286,-1.864701,-0.205527,-0.77,-0.205527,0.564473,458,358,411,379,4.0.0,team-net-loo-v1,fringe-posterior-calibrated-v1,4.0.0
Bogdan Bogdanović,203992,1610612737,UNKNOWN,unavailable,finisher,0.8435,creator,-0.4342,-0.7524,0.9647,0,5.835417,-4.390567,5461,-1.488615,-2.901953,38.714286,-6.193292,-4.093467,-0.79,-4.093467,-3.303467,459,476,509,507,4.0.0,team-net-loo-v1,fringe-posterior-calibrated-v1,4.0.0
Andre Drummond,203083,1610612755,UNKNOWN,unavailable,creator,0.5403,finisher,-0.7796,-0.2815,0.9385,0,5.835417,-1.64267,3050,-1.488615,-0.154055,38.714286,-1.294133,-0.121368,-0.79,-0.121368,0.668632,460,354,383,367,4.0.0,team-net-loo-v1,fringe-posterior-calibrated-v1,4.0.0
Justin Edwards,1642348,1610612755,UNKNOWN,unavailable,finisher,0.8407,creator,-0.5224,-0.1821,0.9586,0,5.835417,-1.062629,4636,-1.488615,0.425985,38.714286,-1.272489,0.510114,-0.81,0.510114,1.320114,461,310,380,259,4.0.0,team-net-loo-v1,fringe-posterior-calibrated-v1,4.0.0
Ariel Hukporti,1630574,1610612752,UNKNOWN,unavailable,finisher,0.7992,creator,-2.8002,-1.2776,0.8138,0,5.835417,-7.455328,874,-1.488615,-5.966713,38.714286,-1.683088,-1.347024,-0.82,-1.347024,-0.527024,462,534,402,456,4.0.0,team-net-loo-v1,fringe-posterior-calibrated-v1,4.0.0
Zaccharie Risacher,1642258,1610612737,UNKNOWN,unavailable,finisher,0.8171,creator,-0.3183,-0.1755,0.9752,0,5.835417,-1.024116,7854,-1.488615,0.464499,38.714286,-2.077632,0.942333,-0.83,0.942333,1.772333,463,309,425,234,4.0.0,team-net-loo-v1,fringe-posterior-calibrated-v1,4.0.0
Gabe Vincent,1629216,1610612747,UNKNOWN,unavailable,finisher,0.843,creator,-0.407,-0.5716,0.9688,0,5.835417,-3.335524,6205,-1.488615,-1.846909,38.714286,-5.34607,-2.960166,-0.84,-2.960166,-2.120166,464,443,498,496,4.0.0,team-net-loo-v1,fringe-posterior-calibrated-v1,4.0.0
Peyton Watson,1631212,1610612743,UNKNOWN,unavailable,finisher,0.7806,creator,-0.366,-0.282,0.9725,0,5.835417,-1.645587,7060,-1.488615,-0.156973,38.714286,-3.00092,-0.286258,-0.86,-0.286258,0.573742,465,355,455,389,4.0.0,team-net-loo-v1,fringe-posterior-calibrated-v1,4.0.0
Jalen Wilson,1630592,1610612751,UNKNOWN,unavailable,finisher,0.7431,creator,-0.3238,-0.2537,0.9758,0,5.835417,-1.480445,8064,-1.488615,0.00817,38.714286,-3.083696,0.017017,-0.87,0.017017,0.887017,466,342,461,337,4.0.0,team-net-loo-v1,fringe-posterior-calibrated-v1,4.0.0
Tyler Kolek,1642278,1610612752,UNKNOWN,unavailable,creator,0.4733,finisher,-2.2729,-0.4701,0.8548,0,5.835417,-2.743229,1177,-1.488615,-1.254615,38.714286,-0.834002,-0.381431,-0.89,-0.381431,0.508569,467,418,352,398,4.0.0,team-net-loo-v1,fringe-posterior-calibrated-v1,4.0.0
Bismack Biyombo,202687,1610612759,UNKNOWN,unavailable,finisher,0.7495,creator,-1.2326,-0.0733,0.9156,0,5.835417,-0.427736,2171,-1.488615,1.060879,38.714286,-0.239864,0.594914,-0.89,0.594914,1.484914,468,267,290,256,4.0.0,team-net-loo-v1,fringe-posterior-calibrated-v1,4.0.0
Mason Plumlee,203486,1610612756,UNKNOWN,unavailable,finisher,0.6851,creator,-0.5133,-0.6357,0.9632,0,5.835417,-3.709574,5231,-1.488615,-2.22096,38.714286,-5.012306,-3.000918,-0.9,-3.000918,-2.100918,469,457,494,498,4.0.0,team-net-loo-v1,fringe-posterior-calibrated-v1,4.0.0
Jalen Pickett,1629618,1610612743,UNKNOWN,unavailable,finisher,0.8999,creator,-1.0279,-0.8285,0.9309,0,5.835417,-4.834643,2695,-1.488615,-3.346028,38.714286,-3.365518,-2.329255,-0.92,-2.329255,-1.409255,470,489,467,481,4.0.0,team-net-loo-v1,fringe-posterior-calibrated-v1,4.0.0
Jaime Jaquez Jr.,1631170,1610612748,UNKNOWN,unavailable,finisher,0.7342,creator,-0.5346,-0.2603,0.9642,0,5.835417,-1.518959,5390,-1.488615,-0.030344,38.714286,-2.114772,-0.042247,-0.96,-0.042247,0.917753,471,345,427,352,4.0.0,team-net-loo-v1,fringe-posterior-calibrated-v1,4.0.0
Damion Baugh,1641878,1610612766,UNKNOWN,unavailable,finisher,0.6374,creator,-1.9103,-0.168,0.8844,0,5.835417,-0.98035,1530,-1.488615,0.508265,38.714286,-0.387437,0.200868,-0.97,0.200868,1.170868,472,305,302,289,4.0.0,team-net-loo-v1,fringe-posterior-calibrated-v1,4.0.0
James Harden,201935,1610612746,UNKNOWN,unavailable,finisher,0.5913,creator,-0.2599,-0.9829,0.9829,0,5.835417,-5.735631,11469,-1.488615,-4.247016,38.714286,-16.991648,-12.581668,-0.99,-12.581668,-11.591668,473,507,552,549,4.0.0,team-net-loo-v1,fringe-posterior-calibrated-v1,4.0.0
Jalen Hood-Schifino,1641720,1610612747,UNKNOWN,unavailable,finisher,0.6201,creator,-2.452,0.0862,0.8618,0,5.835417,0.503013,1247,-1.488615,1.991628,38.714286,0.162022,0.64151,-1.02,0.64151,1.66151,474,198,204,254,4.0.0,team-net-loo-v1,fringe-posterior-calibrated-v1,4.0.0
Paul George,202331,1610612755,UNKNOWN,unavailable,finisher,0.7541,creator,-0.5671,-0.5593,0.9643,0,5.835417,-3.263749,5404,-1.488615,-1.775134,38.714286,-4.555759,-2.477851,-1.02,-2.477851,-1.457851,475,440,489,482,4.0.0,team-net-loo-v1,fringe-posterior-calibrated-v1,4.0.0
Alperen Sengun,1630578,1610612745,UNKNOWN,unavailable,finisher,0.7296,creator,-0.3228,-0.2351,0.9796,0,5.835417,-1.371906,9596,-1.488615,0.116708,38.714286,-3.400506,0.289282,-1.03,0.289282,1.319282,476,332,470,281,4.0.0,team-net-loo-v1,fringe-posterior-calibrated-v1,4.0.0
Trey Lyles,1626168,1610612758,UNKNOWN,unavailable,finisher,0.7452,creator,-0.5694,-0.4631,0.9648,0,5.835417,-2.702381,5483,-1.488615,-1.213767,38.714286,-3.82731,-1.719025,-1.04,-1.719025,-0.679025,477,415,480,469,4.0.0,team-net-loo-v1,fringe-posterior-calibrated-v1,4.0.0
LeBron James,2544,1610612747,UNKNOWN,unavailable,finisher,0.8415,creator,-0.3127,-0.5981,0.9805,0,5.835417,-3.490163,10062,-1.488615,-2.001548,38.714286,-9.071074,-5.202104,-1.05,-5.202104,-4.152104,478,448,532,519,4.0.0,team-net-loo-v1,fringe-posterior-calibrated-v1,4.0.0
T.J. McConnell,204456,1610612754,UNKNOWN,unavailable,finisher,0.8376,creator,-0.5354,-0.4062,0.9672,0,5.835417,-2.370346,5905,-1.488615,-0.881731,38.714286,-3.615434,-1.344884,-1.05,-1.344884,-0.294884,479,403,474,455,4.0.0,team-net-loo-v1,fringe-posterior-calibrated-v1,4.0.0
Svi Mykhailiuk,1629004,1610612762,UNKNOWN,unavailable,finisher,0.8244,creator,-1.0071,-0.7145,0.9401,0,5.835417,-4.169405,3140,-1.488615,-2.68079,38.714286,-3.38168,-2.174309,-1.05,-2.174309,-1.124309,480,472,469,477,4.0.0,team-net-loo-v1,fringe-posterior-calibrated-v1,4.0.0
Adam Flagler,1641745,1610612760,UNKNOWN,unavailable,defender,0.7995,creator,-3.9412,-1.2425,0.8016,0,5.835417,-7.250505,808,-1.488615,-5.76189,38.714286,-1.513242,-1.202555,-1.06,-1.202555,-0.142555,481,530,396,448,4.0.0,team-net-loo-v1,fringe-posterior-calibrated-v1,4.0.0
Precious Achiuwa,1630173,1610612752,UNKNOWN,unavailable,finisher,0.813,creator,-0.6554,-0.3747,0.9607,0,5.835417,-2.186531,4884,-1.488615,-0.697916,38.714286,-2.758417,-0.880456,-1.07,-0.880456,0.189544,482,398,446,433,4.0.0,team-net-loo-v1,fringe-posterior-calibrated-v1,4.0.0
Jericho Sims,1630579,1610612752,UNKNOWN,unavailable,finisher,0.8884,creator,-1.2916,-0.8612,0.926,0,5.835417,-5.025461,2502,-1.488615,-3.536846,38.714286,-3.24782,-2.285768,-1.08,-2.285768,-1.205768,483,493,463,479,4.0.0,team-net-loo-v1,fringe-posterior-calibrated-v1,4.0.0
RJ Barrett,1629628,1610612761,UNKNOWN,unavailable,finisher,0.7129,creator,-0.4224,-0.2632,0.9748,0,5.835417,-1.535882,7729,-1.488615,-0.047267,38.714286,-3.066266,-0.094365,-1.09,-0.094365,0.995635,484,348,459,363,4.0.0,team-net-loo-v1,fringe-posterior-calibrated-v1,4.0.0
Reed Sheppard,1642263,1610612745,UNKNOWN,unavailable,finisher,0.733,creator,-1.1665,-1.5128,0.9338,0,5.835417,-8.827818,2822,-1.488615,-7.339203,38.714286,-6.434861,-5.349765,-1.1,-5.349765,-4.249765,485,545,513,520,4.0.0,team-net-loo-v1,fringe-posterior-calibrated-v1,4.0.0
Tristan da Silva,1641783,1610612753,UNKNOWN,unavailable,finisher,0.8314,creator,-0.5164,-0.3104,0.9701,0,5.835417,-1.811313,6500,-1.488615,-0.322699,38.714286,-3.041135,-0.5418,-1.12,-0.5418,0.5782,486,367,457,413,4.0.0,team-net-loo-v1,fringe-posterior-calibrated-v1,4.0.0
Jaylon Tyson,1642281,1610612739,UNKNOWN,unavailable,finisher,0.7962,creator,-1.8303,-0.7033,0.9017,0,5.835417,-4.104049,1834,-1.488615,-2.615434,38.714286,-1.944198,-1.239001,-1.12,-1.239001,-0.119001,487,469,417,451,4.0.0,team-net-loo-v1,fringe-posterior-calibrated-v1,4.0.0
Alex Len,203458,1610612758,UNKNOWN,unavailable,finisher,0.4945,creator,-2.2365,-0.6976,0.883,0,5.835417,-4.070787,1510,-1.488615,-2.582172,38.714286,-1.587757,-1.007142,-1.13,-1.007142,0.122858,488,465,400,440,4.0.0,team-net-loo-v1,fringe-posterior-calibrated-v1,4.0.0
Jeremiah Robinson-Earl,1630526,1610612740,UNKNOWN,unavailable,finisher,0.7549,creator,-0.6701,-0.2406,0.9625,0,5.835417,-1.404001,5128,-1.488615,0.084614,38.714286,-1.859706,0.112077,-1.15,0.112077,1.262077,489,334,409,309,4.0.0,team-net-loo-v1,fringe-posterior-calibrated-v1,4.0.0
Cole Anthony,1630175,1610612753,UNKNOWN,unavailable,finisher,0.7458,creator,-0.7029,-0.7593,0.9612,0,5.835417,-4.430832,4952,-1.488615,-2.942217,38.714286,-5.667541,-3.763432,-1.16,-3.763432,-2.603432,490,478,504,505,4.0.0,team-net-loo-v1,fringe-posterior-calibrated-v1,4.0.0
Jett Howard,1641724,1610612753,UNKNOWN,unavailable,finisher,0.7547,creator,-1.2025,-0.0655,0.9357,0,5.835417,-0.38222,2912,-1.488615,1.106395,38.714286,-0.287497,0.832205,-1.17,0.832205,2.002205,491,263,292,244,4.0.0,team-net-loo-v1,fringe-posterior-calibrated-v1,4.0.0
Micah Potter,1630695,1610612762,UNKNOWN,unavailable,finisher,0.7889,creator,-1.2153,-0.4868,0.9362,0,5.835417,-2.840681,2933,-1.488615,-1.352066,38.714286,-2.152104,-1.024327,-1.19,-1.024327,0.165673,492,421,430,442,4.0.0,team-net-loo-v1,fringe-posterior-calibrated-v1,4.0.0
Daniel Theis,1628464,1610612740,UNKNOWN,unavailable,finisher,0.7106,creator,-1.4079,-0.7652,0.9287,0,5.835417,-4.465261,2604,-1.488615,-2.976646,38.714286,-3.003423,-2.002151,-1.22,-2.002151,-0.782151,493,479,456,475,4.0.0,team-net-loo-v1,fringe-posterior-calibrated-v1,4.0.0
Xavier Tillman,1630214,1610612738,UNKNOWN,unavailable,creator,0.5801,defender,-3.9823,-1.5625,0.8224,0,5.835417,-9.117838,926,-1.488615,-7.629224,38.714286,-2.180879,-1.82482,-1.23,-1.82482,-0.59482,494,548,433,473,4.0.0,team-net-loo-v1,fringe-posterior-calibrated-v1,4.0.0
Dalano Banton,1630625,1610612757,UNKNOWN,unavailable,finisher,0.6853,creator,-0.8123,0.0479,0.9584,0,5.835417,0.279516,4609,-1.488615,1.768131,38.714286,0.332769,2.10499,-1.25,2.10499,3.35499,495,216,192,171,4.0.0,team-net-loo-v1,fringe-posterior-calibrated-v1,4.0.0
Kris Murray,1631200,1610612757,UNKNOWN,unavailable,finisher,0.585,creator,-0.8841,-0.5261,0.9565,0,5.835417,-3.070013,4396,-1.488615,-1.581398,38.714286,-3.485994,-1.795674,-1.3,-1.795674,-0.495674,496,430,472,472,4.0.0,team-net-loo-v1,fringe-posterior-calibrated-v1,4.0.0
Vince Williams Jr.,1631246,1610612763,UNKNOWN,unavailable,finisher,0.7623,creator,-1.8095,-1.7474,0.9149,0,5.835417,-10.196807,2150,-1.488615,-8.708192,38.714286,-5.662802,-4.836099,-1.3,-4.836099,-3.536099,497,551,503,514,4.0.0,team-net-loo-v1,fringe-posterior-calibrated-v1,4.0.0
Jordan Walsh,1641775,1610612738,UNKNOWN,unavailable,finisher,0.6952,creator,-2.5139,-0.7795,0.8858,0,5.835417,-4.548707,1552,-1.488615,-3.060092,38.714286,-1.823511,-1.226747,-1.3,-1.226747,0.073253,498,483,407,449,4.0.0,team-net-loo-v1,fringe-posterior-calibrated-v1,4.0.0
Nick Richards,1630208,1610612766,UNKNOWN,unavailable,finisher,0.7968,creator,-0.7643,-0.1733,0.9629,0,5.835417,-1.011278,5185,-1.488615,0.477337,38.714286,-1.354403,0.639297,-1.32,0.639297,1.959297,499,306,386,255,4.0.0,team-net-loo-v1,fringe-posterior-calibrated-v1,4.0.0
Anthony Black,1641710,1610612753,UNKNOWN,unavailable,finisher,0.5639,creator,-0.5277,-0.5164,0.9743,0,5.835417,-3.013409,7568,-1.488615,-1.524794,38.714286,-5.890714,-2.98072,-1.33,-2.98072,-1.65072,500,426,505,497,4.0.0,team-net-loo-v1,fringe-posterior-calibrated-v1,4.0.0
Bobby Portis,1626171,1610612749,UNKNOWN,unavailable,finisher,0.8454,creator,-0.7896,-1.0106,0.9625,0,5.835417,-5.897272,5132,-1.488615,-4.408657,38.714286,-7.817476,-5.844155,-1.35,-5.844155,-4.494155,501,511,521,526,4.0.0,team-net-loo-v1,fringe-posterior-calibrated-v1,4.0.0
AJ Johnson,1642358,1610612749,UNKNOWN,unavailable,finisher,0.6844,creator,-1.5694,-0.2786,0.9288,0,5.835417,-1.625747,2608,-1.488615,-0.137132,38.714286,-1.09519,-0.09238,-1.36,-0.09238,1.26762,502,352,367,362,4.0.0,team-net-loo-v1,fringe-posterior-calibrated-v1,4.0.0
Jonathan Mogbo,1642367,1610612761,UNKNOWN,unavailable,finisher,0.6202,creator,-0.7765,-0.4144,0.9637,0,5.835417,-2.418197,5312,-1.488615,-0.929582,38.714286,-3.318016,-1.275482,-1.38,-1.275482,0.104518,503,405,465,452,4.0.0,team-net-loo-v1,fringe-posterior-calibrated-v1,4.0.0
Tristan Thompson,202684,1610612739,UNKNOWN,unavailable,creator,0.9309,connector,-3.1646,-2.0406,0.8683,0,5.835417,-11.907751,1319,-1.488615,-10.419136,38.714286,-4.056984,-3.549811,-1.39,-3.549811,-2.159811,504,554,484,502,4.0.0,team-net-loo-v1,fringe-posterior-calibrated-v1,4.0.0
Kyshawn George,1642273,1610612764,UNKNOWN,unavailable,finisher,0.6895,creator,-0.5657,-0.7791,0.9738,0,5.835417,-4.546373,7444,-1.488615,-3.057758,38.714286,-8.741786,-5.879471,-1.4,-5.879471,-4.479471,505,482,528,527,4.0.0,team-net-loo-v1,fringe-posterior-calibrated-v1,4.0.0
Kevin Porter Jr.,1629645,1610612746,UNKNOWN,unavailable,finisher,0.5666,creator,-0.7003,-1.5587,0.9681,0,5.835417,-9.095664,6073,-1.488615,-7.607049,38.714286,-14.268109,-11.932962,-1.42,-11.932962,-10.512962,506,547,550,548,4.0.0,team-net-loo-v1,fringe-posterior-calibrated-v1,4.0.0
Jusuf Nurkić,203994,1610612756,UNKNOWN,unavailable,finisher,0.6833,creator,-0.9788,-0.9561,0.9561,0,5.835417,-5.579242,4353,-1.488615,-4.090627,38.714286,-6.27325,-4.599465,-1.42,-4.599465,-3.179465,507,500,510,510,4.0.0,team-net-loo-v1,fringe-posterior-calibrated-v1,4.0.0
Orlando Robinson,1631115,1610612758,UNKNOWN,unavailable,finisher,0.6988,creator,-1.405,-0.63,0.9403,0,5.835417,-3.676312,3152,-1.488615,-2.187698,38.714286,-2.993142,-1.781157,-1.48,-1.781157,-0.301157,508,456,454,470,4.0.0,team-net-loo-v1,fringe-posterior-calibrated-v1,4.0.0
Ricky Council IV,1641741,1610612755,UNKNOWN,unavailable,creator,0.5231,finisher,-0.9109,-0.0481,0.9622,0,5.835417,-0.280684,5086,-1.488615,1.207931,38.714286,-0.368742,1.586892,-1.54,1.586892,3.126892,509,252,300,203,4.0.0,team-net-loo-v1,fringe-posterior-calibrated-v1,4.0.0
Rob Dillingham,1642265,1610612750,UNKNOWN,unavailable,finisher,0.8881,creator,-2.1823,-1.051,0.9139,0,5.835417,-6.133023,2124,-1.488615,-4.644408,38.714286,-3.364789,-2.548083,-1.55,-2.548083,-0.998083,510,515,466,484,4.0.0,team-net-loo-v1,fringe-posterior-calibrated-v1,4.0.0
Maxi Kleber,1628467,1610612742,UNKNOWN,unavailable,creator,0.5495,finisher,-1.7742,-1.1549,0.9304,0,5.835417,-6.739323,2673,-1.488615,-5.250708,38.714286,-4.653117,-3.625313,-1.58,-3.625313,-2.045313,511,525,491,504,4.0.0,team-net-loo-v1,fringe-posterior-calibrated-v1,4.0.0
Caleb Martin,1628997,1610612755,UNKNOWN,unavailable,creator,0.4889,finisher,-0.9713,-0.4612,0.9608,0,5.835417,-2.691294,4907,-1.488615,-1.202679,38.714286,-3.41119,-1.524385,-1.59,-1.524385,0.065615,512,414,471,462,4.0.0,team-net-loo-v1,fringe-posterior-calibrated-v1,4.0.0
Julius Randle,203944,1610612750,UNKNOWN,unavailable,finisher,0.7628,creator,-0.5376,-0.1565,0.9783,0,5.835417,-0.913243,8998,-1.488615,0.575372,38.714286,-2.122565,1.337284,-1.61,1.337284,2.947284,513,303,428,215,4.0.0,team-net-loo-v1,fringe-posterior-calibrated-v1,4.0.0
Jaden Hardy,1630702,1610612742,UNKNOWN,unavailable,finisher,0.7363,creator,-1.3111,-1.1204,0.9495,0,5.835417,-6.538001,3760,-1.488615,-5.049386,38.714286,-6.349822,-4.904053,-1.64,-4.904053,-3.264053,514,524,511,516,4.0.0,team-net-loo-v1,fringe-posterior-calibrated-v1,4.0.0
Bam Adebayo,1628389,1610612748,UNKNOWN,unavailable,finisher,0.7213,creator,-0.4657,-0.8048,0.9815,0,5.835417,-4.696343,10589,-1.488615,-3.207729,38.714286,-12.845279,-8.77367,-1.64,-8.77367,-7.13367,515,486,546,542,4.0.0,team-net-loo-v1,fringe-posterior-calibrated-v1,4.0.0
Dillon Jones,1641794,1610612760,UNKNOWN,unavailable,finisher,0.5128,creator,-2.1545,-1.289,0.9207,0,5.835417,-7.521852,2322,-1.488615,-6.033237,38.714286,-4.511446,-3.618607,-1.67,-3.618607,-1.948607,516,537,488,503,4.0.0,team-net-loo-v1,fringe-posterior-calibrated-v1,4.0.0
Keon Johnson,1630553,1610612751,UNKNOWN,unavailable,finisher,0.7243,creator,-0.6465,-0.6728,0.975,0,5.835417,-3.926068,7816,-1.488615,-2.437454,38.714286,-7.926312,-4.920958,-1.68,-4.920958,-3.240958,517,463,522,517,4.0.0,team-net-loo-v1,fringe-posterior-calibrated-v1,4.0.0
Julian Strawther,1631124,1610612743,UNKNOWN,unavailable,finisher,0.821,creator,-0.8844,-0.6282,0.9665,0,5.835417,-3.665809,5768,-1.488615,-2.177194,38.714286,-5.461649,-3.243778,-1.7,-3.243778,-1.543778,518,455,499,499,4.0.0,team-net-loo-v1,fringe-posterior-calibrated-v1,4.0.0
Tidjane Salaün,1642275,1610612766,UNKNOWN,unavailable,creator,0.8658,finisher,-1.0736,-0.5191,0.9614,0,5.835417,-3.029165,4975,-1.488615,-1.54055,38.714286,-3.892644,-1.979692,-1.78,-1.979692,-0.199692,519,428,481,474,4.0.0,team-net-loo-v1,fringe-posterior-calibrated-v1,4.0.0
Jordan Hawkins,1641722,1610612740,UNKNOWN,unavailable,finisher,0.672,creator,-0.9948,-0.9744,0.9648,0,5.835417,-5.68603,5481,-1.488615,-4.197415,38.714286,-8.050034,-5.942518,-1.82,-5.942518,-4.122518,520,504,523,528,4.0.0,team-net-loo-v1,fringe-posterior-calibrated-v1,4.0.0
GG Jackson,1641713,1610612763,UNKNOWN,unavailable,finisher,0.6104,creator,-2.8466,-1.2333,0.9068,0,5.835417,-7.196819,1946,-1.488615,-5.708205,38.714286,-3.61753,-2.869268,-1.85,-2.869268,-1.019268,521,529,475,494,4.0.0,team-net-loo-v1,fringe-posterior-calibrated-v1,4.0.0
Klay Thompson,202691,1610612742,UNKNOWN,unavailable,finisher,0.8804,creator,-0.6887,-0.3807,0.9761,0,5.835417,-2.221543,8166,-1.488615,-0.732928,38.714286,-4.685898,-1.545965,-1.87,-1.545965,0.324035,522,400,492,465,4.0.0,team-net-loo-v1,fringe-posterior-calibrated-v1,4.0.0
Davion Mitchell,1630558,1610612761,UNKNOWN,unavailable,finisher,0.8142,creator,-0.7102,-0.9665,0.9763,0,5.835417,-5.63993,8229,-1.488615,-4.151315,38.714286,-11.988077,-8.82392,-1.95,-8.82392,-6.87392,523,501,544,543,4.0.0,team-net-loo-v1,fringe-posterior-calibrated-v1,4.0.0
Scottie Barnes,1630567,1610612761,UNKNOWN,unavailable,finisher,0.6302,creator,-0.6576,-0.7043,0.9782,0,5.835417,-4.109884,8958,-1.488615,-2.621269,38.714286,-9.509756,-6.065288,-1.96,-6.065288,-4.105288,524,470,537,529,4.0.0,team-net-loo-v1,fringe-posterior-calibrated-v1,4.0.0
Andre Jackson Jr.,1641748,1610612749,UNKNOWN,unavailable,finisher,0.7983,creator,-1.5117,-1.0756,0.9518,0,5.835417,-6.276574,3953,-1.488615,-4.787959,38.714286,-6.408822,-4.888842,-1.99,-4.888842,-2.898842,525,519,512,515,4.0.0,team-net-loo-v1,fringe-posterior-calibrated-v1,4.0.0
Vasilije Micić,203995,1610612766,UNKNOWN,unavailable,finisher,0.709,creator,-1.9261,-1.1747,0.9397,0,5.835417,-6.854864,3118,-1.488615,-5.366249,38.714286,-5.520821,-4.32191,-2,-4.32191,-2.32191,526,527,500,509,4.0.0,team-net-loo-v1,fringe-posterior-calibrated-v1,4.0.0
Chris Paul,101108,1610612759,UNKNOWN,unavailable,finisher,0.8088,creator,-0.6487,-0.5874,0.9789,0,5.835417,-3.427724,9301,-1.488615,-1.939109,38.714286,-8.235011,-4.658656,-2.01,-4.658656,-2.648656,527,445,526,512,4.0.0,team-net-loo-v1,fringe-posterior-calibrated-v1,4.0.0
Spencer Dinwiddie,203915,1610612742,UNKNOWN,unavailable,finisher,0.5446,creator,-0.6867,-0.4499,0.978,0,5.835417,-2.625354,8876,-1.488615,-1.136739,38.714286,-6.019132,-2.606195,-2.03,-2.606195,-0.576195,528,410,507,486,4.0.0,team-net-loo-v1,fringe-posterior-calibrated-v1,4.0.0
Yves Missi,1642274,1610612740,UNKNOWN,unavailable,finisher,0.6698,creator,-0.7612,-0.7318,0.9757,0,5.835417,-4.270358,8030,-1.488615,-2.781743,38.714286,-8.857447,-5.769807,-2.04,-5.769807,-3.729807,529,475,530,524,4.0.0,team-net-loo-v1,fringe-posterior-calibrated-v1,4.0.0
Malik Monk,1628370,1610612758,UNKNOWN,unavailable,finisher,0.8298,creator,-0.7394,-0.6254,0.9771,0,5.835417,-3.64947,8545,-1.488615,-2.160855,38.714286,-8.055093,-4.769429,-2.11,-4.769429,-2.659429,530,453,524,513,4.0.0,team-net-loo-v1,fringe-posterior-calibrated-v1,4.0.0
KJ Simpson,1642354,1610612766,UNKNOWN,unavailable,creator,0.5354,finisher,-1.8806,-1.4729,0.9442,0,5.835417,-8.594985,3382,-1.488615,-7.10637,38.714286,-7.508401,-6.207978,-2.12,-6.207978,-4.087978,531,543,520,530,4.0.0,team-net-loo-v1,fringe-posterior-calibrated-v1,4.0.0
Josh Giddey,1630581,1610612741,UNKNOWN,unavailable,finisher,0.7053,creator,-0.7767,-0.851,0.9782,0,5.835417,-4.96594,8977,-1.488615,-3.477325,38.714286,-11.514933,-8.063159,-2.32,-8.063159,-5.743159,532,492,543,541,4.0.0,team-net-loo-v1,fringe-posterior-calibrated-v1,4.0.0
Elfrid Payton,203901,1610612740,UNKNOWN,unavailable,connector,0.3449,defender,-3.5399,-1.0102,0.9101,0,5.835417,-5.894938,2025,-1.488615,-4.406323,38.714286,-3.083422,-2.304783,-2.39,-2.304783,0.085217,533,510,460,480,4.0.0,team-net-loo-v1,fringe-posterior-calibrated-v1,4.0.0
Dennis Schröder,203471,1610612751,UNKNOWN,unavailable,finisher,0.7507,creator,-0.861,-0.4594,0.9774,0,5.835417,-2.68079,8663,-1.488615,-1.192176,38.714286,-5.998738,-2.667702,-2.49,-2.667702,-0.177702,534,411,506,488,4.0.0,team-net-loo-v1,fringe-posterior-calibrated-v1,4.0.0
Dejounte Murray,1627749,1610612740,UNKNOWN,unavailable,finisher,0.5425,creator,-1.8513,-1.2793,0.9545,0,5.835417,-7.465248,4195,-1.488615,-5.976634,38.714286,-8.089189,-6.476157,-2.59,-6.476157,-3.886157,535,535,525,533,4.0.0,team-net-loo-v1,fringe-posterior-calibrated-v1,4.0.0
Cade Cunningham,1630595,1610612765,UNKNOWN,unavailable,finisher,0.8151,creator,-0.8046,-0.5886,0.9809,0,5.835417,-3.434726,10295,-1.488615,-1.946111,38.714286,-9.13371,-5.175148,-2.76,-5.175148,-2.415148,536,446,534,518,4.0.0,team-net-loo-v1,fringe-posterior-calibrated-v1,4.0.0
D'Angelo Russell,1626156,1610612747,UNKNOWN,unavailable,finisher,0.6184,creator,-1.3603,-0.7554,0.9685,0,5.835417,-4.408074,6146,-1.488615,-2.919459,38.714286,-6.997939,-4.634722,-2.79,-4.634722,-1.844722,537,477,517,511,4.0.0,team-net-loo-v1,fringe-posterior-calibrated-v1,4.0.0
Nick Smith Jr.,1641733,1610612766,UNKNOWN,unavailable,finisher,0.7919,creator,-1.4871,-1.0141,0.9658,0,5.835417,-5.917696,5645,-1.488615,-4.429081,38.714286,-8.6287,-6.458123,-2.8,-6.458123,-3.658123,538,512,527,532,4.0.0,team-net-loo-v1,fringe-posterior-calibrated-v1,4.0.0
Scoot Henderson,1630703,1610612757,UNKNOWN,unavailable,finisher,0.6951,creator,-1.171,-0.837,0.9733,0,5.835417,-4.884244,7279,-1.488615,-3.395629,38.714286,-9.183279,-6.384409,-2.84,-6.384409,-3.544409,539,490,535,531,4.0.0,team-net-loo-v1,fringe-posterior-calibrated-v1,4.0.0
Andrew Nembhard,1629614,1610612754,UNKNOWN,unavailable,finisher,0.7567,creator,-1.1352,-1.169,0.9742,0,5.835417,-6.821602,7546,-1.488615,-5.332987,38.714286,-13.296334,-10.394799,-2.86,-10.394799,-7.534799,540,526,547,546,4.0.0,team-net-loo-v1,fringe-posterior-calibrated-v1,4.0.0
Patrick Williams,1630172,1610612741,UNKNOWN,unavailable,finisher,0.7035,creator,-1.2736,-0.6412,0.9715,0,5.835417,-3.741669,6807,-1.488615,-2.253054,38.714286,-6.578848,-3.961468,-2.89,-3.961468,-1.071468,541,461,516,506,4.0.0,team-net-loo-v1,fringe-posterior-calibrated-v1,4.0.0
Bilal Coulibaly,1641731,1610612764,UNKNOWN,unavailable,finisher,0.6138,creator,-1.1072,-0.8396,0.9762,0,5.835417,-4.899416,8214,-1.488615,-3.410801,38.714286,-10.395078,-7.236688,-3.03,-7.236688,-4.206688,542,491,539,536,4.0.0,team-net-loo-v1,fringe-posterior-calibrated-v1,4.0.0
Jamal Shead,1642347,1610612761,UNKNOWN,unavailable,finisher,0.8034,creator,-1.5499,-1.7622,0.9682,0,5.835417,-10.283171,6099,-1.488615,-8.794556,38.714286,-16.199979,-13.854834,-3.15,-13.854834,-10.704834,543,552,551,550,4.0.0,team-net-loo-v1,fringe-posterior-calibrated-v1,4.0.0
Cody Williams,1642262,1610612762,UNKNOWN,unavailable,creator,0.8743,connector,-2.212,-1.3881,0.9573,0,5.835417,-8.100142,4486,-1.488615,-6.611527,38.714286,-9.386002,-7.661076,-3.31,-7.661076,-4.351076,544,542,536,538,4.0.0,team-net-loo-v1,fringe-posterior-calibrated-v1,4.0.0
Keyonte George,1641718,1610612762,UNKNOWN,unavailable,finisher,0.7005,creator,-1.1746,-1.0559,0.9777,0,5.835417,-6.161616,8764,-1.488615,-4.673002,38.714286,-13.948444,-10.578572,-3.43,-10.578572,-7.148572,545,516,549,547,4.0.0,team-net-loo-v1,fringe-posterior-calibrated-v1,4.0.0
Ben Simmons,1627732,1610612751,UNKNOWN,unavailable,finisher,0.8051,creator,-2.4481,-1.1009,0.9573,0,5.835417,-6.42421,4480,-1.488615,-4.935595,38.714286,-7.434068,-5.711449,-3.66,-5.711449,-2.051449,546,521,519,523,4.0.0,team-net-loo-v1,fringe-posterior-calibrated-v1,4.0.0
Terry Rozier,1626179,1610612748,UNKNOWN,unavailable,finisher,0.6019,creator,-1.7082,-1.0579,0.9705,0,5.835417,-6.173287,6584,-1.488615,-4.684672,38.714286,-10.498689,-7.967055,-3.75,-7.967055,-4.217055,547,517,540,540,4.0.0,team-net-loo-v1,fringe-posterior-calibrated-v1,4.0.0
Draymond Green,203110,1610612744,UNKNOWN,unavailable,finisher,0.552,creator,-1.4062,-0.713,0.9767,0,5.835417,-4.160652,8372,-1.488615,-2.672037,38.714286,-8.997448,-5.778305,-3.92,-5.778305,-1.858305,548,471,531,525,4.0.0,team-net-loo-v1,fringe-posterior-calibrated-v1,4.0.0
Carlton Carrington,1642267,1610612764,UNKNOWN,unavailable,finisher,0.7912,creator,-1.2643,-0.8633,0.981,0,5.835417,-5.037715,10321,-1.488615,-3.5491,38.714286,-13.430251,-9.461692,-4.35,-9.461692,-5.111692,549,494,548,544,4.0.0,team-net-loo-v1,fringe-posterior-calibrated-v1,4.0.0
Stephon Castle,1642264,1610612759,UNKNOWN,unavailable,finisher,0.5092,creator,-1.5299,-0.8116,0.9778,0,5.835417,-4.736024,8820,-1.488615,-3.247409,38.714286,-10.789746,-7.398341,-4.5,-7.398341,-2.898341,550,487,542,537,4.0.0,team-net-loo-v1,fringe-posterior-calibrated-v1,4.0.0
Kyle Kuzma,1628398,1610612764,UNKNOWN,unavailable,finisher,0.6405,creator,-1.6346,-0.7811,0.9764,0,5.835417,-4.558044,8258,-1.488615,-3.069429,38.714286,-9.722594,-6.547285,-4.5,-6.547285,-2.047285,551,484,538,534,4.0.0,team-net-loo-v1,fringe-posterior-calibrated-v1,4.0.0
Alexandre Sarr,1642259,1610612764,UNKNOWN,unavailable,creator,0.5769,finisher,-1.8634,-1.1014,0.9747,0,5.835417,-6.427128,7695,-1.488615,-4.938513,38.714286,-12.774806,-9.815978,-4.78,-9.815978,-5.035978,552,522,545,545,4.0.0,team-net-loo-v1,fringe-posterior-calibrated-v1,4.0.0
Trae Young,1629027,1610612737,UNKNOWN,unavailable,finisher,0.6338,creator,-1.3884,-1.2486,0.9832,0,5.835417,-7.286101,11689,-1.488615,-5.797486,38.714286,-21.998917,-17.504344,-5.41,-17.504344,-12.094344,553,531,554,551,4.0.0,team-net-loo-v1,fringe-posterior-calibrated-v1,4.0.0
Russell Westbrook,201566,1610612743,UNKNOWN,unavailable,finisher,0.7205,creator,-2.0751,-1.5653,0.9783,0,5.835417,-9.134178,9022,-1.488615,-7.645563,38.714286,-21.286341,-17.817265,-6.24,-17.817265,-11.577265,554,549,553,552,4.0.0,team-net-loo-v1,fringe-posterior-calibrated-v1,4.0.0
Isaiah Collier,1642268,1610612762,UNKNOWN,unavailable,finisher,0.5758,creator,-2.7165,-2.369,0.9749,0,5.835417,-13.824102,7772,-1.488615,-12.335487,38.714286,-27.752267,-24.763832,-7.04,-24.763832,-17.723832,555,555,555,553,4.0.0,team-net-loo-v1,fringe-posterior-calibrated-v1,4.0.0
