playerId,playerName,teamId,rawDRBL100,posteriorDRBL100,drblP,drblLn,drblB,warInputRate,calibratedWarInputRate,replacementLevelDRBL100,fringeReplacementEstimate,aboveReplacementDRBL100,actualOnCourtPossessions,modelObservationCount,seasonImpactAboveReplacement,seasonImpactUnitFixed,pointsPerWin,DRBL_WAR,oldWAR,diagnosedScaleError,rateCalibrationSlope,warFormulaVersion,rankingFormulaVersion,dataVersion
203999,Nikola Jokić,1610612743,2.81,1.0173,2.65,0,0,2.81,7.078439081879945,0,-0.4347,7.078439081879945,3365,3365,238.18947510526013,94.5565,38.714285714285715,6.152495666925538,3.151883333333333,POINTS_PER_WIN_UNIT_MISMATCH,2.5190174668611904,3.0.0,2.2.0,drbl-ranking-v2-seq
202696,Nikola Vučević,1610612741,1.9797,0.7261,1.88,0,0,1.9797,4.986898879145099,0,-0.4347,4.986898879145099,3806,3806,189.80137134026248,75.347382,38.714285714285715,4.902618447903459,2.5115794,POINTS_PER_WIN_UNIT_MISMATCH,2.5190174668611904,3.0.0,2.2.0,drbl-ranking-v2-seq
1630532,Franz Wagner,1610612753,2.1204,0.7672,2,0,0,2.1204,5.341324636732469,0,-0.4347,5.341324636732469,3348,3348,178.82754883780305,70.990992,38.714285714285715,4.619161778098234,2.3663664,POINTS_PER_WIN_UNIT_MISMATCH,2.5190174668611904,3.0.0,2.2.0,drbl-ranking-v2-seq
1626181,Norman Powell,1610612746,2.4752,0.878,2.31,0,0,2.4752,6.235072033974819,0,-0.4347,6.235072033974819,2845,2845,177.3877993665836,70.41944000000001,38.714285714285715,4.581972677365628,2.347314666666667,POINTS_PER_WIN_UNIT_MISMATCH,2.5190174668611904,3.0.0,2.2.0,drbl-ranking-v2-seq
1628369,Jayson Tatum,1610612738,1.6766,0.6144,1.59,0,0,1.6766,4.2233846849394725,0,-0.4347,4.2233846849394725,3770,3770,159.22160262221811,63.20782,38.714285714285715,4.112735123083125,2.106927333333333,POINTS_PER_WIN_UNIT_MISMATCH,2.5190174668611904,3.0.0,2.2.0,drbl-ranking-v2-seq
1629631,De'Andre Hunter,1610612737,2.9743,1.0065,2.71,0,0,2.9743,7.492313651685238,0,-0.4347,7.492313651685238,2087,2087,156.3645859106709,62.073640999999995,38.714285714285715,4.038937643449064,2.0691213666666664,POINTS_PER_WIN_UNIT_MISMATCH,2.5190174668611904,3.0.0,2.2.0,drbl-ranking-v2-seq
1628983,Shai Gilgeous-Alexander,1610612760,1.6374,0.6002,1.56,0,0,1.6374,4.124639200238513,0,-0.4347,4.124639200238513,3782,3782,155.99385455302055,61.92646799999999,38.714285714285715,4.0293615567200884,2.0642156,POINTS_PER_WIN_UNIT_MISMATCH,2.5190174668611904,3.0.0,2.2.0,drbl-ranking-v2-seq
1629639,Tyler Herro,1610612748,1.7809,0.647,1.68,0,0,1.7809,4.486118206733094,0,-0.4347,4.486118206733094,3470,3470,155.66830177363835,61.79723,38.714285714285715,4.020952444337522,2.0599076666666667,POINTS_PER_WIN_UNIT_MISMATCH,2.5190174668611904,3.0.0,2.2.0,drbl-ranking-v2-seq
1627734,Domantas Sabonis,1610612758,1.4912,0.549,1.42,0,0,1.4912,3.7563588465834075,0,-0.4347,3.7563588465834075,3952,3952,148.45130161697628,58.932224000000005,38.714285714285715,3.8345354661211584,1.9644074666666669,POINTS_PER_WIN_UNIT_MISMATCH,2.5190174668611904,3.0.0,2.2.0,drbl-ranking-v2-seq
1627783,Pascal Siakam,1610612754,1.5061,0.5528,1.43,0,0,1.5061,3.793892206839639,0,-0.4347,3.793892206839639,3836,3836,145.53370505436854,57.773996,38.714285714285715,3.759173193286272,1.9257998666666665,POINTS_PER_WIN_UNIT_MISMATCH,2.5190174668611904,3.0.0,2.2.0,drbl-ranking-v2-seq
202681,Kyrie Irving,1610612742,1.5797,0.5745,1.49,0,0,1.5797,3.9792918924006226,0,-0.4347,3.9792918924006226,3508,3508,139.59355958541383,55.415876000000004,38.714285714285715,3.6057377014682537,1.8471958666666668,POINTS_PER_WIN_UNIT_MISMATCH,2.5190174668611904,3.0.0,2.2.0,drbl-ranking-v2-seq
1628415,Dillon Brooks,1610612745,1.658,0.5994,1.56,0,0,1.658,4.176530960055853,0,-0.4347,4.176530960055853,3320,3320,138.66082787385432,55.04559999999999,38.714285714285715,3.5816450004316613,1.834853333333333,POINTS_PER_WIN_UNIT_MISMATCH,2.5190174668611904,3.0.0,2.2.0,drbl-ranking-v2-seq
1627741,Buddy Hield,1610612744,2.3114,0.7956,2.13,0,0,2.3114,5.822456972902955,0,-0.4347,5.822456972902955,2311,2311,134.5569806437873,53.416453999999995,38.714285714285715,3.4756415664446907,1.7805484666666664,POINTS_PER_WIN_UNIT_MISMATCH,2.5190174668611904,3.0.0,2.2.0,drbl-ranking-v2-seq
1630202,Payton Pritchard,1610612738,1.695,0.6079,1.59,0,0,1.695,4.269734606329718,0,-0.4347,4.269734606329718,3106,3106,132.617956872601,52.6467,38.714285714285715,3.4255560815801,1.75489,POINTS_PER_WIN_UNIT_MISMATCH,2.5190174668611904,3.0.0,2.2.0,drbl-ranking-v2-seq
1626157,Karl-Anthony Towns,1610612752,1.5154,0.5495,1.43,0,0,1.5154,3.817319069281448,0,-0.4347,3.817319069281448,3413,3413,130.28509983457582,51.720602,38.714285714285715,3.36529778170491,1.7240200666666667,POINTS_PER_WIN_UNIT_MISMATCH,2.5190174668611904,3.0.0,2.2.0,drbl-ranking-v2-seq
1631128,Christian Braun,1610612743,1.4426,0.5251,1.37,0,0,1.4426,3.6339345976939534,0,-0.4347,3.6339345976939534,3532,3532,128.35056999055044,50.952632,38.714285714285715,3.315328376139679,1.6984210666666668,POINTS_PER_WIN_UNIT_MISMATCH,2.5190174668611904,3.0.0,2.2.0,drbl-ranking-v2-seq
1629661,Cameron Johnson,1610612751,1.4943,0.5417,1.41,0,0,1.4943,3.764167800730677,0,-0.4347,3.764167800730677,3406,3406,128.20755529288687,50.895858,38.714285714285715,3.3116342695579633,1.6965286,POINTS_PER_WIN_UNIT_MISMATCH,2.5190174668611904,3.0.0,2.2.0,drbl-ranking-v2-seq
202710,Jimmy Butler,1610612748,2.3785,0.8046,2.17,0,0,2.3785,5.991483044929341,0,-0.4347,5.991483044929341,2084,2084,124.86250665632745,49.56794,38.714285714285715,3.2252307992409306,1.6522646666666667,POINTS_PER_WIN_UNIT_MISMATCH,2.5190174668611904,3.0.0,2.2.0,drbl-ranking-v2-seq
1627736,Malik Beasley,1610612765,1.4644,0.5284,1.38,0,0,1.4644,3.688849178471527,0,-0.4347,3.688849178471527,3270,3270,120.62536813601893,47.88588,38.714285714285715,3.115784416797537,1.596196,POINTS_PER_WIN_UNIT_MISMATCH,2.5190174668611904,3.0.0,2.2.0,drbl-ranking-v2-seq
1630596,Evan Mobley,1610612739,1.3817,0.5018,1.31,0,0,1.3817,3.4805264339621065,0,-0.4347,3.4805264339621065,3461,3461,120.46101987942852,47.820637,38.714285714285715,3.1115392588782274,1.5940212333333332,POINTS_PER_WIN_UNIT_MISMATCH,2.5190174668611904,3.0.0,2.2.0,drbl-ranking-v2-seq
1629655,Daniel Gafford,1610612742,2.0511,0.706,1.89,0,0,2.0511,5.1667567262789875,0,-0.4347,5.1667567262789875,2312,2312,119.4554155115702,47.421431999999996,38.714285714285715,3.085564238306241,1.5807144,POINTS_PER_WIN_UNIT_MISMATCH,2.5190174668611904,3.0.0,2.2.0,drbl-ranking-v2-seq
1627826,Ivica Zubac,1610612746,1.2401,0.4548,1.18,0,0,1.2401,3.123833560654562,0,-0.4347,3.123833560654562,3798,3798,118.64319863366026,47.098998,38.714285714285715,3.06458446655211,1.5699666,POINTS_PER_WIN_UNIT_MISMATCH,2.5190174668611904,3.0.0,2.2.0,drbl-ranking-v2-seq
203507,Giannis Antetokounmpo,1610612749,1.4081,0.5065,1.32,0,0,1.4081,3.547028495087242,0,-0.4347,3.547028495087242,3180,3180,112.79550614377429,44.77758,38.714285714285715,2.9135370590642804,1.492586,POINTS_PER_WIN_UNIT_MISMATCH,2.5190174668611904,3.0.0,2.2.0,drbl-ranking-v2-seq
1628991,Jaren Jackson Jr.,1610612763,1.3017,0.4704,1.23,0,0,1.3017,3.2790050366132117,0,-0.4347,3.2790050366132117,3307,3307,108.43669656079892,43.047219000000005,38.714285714285715,2.8009478816442526,1.4349073,POINTS_PER_WIN_UNIT_MISMATCH,2.5190174668611904,3.0.0,2.2.0,drbl-ranking-v2-seq
1629048,Goga Bitadze,1610612753,1.8273,0.6247,1.68,0,0,1.8273,4.603000617195453,0,-0.4347,4.603000617195453,2216,2216,102.00249367705122,40.492968,38.714285714285715,2.634750759185825,1.3497656,POINTS_PER_WIN_UNIT_MISMATCH,2.5190174668611904,3.0.0,2.2.0,drbl-ranking-v2-seq
1630583,Santi Aldama,1610612763,1.268,0.4557,1.19,0,0,1.268,3.1941141479799895,0,-0.4347,3.1941141479799895,3157,3157,100.83818365172827,40.03076,38.714285714285715,2.6046763304874463,1.3343586666666667,POINTS_PER_WIN_UNIT_MISMATCH,2.5190174668611904,3.0.0,2.2.0,drbl-ranking-v2-seq
1630534,Ochai Agbaji,1610612761,1.0991,0.4009,1.04,0,0,1.0991,2.7686520978271343,0,-0.4347,2.7686520978271343,3607,3607,99.86528116862473,39.644537,38.714285714285715,2.579546008045657,1.3214845666666666,POINTS_PER_WIN_UNIT_MISMATCH,2.5190174668611904,3.0.0,2.2.0,drbl-ranking-v2-seq
1641726,Dereck Lively II,1610612742,1.8442,0.6257,1.69,0,0,1.8442,4.645572012385408,0,-0.4347,4.645572012385408,2118,2118,98.39321522232294,39.060156,38.714285714285715,2.5415221644142454,1.3020052,POINTS_PER_WIN_UNIT_MISMATCH,2.5190174668611904,3.0.0,2.2.0,drbl-ranking-v2-seq
1629636,Darius Garland,1610612739,1.1443,0.4148,1.08,0,0,1.1443,2.8825116873292607,0,-0.4347,2.8825116873292607,3405,3405,98.14952295356132,38.963415000000005,38.714285714285715,2.5352275301657903,1.2987805000000001,POINTS_PER_WIN_UNIT_MISMATCH,2.5190174668611904,3.0.0,2.2.0,drbl-ranking-v2-seq
1628384,OG Anunoby,1610612752,0.9659,0.3557,0.92,0,0,0.9659,2.433118971241224,0,-0.4347,2.433118971241224,3967,3967,96.52182958913934,38.317253,38.714285714285715,2.4931837901253706,1.2772417666666667,POINTS_PER_WIN_UNIT_MISMATCH,2.5190174668611904,3.0.0,2.2.0,drbl-ranking-v2-seq
1629599,Amir Coffey,1610612746,1.3785,0.4856,1.28,0,0,1.3785,3.4724655780681513,0,-0.4347,3.4724655780681513,2701,2701,93.79129526362075,37.233285,38.714285714285715,2.422653383193156,1.2411095,POINTS_PER_WIN_UNIT_MISMATCH,2.5190174668611904,3.0.0,2.2.0,drbl-ranking-v2-seq
201939,Stephen Curry,1610612744,1.4032,0.4923,1.3,0,0,1.4032,3.5346853094996225,0,-0.4347,3.5346853094996225,2623,2623,92.7147956681751,36.805936,38.714285714285715,2.3948471205801685,1.2268645333333335,POINTS_PER_WIN_UNIT_MISMATCH,2.5190174668611904,3.0.0,2.2.0,drbl-ranking-v2-seq
1630530,Trey Murphy III,1610612740,1.7,0.5774,1.55,0,0,1.7,4.282329693664024,0,-0.4347,4.282329693664024,2132,2132,91.29926906891698,36.244,38.714285714285715,2.3582837028871544,1.2081333333333333,POINTS_PER_WIN_UNIT_MISMATCH,2.5190174668611904,3.0.0,2.2.0,drbl-ranking-v2-seq
1629675,Naz Reid,1610612750,1.3253,0.4659,1.23,0,0,1.3253,3.3384538488311355,0,-0.4347,3.3384538488311355,2662,2662,88.86964145588483,35.279486,38.714285714285715,2.2955257940634457,1.1759828666666665,POINTS_PER_WIN_UNIT_MISMATCH,2.5190174668611904,3.0.0,2.2.0,drbl-ranking-v2-seq
1630163,LaMelo Ball,1610612766,1.2341,0.4371,1.15,0,0,1.2341,3.1087194558533953,0,-0.4347,3.1087194558533953,2812,2812,87.41719109859747,34.702892,38.714285714285715,2.258008626163034,1.1567630666666666,POINTS_PER_WIN_UNIT_MISMATCH,2.5190174668611904,3.0.0,2.2.0,drbl-ranking-v2-seq
1641705,Victor Wembanyama,1610612759,1.1718,0.4174,1.1,0,0,1.1718,2.9517846676679427,0,-0.4347,2.9517846676679427,2937,2937,86.69391568940748,34.415766,38.714285714285715,2.23932623551975,1.1471921999999999,POINTS_PER_WIN_UNIT_MISMATCH,2.5190174668611904,3.0.0,2.2.0,drbl-ranking-v2-seq
1629060,Rui Hachimura,1610612747,1.2791,0.45,1.19,0,0,1.2791,3.2220752418621483,0,-0.4347,3.2220752418621483,2675,2675,86.19051271981247,34.215925,38.714285714285715,2.226323206784824,1.1405308333333333,POINTS_PER_WIN_UNIT_MISMATCH,2.5190174668611904,3.0.0,2.2.0,drbl-ranking-v2-seq
1628374,Lauri Markkanen,1610612762,1.2038,0.4268,1.12,0,0,1.2038,3.032393226607501,0,-0.4347,3.032393226607501,2832,2832,85.87737617752444,34.091616,38.714285714285715,2.218234809013546,1.1363872000000002,POINTS_PER_WIN_UNIT_MISMATCH,2.5190174668611904,3.0.0,2.2.0,drbl-ranking-v2-seq
203952,Andrew Wiggins,1610612744,1.2817,0.4504,1.19,0,0,1.2817,3.228624687275988,0,-0.4347,3.228624687275988,2656,2656,85.75227169405025,34.041952,38.714285714285715,2.2150033278905967,1.1347317333333333,POINTS_PER_WIN_UNIT_MISMATCH,2.5190174668611904,3.0.0,2.2.0,drbl-ranking-v2-seq
1630231,KJ Martin,1610612755,1.8954,0.6204,1.7,0,0,1.8954,4.7745457066887,0,-0.4347,4.7745457066887,1751,1751,83.60229532411915,33.188454,38.714285714285715,2.1594688829108266,1.1062818,POINTS_PER_WIN_UNIT_MISMATCH,2.5190174668611904,3.0.0,2.2.0,drbl-ranking-v2-seq
1628973,Jalen Brunson,1610612752,0.8727,0.3195,0.83,0,0,0.8727,2.198346543329761,0,-0.4347,2.198346543329761,3730,3730,81.9983260662001,32.55171,38.714285714285715,2.118037942669375,1.085057,POINTS_PER_WIN_UNIT_MISMATCH,2.5190174668611904,3.0.0,2.2.0,drbl-ranking-v2-seq
1628386,Jarrett Allen,1610612739,0.9295,0.3376,0.88,0,0,0.9295,2.3414267354474765,0,-0.4347,2.3414267354474765,3468,3468,81.20067918531849,32.23506,38.714285714285715,2.0974345177019535,1.0745019999999998,POINTS_PER_WIN_UNIT_MISMATCH,2.5190174668611904,3.0.0,2.2.0,drbl-ranking-v2-seq
1630577,Julian Champagnie,1610612759,0.9929,0.3578,0.94,0,0,0.9929,2.501132442846476,0,-0.4347,2.501132442846476,3234,3234,80.88662320165504,32.110386,38.714285714285715,2.089322370522455,1.0703462,POINTS_PER_WIN_UNIT_MISMATCH,2.5190174668611904,3.0.0,2.2.0,drbl-ranking-v2-seq
1628368,De'Aaron Fox,1610612758,0.7473,0.2771,0.71,0,0,0.7473,1.8824617529853676,0,-0.4347,1.8824617529853676,4268,4268,80.34346761741548,31.894764,38.714285714285715,2.075292521483057,1.0631587999999998,POINTS_PER_WIN_UNIT_MISMATCH,2.5190174668611904,3.0.0,2.2.0,drbl-ranking-v2-seq
203497,Rudy Gobert,1610612750,0.888,0.3234,0.84,0,0,0.888,2.2368875105727373,0,-0.4347,2.2368875105727373,3554,3554,79.49898212575508,31.559520000000003,38.714285714285715,2.0534792431006847,1.051984,POINTS_PER_WIN_UNIT_MISMATCH,2.5190174668611904,3.0.0,2.2.0,drbl-ranking-v2-seq
1631095,Jabari Smith Jr.,1610612745,0.9299,0.3365,0.88,0,0,0.9299,2.342434342434221,0,-0.4347,2.342434342434221,3355,3355,78.58867218866811,31.198145,38.714285714285715,2.0299657022903204,1.0399381666666667,POINTS_PER_WIN_UNIT_MISMATCH,2.5190174668611904,3.0.0,2.2.0,drbl-ranking-v2-seq
1626220,Royce O'Neale,1610612756,1.1593,0.4077,1.08,0,0,1.1593,2.920296949332178,0,-0.4347,2.920296949332178,2669,2669,77.94272557767584,30.941716999999997,38.714285714285715,2.0132807344787116,1.0313905666666665,POINTS_PER_WIN_UNIT_MISMATCH,2.5190174668611904,3.0.0,2.2.0,drbl-ranking-v2-seq
1642272,Jared McCain,1610612755,1.353,0.4644,1.24,0,0,1.353,3.408230632663191,0,-0.4347,3.408230632663191,2272,2272,77.4349999741077,30.74016,38.714285714285715,2.000166050991712,1.024672,POINTS_PER_WIN_UNIT_MISMATCH,2.5190174668611904,3.0.0,2.2.0,drbl-ranking-v2-seq
203076,Anthony Davis,1610612747,0.8442,0.3082,0.8,0,0,0.8442,2.126554545524217,0,-0.4347,2.126554545524217,3634,3634,77.27899218435005,30.678228,38.714285714285715,1.9961363294850565,1.0226076,POINTS_PER_WIN_UNIT_MISMATCH,2.5190174668611904,3.0.0,2.2.0,drbl-ranking-v2-seq
1629660,Ty Jerome,1610612739,1.4967,0.5045,1.36,0,0,1.4967,3.7702134426511433,0,-0.4347,3.7702134426511433,2043,2043,77.02546063336285,30.577581,38.714285714285715,1.9895875440352029,1.0192527,POINTS_PER_WIN_UNIT_MISMATCH,2.5190174668611904,3.0.0,2.2.0,drbl-ranking-v2-seq
201942,DeMar DeRozan,1610612758,0.8858,0.3214,0.84,0,0,0.8858,2.2313456721456424,0,-0.4347,2.2313456721456424,3429,3429,76.51284309787407,30.374082,38.714285714285715,1.976346500683094,1.0124694,POINTS_PER_WIN_UNIT_MISMATCH,2.5190174668611904,3.0.0,2.2.0,drbl-ranking-v2-seq
203084,Harrison Barnes,1610612759,0.9619,0.3455,0.9,0,0,0.9619,2.423042901373779,0,-0.4347,2.423042901373779,3143,3143,76.15623839017786,30.232516999999998,38.714285714285715,1.967135308971384,1.0077505666666666,POINTS_PER_WIN_UNIT_MISMATCH,2.5190174668611904,3.0.0,2.2.0,drbl-ranking-v2-seq
1627884,Derrick Jones Jr.,1610612746,1.0617,0.3766,0.99,0,0,1.0617,2.674440844566526,0,-0.4347,2.674440844566526,2843,2843,76.03435321102634,30.184131,38.714285714285715,1.9639869833106436,1.0061377,POINTS_PER_WIN_UNIT_MISMATCH,2.5190174668611904,3.0.0,2.2.0,drbl-ranking-v2-seq
1628378,Donovan Mitchell,1610612739,0.8074,0.2942,0.76,0,0,0.8074,2.0338547027437253,0,-0.4347,2.0338547027437253,3572,3572,72.64928998200587,28.840328,38.714285714285715,1.8765499257344689,0.9613442666666666,POINTS_PER_WIN_UNIT_MISMATCH,2.5190174668611904,3.0.0,2.2.0,drbl-ranking-v2-seq
1630643,Jay Huff,1610612763,1.7474,0.5645,1.56,0,0,1.7474,4.401731121593245,0,-0.4347,4.401731121593245,1646,1646,72.4524942614248,28.762204,38.714285714285715,1.871466641439017,0.9587401333333333,POINTS_PER_WIN_UNIT_MISMATCH,2.5190174668611904,3.0.0,2.2.0,drbl-ranking-v2-seq
201142,Kevin Durant,1610612756,1.2657,0.433,1.16,0,0,1.2657,3.188320407806209,0,-0.4347,3.188320407806209,2227,2227,71.00389548184427,28.187139000000002,38.714285714285715,1.8340489607856452,0.9395713000000001,POINTS_PER_WIN_UNIT_MISMATCH,2.5190174668611904,3.0.0,2.2.0,drbl-ranking-v2-seq
1629659,Talen Horton-Tucker,1610612741,2.4633,0.7235,2.09,0,0,2.4633,6.20509572611917,0,-0.4347,6.20509572611917,1135,1135,70.42783649145258,27.958455,38.714285714285715,1.8191692082663027,0.9319485000000001,POINTS_PER_WIN_UNIT_MISMATCH,2.5190174668611904,3.0.0,2.2.0,drbl-ranking-v2-seq
1629638,Nickeil Alexander-Walker,1610612750,1.0883,0.3799,1.01,0,0,1.0883,2.7414467091850336,0,-0.4347,2.7414467091850336,2536,2536,69.52308854493245,27.599288,38.714285714285715,1.7957993351089563,0.9199762666666668,POINTS_PER_WIN_UNIT_MISMATCH,2.5190174668611904,3.0.0,2.2.0,drbl-ranking-v2-seq
1642419,Jamison Battle,1610612761,1.8555,0.5835,1.63,0,0,1.8555,4.674036909760939,0,-0.4347,4.674036909760939,1463,1463,68.38115998980254,27.145965,38.714285714285715,1.7663030255668553,0.9048655,POINTS_PER_WIN_UNIT_MISMATCH,2.5190174668611904,3.0.0,2.2.0,drbl-ranking-v2-seq
1629130,Duncan Robinson,1610612748,1.1694,0.4007,1.07,0,0,1.1694,2.9457390257474763,0,-0.4347,2.9457390257474763,2248,2248,66.22021329880326,26.288112,38.714285714285715,1.7104852143602318,0.8762704,POINTS_PER_WIN_UNIT_MISMATCH,2.5190174668611904,3.0.0,2.2.0,drbl-ranking-v2-seq
203991,Clint Capela,1610612737,0.9463,0.3332,0.88,0,0,0.9463,2.3837462288907445,0,-0.4347,2.3837462288907445,2692,2692,64.17044848173884,25.474396000000002,38.714285714285715,1.657539259675911,0.8491465333333335,POINTS_PER_WIN_UNIT_MISMATCH,2.5190174668611904,3.0.0,2.2.0,drbl-ranking-v2-seq
1631106,Tari Eason,1610612745,1.1817,0.4019,1.08,0,0,1.1817,2.9767229405898687,0,-0.4347,2.9767229405898687,2147,2147,63.91024153446448,25.371099,38.714285714285715,1.6508180470156877,0.8457033,POINTS_PER_WIN_UNIT_MISMATCH,2.5190174668611904,3.0.0,2.2.0,drbl-ranking-v2-seq
1628449,Chris Boucher,1610612761,1.3545,0.4474,1.22,0,0,1.3545,3.4120091588634827,0,-0.4347,3.4120091588634827,1833,1833,62.54212788196764,24.827984999999998,38.714285714285715,1.6154793179844038,0.8275994999999999,POINTS_PER_WIN_UNIT_MISMATCH,2.5190174668611904,3.0.0,2.2.0,drbl-ranking-v2-seq
1628381,John Collins,1610612762,0.8294,0.2959,0.78,0,0,0.8294,2.0892730870146714,0,-0.4347,2.0892730870146714,2973,2973,62.11408887694618,24.658062,38.714285714285715,1.6044229599211188,0.8219354,POINTS_PER_WIN_UNIT_MISMATCH,2.5190174668611904,3.0.0,2.2.0,drbl-ranking-v2-seq
1628404,Josh Hart,1610612752,0.63,0.2315,0.6,0,0,0.63,1.58698100412255,0,-0.4347,1.58698100412255,3879,3879,61.55899314991371,24.4377,38.714285714285715,1.5900846939092101,0.81459,POINTS_PER_WIN_UNIT_MISMATCH,2.5190174668611904,3.0.0,2.2.0,drbl-ranking-v2-seq
1631222,Jake LaRavia,1610612763,0.8886,0.3137,0.83,0,0,0.8886,2.2383989210528537,0,-0.4347,2.2383989210528537,2747,2747,61.48881836132189,24.409841999999998,38.714285714285715,1.5882720609935543,0.8136613999999999,POINTS_PER_WIN_UNIT_MISMATCH,2.5190174668611904,3.0.0,2.2.0,drbl-ranking-v2-seq
1630170,Devin Vassell,1610612759,1.8024,0.555,1.57,0,0,1.8024,4.5402770822706096,0,-0.4347,4.5402770822706096,1344,1344,61.02132398571699,24.224256,38.714285714285715,1.576196560516675,0.8074752000000001,POINTS_PER_WIN_UNIT_MISMATCH,2.5190174668611904,3.0.0,2.2.0,drbl-ranking-v2-seq
1626204,Larry Nance Jr.,1610612737,2.2832,0.6564,1.92,0,0,2.2832,5.7514206803374694,0,-0.4347,5.7514206803374694,1059,1059,60.9075450047738,24.179087999999997,38.714285714285715,1.5732576200495076,0.8059695999999998,POINTS_PER_WIN_UNIT_MISMATCH,2.5190174668611904,3.0.0,2.2.0,drbl-ranking-v2-seq
1629029,Luka Dončić,1610612742,0.8038,0.2866,0.75,0,0,0.8038,2.0247862398630248,0,-0.4347,2.0247862398630248,2961,2961,59.953920562344166,23.800517999999997,38.714285714285715,1.5486252543778936,0.7933505999999999,POINTS_PER_WIN_UNIT_MISMATCH,2.5190174668611904,3.0.0,2.2.0,drbl-ranking-v2-seq
1642377,Jaylen Wells,1610612763,0.8219,0.2922,0.77,0,0,0.8219,2.070380456013212,0,-0.4347,2.070380456013212,2894,2894,59.91681039702237,23.785785999999998,38.714285714285715,1.54766668922198,0.7928595333333333,POINTS_PER_WIN_UNIT_MISMATCH,2.5190174668611904,3.0.0,2.2.0,drbl-ranking-v2-seq
1628401,Derrick White,1610612738,0.6376,0.2333,0.6,0,0,0.6376,1.6061255368706948,0,-0.4347,1.6061255368706948,3713,3713,59.6354411840089,23.674087999999998,38.714285714285715,1.5403988497714476,0.7891362666666666,POINTS_PER_WIN_UNIT_MISMATCH,2.5190174668611904,3.0.0,2.2.0,drbl-ranking-v2-seq
1629021,Moritz Wagner,1610612753,1.1114,0.3766,1.01,0,0,1.1114,2.7996360126695268,0,-0.4347,2.7996360126695268,2104,2104,58.904341706566846,23.383856,38.714285714285715,1.521514361424236,0.7794618666666667,POINTS_PER_WIN_UNIT_MISMATCH,2.5190174668611904,3.0.0,2.2.0,drbl-ranking-v2-seq
1631114,Jalen Williams,1610612760,0.6527,0.2378,0.62,0,0,0.6527,1.6441627006202988,0,-0.4347,1.6441627006202988,3571,3571,58.713050039150865,23.307916999999996,38.714285714285715,1.5165732482437493,0.7769305666666665,POINTS_PER_WIN_UNIT_MISMATCH,2.5190174668611904,3.0.0,2.2.0,drbl-ranking-v2-seq
1631117,Walker Kessler,1610612762,0.9286,0.3229,0.86,0,0,0.9286,2.3391596197273015,0,-0.4347,2.3391596197273015,2469,2469,57.75385101106707,22.927134000000002,38.714285714285715,1.4917968895847582,0.7642378000000001,POINTS_PER_WIN_UNIT_MISMATCH,2.5190174668611904,3.0.0,2.2.0,drbl-ranking-v2-seq
1629008,Michael Porter Jr.,1610612743,0.636,0.2317,0.6,0,0,0.636,1.6020951089237172,0,-0.4347,1.6020951089237172,3566,3566,57.13071158421975,22.67976,38.714285714285715,1.4757010372307684,0.7559920000000001,POINTS_PER_WIN_UNIT_MISMATCH,2.5190174668611904,3.0.0,2.2.0,drbl-ranking-v2-seq
1629634,Brandon Clarke,1610612763,0.9797,0.3355,0.9,0,0,0.9797,2.467881412283908,0,-0.4347,2.467881412283908,2240,2240,55.28054363515954,21.945280000000004,38.714285714285715,1.4279107212033828,0.7315093333333335,POINTS_PER_WIN_UNIT_MISMATCH,2.5190174668611904,3.0.0,2.2.0,drbl-ranking-v2-seq
1631260,AJ Green,1610612749,1.0109,0.3441,0.93,0,0,1.0109,2.5464747572499773,0,-0.4347,2.5464747572499773,2161,2161,55.02931950417201,21.845548999999995,38.714285714285715,1.4214215370081331,0.7281849666666665,POINTS_PER_WIN_UNIT_MISMATCH,2.5190174668611904,3.0.0,2.2.0,drbl-ranking-v2-seq
1628988,Aaron Holiday,1610612745,3.2598,0.7791,2.5,0,0,3.2598,8.211493138474108,0,-0.4347,8.211493138474108,658,658,54.031624851159634,21.449483999999998,38.714285714285715,1.3956508264137175,0.7149827999999999,POINTS_PER_WIN_UNIT_MISMATCH,2.5190174668611904,3.0.0,2.2.0,drbl-ranking-v2-seq
1627747,Caris LeVert,1610612739,0.9259,0.317,0.85,0,0,0.9259,2.332358272566776,0,-0.4347,2.332358272566776,2237,2237,52.174854557318774,20.712383,38.714285714285715,1.3476899701152452,0.6904127666666666,POINTS_PER_WIN_UNIT_MISMATCH,2.5190174668611904,3.0.0,2.2.0,drbl-ranking-v2-seq
1631204,Marcus Sasser,1610612765,2.1005,0.5895,1.75,0,0,2.1005,5.29119618914193,0,-0.4347,5.29119618914193,984,984,52.06537050115659,20.66892,38.714285714285715,1.3448619686645613,0.688964,POINTS_PER_WIN_UNIT_MISMATCH,2.5190174668611904,3.0.0,2.2.0,drbl-ranking-v2-seq
203897,Zach LaVine,1610612741,0.5696,0.2078,0.54,0,0,0.5696,1.4348323491241342,0,-0.4347,1.4348323491241342,3611,3611,51.81179612687249,20.568256,38.714285714285715,1.3383120770778871,0.6856085333333334,POINTS_PER_WIN_UNIT_MISMATCH,2.5190174668611904,3.0.0,2.2.0,drbl-ranking-v2-seq
1627832,Fred VanVleet,1610612745,0.5716,0.2083,0.54,0,0,0.5716,1.4398703840578564,0,-0.4347,1.4398703840578564,3569,3569,51.3889740070249,20.400404,38.714285714285715,1.3273904725061783,0.6800134666666667,POINTS_PER_WIN_UNIT_MISMATCH,2.5190174668611904,3.0.0,2.2.0,drbl-ranking-v2-seq
1629652,Luguentz Dort,1610612760,0.6311,0.2273,0.59,0,0,0.6311,1.5897519233360973,0,-0.4347,1.5897519233360973,3223,3223,51.237704489122414,20.340353,38.714285714285715,1.3234831417854498,0.6780117666666666,POINTS_PER_WIN_UNIT_MISMATCH,2.5190174668611904,3.0.0,2.2.0,drbl-ranking-v2-seq
1629026,Kenrich Williams,1610612760,2.5208,0.6569,2.02,0,0,2.5208,6.349939230463689,0,-0.4347,6.349939230463689,804,804,51.05351141292805,20.267232,38.714285714285715,1.3187253870498021,0.6755744,POINTS_PER_WIN_UNIT_MISMATCH,2.5190174668611904,3.0.0,2.2.0,drbl-ranking-v2-seq
1630162,Anthony Edwards,1610612750,0.5158,0.189,0.49,0,0,0.5158,1.299309209407002,0,-0.4347,1.299309209407002,3775,3775,49.04892265511433,19.47145,38.714285714285715,1.2669463416450195,0.6490483333333333,POINTS_PER_WIN_UNIT_MISMATCH,2.5190174668611904,3.0.0,2.2.0,drbl-ranking-v2-seq
202692,Alec Burks,1610612748,2.6598,0.6579,2.08,0,0,2.6598,6.7000826583573945,0,-0.4347,6.7000826583573945,710,710,47.57058687433751,18.88458,38.714285714285715,1.2287605465696034,0.629486,POINTS_PER_WIN_UNIT_MISMATCH,2.5190174668611904,3.0.0,2.2.0,drbl-ranking-v2-seq
1641708,Amen Thompson,1610612745,0.5925,0.2124,0.56,0,0,0.5925,1.4925178491152553,0,-0.4347,1.4925178491152553,3091,3091,46.133726716152545,18.314175,38.714285714285715,1.1916460775389957,0.6104725,POINTS_PER_WIN_UNIT_MISMATCH,2.5190174668611904,3.0.0,2.2.0,drbl-ranking-v2-seq
1629726,Garrison Mathews,1610612737,1.109,0.3523,0.98,0,0,1.109,2.7935903707490604,0,-0.4347,2.7935903707490604,1527,1527,42.65812496133815,16.93443,38.714285714285715,1.101870386455229,0.564481,POINTS_PER_WIN_UNIT_MISMATCH,2.5190174668611904,3.0.0,2.2.0,drbl-ranking-v2-seq
1628976,Wendell Carter Jr.,1610612753,1.012,0.3265,0.9,0,0,1.012,2.5492456764635247,0,-0.4347,2.5492456764635247,1636,1636,41.705659266943265,16.55632,38.714285714285715,1.07726795154466,0.5518773333333333,POINTS_PER_WIN_UNIT_MISMATCH,2.5190174668611904,3.0.0,2.2.0,drbl-ranking-v2-seq
1630167,Obi Toppin,1610612754,0.7424,0.2539,0.68,0,0,0.7424,1.8701185673977476,0,-0.4347,1.8701185673977476,2219,2219,41.49793101055602,16.473855999999998,38.714285714285715,1.0719022770254323,0.5491285333333332,POINTS_PER_WIN_UNIT_MISMATCH,2.5190174668611904,3.0.0,2.2.0,drbl-ranking-v2-seq
203932,Aaron Gordon,1610612743,1.008,0.3246,0.9,0,0,1.008,2.53916960659608,0,-0.4347,2.53916960659608,1622,1622,41.18533101898842,16.34976,38.714285714285715,1.0638277384978558,0.544992,POINTS_PER_WIN_UNIT_MISMATCH,2.5190174668611904,3.0.0,2.2.0,drbl-ranking-v2-seq
1627751,Jakob Pöltl,1610612761,0.4922,0.1778,0.46,0,0,0.4922,1.239860397189078,0,-0.4347,1.239860397189078,3292,3292,40.81620427546445,16.203224,38.714285714285715,1.0542930993662405,0.5401074666666666,POINTS_PER_WIN_UNIT_MISMATCH,2.5190174668611904,3.0.0,2.2.0,drbl-ranking-v2-seq
1630572,Sandro Mamukelashvili,1610612759,2.488,0.5916,1.9,0,0,2.488,6.267315457550642,0,-0.4347,6.267315457550642,651,651,40.80022362865468,16.19688,38.714285714285715,1.0538803151313016,0.539896,POINTS_PER_WIN_UNIT_MISMATCH,2.5190174668611904,3.0.0,2.2.0,drbl-ranking-v2-seq
1631094,Paolo Banchero,1610612753,2.0442,0.5142,1.61,0,0,2.0442,5.149375505757646,0,-0.4347,5.149375505757646,738,738,38.00239123249142,15.086196,38.714285714285715,0.9816115816510699,0.5028732,POINTS_PER_WIN_UNIT_MISMATCH,2.5190174668611904,3.0.0,2.2.0,drbl-ranking-v2-seq
1631217,Moussa Diabaté,1610612766,0.7606,0.2536,0.69,0,0,0.7606,1.9159646852946215,0,-0.4347,1.9159646852946215,1924,1924,36.86316054506852,14.633944000000001,38.714285714285715,0.952184958728707,0.4877981333333334,POINTS_PER_WIN_UNIT_MISMATCH,2.5190174668611904,3.0.0,2.2.0,drbl-ranking-v2-seq
1629057,Robert Williams III,1610612757,2.2061,0.5291,1.69,0,0,2.2061,5.557204433642473,0,-0.4347,5.557204433642473,663,663,36.84426539504959,14.626443000000002,38.714285714285715,0.9516968921230521,0.48754810000000004,POINTS_PER_WIN_UNIT_MISMATCH,2.5190174668611904,3.0.0,2.2.0,drbl-ranking-v2-seq
1631213,Tyrese Martin,1610612751,1.7648,0.4646,1.42,0,0,1.7648,4.445562025516629,0,-0.4347,4.445562025516629,825,825,36.67588671051219,14.5596,38.714285714285715,0.9473476272088018,0.48532,POINTS_PER_WIN_UNIT_MISMATCH,2.5190174668611904,3.0.0,2.2.0,drbl-ranking-v2-seq
1631110,Jeremy Sochan,1610612759,0.826,0.2696,0.74,0,0,0.826,2.0807084276273433,0,-0.4347,2.0807084276273433,1728,1728,35.95464162940049,14.27328,38.714285714285715,0.9287176804642193,0.475776,POINTS_PER_WIN_UNIT_MISMATCH,2.5190174668611904,3.0.0,2.2.0,drbl-ranking-v2-seq
1630198,Isaiah Joe,1610612760,0.6242,0.2126,0.57,0,0,0.6242,1.572370702814755,0,-0.4347,1.572370702814755,2166,2166,34.0575494229676,13.520172,38.714285714285715,0.8797152987482405,0.45067240000000003,POINTS_PER_WIN_UNIT_MISMATCH,2.5190174668611904,3.0.0,2.2.0,drbl-ranking-v2-seq
1631323,Simone Fontecchio,1610612765,0.6859,0.2295,0.62,0,0,0.6859,1.7277940805200904,0,-0.4347,1.7277940805200904,1959,1959,33.84748603738857,13.436780999999998,38.714285714285715,0.8742893072388191,0.4478926999999999,POINTS_PER_WIN_UNIT_MISMATCH,2.5190174668611904,3.0.0,2.2.0,drbl-ranking-v2-seq
1641711,Gradey Dick,1610612761,0.4211,0.1514,0.4,0,0,0.4211,1.0607582552952473,0,-0.4347,1.0607582552952473,3174,3174,33.668467023071145,13.365713999999999,38.714285714285715,0.8696651998579262,0.44552379999999997,POINTS_PER_WIN_UNIT_MISMATCH,2.5190174668611904,3.0.0,2.2.0,drbl-ranking-v2-seq
1641783,Tristan da Silva,1610612753,0.5464,0.1897,0.51,0,0,0.5464,1.3763911438929544,0,-0.4347,1.3763911438929544,2442,2442,33.61147173386595,13.343088,38.714285714285715,0.8681929968157256,0.4447696,POINTS_PER_WIN_UNIT_MISMATCH,2.5190174668611904,3.0.0,2.2.0,drbl-ranking-v2-seq
1630540,Miles McBride,1610612752,0.5857,0.201,0.54,0,0,0.5857,1.4753885303405991,0,-0.4347,1.4753885303405991,2268,2268,33.461811868124784,13.283676,38.714285714285715,0.8643272438261014,0.4427892,POINTS_PER_WIN_UNIT_MISMATCH,2.5190174668611904,3.0.0,2.2.0,drbl-ranking-v2-seq
1631218,Trayce Jackson-Davis,1610612744,0.7096,0.2351,0.64,0,0,0.7096,1.7874947944847008,0,-0.4347,1.7874947944847008,1862,1862,33.28315307330513,13.212752,38.714285714285715,0.8597124410078816,0.44042506666666664,POINTS_PER_WIN_UNIT_MISMATCH,2.5190174668611904,3.0.0,2.2.0,drbl-ranking-v2-seq
1629673,Jordan Poole,1610612764,0.4341,0.1546,0.41,0,0,0.4341,1.0935054823644428,0,-0.4347,1.0935054823644428,2937,2937,32.11625601704368,12.749516999999999,38.714285714285715,0.8295711886321246,0.42498389999999997,POINTS_PER_WIN_UNIT_MISMATCH,2.5190174668611904,3.0.0,2.2.0,drbl-ranking-v2-seq
1629012,Collin Sexton,1610612762,0.4067,0.1458,0.38,0,0,0.4067,1.024484403772446,0,-0.4347,1.024484403772446,3099,3099,31.748771672908106,12.603633,38.714285714285715,0.8200789731009474,0.4201211,POINTS_PER_WIN_UNIT_MISMATCH,2.5190174668611904,3.0.0,2.2.0,drbl-ranking-v2-seq
1642261,Dalton Knecht,1610612747,0.5215,0.1805,0.48,0,0,0.5215,1.3136676089681107,0,-0.4347,1.3136676089681107,2397,2397,31.488612586965615,12.500354999999999,38.714285714285715,0.813358996711289,0.41667849999999995,POINTS_PER_WIN_UNIT_MISMATCH,2.5190174668611904,3.0.0,2.2.0,drbl-ranking-v2-seq
1626145,Tyus Jones,1610612756,0.3766,0.1359,0.35,0,0,0.3766,0.9486619780199242,0,-0.4347,0.9486619780199242,3273,3273,31.04970654059212,12.326118,38.714285714285715,0.8020219401628961,0.4108706,POINTS_PER_WIN_UNIT_MISMATCH,2.5190174668611904,3.0.0,2.2.0,drbl-ranking-v2-seq
1630188,Jalen Smith,1610612741,0.7339,0.2378,0.66,0,0,0.7339,1.8487069189294276,0,-0.4347,1.8487069189294276,1668,1668,30.836431407742854,12.241451999999999,38.714285714285715,0.7965129883918818,0.4080484,POINTS_PER_WIN_UNIT_MISMATCH,2.5190174668611904,3.0.0,2.2.0,drbl-ranking-v2-seq
203552,Seth Curry,1610612766,0.8919,0.2757,0.78,0,0,0.8919,2.246711678693496,0,-0.4347,2.246711678693496,1364,1364,30.645147297379285,12.165516,38.714285714285715,0.791572070412011,0.4055172,POINTS_PER_WIN_UNIT_MISMATCH,2.5190174668611904,3.0.0,2.2.0,drbl-ranking-v2-seq
1630552,Jalen Johnson,1610612737,0.2926,0.1082,0.28,0,0,0.2926,0.7370645108035844,0,-0.4347,0.7370645108035844,4147,4147,30.566065263024644,12.134122000000001,38.714285714285715,0.7895293610375369,0.4044707333333334,POINTS_PER_WIN_UNIT_MISMATCH,2.5190174668611904,3.0.0,2.2.0,drbl-ranking-v2-seq
1629731,Dean Wade,1610612739,0.6944,0.2271,0.62,0,0,0.6944,1.7492057289884106,0,-0.4347,1.7492057289884106,1744,1744,30.506147913557882,12.110336,38.714285714285715,0.7879816804240043,0.40367786666666666,POINTS_PER_WIN_UNIT_MISMATCH,2.5190174668611904,3.0.0,2.2.0,drbl-ranking-v2-seq
1629656,Quentin Grimes,1610612742,0.5585,0.1901,0.51,0,0,0.5585,1.4068712552419749,0,-0.4347,1.4068712552419749,2157,2157,30.346212975569397,12.046845000000001,38.714285714285715,0.7838505196641542,0.4015615,POINTS_PER_WIN_UNIT_MISMATCH,2.5190174668611904,3.0.0,2.2.0,drbl-ranking-v2-seq
1627780,Gary Payton II,1610612744,0.9255,0.2822,0.8,0,0,0.9255,2.3313506655800316,0,-0.4347,2.3313506655800316,1296,1296,30.214304625917208,11.994480000000001,38.714285714285715,0.7804432929203706,0.39981600000000006,POINTS_PER_WIN_UNIT_MISMATCH,2.5190174668611904,3.0.0,2.2.0,drbl-ranking-v2-seq
1629023,P.J. Washington,1610612742,0.3999,0.1427,0.37,0,0,0.3999,1.00735508499779,0,-0.4347,1.00735508499779,2982,2982,30.039328634634092,11.925018,38.714285714285715,0.7759236178687773,0.3975006,POINTS_PER_WIN_UNIT_MISMATCH,2.5190174668611904,3.0.0,2.2.0,drbl-ranking-v2-seq
1641706,Brandon Miller,1610612766,0.4214,0.149,0.39,0,0,0.4214,1.0615139605353057,0,-0.4347,1.0615139605353057,2783,2783,29.541933521697555,11.727562,38.714285714285715,0.763075773623184,0.3909187333333334,POINTS_PER_WIN_UNIT_MISMATCH,2.5190174668611904,3.0.0,2.2.0,drbl-ranking-v2-seq
1626166,Cameron Payne,1610612752,0.8072,0.2534,0.71,0,0,0.8072,2.033350899250353,0,-0.4347,2.033350899250353,1452,1452,29.524255057115123,11.720544,38.714285714285715,0.7626191343166268,0.3906848,POINTS_PER_WIN_UNIT_MISMATCH,2.5190174668611904,3.0.0,2.2.0,drbl-ranking-v2-seq
1630178,Tyrese Maxey,1610612755,0.4098,0.1451,0.38,0,0,0.4098,1.0322933579197158,0,-0.4347,1.0322933579197158,2806,2806,28.966151623227223,11.498987999999999,38.714285714285715,0.7482031784597437,0.38329959999999996,POINTS_PER_WIN_UNIT_MISMATCH,2.5190174668611904,3.0.0,2.2.0,drbl-ranking-v2-seq
1631111,Wendell Moore Jr.,1610612765,1.6781,0.4058,1.29,0,0,1.6781,4.2271632111397635,0,-0.4347,4.2271632111397635,675,675,28.5333516751934,11.327175,38.714285714285715,0.7370238440086856,0.37757250000000003,POINTS_PER_WIN_UNIT_MISMATCH,2.5190174668611904,3.0.0,2.2.0,drbl-ranking-v2-seq
1630215,Jared Butler,1610612764,1.4412,0.372,1.15,0,0,1.4412,3.630407973240348,0,-0.4347,3.630407973240348,785,785,28.49870258993673,11.31342,38.714285714285715,0.7361288491865576,0.377114,POINTS_PER_WIN_UNIT_MISMATCH,2.5190174668611904,3.0.0,2.2.0,drbl-ranking-v2-seq
203484,Kentavious Caldwell-Pope,1610612753,0.3251,0.118,0.31,0,0,0.3251,0.818932578476573,0,-0.4347,0.818932578476573,3454,3454,28.285931260580828,11.228954000000002,38.714285714285715,0.7306329107899107,0.3742984666666667,POINTS_PER_WIN_UNIT_MISMATCH,2.5190174668611904,3.0.0,2.2.0,drbl-ranking-v2-seq
1630194,Paul Reed,1610612765,1.7569,0.3992,1.31,0,0,1.7569,4.425661787528425,0,-0.4347,4.425661787528425,593,593,26.244174400043562,10.418417,38.714285714285715,0.6778938036911621,0.3472805666666667,POINTS_PER_WIN_UNIT_MISMATCH,2.5190174668611904,3.0.0,2.2.0,drbl-ranking-v2-seq
204001,Kristaps Porziņģis,1610612738,0.9827,0.2824,0.83,0,0,0.9827,2.475438464684492,0,-0.4347,2.475438464684492,1057,1057,26.165384571715077,10.387139,38.714285714285715,0.6758586420738212,0.3462379666666667,POINTS_PER_WIN_UNIT_MISMATCH,2.5190174668611904,3.0.0,2.2.0,drbl-ranking-v2-seq
1629637,Jaxson Hayes,1610612747,1.249,0.3251,1,0,0,1.249,3.146252816109627,0,-0.4347,3.146252816109627,802,802,25.23294758519921,10.01698,38.714285714285715,0.6517735538612341,0.3338993333333333,POINTS_PER_WIN_UNIT_MISMATCH,2.5190174668611904,3.0.0,2.2.0,drbl-ranking-v2-seq
1631165,Keon Ellis,1610612758,0.4619,0.1572,0.42,0,0,0.4619,1.1635341679431839,0,-0.4347,1.1635341679431839,2156,2156,25.085796660855046,9.958563999999999,38.714285714285715,0.6479726074759605,0.3319521333333333,POINTS_PER_WIN_UNIT_MISMATCH,2.5190174668611904,3.0.0,2.2.0,drbl-ranking-v2-seq
1628420,Monté Morris,1610612756,0.9838,0.2786,0.82,0,0,0.9838,2.4782093838980392,0,-0.4347,2.4782093838980392,1011,1011,25.054696871209174,9.946218,38.714285714285715,0.6471692918762517,0.3315406,POINTS_PER_WIN_UNIT_MISMATCH,2.5190174668611904,3.0.0,2.2.0,drbl-ranking-v2-seq
1630537,Chris Duarte,1610612741,4.1131,0.5182,2.23,0,0,4.1131,10.360970742946764,0,-0.4347,10.360970742946764,236,236,24.451890953354365,9.706916,38.714285714285715,0.6315986593117363,0.32356386666666664,POINTS_PER_WIN_UNIT_MISMATCH,2.5190174668611904,3.0.0,2.2.0,drbl-ranking-v2-seq
1630168,Onyeka Okongwu,1610612737,0.391,0.1361,0.36,0,0,0.391,0.9849358295427255,0,-0.4347,0.9849358295427255,2481,2481,24.436257930955023,9.70071,38.714285714285715,0.6311948543051112,0.323357,POINTS_PER_WIN_UNIT_MISMATCH,2.5190174668611904,3.0.0,2.2.0,drbl-ranking-v2-seq
1629610,DaQuan Jeffries,1610612766,2.2638,0.432,1.54,0,0,2.2638,5.702551741480362,0,-0.4347,5.702551741480362,427,427,24.349895936121147,9.666426,38.714285714285715,0.6289641016710259,0.3222142,POINTS_PER_WIN_UNIT_MISMATCH,2.5190174668611904,3.0.0,2.2.0,drbl-ranking-v2-seq
201143,Al Horford,1610612738,0.3951,0.1372,0.37,0,0,0.3951,0.9952638011568563,0,-0.4347,0.9952638011568563,2446,2446,24.344152576296707,9.664146,38.714285714285715,0.628815749203236,0.32213820000000004,POINTS_PER_WIN_UNIT_MISMATCH,2.5190174668611904,3.0.0,2.2.0,drbl-ranking-v2-seq
1627827,Dorian Finney-Smith,1610612751,0.4849,0.1626,0.44,0,0,0.4849,1.2214715696809912,0,-0.4347,1.2214715696809912,1982,1982,24.209566511077245,9.610717999999999,38.714285714285715,0.625339356374689,0.32035726666666664,POINTS_PER_WIN_UNIT_MISMATCH,2.5190174668611904,3.0.0,2.2.0,drbl-ranking-v2-seq
201572,Brook Lopez,1610612749,0.2689,0.0978,0.25,0,0,0.2689,0.6773637968389741,0,-0.4347,0.6773637968389741,3503,3503,23.728053803269262,9.419566999999999,38.714285714285715,0.6129017587560326,0.3139855666666666,POINTS_PER_WIN_UNIT_MISMATCH,2.5190174668611904,3.0.0,2.2.0,drbl-ranking-v2-seq
1631133,Jabari Walker,1610612757,1.0383,0.2812,0.85,0,0,1.0383,2.615495835841974,0,-0.4347,2.615495835841974,889,889,23.251757980635148,9.230487,38.714285714285715,0.6005989146289521,0.3076829,POINTS_PER_WIN_UNIT_MISMATCH,2.5190174668611904,3.0.0,2.2.0,drbl-ranking-v2-seq
1641724,Jett Howard,1610612753,0.7635,0.2283,0.65,0,0,0.7635,1.9232698359485187,0,-0.4347,1.9232698359485187,1206,1206,23.194634221539136,9.20781,38.714285714285715,0.5991233931762876,0.306927,POINTS_PER_WIN_UNIT_MISMATCH,2.5190174668611904,3.0.0,2.2.0,drbl-ranking-v2-seq
1627763,Malcolm Brogdon,1610612764,0.7627,0.2279,0.65,0,0,0.7627,1.9212546219750302,0,-0.4347,1.9212546219750302,1204,1204,23.131905648579362,9.182908000000001,38.714285714285715,0.5975030979337842,0.3060969333333334,POINTS_PER_WIN_UNIT_MISMATCH,2.5190174668611904,3.0.0,2.2.0,drbl-ranking-v2-seq
1628970,Miles Bridges,1610612766,0.524,0.1711,0.47,0,0,0.524,1.3199651526352638,0,-0.4347,1.3199651526352638,1732,1732,22.86179644364277,9.07568,38.714285714285715,0.5905261074003667,0.30252266666666666,POINTS_PER_WIN_UNIT_MISMATCH,2.5190174668611904,3.0.0,2.2.0,drbl-ranking-v2-seq
1628418,Thomas Bryant,1610612748,1.8908,0.3825,1.33,0,0,1.8908,4.762958226341139,0,-0.4347,4.762958226341139,479,479,22.814569904174054,9.056932,38.714285714285715,0.5893062336871526,0.3018977333333333,POINTS_PER_WIN_UNIT_MISMATCH,2.5190174668611904,3.0.0,2.2.0,drbl-ranking-v2-seq
1642349,Ajay Mitchell,1610612760,0.534,0.1736,0.48,0,0,0.534,1.3451553273038757,0,-0.4347,1.3451553273038757,1694,1694,22.786931244527654,9.045960000000001,38.714285714285715,0.588592319969349,0.301532,POINTS_PER_WIN_UNIT_MISMATCH,2.5190174668611904,3.0.0,2.2.0,drbl-ranking-v2-seq
1628470,Torrey Craig,1610612741,3.1797,0.4607,1.85,0,0,3.1797,8.009719839378526,0,-0.4347,8.009719839378526,280,280,22.427215550259874,8.90316,38.714285714285715,0.5793007706709192,0.296772,POINTS_PER_WIN_UNIT_MISMATCH,2.5190174668611904,3.0.0,2.2.0,drbl-ranking-v2-seq
1641712,Rayan Rupert,1610612757,0.8588,0.2451,0.72,0,0,0.8588,2.1633322005403905,0,-0.4347,2.1633322005403905,1035,1035,22.390488275593043,8.888580000000001,38.714285714285715,0.5783520956795251,0.29628600000000005,POINTS_PER_WIN_UNIT_MISMATCH,2.5190174668611904,3.0.0,2.2.0,drbl-ranking-v2-seq
1629674,Neemias Queta,1610612738,0.6225,0.194,0.55,0,0,0.6225,1.5680883731210913,0,-0.4347,1.5680883731210913,1409,1409,22.094365177276178,8.771025000000002,38.714285714285715,0.5707031595606392,0.29236750000000006,POINTS_PER_WIN_UNIT_MISMATCH,2.5190174668611904,3.0.0,2.2.0,drbl-ranking-v2-seq
1628436,Luke Kornet,1610612738,0.6187,0.1924,0.54,0,0,0.6187,1.5585161067470186,0,-0.4347,1.5585161067470186,1398,1398,21.788055172323322,8.649426,38.714285714285715,0.5627910930120416,0.2883142,POINTS_PER_WIN_UNIT_MISMATCH,2.5190174668611904,3.0.0,2.2.0,drbl-ranking-v2-seq
1629006,Josh Okogie,1610612756,1.0764,0.2792,0.86,0,0,1.0764,2.7114704013293855,0,-0.4347,2.7114704013293855,795,795,21.556189690568615,8.55738,38.714285714285715,0.5568019477268646,0.285246,POINTS_PER_WIN_UNIT_MISMATCH,2.5190174668611904,3.0.0,2.2.0,drbl-ranking-v2-seq
203914,Gary Harris,1610612753,0.735,0.2174,0.63,0,0,0.735,1.8514778381429748,0,-0.4347,1.8514778381429748,1163,1163,21.5326872576028,8.54805,38.714285714285715,0.5561948738126185,0.284935,POINTS_PER_WIN_UNIT_MISMATCH,2.5190174668611904,3.0.0,2.2.0,drbl-ranking-v2-seq
1630573,Sam Hauser,1610612738,0.4715,0.155,0.42,0,0,0.4715,1.1877167356250513,0,-0.4347,1.1877167356250513,1790,1790,21.26012956768842,8.43985,38.714285714285715,0.5491546382797746,0.28132833333333335,POINTS_PER_WIN_UNIT_MISMATCH,2.5190174668611904,3.0.0,2.2.0,drbl-ranking-v2-seq
203114,Khris Middleton,1610612749,1.8127,0.3611,1.27,0,0,1.8127,4.56622296217928,0,-0.4347,4.56622296217928,464,464,21.18727454451186,8.410928,38.714285714285715,0.5472727742124835,0.2803642666666667,POINTS_PER_WIN_UNIT_MISMATCH,2.5190174668611904,3.0.0,2.2.0,drbl-ranking-v2-seq
1627777,Georges Niang,1610612739,0.344,0.1194,0.32,0,0,0.344,0.8665420086002494,0,-0.4347,0.8665420086002494,2437,2437,21.11762874958808,8.38328,38.714285714285715,0.5454738053399134,0.2794426666666666,POINTS_PER_WIN_UNIT_MISMATCH,2.5190174668611904,3.0.0,2.2.0,drbl-ranking-v2-seq
1628998,Cody Martin,1610612766,0.285,0.1012,0.27,0,0,0.285,0.7179199780554392,0,-0.4347,0.7179199780554392,2864,2864,20.56122817150778,8.162399999999998,38.714285714285715,0.5311018346883928,0.27207999999999993,POINTS_PER_WIN_UNIT_MISMATCH,2.5190174668611904,3.0.0,2.2.0,drbl-ranking-v2-seq
1631116,Patrick Baldwin Jr.,1610612764,3.4219,0.4216,1.83,0,0,3.4219,8.619825869852308,0,-0.4347,8.619825869852308,230,230,19.825599500660307,7.87037,38.714285714285715,0.5121003561056168,0.2623456666666667,POINTS_PER_WIN_UNIT_MISMATCH,2.5190174668611904,3.0.0,2.2.0,drbl-ranking-v2-seq
1641741,Ricky Council IV,1610612755,0.8398,0.2316,0.69,0,0,0.8398,2.1154708686700276,0,-0.4347,2.1154708686700276,935,935,19.77965262206476,7.85213,38.714285714285715,0.5109135363632964,0.26173766666666665,POINTS_PER_WIN_UNIT_MISMATCH,2.5190174668611904,3.0.0,2.2.0,drbl-ranking-v2-seq
1641744,Zach Edey,1610612763,0.5009,0.16,0.44,0,0,0.5009,1.2617758491507702,0,-0.4347,1.2617758491507702,1564,1564,19.734174280718047,7.834076,38.714285714285715,0.5097388190591378,0.26113586666666666,POINTS_PER_WIN_UNIT_MISMATCH,2.5190174668611904,3.0.0,2.2.0,drbl-ranking-v2-seq
1630243,Trevelin Queen,1610612753,3.1815,0.411,1.75,0,0,3.1815,8.014254070818877,0,-0.4347,8.014254070818877,243,243,19.47463739208987,7.731045,38.714285714285715,0.5030349141868232,0.2577015,POINTS_PER_WIN_UNIT_MISMATCH,2.5190174668611904,3.0.0,2.2.0,drbl-ranking-v2-seq
1630174,Aaron Nesmith,1610612754,1.3704,0.3015,1.01,0,0,1.3704,3.4520615365865757,0,-0.4347,3.4520615365865757,557,557,19.227982758787228,7.633128,38.714285714285715,0.49666376129708706,0.2544376,POINTS_PER_WIN_UNIT_MISMATCH,2.5190174668611904,3.0.0,2.2.0,drbl-ranking-v2-seq
1626172,Kevon Looney,1610612744,0.4897,0.1561,0.43,0,0,0.4897,1.233562853521925,0,-0.4347,1.233562853521925,1551,1551,19.132559858125056,7.5952470000000005,38.714285714285715,0.49419896312500144,0.25317490000000004,POINTS_PER_WIN_UNIT_MISMATCH,2.5190174668611904,3.0.0,2.2.0,drbl-ranking-v2-seq
1641890,Tyler Smith,1610612749,4.5783,0.4062,2.06,0,0,4.5783,11.532817668530587,0,-0.4347,11.532817668530587,164,164,18.913820976390163,7.508412,38.714285714285715,0.488548881308971,0.2502804,POINTS_PER_WIN_UNIT_MISMATCH,2.5190174668611904,3.0.0,2.2.0,drbl-ranking-v2-seq
1630264,Anthony Gill,1610612764,1.288,0.2852,0.95,0,0,1.288,3.244494497317213,0,-0.4347,3.244494497317213,564,564,18.298948964869084,7.2643200000000006,38.714285714285715,0.4726665784283527,0.24214400000000003,POINTS_PER_WIN_UNIT_MISMATCH,2.5190174668611904,3.0.0,2.2.0,drbl-ranking-v2-seq
1641871,Duop Reath,1610612757,1.98,0.3438,1.28,0,0,1.98,4.987654584385157,0,-0.4347,4.987654584385157,363,363,18.10518614131812,7.1874,38.714285714285715,0.46766163464659355,0.23958000000000002,POINTS_PER_WIN_UNIT_MISMATCH,2.5190174668611904,3.0.0,2.2.0,drbl-ranking-v2-seq
1628392,Isaiah Hartenstein,1610612760,0.5225,0.1617,0.46,0,0,0.5225,1.316186626434972,0,-0.4347,1.316186626434972,1371,1371,18.044918648423465,7.163475,38.714285714285715,0.4661049097378755,0.2387825,POINTS_PER_WIN_UNIT_MISMATCH,2.5190174668611904,3.0.0,2.2.0,drbl-ranking-v2-seq
203915,Spencer Dinwiddie,1610612742,0.3111,0.107,0.29,0,0,0.3111,0.7836663339405163,0,-0.4347,0.7836663339405163,2301,2301,18.03216234397128,7.158411,38.714285714285715,0.46577541109888915,0.2386137,POINTS_PER_WIN_UNIT_MISMATCH,2.5190174668611904,3.0.0,2.2.0,drbl-ranking-v2-seq
1641717,Cason Wallace,1610612760,0.2499,0.0884,0.23,0,0,0.2499,0.6295024649686115,0,-0.4347,0.6295024649686115,2788,2788,17.550528723324888,6.967212000000001,38.714285714285715,0.45333469027038453,0.23224040000000004,POINTS_PER_WIN_UNIT_MISMATCH,2.5190174668611904,3.0.0,2.2.0,drbl-ranking-v2-seq
1629001,De'Anthony Melton,1610612744,1.3101,0.2797,0.95,0,0,1.3101,3.3001647833348455,0,-0.4347,3.3001647833348455,527,527,17.391868408174638,6.904227000000001,38.714285714285715,0.44923645334768436,0.2301409,POINTS_PER_WIN_UNIT_MISMATCH,2.5190174668611904,3.0.0,2.2.0,drbl-ranking-v2-seq
1630539,Kai Jones,1610612746,1.2325,0.2717,0.91,0,0,1.2325,3.104689027906417,0,-0.4347,3.104689027906417,559,559,17.355211665996872,6.8896749999999995,38.714285714285715,0.4482896002287015,0.2296558333333333,POINTS_PER_WIN_UNIT_MISMATCH,2.5190174668611904,3.0.0,2.2.0,drbl-ranking-v2-seq
1628371,Jonathan Isaac,1610612753,0.4087,0.1322,0.36,0,0,0.4087,1.0295224387061686,0,-0.4347,1.0295224387061686,1655,1655,17.03859636058709,6.763985,38.714285714285715,0.44011134510741556,0.22546616666666666,POINTS_PER_WIN_UNIT_MISMATCH,2.5190174668611904,3.0.0,2.2.0,drbl-ranking-v2-seq
1631096,Chet Holmgren,1610612760,0.5929,0.1741,0.5,0,0,0.5929,1.4935254561019997,0,-0.4347,1.4935254561019997,1134,1134,16.936578672196678,6.723486,38.714285714285715,0.4374762018648588,0.22411620000000002,POINTS_PER_WIN_UNIT_MISMATCH,2.5190174668611904,3.0.0,2.2.0,drbl-ranking-v2-seq
203081,Damian Lillard,1610612749,0.2247,0.0801,0.21,0,0,0.2247,0.5660232248037095,0,-0.4347,0.5660232248037095,2960,2960,16.7542874541898,6.651120000000001,38.714285714285715,0.4327675726174487,0.221704,POINTS_PER_WIN_UNIT_MISMATCH,2.5190174668611904,3.0.0,2.2.0,drbl-ranking-v2-seq
1642277,Johnny Furphy,1610612754,0.9446,0.2307,0.73,0,0,0.9446,2.3794638991970807,0,-0.4347,2.3794638991970807,690,690,16.418300904459855,6.51774,38.714285714285715,0.42408895325173057,0.217258,POINTS_PER_WIN_UNIT_MISMATCH,2.5190174668611904,3.0.0,2.2.0,drbl-ranking-v2-seq
1630550,JT Thor,1610612739,10.6657,0.2604,2.49,0,0,10.6657,26.867084596301396,0,-0.4347,26.867084596301396,61,61,16.388921603743853,6.506076999999999,38.714285714285715,0.42333007832548697,0.21686923333333333,POINTS_PER_WIN_UNIT_MISMATCH,2.5190174668611904,3.0.0,2.2.0,drbl-ranking-v2-seq
1631109,Mark Williams,1610612766,2.28,0.333,1.34,0,0,2.28,5.743359824443513,0,-0.4347,5.743359824443513,283,283,16.25370830317514,6.452399999999999,38.714285714285715,0.41983748384585234,0.21507999999999997,POINTS_PER_WIN_UNIT_MISMATCH,2.5190174668611904,3.0.0,2.2.0,drbl-ranking-v2-seq
1630695,Micah Potter,1610612762,1.0239,0.2362,0.77,0,0,1.0239,2.579221984319173,0,-0.4347,2.579221984319173,611,611,15.759046324190146,6.256029,38.714285714285715,0.40706023715620304,0.2085343,POINTS_PER_WIN_UNIT_MISMATCH,2.5190174668611904,3.0.0,2.2.0,drbl-ranking-v2-seq
1631098,Johnny Davis,1610612764,0.9981,0.2272,0.75,0,0,0.9981,2.514231333674154,0,-0.4347,2.514231333674154,595,595,14.959676435361219,5.938695,38.714285714285715,0.38641230644844476,0.1979565,POINTS_PER_WIN_UNIT_MISMATCH,2.5190174668611904,3.0.0,2.2.0,drbl-ranking-v2-seq
203926,Doug McDermott,1610612758,0.8688,0.2098,0.67,0,0,0.8688,2.1885223752090024,0,-0.4347,2.1885223752090024,673,673,14.728755585156586,5.847024,38.714285714285715,0.380447561240207,0.1949008,POINTS_PER_WIN_UNIT_MISMATCH,2.5190174668611904,3.0.0,2.2.0,drbl-ranking-v2-seq
1630560,Cam Thomas,1610612751,0.2596,0.089,0.24,0,0,0.2596,0.653936934397165,0,-0.4347,0.653936934397165,2246,2246,14.687423546560327,5.830616,38.714285714285715,0.3793799440070933,0.19435386666666668,POINTS_PER_WIN_UNIT_MISMATCH,2.5190174668611904,3.0.0,2.2.0,drbl-ranking-v2-seq
1628989,Kevin Huerter,1610612758,0.2145,0.0755,0.2,0,0,0.2145,0.5403292466417253,0,-0.4347,0.5403292466417253,2690,2690,14.534856734662412,5.77005,38.714285714285715,0.37543910384736856,0.192335,POINTS_PER_WIN_UNIT_MISMATCH,2.5190174668611904,3.0.0,2.2.0,drbl-ranking-v2-seq
1630171,Isaac Okoro,1610612739,0.3078,0.1018,0.28,0,0,0.3078,0.7753535762998744,0,-0.4347,0.7753535762998744,1840,1840,14.266505803917688,5.663520000000001,38.714285714285715,0.3685075299904938,0.18878400000000004,POINTS_PER_WIN_UNIT_MISMATCH,2.5190174668611904,3.0.0,2.2.0,drbl-ranking-v2-seq
1641730,Noah Clowney,1610612751,0.3974,0.1232,0.35,0,0,0.3974,1.001057541330637,0,-0.4347,1.001057541330637,1382,1382,13.834615221189404,5.492068,38.714285714285715,0.3573516846801691,0.18306893333333332,POINTS_PER_WIN_UNIT_MISMATCH,2.5190174668611904,3.0.0,2.2.0,drbl-ranking-v2-seq
1628370,Malik Monk,1610612758,0.214,0.0748,0.2,0,0,0.214,0.5390697379082947,0,-0.4347,0.5390697379082947,2559,2559,13.794794593073261,5.47626,38.714285714285715,0.356323107570158,0.182542,POINTS_PER_WIN_UNIT_MISMATCH,2.5190174668611904,3.0.0,2.2.0,drbl-ranking-v2-seq
1630578,Alperen Sengun,1610612745,0.1613,0.0584,0.15,0,0,0.1613,0.40631751740471,0,-0.4347,0.40631751740471,3382,3382,13.741658438627292,5.455166,38.714285714285715,0.3549505869756127,0.18183886666666668,POINTS_PER_WIN_UNIT_MISMATCH,2.5190174668611904,3.0.0,2.2.0,drbl-ranking-v2-seq
1630604,E.J. Liddell,1610612741,3.7267,0.2799,1.54,0,0,3.7267,9.387622393751599,0,-0.4347,9.387622393751599,141,141,13.236547575189753,5.254647,38.714285714285715,0.3419034429015803,0.1751549,POINTS_PER_WIN_UNIT_MISMATCH,2.5190174668611904,3.0.0,2.2.0,drbl-ranking-v2-seq
203944,Julius Randle,1610612750,0.1517,0.0551,0.14,0,0,0.1517,0.38213494972284257,0,-0.4347,0.38213494972284257,3458,3458,13.214226561415897,5.245786000000001,38.714285714285715,0.3413268853502261,0.17485953333333334,POINTS_PER_WIN_UNIT_MISMATCH,2.5190174668611904,3.0.0,2.2.0,drbl-ranking-v2-seq
1641810,Antonio Reeves,1610612740,0.9598,0.2077,0.7,0,0,0.9598,2.4177529646933706,0,-0.4347,2.4177529646933706,540,540,13.055866009344202,5.18292,38.714285714285715,0.33723639138527456,0.172764,POINTS_PER_WIN_UNIT_MISMATCH,2.5190174668611904,3.0.0,2.2.0,drbl-ranking-v2-seq
203937,Kyle Anderson,1610612744,0.3273,0.1045,0.29,0,0,0.3273,0.8244744169036676,0,-0.4347,0.8244744169036676,1560,1560,12.861800903697215,5.10588,38.714285714285715,0.33222363957889484,0.170196,POINTS_PER_WIN_UNIT_MISMATCH,2.5190174668611904,3.0.0,2.2.0,drbl-ranking-v2-seq
1628963,Marvin Bagley III,1610612764,0.738,0.1799,0.57,0,0,0.738,1.8590348905435585,0,-0.4347,1.8590348905435585,687,687,12.771569698034249,5.07006,38.714285714285715,0.3298929442296669,0.16900199999999999,POINTS_PER_WIN_UNIT_MISMATCH,2.5190174668611904,3.0.0,2.2.0,drbl-ranking-v2-seq
1631288,Jamal Cain,1610612740,0.6511,0.1674,0.52,0,0,0.6511,1.6401322726733212,0,-0.4347,1.6401322726733212,778,778,12.760229081398439,5.065558,38.714285714285715,0.3296000131726534,0.16885193333333334,POINTS_PER_WIN_UNIT_MISMATCH,2.5190174668611904,3.0.0,2.2.0,drbl-ranking-v2-seq
1630696,Dru Smith,1610612748,0.5563,0.1462,0.45,0,0,0.5563,1.4013294168148802,0,-0.4347,1.4013294168148802,822,822,11.518927806218315,4.572786000000001,38.714285714285715,0.2975368806034251,0.1524262,POINTS_PER_WIN_UNIT_MISMATCH,2.5190174668611904,3.0.0,2.2.0,drbl-ranking-v2-seq
1630256,Jae'Sean Tate,1610612745,1.1516,0.2095,0.76,0,0,1.1516,2.900900514837347,0,-0.4347,2.900900514837347,392,392,11.3715300181624,4.514272,38.714285714285715,0.2937295576647114,0.15047573333333333,POINTS_PER_WIN_UNIT_MISMATCH,2.5190174668611904,3.0.0,2.2.0,drbl-ranking-v2-seq
1629312,Haywood Highsmith,1610612748,0.1962,0.0673,0.18,0,0,0.1962,0.4942312269981656,0,-0.4347,0.4942312269981656,2267,2267,11.204221916048414,4.447854,38.714285714285715,0.28940794617099225,0.14826180000000003,POINTS_PER_WIN_UNIT_MISMATCH,2.5190174668611904,3.0.0,2.2.0,drbl-ranking-v2-seq
1641857,Liam Robbins,1610612749,3.099,0.2194,1.24,0,0,3.099,7.806435129802829,0,-0.4347,7.806435129802829,134,134,10.460623073935793,4.15266,38.714285714285715,0.27020059600572155,0.138422,POINTS_PER_WIN_UNIT_MISMATCH,2.5190174668611904,3.0.0,2.2.0,drbl-ranking-v2-seq
1629626,Bol Bol,1610612756,2.585,0.2097,1.11,0,0,2.585,6.511660151836177,0,-0.4347,6.511660151836177,151,151,9.832606829272628,3.9033499999999997,38.714285714285715,0.25397877418785386,0.13011166666666665,POINTS_PER_WIN_UNIT_MISMATCH,2.5190174668611904,3.0.0,2.2.0,drbl-ranking-v2-seq
1641796,Pelle Larsson,1610612748,0.3498,0.1017,0.3,0,0,0.3498,0.8811523099080444,0,-0.4347,0.8811523099080444,1098,1098,9.675052362790327,3.840804,38.714285714285715,0.24990910162189034,0.1280268,POINTS_PER_WIN_UNIT_MISMATCH,2.5190174668611904,3.0.0,2.2.0,drbl-ranking-v2-seq
1642276,Kel'el Ware,1610612748,0.9746,0.1757,0.64,0,0,0.9746,2.455034423202916,0,-0.4347,2.455034423202916,386,386,9.476432873563256,3.761956,38.714285714285715,0.24477870891122802,0.12539853333333334,POINTS_PER_WIN_UNIT_MISMATCH,2.5190174668611904,3.0.0,2.2.0,drbl-ranking-v2-seq
1631107,Nikola Jović,1610612748,0.3006,0.0901,0.26,0,0,0.3006,0.7572166505384738,0,-0.4347,0.7572166505384738,1217,1217,9.215326637053225,3.658302,38.714285714285715,0.2380342673777586,0.1219434,POINTS_PER_WIN_UNIT_MISMATCH,2.5190174668611904,3.0.0,2.2.0,drbl-ranking-v2-seq
1641729,Brice Sensabaugh,1610612762,0.2688,0.0823,0.23,0,0,0.2688,0.677111895092288,0,-0.4347,0.677111895092288,1314,1314,8.897250301512663,3.5320319999999996,38.714285714285715,0.2298182734708068,0.11773439999999999,POINTS_PER_WIN_UNIT_MISMATCH,2.5190174668611904,3.0.0,2.2.0,drbl-ranking-v2-seq
1641727,Dariq Whitehead,1610612751,2.677,0.1846,1.06,0,0,2.677,6.743409758787407,0,-0.4347,6.743409758787407,131,131,8.833866784011503,3.50687,38.714285714285715,0.22818106084162554,0.11689566666666668,POINTS_PER_WIN_UNIT_MISMATCH,2.5190174668611904,3.0.0,2.2.0,drbl-ranking-v2-seq
1642345,Oso Ighodaro,1610612756,0.2609,0.0799,0.23,0,0,0.2609,0.6572116571040847,0,-0.4347,0.6572116571040847,1316,1316,8.648905407489755,3.433444,38.714285714285715,0.22340346071006748,0.11444813333333334,POINTS_PER_WIN_UNIT_MISMATCH,2.5190174668611904,3.0.0,2.2.0,drbl-ranking-v2-seq
1631157,Ryan Rollins,1610612749,0.5786,0.131,0.43,0,0,0.5786,1.4575035063258848,0,-0.4347,1.4575035063258848,589,589,8.58469565225946,3.407954,38.714285714285715,0.22174490614692333,0.11359846666666668,POINTS_PER_WIN_UNIT_MISMATCH,2.5190174668611904,3.0.0,2.2.0,drbl-ranking-v2-seq
1631230,Dominick Barlow,1610612737,4.8526,0.1425,1.24,0,0,4.8526,12.223784159690613,0,-0.4347,12.223784159690613,69,69,8.434411070186522,3.3482939999999997,38.714285714285715,0.2178630165730836,0.1116098,POINTS_PER_WIN_UNIT_MISMATCH,2.5190174668611904,3.0.0,2.2.0,drbl-ranking-v2-seq
1642403,Isaac Jones,1610612758,0.5294,0.1239,0.4,0,0,0.5294,1.3335678469563141,0,-0.4347,1.3335678469563141,629,629,8.388141757355216,3.329926,38.714285714285715,0.21666786827116793,0.11099753333333333,POINTS_PER_WIN_UNIT_MISMATCH,2.5190174668611904,3.0.0,2.2.0,drbl-ranking-v2-seq
203939,Dwight Powell,1610612742,0.5058,0.1198,0.39,0,0,0.5058,1.2741190347383902,0,-0.4347,1.2741190347383902,645,645,8.218067774062616,3.2624100000000005,38.714285714285715,0.21227481335217088,0.10874700000000001,POINTS_PER_WIN_UNIT_MISMATCH,2.5190174668611904,3.0.0,2.2.0,drbl-ranking-v2-seq
1642280,Trentyn Flowers,1610612746,5.2158,0.1305,1.23,0,0,5.2158,13.138691303654596,0,-0.4347,13.138691303654596,62,62,8.14598860826585,3.233796,38.714285714285715,0.2104129898814057,0.10779319999999999,POINTS_PER_WIN_UNIT_MISMATCH,2.5190174668611904,3.0.0,2.2.0,drbl-ranking-v2-seq
1630230,Naji Marshall,1610612742,0.1426,0.0489,0.13,0,0,0.1426,0.35921189077440574,0,-0.4347,0.35921189077440574,2256,2256,8.103820255870595,3.217056,38.714285714285715,0.20932377044684192,0.1072352,POINTS_PER_WIN_UNIT_MISMATCH,2.5190174668611904,3.0.0,2.2.0,drbl-ranking-v2-seq
1641767,Ben Sheppard,1610612754,0.2403,0.0727,0.21,0,0,0.2403,0.6053198972867441,0,-0.4347,0.6053198972867441,1261,1261,7.633083904785842,3.030183,38.714285714285715,0.19716452890590735,0.1010061,POINTS_PER_WIN_UNIT_MISMATCH,2.5190174668611904,3.0.0,2.2.0,drbl-ranking-v2-seq
201950,Jrue Holiday,1610612738,0.0926,0.0332,0.09,0,0,0.0926,0.23326101743134625,0,-0.4347,0.23326101743134625,3146,3146,7.338391608390153,2.9131959999999997,38.714285714285715,0.18955255077022534,0.09710653333333333,POINTS_PER_WIN_UNIT_MISMATCH,2.5190174668611904,3.0.0,2.2.0,drbl-ranking-v2-seq
1641745,Adam Flagler,1610612760,1.9393,0.1562,0.83,0,0,1.9393,4.885130573483907,0,-0.4347,4.885130573483907,150,150,7.327695860225861,2.90895,38.714285714285715,0.1892762768324023,0.096965,POINTS_PER_WIN_UNIT_MISMATCH,2.5190174668611904,3.0.0,2.2.0,drbl-ranking-v2-seq
1630529,Herbert Jones,1610612740,0.1991,0.0615,0.17,0,0,0.1991,0.501536377652063,0,-0.4347,0.501536377652063,1358,1358,6.810864008515016,2.703778,38.714285714285715,0.17592637660370888,0.09012593333333332,POINTS_PER_WIN_UNIT_MISMATCH,2.5190174668611904,3.0.0,2.2.0,drbl-ranking-v2-seq
1626164,Devin Booker,1610612756,0.0744,0.0271,0.07,0,0,0.0744,0.18741489953447255,0,-0.4347,0.18741489953447255,3604,3604,6.75443297922239,2.6813759999999998,38.714285714285715,0.17446874854079975,0.08937919999999999,POINTS_PER_WIN_UNIT_MISMATCH,2.5190174668611904,3.0.0,2.2.0,drbl-ranking-v2-seq
1629003,Shake Milton,1610612751,0.1618,0.0523,0.14,0,0,0.1618,0.4075770261381406,0,-0.4347,0.4075770261381406,1651,1651,6.729096701540701,2.671318,38.714285714285715,0.17381430594385575,0.08904393333333332,POINTS_PER_WIN_UNIT_MISMATCH,2.5190174668611904,3.0.0,2.2.0,drbl-ranking-v2-seq
1641738,Kobe Brown,1610612746,1.3336,0.1411,0.66,0,0,1.3336,3.3593616938060835,0,-0.4347,3.3593616938060835,195,195,6.550755302921862,2.6005199999999995,38.714285714285715,0.1692077015514872,0.08668399999999998,POINTS_PER_WIN_UNIT_MISMATCH,2.5190174668611904,3.0.0,2.2.0,drbl-ranking-v2-seq
1631245,Quenton Jackson,1610612754,0.2571,0.0728,0.21,0,0,0.2571,0.6476393907300121,0,-0.4347,0.6476393907300121,1011,1011,6.547634240280422,2.5992809999999995,38.714285714285715,0.16912708369728027,0.08664269999999999,POINTS_PER_WIN_UNIT_MISMATCH,2.5190174668611904,3.0.0,2.2.0,drbl-ranking-v2-seq
1626162,Kelly Oubre Jr.,1610612755,0.0802,0.0289,0.08,0,0,0.0802,0.20202520084226747,0,-0.4347,0.20202520084226747,3233,3233,6.531474743230507,2.5928659999999994,38.714285714285715,0.16870967971444112,0.08642886666666665,POINTS_PER_WIN_UNIT_MISMATCH,2.5190174668611904,3.0.0,2.2.0,drbl-ranking-v2-seq
1629684,Grant Williams,1610612766,0.1286,0.043,0.12,0,0,0.1286,0.3239456462383491,0,-0.4347,0.3239456462383491,1958,1958,6.342855753346876,2.517988,38.714285714285715,0.16383760248497464,0.08393293333333333,POINTS_PER_WIN_UNIT_MISMATCH,2.5190174668611904,3.0.0,2.2.0,drbl-ranking-v2-seq
1630649,Stanley Umude,1610612749,2.1733,0.1266,0.79,0,0,2.1733,5.4745806607294245,0,-0.4347,5.4745806607294245,114,114,6.241021953231544,2.477562,38.714285714285715,0.16120720912406203,0.08258539999999999,POINTS_PER_WIN_UNIT_MISMATCH,2.5190174668611904,3.0.0,2.2.0,drbl-ranking-v2-seq
1628408,PJ Dozier,1610612750,1.6732,0.1205,0.68,0,0,1.6732,4.214820025552144,0,-0.4347,4.214820025552144,136,136,5.732155234750916,2.2755520000000002,38.714285714285715,0.1480630503441196,0.07585173333333334,POINTS_PER_WIN_UNIT_MISMATCH,2.5190174668611904,3.0.0,2.2.0,drbl-ranking-v2-seq
202685,Jonas Valančiūnas,1610612764,0.1157,0.0387,0.1,0,0,0.1157,0.2914503209158397,0,-0.4347,0.2914503209158397,1945,1945,5.668708741813083,2.250365,38.714285714285715,0.14642421104314235,0.07501216666666667,POINTS_PER_WIN_UNIT_MISMATCH,2.5190174668611904,3.0.0,2.2.0,drbl-ranking-v2-seq
1630551,Justin Champagnie,1610612764,0.319,0.0764,0.24,0,0,0.319,0.8035665719287197,0,-0.4347,0.8035665719287197,661,661,5.311575040448837,2.10859,38.714285714285715,0.13719935528834634,0.07028633333333333,POINTS_PER_WIN_UNIT_MISMATCH,2.5190174668611904,3.0.0,2.2.0,drbl-ranking-v2-seq
1631466,Nate Williams,1610612745,4.07,0.0753,0.83,0,0,4.07,10.252401090125046,0,-0.4347,10.252401090125046,51,51,5.228724555963773,2.0757000000000003,38.714285714285715,0.13505930587360299,0.06919000000000002,POINTS_PER_WIN_UNIT_MISMATCH,2.5190174668611904,3.0.0,2.2.0,drbl-ranking-v2-seq
1629651,Nic Claxton,1610612751,0.0965,0.0326,0.09,0,0,0.0965,0.24308518555210487,0,-0.4347,0.24308518555210487,2076,2076,5.046448452061697,2.00334,38.714285714285715,0.1303510670274239,0.066778,POINTS_PER_WIN_UNIT_MISMATCH,2.5190174668611904,3.0.0,2.2.0,drbl-ranking-v2-seq
203468,CJ McCollum,1610612740,0.0908,0.0308,0.08,0,0,0.0908,0.2287267859909961,0,-0.4347,0.2287267859909961,2134,2134,4.881029613047857,1.937672,38.714285714285715,0.12607825568758302,0.06458906666666667,POINTS_PER_WIN_UNIT_MISMATCH,2.5190174668611904,3.0.0,2.2.0,drbl-ranking-v2-seq
1641720,Jalen Hood-Schifino,1610612747,3.1966,0.0647,0.68,0,0,3.1966,8.052291234568482,0,-0.4347,8.052291234568482,54,54,4.348237266666981,1.726164,38.714285714285715,0.1123160917589257,0.0575388,POINTS_PER_WIN_UNIT_MISMATCH,2.5190174668611904,3.0.0,2.2.0,drbl-ranking-v2-seq
1630543,Isaiah Jackson,1610612754,0.4687,0.0814,0.3,0,0,0.4687,1.18066348671784,0,-0.4347,1.18066348671784,363,363,4.28580845678576,1.701381,38.714285714285715,0.11070353947417091,0.0567127,POINTS_PER_WIN_UNIT_MISMATCH,2.5190174668611904,3.0.0,2.2.0,drbl-ranking-v2-seq
1631102,TyTy Washington Jr.,1610612756,1.5692,0.0823,0.54,0,0,1.5692,3.9528422089985797,0,-0.4347,3.9528422089985797,105,105,4.150484319448508,1.64766,38.714285714285715,0.10720808205217548,0.054922,POINTS_PER_WIN_UNIT_MISMATCH,2.5190174668611904,3.0.0,2.2.0,drbl-ranking-v2-seq
1630598,Aaron Wiggins,1610612760,0.0738,0.0252,0.07,0,0,0.0738,0.18590348905435586,0,-0.4347,0.18590348905435586,2215,2215,4.117762282553982,1.63467,38.714285714285715,0.10636286338700322,0.054489,POINTS_PER_WIN_UNIT_MISMATCH,2.5190174668611904,3.0.0,2.2.0,drbl-ranking-v2-seq
1629650,Moses Brown,1610612754,0.7594,0.0869,0.39,0,0,0.7594,1.9129418643343878,0,-0.4347,1.9129418643343878,212,212,4.0554367523889026,1.6099279999999998,38.714285714285715,0.10475297884399379,0.05366426666666666,POINTS_PER_WIN_UNIT_MISMATCH,2.5190174668611904,3.0.0,2.2.0,drbl-ranking-v2-seq
1628427,Vlatko Čančar,1610612743,1.0916,0.0853,0.46,0,0,1.0916,2.749759466825675,0,-0.4347,2.749759466825675,146,146,4.014648821565486,1.5937359999999998,38.714285714285715,0.10369941605519706,0.05312453333333333,POINTS_PER_WIN_UNIT_MISMATCH,2.5190174668611904,3.0.0,2.2.0,drbl-ranking-v2-seq
1642271,Kyle Filipowski,1610612762,0.1268,0.0376,0.11,0,0,0.1268,0.31941141479799895,0,-0.4347,0.31941141479799895,1172,1172,3.7435017814325477,1.486096,38.714285714285715,0.09669561797058242,0.049536533333333334,POINTS_PER_WIN_UNIT_MISMATCH,2.5190174668611904,3.0.0,2.2.0,drbl-ranking-v2-seq
1642274,Yves Missi,1610612740,0.0513,0.0182,0.05,0,0,0.0513,0.12922559604997907,0,-0.4347,0.12922559604997907,2854,2854,3.688098511266403,1.464102,38.714285714285715,0.0952645371913831,0.048803400000000004,POINTS_PER_WIN_UNIT_MISMATCH,2.5190174668611904,3.0.0,2.2.0,drbl-ranking-v2-seq
1630538,Bones Hyland,1610612746,0.3391,0.0645,0.23,0,0,0.3391,0.8541988230126297,0,-0.4347,0.8541988230126297,424,424,3.6218030095735503,1.437784,38.714285714285715,0.09355210725835739,0.04792613333333333,POINTS_PER_WIN_UNIT_MISMATCH,2.5190174668611904,3.0.0,2.2.0,drbl-ranking-v2-seq
1642352,Keshad Johnson,1610612748,2.672,0.0494,0.54,0,0,2.672,6.730814671453102,0,-0.4347,6.730814671453102,51,51,3.432715482441082,1.3627200000000002,38.714285714285715,0.08866792759072906,0.045424000000000006,POINTS_PER_WIN_UNIT_MISMATCH,2.5190174668611904,3.0.0,2.2.0,drbl-ranking-v2-seq
1627936,Alex Caruso,1610612760,0.0916,0.0288,0.08,0,0,0.0916,0.23074199996448505,0,-0.4347,0.23074199996448505,1469,1469,3.389599979478285,1.3456039999999998,38.714285714285715,0.08755424301235423,0.04485346666666666,POINTS_PER_WIN_UNIT_MISMATCH,2.5190174668611904,3.0.0,2.2.0,drbl-ranking-v2-seq
1630224,Jalen Green,1610612745,0.0372,0.0136,0.04,0,0,0.0372,0.09370744976723627,0,-0.4347,0.09370744976723627,3607,3607,3.3800277131042122,1.341804,38.714285714285715,0.08730698889937079,0.0447268,POINTS_PER_WIN_UNIT_MISMATCH,2.5190174668611904,3.0.0,2.2.0,drbl-ranking-v2-seq
1631101,Shaedon Sharpe,1610612757,0.0538,0.0186,0.05,0,0,0.0538,0.13552313971713204,0,-0.4347,0.13552313971713204,2406,2406,3.260686741594197,1.2944280000000001,38.714285714285715,0.0842243807791859,0.0431476,POINTS_PER_WIN_UNIT_MISMATCH,2.5190174668611904,3.0.0,2.2.0,drbl-ranking-v2-seq
1631097,Bennedict Mathurin,1610612754,0.0348,0.0127,0.03,0,0,0.0348,0.08766180784676943,0,-0.4347,0.08766180784676943,3659,3659,3.207545549113293,1.273332,38.714285714285715,0.08285173005089687,0.0424444,POINTS_PER_WIN_UNIT_MISMATCH,2.5190174668611904,3.0.0,2.2.0,drbl-ranking-v2-seq
1642270,Donovan Clingan,1610612757,0.096,0.0294,0.08,0,0,0.096,0.24182567681867428,0,-0.4347,0.24182567681867428,1320,1320,3.1920989340065007,1.2671999999999999,38.714285714285715,0.08245273999278784,0.04223999999999999,POINTS_PER_WIN_UNIT_MISMATCH,2.5190174668611904,3.0.0,2.2.0,drbl-ranking-v2-seq
1642353,Cam Christie,1610612746,1.5798,0.0534,0.44,0,0,1.5798,3.979543794147309,0,-0.4347,3.979543794147309,76,76,3.024453283551955,1.2006480000000002,38.714285714285715,0.07812240953824238,0.040021600000000004,POINTS_PER_WIN_UNIT_MISMATCH,2.5190174668611904,3.0.0,2.2.0,drbl-ranking-v2-seq
1641737,Adem Bona,1610612755,0.2655,0.0496,0.18,0,0,0.2655,0.6687991374516461,0,-0.4347,0.6687991374516461,411,411,2.7487644549262655,1.091205,38.714285714285715,0.07100129588370427,0.036373499999999996,POINTS_PER_WIN_UNIT_MISMATCH,2.5190174668611904,3.0.0,2.2.0,drbl-ranking-v2-seq
1630568,Luka Garza,1610612750,0.5679,0.0583,0.28,0,0,0.5679,1.4305500194304699,0,-0.4347,1.4305500194304699,189,189,2.7037395367235884,1.0733309999999998,38.714285714285715,0.06983829061647645,0.035777699999999996,POINTS_PER_WIN_UNIT_MISMATCH,2.5190174668611904,3.0.0,2.2.0,drbl-ranking-v2-seq
1630658,Colin Castleton,1610612763,1.5105,0.0397,0.37,0,0,1.5105,3.804975883693828,0,-0.4347,3.804975883693828,64,64,2.43518456556405,0.96672,38.714285714285715,0.06290144634298284,0.032224,POINTS_PER_WIN_UNIT_MISMATCH,2.5190174668611904,3.0.0,2.2.0,drbl-ranking-v2-seq
1626158,Richaun Holmes,1610612764,1.1542,0.0434,0.34,0,0,1.1542,2.907449960251186,0,-0.4347,2.907449960251186,82,82,2.3841089674059726,0.946444,38.714285714285715,0.06158215044960077,0.03154813333333333,POINTS_PER_WIN_UNIT_MISMATCH,2.5190174668611904,3.0.0,2.2.0,drbl-ranking-v2-seq
1631321,Sidy Cissoko,1610612759,0.6054,0.0425,0.24,0,0,0.6054,1.5250131744377649,0,-0.4347,1.5250131744377649,133,133,2.0282675220022273,0.8051820000000001,38.714285714285715,0.05239067400005753,0.026839400000000003,POINTS_PER_WIN_UNIT_MISMATCH,2.5190174668611904,3.0.0,2.2.0,drbl-ranking-v2-seq
1642358,AJ Johnson,1610612749,1.4761,0.0273,0.3,0,0,1.4761,3.7183216828338033,0,-0.4347,3.7183216828338033,51,51,1.8963440582452398,0.7528109999999999,38.714285714285715,0.048983056855043096,0.025093699999999997,POINTS_PER_WIN_UNIT_MISMATCH,2.5190174668611904,3.0.0,2.2.0,drbl-ranking-v2-seq
202709,Cory Joseph,1610612753,0.189,0.0306,0.12,0,0,0.189,0.476094301236765,0,-0.4347,0.476094301236765,326,326,1.552067422031854,0.61614,38.714285714285715,0.04009030241410693,0.020538,POINTS_PER_WIN_UNIT_MISMATCH,2.5190174668611904,3.0.0,2.2.0,drbl-ranking-v2-seq
202704,Reggie Jackson,1610612755,0.1091,0.0227,0.08,0,0,0.1091,0.27482480563455586,0,-0.4347,0.27482480563455586,504,504,1.3851170203981615,0.549864,38.714285714285715,0.03577793041618867,0.0183288,POINTS_PER_WIN_UNIT_MISMATCH,2.5190174668611904,3.0.0,2.2.0,drbl-ranking-v2-seq
1631131,Oscar Tshiebwe,1610612762,0.7845,0.0225,0.2,0,0,0.7845,1.9761692027526039,0,-0.4347,1.9761692027526039,68,68,1.3437950578717706,0.5334599999999999,38.714285714285715,0.03471057345056234,0.017782,POINTS_PER_WIN_UNIT_MISMATCH,2.5190174668611904,3.0.0,2.2.0,drbl-ranking-v2-seq
1630631,Jose Alvarado,1610612740,-0.0117,-0.0034,-0.01,0,0,-0.0117,-0.029472504362275928,0,-0.4347,-0.029472504362275928,1127,1127,-0.33215512416284976,-0.131859,38.714285714285715,-0.008579652653652946,-0.0043953,POINTS_PER_WIN_UNIT_MISMATCH,2.5190174668611904,3.0.0,2.2.0,drbl-ranking-v2-seq
1629640,Keldon Johnson,1610612759,-0.0064,-0.0022,-0.01,0,0,-0.0064,-0.01612171178791162,0,-0.4347,-0.01612171178791162,2697,2697,-0.4348025669199763,-0.17260799999999998,38.714285714285715,-0.01123106261416913,-0.005753599999999999,POINTS_PER_WIN_UNIT_MISMATCH,2.5190174668611904,3.0.0,2.2.0,drbl-ranking-v2-seq
1629028,Deandre Ayton,1610612757,-0.0087,-0.003,-0.01,0,0,-0.0087,-0.021915451961692357,0,-0.4347,-0.021915451961692357,2506,2506,-0.5492012261600104,-0.218022,38.714285714285715,-0.014186009531808387,-0.007267399999999999,POINTS_PER_WIN_UNIT_MISMATCH,2.5190174668611904,3.0.0,2.2.0,drbl-ranking-v2-seq
1630241,Sam Merrill,1610612739,-0.0132,-0.0044,-0.01,0,0,-0.0132,-0.033251030562567715,0,-0.4347,-0.033251030562567715,1986,1986,-0.6603654669725948,-0.262152,38.714285714285715,-0.017057410586007984,-0.0087384,POINTS_PER_WIN_UNIT_MISMATCH,2.5190174668611904,3.0.0,2.2.0,drbl-ranking-v2-seq
203482,Kelly Olynyk,1610612761,-0.0995,-0.0178,-0.07,0,0,-0.0995,-0.2506422379526885,0,-0.4347,-0.2506422379526885,380,380,-0.9524405042202162,-0.37810000000000005,38.714285714285715,-0.024601784241850604,-0.012603333333333334,POINTS_PER_WIN_UNIT_MISMATCH,2.5190174668611904,3.0.0,2.2.0,drbl-ranking-v2-seq
202066,Garrett Temple,1610612761,-0.3286,-0.0247,-0.14,0,0,-0.3286,-0.8277491396105872,0,-0.4347,-0.8277491396105872,141,141,-1.167126286850928,-0.463326,38.714285714285715,-0.03014717346109408,-0.0154442,POINTS_PER_WIN_UNIT_MISMATCH,2.5190174668611904,3.0.0,2.2.0,drbl-ranking-v2-seq
203109,Jae Crowder,1610612758,-0.1428,-0.0238,-0.09,0,0,-0.1428,-0.359715694267778,0,-0.4347,-0.359715694267778,341,341,-1.2266305174531231,-0.486948,38.714285714285715,-0.031684183107645245,-0.0162316,POINTS_PER_WIN_UNIT_MISMATCH,2.5190174668611904,3.0.0,2.2.0,drbl-ranking-v2-seq
1631207,Dalen Terry,1610612741,-0.0324,-0.0105,-0.03,0,0,-0.0324,-0.08161616592630257,0,-0.4347,-0.08161616592630257,1633,1633,-1.3327919895765208,-0.529092,38.714285714285715,-0.034426361354375073,-0.0176364,POINTS_PER_WIN_UNIT_MISMATCH,2.5190174668611904,3.0.0,2.2.0,drbl-ranking-v2-seq
1642402,Enrique Freeman,1610612754,-0.1198,-0.0247,-0.09,0,0,-0.1198,-0.3017782925299706,0,-0.4347,-0.3017782925299706,497,497,-1.499838113873954,-0.5954060000000001,38.714285714285715,-0.03874120589342317,-0.01984686666666667,POINTS_PER_WIN_UNIT_MISMATCH,2.5190174668611904,3.0.0,2.2.0,drbl-ranking-v2-seq
1630322,Lindy Waters III,1610612744,-0.0414,-0.0132,-0.04,0,0,-0.0414,-0.10428732312805328,0,-0.4347,-0.10428732312805328,1540,1540,-1.6060247761720206,-0.63756,38.714285714285715,-0.041484034808871376,-0.021252,POINTS_PER_WIN_UNIT_MISMATCH,2.5190174668611904,3.0.0,2.2.0,drbl-ranking-v2-seq
1629646,Charles Bassey,1610612759,-0.084,-0.0218,-0.07,0,0,-0.084,-0.21159746721634,0,-0.4347,-0.21159746721634,799,799,-1.6906637630585566,-0.67116,38.714285714285715,-0.043670281702619544,-0.022372,POINTS_PER_WIN_UNIT_MISMATCH,2.5190174668611904,3.0.0,2.2.0,drbl-ranking-v2-seq
1631386,Tazé Moore,1610612757,-0.8104,-0.0341,-0.25,0,0,-0.8104,-2.041411755144309,0,-0.4347,-2.041411755144309,89,89,-1.8168564620784349,-0.721256,38.714285714285715,-0.04692987171420311,-0.02404186666666667,POINTS_PER_WIN_UNIT_MISMATCH,2.5190174668611904,3.0.0,2.2.0,drbl-ranking-v2-seq
1630288,Jeff Dowtin Jr.,1610612755,-0.1926,-0.0341,-0.13,0,0,-0.1926,-0.4851627641174653,0,-0.4347,-0.4851627641174653,375,375,-1.8193603654404946,-0.72225,38.714285714285715,-0.046994548184809824,-0.024075,POINTS_PER_WIN_UNIT_MISMATCH,2.5190174668611904,3.0.0,2.2.0,drbl-ranking-v2-seq
1641766,Adama Sanogo,1610612741,-1.3736,-0.0311,-0.31,0,0,-1.3736,-3.460122392480531,0,-0.4347,-3.460122392480531,58,58,-2.006870987638708,-0.796688,38.714285714285715,-0.051837995990667726,-0.026556266666666665,POINTS_PER_WIN_UNIT_MISMATCH,2.5190174668611904,3.0.0,2.2.0,drbl-ranking-v2-seq
1641733,Nick Smith Jr.,1610612766,-0.1648,-0.0338,-0.12,0,0,-0.1648,-0.4151340785387242,0,-0.4347,-0.4151340785387242,491,491,-2.038308325625136,-0.809168,38.714285714285715,-0.05265003055120277,-0.026972266666666668,POINTS_PER_WIN_UNIT_MISMATCH,2.5190174668611904,3.0.0,2.2.0,drbl-ranking-v2-seq
1629098,Jack McVeigh,1610612745,-0.9857,-0.0485,-0.33,0,0,-0.9857,-2.4829955170850755,0,-0.4347,-2.4829955170850755,100,100,-2.4829955170850755,-0.9857,38.714285714285715,-0.0641364155704632,-0.032856666666666666,POINTS_PER_WIN_UNIT_MISMATCH,2.5190174668611904,3.0.0,2.2.0,drbl-ranking-v2-seq
1628975,Jevon Carter,1610612741,-0.4259,-0.061,-0.25,0,0,-0.4259,-1.072849539136181,0,-0.4347,-1.072849539136181,276,276,-2.9610647280158595,-1.175484,38.714285714285715,-0.0764850667753174,-0.0391828,POINTS_PER_WIN_UNIT_MISMATCH,2.5190174668611904,3.0.0,2.2.0,drbl-ranking-v2-seq
1642382,Branden Carlson,1610612760,-1.8427,-0.0484,-0.45,0,0,-1.8427,-4.641793486185116,0,-0.4347,-4.641793486185116,64,64,-2.9707478311584743,-1.179328,38.714285714285715,-0.07673518383066169,-0.03931093333333333,POINTS_PER_WIN_UNIT_MISMATCH,2.5190174668611904,3.0.0,2.2.0,drbl-ranking-v2-seq
1631306,Cole Swider,1610612765,-2.6209,-0.0515,-0.55,0,0,-2.6209,-6.602092878896493,0,-0.4347,-6.602092878896493,53,53,-3.499109225815141,-1.3890769999999997,38.714285714285715,-0.0903828951317564,-0.046302566666666656,POINTS_PER_WIN_UNIT_MISMATCH,2.5190174668611904,3.0.0,2.2.0,drbl-ranking-v2-seq
1629618,Jalen Pickett,1610612743,-0.9677,-0.0779,-0.41,0,0,-0.9677,-2.437653202681574,0,-0.4347,-2.437653202681574,150,150,-3.6564798040223603,-1.4515500000000001,38.714285714285715,-0.09444781781607572,-0.048385000000000004,POINTS_PER_WIN_UNIT_MISMATCH,2.5190174668611904,3.0.0,2.2.0,drbl-ranking-v2-seq
1630625,Dalano Banton,1610612757,-0.0945,-0.0304,-0.08,0,0,-0.0945,-0.2380471506183825,0,-0.4347,-0.2380471506183825,1611,1611,-3.8349395964621418,-1.522395,38.714285714285715,-0.09905748035142063,-0.0507465,POINTS_PER_WIN_UNIT_MISMATCH,2.5190174668611904,3.0.0,2.2.0,drbl-ranking-v2-seq
1641816,Hunter Tyson,1610612743,-0.3268,-0.0662,-0.23,0,0,-0.3268,-0.823214908170237,0,-0.4347,-0.823214908170237,481,481,-3.95966370829884,-1.5719079999999999,38.714285714285715,-0.1022791363767228,-0.052396933333333326,POINTS_PER_WIN_UNIT_MISMATCH,2.5190174668611904,3.0.0,2.2.0,drbl-ranking-v2-seq
1627814,Damion Lee,1610612756,-1.0346,-0.0851,-0.45,0,0,-1.0346,-2.6061754712145877,0,-0.4347,-2.6061754712145877,153,153,-3.987448470958319,-1.582938,38.714285714285715,-0.10299682397309311,-0.0527646,POINTS_PER_WIN_UNIT_MISMATCH,2.5190174668611904,3.0.0,2.2.0,drbl-ranking-v2-seq
1631216,Caleb Houstan,1610612753,-0.394,-0.0741,-0.27,0,0,-0.394,-0.9924928819433091,0,-0.4347,-0.9924928819433091,416,416,-4.128770388884166,-1.63904,38.714285714285715,-0.10664720561693418,-0.05463466666666667,POINTS_PER_WIN_UNIT_MISMATCH,2.5190174668611904,3.0.0,2.2.0,drbl-ranking-v2-seq
201145,Jeff Green,1610612745,-0.795,-0.093,-0.41,0,0,-0.795,-2.0026188861546466,0,-0.4347,-2.0026188861546466,217,217,-4.345682982955583,-1.7251500000000002,38.714285714285715,-0.1122501139508822,-0.05750500000000001,POINTS_PER_WIN_UNIT_MISMATCH,2.5190174668611904,3.0.0,2.2.0,drbl-ranking-v2-seq
1630245,Ayo Dosunmu,1610612741,-0.0508,-0.0185,-0.05,0,0,-0.0508,-0.12796608731654846,0,-0.4347,-0.12796608731654846,3641,3641,-4.6592452391955295,-1.8496279999999998,38.714285714285715,-0.12034950802350076,-0.06165426666666666,POINTS_PER_WIN_UNIT_MISMATCH,2.5190174668611904,3.0.0,2.2.0,drbl-ranking-v2-seq
1630193,Immanuel Quickley,1610612761,-0.6808,-0.097,-0.39,0,0,-0.6808,-1.7149470914390983,0,-0.4347,-1.7149470914390983,274,274,-4.69895503054313,-1.865392,38.714285714285715,-0.12137522219115095,-0.062179733333333334,POINTS_PER_WIN_UNIT_MISMATCH,2.5190174668611904,3.0.0,2.2.0,drbl-ranking-v2-seq
1629723,John Konchar,1610612763,-0.2175,-0.0584,-0.18,0,0,-0.2175,-0.5478862990423089,0,-0.4347,-0.5478862990423089,870,870,-4.7666108016680875,-1.89225,38.714285714285715,-0.12312278823496904,-0.063075,POINTS_PER_WIN_UNIT_MISMATCH,2.5190174668611904,3.0.0,2.2.0,drbl-ranking-v2-seq
1630545,Terrence Shannon Jr.,1610612750,-1.0548,-0.1048,-0.5,0,0,-1.0548,-2.6570596240451834,0,-0.4347,-2.6570596240451834,183,183,-4.862419112002685,-1.930284,38.714285714285715,-0.12559754163844575,-0.0643428,POINTS_PER_WIN_UNIT_MISMATCH,2.5190174668611904,3.0.0,2.2.0,drbl-ranking-v2-seq
1631124,Julian Strawther,1610612743,-0.0973,-0.0327,-0.09,0,0,-0.0973,-0.24510039952559382,0,-0.4347,-0.24510039952559382,1995,1995,-4.889752970535596,-1.9411349999999998,38.714285714285715,-0.1263035822647571,-0.0647045,POINTS_PER_WIN_UNIT_MISMATCH,2.5190174668611904,3.0.0,2.2.0,drbl-ranking-v2-seq
1631210,Jacob Toppin,1610612752,-2.4816,-0.0918,-0.72,0,0,-2.4816,-6.25119374576273,0,-0.4347,-6.25119374576273,81,81,-5.063466934067811,-2.010096,38.714285714285715,-0.13079065881355967,-0.0670032,POINTS_PER_WIN_UNIT_MISMATCH,2.5190174668611904,3.0.0,2.2.0,drbl-ranking-v2-seq
1630611,Gui Santos,1610612744,-1.5209,-0.1077,-0.61,0,0,-1.5209,-3.8311736653491844,0,-0.4347,-3.8311736653491844,134,134,-5.133772711567907,-2.038006,38.714285714285715,-0.13260667520655112,-0.06793353333333334,POINTS_PER_WIN_UNIT_MISMATCH,2.5190174668611904,3.0.0,2.2.0,drbl-ranking-v2-seq
1631105,Jalen Duren,1610612765,-0.0856,-0.0297,-0.08,0,0,-0.0856,-0.2156278951633179,0,-0.4347,-0.2156278951633179,2419,2419,-5.21603878400066,-2.070664,38.714285714285715,-0.13473162910702813,-0.06902213333333333,POINTS_PER_WIN_UNIT_MISMATCH,2.5190174668611904,3.0.0,2.2.0,drbl-ranking-v2-seq
1631169,Josh Minott,1610612750,-0.4486,-0.0914,-0.32,0,0,-0.4486,-1.13003123563393,0,-0.4347,-1.13003123563393,485,485,-5.48065149282456,-2.17571,38.714285714285715,-0.14156664372609565,-0.07252366666666667,POINTS_PER_WIN_UNIT_MISMATCH,2.5190174668611904,3.0.0,2.2.0,drbl-ranking-v2-seq
1630699,MarJon Beauchamp,1610612749,-1.0793,-0.1246,-0.56,0,0,-1.0793,-2.7187755519832826,0,-0.4347,-2.7187755519832826,214,214,-5.818179681244224,-2.3097019999999997,38.714285714285715,-0.15028508401737847,-0.07699006666666666,POINTS_PER_WIN_UNIT_MISMATCH,2.5190174668611904,3.0.0,2.2.0,drbl-ranking-v2-seq
1628981,Bruno Fernando,1610612761,-0.3814,-0.0885,-0.29,0,0,-0.3814,-0.9607532618608581,0,-0.4347,-0.9607532618608581,618,618,-5.937455158300103,-2.3570520000000004,38.714285714285715,-0.15336600039889564,-0.07856840000000001,POINTS_PER_WIN_UNIT_MISMATCH,2.5190174668611904,3.0.0,2.2.0,drbl-ranking-v2-seq
1628380,Zach Collins,1610612759,-0.1677,-0.0524,-0.15,0,0,-0.1677,-0.4224392291926216,0,-0.4347,-0.4224392291926216,1423,1423,-6.011310231411005,-2.3863709999999996,38.714285714285715,-0.1552736960143064,-0.07954569999999998,POINTS_PER_WIN_UNIT_MISMATCH,2.5190174668611904,3.0.0,2.2.0,drbl-ranking-v2-seq
201949,James Johnson,1610612754,-3.7365,-0.1004,-0.92,0,0,-3.7365,-9.412308764926838,0,-0.4347,-9.412308764926838,65,65,-6.1180006972024445,-2.428725,38.714285714285715,-0.15802953830412217,-0.0809575,POINTS_PER_WIN_UNIT_MISMATCH,2.5190174668611904,3.0.0,2.2.0,drbl-ranking-v2-seq
1631200,Kris Murray,1610612757,-0.2006,-0.0609,-0.17,0,0,-0.2006,-0.5053149038523548,0,-0.4347,-0.5053149038523548,1276,1276,-6.4478181731560475,-2.559656,38.714285714285715,-0.16654880890070972,-0.08532186666666666,POINTS_PER_WIN_UNIT_MISMATCH,2.5190174668611904,3.0.0,2.2.0,drbl-ranking-v2-seq
1630217,Desmond Bane,1610612763,-0.1066,-0.037,-0.1,0,0,-0.1066,-0.2685272619674029,0,-0.4347,-0.2685272619674029,2451,2451,-6.581603190821045,-2.6127659999999997,38.714285714285715,-0.17000451046401222,-0.0870922,POINTS_PER_WIN_UNIT_MISMATCH,2.5190174668611904,3.0.0,2.2.0,drbl-ranking-v2-seq
1629018,Gary Trent Jr.,1610612749,-0.1146,-0.04,-0.11,0,0,-0.1146,-0.2886794017022924,0,-0.4347,-0.2886794017022924,2522,2522,-7.280494510931814,-2.8902119999999996,38.714285714285715,-0.18805705378790663,-0.09634039999999998,POINTS_PER_WIN_UNIT_MISMATCH,2.5190174668611904,3.0.0,2.2.0,drbl-ranking-v2-seq
1641809,Drew Peterson,1610612738,-1.1276,-0.155,-0.64,0,0,-1.1276,-2.840444095632678,0,-0.4347,-2.840444095632678,262,262,-7.441963530557616,-2.954312,38.714285714285715,-0.19222784027270595,-0.09847706666666665,POINTS_PER_WIN_UNIT_MISMATCH,2.5190174668611904,3.0.0,2.2.0,drbl-ranking-v2-seq
1631209,Isaiah Wong,1610612766,-1.1279,-0.1574,-0.64,0,0,-1.1279,-2.8411998008727366,0,-0.4347,-2.8411998008727366,267,267,-7.586003468330207,-3.0114929999999998,38.714285714285715,-0.19594842907125995,-0.10038309999999999,POINTS_PER_WIN_UNIT_MISMATCH,2.5190174668611904,3.0.0,2.2.0,drbl-ranking-v2-seq
201988,Patty Mills,1610612762,-0.5187,-0.1183,-0.39,0,0,-0.5187,-1.3066143600608997,0,-0.4347,-1.3066143600608997,597,597,-7.800487729563571,-3.096639,38.714285714285715,-0.20148861294075643,-0.1032213,POINTS_PER_WIN_UNIT_MISMATCH,2.5190174668611904,3.0.0,2.2.0,drbl-ranking-v2-seq
1628379,Luke Kennard,1610612763,-0.2132,-0.067,-0.19,0,0,-0.2132,-0.5370545239348058,0,-0.4347,-0.5370545239348058,1462,1462,-7.851737139926861,-3.116984,38.714285714285715,-0.2028123984482953,-0.10389946666666666,POINTS_PER_WIN_UNIT_MISMATCH,2.5190174668611904,3.0.0,2.2.0,drbl-ranking-v2-seq
1631255,Karlo Matković,1610612740,-2.0402,-0.1739,-0.9,0,0,-2.0402,-5.139299435890201,0,-0.4347,-5.139299435890201,158,158,-8.120093108706516,-3.223516,38.714285714285715,-0.2097441024389137,-0.10745053333333333,POINTS_PER_WIN_UNIT_MISMATCH,2.5190174668611904,3.0.0,2.2.0,drbl-ranking-v2-seq
1629111,Jock Landale,1610612745,-0.4347,-0.1097,-0.34,0,0,-0.4347,-1.0950168928445594,0,-0.4347,-1.0950168928445594,744,744,-8.146925682763522,-3.2341679999999995,38.714285714285715,-0.21043719475772935,-0.10780559999999999,POINTS_PER_WIN_UNIT_MISMATCH,2.5190174668611904,3.0.0,2.2.0,drbl-ranking-v2-seq
204456,T.J. McConnell,1610612754,-0.1488,-0.0509,-0.14,0,0,-0.1488,-0.3748297990689451,0,-0.4347,-0.3748297990689451,2232,2232,-8.366201115218853,-3.321216,38.714285714285715,-0.21610113581746115,-0.1107072,POINTS_PER_WIN_UNIT_MISMATCH,2.5190174668611904,3.0.0,2.2.0,drbl-ranking-v2-seq
203078,Bradley Beal,1610612756,-0.1413,-0.0488,-0.13,0,0,-0.1413,-0.3559371680674862,0,-0.4347,-0.3559371680674862,2359,2359,-8.396557794711999,-3.333267,38.714285714285715,-0.21688525668997782,-0.11110890000000001,POINTS_PER_WIN_UNIT_MISMATCH,2.5190174668611904,3.0.0,2.2.0,drbl-ranking-v2-seq
202691,Klay Thompson,1610612742,-0.1302,-0.0456,-0.12,0,0,-0.1302,-0.32797607418532704,0,-0.4347,-0.32797607418532704,2583,2583,-8.471621996206999,-3.363066,38.714285714285715,-0.2188241844038708,-0.1121022,POINTS_PER_WIN_UNIT_MISMATCH,2.5190174668611904,3.0.0,2.2.0,drbl-ranking-v2-seq
1641723,Kobe Bufkin,1610612737,-0.6457,-0.1383,-0.47,0,0,-0.6457,-1.6265295783522709,0,-0.4347,-1.6265295783522709,530,530,-8.620606765267036,-3.42221,38.714285714285715,-0.22267249947184226,-0.11407366666666667,POINTS_PER_WIN_UNIT_MISMATCH,2.5190174668611904,3.0.0,2.2.0,drbl-ranking-v2-seq
1630618,D.J. Carton,1610612761,-2.359,-0.1913,-1.01,0,0,-2.359,-5.942362204325549,0,-0.4347,-5.942362204325549,151,151,-8.972966928531578,-3.56209,38.714285714285715,-0.2317740535045057,-0.11873633333333333,POINTS_PER_WIN_UNIT_MISMATCH,2.5190174668611904,3.0.0,2.2.0,drbl-ranking-v2-seq
1629162,Jordan McLaughlin,1610612758,-0.5584,-0.1317,-0.43,0,0,-0.5584,-1.4066193534952887,0,-0.4347,-1.4066193534952887,640,640,-9.002363862369847,-3.5737599999999996,38.714285714285715,-0.23253338389885214,-0.11912533333333332,POINTS_PER_WIN_UNIT_MISMATCH,2.5190174668611904,3.0.0,2.2.0,drbl-ranking-v2-seq
1629004,Svi Mykhailiuk,1610612762,-0.6903,-0.1474,-0.5,0,0,-0.6903,-1.7388777573742797,0,-0.4347,-1.7388777573742797,527,527,-9.163885781362454,-3.6378809999999997,38.714285714285715,-0.23670553678796008,-0.12126269999999999,POINTS_PER_WIN_UNIT_MISMATCH,2.5190174668611904,3.0.0,2.2.0,drbl-ranking-v2-seq
1641757,Jordan Miller,1610612746,-0.4054,-0.1114,-0.33,0,0,-0.4054,-1.0212096810655265,0,-0.4347,-1.0212096810655265,925,925,-9.44618954985612,-3.74995,38.714285714285715,-0.24399751604794406,-0.12499833333333334,POINTS_PER_WIN_UNIT_MISMATCH,2.5190174668611904,3.0.0,2.2.0,drbl-ranking-v2-seq
1630191,Isaiah Stewart,1610612765,-0.1685,-0.0579,-0.16,0,0,-0.1685,-0.42445444316611064,0,-0.4347,-0.42445444316611064,2292,2292,-9.728495837367255,-3.86202,38.714285714285715,-0.25128956037479994,-0.128734,POINTS_PER_WIN_UNIT_MISMATCH,2.5190174668611904,3.0.0,2.2.0,drbl-ranking-v2-seq
1642502,Malevy Leons,1610612760,-4.7633,-0.1792,-1.39,0,0,-4.7633,-11.998835899899909,0,-0.4347,-11.998835899899909,82,82,-9.839045437917925,-3.905906,38.714285714285715,-0.25414508511227113,-0.13019686666666666,POINTS_PER_WIN_UNIT_MISMATCH,2.5190174668611904,3.0.0,2.2.0,drbl-ranking-v2-seq
1629622,Max Strus,1610612739,-2.4115,-0.2153,-1.09,0,0,-2.4115,-6.074610621335761,0,-0.4347,-6.074610621335761,165,165,-10.023107525204006,-3.978975,38.714285714285715,-0.2588994563705832,-0.13263250000000001,POINTS_PER_WIN_UNIT_MISMATCH,2.5190174668611904,3.0.0,2.2.0,drbl-ranking-v2-seq
1631248,Baylor Scheierman,1610612738,-2.9894,-0.2209,-1.23,0,0,-2.9894,-7.530350815434843,0,-0.4347,-7.530350815434843,139,139,-10.467187633454433,-4.155266,38.714285714285715,-0.27037016027373073,-0.13850886666666667,POINTS_PER_WIN_UNIT_MISMATCH,2.5190174668611904,3.0.0,2.2.0,drbl-ranking-v2-seq
1641725,Trey Alexander,1610612743,-2.2042,-0.2261,-1.07,0,0,-2.2042,-5.552418300455436,0,-0.4347,-5.552418300455436,189,189,-10.494070587860774,-4.165938000000001,38.714285714285715,-0.2710645539299831,-0.13886460000000003,POINTS_PER_WIN_UNIT_MISMATCH,2.5190174668611904,3.0.0,2.2.0,drbl-ranking-v2-seq
1628960,Grayson Allen,1610612756,-0.2038,-0.0689,-0.19,0,0,-0.2038,-0.5133757597463107,0,-0.4347,-0.5133757597463107,2078,2078,-10.667948287528336,-4.234964,38.714285714285715,-0.27555585982545516,-0.14116546666666666,POINTS_PER_WIN_UNIT_MISMATCH,2.5190174668611904,3.0.0,2.2.0,drbl-ranking-v2-seq
1631311,Lester Quinones,1610612755,-5.9733,-0.1829,-1.56,0,0,-5.9733,-15.04684703480195,0,-0.4347,-15.04684703480195,71,71,-10.683261394709383,-4.241043,38.714285714285715,-0.27595140133935675,-0.14136810000000002,POINTS_PER_WIN_UNIT_MISMATCH,2.5190174668611904,3.0.0,2.2.0,drbl-ranking-v2-seq
1642285,Cam Spencer,1610612763,-1.4308,-0.222,-0.87,0,0,-1.4308,-3.6042101915849916,0,-0.4347,-3.6042101915849916,307,307,-11.064925288165924,-4.392556,38.714285714285715,-0.28580987829210874,-0.14641853333333332,POINTS_PER_WIN_UNIT_MISMATCH,2.5190174668611904,3.0.0,2.2.0,drbl-ranking-v2-seq
1631132,Christian Koloko,1610612747,-0.7406,-0.1721,-0.56,0,0,-0.7406,-1.8655843359573978,0,-0.4347,-1.8655843359573978,620,620,-11.566622882935867,-4.5917200000000005,38.714285714285715,-0.29876885675480097,-0.15305733333333335,POINTS_PER_WIN_UNIT_MISMATCH,2.5190174668611904,3.0.0,2.2.0,drbl-ranking-v2-seq
1631247,Luke Travers,1610612739,-2.9702,-0.2532,-1.31,0,0,-2.9702,-7.481985680071109,0,-0.4347,-7.481985680071109,158,158,-11.821537374512353,-4.692916,38.714285714285715,-0.30535336391729323,-0.15643053333333334,POINTS_PER_WIN_UNIT_MISMATCH,2.5190174668611904,3.0.0,2.2.0,drbl-ranking-v2-seq
1630557,Corey Kispert,1610612764,-0.1982,-0.0685,-0.18,0,0,-0.1982,-0.4992692619318879,0,-0.4347,-0.4992692619318879,2375,2375,-11.857644970882339,-4.707249999999999,38.714285714285715,-0.3062860324582154,-0.15690833333333332,POINTS_PER_WIN_UNIT_MISMATCH,2.5190174668611904,3.0.0,2.2.0,drbl-ranking-v2-seq
1631172,Ousmane Dieng,1610612760,-0.6076,-0.1561,-0.48,0,0,-0.6076,-1.5305550128648593,0,-0.4347,-1.5305550128648593,776,776,-11.877106899831308,-4.714976,38.714285714285715,-0.3067887391100338,-0.15716586666666668,POINTS_PER_WIN_UNIT_MISMATCH,2.5190174668611904,3.0.0,2.2.0,drbl-ranking-v2-seq
1641721,Maxwell Lewis,1610612747,-4.455,-0.2366,-1.54,0,0,-4.455,-11.222222814866603,0,-0.4347,-11.222222814866603,106,106,-11.895556183758599,-4.722300000000001,38.714285714285715,-0.3072652888793734,-0.15741000000000002,POINTS_PER_WIN_UNIT_MISMATCH,2.5190174668611904,3.0.0,2.2.0,drbl-ranking-v2-seq
1642367,Jonathan Mogbo,1610612761,-0.248,-0.0825,-0.22,0,0,-0.248,-0.6247163317815753,0,-0.4347,-0.6247163317815753,1907,1907,-11.91334044707464,-4.72936,38.714285714285715,-0.30772466099454787,-0.15764533333333333,POINTS_PER_WIN_UNIT_MISMATCH,2.5190174668611904,3.0.0,2.2.0,drbl-ranking-v2-seq
1630544,Tre Mann,1610612766,-0.3721,-0.1137,-0.32,0,0,-0.3721,-0.9373263994190489,0,-0.4347,-0.9373263994190489,1304,1304,-12.222736248424399,-4.852183999999999,38.714285714285715,-0.31571643446114683,-0.16173946666666664,POINTS_PER_WIN_UNIT_MISMATCH,2.5190174668611904,3.0.0,2.2.0,drbl-ranking-v2-seq
1630208,Nick Richards,1610612766,-0.4095,-0.1225,-0.35,0,0,-0.4095,-1.0315376526796574,0,-0.4347,-1.0315376526796574,1209,1209,-12.471290220897059,-4.950855,38.714285714285715,-0.32213664777224876,-0.1650285,POINTS_PER_WIN_UNIT_MISMATCH,2.5190174668611904,3.0.0,2.2.0,drbl-ranking-v2-seq
1642278,Tyler Kolek,1610612752,-1.0791,-0.2149,-0.75,0,0,-1.0791,-2.7182717484899106,0,-0.4347,-2.7182717484899106,464,464,-12.612780912993184,-5.0070239999999995,38.714285714285715,-0.3257913888965029,-0.1669008,POINTS_PER_WIN_UNIT_MISMATCH,2.5190174668611904,3.0.0,2.2.0,drbl-ranking-v2-seq
1630311,Pat Spencer,1610612744,-2.921,-0.2724,-1.35,0,0,-2.921,-7.358050020701537,0,-0.4347,-7.358050020701537,172,172,-12.655846035606643,-5.02412,38.714285714285715,-0.326903772137441,-0.16747066666666666,POINTS_PER_WIN_UNIT_MISMATCH,2.5190174668611904,3.0.0,2.2.0,drbl-ranking-v2-seq
1631223,David Roddy,1610612737,-0.5067,-0.1429,-0.42,0,0,-0.5067,-1.2763861504585652,0,-0.4347,-1.2763861504585652,999,999,-12.751097643081065,-5.061933,38.714285714285715,-0.32936414576224154,-0.1687311,POINTS_PER_WIN_UNIT_MISMATCH,2.5190174668611904,3.0.0,2.2.0,drbl-ranking-v2-seq
203903,Jordan Clarkson,1610612762,-0.2946,-0.0961,-0.26,0,0,-0.2946,-0.7421025457373066,0,-0.4347,-0.7421025457373066,1724,1724,-12.793847888511166,-5.078904,38.714285714285715,-0.3304683956441999,-0.1692968,POINTS_PER_WIN_UNIT_MISMATCH,2.5190174668611904,3.0.0,2.2.0,drbl-ranking-v2-seq
1631115,Orlando Robinson,1610612758,-2.6922,-0.2762,-1.31,0,0,-2.6922,-6.781698824283697,0,-0.4347,-6.781698824283697,189,189,-12.817410777896187,-5.088258,38.714285714285715,-0.3310770311633701,-0.1696086,POINTS_PER_WIN_UNIT_MISMATCH,2.5190174668611904,3.0.0,2.2.0,drbl-ranking-v2-seq
201567,Kevin Love,1610612748,-0.8178,-0.1904,-0.62,0,0,-0.8178,-2.0600524843990815,0,-0.4347,-2.0600524843990815,623,623,-12.834126977806276,-5.094894,38.714285714285715,-0.3315088149248854,-0.1698298,POINTS_PER_WIN_UNIT_MISMATCH,2.5190174668611904,3.0.0,2.2.0,drbl-ranking-v2-seq
1631212,Peyton Watson,1610612743,-0.2025,-0.0709,-0.19,0,0,-0.2025,-0.5101010370393911,0,-0.4347,-0.5101010370393911,2575,2575,-13.135101703764322,-5.214375,38.714285714285715,-0.3392830698389308,-0.1738125,POINTS_PER_WIN_UNIT_MISMATCH,2.5190174668611904,3.0.0,2.2.0,drbl-ranking-v2-seq
201599,DeAndre Jordan,1610612743,-1.0688,-0.2188,-0.76,0,0,-1.0688,-2.69232586858124,0,-0.4347,-2.69232586858124,489,489,-13.165473497362264,-5.226432,38.714285714285715,-0.3400675811126784,-0.1742144,POINTS_PER_WIN_UNIT_MISMATCH,2.5190174668611904,3.0.0,2.2.0,drbl-ranking-v2-seq
1629628,RJ Barrett,1610612761,-0.1685,-0.0605,-0.16,0,0,-0.1685,-0.42445444316611064,0,-0.4347,-0.42445444316611064,3145,3145,-13.34909223757418,-5.299325,38.714285714285715,-0.34481050060154705,-0.17664416666666666,POINTS_PER_WIN_UNIT_MISMATCH,2.5190174668611904,3.0.0,2.2.0,drbl-ranking-v2-seq
1630200,Tre Jones,1610612759,-0.6979,-0.1781,-0.55,0,0,-0.6979,-1.7580222901224247,0,-0.4347,-1.7580222901224247,764,764,-13.431290296535327,-5.331956,38.714285714285715,-0.34693369769648447,-0.17773186666666665,POINTS_PER_WIN_UNIT_MISMATCH,2.5190174668611904,3.0.0,2.2.0,drbl-ranking-v2-seq
1630166,Deni Avdija,1610612757,-0.1817,-0.0648,-0.17,0,0,-0.1817,-0.4577054737286783,0,-0.4347,-0.4577054737286783,2961,2961,-13.552659077106163,-5.3801369999999995,38.714285714285715,-0.35006868464849866,-0.1793379,POINTS_PER_WIN_UNIT_MISMATCH,2.5190174668611904,3.0.0,2.2.0,drbl-ranking-v2-seq
1630227,Daishen Nix,1610612750,-9.5842,-0.2109,-2.13,0,0,-9.5842,-24.14276720589102,0,-0.4347,-24.14276720589102,57,57,-13.761377307357883,-5.462994,38.714285714285715,-0.3554599304483586,-0.1820998,POINTS_PER_WIN_UNIT_MISMATCH,2.5190174668611904,3.0.0,2.2.0,drbl-ranking-v2-seq
203954,Joel Embiid,1610612755,-0.6639,-0.1754,-0.54,0,0,-0.6639,-1.6723756962491445,0,-0.4347,-1.6723756962491445,833,833,-13.930889549755372,-5.530287,38.714285714285715,-0.3598384754549358,-0.1843429,POINTS_PER_WIN_UNIT_MISMATCH,2.5190174668611904,3.0.0,2.2.0,drbl-ranking-v2-seq
1641789,Jazian Gortman,1610612742,-3.9515,-0.3016,-1.65,0,0,-3.9515,-9.953897520301993,0,-0.4347,-9.953897520301993,143,143,-14.23407345403185,-5.650645,38.714285714285715,-0.36766979401558286,-0.18835483333333333,POINTS_PER_WIN_UNIT_MISMATCH,2.5190174668611904,3.0.0,2.2.0,drbl-ranking-v2-seq
1627824,Guerschon Yabusele,1610612755,-0.2352,-0.0815,-0.22,0,0,-0.2352,-0.5924729082057519,0,-0.4347,-0.5924729082057519,2415,2415,-14.308220733168909,-5.68008,38.714285714285715,-0.3695850373881268,-0.189336,POINTS_PER_WIN_UNIT_MISMATCH,2.5190174668611904,3.0.0,2.2.0,drbl-ranking-v2-seq
1630559,Austin Reaves,1610612747,-0.1918,-0.0684,-0.18,0,0,-0.1918,-0.4831475501439763,0,-0.4347,-0.4831475501439763,2974,2974,-14.368808141281857,-5.7041319999999995,38.714285714285715,-0.37115002578956824,-0.1901377333333333,POINTS_PER_WIN_UNIT_MISMATCH,2.5190174668611904,3.0.0,2.2.0,drbl-ranking-v2-seq
1630549,Day'Ron Sharpe,1610612751,-1.5873,-0.2752,-1.02,0,0,-1.5873,-3.9984364251487676,0,-0.4347,-3.9984364251487676,362,362,-14.474339859038539,-5.746026,38.714285714285715,-0.3738759373183386,-0.1915342,POINTS_PER_WIN_UNIT_MISMATCH,2.5190174668611904,3.0.0,2.2.0,drbl-ranking-v2-seq
1641707,Taylor Hendricks,1610612762,-1.8057,-0.2897,-1.11,0,0,-1.8057,-4.548589839911251,0,-0.4347,-4.548589839911251,322,322,-14.646459284514231,-5.814354000000001,38.714285714285715,-0.3783218265372679,-0.19381180000000003,POINTS_PER_WIN_UNIT_MISMATCH,2.5190174668611904,3.0.0,2.2.0,drbl-ranking-v2-seq
1630531,Jaden Springer,1610612738,-3.6532,-0.3156,-1.62,0,0,-3.6532,-9.202474609937301,0,-0.4347,-9.202474609937301,160,160,-14.72395937589968,-5.84512,38.714285714285715,-0.3803236739162279,-0.19483733333333333,POINTS_PER_WIN_UNIT_MISMATCH,2.5190174668611904,3.0.0,2.2.0,drbl-ranking-v2-seq
1630192,Zeke Nnaji,1610612743,-2.1576,-0.3074,-1.25,0,0,-2.1576,-5.435032086499705,0,-0.4347,-5.435032086499705,274,274,-14.891987917009192,-5.911824,38.714285714285715,-0.38466389453529276,-0.1970608,POINTS_PER_WIN_UNIT_MISMATCH,2.5190174668611904,3.0.0,2.2.0,drbl-ranking-v2-seq
1630700,Dyson Daniels,1610612737,-0.1606,-0.0588,-0.15,0,0,-0.1606,-0.4045542051779072,0,-0.4347,-0.4045542051779072,3747,3747,-15.158646068016182,-6.017682,38.714285714285715,-0.3915517434542925,-0.2005894,POINTS_PER_WIN_UNIT_MISMATCH,2.5190174668611904,3.0.0,2.2.0,drbl-ranking-v2-seq
201587,Nicolas Batum,1610612746,-0.2916,-0.0986,-0.27,0,0,-0.2916,-0.7345454933367231,0,-0.4347,-0.7345454933367231,2075,2075,-15.241818986737005,-6.050700000000001,38.714285714285715,-0.39370012142863114,-0.20169000000000004,POINTS_PER_WIN_UNIT_MISMATCH,2.5190174668611904,3.0.0,2.2.0,drbl-ranking-v2-seq
1626192,Pat Connaughton,1610612749,-0.5614,-0.1623,-0.47,0,0,-0.5614,-1.4141764058958723,0,-0.4347,-1.4141764058958723,1078,1078,-15.244821655557505,-6.0518920000000005,38.714285714285715,-0.3937776811398617,-0.20172973333333336,POINTS_PER_WIN_UNIT_MISMATCH,2.5190174668611904,3.0.0,2.2.0,drbl-ranking-v2-seq
1627739,Kris Dunn,1610612746,-0.2264,-0.0797,-0.21,0,0,-0.2264,-0.5703055544973735,0,-0.4347,-0.5703055544973735,2683,2683,-15.301298027164533,-6.074312,38.714285714285715,-0.3952364804064639,-0.20247706666666668,POINTS_PER_WIN_UNIT_MISMATCH,2.5190174668611904,3.0.0,2.2.0,drbl-ranking-v2-seq
204060,Joe Ingles,1610612750,-5.9588,-0.3012,-2.01,0,0,-5.9588,-15.010321281532462,0,-0.4347,-15.010321281532462,102,102,-15.310527707163113,-6.077976,38.714285714285715,-0.3954748854248774,-0.20259919999999998,POINTS_PER_WIN_UNIT_MISMATCH,2.5190174668611904,3.0.0,2.2.0,drbl-ranking-v2-seq
202693,Markieff Morris,1610612742,-11.7061,-0.23,-2.45,0,0,-11.7061,-29.48787036882378,0,-0.4347,-29.48787036882378,53,53,-15.628571295476604,-6.204232999999999,38.714285714285715,-0.4036900334624953,-0.20680776666666664,POINTS_PER_WIN_UNIT_MISMATCH,2.5190174668611904,3.0.0,2.2.0,drbl-ranking-v2-seq
1629669,Jaylen Nowell,1610612740,-0.9395,-0.225,-0.72,0,0,-0.9395,-2.3666169101160883,0,-0.4347,-2.3666169101160883,661,661,-15.643337775867344,-6.210095,38.714285714285715,-0.4040714554652082,-0.20700316666666665,POINTS_PER_WIN_UNIT_MISMATCH,2.5190174668611904,3.0.0,2.2.0,drbl-ranking-v2-seq
1630228,Jonathan Kuminga,1610612744,-0.2673,-0.0921,-0.25,0,0,-0.2673,-0.6733333688919961,0,-0.4347,-0.6733333688919961,2324,2324,-15.64826749304999,-6.212052,38.714285714285715,-0.4041987913333946,-0.20706839999999999,POINTS_PER_WIN_UNIT_MISMATCH,2.5190174668611904,3.0.0,2.2.0,drbl-ranking-v2-seq
1630541,Moses Moody,1610612744,-0.4238,-0.1335,-0.37,0,0,-0.4238,-1.0675596024557725,0,-0.4347,-1.0675596024557725,1471,1471,-15.703801752124413,-6.234098,38.714285714285715,-0.40563325558992946,-0.20780326666666668,POINTS_PER_WIN_UNIT_MISMATCH,2.5190174668611904,3.0.0,2.2.0,drbl-ranking-v2-seq
1630570,Trendon Watford,1610612751,-0.7874,-0.2039,-0.63,0,0,-0.7874,-1.9834743534065014,0,-0.4347,-1.9834743534065014,792,792,-15.709116878979492,-6.236208,38.714285714285715,-0.40577054668950713,-0.20787360000000002,POINTS_PER_WIN_UNIT_MISMATCH,2.5190174668611904,3.0.0,2.2.0,drbl-ranking-v2-seq
201959,Taj Gibson,1610612766,-1.0651,-0.243,-0.8,0,0,-1.0651,-2.683005503953854,0,-0.4347,-2.683005503953854,598,598,-16.044372913644047,-6.369298,38.714285714285715,-0.41443029666239234,-0.2123099333333333,POINTS_PER_WIN_UNIT_MISMATCH,2.5190174668611904,3.0.0,2.2.0,drbl-ranking-v2-seq
1641998,Trey Jemison III,1610612740,-1.0199,-0.2379,-0.77,0,0,-1.0199,-2.5691459144517284,0,-0.4347,-2.5691459144517284,625,625,-16.057161965323303,-6.374375,38.714285714285715,-0.4147606411707126,-0.21247916666666666,POINTS_PER_WIN_UNIT_MISMATCH,2.5190174668611904,3.0.0,2.2.0,drbl-ranking-v2-seq
1642266,Ja'Kobe Walter,1610612761,-0.4968,-0.1513,-0.43,0,0,-0.4968,-1.2514478775366396,0,-0.4347,-1.2514478775366396,1288,1288,-16.118648662671916,-6.398784000000001,38.714285714285715,-0.41634885844540004,-0.21329280000000003,POINTS_PER_WIN_UNIT_MISMATCH,2.5190174668611904,3.0.0,2.2.0,drbl-ranking-v2-seq
1641854,Craig Porter Jr.,1610612739,-1.0423,-0.2468,-0.8,0,0,-1.0423,-2.625571905709419,0,-0.4347,-2.625571905709419,645,645,-16.934938791825754,-6.722835,38.714285714285715,-0.43743384333129254,-0.2240945,POINTS_PER_WIN_UNIT_MISMATCH,2.5190174668611904,3.0.0,2.2.0,drbl-ranking-v2-seq
1641824,Matas Buzelis,1610612741,-0.4315,-0.138,-0.38,0,0,-0.4315,-1.0869560369506037,0,-0.4347,-1.0869560369506037,1573,1573,-17.097818461232997,-6.787495,38.714285714285715,-0.44164106726432095,-0.22624983333333332,POINTS_PER_WIN_UNIT_MISMATCH,2.5190174668611904,3.0.0,2.2.0,drbl-ranking-v2-seq
1629627,Zion Williamson,1610612740,-0.8585,-0.2224,-0.69,0,0,-0.8585,-2.162576495300332,0,-0.4347,-2.162576495300332,792,792,-17.127605842778628,-6.79932,38.714285714285715,-0.4424104830238022,-0.22664399999999998,POINTS_PER_WIN_UNIT_MISMATCH,2.5190174668611904,3.0.0,2.2.0,drbl-ranking-v2-seq
1630548,Johnny Juzang,1610612762,-0.4757,-0.1497,-0.42,0,0,-0.4757,-1.1982966089858684,0,-0.4347,-1.1982966089858684,1465,1465,-17.55504532164297,-6.969004999999999,38.714285714285715,-0.4534513551715897,-0.23230016666666664,POINTS_PER_WIN_UNIT_MISMATCH,2.5190174668611904,3.0.0,2.2.0,drbl-ranking-v2-seq
1631120,JD Davison,1610612738,-10.4072,-0.2991,-2.64,0,0,-10.4072,-26.21591858111778,0,-0.4347,-26.21591858111778,68,68,-17.82682463516009,-7.076896,38.714285714285715,-0.4604714850410355,-0.23589653333333332,POINTS_PER_WIN_UNIT_MISMATCH,2.5190174668611904,3.0.0,2.2.0,drbl-ranking-v2-seq
1628969,Mikal Bridges,1610612752,-0.1721,-0.0637,-0.16,0,0,-0.1721,-0.4335229060468109,0,-0.4347,-0.4335229060468109,4187,4187,-18.15160407617997,-7.205827,38.714285714285715,-0.4688606218939476,-0.24019423333333334,POINTS_PER_WIN_UNIT_MISMATCH,2.5190174668611904,3.0.0,2.2.0,drbl-ranking-v2-seq
1642355,Bronny James,1610612747,-10.994,-0.3022,-2.73,0,0,-10.994,-27.69407803067193,0,-0.4347,-27.69407803067193,66,66,-18.278091500243473,-7.2560400000000005,38.714285714285715,-0.4721278247295362,-0.24186800000000003,POINTS_PER_WIN_UNIT_MISMATCH,2.5190174668611904,3.0.0,2.2.0,drbl-ranking-v2-seq
1629234,Drew Eubanks,1610612762,-0.5879,-0.1769,-0.51,0,0,-0.5879,-1.4809303687676938,0,-0.4347,-1.4809303687676938,1235,1235,-18.289490054281018,-7.260565000000001,38.714285714285715,-0.47242225232460194,-0.24201883333333335,POINTS_PER_WIN_UNIT_MISMATCH,2.5190174668611904,3.0.0,2.2.0,drbl-ranking-v2-seq
1641732,Colby Jones,1610612758,-2.521,-0.3828,-1.51,0,0,-2.521,-6.350443033957061,0,-0.4347,-6.350443033957061,298,298,-18.92432024119204,-7.512579999999999,38.714285714285715,-0.48882008003079064,-0.25041933333333327,POINTS_PER_WIN_UNIT_MISMATCH,2.5190174668611904,3.0.0,2.2.0,drbl-ranking-v2-seq
1630314,Brandon Williams,1610612742,-8.4499,-0.3834,-2.7,0,0,-8.4499,-21.285445693230372,0,-0.4347,-21.285445693230372,94,94,-20.00831895163655,-7.942905999999999,38.714285714285715,-0.5168200467212393,-0.2647635333333333,POINTS_PER_WIN_UNIT_MISMATCH,2.5190174668611904,3.0.0,2.2.0,drbl-ranking-v2-seq
1642346,Ryan Dunn,1610612756,-0.5379,-0.1698,-0.47,0,0,-0.5379,-1.3549794954246344,0,-0.4347,-1.3549794954246344,1485,1485,-20.12144550705582,-7.987815,38.714285714285715,-0.5197421348686005,-0.2662605,POINTS_PER_WIN_UNIT_MISMATCH,2.5190174668611904,3.0.0,2.2.0,drbl-ranking-v2-seq
1630527,Brandon Boston Jr.,1610612740,-0.2977,-0.1048,-0.28,0,0,-0.2977,-0.7499114998845764,0,-0.4347,-0.7499114998845764,2684,2684,-20.12762465690203,-7.990268000000001,38.714285714285715,-0.5199017439052185,-0.2663422666666667,POINTS_PER_WIN_UNIT_MISMATCH,2.5190174668611904,3.0.0,2.2.0,drbl-ranking-v2-seq
1642265,Rob Dillingham,1610612750,-1.8455,-0.364,-1.28,0,0,-1.8455,-4.648846735092326,0,-0.4347,-4.648846735092326,455,455,-21.152252644670085,-8.397025,38.714285714285715,-0.5463681494933232,-0.2799008333333333,POINTS_PER_WIN_UNIT_MISMATCH,2.5190174668611904,3.0.0,2.2.0,drbl-ranking-v2-seq
1641709,Ausar Thompson,1610612765,-1.9008,-0.3724,-1.32,0,0,-1.9008,-4.788148401009751,0,-0.4347,-4.788148401009751,449,449,-21.49878632053378,-8.534592,38.714285714285715,-0.5553192038514261,-0.2844864,POINTS_PER_WIN_UNIT_MISMATCH,2.5190174668611904,3.0.0,2.2.0,drbl-ranking-v2-seq
1641722,Jordan Hawkins,1610612740,-0.5348,-0.1717,-0.48,0,0,-0.5348,-1.3471705412773647,0,-0.4347,-1.3471705412773647,1598,1598,-21.52778524961229,-8.546104000000001,38.714285714285715,-0.5560682536800222,-0.2848701333333334,POINTS_PER_WIN_UNIT_MISMATCH,2.5190174668611904,3.0.0,2.2.0,drbl-ranking-v2-seq
1642359,Pacôme Dadiet,1610612752,-2.6379,-0.4322,-1.65,0,0,-2.6379,-6.644916175833135,0,-0.4347,-6.644916175833135,332,332,-22.061121703766005,-8.757828,38.714285714285715,-0.5698444720529965,-0.2919276,POINTS_PER_WIN_UNIT_MISMATCH,2.5190174668611904,3.0.0,2.2.0,drbl-ranking-v2-seq
1630173,Precious Achiuwa,1610612752,-1.8358,-0.3749,-1.3,0,0,-1.8358,-4.624412265663774,0,-0.4347,-4.624412265663774,487,487,-22.52088773378258,-8.940346,38.714285714285715,-0.5817203473670777,-0.29801153333333336,POINTS_PER_WIN_UNIT_MISMATCH,2.5190174668611904,3.0.0,2.2.0,drbl-ranking-v2-seq
1627750,Jamal Murray,1610612743,-0.3157,-0.1121,-0.3,0,0,-0.3157,-0.7952538142880777,0,-0.4347,-0.7952538142880777,2860,2860,-22.744259088639023,-9.02902,38.714285714285715,-0.5874900871604175,-0.3009673333333333,POINTS_PER_WIN_UNIT_MISMATCH,2.5190174668611904,3.0.0,2.2.0,drbl-ranking-v2-seq
1641775,Jordan Walsh,1610612738,-1.6125,-0.3578,-1.19,0,0,-1.6125,-4.06191566531367,0,-0.4347,-4.06191566531367,566,566,-22.990442665675374,-9.126750000000001,38.714285714285715,-0.5938490725451203,-0.304225,POINTS_PER_WIN_UNIT_MISMATCH,2.5190174668611904,3.0.0,2.2.0,drbl-ranking-v2-seq
1630592,Jalen Wilson,1610612751,-0.3585,-0.1254,-0.33,0,0,-0.3585,-0.9030677618697367,0,-0.4347,-0.9030677618697367,2565,2565,-23.163688091958747,-9.195525,38.714285714285715,-0.598324046655761,-0.3065175,POINTS_PER_WIN_UNIT_MISMATCH,2.5190174668611904,3.0.0,2.2.0,drbl-ranking-v2-seq
1629614,Andrew Nembhard,1610612754,-0.6845,-0.2115,-0.6,0,0,-0.6845,-1.7242674560664848,0,-0.4347,-1.7242674560664848,1362,1362,-23.484522751625523,-9.32289,38.714285714285715,-0.6066112887873751,-0.31076299999999996,POINTS_PER_WIN_UNIT_MISMATCH,2.5190174668611904,3.0.0,2.2.0,drbl-ranking-v2-seq
203458,Alex Len,1610612758,-1.788,-0.3814,-1.3,0,0,-1.788,-4.504003230747808,0,-0.4347,-4.504003230747808,526,526,-23.691056993733472,-9.40488,38.714285714285715,-0.6119461216093517,-0.313496,POINTS_PER_WIN_UNIT_MISMATCH,2.5190174668611904,3.0.0,2.2.0,drbl-ranking-v2-seq
1626153,Delon Wright,1610612749,-0.6591,-0.2063,-0.58,0,0,-0.6591,-1.6602844124082106,0,-0.4347,-1.6602844124082106,1434,1434,-23.808478473933736,-9.451494,38.714285714285715,-0.6149791487731961,-0.3150498,POINTS_PER_WIN_UNIT_MISMATCH,2.5190174668611904,3.0.0,2.2.0,drbl-ranking-v2-seq
1642422,Armel Traoré,1610612747,-3.7294,-0.5,-2.09,0,0,-3.7294,-9.394423740912124,0,-0.4347,-9.394423740912124,254,254,-23.861836301916796,-9.472676,38.714285714285715,-0.6163573952524634,-0.31575586666666666,POINTS_PER_WIN_UNIT_MISMATCH,2.5190174668611904,3.0.0,2.2.0,drbl-ranking-v2-seq
1630579,Jericho Sims,1610612752,-0.7277,-0.2232,-0.63,0,0,-0.7277,-1.8330890106348883,0,-0.4347,-1.8330890106348883,1324,1324,-24.270098500805922,-9.634748,38.714285714285715,-0.62690291330495,-0.3211582666666667,POINTS_PER_WIN_UNIT_MISMATCH,2.5190174668611904,3.0.0,2.2.0,drbl-ranking-v2-seq
1630526,Jeremiah Robinson-Earl,1610612740,-0.4409,-0.1504,-0.4,0,0,-0.4409,-1.110634801139099,0,-0.4347,-1.110634801139099,2187,2187,-24.289583100912097,-9.642483,38.714285714285715,-0.627406205558615,-0.32141610000000004,POINTS_PER_WIN_UNIT_MISMATCH,2.5190174668611904,3.0.0,2.2.0,drbl-ranking-v2-seq
1631103,Malaki Branham,1610612759,-1.0142,-0.2842,-0.84,0,0,-1.0142,-2.554787514890619,0,-0.4347,-2.554787514890619,979,979,-25.01136977077916,-9.929018,38.714285714285715,-0.6460501416806426,-0.33096726666666665,POINTS_PER_WIN_UNIT_MISMATCH,2.5190174668611904,3.0.0,2.2.0,drbl-ranking-v2-seq
203995,Vasilije Micić,1610612766,-0.7486,-0.2298,-0.65,0,0,-0.7486,-1.8857364756922872,0,-0.4347,-1.8857364756922872,1329,1329,-25.061437761950497,-9.948894000000001,38.714285714285715,-0.6473434108252896,-0.33162980000000003,POINTS_PER_WIN_UNIT_MISMATCH,2.5190174668611904,3.0.0,2.2.0,drbl-ranking-v2-seq
1630182,Josh Green,1610612766,-0.3507,-0.1244,-0.33,0,0,-0.3507,-0.8834194256282195,0,-0.4347,-0.8834194256282195,2847,2847,-25.15095104763541,-9.984429,38.714285714285715,-0.6496555621160438,-0.3328143,POINTS_PER_WIN_UNIT_MISMATCH,2.5190174668611904,3.0.0,2.2.0,drbl-ranking-v2-seq
1631246,Vince Williams Jr.,1610612763,-4.7445,-0.5408,-2.44,0,0,-4.7445,-11.951478371522919,0,-0.4347,-11.951478371522919,211,211,-25.217619363913357,-10.010895,38.714285714285715,-0.6513776219461015,-0.3336965,POINTS_PER_WIN_UNIT_MISMATCH,2.5190174668611904,3.0.0,2.2.0,drbl-ranking-v2-seq
1630556,Kessler Edwards,1610612742,-11.8237,-0.4829,-3.58,0,0,-11.8237,-29.78410682292666,0,-0.4347,-29.78410682292666,87,87,-25.912172935946195,-10.286619,38.714285714285715,-0.6693181201166913,-0.3428873,POINTS_PER_WIN_UNIT_MISMATCH,2.5190174668611904,3.0.0,2.2.0,drbl-ranking-v2-seq
1627752,Taurean Prince,1610612749,-0.3609,-0.1283,-0.34,0,0,-0.3609,-0.9091134037902037,0,-0.4347,-0.9091134037902037,2888,2888,-26.25519510146108,-10.422792,38.714285714285715,-0.6781784712554523,-0.34742639999999997,POINTS_PER_WIN_UNIT_MISMATCH,2.5190174668611904,3.0.0,2.2.0,drbl-ranking-v2-seq
1627742,Brandon Ingram,1610612740,-0.4264,-0.1481,-0.39,0,0,-0.4264,-1.0741090478696116,0,-0.4347,-1.0741090478696116,2446,2446,-26.272707310890702,-10.429744000000001,38.714285714285715,-0.6786308161484683,-0.3476581333333334,POINTS_PER_WIN_UNIT_MISMATCH,2.5190174668611904,3.0.0,2.2.0,drbl-ranking-v2-seq
1641765,Olivier-Maxence Prosper,1610612742,-2.6793,-0.4917,-1.78,0,0,-2.6793,-6.7492034989611875,0,-0.4347,-6.7492034989611875,398,398,-26.86182992586553,-10.663614,38.714285714285715,-0.6938480054651612,-0.35545380000000004,POINTS_PER_WIN_UNIT_MISMATCH,2.5190174668611904,3.0.0,2.2.0,drbl-ranking-v2-seq
1630346,Matt Ryan,1610612752,-5.8458,-0.6029,-2.85,0,0,-5.8458,-14.725672307777145,0,-0.4347,-14.725672307777145,190,190,-27.978777384776578,-11.10702,38.714285714285715,-0.7226990468392473,-0.370234,POINTS_PER_WIN_UNIT_MISMATCH,2.5190174668611904,3.0.0,2.2.0,drbl-ranking-v2-seq
202699,Tobias Harris,1610612765,-0.3326,-0.1204,-0.31,0,0,-0.3326,-0.837825209478032,0,-0.4347,-0.837825209478032,3359,3359,-28.142548786367094,-11.172034000000002,38.714285714285715,-0.7269293044449064,-0.3724011333333334,POINTS_PER_WIN_UNIT_MISMATCH,2.5190174668611904,3.0.0,2.2.0,drbl-ranking-v2-seq
1630249,Vít Krejčí,1610612737,-1.4432,-0.3717,-1.15,0,0,-1.4432,-3.6354460081740703,0,-0.4347,-3.6354460081740703,781,781,-28.39283332383949,-11.271392,38.714285714285715,-0.733394218696961,-0.3757130666666667,POINTS_PER_WIN_UNIT_MISMATCH,2.5190174668611904,3.0.0,2.2.0,drbl-ranking-v2-seq
1642275,Tidjane Salaün,1610612766,-0.6774,-0.2205,-0.61,0,0,-0.6774,-1.7063824320517704,0,-0.4347,-1.7063824320517704,1704,1704,-29.076756642162167,-11.542896,38.714285714285715,-0.7510601346683954,-0.3847632,POINTS_PER_WIN_UNIT_MISMATCH,2.5190174668611904,3.0.0,2.2.0,drbl-ranking-v2-seq
1641715,Cam Whitmore,1610612745,-2.2226,-0.4721,-1.61,0,0,-2.2226,-5.598768221845682,0,-0.4347,-5.598768221845682,522,522,-29.22557011803446,-11.601972,38.714285714285715,-0.7549040251890821,-0.3867324,POINTS_PER_WIN_UNIT_MISMATCH,2.5190174668611904,3.0.0,2.2.0,drbl-ranking-v2-seq
203501,Tim Hardaway Jr.,1610612765,-0.4307,-0.1518,-0.4,0,0,-0.4307,-1.0849408229771147,0,-0.4347,-1.0849408229771147,2712,2712,-29.42359511913935,-11.680584000000001,38.714285714285715,-0.7600190621179905,-0.38935280000000005,POINTS_PER_WIN_UNIT_MISMATCH,2.5190174668611904,3.0.0,2.2.0,drbl-ranking-v2-seq
1626156,D'Angelo Russell,1610612747,-0.4154,-0.1474,-0.39,0,0,-0.4154,-1.0463998557341385,0,-0.4347,-1.0463998557341385,2858,2858,-29.906107876881677,-11.872131999999999,38.714285714285715,-0.7724824912847665,-0.3957377333333333,POINTS_PER_WIN_UNIT_MISMATCH,2.5190174668611904,3.0.0,2.2.0,drbl-ranking-v2-seq
202684,Tristan Thompson,1610612739,-4.1599,-0.6206,-2.47,0,0,-4.1599,-10.478860760395866,0,-0.4347,-10.478860760395866,291,291,-30.493484812751973,-12.105309000000002,38.714285714285715,-0.787654589259276,-0.40351030000000004,POINTS_PER_WIN_UNIT_MISMATCH,2.5190174668611904,3.0.0,2.2.0,drbl-ranking-v2-seq
203486,Mason Plumlee,1610612756,-0.723,-0.2354,-0.65,0,0,-0.723,-1.8212496285406405,0,-0.4347,-1.8212496285406405,1707,1707,-31.088731159188733,-12.341610000000001,38.714285714285715,-0.8030299561414064,-0.41138700000000006,POINTS_PER_WIN_UNIT_MISMATCH,2.5190174668611904,3.0.0,2.2.0,drbl-ranking-v2-seq
1628964,Mo Bamba,1610612746,-1.887,-0.4503,-1.45,0,0,-1.887,-4.7533859599670665,0,-0.4347,-4.7533859599670665,656,656,-31.182211897383954,-12.378720000000001,38.714285714285715,-0.805444587755305,-0.41262400000000005,POINTS_PER_WIN_UNIT_MISMATCH,2.5190174668611904,3.0.0,2.2.0,drbl-ranking-v2-seq
203083,Andre Drummond,1610612755,-0.741,-0.2402,-0.66,0,0,-0.741,-1.866591942944142,0,-0.4347,-1.866591942944142,1672,1672,-31.209417286026056,-12.38952,38.714285714285715,-0.8061473099711527,-0.41298399999999996,POINTS_PER_WIN_UNIT_MISMATCH,2.5190174668611904,3.0.0,2.2.0,drbl-ranking-v2-seq
1629629,Cam Reddish,1610612747,-0.7711,-0.2483,-0.69,0,0,-0.7711,-1.942414368696664,0,-0.4347,-1.942414368696664,1621,1621,-31.486536916572923,-12.499531,38.714285714285715,-0.8133053816088947,-0.4166510333333333,POINTS_PER_WIN_UNIT_MISMATCH,2.5190174668611904,3.0.0,2.2.0,drbl-ranking-v2-seq
200768,Kyle Lowry,1610612755,-0.8007,-0.2558,-0.71,0,0,-0.8007,-2.0169772857157553,0,-0.4347,-2.0169772857157553,1564,1564,-31.545524748594413,-12.522948,38.714285714285715,-0.8148290525467191,-0.41743159999999996,POINTS_PER_WIN_UNIT_MISMATCH,2.5190174668611904,3.0.0,2.2.0,drbl-ranking-v2-seq
203901,Elfrid Payton,1610612740,-2.428,-0.5135,-1.75,0,0,-2.428,-6.11617440953897,0,-0.4347,-6.11617440953897,518,518,-31.681783441411863,-12.57704,38.714285714285715,-0.8183486497781661,-0.4192346666666667,POINTS_PER_WIN_UNIT_MISMATCH,2.5190174668611904,3.0.0,2.2.0,drbl-ranking-v2-seq
1628366,Lonzo Ball,1610612741,-1.6974,-0.4289,-1.34,0,0,-1.6974,-4.275780248250185,0,-0.4347,-4.275780248250185,746,746,-31.89732065194638,-12.662604000000002,38.714285714285715,-0.823916031600091,-0.42208680000000004,POINTS_PER_WIN_UNIT_MISMATCH,2.5190174668611904,3.0.0,2.2.0,drbl-ranking-v2-seq
1642530,Yuki Kawamura,1610612763,-8.9322,-0.6978,-3.77,0,0,-8.9322,-22.500367817497526,0,-0.4347,-22.500367817497526,146,146,-32.850537013546386,-13.041012,38.714285714285715,-0.8485378564384676,-0.4347004,POINTS_PER_WIN_UNIT_MISMATCH,2.5190174668611904,3.0.0,2.2.0,drbl-ranking-v2-seq
203967,Dario Šarić,1610612743,-2.3247,-0.5134,-1.71,0,0,-2.3247,-5.8559599052122095,0,-0.4347,-5.8559599052122095,561,561,-32.85193506824049,-13.041567,38.714285714285715,-0.8485739685523375,-0.4347189,POINTS_PER_WIN_UNIT_MISMATCH,2.5190174668611904,3.0.0,2.2.0,drbl-ranking-v2-seq
1630172,Patrick Williams,1610612741,-0.6236,-0.2118,-0.57,0,0,-0.6236,-1.5708592923346385,0,-0.4347,-1.5708592923346385,2132,2132,-33.49072011257449,-13.295152,38.714285714285715,-0.8650739512473116,-0.4431717333333333,POINTS_PER_WIN_UNIT_MISMATCH,2.5190174668611904,3.0.0,2.2.0,drbl-ranking-v2-seq
1630183,Jaden McDaniels,1610612750,-0.4381,-0.1569,-0.41,0,0,-0.4381,-1.1035815522318875,0,-0.4347,-1.1035815522318875,3061,3061,-33.78063131381808,-13.410241,38.714285714285715,-0.8725624324602455,-0.44700803333333333,POINTS_PER_WIN_UNIT_MISMATCH,2.5190174668611904,3.0.0,2.2.0,drbl-ranking-v2-seq
203471,Dennis Schröder,1610612751,-0.4201,-0.1512,-0.4,0,0,-0.4201,-1.058239237828386,0,-0.4347,-1.058239237828386,3201,3201,-33.874238002886635,-13.447401,38.714285714285715,-0.874980317417736,-0.4482467,POINTS_PER_WIN_UNIT_MISMATCH,2.5190174668611904,3.0.0,2.2.0,drbl-ranking-v2-seq
1642281,Jaylon Tyson,1610612739,-2.3365,-0.5236,-1.74,0,0,-2.3365,-5.885684311321172,0,-0.4347,-5.885684311321172,577,577,-33.960398476323164,-13.481605,38.714285714285715,-0.8772058647020743,-0.44938683333333335,POINTS_PER_WIN_UNIT_MISMATCH,2.5190174668611904,3.0.0,2.2.0,drbl-ranking-v2-seq
1629750,Javonte Green,1610612740,-0.5489,-0.1907,-0.51,0,0,-0.5489,-1.3826886875601077,0,-0.4347,-1.3826886875601077,2458,2458,-33.98648794022745,-13.491962000000001,38.714285714285715,-0.8778797622936979,-0.4497320666666667,POINTS_PER_WIN_UNIT_MISMATCH,2.5190174668611904,3.0.0,2.2.0,drbl-ranking-v2-seq
201144,Mike Conley,1610612750,-0.5931,-0.2036,-0.55,0,0,-0.5931,-1.494029259595372,0,-0.4347,-1.494029259595372,2276,2276,-34.00410594839067,-13.498955999999998,38.714285714285715,-0.8783348399953308,-0.44996519999999995,POINTS_PER_WIN_UNIT_MISMATCH,2.5190174668611904,3.0.0,2.2.0,drbl-ranking-v2-seq
1629611,Terance Mann,1610612746,-0.7077,-0.2359,-0.64,0,0,-0.7077,-1.7827086612976644,0,-0.4347,-1.7827086612976644,1921,1921,-34.24583338352814,-13.594917,38.714285714285715,-0.8845787220837525,-0.4531639,POINTS_PER_WIN_UNIT_MISMATCH,2.5190174668611904,3.0.0,2.2.0,drbl-ranking-v2-seq
101108,Chris Paul,1610612759,-0.4164,-0.1503,-0.39,0,0,-0.4164,-1.0489188732009997,0,-0.4347,-1.0489188732009997,3272,3272,-34.32062553113671,-13.624608,38.714285714285715,-0.8865106225754871,-0.4541536,POINTS_PER_WIN_UNIT_MISMATCH,2.5190174668611904,3.0.0,2.2.0,drbl-ranking-v2-seq
1629632,Coby White,1610612741,-0.3772,-0.1377,-0.36,0,0,-0.3772,-0.950173388500041,0,-0.4347,-0.950173388500041,3642,3642,-34.60531480917149,-13.737623999999999,38.714285714285715,-0.8938642201631012,-0.45792079999999996,POINTS_PER_WIN_UNIT_MISMATCH,2.5190174668611904,3.0.0,2.2.0,drbl-ranking-v2-seq
1627759,Jaylen Brown,1610612738,-0.4254,-0.1536,-0.4,0,0,-0.4254,-1.0715900304027504,0,-0.4347,-1.0715900304027504,3287,3287,-35.22316429933841,-13.982898,38.714285714285715,-0.9098234320862318,-0.4660966,POINTS_PER_WIN_UNIT_MISMATCH,2.5190174668611904,3.0.0,2.2.0,drbl-ranking-v2-seq
1631108,Max Christie,1610612747,-0.6999,-0.2358,-0.64,0,0,-0.6999,-1.7630603250561472,0,-0.4347,-1.7630603250561472,2034,2034,-35.86064701164203,-14.235965999999998,38.714285714285715,-0.9262897752084657,-0.4745321999999999,POINTS_PER_WIN_UNIT_MISMATCH,2.5190174668611904,3.0.0,2.2.0,drbl-ranking-v2-seq
1641763,Julian Phillips,1610612741,-0.878,-0.2835,-0.78,0,0,-0.878,-2.2116973359041254,0,-0.4347,-2.2116973359041254,1642,1642,-36.31607025554574,-14.41676,38.714285714285715,-0.9380534752354988,-0.4805586666666667,POINTS_PER_WIN_UNIT_MISMATCH,2.5190174668611904,3.0.0,2.2.0,drbl-ranking-v2-seq
1630574,Ariel Hukporti,1610612752,-3.7226,-0.6762,-2.46,0,0,-3.7226,-9.377294422137467,0,-0.4347,-9.377294422137467,391,391,-36.665221190557496,-14.555366,38.714285714285715,-0.9470721340734408,-0.48517886666666665,POINTS_PER_WIN_UNIT_MISMATCH,2.5190174668611904,3.0.0,2.2.0,drbl-ranking-v2-seq
201569,Eric Gordon,1610612755,-1.2695,-0.376,-1.08,0,0,-1.2695,-3.1978926741802813,0,-0.4347,-3.1978926741802813,1167,1167,-37.319407507683884,-14.815065000000002,38.714285714285715,-0.963969935622831,-0.4938355000000001,POINTS_PER_WIN_UNIT_MISMATCH,2.5190174668611904,3.0.0,2.2.0,drbl-ranking-v2-seq
1641842,Ronald Holland II,1610612765,-0.8506,-0.2786,-0.76,0,0,-0.8506,-2.1426762573121287,0,-0.4347,-2.1426762573121287,1756,1756,-37.62539507840098,-14.936536,38.714285714285715,-0.9718736736118333,-0.4978845333333333,POINTS_PER_WIN_UNIT_MISMATCH,2.5190174668611904,3.0.0,2.2.0,drbl-ranking-v2-seq
1631104,Blake Wesley,1610612759,-1.9128,-0.5014,-1.54,0,0,-1.9128,-4.818376610612085,0,-0.4347,-4.818376610612085,816,816,-39.31795314259462,-15.608448000000001,38.714285714285715,-1.015592885602075,-0.5202816,POINTS_PER_WIN_UNIT_MISMATCH,2.5190174668611904,3.0.0,2.2.0,drbl-ranking-v2-seq
203992,Bogdan Bogdanović,1610612737,-1.1651,-0.3592,-1.01,0,0,-1.1651,-2.934907250639973,0,-0.4347,-2.934907250639973,1350,1350,-39.62124788363964,-15.72885,38.714285714285715,-1.023427067105083,-0.524295,POINTS_PER_WIN_UNIT_MISMATCH,2.5190174668611904,3.0.0,2.2.0,drbl-ranking-v2-seq
1631099,Keegan Murray,1610612758,-0.3909,-0.1443,-0.37,0,0,-0.3909,-0.9846839277960394,0,-0.4347,-0.9846839277960394,4071,4071,-40.08648270057677,-15.913539,38.714285714285715,-1.0354442025979238,-0.5304513,POINTS_PER_WIN_UNIT_MISMATCH,2.5190174668611904,3.0.0,2.2.0,drbl-ranking-v2-seq
1630811,Keaton Wallace,1610612737,-1.6911,-0.4676,-1.39,0,0,-1.6911,-4.259910438208959,0,-0.4347,-4.259910438208959,942,942,-40.1283563279284,-15.930162000000001,38.714285714285715,-1.0365258092084826,-0.5310054000000001,POINTS_PER_WIN_UNIT_MISMATCH,2.5190174668611904,3.0.0,2.2.0,drbl-ranking-v2-seq
1626196,Josh Richardson,1610612748,-2.8567,-0.6407,-2.12,0,0,-2.8567,-7.196077197582363,0,-0.4347,-7.196077197582363,578,578,-41.593326202026056,-16.511726,38.714285714285715,-1.0743663594619277,-0.5503908666666667,POINTS_PER_WIN_UNIT_MISMATCH,2.5190174668611904,3.0.0,2.2.0,drbl-ranking-v2-seq
1641794,Dillon Jones,1610612760,-2.3546,-0.5824,-1.84,0,0,-2.3546,-5.931278527471359,0,-0.4347,-5.931278527471359,710,710,-42.11207754504665,-16.717660000000002,38.714285714285715,-1.0877658406469615,-0.5572553333333334,POINTS_PER_WIN_UNIT_MISMATCH,2.5190174668611904,3.0.0,2.2.0,drbl-ranking-v2-seq
1630591,Jalen Suggs,1610612753,-0.5191,-0.1872,-0.49,0,0,-0.5191,-1.3076219670476439,0,-0.4347,-1.3076219670476439,3258,3258,-42.602323686412234,-16.912278,38.714285714285715,-1.100429025110279,-0.5637426,POINTS_PER_WIN_UNIT_MISMATCH,2.5190174668611904,3.0.0,2.2.0,drbl-ranking-v2-seq
1626168,Trey Lyles,1610612758,-1.1562,-0.3657,-1.02,0,0,-1.1562,-2.9124879951849083,0,-0.4347,-2.9124879951849083,1498,1498,-43.62907016786992,-17.319876,38.714285714285715,-1.1269501519375993,-0.5773292,POINTS_PER_WIN_UNIT_MISMATCH,2.5190174668611904,3.0.0,2.2.0,drbl-ranking-v2-seq
1630169,Tyrese Haliburton,1610612754,-0.4558,-0.1677,-0.43,0,0,-0.4558,-1.1481681613953305,0,-0.4347,-1.1481681613953305,3929,3929,-45.11152706122253,-17.908382,38.714285714285715,-1.1652423964153422,-0.5969460666666666,POINTS_PER_WIN_UNIT_MISMATCH,2.5190174668611904,3.0.0,2.2.0,drbl-ranking-v2-seq
1626167,Myles Turner,1610612754,-0.5525,-0.1992,-0.52,0,0,-0.5525,-1.3917571504408077,0,-0.4347,-1.3917571504408077,3243,3243,-45.13468438879539,-17.917575,38.714285714285715,-1.1658405561681466,-0.5972525,POINTS_PER_WIN_UNIT_MISMATCH,2.5190174668611904,3.0.0,2.2.0,drbl-ranking-v2-seq
1629630,Ja Morant,1610612763,-0.9194,-0.3078,-0.83,0,0,-0.9194,-2.3159846590321784,0,-0.4347,-2.3159846590321784,1967,1967,-45.55541824316295,-18.084598,38.714285714285715,-1.1767082203031018,-0.6028199333333333,POINTS_PER_WIN_UNIT_MISMATCH,2.5190174668611904,3.0.0,2.2.0,drbl-ranking-v2-seq
1628464,Daniel Theis,1610612740,-1.6941,-0.4888,-1.43,0,0,-1.6941,-4.267467490609542,0,-0.4347,-4.267467490609542,1071,1071,-45.704576824428194,-18.143811,38.714285714285715,-1.18056102498523,-0.6047937,POINTS_PER_WIN_UNIT_MISMATCH,2.5190174668611904,3.0.0,2.2.0,drbl-ranking-v2-seq
203500,Steven Adams,1610612745,-2.6145,-0.6419,-2.03,0,0,-2.6145,-6.585971167108583,0,-0.4347,-6.585971167108583,698,698,-45.97007874641791,-18.24921,38.714285714285715,-1.1874190082100566,-0.608307,POINTS_PER_WIN_UNIT_MISMATCH,2.5190174668611904,3.0.0,2.2.0,drbl-ranking-v2-seq
1630214,Xavier Tillman,1610612738,-3.0692,-0.7015,-2.3,0,0,-3.0692,-7.731368409290366,0,-0.4347,-7.731368409290366,600,600,-46.38821045574219,-18.4152,38.714285714285715,-1.1982194582664034,-0.6138399999999999,POINTS_PER_WIN_UNIT_MISMATCH,2.5190174668611904,3.0.0,2.2.0,drbl-ranking-v2-seq
203924,Jerami Grant,1610612757,-0.6025,-0.2175,-0.57,0,0,-0.6025,-1.5177080237838674,0,-0.4347,-1.5177080237838674,3277,3277,-49.73529193939733,-19.743925,38.714285714285715,-1.2846754375490084,-0.6581308333333333,POINTS_PER_WIN_UNIT_MISMATCH,2.5190174668611904,3.0.0,2.2.0,drbl-ranking-v2-seq
203935,Marcus Smart,1610612763,-1.2452,-0.3999,-1.11,0,0,-1.2452,-3.1366805497355545,0,-0.4347,-3.1366805497355545,1602,1602,-50.249622406763585,-19.948104,38.714285714285715,-1.2979607263739672,-0.6649368,POINTS_PER_WIN_UNIT_MISMATCH,2.5190174668611904,3.0.0,2.2.0,drbl-ranking-v2-seq
1631170,Jaime Jaquez Jr.,1610612748,-1.1826,-0.3864,-1.06,0,0,-1.1826,-2.978990056310044,0,-0.4347,-2.978990056310044,1736,1736,-51.71526737754237,-20.529936000000003,38.714285714285715,-1.3358187145490648,-0.6843312000000001,POINTS_PER_WIN_UNIT_MISMATCH,2.5190174668611904,3.0.0,2.2.0,drbl-ranking-v2-seq
1642354,KJ Simpson,1610612766,-4.5818,-0.9068,-3.19,0,0,-4.5818,-11.541634229664604,0,-0.4347,-11.541634229664604,458,458,-52.86068477186389,-20.984644000000003,38.714285714285715,-1.3654051417086612,-0.6994881333333335,POINTS_PER_WIN_UNIT_MISMATCH,2.5190174668611904,3.0.0,2.2.0,drbl-ranking-v2-seq
1630567,Scottie Barnes,1610612761,-0.8726,-0.303,-0.81,0,0,-0.8726,-2.198094641583075,0,-0.4347,-2.198094641583075,2445,2445,-53.74341398670618,-21.33507,38.714285714285715,-1.388206265339274,-0.711169,POINTS_PER_WIN_UNIT_MISMATCH,2.5190174668611904,3.0.0,2.2.0,drbl-ranking-v2-seq
1628467,Maxi Kleber,1610612742,-1.7695,-0.532,-1.52,0,0,-1.7695,-4.4574014076108766,0,-0.4347,-4.4574014076108766,1230,1230,-54.82603731361378,-21.764850000000003,38.714285714285715,-1.416170705517699,-0.7254950000000001,POINTS_PER_WIN_UNIT_MISMATCH,2.5190174668611904,3.0.0,2.2.0,drbl-ranking-v2-seq
1642263,Reed Sheppard,1610612745,-1.5844,-0.4929,-1.39,0,0,-1.5844,-3.99113127449487,0,-0.4347,-3.99113127449487,1400,1400,-55.875837842928185,-22.1816,38.714285714285715,-1.4432873243560784,-0.7393866666666666,POINTS_PER_WIN_UNIT_MISMATCH,2.5190174668611904,3.0.0,2.2.0,drbl-ranking-v2-seq
1641710,Anthony Black,1610612753,-0.8106,-0.2873,-0.76,0,0,-0.8106,-2.041915558637681,0,-0.4347,-2.041915558637681,2829,2829,-57.76579115385999,-22.931873999999997,38.714285714285715,-1.4921053065572691,-0.7643957999999998,POINTS_PER_WIN_UNIT_MISMATCH,2.5190174668611904,3.0.0,2.2.0,drbl-ranking-v2-seq
1631093,Jaden Ivey,1610612765,-0.7551,-0.2703,-0.71,0,0,-0.7551,-1.902110089226885,0,-0.4347,-1.902110089226885,3053,3053,-58.0714210240968,-23.053203,38.714285714285715,-1.4999998050504708,-0.7684401,POINTS_PER_WIN_UNIT_MISMATCH,2.5190174668611904,3.0.0,2.2.0,drbl-ranking-v2-seq
1641716,Jarace Walker,1610612754,-1.1732,-0.395,-1.07,0,0,-1.1732,-2.9553112921215487,0,-0.4347,-2.9553112921215487,2029,2029,-59.96326611714622,-23.804228,38.714285714285715,-1.5488666524724115,-0.7934742666666666,POINTS_PER_WIN_UNIT_MISMATCH,2.5190174668611904,3.0.0,2.2.0,drbl-ranking-v2-seq
1629216,Gabe Vincent,1610612747,-1.2394,-0.4153,-1.13,0,0,-1.2394,-3.1220702484277596,0,-0.4347,-3.1220702484277596,1975,1975,-61.66088740644825,-24.47815,38.714285714285715,-1.592716648875047,-0.8159383333333333,POINTS_PER_WIN_UNIT_MISMATCH,2.5190174668611904,3.0.0,2.2.0,drbl-ranking-v2-seq
1630533,Ziaire Williams,1610612751,-1.3409,-0.4432,-1.21,0,0,-1.3409,-3.3777505213141703,0,-0.4347,-3.3777505213141703,1839,1839,-62.11683208696759,-24.659151,38.714285714285715,-1.6044938177445502,-0.8219717000000001,POINTS_PER_WIN_UNIT_MISMATCH,2.5190174668611904,3.0.0,2.2.0,drbl-ranking-v2-seq
1641764,Brandin Podziemski,1610612744,-1.0325,-0.3573,-0.95,0,0,-1.0325,-2.600885534534179,0,-0.4347,-2.600885534534179,2392,2392,-62.21318198605756,-24.6974,38.714285714285715,-1.6069825605254722,-0.8232466666666666,POINTS_PER_WIN_UNIT_MISMATCH,2.5190174668611904,3.0.0,2.2.0,drbl-ranking-v2-seq
1630175,Cole Anthony,1610612753,-1.9582,-0.5934,-1.69,0,0,-1.9582,-4.932740003607583,0,-0.4347,-4.932740003607583,1266,1266,-62.44848844567199,-24.790812000000003,38.714285714285715,-1.6130605871575792,-0.8263604000000001,POINTS_PER_WIN_UNIT_MISMATCH,2.5190174668611904,3.0.0,2.2.0,drbl-ranking-v2-seq
1626179,Terry Rozier,1610612748,-1.0586,-0.3658,-0.98,0,0,-1.0586,-2.6666318904192563,0,-0.4347,-2.6666318904192563,2371,2371,-63.22584212184057,-25.099406,38.714285714285715,-1.633139833405476,-0.8366468666666667,POINTS_PER_WIN_UNIT_MISMATCH,2.5190174668611904,3.0.0,2.2.0,drbl-ranking-v2-seq
1628978,Donte DiVincenzo,1610612750,-0.9329,-0.3292,-0.87,0,0,-0.9329,-2.3499913948348046,0,-0.4347,-2.3499913948348046,2735,2735,-64.2722646487319,-25.514815,38.714285714285715,-1.6601691975687207,-0.8504938333333333,POINTS_PER_WIN_UNIT_MISMATCH,2.5190174668611904,3.0.0,2.2.0,drbl-ranking-v2-seq
1628398,Kyle Kuzma,1610612764,-1.8291,-0.5729,-1.61,0,0,-1.8291,-4.607534848635804,0,-0.4347,-4.607534848635804,1439,1439,-66.30242647186921,-26.320749,38.714285714285715,-1.7126088018564003,-0.8773582999999999,POINTS_PER_WIN_UNIT_MISMATCH,2.5190174668611904,3.0.0,2.2.0,drbl-ranking-v2-seq
1642258,Zaccharie Risacher,1610612737,-0.9115,-0.324,-0.85,0,0,-0.9115,-2.296084421043975,0,-0.4347,-2.296084421043975,2893,2893,-66.42572230080219,-26.369695,38.714285714285715,-1.7157935649653702,-0.8789898333333334,POINTS_PER_WIN_UNIT_MISMATCH,2.5190174668611904,3.0.0,2.2.0,drbl-ranking-v2-seq
1642273,Kyshawn George,1610612764,-1.1695,-0.4018,-1.08,0,0,-1.1695,-2.945990927494162,0,-0.4347,-2.945990927494162,2286,2286,-67.34535260251654,-26.734769999999997,38.714285714285715,-1.7395478532015343,-0.8911589999999999,POINTS_PER_WIN_UNIT_MISMATCH,2.5190174668611904,3.0.0,2.2.0,drbl-ranking-v2-seq
1626171,Bobby Portis,1610612749,-1.0972,-0.3826,-1.02,0,0,-1.0972,-2.763865964640098,0,-0.4347,-2.763865964640098,2517,2517,-69.56650632999127,-27.616524,38.714285714285715,-1.7969208277119515,-0.9205507999999999,POINTS_PER_WIN_UNIT_MISMATCH,2.5190174668611904,3.0.0,2.2.0,drbl-ranking-v2-seq
203994,Jusuf Nurkić,1610612756,-1.5167,-0.501,-1.37,0,0,-1.5167,-3.8205937919883675,0,-0.4347,-3.8205937919883675,1832,1832,-69.99327826922689,-27.785944,38.714285714285715,-1.807944457138702,-0.9261981333333333,POINTS_PER_WIN_UNIT_MISMATCH,2.5190174668611904,3.0.0,2.2.0,drbl-ranking-v2-seq
1630595,Cade Cunningham,1610612765,-0.8154,-0.2957,-0.77,0,0,-0.8154,-2.0540068424786146,0,-0.4347,-2.0540068424786146,3414,3414,-70.1237936022199,-27.837756,38.714285714285715,-1.8113157019023591,-0.9279252,POINTS_PER_WIN_UNIT_MISMATCH,2.5190174668611904,3.0.0,2.2.0,drbl-ranking-v2-seq
1630590,Scotty Pippen Jr.,1610612763,-1.0368,-0.366,-0.97,0,0,-1.0368,-2.611717309641682,0,-0.4347,-2.611717309641682,2745,2745,-71.69164014966417,-28.460159999999995,38.714285714285715,-1.8518135832016573,-0.9486719999999998,POINTS_PER_WIN_UNIT_MISMATCH,2.5190174668611904,3.0.0,2.2.0,drbl-ranking-v2-seq
202331,Paul George,1610612755,-1.5235,-0.5062,-1.38,0,0,-1.5235,-3.8377231107630236,0,-0.4347,-3.8377231107630236,1889,1889,-72.49458956231351,-28.778915,38.714285714285715,-1.8725539739342971,-0.9592971666666668,POINTS_PER_WIN_UNIT_MISMATCH,2.5190174668611904,3.0.0,2.2.0,drbl-ranking-v2-seq
203110,Draymond Green,1610612744,-1.1067,-0.3886,-1.03,0,0,-1.1067,-2.7877966305752797,0,-0.4347,-2.7877966305752797,2641,2641,-73.62570901349314,-29.227947,38.714285714285715,-1.901771081529343,-0.9742649,POINTS_PER_WIN_UNIT_MISMATCH,2.5190174668611904,3.0.0,2.2.0,drbl-ranking-v2-seq
1629014,Anfernee Simons,1610612757,-1.0311,-0.3677,-0.97,0,0,-1.0311,-2.5973589100805734,0,-0.4347,-2.5973589100805734,2964,2964,-76.9857180947882,-30.561804,38.714285714285715,-1.988560983998219,-1.0187268,POINTS_PER_WIN_UNIT_MISMATCH,2.5190174668611904,3.0.0,2.2.0,drbl-ranking-v2-seq
1642267,Carlton Carrington,1610612764,-1.1136,-0.3976,-1.04,0,0,-1.1136,-2.8051778510966217,0,-0.4347,-2.8051778510966217,2993,2993,-83.9589730833219,-33.330048,38.714285714285715,-2.1686819615618202,-1.1110016,POINTS_PER_WIN_UNIT_MISMATCH,2.5190174668611904,3.0.0,2.2.0,drbl-ranking-v2-seq
1642262,Cody Williams,1610612762,-2.7814,-0.8401,-2.4,0,0,-2.7814,-7.006395182327715,0,-0.4347,-7.006395182327715,1251,1251,-87.6500037309197,-34.795314000000005,38.714285714285715,-2.2640222365920217,-1.1598438000000002,POINTS_PER_WIN_UNIT_MISMATCH,2.5190174668611904,3.0.0,2.2.0,drbl-ranking-v2-seq
1641748,Andre Jackson Jr.,1610612749,-1.8762,-0.6218,-1.69,0,0,-1.8762,-4.726180571324965,0,-0.4347,-4.726180571324965,1864,1864,-88.09600584949736,-34.972368,38.714285714285715,-2.275542586518382,-1.1657456000000002,POINTS_PER_WIN_UNIT_MISMATCH,2.5190174668611904,3.0.0,2.2.0,drbl-ranking-v2-seq
1641739,Toumani Camara,1610612757,-1.0408,-0.3775,-0.98,0,0,-1.0408,-2.621793379509127,0,-0.4347,-2.621793379509127,3424,3424,-89.77020531439251,-35.636992,38.714285714285715,-2.31878759114667,-1.1878997333333332,POINTS_PER_WIN_UNIT_MISMATCH,2.5190174668611904,3.0.0,2.2.0,drbl-ranking-v2-seq
1630553,Keon Johnson,1610612751,-2.0793,-0.6856,-1.87,0,0,-2.0793,-5.2377930188444735,0,-0.4347,-5.2377930188444735,1816,1816,-95.11832122221564,-37.760088,38.714285714285715,-2.4569308064778945,-1.2586696000000002,POINTS_PER_WIN_UNIT_MISMATCH,2.5190174668611904,3.0.0,2.2.0,drbl-ranking-v2-seq
1630702,Jaden Hardy,1610612742,-2.8669,-0.8795,-2.49,0,0,-2.8669,-7.221771175744347,0,-0.4347,-7.221771175744347,1325,1325,-95.68846807861259,-37.986425,38.714285714285715,-2.4716578470490336,-1.2662141666666666,POINTS_PER_WIN_UNIT_MISMATCH,2.5190174668611904,3.0.0,2.2.0,drbl-ranking-v2-seq
1641731,Bilal Coulibaly,1610612764,-1.1617,-0.4196,-1.1,0,0,-1.1617,-2.9263425912526446,0,-0.4347,-2.9263425912526446,3293,3293,-96.36446152994958,-38.254781,38.714285714285715,-2.489118932507923,-1.2751593666666667,POINTS_PER_WIN_UNIT_MISMATCH,2.5190174668611904,3.0.0,2.2.0,drbl-ranking-v2-seq
201935,James Harden,1610612746,-1.0081,-0.3697,-0.96,0,0,-1.0081,-2.539421508342766,0,-0.4347,-2.539421508342766,3797,3797,-96.42183467177483,-38.277557,38.714285714285715,-2.4906008955809,-1.2759185666666668,POINTS_PER_WIN_UNIT_MISMATCH,2.5190174668611904,3.0.0,2.2.0,drbl-ranking-v2-seq
1642259,Alexandre Sarr,1610612764,-1.5459,-0.5402,-1.43,0,0,-1.5459,-3.8941491020207146,0,-0.4347,-3.8941491020207146,2554,2554,-99.45656806560905,-39.482286,38.714285714285715,-2.568988843023112,-1.3160762000000001,POINTS_PER_WIN_UNIT_MISMATCH,2.5190174668611904,3.0.0,2.2.0,drbl-ranking-v2-seq
1627732,Ben Simmons,1610612751,-1.928,-0.6523,-1.76,0,0,-1.928,-4.856665676108375,0,-0.4347,-4.856665676108375,2084,2084,-101.21291269009853,-40.17952,38.714285714285715,-2.6143556783420285,-1.3393173333333332,POINTS_PER_WIN_UNIT_MISMATCH,2.5190174668611904,3.0.0,2.2.0,drbl-ranking-v2-seq
1628997,Caleb Martin,1610612755,-1.7296,-0.604,-1.6,0,0,-1.7296,-4.356892610683115,0,-0.4347,-4.356892610683115,2542,2542,-110.75221016356478,-43.966432000000005,38.714285714285715,-2.8607581961068393,-1.4655477333333335,POINTS_PER_WIN_UNIT_MISMATCH,2.5190174668611904,3.0.0,2.2.0,drbl-ranking-v2-seq
2544,LeBron James,1610612747,-1.2292,-0.4481,-1.16,0,0,-1.2292,-3.0963762702657753,0,-0.4347,-3.0963762702657753,3587,3587,-111.06701681443336,-44.091404000000004,38.714285714285715,-2.8688897332141456,-1.469713466666667,POINTS_PER_WIN_UNIT_MISMATCH,2.5190174668611904,3.0.0,2.2.0,drbl-ranking-v2-seq
1642347,Jamal Shead,1610612761,-2.9449,-0.9351,-2.6,0,0,-2.9449,-7.41825453815952,0,-0.4347,-7.41825453815952,1524,1524,-113.05419916155108,-44.880276,38.714285714285715,-2.9202191665345296,-1.4960092,POINTS_PER_WIN_UNIT_MISMATCH,2.5190174668611904,3.0.0,2.2.0,drbl-ranking-v2-seq
1642264,Stephon Castle,1610612759,-1.5329,-0.5477,-1.44,0,0,-1.5329,-3.8614018749515187,0,-0.4347,-3.8614018749515187,3009,3009,-116.1895824172912,-46.12496099999999,38.714285714285715,-3.001206925907891,-1.5374986999999998,POINTS_PER_WIN_UNIT_MISMATCH,2.5190174668611904,3.0.0,2.2.0,drbl-ranking-v2-seq
1630703,Scoot Henderson,1610612757,-2.2396,-0.7612,-2.05,0,0,-2.2396,-5.641591518782322,0,-0.4347,-5.641591518782322,2141,2141,-120.78647441712953,-47.949836,38.714285714285715,-3.119945833652792,-1.5983278666666665,POINTS_PER_WIN_UNIT_MISMATCH,2.5190174668611904,3.0.0,2.2.0,drbl-ranking-v2-seq
1641718,Keyonte George,1610612762,-1.728,-0.618,-1.62,0,0,-1.728,-4.352862182736137,0,-0.4347,-4.352862182736137,3035,3035,-132.10936724604176,-52.444799999999994,38.714285714285715,-3.41241908015606,-1.7481599999999997,POINTS_PER_WIN_UNIT_MISMATCH,2.5190174668611904,3.0.0,2.2.0,drbl-ranking-v2-seq
1630558,Davion Mitchell,1610612761,-1.7965,-0.6402,-1.68,0,0,-1.7965,-4.525414879216129,0,-0.4347,-4.525414879216129,2947,2947,-133.3639764904993,-52.942855,38.714285714285715,-3.444825961009207,-1.7647618333333335,POINTS_PER_WIN_UNIT_MISMATCH,2.5190174668611904,3.0.0,2.2.0,drbl-ranking-v2-seq
1627749,Dejounte Murray,1610612740,-3.4604,-1.1101,-3.07,0,0,-3.4604,-8.716808042326463,0,-0.4347,-8.716808042326463,1594,1594,-138.94592019468382,-55.158775999999996,38.714285714285715,-3.58900900871877,-1.8386258666666666,POINTS_PER_WIN_UNIT_MISMATCH,2.5190174668611904,3.0.0,2.2.0,drbl-ranking-v2-seq
201566,Russell Westbrook,1610612743,-2.0018,-0.7078,-1.87,0,0,-2.0018,-5.042569165162731,0,-0.4347,-5.042569165162731,2776,2776,-139.98172002491742,-55.569967999999996,38.714285714285715,-3.6157639858834756,-1.8523322666666666,POINTS_PER_WIN_UNIT_MISMATCH,2.5190174668611904,3.0.0,2.2.0,drbl-ranking-v2-seq
1628389,Bam Adebayo,1610612748,-1.7011,-0.6154,-1.61,0,0,-1.7011,-4.285100612877571,0,-0.4347,-4.285100612877571,3343,3343,-143.2509134884972,-56.867773,38.714285714285715,-3.7002080974888574,-1.8955924333333334,POINTS_PER_WIN_UNIT_MISMATCH,2.5190174668611904,3.0.0,2.2.0,drbl-ranking-v2-seq
1629645,Kevin Porter Jr.,1610612746,-2.8242,-0.9505,-2.57,0,0,-2.8242,-7.114209129909374,0,-0.4347,-7.114209129909374,2024,2024,-143.99159278936574,-57.161808,38.714285714285715,-3.7193400351496684,-1.9053936,POINTS_PER_WIN_UNIT_MISMATCH,2.5190174668611904,3.0.0,2.2.0,drbl-ranking-v2-seq
1630581,Josh Giddey,1610612741,-2.2535,-0.8014,-2.11,0,0,-2.2535,-5.676605861571693,0,-0.4347,-5.676605861571693,2899,2899,-164.56480392696335,-65.328965,38.714285714285715,-4.250751392947393,-2.1776321666666667,POINTS_PER_WIN_UNIT_MISMATCH,2.5190174668611904,3.0.0,2.2.0,drbl-ranking-v2-seq
1629027,Trae Young,1610612737,-1.6078,-0.5939,-1.53,0,0,-1.6078,-4.050076283219422,0,-0.4347,-4.050076283219422,4090,4090,-165.64811998367438,-65.75901999999999,38.714285714285715,-4.278733726515574,-2.191967333333333,POINTS_PER_WIN_UNIT_MISMATCH,2.5190174668611904,3.0.0,2.2.0,drbl-ranking-v2-seq
1642268,Isaiah Collier,1610612762,-5.3533,-1.6233,-4.62,0,0,-5.3533,-13.48505620534801,0,-0.4347,-13.48505620534801,1269,1269,-171.12536324586625,-67.93337700000001,38.714285714285715,-4.420212334764073,-2.2644459,POINTS_PER_WIN_UNIT_MISMATCH,2.5190174668611904,3.0.0,2.2.0,drbl-ranking-v2-seq
