espnPlayerId,nbaPlayerId,playerName,normalizedName,priorConfidence,priorMatchMethod,evidenceClass,confidence,matchMethod,productionApproved,drblSeasons,espnSeasons,teamOverlapSeasons,teamOverlapCount,uniqueNameInDrbl,uniqueNameInEspn,birthDateEspn,birthDateNba,birthDateMatch,notes
4067017,1630639,A.J. Lawson,ajlawson,VERIFIED_MULTI_FIELD,unique_name_multi_season_team_overlap,VERIFIED_MULTI_FIELD,VERIFIED_MULTI_FIELD,unique_name_multi_season_team_overlap,true,2022-23|2023-24|2024-25|2025-26,2024-25|2025-26,2024-25|2025-26,2,true,true,,,unavailable,Unique name + team overlap in 2+ seasons
3064290,203932,Aaron Gordon,aarongordon,VERIFIED_MULTI_FIELD,unique_name_multi_season_team_overlap,VERIFIED_MULTI_FIELD,VERIFIED_MULTI_FIELD,unique_name_multi_season_team_overlap,true,2020-21|2021-22|2022-23|2023-24|2024-25|2025-26,2024-25|2025-26,2024-25|2025-26,2,true,true,,,unavailable,Unique name + team overlap in 2+ seasons
3922230,1628988,Aaron Holiday,aaronholiday,VERIFIED_MULTI_FIELD,unique_name_multi_season_team_overlap,VERIFIED_MULTI_FIELD,VERIFIED_MULTI_FIELD,unique_name_multi_season_team_overlap,true,2020-21|2021-22|2022-23|2023-24|2024-25|2025-26,2024-25|2025-26,2024-25|2025-26,2,true,true,,,unavailable,Unique name + team overlap in 2+ seasons
4396909,1630174,Aaron Nesmith,aaronnesmith,VERIFIED_MULTI_FIELD,unique_name_multi_season_team_overlap,VERIFIED_MULTI_FIELD,VERIFIED_MULTI_FIELD,unique_name_multi_season_team_overlap,true,2020-21|2021-22|2022-23|2023-24|2024-25|2025-26,2024-25|2025-26,2024-25|2025-26,2,true,true,,,unavailable,Unique name + team overlap in 2+ seasons
4397183,1630598,Aaron Wiggins,aaronwiggins,HIGH_CONFIDENCE_MULTI_FIELD,unique_name_same_season_team,HIGH_CONFIDENCE_MULTI_FIELD,HIGH_CONFIDENCE_MULTI_FIELD,unique_name_same_season_team,true,2021-22|2022-23|2023-24|2024-25|2025-26,2024-25|2025-26,2024-25,1,true,true,,,unavailable,Unique name + same canonical team in at least one shared season
4873138,1642846,Ace Bailey,acebailey,HIGH_CONFIDENCE_MULTI_FIELD,unique_name_same_season_team,HIGH_CONFIDENCE_MULTI_FIELD,HIGH_CONFIDENCE_MULTI_FIELD,unique_name_same_season_team,true,2025-26,2025-26,2025-26,1,true,true,,,unavailable,Unique name + same canonical team in at least one shared season
4397654,1641745,Adam Flagler,adamflagler,HIGH_CONFIDENCE_MULTI_FIELD,unique_name_same_season_team,HIGH_CONFIDENCE_MULTI_FIELD,HIGH_CONFIDENCE_MULTI_FIELD,unique_name_same_season_team,true,2023-24|2024-25,2024-25,2024-25,1,true,true,,,unavailable,Unique name + same canonical team in at least one shared season
4896365,1642380,Adama Bal,adamabal,HIGH_CONFIDENCE_MULTI_FIELD,unique_name_same_season_team,HIGH_CONFIDENCE_MULTI_FIELD,HIGH_CONFIDENCE_MULTI_FIELD,unique_name_same_season_team,true,2025-26,2025-26,2025-26,1,true,true,,,unavailable,Unique name + same canonical team in at least one shared season
4702023,1641766,Adama Sanogo,adamasanogo,HIGH_CONFIDENCE_MULTI_FIELD,unique_name_same_season_team,HIGH_CONFIDENCE_MULTI_FIELD,HIGH_CONFIDENCE_MULTI_FIELD,unique_name_same_season_team,true,2023-24|2024-25,2024-25,2024-25,1,true,true,,,unavailable,Unique name + same canonical team in at least one shared season
5105637,1641737,Adem Bona,adembona,VERIFIED_MULTI_FIELD,unique_name_multi_season_team_overlap,VERIFIED_MULTI_FIELD,VERIFIED_MULTI_FIELD,unique_name_multi_season_team_overlap,true,2024-25|2025-26,2024-25|2025-26,2024-25|2025-26,2,true,true,,,unavailable,Unique name + team overlap in 2+ seasons
5060631,1642876,Adou Thiero,adouthiero,HIGH_CONFIDENCE_MULTI_FIELD,unique_name_same_season_team,HIGH_CONFIDENCE_MULTI_FIELD,HIGH_CONFIDENCE_MULTI_FIELD,unique_name_same_season_team,true,2025-26,2025-26,2025-26,1,true,true,,,unavailable,Unique name + same canonical team in at least one shared season
4397475,1631260,AJ Green,ajgreen,VERIFIED_MULTI_FIELD,unique_name_multi_season_team_overlap,VERIFIED_MULTI_FIELD,VERIFIED_MULTI_FIELD,unique_name_multi_season_team_overlap,true,2022-23|2023-24|2024-25|2025-26,2024-25|2025-26,2024-25|2025-26,2,true,true,,,unavailable,Unique name + team overlap in 2+ seasons
5170947,1642358,AJ Johnson,ajjohnson,UNIQUE_NAME_ONLY,unique_name_only,UNIQUE_NAME_ONLY,UNIQUE_NAME_ONLY,unique_name_only,false,2024-25|2025-26,2024-25|2025-26,,0,true,true,,,unavailable,Unique normalized name only; no same-season team overlap evidence
4900671,1642349,Ajay Mitchell,ajaymitchell,VERIFIED_MULTI_FIELD,unique_name_multi_season_team_overlap,VERIFIED_MULTI_FIELD,VERIFIED_MULTI_FIELD,unique_name_multi_season_team_overlap,true,2024-25|2025-26,2024-25|2025-26,2024-25|2025-26,2,true,true,,,unavailable,Unique name + team overlap in 2+ seasons
3213,201143,Al Horford,alhorford,VERIFIED_MULTI_FIELD,unique_name_multi_season_team_overlap,VERIFIED_MULTI_FIELD,VERIFIED_MULTI_FIELD,unique_name_multi_season_team_overlap,true,2020-21|2021-22|2022-23|2023-24|2024-25|2025-26,2024-25|2025-26,2024-25|2025-26,2,true,true,,,unavailable,Unique name + team overlap in 2+ seasons
6429,202692,Alec Burks,alecburks,HIGH_CONFIDENCE_MULTI_FIELD,unique_name_same_season_team,HIGH_CONFIDENCE_MULTI_FIELD,HIGH_CONFIDENCE_MULTI_FIELD,unique_name_same_season_team,true,2020-21|2021-22|2022-23|2023-24|2024-25,2024-25,2024-25,1,true,true,,,unavailable,Unique name + same canonical team in at least one shared season
4432452,1630828,Alex Antetokounmpo,alexantetokounmpo,HIGH_CONFIDENCE_MULTI_FIELD,unique_name_same_season_team,HIGH_CONFIDENCE_MULTI_FIELD,HIGH_CONFIDENCE_MULTI_FIELD,unique_name_same_season_team,true,2025-26,2025-26,2025-26,1,true,true,,,unavailable,Unique name + same canonical team in at least one shared season
2991350,1627936,Alex Caruso,alexcaruso,VERIFIED_MULTI_FIELD,unique_name_multi_season_team_overlap,VERIFIED_MULTI_FIELD,VERIFIED_MULTI_FIELD,unique_name_multi_season_team_overlap,true,2020-21|2021-22|2022-23|2023-24|2024-25|2025-26,2024-25|2025-26,2024-25|2025-26,2,true,true,,,unavailable,Unique name + team overlap in 2+ seasons
4432971,1642505,Alex Ducas,alexducas,HIGH_CONFIDENCE_MULTI_FIELD,unique_name_same_season_team,HIGH_CONFIDENCE_MULTI_FIELD,HIGH_CONFIDENCE_MULTI_FIELD,unique_name_same_season_team,true,2024-25,2024-25,2024-25,1,true,true,,,unavailable,Unique name + same canonical team in at least one shared season
2596107,203458,Alex Len,alexlen,UNIQUE_NAME_ONLY,unique_name_only,UNIQUE_NAME_ONLY,UNIQUE_NAME_ONLY,unique_name_only,false,2020-21|2021-22|2022-23|2023-24|2024-25,2024-25,,0,true,true,,,unavailable,Unique normalized name only; no same-season team overlap evidence
4593034,1631457,Alex Morales,alexmorales,HIGH_CONFIDENCE_MULTI_FIELD,unique_name_same_season_team,HIGH_CONFIDENCE_MULTI_FIELD,HIGH_CONFIDENCE_MULTI_FIELD,unique_name_same_season_team,true,2025-26,2025-26,2025-26,1,true,true,,,unavailable,Unique name + same canonical team in at least one shared season
4277812,1642024,Alex Reese,alexreese,UNIQUE_NAME_ONLY,unique_name_only,UNIQUE_NAME_ONLY,UNIQUE_NAME_ONLY,unique_name_only,false,2024-25,2024-25,,0,true,true,,,unavailable,Unique normalized name only; no same-season team overlap evidence
5160992,1642259,Alex Sarr,alexsarr,VERIFIED_MULTI_FIELD,unique_name_multi_season_team_overlap,VERIFIED_MULTI_FIELD,VERIFIED_MULTI_FIELD,unique_name_multi_season_team_overlap,true,2024-25|2025-26,2024-25|2025-26,2024-25|2025-26,2,true,true,,,unavailable,Unique name + team overlap in 2+ seasons
4702656,1642918,Alijah Martin,alijahmartin,HIGH_CONFIDENCE_MULTI_FIELD,unique_name_same_season_team,HIGH_CONFIDENCE_MULTI_FIELD,HIGH_CONFIDENCE_MULTI_FIELD,unique_name_same_season_team,true,2025-26,2025-26,2025-26,1,true,true,,,unavailable,Unique name + same canonical team in at least one shared season
4592216,1631214,Alondes Williams,alondeswilliams,HIGH_CONFIDENCE_MULTI_FIELD,unique_name_same_season_team,HIGH_CONFIDENCE_MULTI_FIELD,HIGH_CONFIDENCE_MULTI_FIELD,unique_name_same_season_team,true,2023-24|2025-26,2024-25|2025-26,2025-26,1,true,true,,,unavailable,Unique name + same canonical team in at least one shared season
4871144,1630578,Alperen Sengun,alperensengun,VERIFIED_MULTI_FIELD,unique_name_multi_season_team_overlap,VERIFIED_MULTI_FIELD,VERIFIED_MULTI_FIELD,unique_name_multi_season_team_overlap,true,2021-22|2022-23|2023-24|2024-25|2025-26,2024-25|2025-26,2024-25|2025-26,2,true,true,,,unavailable,Unique name + team overlap in 2+ seasons
4702745,1642873,Amari Williams,amariwilliams,HIGH_CONFIDENCE_MULTI_FIELD,unique_name_same_season_team,HIGH_CONFIDENCE_MULTI_FIELD,HIGH_CONFIDENCE_MULTI_FIELD,unique_name_same_season_team,true,2025-26,2025-26,2025-26,1,true,true,,,unavailable,Unique name + same canonical team in at least one shared season
4684740,1641708,Amen Thompson,amenthompson,VERIFIED_MULTI_FIELD,unique_name_multi_season_team_overlap,VERIFIED_MULTI_FIELD,VERIFIED_MULTI_FIELD,unique_name_multi_season_team_overlap,true,2023-24|2024-25|2025-26,2024-25|2025-26,2024-25|2025-26,2,true,true,,,unavailable,Unique name + team overlap in 2+ seasons
4066387,1629599,Amir Coffey,amircoffey,HIGH_CONFIDENCE_MULTI_FIELD,unique_name_same_season_team,HIGH_CONFIDENCE_MULTI_FIELD,HIGH_CONFIDENCE_MULTI_FIELD,unique_name_same_season_team,true,2020-21|2021-22|2022-23|2023-24|2024-25|2025-26,2024-25|2025-26,2024-25,1,true,true,,,unavailable,Unique name + same canonical team in at least one shared season
4702431,1643158,Andersson Garcia,anderssongarcia,HIGH_CONFIDENCE_MULTI_FIELD,unique_name_same_season_team,HIGH_CONFIDENCE_MULTI_FIELD,HIGH_CONFIDENCE_MULTI_FIELD,unique_name_same_season_team,true,2025-26,2025-26,2025-26,1,true,true,,,unavailable,Unique name + same canonical team in at least one shared season
6585,203083,Andre Drummond,andredrummond,HIGH_CONFIDENCE_MULTI_FIELD,unique_name_same_season_team,HIGH_CONFIDENCE_MULTI_FIELD,HIGH_CONFIDENCE_MULTI_FIELD,unique_name_same_season_team,true,2020-21|2021-22|2022-23|2023-24|2024-25|2025-26,2024-25|2025-26,2024-25,1,true,true,,,unavailable,Unique name + same canonical team in at least one shared season
4432190,1641748,Andre Jackson Jr.,andrejacksonjr,HIGH_CONFIDENCE_MULTI_FIELD,unique_name_same_season_team,HIGH_CONFIDENCE_MULTI_FIELD,HIGH_CONFIDENCE_MULTI_FIELD,unique_name_same_season_team,true,2023-24|2024-25|2025-26,2024-25|2025-26,2024-25,1,true,true,,,unavailable,Unique name + same canonical team in at least one shared season
4395712,1629614,Andrew Nembhard,andrewnembhard,VERIFIED_MULTI_FIELD,unique_name_multi_season_team_overlap,VERIFIED_MULTI_FIELD,VERIFIED_MULTI_FIELD,unique_name_multi_season_team_overlap,true,2022-23|2023-24|2024-25|2025-26,2024-25|2025-26,2024-25|2025-26,2,true,true,,,unavailable,Unique name + team overlap in 2+ seasons
3059319,203952,Andrew Wiggins,andrewwiggins,HIGH_CONFIDENCE_MULTI_FIELD,unique_name_same_season_team,HIGH_CONFIDENCE_MULTI_FIELD,HIGH_CONFIDENCE_MULTI_FIELD,unique_name_same_season_team,true,2020-21|2021-22|2022-23|2023-24|2024-25|2025-26,2024-25|2025-26,2025-26,1,true,true,,,unavailable,Unique name + same canonical team in at least one shared season
4351851,1629014,Anfernee Simons,anferneesimons,HIGH_CONFIDENCE_MULTI_FIELD,unique_name_same_season_team,HIGH_CONFIDENCE_MULTI_FIELD,HIGH_CONFIDENCE_MULTI_FIELD,unique_name_same_season_team,true,2020-21|2021-22|2022-23|2023-24|2024-25|2025-26,2024-25|2025-26,2024-25,1,true,true,,,unavailable,Unique name + same canonical team in at least one shared season
4712849,1641710,Anthony Black,anthonyblack,VERIFIED_MULTI_FIELD,unique_name_multi_season_team_overlap,VERIFIED_MULTI_FIELD,VERIFIED_MULTI_FIELD,unique_name_multi_season_team_overlap,true,2023-24|2024-25|2025-26,2024-25|2025-26,2024-25|2025-26,2,true,true,,,unavailable,Unique name + team overlap in 2+ seasons
6583,203076,Anthony Davis,anthonydavis,UNIQUE_NAME_ONLY,unique_name_only,UNIQUE_NAME_ONLY,UNIQUE_NAME_ONLY,unique_name_only,false,2020-21|2021-22|2022-23|2023-24|2024-25|2025-26,2024-25|2025-26,,0,true,true,,,unavailable,Unique normalized name only; no same-season team overlap evidence
4594268,1630162,Anthony Edwards,anthonyedwards,VERIFIED_MULTI_FIELD,unique_name_multi_season_team_overlap,VERIFIED_MULTI_FIELD,VERIFIED_MULTI_FIELD,unique_name_multi_season_team_overlap,true,2020-21|2021-22|2022-23|2023-24|2024-25|2025-26,2024-25|2025-26,2024-25|2025-26,2,true,true,,,unavailable,Unique name + team overlap in 2+ seasons
2581184,1630264,Anthony Gill,anthonygill,VERIFIED_MULTI_FIELD,unique_name_multi_season_team_overlap,VERIFIED_MULTI_FIELD,VERIFIED_MULTI_FIELD,unique_name_multi_season_team_overlap,true,2020-21|2021-22|2022-23|2023-24|2024-25|2025-26,2024-25|2025-26,2024-25|2025-26,2,true,true,,,unavailable,Unique name + team overlap in 2+ seasons
4431705,1641817,Anton Watson,antonwatson,HIGH_CONFIDENCE_MULTI_FIELD,unique_name_same_season_team,HIGH_CONFIDENCE_MULTI_FIELD,HIGH_CONFIDENCE_MULTI_FIELD,unique_name_same_season_team,true,2024-25,2024-25,2024-25,1,true,true,,,unavailable,Unique name + same canonical team in at least one shared season
4592686,1641810,Antonio Reeves,antonioreeves,VERIFIED_MULTI_FIELD,unique_name_multi_season_team_overlap,VERIFIED_MULTI_FIELD,VERIFIED_MULTI_FIELD,unique_name_multi_season_team_overlap,true,2024-25|2025-26,2024-25|2025-26,2024-25|2025-26,2,true,true,,,unavailable,Unique name + team overlap in 2+ seasons
4871141,1630574,Ariel Hukporti,arielhukporti,HIGH_CONFIDENCE_MULTI_FIELD,unique_name_same_season_team,HIGH_CONFIDENCE_MULTI_FIELD,HIGH_CONFIDENCE_MULTI_FIELD,unique_name_same_season_team,true,2024-25|2025-26,2024-25|2025-26,2024-25,1,true,true,,,unavailable,Unique name + same canonical team in at least one shared season
5104156,1642422,Armel Traore,armeltraore,HIGH_CONFIDENCE_MULTI_FIELD,unique_name_same_season_team,HIGH_CONFIDENCE_MULTI_FIELD,HIGH_CONFIDENCE_MULTI_FIELD,unique_name_same_season_team,true,2024-25,2024-25,2024-25,1,true,true,,,unavailable,Unique name + same canonical team in at least one shared season
4873201,1642854,Asa Newell,asanewell,HIGH_CONFIDENCE_MULTI_FIELD,unique_name_same_season_team,HIGH_CONFIDENCE_MULTI_FIELD,HIGH_CONFIDENCE_MULTI_FIELD,unique_name_same_season_team,true,2025-26,2025-26,2025-26,1,true,true,,,unavailable,Unique name + same canonical team in at least one shared season
4684742,1641709,Ausar Thompson,ausarthompson,VERIFIED_MULTI_FIELD,unique_name_multi_season_team_overlap,VERIFIED_MULTI_FIELD,VERIFIED_MULTI_FIELD,unique_name_multi_season_team_overlap,true,2023-24|2024-25|2025-26,2024-25|2025-26,2024-25|2025-26,2,true,true,,,unavailable,Unique name + team overlap in 2+ seasons
4066457,1630559,Austin Reaves,austinreaves,VERIFIED_MULTI_FIELD,unique_name_multi_season_team_overlap,VERIFIED_MULTI_FIELD,VERIFIED_MULTI_FIELD,unique_name_multi_season_team_overlap,true,2021-22|2022-23|2023-24|2024-25|2025-26,2024-25|2025-26,2024-25|2025-26,2,true,true,,,unavailable,Unique name + team overlap in 2+ seasons
4397002,1630245,Ayo Dosunmu,ayodosunmu,HIGH_CONFIDENCE_MULTI_FIELD,unique_name_same_season_team,HIGH_CONFIDENCE_MULTI_FIELD,HIGH_CONFIDENCE_MULTI_FIELD,unique_name_same_season_team,true,2021-22|2022-23|2023-24|2024-25|2025-26,2024-25|2025-26,2024-25,1,true,true,,,unavailable,Unique name + same canonical team in at least one shared season
4066261,1628389,Bam Adebayo,bamadebayo,VERIFIED_MULTI_FIELD,unique_name_multi_season_team_overlap,VERIFIED_MULTI_FIELD,VERIFIED_MULTI_FIELD,unique_name_multi_season_team_overlap,true,2020-21|2021-22|2022-23|2023-24|2024-25|2025-26,2024-25|2025-26,2024-25|2025-26,2,true,true,,,unavailable,Unique name + team overlap in 2+ seasons
4593841,1631248,Baylor Scheierman,baylorscheierman,VERIFIED_MULTI_FIELD,unique_name_multi_season_team_overlap,VERIFIED_MULTI_FIELD,VERIFIED_MULTI_FIELD,unique_name_multi_season_team_overlap,true,2024-25|2025-26,2024-25|2025-26,2024-25|2025-26,2,true,true,,,unavailable,Unique name + team overlap in 2+ seasons
5242502,1642879,Ben Saraf,bensaraf,HIGH_CONFIDENCE_MULTI_FIELD,unique_name_same_season_team,HIGH_CONFIDENCE_MULTI_FIELD,HIGH_CONFIDENCE_MULTI_FIELD,unique_name_same_season_team,true,2025-26,2025-26,2025-26,1,true,true,,,unavailable,Unique name + same canonical team in at least one shared season
4433076,1641767,Ben Sheppard,bensheppard,VERIFIED_MULTI_FIELD,unique_name_multi_season_team_overlap,VERIFIED_MULTI_FIELD,VERIFIED_MULTI_FIELD,unique_name_multi_season_team_overlap,true,2023-24|2024-25|2025-26,2024-25|2025-26,2024-25|2025-26,2,true,true,,,unavailable,Unique name + team overlap in 2+ seasons
3907387,1627732,Ben Simmons,bensimmons,UNIQUE_NAME_ONLY,unique_name_only,UNIQUE_NAME_ONLY,UNIQUE_NAME_ONLY,unique_name_only,false,2020-21|2022-23|2023-24|2024-25,2024-25,,0,true,true,,,unavailable,Unique normalized name only; no same-season team overlap evidence
4683634,1631097,Bennedict Mathurin,bennedictmathurin,HIGH_CONFIDENCE_MULTI_FIELD,unique_name_same_season_team,HIGH_CONFIDENCE_MULTI_FIELD,HIGH_CONFIDENCE_MULTI_FIELD,unique_name_same_season_team,true,2022-23|2023-24|2024-25|2025-26,2024-25|2025-26,2024-25,1,true,true,,,unavailable,Unique name + same canonical team in at least one shared season
4898237,1643016,Bez Mbeng,bezmbeng,HIGH_CONFIDENCE_MULTI_FIELD,unique_name_same_season_team,HIGH_CONFIDENCE_MULTI_FIELD,HIGH_CONFIDENCE_MULTI_FIELD,unique_name_same_season_team,true,2025-26,2025-26,2025-26,1,true,true,,,unavailable,Unique name + same canonical team in at least one shared season
5104155,1641731,Bilal Coulibaly,bilalcoulibaly,VERIFIED_MULTI_FIELD,unique_name_multi_season_team_overlap,VERIFIED_MULTI_FIELD,VERIFIED_MULTI_FIELD,unique_name_multi_season_team_overlap,true,2023-24|2024-25|2025-26,2024-25|2025-26,2024-25|2025-26,2,true,true,,,unavailable,Unique name + team overlap in 2+ seasons
6427,202687,Bismack Biyombo,bismackbiyombo,VERIFIED_MULTI_FIELD,unique_name_multi_season_team_overlap,VERIFIED_MULTI_FIELD,VERIFIED_MULTI_FIELD,unique_name_multi_season_team_overlap,true,2020-21|2021-22|2022-23|2023-24|2024-25|2025-26,2024-25|2025-26,2024-25|2025-26,2,true,true,,,unavailable,Unique name + team overlap in 2+ seasons
4396963,1642396,Blake Hinson,blakehinson,HIGH_CONFIDENCE_MULTI_FIELD,unique_name_same_season_team,HIGH_CONFIDENCE_MULTI_FIELD,HIGH_CONFIDENCE_MULTI_FIELD,unique_name_same_season_team,true,2025-26,2025-26,2025-26,1,true,true,,,unavailable,Unique name + same canonical team in at least one shared season
4683935,1631104,Blake Wesley,blakewesley,VERIFIED_MULTI_FIELD,unique_name_multi_season_team_overlap,VERIFIED_MULTI_FIELD,VERIFIED_MULTI_FIELD,unique_name_multi_season_team_overlap,true,2022-23|2023-24|2024-25|2025-26,2024-25|2025-26,2024-25|2025-26,2,true,true,,,unavailable,Unique name + team overlap in 2+ seasons
3064482,1626171,Bobby Portis,bobbyportis,HIGH_CONFIDENCE_MULTI_FIELD,unique_name_same_season_team,HIGH_CONFIDENCE_MULTI_FIELD,HIGH_CONFIDENCE_MULTI_FIELD,unique_name_same_season_team,true,2020-21|2021-22|2022-23|2023-24|2024-25|2025-26,2024-25|2025-26,2024-25,1,true,true,,,unavailable,Unique name + same canonical team in at least one shared season
4906923,1641752,Bobi Klintman,bobiklintman,VERIFIED_MULTI_FIELD,unique_name_multi_season_team_overlap,VERIFIED_MULTI_FIELD,VERIFIED_MULTI_FIELD,unique_name_multi_season_team_overlap,true,2024-25|2025-26,2024-25|2025-26,2024-25|2025-26,2,true,true,,,unavailable,Unique name + team overlap in 2+ seasons
3037789,203992,Bogdan Bogdanovic,bogdanbogdanovic,UNIQUE_NAME_ONLY,unique_name_only,UNIQUE_NAME_ONLY,UNIQUE_NAME_ONLY,unique_name_only,false,2020-21|2021-22|2022-23|2023-24|2024-25|2025-26,2024-25|2025-26,,0,true,true,,,unavailable,Unique normalized name only; no same-season team overlap evidence
4397102,1629626,Bol Bol,bolbol,HIGH_CONFIDENCE_MULTI_FIELD,unique_name_same_season_team,HIGH_CONFIDENCE_MULTI_FIELD,HIGH_CONFIDENCE_MULTI_FIELD,unique_name_same_season_team,true,2020-21|2021-22|2022-23|2023-24|2024-25,2024-25,2024-25,1,true,true,,,unavailable,Unique name + same canonical team in at least one shared season
4592492,1630538,Bones Hyland,boneshyland,HIGH_CONFIDENCE_MULTI_FIELD,unique_name_same_season_team,HIGH_CONFIDENCE_MULTI_FIELD,HIGH_CONFIDENCE_MULTI_FIELD,unique_name_same_season_team,true,2021-22|2022-23|2023-24|2024-25|2025-26,2024-25|2025-26,2025-26,1,true,true,,,unavailable,Unique name + same canonical team in at least one shared season
6580,203078,Bradley Beal,bradleybeal,VERIFIED_MULTI_FIELD,unique_name_multi_season_team_overlap,VERIFIED_MULTI_FIELD,VERIFIED_MULTI_FIELD,unique_name_multi_season_team_overlap,true,2020-21|2021-22|2022-23|2023-24|2024-25|2025-26,2024-25|2025-26,2024-25|2025-26,2,true,true,,,unavailable,Unique name + team overlap in 2+ seasons
4592435,1642382,Branden Carlson,brandencarlson,HIGH_CONFIDENCE_MULTI_FIELD,unique_name_same_season_team,HIGH_CONFIDENCE_MULTI_FIELD,HIGH_CONFIDENCE_MULTI_FIELD,unique_name_same_season_team,true,2024-25|2025-26,2024-25|2025-26,2024-25,1,true,true,,,unavailable,Unique name + same canonical team in at least one shared season
4709138,1641764,Brandin Podziemski,brandinpodziemski,VERIFIED_MULTI_FIELD,unique_name_multi_season_team_overlap,VERIFIED_MULTI_FIELD,VERIFIED_MULTI_FIELD,unique_name_multi_season_team_overlap,true,2023-24|2024-25|2025-26,2024-25|2025-26,2024-25|2025-26,2,true,true,,,unavailable,Unique name + team overlap in 2+ seasons
4432162,1630527,Brandon Boston Jr.,brandonbostonjr,HIGH_CONFIDENCE_MULTI_FIELD,unique_name_same_season_team,HIGH_CONFIDENCE_MULTI_FIELD,HIGH_CONFIDENCE_MULTI_FIELD,unique_name_same_season_team,true,2021-22|2022-23|2023-24|2024-25,2024-25,2024-25,1,true,true,,,unavailable,Unique name + same canonical team in at least one shared season
3906665,1629634,Brandon Clarke,brandonclarke,VERIFIED_MULTI_FIELD,unique_name_multi_season_team_overlap,VERIFIED_MULTI_FIELD,VERIFIED_MULTI_FIELD,unique_name_multi_season_team_overlap,true,2020-21|2021-22|2022-23|2023-24|2024-25|2025-26,2024-25|2025-26,2024-25|2025-26,2,true,true,,,unavailable,Unique name + team overlap in 2+ seasons
3913176,1627742,Brandon Ingram,brandoningram,VERIFIED_MULTI_FIELD,unique_name_multi_season_team_overlap,VERIFIED_MULTI_FIELD,VERIFIED_MULTI_FIELD,unique_name_multi_season_team_overlap,true,2020-21|2021-22|2022-23|2023-24|2024-25|2025-26,2024-25|2025-26,2024-25|2025-26,2,true,true,,,unavailable,Unique name + team overlap in 2+ seasons
4433287,1641706,Brandon Miller,brandonmiller,VERIFIED_MULTI_FIELD,unique_name_multi_season_team_overlap,VERIFIED_MULTI_FIELD,VERIFIED_MULTI_FIELD,unique_name_multi_season_team_overlap,true,2023-24|2024-25|2025-26,2024-25|2025-26,2024-25|2025-26,2,true,true,,,unavailable,Unique name + team overlap in 2+ seasons
4397040,1630314,Brandon Williams,brandonwilliams,VERIFIED_MULTI_FIELD,unique_name_multi_season_team_overlap,VERIFIED_MULTI_FIELD,VERIFIED_MULTI_FIELD,unique_name_multi_season_team_overlap,true,2021-22|2023-24|2024-25|2025-26,2024-25|2025-26,2024-25|2025-26,2,true,true,,,unavailable,Unique name + team overlap in 2+ seasons
4066240,1630296,Braxton Key,braxtonkey,HIGH_CONFIDENCE_MULTI_FIELD,unique_name_same_season_team,HIGH_CONFIDENCE_MULTI_FIELD,HIGH_CONFIDENCE_MULTI_FIELD,unique_name_same_season_team,true,2021-22|2023-24|2024-25,2024-25,2024-25,1,true,true,,,unavailable,Unique name + same canonical team in at least one shared season
5105839,1641729,Brice Sensabaugh,bricesensabaugh,VERIFIED_MULTI_FIELD,unique_name_multi_season_team_overlap,VERIFIED_MULTI_FIELD,VERIFIED_MULTI_FIELD,unique_name_multi_season_team_overlap,true,2023-24|2024-25|2025-26,2024-25|2025-26,2024-25|2025-26,2,true,true,,,unavailable,Unique name + team overlap in 2+ seasons
4683774,1642355,Bronny James,bronnyjames,VERIFIED_MULTI_FIELD,unique_name_multi_season_team_overlap,VERIFIED_MULTI_FIELD,VERIFIED_MULTI_FIELD,unique_name_multi_season_team_overlap,true,2024-25|2025-26,2024-25|2025-26,2024-25|2025-26,2,true,true,,,unavailable,Unique name + team overlap in 2+ seasons
3448,201572,Brook Lopez,brooklopez,VERIFIED_MULTI_FIELD,unique_name_multi_season_team_overlap,VERIFIED_MULTI_FIELD,VERIFIED_MULTI_FIELD,unique_name_multi_season_team_overlap,true,2020-21|2021-22|2022-23|2023-24|2024-25|2025-26,2024-25|2025-26,2024-25|2025-26,2,true,true,,,unavailable,Unique name + team overlap in 2+ seasons
4684208,1642964,Brooks Barnhizer,brooksbarnhizer,HIGH_CONFIDENCE_MULTI_FIELD,unique_name_same_season_team,HIGH_CONFIDENCE_MULTI_FIELD,HIGH_CONFIDENCE_MULTI_FIELD,unique_name_same_season_team,true,2025-26,2025-26,2025-26,1,true,true,,,unavailable,Unique name + same canonical team in at least one shared season
4065670,1628971,Bruce Brown,brucebrown,HIGH_CONFIDENCE_MULTI_FIELD,unique_name_same_season_team,HIGH_CONFIDENCE_MULTI_FIELD,HIGH_CONFIDENCE_MULTI_FIELD,unique_name_same_season_team,true,2020-21|2021-22|2022-23|2023-24|2024-25|2025-26,2024-25|2025-26,2025-26,1,true,true,,,unavailable,Unique name + same canonical team in at least one shared season
4277952,1628981,Bruno Fernando,brunofernando,HIGH_CONFIDENCE_MULTI_FIELD,unique_name_same_season_team,HIGH_CONFIDENCE_MULTI_FIELD,HIGH_CONFIDENCE_MULTI_FIELD,unique_name_same_season_team,true,2020-21|2021-22|2022-23|2023-24|2024-25,2024-25,2024-25,1,true,true,,,unavailable,Unique name + same canonical team in at least one shared season
4576086,1631121,Bryce McGowens,brycemcgowens,VERIFIED_MULTI_FIELD,unique_name_multi_season_team_overlap,VERIFIED_MULTI_FIELD,VERIFIED_MULTI_FIELD,unique_name_multi_season_team_overlap,true,2022-23|2023-24|2024-25|2025-26,2024-25|2025-26,2024-25|2025-26,2,true,true,,,unavailable,Unique name + team overlap in 2+ seasons
4845374,1642267,Bub Carrington,bubcarrington,VERIFIED_MULTI_FIELD,unique_name_multi_season_team_overlap,VERIFIED_MULTI_FIELD,VERIFIED_MULTI_FIELD,unique_name_multi_season_team_overlap,true,2024-25|2025-26,2024-25|2025-26,2024-25|2025-26,2,true,true,,,unavailable,Unique name + team overlap in 2+ seasons
4395676,1631205,Buddy Boeheim,buddyboeheim,HIGH_CONFIDENCE_MULTI_FIELD,unique_name_same_season_team,HIGH_CONFIDENCE_MULTI_FIELD,HIGH_CONFIDENCE_MULTI_FIELD,unique_name_same_season_team,true,2022-23|2023-24|2025-26,2025-26,2025-26,1,true,true,,,unavailable,Unique name + same canonical team in at least one shared season
2990984,1627741,Buddy Hield,buddyhield,HIGH_CONFIDENCE_MULTI_FIELD,unique_name_same_season_team,HIGH_CONFIDENCE_MULTI_FIELD,HIGH_CONFIDENCE_MULTI_FIELD,unique_name_same_season_team,true,2020-21|2021-22|2022-23|2023-24|2024-25|2025-26,2024-25|2025-26,2024-25,1,true,true,,,unavailable,Unique name + same canonical team in at least one shared season
4432166,1630595,Cade Cunningham,cadecunningham,VERIFIED_MULTI_FIELD,unique_name_multi_season_team_overlap,VERIFIED_MULTI_FIELD,VERIFIED_MULTI_FIELD,unique_name_multi_season_team_overlap,true,2021-22|2022-23|2023-24|2024-25|2025-26,2024-25|2025-26,2024-25|2025-26,2,true,true,,,unavailable,Unique name + team overlap in 2+ seasons
4433623,1631216,Caleb Houstan,calebhoustan,VERIFIED_MULTI_FIELD,unique_name_multi_season_team_overlap,VERIFIED_MULTI_FIELD,VERIFIED_MULTI_FIELD,unique_name_multi_season_team_overlap,true,2022-23|2023-24|2024-25|2025-26,2024-25|2025-26,2024-25|2025-26,2,true,true,,,unavailable,Unique name + team overlap in 2+ seasons
4433144,1631126,Caleb Love,caleblove,UNIQUE_NAME_ONLY,unique_name_only,UNIQUE_NAME_ONLY,UNIQUE_NAME_ONLY,unique_name_only,false,2025-26,2025-26,,0,true,true,,,unavailable,Unique normalized name only; no same-season team overlap evidence
3138160,1628997,Caleb Martin,calebmartin,HIGH_CONFIDENCE_MULTI_FIELD,unique_name_same_season_team,HIGH_CONFIDENCE_MULTI_FIELD,HIGH_CONFIDENCE_MULTI_FIELD,unique_name_same_season_team,true,2020-21|2021-22|2022-23|2023-24|2024-25|2025-26,2024-25|2025-26,2025-26,1,true,true,,,unavailable,Unique name + same canonical team in at least one shared season
4845363,1642353,Cam Christie,camchristie,VERIFIED_MULTI_FIELD,unique_name_multi_season_team_overlap,VERIFIED_MULTI_FIELD,VERIFIED_MULTI_FIELD,unique_name_multi_season_team_overlap,true,2024-25|2025-26,2024-25|2025-26,2024-25|2025-26,2,true,true,,,unavailable,Unique name + team overlap in 2+ seasons
4395627,1629629,Cam Reddish,camreddish,HIGH_CONFIDENCE_MULTI_FIELD,unique_name_same_season_team,HIGH_CONFIDENCE_MULTI_FIELD,HIGH_CONFIDENCE_MULTI_FIELD,unique_name_same_season_team,true,2020-21|2021-22|2022-23|2023-24|2024-25,2024-25,2024-25,1,true,true,,,unavailable,Unique name + same canonical team in at least one shared season
4433083,1642285,Cam Spencer,camspencer,VERIFIED_MULTI_FIELD,unique_name_multi_season_team_overlap,VERIFIED_MULTI_FIELD,VERIFIED_MULTI_FIELD,unique_name_multi_season_team_overlap,true,2024-25|2025-26,2024-25|2025-26,2024-25|2025-26,2,true,true,,,unavailable,Unique name + team overlap in 2+ seasons
4432174,1630560,Cam Thomas,camthomas,HIGH_CONFIDENCE_MULTI_FIELD,unique_name_same_season_team,HIGH_CONFIDENCE_MULTI_FIELD,HIGH_CONFIDENCE_MULTI_FIELD,unique_name_same_season_team,true,2021-22|2022-23|2023-24|2024-25|2025-26,2024-25|2025-26,2024-25,1,true,true,,,unavailable,Unique name + same canonical team in at least one shared season
5105592,1641715,Cam Whitmore,camwhitmore,VERIFIED_MULTI_FIELD,unique_name_multi_season_team_overlap,VERIFIED_MULTI_FIELD,VERIFIED_MULTI_FIELD,unique_name_multi_season_team_overlap,true,2023-24|2024-25|2025-26,2024-25|2025-26,2024-25|2025-26,2,true,true,,,unavailable,Unique name + team overlap in 2+ seasons
3138196,1629661,Cameron Johnson,cameronjohnson,VERIFIED_MULTI_FIELD,unique_name_multi_season_team_overlap,VERIFIED_MULTI_FIELD,VERIFIED_MULTI_FIELD,unique_name_multi_season_team_overlap,true,2020-21|2021-22|2022-23|2023-24|2024-25|2025-26,2024-25|2025-26,2024-25|2025-26,2,true,true,,,unavailable,Unique name + team overlap in 2+ seasons
3064230,1626166,Cameron Payne,cameronpayne,VERIFIED_MULTI_FIELD,unique_name_multi_season_team_overlap,VERIFIED_MULTI_FIELD,VERIFIED_MULTI_FIELD,unique_name_multi_season_team_overlap,true,2020-21|2021-22|2022-23|2023-24|2024-25|2025-26,2024-25|2025-26,2024-25|2025-26,2,true,true,,,unavailable,Unique name + team overlap in 2+ seasons
2991043,1627747,Caris LeVert,carislevert,UNIQUE_NAME_ONLY,unique_name_only,UNIQUE_NAME_ONLY,UNIQUE_NAME_ONLY,unique_name_only,false,2020-21|2021-22|2022-23|2023-24|2024-25|2025-26,2024-25|2025-26,,0,true,true,,,unavailable,Unique normalized name only; no same-season team overlap evidence
5061568,1642868,Carter Bryant,carterbryant,HIGH_CONFIDENCE_MULTI_FIELD,unique_name_same_season_team,HIGH_CONFIDENCE_MULTI_FIELD,HIGH_CONFIDENCE_MULTI_FIELD,unique_name_same_season_team,true,2025-26,2025-26,2025-26,1,true,true,,,unavailable,Unique name + same canonical team in at least one shared season
4683692,1641717,Cason Wallace,casonwallace,VERIFIED_MULTI_FIELD,unique_name_multi_season_team_overlap,VERIFIED_MULTI_FIELD,VERIFIED_MULTI_FIELD,unique_name_multi_season_team_overlap,true,2023-24|2024-25|2025-26,2024-25|2025-26,2024-25|2025-26,2,true,true,,,unavailable,Unique name + team overlap in 2+ seasons
4903027,1642907,Cedric Coward,cedriccoward,HIGH_CONFIDENCE_MULTI_FIELD,unique_name_same_season_team,HIGH_CONFIDENCE_MULTI_FIELD,HIGH_CONFIDENCE_MULTI_FIELD,unique_name_same_season_team,true,2025-26,2025-26,2025-26,1,true,true,,,unavailable,Unique name + same canonical team in at least one shared season
5174655,1643052,Chaney Johnson,chaneyjohnson,HIGH_CONFIDENCE_MULTI_FIELD,unique_name_same_season_team,HIGH_CONFIDENCE_MULTI_FIELD,HIGH_CONFIDENCE_MULTI_FIELD,unique_name_same_season_team,true,2025-26,2025-26,2025-26,1,true,true,,,unavailable,Unique name + same canonical team in at least one shared season
4397886,1629646,Charles Bassey,charlesbassey,HIGH_CONFIDENCE_MULTI_FIELD,unique_name_same_season_team,HIGH_CONFIDENCE_MULTI_FIELD,HIGH_CONFIDENCE_MULTI_FIELD,unique_name_same_season_team,true,2021-22|2022-23|2023-24|2024-25|2025-26,2024-25|2025-26,2024-25,1,true,true,,,unavailable,Unique name + same canonical team in at least one shared season
4700852,1642404,Chaz Lanier,chazlanier,HIGH_CONFIDENCE_MULTI_FIELD,unique_name_same_season_team,HIGH_CONFIDENCE_MULTI_FIELD,HIGH_CONFIDENCE_MULTI_FIELD,unique_name_same_season_team,true,2025-26,2025-26,2025-26,1,true,true,,,unavailable,Unique name + same canonical team in at least one shared season
4433255,1631096,Chet Holmgren,chetholmgren,VERIFIED_MULTI_FIELD,unique_name_multi_season_team_overlap,VERIFIED_MULTI_FIELD,VERIFIED_MULTI_FIELD,unique_name_multi_season_team_overlap,true,2023-24|2024-25|2025-26,2024-25|2025-26,2024-25|2025-26,2,true,true,,,unavailable,Unique name + team overlap in 2+ seasons
3948153,1628449,Chris Boucher,chrisboucher,HIGH_CONFIDENCE_MULTI_FIELD,unique_name_same_season_team,HIGH_CONFIDENCE_MULTI_FIELD,HIGH_CONFIDENCE_MULTI_FIELD,unique_name_same_season_team,true,2020-21|2021-22|2022-23|2023-24|2024-25|2025-26,2024-25|2025-26,2024-25,1,true,true,,,unavailable,Unique name + same canonical team in at least one shared season
4592402,1630537,Chris Duarte,chrisduarte,HIGH_CONFIDENCE_MULTI_FIELD,unique_name_same_season_team,HIGH_CONFIDENCE_MULTI_FIELD,HIGH_CONFIDENCE_MULTI_FIELD,unique_name_same_season_team,true,2021-22|2022-23|2023-24|2024-25,2024-25,2024-25,1,true,true,,,unavailable,Unique name + same canonical team in at least one shared season
4433622,1641753,Chris Livingston,chrislivingston,VERIFIED_MULTI_FIELD,unique_name_multi_season_team_overlap,VERIFIED_MULTI_FIELD,VERIFIED_MULTI_FIELD,unique_name_multi_season_team_overlap,true,2023-24|2024-25|2025-26,2024-25|2025-26,2024-25|2025-26,2,true,true,,,unavailable,Unique name + team overlap in 2+ seasons
4702972,1643024,Chris Manon,chrismanon,HIGH_CONFIDENCE_MULTI_FIELD,unique_name_same_season_team,HIGH_CONFIDENCE_MULTI_FIELD,HIGH_CONFIDENCE_MULTI_FIELD,unique_name_same_season_team,true,2025-26,2025-26,2025-26,1,true,true,,,unavailable,Unique name + same canonical team in at least one shared season
2779,101108,Chris Paul,chrispaul,HIGH_CONFIDENCE_MULTI_FIELD,unique_name_same_season_team,HIGH_CONFIDENCE_MULTI_FIELD,HIGH_CONFIDENCE_MULTI_FIELD,unique_name_same_season_team,true,2020-21|2021-22|2022-23|2023-24|2024-25|2025-26,2024-25|2025-26,2024-25,1,true,true,,,unavailable,Unique name + same canonical team in at least one shared season
4706557,1642959,Chris Youngblood,chrisyoungblood,UNIQUE_NAME_ONLY,unique_name_only,UNIQUE_NAME_ONLY,UNIQUE_NAME_ONLY,unique_name_only,false,2025-26,2025-26,,0,true,true,,,unavailable,Unique normalized name only; no same-season team overlap evidence
4431767,1631128,Christian Braun,christianbraun,VERIFIED_MULTI_FIELD,unique_name_multi_season_team_overlap,VERIFIED_MULTI_FIELD,VERIFIED_MULTI_FIELD,unique_name_multi_season_team_overlap,true,2022-23|2023-24|2024-25|2025-26,2024-25|2025-26,2024-25|2025-26,2,true,true,,,unavailable,Unique name + team overlap in 2+ seasons
4431778,1631132,Christian Koloko,christiankoloko,HIGH_CONFIDENCE_MULTI_FIELD,unique_name_same_season_team,HIGH_CONFIDENCE_MULTI_FIELD,HIGH_CONFIDENCE_MULTI_FIELD,unique_name_same_season_team,true,2022-23|2024-25|2025-26,2024-25|2025-26,2024-25,1,true,true,,,unavailable,Unique name + same canonical team in at least one shared season
4278052,1629643,Chuma Okeke,chumaokeke,UNIQUE_NAME_ONLY,unique_name_only,UNIQUE_NAME_ONLY,UNIQUE_NAME_ONLY,unique_name_only,false,2020-21|2021-22|2022-23|2023-24|2024-25,2024-25,,0,true,true,,,unavailable,Unique normalized name only; no same-season team overlap evidence
4702602,1643047,CJ Huntley,cjhuntley,HIGH_CONFIDENCE_MULTI_FIELD,unique_name_same_season_team,HIGH_CONFIDENCE_MULTI_FIELD,HIGH_CONFIDENCE_MULTI_FIELD,unique_name_same_season_team,true,2025-26,2025-26,2025-26,1,true,true,,,unavailable,Unique name + same canonical team in at least one shared season
2490149,203468,CJ McCollum,cjmccollum,HIGH_CONFIDENCE_MULTI_FIELD,unique_name_same_season_team,HIGH_CONFIDENCE_MULTI_FIELD,HIGH_CONFIDENCE_MULTI_FIELD,unique_name_same_season_team,true,2020-21|2021-22|2022-23|2023-24|2024-25|2025-26,2024-25|2025-26,2024-25,1,true,true,,,unavailable,Unique name + same canonical team in at least one shared season
3102529,203991,Clint Capela,clintcapela,VERIFIED_MULTI_FIELD,unique_name_multi_season_team_overlap,VERIFIED_MULTI_FIELD,VERIFIED_MULTI_FIELD,unique_name_multi_season_team_overlap,true,2020-21|2021-22|2022-23|2023-24|2024-25|2025-26,2024-25|2025-26,2024-25|2025-26,2,true,true,,,unavailable,Unique name + team overlap in 2+ seasons
4395651,1629632,Coby White,cobywhite,HIGH_CONFIDENCE_MULTI_FIELD,unique_name_same_season_team,HIGH_CONFIDENCE_MULTI_FIELD,HIGH_CONFIDENCE_MULTI_FIELD,unique_name_same_season_team,true,2020-21|2021-22|2022-23|2023-24|2024-25|2025-26,2024-25|2025-26,2024-25,1,true,true,,,unavailable,Unique name + same canonical team in at least one shared season
3138161,1628998,Cody Martin,codymartin,HIGH_CONFIDENCE_MULTI_FIELD,unique_name_same_season_team,HIGH_CONFIDENCE_MULTI_FIELD,HIGH_CONFIDENCE_MULTI_FIELD,unique_name_same_season_team,true,2020-21|2021-22|2022-23|2023-24|2024-25|2025-26,2024-25|2025-26,2025-26,1,true,true,,,unavailable,Unique name + same canonical team in at least one shared season
4895758,1642262,Cody Williams,codywilliams,VERIFIED_MULTI_FIELD,unique_name_multi_season_team_overlap,VERIFIED_MULTI_FIELD,VERIFIED_MULTI_FIELD,unique_name_multi_season_team_overlap,true,2024-25|2025-26,2024-25|2025-26,2024-25|2025-26,2,true,true,,,unavailable,Unique name + team overlap in 2+ seasons
4433378,1641732,Colby Jones,colbyjones,UNIQUE_NAME_ONLY,unique_name_only,UNIQUE_NAME_ONLY,UNIQUE_NAME_ONLY,unique_name_only,false,2023-24|2024-25,2024-25|2025-26,,0,true,true,,,unavailable,Unique normalized name only; no same-season team overlap evidence
4432809,1630175,Cole Anthony,coleanthony,HIGH_CONFIDENCE_MULTI_FIELD,unique_name_same_season_team,HIGH_CONFIDENCE_MULTI_FIELD,HIGH_CONFIDENCE_MULTI_FIELD,unique_name_same_season_team,true,2020-21|2021-22|2022-23|2023-24|2024-25|2025-26,2024-25|2025-26,2024-25,1,true,true,,,unavailable,Unique name + same canonical team in at least one shared season
4397134,1631306,Cole Swider,coleswider,UNIQUE_NAME_ONLY,unique_name_only,UNIQUE_NAME_ONLY,UNIQUE_NAME_ONLY,unique_name_only,false,2022-23|2023-24|2024-25,2024-25,,0,true,true,,,unavailable,Unique normalized name only; no same-season team overlap evidence
4397204,1630658,Colin Castleton,colincastleton,HIGH_CONFIDENCE_MULTI_FIELD,unique_name_same_season_team,HIGH_CONFIDENCE_MULTI_FIELD,HIGH_CONFIDENCE_MULTI_FIELD,unique_name_same_season_team,true,2023-24|2024-25|2025-26,2024-25|2025-26,2025-26,1,true,true,,,unavailable,Unique name + same canonical team in at least one shared season
4278585,1631221,Collin Gillespie,collingillespie,VERIFIED_MULTI_FIELD,unique_name_multi_season_team_overlap,VERIFIED_MULTI_FIELD,VERIFIED_MULTI_FIELD,unique_name_multi_season_team_overlap,true,2023-24|2024-25|2025-26,2024-25|2025-26,2024-25|2025-26,2,true,true,,,unavailable,Unique name + team overlap in 2+ seasons
5093267,1642867,Collin Murray-Boyles,collinmurrayboyles,HIGH_CONFIDENCE_MULTI_FIELD,unique_name_same_season_team,HIGH_CONFIDENCE_MULTI_FIELD,HIGH_CONFIDENCE_MULTI_FIELD,unique_name_same_season_team,true,2025-26,2025-26,2025-26,1,true,true,,,unavailable,Unique name + same canonical team in at least one shared season
4277811,1629012,Collin Sexton,collinsexton,HIGH_CONFIDENCE_MULTI_FIELD,unique_name_same_season_team,HIGH_CONFIDENCE_MULTI_FIELD,HIGH_CONFIDENCE_MULTI_FIELD,unique_name_same_season_team,true,2020-21|2021-22|2022-23|2023-24|2024-25|2025-26,2024-25|2025-26,2024-25,1,true,true,,,unavailable,Unique name + same canonical team in at least one shared season
5041939,1642843,Cooper Flagg,cooperflagg,HIGH_CONFIDENCE_MULTI_FIELD,unique_name_same_season_team,HIGH_CONFIDENCE_MULTI_FIELD,HIGH_CONFIDENCE_MULTI_FIELD,unique_name_same_season_team,true,2025-26,2025-26,2025-26,1,true,true,,,unavailable,Unique name + same canonical team in at least one shared season
4280151,1630557,Corey Kispert,coreykispert,HIGH_CONFIDENCE_MULTI_FIELD,unique_name_same_season_team,HIGH_CONFIDENCE_MULTI_FIELD,HIGH_CONFIDENCE_MULTI_FIELD,unique_name_same_season_team,true,2021-22|2022-23|2023-24|2024-25|2025-26,2024-25|2025-26,2024-25,1,true,true,,,unavailable,Unique name + same canonical team in at least one shared season
4397114,1642504,Cormac Ryan,cormacryan,HIGH_CONFIDENCE_MULTI_FIELD,unique_name_same_season_team,HIGH_CONFIDENCE_MULTI_FIELD,HIGH_CONFIDENCE_MULTI_FIELD,unique_name_same_season_team,true,2025-26,2025-26,2025-26,1,true,true,,,unavailable,Unique name + same canonical team in at least one shared season
6446,202709,Cory Joseph,coryjoseph,HIGH_CONFIDENCE_MULTI_FIELD,unique_name_same_season_team,HIGH_CONFIDENCE_MULTI_FIELD,HIGH_CONFIDENCE_MULTI_FIELD,unique_name_same_season_team,true,2020-21|2021-22|2022-23|2023-24|2024-25,2024-25,2024-25,1,true,true,,,unavailable,Unique name + same canonical team in at least one shared season
4701233,1641854,Craig Porter Jr.,craigporterjr,VERIFIED_MULTI_FIELD,unique_name_multi_season_team_overlap,VERIFIED_MULTI_FIELD,VERIFIED_MULTI_FIELD,unique_name_multi_season_team_overlap,true,2023-24|2024-25|2025-26,2024-25|2025-26,2024-25|2025-26,2,true,true,,,unavailable,Unique name + team overlap in 2+ seasons
4898369,1642938,Curtis Jones,curtisjones,HIGH_CONFIDENCE_MULTI_FIELD,unique_name_same_season_team,HIGH_CONFIDENCE_MULTI_FIELD,HIGH_CONFIDENCE_MULTI_FIELD,unique_name_same_season_team,true,2025-26,2025-26,2025-26,1,true,true,,,unavailable,Unique name + same canonical team in at least one shared season
4432820,1630618,D.J. Carton,djcarton,HIGH_CONFIDENCE_MULTI_FIELD,unique_name_same_season_team,HIGH_CONFIDENCE_MULTI_FIELD,HIGH_CONFIDENCE_MULTI_FIELD,unique_name_same_season_team,true,2023-24|2024-25,2024-25,2024-25,1,true,true,,,unavailable,Unique name + same canonical team in at least one shared season
3136776,1626156,D'Angelo Russell,dangelorussell,UNIQUE_NAME_ONLY,unique_name_only,UNIQUE_NAME_ONLY,UNIQUE_NAME_ONLY,unique_name_only,false,2020-21|2021-22|2022-23|2023-24|2024-25|2025-26,2024-25|2025-26,,0,true,true,,,unavailable,Unique normalized name only; no same-season team overlap evidence
4279318,1631342,Daeqwon Plowden,daeqwonplowden,VERIFIED_MULTI_FIELD,unique_name_multi_season_team_overlap,VERIFIED_MULTI_FIELD,VERIFIED_MULTI_FIELD,unique_name_multi_season_team_overlap,true,2024-25|2025-26,2024-25|2025-26,2024-25|2025-26,2,true,true,,,unavailable,Unique name + team overlap in 2+ seasons
4432176,1630227,Daishen Nix,daishennix,HIGH_CONFIDENCE_MULTI_FIELD,unique_name_same_season_team,HIGH_CONFIDENCE_MULTI_FIELD,HIGH_CONFIDENCE_MULTI_FIELD,unique_name_same_season_team,true,2021-22|2022-23|2023-24|2024-25,2024-25,2024-25,1,true,true,,,unavailable,Unique name + same canonical team in at least one shared season
4397885,1630625,Dalano Banton,dalanobanton,HIGH_CONFIDENCE_MULTI_FIELD,unique_name_same_season_team,HIGH_CONFIDENCE_MULTI_FIELD,HIGH_CONFIDENCE_MULTI_FIELD,unique_name_same_season_team,true,2021-22|2022-23|2023-24|2024-25|2025-26,2024-25|2025-26,2024-25,1,true,true,,,unavailable,Unique name + same canonical team in at least one shared season
4433159,1631207,Dalen Terry,dalenterry,HIGH_CONFIDENCE_MULTI_FIELD,unique_name_same_season_team,HIGH_CONFIDENCE_MULTI_FIELD,HIGH_CONFIDENCE_MULTI_FIELD,unique_name_same_season_team,true,2022-23|2023-24|2024-25|2025-26,2024-25|2025-26,2024-25,1,true,true,,,unavailable,Unique name + same canonical team in at least one shared season
4897943,1642261,Dalton Knecht,daltonknecht,VERIFIED_MULTI_FIELD,unique_name_multi_season_team_overlap,VERIFIED_MULTI_FIELD,VERIFIED_MULTI_FIELD,unique_name_multi_season_team_overlap,true,2024-25|2025-26,2024-25|2025-26,2024-25|2025-26,2,true,true,,,unavailable,Unique name + team overlap in 2+ seasons
6606,203081,Damian Lillard,damianlillard,HIGH_CONFIDENCE_MULTI_FIELD,unique_name_same_season_team,HIGH_CONFIDENCE_MULTI_FIELD,HIGH_CONFIDENCE_MULTI_FIELD,unique_name_same_season_team,true,2020-21|2021-22|2022-23|2023-24|2024-25,2024-25,2024-25,1,true,true,,,unavailable,Unique name + same canonical team in at least one shared season
4431766,1641878,Damion Baugh,damionbaugh,HIGH_CONFIDENCE_MULTI_FIELD,unique_name_same_season_team,HIGH_CONFIDENCE_MULTI_FIELD,HIGH_CONFIDENCE_MULTI_FIELD,unique_name_same_season_team,true,2024-25,2024-25,2024-25,1,true,true,,,unavailable,Unique name + same canonical team in at least one shared season
2595209,1627814,Damion Lee,damionlee,HIGH_CONFIDENCE_MULTI_FIELD,unique_name_same_season_team,HIGH_CONFIDENCE_MULTI_FIELD,HIGH_CONFIDENCE_MULTI_FIELD,unique_name_same_season_team,true,2020-21|2021-22|2022-23|2024-25,2024-25,2024-25,1,true,true,,,unavailable,Unique name + same canonical team in at least one shared season
4278049,1629655,Daniel Gafford,danielgafford,VERIFIED_MULTI_FIELD,unique_name_multi_season_team_overlap,VERIFIED_MULTI_FIELD,VERIFIED_MULTI_FIELD,unique_name_multi_season_team_overlap,true,2020-21|2021-22|2022-23|2023-24|2024-25|2025-26,2024-25|2025-26,2024-25|2025-26,2,true,true,,,unavailable,Unique name + team overlap in 2+ seasons
2451037,1628464,Daniel Theis,danieltheis,HIGH_CONFIDENCE_MULTI_FIELD,unique_name_same_season_team,HIGH_CONFIDENCE_MULTI_FIELD,HIGH_CONFIDENCE_MULTI_FIELD,unique_name_same_season_team,true,2020-21|2021-22|2022-23|2023-24|2024-25,2024-25,2024-25,1,true,true,,,unavailable,Unique name + same canonical team in at least one shared season
5107199,1642450,Daniss Jenkins,danissjenkins,VERIFIED_MULTI_FIELD,unique_name_multi_season_team_overlap,VERIFIED_MULTI_FIELD,VERIFIED_MULTI_FIELD,unique_name_multi_season_team_overlap,true,2024-25|2025-26,2024-25|2025-26,2024-25|2025-26,2,true,true,,,unavailable,Unique name + team overlap in 2+ seasons
5107173,1642874,Danny Wolf,dannywolf,HIGH_CONFIDENCE_MULTI_FIELD,unique_name_same_season_team,HIGH_CONFIDENCE_MULTI_FIELD,HIGH_CONFIDENCE_MULTI_FIELD,unique_name_same_season_team,true,2025-26,2025-26,2025-26,1,true,true,,,unavailable,Unique name + same canonical team in at least one shared season
3102528,203957,Dante Exum,danteexum,HIGH_CONFIDENCE_MULTI_FIELD,unique_name_same_season_team,HIGH_CONFIDENCE_MULTI_FIELD,HIGH_CONFIDENCE_MULTI_FIELD,unique_name_same_season_team,true,2020-21|2023-24|2024-25,2024-25,2024-25,1,true,true,,,unavailable,Unique name + same canonical team in at least one shared season
3913220,1629610,DaQuan Jeffries,daquanjeffries,VERIFIED_MULTI_FIELD,unique_name_multi_season_team_overlap,VERIFIED_MULTI_FIELD,VERIFIED_MULTI_FIELD,unique_name_multi_season_team_overlap,true,2020-21|2023-24|2024-25|2025-26,2024-25|2025-26,2024-25|2025-26,2,true,true,,,unavailable,Unique name + team overlap in 2+ seasons
3032978,203967,Dario Saric,dariosaric,HIGH_CONFIDENCE_MULTI_FIELD,unique_name_same_season_team,HIGH_CONFIDENCE_MULTI_FIELD,HIGH_CONFIDENCE_MULTI_FIELD,unique_name_same_season_team,true,2020-21|2022-23|2023-24|2024-25|2025-26,2024-25|2025-26,2024-25,1,true,true,,,unavailable,Unique name + same canonical team in at least one shared season
4432735,1641727,Dariq Whitehead,dariqwhitehead,VERIFIED_MULTI_FIELD,unique_name_multi_season_team_overlap,VERIFIED_MULTI_FIELD,VERIFIED_MULTI_FIELD,unique_name_multi_season_team_overlap,true,2023-24|2024-25|2025-26,2024-25|2025-26,2024-25|2025-26,2,true,true,,,unavailable,Unique name + team overlap in 2+ seasons
4396907,1629636,Darius Garland,dariusgarland,HIGH_CONFIDENCE_MULTI_FIELD,unique_name_same_season_team,HIGH_CONFIDENCE_MULTI_FIELD,HIGH_CONFIDENCE_MULTI_FIELD,unique_name_same_season_team,true,2020-21|2021-22|2022-23|2023-24|2024-25|2025-26,2024-25|2025-26,2024-25,1,true,true,,,unavailable,Unique name + same canonical team in at least one shared season
4433607,1641747,DaRon Holmes II,daronholmesii,HIGH_CONFIDENCE_MULTI_FIELD,unique_name_same_season_team,HIGH_CONFIDENCE_MULTI_FIELD,HIGH_CONFIDENCE_MULTI_FIELD,unique_name_same_season_team,true,2025-26,2025-26,2025-26,1,true,true,,,unavailable,Unique name + same canonical team in at least one shared season
4397107,1630561,David Duke Jr.,daviddukejr,HIGH_CONFIDENCE_MULTI_FIELD,unique_name_same_season_team,HIGH_CONFIDENCE_MULTI_FIELD,HIGH_CONFIDENCE_MULTI_FIELD,unique_name_same_season_team,true,2021-22|2022-23|2023-24|2024-25,2024-25,2024-25,1,true,true,,,unavailable,Unique name + same canonical team in at least one shared season
4713010,1642357,David Jones Garcia,davidjonesgarcia,HIGH_CONFIDENCE_MULTI_FIELD,unique_name_same_season_team,HIGH_CONFIDENCE_MULTI_FIELD,HIGH_CONFIDENCE_MULTI_FIELD,unique_name_same_season_team,true,2025-26,2025-26,2025-26,1,true,true,,,unavailable,Unique name + same canonical team in at least one shared season
4593041,1631223,David Roddy,davidroddy,HIGH_CONFIDENCE_MULTI_FIELD,unique_name_same_season_team,HIGH_CONFIDENCE_MULTI_FIELD,HIGH_CONFIDENCE_MULTI_FIELD,unique_name_same_season_team,true,2022-23|2023-24|2024-25|2025-26,2024-25|2025-26,2025-26,1,true,true,,,unavailable,Unique name + same canonical team in at least one shared season
4278053,1630558,Davion Mitchell,davionmitchell,HIGH_CONFIDENCE_MULTI_FIELD,unique_name_same_season_team,HIGH_CONFIDENCE_MULTI_FIELD,HIGH_CONFIDENCE_MULTI_FIELD,unique_name_same_season_team,true,2021-22|2022-23|2023-24|2024-25|2025-26,2024-25|2025-26,2025-26,1,true,true,,,unavailable,Unique name + same canonical team in at least one shared season
4432194,1630549,Day'Ron Sharpe,dayronsharpe,VERIFIED_MULTI_FIELD,unique_name_multi_season_team_overlap,VERIFIED_MULTI_FIELD,VERIFIED_MULTI_FIELD,unique_name_multi_season_team_overlap,true,2021-22|2022-23|2023-24|2024-25|2025-26,2024-25|2025-26,2024-25|2025-26,2,true,true,,,unavailable,Unique name + team overlap in 2+ seasons
4066259,1628368,De'Aaron Fox,deaaronfox,HIGH_CONFIDENCE_MULTI_FIELD,unique_name_same_season_team,HIGH_CONFIDENCE_MULTI_FIELD,HIGH_CONFIDENCE_MULTI_FIELD,unique_name_same_season_team,true,2020-21|2021-22|2022-23|2023-24|2024-25|2025-26,2024-25|2025-26,2025-26,1,true,true,,,unavailable,Unique name + same canonical team in at least one shared season
4065732,1629631,De'Andre Hunter,deandrehunter,UNIQUE_NAME_ONLY,unique_name_only,UNIQUE_NAME_ONLY,UNIQUE_NAME_ONLY,unique_name_only,false,2020-21|2021-22|2022-23|2023-24|2024-25|2025-26,2024-25|2025-26,,0,true,true,,,unavailable,Unique normalized name only; no same-season team overlap evidence
4066436,1629001,De'Anthony Melton,deanthonymelton,VERIFIED_MULTI_FIELD,unique_name_multi_season_team_overlap,VERIFIED_MULTI_FIELD,VERIFIED_MULTI_FIELD,unique_name_multi_season_team_overlap,true,2020-21|2021-22|2022-23|2023-24|2024-25|2025-26,2024-25|2025-26,2024-25|2025-26,2,true,true,,,unavailable,Unique name + team overlap in 2+ seasons
3912848,1629731,Dean Wade,deanwade,HIGH_CONFIDENCE_MULTI_FIELD,unique_name_same_season_team,HIGH_CONFIDENCE_MULTI_FIELD,HIGH_CONFIDENCE_MULTI_FIELD,unique_name_same_season_team,true,2020-21|2021-22|2022-23|2023-24|2024-25|2025-26,2024-25|2025-26,2024-25,1,true,true,,,unavailable,Unique name + same canonical team in at least one shared season
4278129,1629028,Deandre Ayton,deandreayton,HIGH_CONFIDENCE_MULTI_FIELD,unique_name_same_season_team,HIGH_CONFIDENCE_MULTI_FIELD,HIGH_CONFIDENCE_MULTI_FIELD,unique_name_same_season_team,true,2020-21|2021-22|2022-23|2023-24|2024-25|2025-26,2024-25|2025-26,2024-25,1,true,true,,,unavailable,Unique name + same canonical team in at least one shared season
3442,201599,DeAndre Jordan,deandrejordan,VERIFIED_MULTI_FIELD,unique_name_multi_season_team_overlap,VERIFIED_MULTI_FIELD,VERIFIED_MULTI_FIELD,unique_name_multi_season_team_overlap,true,2020-21|2021-22|2022-23|2023-24|2024-25|2025-26,2024-25|2025-26,2024-25|2025-26,2,true,true,,,unavailable,Unique name + team overlap in 2+ seasons
4066796,1630610,DeJon Jarreau,dejonjarreau,HIGH_CONFIDENCE_MULTI_FIELD,unique_name_same_season_team,HIGH_CONFIDENCE_MULTI_FIELD,HIGH_CONFIDENCE_MULTI_FIELD,unique_name_same_season_team,true,2023-24|2025-26,2025-26,2025-26,1,true,true,,,unavailable,Unique name + same canonical team in at least one shared season
3907497,1627749,Dejounte Murray,dejountemurray,VERIFIED_MULTI_FIELD,unique_name_multi_season_team_overlap,VERIFIED_MULTI_FIELD,VERIFIED_MULTI_FIELD,unique_name_multi_season_team_overlap,true,2020-21|2021-22|2022-23|2023-24|2024-25|2025-26,2024-25|2025-26,2024-25|2025-26,2,true,true,,,unavailable,Unique name + team overlap in 2+ seasons
3064447,1626153,Delon Wright,delonwright,UNIQUE_NAME_ONLY,unique_name_only,UNIQUE_NAME_ONLY,UNIQUE_NAME_ONLY,unique_name_only,false,2020-21|2021-22|2022-23|2023-24|2024-25,2024-25,,0,true,true,,,unavailable,Unique normalized name only; no same-season team overlap evidence
3978,201942,DeMar DeRozan,demarderozan,VERIFIED_MULTI_FIELD,unique_name_multi_season_team_overlap,VERIFIED_MULTI_FIELD,VERIFIED_MULTI_FIELD,unique_name_multi_season_team_overlap,true,2020-21|2021-22|2022-23|2023-24|2024-25|2025-26,2024-25|2025-26,2024-25|2025-26,2,true,true,,,unavailable,Unique name + team overlap in 2+ seasons
4683021,1630166,Deni Avdija,deniavdija,VERIFIED_MULTI_FIELD,unique_name_multi_season_team_overlap,VERIFIED_MULTI_FIELD,VERIFIED_MULTI_FIELD,unique_name_multi_season_team_overlap,true,2020-21|2021-22|2022-23|2023-24|2024-25|2025-26,2024-25|2025-26,2024-25|2025-26,2,true,true,,,unavailable,Unique name + team overlap in 2+ seasons
3032979,203471,Dennis Schroder,dennisschroder,UNIQUE_NAME_ONLY,unique_name_only,UNIQUE_NAME_ONLY,UNIQUE_NAME_ONLY,unique_name_only,false,2020-21|2021-22|2022-23|2023-24|2024-25|2025-26,2024-25|2025-26,,0,true,true,,,unavailable,Unique normalized name only; no same-season team overlap evidence
4683688,1641726,Dereck Lively II,derecklivelyii,VERIFIED_MULTI_FIELD,unique_name_multi_season_team_overlap,VERIFIED_MULTI_FIELD,VERIFIED_MULTI_FIELD,unique_name_multi_season_team_overlap,true,2023-24|2024-25|2025-26,2024-25|2025-26,2024-25|2025-26,2,true,true,,,unavailable,Unique name + team overlap in 2+ seasons
4869780,1642852,Derik Queen,derikqueen,HIGH_CONFIDENCE_MULTI_FIELD,unique_name_same_season_team,HIGH_CONFIDENCE_MULTI_FIELD,HIGH_CONFIDENCE_MULTI_FIELD,unique_name_same_season_team,true,2025-26,2025-26,2025-26,1,true,true,,,unavailable,Unique name + same canonical team in at least one shared season
3936099,1627884,Derrick Jones Jr.,derrickjonesjr,VERIFIED_MULTI_FIELD,unique_name_multi_season_team_overlap,VERIFIED_MULTI_FIELD,VERIFIED_MULTI_FIELD,unique_name_multi_season_team_overlap,true,2020-21|2021-22|2022-23|2023-24|2024-25|2025-26,2024-25|2025-26,2024-25|2025-26,2,true,true,,,unavailable,Unique name + team overlap in 2+ seasons
3078576,1628401,Derrick White,derrickwhite,VERIFIED_MULTI_FIELD,unique_name_multi_season_team_overlap,VERIFIED_MULTI_FIELD,VERIFIED_MULTI_FIELD,unique_name_multi_season_team_overlap,true,2020-21|2021-22|2022-23|2023-24|2024-25|2025-26,2024-25|2025-26,2024-25|2025-26,2,true,true,,,unavailable,Unique name + team overlap in 2+ seasons
4066320,1630217,Desmond Bane,desmondbane,VERIFIED_MULTI_FIELD,unique_name_multi_season_team_overlap,VERIFIED_MULTI_FIELD,VERIFIED_MULTI_FIELD,unique_name_multi_season_team_overlap,true,2020-21|2021-22|2022-23|2023-24|2024-25|2025-26,2024-25|2025-26,2024-25|2025-26,2,true,true,,,unavailable,Unique name + team overlap in 2+ seasons
3136193,1626164,Devin Booker,devinbooker,VERIFIED_MULTI_FIELD,unique_name_multi_season_team_overlap,VERIFIED_MULTI_FIELD,VERIFIED_MULTI_FIELD,unique_name_multi_season_team_overlap,true,2020-21|2021-22|2022-23|2023-24|2024-25|2025-26,2024-25|2025-26,2024-25|2025-26,2,true,true,,,unavailable,Unique name + team overlap in 2+ seasons
4433188,1642269,Devin Carter,devincarter,HIGH_CONFIDENCE_MULTI_FIELD,unique_name_same_season_team,HIGH_CONFIDENCE_MULTI_FIELD,HIGH_CONFIDENCE_MULTI_FIELD,unique_name_same_season_team,true,2024-25|2025-26,2024-25|2025-26,2024-25,1,true,true,,,unavailable,Unique name + same canonical team in at least one shared season
4395630,1630170,Devin Vassell,devinvassell,VERIFIED_MULTI_FIELD,unique_name_multi_season_team_overlap,VERIFIED_MULTI_FIELD,VERIFIED_MULTI_FIELD,unique_name_multi_season_team_overlap,true,2020-21|2021-22|2022-23|2023-24|2024-25|2025-26,2024-25|2025-26,2024-25|2025-26,2,true,true,,,unavailable,Unique name + team overlap in 2+ seasons
3155526,1628415,Dillon Brooks,dillonbrooks,VERIFIED_MULTI_FIELD,unique_name_multi_season_team_overlap,VERIFIED_MULTI_FIELD,VERIFIED_MULTI_FIELD,unique_name_multi_season_team_overlap,true,2020-21|2021-22|2022-23|2023-24|2024-25|2025-26,2024-25|2025-26,2024-25|2025-26,2,true,true,,,unavailable,Unique name + team overlap in 2+ seasons
4702159,1641794,Dillon Jones,dillonjones,VERIFIED_MULTI_FIELD,unique_name_multi_season_team_overlap,VERIFIED_MULTI_FIELD,VERIFIED_MULTI_FIELD,unique_name_multi_season_team_overlap,true,2024-25|2025-26,2024-25|2025-26,2024-25|2025-26,2,true,true,,,unavailable,Unique name + team overlap in 2+ seasons
3155942,1627734,Domantas Sabonis,domantassabonis,VERIFIED_MULTI_FIELD,unique_name_multi_season_team_overlap,VERIFIED_MULTI_FIELD,VERIFIED_MULTI_FIELD,unique_name_multi_season_team_overlap,true,2020-21|2021-22|2022-23|2023-24|2024-25|2025-26,2024-25|2025-26,2024-25|2025-26,2,true,true,,,unavailable,Unique name + team overlap in 2+ seasons
4870562,1631230,Dominick Barlow,dominickbarlow,VERIFIED_MULTI_FIELD,unique_name_multi_season_team_overlap,VERIFIED_MULTI_FIELD,VERIFIED_MULTI_FIELD,unique_name_multi_season_team_overlap,true,2022-23|2023-24|2024-25|2025-26,2024-25|2025-26,2024-25|2025-26,2,true,true,,,unavailable,Unique name + team overlap in 2+ seasons
5105565,1642270,Donovan Clingan,donovanclingan,VERIFIED_MULTI_FIELD,unique_name_multi_season_team_overlap,VERIFIED_MULTI_FIELD,VERIFIED_MULTI_FIELD,unique_name_multi_season_team_overlap,true,2024-25|2025-26,2024-25|2025-26,2024-25|2025-26,2,true,true,,,unavailable,Unique name + team overlap in 2+ seasons
3908809,1628378,Donovan Mitchell,donovanmitchell,VERIFIED_MULTI_FIELD,unique_name_multi_season_team_overlap,VERIFIED_MULTI_FIELD,VERIFIED_MULTI_FIELD,unique_name_multi_season_team_overlap,true,2020-21|2021-22|2022-23|2023-24|2024-25|2025-26,2024-25|2025-26,2024-25|2025-26,2,true,true,,,unavailable,Unique name + team overlap in 2+ seasons
3934673,1628978,Donte DiVincenzo,dontedivincenzo,VERIFIED_MULTI_FIELD,unique_name_multi_season_team_overlap,VERIFIED_MULTI_FIELD,VERIFIED_MULTI_FIELD,unique_name_multi_season_team_overlap,true,2020-21|2021-22|2022-23|2023-24|2024-25|2025-26,2024-25|2025-26,2024-25|2025-26,2,true,true,,,unavailable,Unique name + team overlap in 2+ seasons
2578185,1627827,Dorian Finney-Smith,dorianfinneysmith,UNIQUE_NAME_ONLY,unique_name_only,UNIQUE_NAME_ONLY,UNIQUE_NAME_ONLY,unique_name_only,false,2020-21|2021-22|2022-23|2023-24|2024-25|2025-26,2024-25|2025-26,,0,true,true,,,unavailable,Unique normalized name only; no same-season team overlap evidence
2528588,203926,Doug McDermott,dougmcdermott,VERIFIED_MULTI_FIELD,unique_name_multi_season_team_overlap,VERIFIED_MULTI_FIELD,VERIFIED_MULTI_FIELD,unique_name_multi_season_team_overlap,true,2020-21|2021-22|2022-23|2023-24|2024-25|2025-26,2024-25|2025-26,2024-25|2025-26,2,true,true,,,unavailable,Unique name + team overlap in 2+ seasons
5037873,1642962,Drake Powell,drakepowell,HIGH_CONFIDENCE_MULTI_FIELD,unique_name_same_season_team,HIGH_CONFIDENCE_MULTI_FIELD,HIGH_CONFIDENCE_MULTI_FIELD,unique_name_same_season_team,true,2025-26,2025-26,2025-26,1,true,true,,,unavailable,Unique name + same canonical team in at least one shared season
6589,203110,Draymond Green,draymondgreen,VERIFIED_MULTI_FIELD,unique_name_multi_season_team_overlap,VERIFIED_MULTI_FIELD,VERIFIED_MULTI_FIELD,unique_name_multi_season_team_overlap,true,2020-21|2021-22|2022-23|2023-24|2024-25|2025-26,2024-25|2025-26,2024-25|2025-26,2,true,true,,,unavailable,Unique name + team overlap in 2+ seasons
3914285,1629234,Drew Eubanks,dreweubanks,HIGH_CONFIDENCE_MULTI_FIELD,unique_name_same_season_team,HIGH_CONFIDENCE_MULTI_FIELD,HIGH_CONFIDENCE_MULTI_FIELD,unique_name_same_season_team,true,2020-21|2021-22|2022-23|2023-24|2024-25|2025-26,2024-25|2025-26,2025-26,1,true,true,,,unavailable,Unique name + same canonical team in at least one shared season
4397689,1641809,Drew Peterson,drewpeterson,VERIFIED_MULTI_FIELD,unique_name_multi_season_team_overlap,VERIFIED_MULTI_FIELD,VERIFIED_MULTI_FIELD,unique_name_multi_season_team_overlap,true,2023-24|2024-25|2025-26,2024-25|2025-26,2024-25|2025-26,2,true,true,,,unavailable,Unique name + team overlap in 2+ seasons
4431695,1631166,Drew Timme,drewtimme,VERIFIED_MULTI_FIELD,unique_name_multi_season_team_overlap,VERIFIED_MULTI_FIELD,VERIFIED_MULTI_FIELD,unique_name_multi_season_team_overlap,true,2024-25|2025-26,2024-25|2025-26,2024-25|2025-26,2,true,true,,,unavailable,Unique name + team overlap in 2+ seasons
4066993,1630696,Dru Smith,drusmith,VERIFIED_MULTI_FIELD,unique_name_multi_season_team_overlap,VERIFIED_MULTI_FIELD,VERIFIED_MULTI_FIELD,unique_name_multi_season_team_overlap,true,2022-23|2023-24|2024-25|2025-26,2024-25|2025-26,2024-25|2025-26,2,true,true,,,unavailable,Unique name + team overlap in 2+ seasons
3157465,1629130,Duncan Robinson,duncanrobinson,VERIFIED_MULTI_FIELD,unique_name_multi_season_team_overlap,VERIFIED_MULTI_FIELD,VERIFIED_MULTI_FIELD,unique_name_multi_season_team_overlap,true,2020-21|2021-22|2022-23|2023-24|2024-25|2025-26,2024-25|2025-26,2024-25|2025-26,2,true,true,,,unavailable,Unique name + team overlap in 2+ seasons
4066268,1641871,Duop Reath,duopreath,HIGH_CONFIDENCE_MULTI_FIELD,unique_name_same_season_team,HIGH_CONFIDENCE_MULTI_FIELD,HIGH_CONFIDENCE_MULTI_FIELD,unique_name_same_season_team,true,2023-24|2024-25|2025-26,2024-25|2025-26,2024-25,1,true,true,,,unavailable,Unique name + same canonical team in at least one shared season
2531367,203939,Dwight Powell,dwightpowell,VERIFIED_MULTI_FIELD,unique_name_multi_season_team_overlap,VERIFIED_MULTI_FIELD,VERIFIED_MULTI_FIELD,unique_name_multi_season_team_overlap,true,2020-21|2021-22|2022-23|2023-24|2024-25|2025-26,2024-25|2025-26,2024-25|2025-26,2,true,true,,,unavailable,Unique name + team overlap in 2+ seasons
4433174,1642928,Dylan Cardwell,dylancardwell,HIGH_CONFIDENCE_MULTI_FIELD,unique_name_same_season_team,HIGH_CONFIDENCE_MULTI_FIELD,HIGH_CONFIDENCE_MULTI_FIELD,unique_name_same_season_team,true,2025-26,2025-26,2025-26,1,true,true,,,unavailable,Unique name + same canonical team in at least one shared season
5037871,1642844,Dylan Harper,dylanharper,HIGH_CONFIDENCE_MULTI_FIELD,unique_name_same_season_team,HIGH_CONFIDENCE_MULTI_FIELD,HIGH_CONFIDENCE_MULTI_FIELD,unique_name_same_season_team,true,2025-26,2025-26,2025-26,1,true,true,,,unavailable,Unique name + same canonical team in at least one shared season
4869342,1630700,Dyson Daniels,dysondaniels,VERIFIED_MULTI_FIELD,unique_name_multi_season_team_overlap,VERIFIED_MULTI_FIELD,VERIFIED_MULTI_FIELD,unique_name_multi_season_team_overlap,true,2022-23|2023-24|2024-25|2025-26,2024-25|2025-26,2024-25|2025-26,2,true,true,,,unavailable,Unique name + team overlap in 2+ seasons
4432821,1630604,E.J. Liddell,ejliddell,VERIFIED_MULTI_FIELD,unique_name_multi_season_team_overlap,VERIFIED_MULTI_FIELD,VERIFIED_MULTI_FIELD,unique_name_multi_season_team_overlap,true,2023-24|2024-25|2025-26,2024-25|2025-26,2024-25|2025-26,2,true,true,,,unavailable,Unique name + team overlap in 2+ seasons
5175643,1642856,Egor Demin,egordemin,HIGH_CONFIDENCE_MULTI_FIELD,unique_name_same_season_team,HIGH_CONFIDENCE_MULTI_FIELD,HIGH_CONFIDENCE_MULTI_FIELD,unique_name_same_season_team,true,2025-26,2025-26,2025-26,1,true,true,,,unavailable,Unique name + same canonical team in at least one shared season
2583639,203901,Elfrid Payton,elfridpayton,UNIQUE_NAME_ONLY,unique_name_only,UNIQUE_NAME_ONLY,UNIQUE_NAME_ONLY,unique_name_only,false,2020-21|2021-22|2024-25,2024-25,,0,true,true,,,unavailable,Unique normalized name only; no same-season team overlap evidence
4397449,1641989,Elijah Harkless,elijahharkless,HIGH_CONFIDENCE_MULTI_FIELD,unique_name_same_season_team,HIGH_CONFIDENCE_MULTI_FIELD,HIGH_CONFIDENCE_MULTI_FIELD,unique_name_same_season_team,true,2024-25|2025-26,2024-25|2025-26,2024-25,1,true,true,,,unavailable,Unique name + same canonical team in at least one shared season
4432872,1641801,Emanuel Miller,emanuelmiller,HIGH_CONFIDENCE_MULTI_FIELD,unique_name_same_season_team,HIGH_CONFIDENCE_MULTI_FIELD,HIGH_CONFIDENCE_MULTI_FIELD,unique_name_same_season_team,true,2024-25|2025-26,2024-25|2025-26,2024-25,1,true,true,,,unavailable,Unique name + same canonical team in at least one shared season
4433620,1641734,Emoni Bates,emonibates,HIGH_CONFIDENCE_MULTI_FIELD,unique_name_same_season_team,HIGH_CONFIDENCE_MULTI_FIELD,HIGH_CONFIDENCE_MULTI_FIELD,unique_name_same_season_team,true,2023-24|2024-25,2024-25,2024-25,1,true,true,,,unavailable,Unique name + same canonical team in at least one shared season
4592699,1642402,Enrique Freeman,enriquefreeman,VERIFIED_MULTI_FIELD,unique_name_multi_season_team_overlap,VERIFIED_MULTI_FIELD,VERIFIED_MULTI_FIELD,unique_name_multi_season_team_overlap,true,2024-25|2025-26,2024-25|2025-26,2024-25|2025-26,2,true,true,,,unavailable,Unique name + team overlap in 2+ seasons
3431,201569,Eric Gordon,ericgordon,HIGH_CONFIDENCE_MULTI_FIELD,unique_name_same_season_team,HIGH_CONFIDENCE_MULTI_FIELD,HIGH_CONFIDENCE_MULTI_FIELD,unique_name_same_season_team,true,2020-21|2021-22|2022-23|2023-24|2024-25|2025-26,2024-25|2025-26,2024-25,1,true,true,,,unavailable,Unique name + same canonical team in at least one shared season
4278516,1630679,Ethan Thompson,ethanthompson,HIGH_CONFIDENCE_MULTI_FIELD,unique_name_same_season_team,HIGH_CONFIDENCE_MULTI_FIELD,HIGH_CONFIDENCE_MULTI_FIELD,unique_name_same_season_team,true,2025-26,2025-26,2025-26,1,true,true,,,unavailable,Unique name + same canonical team in at least one shared season
4432158,1630596,Evan Mobley,evanmobley,VERIFIED_MULTI_FIELD,unique_name_multi_season_team_overlap,VERIFIED_MULTI_FIELD,VERIFIED_MULTI_FIELD,unique_name_multi_season_team_overlap,true,2021-22|2022-23|2023-24|2024-25|2025-26,2024-25|2025-26,2024-25|2025-26,2,true,true,,,unavailable,Unique name + team overlap in 2+ seasons
4566434,1630532,Franz Wagner,franzwagner,VERIFIED_MULTI_FIELD,unique_name_multi_season_team_overlap,VERIFIED_MULTI_FIELD,VERIFIED_MULTI_FIELD,unique_name_multi_season_team_overlap,true,2021-22|2022-23|2023-24|2024-25|2025-26,2024-25|2025-26,2024-25|2025-26,2,true,true,,,unavailable,Unique name + team overlap in 2+ seasons
2991230,1627832,Fred VanVleet,fredvanvleet,HIGH_CONFIDENCE_MULTI_FIELD,unique_name_same_season_team,HIGH_CONFIDENCE_MULTI_FIELD,HIGH_CONFIDENCE_MULTI_FIELD,unique_name_same_season_team,true,2020-21|2021-22|2022-23|2023-24|2024-25,2024-25,2024-25,1,true,true,,,unavailable,Unique name + same canonical team in at least one shared season
3137259,1629216,Gabe Vincent,gabevincent,HIGH_CONFIDENCE_MULTI_FIELD,unique_name_same_season_team,HIGH_CONFIDENCE_MULTI_FIELD,HIGH_CONFIDENCE_MULTI_FIELD,unique_name_same_season_team,true,2020-21|2021-22|2022-23|2023-24|2024-25|2025-26,2024-25|2025-26,2024-25,1,true,true,,,unavailable,Unique name + same canonical team in at least one shared season
4023,202066,Garrett Temple,garretttemple,VERIFIED_MULTI_FIELD,unique_name_multi_season_team_overlap,VERIFIED_MULTI_FIELD,VERIFIED_MULTI_FIELD,unique_name_multi_season_team_overlap,true,2020-21|2021-22|2022-23|2023-24|2024-25|2025-26,2024-25|2025-26,2024-25|2025-26,2,true,true,,,unavailable,Unique name + team overlap in 2+ seasons
3913180,1629726,Garrison Mathews,garrisonmathews,VERIFIED_MULTI_FIELD,unique_name_multi_season_team_overlap,VERIFIED_MULTI_FIELD,VERIFIED_MULTI_FIELD,unique_name_multi_season_team_overlap,true,2020-21|2021-22|2022-23|2023-24|2024-25|2025-26,2024-25|2025-26,2024-25|2025-26,2,true,true,,,unavailable,Unique name + team overlap in 2+ seasons
2999547,203914,Gary Harris,garyharris,HIGH_CONFIDENCE_MULTI_FIELD,unique_name_same_season_team,HIGH_CONFIDENCE_MULTI_FIELD,HIGH_CONFIDENCE_MULTI_FIELD,unique_name_same_season_team,true,2020-21|2021-22|2022-23|2023-24|2024-25|2025-26,2024-25|2025-26,2024-25,1,true,true,,,unavailable,Unique name + same canonical team in at least one shared season
3134903,1627780,Gary Payton II,garypaytonii,VERIFIED_MULTI_FIELD,unique_name_multi_season_team_overlap,VERIFIED_MULTI_FIELD,VERIFIED_MULTI_FIELD,unique_name_multi_season_team_overlap,true,2020-21|2021-22|2022-23|2023-24|2024-25|2025-26,2024-25|2025-26,2024-25|2025-26,2,true,true,,,unavailable,Unique name + team overlap in 2+ seasons
4277843,1629018,Gary Trent Jr.,garytrentjr,VERIFIED_MULTI_FIELD,unique_name_multi_season_team_overlap,VERIFIED_MULTI_FIELD,VERIFIED_MULTI_FIELD,unique_name_multi_season_team_overlap,true,2020-21|2021-22|2022-23|2023-24|2024-25|2025-26,2024-25|2025-26,2024-25|2025-26,2,true,true,,,unavailable,Unique name + team overlap in 2+ seasons
2990969,1627777,Georges Niang,georgesniang,UNIQUE_NAME_ONLY,unique_name_only,UNIQUE_NAME_ONLY,UNIQUE_NAME_ONLY,unique_name_only,false,2020-21|2021-22|2022-23|2023-24|2024-25,2024-25,,0,true,true,,,unavailable,Unique normalized name only; no same-season team overlap evidence
5105550,1641713,GG Jackson,ggjackson,VERIFIED_MULTI_FIELD,unique_name_multi_season_team_overlap,VERIFIED_MULTI_FIELD,VERIFIED_MULTI_FIELD,unique_name_multi_season_team_overlap,true,2023-24|2024-25|2025-26,2024-25|2025-26,2024-25|2025-26,2,true,true,,,unavailable,Unique name + team overlap in 2+ seasons
3032977,203507,Giannis Antetokounmpo,giannisantetokounmpo,HIGH_CONFIDENCE_MULTI_FIELD,unique_name_same_season_team,HIGH_CONFIDENCE_MULTI_FIELD,HIGH_CONFIDENCE_MULTI_FIELD,unique_name_same_season_team,true,2020-21|2021-22|2022-23|2023-24|2024-25|2025-26,2024-25|2025-26,2024-25,1,true,true,,,unavailable,Unique name + same canonical team in at least one shared season
4348700,1629048,Goga Bitadze,gogabitadze,VERIFIED_MULTI_FIELD,unique_name_multi_season_team_overlap,VERIFIED_MULTI_FIELD,VERIFIED_MULTI_FIELD,unique_name_multi_season_team_overlap,true,2020-21|2021-22|2022-23|2023-24|2024-25|2025-26,2024-25|2025-26,2024-25|2025-26,2,true,true,,,unavailable,Unique name + team overlap in 2+ seasons
5106258,1641711,Gradey Dick,gradeydick,VERIFIED_MULTI_FIELD,unique_name_multi_season_team_overlap,VERIFIED_MULTI_FIELD,VERIFIED_MULTI_FIELD,unique_name_multi_season_team_overlap,true,2023-24|2024-25|2025-26,2024-25|2025-26,2024-25|2025-26,2,true,true,,,unavailable,Unique name + team overlap in 2+ seasons
4702670,1641761,Grant Nelson,grantnelson,HIGH_CONFIDENCE_MULTI_FIELD,unique_name_same_season_team,HIGH_CONFIDENCE_MULTI_FIELD,HIGH_CONFIDENCE_MULTI_FIELD,unique_name_same_season_team,true,2025-26,2025-26,2025-26,1,true,true,,,unavailable,Unique name + same canonical team in at least one shared season
4066218,1629684,Grant Williams,grantwilliams,VERIFIED_MULTI_FIELD,unique_name_multi_season_team_overlap,VERIFIED_MULTI_FIELD,VERIFIED_MULTI_FIELD,unique_name_multi_season_team_overlap,true,2020-21|2021-22|2022-23|2023-24|2024-25|2025-26,2024-25|2025-26,2024-25|2025-26,2,true,true,,,unavailable,Unique name + team overlap in 2+ seasons
3135045,1628960,Grayson Allen,graysonallen,HIGH_CONFIDENCE_MULTI_FIELD,unique_name_same_season_team,HIGH_CONFIDENCE_MULTI_FIELD,HIGH_CONFIDENCE_MULTI_FIELD,unique_name_same_season_team,true,2020-21|2021-22|2022-23|2023-24|2024-25|2025-26,2024-25|2025-26,2024-25,1,true,true,,,unavailable,Unique name + same canonical team in at least one shared season
4017844,1627824,Guerschon Yabusele,guerschonyabusele,HIGH_CONFIDENCE_MULTI_FIELD,unique_name_same_season_team,HIGH_CONFIDENCE_MULTI_FIELD,HIGH_CONFIDENCE_MULTI_FIELD,unique_name_same_season_team,true,2024-25|2025-26,2024-25|2025-26,2024-25,1,true,true,,,unavailable,Unique name + same canonical team in at least one shared season
4997536,1630611,Gui Santos,guisantos,VERIFIED_MULTI_FIELD,unique_name_multi_season_team_overlap,VERIFIED_MULTI_FIELD,VERIFIED_MULTI_FIELD,unique_name_multi_season_team_overlap,true,2023-24|2024-25|2025-26,2024-25|2025-26,2024-25|2025-26,2,true,true,,,unavailable,Unique name + team overlap in 2+ seasons
6578,203084,Harrison Barnes,harrisonbarnes,VERIFIED_MULTI_FIELD,unique_name_multi_season_team_overlap,VERIFIED_MULTI_FIELD,VERIFIED_MULTI_FIELD,unique_name_multi_season_team_overlap,true,2020-21|2021-22|2022-23|2023-24|2024-25|2025-26,2024-25|2025-26,2024-25|2025-26,2,true,true,,,unavailable,Unique name + team overlap in 2+ seasons
4433618,1631127,Harrison Ingram,harrisoningram,VERIFIED_MULTI_FIELD,unique_name_multi_season_team_overlap,VERIFIED_MULTI_FIELD,VERIFIED_MULTI_FIELD,unique_name_multi_season_team_overlap,true,2024-25|2025-26,2024-25|2025-26,2024-25|2025-26,2,true,true,,,unavailable,Unique name + team overlap in 2+ seasons
5176420,1643060,Hayden Gray,haydengray,HIGH_CONFIDENCE_MULTI_FIELD,unique_name_same_season_team,HIGH_CONFIDENCE_MULTI_FIELD,HIGH_CONFIDENCE_MULTI_FIELD,unique_name_same_season_team,true,2025-26,2025-26,2025-26,1,true,true,,,unavailable,Unique name + same canonical team in at least one shared season
4291678,1629312,Haywood Highsmith,haywoodhighsmith,VERIFIED_MULTI_FIELD,unique_name_multi_season_team_overlap,VERIFIED_MULTI_FIELD,VERIFIED_MULTI_FIELD,unique_name_multi_season_team_overlap,true,2021-22|2022-23|2023-24|2024-25|2025-26,2024-25|2025-26,2024-25|2025-26,2,true,true,,,unavailable,Unique name + team overlap in 2+ seasons
4277813,1630529,Herbert Jones,herbertjones,VERIFIED_MULTI_FIELD,unique_name_multi_season_team_overlap,VERIFIED_MULTI_FIELD,VERIFIED_MULTI_FIELD,unique_name_multi_season_team_overlap,true,2021-22|2022-23|2023-24|2024-25|2025-26,2024-25|2025-26,2024-25|2025-26,2,true,true,,,unavailable,Unique name + team overlap in 2+ seasons
5175647,1642864,Hugo Gonzalez,hugogonzalez,HIGH_CONFIDENCE_MULTI_FIELD,unique_name_same_season_team,HIGH_CONFIDENCE_MULTI_FIELD,HIGH_CONFIDENCE_MULTI_FIELD,unique_name_same_season_team,true,2025-26,2025-26,2025-26,1,true,true,,,unavailable,Unique name + same canonical team in at least one shared season
4432180,1630621,Hunter Dickinson,hunterdickinson,HIGH_CONFIDENCE_MULTI_FIELD,unique_name_same_season_team,HIGH_CONFIDENCE_MULTI_FIELD,HIGH_CONFIDENCE_MULTI_FIELD,unique_name_same_season_team,true,2025-26,2025-26,2025-26,1,true,true,,,unavailable,Unique name + same canonical team in at least one shared season
4433281,1642282,Hunter Sallis,huntersallis,HIGH_CONFIDENCE_MULTI_FIELD,unique_name_same_season_team,HIGH_CONFIDENCE_MULTI_FIELD,HIGH_CONFIDENCE_MULTI_FIELD,unique_name_same_season_team,true,2025-26,2025-26,2025-26,1,true,true,,,unavailable,Unique name + same canonical team in at least one shared season
4395620,1641816,Hunter Tyson,huntertyson,HIGH_CONFIDENCE_MULTI_FIELD,unique_name_same_season_team,HIGH_CONFIDENCE_MULTI_FIELD,HIGH_CONFIDENCE_MULTI_FIELD,unique_name_same_season_team,true,2023-24|2024-25|2025-26,2024-25|2025-26,2024-25,1,true,true,,,unavailable,Unique name + same canonical team in at least one shared season
4395724,1630193,Immanuel Quickley,immanuelquickley,VERIFIED_MULTI_FIELD,unique_name_multi_season_team_overlap,VERIFIED_MULTI_FIELD,VERIFIED_MULTI_FIELD,unique_name_multi_season_team_overlap,true,2020-21|2021-22|2022-23|2023-24|2024-25|2025-26,2024-25|2025-26,2024-25|2025-26,2,true,true,,,unavailable,Unique name + team overlap in 2+ seasons
5107818,1642403,Isaac Jones,isaacjones,HIGH_CONFIDENCE_MULTI_FIELD,unique_name_same_season_team,HIGH_CONFIDENCE_MULTI_FIELD,HIGH_CONFIDENCE_MULTI_FIELD,unique_name_same_season_team,true,2024-25|2025-26,2024-25|2025-26,2024-25,1,true,true,,,unavailable,Unique name + same canonical team in at least one shared season
4432822,1630171,Isaac Okoro,isaacokoro,VERIFIED_MULTI_FIELD,unique_name_multi_season_team_overlap,VERIFIED_MULTI_FIELD,VERIFIED_MULTI_FIELD,unique_name_multi_season_team_overlap,true,2020-21|2021-22|2022-23|2023-24|2024-25|2025-26,2024-25|2025-26,2024-25|2025-26,2,true,true,,,unavailable,Unique name + team overlap in 2+ seasons
4683766,1642268,Isaiah Collier,isaiahcollier,VERIFIED_MULTI_FIELD,unique_name_multi_season_team_overlap,VERIFIED_MULTI_FIELD,VERIFIED_MULTI_FIELD,unique_name_multi_season_team_overlap,true,2024-25|2025-26,2024-25|2025-26,2024-25|2025-26,2,true,true,,,unavailable,Unique name + team overlap in 2+ seasons
4592857,1642384,Isaiah Crawford,isaiahcrawford,VERIFIED_MULTI_FIELD,unique_name_multi_season_team_overlap,VERIFIED_MULTI_FIELD,VERIFIED_MULTI_FIELD,unique_name_multi_season_team_overlap,true,2024-25|2025-26,2024-25|2025-26,2024-25|2025-26,2,true,true,,,unavailable,Unique name + team overlap in 2+ seasons
4222252,1628392,Isaiah Hartenstein,isaiahhartenstein,VERIFIED_MULTI_FIELD,unique_name_multi_season_team_overlap,VERIFIED_MULTI_FIELD,VERIFIED_MULTI_FIELD,unique_name_multi_season_team_overlap,true,2020-21|2021-22|2022-23|2023-24|2024-25|2025-26,2024-25|2025-26,2024-25|2025-26,2,true,true,,,unavailable,Unique name + team overlap in 2+ seasons
4432170,1630543,Isaiah Jackson,isaiahjackson,HIGH_CONFIDENCE_MULTI_FIELD,unique_name_same_season_team,HIGH_CONFIDENCE_MULTI_FIELD,HIGH_CONFIDENCE_MULTI_FIELD,unique_name_same_season_team,true,2021-22|2022-23|2023-24|2024-25|2025-26,2024-25|2025-26,2024-25,1,true,true,,,unavailable,Unique name + same canonical team in at least one shared season
4395702,1630198,Isaiah Joe,isaiahjoe,HIGH_CONFIDENCE_MULTI_FIELD,unique_name_same_season_team,HIGH_CONFIDENCE_MULTI_FIELD,HIGH_CONFIDENCE_MULTI_FIELD,unique_name_same_season_team,true,2020-21|2021-22|2022-23|2023-24|2024-25|2025-26,2024-25|2025-26,2024-25,1,true,true,,,unavailable,Unique name + same canonical team in at least one shared season
4277957,1630587,Isaiah Livers,isaiahlivers,HIGH_CONFIDENCE_MULTI_FIELD,unique_name_same_season_team,HIGH_CONFIDENCE_MULTI_FIELD,HIGH_CONFIDENCE_MULTI_FIELD,unique_name_same_season_team,true,2021-22|2022-23|2023-24|2025-26,2025-26,2025-26,1,true,true,,,unavailable,Unique name + same canonical team in at least one shared season
4432815,1630600,Isaiah Mobley,isaiahmobley,HIGH_CONFIDENCE_MULTI_FIELD,unique_name_same_season_team,HIGH_CONFIDENCE_MULTI_FIELD,HIGH_CONFIDENCE_MULTI_FIELD,unique_name_same_season_team,true,2022-23|2023-24|2024-25,2024-25,2024-25,1,true,true,,,unavailable,Unique name + same canonical team in at least one shared season
4432117,1641815,Isaiah Stevens,isaiahstevens,HIGH_CONFIDENCE_MULTI_FIELD,unique_name_same_season_team,HIGH_CONFIDENCE_MULTI_FIELD,HIGH_CONFIDENCE_MULTI_FIELD,unique_name_same_season_team,true,2025-26,2025-26,2025-26,1,true,true,,,unavailable,Unique name + same canonical team in at least one shared season
4432810,1630191,Isaiah Stewart,isaiahstewart,HIGH_CONFIDENCE_MULTI_FIELD,unique_name_same_season_team,HIGH_CONFIDENCE_MULTI_FIELD,HIGH_CONFIDENCE_MULTI_FIELD,unique_name_same_season_team,true,2020-21|2021-22|2022-23|2023-24|2024-25|2025-26,2024-25|2025-26,2024-25,1,true,true,,,unavailable,Unique name + same canonical team in at least one shared season
4431727,1631209,Isaiah Wong,isaiahwong,HIGH_CONFIDENCE_MULTI_FIELD,unique_name_same_season_team,HIGH_CONFIDENCE_MULTI_FIELD,HIGH_CONFIDENCE_MULTI_FIELD,unique_name_same_season_team,true,2024-25,2024-25,2024-25,1,true,true,,,unavailable,Unique name + same canonical team in at least one shared season
4017837,1627826,Ivica Zubac,ivicazubac,HIGH_CONFIDENCE_MULTI_FIELD,unique_name_same_season_team,HIGH_CONFIDENCE_MULTI_FIELD,HIGH_CONFIDENCE_MULTI_FIELD,unique_name_same_season_team,true,2020-21|2021-22|2022-23|2023-24|2024-25|2025-26,2024-25|2025-26,2024-25,1,true,true,,,unavailable,Unique name + same canonical team in at least one shared season
4279888,1629630,Ja Morant,jamorant,HIGH_CONFIDENCE_MULTI_FIELD,unique_name_same_season_team,HIGH_CONFIDENCE_MULTI_FIELD,HIGH_CONFIDENCE_MULTI_FIELD,unique_name_same_season_team,true,2020-21|2021-22|2022-23|2023-24|2024-25|2025-26,2024-25|2025-26,2024-25,1,true,true,,,unavailable,Unique name + same canonical team in at least one shared season
4684272,1642266,Ja'Kobe Walter,jakobewalter,VERIFIED_MULTI_FIELD,unique_name_multi_season_team_overlap,VERIFIED_MULTI_FIELD,VERIFIED_MULTI_FIELD,unique_name_multi_season_team_overlap,true,2024-25|2025-26,2024-25|2025-26,2024-25|2025-26,2,true,true,,,unavailable,Unique name + team overlap in 2+ seasons
4432639,1631095,Jabari Smith Jr.,jabarismithjr,VERIFIED_MULTI_FIELD,unique_name_multi_season_team_overlap,VERIFIED_MULTI_FIELD,VERIFIED_MULTI_FIELD,unique_name_multi_season_team_overlap,true,2022-23|2023-24|2024-25|2025-26,2024-25|2025-26,2024-25|2025-26,2,true,true,,,unavailable,Unique name + team overlap in 2+ seasons
4432446,1631133,Jabari Walker,jabariwalker,VERIFIED_MULTI_FIELD,unique_name_multi_season_team_overlap,VERIFIED_MULTI_FIELD,VERIFIED_MULTI_FIELD,unique_name_multi_season_team_overlap,true,2022-23|2023-24|2024-25|2025-26,2024-25|2025-26,2024-25|2025-26,2,true,true,,,unavailable,Unique name + team overlap in 2+ seasons
3911893,1629098,Jack McVeigh,jackmcveigh,HIGH_CONFIDENCE_MULTI_FIELD,unique_name_same_season_team,HIGH_CONFIDENCE_MULTI_FIELD,HIGH_CONFIDENCE_MULTI_FIELD,unique_name_same_season_team,true,2024-25,2024-25,2024-25,1,true,true,,,unavailable,Unique name + same canonical team in at least one shared season
4066889,1642050,Jackson Rowe,jacksonrowe,HIGH_CONFIDENCE_MULTI_FIELD,unique_name_same_season_team,HIGH_CONFIDENCE_MULTI_FIELD,HIGH_CONFIDENCE_MULTI_FIELD,unique_name_same_season_team,true,2024-25,2024-25,2024-25,1,true,true,,,unavailable,Unique name + same canonical team in at least one shared season
4592461,1631210,Jacob Toppin,jacobtoppin,HIGH_CONFIDENCE_MULTI_FIELD,unique_name_same_season_team,HIGH_CONFIDENCE_MULTI_FIELD,HIGH_CONFIDENCE_MULTI_FIELD,unique_name_same_season_team,true,2023-24|2024-25|2025-26,2024-25|2025-26,2025-26,1,true,true,,,unavailable,Unique name + same canonical team in at least one shared season
4868423,1630702,Jaden Hardy,jadenhardy,HIGH_CONFIDENCE_MULTI_FIELD,unique_name_same_season_team,HIGH_CONFIDENCE_MULTI_FIELD,HIGH_CONFIDENCE_MULTI_FIELD,unique_name_same_season_team,true,2022-23|2023-24|2024-25|2025-26,2024-25|2025-26,2024-25,1,true,true,,,unavailable,Unique name + same canonical team in at least one shared season
4433218,1631093,Jaden Ivey,jadenivey,HIGH_CONFIDENCE_MULTI_FIELD,unique_name_same_season_team,HIGH_CONFIDENCE_MULTI_FIELD,HIGH_CONFIDENCE_MULTI_FIELD,unique_name_same_season_team,true,2022-23|2023-24|2024-25|2025-26,2024-25|2025-26,2024-25,1,true,true,,,unavailable,Unique name + same canonical team in at least one shared season
4431671,1630183,Jaden McDaniels,jadenmcdaniels,VERIFIED_MULTI_FIELD,unique_name_multi_season_team_overlap,VERIFIED_MULTI_FIELD,VERIFIED_MULTI_FIELD,unique_name_multi_season_team_overlap,true,2020-21|2021-22|2022-23|2023-24|2024-25|2025-26,2024-25|2025-26,2024-25|2025-26,2,true,true,,,unavailable,Unique name + team overlap in 2+ seasons
4432164,1630531,Jaden Springer,jadenspringer,UNIQUE_NAME_ONLY,unique_name_only,UNIQUE_NAME_ONLY,UNIQUE_NAME_ONLY,unique_name_only,false,2022-23|2023-24|2024-25,2024-25,,0,true,true,,,unavailable,Unique normalized name only; no same-season team overlap evidence
6581,203109,Jae Crowder,jaecrowder,HIGH_CONFIDENCE_MULTI_FIELD,unique_name_same_season_team,HIGH_CONFIDENCE_MULTI_FIELD,HIGH_CONFIDENCE_MULTI_FIELD,unique_name_same_season_team,true,2020-21|2021-22|2022-23|2023-24|2024-25,2024-25,2024-25,1,true,true,,,unavailable,Unique name + same canonical team in at least one shared season
3136777,1630256,Jae'Sean Tate,jaeseantate,VERIFIED_MULTI_FIELD,unique_name_multi_season_team_overlap,VERIFIED_MULTI_FIELD,VERIFIED_MULTI_FIELD,unique_name_multi_season_team_overlap,true,2020-21|2021-22|2022-23|2023-24|2024-25|2025-26,2024-25|2025-26,2024-25|2025-26,2,true,true,,,unavailable,Unique name + team overlap in 2+ seasons
4683934,1642942,Jahmai Mashack,jahmaimashack,HIGH_CONFIDENCE_MULTI_FIELD,unique_name_same_season_team,HIGH_CONFIDENCE_MULTI_FIELD,HIGH_CONFIDENCE_MULTI_FIELD,unique_name_same_season_team,true,2025-26,2025-26,2025-26,1,true,true,,,unavailable,Unique name + same canonical team in at least one shared season
4433133,1642443,Jahmir Young,jahmiryoung,VERIFIED_MULTI_FIELD,unique_name_multi_season_team_overlap,VERIFIED_MULTI_FIELD,VERIFIED_MULTI_FIELD,unique_name_multi_season_team_overlap,true,2024-25|2025-26,2024-25|2025-26,2024-25|2025-26,2,true,true,,,unavailable,Unique name + team overlap in 2+ seasons
4702785,1643141,Jahmyl Telfort,jahmyltelfort,HIGH_CONFIDENCE_MULTI_FIELD,unique_name_same_season_team,HIGH_CONFIDENCE_MULTI_FIELD,HIGH_CONFIDENCE_MULTI_FIELD,unique_name_same_season_team,true,2025-26,2025-26,2025-26,1,true,true,,,unavailable,Unique name + same canonical team in at least one shared season
4432848,1631170,Jaime Jaquez Jr.,jaimejaquezjr,HIGH_CONFIDENCE_MULTI_FIELD,unique_name_same_season_team,HIGH_CONFIDENCE_MULTI_FIELD,HIGH_CONFIDENCE_MULTI_FIELD,unique_name_same_season_team,true,2023-24|2024-25|2025-26,2024-25|2025-26,2024-25,1,true,true,,,unavailable,Unique name + same canonical team in at least one shared season
4592691,1631222,Jake LaRavia,jakelaravia,HIGH_CONFIDENCE_MULTI_FIELD,unique_name_same_season_team,HIGH_CONFIDENCE_MULTI_FIELD,HIGH_CONFIDENCE_MULTI_FIELD,unique_name_same_season_team,true,2022-23|2023-24|2024-25|2025-26,2024-25|2025-26,2025-26,1,true,true,,,unavailable,Unique name + same canonical team in at least one shared season
3134908,1627751,Jakob Poeltl,jakobpoeltl,VERIFIED_MULTI_FIELD,unique_name_multi_season_team_overlap,VERIFIED_MULTI_FIELD,VERIFIED_MULTI_FIELD,unique_name_multi_season_team_overlap,true,2020-21|2021-22|2022-23|2023-24|2024-25|2025-26,2024-25|2025-26,2024-25|2025-26,2,true,true,,,unavailable,Unique name + team overlap in 2+ seasons
4432946,1641779,Jalen Bridges,jalenbridges,HIGH_CONFIDENCE_MULTI_FIELD,unique_name_same_season_team,HIGH_CONFIDENCE_MULTI_FIELD,HIGH_CONFIDENCE_MULTI_FIELD,unique_name_same_season_team,true,2024-25,2024-25,2024-25,1,true,true,,,unavailable,Unique name + same canonical team in at least one shared season
3934672,1628973,Jalen Brunson,jalenbrunson,VERIFIED_MULTI_FIELD,unique_name_multi_season_team_overlap,VERIFIED_MULTI_FIELD,VERIFIED_MULTI_FIELD,unique_name_multi_season_team_overlap,true,2020-21|2021-22|2022-23|2023-24|2024-25|2025-26,2024-25|2025-26,2024-25|2025-26,2,true,true,,,unavailable,Unique name + team overlap in 2+ seasons
4433621,1631105,Jalen Duren,jalenduren,VERIFIED_MULTI_FIELD,unique_name_multi_season_team_overlap,VERIFIED_MULTI_FIELD,VERIFIED_MULTI_FIELD,unique_name_multi_season_team_overlap,true,2022-23|2023-24|2024-25|2025-26,2024-25|2025-26,2024-25|2025-26,2,true,true,,,unavailable,Unique name + team overlap in 2+ seasons
4437244,1630224,Jalen Green,jalengreen,VERIFIED_MULTI_FIELD,unique_name_multi_season_team_overlap,VERIFIED_MULTI_FIELD,VERIFIED_MULTI_FIELD,unique_name_multi_season_team_overlap,true,2021-22|2022-23|2023-24|2024-25|2025-26,2024-25|2025-26,2024-25|2025-26,2,true,true,,,unavailable,Unique name + team overlap in 2+ seasons
4433626,1641720,Jalen Hood-Schifino,jalenhoodschifino,UNIQUE_NAME_ONLY,unique_name_only,UNIQUE_NAME_ONLY,UNIQUE_NAME_ONLY,unique_name_only,false,2023-24|2024-25,2024-25,,0,true,true,,,unavailable,Unique normalized name only; no same-season team overlap evidence
4701230,1630552,Jalen Johnson,jalenjohnson,VERIFIED_MULTI_FIELD,unique_name_multi_season_team_overlap,VERIFIED_MULTI_FIELD,VERIFIED_MULTI_FIELD,unique_name_multi_season_team_overlap,true,2021-22|2022-23|2023-24|2024-25|2025-26,2024-25|2025-26,2024-25|2025-26,2,true,true,,,unavailable,Unique name + team overlap in 2+ seasons
4398390,1629618,Jalen Pickett,jalenpickett,HIGH_CONFIDENCE_MULTI_FIELD,unique_name_same_season_team,HIGH_CONFIDENCE_MULTI_FIELD,HIGH_CONFIDENCE_MULTI_FIELD,unique_name_same_season_team,true,2023-24|2024-25|2025-26,2024-25|2025-26,2024-25,1,true,true,,,unavailable,Unique name + same canonical team in at least one shared season
4398207,1641771,Jalen Slawson,jalenslawson,HIGH_CONFIDENCE_MULTI_FIELD,unique_name_same_season_team,HIGH_CONFIDENCE_MULTI_FIELD,HIGH_CONFIDENCE_MULTI_FIELD,unique_name_same_season_team,true,2023-24|2025-26,2025-26,2025-26,1,true,true,,,unavailable,Unique name + same canonical team in at least one shared season
4397189,1630188,Jalen Smith,jalensmith,VERIFIED_MULTI_FIELD,unique_name_multi_season_team_overlap,VERIFIED_MULTI_FIELD,VERIFIED_MULTI_FIELD,unique_name_multi_season_team_overlap,true,2020-21|2021-22|2022-23|2023-24|2024-25|2025-26,2024-25|2025-26,2024-25|2025-26,2,true,true,,,unavailable,Unique name + team overlap in 2+ seasons
4432165,1630591,Jalen Suggs,jalensuggs,VERIFIED_MULTI_FIELD,unique_name_multi_season_team_overlap,VERIFIED_MULTI_FIELD,VERIFIED_MULTI_FIELD,unique_name_multi_season_team_overlap,true,2021-22|2022-23|2023-24|2024-25|2025-26,2024-25|2025-26,2024-25|2025-26,2,true,true,,,unavailable,Unique name + team overlap in 2+ seasons
4593803,1631114,Jalen Williams,jalenwilliams,VERIFIED_MULTI_FIELD,unique_name_multi_season_team_overlap,VERIFIED_MULTI_FIELD,VERIFIED_MULTI_FIELD,unique_name_multi_season_team_overlap,true,2022-23|2023-24|2024-25|2025-26,2024-25|2025-26,2024-25|2025-26,2,true,true,,,unavailable,Unique name + team overlap in 2+ seasons
4431714,1630592,Jalen Wilson,jalenwilson,HIGH_CONFIDENCE_MULTI_FIELD,unique_name_same_season_team,HIGH_CONFIDENCE_MULTI_FIELD,HIGH_CONFIDENCE_MULTI_FIELD,unique_name_same_season_team,true,2023-24|2024-25|2025-26,2024-25|2025-26,2024-25,1,true,true,,,unavailable,Unique name + same canonical team in at least one shared season
4278572,1631288,Jamal Cain,jamalcain,VERIFIED_MULTI_FIELD,unique_name_multi_season_team_overlap,VERIFIED_MULTI_FIELD,VERIFIED_MULTI_FIELD,unique_name_multi_season_team_overlap,true,2022-23|2023-24|2024-25|2025-26,2024-25|2025-26,2024-25|2025-26,2,true,true,,,unavailable,Unique name + team overlap in 2+ seasons
3936299,1627750,Jamal Murray,jamalmurray,VERIFIED_MULTI_FIELD,unique_name_multi_season_team_overlap,VERIFIED_MULTI_FIELD,VERIFIED_MULTI_FIELD,unique_name_multi_season_team_overlap,true,2020-21|2022-23|2023-24|2024-25|2025-26,2024-25|2025-26,2024-25|2025-26,2,true,true,,,unavailable,Unique name + team overlap in 2+ seasons
4432241,1642347,Jamal Shead,jamalshead,VERIFIED_MULTI_FIELD,unique_name_multi_season_team_overlap,VERIFIED_MULTI_FIELD,VERIFIED_MULTI_FIELD,unique_name_multi_season_team_overlap,true,2024-25|2025-26,2024-25|2025-26,2024-25|2025-26,2,true,true,,,unavailable,Unique name + team overlap in 2+ seasons
4280245,1631123,Jamaree Bouyea,jamareebouyea,VERIFIED_MULTI_FIELD,unique_name_multi_season_team_overlap,VERIFIED_MULTI_FIELD,VERIFIED_MULTI_FIELD,unique_name_multi_season_team_overlap,true,2022-23|2023-24|2024-25|2025-26,2024-25|2025-26,2024-25|2025-26,2,true,true,,,unavailable,Unique name + team overlap in 2+ seasons
3992,201935,James Harden,jamesharden,HIGH_CONFIDENCE_MULTI_FIELD,unique_name_same_season_team,HIGH_CONFIDENCE_MULTI_FIELD,HIGH_CONFIDENCE_MULTI_FIELD,unique_name_same_season_team,true,2020-21|2021-22|2022-23|2023-24|2024-25|2025-26,2024-25|2025-26,2024-25,1,true,true,,,unavailable,Unique name + same canonical team in at least one shared season
3999,201949,James Johnson,jamesjohnson,HIGH_CONFIDENCE_MULTI_FIELD,unique_name_same_season_team,HIGH_CONFIDENCE_MULTI_FIELD,HIGH_CONFIDENCE_MULTI_FIELD,unique_name_same_season_team,true,2020-21|2021-22|2022-23|2023-24|2024-25,2024-25,2024-25,1,true,true,,,unavailable,Unique name + same canonical team in at least one shared season
4432808,1630164,James Wiseman,jameswiseman,HIGH_CONFIDENCE_MULTI_FIELD,unique_name_same_season_team,HIGH_CONFIDENCE_MULTI_FIELD,HIGH_CONFIDENCE_MULTI_FIELD,unique_name_same_season_team,true,2020-21|2022-23|2023-24|2025-26,2024-25|2025-26,2025-26,1,true,true,,,unavailable,Unique name + same canonical team in at least one shared season
4606840,1642364,Jamir Watkins,jamirwatkins,HIGH_CONFIDENCE_MULTI_FIELD,unique_name_same_season_team,HIGH_CONFIDENCE_MULTI_FIELD,HIGH_CONFIDENCE_MULTI_FIELD,unique_name_same_season_team,true,2025-26,2025-26,2025-26,1,true,true,,,unavailable,Unique name + same canonical team in at least one shared season
4431893,1642419,Jamison Battle,jamisonbattle,VERIFIED_MULTI_FIELD,unique_name_multi_season_team_overlap,VERIFIED_MULTI_FIELD,VERIFIED_MULTI_FIELD,unique_name_multi_season_team_overlap,true,2024-25|2025-26,2024-25|2025-26,2024-25|2025-26,2,true,true,,,unavailable,Unique name + team overlap in 2+ seasons
5106060,1641716,Jarace Walker,jaracewalker,VERIFIED_MULTI_FIELD,unique_name_multi_season_team_overlap,VERIFIED_MULTI_FIELD,VERIFIED_MULTI_FIELD,unique_name_multi_season_team_overlap,true,2023-24|2024-25|2025-26,2024-25|2025-26,2024-25|2025-26,2,true,true,,,unavailable,Unique name + team overlap in 2+ seasons
4395695,1630215,Jared Butler,jaredbutler,UNIQUE_NAME_ONLY,unique_name_only,UNIQUE_NAME_ONLY,UNIQUE_NAME_ONLY,unique_name_only,false,2021-22|2022-23|2023-24|2024-25,2024-25,,0,true,true,,,unavailable,Unique normalized name only; no same-season team overlap evidence
4683778,1642272,Jared McCain,jaredmccain,HIGH_CONFIDENCE_MULTI_FIELD,unique_name_same_season_team,HIGH_CONFIDENCE_MULTI_FIELD,HIGH_CONFIDENCE_MULTI_FIELD,unique_name_same_season_team,true,2024-25|2025-26,2024-25|2025-26,2024-25,1,true,true,,,unavailable,Unique name + same canonical team in at least one shared season
4397119,1631197,Jared Rhoden,jaredrhoden,HIGH_CONFIDENCE_MULTI_FIELD,unique_name_same_season_team,HIGH_CONFIDENCE_MULTI_FIELD,HIGH_CONFIDENCE_MULTI_FIELD,unique_name_same_season_team,true,2022-23|2023-24|2024-25,2024-25,2024-25,1,true,true,,,unavailable,Unique name + same canonical team in at least one shared season
4277961,1628991,Jaren Jackson Jr.,jarenjacksonjr,HIGH_CONFIDENCE_MULTI_FIELD,unique_name_same_season_team,HIGH_CONFIDENCE_MULTI_FIELD,HIGH_CONFIDENCE_MULTI_FIELD,unique_name_same_season_team,true,2020-21|2021-22|2022-23|2023-24|2024-25|2025-26,2024-25|2025-26,2024-25,1,true,true,,,unavailable,Unique name + same canonical team in at least one shared season
4278077,1629020,Jarred Vanderbilt,jarredvanderbilt,VERIFIED_MULTI_FIELD,unique_name_multi_season_team_overlap,VERIFIED_MULTI_FIELD,VERIFIED_MULTI_FIELD,unique_name_multi_season_team_overlap,true,2020-21|2021-22|2022-23|2023-24|2024-25|2025-26,2024-25|2025-26,2024-25|2025-26,2,true,true,,,unavailable,Unique name + team overlap in 2+ seasons
4066328,1628386,Jarrett Allen,jarrettallen,VERIFIED_MULTI_FIELD,unique_name_multi_season_team_overlap,VERIFIED_MULTI_FIELD,VERIFIED_MULTI_FIELD,unique_name_multi_season_team_overlap,true,2020-21|2021-22|2022-23|2023-24|2024-25|2025-26,2024-25|2025-26,2024-25|2025-26,2,true,true,,,unavailable,Unique name + team overlap in 2+ seasons
5239561,1642859,Jase Richardson,jaserichardson,HIGH_CONFIDENCE_MULTI_FIELD,unique_name_same_season_team,HIGH_CONFIDENCE_MULTI_FIELD,HIGH_CONFIDENCE_MULTI_FIELD,unique_name_same_season_team,true,2025-26,2025-26,2025-26,1,true,true,,,unavailable,Unique name + same canonical team in at least one shared season
4781746,1642914,Javon Small,javonsmall,HIGH_CONFIDENCE_MULTI_FIELD,unique_name_same_season_team,HIGH_CONFIDENCE_MULTI_FIELD,HIGH_CONFIDENCE_MULTI_FIELD,unique_name_same_season_team,true,2025-26,2025-26,2025-26,1,true,true,,,unavailable,Unique name + same canonical team in at least one shared season
4597259,1631451,Javonte Cooke,javontecooke,HIGH_CONFIDENCE_MULTI_FIELD,unique_name_same_season_team,HIGH_CONFIDENCE_MULTI_FIELD,HIGH_CONFIDENCE_MULTI_FIELD,unique_name_same_season_team,true,2025-26,2025-26,2025-26,1,true,true,,,unavailable,Unique name + same canonical team in at least one shared season
2596112,1629750,Javonte Green,javontegreen,HIGH_CONFIDENCE_MULTI_FIELD,unique_name_same_season_team,HIGH_CONFIDENCE_MULTI_FIELD,HIGH_CONFIDENCE_MULTI_FIELD,unique_name_same_season_team,true,2020-21|2021-22|2022-23|2023-24|2024-25|2025-26,2024-25|2025-26,2025-26,1,true,true,,,unavailable,Unique name + same canonical team in at least one shared season
4397077,1629637,Jaxson Hayes,jaxsonhayes,HIGH_CONFIDENCE_MULTI_FIELD,unique_name_same_season_team,HIGH_CONFIDENCE_MULTI_FIELD,HIGH_CONFIDENCE_MULTI_FIELD,unique_name_same_season_team,true,2020-21|2021-22|2022-23|2023-24|2024-25|2025-26,2024-25|2025-26,2024-25,1,true,true,,,unavailable,Unique name + same canonical team in at least one shared season
4065731,1630643,Jay Huff,jayhuff,VERIFIED_MULTI_FIELD,unique_name_multi_season_team_overlap,VERIFIED_MULTI_FIELD,VERIFIED_MULTI_FIELD,unique_name_multi_season_team_overlap,true,2021-22|2022-23|2023-24|2024-25|2025-26,2024-25|2025-26,2024-25|2025-26,2,true,true,,,unavailable,Unique name + team overlap in 2+ seasons
3917376,1627759,Jaylen Brown,jaylenbrown,HIGH_CONFIDENCE_MULTI_FIELD,unique_name_same_season_team,HIGH_CONFIDENCE_MULTI_FIELD,HIGH_CONFIDENCE_MULTI_FIELD,unique_name_same_season_team,true,2020-21|2021-22|2022-23|2023-24|2024-25|2025-26,2024-25|2025-26,2024-25,1,true,true,,,unavailable,Unique name + same canonical team in at least one shared season
4432247,1641740,Jaylen Clark,jaylenclark,VERIFIED_MULTI_FIELD,unique_name_multi_season_team_overlap,VERIFIED_MULTI_FIELD,VERIFIED_MULTI_FIELD,unique_name_multi_season_team_overlap,true,2024-25|2025-26,2024-25|2025-26,2024-25|2025-26,2,true,true,,,unavailable,Unique name + team overlap in 2+ seasons
4684737,1641798,Jaylen Martin,jaylenmartin,UNIQUE_NAME_ONLY,unique_name_only,UNIQUE_NAME_ONLY,UNIQUE_NAME_ONLY,unique_name_only,false,2024-25,2024-25,,0,true,true,,,unavailable,Unique normalized name only; no same-season team overlap evidence
4278541,1629669,Jaylen Nowell,jaylennowell,HIGH_CONFIDENCE_MULTI_FIELD,unique_name_same_season_team,HIGH_CONFIDENCE_MULTI_FIELD,HIGH_CONFIDENCE_MULTI_FIELD,unique_name_same_season_team,true,2020-21|2021-22|2022-23|2023-24|2024-25,2024-25,2024-25,1,true,true,,,unavailable,Unique name + same canonical team in at least one shared season
4397570,1631301,Jaylen Sims,jaylensims,HIGH_CONFIDENCE_MULTI_FIELD,unique_name_same_season_team,HIGH_CONFIDENCE_MULTI_FIELD,HIGH_CONFIDENCE_MULTI_FIELD,unique_name_same_season_team,true,2024-25,2024-25,2024-25,1,true,true,,,unavailable,Unique name + same canonical team in at least one shared season
5112087,1642377,Jaylen Wells,jaylenwells,VERIFIED_MULTI_FIELD,unique_name_multi_season_team_overlap,VERIFIED_MULTI_FIELD,VERIFIED_MULTI_FIELD,unique_name_multi_season_team_overlap,true,2024-25|2025-26,2024-25|2025-26,2024-25|2025-26,2,true,true,,,unavailable,Unique name + team overlap in 2+ seasons
4432823,1631119,Jaylin Williams,jaylinwilliams,VERIFIED_MULTI_FIELD,unique_name_multi_season_team_overlap,VERIFIED_MULTI_FIELD,VERIFIED_MULTI_FIELD,unique_name_multi_season_team_overlap,true,2022-23|2023-24|2024-25|2025-26,2024-25|2025-26,2024-25|2025-26,2,true,true,,,unavailable,Unique name + team overlap in 2+ seasons
4683747,1642281,Jaylon Tyson,jaylontyson,VERIFIED_MULTI_FIELD,unique_name_multi_season_team_overlap,VERIFIED_MULTI_FIELD,VERIFIED_MULTI_FIELD,unique_name_multi_season_team_overlap,true,2024-25|2025-26,2024-25|2025-26,2024-25|2025-26,2,true,true,,,unavailable,Unique name + team overlap in 2+ seasons
4065648,1628369,Jayson Tatum,jaysontatum,VERIFIED_MULTI_FIELD,unique_name_multi_season_team_overlap,VERIFIED_MULTI_FIELD,VERIFIED_MULTI_FIELD,unique_name_multi_season_team_overlap,true,2020-21|2021-22|2022-23|2023-24|2024-25|2025-26,2024-25|2025-26,2024-25|2025-26,2,true,true,,,unavailable,Unique name + team overlap in 2+ seasons
4708972,1641789,Jazian Gortman,jaziangortman,HIGH_CONFIDENCE_MULTI_FIELD,unique_name_same_season_team,HIGH_CONFIDENCE_MULTI_FIELD,HIGH_CONFIDENCE_MULTI_FIELD,unique_name_same_season_team,true,2024-25,2024-25,2024-25,1,true,true,,,unavailable,Unique name + same canonical team in at least one shared season
4576085,1631120,JD Davison,jddavison,VERIFIED_MULTI_FIELD,unique_name_multi_season_team_overlap,VERIFIED_MULTI_FIELD,VERIFIED_MULTI_FIELD,unique_name_multi_season_team_overlap,true,2022-23|2023-24|2024-25|2025-26,2024-25|2025-26,2024-25|2025-26,2,true,true,,,unavailable,Unique name + team overlap in 2+ seasons
4066786,1630288,Jeff Dowtin Jr.,jeffdowtinjr,HIGH_CONFIDENCE_MULTI_FIELD,unique_name_same_season_team,HIGH_CONFIDENCE_MULTI_FIELD,HIGH_CONFIDENCE_MULTI_FIELD,unique_name_same_season_team,true,2021-22|2022-23|2023-24|2024-25,2024-25,2024-25,1,true,true,,,unavailable,Unique name + same canonical team in at least one shared season
3209,201145,Jeff Green,jeffgreen,VERIFIED_MULTI_FIELD,unique_name_multi_season_team_overlap,VERIFIED_MULTI_FIELD,VERIFIED_MULTI_FIELD,unique_name_multi_season_team_overlap,true,2020-21|2021-22|2022-23|2023-24|2024-25|2025-26,2024-25|2025-26,2024-25|2025-26,2,true,true,,,unavailable,Unique name + team overlap in 2+ seasons
2991070,203924,Jerami Grant,jeramigrant,HIGH_CONFIDENCE_MULTI_FIELD,unique_name_same_season_team,HIGH_CONFIDENCE_MULTI_FIELD,HIGH_CONFIDENCE_MULTI_FIELD,unique_name_same_season_team,true,2020-21|2021-22|2022-23|2023-24|2024-25|2025-26,2024-25|2025-26,2024-25,1,true,true,,,unavailable,Unique name + same canonical team in at least one shared season
5144091,1642847,Jeremiah Fears,jeremiahfears,HIGH_CONFIDENCE_MULTI_FIELD,unique_name_same_season_team,HIGH_CONFIDENCE_MULTI_FIELD,HIGH_CONFIDENCE_MULTI_FIELD,unique_name_same_season_team,true,2025-26,2025-26,2025-26,1,true,true,,,unavailable,Unique name + same canonical team in at least one shared season
4432813,1630526,Jeremiah Robinson-Earl,jeremiahrobinsonearl,HIGH_CONFIDENCE_MULTI_FIELD,unique_name_same_season_team,HIGH_CONFIDENCE_MULTI_FIELD,HIGH_CONFIDENCE_MULTI_FIELD,unique_name_same_season_team,true,2021-22|2022-23|2023-24|2024-25|2025-26,2024-25|2025-26,2024-25,1,true,true,,,unavailable,Unique name + same canonical team in at least one shared season
4610139,1631110,Jeremy Sochan,jeremysochan,HIGH_CONFIDENCE_MULTI_FIELD,unique_name_same_season_team,HIGH_CONFIDENCE_MULTI_FIELD,HIGH_CONFIDENCE_MULTI_FIELD,unique_name_same_season_team,true,2022-23|2023-24|2024-25|2025-26,2024-25|2025-26,2024-25,1,true,true,,,unavailable,Unique name + same canonical team in at least one shared season
4277922,1630579,Jericho Sims,jerichosims,HIGH_CONFIDENCE_MULTI_FIELD,unique_name_same_season_team,HIGH_CONFIDENCE_MULTI_FIELD,HIGH_CONFIDENCE_MULTI_FIELD,unique_name_same_season_team,true,2021-22|2022-23|2023-24|2024-25|2025-26,2024-25|2025-26,2025-26,1,true,true,,,unavailable,Unique name + same canonical team in at least one shared season
5105806,1641724,Jett Howard,jetthoward,HIGH_CONFIDENCE_MULTI_FIELD,unique_name_same_season_team,HIGH_CONFIDENCE_MULTI_FIELD,HIGH_CONFIDENCE_MULTI_FIELD,unique_name_same_season_team,true,2023-24|2024-25|2025-26,2024-25|2025-26,2024-25,1,true,true,,,unavailable,Unique name + same canonical team in at least one shared season
3133635,1628975,Jevon Carter,jevoncarter,HIGH_CONFIDENCE_MULTI_FIELD,unique_name_same_season_team,HIGH_CONFIDENCE_MULTI_FIELD,HIGH_CONFIDENCE_MULTI_FIELD,unique_name_same_season_team,true,2020-21|2021-22|2022-23|2023-24|2024-25|2025-26,2024-25|2025-26,2024-25,1,true,true,,,unavailable,Unique name + same canonical team in at least one shared season
6430,202710,Jimmy Butler III,jimmybutleriii,HIGH_CONFIDENCE_MULTI_FIELD,unique_name_same_season_team,HIGH_CONFIDENCE_MULTI_FIELD,HIGH_CONFIDENCE_MULTI_FIELD,unique_name_same_season_team,true,2020-21|2021-22|2022-23|2023-24|2024-25|2025-26,2024-25|2025-26,2025-26,1,true,true,,,unavailable,Unique name + same canonical team in at least one shared season
5279133,1642866,Joan Beringer,joanberinger,HIGH_CONFIDENCE_MULTI_FIELD,unique_name_same_season_team,HIGH_CONFIDENCE_MULTI_FIELD,HIGH_CONFIDENCE_MULTI_FIELD,unique_name_same_season_team,true,2025-26,2025-26,2025-26,1,true,true,,,unavailable,Unique name + same canonical team in at least one shared season
3146557,1629111,Jock Landale,jocklandale,HIGH_CONFIDENCE_MULTI_FIELD,unique_name_same_season_team,HIGH_CONFIDENCE_MULTI_FIELD,HIGH_CONFIDENCE_MULTI_FIELD,unique_name_same_season_team,true,2021-22|2022-23|2023-24|2024-25|2025-26,2024-25|2025-26,2024-25,1,true,true,,,unavailable,Unique name + same canonical team in at least one shared season
2968436,204060,Joe Ingles,joeingles,VERIFIED_MULTI_FIELD,unique_name_multi_season_team_overlap,VERIFIED_MULTI_FIELD,VERIFIED_MULTI_FIELD,unique_name_multi_season_team_overlap,true,2020-21|2021-22|2022-23|2023-24|2024-25|2025-26,2024-25|2025-26,2024-25|2025-26,2,true,true,,,unavailable,Unique name + team overlap in 2+ seasons
3059318,203954,Joel Embiid,joelembiid,VERIFIED_MULTI_FIELD,unique_name_multi_season_team_overlap,VERIFIED_MULTI_FIELD,VERIFIED_MULTI_FIELD,unique_name_multi_season_team_overlap,true,2020-21|2021-22|2022-23|2023-24|2024-25|2025-26,2024-25|2025-26,2024-25|2025-26,2,true,true,,,unavailable,Unique name + team overlap in 2+ seasons
3908845,1628381,John Collins,johncollins,HIGH_CONFIDENCE_MULTI_FIELD,unique_name_same_season_team,HIGH_CONFIDENCE_MULTI_FIELD,HIGH_CONFIDENCE_MULTI_FIELD,unique_name_same_season_team,true,2020-21|2021-22|2022-23|2023-24|2024-25|2025-26,2024-25|2025-26,2024-25,1,true,true,,,unavailable,Unique name + same canonical team in at least one shared season
3134932,1629723,John Konchar,johnkonchar,HIGH_CONFIDENCE_MULTI_FIELD,unique_name_same_season_team,HIGH_CONFIDENCE_MULTI_FIELD,HIGH_CONFIDENCE_MULTI_FIELD,unique_name_same_season_team,true,2020-21|2021-22|2022-23|2023-24|2024-25|2025-26,2024-25|2025-26,2024-25,1,true,true,,,unavailable,Unique name + same canonical team in at least one shared season
4898238,1642967,John Poulakidas,johnpoulakidas,HIGH_CONFIDENCE_MULTI_FIELD,unique_name_same_season_team,HIGH_CONFIDENCE_MULTI_FIELD,HIGH_CONFIDENCE_MULTI_FIELD,unique_name_same_season_team,true,2025-26,2025-26,2025-26,1,true,true,,,unavailable,Unique name + same canonical team in at least one shared season
4593043,1642910,John Tonje,johntonje,UNIQUE_NAME_ONLY,unique_name_only,UNIQUE_NAME_ONLY,UNIQUE_NAME_ONLY,unique_name_only,false,2025-26,2025-26,,0,true,true,,,unavailable,Unique normalized name only; no same-season team overlap evidence
4433569,1641780,Johni Broome,johnibroome,UNIQUE_NAME_ONLY,unique_name_only,UNIQUE_NAME_ONLY,UNIQUE_NAME_ONLY,unique_name_only,false,2025-26,2025-26,,0,true,true,,,unavailable,Unique normalized name only; no same-season team overlap evidence
4432356,1631098,Johnny Davis,johnnydavis,HIGH_CONFIDENCE_MULTI_FIELD,unique_name_same_season_team,HIGH_CONFIDENCE_MULTI_FIELD,HIGH_CONFIDENCE_MULTI_FIELD,unique_name_same_season_team,true,2022-23|2023-24|2024-25,2024-25,2024-25,1,true,true,,,unavailable,Unique name + same canonical team in at least one shared season
5157066,1642277,Johnny Furphy,johnnyfurphy,VERIFIED_MULTI_FIELD,unique_name_multi_season_team_overlap,VERIFIED_MULTI_FIELD,VERIFIED_MULTI_FIELD,unique_name_multi_season_team_overlap,true,2024-25|2025-26,2024-25|2025-26,2024-25|2025-26,2,true,true,,,unavailable,Unique name + team overlap in 2+ seasons
4432817,1630548,Johnny Juzang,johnnyjuzang,VERIFIED_MULTI_FIELD,unique_name_multi_season_team_overlap,VERIFIED_MULTI_FIELD,VERIFIED_MULTI_FIELD,unique_name_multi_season_team_overlap,true,2022-23|2023-24|2024-25|2025-26,2024-25|2025-26,2024-25|2025-26,2,true,true,,,unavailable,Unique name + team overlap in 2+ seasons
6477,202685,Jonas Valanciunas,jonasvalanciunas,HIGH_CONFIDENCE_MULTI_FIELD,unique_name_same_season_team,HIGH_CONFIDENCE_MULTI_FIELD,HIGH_CONFIDENCE_MULTI_FIELD,unique_name_same_season_team,true,2020-21|2021-22|2022-23|2023-24|2024-25|2025-26,2024-25|2025-26,2025-26,1,true,true,,,unavailable,Unique name + same canonical team in at least one shared season
4065654,1628371,Jonathan Isaac,jonathanisaac,VERIFIED_MULTI_FIELD,unique_name_multi_season_team_overlap,VERIFIED_MULTI_FIELD,VERIFIED_MULTI_FIELD,unique_name_multi_season_team_overlap,true,2022-23|2023-24|2024-25|2025-26,2024-25|2025-26,2024-25|2025-26,2,true,true,,,unavailable,Unique name + team overlap in 2+ seasons
4433247,1630228,Jonathan Kuminga,jonathankuminga,HIGH_CONFIDENCE_MULTI_FIELD,unique_name_same_season_team,HIGH_CONFIDENCE_MULTI_FIELD,HIGH_CONFIDENCE_MULTI_FIELD,unique_name_same_season_team,true,2021-22|2022-23|2023-24|2024-25|2025-26,2024-25|2025-26,2024-25,1,true,true,,,unavailable,Unique name + same canonical team in at least one shared season
5107897,1642367,Jonathan Mogbo,jonathanmogbo,HIGH_CONFIDENCE_MULTI_FIELD,unique_name_same_season_team,HIGH_CONFIDENCE_MULTI_FIELD,HIGH_CONFIDENCE_MULTI_FIELD,unique_name_same_season_team,true,2024-25|2025-26,2024-25|2025-26,2024-25,1,true,true,,,unavailable,Unique name + same canonical team in at least one shared season
2528426,203903,Jordan Clarkson,jordanclarkson,VERIFIED_MULTI_FIELD,unique_name_multi_season_team_overlap,VERIFIED_MULTI_FIELD,VERIFIED_MULTI_FIELD,unique_name_multi_season_team_overlap,true,2020-21|2021-22|2022-23|2023-24|2024-25|2025-26,2024-25|2025-26,2024-25|2025-26,2,true,true,,,unavailable,Unique name + team overlap in 2+ seasons
4278402,1630692,Jordan Goodwin,jordangoodwin,VERIFIED_MULTI_FIELD,unique_name_multi_season_team_overlap,VERIFIED_MULTI_FIELD,VERIFIED_MULTI_FIELD,unique_name_multi_season_team_overlap,true,2022-23|2023-24|2024-25|2025-26,2024-25|2025-26,2024-25|2025-26,2,true,true,,,unavailable,Unique name + team overlap in 2+ seasons
4683750,1641722,Jordan Hawkins,jordanhawkins,VERIFIED_MULTI_FIELD,unique_name_multi_season_team_overlap,VERIFIED_MULTI_FIELD,VERIFIED_MULTI_FIELD,unique_name_multi_season_team_overlap,true,2023-24|2024-25|2025-26,2024-25|2025-26,2024-25|2025-26,2,true,true,,,unavailable,Unique name + team overlap in 2+ seasons
3134916,1629162,Jordan McLaughlin,jordanmclaughlin,HIGH_CONFIDENCE_MULTI_FIELD,unique_name_same_season_team,HIGH_CONFIDENCE_MULTI_FIELD,HIGH_CONFIDENCE_MULTI_FIELD,unique_name_same_season_team,true,2020-21|2021-22|2022-23|2023-24|2024-25|2025-26,2024-25|2025-26,2025-26,1,true,true,,,unavailable,Unique name + same canonical team in at least one shared season
4396818,1641757,Jordan Miller,jordanmiller,VERIFIED_MULTI_FIELD,unique_name_multi_season_team_overlap,VERIFIED_MULTI_FIELD,VERIFIED_MULTI_FIELD,unique_name_multi_season_team_overlap,true,2023-24|2024-25|2025-26,2024-25|2025-26,2024-25|2025-26,2,true,true,,,unavailable,Unique name + team overlap in 2+ seasons
4277956,1629673,Jordan Poole,jordanpoole,VERIFIED_MULTI_FIELD,unique_name_multi_season_team_overlap,VERIFIED_MULTI_FIELD,VERIFIED_MULTI_FIELD,unique_name_multi_season_team_overlap,true,2020-21|2021-22|2022-23|2023-24|2024-25|2025-26,2024-25|2025-26,2024-25|2025-26,2,true,true,,,unavailable,Unique name + team overlap in 2+ seasons
4683689,1641775,Jordan Walsh,jordanwalsh,VERIFIED_MULTI_FIELD,unique_name_multi_season_team_overlap,VERIFIED_MULTI_FIELD,VERIFIED_MULTI_FIELD,unique_name_multi_season_team_overlap,true,2023-24|2024-25|2025-26,2024-25|2025-26,2024-25|2025-26,2,true,true,,,unavailable,Unique name + team overlap in 2+ seasons
4277869,1630631,Jose Alvarado,josealvarado,HIGH_CONFIDENCE_MULTI_FIELD,unique_name_same_season_team,HIGH_CONFIDENCE_MULTI_FIELD,HIGH_CONFIDENCE_MULTI_FIELD,unique_name_same_season_team,true,2021-22|2022-23|2023-24|2024-25|2025-26,2024-25|2025-26,2024-25,1,true,true,,,unavailable,Unique name + same canonical team in at least one shared season
4432168,1630528,Josh Christopher,joshchristopher,HIGH_CONFIDENCE_MULTI_FIELD,unique_name_same_season_team,HIGH_CONFIDENCE_MULTI_FIELD,HIGH_CONFIDENCE_MULTI_FIELD,unique_name_same_season_team,true,2021-22|2022-23|2024-25,2024-25,2024-25,1,true,true,,,unavailable,Unique name + same canonical team in at least one shared season
4871145,1630581,Josh Giddey,joshgiddey,VERIFIED_MULTI_FIELD,unique_name_multi_season_team_overlap,VERIFIED_MULTI_FIELD,VERIFIED_MULTI_FIELD,unique_name_multi_season_team_overlap,true,2021-22|2022-23|2023-24|2024-25|2025-26,2024-25|2025-26,2024-25|2025-26,2,true,true,,,unavailable,Unique name + team overlap in 2+ seasons
4432811,1630182,Josh Green,joshgreen,HIGH_CONFIDENCE_MULTI_FIELD,unique_name_same_season_team,HIGH_CONFIDENCE_MULTI_FIELD,HIGH_CONFIDENCE_MULTI_FIELD,unique_name_same_season_team,true,2020-21|2021-22|2022-23|2023-24|2024-25|2025-26,2024-25|2025-26,2024-25,1,true,true,,,unavailable,Unique name + same canonical team in at least one shared season
3062679,1628404,Josh Hart,joshhart,VERIFIED_MULTI_FIELD,unique_name_multi_season_team_overlap,VERIFIED_MULTI_FIELD,VERIFIED_MULTI_FIELD,unique_name_multi_season_team_overlap,true,2020-21|2021-22|2022-23|2023-24|2024-25|2025-26,2024-25|2025-26,2024-25|2025-26,2,true,true,,,unavailable,Unique name + team overlap in 2+ seasons
4687718,1631169,Josh Minott,joshminott,HIGH_CONFIDENCE_MULTI_FIELD,unique_name_same_season_team,HIGH_CONFIDENCE_MULTI_FIELD,HIGH_CONFIDENCE_MULTI_FIELD,unique_name_same_season_team,true,2022-23|2023-24|2024-25|2025-26,2024-25|2025-26,2024-25,1,true,true,,,unavailable,Unique name + same canonical team in at least one shared season
4432068,1642490,Josh Oduro,joshoduro,HIGH_CONFIDENCE_MULTI_FIELD,unique_name_same_season_team,HIGH_CONFIDENCE_MULTI_FIELD,HIGH_CONFIDENCE_MULTI_FIELD,unique_name_same_season_team,true,2025-26,2025-26,2025-26,1,true,true,,,unavailable,Unique name + same canonical team in at least one shared season
4065663,1629006,Josh Okogie,joshokogie,UNIQUE_NAME_ONLY,unique_name_only,UNIQUE_NAME_ONLY,UNIQUE_NAME_ONLY,unique_name_only,false,2020-21|2021-22|2022-23|2023-24|2024-25|2025-26,2024-25|2025-26,,0,true,true,,,unavailable,Unique normalized name only; no same-season team overlap evidence
2581190,1626196,Josh Richardson,joshrichardson,HIGH_CONFIDENCE_MULTI_FIELD,unique_name_same_season_team,HIGH_CONFIDENCE_MULTI_FIELD,HIGH_CONFIDENCE_MULTI_FIELD,unique_name_same_season_team,true,2020-21|2021-22|2022-23|2023-24|2024-25,2024-25,2024-25,1,true,true,,,unavailable,Unique name + same canonical team in at least one shared season
3995,201950,Jrue Holiday,jrueholiday,VERIFIED_MULTI_FIELD,unique_name_multi_season_team_overlap,VERIFIED_MULTI_FIELD,VERIFIED_MULTI_FIELD,unique_name_multi_season_team_overlap,true,2020-21|2021-22|2022-23|2023-24|2024-25|2025-26,2024-25|2025-26,2024-25|2025-26,2,true,true,,,unavailable,Unique name + team overlap in 2+ seasons
4702233,1630550,JT Thor,jtthor,UNIQUE_NAME_ONLY,unique_name_only,UNIQUE_NAME_ONLY,UNIQUE_NAME_ONLY,unique_name_only,false,2021-22|2022-23|2023-24|2024-25,2024-25,,0,true,true,,,unavailable,Unique normalized name only; no same-season team overlap evidence
4592479,1630577,Julian Champagnie,julianchampagnie,VERIFIED_MULTI_FIELD,unique_name_multi_season_team_overlap,VERIFIED_MULTI_FIELD,VERIFIED_MULTI_FIELD,unique_name_multi_season_team_overlap,true,2022-23|2023-24|2024-25|2025-26,2024-25|2025-26,2024-25|2025-26,2,true,true,,,unavailable,Unique name + team overlap in 2+ seasons
5105553,1641763,Julian Phillips,julianphillips,HIGH_CONFIDENCE_MULTI_FIELD,unique_name_same_season_team,HIGH_CONFIDENCE_MULTI_FIELD,HIGH_CONFIDENCE_MULTI_FIELD,unique_name_same_season_team,true,2023-24|2024-25|2025-26,2024-25|2025-26,2024-25,1,true,true,,,unavailable,Unique name + same canonical team in at least one shared season
4683742,1642882,Julian Reese,julianreese,HIGH_CONFIDENCE_MULTI_FIELD,unique_name_same_season_team,HIGH_CONFIDENCE_MULTI_FIELD,HIGH_CONFIDENCE_MULTI_FIELD,unique_name_same_season_team,true,2025-26,2025-26,2025-26,1,true,true,,,unavailable,Unique name + same canonical team in at least one shared season
4432181,1631124,Julian Strawther,julianstrawther,VERIFIED_MULTI_FIELD,unique_name_multi_season_team_overlap,VERIFIED_MULTI_FIELD,VERIFIED_MULTI_FIELD,unique_name_multi_season_team_overlap,true,2023-24|2024-25|2025-26,2024-25|2025-26,2024-25|2025-26,2,true,true,,,unavailable,Unique name + team overlap in 2+ seasons
3064514,203944,Julius Randle,juliusrandle,HIGH_CONFIDENCE_MULTI_FIELD,unique_name_same_season_team,HIGH_CONFIDENCE_MULTI_FIELD,HIGH_CONFIDENCE_MULTI_FIELD,unique_name_same_season_team,true,2020-21|2021-22|2022-23|2023-24|2024-25|2025-26,2024-25|2025-26,2024-25,1,true,true,,,unavailable,Unique name + same canonical team in at least one shared season
4432907,1630551,Justin Champagnie,justinchampagnie,VERIFIED_MULTI_FIELD,unique_name_multi_season_team_overlap,VERIFIED_MULTI_FIELD,VERIFIED_MULTI_FIELD,unique_name_multi_season_team_overlap,true,2021-22|2022-23|2023-24|2024-25|2025-26,2024-25|2025-26,2024-25|2025-26,2,true,true,,,unavailable,Unique name + team overlap in 2+ seasons
4711297,1642348,Justin Edwards,justinedwards,VERIFIED_MULTI_FIELD,unique_name_multi_season_team_overlap,VERIFIED_MULTI_FIELD,VERIFIED_MULTI_FIELD,unique_name_multi_season_team_overlap,true,2024-25|2025-26,2024-25|2025-26,2024-25|2025-26,2,true,true,,,unavailable,Unique name + team overlap in 2+ seasons
4278111,1631303,Justin Minaya,justinminaya,HIGH_CONFIDENCE_MULTI_FIELD,unique_name_same_season_team,HIGH_CONFIDENCE_MULTI_FIELD,HIGH_CONFIDENCE_MULTI_FIELD,unique_name_same_season_team,true,2022-23|2023-24|2024-25,2024-25,2024-25,1,true,true,,,unavailable,Unique name + same canonical team in at least one shared season
3102530,203994,Jusuf Nurkic,jusufnurkic,HIGH_CONFIDENCE_MULTI_FIELD,unique_name_same_season_team,HIGH_CONFIDENCE_MULTI_FIELD,HIGH_CONFIDENCE_MULTI_FIELD,unique_name_same_season_team,true,2020-21|2021-22|2022-23|2023-24|2024-25|2025-26,2024-25|2025-26,2025-26,1,true,true,,,unavailable,Unique name + same canonical team in at least one shared season
4701845,1642955,Kadary Richmond,kadaryrichmond,HIGH_CONFIDENCE_MULTI_FIELD,unique_name_same_season_team,HIGH_CONFIDENCE_MULTI_FIELD,HIGH_CONFIDENCE_MULTI_FIELD,unique_name_same_season_team,true,2025-26,2025-26,2025-26,1,true,true,,,unavailable,Unique name + same canonical team in at least one shared season
4431699,1630539,Kai Jones,kaijones,UNIQUE_NAME_ONLY,unique_name_only,UNIQUE_NAME_ONLY,UNIQUE_NAME_ONLY,unique_name_only,false,2021-22|2022-23|2024-25,2024-25,,0,true,true,,,unavailable,Unique normalized name only; no same-season team overlap evidence
4697268,1642880,Kam Jones,kamjones,UNIQUE_NAME_ONLY,unique_name_only,UNIQUE_NAME_ONLY,UNIQUE_NAME_ONLY,unique_name_only,false,2025-26,2025-26,,0,true,true,,,unavailable,Unique normalized name only; no same-season team overlap evidence
3136195,1626157,Karl-Anthony Towns,karlanthonytowns,VERIFIED_MULTI_FIELD,unique_name_multi_season_team_overlap,VERIFIED_MULTI_FIELD,VERIFIED_MULTI_FIELD,unique_name_multi_season_team_overlap,true,2020-21|2021-22|2022-23|2023-24|2024-25|2025-26,2024-25|2025-26,2024-25|2025-26,2,true,true,,,unavailable,Unique name + team overlap in 2+ seasons
4997538,1631255,Karlo Matkovic,karlomatkovic,VERIFIED_MULTI_FIELD,unique_name_multi_season_team_overlap,VERIFIED_MULTI_FIELD,VERIFIED_MULTI_FIELD,unique_name_multi_season_team_overlap,true,2024-25|2025-26,2024-25|2025-26,2024-25|2025-26,2,true,true,,,unavailable,Unique name + team overlap in 2+ seasons
5214640,1642857,Kasparas Jakucionis,kasparasjakucionis,UNIQUE_NAME_ONLY,unique_name_only,UNIQUE_NAME_ONLY,UNIQUE_NAME_ONLY,unique_name_only,false,2025-26,2025-26,,0,true,true,,,unavailable,Unique normalized name only; no same-season team overlap evidence
6450,202695,Kawhi Leonard,kawhileonard,VERIFIED_MULTI_FIELD,unique_name_multi_season_team_overlap,VERIFIED_MULTI_FIELD,VERIFIED_MULTI_FIELD,unique_name_multi_season_team_overlap,true,2020-21|2022-23|2023-24|2024-25|2025-26,2024-25|2025-26,2024-25|2025-26,2,true,true,,,unavailable,Unique name + team overlap in 2+ seasons
4279118,1630811,Keaton Wallace,keatonwallace,VERIFIED_MULTI_FIELD,unique_name_multi_season_team_overlap,VERIFIED_MULTI_FIELD,VERIFIED_MULTI_FIELD,unique_name_multi_season_team_overlap,true,2024-25|2025-26,2024-25|2025-26,2024-25|2025-26,2,true,true,,,unavailable,Unique name + team overlap in 2+ seasons
4594327,1631099,Keegan Murray,keeganmurray,VERIFIED_MULTI_FIELD,unique_name_multi_season_team_overlap,VERIFIED_MULTI_FIELD,VERIFIED_MULTI_FIELD,unique_name_multi_season_team_overlap,true,2022-23|2023-24|2024-25|2025-26,2024-25|2025-26,2024-25|2025-26,2,true,true,,,unavailable,Unique name + team overlap in 2+ seasons
4431689,1631232,Keion Brooks Jr.,keionbrooksjr,HIGH_CONFIDENCE_MULTI_FIELD,unique_name_same_season_team,HIGH_CONFIDENCE_MULTI_FIELD,HIGH_CONFIDENCE_MULTI_FIELD,unique_name_same_season_team,true,2024-25,2024-25,2024-25,1,true,true,,,unavailable,Unique name + same canonical team in at least one shared season
5105623,1642276,Kel'el Ware,kelelware,HIGH_CONFIDENCE_MULTI_FIELD,unique_name_same_season_team,HIGH_CONFIDENCE_MULTI_FIELD,HIGH_CONFIDENCE_MULTI_FIELD,unique_name_same_season_team,true,2024-25|2025-26,2024-25|2025-26,2024-25,1,true,true,,,unavailable,Unique name + same canonical team in at least one shared season
4395723,1629640,Keldon Johnson,keldonjohnson,VERIFIED_MULTI_FIELD,unique_name_multi_season_team_overlap,VERIFIED_MULTI_FIELD,VERIFIED_MULTI_FIELD,unique_name_multi_season_team_overlap,true,2020-21|2021-22|2022-23|2023-24|2024-25|2025-26,2024-25|2025-26,2024-25|2025-26,2,true,true,,,unavailable,Unique name + team overlap in 2+ seasons
2489663,203482,Kelly Olynyk,kellyolynyk,HIGH_CONFIDENCE_MULTI_FIELD,unique_name_same_season_team,HIGH_CONFIDENCE_MULTI_FIELD,HIGH_CONFIDENCE_MULTI_FIELD,unique_name_same_season_team,true,2020-21|2021-22|2022-23|2023-24|2024-25|2025-26,2024-25|2025-26,2025-26,1,true,true,,,unavailable,Unique name + same canonical team in at least one shared season
3133603,1626162,Kelly Oubre Jr.,kellyoubrejr,HIGH_CONFIDENCE_MULTI_FIELD,unique_name_same_season_team,HIGH_CONFIDENCE_MULTI_FIELD,HIGH_CONFIDENCE_MULTI_FIELD,unique_name_same_season_team,true,2020-21|2021-22|2022-23|2023-24|2024-25|2025-26,2024-25|2025-26,2024-25,1,true,true,,,unavailable,Unique name + same canonical team in at least one shared season
4432646,1631113,Kennedy Chandler,kennedychandler,HIGH_CONFIDENCE_MULTI_FIELD,unique_name_same_season_team,HIGH_CONFIDENCE_MULTI_FIELD,HIGH_CONFIDENCE_MULTI_FIELD,unique_name_same_season_team,true,2022-23|2025-26,2025-26,2025-26,1,true,true,,,unavailable,Unique name + same canonical team in at least one shared season
3133626,1629026,Kenrich Williams,kenrichwilliams,VERIFIED_MULTI_FIELD,unique_name_multi_season_team_overlap,VERIFIED_MULTI_FIELD,VERIFIED_MULTI_FIELD,unique_name_multi_season_team_overlap,true,2020-21|2021-22|2022-23|2023-24|2024-25|2025-26,2024-25|2025-26,2024-25|2025-26,2,true,true,,,unavailable,Unique name + team overlap in 2+ seasons
2581018,203484,Kentavious Caldwell-Pope,kentaviouscaldwellpope,HIGH_CONFIDENCE_MULTI_FIELD,unique_name_same_season_team,HIGH_CONFIDENCE_MULTI_FIELD,HIGH_CONFIDENCE_MULTI_FIELD,unique_name_same_season_team,true,2020-21|2021-22|2022-23|2023-24|2024-25|2025-26,2024-25|2025-26,2024-25,1,true,true,,,unavailable,Unique name + same canonical team in at least one shared season
4702177,1631165,Keon Ellis,keonellis,HIGH_CONFIDENCE_MULTI_FIELD,unique_name_same_season_team,HIGH_CONFIDENCE_MULTI_FIELD,HIGH_CONFIDENCE_MULTI_FIELD,unique_name_same_season_team,true,2022-23|2023-24|2024-25|2025-26,2024-25|2025-26,2024-25,1,true,true,,,unavailable,Unique name + same canonical team in at least one shared season
4432192,1630553,Keon Johnson,keonjohnson,HIGH_CONFIDENCE_MULTI_FIELD,unique_name_same_season_team,HIGH_CONFIDENCE_MULTI_FIELD,HIGH_CONFIDENCE_MULTI_FIELD,unique_name_same_season_team,true,2021-22|2022-23|2023-24|2024-25,2024-25,2024-25,1,true,true,,,unavailable,Unique name + same canonical team in at least one shared season
4431786,1642352,Keshad Johnson,keshadjohnson,VERIFIED_MULTI_FIELD,unique_name_multi_season_team_overlap,VERIFIED_MULTI_FIELD,VERIFIED_MULTI_FIELD,unique_name_multi_season_team_overlap,true,2024-25|2025-26,2024-25|2025-26,2024-25|2025-26,2,true,true,,,unavailable,Unique name + team overlap in 2+ seasons
4585618,1642933,Keshon Gilbert,keshongilbert,UNIQUE_NAME_ONLY,unique_name_only,UNIQUE_NAME_ONLY,UNIQUE_NAME_ONLY,unique_name_only,false,2025-26,2025-26,,0,true,true,,,unavailable,Unique normalized name only; no same-season team overlap evidence
4397693,1630556,Kessler Edwards,kessleredwards,HIGH_CONFIDENCE_MULTI_FIELD,unique_name_same_season_team,HIGH_CONFIDENCE_MULTI_FIELD,HIGH_CONFIDENCE_MULTI_FIELD,unique_name_same_season_team,true,2021-22|2022-23|2023-24|2024-25,2024-25,2024-25,1,true,true,,,unavailable,Unique name + same canonical team in at least one shared season
3202,201142,Kevin Durant,kevindurant,VERIFIED_MULTI_FIELD,unique_name_multi_season_team_overlap,VERIFIED_MULTI_FIELD,VERIFIED_MULTI_FIELD,unique_name_multi_season_team_overlap,true,2020-21|2021-22|2022-23|2023-24|2024-25|2025-26,2024-25|2025-26,2024-25|2025-26,2,true,true,,,unavailable,Unique name + team overlap in 2+ seasons
4066372,1628989,Kevin Huerter,kevinhuerter,UNIQUE_NAME_ONLY,unique_name_only,UNIQUE_NAME_ONLY,UNIQUE_NAME_ONLY,unique_name_only,false,2020-21|2021-22|2022-23|2023-24|2024-25|2025-26,2024-25|2025-26,,0,true,true,,,unavailable,Unique normalized name only; no same-season team overlap evidence
4278075,1628995,Kevin Knox II,kevinknoxii,HIGH_CONFIDENCE_MULTI_FIELD,unique_name_same_season_team,HIGH_CONFIDENCE_MULTI_FIELD,HIGH_CONFIDENCE_MULTI_FIELD,unique_name_same_season_team,true,2020-21|2021-22|2022-23|2023-24|2024-25,2024-25,2024-25,1,true,true,,,unavailable,Unique name + same canonical team in at least one shared season
3449,201567,Kevin Love,kevinlove,VERIFIED_MULTI_FIELD,unique_name_multi_season_team_overlap,VERIFIED_MULTI_FIELD,VERIFIED_MULTI_FIELD,unique_name_multi_season_team_overlap,true,2020-21|2021-22|2022-23|2023-24|2024-25|2025-26,2024-25|2025-26,2024-25|2025-26,2,true,true,,,unavailable,Unique name + team overlap in 2+ seasons
4411057,1641755,Kevin McCullar Jr.,kevinmccullarjr,VERIFIED_MULTI_FIELD,unique_name_multi_season_team_overlap,VERIFIED_MULTI_FIELD,VERIFIED_MULTI_FIELD,unique_name_multi_season_team_overlap,true,2024-25|2025-26,2024-25|2025-26,2024-25|2025-26,2,true,true,,,unavailable,Unique name + team overlap in 2+ seasons
4397140,1629645,Kevin Porter Jr.,kevinporterjr,HIGH_CONFIDENCE_MULTI_FIELD,unique_name_same_season_team,HIGH_CONFIDENCE_MULTI_FIELD,HIGH_CONFIDENCE_MULTI_FIELD,unique_name_same_season_team,true,2020-21|2021-22|2022-23|2024-25|2025-26,2024-25|2025-26,2025-26,1,true,true,,,unavailable,Unique name + same canonical team in at least one shared season
3155535,1626172,Kevon Looney,kevonlooney,HIGH_CONFIDENCE_MULTI_FIELD,unique_name_same_season_team,HIGH_CONFIDENCE_MULTI_FIELD,HIGH_CONFIDENCE_MULTI_FIELD,unique_name_same_season_team,true,2020-21|2021-22|2022-23|2023-24|2024-25|2025-26,2024-25|2025-26,2024-25,1,true,true,,,unavailable,Unique name + same canonical team in at least one shared season
4433627,1641718,Keyonte George,keyontegeorge,VERIFIED_MULTI_FIELD,unique_name_multi_season_team_overlap,VERIFIED_MULTI_FIELD,VERIFIED_MULTI_FIELD,unique_name_multi_season_team_overlap,true,2023-24|2024-25|2025-26,2024-25|2025-26,2024-25|2025-26,2,true,true,,,unavailable,Unique name + team overlap in 2+ seasons
5203685,1642863,Khaman Maluach,khamanmaluach,HIGH_CONFIDENCE_MULTI_FIELD,unique_name_same_season_team,HIGH_CONFIDENCE_MULTI_FIELD,HIGH_CONFIDENCE_MULTI_FIELD,unique_name_same_season_team,true,2025-26,2025-26,2025-26,1,true,true,,,unavailable,Unique name + same canonical team in at least one shared season
6609,203114,Khris Middleton,khrismiddleton,HIGH_CONFIDENCE_MULTI_FIELD,unique_name_same_season_team,HIGH_CONFIDENCE_MULTI_FIELD,HIGH_CONFIDENCE_MULTI_FIELD,unique_name_same_season_team,true,2020-21|2021-22|2022-23|2023-24|2024-25|2025-26,2024-25|2025-26,2025-26,1,true,true,,,unavailable,Unique name + same canonical team in at least one shared season
4683024,1630165,Killian Hayes,killianhayes,VERIFIED_MULTI_FIELD,unique_name_multi_season_team_overlap,VERIFIED_MULTI_FIELD,VERIFIED_MULTI_FIELD,unique_name_multi_season_team_overlap,true,2020-21|2021-22|2022-23|2023-24|2024-25|2025-26,2024-25|2025-26,2024-25|2025-26,2,true,true,,,unavailable,Unique name + team overlap in 2+ seasons
4431828,1630231,KJ Martin,kjmartin,UNIQUE_NAME_ONLY,unique_name_only,UNIQUE_NAME_ONLY,UNIQUE_NAME_ONLY,unique_name_only,false,2020-21|2021-22|2022-23|2023-24|2024-25,2024-25,,0,true,true,,,unavailable,Unique normalized name only; no same-season team overlap evidence
4683834,1642354,KJ Simpson,kjsimpson,HIGH_CONFIDENCE_MULTI_FIELD,unique_name_same_season_team,HIGH_CONFIDENCE_MULTI_FIELD,HIGH_CONFIDENCE_MULTI_FIELD,unique_name_same_season_team,true,2024-25|2025-26,2024-25|2025-26,2024-25,1,true,true,,,unavailable,Unique name + same canonical team in at least one shared season
6475,202691,Klay Thompson,klaythompson,VERIFIED_MULTI_FIELD,unique_name_multi_season_team_overlap,VERIFIED_MULTI_FIELD,VERIFIED_MULTI_FIELD,unique_name_multi_season_team_overlap,true,2021-22|2022-23|2023-24|2024-25|2025-26,2024-25|2025-26,2024-25|2025-26,2,true,true,,,unavailable,Unique name + team overlap in 2+ seasons
4431752,1641738,Kobe Brown,kobebrown,HIGH_CONFIDENCE_MULTI_FIELD,unique_name_same_season_team,HIGH_CONFIDENCE_MULTI_FIELD,HIGH_CONFIDENCE_MULTI_FIELD,unique_name_same_season_team,true,2023-24|2024-25|2025-26,2024-25|2025-26,2024-25,1,true,true,,,unavailable,Unique name + same canonical team in at least one shared season
4683736,1641723,Kobe Bufkin,kobebufkin,VERIFIED_MULTI_FIELD,unique_name_multi_season_team_overlap,VERIFIED_MULTI_FIELD,VERIFIED_MULTI_FIELD,unique_name_multi_season_team_overlap,true,2023-24|2024-25|2025-26,2024-25|2025-26,2024-25|2025-26,2,true,true,,,unavailable,Unique name + team overlap in 2+ seasons
4702352,1642920,Kobe Sanders,kobesanders,HIGH_CONFIDENCE_MULTI_FIELD,unique_name_same_season_team,HIGH_CONFIDENCE_MULTI_FIELD,HIGH_CONFIDENCE_MULTI_FIELD,unique_name_same_season_team,true,2025-26,2025-26,2025-26,1,true,true,,,unavailable,Unique name + same canonical team in at least one shared season
4591259,1642886,Koby Brea,kobybrea,HIGH_CONFIDENCE_MULTI_FIELD,unique_name_same_season_team,HIGH_CONFIDENCE_MULTI_FIELD,HIGH_CONFIDENCE_MULTI_FIELD,unique_name_same_season_team,true,2025-26,2025-26,2025-26,1,true,true,,,unavailable,Unique name + same canonical team in at least one shared season
5061575,1642851,Kon Knueppel,konknueppel,HIGH_CONFIDENCE_MULTI_FIELD,unique_name_same_season_team,HIGH_CONFIDENCE_MULTI_FIELD,HIGH_CONFIDENCE_MULTI_FIELD,unique_name_same_season_team,true,2025-26,2025-26,2025-26,1,true,true,,,unavailable,Unique name + same canonical team in at least one shared season
2991139,1627739,Kris Dunn,krisdunn,VERIFIED_MULTI_FIELD,unique_name_multi_season_team_overlap,VERIFIED_MULTI_FIELD,VERIFIED_MULTI_FIELD,unique_name_multi_season_team_overlap,true,2020-21|2021-22|2022-23|2023-24|2024-25|2025-26,2024-25|2025-26,2024-25|2025-26,2,true,true,,,unavailable,Unique name + team overlap in 2+ seasons
4594326,1631200,Kris Murray,krismurray,HIGH_CONFIDENCE_MULTI_FIELD,unique_name_same_season_team,HIGH_CONFIDENCE_MULTI_FIELD,HIGH_CONFIDENCE_MULTI_FIELD,unique_name_same_season_team,true,2023-24|2024-25|2025-26,2024-25|2025-26,2024-25,1,true,true,,,unavailable,Unique name + same canonical team in at least one shared season
3102531,204001,Kristaps Porzingis,kristapsporzingis,HIGH_CONFIDENCE_MULTI_FIELD,unique_name_same_season_team,HIGH_CONFIDENCE_MULTI_FIELD,HIGH_CONFIDENCE_MULTI_FIELD,unique_name_same_season_team,true,2020-21|2021-22|2022-23|2023-24|2024-25|2025-26,2024-25|2025-26,2024-25,1,true,true,,,unavailable,Unique name + same canonical team in at least one shared season
2993874,203937,Kyle Anderson,kyleanderson,UNIQUE_NAME_ONLY,unique_name_only,UNIQUE_NAME_ONLY,UNIQUE_NAME_ONLY,unique_name_only,false,2020-21|2021-22|2022-23|2023-24|2024-25|2025-26,2024-25|2025-26,,0,true,true,,,unavailable,Unique normalized name only; no same-season team overlap evidence
4684793,1642271,Kyle Filipowski,kylefilipowski,VERIFIED_MULTI_FIELD,unique_name_multi_season_team_overlap,VERIFIED_MULTI_FIELD,VERIFIED_MULTI_FIELD,unique_name_multi_season_team_overlap,true,2024-25|2025-26,2024-25|2025-26,2024-25|2025-26,2,true,true,,,unavailable,Unique name + team overlap in 2+ seasons
3134907,1628398,Kyle Kuzma,kylekuzma,HIGH_CONFIDENCE_MULTI_FIELD,unique_name_same_season_team,HIGH_CONFIDENCE_MULTI_FIELD,HIGH_CONFIDENCE_MULTI_FIELD,unique_name_same_season_team,true,2020-21|2021-22|2022-23|2023-24|2024-25|2025-26,2024-25|2025-26,2025-26,1,true,true,,,unavailable,Unique name + same canonical team in at least one shared season
3012,200768,Kyle Lowry,kylelowry,VERIFIED_MULTI_FIELD,unique_name_multi_season_team_overlap,VERIFIED_MULTI_FIELD,VERIFIED_MULTI_FIELD,unique_name_multi_season_team_overlap,true,2020-21|2021-22|2022-23|2023-24|2024-25|2025-26,2024-25|2025-26,2024-25|2025-26,2,true,true,,,unavailable,Unique name + team overlap in 2+ seasons
3950760,1630283,Kylor Kelley,kylorkelley,UNIQUE_NAME_ONLY,unique_name_only,UNIQUE_NAME_ONLY,UNIQUE_NAME_ONLY,unique_name_only,false,2024-25,2024-25,,0,true,true,,,unavailable,Unique normalized name only; no same-season team overlap evidence
6442,202681,Kyrie Irving,kyrieirving,HIGH_CONFIDENCE_MULTI_FIELD,unique_name_same_season_team,HIGH_CONFIDENCE_MULTI_FIELD,HIGH_CONFIDENCE_MULTI_FIELD,unique_name_same_season_team,true,2020-21|2021-22|2022-23|2023-24|2024-25,2024-25,2024-25,1,true,true,,,unavailable,Unique name + same canonical team in at least one shared season
5174563,1642273,Kyshawn George,kyshawngeorge,VERIFIED_MULTI_FIELD,unique_name_multi_season_team_overlap,VERIFIED_MULTI_FIELD,VERIFIED_MULTI_FIELD,unique_name_multi_season_team_overlap,true,2024-25|2025-26,2024-25|2025-26,2024-25|2025-26,2,true,true,,,unavailable,Unique name + team overlap in 2+ seasons
5107156,1642950,Lachlan Olbrich,lachlanolbrich,HIGH_CONFIDENCE_MULTI_FIELD,unique_name_same_season_team,HIGH_CONFIDENCE_MULTI_FIELD,HIGH_CONFIDENCE_MULTI_FIELD,unique_name_same_season_team,true,2025-26,2025-26,2025-26,1,true,true,,,unavailable,Unique name + same canonical team in at least one shared season
4066405,1630205,Lamar Stevens,lamarstevens,HIGH_CONFIDENCE_MULTI_FIELD,unique_name_same_season_team,HIGH_CONFIDENCE_MULTI_FIELD,HIGH_CONFIDENCE_MULTI_FIELD,unique_name_same_season_team,true,2020-21|2021-22|2022-23|2023-24|2024-25,2024-25,2024-25,1,true,true,,,unavailable,Unique name + same canonical team in at least one shared season
4432816,1630163,LaMelo Ball,lameloball,HIGH_CONFIDENCE_MULTI_FIELD,unique_name_same_season_team,HIGH_CONFIDENCE_MULTI_FIELD,HIGH_CONFIDENCE_MULTI_FIELD,unique_name_same_season_team,true,2020-21|2021-22|2022-23|2023-24|2024-25|2025-26,2024-25|2025-26,2024-25,1,true,true,,,unavailable,Unique name + same canonical team in at least one shared season
3914044,1629013,Landry Shamet,landryshamet,VERIFIED_MULTI_FIELD,unique_name_multi_season_team_overlap,VERIFIED_MULTI_FIELD,VERIFIED_MULTI_FIELD,unique_name_multi_season_team_overlap,true,2020-21|2021-22|2022-23|2023-24|2024-25|2025-26,2024-25|2025-26,2024-25|2025-26,2,true,true,,,unavailable,Unique name + team overlap in 2+ seasons
2580365,1626204,Larry Nance Jr.,larrynancejr,HIGH_CONFIDENCE_MULTI_FIELD,unique_name_same_season_team,HIGH_CONFIDENCE_MULTI_FIELD,HIGH_CONFIDENCE_MULTI_FIELD,unique_name_same_season_team,true,2020-21|2021-22|2022-23|2023-24|2024-25|2025-26,2024-25|2025-26,2024-25,1,true,true,,,unavailable,Unique name + same canonical team in at least one shared season
4066336,1628374,Lauri Markkanen,laurimarkkanen,VERIFIED_MULTI_FIELD,unique_name_multi_season_team_overlap,VERIFIED_MULTI_FIELD,VERIFIED_MULTI_FIELD,unique_name_multi_season_team_overlap,true,2020-21|2021-22|2022-23|2023-24|2024-25|2025-26,2024-25|2025-26,2024-25|2025-26,2,true,true,,,unavailable,Unique name + team overlap in 2+ seasons
4596528,1643133,Lawson Lovering,lawsonlovering,HIGH_CONFIDENCE_MULTI_FIELD,unique_name_same_season_team,HIGH_CONFIDENCE_MULTI_FIELD,HIGH_CONFIDENCE_MULTI_FIELD,unique_name_same_season_team,true,2025-26,2025-26,2025-26,1,true,true,,,unavailable,Unique name + same canonical team in at least one shared season
4395650,1641778,Leaky Black,leakyblack,HIGH_CONFIDENCE_MULTI_FIELD,unique_name_same_season_team,HIGH_CONFIDENCE_MULTI_FIELD,HIGH_CONFIDENCE_MULTI_FIELD,unique_name_same_season_team,true,2023-24|2025-26,2025-26,2025-26,1,true,true,,,unavailable,Unique name + same canonical team in at least one shared season
1966,2544,LeBron James,lebronjames,HIGH_CONFIDENCE_MULTI_FIELD,unique_name_same_season_team,HIGH_CONFIDENCE_MULTI_FIELD,HIGH_CONFIDENCE_MULTI_FIELD,unique_name_same_season_team,true,2020-21|2021-22|2022-23|2023-24|2024-25|2025-26,2024-25|2025-26,2024-25,1,true,true,,,unavailable,Unique name + same canonical team in at least one shared season
5044385,1631159,Leonard Miller,leonardmiller,HIGH_CONFIDENCE_MULTI_FIELD,unique_name_same_season_team,HIGH_CONFIDENCE_MULTI_FIELD,HIGH_CONFIDENCE_MULTI_FIELD,unique_name_same_season_team,true,2023-24|2024-25|2025-26,2024-25|2025-26,2024-25,1,true,true,,,unavailable,Unique name + same canonical team in at least one shared season
4431720,1631311,Lester Quinones,lesterquinones,UNIQUE_NAME_ONLY,unique_name_only,UNIQUE_NAME_ONLY,UNIQUE_NAME_ONLY,unique_name_only,false,2022-23|2023-24|2024-25,2024-25,,0,true,true,,,unavailable,Unique normalized name only; no same-season team overlap evidence
5239590,1642862,Liam McNeeley,liammcneeley,HIGH_CONFIDENCE_MULTI_FIELD,unique_name_same_season_team,HIGH_CONFIDENCE_MULTI_FIELD,HIGH_CONFIDENCE_MULTI_FIELD,unique_name_same_season_team,true,2025-26,2025-26,2025-26,1,true,true,,,unavailable,Unique name + same canonical team in at least one shared season
4397347,1641857,Liam Robbins,liamrobbins,HIGH_CONFIDENCE_MULTI_FIELD,unique_name_same_season_team,HIGH_CONFIDENCE_MULTI_FIELD,HIGH_CONFIDENCE_MULTI_FIELD,unique_name_same_season_team,true,2024-25,2024-25,2024-25,1,true,true,,,unavailable,Unique name + same canonical team in at least one shared season
4066317,1630322,Lindy Waters III,lindywatersiii,HIGH_CONFIDENCE_MULTI_FIELD,unique_name_same_season_team,HIGH_CONFIDENCE_MULTI_FIELD,HIGH_CONFIDENCE_MULTI_FIELD,unique_name_same_season_team,true,2021-22|2022-23|2023-24|2024-25|2025-26,2024-25|2025-26,2025-26,1,true,true,,,unavailable,Unique name + same canonical team in at least one shared season
4433149,1643018,LJ Cryer,ljcryer,HIGH_CONFIDENCE_MULTI_FIELD,unique_name_same_season_team,HIGH_CONFIDENCE_MULTI_FIELD,HIGH_CONFIDENCE_MULTI_FIELD,unique_name_same_season_team,true,2025-26,2025-26,2025-26,1,true,true,,,unavailable,Unique name + same canonical team in at least one shared season
4277890,1629022,Lonnie Walker IV,lonniewalkeriv,HIGH_CONFIDENCE_MULTI_FIELD,unique_name_same_season_team,HIGH_CONFIDENCE_MULTI_FIELD,HIGH_CONFIDENCE_MULTI_FIELD,unique_name_same_season_team,true,2020-21|2021-22|2022-23|2023-24|2024-25,2024-25,2024-25,1,true,true,,,unavailable,Unique name + same canonical team in at least one shared season
4066421,1628366,Lonzo Ball,lonzoball,HIGH_CONFIDENCE_MULTI_FIELD,unique_name_same_season_team,HIGH_CONFIDENCE_MULTI_FIELD,HIGH_CONFIDENCE_MULTI_FIELD,unique_name_same_season_team,true,2020-21|2021-22|2024-25|2025-26,2024-25|2025-26,2024-25,1,true,true,,,unavailable,Unique name + same canonical team in at least one shared season
4279147,1631351,Lucas Williamson,lucaswilliamson,HIGH_CONFIDENCE_MULTI_FIELD,unique_name_same_season_team,HIGH_CONFIDENCE_MULTI_FIELD,HIGH_CONFIDENCE_MULTI_FIELD,unique_name_same_season_team,true,2025-26,2025-26,2025-26,1,true,true,,,unavailable,Unique name + same canonical team in at least one shared season
4397020,1629652,Luguentz Dort,luguentzdort,HIGH_CONFIDENCE_MULTI_FIELD,unique_name_same_season_team,HIGH_CONFIDENCE_MULTI_FIELD,HIGH_CONFIDENCE_MULTI_FIELD,unique_name_same_season_team,true,2020-21|2021-22|2022-23|2023-24|2024-25|2025-26,2024-25|2025-26,2024-25,1,true,true,,,unavailable,Unique name + same canonical team in at least one shared season
3945274,1629029,Luka Doncic,lukadoncic,HIGH_CONFIDENCE_MULTI_FIELD,unique_name_same_season_team,HIGH_CONFIDENCE_MULTI_FIELD,HIGH_CONFIDENCE_MULTI_FIELD,unique_name_same_season_team,true,2020-21|2021-22|2022-23|2023-24|2024-25|2025-26,2024-25|2025-26,2025-26,1,true,true,,,unavailable,Unique name + same canonical team in at least one shared season
4277951,1630568,Luka Garza,lukagarza,VERIFIED_MULTI_FIELD,unique_name_multi_season_team_overlap,VERIFIED_MULTI_FIELD,VERIFIED_MULTI_FIELD,unique_name_multi_season_team_overlap,true,2021-22|2022-23|2023-24|2024-25|2025-26,2024-25|2025-26,2024-25|2025-26,2,true,true,,,unavailable,Unique name + team overlap in 2+ seasons
3913174,1628379,Luke Kennard,lukekennard,HIGH_CONFIDENCE_MULTI_FIELD,unique_name_same_season_team,HIGH_CONFIDENCE_MULTI_FIELD,HIGH_CONFIDENCE_MULTI_FIELD,unique_name_same_season_team,true,2020-21|2021-22|2022-23|2023-24|2024-25|2025-26,2024-25|2025-26,2024-25,1,true,true,,,unavailable,Unique name + same canonical team in at least one shared season
3064560,1628436,Luke Kornet,lukekornet,VERIFIED_MULTI_FIELD,unique_name_multi_season_team_overlap,VERIFIED_MULTI_FIELD,VERIFIED_MULTI_FIELD,unique_name_multi_season_team_overlap,true,2020-21|2021-22|2022-23|2023-24|2024-25|2025-26,2024-25|2025-26,2024-25|2025-26,2,true,true,,,unavailable,Unique name + team overlap in 2+ seasons
4997539,1631247,Luke Travers,luketravers,VERIFIED_MULTI_FIELD,unique_name_multi_season_team_overlap,VERIFIED_MULTI_FIELD,VERIFIED_MULTI_FIELD,unique_name_multi_season_team_overlap,true,2024-25|2025-26,2024-25|2025-26,2024-25|2025-26,2,true,true,,,unavailable,Unique name + team overlap in 2+ seasons
4397071,1630644,Mac McClung,macmcclung,UNIQUE_NAME_ONLY,unique_name_only,UNIQUE_NAME_ONLY,UNIQUE_NAME_ONLY,unique_name_only,false,2021-22|2022-23|2025-26,2025-26,,0,true,true,,,unavailable,Unique normalized name only; no same-season team overlap evidence
4066668,1630201,Malachi Flynn,malachiflynn,HIGH_CONFIDENCE_MULTI_FIELD,unique_name_same_season_team,HIGH_CONFIDENCE_MULTI_FIELD,HIGH_CONFIDENCE_MULTI_FIELD,unique_name_same_season_team,true,2020-21|2021-22|2022-23|2023-24|2024-25,2024-25,2024-25,1,true,true,,,unavailable,Unique name + same canonical team in at least one shared season
4397784,1641869,Malachi Smith,malachismith,HIGH_CONFIDENCE_MULTI_FIELD,unique_name_same_season_team,HIGH_CONFIDENCE_MULTI_FIELD,HIGH_CONFIDENCE_MULTI_FIELD,unique_name_same_season_team,true,2025-26,2025-26,2025-26,1,true,true,,,unavailable,Unique name + same canonical team in at least one shared season
4565201,1631103,Malaki Branham,malakibranham,HIGH_CONFIDENCE_MULTI_FIELD,unique_name_same_season_team,HIGH_CONFIDENCE_MULTI_FIELD,HIGH_CONFIDENCE_MULTI_FIELD,unique_name_same_season_team,true,2022-23|2023-24|2024-25|2025-26,2024-25|2025-26,2024-25,1,true,true,,,unavailable,Unique name + same canonical team in at least one shared season
2566769,1627763,Malcolm Brogdon,malcolmbrogdon,HIGH_CONFIDENCE_MULTI_FIELD,unique_name_same_season_team,HIGH_CONFIDENCE_MULTI_FIELD,HIGH_CONFIDENCE_MULTI_FIELD,unique_name_same_season_team,true,2020-21|2021-22|2022-23|2023-24|2024-25,2024-25,2024-25,1,true,true,,,unavailable,Unique name + same canonical team in at least one shared season
4897449,1642502,Malevy Leons,malevyleons,VERIFIED_MULTI_FIELD,unique_name_multi_season_team_overlap,VERIFIED_MULTI_FIELD,VERIFIED_MULTI_FIELD,unique_name_multi_season_team_overlap,true,2024-25|2025-26,2024-25|2025-26,2024-25|2025-26,2,true,true,,,unavailable,Unique name + team overlap in 2+ seasons
3907822,1627736,Malik Beasley,malikbeasley,HIGH_CONFIDENCE_MULTI_FIELD,unique_name_same_season_team,HIGH_CONFIDENCE_MULTI_FIELD,HIGH_CONFIDENCE_MULTI_FIELD,unique_name_same_season_team,true,2020-21|2021-22|2022-23|2023-24|2024-25,2024-25,2024-25,1,true,true,,,unavailable,Unique name + same canonical team in at least one shared season
4066262,1628370,Malik Monk,malikmonk,VERIFIED_MULTI_FIELD,unique_name_multi_season_team_overlap,VERIFIED_MULTI_FIELD,VERIFIED_MULTI_FIELD,unique_name_multi_season_team_overlap,true,2020-21|2021-22|2022-23|2023-24|2024-25|2025-26,2024-25|2025-26,2024-25|2025-26,2,true,true,,,unavailable,Unique name + team overlap in 2+ seasons
4433147,1630542,Marcus Bagley,marcusbagley,HIGH_CONFIDENCE_MULTI_FIELD,unique_name_same_season_team,HIGH_CONFIDENCE_MULTI_FIELD,HIGH_CONFIDENCE_MULTI_FIELD,unique_name_same_season_team,true,2024-25,2024-25,2024-25,1,true,true,,,unavailable,Unique name + same canonical team in at least one shared season
4277892,1630585,Marcus Garrett,marcusgarrett,HIGH_CONFIDENCE_MULTI_FIELD,unique_name_same_season_team,HIGH_CONFIDENCE_MULTI_FIELD,HIGH_CONFIDENCE_MULTI_FIELD,unique_name_same_season_team,true,2021-22|2024-25,2024-25,2024-25,1,true,true,,,unavailable,Unique name + same canonical team in at least one shared season
4432107,1631204,Marcus Sasser,marcussasser,HIGH_CONFIDENCE_MULTI_FIELD,unique_name_same_season_team,HIGH_CONFIDENCE_MULTI_FIELD,HIGH_CONFIDENCE_MULTI_FIELD,unique_name_same_season_team,true,2023-24|2024-25|2025-26,2024-25|2025-26,2024-25,1,true,true,,,unavailable,Unique name + same canonical team in at least one shared season
2990992,203935,Marcus Smart,marcussmart,UNIQUE_NAME_ONLY,unique_name_only,UNIQUE_NAME_ONLY,UNIQUE_NAME_ONLY,unique_name_only,false,2020-21|2021-22|2022-23|2023-24|2024-25|2025-26,2024-25|2025-26,,0,true,true,,,unavailable,Unique normalized name only; no same-season team overlap evidence
4432179,1630699,MarJon Beauchamp,marjonbeauchamp,HIGH_CONFIDENCE_MULTI_FIELD,unique_name_same_season_team,HIGH_CONFIDENCE_MULTI_FIELD,HIGH_CONFIDENCE_MULTI_FIELD,unique_name_same_season_team,true,2022-23|2023-24|2024-25|2025-26,2024-25|2025-26,2025-26,1,true,true,,,unavailable,Unique name + same canonical team in at least one shared season
4703530,1641813,Mark Sears,marksears,HIGH_CONFIDENCE_MULTI_FIELD,unique_name_same_season_team,HIGH_CONFIDENCE_MULTI_FIELD,HIGH_CONFIDENCE_MULTI_FIELD,unique_name_same_season_team,true,2025-26,2025-26,2025-26,1,true,true,,,unavailable,Unique name + same canonical team in at least one shared season
4701232,1631109,Mark Williams,markwilliams,VERIFIED_MULTI_FIELD,unique_name_multi_season_team_overlap,VERIFIED_MULTI_FIELD,VERIFIED_MULTI_FIELD,unique_name_multi_season_team_overlap,true,2022-23|2023-24|2024-25|2025-26,2024-25|2025-26,2024-25|2025-26,2,true,true,,,unavailable,Unique name + team overlap in 2+ seasons
4066636,1628365,Markelle Fultz,markellefultz,VERIFIED_MULTI_FIELD,unique_name_multi_season_team_overlap,VERIFIED_MULTI_FIELD,VERIFIED_MULTI_FIELD,unique_name_multi_season_team_overlap,true,2020-21|2021-22|2022-23|2023-24|2024-25|2025-26,2024-25|2025-26,2024-25|2025-26,2,true,true,,,unavailable,Unique name + team overlap in 2+ seasons
6461,202693,Markieff Morris,markieffmorris,UNIQUE_NAME_ONLY,unique_name_only,UNIQUE_NAME_ONLY,UNIQUE_NAME_ONLY,unique_name_only,false,2020-21|2021-22|2022-23|2023-24|2024-25,2024-25,,0,true,true,,,unavailable,Unique normalized name only; no same-season team overlap evidence
4277848,1628963,Marvin Bagley III,marvinbagleyiii,UNIQUE_NAME_ONLY,unique_name_only,UNIQUE_NAME_ONLY,UNIQUE_NAME_ONLY,unique_name_only,false,2020-21|2021-22|2022-23|2023-24|2024-25|2025-26,2024-25|2025-26,,0,true,true,,,unavailable,Unique normalized name only; no same-season team overlap evidence
4395704,1630222,Mason Jones,masonjones,HIGH_CONFIDENCE_MULTI_FIELD,unique_name_same_season_team,HIGH_CONFIDENCE_MULTI_FIELD,HIGH_CONFIDENCE_MULTI_FIELD,unique_name_same_season_team,true,2020-21|2021-22|2023-24|2024-25,2024-25,2024-25,1,true,true,,,unavailable,Unique name + same canonical team in at least one shared season
2488653,203486,Mason Plumlee,masonplumlee,HIGH_CONFIDENCE_MULTI_FIELD,unique_name_same_season_team,HIGH_CONFIDENCE_MULTI_FIELD,HIGH_CONFIDENCE_MULTI_FIELD,unique_name_same_season_team,true,2020-21|2021-22|2022-23|2023-24|2024-25|2025-26,2024-25|2025-26,2024-25,1,true,true,,,unavailable,Unique name + same canonical team in at least one shared season
4711294,1641824,Matas Buzelis,matasbuzelis,VERIFIED_MULTI_FIELD,unique_name_multi_season_team_overlap,VERIFIED_MULTI_FIELD,VERIFIED_MULTI_FIELD,unique_name_multi_season_team_overlap,true,2024-25|2025-26,2024-25|2025-26,2024-25|2025-26,2,true,true,,,unavailable,Unique name + team overlap in 2+ seasons
3907498,1629680,Matisse Thybulle,matissethybulle,HIGH_CONFIDENCE_MULTI_FIELD,unique_name_same_season_team,HIGH_CONFIDENCE_MULTI_FIELD,HIGH_CONFIDENCE_MULTI_FIELD,unique_name_same_season_team,true,2020-21|2021-22|2022-23|2023-24|2024-25|2025-26,2024-25|2025-26,2024-25,1,true,true,,,unavailable,Unique name + same canonical team in at least one shared season
3908336,1630346,Matt Ryan,mattryan,HIGH_CONFIDENCE_MULTI_FIELD,unique_name_same_season_team,HIGH_CONFIDENCE_MULTI_FIELD,HIGH_CONFIDENCE_MULTI_FIELD,unique_name_same_season_team,true,2022-23|2023-24|2024-25,2024-25,2024-25,1,true,true,,,unavailable,Unique name + same canonical team in at least one shared season
4432582,1631108,Max Christie,maxchristie,HIGH_CONFIDENCE_MULTI_FIELD,unique_name_same_season_team,HIGH_CONFIDENCE_MULTI_FIELD,HIGH_CONFIDENCE_MULTI_FIELD,unique_name_same_season_team,true,2022-23|2023-24|2024-25|2025-26,2024-25|2025-26,2025-26,1,true,true,,,unavailable,Unique name + same canonical team in at least one shared season
4701992,1642917,Max Shulga,maxshulga,HIGH_CONFIDENCE_MULTI_FIELD,unique_name_same_season_team,HIGH_CONFIDENCE_MULTI_FIELD,HIGH_CONFIDENCE_MULTI_FIELD,unique_name_same_season_team,true,2025-26,2025-26,2025-26,1,true,true,,,unavailable,Unique name + same canonical team in at least one shared season
4065778,1629622,Max Strus,maxstrus,VERIFIED_MULTI_FIELD,unique_name_multi_season_team_overlap,VERIFIED_MULTI_FIELD,VERIFIED_MULTI_FIELD,unique_name_multi_season_team_overlap,true,2020-21|2021-22|2022-23|2023-24|2024-25|2025-26,2024-25|2025-26,2024-25|2025-26,2,true,true,,,unavailable,Unique name + team overlap in 2+ seasons
2960236,1628467,Maxi Kleber,maxikleber,VERIFIED_MULTI_FIELD,unique_name_multi_season_team_overlap,VERIFIED_MULTI_FIELD,VERIFIED_MULTI_FIELD,unique_name_multi_season_team_overlap,true,2020-21|2021-22|2022-23|2023-24|2024-25|2025-26,2024-25|2025-26,2024-25|2025-26,2,true,true,,,unavailable,Unique name + team overlap in 2+ seasons
4898371,1642875,Maxime Raynaud,maximeraynaud,HIGH_CONFIDENCE_MULTI_FIELD,unique_name_same_season_team,HIGH_CONFIDENCE_MULTI_FIELD,HIGH_CONFIDENCE_MULTI_FIELD,unique_name_same_season_team,true,2025-26,2025-26,2025-26,1,true,true,,,unavailable,Unique name + same canonical team in at least one shared season
4684286,1641721,Maxwell Lewis,maxwelllewis,UNIQUE_NAME_ONLY,unique_name_only,UNIQUE_NAME_ONLY,UNIQUE_NAME_ONLY,unique_name_only,false,2023-24|2024-25,2024-25,,0,true,true,,,unavailable,Unique normalized name only; no same-season team overlap evidence
4432185,1642877,Micah Peavy,micahpeavy,HIGH_CONFIDENCE_MULTI_FIELD,unique_name_same_season_team,HIGH_CONFIDENCE_MULTI_FIELD,HIGH_CONFIDENCE_MULTI_FIELD,unique_name_same_season_team,true,2025-26,2025-26,2025-26,1,true,true,,,unavailable,Unique name + same canonical team in at least one shared season
4066399,1630695,Micah Potter,micahpotter,HIGH_CONFIDENCE_MULTI_FIELD,unique_name_same_season_team,HIGH_CONFIDENCE_MULTI_FIELD,HIGH_CONFIDENCE_MULTI_FIELD,unique_name_same_season_team,true,2021-22|2022-23|2023-24|2024-25|2025-26,2024-25|2025-26,2024-25,1,true,true,,,unavailable,Unique name + same canonical team in at least one shared season
4278104,1629008,Michael Porter Jr.,michaelporterjr,VERIFIED_MULTI_FIELD,unique_name_multi_season_team_overlap,VERIFIED_MULTI_FIELD,VERIFIED_MULTI_FIELD,unique_name_multi_season_team_overlap,true,2020-21|2021-22|2022-23|2023-24|2024-25|2025-26,2024-25|2025-26,2024-25|2025-26,2,true,true,,,unavailable,Unique name + team overlap in 2+ seasons
3147657,1628969,Mikal Bridges,mikalbridges,VERIFIED_MULTI_FIELD,unique_name_multi_season_team_overlap,VERIFIED_MULTI_FIELD,VERIFIED_MULTI_FIELD,unique_name_multi_season_team_overlap,true,2020-21|2021-22|2022-23|2023-24|2024-25|2025-26,2024-25|2025-26,2024-25|2025-26,2,true,true,,,unavailable,Unique name + team overlap in 2+ seasons
3195,201144,Mike Conley,mikeconley,HIGH_CONFIDENCE_MULTI_FIELD,unique_name_same_season_team,HIGH_CONFIDENCE_MULTI_FIELD,HIGH_CONFIDENCE_MULTI_FIELD,unique_name_same_season_team,true,2020-21|2021-22|2022-23|2023-24|2024-25|2025-26,2024-25|2025-26,2024-25,1,true,true,,,unavailable,Unique name + same canonical team in at least one shared season
4066383,1628970,Miles Bridges,milesbridges,HIGH_CONFIDENCE_MULTI_FIELD,unique_name_same_season_team,HIGH_CONFIDENCE_MULTI_FIELD,HIGH_CONFIDENCE_MULTI_FIELD,unique_name_same_season_team,true,2020-21|2021-22|2023-24|2024-25|2025-26,2024-25|2025-26,2024-25,1,true,true,,,unavailable,Unique name + same canonical team in at least one shared season
4696317,1642939,Miles Kelly,mileskelly,HIGH_CONFIDENCE_MULTI_FIELD,unique_name_same_season_team,HIGH_CONFIDENCE_MULTI_FIELD,HIGH_CONFIDENCE_MULTI_FIELD,unique_name_same_season_team,true,2025-26,2025-26,2025-26,1,true,true,,,unavailable,Unique name + same canonical team in at least one shared season
4431823,1630540,Miles McBride,milesmcbride,VERIFIED_MULTI_FIELD,unique_name_multi_season_team_overlap,VERIFIED_MULTI_FIELD,VERIFIED_MULTI_FIELD,unique_name_multi_season_team_overlap,true,2021-22|2022-23|2023-24|2024-25|2025-26,2024-25|2025-26,2024-25|2025-26,2,true,true,,,unavailable,Unique name + team overlap in 2+ seasons
4397104,1641936,Miles Norris,milesnorris,HIGH_CONFIDENCE_MULTI_FIELD,unique_name_same_season_team,HIGH_CONFIDENCE_MULTI_FIELD,HIGH_CONFIDENCE_MULTI_FIELD,unique_name_same_season_team,true,2024-25,2024-25,2024-25,1,true,true,,,unavailable,Unique name + same canonical team in at least one shared season
4351852,1629011,Mitchell Robinson,mitchellrobinson,HIGH_CONFIDENCE_MULTI_FIELD,unique_name_same_season_team,HIGH_CONFIDENCE_MULTI_FIELD,HIGH_CONFIDENCE_MULTI_FIELD,unique_name_same_season_team,true,2020-21|2021-22|2022-23|2023-24|2024-25|2025-26,2024-25|2025-26,2024-25,1,true,true,,,unavailable,Unique name + same canonical team in at least one shared season
4277919,1628964,Mo Bamba,mobamba,UNIQUE_NAME_ONLY,unique_name_only,UNIQUE_NAME_ONLY,UNIQUE_NAME_ONLY,unique_name_only,false,2020-21|2021-22|2022-23|2023-24|2024-25|2025-26,2024-25|2025-26,,0,true,true,,,unavailable,Unique normalized name only; no same-season team overlap evidence
5289900,1642885,Mohamed Diawara,mohameddiawara,HIGH_CONFIDENCE_MULTI_FIELD,unique_name_same_season_team,HIGH_CONFIDENCE_MULTI_FIELD,HIGH_CONFIDENCE_MULTI_FIELD,unique_name_same_season_team,true,2025-26,2025-26,2025-26,1,true,true,,,unavailable,Unique name + same canonical team in at least one shared season
3059310,1628420,Monte Morris,montemorris,VERIFIED_MULTI_FIELD,unique_name_multi_season_team_overlap,VERIFIED_MULTI_FIELD,VERIFIED_MULTI_FIELD,unique_name_multi_season_team_overlap,true,2020-21|2021-22|2022-23|2023-24|2024-25|2025-26,2024-25|2025-26,2024-25|2025-26,2,true,true,,,unavailable,Unique name + team overlap in 2+ seasons
3150844,1629021,Moritz Wagner,moritzwagner,HIGH_CONFIDENCE_MULTI_FIELD,unique_name_same_season_team,HIGH_CONFIDENCE_MULTI_FIELD,HIGH_CONFIDENCE_MULTI_FIELD,unique_name_same_season_team,true,2020-21|2021-22|2022-23|2023-24|2024-25|2025-26,2024-25|2025-26,2024-25,1,true,true,,,unavailable,Unique name + same canonical team in at least one shared season
4397126,1629650,Moses Brown,mosesbrown,UNIQUE_NAME_ONLY,unique_name_only,UNIQUE_NAME_ONLY,UNIQUE_NAME_ONLY,unique_name_only,false,2020-21|2021-22|2022-23|2023-24|2024-25,2024-25,,0,true,true,,,unavailable,Unique normalized name only; no same-season team overlap evidence
4432171,1630541,Moses Moody,mosesmoody,VERIFIED_MULTI_FIELD,unique_name_multi_season_team_overlap,VERIFIED_MULTI_FIELD,VERIFIED_MULTI_FIELD,unique_name_multi_season_team_overlap,true,2021-22|2022-23|2023-24|2024-25|2025-26,2024-25|2025-26,2024-25|2025-26,2,true,true,,,unavailable,Unique name + team overlap in 2+ seasons
4592933,1631338,Mouhamadou Gueye,mouhamadougueye,UNIQUE_NAME_ONLY,unique_name_only,UNIQUE_NAME_ONLY,UNIQUE_NAME_ONLY,unique_name_only,false,2023-24|2025-26,2025-26,,0,true,true,,,unavailable,Unique normalized name only; no same-season team overlap evidence
4712863,1631243,Mouhamed Gueye,mouhamedgueye,VERIFIED_MULTI_FIELD,unique_name_multi_season_team_overlap,VERIFIED_MULTI_FIELD,VERIFIED_MULTI_FIELD,unique_name_multi_season_team_overlap,true,2023-24|2024-25|2025-26,2024-25|2025-26,2024-25|2025-26,2,true,true,,,unavailable,Unique name + team overlap in 2+ seasons
4701208,1630619,Moussa Cisse,moussacisse,HIGH_CONFIDENCE_MULTI_FIELD,unique_name_same_season_team,HIGH_CONFIDENCE_MULTI_FIELD,HIGH_CONFIDENCE_MULTI_FIELD,unique_name_same_season_team,true,2025-26,2025-26,2025-26,1,true,true,,,unavailable,Unique name + same canonical team in at least one shared season
4433249,1631217,Moussa Diabate,moussadiabate,VERIFIED_MULTI_FIELD,unique_name_multi_season_team_overlap,VERIFIED_MULTI_FIELD,VERIFIED_MULTI_FIELD,unique_name_multi_season_team_overlap,true,2022-23|2023-24|2024-25|2025-26,2024-25|2025-26,2024-25|2025-26,2,true,true,,,unavailable,Unique name + team overlap in 2+ seasons
3133628,1626167,Myles Turner,mylesturner,VERIFIED_MULTI_FIELD,unique_name_multi_season_team_overlap,VERIFIED_MULTI_FIELD,VERIFIED_MULTI_FIELD,unique_name_multi_season_team_overlap,true,2020-21|2021-22|2022-23|2023-24|2024-25|2025-26,2024-25|2025-26,2024-25|2025-26,2,true,true,,,unavailable,Unique name + team overlap in 2+ seasons
4431772,1642066,Myron Gardner,myrongardner,HIGH_CONFIDENCE_MULTI_FIELD,unique_name_same_season_team,HIGH_CONFIDENCE_MULTI_FIELD,HIGH_CONFIDENCE_MULTI_FIELD,unique_name_same_season_team,true,2025-26,2025-26,2025-26,1,true,true,,,unavailable,Unique name + same canonical team in at least one shared season
4592401,1642368,N'Faly Dante,nfalydante,VERIFIED_MULTI_FIELD,unique_name_multi_season_team_overlap,VERIFIED_MULTI_FIELD,VERIFIED_MULTI_FIELD,unique_name_multi_season_team_overlap,true,2024-25|2025-26,2024-25|2025-26,2024-25|2025-26,2,true,true,,,unavailable,Unique name + team overlap in 2+ seasons
5106268,1641772,Nae'Qwan Tomlin,naeqwantomlin,VERIFIED_MULTI_FIELD,unique_name_multi_season_team_overlap,VERIFIED_MULTI_FIELD,VERIFIED_MULTI_FIELD,unique_name_multi_season_team_overlap,true,2024-25|2025-26,2024-25|2025-26,2024-25|2025-26,2,true,true,,,unavailable,Unique name + team overlap in 2+ seasons
4278594,1630230,Naji Marshall,najimarshall,VERIFIED_MULTI_FIELD,unique_name_multi_season_team_overlap,VERIFIED_MULTI_FIELD,VERIFIED_MULTI_FIELD,unique_name_multi_season_team_overlap,true,2020-21|2021-22|2022-23|2023-24|2024-25|2025-26,2024-25|2025-26,2024-25|2025-26,2,true,true,,,unavailable,Unique name + team overlap in 2+ seasons
4397821,1631466,Nate Williams,natewilliams,VERIFIED_MULTI_FIELD,unique_name_multi_season_team_overlap,VERIFIED_MULTI_FIELD,VERIFIED_MULTI_FIELD,unique_name_multi_season_team_overlap,true,2022-23|2023-24|2024-25|2025-26,2024-25|2025-26,2024-25|2025-26,2,true,true,,,unavailable,Unique name + team overlap in 2+ seasons
4396971,1629675,Naz Reid,nazreid,HIGH_CONFIDENCE_MULTI_FIELD,unique_name_same_season_team,HIGH_CONFIDENCE_MULTI_FIELD,HIGH_CONFIDENCE_MULTI_FIELD,unique_name_same_season_team,true,2020-21|2021-22|2022-23|2023-24|2024-25|2025-26,2024-25|2025-26,2024-25,1,true,true,,,unavailable,Unique name + same canonical team in at least one shared season
4397424,1629674,Neemias Queta,neemiasqueta,VERIFIED_MULTI_FIELD,unique_name_multi_season_team_overlap,VERIFIED_MULTI_FIELD,VERIFIED_MULTI_FIELD,unique_name_multi_season_team_overlap,true,2021-22|2022-23|2023-24|2024-25|2025-26,2024-25|2025-26,2024-25|2025-26,2,true,true,,,unavailable,Unique name + team overlap in 2+ seasons
4278067,1629651,Nic Claxton,nicclaxton,HIGH_CONFIDENCE_MULTI_FIELD,unique_name_same_season_team,HIGH_CONFIDENCE_MULTI_FIELD,HIGH_CONFIDENCE_MULTI_FIELD,unique_name_same_season_team,true,2020-21|2021-22|2022-23|2023-24|2024-25|2025-26,2024-25|2025-26,2024-25,1,true,true,,,unavailable,Unique name + same canonical team in at least one shared season
4278076,1630208,Nick Richards,nickrichards,UNIQUE_NAME_ONLY,unique_name_only,UNIQUE_NAME_ONLY,UNIQUE_NAME_ONLY,unique_name_only,false,2020-21|2021-22|2022-23|2023-24|2024-25|2025-26,2024-25|2025-26,,0,true,true,,,unavailable,Unique normalized name only; no same-season team overlap evidence
4683686,1641733,Nick Smith Jr.,nicksmithjr,VERIFIED_MULTI_FIELD,unique_name_multi_season_team_overlap,VERIFIED_MULTI_FIELD,VERIFIED_MULTI_FIELD,unique_name_multi_season_team_overlap,true,2023-24|2024-25|2025-26,2024-25|2025-26,2024-25|2025-26,2,true,true,,,unavailable,Unique name + team overlap in 2+ seasons
4278039,1629638,Nickeil Alexander-Walker,nickeilalexanderwalker,VERIFIED_MULTI_FIELD,unique_name_multi_season_team_overlap,VERIFIED_MULTI_FIELD,VERIFIED_MULTI_FIELD,unique_name_multi_season_team_overlap,true,2020-21|2021-22|2022-23|2023-24|2024-25|2025-26,2024-25|2025-26,2024-25|2025-26,2,true,true,,,unavailable,Unique name + team overlap in 2+ seasons
3416,201587,Nicolas Batum,nicolasbatum,VERIFIED_MULTI_FIELD,unique_name_multi_season_team_overlap,VERIFIED_MULTI_FIELD,VERIFIED_MULTI_FIELD,unique_name_multi_season_team_overlap,true,2020-21|2021-22|2022-23|2023-24|2024-25|2025-26,2024-25|2025-26,2024-25|2025-26,2,true,true,,,unavailable,Unique name + team overlap in 2+ seasons
3059409,1628502,Nigel Hayes-Davis,nigelhayesdavis,UNIQUE_NAME_ONLY,unique_name_only,UNIQUE_NAME_ONLY,UNIQUE_NAME_ONLY,unique_name_only,false,2025-26,2025-26,,0,true,true,,,unavailable,Unique normalized name only; no same-season team overlap evidence
3112335,203999,Nikola Jokic,nikolajokic,VERIFIED_MULTI_FIELD,unique_name_multi_season_team_overlap,VERIFIED_MULTI_FIELD,VERIFIED_MULTI_FIELD,unique_name_multi_season_team_overlap,true,2020-21|2021-22|2022-23|2023-24|2024-25|2025-26,2024-25|2025-26,2024-25|2025-26,2,true,true,,,unavailable,Unique name + team overlap in 2+ seasons
4997528,1631107,Nikola Jovic,nikolajovic,VERIFIED_MULTI_FIELD,unique_name_multi_season_team_overlap,VERIFIED_MULTI_FIELD,VERIFIED_MULTI_FIELD,unique_name_multi_season_team_overlap,true,2022-23|2023-24|2024-25|2025-26,2024-25|2025-26,2024-25|2025-26,2,true,true,,,unavailable,Unique name + team overlap in 2+ seasons
5159925,1642260,Nikola Topic,nikolatopic,HIGH_CONFIDENCE_MULTI_FIELD,unique_name_same_season_team,HIGH_CONFIDENCE_MULTI_FIELD,HIGH_CONFIDENCE_MULTI_FIELD,unique_name_same_season_team,true,2025-26,2025-26,2025-26,1,true,true,,,unavailable,Unique name + same canonical team in at least one shared season
6478,202696,Nikola Vucevic,nikolavucevic,HIGH_CONFIDENCE_MULTI_FIELD,unique_name_same_season_team,HIGH_CONFIDENCE_MULTI_FIELD,HIGH_CONFIDENCE_MULTI_FIELD,unique_name_same_season_team,true,2020-21|2021-22|2022-23|2023-24|2024-25|2025-26,2024-25|2025-26,2024-25,1,true,true,,,unavailable,Unique name + same canonical team in at least one shared season
4702384,1642363,Nique Clifford,niqueclifford,HIGH_CONFIDENCE_MULTI_FIELD,unique_name_same_season_team,HIGH_CONFIDENCE_MULTI_FIELD,HIGH_CONFIDENCE_MULTI_FIELD,unique_name_same_season_team,true,2025-26,2025-26,2025-26,1,true,true,,,unavailable,Unique name + same canonical team in at least one shared season
4712896,1641730,Noah Clowney,noahclowney,VERIFIED_MULTI_FIELD,unique_name_multi_season_team_overlap,VERIFIED_MULTI_FIELD,VERIFIED_MULTI_FIELD,unique_name_multi_season_team_overlap,true,2023-24|2024-25|2025-26,2024-25|2025-26,2024-25|2025-26,2,true,true,,,unavailable,Unique name + team overlap in 2+ seasons
5214637,1642869,Noah Penda,noahpenda,HIGH_CONFIDENCE_MULTI_FIELD,unique_name_same_season_team,HIGH_CONFIDENCE_MULTI_FIELD,HIGH_CONFIDENCE_MULTI_FIELD,unique_name_same_season_team,true,2025-26,2025-26,2025-26,1,true,true,,,unavailable,Unique name + same canonical team in at least one shared season
5279130,1642849,Nolan Traore,nolantraore,HIGH_CONFIDENCE_MULTI_FIELD,unique_name_same_season_team,HIGH_CONFIDENCE_MULTI_FIELD,HIGH_CONFIDENCE_MULTI_FIELD,unique_name_same_season_team,true,2025-26,2025-26,2025-26,1,true,true,,,unavailable,Unique name + same canonical team in at least one shared season
4702134,1641807,Norchad Omier,norchadomier,HIGH_CONFIDENCE_MULTI_FIELD,unique_name_same_season_team,HIGH_CONFIDENCE_MULTI_FIELD,HIGH_CONFIDENCE_MULTI_FIELD,unique_name_same_season_team,true,2025-26,2025-26,2025-26,1,true,true,,,unavailable,Unique name + same canonical team in at least one shared season
2595516,1626181,Norman Powell,normanpowell,HIGH_CONFIDENCE_MULTI_FIELD,unique_name_same_season_team,HIGH_CONFIDENCE_MULTI_FIELD,HIGH_CONFIDENCE_MULTI_FIELD,unique_name_same_season_team,true,2020-21|2021-22|2022-23|2023-24|2024-25|2025-26,2024-25|2025-26,2024-25,1,true,true,,,unavailable,Unique name + same canonical team in at least one shared season
4278355,1630167,Obi Toppin,obitoppin,VERIFIED_MULTI_FIELD,unique_name_multi_season_team_overlap,VERIFIED_MULTI_FIELD,VERIFIED_MULTI_FIELD,unique_name_multi_season_team_overlap,true,2020-21|2021-22|2022-23|2023-24|2024-25|2025-26,2024-25|2025-26,2024-25|2025-26,2,true,true,,,unavailable,Unique name + team overlap in 2+ seasons
4397018,1630534,Ochai Agbaji,ochaiagbaji,HIGH_CONFIDENCE_MULTI_FIELD,unique_name_same_season_team,HIGH_CONFIDENCE_MULTI_FIELD,HIGH_CONFIDENCE_MULTI_FIELD,unique_name_same_season_team,true,2022-23|2023-24|2024-25|2025-26,2024-25|2025-26,2024-25,1,true,true,,,unavailable,Unique name + same canonical team in at least one shared season
3934719,1628384,OG Anunoby,oganunoby,VERIFIED_MULTI_FIELD,unique_name_multi_season_team_overlap,VERIFIED_MULTI_FIELD,VERIFIED_MULTI_FIELD,unique_name_multi_season_team_overlap,true,2020-21|2021-22|2022-23|2023-24|2024-25|2025-26,2024-25|2025-26,2024-25|2025-26,2,true,true,,,unavailable,Unique name + team overlap in 2+ seasons
4278046,1630846,Olivier Sarr,oliviersarr,HIGH_CONFIDENCE_MULTI_FIELD,unique_name_same_season_team,HIGH_CONFIDENCE_MULTI_FIELD,HIGH_CONFIDENCE_MULTI_FIELD,unique_name_same_season_team,true,2021-22|2022-23|2023-24|2025-26,2025-26,2025-26,1,true,true,,,unavailable,Unique name + same canonical team in at least one shared season
4595400,1641765,Olivier-Maxence Prosper,oliviermaxenceprosper,VERIFIED_MULTI_FIELD,unique_name_multi_season_team_overlap,VERIFIED_MULTI_FIELD,VERIFIED_MULTI_FIELD,unique_name_multi_season_team_overlap,true,2023-24|2024-25|2025-26,2024-25|2025-26,2024-25|2025-26,2,true,true,,,unavailable,Unique name + team overlap in 2+ seasons
3074213,1630209,Omer Yurtseven,omeryurtseven,HIGH_CONFIDENCE_MULTI_FIELD,unique_name_same_season_team,HIGH_CONFIDENCE_MULTI_FIELD,HIGH_CONFIDENCE_MULTI_FIELD,unique_name_same_season_team,true,2021-22|2022-23|2023-24|2025-26,2025-26,2025-26,1,true,true,,,unavailable,Unique name + same canonical team in at least one shared season
4431680,1630168,Onyeka Okongwu,onyekaokongwu,VERIFIED_MULTI_FIELD,unique_name_multi_season_team_overlap,VERIFIED_MULTI_FIELD,VERIFIED_MULTI_FIELD,unique_name_multi_season_team_overlap,true,2020-21|2021-22|2022-23|2023-24|2024-25|2025-26,2024-25|2025-26,2024-25|2025-26,2,true,true,,,unavailable,Unique name + team overlap in 2+ seasons
4593049,1631115,Orlando Robinson,orlandorobinson,HIGH_CONFIDENCE_MULTI_FIELD,unique_name_same_season_team,HIGH_CONFIDENCE_MULTI_FIELD,HIGH_CONFIDENCE_MULTI_FIELD,unique_name_same_season_team,true,2022-23|2023-24|2024-25|2025-26,2024-25|2025-26,2025-26,1,true,true,,,unavailable,Unique name + same canonical team in at least one shared season
4432827,1631131,Oscar Tshiebwe,oscartshiebwe,VERIFIED_MULTI_FIELD,unique_name_multi_season_team_overlap,VERIFIED_MULTI_FIELD,VERIFIED_MULTI_FIELD,unique_name_multi_season_team_overlap,true,2023-24|2024-25|2025-26,2024-25|2025-26,2024-25|2025-26,2,true,true,,,unavailable,Unique name + team overlap in 2+ seasons
4278031,1629052,Oshae Brissett,oshaebrissett,HIGH_CONFIDENCE_MULTI_FIELD,unique_name_same_season_team,HIGH_CONFIDENCE_MULTI_FIELD,HIGH_CONFIDENCE_MULTI_FIELD,unique_name_same_season_team,true,2020-21|2021-22|2022-23|2023-24|2024-25,2024-25,2024-25,1,true,true,,,unavailable,Unique name + same canonical team in at least one shared season
4601023,1642345,Oso Ighodaro,osoighodaro,VERIFIED_MULTI_FIELD,unique_name_multi_season_team_overlap,VERIFIED_MULTI_FIELD,VERIFIED_MULTI_FIELD,unique_name_multi_season_team_overlap,true,2024-25|2025-26,2024-25|2025-26,2024-25|2025-26,2,true,true,,,unavailable,Unique name + team overlap in 2+ seasons
4997526,1631172,Ousmane Dieng,ousmanedieng,HIGH_CONFIDENCE_MULTI_FIELD,unique_name_same_season_team,HIGH_CONFIDENCE_MULTI_FIELD,HIGH_CONFIDENCE_MULTI_FIELD,unique_name_same_season_team,true,2022-23|2023-24|2024-25|2025-26,2024-25|2025-26,2024-25,1,true,true,,,unavailable,Unique name + same canonical team in at least one shared season
3033,200782,P.J. Tucker,pjtucker,HIGH_CONFIDENCE_MULTI_FIELD,unique_name_same_season_team,HIGH_CONFIDENCE_MULTI_FIELD,HIGH_CONFIDENCE_MULTI_FIELD,unique_name_same_season_team,true,2020-21|2021-22|2022-23|2023-24|2024-25,2024-25,2024-25,1,true,true,,,unavailable,Unique name + same canonical team in at least one shared season
4278078,1629023,P.J. Washington,pjwashington,VERIFIED_MULTI_FIELD,unique_name_multi_season_team_overlap,VERIFIED_MULTI_FIELD,VERIFIED_MULTI_FIELD,unique_name_multi_season_team_overlap,true,2020-21|2021-22|2022-23|2023-24|2024-25|2025-26,2024-25|2025-26,2024-25|2025-26,2,true,true,,,unavailable,Unique name + team overlap in 2+ seasons
5211983,1642359,Pacome Dadiet,pacomedadiet,VERIFIED_MULTI_FIELD,unique_name_multi_season_team_overlap,VERIFIED_MULTI_FIELD,VERIFIED_MULTI_FIELD,unique_name_multi_season_team_overlap,true,2024-25|2025-26,2024-25|2025-26,2024-25|2025-26,2,true,true,,,unavailable,Unique name + team overlap in 2+ seasons
4432573,1631094,Paolo Banchero,paolobanchero,VERIFIED_MULTI_FIELD,unique_name_multi_season_team_overlap,VERIFIED_MULTI_FIELD,VERIFIED_MULTI_FIELD,unique_name_multi_season_team_overlap,true,2022-23|2023-24|2024-25|2025-26,2024-25|2025-26,2024-25|2025-26,2,true,true,,,unavailable,Unique name + team overlap in 2+ seasons
3149673,1627783,Pascal Siakam,pascalsiakam,VERIFIED_MULTI_FIELD,unique_name_multi_season_team_overlap,VERIFIED_MULTI_FIELD,VERIFIED_MULTI_FIELD,unique_name_multi_season_team_overlap,true,2020-21|2021-22|2022-23|2023-24|2024-25|2025-26,2024-25|2025-26,2024-25|2025-26,2,true,true,,,unavailable,Unique name + team overlap in 2+ seasons
2578239,1626192,Pat Connaughton,patconnaughton,VERIFIED_MULTI_FIELD,unique_name_multi_season_team_overlap,VERIFIED_MULTI_FIELD,VERIFIED_MULTI_FIELD,unique_name_multi_season_team_overlap,true,2020-21|2021-22|2022-23|2023-24|2024-25|2025-26,2024-25|2025-26,2024-25|2025-26,2,true,true,,,unavailable,Unique name + team overlap in 2+ seasons
4592714,1630311,Pat Spencer,patspencer,HIGH_CONFIDENCE_MULTI_FIELD,unique_name_same_season_team,HIGH_CONFIDENCE_MULTI_FIELD,HIGH_CONFIDENCE_MULTI_FIELD,unique_name_same_season_team,true,2023-24|2024-25|2025-26,2024-25|2025-26,2024-25,1,true,true,,,unavailable,Unique name + same canonical team in at least one shared season
4433246,1631116,Patrick Baldwin Jr.,patrickbaldwinjr,UNIQUE_NAME_ONLY,unique_name_only,UNIQUE_NAME_ONLY,UNIQUE_NAME_ONLY,unique_name_only,false,2022-23|2023-24|2024-25|2025-26,2024-25|2025-26,,0,true,true,,,unavailable,Unique normalized name only; no same-season team overlap evidence
4431687,1630172,Patrick Williams,patrickwilliams,VERIFIED_MULTI_FIELD,unique_name_multi_season_team_overlap,VERIFIED_MULTI_FIELD,VERIFIED_MULTI_FIELD,unique_name_multi_season_team_overlap,true,2020-21|2021-22|2022-23|2023-24|2024-25|2025-26,2024-25|2025-26,2024-25|2025-26,2,true,true,,,unavailable,Unique name + team overlap in 2+ seasons
4004,201988,Patty Mills,pattymills,UNIQUE_NAME_ONLY,unique_name_only,UNIQUE_NAME_ONLY,UNIQUE_NAME_ONLY,unique_name_only,false,2020-21|2021-22|2022-23|2023-24|2024-25,2024-25,,0,true,true,,,unavailable,Unique normalized name only; no same-season team overlap evidence
4251,202331,Paul George,paulgeorge,HIGH_CONFIDENCE_MULTI_FIELD,unique_name_same_season_team,HIGH_CONFIDENCE_MULTI_FIELD,HIGH_CONFIDENCE_MULTI_FIELD,unique_name_same_season_team,true,2020-21|2021-22|2022-23|2023-24|2024-25|2025-26,2024-25|2025-26,2024-25,1,true,true,,,unavailable,Unique name + same canonical team in at least one shared season
4278562,1630194,Paul Reed,paulreed,VERIFIED_MULTI_FIELD,unique_name_multi_season_team_overlap,VERIFIED_MULTI_FIELD,VERIFIED_MULTI_FIELD,unique_name_multi_season_team_overlap,true,2020-21|2021-22|2022-23|2023-24|2024-25|2025-26,2024-25|2025-26,2024-25|2025-26,2,true,true,,,unavailable,Unique name + team overlap in 2+ seasons
4066354,1630202,Payton Pritchard,paytonpritchard,VERIFIED_MULTI_FIELD,unique_name_multi_season_team_overlap,VERIFIED_MULTI_FIELD,VERIFIED_MULTI_FIELD,unique_name_multi_season_team_overlap,true,2020-21|2021-22|2022-23|2023-24|2024-25|2025-26,2024-25|2025-26,2024-25|2025-26,2,true,true,,,unavailable,Unique name + team overlap in 2+ seasons
4697270,1642362,Payton Sandfort,paytonsandfort,HIGH_CONFIDENCE_MULTI_FIELD,unique_name_same_season_team,HIGH_CONFIDENCE_MULTI_FIELD,HIGH_CONFIDENCE_MULTI_FIELD,unique_name_same_season_team,true,2025-26,2025-26,2025-26,1,true,true,,,unavailable,Unique name + same canonical team in at least one shared season
4601025,1641796,Pelle Larsson,pellelarsson,VERIFIED_MULTI_FIELD,unique_name_multi_season_team_overlap,VERIFIED_MULTI_FIELD,VERIFIED_MULTI_FIELD,unique_name_multi_season_team_overlap,true,2024-25|2025-26,2024-25|2025-26,2024-25|2025-26,2,true,true,,,unavailable,Unique name + team overlap in 2+ seasons
4397233,1631250,Pete Nance,petenance,HIGH_CONFIDENCE_MULTI_FIELD,unique_name_same_season_team,HIGH_CONFIDENCE_MULTI_FIELD,HIGH_CONFIDENCE_MULTI_FIELD,unique_name_same_season_team,true,2023-24|2024-25|2025-26,2024-25|2025-26,2025-26,1,true,true,,,unavailable,Unique name + same canonical team in at least one shared season
4576087,1631212,Peyton Watson,peytonwatson,VERIFIED_MULTI_FIELD,unique_name_multi_season_team_overlap,VERIFIED_MULTI_FIELD,VERIFIED_MULTI_FIELD,unique_name_multi_season_team_overlap,true,2022-23|2023-24|2024-25|2025-26,2024-25|2025-26,2024-25|2025-26,2,true,true,,,unavailable,Unique name + team overlap in 2+ seasons
4909710,1630762,Phillip Wheeler,phillipwheeler,HIGH_CONFIDENCE_MULTI_FIELD,unique_name_same_season_team,HIGH_CONFIDENCE_MULTI_FIELD,HIGH_CONFIDENCE_MULTI_FIELD,unique_name_same_season_team,true,2024-25,2024-25,2024-25,1,true,true,,,unavailable,Unique name + same canonical team in at least one shared season
3923250,1628408,PJ Dozier,pjdozier,HIGH_CONFIDENCE_MULTI_FIELD,unique_name_same_season_team,HIGH_CONFIDENCE_MULTI_FIELD,HIGH_CONFIDENCE_MULTI_FIELD,unique_name_same_season_team,true,2020-21|2021-22|2022-23|2024-25,2024-25,2024-25,1,true,true,,,unavailable,Unique name + same canonical team in at least one shared season
4701225,1641790,PJ Hall,pjhall,HIGH_CONFIDENCE_MULTI_FIELD,unique_name_same_season_team,HIGH_CONFIDENCE_MULTI_FIELD,HIGH_CONFIDENCE_MULTI_FIELD,unique_name_same_season_team,true,2024-25|2025-26,2024-25|2025-26,2024-25,1,true,true,,,unavailable,Unique name + same canonical team in at least one shared season
4431679,1630173,Precious Achiuwa,preciousachiuwa,VERIFIED_MULTI_FIELD,unique_name_multi_season_team_overlap,VERIFIED_MULTI_FIELD,VERIFIED_MULTI_FIELD,unique_name_multi_season_team_overlap,true,2020-21|2021-22|2022-23|2023-24|2024-25|2025-26,2024-25|2025-26,2024-25|2025-26,2,true,true,,,unavailable,Unique name + team overlap in 2+ seasons
4397014,1629656,Quentin Grimes,quentingrimes,UNIQUE_NAME_ONLY,unique_name_only,UNIQUE_NAME_ONLY,UNIQUE_NAME_ONLY,unique_name_only,false,2021-22|2022-23|2023-24|2024-25|2025-26,2024-25|2025-26,,0,true,true,,,unavailable,Unique normalized name only; no same-season team overlap evidence
4592829,1631245,Quenton Jackson,quentonjackson,VERIFIED_MULTI_FIELD,unique_name_multi_season_team_overlap,VERIFIED_MULTI_FIELD,VERIFIED_MULTI_FIELD,unique_name_multi_season_team_overlap,true,2022-23|2024-25|2025-26,2024-25|2025-26,2024-25|2025-26,2,true,true,,,unavailable,Unique name + team overlap in 2+ seasons
4593016,1642366,Quinten Post,quintenpost,HIGH_CONFIDENCE_MULTI_FIELD,unique_name_same_season_team,HIGH_CONFIDENCE_MULTI_FIELD,HIGH_CONFIDENCE_MULTI_FIELD,unique_name_same_season_team,true,2024-25|2025-26,2024-25|2025-26,2024-25,1,true,true,,,unavailable,Unique name + same canonical team in at least one shared season
5105977,1642853,Rasheer Fleming,rasheerfleming,HIGH_CONFIDENCE_MULTI_FIELD,unique_name_same_season_team,HIGH_CONFIDENCE_MULTI_FIELD,HIGH_CONFIDENCE_MULTI_FIELD,unique_name_same_season_team,true,2025-26,2025-26,2025-26,1,true,true,,,unavailable,Unique name + same canonical team in at least one shared season
5099752,1641712,Rayan Rupert,rayanrupert,HIGH_CONFIDENCE_MULTI_FIELD,unique_name_same_season_team,HIGH_CONFIDENCE_MULTI_FIELD,HIGH_CONFIDENCE_MULTI_FIELD,unique_name_same_season_team,true,2023-24|2024-25|2025-26,2024-25|2025-26,2024-25,1,true,true,,,unavailable,Unique name + same canonical team in at least one shared season
4431941,1642484,RayJ Dennis,rayjdennis,HIGH_CONFIDENCE_MULTI_FIELD,unique_name_same_season_team,HIGH_CONFIDENCE_MULTI_FIELD,HIGH_CONFIDENCE_MULTI_FIELD,unique_name_same_season_team,true,2024-25|2025-26,2024-25|2025-26,2024-25,1,true,true,,,unavailable,Unique name + same canonical team in at least one shared season
4432187,1641736,Reece Beekman,reecebeekman,UNIQUE_NAME_ONLY,unique_name_only,UNIQUE_NAME_ONLY,UNIQUE_NAME_ONLY,unique_name_only,false,2024-25,2024-25,,0,true,true,,,unavailable,Unique normalized name only; no same-season team overlap evidence
4711272,1642263,Reed Sheppard,reedsheppard,VERIFIED_MULTI_FIELD,unique_name_multi_season_team_overlap,VERIFIED_MULTI_FIELD,VERIFIED_MULTI_FIELD,unique_name_multi_season_team_overlap,true,2024-25|2025-26,2024-25|2025-26,2024-25|2025-26,2,true,true,,,unavailable,Unique name + team overlap in 2+ seasons
6443,202704,Reggie Jackson,reggiejackson,HIGH_CONFIDENCE_MULTI_FIELD,unique_name_same_season_team,HIGH_CONFIDENCE_MULTI_FIELD,HIGH_CONFIDENCE_MULTI_FIELD,unique_name_same_season_team,true,2020-21|2021-22|2022-23|2023-24|2024-25,2024-25,2024-25,1,true,true,,,unavailable,Unique name + same canonical team in at least one shared season
2993370,1626158,Richaun Holmes,richaunholmes,HIGH_CONFIDENCE_MULTI_FIELD,unique_name_same_season_team,HIGH_CONFIDENCE_MULTI_FIELD,HIGH_CONFIDENCE_MULTI_FIELD,unique_name_same_season_team,true,2020-21|2021-22|2022-23|2023-24|2024-25,2024-25,2024-25,1,true,true,,,unavailable,Unique name + same canonical team in at least one shared season
4701234,1641741,Ricky Council IV,rickycounciliv,HIGH_CONFIDENCE_MULTI_FIELD,unique_name_same_season_team,HIGH_CONFIDENCE_MULTI_FIELD,HIGH_CONFIDENCE_MULTI_FIELD,unique_name_same_season_team,true,2023-24|2024-25,2024-25,2024-25,1,true,true,,,unavailable,Unique name + same canonical team in at least one shared season
5177362,1642434,Riley Minix,rileyminix,UNIQUE_NAME_ONLY,unique_name_only,UNIQUE_NAME_ONLY,UNIQUE_NAME_ONLY,unique_name_only,false,2025-26,2025-26,,0,true,true,,,unavailable,Unique normalized name only; no same-season team overlap evidence
4395625,1629628,RJ Barrett,rjbarrett,VERIFIED_MULTI_FIELD,unique_name_multi_season_team_overlap,VERIFIED_MULTI_FIELD,VERIFIED_MULTI_FIELD,unique_name_multi_season_team_overlap,true,2020-21|2021-22|2022-23|2023-24|2024-25|2025-26,2024-25|2025-26,2024-25|2025-26,2,true,true,,,unavailable,Unique name + team overlap in 2+ seasons
4684275,1642265,Rob Dillingham,robdillingham,HIGH_CONFIDENCE_MULTI_FIELD,unique_name_same_season_team,HIGH_CONFIDENCE_MULTI_FIELD,HIGH_CONFIDENCE_MULTI_FIELD,unique_name_same_season_team,true,2024-25|2025-26,2024-25|2025-26,2024-25,1,true,true,,,unavailable,Unique name + same canonical team in at least one shared season
4066211,1629057,Robert Williams III,robertwilliamsiii,VERIFIED_MULTI_FIELD,unique_name_multi_season_team_overlap,VERIFIED_MULTI_FIELD,VERIFIED_MULTI_FIELD,unique_name_multi_season_team_overlap,true,2020-21|2021-22|2022-23|2023-24|2024-25|2025-26,2024-25|2025-26,2024-25|2025-26,2,true,true,,,unavailable,Unique name + team overlap in 2+ seasons
5157587,1642911,Rocco Zikarsky,roccozikarsky,HIGH_CONFIDENCE_MULTI_FIELD,unique_name_same_season_team,HIGH_CONFIDENCE_MULTI_FIELD,HIGH_CONFIDENCE_MULTI_FIELD,unique_name_same_season_team,true,2025-26,2025-26,2025-26,1,true,true,,,unavailable,Unique name + same canonical team in at least one shared season
4397251,1631199,Ron Harper Jr.,ronharperjr,VERIFIED_MULTI_FIELD,unique_name_multi_season_team_overlap,VERIFIED_MULTI_FIELD,VERIFIED_MULTI_FIELD,unique_name_multi_season_team_overlap,true,2022-23|2024-25|2025-26,2024-25|2025-26,2024-25|2025-26,2,true,true,,,unavailable,Unique name + team overlap in 2+ seasons
4683771,1641842,Ronald Holland II,ronaldhollandii,VERIFIED_MULTI_FIELD,unique_name_multi_season_team_overlap,VERIFIED_MULTI_FIELD,VERIFIED_MULTI_FIELD,unique_name_multi_season_team_overlap,true,2024-25|2025-26,2024-25|2025-26,2024-25|2025-26,2,true,true,,,unavailable,Unique name + team overlap in 2+ seasons
2583632,1626220,Royce O'Neale,royceoneale,HIGH_CONFIDENCE_MULTI_FIELD,unique_name_same_season_team,HIGH_CONFIDENCE_MULTI_FIELD,HIGH_CONFIDENCE_MULTI_FIELD,unique_name_same_season_team,true,2020-21|2021-22|2022-23|2023-24|2024-25|2025-26,2024-25|2025-26,2024-25,1,true,true,,,unavailable,Unique name + same canonical team in at least one shared season
3032976,203497,Rudy Gobert,rudygobert,VERIFIED_MULTI_FIELD,unique_name_multi_season_team_overlap,VERIFIED_MULTI_FIELD,VERIFIED_MULTI_FIELD,unique_name_multi_season_team_overlap,true,2020-21|2021-22|2022-23|2023-24|2024-25|2025-26,2024-25|2025-26,2024-25|2025-26,2,true,true,,,unavailable,Unique name + team overlap in 2+ seasons
4066648,1629060,Rui Hachimura,ruihachimura,HIGH_CONFIDENCE_MULTI_FIELD,unique_name_same_season_team,HIGH_CONFIDENCE_MULTI_FIELD,HIGH_CONFIDENCE_MULTI_FIELD,unique_name_same_season_team,true,2020-21|2021-22|2022-23|2023-24|2024-25|2025-26,2024-25|2025-26,2024-25,1,true,true,,,unavailable,Unique name + same canonical team in at least one shared season
3468,201566,Russell Westbrook,russellwestbrook,VERIFIED_MULTI_FIELD,unique_name_multi_season_team_overlap,VERIFIED_MULTI_FIELD,VERIFIED_MULTI_FIELD,unique_name_multi_season_team_overlap,true,2020-21|2021-22|2022-23|2023-24|2024-25|2025-26,2024-25|2025-26,2024-25|2025-26,2,true,true,,,unavailable,Unique name + team overlap in 2+ seasons
4888725,1642346,Ryan Dunn,ryandunn,VERIFIED_MULTI_FIELD,unique_name_multi_season_team_overlap,VERIFIED_MULTI_FIELD,VERIFIED_MULTI_FIELD,unique_name_multi_season_team_overlap,true,2024-25|2025-26,2024-25|2025-26,2024-25|2025-26,2,true,true,,,unavailable,Unique name + team overlap in 2+ seasons
4576060,1641750,Ryan Kalkbrenner,ryankalkbrenner,HIGH_CONFIDENCE_MULTI_FIELD,unique_name_same_season_team,HIGH_CONFIDENCE_MULTI_FIELD,HIGH_CONFIDENCE_MULTI_FIELD,unique_name_same_season_team,true,2025-26,2025-26,2025-26,1,true,true,,,unavailable,Unique name + same canonical team in at least one shared season
4433629,1642948,Ryan Nembhard,ryannembhard,UNIQUE_NAME_ONLY,unique_name_only,UNIQUE_NAME_ONLY,UNIQUE_NAME_ONLY,unique_name_only,false,2025-26,2025-26,,0,true,true,,,unavailable,Unique normalized name only; no same-season team overlap evidence
4591725,1631157,Ryan Rollins,ryanrollins,VERIFIED_MULTI_FIELD,unique_name_multi_season_team_overlap,VERIFIED_MULTI_FIELD,VERIFIED_MULTI_FIELD,unique_name_multi_season_team_overlap,true,2022-23|2023-24|2024-25|2025-26,2024-25|2025-26,2024-25|2025-26,2,true,true,,,unavailable,Unique name + team overlap in 2+ seasons
4397136,1630180,Saddiq Bey,saddiqbey,HIGH_CONFIDENCE_MULTI_FIELD,unique_name_same_season_team,HIGH_CONFIDENCE_MULTI_FIELD,HIGH_CONFIDENCE_MULTI_FIELD,unique_name_same_season_team,true,2020-21|2021-22|2022-23|2023-24|2025-26,2025-26,2025-26,1,true,true,,,unavailable,Unique name + same canonical team in at least one shared season
4065804,1630573,Sam Hauser,samhauser,VERIFIED_MULTI_FIELD,unique_name_multi_season_team_overlap,VERIFIED_MULTI_FIELD,VERIFIED_MULTI_FIELD,unique_name_multi_season_team_overlap,true,2021-22|2022-23|2023-24|2024-25|2025-26,2024-25|2025-26,2024-25|2025-26,2,true,true,,,unavailable,Unique name + team overlap in 2+ seasons
4066757,1630241,Sam Merrill,sammerrill,VERIFIED_MULTI_FIELD,unique_name_multi_season_team_overlap,VERIFIED_MULTI_FIELD,VERIFIED_MULTI_FIELD,unique_name_multi_season_team_overlap,true,2020-21|2021-22|2022-23|2023-24|2024-25|2025-26,2024-25|2025-26,2024-25|2025-26,2,true,true,,,unavailable,Unique name + team overlap in 2+ seasons
4278580,1630572,Sandro Mamukelashvili,sandromamukelashvili,HIGH_CONFIDENCE_MULTI_FIELD,unique_name_same_season_team,HIGH_CONFIDENCE_MULTI_FIELD,HIGH_CONFIDENCE_MULTI_FIELD,unique_name_same_season_team,true,2021-22|2022-23|2023-24|2024-25|2025-26,2024-25|2025-26,2024-25,1,true,true,,,unavailable,Unique name + same canonical team in at least one shared season
4593125,1630583,Santi Aldama,santialdama,HIGH_CONFIDENCE_MULTI_FIELD,unique_name_same_season_team,HIGH_CONFIDENCE_MULTI_FIELD,HIGH_CONFIDENCE_MULTI_FIELD,unique_name_same_season_team,true,2021-22|2022-23|2023-24|2024-25|2025-26,2024-25|2025-26,2024-25,1,true,true,,,unavailable,Unique name + same canonical team in at least one shared season
4683678,1630703,Scoot Henderson,scoothenderson,VERIFIED_MULTI_FIELD,unique_name_multi_season_team_overlap,VERIFIED_MULTI_FIELD,VERIFIED_MULTI_FIELD,unique_name_multi_season_team_overlap,true,2023-24|2024-25|2025-26,2024-25|2025-26,2024-25|2025-26,2,true,true,,,unavailable,Unique name + team overlap in 2+ seasons
4433134,1630567,Scottie Barnes,scottiebarnes,VERIFIED_MULTI_FIELD,unique_name_multi_season_team_overlap,VERIFIED_MULTI_FIELD,VERIFIED_MULTI_FIELD,unique_name_multi_season_team_overlap,true,2021-22|2022-23|2023-24|2024-25|2025-26,2024-25|2025-26,2024-25|2025-26,2,true,true,,,unavailable,Unique name + team overlap in 2+ seasons
4431785,1630590,Scotty Pippen Jr.,scottypippenjr,VERIFIED_MULTI_FIELD,unique_name_multi_season_team_overlap,VERIFIED_MULTI_FIELD,VERIFIED_MULTI_FIELD,unique_name_multi_season_team_overlap,true,2022-23|2023-24|2024-25|2025-26,2024-25|2025-26,2024-25|2025-26,2,true,true,,,unavailable,Unique name + team overlap in 2+ seasons
4709131,1642951,Sean Pedulla,seanpedulla,HIGH_CONFIDENCE_MULTI_FIELD,unique_name_same_season_team,HIGH_CONFIDENCE_MULTI_FIELD,HIGH_CONFIDENCE_MULTI_FIELD,unique_name_same_season_team,true,2025-26,2025-26,2025-26,1,true,true,,,unavailable,Unique name + same canonical team in at least one shared season
2326307,203552,Seth Curry,sethcurry,VERIFIED_MULTI_FIELD,unique_name_multi_season_team_overlap,VERIFIED_MULTI_FIELD,VERIFIED_MULTI_FIELD,unique_name_multi_season_team_overlap,true,2020-21|2021-22|2022-23|2023-24|2024-25|2025-26,2024-25|2025-26,2024-25|2025-26,2,true,true,,,unavailable,Unique name + team overlap in 2+ seasons
4914336,1631101,Shaedon Sharpe,shaedonsharpe,VERIFIED_MULTI_FIELD,unique_name_multi_season_team_overlap,VERIFIED_MULTI_FIELD,VERIFIED_MULTI_FIELD,unique_name_multi_season_team_overlap,true,2022-23|2023-24|2024-25|2025-26,2024-25|2025-26,2024-25|2025-26,2,true,true,,,unavailable,Unique name + team overlap in 2+ seasons
4278073,1628983,Shai Gilgeous-Alexander,shaigilgeousalexander,VERIFIED_MULTI_FIELD,unique_name_multi_season_team_overlap,VERIFIED_MULTI_FIELD,VERIFIED_MULTI_FIELD,unique_name_multi_season_team_overlap,true,2020-21|2021-22|2022-23|2023-24|2024-25|2025-26,2024-25|2025-26,2024-25|2025-26,2,true,true,,,unavailable,Unique name + team overlap in 2+ seasons
3915195,1629003,Shake Milton,shakemilton,UNIQUE_NAME_ONLY,unique_name_only,UNIQUE_NAME_ONLY,UNIQUE_NAME_ONLY,unique_name_only,false,2020-21|2021-22|2022-23|2023-24|2024-25,2024-25,,0,true,true,,,unavailable,Unique normalized name only; no same-season team overlap evidence
4432173,1630536,Sharife Cooper,sharifecooper,HIGH_CONFIDENCE_MULTI_FIELD,unique_name_same_season_team,HIGH_CONFIDENCE_MULTI_FIELD,HIGH_CONFIDENCE_MULTI_FIELD,unique_name_same_season_team,true,2021-22|2025-26,2025-26,2025-26,1,true,true,,,unavailable,Unique name + same canonical team in at least one shared season
5081727,1631321,Sidy Cissoko,sidycissoko,HIGH_CONFIDENCE_MULTI_FIELD,unique_name_same_season_team,HIGH_CONFIDENCE_MULTI_FIELD,HIGH_CONFIDENCE_MULTI_FIELD,unique_name_same_season_team,true,2023-24|2024-25|2025-26,2024-25|2025-26,2025-26,1,true,true,,,unavailable,Unique name + same canonical team in at least one shared season
3899664,1631323,Simone Fontecchio,simonefontecchio,VERIFIED_MULTI_FIELD,unique_name_multi_season_team_overlap,VERIFIED_MULTI_FIELD,VERIFIED_MULTI_FIELD,unique_name_multi_season_team_overlap,true,2022-23|2023-24|2024-25|2025-26,2024-25|2025-26,2024-25|2025-26,2,true,true,,,unavailable,Unique name + team overlap in 2+ seasons
4602025,1642883,Sion James,sionjames,HIGH_CONFIDENCE_MULTI_FIELD,unique_name_same_season_team,HIGH_CONFIDENCE_MULTI_FIELD,HIGH_CONFIDENCE_MULTI_FIELD,unique_name_same_season_team,true,2025-26,2025-26,2025-26,1,true,true,,,unavailable,Unique name + same canonical team in at least one shared season
3936296,1627746,Skal Labissiere,skallabissiere,HIGH_CONFIDENCE_MULTI_FIELD,unique_name_same_season_team,HIGH_CONFIDENCE_MULTI_FIELD,HIGH_CONFIDENCE_MULTI_FIELD,unique_name_same_season_team,true,2025-26,2024-25|2025-26,2025-26,1,true,true,,,unavailable,Unique name + same canonical team in at least one shared season
2580782,203915,Spencer Dinwiddie,spencerdinwiddie,HIGH_CONFIDENCE_MULTI_FIELD,unique_name_same_season_team,HIGH_CONFIDENCE_MULTI_FIELD,HIGH_CONFIDENCE_MULTI_FIELD,unique_name_same_season_team,true,2020-21|2021-22|2022-23|2023-24|2024-25,2024-25,2024-25,1,true,true,,,unavailable,Unique name + same canonical team in at least one shared season
4592427,1642461,Spencer Jones,spencerjones,VERIFIED_MULTI_FIELD,unique_name_multi_season_team_overlap,VERIFIED_MULTI_FIELD,VERIFIED_MULTI_FIELD,unique_name_multi_season_team_overlap,true,2024-25|2025-26,2024-25|2025-26,2024-25|2025-26,2,true,true,,,unavailable,Unique name + team overlap in 2+ seasons
4279532,1630649,Stanley Umude,stanleyumude,HIGH_CONFIDENCE_MULTI_FIELD,unique_name_same_season_team,HIGH_CONFIDENCE_MULTI_FIELD,HIGH_CONFIDENCE_MULTI_FIELD,unique_name_same_season_team,true,2023-24|2024-25,2024-25|2025-26,2024-25,1,true,true,,,unavailable,Unique name + same canonical team in at least one shared season
3975,201939,Stephen Curry,stephencurry,VERIFIED_MULTI_FIELD,unique_name_multi_season_team_overlap,VERIFIED_MULTI_FIELD,VERIFIED_MULTI_FIELD,unique_name_multi_season_team_overlap,true,2020-21|2021-22|2022-23|2023-24|2024-25|2025-26,2024-25|2025-26,2024-25|2025-26,2,true,true,,,unavailable,Unique name + team overlap in 2+ seasons
4845367,1642264,Stephon Castle,stephoncastle,VERIFIED_MULTI_FIELD,unique_name_multi_season_team_overlap,VERIFIED_MULTI_FIELD,VERIFIED_MULTI_FIELD,unique_name_multi_season_team_overlap,true,2024-25|2025-26,2024-25|2025-26,2024-25|2025-26,2,true,true,,,unavailable,Unique name + team overlap in 2+ seasons
2991235,203500,Steven Adams,stevenadams,VERIFIED_MULTI_FIELD,unique_name_multi_season_team_overlap,VERIFIED_MULTI_FIELD,VERIFIED_MULTI_FIELD,unique_name_multi_season_team_overlap,true,2020-21|2021-22|2022-23|2024-25|2025-26,2024-25|2025-26,2024-25|2025-26,2,true,true,,,unavailable,Unique name + team overlap in 2+ seasons
3133602,1629004,Svi Mykhailiuk,svimykhailiuk,VERIFIED_MULTI_FIELD,unique_name_multi_season_team_overlap,VERIFIED_MULTI_FIELD,VERIFIED_MULTI_FIELD,unique_name_multi_season_team_overlap,true,2020-21|2021-22|2022-23|2023-24|2024-25|2025-26,2024-25|2025-26,2024-25|2025-26,2,true,true,,,unavailable,Unique name + team overlap in 2+ seasons
2530530,204456,T.J. McConnell,tjmcconnell,VERIFIED_MULTI_FIELD,unique_name_multi_season_team_overlap,VERIFIED_MULTI_FIELD,VERIFIED_MULTI_FIELD,unique_name_multi_season_team_overlap,true,2020-21|2021-22|2022-23|2023-24|2024-25|2025-26,2024-25|2025-26,2024-25|2025-26,2,true,true,,,unavailable,Unique name + team overlap in 2+ seasons
4703421,1643007,Taelon Peter,taelonpeter,HIGH_CONFIDENCE_MULTI_FIELD,unique_name_same_season_team,HIGH_CONFIDENCE_MULTI_FIELD,HIGH_CONFIDENCE_MULTI_FIELD,unique_name_same_season_team,true,2025-26,2025-26,2025-26,1,true,true,,,unavailable,Unique name + same canonical team in at least one shared season
3986,201959,Taj Gibson,tajgibson,VERIFIED_MULTI_FIELD,unique_name_multi_season_team_overlap,VERIFIED_MULTI_FIELD,VERIFIED_MULTI_FIELD,unique_name_multi_season_team_overlap,true,2020-21|2021-22|2022-23|2023-24|2024-25|2025-26,2024-25|2025-26,2024-25|2025-26,2,true,true,,,unavailable,Unique name + team overlap in 2+ seasons
4396991,1629659,Talen Horton-Tucker,talenhortontucker,HIGH_CONFIDENCE_MULTI_FIELD,unique_name_same_season_team,HIGH_CONFIDENCE_MULTI_FIELD,HIGH_CONFIDENCE_MULTI_FIELD,unique_name_same_season_team,true,2020-21|2021-22|2022-23|2023-24|2024-25,2024-25,2024-25,1,true,true,,,unavailable,Unique name + same canonical team in at least one shared season
4433192,1631106,Tari Eason,tarieason,VERIFIED_MULTI_FIELD,unique_name_multi_season_team_overlap,VERIFIED_MULTI_FIELD,VERIFIED_MULTI_FIELD,unique_name_multi_season_team_overlap,true,2022-23|2023-24|2024-25|2025-26,2024-25|2025-26,2024-25|2025-26,2,true,true,,,unavailable,Unique name + team overlap in 2+ seasons
2990962,1627752,Taurean Prince,taureanprince,HIGH_CONFIDENCE_MULTI_FIELD,unique_name_same_season_team,HIGH_CONFIDENCE_MULTI_FIELD,HIGH_CONFIDENCE_MULTI_FIELD,unique_name_same_season_team,true,2020-21|2021-22|2022-23|2023-24|2024-25|2025-26,2024-25|2025-26,2024-25,1,true,true,,,unavailable,Unique name + same canonical team in at least one shared season
4684806,1641707,Taylor Hendricks,taylorhendricks,HIGH_CONFIDENCE_MULTI_FIELD,unique_name_same_season_team,HIGH_CONFIDENCE_MULTI_FIELD,HIGH_CONFIDENCE_MULTI_FIELD,unique_name_same_season_team,true,2023-24|2024-25|2025-26,2024-25|2025-26,2024-25,1,true,true,,,unavailable,Unique name + same canonical team in at least one shared season
4066808,1631386,Taze Moore,tazemoore,HIGH_CONFIDENCE_MULTI_FIELD,unique_name_same_season_team,HIGH_CONFIDENCE_MULTI_FIELD,HIGH_CONFIDENCE_MULTI_FIELD,unique_name_same_season_team,true,2023-24|2024-25,2024-25,2024-25,1,true,true,,,unavailable,Unique name + same canonical team in at least one shared season
3907823,1629611,Terance Mann,terancemann,HIGH_CONFIDENCE_MULTI_FIELD,unique_name_same_season_team,HIGH_CONFIDENCE_MULTI_FIELD,HIGH_CONFIDENCE_MULTI_FIELD,unique_name_same_season_team,true,2020-21|2021-22|2022-23|2023-24|2024-25|2025-26,2024-25|2025-26,2025-26,1,true,true,,,unavailable,Unique name + same canonical team in at least one shared season
4432847,1630545,Terrence Shannon Jr.,terrenceshannonjr,VERIFIED_MULTI_FIELD,unique_name_multi_season_team_overlap,VERIFIED_MULTI_FIELD,VERIFIED_MULTI_FIELD,unique_name_multi_season_team_overlap,true,2024-25|2025-26,2024-25|2025-26,2024-25|2025-26,2,true,true,,,unavailable,Unique name + team overlap in 2+ seasons
3074752,1626179,Terry Rozier,terryrozier,HIGH_CONFIDENCE_MULTI_FIELD,unique_name_same_season_team,HIGH_CONFIDENCE_MULTI_FIELD,HIGH_CONFIDENCE_MULTI_FIELD,unique_name_same_season_team,true,2020-21|2021-22|2022-23|2023-24|2024-25,2024-25,2024-25,1,true,true,,,unavailable,Unique name + same canonical team in at least one shared season
3102533,203648,Thanasis Antetokounmpo,thanasisantetokounmpo,HIGH_CONFIDENCE_MULTI_FIELD,unique_name_same_season_team,HIGH_CONFIDENCE_MULTI_FIELD,HIGH_CONFIDENCE_MULTI_FIELD,unique_name_same_season_team,true,2020-21|2021-22|2022-23|2023-24|2025-26,2025-26,2025-26,1,true,true,,,unavailable,Unique name + same canonical team in at least one shared season
3934723,1628418,Thomas Bryant,thomasbryant,HIGH_CONFIDENCE_MULTI_FIELD,unique_name_same_season_team,HIGH_CONFIDENCE_MULTI_FIELD,HIGH_CONFIDENCE_MULTI_FIELD,unique_name_same_season_team,true,2020-21|2021-22|2022-23|2023-24|2024-25|2025-26,2024-25|2025-26,2025-26,1,true,true,,,unavailable,Unique name + same canonical team in at least one shared season
5211176,1642275,Tidjane Salaun,tidjanesalaun,VERIFIED_MULTI_FIELD,unique_name_multi_season_team_overlap,VERIFIED_MULTI_FIELD,VERIFIED_MULTI_FIELD,unique_name_multi_season_team_overlap,true,2024-25|2025-26,2024-25|2025-26,2024-25|2025-26,2,true,true,,,unavailable,Unique name + team overlap in 2+ seasons
2528210,203501,Tim Hardaway Jr.,timhardawayjr,HIGH_CONFIDENCE_MULTI_FIELD,unique_name_same_season_team,HIGH_CONFIDENCE_MULTI_FIELD,HIGH_CONFIDENCE_MULTI_FIELD,unique_name_same_season_team,true,2020-21|2021-22|2022-23|2023-24|2024-25|2025-26,2024-25|2025-26,2024-25,1,true,true,,,unavailable,Unique name + same canonical team in at least one shared season
6440,202699,Tobias Harris,tobiasharris,HIGH_CONFIDENCE_MULTI_FIELD,unique_name_same_season_team,HIGH_CONFIDENCE_MULTI_FIELD,HIGH_CONFIDENCE_MULTI_FIELD,unique_name_same_season_team,true,2020-21|2021-22|2022-23|2023-24|2024-25|2025-26,2024-25|2025-26,2024-25,1,true,true,,,unavailable,Unique name + same canonical team in at least one shared season
4700873,1643253,Toby Okani,tobyokani,HIGH_CONFIDENCE_MULTI_FIELD,unique_name_same_season_team,HIGH_CONFIDENCE_MULTI_FIELD,HIGH_CONFIDENCE_MULTI_FIELD,unique_name_same_season_team,true,2025-26,2025-26,2025-26,1,true,true,,,unavailable,Unique name + same canonical team in at least one shared season
4397882,1642449,Tolu Smith,tolusmith,VERIFIED_MULTI_FIELD,unique_name_multi_season_team_overlap,VERIFIED_MULTI_FIELD,VERIFIED_MULTI_FIELD,unique_name_multi_season_team_overlap,true,2024-25|2025-26,2024-25|2025-26,2024-25|2025-26,2,true,true,,,unavailable,Unique name + team overlap in 2+ seasons
4065673,1628396,Tony Bradley,tonybradley,HIGH_CONFIDENCE_MULTI_FIELD,unique_name_same_season_team,HIGH_CONFIDENCE_MULTI_FIELD,HIGH_CONFIDENCE_MULTI_FIELD,unique_name_same_season_team,true,2020-21|2021-22|2022-23|2024-25|2025-26,2024-25|2025-26,2024-25,1,true,true,,,unavailable,Unique name + same canonical team in at least one shared season
2528693,1628470,Torrey Craig,torreycraig,UNIQUE_NAME_ONLY,unique_name_only,UNIQUE_NAME_ONLY,UNIQUE_NAME_ONLY,unique_name_only,false,2020-21|2021-22|2022-23|2023-24|2024-25,2024-25,,0,true,true,,,unavailable,Unique normalized name only; no same-season team overlap evidence
4597865,1641787,Tosan Evbuomwan,tosanevbuomwan,HIGH_CONFIDENCE_MULTI_FIELD,unique_name_same_season_team,HIGH_CONFIDENCE_MULTI_FIELD,HIGH_CONFIDENCE_MULTI_FIELD,unique_name_same_season_team,true,2023-24|2024-25,2024-25,2024-25,1,true,true,,,unavailable,Unique name + same canonical team in at least one shared season
4431736,1641739,Toumani Camara,toumanicamara,VERIFIED_MULTI_FIELD,unique_name_multi_season_team_overlap,VERIFIED_MULTI_FIELD,VERIFIED_MULTI_FIELD,unique_name_multi_season_team_overlap,true,2023-24|2024-25|2025-26,2024-25|2025-26,2024-25|2025-26,2,true,true,,,unavailable,Unique name + team overlap in 2+ seasons
4277905,1629027,Trae Young,traeyoung,HIGH_CONFIDENCE_MULTI_FIELD,unique_name_same_season_team,HIGH_CONFIDENCE_MULTI_FIELD,HIGH_CONFIDENCE_MULTI_FIELD,unique_name_same_season_team,true,2020-21|2021-22|2022-23|2023-24|2024-25|2025-26,2024-25|2025-26,2024-25,1,true,true,,,unavailable,Unique name + same canonical team in at least one shared season
4431684,1631218,Trayce Jackson-Davis,traycejacksondavis,HIGH_CONFIDENCE_MULTI_FIELD,unique_name_same_season_team,HIGH_CONFIDENCE_MULTI_FIELD,HIGH_CONFIDENCE_MULTI_FIELD,unique_name_same_season_team,true,2023-24|2024-25|2025-26,2024-25|2025-26,2024-25,1,true,true,,,unavailable,Unique name + same canonical team in at least one shared season
5238230,1642848,Tre Johnson,trejohnson,HIGH_CONFIDENCE_MULTI_FIELD,unique_name_same_season_team,HIGH_CONFIDENCE_MULTI_FIELD,HIGH_CONFIDENCE_MULTI_FIELD,unique_name_same_season_team,true,2025-26,2025-26,2025-26,1,true,true,,,unavailable,Unique name + same canonical team in at least one shared season
4395626,1630200,Tre Jones,trejones,HIGH_CONFIDENCE_MULTI_FIELD,unique_name_same_season_team,HIGH_CONFIDENCE_MULTI_FIELD,HIGH_CONFIDENCE_MULTI_FIELD,unique_name_same_season_team,true,2020-21|2021-22|2022-23|2023-24|2024-25|2025-26,2024-25|2025-26,2025-26,1,true,true,,,unavailable,Unique name + same canonical team in at least one shared season
4432819,1630544,Tre Mann,tremann,HIGH_CONFIDENCE_MULTI_FIELD,unique_name_same_season_team,HIGH_CONFIDENCE_MULTI_FIELD,HIGH_CONFIDENCE_MULTI_FIELD,unique_name_same_season_team,true,2021-22|2022-23|2023-24|2024-25|2025-26,2024-25|2025-26,2024-25,1,true,true,,,unavailable,Unique name + same canonical team in at least one shared season
4431675,1630570,Trendon Watford,trendonwatford,VERIFIED_MULTI_FIELD,unique_name_multi_season_team_overlap,VERIFIED_MULTI_FIELD,VERIFIED_MULTI_FIELD,unique_name_multi_season_team_overlap,true,2021-22|2022-23|2023-24|2024-25|2025-26,2024-25|2025-26,2024-25|2025-26,2,true,true,,,unavailable,Unique name + team overlap in 2+ seasons
5165257,1642280,Trentyn Flowers,trentynflowers,HIGH_CONFIDENCE_MULTI_FIELD,unique_name_same_season_team,HIGH_CONFIDENCE_MULTI_FIELD,HIGH_CONFIDENCE_MULTI_FIELD,unique_name_same_season_team,true,2024-25,2024-25|2025-26,2024-25,1,true,true,,,unavailable,Unique name + same canonical team in at least one shared season
4409222,1630243,Trevelin Queen,trevelinqueen,HIGH_CONFIDENCE_MULTI_FIELD,unique_name_same_season_team,HIGH_CONFIDENCE_MULTI_FIELD,HIGH_CONFIDENCE_MULTI_FIELD,unique_name_same_season_team,true,2021-22|2022-23|2023-24|2024-25,2024-25,2024-25,1,true,true,,,unavailable,Unique name + same canonical team in at least one shared season
3934620,1630286,Trevon Scott,trevonscott,HIGH_CONFIDENCE_MULTI_FIELD,unique_name_same_season_team,HIGH_CONFIDENCE_MULTI_FIELD,HIGH_CONFIDENCE_MULTI_FIELD,unique_name_same_season_team,true,2025-26,2025-26,2025-26,1,true,true,,,unavailable,Unique name + same canonical team in at least one shared season
4432645,1631211,Trevor Keels,trevorkeels,HIGH_CONFIDENCE_MULTI_FIELD,unique_name_same_season_team,HIGH_CONFIDENCE_MULTI_FIELD,HIGH_CONFIDENCE_MULTI_FIELD,unique_name_same_season_team,true,2025-26,2025-26,2025-26,1,true,true,,,unavailable,Unique name + same canonical team in at least one shared season
4433268,1641725,Trey Alexander,treyalexander,HIGH_CONFIDENCE_MULTI_FIELD,unique_name_same_season_team,HIGH_CONFIDENCE_MULTI_FIELD,HIGH_CONFIDENCE_MULTI_FIELD,unique_name_same_season_team,true,2024-25|2025-26,2024-25|2025-26,2024-25,1,true,true,,,unavailable,Unique name + same canonical team in at least one shared season
4395623,1641998,Trey Jemison III,treyjemisoniii,UNIQUE_NAME_ONLY,unique_name_only,UNIQUE_NAME_ONLY,UNIQUE_NAME_ONLY,unique_name_only,false,2023-24|2024-25|2025-26,2024-25|2025-26,,0,true,true,,,unavailable,Unique normalized name only; no same-season team overlap evidence
3136196,1626168,Trey Lyles,treylyles,HIGH_CONFIDENCE_MULTI_FIELD,unique_name_same_season_team,HIGH_CONFIDENCE_MULTI_FIELD,HIGH_CONFIDENCE_MULTI_FIELD,unique_name_same_season_team,true,2020-21|2021-22|2022-23|2023-24|2024-25,2024-25,2024-25,1,true,true,,,unavailable,Unique name + same canonical team in at least one shared season
4397688,1630530,Trey Murphy III,treymurphyiii,VERIFIED_MULTI_FIELD,unique_name_multi_season_team_overlap,VERIFIED_MULTI_FIELD,VERIFIED_MULTI_FIELD,unique_name_multi_season_team_overlap,true,2021-22|2022-23|2023-24|2024-25|2025-26,2024-25|2025-26,2024-25|2025-26,2,true,true,,,unavailable,Unique name + team overlap in 2+ seasons
4702382,1641783,Tristan da Silva,tristandasilva,VERIFIED_MULTI_FIELD,unique_name_multi_season_team_overlap,VERIFIED_MULTI_FIELD,VERIFIED_MULTI_FIELD,unique_name_multi_season_team_overlap,true,2024-25|2025-26,2024-25|2025-26,2024-25|2025-26,2,true,true,,,unavailable,Unique name + team overlap in 2+ seasons
4431734,1642400,Tristan Enaruna,tristanenaruna,HIGH_CONFIDENCE_MULTI_FIELD,unique_name_same_season_team,HIGH_CONFIDENCE_MULTI_FIELD,HIGH_CONFIDENCE_MULTI_FIELD,unique_name_same_season_team,true,2025-26,2025-26,2025-26,1,true,true,,,unavailable,Unique name + same canonical team in at least one shared season
6474,202684,Tristan Thompson,tristanthompson,HIGH_CONFIDENCE_MULTI_FIELD,unique_name_same_season_team,HIGH_CONFIDENCE_MULTI_FIELD,HIGH_CONFIDENCE_MULTI_FIELD,unique_name_same_season_team,true,2020-21|2021-22|2023-24|2024-25,2024-25,2024-25,1,true,true,,,unavailable,Unique name + same canonical team in at least one shared season
4997537,1641774,Tristan Vukcevic,tristanvukcevic,VERIFIED_MULTI_FIELD,unique_name_multi_season_team_overlap,VERIFIED_MULTI_FIELD,VERIFIED_MULTI_FIELD,unique_name_multi_season_team_overlap,true,2023-24|2024-25|2025-26,2024-25|2025-26,2024-25|2025-26,2,true,true,,,unavailable,Unique name + team overlap in 2+ seasons
4592965,1641803,Tristen Newton,tristennewton,HIGH_CONFIDENCE_MULTI_FIELD,unique_name_same_season_team,HIGH_CONFIDENCE_MULTI_FIELD,HIGH_CONFIDENCE_MULTI_FIELD,unique_name_same_season_team,true,2024-25|2025-26,2024-25|2025-26,2025-26,1,true,true,,,unavailable,Unique name + same canonical team in at least one shared season
4065733,1629660,Ty Jerome,tyjerome,VERIFIED_MULTI_FIELD,unique_name_multi_season_team_overlap,VERIFIED_MULTI_FIELD,VERIFIED_MULTI_FIELD,unique_name_multi_season_team_overlap,true,2020-21|2021-22|2022-23|2023-24|2024-25|2025-26,2024-25|2025-26,2024-25|2025-26,2,true,true,,,unavailable,Unique name + team overlap in 2+ seasons
4431914,1631174,Tyler Burton,tylerburton,HIGH_CONFIDENCE_MULTI_FIELD,unique_name_same_season_team,HIGH_CONFIDENCE_MULTI_FIELD,HIGH_CONFIDENCE_MULTI_FIELD,unique_name_same_season_team,true,2025-26,2025-26,2025-26,1,true,true,,,unavailable,Unique name + same canonical team in at least one shared season
4395725,1629639,Tyler Herro,tylerherro,HIGH_CONFIDENCE_MULTI_FIELD,unique_name_same_season_team,HIGH_CONFIDENCE_MULTI_FIELD,HIGH_CONFIDENCE_MULTI_FIELD,unique_name_same_season_team,true,2020-21|2021-22|2022-23|2023-24|2024-25|2025-26,2024-25|2025-26,2024-25,1,true,true,,,unavailable,Unique name + same canonical team in at least one shared season
4433225,1642278,Tyler Kolek,tylerkolek,VERIFIED_MULTI_FIELD,unique_name_multi_season_team_overlap,VERIFIED_MULTI_FIELD,VERIFIED_MULTI_FIELD,unique_name_multi_season_team_overlap,true,2024-25|2025-26,2024-25|2025-26,2024-25|2025-26,2,true,true,,,unavailable,Unique name + team overlap in 2+ seasons
5167876,1641890,Tyler Smith,tylersmith,VERIFIED_MULTI_FIELD,unique_name_multi_season_team_overlap,VERIFIED_MULTI_FIELD,VERIFIED_MULTI_FIELD,unique_name_multi_season_team_overlap,true,2024-25|2025-26,2024-25|2025-26,2024-25|2025-26,2,true,true,,,unavailable,Unique name + team overlap in 2+ seasons
4396993,1630169,Tyrese Haliburton,tyresehaliburton,HIGH_CONFIDENCE_MULTI_FIELD,unique_name_same_season_team,HIGH_CONFIDENCE_MULTI_FIELD,HIGH_CONFIDENCE_MULTI_FIELD,unique_name_same_season_team,true,2020-21|2021-22|2022-23|2023-24|2024-25,2024-25,2024-25,1,true,true,,,unavailable,Unique name + same canonical team in at least one shared season
4397179,1631213,Tyrese Martin,tyresemartin,HIGH_CONFIDENCE_MULTI_FIELD,unique_name_same_season_team,HIGH_CONFIDENCE_MULTI_FIELD,HIGH_CONFIDENCE_MULTI_FIELD,unique_name_same_season_team,true,2022-23|2024-25|2025-26,2024-25|2025-26,2024-25,1,true,true,,,unavailable,Unique name + same canonical team in at least one shared season
4431678,1630178,Tyrese Maxey,tyresemaxey,VERIFIED_MULTI_FIELD,unique_name_multi_season_team_overlap,VERIFIED_MULTI_FIELD,VERIFIED_MULTI_FIELD,unique_name_multi_season_team_overlap,true,2020-21|2021-22|2022-23|2023-24|2024-25|2025-26,2024-25|2025-26,2024-25|2025-26,2,true,true,,,unavailable,Unique name + team overlap in 2+ seasons
5023693,1642878,Tyrese Proctor,tyreseproctor,HIGH_CONFIDENCE_MULTI_FIELD,unique_name_same_season_team,HIGH_CONFIDENCE_MULTI_FIELD,HIGH_CONFIDENCE_MULTI_FIELD,unique_name_same_season_team,true,2025-26,2025-26,2025-26,1,true,true,,,unavailable,Unique name + same canonical team in at least one shared season
4432887,1630623,Tyson Etienne,tysonetienne,VERIFIED_MULTI_FIELD,unique_name_multi_season_team_overlap,VERIFIED_MULTI_FIELD,VERIFIED_MULTI_FIELD,unique_name_multi_season_team_overlap,true,2024-25|2025-26,2024-25|2025-26,2024-25|2025-26,2,true,true,,,unavailable,Unique name + team overlap in 2+ seasons
4683749,1631102,TyTy Washington Jr.,tytywashingtonjr,VERIFIED_MULTI_FIELD,unique_name_multi_season_team_overlap,VERIFIED_MULTI_FIELD,VERIFIED_MULTI_FIELD,unique_name_multi_season_team_overlap,true,2022-23|2023-24|2024-25|2025-26,2024-25|2025-26,2024-25|2025-26,2,true,true,,,unavailable,Unique name + team overlap in 2+ seasons
3135046,1626145,Tyus Jones,tyusjones,HIGH_CONFIDENCE_MULTI_FIELD,unique_name_same_season_team,HIGH_CONFIDENCE_MULTI_FIELD,HIGH_CONFIDENCE_MULTI_FIELD,unique_name_same_season_team,true,2020-21|2021-22|2022-23|2023-24|2024-25|2025-26,2024-25|2025-26,2024-25,1,true,true,,,unavailable,Unique name + same canonical team in at least one shared season
5211984,1642279,Ulrich Chomche,ulrichchomche,HIGH_CONFIDENCE_MULTI_FIELD,unique_name_same_season_team,HIGH_CONFIDENCE_MULTI_FIELD,HIGH_CONFIDENCE_MULTI_FIELD,unique_name_same_season_team,true,2024-25,2024-25,2024-25,1,true,true,,,unavailable,Unique name + same canonical team in at least one shared season
3102532,203995,Vasilije Micic,vasilijemicic,UNIQUE_NAME_ONLY,unique_name_only,UNIQUE_NAME_ONLY,UNIQUE_NAME_ONLY,unique_name_only,false,2023-24|2024-25,2024-25,,0,true,true,,,unavailable,Unique normalized name only; no same-season team overlap evidence
5104157,1641705,Victor Wembanyama,victorwembanyama,VERIFIED_MULTI_FIELD,unique_name_multi_season_team_overlap,VERIFIED_MULTI_FIELD,VERIFIED_MULTI_FIELD,unique_name_multi_season_team_overlap,true,2023-24|2024-25|2025-26,2024-25|2025-26,2024-25|2025-26,2,true,true,,,unavailable,Unique name + team overlap in 2+ seasons
4397227,1631246,Vince Williams Jr.,vincewilliamsjr,HIGH_CONFIDENCE_MULTI_FIELD,unique_name_same_season_team,HIGH_CONFIDENCE_MULTI_FIELD,HIGH_CONFIDENCE_MULTI_FIELD,unique_name_same_season_team,true,2022-23|2023-24|2024-25|2025-26,2024-25|2025-26,2024-25,1,true,true,,,unavailable,Unique name + same canonical team in at least one shared season
4578893,1630249,Vit Krejci,vitkrejci,HIGH_CONFIDENCE_MULTI_FIELD,unique_name_same_season_team,HIGH_CONFIDENCE_MULTI_FIELD,HIGH_CONFIDENCE_MULTI_FIELD,unique_name_same_season_team,true,2021-22|2022-23|2023-24|2024-25|2025-26,2024-25|2025-26,2024-25,1,true,true,,,unavailable,Unique name + same canonical team in at least one shared season
5124612,1642845,VJ Edgecombe,vjedgecombe,HIGH_CONFIDENCE_MULTI_FIELD,unique_name_same_season_team,HIGH_CONFIDENCE_MULTI_FIELD,HIGH_CONFIDENCE_MULTI_FIELD,unique_name_same_season_team,true,2025-26,2025-26,2025-26,1,true,true,,,unavailable,Unique name + same canonical team in at least one shared season
4700818,1642884,Vladislav Goldin,vladislavgoldin,HIGH_CONFIDENCE_MULTI_FIELD,unique_name_same_season_team,HIGH_CONFIDENCE_MULTI_FIELD,HIGH_CONFIDENCE_MULTI_FIELD,unique_name_same_season_team,true,2025-26,2025-26,2025-26,1,true,true,,,unavailable,Unique name + same canonical team in at least one shared season
4230557,1628427,Vlatko Cancar,vlatkocancar,HIGH_CONFIDENCE_MULTI_FIELD,unique_name_same_season_team,HIGH_CONFIDENCE_MULTI_FIELD,HIGH_CONFIDENCE_MULTI_FIELD,unique_name_same_season_team,true,2020-21|2021-22|2022-23|2024-25,2024-25,2024-25,1,true,true,,,unavailable,Unique name + same canonical team in at least one shared season
4433136,1631117,Walker Kessler,walkerkessler,HIGH_CONFIDENCE_MULTI_FIELD,unique_name_same_season_team,HIGH_CONFIDENCE_MULTI_FIELD,HIGH_CONFIDENCE_MULTI_FIELD,unique_name_same_season_team,true,2022-23|2023-24|2024-25|2025-26,2024-25|2025-26,2024-25,1,true,true,,,unavailable,Unique name + same canonical team in at least one shared season
4896372,1642383,Walter Clayton Jr.,walterclaytonjr,UNIQUE_NAME_ONLY,unique_name_only,UNIQUE_NAME_ONLY,UNIQUE_NAME_ONLY,unique_name_only,false,2025-26,2025-26,,0,true,true,,,unavailable,Unique normalized name only; no same-season team overlap evidence
4277847,1628976,Wendell Carter Jr.,wendellcarterjr,VERIFIED_MULTI_FIELD,unique_name_multi_season_team_overlap,VERIFIED_MULTI_FIELD,VERIFIED_MULTI_FIELD,unique_name_multi_season_team_overlap,true,2020-21|2021-22|2022-23|2023-24|2024-25|2025-26,2024-25|2025-26,2024-25|2025-26,2,true,true,,,unavailable,Unique name + team overlap in 2+ seasons
4592187,1631111,Wendell Moore Jr.,wendellmoorejr,HIGH_CONFIDENCE_MULTI_FIELD,unique_name_same_season_team,HIGH_CONFIDENCE_MULTI_FIELD,HIGH_CONFIDENCE_MULTI_FIELD,unique_name_same_season_team,true,2022-23|2023-24|2024-25|2025-26,2024-25|2025-26,2025-26,1,true,true,,,unavailable,Unique name + same canonical team in at least one shared season
4897262,1642954,Will Richard,willrichard,HIGH_CONFIDENCE_MULTI_FIELD,unique_name_same_season_team,HIGH_CONFIDENCE_MULTI_FIELD,HIGH_CONFIDENCE_MULTI_FIELD,unique_name_same_season_team,true,2025-26,2025-26,2025-26,1,true,true,,,unavailable,Unique name + same canonical team in at least one shared season
5144126,1642860,Will Riley,willriley,HIGH_CONFIDENCE_MULTI_FIELD,unique_name_same_season_team,HIGH_CONFIDENCE_MULTI_FIELD,HIGH_CONFIDENCE_MULTI_FIELD,unique_name_same_season_team,true,2025-26,2025-26,2025-26,1,true,true,,,unavailable,Unique name + same canonical team in at least one shared season
4277964,1630214,Xavier Tillman,xaviertillman,HIGH_CONFIDENCE_MULTI_FIELD,unique_name_same_season_team,HIGH_CONFIDENCE_MULTI_FIELD,HIGH_CONFIDENCE_MULTI_FIELD,unique_name_same_season_team,true,2020-21|2021-22|2022-23|2023-24|2024-25|2025-26,2024-25|2025-26,2024-25,1,true,true,,,unavailable,Unique name + same canonical team in at least one shared season
5217746,1642905,Yang Hansen,yanghansen,HIGH_CONFIDENCE_MULTI_FIELD,unique_name_same_season_team,HIGH_CONFIDENCE_MULTI_FIELD,HIGH_CONFIDENCE_MULTI_FIELD,unique_name_same_season_team,true,2025-26,2025-26,2025-26,1,true,true,,,unavailable,Unique name + same canonical team in at least one shared season
5108024,1642949,Yanic Konan Niederhauser,yanickonanniederhauser,HIGH_CONFIDENCE_MULTI_FIELD,unique_name_same_season_team,HIGH_CONFIDENCE_MULTI_FIELD,HIGH_CONFIDENCE_MULTI_FIELD,unique_name_same_season_team,true,2025-26,2025-26,2025-26,1,true,true,,,unavailable,Unique name + same canonical team in at least one shared season
5159895,1642530,Yuki Kawamura,yukikawamura,VERIFIED_MULTI_FIELD,unique_name_multi_season_team_overlap,VERIFIED_MULTI_FIELD,VERIFIED_MULTI_FIELD,unique_name_multi_season_team_overlap,true,2024-25|2025-26,2024-25|2025-26,2024-25|2025-26,2,true,true,,,unavailable,Unique name + team overlap in 2+ seasons
4432957,1641879,Yuri Collins,yuricollins,HIGH_CONFIDENCE_MULTI_FIELD,unique_name_same_season_team,HIGH_CONFIDENCE_MULTI_FIELD,HIGH_CONFIDENCE_MULTI_FIELD,unique_name_same_season_team,true,2024-25,2024-25,2024-25,1,true,true,,,unavailable,Unique name + same canonical team in at least one shared season
5061589,1642274,Yves Missi,yvesmissi,VERIFIED_MULTI_FIELD,unique_name_multi_season_team_overlap,VERIFIED_MULTI_FIELD,VERIFIED_MULTI_FIELD,unique_name_multi_season_team_overlap,true,2024-25|2025-26,2024-25|2025-26,2024-25|2025-26,2,true,true,,,unavailable,Unique name + team overlap in 2+ seasons
5211175,1642258,Zaccharie Risacher,zaccharierisacher,HIGH_CONFIDENCE_MULTI_FIELD,unique_name_same_season_team,HIGH_CONFIDENCE_MULTI_FIELD,HIGH_CONFIDENCE_MULTI_FIELD,unique_name_same_season_team,true,2024-25|2025-26,2024-25|2025-26,2024-25,1,true,true,,,unavailable,Unique name + same canonical team in at least one shared season
4066650,1628380,Zach Collins,zachcollins,HIGH_CONFIDENCE_MULTI_FIELD,unique_name_same_season_team,HIGH_CONFIDENCE_MULTI_FIELD,HIGH_CONFIDENCE_MULTI_FIELD,unique_name_same_season_team,true,2021-22|2022-23|2023-24|2024-25|2025-26,2024-25|2025-26,2025-26,1,true,true,,,unavailable,Unique name + same canonical team in at least one shared season
4600663,1641744,Zach Edey,zachedey,VERIFIED_MULTI_FIELD,unique_name_multi_season_team_overlap,VERIFIED_MULTI_FIELD,VERIFIED_MULTI_FIELD,unique_name_multi_season_team_overlap,true,2024-25|2025-26,2024-25|2025-26,2024-25|2025-26,2,true,true,,,unavailable,Unique name + team overlap in 2+ seasons
3064440,203897,Zach LaVine,zachlavine,HIGH_CONFIDENCE_MULTI_FIELD,unique_name_same_season_team,HIGH_CONFIDENCE_MULTI_FIELD,HIGH_CONFIDENCE_MULTI_FIELD,unique_name_same_season_team,true,2020-21|2021-22|2022-23|2023-24|2024-25|2025-26,2024-25|2025-26,2025-26,1,true,true,,,unavailable,Unique name + same canonical team in at least one shared season
4431690,1630192,Zeke Nnaji,zekennaji,VERIFIED_MULTI_FIELD,unique_name_multi_season_team_overlap,VERIFIED_MULTI_FIELD,VERIFIED_MULTI_FIELD,unique_name_multi_season_team_overlap,true,2020-21|2021-22|2022-23|2023-24|2024-25|2025-26,2024-25|2025-26,2024-25|2025-26,2,true,true,,,unavailable,Unique name + team overlap in 2+ seasons
4433137,1630533,Ziaire Williams,ziairewilliams,HIGH_CONFIDENCE_MULTI_FIELD,unique_name_same_season_team,HIGH_CONFIDENCE_MULTI_FIELD,HIGH_CONFIDENCE_MULTI_FIELD,unique_name_same_season_team,true,2021-22|2022-23|2023-24|2024-25|2025-26,2024-25|2025-26,2024-25,1,true,true,,,unavailable,Unique name + same canonical team in at least one shared season
4395628,1629627,Zion Williamson,zionwilliamson,VERIFIED_MULTI_FIELD,unique_name_multi_season_team_overlap,VERIFIED_MULTI_FIELD,VERIFIED_MULTI_FIELD,unique_name_multi_season_team_overlap,true,2020-21|2022-23|2023-24|2024-25|2025-26,2024-25|2025-26,2024-25|2025-26,2,true,true,,,unavailable,Unique name + team overlap in 2+ seasons
4592979,1642389,Zyon Pullin,zyonpullin,HIGH_CONFIDENCE_MULTI_FIELD,unique_name_same_season_team,HIGH_CONFIDENCE_MULTI_FIELD,HIGH_CONFIDENCE_MULTI_FIELD,unique_name_same_season_team,true,2025-26,2025-26,2025-26,1,true,true,,,unavailable,Unique name + same canonical team in at least one shared season
