season,playerId,playerName,teamId,teamStintCombinedAppearances,observedRawStintAttributedValue,gamesWithTeam,firstGameDate,lastGameDate
2024-25,101108,Chris Paul,1610612759,9301,-60.335435348399386,80,2024-10-24,2025-04-13
2024-25,1626143,Jahlil Okafor,1610612754,15,1.0999980959655136,1,2025-02-11,2025-02-11
2024-25,1626145,Tyus Jones,1610612756,8820,3.6417449717673662,81,2024-10-23,2025-04-13
2024-25,1626153,Delon Wright,1610612749,1665,-10.338845002670313,26,2024-10-23,2025-02-03
2024-25,1626153,Delon Wright,1610612752,906,-4.09679344803219,14,2025-02-08,2025-04-13
2024-25,1626156,D'Angelo Russell,1610612747,3198,-31.739193872077205,29,2024-10-22,2024-12-28
2024-25,1626156,D'Angelo Russell,1610612751,2948,-51.86681216915986,29,2025-01-01,2025-04-03
2024-25,1626157,Karl-Anthony Towns,1610612752,10077,84.15835586316994,72,2024-10-22,2025-04-10
2024-25,1626158,Richaun Holmes,1610612764,2259,30.06385788240536,30,2024-11-08,2025-04-02
2024-25,1626162,Kelly Oubre Jr.,1610612755,8388,16.378740058764357,60,2024-10-23,2025-03-12
2024-25,1626164,Devin Booker,1610612756,11430,-19.744569957290302,75,2024-10-23,2025-04-11
2024-25,1626166,Cameron Payne,1610612752,4428,13.504860938950669,72,2024-10-22,2025-04-13
2024-25,1626167,Myles Turner,1610612754,8645,37.972229244720616,70,2024-10-23,2025-04-13
2024-25,1626168,Trey Lyles,1610612758,5483,-31.22144093533523,69,2024-10-24,2025-04-13
2024-25,1626171,Bobby Portis,1610612749,5132,-40.52263969793164,48,2024-10-23,2025-04-11
2024-25,1626172,Kevon Looney,1610612744,4598,30.297246747954443,76,2024-10-23,2025-04-13
2024-25,1626179,Terry Rozier,1610612748,6584,-112.46672214196349,63,2024-10-23,2025-04-13
2024-25,1626181,Norman Powell,1610612746,8057,170.71641432023654,60,2024-10-23,2025-04-13
2024-25,1626192,Pat Connaughton,1610612749,2454,-17.644308055784716,41,2024-10-23,2025-04-13
2024-25,1626196,Josh Richardson,1610612748,578,-14.8242826266261,7,2024-11-04,2024-11-18
2024-25,1626204,Larry Nance Jr.,1610612737,1998,16.913999344028074,24,2024-10-28,2025-02-10
2024-25,1626220,Royce O'Neale,1610612756,7432,14.489402509149112,75,2024-10-23,2025-04-13
2024-25,1627732,Ben Simmons,1610612746,1180,-24.914158935063373,18,2025-02-13,2025-04-13
2024-25,1627732,Ben Simmons,1610612751,3300,-84.76254060475769,33,2024-10-23,2025-02-05
2024-25,1627734,Domantas Sabonis,1610612758,10119,60.020192688572244,70,2024-10-24,2025-04-13
2024-25,1627736,Malik Beasley,1610612765,9795,120.02385779853634,82,2024-10-23,2025-04-13
2024-25,1627739,Kris Dunn,1610612746,7311,18.17225416483897,74,2024-10-23,2025-04-13
2024-25,1627741,Buddy Hield,1610612744,7528,33.74036475267799,82,2024-10-23,2025-04-13
2024-25,1627742,Brandon Ingram,1610612740,2446,-15.421593794507212,18,2024-10-23,2024-12-07
2024-25,1627746,Skal Labissiere,1610612758,42,-0.563035562499829,3,2025-03-03,2025-03-10
2024-25,1627747,Caris LeVert,1610612737,2951,17.645972554588553,26,2025-02-08,2025-04-11
2024-25,1627747,Caris LeVert,1610612739,3828,-0.42216343232947046,38,2024-10-23,2025-02-05
2024-25,1627749,Dejounte Murray,1610612740,4195,-77.66011377180529,31,2024-10-23,2025-01-31
2024-25,1627750,Jamal Murray,1610612743,10017,47.31080796653753,67,2024-10-24,2025-04-13
2024-25,1627751,Jakob Poeltl,1610612761,7060,73.8620317670233,57,2024-10-23,2025-04-04
2024-25,1627752,Taurean Prince,1610612749,8916,-10.092798776785676,79,2024-10-23,2025-04-11
2024-25,1627759,Jaylen Brown,1610612738,8799,-17.85707749733454,63,2024-10-22,2025-04-08
2024-25,1627763,Malcolm Brogdon,1610612764,2359,2.3524998901151277,24,2024-11-17,2025-02-12
2024-25,1627777,Georges Niang,1610612737,2745,-15.405692397470224,28,2025-02-08,2025-04-11
2024-25,1627777,Georges Niang,1610612739,4422,-5.316142072446009,51,2024-10-23,2025-02-05
2024-25,1627780,Gary Payton II,1610612744,3791,53.32392011243242,62,2024-10-23,2025-04-13
2024-25,1627783,Pascal Siakam,1610612754,10334,128.26846584916083,76,2024-10-23,2025-04-10
2024-25,1627814,Damion Lee,1610612756,604,2.449731534122542,25,2024-10-26,2025-04-13
2024-25,1627824,Guerschon Yabusele,1610612755,7585,-22.508386006592936,70,2024-10-23,2025-04-05
2024-25,1627826,Ivica Zubac,1610612746,10739,138.89645075974073,80,2024-10-23,2025-04-13
2024-25,1627827,Dorian Finney-Smith,1610612747,4942,5.188027687682278,43,2024-12-31,2025-04-11
2024-25,1627827,Dorian Finney-Smith,1610612751,2317,15.935144791385957,20,2024-10-23,2024-12-27
2024-25,1627832,Fred VanVleet,1610612745,8397,36.68088708410638,59,2024-10-23,2025-04-13
2024-25,1627884,Derrick Jones Jr.,1610612746,7733,68.21650750590577,77,2024-10-23,2025-04-13
2024-25,1627936,Alex Caruso,1610612760,4268,63.942892211011944,53,2024-10-24,2025-04-09
2024-25,1628365,Markelle Fultz,1610612758,766,-12.292440915807244,21,2025-02-21,2025-04-13
2024-25,1628366,Lonzo Ball,1610612741,3363,12.775169088073913,35,2024-10-23,2025-02-28
2024-25,1628368,De'Aaron Fox,1610612758,6905,47.962261220342846,45,2024-10-24,2025-02-01
2024-25,1628368,De'Aaron Fox,1610612759,2430,-44.786215131105976,17,2025-02-05,2025-03-12
2024-25,1628369,Jayson Tatum,1610612738,10587,54.763244620990676,72,2024-10-22,2025-04-11
2024-25,1628370,Malik Monk,1610612758,8545,-63.185599354255444,65,2024-10-24,2025-04-07
2024-25,1628371,Jonathan Isaac,1610612753,4369,11.300282074489465,71,2024-10-23,2025-04-13
2024-25,1628374,Lauri Markkanen,1610612762,6152,34.23759932054056,47,2024-10-23,2025-03-17
2024-25,1628378,Donovan Mitchell,1610612739,9308,93.31412516785728,71,2024-10-23,2025-04-06
2024-25,1628379,Luke Kennard,1610612763,6333,18.437046978507286,65,2024-11-06,2025-04-11
2024-25,1628380,Zach Collins,1610612741,2303,3.7886249240887815,28,2025-02-11,2025-04-13
2024-25,1628380,Zach Collins,1610612759,1736,-2.3290538445769906,34,2024-10-24,2025-02-01
2024-25,1628381,John Collins,1610612762,5113,67.94100762031005,40,2024-10-23,2025-03-12
2024-25,1628384,OG Anunoby,1610612752,10928,117.63242796433023,74,2024-10-22,2025-04-11
2024-25,1628386,Jarrett Allen,1610612739,9655,135.30294743988773,82,2024-10-23,2025-04-13
2024-25,1628389,Bam Adebayo,1610612748,10589,-49.30905994213981,77,2024-10-23,2025-04-11
2024-25,1628392,Isaiah Hartenstein,1610612760,6484,-22.785721187090996,56,2024-11-20,2025-04-08
2024-25,1628396,Tony Bradley,1610612754,486,11.911577608811548,13,2025-03-02,2025-04-13
2024-25,1628398,Kyle Kuzma,1610612749,4447,-70.4382320956911,33,2025-02-07,2025-04-13
2024-25,1628398,Kyle Kuzma,1610612764,3811,-64.54657801621913,32,2024-10-24,2025-02-03
2024-25,1628401,Derrick White,1610612738,10451,52.13176480553217,76,2024-10-22,2025-04-11
2024-25,1628404,Josh Hart,1610612752,11694,6.840491919875354,77,2024-10-22,2025-04-11
2024-25,1628408,PJ Dozier,1610612750,149,0.5327079499218266,9,2024-11-02,2024-12-23
2024-25,1628415,Dillon Brooks,1610612745,9518,77.00329844697019,74,2024-10-23,2025-04-13
2024-25,1628418,Thomas Bryant,1610612748,406,4.110616256420537,9,2024-10-23,2024-12-08
2024-25,1628418,Thomas Bryant,1610612754,3489,-1.170231336837651,54,2024-12-15,2025-04-13
2024-25,1628420,Monté Morris,1610612756,2343,17.805995909104617,45,2024-10-23,2025-04-13
2024-25,1628427,Vlatko Čančar,1610612743,560,-7.2357428504481724,13,2024-10-24,2025-04-04
2024-25,1628436,Luke Kornet,1610612738,5296,73.09437518998138,73,2024-10-22,2025-04-13
2024-25,1628449,Chris Boucher,1610612761,3459,70.5311890194672,49,2024-10-23,2025-02-26
2024-25,1628464,Daniel Theis,1610612740,2604,-36.6605067646013,38,2024-10-23,2025-01-29
2024-25,1628467,Maxi Kleber,1610612742,2673,-47.425074152019185,34,2024-10-24,2025-01-25
2024-25,1628470,Torrey Craig,1610612738,788,-12.629819353430179,17,2025-02-12,2025-04-13
2024-25,1628470,Torrey Craig,1610612741,477,12.933492237933839,9,2024-10-30,2024-12-30
2024-25,1628960,Grayson Allen,1610612756,6277,10.600893264351598,64,2024-10-23,2025-04-13
2024-25,1628963,Marvin Bagley III,1610612763,414,-2.6509554671303364,12,2025-02-20,2025-04-13
2024-25,1628963,Marvin Bagley III,1610612764,756,8.195690440964036,18,2024-10-24,2024-12-23
2024-25,1628964,Mo Bamba,1610612740,231,-4.280861600976108,4,2025-03-11,2025-03-17
2024-25,1628964,Mo Bamba,1610612746,1414,-13.855681320873359,28,2024-11-17,2025-01-27
2024-25,1628969,Mikal Bridges,1610612752,12218,-6.742645304717812,82,2024-10-22,2025-04-13
2024-25,1628970,Miles Bridges,1610612766,8345,57.0691068140477,64,2024-10-23,2025-04-08
2024-25,1628971,Bruce Brown,1610612740,2356,-22.104888120599256,23,2025-02-12,2025-04-08
2024-25,1628971,Bruce Brown,1610612761,1443,-0.4664299798338923,18,2024-12-29,2025-02-05
2024-25,1628973,Jalen Brunson,1610612752,9338,49.644175823945886,65,2024-10-22,2025-04-11
2024-25,1628975,Jevon Carter,1610612741,1366,1.2614885818936847,35,2024-10-26,2025-04-13
2024-25,1628976,Wendell Carter Jr.,1610612753,7120,-21.663763804849754,68,2024-10-23,2025-04-13
2024-25,1628978,Donte DiVincenzo,1610612750,6658,27.601265943527704,62,2024-10-22,2025-04-13
2024-25,1628981,Bruno Fernando,1610612761,640,-1.8716600563839871,16,2024-10-23,2024-12-31
2024-25,1628983,Shai Gilgeous-Alexander,1610612760,10880,300.769723363203,75,2024-10-24,2025-04-08
2024-25,1628988,Aaron Holiday,1610612745,3271,21.73116375314573,61,2024-10-25,2025-04-13
2024-25,1628989,Kevin Huerter,1610612741,3331,24.55962182893472,26,2025-02-08,2025-04-13
2024-25,1628989,Kevin Huerter,1610612758,3795,-14.244673383365772,43,2024-10-24,2025-02-01
2024-25,1628991,Jaren Jackson Jr.,1610612763,9713,135.44099933095353,74,2024-10-26,2025-04-11
2024-25,1628995,Kevin Knox II,1610612744,349,-8.399751898883322,14,2025-02-21,2025-04-11
2024-25,1628997,Caleb Martin,1610612742,1133,-9.627267589794833,14,2025-03-07,2025-04-13
2024-25,1628997,Caleb Martin,1610612755,3774,-38.03603851099948,31,2024-10-23,2025-01-10
2024-25,1628998,Cody Martin,1610612756,849,-12.569602481602272,14,2025-03-16,2025-04-13
2024-25,1628998,Cody Martin,1610612766,3968,7.393194767295197,39,2024-10-23,2025-01-24
2024-25,1629001,De'Anthony Melton,1610612744,527,7.78686155357407,6,2024-10-23,2024-11-12
2024-25,1629003,Shake Milton,1610612747,1381,-20.94073668265266,30,2024-12-31,2025-04-13
2024-25,1629003,Shake Milton,1610612751,2026,12.089313939904839,27,2024-10-23,2024-12-27
2024-25,1629004,Svi Mykhailiuk,1610612762,3140,-31.622157893032437,38,2024-11-02,2025-04-13
2024-25,1629006,Josh Okogie,1610612756,1417,21.655524145874075,25,2024-11-08,2025-01-11
2024-25,1629006,Josh Okogie,1610612766,1107,30.870046489406125,15,2025-01-20,2025-04-13
2024-25,1629008,Michael Porter Jr.,1610612743,10812,46.574937205213445,77,2024-10-24,2025-04-13
2024-25,1629011,Mitchell Robinson,1610612752,1139,11.461018213072522,17,2025-02-28,2025-04-11
2024-25,1629012,Collin Sexton,1610612762,7276,38.864155149718364,63,2024-10-23,2025-04-09
2024-25,1629013,Landry Shamet,1610612752,3088,23.78082788133359,50,2024-12-23,2025-04-13
2024-25,1629014,Anfernee Simons,1610612757,9310,23.314824896325508,70,2024-10-23,2025-03-30
2024-25,1629018,Gary Trent Jr.,1610612749,7728,63.21192650009308,73,2024-10-23,2025-04-11
2024-25,1629020,Jarred Vanderbilt,1610612747,2355,-15.542310024627104,36,2025-01-25,2025-04-11
2024-25,1629021,Moritz Wagner,1610612753,2282,34.97488353439634,30,2024-10-23,2024-12-21
2024-25,1629022,Lonnie Walker IV,1610612755,1994,-0.35941667245753484,20,2025-02-22,2025-04-13
2024-25,1629023,P.J. Washington,1610612742,7641,6.743323177825152,57,2024-10-24,2025-04-11
2024-25,1629026,Kenrich Williams,1610612760,4632,27.620699498761336,68,2024-11-11,2025-04-13
2024-25,1629027,Trae Young,1610612737,11689,-162.28819197084323,75,2024-10-23,2025-04-11
2024-25,1629028,Deandre Ayton,1610612757,4954,-20.030703927724073,40,2024-10-23,2025-02-10
2024-25,1629029,Luka Dončić,1610612742,3348,42.0350191791835,22,2024-10-24,2024-12-25
2024-25,1629029,Luka Dončić,1610612747,4020,18.123766381980026,28,2025-02-10,2025-04-11
2024-25,1629048,Goga Bitadze,1610612753,5644,58.37490541074773,70,2024-10-23,2025-04-13
2024-25,1629052,Oshae Brissett,1610612755,559,-13.065983915286221,6,2025-03-14,2025-03-23
2024-25,1629056,Terence Davis,1610612758,29,-2.9675529059084074,1,2025-04-13,2025-04-13
2024-25,1629057,Robert Williams III,1610612757,1456,17.142659308273988,20,2024-11-08,2025-02-20
2024-25,1629060,Rui Hachimura,1610612747,7480,78.41653083554607,59,2024-10-22,2025-04-11
2024-25,1629098,Jack McVeigh,1610612745,190,-5.243894390804536,9,2024-11-06,2025-04-11
2024-25,1629111,Jock Landale,1610612745,2153,-0.5432465370912533,42,2024-10-23,2025-04-13
2024-25,1629130,Duncan Robinson,1610612748,7165,40.57587597092223,74,2024-10-23,2025-04-13
2024-25,1629162,Jordan McLaughlin,1610612758,748,-1.7930762394742819,28,2024-10-26,2025-02-01
2024-25,1629162,Jordan McLaughlin,1610612759,508,19.423723972723398,18,2025-02-12,2025-04-13
2024-25,1629216,Gabe Vincent,1610612747,6205,-25.252739363323187,72,2024-10-22,2025-04-11
2024-25,1629234,Drew Eubanks,1610612746,698,-15.422342138229933,23,2025-02-04,2025-04-11
2024-25,1629234,Drew Eubanks,1610612762,2374,-5.290048708688982,37,2024-10-25,2025-01-30
2024-25,1629312,Haywood Highsmith,1610612748,7260,-2.5520934098920196,73,2024-10-23,2025-04-13
2024-25,1629599,Amir Coffey,1610612746,7136,31.671381749004567,72,2024-10-23,2025-04-13
2024-25,1629610,DaQuan Jeffries,1610612766,4315,-22.98883666234446,47,2024-12-05,2025-04-13
2024-25,1629611,Terance Mann,1610612737,2876,13.99243116723018,30,2025-02-08,2025-04-13
2024-25,1629611,Terance Mann,1610612746,2935,-19.42895959300902,37,2024-10-23,2025-02-04
2024-25,1629614,Andrew Nembhard,1610612754,7546,-85.66284336590957,63,2024-10-23,2025-04-13
2024-25,1629618,Jalen Pickett,1610612743,2695,-27.70190381537249,49,2024-10-24,2025-04-13
2024-25,1629622,Max Strus,1610612739,5381,-2.8568845991358036,50,2024-12-20,2025-04-11
2024-25,1629626,Bol Bol,1610612756,1903,11.831307813894695,36,2024-11-13,2025-04-13
2024-25,1629627,Zion Williamson,1610612740,3647,76.13346673984353,30,2024-10-25,2025-03-19
2024-25,1629628,RJ Barrett,1610612761,7729,-32.64503738883929,58,2024-10-28,2025-04-09
2024-25,1629629,Cam Reddish,1610612747,2518,-13.950016108604377,33,2024-10-30,2025-03-20
2024-25,1629630,Ja Morant,1610612763,6603,0.6299553413527074,50,2024-10-23,2025-04-11
2024-25,1629631,De'Andre Hunter,1610612737,4517,62.17188819242054,36,2024-10-23,2025-02-05
2024-25,1629631,De'Andre Hunter,1610612739,2813,50.33231207348467,27,2025-02-10,2025-04-10
2024-25,1629632,Coby White,1610612741,10460,26.833509108317525,74,2024-10-23,2025-04-13
2024-25,1629634,Brandon Clarke,1610612763,5288,64.77865394662236,64,2024-10-23,2025-03-19
2024-25,1629636,Darius Garland,1610612739,9684,67.81971607366003,75,2024-10-23,2025-04-11
2024-25,1629637,Jaxson Hayes,1610612747,4526,45.25260470828526,56,2024-10-22,2025-04-11
2024-25,1629638,Nickeil Alexander-Walker,1610612750,8480,-4.481140940115516,82,2024-10-22,2025-04-13
2024-25,1629639,Tyler Herro,1610612748,10901,75.18966502553951,76,2024-10-23,2025-04-11
2024-25,1629640,Keldon Johnson,1610612759,7505,47.699375209241815,75,2024-10-24,2025-04-13
2024-25,1629643,Chuma Okeke,1610612739,90,-1.511407042640377,1,2025-04-13,2025-04-13
2024-25,1629643,Chuma Okeke,1610612755,736,5.440613762423611,7,2025-02-07,2025-03-24
2024-25,1629645,Kevin Porter Jr.,1610612746,3612,-76.23059565228469,45,2024-10-23,2025-02-04
2024-25,1629645,Kevin Porter Jr.,1610612749,2461,33.703751407396915,30,2025-02-10,2025-04-11
2024-25,1629646,Charles Bassey,1610612759,1568,-3.6432100033477184,34,2024-10-24,2025-04-04
2024-25,1629650,Moses Brown,1610612742,305,11.668509417292727,4,2025-02-21,2025-03-01
2024-25,1629650,Moses Brown,1610612754,212,1.9192476779812888,9,2024-11-20,2024-12-04
2024-25,1629651,Nic Claxton,1610612751,7622,-14.84250724687555,70,2024-10-23,2025-04-13
2024-25,1629652,Luguentz Dort,1610612760,8626,40.07611303532335,70,2024-10-24,2025-04-08
2024-25,1629655,Daniel Gafford,1610612742,5145,80.24380409793702,57,2024-10-24,2025-04-13
2024-25,1629656,Quentin Grimes,1610612742,4404,15.396540821617226,47,2024-10-24,2025-02-02
2024-25,1629656,Quentin Grimes,1610612755,3859,3.66536817312792,28,2025-02-07,2025-04-13
2024-25,1629659,Talen Horton-Tucker,1610612741,3122,7.641088525704834,57,2024-10-23,2025-04-13
2024-25,1629660,Ty Jerome,1610612739,5795,104.42131673400937,70,2024-10-23,2025-04-10
2024-25,1629661,Cameron Johnson,1610612751,7215,74.97505946775968,57,2024-10-23,2025-03-29
2024-25,1629667,Jalen McDaniels,1610612764,33,1.80786614358121,4,2025-02-23,2025-03-01
2024-25,1629669,Jaylen Nowell,1610612740,661,-9.655079202223392,8,2024-11-03,2024-11-19
2024-25,1629673,Jordan Poole,1610612764,8417,35.276438845547666,67,2024-10-24,2025-04-08
2024-25,1629674,Neemias Queta,1610612738,3323,4.508258383123871,59,2024-10-24,2025-04-13
2024-25,1629675,Naz Reid,1610612750,9046,88.33117431969998,80,2024-10-22,2025-04-13
2024-25,1629680,Matisse Thybulle,1610612757,1316,26.875123236256645,15,2025-03-16,2025-04-13
2024-25,1629684,Grant Williams,1610612766,1958,4.498524720284101,16,2024-10-23,2024-11-23
2024-25,1629723,John Konchar,1610612763,2491,14.677538825966337,46,2024-10-23,2025-04-13
2024-25,1629726,Garrison Mathews,1610612737,3507,15.10516637660264,47,2024-10-25,2025-04-13
2024-25,1629731,Dean Wade,1610612739,5213,5.696062540935786,59,2024-10-23,2025-04-11
2024-25,1629750,Javonte Green,1610612739,659,-4.704067661593051,16,2025-02-25,2025-04-13
2024-25,1629750,Javonte Green,1610612740,4495,-6.464747556371864,50,2024-10-23,2025-02-13
2024-25,1630162,Anthony Edwards,1610612750,11610,94.65046398218729,79,2024-10-22,2025-04-13
2024-25,1630163,LaMelo Ball,1610612766,6267,-2.257928323520014,47,2024-10-23,2025-03-25
2024-25,1630164,James Wiseman,1610612754,23,-0.7704503692697642,1,2024-10-23,2024-10-23
2024-25,1630165,Killian Hayes,1610612751,678,-7.205519502682977,6,2025-02-20,2025-03-01
2024-25,1630166,Deni Avdija,1610612757,8956,67.99631692485598,72,2024-10-23,2025-04-04
2024-25,1630167,Obi Toppin,1610612754,6381,48.53655790508225,77,2024-10-23,2025-04-13
2024-25,1630168,Onyeka Okongwu,1610612737,8921,66.66259616777046,73,2024-10-23,2025-04-11
2024-25,1630169,Tyrese Haliburton,1610612754,9847,82.82346428475918,71,2024-10-23,2025-04-10
2024-25,1630170,Devin Vassell,1610612759,7989,15.794687864889879,62,2024-11-09,2025-04-09
2024-25,1630171,Isaac Okoro,1610612739,4345,33.15630474989655,55,2024-10-23,2025-04-11
2024-25,1630172,Patrick Williams,1610612741,6807,-86.6938449646509,63,2024-10-23,2025-04-13
2024-25,1630173,Precious Achiuwa,1610612752,4884,-32.011530276559206,57,2024-12-05,2025-04-13
2024-25,1630174,Aaron Nesmith,1610612754,4464,88.28396142163774,43,2024-10-23,2025-04-13
2024-25,1630175,Cole Anthony,1610612753,4952,-34.8065812616414,67,2024-10-23,2025-04-13
2024-25,1630178,Tyrese Maxey,1610612755,7776,45.20167022700347,52,2024-10-23,2025-03-03
2024-25,1630182,Josh Green,1610612766,7785,-1.1274773058068586,68,2024-10-25,2025-04-02
2024-25,1630183,Jaden McDaniels,1610612750,10534,79.97045393999693,82,2024-10-22,2025-04-13
2024-25,1630188,Jalen Smith,1610612741,4157,22.622800496985285,64,2024-10-23,2025-04-13
2024-25,1630191,Isaiah Stewart,1610612765,6066,-13.567768061583784,72,2024-10-23,2025-04-10
2024-25,1630192,Zeke Nnaji,1610612743,2487,5.156135095167444,56,2024-10-24,2025-04-13
2024-25,1630193,Immanuel Quickley,1610612761,3787,40.08474597502379,33,2024-10-23,2025-04-09
2024-25,1630194,Paul Reed,1610612765,1827,19.228432858177595,45,2024-10-25,2025-04-13
2024-25,1630198,Isaiah Joe,1610612760,6664,85.28945766598041,73,2024-10-24,2025-04-13
2024-25,1630200,Tre Jones,1610612741,1942,27.256302308897023,18,2025-02-08,2025-03-20
2024-25,1630200,Tre Jones,1610612759,1721,1.4222701596982819,26,2024-10-24,2025-02-01
2024-25,1630201,Malachi Flynn,1610612766,141,0.7274937696792501,4,2025-03-01,2025-03-10
2024-25,1630202,Payton Pritchard,1610612738,9025,149.5016022638094,80,2024-10-22,2025-04-13
2024-25,1630205,Lamar Stevens,1610612763,640,0.24634604014052178,17,2025-03-01,2025-04-13
2024-25,1630208,Nick Richards,1610612756,3319,-25.095797759722377,36,2025-01-18,2025-04-08
2024-25,1630208,Nick Richards,1610612766,1866,-14.532009314107986,21,2024-10-23,2025-01-12
2024-25,1630214,Xavier Tillman,1610612738,926,-36.876490480475596,33,2024-10-22,2025-04-09
2024-25,1630215,Jared Butler,1610612755,2867,-3.5794812063458106,28,2025-02-09,2025-04-13
2024-25,1630215,Jared Butler,1610612764,1504,34.82162347803514,31,2024-10-24,2025-01-30
2024-25,1630217,Desmond Bane,1610612763,9508,62.1310120324611,69,2024-10-23,2025-04-11
2024-25,1630222,Mason Jones,1610612758,171,2.7394814157783496,9,2024-11-11,2025-03-24
2024-25,1630224,Jalen Green,1610612745,10969,27.73517458832224,81,2024-10-23,2025-04-13
2024-25,1630227,Daishen Nix,1610612750,57,-5.938910295282344,3,2024-12-02,2024-12-06
2024-25,1630228,Jonathan Kuminga,1610612744,4641,1.7160519040560773,47,2024-10-23,2025-04-11
2024-25,1630230,Naji Marshall,1610612742,7960,-13.65292826943355,69,2024-10-24,2025-04-13
2024-25,1630231,KJ Martin,1610612755,1936,30.3508040457769,24,2024-10-23,2024-12-23
2024-25,1630231,KJ Martin,1610612762,1904,-23.252374300102456,19,2025-02-21,2025-04-02
2024-25,1630241,Sam Merrill,1610612739,5801,32.87670220217789,71,2024-10-23,2025-04-10
2024-25,1630243,Trevelin Queen,1610612753,1731,-3.4891586265262546,30,2024-10-26,2025-04-11
2024-25,1630245,Ayo Dosunmu,1610612741,5993,-13.453078273363852,46,2024-10-23,2025-02-28
2024-25,1630249,Vít Krejčí,1610612737,4749,33.49915916103922,56,2024-10-23,2025-04-13
2024-25,1630256,Jae'Sean Tate,1610612745,2459,-1.1596907160414702,52,2024-10-25,2025-04-09
2024-25,1630264,Anthony Gill,1610612764,1626,20.088440278595655,48,2024-10-24,2025-04-08
2024-25,1630283,Kylor Kelley,1610612740,233,-5.943770760427209,3,2025-04-10,2025-04-13
2024-25,1630283,Kylor Kelley,1610612742,279,3.534536270717643,8,2025-01-27,2025-02-23
2024-25,1630288,Jeff Dowtin Jr.,1610612755,2535,22.332485884353193,40,2024-10-23,2025-04-11
2024-25,1630296,Braxton Key,1610612744,56,-5.172298200583297,3,2025-04-04,2025-04-11
2024-25,1630311,Pat Spencer,1610612744,1037,-13.399496625022552,39,2024-10-29,2025-04-11
2024-25,1630314,Brandon Williams,1610612742,2040,31.006036451405265,33,2024-10-28,2025-04-13
2024-25,1630322,Lindy Waters III,1610612744,2754,1.7257205777651645,37,2024-10-23,2025-01-31
2024-25,1630322,Lindy Waters III,1610612765,450,3.194615669464331,14,2025-02-11,2025-04-13
2024-25,1630346,Matt Ryan,1610612752,282,-8.434667287646898,19,2024-11-08,2025-02-21
2024-25,1630526,Jeremiah Robinson-Earl,1610612740,5128,-34.365011802403,66,2024-10-23,2025-04-13
2024-25,1630527,Brandon Boston,1610612740,4038,10.314283524392728,42,2024-10-29,2025-02-08
2024-25,1630528,Josh Christopher,1610612748,301,-13.406665053069245,14,2024-12-23,2025-04-13
2024-25,1630529,Herbert Jones,1610612740,2686,12.244547672553423,20,2024-10-23,2025-01-08
2024-25,1630530,Trey Murphy III,1610612740,7827,63.72042984923334,53,2024-11-11,2025-03-17
2024-25,1630531,Jaden Springer,1610612738,512,8.937625488858714,25,2024-10-24,2025-02-02
2024-25,1630531,Jaden Springer,1610612762,960,-9.663431295955395,15,2025-02-21,2025-04-13
2024-25,1630532,Franz Wagner,1610612753,8188,108.61896895875402,60,2024-10-23,2025-04-09
2024-25,1630533,Ziaire Williams,1610612751,6216,-7.757073812716445,63,2024-10-23,2025-04-10
2024-25,1630534,Ochai Agbaji,1610612761,7355,76.02350706030606,64,2024-10-23,2025-04-13
2024-25,1630537,Chris Duarte,1610612741,319,8.130516909037132,17,2024-10-23,2025-02-02
2024-25,1630538,Bones Hyland,1610612746,901,6.884190193332527,20,2024-11-02,2025-02-04
2024-25,1630538,Bones Hyland,1610612750,67,-1.6370120970508169,4,2025-03-16,2025-04-03
2024-25,1630539,Kai Jones,1610612742,1067,43.815841932868004,12,2025-03-03,2025-04-13
2024-25,1630539,Kai Jones,1610612746,814,9.520546016350895,28,2024-10-23,2025-02-12
2024-25,1630540,Miles McBride,1610612752,6500,17.978253043256796,64,2024-10-22,2025-04-13
2024-25,1630541,Moses Moody,1610612744,6827,44.27976958977606,74,2024-10-23,2025-04-13
2024-25,1630542,Marcus Bagley,1610612755,1066,-12.12463515740352,10,2025-03-24,2025-04-13
2024-25,1630543,Isaiah Jackson,1610612754,363,1.6821480836450717,5,2024-10-25,2024-11-01
2024-25,1630544,Tre Mann,1610612766,1304,-6.928675249208993,13,2024-10-23,2024-11-21
2024-25,1630545,Terrence Shannon Jr.,1610612750,1428,7.520092957978062,32,2024-11-02,2025-04-11
2024-25,1630548,Johnny Juzang,1610612762,5273,21.58939074635952,64,2024-10-29,2025-04-13
2024-25,1630549,Day'Ron Sharpe,1610612751,3558,26.870217966918442,50,2024-12-02,2025-03-24
2024-25,1630550,JT Thor,1610612739,173,-2.017093287466163,9,2024-11-17,2025-01-30
2024-25,1630550,JT Thor,1610612764,824,-10.345202437579516,11,2025-03-10,2025-04-11
2024-25,1630551,Justin Champagnie,1610612764,5479,60.877154061548794,62,2024-10-24,2025-04-13
2024-25,1630552,Jalen Johnson,1610612737,5396,17.833020471991972,35,2024-10-23,2025-01-23
2024-25,1630553,Keon Johnson,1610612751,7816,-50.53299794300293,79,2024-10-25,2025-04-13
2024-25,1630556,Kessler Edwards,1610612742,2540,-22.331084844214736,40,2024-10-28,2025-03-25
2024-25,1630557,Corey Kispert,1610612764,6614,6.096126949325952,60,2024-10-24,2025-03-15
2024-25,1630558,Davion Mitchell,1610612748,3689,-0.42028919506679685,30,2025-02-10,2025-04-13
2024-25,1630558,Davion Mitchell,1610612761,4540,-58.023174437537804,44,2024-10-23,2025-02-05
2024-25,1630559,Austin Reaves,1610612747,10582,30.999859504970445,73,2024-10-22,2025-04-11
2024-25,1630560,Cam Thomas,1610612751,3125,-8.369481776309001,25,2024-10-23,2025-03-13
2024-25,1630561,David Duke Jr.,1610612759,141,2.3714603211740624,6,2024-11-06,2025-04-11
2024-25,1630567,Scottie Barnes,1610612761,8958,-58.909981777898345,65,2024-10-23,2025-04-13
2024-25,1630568,Luka Garza,1610612750,926,-11.73364931969589,38,2024-11-02,2025-04-11
2024-25,1630570,Trendon Watford,1610612751,3596,-10.89821628905562,43,2024-11-17,2025-04-13
2024-25,1630572,Sandro Mamukelashvili,1610612759,2680,51.50941802877132,59,2024-10-24,2025-04-13
2024-25,1630573,Sam Hauser,1610612738,6035,67.68592252723519,71,2024-10-22,2025-04-13
2024-25,1630574,Ariel Hukporti,1610612752,874,-24.47348978695745,24,2024-10-25,2025-02-26
2024-25,1630577,Julian Champagnie,1610612759,7917,22.10605887980379,80,2024-10-24,2025-04-13
2024-25,1630578,Alperen Sengun,1610612745,9596,-30.980375717361564,75,2024-10-23,2025-04-13
2024-25,1630579,Jericho Sims,1610612749,843,-7.872162610410255,14,2025-02-20,2025-03-16
2024-25,1630579,Jericho Sims,1610612752,1659,-24.44273931811009,38,2024-10-22,2025-02-04
2024-25,1630581,Josh Giddey,1610612741,8977,-69.7265637882174,70,2024-10-23,2025-04-09
2024-25,1630583,Santi Aldama,1610612763,7119,31.857044510140263,65,2024-10-23,2025-04-11
2024-25,1630585,Marcus Garrett,1610612766,311,-6.608858597542003,4,2025-03-12,2025-03-18
2024-25,1630590,Scotty Pippen Jr.,1610612763,7220,6.666685267818338,79,2024-10-23,2025-04-11
2024-25,1630591,Jalen Suggs,1610612753,4056,-16.783592133798006,35,2024-10-23,2025-01-25
2024-25,1630592,Jalen Wilson,1610612751,8064,-26.109359728197028,79,2024-10-23,2025-04-13
2024-25,1630595,Cade Cunningham,1610612765,10295,-82.8296412913865,70,2024-10-23,2025-04-11
2024-25,1630596,Evan Mobley,1610612739,9051,94.86050182345659,71,2024-10-23,2025-04-11
2024-25,1630598,Aaron Wiggins,1610612760,7221,26.22755798178807,75,2024-10-24,2025-04-13
2024-25,1630600,Isaiah Mobley,1610612755,77,0.4790192795040542,1,2025-04-13,2025-04-13
2024-25,1630604,E.J. Liddell,1610612741,221,1.3027121917975384,12,2024-11-15,2025-04-13
2024-25,1630611,Gui Santos,1610612744,3041,-12.083277995469539,56,2024-10-23,2025-04-11
2024-25,1630618,D.J. Carton,1610612761,151,-3.1224963368942524,4,2024-10-25,2024-11-01
2024-25,1630623,Tyson Etienne,1610612751,642,-13.334745977992586,7,2025-03-28,2025-04-13
2024-25,1630625,Dalano Banton,1610612757,4609,-37.43810207339218,66,2024-10-23,2025-04-13
2024-25,1630631,Jose Alvarado,1610612740,5672,1.0869183769669117,56,2024-10-23,2025-04-13
2024-25,1630639,A.J. Lawson,1610612761,2076,-1.8118240059943032,26,2024-12-23,2025-04-13
2024-25,1630643,Jay Huff,1610612763,3184,41.26524578237709,64,2024-10-23,2025-04-13
2024-25,1630644,Mac McClung,1610612753,39,-3.8139550312785713,2,2024-10-26,2025-03-21
2024-25,1630649,Stanley Umude,1610612749,354,-10.271650474793963,22,2024-11-07,2025-04-13
2024-25,1630658,Colin Castleton,1610612755,398,-0.2957418522037646,5,2025-04-03,2025-04-11
2024-25,1630658,Colin Castleton,1610612761,1180,-4.174300980422377,11,2025-03-07,2025-04-13
2024-25,1630658,Colin Castleton,1610612763,171,-0.7805995308150069,9,2024-10-31,2024-12-31
2024-25,1630678,Terry Taylor,1610612758,26,-0.3061534298589952,3,2025-03-24,2025-03-27
2024-25,1630692,Jordan Goodwin,1610612747,2216,-4.774630575586401,29,2025-02-08,2025-04-13
2024-25,1630695,Micah Potter,1610612762,2933,-35.644408070739274,38,2024-11-27,2025-04-13
2024-25,1630696,Dru Smith,1610612748,1092,20.370353891152437,13,2024-10-23,2024-12-23
2024-25,1630699,MarJon Beauchamp,1610612746,71,-1.1100278157612233,3,2025-02-08,2025-02-23
2024-25,1630699,MarJon Beauchamp,1610612749,503,-2.844218491565515,26,2024-10-23,2025-02-05
2024-25,1630699,MarJon Beauchamp,1610612752,77,0.77881306466677,6,2025-03-10,2025-04-13
2024-25,1630700,Dyson Daniels,1610612737,10870,105.72334688916528,75,2024-10-23,2025-04-11
2024-25,1630702,Jaden Hardy,1610612742,3760,-49.2962526912024,56,2024-10-24,2025-04-13
2024-25,1630703,Scoot Henderson,1610612757,7279,-85.23676895879707,66,2024-10-23,2025-03-27
2024-25,1630762,Phillip Wheeler,1610612755,172,-8.977857616778675,5,2025-03-26,2025-04-03
2024-25,1630811,Keaton Wallace,1610612737,2112,-8.845417135436247,31,2024-10-27,2025-04-13
2024-25,1631093,Jaden Ivey,1610612765,3610,-12.627689985108798,30,2024-10-23,2025-01-01
2024-25,1631094,Paolo Banchero,1610612753,6238,-0.1285155195591751,46,2024-10-23,2025-04-09
2024-25,1631095,Jabari Smith Jr.,1610612745,6903,5.814599072147124,56,2024-10-23,2025-04-06
2024-25,1631096,Chet Holmgren,1610612760,3696,17.819672569598882,32,2024-10-24,2025-04-09
2024-25,1631097,Bennedict Mathurin,1610612754,8810,-14.258899323512583,70,2024-10-23,2025-04-11
2024-25,1631098,Johnny Davis,1610612764,991,4.4687597217370945,32,2024-10-24,2025-02-05
2024-25,1631099,Keegan Murray,1610612758,10655,-5.388184093922004,76,2024-10-24,2025-04-13
2024-25,1631101,Shaedon Sharpe,1610612757,9336,-4.7053969924011305,72,2024-11-07,2025-04-09
2024-25,1631102,TyTy Washington Jr.,1610612756,456,-12.033352678015842,16,2024-11-13,2025-04-13
2024-25,1631103,Malaki Branham,1610612759,1745,7.170098990988548,45,2024-10-24,2025-04-13
2024-25,1631104,Blake Wesley,1610612759,2687,-20.96026014847982,56,2024-10-24,2025-04-13
2024-25,1631105,Jalen Duren,1610612765,8369,58.43524219127484,78,2024-10-23,2025-04-13
2024-25,1631106,Tari Eason,1610612745,5836,104.12464785263303,56,2024-10-23,2025-04-13
2024-25,1631107,Nikola Jović,1610612748,4572,16.298321675007756,45,2024-10-23,2025-02-23
2024-25,1631108,Max Christie,1610612742,4057,-26.643697462759274,32,2025-02-04,2025-04-13
2024-25,1631108,Max Christie,1610612747,4683,7.915101473558319,45,2024-10-22,2025-02-01
2024-25,1631109,Mark Williams,1610612766,4827,62.67458330755104,44,2024-12-03,2025-04-11
2024-25,1631110,Jeremy Sochan,1610612759,5657,1.9882251510286446,52,2024-10-24,2025-03-30
2024-25,1631111,Wendell Moore Jr.,1610612765,896,10.14369238364501,20,2024-10-25,2025-01-31
2024-25,1631111,Wendell Moore Jr.,1610612766,1143,-4.244878223447077,16,2025-02-20,2025-04-13
2024-25,1631114,Jalen Williams,1610612760,9284,40.982903843239086,68,2024-10-24,2025-04-09
2024-25,1631115,Orlando Robinson,1610612758,224,-5.150717698370332,9,2024-11-16,2025-01-05
2024-25,1631115,Orlando Robinson,1610612761,2928,-39.13537370122343,35,2025-01-21,2025-04-09
2024-25,1631116,Patrick Baldwin Jr.,1610612746,26,2.2755513220692163,2,2025-04-02,2025-04-04
2024-25,1631116,Patrick Baldwin Jr.,1610612764,403,17.80930450154817,21,2024-10-24,2025-01-30
2024-25,1631117,Walker Kessler,1610612762,7243,39.79683098750438,58,2024-10-23,2025-04-02
2024-25,1631119,Jaylin Williams,1610612760,3323,6.421222621826818,47,2024-12-23,2025-04-13
2024-25,1631120,JD Davison,1610612738,339,-15.941052203292442,14,2024-10-24,2025-04-13
2024-25,1631121,Bryce McGowens,1610612757,126,-11.147402908353765,13,2024-12-08,2025-03-21
2024-25,1631123,Jamaree Bouyea,1610612749,199,-4.5009735235993675,5,2025-03-05,2025-04-13
2024-25,1631124,Julian Strawther,1610612743,5768,-51.01344052716449,64,2024-10-24,2025-04-13
2024-25,1631127,Harrison Ingram,1610612759,147,5.628974419022952,5,2024-11-06,2025-04-11
2024-25,1631128,Christian Braun,1610612743,11046,156.22136331758819,79,2024-10-24,2025-04-13
2024-25,1631131,Oscar Tshiebwe,1610612762,1093,24.085058795295463,14,2024-11-27,2025-04-13
2024-25,1631132,Christian Koloko,1610612747,1428,0.06372957539623414,36,2024-11-06,2025-04-13
2024-25,1631133,Jabari Walker,1610612757,3140,56.67303802091871,60,2024-10-23,2025-04-13
2024-25,1631157,Ryan Rollins,1610612749,3402,12.761779774136343,55,2024-10-23,2025-04-11
2024-25,1631159,Leonard Miller,1610612750,131,4.128356016015643,13,2024-12-23,2025-04-10
2024-25,1631165,Keon Ellis,1610612758,8023,122.41766541997293,80,2024-10-24,2025-04-13
2024-25,1631166,Drew Timme,1610612751,1050,-10.094059560797993,9,2025-03-28,2025-04-13
2024-25,1631169,Josh Minott,1610612750,1181,9.441271260635617,46,2024-11-02,2025-04-11
2024-25,1631170,Jaime Jaquez Jr.,1610612748,5390,-28.815859215261863,65,2024-10-23,2025-04-13
2024-25,1631172,Ousmane Dieng,1610612760,1655,-7.220948603476658,36,2024-10-24,2025-03-15
2024-25,1631197,Jared Rhoden,1610612761,906,16.637224175324004,10,2025-02-23,2025-04-09
2024-25,1631197,Jared Rhoden,1610612766,49,1.1000650383217823,4,2024-11-04,2024-11-17
2024-25,1631199,Ron Harper Jr.,1610612765,50,-2.451969269853901,1,2025-04-13,2025-04-13
2024-25,1631200,Kris Murray,1610612757,4396,-38.86631791832217,69,2024-10-23,2025-04-13
2024-25,1631204,Marcus Sasser,1610612765,3449,23.289898154618875,57,2024-10-23,2025-04-13
2024-25,1631207,Dalen Terry,1610612741,4286,-3.0905458896574567,73,2024-10-23,2025-04-13
2024-25,1631209,Isaiah Wong,1610612766,1127,-1.8819180181890656,20,2024-12-07,2025-02-12
2024-25,1631210,Jacob Toppin,1610612737,112,0.7961223006987077,1,2025-04-13,2025-04-13
2024-25,1631210,Jacob Toppin,1610612752,184,-5.083977107515417,15,2024-10-25,2025-02-01
2024-25,1631212,Peyton Watson,1610612743,7060,-25.841433069724538,68,2024-10-24,2025-04-13
2024-25,1631213,Tyrese Martin,1610612751,5298,-18.16648975567041,60,2024-10-30,2025-04-13
2024-25,1631214,Alondes Williams,1610612765,13,3.208058315888392,1,2024-11-23,2024-11-23
2024-25,1631216,Caleb Houstan,1610612753,3110,32.54629685681854,58,2024-10-23,2025-04-13
2024-25,1631217,Moussa Diabaté,1610612766,4891,40.93281460936268,71,2024-10-23,2025-04-13
2024-25,1631218,Trayce Jackson-Davis,1610612744,4137,5.168345886666826,62,2024-10-23,2025-04-11
2024-25,1631221,Collin Gillespie,1610612756,1847,14.361880792994988,33,2024-10-26,2025-04-13
2024-25,1631222,Jake LaRavia,1610612758,1472,-8.771833181283137,19,2025-02-08,2025-03-25
2024-25,1631222,Jake LaRavia,1610612763,4216,-0.11732596203531609,47,2024-10-23,2025-02-05
2024-25,1631223,David Roddy,1610612737,1564,-12.848901580101744,27,2024-10-27,2025-01-30
2024-25,1631223,David Roddy,1610612745,144,-3.0429141130685915,3,2025-04-09,2025-04-13
2024-25,1631223,David Roddy,1610612755,115,6.0840047429536215,3,2025-02-20,2025-02-24
2024-25,1631230,Dominick Barlow,1610612737,1602,12.607369577615511,35,2024-11-03,2025-04-13
2024-25,1631232,Keion Brooks Jr.,1610612740,1396,3.0431853450226374,14,2025-02-05,2025-04-13
2024-25,1631243,Mouhamed Gueye,1610612737,2242,2.573869613676041,33,2024-10-27,2025-04-13
2024-25,1631245,Quenton Jackson,1610612754,1621,23.53867013640352,28,2024-10-25,2025-04-13
2024-25,1631246,Vince Williams Jr.,1610612763,2150,-38.903992818393085,27,2024-11-15,2025-04-13
2024-25,1631247,Luke Travers,1610612739,347,-21.78290755544117,11,2024-11-01,2025-04-13
2024-25,1631248,Baylor Scheierman,1610612738,1479,-13.255191973054183,31,2024-10-24,2025-04-13
2024-25,1631250,Pete Nance,1610612749,281,-5.017577602336795,6,2025-03-13,2025-04-13
2024-25,1631250,Pete Nance,1610612755,260,-1.4382258221076631,7,2024-12-30,2025-01-29
2024-25,1631255,Karlo Matković,1610612740,3253,22.34740538796685,42,2024-10-23,2025-04-10
2024-25,1631260,AJ Green,1610612749,6755,30.964909260103944,72,2024-10-23,2025-04-13
2024-25,1631288,Jamal Cain,1610612740,1979,0.5129502353807458,35,2024-10-29,2025-04-13
2024-25,1631301,Jaylen Sims,1610612766,462,3.6921070364992015,6,2025-04-04,2025-04-13
2024-25,1631303,Justin Minaya,1610612757,407,-3.6411685690472053,19,2024-11-25,2025-04-13
2024-25,1631306,Cole Swider,1610612761,676,1.0748926312331495,8,2025-03-26,2025-04-09
2024-25,1631306,Cole Swider,1610612765,53,-1.6634877952297906,2,2024-11-23,2024-11-27
2024-25,1631311,Lester Quinones,1610612740,709,1.9827096660565333,9,2025-03-24,2025-04-13
2024-25,1631311,Lester Quinones,1610612755,71,-4.81287323514427,3,2024-10-23,2024-11-30
2024-25,1631321,Sidy Cissoko,1610612757,238,-3.0496583878240737,5,2025-02-28,2025-04-13
2024-25,1631321,Sidy Cissoko,1610612759,202,5.076068232366618,15,2024-10-30,2025-01-31
2024-25,1631323,Simone Fontecchio,1610612765,5324,-22.076127686285975,75,2024-10-23,2025-04-13
2024-25,1631342,Daeqwon Plowden,1610612737,291,12.759692806610076,6,2025-01-15,2025-04-13
2024-25,1631386,Tazé Moore,1610612757,89,1.1444052583104192,2,2024-11-22,2024-11-25
2024-25,1631466,Nate Williams,1610612745,640,-11.755712531563137,20,2024-10-25,2025-04-13
2024-25,1641705,Victor Wembanyama,1610612759,6024,40.7531725490131,44,2024-10-24,2025-02-12
2024-25,1641706,Brandon Miller,1610612766,3790,12.86262949245876,27,2024-10-23,2025-01-15
2024-25,1641707,Taylor Hendricks,1610612762,322,-3.191046131650535,3,2024-10-23,2024-10-28
2024-25,1641708,Amen Thompson,1610612745,9080,67.21609533149366,68,2024-10-23,2025-04-13
2024-25,1641709,Ausar Thompson,1610612765,5515,53.75089331529624,59,2024-11-25,2025-04-11
2024-25,1641710,Anthony Black,1610612753,7568,-39.939717872805126,78,2024-10-23,2025-04-13
2024-25,1641711,Gradey Dick,1610612761,6624,-13.844021534264074,54,2024-10-23,2025-03-02
2024-25,1641712,Rayan Rupert,1610612757,1978,-9.346739940837818,52,2024-10-23,2025-04-13
2024-25,1641713,GG Jackson,1610612763,1946,-55.394923955403165,29,2025-01-20,2025-04-13
2024-25,1641715,Cam Whitmore,1610612745,3406,8.035460635418083,51,2024-10-23,2025-04-13
2024-25,1641716,Jarace Walker,1610612754,4917,-8.895948652922673,73,2024-10-23,2025-04-13
2024-25,1641717,Cason Wallace,1610612760,7701,58.80539609830421,67,2024-10-24,2025-04-08
2024-25,1641718,Keyonte George,1610612762,8764,-102.94157857534783,67,2024-10-23,2025-04-13
2024-25,1641720,Jalen Hood-Schifino,1610612747,54,1.3671921924796084,1,2024-12-01,2024-12-01
2024-25,1641720,Jalen Hood-Schifino,1610612755,1193,-31.9436065253823,13,2025-03-14,2025-04-13
2024-25,1641721,Maxwell Lewis,1610612747,106,-5.156144406272371,6,2024-11-10,2024-12-08
2024-25,1641721,Maxwell Lewis,1610612751,1218,0.6198501465594144,21,2025-01-01,2025-04-11
2024-25,1641722,Jordan Hawkins,1610612740,5481,-54.5266829372384,56,2024-10-23,2025-03-28
2024-25,1641723,Kobe Bufkin,1610612737,530,-5.5724641867398965,10,2024-11-18,2024-12-08
2024-25,1641724,Jett Howard,1610612753,2912,-35.017166264573916,60,2024-10-23,2025-04-13
2024-25,1641725,Trey Alexander,1610612743,487,-19.983990919221466,23,2024-10-24,2025-04-13
2024-25,1641726,Dereck Lively II,1610612742,3451,39.0712054575255,36,2024-10-24,2025-04-11
2024-25,1641727,Dariq Whitehead,1610612751,1034,10.239605768634389,19,2024-10-27,2025-04-13
2024-25,1641729,Brice Sensabaugh,1610612762,5974,37.26166257368378,71,2024-10-23,2025-04-13
2024-25,1641730,Noah Clowney,1610612751,4216,-15.032727147935823,46,2024-10-23,2025-03-29
2024-25,1641731,Bilal Coulibaly,1610612764,8214,-90.9445695251399,58,2024-10-24,2025-03-10
2024-25,1641732,Colby Jones,1610612758,491,-2.6152710655406617,21,2024-10-28,2025-02-05
2024-25,1641732,Colby Jones,1610612764,1556,3.407676504693432,15,2025-03-11,2025-04-13
2024-25,1641733,Nick Smith Jr.,1610612766,5645,-83.9458612600643,60,2024-11-02,2025-04-11
2024-25,1641734,Emoni Bates,1610612739,302,-6.56403752036107,9,2025-01-20,2025-04-13
2024-25,1641736,Reece Beekman,1610612744,17,1.0422262838731746,2,2024-10-29,2024-10-30
2024-25,1641736,Reece Beekman,1610612751,1876,-8.81553451593062,33,2024-12-19,2025-04-11
2024-25,1641737,Adem Bona,1610612755,3716,16.866236218096777,57,2024-10-23,2025-04-13
2024-25,1641738,Kobe Brown,1610612746,1066,-13.737703166776905,40,2024-11-02,2025-04-09
2024-25,1641739,Toumani Camara,1610612757,10513,35.48676862541099,78,2024-10-23,2025-04-13
2024-25,1641740,Jaylen Clark,1610612750,2157,41.03037380200355,40,2025-01-09,2025-04-13
2024-25,1641741,Ricky Council IV,1610612755,5086,-46.32862730470412,73,2024-10-23,2025-04-13
2024-25,1641744,Zach Edey,1610612763,6097,13.117524631838538,66,2024-10-23,2025-04-11
2024-25,1641745,Adam Flagler,1610612760,808,-31.845036783383886,36,2024-10-24,2025-04-13
2024-25,1641748,Andre Jackson Jr.,1610612749,3953,-59.75685486873132,65,2024-10-23,2025-04-13
2024-25,1641752,Bobi Klintman,1610612765,145,2.8477425142990924,8,2025-01-08,2025-04-13
2024-25,1641753,Chris Livingston,1610612749,408,-12.476459591404625,20,2024-11-12,2025-04-13
2024-25,1641755,Kevin McCullar Jr.,1610612752,124,0.282453843250888,4,2025-03-25,2025-04-13
2024-25,1641757,Jordan Miller,1610612746,1687,-21.547223999480025,37,2024-11-02,2025-04-09
2024-25,1641763,Julian Phillips,1610612741,4675,10.648542514444541,78,2024-10-23,2025-04-13
2024-25,1641764,Brandin Podziemski,1610612744,6993,35.631790772850515,64,2024-10-23,2025-04-13
2024-25,1641765,Olivier-Maxence Prosper,1610612742,2370,-20.083805014290245,51,2024-10-24,2025-03-05
2024-25,1641766,Adama Sanogo,1610612741,88,-1.2832827448637811,4,2024-10-30,2024-12-13
2024-25,1641767,Ben Sheppard,1610612754,5035,-12.045659018981674,61,2024-10-23,2025-04-04
2024-25,1641772,Nae'Qwan Tomlin,1610612739,267,-1.7048118308322446,5,2025-02-20,2025-04-13
2024-25,1641774,Tristan Vukcevic,1610612764,2122,14.369328167926954,35,2024-12-23,2025-04-13
2024-25,1641775,Jordan Walsh,1610612738,1552,-39.01530968159418,49,2024-10-24,2025-04-13
2024-25,1641779,Jalen Bridges,1610612756,117,-1.2015340277572648,8,2024-11-13,2025-04-13
2024-25,1641783,Tristan da Silva,1610612753,6500,-33.56733408350814,74,2024-10-23,2025-04-13
2024-25,1641787,Tosan Evbuomwan,1610612751,2656,9.223748092380573,28,2025-01-04,2025-04-13
2024-25,1641789,Jazian Gortman,1610612742,239,-4.825680134805159,16,2024-10-26,2025-01-25
2024-25,1641790,PJ Hall,1610612743,253,6.686009136658287,19,2024-11-17,2025-03-28
2024-25,1641794,Dillon Jones,1610612760,2322,-50.027147150032455,54,2024-10-24,2025-04-13
2024-25,1641796,Pelle Larsson,1610612748,3071,1.0105573069442801,53,2024-10-23,2025-04-07
2024-25,1641798,Jaylen Martin,1610612751,20,0.4884599793828972,3,2024-10-27,2024-12-23
2024-25,1641798,Jaylen Martin,1610612764,979,-4.080087861884598,13,2025-02-08,2025-04-09
2024-25,1641801,Emanuel Miller,1610612741,90,-0.7791731244785113,5,2025-03-04,2025-04-13
2024-25,1641803,Tristen Newton,1610612750,32,1.3527097279495932,3,2025-01-13,2025-02-13
2024-25,1641803,Tristen Newton,1610612754,43,-4.236413544865287,5,2024-11-18,2024-12-04
2024-25,1641809,Drew Peterson,1610612738,714,-0.23696387926609894,24,2024-10-24,2025-04-13
2024-25,1641810,Antonio Reeves,1610612740,2711,23.85346379912914,44,2024-10-23,2025-04-13
2024-25,1641815,Isaiah Stevens,1610612748,23,0.8298714470722909,3,2025-03-29,2025-04-02
2024-25,1641816,Hunter Tyson,1610612743,1585,-16.151661592595826,50,2024-10-24,2025-04-13
2024-25,1641817,Anton Watson,1610612752,96,-5.998941429375333,9,2025-03-10,2025-04-13
2024-25,1641824,Matas Buzelis,1610612741,6630,6.44825494736089,80,2024-10-23,2025-04-13
2024-25,1641842,Ronald Holland II,1610612765,5334,-16.149392332765323,81,2024-10-23,2025-04-13
2024-25,1641854,Craig Porter Jr.,1610612739,2067,-20.71700109437217,49,2024-10-23,2025-04-13
2024-25,1641857,Liam Robbins,1610612749,233,-5.994622546511476,13,2024-10-31,2025-01-17
2024-25,1641871,Duop Reath,1610612757,1949,-1.8748594914014423,46,2024-10-23,2025-04-11
2024-25,1641878,Damion Baugh,1610612766,1530,-29.2281522255681,15,2025-02-12,2025-04-13
2024-25,1641879,Yuri Collins,1610612744,70,-0.9771315114023428,2,2025-02-23,2025-02-25
2024-25,1641890,Tyler Smith,1610612749,489,8.431002394448832,22,2024-10-23,2025-04-13
2024-25,1641936,Miles Norris,1610612738,130,1.4628739822663859,3,2025-03-06,2025-04-13
2024-25,1641989,Elijah Harkless,1610612762,586,1.6703136609464984,10,2025-01-11,2025-02-10
2024-25,1641998,Trey Jemison III,1610612740,638,-4.747602373207488,16,2024-10-30,2024-12-19
2024-25,1641998,Trey Jemison III,1610612747,892,-16.86951235172381,22,2025-01-17,2025-04-13
2024-25,1642024,Alex Reese,1610612755,993,8.371663987236362,14,2025-03-04,2025-04-09
2024-25,1642024,Alex Reese,1610612760,6,0.9363671584554825,1,2024-10-27,2024-10-27
2024-25,1642050,Jackson Rowe,1610612744,228,2.379699264226978,6,2025-02-05,2025-04-08
2024-25,1642258,Zaccharie Risacher,1610612737,7854,-25.000770408268604,74,2024-10-23,2025-04-13
2024-25,1642259,Alex Sarr,1610612764,7695,-143.39074809824695,66,2024-10-24,2025-04-13
2024-25,1642261,Dalton Knecht,1610612747,5956,15.039236138282849,78,2024-10-22,2025-04-13
2024-25,1642262,Cody Williams,1610612762,4486,-99.2308643611496,50,2024-10-23,2025-03-28
2024-25,1642263,Reed Sheppard,1610612745,2822,-32.91916944613764,52,2024-10-23,2025-04-13
2024-25,1642264,Stephon Castle,1610612759,8820,-134.93357112272537,79,2024-10-24,2025-04-13
2024-25,1642265,Rob Dillingham,1610612750,2124,-46.35164573315357,49,2024-11-02,2025-04-11
2024-25,1642266,Ja'Kobe Walter,1610612761,4721,8.937356093211593,52,2024-11-01,2025-04-06
2024-25,1642267,Bub Carrington,1610612764,10321,-130.49003379627104,81,2024-10-24,2025-04-13
2024-25,1642268,Isaiah Collier,1610612762,7772,-211.13001922759972,71,2024-11-07,2025-04-06
2024-25,1642269,Devin Carter,1610612758,1566,-3.1258279419129082,36,2025-01-03,2025-04-13
2024-25,1642270,Donovan Clingan,1610612757,5452,-1.151717987062768,67,2024-10-23,2025-04-13
2024-25,1642271,Kyle Filipowski,1610612762,6432,6.734418191741801,72,2024-10-25,2025-04-13
2024-25,1642272,Jared McCain,1610612755,2392,19.514922314184187,23,2024-10-23,2024-12-13
2024-25,1642273,Kyshawn George,1610612764,7444,-42.10805191241567,67,2024-10-24,2025-04-13
2024-25,1642274,Yves Missi,1610612740,8030,-61.12317302763037,73,2024-10-23,2025-04-08
2024-25,1642275,Tidjane Salaün,1610612766,4975,-53.41340934769059,60,2024-10-26,2025-04-13
2024-25,1642276,Kel'el Ware,1610612748,5710,19.926358873928443,63,2024-10-23,2025-04-13
2024-25,1642277,Johnny Furphy,1610612754,1577,8.422481231327906,48,2024-10-25,2025-04-13
2024-25,1642278,Tyler Kolek,1610612752,1177,-26.75188138793103,40,2024-10-25,2025-04-13
2024-25,1642279,Ulrich Chomche,1610612761,123,-7.22184977503235,7,2024-10-23,2025-02-11
2024-25,1642280,Trentyn Flowers,1610612746,115,-0.9971852998490822,6,2024-12-04,2025-04-09
2024-25,1642281,Jaylon Tyson,1610612739,1834,-33.56697146987699,45,2024-10-23,2025-04-13
2024-25,1642285,Cam Spencer,1610612763,1115,10.641749387332734,25,2024-11-20,2025-04-13
2024-25,1642345,Oso Ighodaro,1610612756,4222,-15.790171059703976,61,2024-10-23,2025-04-13
2024-25,1642346,Ryan Dunn,1610612756,5655,-18.44666479982753,73,2024-10-23,2025-04-13
2024-25,1642347,Jamal Shead,1610612761,6099,-94.52911587607653,74,2024-10-23,2025-04-13
2024-25,1642348,Justin Edwards,1610612755,4636,-24.21983216570315,44,2024-11-24,2025-04-05
2024-25,1642349,Ajay Mitchell,1610612760,2348,5.172818586302633,35,2024-10-24,2025-04-13
2024-25,1642352,Keshad Johnson,1610612748,414,12.025818304857697,16,2024-12-02,2025-04-13
2024-25,1642353,Cam Christie,1610612746,239,-2.4621067320196737,13,2024-12-04,2025-04-09
2024-25,1642354,KJ Simpson,1610612766,3382,-63.60173627444667,36,2024-11-04,2025-04-13
2024-25,1642355,Bronny James,1610612747,717,-19.9619820597597,26,2024-10-22,2025-04-13
2024-25,1642358,AJ Johnson,1610612749,190,2.2669231468562403,7,2024-10-23,2025-02-03
2024-25,1642358,AJ Johnson,1610612764,2418,-43.19624425901069,22,2025-02-07,2025-04-13
2024-25,1642359,Pacôme Dadiet,1610612752,449,-15.143455792295052,18,2024-10-22,2025-04-13
2024-25,1642366,Quinten Post,1610612744,2699,18.161138816685025,42,2024-12-27,2025-04-13
2024-25,1642367,Jonathan Mogbo,1610612761,5312,-41.24601919837922,62,2024-10-23,2025-04-13
2024-25,1642368,N'Faly Dante,1610612745,218,3.2974458993082956,4,2025-03-03,2025-04-13
2024-25,1642377,Jaylen Wells,1610612763,8654,22.74022559657924,79,2024-10-23,2025-04-08
2024-25,1642382,Branden Carlson,1610612760,1026,-5.336414384984781,32,2024-11-25,2025-04-13
2024-25,1642384,Isaiah Crawford,1610612758,183,3.580732321937068,15,2024-12-08,2025-03-29
2024-25,1642385,Cui Yongxi,1610612751,46,-5.184862747708764,5,2024-10-27,2024-12-02
2024-25,1642389,Zyon Pullin,1610612763,9,-0.9438170491225442,3,2025-02-03,2025-02-12
2024-25,1642399,Jesse Edwards,1610612750,19,-1.7428133117894669,2,2025-03-02,2025-03-04
2024-25,1642402,Enrique Freeman,1610612754,791,-7.0764337642075805,22,2024-10-23,2025-04-13
2024-25,1642403,Isaac Jones,1610612758,1229,9.683997431328354,39,2024-10-28,2025-04-13
2024-25,1642419,Jamison Battle,1610612761,4336,41.032089091223675,58,2024-10-23,2025-04-13
2024-25,1642422,Armel Traoré,1610612747,275,-6.729686533438582,9,2024-11-16,2025-02-04
2024-25,1642434,Riley Minix,1610612759,29,0.18176126092307415,1,2024-11-06,2024-11-06
2024-25,1642439,Quincy Olivari,1610612747,43,-4.924008643306843,2,2024-12-08,2025-01-13
2024-25,1642443,Jahmir Young,1610612741,130,-0.2651239022879642,6,2025-03-04,2025-04-13
2024-25,1642449,Tolu Smith,1610612765,73,-0.06352021486536227,1,2025-04-13,2025-04-13
2024-25,1642450,Daniss Jenkins,1610612765,70,-4.568767266876661,6,2024-10-25,2025-04-13
2024-25,1642461,Spencer Jones,1610612743,515,-12.641033453723601,19,2024-11-02,2025-04-02
2024-25,1642484,RayJ Dennis,1610612754,275,10.679391369257505,9,2025-01-10,2025-04-13
2024-25,1642502,Malevy Leons,1610612760,82,-4.815857455470611,6,2024-11-01,2024-11-15
2024-25,1642505,Alex Ducas,1610612760,511,-6.488152818910867,21,2024-10-24,2025-04-13
2024-25,1642530,Yuki Kawamura,1610612763,371,-9.812785548868948,21,2024-10-25,2025-04-13
2024-25,200768,Kyle Lowry,1610612755,2693,-11.387616483882796,35,2024-10-23,2025-04-07
2024-25,200782,P.J. Tucker,1610612752,225,-4.021036936556685,3,2025-03-19,2025-04-13
2024-25,201142,Kevin Durant,1610612756,9248,67.1835398207793,62,2024-10-23,2025-03-30
2024-25,201143,Al Horford,1610612738,6682,16.276492005952672,60,2024-10-22,2025-04-11
2024-25,201144,Mike Conley,1610612750,7101,22.004517633031934,71,2024-10-22,2025-04-13
2024-25,201145,Jeff Green,1610612745,1626,19.530186261606666,32,2024-11-02,2025-04-13
2024-25,201566,Russell Westbrook,1610612743,9022,-187.2133591469001,75,2024-10-24,2025-04-13
2024-25,201567,Kevin Love,1610612748,1062,-9.709690561618245,23,2024-11-10,2025-03-21
2024-25,201569,Eric Gordon,1610612755,3131,0.40810210460489427,39,2024-10-23,2025-02-09
2024-25,201572,Brook Lopez,1610612749,10423,41.571374427524944,79,2024-10-23,2025-04-11
2024-25,201587,Nicolas Batum,1610612746,5508,36.02865258327433,78,2024-10-23,2025-04-09
2024-25,201599,DeAndre Jordan,1610612743,2840,-16.468504697768505,55,2024-11-02,2025-04-13
2024-25,201935,James Harden,1610612746,11469,-29.809182285707053,79,2024-10-23,2025-04-13
2024-25,201939,Stephen Curry,1610612744,9434,109.73788445163858,70,2024-10-23,2025-04-13
2024-25,201942,DeMar DeRozan,1610612758,11459,89.73848647684602,77,2024-10-24,2025-04-13
2024-25,201949,James Johnson,1610612754,142,-8.658133101998152,12,2024-10-25,2025-03-10
2024-25,201950,Jrue Holiday,1610612738,7860,2.197952472399366,62,2024-10-22,2025-04-11
2024-25,201959,Taj Gibson,1610612766,1649,-13.349008765474961,37,2024-11-02,2025-04-13
2024-25,201988,Patty Mills,1610612746,269,1.2206425338009317,12,2025-02-04,2025-04-05
2024-25,201988,Patty Mills,1610612762,1123,-6.48840894735709,17,2024-10-23,2025-01-28
2024-25,202066,Garrett Temple,1610612761,944,-10.115856118204572,28,2024-10-23,2025-04-13
2024-25,202331,Paul George,1610612755,5404,-30.647571369671166,41,2024-11-04,2025-03-04
2024-25,202681,Kyrie Irving,1610612742,7454,80.38672778159139,50,2024-10-24,2025-03-03
2024-25,202684,Tristan Thompson,1610612739,1319,-41.7408058640132,39,2024-10-23,2025-04-13
2024-25,202685,Jonas Valančiūnas,1610612758,2158,11.404233076725653,32,2025-02-06,2025-04-13
2024-25,202685,Jonas Valančiūnas,1610612764,3906,-21.05017251397062,48,2024-10-24,2025-02-03
2024-25,202687,Bismack Biyombo,1610612759,2171,-26.760784163190834,28,2025-02-12,2025-04-13
2024-25,202691,Klay Thompson,1610612742,8166,-56.24187524416006,72,2024-10-24,2025-04-11
2024-25,202692,Alec Burks,1610612748,3377,43.25334758780453,48,2024-10-26,2025-04-11
2024-25,202693,Markieff Morris,1610612742,141,-11.87807034392779,6,2024-11-06,2025-01-27
2024-25,202693,Markieff Morris,1610612747,493,-8.146326052964946,8,2025-02-08,2025-04-13
2024-25,202695,Kawhi Leonard,1610612746,4736,40.36757727592429,37,2025-01-04,2025-04-13
2024-25,202696,Nikola Vučević,1610612741,9771,83.76076590612429,73,2024-10-23,2025-04-13
2024-25,202699,Tobias Harris,1610612765,9425,53.15092890126373,73,2024-10-23,2025-04-13
2024-25,202704,Reggie Jackson,1610612755,1564,-15.622571485128244,31,2024-10-25,2025-02-05
2024-25,202709,Cory Joseph,1610612753,2465,12.406578613059317,50,2024-10-23,2025-04-11
2024-25,202710,Jimmy Butler III,1610612744,4016,67.09000692844226,30,2025-02-08,2025-04-13
2024-25,202710,Jimmy Butler,1610612748,2954,64.37643175234773,24,2024-10-23,2025-01-21
2024-25,203076,Anthony Davis,1610612742,1100,-23.901434903935485,9,2025-02-08,2025-04-11
2024-25,203076,Anthony Davis,1610612747,5870,66.36489422637412,42,2024-10-22,2025-01-28
2024-25,203078,Bradley Beal,1610612756,7020,-7.005224676240766,53,2024-10-23,2025-04-11
2024-25,203081,Damian Lillard,1610612749,8516,65.55029714572991,57,2024-10-23,2025-03-18
2024-25,203083,Andre Drummond,1610612755,3050,-23.77725965225619,40,2024-10-23,2025-03-12
2024-25,203084,Harrison Barnes,1610612759,9064,104.28958002093428,80,2024-10-24,2025-04-13
2024-25,203109,Jae Crowder,1610612758,421,-4.083231251149914,9,2024-11-27,2025-04-04
2024-25,203110,Draymond Green,1610612744,8372,-117.72819351807745,68,2024-10-23,2025-04-13
2024-25,203114,Khris Middleton,1610612749,2186,12.90138780356919,22,2024-12-06,2025-02-02
2024-25,203114,Khris Middleton,1610612764,1366,2.511196011025193,14,2025-02-21,2025-03-27
2024-25,203458,Alex Len,1610612747,491,-19.012143260513607,10,2025-02-12,2025-04-13
2024-25,203458,Alex Len,1610612758,1019,-14.759745065866136,33,2024-10-24,2025-02-05
2024-25,203468,CJ McCollum,1610612740,7655,-13.146029391291323,56,2024-10-23,2025-03-23
2024-25,203471,Dennis Schröder,1610612744,2512,-40.513695270086366,24,2024-12-19,2025-02-03
2024-25,203471,Dennis Schröder,1610612751,3107,6.771334591823552,23,2024-10-23,2024-12-13
2024-25,203471,Dennis Schröder,1610612765,3044,-40.847805377529795,28,2025-02-09,2025-04-11
2024-25,203482,Kelly Olynyk,1610612740,2066,-4.571891987305274,20,2025-02-21,2025-04-08
2024-25,203482,Kelly Olynyk,1610612761,1609,-8.803897698392156,24,2024-12-07,2025-02-05
2024-25,203484,Kentavious Caldwell-Pope,1610612753,9099,43.569574908018275,77,2024-10-23,2025-04-13
2024-25,203486,Mason Plumlee,1610612756,5231,-26.849418148352033,74,2024-10-23,2025-04-13
2024-25,203497,Rudy Gobert,1610612750,9585,130.71337026869713,72,2024-10-22,2025-04-13
2024-25,203500,Steven Adams,1610612745,3240,-21.1485779016021,55,2024-10-28,2025-04-13
2024-25,203501,Tim Hardaway Jr.,1610612765,8864,-2.547644602961757,77,2024-10-23,2025-04-13
2024-25,203507,Giannis Antetokounmpo,1610612749,9335,140.65940623433724,66,2024-10-23,2025-04-11
2024-25,203552,Seth Curry,1610612766,4319,56.693216492333576,68,2024-10-23,2025-04-11
2024-25,203897,Zach LaVine,1610612741,6187,53.64434208844644,42,2024-10-23,2025-01-27
2024-25,203897,Zach LaVine,1610612758,4703,24.394537297230137,32,2025-02-05,2025-04-13
2024-25,203901,Elfrid Payton,1610612740,1535,-61.38521647383065,18,2024-11-20,2025-04-13
2024-25,203901,Elfrid Payton,1610612766,490,-10.297200213970177,6,2025-02-09,2025-02-24
2024-25,203903,Jordan Clarkson,1610612762,4009,-5.2261997226110335,37,2024-10-23,2025-03-23
2024-25,203914,Gary Harris,1610612753,2862,7.903768856338182,48,2024-10-23,2025-04-13
2024-25,203915,Spencer Dinwiddie,1610612742,8876,-60.94746150164889,79,2024-10-24,2025-04-13
2024-25,203924,Jerami Grant,1610612757,6242,-5.577325298021331,47,2024-10-23,2025-03-09
2024-25,203926,Doug McDermott,1610612758,1386,21.05233190488399,41,2024-10-24,2025-04-13
2024-25,203932,Aaron Gordon,1610612743,5970,56.12810132954857,51,2024-10-24,2025-04-13
2024-25,203935,Marcus Smart,1610612763,1917,-20.810931841226328,19,2024-10-23,2025-02-05
2024-25,203935,Marcus Smart,1610612764,1181,6.161856387235921,15,2025-02-21,2025-04-03
2024-25,203937,Kyle Anderson,1610612744,2292,4.972335993080289,36,2024-10-23,2025-01-31
2024-25,203937,Kyle Anderson,1610612748,1835,5.0295192569752025,25,2025-02-10,2025-04-13
2024-25,203939,Dwight Powell,1610612742,2206,1.735583249902573,54,2024-10-24,2025-04-13
2024-25,203944,Julius Randle,1610612750,8998,-48.37676732611026,69,2024-10-22,2025-04-13
2024-25,203952,Andrew Wiggins,1610612744,5415,49.51932809427229,43,2024-10-23,2025-02-03
2024-25,203952,Andrew Wiggins,1610612748,2216,-12.858609377067076,17,2025-02-10,2025-04-11
2024-25,203954,Joel Embiid,1610612755,2361,-13.02456640731466,19,2024-11-12,2025-02-22
2024-25,203957,Danté Exum,1610612742,1538,1.7827940400412738,20,2025-01-31,2025-04-13
2024-25,203967,Dario Šarić,1610612743,854,-19.320063340540216,16,2024-10-24,2025-04-02
2024-25,203991,Clint Capela,1610612737,4846,-0.05863306923571532,54,2024-10-23,2025-03-10
2024-25,203992,Bogdan Bogdanović,1610612737,2522,-34.11970702395754,23,2024-10-23,2025-01-25
2024-25,203992,Bogdan Bogdanović,1610612746,2939,10.407118394103746,30,2025-02-12,2025-04-13
2024-25,203994,Jusuf Nurkić,1610612756,2451,-41.15509197700766,25,2024-10-23,2025-01-07
2024-25,203994,Jusuf Nurkić,1610612766,1902,-1.4516759389271543,26,2025-02-12,2025-04-13
2024-25,203995,Vasilije Micić,1610612756,94,-3.763797592100578,5,2025-03-02,2025-04-04
2024-25,203995,Vasilije Micić,1610612766,3024,-56.291322497300264,36,2024-10-23,2025-02-03
2024-25,203999,Nikola Jokić,1610612743,10737,287.1242521281218,70,2024-10-24,2025-04-13
2024-25,204001,Kristaps Porziņģis,1610612738,5035,65.56046232178508,42,2024-11-25,2025-04-11
2024-25,204060,Joe Ingles,1610612750,468,-16.315409950762515,18,2024-10-22,2025-03-21
2024-25,204456,T.J. McConnell,1610612754,5905,-31.61402437088423,76,2024-10-23,2025-04-13
2024-25,2544,LeBron James,1610612747,10062,-31.466004664812537,70,2024-10-22,2025-04-11
2025-26,101108,Chris Paul,1610612746,920,-31.564659289238197,16,2025-10-22,2025-12-01
2025-26,1626145,Tyus Jones,1610612742,558,-10.011321557152314,8,2026-02-07,2026-02-27
2025-26,1626145,Tyus Jones,1610612743,479,-14.478732009711285,11,2026-03-05,2026-04-12
2025-26,1626145,Tyus Jones,1610612753,3043,-20.132710127263096,45,2025-10-22,2026-02-03
2025-26,1626156,D'Angelo Russell,1610612742,1995,-57.491923769951775,25,2025-10-22,2026-01-10
2025-26,1626157,Karl-Anthony Towns,1610612752,9409,34.01336926329817,74,2025-10-22,2026-04-10
2025-26,1626162,Kelly Oubre Jr.,1610612755,6594,19.349230068453096,50,2025-10-22,2026-04-12
2025-26,1626164,Devin Booker,1610612756,9091,-3.303882099796321,64,2025-10-22,2026-04-08
2025-26,1626166,Cameron Payne,1610612755,1662,-3.9540257014962212,22,2026-02-19,2026-04-04
2025-26,1626167,Myles Turner,1610612749,7852,3.502402807471407,71,2025-10-22,2026-04-10
2025-26,1626171,Bobby Portis,1610612749,6650,38.790234291021775,67,2025-10-22,2026-03-23
2025-26,1626172,Kevon Looney,1610612740,1304,-9.77013548493358,21,2025-11-02,2026-04-10
2025-26,1626181,Norman Powell,1610612748,7564,124.76320108210832,58,2025-10-22,2026-04-12
2025-26,1626192,Pat Connaughton,1610612766,1098,7.580005508298257,39,2025-10-26,2026-04-07
2025-26,1626204,Larry Nance Jr.,1610612739,1927,-9.727219266967472,35,2025-10-22,2026-04-12
2025-26,1626220,Royce O'Neale,1610612756,9346,4.186977470771229,78,2025-10-22,2026-04-10
2025-26,1627734,Domantas Sabonis,1610612758,2397,-22.14853405631813,19,2025-10-24,2026-02-04
2025-26,1627739,Kris Dunn,1610612746,8988,-26.609256529802266,82,2025-10-22,2026-04-12
2025-26,1627741,Buddy Hield,1610612737,222,0.8101620204615556,7,2026-02-09,2026-04-12
2025-26,1627741,Buddy Hield,1610612744,3091,-9.793786004203431,44,2025-10-21,2026-02-03
2025-26,1627742,Brandon Ingram,1610612761,10501,-4.515845358618468,77,2025-10-22,2026-04-12
2025-26,1627746,Skal Labissiere,1610612764,155,4.745104286064612,3,2026-01-27,2026-02-03
2025-26,1627747,Caris LeVert,1610612765,4704,-54.910492534397314,58,2025-10-22,2026-04-12
2025-26,1627749,Dejounte Murray,1610612740,1633,-12.684787677402015,14,2026-02-24,2026-04-02
2025-26,1627750,Jamal Murray,1610612743,10970,87.44976142310071,75,2025-10-23,2026-04-08
2025-26,1627751,Jakob Poeltl,1610612761,4662,29.397181626816494,46,2025-10-22,2026-04-12
2025-26,1627752,Taurean Prince,1610612749,2540,4.510301502938909,26,2025-10-22,2026-04-12
2025-26,1627759,Jaylen Brown,1610612738,9843,-16.535573689441506,71,2025-10-22,2026-04-10
2025-26,1627780,Gary Payton II,1610612744,4658,53.33360884529472,73,2025-10-21,2026-04-12
2025-26,1627783,Pascal Siakam,1610612754,8690,41.184728732202544,62,2025-10-23,2026-04-03
2025-26,1627824,Guerschon Yabusele,1610612741,2804,-15.23549222835033,26,2026-02-05,2026-04-09
2025-26,1627824,Guerschon Yabusele,1610612752,1509,-21.202219556682188,40,2025-10-22,2026-01-30
2025-26,1627826,Ivica Zubac,1610612746,5543,-9.360732067689359,43,2025-10-22,2026-02-02
2025-26,1627826,Ivica Zubac,1610612754,470,-4.385415607568113,5,2026-03-12,2026-03-18
2025-26,1627827,Dorian Finney-Smith,1610612745,2519,-30.506205186396095,37,2025-12-25,2026-04-12
2025-26,1627884,Derrick Jones Jr.,1610612746,5548,30.227448665502894,50,2025-10-22,2026-04-12
2025-26,1627936,Alex Caruso,1610612760,4205,38.2825005353305,55,2025-10-21,2026-04-08
2025-26,1628365,Markelle Fultz,1610612761,164,-14.341067810647504,5,2026-03-23,2026-03-31
2025-26,1628366,Lonzo Ball,1610612739,3065,-59.358449986962235,35,2025-10-22,2026-02-01
2025-26,1628368,De'Aaron Fox,1610612759,9311,3.914624209130262,71,2025-11-08,2026-04-12
2025-26,1628369,Jayson Tatum,1610612738,2177,-11.592982551952813,16,2026-03-06,2026-04-09
2025-26,1628370,Malik Monk,1610612758,5979,-23.814979424413526,62,2025-10-22,2026-04-10
2025-26,1628371,Jonathan Isaac,1610612753,2062,-20.23895508600058,50,2025-10-22,2026-03-12
2025-26,1628374,Lauri Markkanen,1610612762,6266,143.75654858386613,42,2025-10-22,2026-02-23
2025-26,1628378,Donovan Mitchell,1610612739,9900,158.70021984696817,70,2025-10-22,2026-04-08
2025-26,1628379,Luke Kennard,1610612737,3963,63.724414635105525,46,2025-10-22,2026-02-03
2025-26,1628379,Luke Kennard,1610612747,3015,13.812087017406899,32,2026-02-07,2026-04-12
2025-26,1628380,Zach Collins,1610612741,748,6.860237669168765,10,2025-12-05,2025-12-27
2025-26,1628381,John Collins,1610612746,7593,55.09923487850827,69,2025-10-22,2026-04-12
2025-26,1628384,OG Anunoby,1610612752,8823,100.57637173145943,66,2025-10-22,2026-04-10
2025-26,1628386,Jarrett Allen,1610612739,6448,75.22545616125139,56,2025-10-22,2026-04-08
2025-26,1628389,Bam Adebayo,1610612748,10045,3.108829212504025,73,2025-10-22,2026-04-12
2025-26,1628392,Isaiah Hartenstein,1610612760,4629,6.974966676277705,46,2025-10-21,2026-04-08
2025-26,1628396,Tony Bradley,1610612737,150,-7.237222952981826,3,2026-04-06,2026-04-12
2025-26,1628396,Tony Bradley,1610612754,1733,-1.076860509567891,37,2025-10-23,2026-01-21
2025-26,1628398,Kyle Kuzma,1610612749,7571,-44.4955167586594,69,2025-10-22,2026-04-10
2025-26,1628401,Derrick White,1610612738,10487,-15.85180514173328,77,2025-10-22,2026-04-10
2025-26,1628404,Josh Hart,1610612752,7884,4.091058310123887,65,2025-10-24,2026-04-10
2025-26,1628415,Dillon Brooks,1610612756,7168,-0.8003840932818935,56,2025-10-22,2026-04-10
2025-26,1628418,Thomas Bryant,1610612739,2997,6.207665992244012,59,2025-10-27,2026-04-05
2025-26,1628420,Monté Morris,1610612754,284,1.5115381984708882,6,2025-11-08,2025-11-17
2025-26,1628436,Luke Kornet,1610612759,5861,45.179328249082694,67,2025-10-22,2026-04-10
2025-26,1628449,Chris Boucher,1610612738,367,-0.17019766078668175,9,2025-10-22,2026-01-30
2025-26,1628467,Maxi Kleber,1610612747,1979,-13.426167323576573,43,2025-11-08,2026-04-12
2025-26,1628502,Nigel Hayes-Davis,1610612756,758,-18.94572700451374,24,2025-10-22,2026-01-30
2025-26,1628960,Grayson Allen,1610612756,6039,40.438612422417826,51,2025-10-22,2026-04-10
2025-26,1628963,Marvin Bagley III,1610612742,2033,20.9381587258604,22,2026-02-07,2026-04-10
2025-26,1628963,Marvin Bagley III,1610612764,3116,36.31032195112651,38,2025-10-22,2026-02-03
2025-26,1628964,Mo Bamba,1610612761,23,-1.7845988857033923,2,2025-12-29,2026-01-03
2025-26,1628964,Mo Bamba,1610612762,151,-3.851529470025762,2,2026-03-04,2026-03-05
2025-26,1628969,Mikal Bridges,1610612752,10732,74.26741541161589,81,2025-10-22,2026-04-12
2025-26,1628970,Miles Bridges,1610612766,9654,24.54721885344251,77,2025-10-22,2026-04-12
2025-26,1628971,Bruce Brown,1610612743,8071,-44.395414043791774,82,2025-10-23,2026-04-12
2025-26,1628973,Jalen Brunson,1610612752,10268,72.54610380774433,73,2025-10-22,2026-04-10
2025-26,1628975,Jevon Carter,1610612741,1080,7.978205235016862,22,2025-11-02,2026-01-31
2025-26,1628975,Jevon Carter,1610612753,2581,-13.593674735313375,30,2026-02-09,2026-04-12
2025-26,1628976,Wendell Carter Jr.,1610612753,9236,12.775974065784222,75,2025-10-22,2026-04-12
2025-26,1628978,Donte DiVincenzo,1610612750,10628,32.642723167027015,82,2025-10-22,2026-04-12
2025-26,1628983,Shai Gilgeous-Alexander,1610612760,9235,300.4382988839112,67,2025-10-21,2026-04-08
2025-26,1628988,Aaron Holiday,1610612745,3075,17.750267756055024,57,2025-10-27,2026-04-12
2025-26,1628989,Kevin Huerter,1610612741,4377,-11.052836722979732,44,2025-10-22,2026-01-31
2025-26,1628989,Kevin Huerter,1610612765,2075,-1.689721327600282,25,2026-02-05,2026-04-12
2025-26,1628991,Jaren Jackson Jr.,1610612762,378,12.638327148546015,3,2026-02-07,2026-02-11
2025-26,1628991,Jaren Jackson Jr.,1610612763,5606,40.88701653307906,43,2025-10-22,2026-02-02
2025-26,1628997,Caleb Martin,1610612742,3590,-11.244871638701579,57,2025-10-22,2026-03-15
2025-26,1628998,Cody Martin,1610612754,237,-3.423854474729769,4,2025-11-05,2025-11-11
2025-26,1629001,De'Anthony Melton,1610612744,4761,3.7731385808958855,49,2025-12-04,2026-04-12
2025-26,1629004,Svi Mykhailiuk,1610612762,4971,41.62117339370538,50,2025-10-22,2026-04-05
2025-26,1629006,Josh Okogie,1610612745,5430,-18.20866618766503,78,2025-10-21,2026-04-12
2025-26,1629008,Michael Porter Jr.,1610612751,6830,89.36065656972943,52,2025-10-22,2026-03-10
2025-26,1629011,Mitchell Robinson,1610612752,4669,59.325994885280544,59,2025-10-31,2026-04-09
2025-26,1629012,Collin Sexton,1610612741,2976,47.19088197174371,26,2026-02-07,2026-04-12
2025-26,1629012,Collin Sexton,1610612766,3811,14.630902371587517,42,2025-10-22,2026-02-02
2025-26,1629013,Landry Shamet,1610612752,4854,51.016941787919635,51,2025-10-22,2026-04-10
2025-26,1629014,Anfernee Simons,1610612738,4847,16.71785264101309,49,2025-10-22,2026-02-01
2025-26,1629014,Anfernee Simons,1610612741,720,-13.887606928587338,6,2026-02-05,2026-02-21
2025-26,1629018,Gary Trent Jr.,1610612749,5675,-39.17009072479937,65,2025-10-22,2026-04-08
2025-26,1629020,Jarred Vanderbilt,1610612747,4767,-43.414735046898,65,2025-10-21,2026-04-12
2025-26,1629021,Moritz Wagner,1610612753,1791,-7.889372559407123,35,2026-01-11,2026-04-08
2025-26,1629023,P.J. Washington,1610612742,7232,15.469799205280703,55,2025-10-22,2026-04-05
2025-26,1629026,Kenrich Williams,1610612760,3438,2.2822353281183347,55,2025-11-26,2026-04-12
2025-26,1629027,Trae Young,1610612737,1239,-15.030203100967663,10,2025-10-22,2025-12-27
2025-26,1629027,Trae Young,1610612764,446,9.540258267523907,5,2026-03-05,2026-03-16
2025-26,1629028,Deandre Ayton,1610612747,8061,44.863014278520964,72,2025-10-21,2026-04-12
2025-26,1629029,Luka Dončić,1610612747,9501,121.17249612566025,64,2025-10-21,2026-04-02
2025-26,1629048,Goga Bitadze,1610612753,3878,39.76181577424769,61,2025-10-22,2026-04-12
2025-26,1629057,Robert Williams III,1610612757,4265,74.41862323906037,59,2025-10-31,2026-04-12
2025-26,1629060,Rui Hachimura,1610612747,8095,30.65128116411476,68,2025-10-21,2026-04-12
2025-26,1629111,Jock Landale,1610612737,1900,9.797549556809953,23,2026-02-05,2026-04-01
2025-26,1629111,Jock Landale,1610612763,4263,-23.942740281611567,43,2025-10-22,2026-02-02
2025-26,1629130,Duncan Robinson,1610612765,8698,71.11789354927683,76,2025-10-22,2026-04-12
2025-26,1629162,Jordan McLaughlin,1610612759,1138,-22.03445392966675,44,2025-10-22,2026-04-12
2025-26,1629216,Gabe Vincent,1610612737,1419,-16.01269672780769,24,2026-02-09,2026-04-10
2025-26,1629216,Gabe Vincent,1610612747,2310,-25.772378164676127,29,2025-10-21,2026-02-03
2025-26,1629234,Drew Eubanks,1610612758,2352,-16.140676727929158,42,2025-10-22,2026-03-11
2025-26,1629312,Haywood Highsmith,1610612756,359,9.929184067177289,7,2026-03-06,2026-04-12
2025-26,1629599,Amir Coffey,1610612749,1069,6.332344324637353,30,2025-10-22,2026-02-04
2025-26,1629599,Amir Coffey,1610612756,873,8.008449082144805,16,2026-02-10,2026-04-12
2025-26,1629610,DaQuan Jeffries,1610612758,237,9.844295485229493,3,2026-03-26,2026-03-29
2025-26,1629611,Terance Mann,1610612751,6250,-41.22142921704618,63,2025-10-22,2026-04-03
2025-26,1629614,Andrew Nembhard,1610612754,7387,-62.13005254487452,57,2025-10-23,2026-03-29
2025-26,1629618,Jalen Pickett,1610612743,3253,-34.591694169877805,50,2025-10-25,2026-04-12
2025-26,1629622,Max Strus,1610612739,1226,2.343281688384099,12,2026-03-15,2026-04-12
2025-26,1629627,Zion Williamson,1610612740,7789,120.55282888280642,62,2025-10-22,2026-04-05
2025-26,1629628,RJ Barrett,1610612761,7279,15.666665345358426,57,2025-10-22,2026-04-12
2025-26,1629630,Ja Morant,1610612763,2437,-49.104805927246304,19,2025-10-22,2026-01-21
2025-26,1629631,De'Andre Hunter,1610612739,4824,-26.453808831929155,43,2025-10-26,2026-01-30
2025-26,1629631,De'Andre Hunter,1610612758,205,-10.50651705231151,2,2026-02-04,2026-02-06
2025-26,1629632,Coby White,1610612741,3539,-17.637537216859226,29,2025-11-16,2026-02-03
2025-26,1629632,Coby White,1610612766,1607,18.614627985856885,21,2026-02-24,2026-04-12
2025-26,1629634,Brandon Clarke,1610612763,94,-0.5507726537757356,2,2025-12-17,2025-12-20
2025-26,1629636,Darius Garland,1610612739,3476,-33.317369798041504,26,2025-11-05,2026-01-14
2025-26,1629636,Darius Garland,1610612746,2261,9.19009455596258,19,2026-03-02,2026-04-12
2025-26,1629637,Jaxson Hayes,1610612747,4934,69.93605310174202,66,2025-10-21,2026-04-05
2025-26,1629638,Nickeil Alexander-Walker,1610612737,11222,108.88404179565694,78,2025-10-22,2026-04-10
2025-26,1629639,Tyler Herro,1610612748,4431,43.50779499320499,33,2025-11-24,2026-04-12
2025-26,1629640,Keldon Johnson,1610612759,8028,99.56846100543851,81,2025-10-22,2026-04-12
2025-26,1629645,Kevin Porter Jr.,1610612749,5160,-2.998622890114432,38,2025-10-22,2026-03-17
2025-26,1629646,Charles Bassey,1610612738,65,6.197319489698209,5,2026-03-18,2026-04-03
2025-26,1629646,Charles Bassey,1610612744,343,4.934684055064154,5,2026-04-05,2026-04-12
2025-26,1629646,Charles Bassey,1610612755,20,0.14791647509658581,1,2026-02-11,2026-02-11
2025-26,1629646,Charles Bassey,1610612763,136,-1.7340694216140875,2,2025-11-03,2025-11-05
2025-26,1629651,Nic Claxton,1610612751,7832,-12.07568963367929,69,2025-10-22,2026-04-03
2025-26,1629652,Luguentz Dort,1610612760,7613,-23.64583754465181,68,2025-10-21,2026-04-12
2025-26,1629655,Daniel Gafford,1610612742,4980,69.99928429933368,54,2025-11-03,2026-04-05
2025-26,1629656,Quentin Grimes,1610612755,9191,-28.44233069070216,75,2025-10-22,2026-04-12
2025-26,1629660,Ty Jerome,1610612763,1421,19.241476994271704,15,2026-01-31,2026-03-23
2025-26,1629661,Cameron Johnson,1610612743,6872,44.6413489959778,54,2025-10-23,2026-04-08
2025-26,1629673,Jordan Poole,1610612740,3993,-45.586025934025514,39,2025-10-22,2026-04-10
2025-26,1629674,Neemias Queta,1610612738,7536,107.31888462855741,76,2025-10-22,2026-04-10
2025-26,1629675,Naz Reid,1610612750,8666,16.45775669073892,77,2025-10-22,2026-04-08
2025-26,1629680,Matisse Thybulle,1610612757,2049,53.591160507217026,30,2025-10-22,2026-04-12
2025-26,1629684,Grant Williams,1610612766,2942,4.283038963264628,36,2026-01-10,2026-04-12
2025-26,1629723,John Konchar,1610612762,2899,7.980926592201237,26,2026-02-07,2026-04-12
2025-26,1629723,John Konchar,1610612763,1717,28.462173595455532,28,2025-10-22,2026-01-30
2025-26,1629726,Garrison Mathews,1610612754,832,14.767204832406641,15,2025-11-21,2025-12-23
2025-26,1629731,Dean Wade,1610612739,5515,32.81152231644991,59,2025-10-22,2026-04-10
2025-26,1629750,Javonte Green,1610612765,6387,100.77432775521422,81,2025-10-22,2026-04-12
2025-26,1630162,Anthony Edwards,1610612750,8938,147.18054367284503,61,2025-10-22,2026-04-10
2025-26,1630163,LaMelo Ball,1610612766,8420,-1.5931030170427798,72,2025-10-22,2026-04-12
2025-26,1630164,James Wiseman,1610612754,251,-2.985324156008014,4,2025-10-25,2025-12-23
2025-26,1630165,Killian Hayes,1610612758,1664,-24.80117005297656,23,2026-02-23,2026-04-12
2025-26,1630166,Deni Avdija,1610612757,9387,11.848186224666364,66,2025-10-22,2026-04-12
2025-26,1630167,Obi Toppin,1610612754,1805,24.09010310886762,24,2025-10-23,2026-04-12
2025-26,1630168,Onyeka Okongwu,1610612737,9769,18.97413990102121,74,2025-10-22,2026-04-10
2025-26,1630170,Devin Vassell,1610612759,8333,44.48317368342163,66,2025-10-22,2026-04-12
2025-26,1630171,Isaac Okoro,1610612741,7282,-32.7900723355386,63,2025-10-22,2026-04-07
2025-26,1630172,Patrick Williams,1610612741,6385,-73.94477907257759,72,2025-10-22,2026-04-12
2025-26,1630173,Precious Achiuwa,1610612758,7022,15.508576893048676,73,2025-11-05,2026-04-12
2025-26,1630174,Aaron Nesmith,1610612754,5689,-27.853508324232067,45,2025-10-23,2026-03-27
2025-26,1630175,Cole Anthony,1610612749,2120,-46.07469631087275,35,2025-10-22,2026-02-03
2025-26,1630178,Tyrese Maxey,1610612755,10951,166.51199970427194,70,2025-10-22,2026-04-12
2025-26,1630180,Saddiq Bey,1610612740,9453,75.72627207468398,72,2025-10-22,2026-04-05
2025-26,1630182,Josh Green,1610612766,3573,18.35341497852211,57,2025-12-12,2026-04-12
2025-26,1630183,Jaden McDaniels,1610612750,9895,34.76219769605027,73,2025-10-22,2026-04-10
2025-26,1630188,Jalen Smith,1610612741,4730,31.16810081102673,53,2025-10-22,2026-03-25
2025-26,1630191,Isaiah Stewart,1610612765,5465,19.626956329205356,57,2025-10-22,2026-04-12
2025-26,1630192,Zeke Nnaji,1610612743,2471,-27.78870059315315,52,2025-10-25,2026-04-12
2025-26,1630193,Immanuel Quickley,1610612761,9153,44.911035672093384,70,2025-10-22,2026-04-12
2025-26,1630194,Paul Reed,1610612765,3883,57.33469685378721,63,2025-10-22,2026-04-12
2025-26,1630198,Isaiah Joe,1610612760,6182,108.46633844139454,71,2025-10-30,2026-04-08
2025-26,1630200,Tre Jones,1610612741,7641,83.58950991075295,65,2025-10-22,2026-04-12
2025-26,1630202,Payton Pritchard,1610612738,10030,75.72553129657199,79,2025-10-22,2026-04-10
2025-26,1630208,Nick Richards,1610612741,1844,-21.13253719640614,20,2026-02-07,2026-03-25
2025-26,1630208,Nick Richards,1610612756,1021,-29.5187404082332,27,2025-10-22,2026-01-13
2025-26,1630209,Omer Yurtseven,1610612744,440,-5.213399123091269,9,2026-03-15,2026-04-01
2025-26,1630214,Xavier Tillman,1610612738,432,-8.496657671683192,13,2025-10-22,2026-02-04
2025-26,1630214,Xavier Tillman,1610612766,253,-8.43876244866965,13,2026-02-11,2026-04-03
2025-26,1630217,Desmond Bane,1610612753,11232,128.83712627208382,79,2025-10-22,2026-04-12
2025-26,1630224,Jalen Green,1610612756,3381,-22.431328780707794,32,2025-11-06,2026-04-08
2025-26,1630228,Jonathan Kuminga,1610612737,1482,15.866354831406483,16,2026-02-24,2026-04-10
2025-26,1630228,Jonathan Kuminga,1610612744,1950,-30.20167123551118,20,2025-10-21,2026-01-22
2025-26,1630230,Naji Marshall,1610612742,9293,65.90295927989017,73,2025-10-22,2026-04-07
2025-26,1630241,Sam Merrill,1610612739,5636,78.67822990282374,52,2025-10-22,2026-04-08
2025-26,1630245,Ayo Dosunmu,1610612741,5212,79.95635898959634,45,2025-10-22,2026-02-03
2025-26,1630245,Ayo Dosunmu,1610612750,2907,33.77917563916984,24,2026-02-08,2026-04-10
2025-26,1630249,Vít Krejčí,1610612737,4347,52.12576949216584,46,2025-10-24,2026-01-29
2025-26,1630249,Vít Krejčí,1610612757,1619,10.015347368107914,19,2026-02-03,2026-04-12
2025-26,1630256,Jae'Sean Tate,1610612745,1621,-13.082404162081469,45,2025-10-27,2026-04-12
2025-26,1630264,Anthony Gill,1610612764,4022,25.399688526925026,53,2025-10-26,2026-04-12
2025-26,1630286,Trevon Scott,1610612751,748,-11.09643575324322,6,2026-04-03,2026-04-12
2025-26,1630311,Pat Spencer,1610612744,5022,-63.97786375099635,66,2025-10-24,2026-04-12
2025-26,1630314,Brandon Williams,1610612742,6385,-7.622812600106506,65,2025-10-22,2026-04-05
2025-26,1630322,Lindy Waters III,1610612759,1197,-25.343962067274187,40,2025-11-05,2026-04-06
2025-26,1630526,Jeremiah Robinson-Earl,1610612742,274,-2.6183526147659832,5,2026-01-15,2026-01-24
2025-26,1630526,Jeremiah Robinson-Earl,1610612754,1280,-11.362239637872749,17,2025-11-01,2025-12-03
2025-26,1630529,Herbert Jones,1610612740,6703,-47.39183866669826,56,2025-10-22,2026-04-05
2025-26,1630530,Trey Murphy III,1610612740,9748,118.58404774834975,66,2025-10-22,2026-04-03
2025-26,1630532,Franz Wagner,1610612753,4174,50.6426939677794,32,2025-10-22,2026-04-12
2025-26,1630533,Ziaire Williams,1610612751,5297,63.50298850283509,56,2025-10-22,2026-04-03
2025-26,1630534,Ochai Agbaji,1610612751,1304,7.574375230179008,20,2026-02-11,2026-04-05
2025-26,1630534,Ochai Agbaji,1610612761,2670,-8.85876265848092,42,2025-10-22,2026-02-01
2025-26,1630536,Sharife Cooper,1610612764,3026,-15.247279931164508,40,2025-10-26,2026-04-12
2025-26,1630538,Bones Hyland,1610612750,4951,41.86547855629563,71,2025-10-22,2026-04-08
2025-26,1630540,Miles McBride,1610612752,4395,63.77505458105156,41,2025-10-22,2026-04-12
2025-26,1630541,Moses Moody,1610612744,6468,88.82356037804676,60,2025-10-24,2026-03-23
2025-26,1630543,Isaiah Jackson,1610612746,1132,12.097694018911305,17,2026-02-10,2026-03-27
2025-26,1630543,Isaiah Jackson,1610612754,2682,10.987805984399722,38,2025-10-23,2026-02-03
2025-26,1630544,Tre Mann,1610612766,2708,-67.12052840088143,52,2025-10-22,2026-04-12
2025-26,1630545,Terrence Shannon Jr.,1610612750,2183,-15.190407019113147,42,2025-10-22,2026-04-12
2025-26,1630548,Johnny Juzang,1610612750,371,-10.058582084415663,21,2025-10-24,2026-02-06
2025-26,1630549,Day'Ron Sharpe,1610612751,4696,42.850358084240824,62,2025-10-22,2026-03-09
2025-26,1630551,Justin Champagnie,1610612764,5788,60.7157080444507,69,2025-10-22,2026-04-12
2025-26,1630552,Jalen Johnson,1610612737,10755,-34.15713367996598,72,2025-10-22,2026-04-10
2025-26,1630557,Corey Kispert,1610612737,3007,-18.53613276813449,39,2026-01-11,2026-04-12
2025-26,1630557,Corey Kispert,1610612764,1581,14.173258950489377,19,2025-10-22,2026-01-04
2025-26,1630558,Davion Mitchell,1610612748,8546,-44.70495184009835,70,2025-10-22,2026-04-12
2025-26,1630559,Austin Reaves,1610612747,7310,38.4211796577769,51,2025-10-21,2026-04-02
2025-26,1630560,Cam Thomas,1610612749,1178,-35.82679682970194,18,2026-02-09,2026-03-21
2025-26,1630560,Cam Thomas,1610612751,2264,-16.412999731438298,24,2025-10-22,2026-02-03
2025-26,1630567,Scottie Barnes,1610612761,11123,5.382619457315848,80,2025-10-22,2026-04-12
2025-26,1630568,Luka Garza,1610612738,4589,55.50488067392162,69,2025-10-22,2026-04-12
2025-26,1630570,Trendon Watford,1610612755,3779,-28.444368867374916,53,2025-10-28,2026-04-12
2025-26,1630572,Sandro Mamukelashvili,1610612761,7199,95.17991446383004,80,2025-10-22,2026-04-12
2025-26,1630573,Sam Hauser,1610612738,7898,67.27607936321294,78,2025-10-22,2026-04-10
2025-26,1630574,Ariel Hukporti,1610612752,1994,-24.759368731011342,54,2025-10-22,2026-04-12
2025-26,1630577,Julian Champagnie,1610612759,9440,77.6870134733309,81,2025-10-22,2026-04-12
2025-26,1630578,Alperen Sengun,1610612745,9731,-43.868400505287816,72,2025-10-21,2026-04-10
2025-26,1630579,Jericho Sims,1610612749,5291,-34.52106296004082,64,2025-10-26,2026-04-12
2025-26,1630581,Josh Giddey,1610612741,7473,-92.16277118950958,54,2025-10-22,2026-04-03
2025-26,1630583,Santi Aldama,1610612763,4807,2.097570100126289,41,2025-10-22,2026-02-04
2025-26,1630587,Isaiah Livers,1610612756,1498,-16.573879501677425,36,2025-10-25,2026-03-22
2025-26,1630590,Scotty Pippen Jr.,1610612763,899,-23.887429547521506,10,2026-02-06,2026-03-07
2025-26,1630591,Jalen Suggs,1610612753,6589,-11.247412563829608,56,2025-10-22,2026-04-12
2025-26,1630592,Jalen Wilson,1610612751,3387,-2.9761270064699787,54,2025-10-22,2026-04-12
2025-26,1630595,Cade Cunningham,1610612765,8786,16.06599384205835,63,2025-10-22,2026-04-12
2025-26,1630596,Evan Mobley,1610612739,8779,46.83217194265381,65,2025-10-22,2026-04-10
2025-26,1630598,Aaron Wiggins,1610612760,5896,-38.89529718182522,64,2025-10-21,2026-04-12
2025-26,1630604,E.J. Liddell,1610612751,1413,13.154448907866772,26,2025-10-27,2026-04-12
2025-26,1630610,DeJon Jarreau,1610612763,953,-40.01860310625806,11,2026-03-13,2026-04-01
2025-26,1630611,Gui Santos,1610612744,5854,12.755797481094342,68,2025-10-21,2026-04-12
2025-26,1630619,Moussa Cisse,1610612742,2212,3.1661261650795893,37,2025-10-22,2026-04-12
2025-26,1630621,Hunter Dickinson,1610612740,193,-14.234847227023264,5,2025-10-22,2026-04-12
2025-26,1630623,Tyson Etienne,1610612751,1577,7.437686388960625,24,2025-10-27,2026-04-12
2025-26,1630625,Dalano Banton,1610612738,221,-12.270818433477924,4,2026-02-24,2026-04-12
2025-26,1630625,Dalano Banton,1610612746,37,0.3357569842959963,2,2026-02-08,2026-02-10
2025-26,1630631,Jose Alvarado,1610612740,3719,11.931192660177254,41,2025-10-24,2026-02-04
2025-26,1630631,Jose Alvarado,1610612752,1950,-1.1163465778394357,28,2026-02-08,2026-04-12
2025-26,1630639,A.J. Lawson,1610612761,860,16.5369979061663,24,2025-12-07,2026-04-12
2025-26,1630643,Jay Huff,1610612754,7232,25.020698091830713,82,2025-10-23,2026-04-12
2025-26,1630644,Mac McClung,1610612741,445,-3.555405079759086,8,2026-02-05,2026-04-12
2025-26,1630644,Mac McClung,1610612754,145,4.53009749886354,3,2025-10-29,2025-11-03
2025-26,1630649,Stanley Umude,1610612759,27,-2.289750389522434,2,2026-02-01,2026-02-21
2025-26,1630658,Colin Castleton,1610612753,80,1.2088905568884345,4,2026-03-19,2026-04-10
2025-26,1630679,Ethan Thompson,1610612754,2741,-9.336449484389501,32,2025-12-01,2026-04-12
2025-26,1630692,Jordan Goodwin,1610612756,6325,38.02448353559891,70,2025-10-24,2026-04-08
2025-26,1630695,Micah Potter,1610612754,3937,28.67338167784757,47,2025-12-26,2026-04-12
2025-26,1630696,Dru Smith,1610612748,4993,21.21471126263428,70,2025-10-22,2026-04-04
2025-26,1630699,MarJon Beauchamp,1610612755,851,3.985910835899092,14,2026-02-09,2026-04-12
2025-26,1630700,Dyson Daniels,1610612737,10718,-11.51184690119877,76,2025-10-22,2026-04-10
2025-26,1630702,Jaden Hardy,1610612742,1857,-10.053247076125764,34,2025-10-22,2026-02-03
2025-26,1630702,Jaden Hardy,1610612764,2029,-5.817173655669787,23,2026-02-11,2026-04-12
2025-26,1630703,Scoot Henderson,1610612757,3251,-15.020380405013778,30,2026-02-06,2026-04-12
2025-26,1630811,Keaton Wallace,1610612737,2280,-20.25736713445443,52,2025-10-22,2026-04-12
2025-26,1630828,Alex Antetokounmpo,1610612749,92,2.031216268185589,6,2026-03-31,2026-04-12
2025-26,1630846,Olivier Sarr,1610612739,176,3.2742964913841277,4,2026-03-27,2026-04-12
2025-26,1631093,Jaden Ivey,1610612741,484,1.1856297436783985,4,2026-02-05,2026-02-11
2025-26,1631093,Jaden Ivey,1610612765,2412,-10.615536413141212,33,2025-11-22,2026-02-01
2025-26,1631094,Paolo Banchero,1610612753,10014,-45.64706485989984,69,2025-10-22,2026-04-12
2025-26,1631095,Jabari Smith Jr.,1610612745,11005,32.34792418793776,77,2025-10-21,2026-04-10
2025-26,1631096,Chet Holmgren,1610612760,8379,113.95661366315545,68,2025-10-21,2026-04-08
2025-26,1631097,Bennedict Mathurin,1610612746,2998,-20.714566033815522,26,2026-02-10,2026-04-12
2025-26,1631097,Bennedict Mathurin,1610612754,3779,-20.97382345704024,28,2025-10-23,2026-02-02
2025-26,1631099,Keegan Murray,1610612758,3389,-35.87427439242804,23,2025-11-20,2026-02-25
2025-26,1631101,Shaedon Sharpe,1610612757,6330,18.85494470470811,50,2025-10-22,2026-04-12
2025-26,1631102,TyTy Washington Jr.,1610612746,347,-3.8314535035792048,16,2026-01-16,2026-04-10
2025-26,1631103,Malaki Branham,1610612764,1102,19.80234841719582,28,2025-11-03,2026-01-30
2025-26,1631104,Blake Wesley,1610612757,1464,-25.539367704263782,30,2025-10-22,2026-04-12
2025-26,1631105,Jalen Duren,1610612765,8146,199.29685111794853,69,2025-10-22,2026-04-10
2025-26,1631106,Tari Eason,1610612745,6249,13.807348026126242,60,2025-10-21,2026-04-12
2025-26,1631107,Nikola Jović,1610612748,3583,-88.97964760630029,47,2025-10-22,2026-04-04
2025-26,1631108,Max Christie,1610612742,9321,24.145274708705003,76,2025-10-22,2026-04-12
2025-26,1631109,Mark Williams,1610612756,5935,81.58838092829502,60,2025-10-22,2026-04-10
2025-26,1631110,Jeremy Sochan,1610612752,451,9.665450417143846,16,2026-02-19,2026-04-12
2025-26,1631110,Jeremy Sochan,1610612759,1464,-20.87767712697686,28,2025-11-05,2026-02-07
2025-26,1631111,Wendell Moore Jr.,1610612765,238,2.0905738359969237,6,2025-11-12,2026-04-08
2025-26,1631113,Kennedy Chandler,1610612762,1596,-16.864548510573606,11,2026-03-21,2026-04-10
2025-26,1631114,Jalen Williams,1610612760,3891,4.134941922343238,32,2025-11-28,2026-04-08
2025-26,1631115,Orlando Robinson,1610612753,95,-0.17851158924570407,4,2025-10-30,2025-12-26
2025-26,1631116,Patrick Baldwin Jr.,1610612746,49,2.768681375994826,2,2026-01-20,2026-01-25
2025-26,1631116,Patrick Baldwin Jr.,1610612758,361,-2.542558033746632,6,2026-02-25,2026-03-24
2025-26,1631117,Walker Kessler,1610612762,626,13.768082549198429,5,2025-10-22,2025-10-31
2025-26,1631119,Jaylin Williams,1610612760,5260,-0.08540372760578477,64,2025-10-21,2026-04-08
2025-26,1631120,JD Davison,1610612745,858,-12.003689309354096,27,2025-10-27,2026-04-12
2025-26,1631121,Bryce McGowens,1610612740,3675,26.75263710506719,41,2025-10-27,2026-03-08
2025-26,1631123,Jamaree Bouyea,1610612756,2468,7.073557075612049,45,2025-11-18,2026-04-12
2025-26,1631124,Julian Strawther,1610612743,3627,5.062323618040145,57,2025-10-25,2026-04-12
2025-26,1631126,Caleb Love,1610612757,4236,-39.792353298949415,49,2025-10-27,2026-04-12
2025-26,1631127,Harrison Ingram,1610612759,106,-1.6420373152529208,7,2025-10-22,2026-04-10
2025-26,1631128,Christian Braun,1610612743,5939,9.880724137706054,44,2025-10-23,2026-04-08
2025-26,1631131,Oscar Tshiebwe,1610612762,1953,13.08679756317389,27,2026-01-01,2026-04-12
2025-26,1631132,Christian Koloko,1610612737,683,-13.00049890304091,14,2026-01-21,2026-04-12
2025-26,1631132,Christian Koloko,1610612747,25,-1.5336444972661425,2,2025-10-24,2025-10-27
2025-26,1631132,Christian Koloko,1610612763,836,-9.81763198982711,11,2025-12-22,2026-01-11
2025-26,1631133,Jabari Walker,1610612755,3180,-2.917532087689919,64,2025-10-22,2026-04-12
2025-26,1631157,Ryan Rollins,1610612749,9777,21.308465108519314,74,2025-10-22,2026-04-08
2025-26,1631159,Leonard Miller,1610612741,2680,35.33140491566616,27,2026-02-07,2026-04-12
2025-26,1631159,Leonard Miller,1610612750,406,-12.647986236638445,19,2025-10-24,2026-01-29
2025-26,1631165,Keon Ellis,1610612739,2972,29.46527263168534,29,2026-02-04,2026-04-10
2025-26,1631165,Keon Ellis,1610612758,3033,17.648704621696105,43,2025-10-22,2026-01-30
2025-26,1631166,Drew Timme,1610612747,927,-2.4433851052311804,26,2025-11-25,2026-04-12
2025-26,1631169,Josh Minott,1610612738,2074,18.20132902032137,32,2025-10-22,2026-02-04
2025-26,1631169,Josh Minott,1610612751,1291,30.93959223995698,16,2026-02-26,2026-04-05
2025-26,1631170,Jaime Jaquez Jr.,1610612748,9104,-58.32831732153251,75,2025-10-22,2026-04-12
2025-26,1631172,Ousmane Dieng,1610612749,3319,-72.41150268224924,30,2026-02-09,2026-04-12
2025-26,1631172,Ousmane Dieng,1610612760,1219,-25.884423210871827,27,2025-10-23,2026-02-03
2025-26,1631174,Tyler Burton,1610612763,1310,-14.995016134447338,12,2026-03-12,2026-04-01
2025-26,1631199,Ron Harper Jr.,1610612738,1223,6.815390612628255,28,2025-10-27,2026-04-12
2025-26,1631200,Kris Murray,1610612757,5589,-27.643026284504707,57,2025-10-22,2026-04-12
2025-26,1631204,Marcus Sasser,1610612765,1902,-6.670745628924979,35,2025-12-06,2026-04-12
2025-26,1631205,Buddy Boeheim,1610612760,59,-0.008979703637971986,4,2026-02-11,2026-02-25
2025-26,1631207,Dalen Terry,1610612741,1567,2.3969602348519787,34,2025-10-22,2026-02-03
2025-26,1631207,Dalen Terry,1610612755,732,1.6931399438972952,14,2026-02-11,2026-04-12
2025-26,1631210,Jacob Toppin,1610612737,66,3.377647097571258,5,2025-10-25,2025-11-25
2025-26,1631211,Trevor Keels,1610612748,68,2.0762341162811757,7,2026-02-21,2026-04-12
2025-26,1631212,Peyton Watson,1610612743,6549,-27.889675575932202,54,2025-10-23,2026-04-01
2025-26,1631213,Tyrese Martin,1610612751,2729,-29.82923371802702,37,2025-10-22,2026-02-01
2025-26,1631213,Tyrese Martin,1610612755,324,-6.181245605475759,9,2026-02-21,2026-04-12
2025-26,1631214,Alondes Williams,1610612764,454,8.632295090095026,4,2026-02-19,2026-02-24
2025-26,1631216,Caleb Houstan,1610612737,317,5.970972735811141,18,2025-10-25,2026-04-03
2025-26,1631217,Moussa Diabaté,1610612766,7587,21.078116608624363,73,2025-10-22,2026-04-12
2025-26,1631218,Trayce Jackson-Davis,1610612744,1763,0.6762254432323407,35,2025-10-24,2026-02-03
2025-26,1631218,Trayce Jackson-Davis,1610612761,363,-2.731820622722939,16,2026-02-08,2026-04-12
2025-26,1631221,Collin Gillespie,1610612756,9235,32.208880349804765,80,2025-10-22,2026-04-10
2025-26,1631222,Jake LaRavia,1610612747,8523,-27.075864396439655,82,2025-10-21,2026-04-12
2025-26,1631223,David Roddy,1610612743,311,6.499924416373216,5,2026-03-06,2026-04-12
2025-26,1631230,Dominick Barlow,1610612755,6977,-6.164504927357067,71,2025-10-22,2026-04-12
2025-26,1631243,Mouhamed Gueye,1610612737,4910,2.392733626985689,77,2025-10-22,2026-04-10
2025-26,1631245,Quenton Jackson,1610612754,3872,22.147676630057404,49,2025-10-26,2026-04-12
2025-26,1631246,Vince Williams Jr.,1610612762,439,-8.498214971984115,6,2026-02-07,2026-02-23
2025-26,1631246,Vince Williams Jr.,1610612763,2905,-35.966222776052845,32,2025-10-31,2026-02-02
2025-26,1631247,Luke Travers,1610612739,434,-11.328454041430135,11,2025-10-27,2025-12-19
2025-26,1631248,Baylor Scheierman,1610612738,5523,30.029385286826884,77,2025-10-24,2026-04-12
2025-26,1631250,Pete Nance,1610612749,2914,-1.4145504630255752,47,2025-11-12,2026-04-08
2025-26,1631255,Karlo Matković,1610612740,3688,47.95697047654615,61,2025-10-27,2026-03-29
2025-26,1631260,AJ Green,1610612749,9285,-12.867909985038663,78,2025-10-22,2026-04-12
2025-26,1631288,Jamal Cain,1610612753,1958,7.194762808476641,38,2025-11-14,2026-04-12
2025-26,1631321,Sidy Cissoko,1610612757,6021,-51.557801961873636,75,2025-10-27,2026-04-12
2025-26,1631323,Simone Fontecchio,1610612748,5031,38.7456121731995,69,2025-10-22,2026-04-10
2025-26,1631338,Mouhamadou Gueye,1610612741,203,0.6597592659736726,2,2026-04-10,2026-04-12
2025-26,1631342,Daeqwon Plowden,1610612758,3529,19.116352953215983,31,2025-11-12,2026-04-12
2025-26,1631351,Lucas Williamson,1610612763,1000,-15.964923334813697,7,2026-04-01,2026-04-12
2025-26,1631451,Javonte Cooke,1610612757,377,-14.228908497132648,17,2025-11-19,2026-03-01
2025-26,1631457,Alex Morales,1610612753,94,-5.218380296521135,4,2026-03-19,2026-04-10
2025-26,1631466,Nate Williams,1610612744,961,-1.4865350108962931,14,2026-02-28,2026-04-12
2025-26,1641705,Victor Wembanyama,1610612759,7784,163.39546203495024,63,2025-10-22,2026-04-10
2025-26,1641706,Brandon Miller,1610612766,8072,56.56378895479917,65,2025-10-22,2026-04-12
2025-26,1641707,Taylor Hendricks,1610612762,2017,-7.043095597771598,33,2025-10-22,2026-01-30
2025-26,1641707,Taylor Hendricks,1610612763,2621,20.104734522484158,26,2026-02-06,2026-04-08
2025-26,1641708,Amen Thompson,1610612745,12012,52.45725824435371,79,2025-10-21,2026-04-10
2025-26,1641709,Ausar Thompson,1610612765,7625,26.029849084132398,72,2025-10-22,2026-04-12
2025-26,1641710,Anthony Black,1610612753,7578,11.820405487390698,61,2025-10-22,2026-04-12
2025-26,1641711,Gradey Dick,1610612761,4505,-12.08146627725329,76,2025-10-22,2026-04-12
2025-26,1641712,Rayan Rupert,1610612757,2362,-35.10590317518049,47,2025-10-24,2026-02-12
2025-26,1641712,Rayan Rupert,1610612763,2139,-17.72168477813579,16,2026-02-23,2026-04-12
2025-26,1641713,GG Jackson,1610612763,4773,-4.9776554167928415,53,2025-10-24,2026-04-06
2025-26,1641715,Cam Whitmore,1610612764,1547,4.16566683130793,21,2025-10-22,2025-12-04
2025-26,1641716,Jarace Walker,1610612754,8366,-73.0496516896143,76,2025-10-23,2026-04-10
2025-26,1641717,Cason Wallace,1610612760,8408,67.72621225242706,76,2025-10-21,2026-04-08
2025-26,1641718,Keyonte George,1610612762,7785,27.006903880163858,54,2025-10-22,2026-03-11
2025-26,1641722,Jordan Hawkins,1610612740,2853,-49.5150255876551,50,2025-10-22,2026-04-12
2025-26,1641723,Kobe Bufkin,1610612747,487,-28.75113942986252,16,2026-01-13,2026-04-09
2025-26,1641724,Jett Howard,1610612753,2741,-23.493455559905314,54,2025-10-24,2026-04-03
2025-26,1641725,Trey Alexander,1610612740,464,5.2872429618924714,9,2025-11-30,2026-04-12
2025-26,1641726,Dereck Lively II,1610612742,503,1.062164710293787,7,2025-10-22,2025-11-21
2025-26,1641727,Dariq Whitehead,1610612763,811,-9.08162079806117,6,2026-04-03,2026-04-12
2025-26,1641729,Brice Sensabaugh,1610612762,7709,18.64693224205514,75,2025-10-22,2026-04-12
2025-26,1641730,Noah Clowney,1610612751,7223,-13.286426089595412,66,2025-10-22,2026-04-03
2025-26,1641731,Bilal Coulibaly,1610612764,6360,-26.860273579078147,56,2025-10-30,2026-04-10
2025-26,1641732,Colby Jones,1610612765,29,1.4909138162587277,1,2025-10-27,2025-10-27
2025-26,1641733,Nick Smith Jr.,1610612747,1497,-6.382476874088526,29,2025-10-27,2026-04-12
2025-26,1641737,Adem Bona,1610612755,5133,-33.1428004002664,71,2025-10-22,2026-04-12
2025-26,1641738,Kobe Brown,1610612746,1166,-16.964332042538715,34,2025-10-22,2026-02-04
2025-26,1641738,Kobe Brown,1610612754,2801,-11.617294552310218,27,2026-02-10,2026-04-12
2025-26,1641739,Toumani Camara,1610612757,11640,45.70902899034094,82,2025-10-22,2026-04-12
2025-26,1641740,Jaylen Clark,1610612750,3720,16.579441730507938,68,2025-10-22,2026-04-12
2025-26,1641744,Zach Edey,1610612763,1182,16.438332392457376,11,2025-11-15,2025-12-07
2025-26,1641747,DaRon Holmes II,1610612743,801,3.1157630535780685,24,2025-10-25,2026-04-12
2025-26,1641748,Andre Jackson Jr.,1610612749,1625,-22.926094741531156,47,2025-10-26,2026-04-12
2025-26,1641750,Ryan Kalkbrenner,1610612766,6205,66.65852358537447,69,2025-10-22,2026-04-12
2025-26,1641752,Bobi Klintman,1610612765,310,-9.785670064899168,12,2025-10-27,2026-03-26
2025-26,1641753,Chris Livingston,1610612739,73,1.5984070462184592,3,2025-11-24,2025-12-05
2025-26,1641755,Kevin McCullar Jr.,1610612752,617,-4.304611169583067,21,2025-12-09,2026-04-12
2025-26,1641757,Jordan Miller,1610612746,5199,21.407487328492795,59,2025-11-12,2026-04-12
2025-26,1641761,Grant Nelson,1610612751,139,-3.561729302486648,4,2026-02-27,2026-03-05
2025-26,1641763,Julian Phillips,1610612741,1349,11.967244845516053,35,2025-10-25,2026-02-01
2025-26,1641763,Julian Phillips,1610612750,361,-4.979523434679771,12,2026-02-08,2026-04-12
2025-26,1641764,Brandin Podziemski,1610612744,9658,15.453925922241059,82,2025-10-21,2026-04-12
2025-26,1641765,Olivier-Maxence Prosper,1610612763,4206,30.7382663105418,53,2025-10-22,2026-04-06
2025-26,1641767,Ben Sheppard,1610612754,5938,-1.261094889965231,65,2025-10-23,2026-04-03
2025-26,1641771,Jalen Slawson,1610612754,1277,1.9406436212203204,13,2026-03-10,2026-04-12
2025-26,1641772,Nae'Qwan Tomlin,1610612739,4295,-0.510040548220394,64,2025-11-05,2026-04-12
2025-26,1641774,Tristan Vukcevic,1610612764,2975,0.8316507094874401,48,2025-10-24,2026-04-01
2025-26,1641775,Jordan Walsh,1610612738,4729,28.595603859497313,67,2025-10-24,2026-04-12
2025-26,1641778,Leaky Black,1610612764,1860,-11.310093191842897,15,2026-02-26,2026-04-12
2025-26,1641780,Johni Broome,1610612755,203,-13.367752637501066,10,2025-11-02,2026-02-11
2025-26,1641783,Tristan da Silva,1610612753,7730,65.84811385260907,74,2025-10-22,2026-04-12
2025-26,1641787,Tosan Evbuomwan,1610612752,33,-1.3471888818379834,5,2025-11-24,2025-12-23
2025-26,1641790,PJ Hall,1610612763,123,3.5568918557225544,6,2025-10-24,2025-11-12
2025-26,1641790,PJ Hall,1610612766,765,-22.54450457879189,12,2025-12-26,2026-02-22
2025-26,1641794,Dillon Jones,1610612752,159,0.7605169940393554,7,2026-01-30,2026-04-12
2025-26,1641796,Pelle Larsson,1610612748,8080,-17.545412328258195,70,2025-10-22,2026-04-10
2025-26,1641801,Emanuel Miller,1610612741,136,3.0668111213444265,5,2025-11-29,2025-12-07
2025-26,1641803,Tristen Newton,1610612745,50,-0.7802045065844201,1,2026-04-12,2026-04-12
2025-26,1641807,Norchad Omier,1610612746,92,0.4748787349373592,6,2026-03-02,2026-04-10
2025-26,1641809,Drew Peterson,1610612766,258,-6.674630158561546,6,2025-11-17,2025-12-14
2025-26,1641810,Antonio Reeves,1610612766,254,9.208206420907876,10,2025-11-14,2026-03-31
2025-26,1641813,Mark Sears,1610612749,108,1.4214627567343543,7,2025-10-26,2025-11-24
2025-26,1641815,Isaiah Stevens,1610612758,171,2.7876856099627454,3,2026-01-30,2026-02-11
2025-26,1641816,Hunter Tyson,1610612743,647,-14.74649602946025,21,2025-10-27,2026-02-01
2025-26,1641824,Matas Buzelis,1610612741,9543,-1.9887230060849672,77,2025-10-22,2026-04-10
2025-26,1641842,Ronald Holland II,1610612765,6410,-6.90726528342097,76,2025-10-22,2026-04-12
2025-26,1641854,Craig Porter Jr.,1610612739,4732,-44.33247492468445,64,2025-10-22,2026-04-12
2025-26,1641869,Malachi Smith,1610612751,1432,7.757881771252832,15,2026-03-14,2026-04-12
2025-26,1641871,Duop Reath,1610612757,1043,7.939318800272715,31,2025-10-24,2026-01-18
2025-26,1641890,Tyler Smith,1610612742,765,-8.957394090071976,12,2026-03-13,2026-04-12
2025-26,1641989,Elijah Harkless,1610612762,2310,-15.592174979919157,26,2025-10-29,2026-03-28
2025-26,1641998,Trey Jemison III,1610612752,342,-13.136141899114987,12,2025-10-22,2026-04-12
2025-26,1642066,Myron Gardner,1610612748,1760,29.659143578115458,45,2025-10-28,2026-04-12
2025-26,1642258,Zaccharie Risacher,1610612737,6506,-14.899813498462914,67,2025-10-22,2026-04-12
2025-26,1642259,Alex Sarr,1610612764,5448,-24.265919669571034,48,2025-10-22,2026-03-27
2025-26,1642260,Nikola Topić,1610612760,648,-23.002907711436883,10,2026-02-12,2026-04-12
2025-26,1642261,Dalton Knecht,1610612747,2255,3.04504642304053,53,2025-10-24,2026-04-12
2025-26,1642262,Cody Williams,1610612762,6949,-97.51078054698242,66,2025-10-22,2026-04-12
2025-26,1642263,Reed Sheppard,1610612745,8653,71.25507342860827,82,2025-10-21,2026-04-12
2025-26,1642264,Stephon Castle,1610612759,8371,-61.045166076811626,67,2025-10-22,2026-04-12
2025-26,1642265,Rob Dillingham,1610612741,2805,-42.26645218033813,30,2026-02-07,2026-04-12
2025-26,1642265,Rob Dillingham,1610612750,1476,-54.11368300755555,35,2025-10-24,2026-01-29
2025-26,1642266,Ja'Kobe Walter,1610612761,6062,72.7138200053212,72,2025-10-27,2026-04-12
2025-26,1642267,Bub Carrington,1610612764,9635,-169.9857570027249,82,2025-10-22,2026-04-12
2025-26,1642268,Isaiah Collier,1610612762,6280,-90.80509375215092,59,2025-11-07,2026-03-18
2025-26,1642269,Devin Carter,1610612758,2823,-12.87809834960546,37,2025-10-26,2026-04-12
2025-26,1642270,Donovan Clingan,1610612757,8850,39.89869980581813,77,2025-10-22,2026-04-12
2025-26,1642271,Kyle Filipowski,1610612762,7667,-10.271681321894146,77,2025-10-22,2026-04-07
2025-26,1642272,Jared McCain,1610612755,2619,-24.376629077520278,37,2025-11-04,2026-02-03
2025-26,1642272,Jared McCain,1610612760,2159,3.3582411933844605,30,2026-02-07,2026-04-12
2025-26,1642273,Kyshawn George,1610612764,5921,-45.5404157509933,48,2025-10-22,2026-03-02
2025-26,1642274,Yves Missi,1610612740,5347,-34.282136430835756,65,2025-10-22,2026-04-05
2025-26,1642275,Tidjane Salaün,1610612766,2407,5.764480856170125,36,2025-10-22,2026-04-12
2025-26,1642276,Kel'el Ware,1610612748,7445,71.9682636891539,77,2025-10-22,2026-04-12
2025-26,1642277,Johnny Furphy,1610612754,2685,-8.836538589722903,35,2025-10-23,2026-02-08
2025-26,1642278,Tyler Kolek,1610612752,2890,-24.420547211379525,61,2025-10-22,2026-04-03
2025-26,1642280,Trentyn Flowers,1610612741,19,0.017893189654679814,2,2025-12-03,2025-12-07
2025-26,1642281,Jaylon Tyson,1610612739,7513,23.95092190407385,66,2025-10-22,2026-04-12
2025-26,1642282,Hunter Sallis,1610612755,108,-7.319374627707374,7,2025-10-27,2025-12-23
2025-26,1642285,Cam Spencer,1610612763,6894,23.5068489009285,70,2025-10-22,2026-04-06
2025-26,1642345,Oso Ighodaro,1610612756,7198,-12.140240742101328,82,2025-10-22,2026-04-12
2025-26,1642346,Ryan Dunn,1610612756,5349,-2.8498438146868157,70,2025-10-22,2026-04-12
2025-26,1642347,Jamal Shead,1610612761,7611,-59.76553664245477,82,2025-10-22,2026-04-12
2025-26,1642348,Justin Edwards,1610612755,4087,12.867600969223407,64,2025-10-22,2026-04-12
2025-26,1642349,Ajay Mitchell,1610612760,6235,34.7995018962559,56,2025-10-21,2026-04-08
2025-26,1642352,Keshad Johnson,1610612748,1205,2.2729006097341085,32,2025-10-24,2026-04-12
2025-26,1642353,Cam Christie,1610612746,1937,-19.605505900200143,55,2025-10-22,2026-04-10
2025-26,1642354,KJ Simpson,1610612743,140,-1.3049391150624168,5,2026-02-20,2026-04-10
2025-26,1642354,KJ Simpson,1610612766,911,-25.700615233046154,14,2025-11-02,2025-12-18
2025-26,1642355,Bronny James,1610612747,1492,-27.995783142839255,41,2025-10-24,2026-04-12
2025-26,1642357,David Jones Garcia,1610612759,328,10.386578432327452,11,2025-10-22,2026-01-07
2025-26,1642358,AJ Johnson,1610612742,969,-17.062025687438354,22,2026-02-07,2026-04-12
2025-26,1642358,AJ Johnson,1610612764,904,-9.461033867240888,24,2025-10-26,2026-02-03
2025-26,1642359,Pacôme Dadiet,1610612752,536,-2.704289822443146,28,2025-11-02,2026-04-12
2025-26,1642362,Payton Sandfort,1610612760,265,5.246254635279999,4,2026-03-18,2026-04-12
2025-26,1642363,Nique Clifford,1610612758,7879,-79.45664563223676,75,2025-10-22,2026-04-12
2025-26,1642364,Jamir Watkins,1610612764,4360,28.188377821949555,50,2025-10-28,2026-04-12
2025-26,1642366,Quinten Post,1610612744,4757,1.8614872844491779,66,2025-10-21,2026-03-29
2025-26,1642367,Jonathan Mogbo,1610612761,1045,-1.6890438845680924,40,2025-10-22,2026-04-12
2025-26,1642368,N'Faly Dante,1610612737,60,1.3183387002387932,4,2025-10-24,2025-11-08
2025-26,1642377,Jaylen Wells,1610612763,7600,18.49235766720923,67,2025-10-22,2026-03-23
2025-26,1642380,Adama Bal,1610612763,1060,-8.696435586911244,8,2026-03-28,2026-04-10
2025-26,1642382,Branden Carlson,1610612760,1951,-6.157272137590707,42,2025-10-23,2026-04-12
2025-26,1642383,Walter Clayton Jr.,1610612762,3326,-14.769958593636218,45,2025-10-22,2026-02-01
2025-26,1642383,Walter Clayton Jr.,1610612763,2536,-81.83557076477928,24,2026-02-06,2026-04-08
2025-26,1642384,Isaiah Crawford,1610612745,353,-2.6730701345227117,13,2025-12-06,2026-04-12
2025-26,1642389,Zyon Pullin,1610612750,178,3.827536289390417,4,2026-03-18,2026-04-12
2025-26,1642396,Blake Hinson,1610612762,1218,46.37072416026129,14,2026-02-12,2026-04-12
2025-26,1642400,Tristan Enaruna,1610612739,355,6.431568207668585,9,2026-02-01,2026-04-12
2025-26,1642402,Enrique Freeman,1610612750,169,2.0010901923179376,4,2026-02-08,2026-04-12
2025-26,1642403,Isaac Jones,1610612758,64,-1.9473751192227815,3,2025-10-24,2025-10-29
2025-26,1642403,Isaac Jones,1610612765,76,-5.897425814896922,4,2025-11-17,2026-04-12
2025-26,1642404,Chaz Lanier,1610612765,1041,-18.729978606907864,30,2025-10-24,2026-04-12
2025-26,1642419,Jamison Battle,1610612761,2138,17.32024068870621,61,2025-10-22,2026-04-12
2025-26,1642434,Riley Minix,1610612739,216,-0.09888627158764182,6,2026-03-09,2026-04-12
2025-26,1642434,Riley Minix,1610612759,39,4.346207023179341,3,2025-10-22,2025-11-02
2025-26,1642443,Jahmir Young,1610612748,209,-5.190176517225961,14,2025-10-24,2026-04-12
2025-26,1642449,Tolu Smith,1610612765,369,0.6321564684913745,11,2025-10-27,2026-04-12
2025-26,1642450,Daniss Jenkins,1610612765,5976,-29.83991835881138,70,2025-10-24,2026-04-12
2025-26,1642461,Spencer Jones,1610612743,5880,-2.0829684997520608,64,2025-10-23,2026-03-29
2025-26,1642468,Darius Brown,1610612739,9,-0.7133767108450693,1,2026-02-24,2026-02-24
2025-26,1642484,RayJ Dennis,1610612737,147,-3.014871597046578,3,2026-01-17,2026-04-12
2025-26,1642484,RayJ Dennis,1610612746,17,-0.10337173092593882,1,2025-12-18,2025-12-18
2025-26,1642484,RayJ Dennis,1610612754,714,-12.309693273937123,13,2025-10-25,2025-11-28
2025-26,1642490,Josh Oduro,1610612740,375,-1.2875223629374604,3,2026-04-07,2026-04-12
2025-26,1642502,Malevy Leons,1610612744,1086,-15.975300334993943,24,2026-01-19,2026-04-12
2025-26,1642504,Cormac Ryan,1610612749,1075,31.982784857996677,11,2026-03-19,2026-04-12
2025-26,1642530,Yuki Kawamura,1610612741,926,-8.770877158717093,18,2026-01-31,2026-04-12
2025-26,1642843,Cooper Flagg,1610612742,9629,29.505907093881007,69,2025-10-22,2026-04-12
2025-26,1642844,Dylan Harper,1610612759,6400,26.302614608461827,68,2025-10-22,2026-04-12
2025-26,1642845,VJ Edgecombe,1610612755,10840,-0.3304135218110335,75,2025-10-22,2026-04-12
2025-26,1642846,Ace Bailey,1610612762,8566,-78.95088405250263,72,2025-10-22,2026-04-12
2025-26,1642847,Jeremiah Fears,1610612740,8958,-71.58276622981792,82,2025-10-22,2026-04-12
2025-26,1642848,Tre Johnson,1610612764,6116,-68.99054030222747,60,2025-10-22,2026-04-04
2025-26,1642849,Nolan Traore,1610612751,5042,-129.50858441421568,56,2025-10-22,2026-04-10
2025-26,1642851,Kon Knueppel,1610612766,10376,140.35015142407573,81,2025-10-22,2026-04-12
2025-26,1642852,Derik Queen,1610612740,8778,-114.96497697063263,81,2025-10-22,2026-04-12
2025-26,1642853,Rasheer Fleming,1610612756,2582,2.304278907347158,53,2025-10-24,2026-04-12
2025-26,1642854,Asa Newell,1610612737,2129,22.398939172700505,43,2025-10-24,2026-04-12
2025-26,1642855,Noa Essengue,1610612741,28,-3.336013360257255,2,2025-11-22,2025-11-24
2025-26,1642856,Egor Dëmin,1610612751,5378,-38.973953613510055,52,2025-10-22,2026-02-27
2025-26,1642857,Kasparas Jakučionis,1610612748,4275,-9.889551991033164,53,2025-12-01,2026-04-12
2025-26,1642859,Jase Richardson,1610612753,2343,-3.761231954841458,51,2025-10-25,2026-04-10
2025-26,1642860,Will Riley,1610612764,6812,-25.173417797011137,73,2025-10-24,2026-04-12
2025-26,1642862,Liam McNeeley,1610612766,1448,11.440382042266016,31,2025-10-26,2026-04-12
2025-26,1642863,Khaman Maluach,1610612756,1608,-8.268719439606096,43,2025-10-24,2026-04-12
2025-26,1642864,Hugo González,1610612738,4219,19.273187291120752,73,2025-10-24,2026-04-10
2025-26,1642866,Joan Beringer,1610612750,1336,5.249892489128522,39,2025-10-24,2026-04-12
2025-26,1642867,Collin Murray-Boyles,1610612761,5202,33.67522198856106,57,2025-10-26,2026-04-12
2025-26,1642868,Carter Bryant,1610612759,3369,-41.78551861456551,71,2025-10-22,2026-04-12
2025-26,1642869,Noah Penda,1610612753,2958,-21.774426470149198,55,2025-10-27,2026-04-10
2025-26,1642873,Amari Williams,1610612738,559,-9.496300554097818,19,2025-10-24,2026-04-12
2025-26,1642874,Danny Wolf,1610612751,4872,-22.793874545610674,57,2025-11-03,2026-03-22
2025-26,1642875,Maxime Raynaud,1610612758,8186,25.881228274747237,74,2025-10-22,2026-04-12
2025-26,1642876,Adou Thiero,1610612747,608,-8.613807851296093,25,2025-11-15,2026-04-12
2025-26,1642877,Micah Peavy,1610612740,3928,-22.693768186233914,61,2025-10-27,2026-04-12
2025-26,1642878,Tyrese Proctor,1610612739,2201,-18.285252664299065,49,2025-10-22,2026-04-12
2025-26,1642879,Ben Saraf,1610612751,3769,-77.75290945339985,44,2025-10-22,2026-04-12
2025-26,1642880,Kam Jones,1610612754,2603,-44.78529946068809,37,2025-12-22,2026-04-12
2025-26,1642882,Julian Reese,1610612764,1718,-12.818208686703004,13,2026-03-02,2026-04-12
2025-26,1642883,Sion James,1610612766,7427,-26.183362715223378,82,2025-10-22,2026-04-12
2025-26,1642884,Vladislav Goldin,1610612748,70,1.9414531817843592,8,2025-12-19,2026-04-12
2025-26,1642885,Mohamed Diawara,1610612752,2495,-3.4329742295024706,69,2025-10-28,2026-04-12
2025-26,1642886,Koby Brea,1610612756,328,5.283305752451285,12,2025-11-02,2026-04-12
2025-26,1642905,Yang Hansen,1610612757,1224,-42.92933143224225,41,2025-10-22,2026-04-12
2025-26,1642907,Cedric Coward,1610612763,6655,11.461382138051333,60,2025-10-22,2026-04-08
2025-26,1642910,John Tonje,1610612738,177,-0.9941363520471957,5,2026-02-24,2026-04-12
2025-26,1642911,Rocco Zikarsky,1610612750,145,1.6950276257513932,5,2026-02-22,2026-04-12
2025-26,1642914,Javon Small,1610612763,3518,19.70867233451406,41,2025-10-22,2026-04-12
2025-26,1642917,Max Shulga,1610612738,153,-8.975160739952601,9,2026-02-04,2026-04-12
2025-26,1642918,Alijah Martin,1610612761,568,-10.309361190514252,23,2025-12-07,2026-04-10
2025-26,1642920,Kobe Sanders,1610612746,5450,-40.73113659279396,67,2025-10-22,2026-04-12
2025-26,1642928,Dylan Cardwell,1610612758,3770,26.710088453969597,44,2025-10-22,2026-04-12
2025-26,1642933,Keshon Gilbert,1610612737,109,-2.7514765053801664,1,2026-04-12,2026-04-12
2025-26,1642933,Keshon Gilbert,1610612764,199,-10.03426112415562,3,2026-02-07,2026-02-11
2025-26,1642935,Chucky Hepburn,1610612761,53,-4.519767779474988,2,2025-11-30,2025-12-09
2025-26,1642938,Curtis Jones,1610612743,365,-1.6891353390962596,10,2025-11-29,2026-04-12
2025-26,1642939,Miles Kelly,1610612742,576,4.932106383935639,14,2025-10-26,2026-02-27
2025-26,1642942,Jahmai Mashack,1610612763,2775,-64.63925772841681,30,2025-11-20,2026-04-12
2025-26,1642948,Ryan Nembhard,1610612742,4871,-102.72295745326055,59,2025-10-22,2026-04-12
2025-26,1642949,Yanic Konan Niederhäuser,1610612746,1691,8.721634953179914,41,2025-10-22,2026-03-04
2025-26,1642950,Lachlan Olbrich,1610612741,1400,-9.605871916030068,37,2025-11-29,2026-04-12
2025-26,1642951,Sean Pedulla,1610612746,121,-5.389000387997165,7,2026-03-11,2026-04-10
2025-26,1642954,Will Richard,1610612744,5892,11.295366185820134,68,2025-10-21,2026-04-12
2025-26,1642955,Kadary Richmond,1610612764,302,11.284191860050043,3,2026-02-11,2026-02-20
2025-26,1642959,Chris Youngblood,1610612757,42,0.045834752023342196,2,2026-03-23,2026-04-10
2025-26,1642959,Chris Youngblood,1610612760,662,-8.573872365636879,31,2025-10-21,2026-02-04
2025-26,1642962,Drake Powell,1610612751,5283,-65.08550233077133,63,2025-10-22,2026-04-12
2025-26,1642964,Brooks Barnhizer,1610612760,1377,-20.088148993668444,40,2025-10-21,2026-04-12
2025-26,1642967,John Poulakidas,1610612742,1077,22.365068076853195,13,2026-03-03,2026-04-12
2025-26,1643007,Taelon Peter,1610612754,2099,0.44596049197039855,38,2025-10-23,2026-04-12
2025-26,1643016,Bez Mbeng,1610612762,2178,-8.497352366174725,15,2026-03-13,2026-04-12
2025-26,1643018,LJ Cryer,1610612744,1119,2.316868977043022,18,2026-01-19,2026-04-09
2025-26,1643024,Chris Mañon,1610612747,185,4.46086271801379,9,2025-10-26,2026-04-12
2025-26,1643047,CJ Huntley,1610612756,166,0.9565336150257258,4,2026-03-22,2026-04-12
2025-26,1643052,Chaney Johnson,1610612751,1434,8.859027380902226,17,2026-03-09,2026-04-12
2025-26,1643060,Hayden Gray,1610612762,107,-0.4905153789025476,1,2026-04-12,2026-04-12
2025-26,1643133,Lawson Lovering,1610612763,193,3.635176477983612,2,2026-02-11,2026-02-20
2025-26,1643141,Jahmyl Telfort,1610612746,127,-4.229733998004882,8,2025-10-28,2025-12-03
2025-26,1643158,Andersson Garcia,1610612762,725,-18.864944601271315,5,2026-03-11,2026-03-19
2025-26,1643253,Toby Okani,1610612763,956,-21.687196277990626,6,2026-04-03,2026-04-12
2025-26,1643257,Jayson Kent,1610612757,44,0.608712459645842,5,2026-03-16,2026-04-12
2025-26,200768,Kyle Lowry,1610612755,473,-25.797916084901036,14,2025-11-02,2026-04-12
2025-26,201142,Kevin Durant,1610612745,11517,159.53476820492247,78,2025-10-21,2026-04-10
2025-26,201143,Al Horford,1610612744,4097,-19.137260001287316,45,2025-10-21,2026-04-12
2025-26,201144,Mike Conley,1610612750,4126,-48.55473183975303,54,2025-10-22,2026-04-10
2025-26,201145,Jeff Green,1610612745,752,-19.898453829699413,28,2025-10-27,2026-04-12
2025-26,201566,Russell Westbrook,1610612758,7685,-153.60846652201383,64,2025-10-22,2026-03-19
2025-26,201567,Kevin Love,1610612762,2675,-29.548205704805824,37,2025-11-02,2026-03-18
2025-26,201569,Eric Gordon,1610612755,309,6.0727264027876195,6,2025-10-27,2025-12-23
2025-26,201572,Brook Lopez,1610612746,6467,-24.518241700955855,74,2025-10-22,2026-04-12
2025-26,201587,Nicolas Batum,1610612746,5229,-34.61354433095204,73,2025-10-22,2026-04-12
2025-26,201599,DeAndre Jordan,1610612740,856,-0.2830140675421024,12,2025-10-27,2026-03-27
2025-26,201935,James Harden,1610612739,3595,4.940385528300361,26,2026-02-07,2026-04-10
2025-26,201935,James Harden,1610612746,6283,-2.172978162400634,44,2025-10-22,2026-01-30
2025-26,201939,Stephen Curry,1610612744,5745,90.04773413239742,43,2025-10-21,2026-04-12
2025-26,201942,DeMar DeRozan,1610612758,9893,22.5143280416851,77,2025-10-22,2026-04-05
2025-26,201950,Jrue Holiday,1610612757,6537,34.24161903533046,53,2025-10-22,2026-04-12
2025-26,201959,Taj Gibson,1610612763,400,6.166955227622635,10,2026-03-13,2026-04-12
2025-26,202066,Garrett Temple,1610612761,296,-5.244623048870552,22,2025-11-13,2026-04-12
2025-26,202331,Paul George,1610612755,4694,50.44651260765637,37,2025-11-17,2026-04-12
2025-26,202685,Jonas Valančiūnas,1610612743,3441,-8.76228517229801,65,2025-10-23,2026-04-12
2025-26,202687,Bismack Biyombo,1610612759,550,-24.50696792917427,25,2025-10-22,2026-04-12
2025-26,202691,Klay Thompson,1610612742,6436,6.973811871967059,68,2025-10-22,2026-04-12
2025-26,202695,Kawhi Leonard,1610612746,8540,244.91883094144848,65,2025-10-22,2026-04-10
2025-26,202696,Nikola Vučević,1610612738,1347,-0.8645412533063855,16,2026-02-06,2026-04-10
2025-26,202696,Nikola Vučević,1610612741,6291,9.951160317754017,48,2025-10-22,2026-02-01
2025-26,202699,Tobias Harris,1610612765,6969,65.56963410166746,62,2025-10-22,2026-04-12
2025-26,202710,Jimmy Butler III,1610612744,4853,106.038615513292,38,2025-10-21,2026-01-19
2025-26,203076,Anthony Davis,1610612742,2606,-6.918174594588544,20,2025-10-22,2026-01-08
2025-26,203078,Bradley Beal,1610612746,508,-21.933902499382075,6,2025-10-22,2025-11-08
2025-26,203083,Andre Drummond,1610612755,5128,-25.85656604907985,63,2025-10-22,2026-04-12
2025-26,203084,Harrison Barnes,1610612759,8147,27.225493045070603,76,2025-10-22,2026-04-12
2025-26,203110,Draymond Green,1610612744,7704,-156.53478910052854,68,2025-10-21,2026-04-10
2025-26,203114,Khris Middleton,1610612742,2589,-44.67058246917612,29,2026-02-10,2026-04-12
2025-26,203114,Khris Middleton,1610612764,3563,-40.13960990034649,34,2025-10-22,2026-02-03
2025-26,203468,CJ McCollum,1610612737,4947,33.475503601857625,41,2026-01-11,2026-04-10
2025-26,203468,CJ McCollum,1610612764,4689,-2.821822824870341,35,2025-10-22,2026-01-06
2025-26,203471,Dennis Schröder,1610612739,2643,-46.13304333496703,30,2026-02-04,2026-04-10
2025-26,203471,Dennis Schröder,1610612758,4469,-52.75297781710136,40,2025-10-22,2026-01-30
2025-26,203482,Kelly Olynyk,1610612759,1451,-21.5785777599438,41,2025-11-05,2026-04-02
2025-26,203484,Kentavious Caldwell-Pope,1610612763,4416,-19.037340155703912,49,2025-10-22,2026-02-11
2025-26,203486,Mason Plumlee,1610612759,205,-3.62404267654959,6,2026-03-10,2026-04-12
2025-26,203486,Mason Plumlee,1610612766,510,2.092019524360273,14,2025-10-25,2025-12-22
2025-26,203497,Rudy Gobert,1610612750,9903,59.503033716999234,76,2025-10-22,2026-04-07
2025-26,203500,Steven Adams,1610612745,3028,-22.015812011447114,32,2025-10-21,2026-01-18
2025-26,203501,Tim Hardaway Jr.,1610612743,8754,86.32612673183384,80,2025-10-23,2026-04-10
2025-26,203507,Giannis Antetokounmpo,1610612749,4232,108.19720957572731,36,2025-10-22,2026-03-15
2025-26,203552,Seth Curry,1610612744,539,6.837074293210831,10,2025-12-02,2026-04-12
2025-26,203648,Thanasis Antetokounmpo,1610612749,583,12.16468466387055,32,2025-11-12,2026-04-12
2025-26,203897,Zach LaVine,1610612758,4990,23.957423856518155,39,2025-10-22,2026-02-06
2025-26,203903,Jordan Clarkson,1610612752,5153,-17.089195715730565,71,2025-10-22,2026-04-12
2025-26,203914,Gary Harris,1610612749,2660,-12.178312433795607,47,2025-10-30,2026-04-08
2025-26,203924,Jerami Grant,1610612757,7350,64.07834415953424,57,2025-10-22,2026-03-27
2025-26,203926,Doug McDermott,1610612758,1944,-0.08755063291625215,29,2025-11-12,2026-04-12
2025-26,203932,Aaron Gordon,1610612743,4176,43.29827812573918,36,2025-10-23,2026-04-08
2025-26,203935,Marcus Smart,1610612747,7364,-28.061440665126472,62,2025-10-21,2026-04-12
2025-26,203937,Kyle Anderson,1610612750,1543,-9.188010998926766,19,2026-03-03,2026-04-10
2025-26,203937,Kyle Anderson,1610612762,1696,13.12129098202331,20,2025-10-31,2026-01-30
2025-26,203937,Kyle Anderson,1610612763,411,1.8005760238623236,4,2026-02-07,2026-02-20
2025-26,203939,Dwight Powell,1610612742,3889,-2.80227659739756,61,2025-10-22,2026-04-12
2025-26,203944,Julius Randle,1610612750,11066,-3.2629068550912326,79,2025-10-22,2026-04-07
2025-26,203952,Andrew Wiggins,1610612748,9079,0.8036831892095854,68,2025-10-22,2026-04-12
2025-26,203954,Joel Embiid,1610612755,4989,11.074887943717373,38,2025-10-22,2026-04-06
2025-26,203967,Dario Šarić,1610612758,200,-4.440783481915745,5,2025-10-22,2025-12-20
2025-26,203991,Clint Capela,1610612745,3644,2.1348606104519496,75,2025-10-21,2026-04-12
2025-26,203992,Bogdan Bogdanović,1610612746,1790,-16.74854845715481,23,2025-10-26,2026-04-12
2025-26,203994,Jusuf Nurkić,1610612762,4771,-31.30998786179267,41,2025-10-22,2026-02-11
2025-26,203999,Nikola Jokić,1610612743,9758,155.30873828376232,65,2025-10-23,2026-04-12
2025-26,204001,Kristaps Porziņģis,1610612737,1805,-3.6868711750928482,17,2025-10-22,2026-01-07
2025-26,204001,Kristaps Porziņģis,1610612744,1530,1.6490350925079549,15,2026-02-19,2026-04-12
2025-26,204060,Joe Ingles,1610612750,651,-4.869226133795086,26,2025-10-24,2026-04-12
2025-26,204456,T.J. McConnell,1610612754,4103,17.04165326861635,56,2025-11-11,2026-03-29
2025-26,2544,LeBron James,1610612747,8209,16.02086347861127,60,2025-11-18,2026-04-12
