playerId,player,displayedWAR,calculatedWAR,warFormulaResidual,warInputRate,warCalibrationAbilityInput,warCalibrationOutputRate,replacementLevelUsed,actualOnCourtPossessions,pointsPerWin,seasonalImpactStored,seasonalImpactCalculated,displayedDrbl100,differenceBetweenWarInputAndDisplayedDrbl,warFormulaVersion,warCalibrationVersion,artifactGenerationId,flag
1628983,Shai Gilgeous-Alexander,10.01,10.014741833333334,-0.004741833333334,3.2533,rawAbilityRate_via_seasonalImpact,,0,9235,30,300.44,300.442255,1.52,1.7332999999999998,provisional-seasonalImpact/30,drbl-war-v1,2025-26-g1225-2026-08-12T15-24-09-645Z,OK
202695,Kawhi Leonard,8.16,8.163955333333334,-0.003955333333333755,2.8679,rawAbilityRate_via_seasonalImpact,,0,8540,30,244.92,244.91866000000002,1.22,1.6479000000000001,provisional-seasonalImpact/30,drbl-war-v1,2025-26-g1225-2026-08-12T15-24-09-645Z,OK
1631105,Jalen Duren,6.64,6.643334533333333,-0.003334533333333667,2.4466,rawAbilityRate_via_seasonalImpact,,0,8146,30,199.3,199.300036,1.2,1.2466000000000002,provisional-seasonalImpact/30,drbl-war-v1,2025-26-g1225-2026-08-12T15-24-09-645Z,OK
1630178,Tyrese Maxey,5.55,5.550331833333334,-0.00033183333333397513,1.5205,rawAbilityRate_via_seasonalImpact,,0,10951,30,166.51,166.50995500000002,0.77,0.7505,provisional-seasonalImpact/30,drbl-war-v1,2025-26-g1225-2026-08-12T15-24-09-645Z,OK
1641705,Victor Wembanyama,5.45,5.4464648,0.0035351999999999606,2.0991,rawAbilityRate_via_seasonalImpact,,0,7784,30,163.4,163.393944,0.55,1.5491,provisional-seasonalImpact/30,drbl-war-v1,2025-26-g1225-2026-08-12T15-24-09-645Z,OK
201142,Kevin Durant,5.32,5.3177828,0.0022172000000004743,1.3852,rawAbilityRate_via_seasonalImpact,,0,11517,30,159.53,159.533484,0.56,0.8251999999999999,provisional-seasonalImpact/30,drbl-war-v1,2025-26-g1225-2026-08-12T15-24-09-645Z,OK
1628378,Donovan Mitchell,5.29,5.2899,0.00009999999999976694,1.603,rawAbilityRate_via_seasonalImpact,,0,9900,30,158.7,158.697,0.79,0.813,provisional-seasonalImpact/30,drbl-war-v1,2025-26-g1225-2026-08-12T15-24-09-645Z,OK
203999,Nikola Jokić,5.18,5.176944266666666,0.0030557333333334213,1.5916,rawAbilityRate_via_seasonalImpact,,0,9758,30,155.31,155.308328,0.75,0.8415999999999999,provisional-seasonalImpact/30,drbl-war-v1,2025-26-g1225-2026-08-12T15-24-09-645Z,OK
1630162,Anthony Edwards,4.91,4.906068200000001,0.003931799999999264,1.6467,rawAbilityRate_via_seasonalImpact,,0,8938,30,147.18,147.182046,0.94,0.7067000000000001,provisional-seasonalImpact/30,drbl-war-v1,2025-26-g1225-2026-08-12T15-24-09-645Z,OK
1628374,Lauri Markkanen,4.79,4.791819066666666,-0.0018190666666662025,2.2942,rawAbilityRate_via_seasonalImpact,,0,6266,30,143.76,143.754572,1.91,0.3842000000000001,provisional-seasonalImpact/30,drbl-war-v1,2025-26-g1225-2026-08-12T15-24-09-645Z,OK
1642851,Kon Knueppel,4.68,4.678192533333333,0.001807466666666535,1.3526,rawAbilityRate_via_seasonalImpact,,0,10376,30,140.35,140.345776,0.67,0.6826,provisional-seasonalImpact/30,drbl-war-v1,2025-26-g1225-2026-08-12T15-24-09-645Z,OK
1630217,Desmond Bane,4.29,4.2947424,-0.004742399999999591,1.1471,rawAbilityRate_via_seasonalImpact,,0,11232,30,128.84,128.84227199999998,0.34,0.8070999999999999,provisional-seasonalImpact/30,drbl-war-v1,2025-26-g1225-2026-08-12T15-24-09-645Z,OK
1626181,Norman Powell,4.16,4.158687199999999,0.001312800000000891,1.6494,rawAbilityRate_via_seasonalImpact,,0,7564,30,124.76,124.76061599999998,0.73,0.9194,provisional-seasonalImpact/30,drbl-war-v1,2025-26-g1225-2026-08-12T15-24-09-645Z,OK
1629029,Luka Dončić,4.04,4.0391918,0.0008081999999998146,1.2754,rawAbilityRate_via_seasonalImpact,,0,9501,30,121.17,121.17575400000001,0.41,0.8654000000000002,provisional-seasonalImpact/30,drbl-war-v1,2025-26-g1225-2026-08-12T15-24-09-645Z,OK
1629627,Zion Williamson,4.02,4.0183451,0.0016548999999992375,1.5477,rawAbilityRate_via_seasonalImpact,,0,7789,30,120.55,120.55035300000002,0.68,0.8677,provisional-seasonalImpact/30,drbl-war-v1,2025-26-g1225-2026-08-12T15-24-09-645Z,OK
1630530,Trey Murphy III,3.95,3.9528139999999996,-0.002813999999999428,1.2165,rawAbilityRate_via_seasonalImpact,,0,9748,30,118.58,118.58442,0.58,0.6365,provisional-seasonalImpact/30,drbl-war-v1,2025-26-g1225-2026-08-12T15-24-09-645Z,OK
1631096,Chet Holmgren,3.8,3.79848,0.0015199999999997438,1.36,rawAbilityRate_via_seasonalImpact,,0,8379,30,113.96,113.9544,0.36,1,provisional-seasonalImpact/30,drbl-war-v1,2025-26-g1225-2026-08-12T15-24-09-645Z,OK
1630245,Ayo Dosunmu,3.79,3.791302366666667,-0.0013023666666671652,1.4009,rawAbilityRate_via_seasonalImpact,,0,8119,30,113.74,113.73907100000001,0.41,0.9909000000000001,provisional-seasonalImpact/30,drbl-war-v1,2025-26-g1225-2026-08-12T15-24-09-645Z,OK
1629638,Nickeil Alexander-Walker,3.63,3.6295688666666672,0.00043113333333266723,0.9703,rawAbilityRate_via_seasonalImpact,,0,11222,30,108.88,108.88706600000002,-0.06,1.0303,provisional-seasonalImpact/30,drbl-war-v1,2025-26-g1225-2026-08-12T15-24-09-645Z,OK
1630198,Isaiah Joe,3.62,3.6156457333333334,0.004354266666666717,1.7546,rawAbilityRate_via_seasonalImpact,,0,6182,30,108.47,108.469372,0.42,1.3346,provisional-seasonalImpact/30,drbl-war-v1,2025-26-g1225-2026-08-12T15-24-09-645Z,OK
203507,Giannis Antetokounmpo,3.61,3.6065104,0.0034895999999999816,2.5566,rawAbilityRate_via_seasonalImpact,,0,4232,30,108.2,108.195312,1.17,1.3866,provisional-seasonalImpact/30,drbl-war-v1,2025-26-g1225-2026-08-12T15-24-09-645Z,OK
1629674,Neemias Queta,3.58,3.5773391999999995,0.002660800000000574,1.4241,rawAbilityRate_via_seasonalImpact,,0,7536,30,107.32,107.32017599999999,0.5,0.9240999999999999,provisional-seasonalImpact/30,drbl-war-v1,2025-26-g1225-2026-08-12T15-24-09-645Z,OK
202710,Jimmy Butler III,3.53,3.5346016666666666,-0.004601666666666837,2.185,rawAbilityRate_via_seasonalImpact,,0,4853,30,106.04,106.03805,2.31,-0.125,provisional-seasonalImpact/30,drbl-war-v1,2025-26-g1225-2026-08-12T15-24-09-645Z,OK
1629750,Javonte Green,3.36,3.3591362000000005,0.000863799999999415,1.5778,rawAbilityRate_via_seasonalImpact,,0,6387,30,100.77,100.77408600000001,0.28,1.2978,provisional-seasonalImpact/30,drbl-war-v1,2025-26-g1225-2026-08-12T15-24-09-645Z,OK
1628384,OG Anunoby,3.35,3.3524458999999998,-0.002445899999999668,1.1399,rawAbilityRate_via_seasonalImpact,,0,8823,30,100.58,100.573377,0.16,0.9798999999999999,provisional-seasonalImpact/30,drbl-war-v1,2025-26-g1225-2026-08-12T15-24-09-645Z,OK
1629640,Keldon Johnson,3.32,3.3190427999999996,0.0009572000000002134,1.2403,rawAbilityRate_via_seasonalImpact,,0,8028,30,99.57,99.57128399999999,0.94,0.3003,provisional-seasonalImpact/30,drbl-war-v1,2025-26-g1225-2026-08-12T15-24-09-645Z,OK
1630572,Sandro Mamukelashvili,3.17,3.1725993,-0.002599299999999971,1.3221,rawAbilityRate_via_seasonalImpact,,0,7199,30,95.18,95.177979,0.5,0.8221,provisional-seasonalImpact/30,drbl-war-v1,2025-26-g1225-2026-08-12T15-24-09-645Z,OK
201939,Stephen Curry,3,3.0015709999999998,-0.001570999999999767,1.5674,rawAbilityRate_via_seasonalImpact,,0,5745,30,90.05,90.04713,0.72,0.8473999999999999,provisional-seasonalImpact/30,drbl-war-v1,2025-26-g1225-2026-08-12T15-24-09-645Z,OK
1629008,Michael Porter Jr.,2.98,2.978790666666667,0.0012093333333331735,1.3084,rawAbilityRate_via_seasonalImpact,,0,6830,30,89.36,89.36372,0.68,0.6284,provisional-seasonalImpact/30,drbl-war-v1,2025-26-g1225-2026-08-12T15-24-09-645Z,OK
1630541,Moses Moody,2.96,2.9608347999999998,-0.0008347999999998024,1.3733,rawAbilityRate_via_seasonalImpact,,0,6468,30,88.82,88.82504399999999,0.33,1.0433,provisional-seasonalImpact/30,drbl-war-v1,2025-26-g1225-2026-08-12T15-24-09-645Z,OK
1627750,Jamal Murray,2.92,2.9150946666666666,0.004905333333333317,0.7972,rawAbilityRate_via_seasonalImpact,,0,10970,30,87.45,87.45284,0.23,0.5672,provisional-seasonalImpact/30,drbl-war-v1,2025-26-g1225-2026-08-12T15-24-09-645Z,OK
203501,Tim Hardaway Jr.,2.88,2.8774398,0.0025602000000000125,0.9861,rawAbilityRate_via_seasonalImpact,,0,8754,30,86.33,86.323194,0.36,0.6261,provisional-seasonalImpact/30,drbl-war-v1,2025-26-g1225-2026-08-12T15-24-09-645Z,OK
1630200,Tre Jones,2.79,2.7864180000000003,0.003581999999999752,1.094,rawAbilityRate_via_seasonalImpact,,0,7641,30,83.59,83.59254000000001,0.31,0.784,provisional-seasonalImpact/30,drbl-war-v1,2025-26-g1225-2026-08-12T15-24-09-645Z,OK
1631109,Mark Williams,2.72,2.7196148333333334,0.0003851666666667697,1.3747,rawAbilityRate_via_seasonalImpact,,0,5935,30,81.59,81.58844500000001,0.71,0.6647000000000001,provisional-seasonalImpact/30,drbl-war-v1,2025-26-g1225-2026-08-12T15-24-09-645Z,OK
1630241,Sam Merrill,2.62,2.622618666666667,-0.002618666666666769,1.396,rawAbilityRate_via_seasonalImpact,,0,5636,30,78.68,78.67856,1.05,0.34599999999999986,provisional-seasonalImpact/30,drbl-war-v1,2025-26-g1225-2026-08-12T15-24-09-645Z,OK
1630577,Julian Champagnie,2.59,2.5897066666666664,0.00029333333333347866,0.823,rawAbilityRate_via_seasonalImpact,,0,9440,30,77.69,77.6912,0.06,0.7629999999999999,provisional-seasonalImpact/30,drbl-war-v1,2025-26-g1225-2026-08-12T15-24-09-645Z,OK
1628379,Luke Kennard,2.58,2.5846512,-0.0046512000000000775,1.1112,rawAbilityRate_via_seasonalImpact,,0,6978,30,77.54,77.539536,0.77,0.34119999999999995,provisional-seasonalImpact/30,drbl-war-v1,2025-26-g1225-2026-08-12T15-24-09-645Z,OK
1630202,Payton Pritchard,2.52,2.5242166666666668,-0.004216666666666757,0.755,rawAbilityRate_via_seasonalImpact,,0,10030,30,75.73,75.7265,0.36,0.395,provisional-seasonalImpact/30,drbl-war-v1,2025-26-g1225-2026-08-12T15-24-09-645Z,OK
1630180,Saddiq Bey,2.52,2.5242661,-0.004266100000000161,0.8011,rawAbilityRate_via_seasonalImpact,,0,9453,30,75.73,75.72798300000001,0.24,0.5611,provisional-seasonalImpact/30,drbl-war-v1,2025-26-g1225-2026-08-12T15-24-09-645Z,OK
1628386,Jarrett Allen,2.51,2.507412266666667,0.0025877333333328423,1.1666,rawAbilityRate_via_seasonalImpact,,0,6448,30,75.23,75.222368,0.32,0.8466,provisional-seasonalImpact/30,drbl-war-v1,2025-26-g1225-2026-08-12T15-24-09-645Z,OK
1629057,Robert Williams III,2.48,2.4806661666666665,-0.0006661666666665234,1.7449,rawAbilityRate_via_seasonalImpact,,0,4265,30,74.42,74.419985,0.77,0.9748999999999999,provisional-seasonalImpact/30,drbl-war-v1,2025-26-g1225-2026-08-12T15-24-09-645Z,OK
1628969,Mikal Bridges,2.48,2.4755146666666668,0.00448533333333323,0.692,rawAbilityRate_via_seasonalImpact,,0,10732,30,74.27,74.26544,0.27,0.42199999999999993,provisional-seasonalImpact/30,drbl-war-v1,2025-26-g1225-2026-08-12T15-24-09-645Z,OK
1642266,Ja'Kobe Walter,2.42,2.4237896666666665,-0.00378966666666658,1.1995,rawAbilityRate_via_seasonalImpact,,0,6062,30,72.71,72.71369,0.15,1.0495,provisional-seasonalImpact/30,drbl-war-v1,2025-26-g1225-2026-08-12T15-24-09-645Z,OK
1628973,Jalen Brunson,2.42,2.4181140000000005,0.0018859999999993882,0.7065,rawAbilityRate_via_seasonalImpact,,0,10268,30,72.55,72.54342000000001,0.43,0.2765,provisional-seasonalImpact/30,drbl-war-v1,2025-26-g1225-2026-08-12T15-24-09-645Z,OK
1642276,Kel'el Ware,2.4,2.399027166666667,0.0009728333333329786,0.9667,rawAbilityRate_via_seasonalImpact,,0,7445,30,71.97,71.970815,0.25,0.7167,provisional-seasonalImpact/30,drbl-war-v1,2025-26-g1225-2026-08-12T15-24-09-645Z,OK
1642263,Reed Sheppard,2.38,2.3752484999999997,0.004751500000000242,0.8235,rawAbilityRate_via_seasonalImpact,,0,8653,30,71.26,71.257455,0.39,0.4335,provisional-seasonalImpact/30,drbl-war-v1,2025-26-g1225-2026-08-12T15-24-09-645Z,OK
1629130,Duncan Robinson,2.37,2.370494933333333,-0.0004949333333330586,0.8176,rawAbilityRate_via_seasonalImpact,,0,8698,30,71.12,71.114848,0.4,0.41759999999999997,provisional-seasonalImpact/30,drbl-war-v1,2025-26-g1225-2026-08-12T15-24-09-645Z,OK
1629655,Daniel Gafford,2.33,2.333296,-0.0032959999999997436,1.4056,rawAbilityRate_via_seasonalImpact,,0,4980,30,70,69.99888,0.49,0.9156,provisional-seasonalImpact/30,drbl-war-v1,2025-26-g1225-2026-08-12T15-24-09-645Z,OK
1629637,Jaxson Hayes,2.33,2.3311505333333336,-0.001150533333333481,1.4174,rawAbilityRate_via_seasonalImpact,,0,4934,30,69.94,69.934516,0.56,0.8573999999999999,provisional-seasonalImpact/30,drbl-war-v1,2025-26-g1225-2026-08-12T15-24-09-645Z,OK
1641717,Cason Wallace,2.26,2.257548,0.0024519999999998987,0.8055,rawAbilityRate_via_seasonalImpact,,0,8408,30,67.73,67.72644,0.2,0.6054999999999999,provisional-seasonalImpact/30,drbl-war-v1,2025-26-g1225-2026-08-12T15-24-09-645Z,OK
1630573,Sam Hauser,2.24,2.2425054666666666,-0.0025054666666664005,0.8518,rawAbilityRate_via_seasonalImpact,,0,7898,30,67.28,67.275164,0.18,0.6718,provisional-seasonalImpact/30,drbl-war-v1,2025-26-g1225-2026-08-12T15-24-09-645Z,OK
1641750,Ryan Kalkbrenner,2.22,2.2220105,-0.002010499999999915,1.0743,rawAbilityRate_via_seasonalImpact,,0,6205,30,66.66,66.660315,0.52,0.5543,provisional-seasonalImpact/30,drbl-war-v1,2025-26-g1225-2026-08-12T15-24-09-645Z,OK
1630230,Naji Marshall,2.2,2.1968652,0.003134800000000215,0.7092,rawAbilityRate_via_seasonalImpact,,0,9293,30,65.9,65.905956,0.52,0.18920000000000003,provisional-seasonalImpact/30,drbl-war-v1,2025-26-g1225-2026-08-12T15-24-09-645Z,OK
1641783,Tristan da Silva,2.19,2.1950623333333334,-0.005062333333333502,0.8519,rawAbilityRate_via_seasonalImpact,,0,7730,30,65.85,65.85187,0.3,0.5519000000000001,provisional-seasonalImpact/30,drbl-war-v1,2025-26-g1225-2026-08-12T15-24-09-645Z,OK
202699,Tobias Harris,2.19,2.1857107,0.00428929999999994,0.9409,rawAbilityRate_via_seasonalImpact,,0,6969,30,65.57,65.571321,0.15,0.7908999999999999,provisional-seasonalImpact/30,drbl-war-v1,2025-26-g1225-2026-08-12T15-24-09-645Z,OK
203924,Jerami Grant,2.14,2.1359100000000004,0.004089999999999705,0.8718,rawAbilityRate_via_seasonalImpact,,0,7350,30,64.08,64.07730000000001,0.41,0.46180000000000004,provisional-seasonalImpact/30,drbl-war-v1,2025-26-g1225-2026-08-12T15-24-09-645Z,OK
1630540,Miles McBride,2.13,2.1258615,0.004138499999999823,1.4511,rawAbilityRate_via_seasonalImpact,,0,4395,30,63.78,63.775845,0.61,0.8411000000000001,provisional-seasonalImpact/30,drbl-war-v1,2025-26-g1225-2026-08-12T15-24-09-645Z,OK
1630533,Ziaire Williams,2.12,2.1166812000000004,0.003318799999999733,1.1988,rawAbilityRate_via_seasonalImpact,,0,5297,30,63.5,63.50043600000001,0.13,1.0688,provisional-seasonalImpact/30,drbl-war-v1,2025-26-g1225-2026-08-12T15-24-09-645Z,OK
1630249,Vít Krejčí,2.07,2.0713952,-0.0013952000000001519,1.0416,rawAbilityRate_via_seasonalImpact,,0,5966,30,62.14,62.141856000000004,0.49,0.5516000000000001,provisional-seasonalImpact/30,drbl-war-v1,2025-26-g1225-2026-08-12T15-24-09-645Z,OK
1629012,Collin Sexton,2.06,2.0607594333333332,-0.0007594333333331704,0.9109,rawAbilityRate_via_seasonalImpact,,0,6787,30,61.82,61.822783,-0.02,0.9309000000000001,provisional-seasonalImpact/30,drbl-war-v1,2025-26-g1225-2026-08-12T15-24-09-645Z,OK
1630551,Justin Champagnie,2.02,2.0238706666666664,-0.003870666666666356,1.049,rawAbilityRate_via_seasonalImpact,,0,5788,30,60.72,60.71611999999999,0.12,0.9289999999999999,provisional-seasonalImpact/30,drbl-war-v1,2025-26-g1225-2026-08-12T15-24-09-645Z,OK
203497,Rudy Gobert,1.98,1.9835709,-0.0035708999999999325,0.6009,rawAbilityRate_via_seasonalImpact,,0,9903,30,59.5,59.507127,0.32,0.2809,provisional-seasonalImpact/30,drbl-war-v1,2025-26-g1225-2026-08-12T15-24-09-645Z,OK
1629011,Mitchell Robinson,1.98,1.9774771333333332,0.00252286666666679,1.2706,rawAbilityRate_via_seasonalImpact,,0,4669,30,59.33,59.324313999999994,0.14,1.1305999999999998,provisional-seasonalImpact/30,drbl-war-v1,2025-26-g1225-2026-08-12T15-24-09-645Z,OK
1630194,Paul Reed,1.91,1.9112125999999998,-0.001212599999999897,1.4766,rawAbilityRate_via_seasonalImpact,,0,3883,30,57.33,57.336377999999996,0.65,0.8265999999999999,provisional-seasonalImpact/30,drbl-war-v1,2025-26-g1225-2026-08-12T15-24-09-645Z,OK
1628963,Marvin Bagley III,1.91,1.9082194,0.001780600000000021,1.1118,rawAbilityRate_via_seasonalImpact,,0,5149,30,57.25,57.246582,0.46,0.6517999999999999,provisional-seasonalImpact/30,drbl-war-v1,2025-26-g1225-2026-08-12T15-24-09-645Z,OK
1641706,Brandon Miller,1.89,1.8853501333333333,0.004649866666666558,0.7007,rawAbilityRate_via_seasonalImpact,,0,8072,30,56.56,56.560504,0.03,0.6707,provisional-seasonalImpact/30,drbl-war-v1,2025-26-g1225-2026-08-12T15-24-09-645Z,OK
1630568,Luka Garza,1.85,1.8501318333333334,-0.00013183333333333103,1.2095,rawAbilityRate_via_seasonalImpact,,0,4589,30,55.5,55.503955000000005,0.78,0.4295,provisional-seasonalImpact/30,drbl-war-v1,2025-26-g1225-2026-08-12T15-24-09-645Z,OK
1628381,John Collins,1.84,1.8367467,0.0032533000000001255,0.7257,rawAbilityRate_via_seasonalImpact,,0,7593,30,55.1,55.102401,0.39,0.3357,provisional-seasonalImpact/30,drbl-war-v1,2025-26-g1225-2026-08-12T15-24-09-645Z,OK
1629680,Matisse Thybulle,1.79,1.7863864999999999,0.0036135000000001583,2.6155,rawAbilityRate_via_seasonalImpact,,0,2049,30,53.59,53.591595,1.6,1.0154999999999998,provisional-seasonalImpact/30,drbl-war-v1,2025-26-g1225-2026-08-12T15-24-09-645Z,OK
1628991,Jaren Jackson Jr.,1.78,1.7842293333333332,-0.004229333333333196,0.8945,rawAbilityRate_via_seasonalImpact,,0,5984,30,53.53,53.52688,0.18,0.7144999999999999,provisional-seasonalImpact/30,drbl-war-v1,2025-26-g1225-2026-08-12T15-24-09-645Z,OK
1627780,Gary Payton II,1.78,1.7778033333333334,0.0021966666666666246,1.145,rawAbilityRate_via_seasonalImpact,,0,4658,30,53.33,53.3341,0.04,1.105,provisional-seasonalImpact/30,drbl-war-v1,2025-26-g1225-2026-08-12T15-24-09-645Z,OK
1641708,Amen Thompson,1.75,1.7485467999999997,0.0014532000000002654,0.4367,rawAbilityRate_via_seasonalImpact,,0,12012,30,52.46,52.45640399999999,-0.26,0.6967,provisional-seasonalImpact/30,drbl-war-v1,2025-26-g1225-2026-08-12T15-24-09-645Z,OK
1629013,Landry Shamet,1.7,1.700518,-0.0005180000000000184,1.051,rawAbilityRate_via_seasonalImpact,,0,4854,30,51.02,51.01554,0.78,0.2709999999999999,provisional-seasonalImpact/30,drbl-war-v1,2025-26-g1225-2026-08-12T15-24-09-645Z,OK
1630532,Franz Wagner,1.69,1.6881047333333332,0.0018952666666667284,1.2133,rawAbilityRate_via_seasonalImpact,,0,4174,30,50.64,50.643142,0.64,0.5733,provisional-seasonalImpact/30,drbl-war-v1,2025-26-g1225-2026-08-12T15-24-09-645Z,OK
202331,Paul George,1.68,1.6815472666666667,-0.0015472666666667134,1.0747,rawAbilityRate_via_seasonalImpact,,0,4694,30,50.45,50.446418,0.1,0.9747,provisional-seasonalImpact/30,drbl-war-v1,2025-26-g1225-2026-08-12T15-24-09-645Z,OK
1631169,Josh Minott,1.64,1.638082,0.0019179999999998643,1.4604,rawAbilityRate_via_seasonalImpact,,0,3365,30,49.14,49.14246,0.14,1.3203999999999998,provisional-seasonalImpact/30,drbl-war-v1,2025-26-g1225-2026-08-12T15-24-09-645Z,OK
1631255,Karlo Matković,1.6,1.5986250666666668,0.0013749333333332725,1.3004,rawAbilityRate_via_seasonalImpact,,0,3688,30,47.96,47.958752000000004,0.69,0.6104,provisional-seasonalImpact/30,drbl-war-v1,2025-26-g1225-2026-08-12T15-24-09-645Z,OK
1631165,Keon Ellis,1.57,1.5705076666666669,-0.000507666666666795,0.7846,rawAbilityRate_via_seasonalImpact,,0,6005,30,47.11,47.115230000000004,0.25,0.5346,provisional-seasonalImpact/30,drbl-war-v1,2025-26-g1225-2026-08-12T15-24-09-645Z,OK
1630596,Evan Mobley,1.56,1.561198833333333,-0.001198833333333038,0.5335,rawAbilityRate_via_seasonalImpact,,0,8779,30,46.83,46.835964999999995,-0.28,0.8135,provisional-seasonalImpact/30,drbl-war-v1,2025-26-g1225-2026-08-12T15-24-09-645Z,OK
1642396,Blake Hinson,1.55,1.5456826000000001,0.004317399999999916,3.8071,rawAbilityRate_via_seasonalImpact,,0,1218,30,46.37,46.370478000000006,0.83,2.9771,provisional-seasonalImpact/30,drbl-war-v1,2025-26-g1225-2026-08-12T15-24-09-645Z,OK
1641739,Toumani Camara,1.52,1.5236760000000003,-0.0036760000000002346,0.3927,rawAbilityRate_via_seasonalImpact,,0,11640,30,45.71,45.710280000000004,-0.22,0.6127,provisional-seasonalImpact/30,drbl-war-v1,2025-26-g1225-2026-08-12T15-24-09-645Z,OK
1628436,Luke Kornet,1.51,1.5058862666666668,0.004113733333333203,0.7708,rawAbilityRate_via_seasonalImpact,,0,5861,30,45.18,45.176588,0.34,0.4308,provisional-seasonalImpact/30,drbl-war-v1,2025-26-g1225-2026-08-12T15-24-09-645Z,OK
1630193,Immanuel Quickley,1.5,1.4971257000000002,0.0028742999999997743,0.4907,rawAbilityRate_via_seasonalImpact,,0,9153,30,44.91,44.913771000000004,0.17,0.3207,provisional-seasonalImpact/30,drbl-war-v1,2025-26-g1225-2026-08-12T15-24-09-645Z,OK
1629028,Deandre Ayton,1.5,1.4953155,0.00468449999999998,0.5565,rawAbilityRate_via_seasonalImpact,,0,8061,30,44.86,44.859465,0.05,0.5065,provisional-seasonalImpact/30,drbl-war-v1,2025-26-g1225-2026-08-12T15-24-09-645Z,OK
1629661,Cameron Johnson,1.49,1.4880170666666668,0.0019829333333332144,0.6496,rawAbilityRate_via_seasonalImpact,,0,6872,30,44.64,44.640512,-0.18,0.8295999999999999,provisional-seasonalImpact/30,drbl-war-v1,2025-26-g1225-2026-08-12T15-24-09-645Z,OK
1630170,Devin Vassell,1.48,1.4827184666666668,-0.0027184666666668633,0.5338,rawAbilityRate_via_seasonalImpact,,0,8333,30,44.48,44.481554,0.05,0.48380000000000006,provisional-seasonalImpact/30,drbl-war-v1,2025-26-g1225-2026-08-12T15-24-09-645Z,OK
1629639,Tyler Herro,1.45,1.4502662999999998,-0.00026629999999983056,0.9819,rawAbilityRate_via_seasonalImpact,,0,4431,30,43.51,43.507988999999995,1,-0.018100000000000005,provisional-seasonalImpact/30,drbl-war-v1,2025-26-g1225-2026-08-12T15-24-09-645Z,OK
203932,Aaron Gordon,1.44,1.4432256,-0.0032256000000001617,1.0368,rawAbilityRate_via_seasonalImpact,,0,4176,30,43.3,43.296768,0.67,0.3667999999999999,provisional-seasonalImpact/30,drbl-war-v1,2025-26-g1225-2026-08-12T15-24-09-645Z,OK
1630549,Day'Ron Sharpe,1.43,1.4283666666666663,0.0016333333333335975,0.9125,rawAbilityRate_via_seasonalImpact,,0,4696,30,42.85,42.85099999999999,0.41,0.5025,provisional-seasonalImpact/30,drbl-war-v1,2025-26-g1225-2026-08-12T15-24-09-645Z,OK
1630538,Bones Hyland,1.4,1.3955218666666667,0.004478133333333245,0.8456,rawAbilityRate_via_seasonalImpact,,0,4951,30,41.87,41.865656,0.11,0.7356,provisional-seasonalImpact/30,drbl-war-v1,2025-26-g1225-2026-08-12T15-24-09-645Z,OK
1629004,Svi Mykhailiuk,1.39,1.3874061000000002,0.0025938999999997048,0.8373,rawAbilityRate_via_seasonalImpact,,0,4971,30,41.62,41.62218300000001,0.08,0.7573000000000001,provisional-seasonalImpact/30,drbl-war-v1,2025-26-g1225-2026-08-12T15-24-09-645Z,OK
1627783,Pascal Siakam,1.37,1.3727303333333332,-0.002730333333333057,0.4739,rawAbilityRate_via_seasonalImpact,,0,8690,30,41.18,41.181909999999995,0.1,0.3739,provisional-seasonalImpact/30,drbl-war-v1,2025-26-g1225-2026-08-12T15-24-09-645Z,OK
1628960,Grayson Allen,1.35,1.3479047999999998,0.002095200000000297,0.6696,rawAbilityRate_via_seasonalImpact,,0,6039,30,40.44,40.437143999999996,0.14,0.5296,provisional-seasonalImpact/30,drbl-war-v1,2025-26-g1225-2026-08-12T15-24-09-645Z,OK
1642270,Donovan Clingan,1.33,1.32986,0.000140000000000029,0.4508,rawAbilityRate_via_seasonalImpact,,0,8850,30,39.9,39.8958,0.37,0.08079999999999998,provisional-seasonalImpact/30,drbl-war-v1,2025-26-g1225-2026-08-12T15-24-09-645Z,OK
1629048,Goga Bitadze,1.33,1.3253711333333333,0.004628866666666731,1.0253,rawAbilityRate_via_seasonalImpact,,0,3878,30,39.76,39.761134,0.46,0.5653000000000001,provisional-seasonalImpact/30,drbl-war-v1,2025-26-g1225-2026-08-12T15-24-09-645Z,OK
1626171,Bobby Portis,1.29,1.2929816666666667,-0.0029816666666666602,0.5833,rawAbilityRate_via_seasonalImpact,,0,6650,30,38.79,38.78945,-0.02,0.6033000000000001,provisional-seasonalImpact/30,drbl-war-v1,2025-26-g1225-2026-08-12T15-24-09-645Z,OK
1631323,Simone Fontecchio,1.29,1.2914577,-0.0014577000000000062,0.7701,rawAbilityRate_via_seasonalImpact,,0,5031,30,38.75,38.743731000000004,0.27,0.5001,provisional-seasonalImpact/30,drbl-war-v1,2025-26-g1225-2026-08-12T15-24-09-645Z,OK
1630559,Austin Reaves,1.28,1.2807119999999999,-0.0007119999999998239,0.5256,rawAbilityRate_via_seasonalImpact,,0,7310,30,38.42,38.42135999999999,0.27,0.25559999999999994,provisional-seasonalImpact/30,drbl-war-v1,2025-26-g1225-2026-08-12T15-24-09-645Z,OK
1627936,Alex Caruso,1.28,1.2760773333333333,0.003922666666666741,0.9104,rawAbilityRate_via_seasonalImpact,,0,4205,30,38.28,38.28232,0.5,0.4104,provisional-seasonalImpact/30,drbl-war-v1,2025-26-g1225-2026-08-12T15-24-09-645Z,OK
1630692,Jordan Goodwin,1.27,1.26753,0.0024699999999999722,0.6012,rawAbilityRate_via_seasonalImpact,,0,6325,30,38.02,38.0259,0.16,0.4411999999999999,provisional-seasonalImpact/30,drbl-war-v1,2025-26-g1225-2026-08-12T15-24-09-645Z,OK
1629723,John Konchar,1.21,1.2147773333333334,-0.004777333333333411,0.7895,rawAbilityRate_via_seasonalImpact,,0,4616,30,36.44,36.44332,0.58,0.20950000000000002,provisional-seasonalImpact/30,drbl-war-v1,2025-26-g1225-2026-08-12T15-24-09-645Z,OK
1642349,Ajay Mitchell,1.16,1.1599178333333335,0.00008216666666638339,0.5581,rawAbilityRate_via_seasonalImpact,,0,6235,30,34.8,34.797535,0.16,0.3981,provisional-seasonalImpact/30,drbl-war-v1,2025-26-g1225-2026-08-12T15-24-09-645Z,OK
1630183,Jaden McDaniels,1.16,1.1587044999999998,0.001295500000000116,0.3513,rawAbilityRate_via_seasonalImpact,,0,9895,30,34.76,34.761134999999996,0.08,0.2713,provisional-seasonalImpact/30,drbl-war-v1,2025-26-g1225-2026-08-12T15-24-09-645Z,OK
201950,Jrue Holiday,1.14,1.1413602,-0.0013602000000001446,0.5238,rawAbilityRate_via_seasonalImpact,,0,6537,30,34.24,34.240806,0.1,0.42380000000000007,provisional-seasonalImpact/30,drbl-war-v1,2025-26-g1225-2026-08-12T15-24-09-645Z,OK
1626157,Karl-Anthony Towns,1.13,1.1337845,-0.0037845000000000795,0.3615,rawAbilityRate_via_seasonalImpact,,0,9409,30,34.01,34.013535,-0.14,0.5015000000000001,provisional-seasonalImpact/30,drbl-war-v1,2025-26-g1225-2026-08-12T15-24-09-645Z,OK
1642867,Collin Murray-Boyles,1.12,1.1225915999999998,-0.002591599999999694,0.6474,rawAbilityRate_via_seasonalImpact,,0,5202,30,33.68,33.677747999999994,0.1,0.5474,provisional-seasonalImpact/30,drbl-war-v1,2025-26-g1225-2026-08-12T15-24-09-645Z,OK
1629731,Dean Wade,1.09,1.093808333333333,-0.0038083333333329694,0.595,rawAbilityRate_via_seasonalImpact,,0,5515,30,32.81,32.814249999999994,0.18,0.415,provisional-seasonalImpact/30,drbl-war-v1,2025-26-g1225-2026-08-12T15-24-09-645Z,OK
1628978,Donte DiVincenzo,1.09,1.0879529333333333,0.0020470666666667636,0.3071,rawAbilityRate_via_seasonalImpact,,0,10628,30,32.64,32.638588,0.15,0.1571,provisional-seasonalImpact/30,drbl-war-v1,2025-26-g1225-2026-08-12T15-24-09-645Z,OK
1631095,Jabari Smith Jr.,1.08,1.0781231666666666,0.0018768333333334386,0.2939,rawAbilityRate_via_seasonalImpact,,0,11005,30,32.35,32.343695,0.16,0.1339,provisional-seasonalImpact/30,drbl-war-v1,2025-26-g1225-2026-08-12T15-24-09-645Z,OK
1631221,Collin Gillespie,1.07,1.0737226666666666,-0.003722666666666541,0.3488,rawAbilityRate_via_seasonalImpact,,0,9235,30,32.21,32.21168,0.11,0.2388,provisional-seasonalImpact/30,drbl-war-v1,2025-26-g1225-2026-08-12T15-24-09-645Z,OK
1642504,Cormac Ryan,1.07,1.0660774999999998,0.003922500000000273,2.9751,rawAbilityRate_via_seasonalImpact,,0,1075,30,31.98,31.982324999999996,0.92,2.0551,provisional-seasonalImpact/30,drbl-war-v1,2025-26-g1225-2026-08-12T15-24-09-645Z,OK
1630188,Jalen Smith,1.04,1.0388656666666667,0.0011343333333333483,0.6589,rawAbilityRate_via_seasonalImpact,,0,4730,30,31.17,31.16597,0.29,0.36890000000000006,provisional-seasonalImpact/30,drbl-war-v1,2025-26-g1225-2026-08-12T15-24-09-645Z,OK
1641765,Olivier-Maxence Prosper,1.02,1.0245816,-0.0045816000000000745,0.7308,rawAbilityRate_via_seasonalImpact,,0,4206,30,30.74,30.737448,0.02,0.7108,provisional-seasonalImpact/30,drbl-war-v1,2025-26-g1225-2026-08-12T15-24-09-645Z,OK
203468,CJ McCollum,1.02,1.0217372,-0.0017371999999999943,0.3181,rawAbilityRate_via_seasonalImpact,,0,9636,30,30.65,30.652116,-0.12,0.4381,provisional-seasonalImpact/30,drbl-war-v1,2025-26-g1225-2026-08-12T15-24-09-645Z,OK
1629060,Rui Hachimura,1.02,1.0215889999999999,-0.0015889999999998405,0.3786,rawAbilityRate_via_seasonalImpact,,0,8095,30,30.65,30.647669999999998,-0.09,0.4686,provisional-seasonalImpact/30,drbl-war-v1,2025-26-g1225-2026-08-12T15-24-09-645Z,OK
1627884,Derrick Jones Jr.,1.01,1.0075167999999999,0.0024832000000001297,0.5448,rawAbilityRate_via_seasonalImpact,,0,5548,30,30.23,30.225503999999997,0.4,0.14479999999999993,provisional-seasonalImpact/30,drbl-war-v1,2025-26-g1225-2026-08-12T15-24-09-645Z,OK
1631248,Baylor Scheierman,1,1.0009516999999999,-0.0009516999999998887,0.5437,rawAbilityRate_via_seasonalImpact,,0,5523,30,30.03,30.028550999999997,0.23,0.3137,provisional-seasonalImpact/30,drbl-war-v1,2025-26-g1225-2026-08-12T15-24-09-645Z,OK
1642066,Myron Gardner,0.99,0.9886506666666667,0.0013493333333333135,1.6852,rawAbilityRate_via_seasonalImpact,,0,1760,30,29.66,29.65952,0.9,0.7852,provisional-seasonalImpact/30,drbl-war-v1,2025-26-g1225-2026-08-12T15-24-09-645Z,OK
1642843,Cooper Flagg,0.98,0.9834418666666667,-0.003441866666666682,0.3064,rawAbilityRate_via_seasonalImpact,,0,9629,30,29.51,29.503256,-0.05,0.3564,provisional-seasonalImpact/30,drbl-war-v1,2025-26-g1225-2026-08-12T15-24-09-645Z,OK
1627751,Jakob Poeltl,0.98,0.9799524000000002,0.00004759999999981446,0.6306,rawAbilityRate_via_seasonalImpact,,0,4662,30,29.4,29.398572000000005,0.02,0.6106,provisional-seasonalImpact/30,drbl-war-v1,2025-26-g1225-2026-08-12T15-24-09-645Z,OK
1630695,Micah Potter,0.96,0.9557723666666665,0.004227633333333425,0.7283,rawAbilityRate_via_seasonalImpact,,0,3937,30,28.67,28.673170999999996,-0.07,0.7983,provisional-seasonalImpact/30,drbl-war-v1,2025-26-g1225-2026-08-12T15-24-09-645Z,OK
1641775,Jordan Walsh,0.95,0.9532087666666667,-0.003208766666666696,0.6047,rawAbilityRate_via_seasonalImpact,,0,4729,30,28.6,28.596263,0.19,0.4147,provisional-seasonalImpact/30,drbl-war-v1,2025-26-g1225-2026-08-12T15-24-09-645Z,OK
1642364,Jamir Watkins,0.94,0.9395799999999999,0.00042000000000008697,0.6465,rawAbilityRate_via_seasonalImpact,,0,4360,30,28.19,28.187399999999997,-0.04,0.6865,provisional-seasonalImpact/30,drbl-war-v1,2025-26-g1225-2026-08-12T15-24-09-645Z,OK
203084,Harrison Barnes,0.91,0.9075757999999999,0.0024242000000000985,0.3342,rawAbilityRate_via_seasonalImpact,,0,8147,30,27.23,27.227273999999998,-0.09,0.4242,provisional-seasonalImpact/30,drbl-war-v1,2025-26-g1225-2026-08-12T15-24-09-645Z,OK
1641718,Keyonte George,0.9,0.9002055,-0.0002054999999999696,0.3469,rawAbilityRate_via_seasonalImpact,,0,7785,30,27.01,27.006165,0.1,0.24689999999999998,provisional-seasonalImpact/30,drbl-war-v1,2025-26-g1225-2026-08-12T15-24-09-645Z,OK
1631121,Bryce McGowens,0.89,0.8918,-0.0018000000000000238,0.728,rawAbilityRate_via_seasonalImpact,,0,3675,30,26.75,26.754,0.23,0.498,provisional-seasonalImpact/30,drbl-war-v1,2025-26-g1225-2026-08-12T15-24-09-645Z,OK
1642928,Dylan Cardwell,0.89,0.8903483333333334,-0.0003483333333333949,0.7085,rawAbilityRate_via_seasonalImpact,,0,3770,30,26.71,26.71045,0.28,0.4285,provisional-seasonalImpact/30,drbl-war-v1,2025-26-g1225-2026-08-12T15-24-09-645Z,OK
1642844,Dylan Harper,0.88,0.8767999999999998,0.0032000000000002027,0.411,rawAbilityRate_via_seasonalImpact,,0,6400,30,26.3,26.303999999999995,-0.18,0.591,provisional-seasonalImpact/30,drbl-war-v1,2025-26-g1225-2026-08-12T15-24-09-645Z,OK
1641709,Ausar Thompson,0.87,0.867725,0.002275000000000027,0.3414,rawAbilityRate_via_seasonalImpact,,0,7625,30,26.03,26.03175,-0.04,0.38139999999999996,provisional-seasonalImpact/30,drbl-war-v1,2025-26-g1225-2026-08-12T15-24-09-645Z,OK
1642875,Maxime Raynaud,0.86,0.8628044,-0.00280440000000004,0.3162,rawAbilityRate_via_seasonalImpact,,0,8186,30,25.88,25.884132,0.11,0.2062,provisional-seasonalImpact/30,drbl-war-v1,2025-26-g1225-2026-08-12T15-24-09-645Z,OK
1630264,Anthony Gill,0.85,0.8466309999999999,0.0033690000000000664,0.6315,rawAbilityRate_via_seasonalImpact,,0,4022,30,25.4,25.398929999999996,0.38,0.25149999999999995,provisional-seasonalImpact/30,drbl-war-v1,2025-26-g1225-2026-08-12T15-24-09-645Z,OK
1630643,Jay Huff,0.83,0.8340906666666666,-0.004090666666666687,0.346,rawAbilityRate_via_seasonalImpact,,0,7232,30,25.02,25.02272,0.2,0.14599999999999996,provisional-seasonalImpact/30,drbl-war-v1,2025-26-g1225-2026-08-12T15-24-09-645Z,OK
1628970,Miles Bridges,0.82,0.8183374000000001,0.0016625999999998475,0.2543,rawAbilityRate_via_seasonalImpact,,0,9654,30,24.55,24.550122,-0.18,0.4343,provisional-seasonalImpact/30,drbl-war-v1,2025-26-g1225-2026-08-12T15-24-09-645Z,OK
1631108,Max Christie,0.8,0.804713,-0.004712999999999967,0.259,rawAbilityRate_via_seasonalImpact,,0,9321,30,24.15,24.14139,0.26,-0.0010000000000000009,provisional-seasonalImpact/30,drbl-war-v1,2025-26-g1225-2026-08-12T15-24-09-645Z,OK
1630167,Obi Toppin,0.8,0.8029843333333333,-0.0029843333333332556,1.3346,rawAbilityRate_via_seasonalImpact,,0,1805,30,24.09,24.08953,-0.2,1.5346,provisional-seasonalImpact/30,drbl-war-v1,2025-26-g1225-2026-08-12T15-24-09-645Z,OK
203897,Zach LaVine,0.8,0.7985663333333334,0.0014336666666666664,0.4801,rawAbilityRate_via_seasonalImpact,,0,4990,30,23.96,23.95699,-0.04,0.5201,provisional-seasonalImpact/30,drbl-war-v1,2025-26-g1225-2026-08-12T15-24-09-645Z,OK
1642281,Jaylon Tyson,0.8,0.7983814666666665,0.001618533333333505,0.3188,rawAbilityRate_via_seasonalImpact,,0,7513,30,23.95,23.951443999999995,0.14,0.17879999999999996,provisional-seasonalImpact/30,drbl-war-v1,2025-26-g1225-2026-08-12T15-24-09-645Z,OK
1642285,Cam Spencer,0.78,0.7836180000000001,-0.003618000000000121,0.341,rawAbilityRate_via_seasonalImpact,,0,6894,30,23.51,23.508540000000004,0.02,0.321,provisional-seasonalImpact/30,drbl-war-v1,2025-26-g1225-2026-08-12T15-24-09-645Z,OK
1630543,Isaiah Jackson,0.77,0.7695380666666666,0.0004619333333334419,0.6053,rawAbilityRate_via_seasonalImpact,,0,3814,30,23.09,23.086142,0.16,0.4452999999999999,provisional-seasonalImpact/30,drbl-war-v1,2025-26-g1225-2026-08-12T15-24-09-645Z,OK
1631159,Leonard Miller,0.76,0.75607,0.003929999999999989,0.735,rawAbilityRate_via_seasonalImpact,,0,3086,30,22.68,22.682100000000002,-1.16,1.895,provisional-seasonalImpact/30,drbl-war-v1,2025-26-g1225-2026-08-12T15-24-09-645Z,OK
201942,DeMar DeRozan,0.75,0.7505489333333333,-0.0005489333333332791,0.2276,rawAbilityRate_via_seasonalImpact,,0,9893,30,22.51,22.516468,0.22,0.007599999999999996,provisional-seasonalImpact/30,drbl-war-v1,2025-26-g1225-2026-08-12T15-24-09-645Z,OK
1642854,Asa Newell,0.75,0.7466402999999999,0.0033597000000000765,1.0521,rawAbilityRate_via_seasonalImpact,,0,2129,30,22.4,22.399209,0.32,0.7321,provisional-seasonalImpact/30,drbl-war-v1,2025-26-g1225-2026-08-12T15-24-09-645Z,OK
1642967,John Poulakidas,0.75,0.7454994,0.004500599999999966,2.0766,rawAbilityRate_via_seasonalImpact,,0,1077,30,22.37,22.364982,0.54,1.5366,provisional-seasonalImpact/30,drbl-war-v1,2025-26-g1225-2026-08-12T15-24-09-645Z,OK
1631245,Quenton Jackson,0.74,0.7382613333333332,0.0017386666666667772,0.572,rawAbilityRate_via_seasonalImpact,,0,3872,30,22.15,22.147839999999995,0.53,0.041999999999999926,provisional-seasonalImpact/30,drbl-war-v1,2025-26-g1225-2026-08-12T15-24-09-645Z,OK
1641757,Jordan Miller,0.71,0.7136493999999999,-0.003649399999999914,0.4118,rawAbilityRate_via_seasonalImpact,,0,5199,30,21.41,21.409481999999997,0.42,-0.008199999999999985,provisional-seasonalImpact/30,drbl-war-v1,2025-26-g1225-2026-08-12T15-24-09-645Z,OK
1631157,Ryan Rollins,0.71,0.7101361,-0.00013610000000008338,0.2179,rawAbilityRate_via_seasonalImpact,,0,9777,30,21.31,21.304083000000002,-0.01,0.22790000000000002,provisional-seasonalImpact/30,drbl-war-v1,2025-26-g1225-2026-08-12T15-24-09-645Z,OK
1630696,Dru Smith,0.71,0.7071752333333333,0.002824766666666645,0.4249,rawAbilityRate_via_seasonalImpact,,0,4993,30,21.21,21.215257,0.3,0.12490000000000001,provisional-seasonalImpact/30,drbl-war-v1,2025-26-g1225-2026-08-12T15-24-09-645Z,OK
1631217,Moussa Diabaté,0.7,0.7025562,-0.0025562000000000085,0.2778,rawAbilityRate_via_seasonalImpact,,0,7587,30,21.08,21.076686,0.07,0.20779999999999998,provisional-seasonalImpact/30,drbl-war-v1,2025-26-g1225-2026-08-12T15-24-09-645Z,OK
1631103,Malaki Branham,0.66,0.6600612666666666,-0.00006126666666661507,1.7969,rawAbilityRate_via_seasonalImpact,,0,1102,30,19.8,19.801838,1.02,0.7768999999999999,provisional-seasonalImpact/30,drbl-war-v1,2025-26-g1225-2026-08-12T15-24-09-645Z,OK
1642914,Javon Small,0.66,0.6569278666666667,0.003072133333333338,0.5602,rawAbilityRate_via_seasonalImpact,,0,3518,30,19.71,19.707836,-0.21,0.7702,provisional-seasonalImpact/30,drbl-war-v1,2025-26-g1225-2026-08-12T15-24-09-645Z,OK
1630191,Isaiah Stewart,0.65,0.6541604999999999,-0.0041604999999999,0.3591,rawAbilityRate_via_seasonalImpact,,0,5465,30,19.63,19.624814999999998,0.09,0.2691,provisional-seasonalImpact/30,drbl-war-v1,2025-26-g1225-2026-08-12T15-24-09-645Z,OK
1626162,Kelly Oubre Jr.,0.65,0.6448931999999999,0.005106800000000078,0.2934,rawAbilityRate_via_seasonalImpact,,0,6594,30,19.35,19.346795999999998,0.16,0.1334,provisional-seasonalImpact/30,drbl-war-v1,2025-26-g1225-2026-08-12T15-24-09-645Z,OK
1642864,Hugo González,0.64,0.6424130666666666,-0.00241306666666663,0.4568,rawAbilityRate_via_seasonalImpact,,0,4219,30,19.27,19.272392,-0.3,0.7567999999999999,provisional-seasonalImpact/30,drbl-war-v1,2025-26-g1225-2026-08-12T15-24-09-645Z,OK
1629660,Ty Jerome,0.64,0.6413920333333334,-0.0013920333333333756,1.3541,rawAbilityRate_via_seasonalImpact,,0,1421,30,19.24,19.241761,0.97,0.3841000000000001,provisional-seasonalImpact/30,drbl-war-v1,2025-26-g1225-2026-08-12T15-24-09-645Z,OK
1631342,Daeqwon Plowden,0.64,0.6372197666666666,0.0027802333333334373,0.5417,rawAbilityRate_via_seasonalImpact,,0,3529,30,19.12,19.116592999999998,-0.3,0.8416999999999999,provisional-seasonalImpact/30,drbl-war-v1,2025-26-g1225-2026-08-12T15-24-09-645Z,OK
1630168,Onyeka Okongwu,0.63,0.6323799333333333,-0.002379933333333306,0.1942,rawAbilityRate_via_seasonalImpact,,0,9769,30,18.97,18.971398,-0.16,0.3542,provisional-seasonalImpact/30,drbl-war-v1,2025-26-g1225-2026-08-12T15-24-09-645Z,OK
1631101,Shaedon Sharpe,0.63,0.628569,0.00143099999999996,0.2979,rawAbilityRate_via_seasonalImpact,,0,6330,30,18.85,18.85707,0.04,0.2579,provisional-seasonalImpact/30,drbl-war-v1,2025-26-g1225-2026-08-12T15-24-09-645Z,OK
1641729,Brice Sensabaugh,0.62,0.6216023666666667,-0.001602366666666688,0.2419,rawAbilityRate_via_seasonalImpact,,0,7709,30,18.65,18.648071,0.02,0.22190000000000001,provisional-seasonalImpact/30,drbl-war-v1,2025-26-g1225-2026-08-12T15-24-09-645Z,OK
1642377,Jaylen Wells,0.62,0.61636,0.0036399999999999766,0.2433,rawAbilityRate_via_seasonalImpact,,0,7600,30,18.49,18.4908,-0.12,0.36329999999999996,provisional-seasonalImpact/30,drbl-war-v1,2025-26-g1225-2026-08-12T15-24-09-645Z,OK
1630182,Josh Green,0.61,0.6118167000000001,-0.0018167000000001154,0.5137,rawAbilityRate_via_seasonalImpact,,0,3573,30,18.35,18.354501000000003,0.13,0.38370000000000004,provisional-seasonalImpact/30,drbl-war-v1,2025-26-g1225-2026-08-12T15-24-09-645Z,OK
1628988,Aaron Holiday,0.59,0.5916300000000001,-0.0016300000000001313,0.5772,rawAbilityRate_via_seasonalImpact,,0,3075,30,17.75,17.748900000000003,-0.02,0.5972000000000001,provisional-seasonalImpact/30,drbl-war-v1,2025-26-g1225-2026-08-12T15-24-09-645Z,OK
1642419,Jamison Battle,0.58,0.5773312666666667,0.002668733333333284,0.8101,rawAbilityRate_via_seasonalImpact,,0,2138,30,17.32,17.319938,0.09,0.7201000000000001,provisional-seasonalImpact/30,drbl-war-v1,2025-26-g1225-2026-08-12T15-24-09-645Z,OK
204456,T.J. McConnell,0.57,0.5679919666666666,0.0020080333333333256,0.4153,rawAbilityRate_via_seasonalImpact,,0,4103,30,17.04,17.039759,0.21,0.2053,provisional-seasonalImpact/30,drbl-war-v1,2025-26-g1225-2026-08-12T15-24-09-645Z,OK
1641740,Jaylen Clark,0.55,0.552668,-0.0026680000000000037,0.4457,rawAbilityRate_via_seasonalImpact,,0,3720,30,16.58,16.58004,0.03,0.41569999999999996,provisional-seasonalImpact/30,drbl-war-v1,2025-26-g1225-2026-08-12T15-24-09-645Z,OK
1630639,A.J. Lawson,0.55,0.5512313333333334,-0.001231333333333362,1.9229,rawAbilityRate_via_seasonalImpact,,0,860,30,16.54,16.53694,-0.18,2.1029,provisional-seasonalImpact/30,drbl-war-v1,2025-26-g1225-2026-08-12T15-24-09-645Z,OK
1629675,Naz Reid,0.55,0.5485578,0.00144220000000006,0.1899,rawAbilityRate_via_seasonalImpact,,0,8666,30,16.46,16.456734,0.18,0.00990000000000002,provisional-seasonalImpact/30,drbl-war-v1,2025-26-g1225-2026-08-12T15-24-09-645Z,OK
1641744,Zach Edey,0.55,0.5479358,0.0020642000000000715,1.3907,rawAbilityRate_via_seasonalImpact,,0,1182,30,16.44,16.438074,1.74,-0.34929999999999994,provisional-seasonalImpact/30,drbl-war-v1,2025-26-g1225-2026-08-12T15-24-09-645Z,OK
1630595,Cade Cunningham,0.54,0.5356531333333333,0.004346866666666727,0.1829,rawAbilityRate_via_seasonalImpact,,0,8786,30,16.07,16.069594,0.11,0.0729,provisional-seasonalImpact/30,drbl-war-v1,2025-26-g1225-2026-08-12T15-24-09-645Z,OK
2544,LeBron James,0.53,0.5341322666666668,-0.004132266666666773,0.1952,rawAbilityRate_via_seasonalImpact,,0,8209,30,16.02,16.023968000000004,0.01,0.1852,provisional-seasonalImpact/30,drbl-war-v1,2025-26-g1225-2026-08-12T15-24-09-645Z,OK
1629628,RJ Barrett,0.52,0.5221469333333334,-0.0021469333333333784,0.2152,rawAbilityRate_via_seasonalImpact,,0,7279,30,15.67,15.664408000000002,0,0.2152,provisional-seasonalImpact/30,drbl-war-v1,2025-26-g1225-2026-08-12T15-24-09-645Z,OK
1630173,Precious Achiuwa,0.52,0.5170532666666667,0.0029467333333332846,0.2209,rawAbilityRate_via_seasonalImpact,,0,7022,30,15.51,15.511598000000001,0,0.2209,provisional-seasonalImpact/30,drbl-war-v1,2025-26-g1225-2026-08-12T15-24-09-645Z,OK
1629023,P.J. Washington,0.52,0.5156416,0.0043583999999999845,0.2139,rawAbilityRate_via_seasonalImpact,,0,7232,30,15.47,15.469248,0.03,0.1839,provisional-seasonalImpact/30,drbl-war-v1,2025-26-g1225-2026-08-12T15-24-09-645Z,OK
1641764,Brandin Podziemski,0.52,0.5150933333333333,0.004906666666666726,0.16,rawAbilityRate_via_seasonalImpact,,0,9658,30,15.45,15.4528,-0.15,0.31,provisional-seasonalImpact/30,drbl-war-v1,2025-26-g1225-2026-08-12T15-24-09-645Z,OK
1629726,Garrison Mathews,0.49,0.49223893333333335,-0.0022389333333333594,1.7749,rawAbilityRate_via_seasonalImpact,,0,832,30,14.77,14.767168,0.83,0.9449,provisional-seasonalImpact/30,drbl-war-v1,2025-26-g1225-2026-08-12T15-24-09-645Z,OK
1629599,Amir Coffey,0.48,0.4780556666666667,0.0019443333333332702,0.7385,rawAbilityRate_via_seasonalImpact,,0,1942,30,14.34,14.34167,0.13,0.6085,provisional-seasonalImpact/30,drbl-war-v1,2025-26-g1225-2026-08-12T15-24-09-645Z,OK
1631106,Tari Eason,0.46,0.460343,-0.0003429999999999822,0.221,rawAbilityRate_via_seasonalImpact,,0,6249,30,13.81,13.81029,0.5,-0.279,provisional-seasonalImpact/30,drbl-war-v1,2025-26-g1225-2026-08-12T15-24-09-645Z,OK
1631117,Walker Kessler,0.46,0.45894146666666663,0.001058533333333389,2.1994,rawAbilityRate_via_seasonalImpact,,0,626,30,13.77,13.768244,0.71,1.4893999999999998,provisional-seasonalImpact/30,drbl-war-v1,2025-26-g1225-2026-08-12T15-24-09-645Z,OK
1630604,E.J. Liddell,0.44,0.4385010000000001,0.001498999999999917,0.931,rawAbilityRate_via_seasonalImpact,,0,1413,30,13.15,13.155030000000002,1.81,-0.879,provisional-seasonalImpact/30,drbl-war-v1,2025-26-g1225-2026-08-12T15-24-09-645Z,OK
1631131,Oscar Tshiebwe,0.44,0.43623510000000004,0.00376489999999996,0.6701,rawAbilityRate_via_seasonalImpact,,0,1953,30,13.09,13.087053000000001,-0.33,1.0001,provisional-seasonalImpact/30,drbl-war-v1,2025-26-g1225-2026-08-12T15-24-09-645Z,OK
1641707,Taylor Hendricks,0.44,0.4353536,0.004646399999999995,0.2816,rawAbilityRate_via_seasonalImpact,,0,4638,30,13.06,13.060608,-0.39,0.6716,provisional-seasonalImpact/30,drbl-war-v1,2025-26-g1225-2026-08-12T15-24-09-645Z,OK
1642348,Justin Edwards,0.43,0.42886253333333335,0.0011374666666666422,0.3148,rawAbilityRate_via_seasonalImpact,,0,4087,30,12.87,12.865876,-0.51,0.8248,provisional-seasonalImpact/30,drbl-war-v1,2025-26-g1225-2026-08-12T15-24-09-645Z,OK
1628976,Wendell Carter Jr.,0.43,0.42577960000000004,0.0042203999999999575,0.1383,rawAbilityRate_via_seasonalImpact,,0,9236,30,12.78,12.773388,-0.23,0.3683,provisional-seasonalImpact/30,drbl-war-v1,2025-26-g1225-2026-08-12T15-24-09-645Z,OK
1630611,Gui Santos,0.43,0.4251955333333334,0.004804466666666618,0.2179,rawAbilityRate_via_seasonalImpact,,0,5854,30,12.76,12.755866000000001,0.09,0.1279,provisional-seasonalImpact/30,drbl-war-v1,2025-26-g1225-2026-08-12T15-24-09-645Z,OK
203648,Thanasis Antetokounmpo,0.41,0.4054959333333333,0.004504066666666695,2.0866,rawAbilityRate_via_seasonalImpact,,0,583,30,12.16,12.164877999999998,0.85,1.2365999999999997,provisional-seasonalImpact/30,drbl-war-v1,2025-26-g1225-2026-08-12T15-24-09-645Z,OK
1630166,Deni Avdija,0.39,0.3948798,-0.00487979999999999,0.1262,rawAbilityRate_via_seasonalImpact,,0,9387,30,11.85,11.846394,-0.03,0.1562,provisional-seasonalImpact/30,drbl-war-v1,2025-26-g1225-2026-08-12T15-24-09-645Z,OK
1641710,Anthony Black,0.39,0.39405599999999996,-0.0040559999999999485,0.156,rawAbilityRate_via_seasonalImpact,,0,7578,30,11.82,11.821679999999999,0.04,0.11599999999999999,provisional-seasonalImpact/30,drbl-war-v1,2025-26-g1225-2026-08-12T15-24-09-645Z,OK
1642907,Cedric Coward,0.38,0.38199700000000003,-0.0019970000000000265,0.1722,rawAbilityRate_via_seasonalImpact,,0,6655,30,11.46,11.45991,-0.15,0.3222,provisional-seasonalImpact/30,drbl-war-v1,2025-26-g1225-2026-08-12T15-24-09-645Z,OK
1642862,Liam McNeeley,0.38,0.38135493333333337,-0.0013549333333333635,0.7901,rawAbilityRate_via_seasonalImpact,,0,1448,30,11.44,11.440648000000001,0.11,0.6801,provisional-seasonalImpact/30,drbl-war-v1,2025-26-g1225-2026-08-12T15-24-09-645Z,OK
1642954,Will Richard,0.38,0.3764988,0.003501199999999982,0.1917,rawAbilityRate_via_seasonalImpact,,0,5892,30,11.3,11.294964,0.15,0.041700000000000015,provisional-seasonalImpact/30,drbl-war-v1,2025-26-g1225-2026-08-12T15-24-09-645Z,OK
1642955,Kadary Richmond,0.38,0.376141,0.0038590000000000013,3.7365,rawAbilityRate_via_seasonalImpact,,0,302,30,11.28,11.28423,0.62,3.1165,provisional-seasonalImpact/30,drbl-war-v1,2025-26-g1225-2026-08-12T15-24-09-645Z,OK
203954,Joel Embiid,0.37,0.369186,0.0008139999999999814,0.222,rawAbilityRate_via_seasonalImpact,,0,4989,30,11.07,11.07558,0.02,0.202,provisional-seasonalImpact/30,drbl-war-v1,2025-26-g1225-2026-08-12T15-24-09-645Z,OK
1630631,Jose Alvarado,0.36,0.3605484,-0.0005484000000000044,0.1908,rawAbilityRate_via_seasonalImpact,,0,5669,30,10.81,10.816452,-0.03,0.2208,provisional-seasonalImpact/30,drbl-war-v1,2025-26-g1225-2026-08-12T15-24-09-645Z,OK
1642357,David Jones Garcia,0.35,0.3462149333333333,0.00378506666666667,3.1666,rawAbilityRate_via_seasonalImpact,,0,328,30,10.39,10.386448,1.3,1.8665999999999998,provisional-seasonalImpact/30,drbl-war-v1,2025-26-g1225-2026-08-12T15-24-09-645Z,OK
1629312,Haywood Highsmith,0.33,0.3309740666666666,-0.0009740666666666065,2.7658,rawAbilityRate_via_seasonalImpact,,0,359,30,9.93,9.929222,0.74,2.0258000000000003,provisional-seasonalImpact/30,drbl-war-v1,2025-26-g1225-2026-08-12T15-24-09-645Z,OK
1631128,Christian Braun,0.33,0.3294165333333333,0.0005834666666666988,0.1664,rawAbilityRate_via_seasonalImpact,,0,5939,30,9.88,9.882496,-0.38,0.5464,provisional-seasonalImpact/30,drbl-war-v1,2025-26-g1225-2026-08-12T15-24-09-645Z,OK
1629610,DaQuan Jeffries,0.33,0.32814229999999994,0.0018577000000000732,4.1537,rawAbilityRate_via_seasonalImpact,,0,237,30,9.84,9.844268999999999,0.6,3.5536999999999996,provisional-seasonalImpact/30,drbl-war-v1,2025-26-g1225-2026-08-12T15-24-09-645Z,OK
1629646,Charles Bassey,0.32,0.31819000000000003,0.0018099999999999783,1.6925,rawAbilityRate_via_seasonalImpact,,0,564,30,9.55,9.5457,-0.3,1.9925,provisional-seasonalImpact/30,drbl-war-v1,2025-26-g1225-2026-08-12T15-24-09-645Z,OK
1641810,Antonio Reeves,0.31,0.30694206666666674,0.0030579333333332626,3.6253,rawAbilityRate_via_seasonalImpact,,0,254,30,9.21,9.208262000000001,0.34,3.2853000000000003,provisional-seasonalImpact/30,drbl-war-v1,2025-26-g1225-2026-08-12T15-24-09-645Z,OK
202696,Nikola Vučević,0.3,0.30297399999999997,-0.0029739999999999767,0.119,rawAbilityRate_via_seasonalImpact,,0,7638,30,9.09,9.08922,-0.02,0.13899999999999998,provisional-seasonalImpact/30,drbl-war-v1,2025-26-g1225-2026-08-12T15-24-09-645Z,OK
1643052,Chaney Johnson,0.3,0.29530839999999997,0.004691600000000018,0.6178,rawAbilityRate_via_seasonalImpact,,0,1434,30,8.86,8.859252,0.08,0.5378000000000001,provisional-seasonalImpact/30,drbl-war-v1,2025-26-g1225-2026-08-12T15-24-09-645Z,OK
1642949,Yanic Konan Niederhäuser,0.29,0.29073926666666666,-0.0007392666666666825,0.5158,rawAbilityRate_via_seasonalImpact,,0,1691,30,8.72,8.722178,-0.13,0.6458,provisional-seasonalImpact/30,drbl-war-v1,2025-26-g1225-2026-08-12T15-24-09-645Z,OK
1631214,Alondes Williams,0.29,0.2877452,0.0022548000000000012,1.9014,rawAbilityRate_via_seasonalImpact,,0,454,30,8.63,8.632356,0.74,1.1614,provisional-seasonalImpact/30,drbl-war-v1,2025-26-g1225-2026-08-12T15-24-09-645Z,OK
1641871,Duop Reath,0.26,0.26464386666666667,-0.004643866666666663,0.7612,rawAbilityRate_via_seasonalImpact,,0,1043,30,7.94,7.939316,0.2,0.5611999999999999,provisional-seasonalImpact/30,drbl-war-v1,2025-26-g1225-2026-08-12T15-24-09-645Z,OK
1641869,Malachi Smith,0.26,0.2586192,0.0013808000000000153,0.5418,rawAbilityRate_via_seasonalImpact,,0,1432,30,7.76,7.758576,0.13,0.41179999999999994,provisional-seasonalImpact/30,drbl-war-v1,2025-26-g1225-2026-08-12T15-24-09-645Z,OK
1626192,Pat Connaughton,0.25,0.25264980000000004,-0.0026498000000000355,0.6903,rawAbilityRate_via_seasonalImpact,,0,1098,30,7.58,7.579494,0.48,0.21030000000000004,provisional-seasonalImpact/30,drbl-war-v1,2025-26-g1225-2026-08-12T15-24-09-645Z,OK
1630623,Tyson Etienne,0.25,0.2479044,0.002095600000000003,0.4716,rawAbilityRate_via_seasonalImpact,,0,1577,30,7.44,7.437132,0.14,0.3316,provisional-seasonalImpact/30,drbl-war-v1,2025-26-g1225-2026-08-12T15-24-09-645Z,OK
1631288,Jamal Cain,0.24,0.23985499999999998,0.00014500000000000624,0.3675,rawAbilityRate_via_seasonalImpact,,0,1958,30,7.19,7.19565,-0.86,1.2275,provisional-seasonalImpact/30,drbl-war-v1,2025-26-g1225-2026-08-12T15-24-09-645Z,OK
1631123,Jamaree Bouyea,0.24,0.23577626666666665,0.0042237333333333404,0.2866,rawAbilityRate_via_seasonalImpact,,0,2468,30,7.07,7.073288,0.46,-0.1734,provisional-seasonalImpact/30,drbl-war-v1,2025-26-g1225-2026-08-12T15-24-09-645Z,OK
1641763,Julian Phillips,0.23,0.23290200000000003,-0.0029020000000000157,0.4086,rawAbilityRate_via_seasonalImpact,,0,1710,30,6.99,6.9870600000000005,0.21,0.19860000000000003,provisional-seasonalImpact/30,drbl-war-v1,2025-26-g1225-2026-08-12T15-24-09-645Z,OK
1628392,Isaiah Hartenstein,0.23,0.2325301,-0.0025300999999999796,0.1507,rawAbilityRate_via_seasonalImpact,,0,4629,30,6.97,6.975903,-0.14,0.2907,provisional-seasonalImpact/30,drbl-war-v1,2025-26-g1225-2026-08-12T15-24-09-645Z,OK
202691,Klay Thompson,0.23,0.2325541333333333,-0.0025541333333332916,0.1084,rawAbilityRate_via_seasonalImpact,,0,6436,30,6.97,6.976623999999999,0.01,0.0984,provisional-seasonalImpact/30,drbl-war-v1,2025-26-g1225-2026-08-12T15-24-09-645Z,OK
1628380,Zach Collins,0.23,0.22866360000000002,0.0013363999999999876,0.9171,rawAbilityRate_via_seasonalImpact,,0,748,30,6.86,6.859908000000001,0.48,0.43710000000000004,provisional-seasonalImpact/30,drbl-war-v1,2025-26-g1225-2026-08-12T15-24-09-645Z,OK
203552,Seth Curry,0.23,0.22790716666666666,0.0020928333333333493,1.2685,rawAbilityRate_via_seasonalImpact,,0,539,30,6.84,6.837215,0.65,0.6184999999999999,provisional-seasonalImpact/30,drbl-war-v1,2025-26-g1225-2026-08-12T15-24-09-645Z,OK
1631199,Ron Harper Jr.,0.23,0.22719263333333334,0.002807366666666672,0.5573,rawAbilityRate_via_seasonalImpact,,0,1223,30,6.82,6.815779,-0.16,0.7173,provisional-seasonalImpact/30,drbl-war-v1,2025-26-g1225-2026-08-12T15-24-09-645Z,OK
1631223,David Roddy,0.22,0.21666333333333335,0.0033366666666666545,2.09,rawAbilityRate_via_seasonalImpact,,0,311,30,6.5,6.4999,0.21,1.88,provisional-seasonalImpact/30,drbl-war-v1,2025-26-g1225-2026-08-12T15-24-09-645Z,OK
1642400,Tristan Enaruna,0.21,0.2143845,-0.004384500000000013,1.8117,rawAbilityRate_via_seasonalImpact,,0,355,30,6.43,6.431535,-0.49,2.3017000000000003,provisional-seasonalImpact/30,drbl-war-v1,2025-26-g1225-2026-08-12T15-24-09-645Z,OK
1628418,Thomas Bryant,0.21,0.20689290000000002,0.0031070999999999738,0.2071,rawAbilityRate_via_seasonalImpact,,0,2997,30,6.21,6.206787,0.09,0.11710000000000001,provisional-seasonalImpact/30,drbl-war-v1,2025-26-g1225-2026-08-12T15-24-09-645Z,OK
201959,Taj Gibson,0.21,0.20556000000000002,0.004439999999999972,1.5417,rawAbilityRate_via_seasonalImpact,,0,400,30,6.17,6.1668,0.32,1.2217,provisional-seasonalImpact/30,drbl-war-v1,2025-26-g1225-2026-08-12T15-24-09-645Z,OK
201569,Eric Gordon,0.2,0.2024259,-0.002425899999999981,1.9653,rawAbilityRate_via_seasonalImpact,,0,309,30,6.07,6.072776999999999,0.1,1.8653,provisional-seasonalImpact/30,drbl-war-v1,2025-26-g1225-2026-08-12T15-24-09-645Z,OK
1631216,Caleb Houstan,0.2,0.1990337333333333,0.0009662666666667152,1.8836,rawAbilityRate_via_seasonalImpact,,0,317,30,5.97,5.971011999999999,-0.05,1.9336,provisional-seasonalImpact/30,drbl-war-v1,2025-26-g1225-2026-08-12T15-24-09-645Z,OK
1642275,Tidjane Salaün,0.19,0.19215883333333333,-0.002158833333333332,0.2395,rawAbilityRate_via_seasonalImpact,,0,2407,30,5.76,5.764765,0.19,0.04949999999999999,provisional-seasonalImpact/30,drbl-war-v1,2025-26-g1225-2026-08-12T15-24-09-645Z,OK
203937,Kyle Anderson,0.19,0.19113833333333333,-0.0011383333333333245,0.1571,rawAbilityRate_via_seasonalImpact,,0,3650,30,5.73,5.73415,0.16,-0.0029000000000000137,provisional-seasonalImpact/30,drbl-war-v1,2025-26-g1225-2026-08-12T15-24-09-645Z,OK
1630567,Scottie Barnes,0.18,0.17945106666666666,0.0005489333333333346,0.0484,rawAbilityRate_via_seasonalImpact,,0,11123,30,5.38,5.383532,-0.11,0.15839999999999999,provisional-seasonalImpact/30,drbl-war-v1,2025-26-g1225-2026-08-12T15-24-09-645Z,OK
1641725,Trey Alexander,0.18,0.17624266666666663,0.0037573333333333625,1.1395,rawAbilityRate_via_seasonalImpact,,0,464,30,5.29,5.287279999999999,0.1,1.0394999999999999,provisional-seasonalImpact/30,drbl-war-v1,2025-26-g1225-2026-08-12T15-24-09-645Z,OK
1642886,Koby Brea,0.18,0.17611413333333334,0.003885866666666654,1.6108,rawAbilityRate_via_seasonalImpact,,0,328,30,5.28,5.283424,0.42,1.1908,provisional-seasonalImpact/30,drbl-war-v1,2025-26-g1225-2026-08-12T15-24-09-645Z,OK
1642866,Joan Beringer,0.17,0.17501599999999998,-0.005015999999999965,0.393,rawAbilityRate_via_seasonalImpact,,0,1336,30,5.25,5.25048,-0.03,0.42300000000000004,provisional-seasonalImpact/30,drbl-war-v1,2025-26-g1225-2026-08-12T15-24-09-645Z,OK
1642362,Payton Sandfort,0.17,0.1748735,-0.004873499999999975,1.9797,rawAbilityRate_via_seasonalImpact,,0,265,30,5.25,5.246205,0.3,1.6797,provisional-seasonalImpact/30,drbl-war-v1,2025-26-g1225-2026-08-12T15-24-09-645Z,OK
1631124,Julian Strawther,0.17,0.16877640000000002,0.0012235999999999914,0.1396,rawAbilityRate_via_seasonalImpact,,0,3627,30,5.06,5.063292000000001,0.06,0.0796,provisional-seasonalImpact/30,drbl-war-v1,2025-26-g1225-2026-08-12T15-24-09-645Z,OK
1642939,Miles Kelly,0.16,0.1644096,-0.004409599999999986,0.8563,rawAbilityRate_via_seasonalImpact,,0,576,30,4.93,4.932288,0.02,0.8362999999999999,provisional-seasonalImpact/30,drbl-war-v1,2025-26-g1225-2026-08-12T15-24-09-645Z,OK
1627746,Skal Labissiere,0.16,0.15817233333333333,0.0018276666666666719,3.0614,rawAbilityRate_via_seasonalImpact,,0,155,30,4.75,4.74517,0.24,2.8213999999999997,provisional-seasonalImpact/30,drbl-war-v1,2025-26-g1225-2026-08-12T15-24-09-645Z,OK
1627752,Taurean Prince,0.15,0.150368,-0.0003680000000000072,0.1776,rawAbilityRate_via_seasonalImpact,,0,2540,30,4.51,4.51104,0.01,0.1676,provisional-seasonalImpact/30,drbl-war-v1,2025-26-g1225-2026-08-12T15-24-09-645Z,OK
1643024,Chris Mañon,0.15,0.14869683333333333,0.0013031666666666608,2.4113,rawAbilityRate_via_seasonalImpact,,0,185,30,4.46,4.460905,0.47,1.9413000000000002,provisional-seasonalImpact/30,drbl-war-v1,2025-26-g1225-2026-08-12T15-24-09-645Z,OK
1629684,Grant Williams,0.14,0.14278506666666668,-0.002785066666666669,0.1456,rawAbilityRate_via_seasonalImpact,,0,2942,30,4.28,4.283552,-0.38,0.5256000000000001,provisional-seasonalImpact/30,drbl-war-v1,2025-26-g1225-2026-08-12T15-24-09-645Z,OK
1642434,Riley Minix,0.14,0.141576,-0.001575999999999994,1.6656,rawAbilityRate_via_seasonalImpact,,0,255,30,4.25,4.24728,0.31,1.3556,provisional-seasonalImpact/30,drbl-war-v1,2025-26-g1225-2026-08-12T15-24-09-645Z,OK
1626220,Royce O'Neale,0.14,0.13956693333333334,0.00043306666666667604,0.0448,rawAbilityRate_via_seasonalImpact,,0,9346,30,4.19,4.1870080000000005,-0.26,0.3048,provisional-seasonalImpact/30,drbl-war-v1,2025-26-g1225-2026-08-12T15-24-09-645Z,OK
1641715,Cam Whitmore,0.14,0.1388690333333333,0.001130966666666705,0.2693,rawAbilityRate_via_seasonalImpact,,0,1547,30,4.17,4.166071,-0.27,0.5393,provisional-seasonalImpact/30,drbl-war-v1,2025-26-g1225-2026-08-12T15-24-09-645Z,OK
1631114,Jalen Williams,0.14,0.1378711,0.002128900000000017,0.1063,rawAbilityRate_via_seasonalImpact,,0,3891,30,4.13,4.136133,-0.09,0.1963,provisional-seasonalImpact/30,drbl-war-v1,2025-26-g1225-2026-08-12T15-24-09-645Z,OK
1628404,Josh Hart,0.14,0.1363932,0.003606800000000021,0.0519,rawAbilityRate_via_seasonalImpact,,0,7884,30,4.09,4.0917959999999995,-0.07,0.12190000000000001,provisional-seasonalImpact/30,drbl-war-v1,2025-26-g1225-2026-08-12T15-24-09-645Z,OK
1631207,Dalen Terry,0.14,0.1363307,0.0036693000000000142,0.1779,rawAbilityRate_via_seasonalImpact,,0,2299,30,4.09,4.089921,-0.13,0.3079,provisional-seasonalImpact/30,drbl-war-v1,2025-26-g1225-2026-08-12T15-24-09-645Z,OK
1630699,MarJon Beauchamp,0.13,0.13286946666666666,-0.0028694666666666535,0.4684,rawAbilityRate_via_seasonalImpact,,0,851,30,3.99,3.9860839999999995,-0.06,0.5284,provisional-seasonalImpact/30,drbl-war-v1,2025-26-g1225-2026-08-12T15-24-09-645Z,OK
1628368,De'Aaron Fox,0.13,0.130354,-0.0003539999999999932,0.042,rawAbilityRate_via_seasonalImpact,,0,9311,30,3.91,3.91062,-0.01,0.052000000000000005,provisional-seasonalImpact/30,drbl-war-v1,2025-26-g1225-2026-08-12T15-24-09-645Z,OK
1642389,Zyon Pullin,0.13,0.12758446666666667,0.0024155333333333306,2.1503,rawAbilityRate_via_seasonalImpact,,0,178,30,3.83,3.827534,0.23,1.9203000000000001,provisional-seasonalImpact/30,drbl-war-v1,2025-26-g1225-2026-08-12T15-24-09-645Z,OK
1629001,De'Anthony Melton,0.13,0.1258491,0.004150900000000013,0.0793,rawAbilityRate_via_seasonalImpact,,0,4761,30,3.77,3.7754729999999994,0.35,-0.2707,provisional-seasonalImpact/30,drbl-war-v1,2025-26-g1225-2026-08-12T15-24-09-645Z,OK
1643133,Lawson Lovering,0.12,0.12117183333333333,-0.0011718333333333303,1.8835,rawAbilityRate_via_seasonalImpact,,0,193,30,3.64,3.6351549999999997,0.36,1.5234999999999999,provisional-seasonalImpact/30,drbl-war-v1,2025-26-g1225-2026-08-12T15-24-09-645Z,OK
1626167,Myles Turner,0.12,0.11673306666666666,0.003266933333333333,0.0446,rawAbilityRate_via_seasonalImpact,,0,7852,30,3.5,3.501992,-0.04,0.08460000000000001,provisional-seasonalImpact/30,drbl-war-v1,2025-26-g1225-2026-08-12T15-24-09-645Z,OK
1631210,Jacob Toppin,0.11,0.11258720000000003,-0.0025872000000000256,5.1176,rawAbilityRate_via_seasonalImpact,,0,66,30,3.38,3.3776160000000006,0.2,4.9176,provisional-seasonalImpact/30,drbl-war-v1,2025-26-g1225-2026-08-12T15-24-09-645Z,OK
1630846,Olivier Sarr,0.11,0.10914346666666667,0.0008565333333333258,1.8604,rawAbilityRate_via_seasonalImpact,,0,176,30,3.27,3.2743040000000003,0.23,1.6304,provisional-seasonalImpact/30,drbl-war-v1,2025-26-g1225-2026-08-12T15-24-09-645Z,OK
1630619,Moussa Cisse,0.11,0.10551239999999999,0.004487600000000008,0.1431,rawAbilityRate_via_seasonalImpact,,0,2212,30,3.17,3.1653719999999996,-0.28,0.42310000000000003,provisional-seasonalImpact/30,drbl-war-v1,2025-26-g1225-2026-08-12T15-24-09-645Z,OK
1641747,DaRon Holmes II,0.1,0.103863,-0.0038629999999999914,0.389,rawAbilityRate_via_seasonalImpact,,0,801,30,3.12,3.11589,-0.12,0.509,provisional-seasonalImpact/30,drbl-war-v1,2025-26-g1225-2026-08-12T15-24-09-645Z,OK
1628389,Bam Adebayo,0.1,0.1034635,-0.0034634999999999944,0.0309,rawAbilityRate_via_seasonalImpact,,0,10045,30,3.11,3.103905,-0.47,0.5009,provisional-seasonalImpact/30,drbl-war-v1,2025-26-g1225-2026-08-12T15-24-09-645Z,OK
1641801,Emanuel Miller,0.1,0.10222666666666667,-0.0022266666666666685,2.255,rawAbilityRate_via_seasonalImpact,,0,136,30,3.07,3.0668,0.1,2.155,provisional-seasonalImpact/30,drbl-war-v1,2025-26-g1225-2026-08-12T15-24-09-645Z,OK
1642261,Dalton Knecht,0.1,0.101475,-0.0014749999999999902,0.135,rawAbilityRate_via_seasonalImpact,,0,2255,30,3.05,3.04425,-0.06,0.195,provisional-seasonalImpact/30,drbl-war-v1,2025-26-g1225-2026-08-12T15-24-09-645Z,OK
1629014,Anfernee Simons,0.09,0.09426786666666666,-0.0042678666666666615,0.0508,rawAbilityRate_via_seasonalImpact,,0,5567,30,2.83,2.8280359999999996,-0.64,0.6908,provisional-seasonalImpact/30,drbl-war-v1,2025-26-g1225-2026-08-12T15-24-09-645Z,OK
1641815,Isaiah Stevens,0.09,0.0929214,-0.0029214000000000045,1.6302,rawAbilityRate_via_seasonalImpact,,0,171,30,2.79,2.787642,0.24,1.3902,provisional-seasonalImpact/30,drbl-war-v1,2025-26-g1225-2026-08-12T15-24-09-645Z,OK
201935,James Harden,0.09,0.09219466666666666,-0.002194666666666664,0.028,rawAbilityRate_via_seasonalImpact,,0,9878,30,2.77,2.76584,-0.29,0.318,provisional-seasonalImpact/30,drbl-war-v1,2025-26-g1225-2026-08-12T15-24-09-645Z,OK
1631243,Mouhamed Gueye,0.08,0.07970566666666666,0.0002943333333333409,0.0487,rawAbilityRate_via_seasonalImpact,,0,4910,30,2.39,2.39117,-0.2,0.2487,provisional-seasonalImpact/30,drbl-war-v1,2025-26-g1225-2026-08-12T15-24-09-645Z,OK
1629622,Max Strus,0.08,0.0780962,0.0019037999999999972,0.1911,rawAbilityRate_via_seasonalImpact,,0,1226,30,2.34,2.342886,0.01,0.18109999999999998,provisional-seasonalImpact/30,drbl-war-v1,2025-26-g1225-2026-08-12T15-24-09-645Z,OK
1643018,LJ Cryer,0.08,0.07721099999999999,0.0027890000000000137,0.207,rawAbilityRate_via_seasonalImpact,,0,1119,30,2.32,2.31633,1.03,-0.8230000000000001,provisional-seasonalImpact/30,drbl-war-v1,2025-26-g1225-2026-08-12T15-24-09-645Z,OK
1642853,Rasheer Fleming,0.08,0.07677146666666666,0.003228533333333339,0.0892,rawAbilityRate_via_seasonalImpact,,0,2582,30,2.3,2.303144,-0.32,0.4092,provisional-seasonalImpact/30,drbl-war-v1,2025-26-g1225-2026-08-12T15-24-09-645Z,OK
1629026,Kenrich Williams,0.08,0.07609439999999999,0.003905600000000009,0.0664,rawAbilityRate_via_seasonalImpact,,0,3438,30,2.28,2.282832,0.17,-0.10360000000000001,provisional-seasonalImpact/30,drbl-war-v1,2025-26-g1225-2026-08-12T15-24-09-645Z,OK
1642352,Keshad Johnson,0.08,0.07575433333333333,0.004245666666666675,0.1886,rawAbilityRate_via_seasonalImpact,,0,1205,30,2.27,2.27263,-0.55,0.7386,provisional-seasonalImpact/30,drbl-war-v1,2025-26-g1225-2026-08-12T15-24-09-645Z,OK
203991,Clint Capela,0.07,0.07117946666666668,-0.0011794666666666703,0.0586,rawAbilityRate_via_seasonalImpact,,0,3644,30,2.13,2.135384,-0.09,0.1486,provisional-seasonalImpact/30,drbl-war-v1,2025-26-g1225-2026-08-12T15-24-09-645Z,OK
1630583,Santi Aldama,0.07,0.06986173333333333,0.0001382666666666782,0.0436,rawAbilityRate_via_seasonalImpact,,0,4807,30,2.1,2.095852,-0.8,0.8436,provisional-seasonalImpact/30,drbl-war-v1,2025-26-g1225-2026-08-12T15-24-09-645Z,OK
1631111,Wendell Moore Jr.,0.07,0.0696864,0.0003136000000000111,0.8784,rawAbilityRate_via_seasonalImpact,,0,238,30,2.09,2.090592,0.47,0.4084,provisional-seasonalImpact/30,drbl-war-v1,2025-26-g1225-2026-08-12T15-24-09-645Z,OK
1631211,Trevor Keels,0.07,0.06920813333333334,0.0007918666666666685,3.0533,rawAbilityRate_via_seasonalImpact,,0,68,30,2.08,2.076244,0.08,2.9733,provisional-seasonalImpact/30,drbl-war-v1,2025-26-g1225-2026-08-12T15-24-09-645Z,OK
1630828,Alex Antetokounmpo,0.07,0.06770586666666668,0.002294133333333323,2.2078,rawAbilityRate_via_seasonalImpact,,0,92,30,2.03,2.0311760000000003,0.14,2.0678,provisional-seasonalImpact/30,drbl-war-v1,2025-26-g1225-2026-08-12T15-24-09-645Z,OK
1642402,Enrique Freeman,0.07,0.06670430000000001,0.0032956999999999986,1.1841,rawAbilityRate_via_seasonalImpact,,0,169,30,2,2.001129,0.15,1.0341,provisional-seasonalImpact/30,drbl-war-v1,2025-26-g1225-2026-08-12T15-24-09-645Z,OK
1641771,Jalen Slawson,0.06,0.06470133333333333,-0.004701333333333335,0.152,rawAbilityRate_via_seasonalImpact,,0,1277,30,1.94,1.9410399999999999,0.7,-0.5479999999999999,provisional-seasonalImpact/30,drbl-war-v1,2025-26-g1225-2026-08-12T15-24-09-645Z,OK
1642884,Vladislav Goldin,0.06,0.064715,-0.004714999999999997,2.7735,rawAbilityRate_via_seasonalImpact,,0,70,30,1.94,1.94145,0.11,2.6635,provisional-seasonalImpact/30,drbl-war-v1,2025-26-g1225-2026-08-12T15-24-09-645Z,OK
1642366,Quinten Post,0.06,0.061999566666666665,-0.0019995666666666675,0.0391,rawAbilityRate_via_seasonalImpact,,0,4757,30,1.86,1.859987,0.15,-0.1109,provisional-seasonalImpact/30,drbl-war-v1,2025-26-g1225-2026-08-12T15-24-09-645Z,OK
1642911,Rocco Zikarsky,0.06,0.056501666666666665,0.0034983333333333325,1.169,rawAbilityRate_via_seasonalImpact,,0,145,30,1.7,1.69505,0.11,1.059,provisional-seasonalImpact/30,drbl-war-v1,2025-26-g1225-2026-08-12T15-24-09-645Z,OK
1641753,Chris Livingston,0.05,0.053280266666666666,-0.0032802666666666633,2.1896,rawAbilityRate_via_seasonalImpact,,0,73,30,1.6,1.598408,0.11,2.0796,provisional-seasonalImpact/30,drbl-war-v1,2025-26-g1225-2026-08-12T15-24-09-645Z,OK
1628420,Monté Morris,0.05,0.050381600000000006,-0.00038160000000000277,0.5322,rawAbilityRate_via_seasonalImpact,,0,284,30,1.51,1.5114480000000001,0.17,0.36219999999999997,provisional-seasonalImpact/30,drbl-war-v1,2025-26-g1225-2026-08-12T15-24-09-645Z,OK
1641813,Mark Sears,0.05,0.04738319999999999,0.0026168000000000094,1.3162,rawAbilityRate_via_seasonalImpact,,0,108,30,1.42,1.4214959999999999,0.18,1.1362,provisional-seasonalImpact/30,drbl-war-v1,2025-26-g1225-2026-08-12T15-24-09-645Z,OK
1642368,N'Faly Dante,0.04,0.043944,-0.003943999999999996,2.1972,rawAbilityRate_via_seasonalImpact,,0,60,30,1.32,1.31832,0.08,2.1172,provisional-seasonalImpact/30,drbl-war-v1,2025-26-g1225-2026-08-12T15-24-09-645Z,OK
1630658,Colin Castleton,0.04,0.040296,-0.00029599999999999765,1.5111,rawAbilityRate_via_seasonalImpact,,0,80,30,1.21,1.20888,0.06,1.4511,provisional-seasonalImpact/30,drbl-war-v1,2025-26-g1225-2026-08-12T15-24-09-645Z,OK
1641726,Dereck Lively II,0.04,0.0354112,0.004588800000000004,0.2112,rawAbilityRate_via_seasonalImpact,,0,503,30,1.06,1.062336,0.38,-0.1688,provisional-seasonalImpact/30,drbl-war-v1,2025-26-g1225-2026-08-12T15-24-09-645Z,OK
1629632,Coby White,0.03,0.03259133333333333,-0.0025913333333333344,0.019,rawAbilityRate_via_seasonalImpact,,0,5146,30,0.98,0.97774,-0.42,0.439,provisional-seasonalImpact/30,drbl-war-v1,2025-26-g1225-2026-08-12T15-24-09-645Z,OK
1630644,Mac McClung,0.03,0.032489333333333335,-0.0024893333333333365,0.1652,rawAbilityRate_via_seasonalImpact,,0,590,30,0.97,0.97468,-0.04,0.20520000000000002,provisional-seasonalImpact/30,drbl-war-v1,2025-26-g1225-2026-08-12T15-24-09-645Z,OK
1643047,CJ Huntley,0.03,0.03188306666666667,-0.001883066666666669,0.5762,rawAbilityRate_via_seasonalImpact,,0,166,30,0.96,0.9564920000000001,0.05,0.5262,provisional-seasonalImpact/30,drbl-war-v1,2025-26-g1225-2026-08-12T15-24-09-645Z,OK
1641774,Tristan Vukcevic,0.03,0.027766666666666665,0.0022333333333333337,0.028,rawAbilityRate_via_seasonalImpact,,0,2975,30,0.83,0.833,-0.25,0.278,provisional-seasonalImpact/30,drbl-war-v1,2025-26-g1225-2026-08-12T15-24-09-645Z,OK
203952,Andrew Wiggins,0.03,0.026934366666666668,0.0030656333333333313,0.0089,rawAbilityRate_via_seasonalImpact,,0,9079,30,0.8,0.808031,-0.05,0.0589,provisional-seasonalImpact/30,drbl-war-v1,2025-26-g1225-2026-08-12T15-24-09-645Z,OK
1641794,Dillon Jones,0.03,0.025349899999999998,0.004650100000000001,0.4783,rawAbilityRate_via_seasonalImpact,,0,159,30,0.76,0.760497,0.09,0.3883,provisional-seasonalImpact/30,drbl-war-v1,2025-26-g1225-2026-08-12T15-24-09-645Z,OK
1631338,Mouhamadou Gueye,0.02,0.02199166666666667,-0.0019916666666666694,0.325,rawAbilityRate_via_seasonalImpact,,0,203,30,0.66,0.6597500000000001,0.04,0.28500000000000003,provisional-seasonalImpact/30,drbl-war-v1,2025-26-g1225-2026-08-12T15-24-09-645Z,OK
1642449,Tolu Smith,0.02,0.0210699,-0.0010698999999999986,0.1713,rawAbilityRate_via_seasonalImpact,,0,369,30,0.63,0.632097,-0.14,0.3113,provisional-seasonalImpact/30,drbl-war-v1,2025-26-g1225-2026-08-12T15-24-09-645Z,OK
1641807,Norchad Omier,0.02,0.015830133333333333,0.0041698666666666676,0.5162,rawAbilityRate_via_seasonalImpact,,0,92,30,0.47,0.474904,-0.06,0.5762,provisional-seasonalImpact/30,drbl-war-v1,2025-26-g1225-2026-08-12T15-24-09-645Z,OK
1643007,Taelon Peter,0.02,0.014832933333333334,0.005167066666666666,0.0212,rawAbilityRate_via_seasonalImpact,,0,2099,30,0.45,0.44498800000000005,0.05,-0.028800000000000003,provisional-seasonalImpact/30,drbl-war-v1,2025-26-g1225-2026-08-12T15-24-09-645Z,OK
1631116,Patrick Baldwin Jr.,0.01,0.007543999999999999,0.0024560000000000016,0.0552,rawAbilityRate_via_seasonalImpact,,0,410,30,0.23,0.22631999999999997,-0.06,0.1152,provisional-seasonalImpact/30,drbl-war-v1,2025-26-g1225-2026-08-12T15-24-09-645Z,OK
1631205,Buddy Boeheim,0,-0.00029893333333333335,0.00029893333333333335,-0.0152,rawAbilityRate_via_seasonalImpact,,0,59,30,-0.01,-0.008968,-0.01,-0.0052,provisional-seasonalImpact/30,drbl-war-v1,2025-26-g1225-2026-08-12T15-24-09-645Z,OK
1631119,Jaylin Williams,0,-0.0028053333333333333,0.0028053333333333333,-0.0016,rawAbilityRate_via_seasonalImpact,,0,5260,30,-0.09,-0.08416,-0.4,0.39840000000000003,provisional-seasonalImpact/30,drbl-war-v1,2025-26-g1225-2026-08-12T15-24-09-645Z,OK
203926,Doug McDermott,0,-0.0029159999999999998,0.0029159999999999998,-0.0045,rawAbilityRate_via_seasonalImpact,,0,1944,30,-0.09,-0.08747999999999999,0.15,-0.1545,provisional-seasonalImpact/30,drbl-war-v1,2025-26-g1225-2026-08-12T15-24-09-645Z,OK
1628449,Chris Boucher,-0.01,-0.0056762666666666664,-0.004323733333333334,-0.0464,rawAbilityRate_via_seasonalImpact,,0,367,30,-0.17,-0.170288,0.09,-0.1364,provisional-seasonalImpact/30,drbl-war-v1,2025-26-g1225-2026-08-12T15-24-09-645Z,OK
1631115,Orlando Robinson,-0.01,-0.005950166666666667,-0.004049833333333333,-0.1879,rawAbilityRate_via_seasonalImpact,,0,95,30,-0.18,-0.178505,-0.07,-0.1179,provisional-seasonalImpact/30,drbl-war-v1,2025-26-g1225-2026-08-12T15-24-09-645Z,OK
201599,DeAndre Jordan,-0.01,-0.009444533333333333,-0.0005554666666666673,-0.0331,rawAbilityRate_via_seasonalImpact,,0,856,30,-0.28,-0.283336,-0.19,0.1569,provisional-seasonalImpact/30,drbl-war-v1,2025-26-g1225-2026-08-12T15-24-09-645Z,OK
1642845,VJ Edgecombe,-0.01,-0.01084,0.0008400000000000005,-0.003,rawAbilityRate_via_seasonalImpact,,0,10840,30,-0.33,-0.32520000000000004,-0.37,0.367,provisional-seasonalImpact/30,drbl-war-v1,2025-26-g1225-2026-08-12T15-24-09-645Z,OK
1643060,Hayden Gray,-0.02,-0.0163496,-0.0036504000000000016,-0.4584,rawAbilityRate_via_seasonalImpact,,0,107,30,-0.49,-0.490488,-0.03,-0.4284,provisional-seasonalImpact/30,drbl-war-v1,2025-26-g1225-2026-08-12T15-24-09-645Z,OK
1641772,Nae'Qwan Tomlin,-0.02,-0.017036833333333334,-0.002963166666666666,-0.0119,rawAbilityRate_via_seasonalImpact,,0,4295,30,-0.51,-0.511105,0.03,-0.0419,provisional-seasonalImpact/30,drbl-war-v1,2025-26-g1225-2026-08-12T15-24-09-645Z,OK
1629634,Brandon Clarke,-0.02,-0.018358199999999998,-0.0016418000000000023,-0.5859,rawAbilityRate_via_seasonalImpact,,0,94,30,-0.55,-0.550746,-0.07,-0.5159,provisional-seasonalImpact/30,drbl-war-v1,2025-26-g1225-2026-08-12T15-24-09-645Z,OK
1641803,Tristen Newton,-0.03,-0.026006666666666668,-0.003993333333333331,-1.5604,rawAbilityRate_via_seasonalImpact,,0,50,30,-0.78,-0.7802,-0.03,-1.5304,provisional-seasonalImpact/30,drbl-war-v1,2025-26-g1225-2026-08-12T15-24-09-645Z,OK
1628415,Dillon Brooks,-0.03,-0.026760533333333333,-0.003239466666666666,-0.0112,rawAbilityRate_via_seasonalImpact,,0,7168,30,-0.8,-0.802816,-0.07,0.058800000000000005,provisional-seasonalImpact/30,drbl-war-v1,2025-26-g1225-2026-08-12T15-24-09-645Z,OK
1642910,John Tonje,-0.03,-0.0331403,0.0031402999999999986,-0.5617,rawAbilityRate_via_seasonalImpact,,0,177,30,-0.99,-0.9942089999999999,-0.13,-0.4317,provisional-seasonalImpact/30,drbl-war-v1,2025-26-g1225-2026-08-12T15-24-09-645Z,OK
1641767,Ben Sheppard,-0.04,-0.04196186666666667,0.001961866666666666,-0.0212,rawAbilityRate_via_seasonalImpact,,0,5938,30,-1.26,-1.258856,-0.24,0.2188,provisional-seasonalImpact/30,drbl-war-v1,2025-26-g1225-2026-08-12T15-24-09-645Z,OK
1630534,Ochai Agbaji,-0.04,-0.04278673333333334,0.0027867333333333397,-0.0323,rawAbilityRate_via_seasonalImpact,,0,3974,30,-1.28,-1.2836020000000001,-0.24,0.2077,provisional-seasonalImpact/30,drbl-war-v1,2025-26-g1225-2026-08-12T15-24-09-645Z,OK
1642490,Josh Oduro,-0.04,-0.042912500000000006,0.0029125000000000054,-0.3433,rawAbilityRate_via_seasonalImpact,,0,375,30,-1.29,-1.2873750000000002,-0.11,-0.2333,provisional-seasonalImpact/30,drbl-war-v1,2025-26-g1225-2026-08-12T15-24-09-645Z,OK
1631250,Pete Nance,-0.05,-0.047109666666666675,-0.002890333333333328,-0.0485,rawAbilityRate_via_seasonalImpact,,0,2914,30,-1.41,-1.4132900000000002,0.74,-0.7885,provisional-seasonalImpact/30,drbl-war-v1,2025-26-g1225-2026-08-12T15-24-09-645Z,OK
1631466,Nate Williams,-0.05,-0.04955556666666667,-0.0004444333333333342,-0.1547,rawAbilityRate_via_seasonalImpact,,0,961,30,-1.49,-1.486667,-0.64,0.4853,provisional-seasonalImpact/30,drbl-war-v1,2025-26-g1225-2026-08-12T15-24-09-645Z,OK
203486,Mason Plumlee,-0.05,-0.05107483333333333,0.0010748333333333304,-0.2143,rawAbilityRate_via_seasonalImpact,,0,715,30,-1.53,-1.532245,0.03,-0.2443,provisional-seasonalImpact/30,drbl-war-v1,2025-26-g1225-2026-08-12T15-24-09-645Z,OK
1630163,LaMelo Ball,-0.05,-0.053046,0.003046,-0.0189,rawAbilityRate_via_seasonalImpact,,0,8420,30,-1.59,-1.59138,-0.5,0.48109999999999997,provisional-seasonalImpact/30,drbl-war-v1,2025-26-g1225-2026-08-12T15-24-09-645Z,OK
1631127,Harrison Ingram,-0.05,-0.054734866666666666,0.004734866666666664,-1.5491,rawAbilityRate_via_seasonalImpact,,0,106,30,-1.64,-1.642046,-0.04,-1.5090999999999999,provisional-seasonalImpact/30,drbl-war-v1,2025-26-g1225-2026-08-12T15-24-09-645Z,OK
1642367,Jonathan Mogbo,-0.06,-0.05629066666666666,-0.0037093333333333353,-0.1616,rawAbilityRate_via_seasonalImpact,,0,1045,30,-1.69,-1.6887199999999998,-0.81,0.6484000000000001,provisional-seasonalImpact/30,drbl-war-v1,2025-26-g1225-2026-08-12T15-24-09-645Z,OK
1642938,Curtis Jones,-0.06,-0.056307333333333334,-0.0036926666666666635,-0.4628,rawAbilityRate_via_seasonalImpact,,0,365,30,-1.69,-1.68922,-0.47,0.007199999999999984,provisional-seasonalImpact/30,drbl-war-v1,2025-26-g1225-2026-08-12T15-24-09-645Z,OK
1641824,Matas Buzelis,-0.07,-0.0661648,-0.003835200000000011,-0.0208,rawAbilityRate_via_seasonalImpact,,0,9543,30,-1.99,-1.9849439999999998,-0.24,0.2192,provisional-seasonalImpact/30,drbl-war-v1,2025-26-g1225-2026-08-12T15-24-09-645Z,OK
204001,Kristaps Porziņģis,-0.07,-0.06792283333333334,-0.0020771666666666716,-0.0611,rawAbilityRate_via_seasonalImpact,,0,3335,30,-2.04,-2.037685,-0.31,0.2489,provisional-seasonalImpact/30,drbl-war-v1,2025-26-g1225-2026-08-12T15-24-09-645Z,OK
1631218,Trayce Jackson-Davis,-0.07,-0.06852806666666665,-0.0014719333333333556,-0.0967,rawAbilityRate_via_seasonalImpact,,0,2126,30,-2.06,-2.0558419999999997,-0.02,-0.07669999999999999,provisional-seasonalImpact/30,drbl-war-v1,2025-26-g1225-2026-08-12T15-24-09-645Z,OK
1642461,Spencer Jones,-0.07,-0.06938400000000002,-0.0006159999999999916,-0.0354,rawAbilityRate_via_seasonalImpact,,0,5880,30,-2.08,-2.0815200000000003,-0.16,0.1246,provisional-seasonalImpact/30,drbl-war-v1,2025-26-g1225-2026-08-12T15-24-09-645Z,OK
1631166,Drew Timme,-0.08,-0.08145240000000001,0.0014524000000000065,-0.2636,rawAbilityRate_via_seasonalImpact,,0,927,30,-2.44,-2.443572,0.49,-0.7536,provisional-seasonalImpact/30,drbl-war-v1,2025-26-g1225-2026-08-12T15-24-09-645Z,OK
1642384,Isaiah Crawford,-0.09,-0.08909720000000002,-0.0009027999999999814,-0.7572,rawAbilityRate_via_seasonalImpact,,0,353,30,-2.67,-2.6729160000000003,0.73,-1.4872,provisional-seasonalImpact/30,drbl-war-v1,2025-26-g1225-2026-08-12T15-24-09-645Z,OK
1642359,Pacôme Dadiet,-0.09,-0.09013733333333332,0.00013733333333332265,-0.5045,rawAbilityRate_via_seasonalImpact,,0,536,30,-2.7,-2.7041199999999996,0.09,-0.5944999999999999,provisional-seasonalImpact/30,drbl-war-v1,2025-26-g1225-2026-08-12T15-24-09-645Z,OK
203939,Dwight Powell,-0.09,-0.09346563333333334,0.0034656333333333428,-0.0721,rawAbilityRate_via_seasonalImpact,,0,3889,30,-2.8,-2.8039690000000004,-0.23,0.1579,provisional-seasonalImpact/30,drbl-war-v1,2025-26-g1225-2026-08-12T15-24-09-645Z,OK
1642346,Ryan Dunn,-0.1,-0.0950339,-0.004966100000000001,-0.0533,rawAbilityRate_via_seasonalImpact,,0,5349,30,-2.85,-2.851017,-0.35,0.29669999999999996,provisional-seasonalImpact/30,drbl-war-v1,2025-26-g1225-2026-08-12T15-24-09-645Z,OK
1631133,Jabari Walker,-0.1,-0.097202,-0.002798000000000009,-0.0917,rawAbilityRate_via_seasonalImpact,,0,3180,30,-2.92,-2.91606,-0.3,0.20829999999999999,provisional-seasonalImpact/30,drbl-war-v1,2025-26-g1225-2026-08-12T15-24-09-645Z,OK
1630592,Jalen Wilson,-0.1,-0.0992391,-0.0007609000000000088,-0.0879,rawAbilityRate_via_seasonalImpact,,0,3387,30,-2.98,-2.977173,-0.36,0.2721,provisional-seasonalImpact/30,drbl-war-v1,2025-26-g1225-2026-08-12T15-24-09-645Z,OK
1630164,James Wiseman,-0.1,-0.09951313333333332,-0.00048686666666668266,-1.1894,rawAbilityRate_via_seasonalImpact,,0,251,30,-2.99,-2.985394,-0.24,-0.9494,provisional-seasonalImpact/30,drbl-war-v1,2025-26-g1225-2026-08-12T15-24-09-645Z,OK
1629645,Kevin Porter Jr.,-0.1,-0.09993199999999999,-0.0000680000000000125,-0.0581,rawAbilityRate_via_seasonalImpact,,0,5160,30,-3,-2.99796,-0.18,0.1219,provisional-seasonalImpact/30,drbl-war-v1,2025-26-g1225-2026-08-12T15-24-09-645Z,OK
203944,Julius Randle,-0.11,-0.10881566666666667,-0.001184333333333329,-0.0295,rawAbilityRate_via_seasonalImpact,,0,11066,30,-3.26,-3.26447,0.03,-0.0595,provisional-seasonalImpact/30,drbl-war-v1,2025-26-g1225-2026-08-12T15-24-09-645Z,OK
1626164,Devin Booker,-0.11,-0.11000109999999999,0.0000010999999999899979,-0.0363,rawAbilityRate_via_seasonalImpact,,0,9091,30,-3.3,-3.3000329999999996,-0.21,0.1737,provisional-seasonalImpact/30,drbl-war-v1,2025-26-g1225-2026-08-12T15-24-09-645Z,OK
1628998,Cody Martin,-0.11,-0.1141313,0.004131300000000004,-1.4447,rawAbilityRate_via_seasonalImpact,,0,237,30,-3.42,-3.4239390000000003,-0.19,-1.2547000000000001,provisional-seasonalImpact/30,drbl-war-v1,2025-26-g1225-2026-08-12T15-24-09-645Z,OK
1642885,Mohamed Diawara,-0.11,-0.11443733333333334,0.004437333333333335,-0.1376,rawAbilityRate_via_seasonalImpact,,0,2495,30,-3.43,-3.43312,0.16,-0.2976,provisional-seasonalImpact/30,drbl-war-v1,2025-26-g1225-2026-08-12T15-24-09-645Z,OK
1641761,Grant Nelson,-0.12,-0.11872453333333333,-0.0012754666666666692,-2.5624,rawAbilityRate_via_seasonalImpact,,0,139,30,-3.56,-3.561736,-0.19,-2.3724,provisional-seasonalImpact/30,drbl-war-v1,2025-26-g1225-2026-08-12T15-24-09-645Z,OK
1642859,Jase Richardson,-0.13,-0.1253505,-0.004649500000000001,-0.1605,rawAbilityRate_via_seasonalImpact,,0,2343,30,-3.76,-3.7605150000000003,-0.25,0.0895,provisional-seasonalImpact/30,drbl-war-v1,2025-26-g1225-2026-08-12T15-24-09-645Z,OK
1631102,TyTy Washington Jr.,-0.13,-0.12771913333333335,-0.002280866666666659,-1.1042,rawAbilityRate_via_seasonalImpact,,0,347,30,-3.83,-3.8315740000000007,0.34,-1.4442000000000002,provisional-seasonalImpact/30,drbl-war-v1,2025-26-g1225-2026-08-12T15-24-09-645Z,OK
1626166,Cameron Payne,-0.13,-0.13179659999999999,0.0017965999999999815,-0.2379,rawAbilityRate_via_seasonalImpact,,0,1662,30,-3.95,-3.9538979999999997,-1.04,0.8021,provisional-seasonalImpact/30,drbl-war-v1,2025-26-g1225-2026-08-12T15-24-09-645Z,OK
1643141,Jahmyl Telfort,-0.14,-0.14099116666666667,0.000991166666666654,-3.3305,rawAbilityRate_via_seasonalImpact,,0,127,30,-4.23,-4.229735,-0.23,-3.1005,provisional-seasonalImpact/30,drbl-war-v1,2025-26-g1225-2026-08-12T15-24-09-645Z,OK
1641755,Kevin McCullar Jr.,-0.14,-0.14349363333333334,0.003493633333333329,-0.6977,rawAbilityRate_via_seasonalImpact,,0,617,30,-4.3,-4.3048090000000006,-0.9,0.20230000000000004,provisional-seasonalImpact/30,drbl-war-v1,2025-26-g1225-2026-08-12T15-24-09-645Z,OK
1630557,Corey Kispert,-0.15,-0.1454396,-0.004560399999999992,-0.0951,rawAbilityRate_via_seasonalImpact,,0,4588,30,-4.36,-4.363188,-0.12,0.02489999999999999,provisional-seasonalImpact/30,drbl-war-v1,2025-26-g1225-2026-08-12T15-24-09-645Z,OK
203967,Dario Šarić,-0.15,-0.14802666666666667,-0.001973333333333327,-2.2204,rawAbilityRate_via_seasonalImpact,,0,200,30,-4.44,-4.4408,-0.27,-1.9504000000000001,provisional-seasonalImpact/30,drbl-war-v1,2025-26-g1225-2026-08-12T15-24-09-645Z,OK
1627742,Brandon Ingram,-0.15,-0.1505143333333333,0.0005143333333333111,-0.043,rawAbilityRate_via_seasonalImpact,,0,10501,30,-4.52,-4.515429999999999,-0.07,0.02700000000000001,provisional-seasonalImpact/30,drbl-war-v1,2025-26-g1225-2026-08-12T15-24-09-645Z,OK
1642935,Chucky Hepburn,-0.15,-0.1506595666666667,0.0006595666666666944,-8.5279,rawAbilityRate_via_seasonalImpact,,0,53,30,-4.52,-4.519787000000001,-0.22,-8.3079,provisional-seasonalImpact/30,drbl-war-v1,2025-26-g1225-2026-08-12T15-24-09-645Z,OK
204060,Joe Ingles,-0.16,-0.162316,0.0023159999999999847,-0.748,rawAbilityRate_via_seasonalImpact,,0,651,30,-4.87,-4.869479999999999,-0.64,-0.10799999999999998,provisional-seasonalImpact/30,drbl-war-v1,2025-26-g1225-2026-08-12T15-24-09-645Z,OK
1641713,GG Jackson,-0.17,-0.1659413,-0.004058699999999998,-0.1043,rawAbilityRate_via_seasonalImpact,,0,4773,30,-4.98,-4.978239,-0.15,0.04569999999999999,provisional-seasonalImpact/30,drbl-war-v1,2025-26-g1225-2026-08-12T15-24-09-645Z,OK
1642443,Jahmir Young,-0.17,-0.1730032333333333,0.0030032333333332994,-2.4833,rawAbilityRate_via_seasonalImpact,,0,209,30,-5.19,-5.190097,-0.92,-1.5633,provisional-seasonalImpact/30,drbl-war-v1,2025-26-g1225-2026-08-12T15-24-09-645Z,OK
1630209,Omer Yurtseven,-0.17,-0.17378533333333335,0.003785333333333335,-1.1849,rawAbilityRate_via_seasonalImpact,,0,440,30,-5.21,-5.21356,-0.25,-0.9349000000000001,provisional-seasonalImpact/30,drbl-war-v1,2025-26-g1225-2026-08-12T15-24-09-645Z,OK
1631457,Alex Morales,-0.17,-0.17394700000000002,0.003947000000000006,-5.5515,rawAbilityRate_via_seasonalImpact,,0,94,30,-5.22,-5.21841,-0.31,-5.2415,provisional-seasonalImpact/30,drbl-war-v1,2025-26-g1225-2026-08-12T15-24-09-645Z,OK
202066,Garrett Temple,-0.17,-0.1748176,0.0048175999999999775,-1.7718,rawAbilityRate_via_seasonalImpact,,0,296,30,-5.24,-5.244528,-0.65,-1.1218,provisional-seasonalImpact/30,drbl-war-v1,2025-26-g1225-2026-08-12T15-24-09-645Z,OK
1642951,Sean Pedulla,-0.18,-0.1796325666666667,-0.00036743333333330574,-4.4537,rawAbilityRate_via_seasonalImpact,,0,121,30,-5.39,-5.388977000000001,-0.39,-4.063700000000001,provisional-seasonalImpact/30,drbl-war-v1,2025-26-g1225-2026-08-12T15-24-09-645Z,OK
1629027,Trae Young,-0.18,-0.182991,0.0029909999999999937,-0.3258,rawAbilityRate_via_seasonalImpact,,0,1685,30,-5.49,-5.48973,-0.7,0.3742,provisional-seasonalImpact/30,drbl-war-v1,2025-26-g1225-2026-08-12T15-24-09-645Z,OK
1628975,Jevon Carter,-0.19,-0.18719913333333332,-0.0028008666666666793,-0.1534,rawAbilityRate_via_seasonalImpact,,0,3661,30,-5.62,-5.615974,0.08,-0.2334,provisional-seasonalImpact/30,drbl-war-v1,2025-26-g1225-2026-08-12T15-24-09-645Z,OK
1628964,Mo Bamba,-0.19,-0.1878736,-0.0021264000000000005,-3.2392,rawAbilityRate_via_seasonalImpact,,0,174,30,-5.64,-5.636208,-0.42,-2.8192,provisional-seasonalImpact/30,drbl-war-v1,2025-26-g1225-2026-08-12T15-24-09-645Z,OK
1631230,Dominick Barlow,-0.21,-0.20558893333333333,-0.004411066666666658,-0.0884,rawAbilityRate_via_seasonalImpact,,0,6977,30,-6.16,-6.167668,0.08,-0.1684,provisional-seasonalImpact/30,drbl-war-v1,2025-26-g1225-2026-08-12T15-24-09-645Z,OK
1642382,Branden Carlson,-0.21,-0.2052452,-0.0047548000000000035,-0.3156,rawAbilityRate_via_seasonalImpact,,0,1951,30,-6.16,-6.157356,-0.4,0.08440000000000003,provisional-seasonalImpact/30,drbl-war-v1,2025-26-g1225-2026-08-12T15-24-09-645Z,OK
1641733,Nick Smith Jr.,-0.21,-0.21277359999999998,0.002773599999999987,-0.4264,rawAbilityRate_via_seasonalImpact,,0,1497,30,-6.38,-6.383208,-0.48,0.05359999999999998,provisional-seasonalImpact/30,drbl-war-v1,2025-26-g1225-2026-08-12T15-24-09-645Z,OK
1641809,Drew Peterson,-0.22,-0.2224906,0.0024906000000000095,-2.5871,rawAbilityRate_via_seasonalImpact,,0,258,30,-6.67,-6.674718,-0.48,-2.1071,provisional-seasonalImpact/30,drbl-war-v1,2025-26-g1225-2026-08-12T15-24-09-645Z,OK
1631204,Marcus Sasser,-0.22,-0.22234380000000004,0.0023438000000000347,-0.3507,rawAbilityRate_via_seasonalImpact,,0,1902,30,-6.67,-6.670314000000001,0.32,-0.6707000000000001,provisional-seasonalImpact/30,drbl-war-v1,2025-26-g1225-2026-08-12T15-24-09-645Z,OK
1641842,Ronald Holland II,-0.23,-0.23033266666666669,0.00033266666666667555,-0.1078,rawAbilityRate_via_seasonalImpact,,0,6410,30,-6.91,-6.909980000000001,-0.3,0.19219999999999998,provisional-seasonalImpact/30,drbl-war-v1,2025-26-g1225-2026-08-12T15-24-09-645Z,OK
203076,Anthony Davis,-0.23,-0.230631,0.0006309999999999927,-0.2655,rawAbilityRate_via_seasonalImpact,,0,2606,30,-6.92,-6.9189300000000005,-0.32,0.05449999999999999,provisional-seasonalImpact/30,drbl-war-v1,2025-26-g1225-2026-08-12T15-24-09-645Z,OK
1642282,Hunter Sallis,-0.24,-0.2439792,0.003979200000000016,-6.7772,rawAbilityRate_via_seasonalImpact,,0,108,30,-7.32,-7.319376,-0.49,-6.2871999999999995,provisional-seasonalImpact/30,drbl-war-v1,2025-26-g1225-2026-08-12T15-24-09-645Z,OK
1630314,Brandon Williams,-0.25,-0.254123,0.004122999999999988,-0.1194,rawAbilityRate_via_seasonalImpact,,0,6385,30,-7.62,-7.62369,-0.16,0.0406,provisional-seasonalImpact/30,drbl-war-v1,2025-26-g1225-2026-08-12T15-24-09-645Z,OK
1642403,Isaac Jones,-0.26,-0.261492,0.0014919999999999933,-5.6034,rawAbilityRate_via_seasonalImpact,,0,140,30,-7.84,-7.84476,-0.28,-5.3233999999999995,provisional-seasonalImpact/30,drbl-war-v1,2025-26-g1225-2026-08-12T15-24-09-645Z,OK
1629021,Moritz Wagner,-0.26,-0.2629785,0.002978499999999995,-0.4405,rawAbilityRate_via_seasonalImpact,,0,1791,30,-7.89,-7.889355,1.13,-1.5705,provisional-seasonalImpact/30,drbl-war-v1,2025-26-g1225-2026-08-12T15-24-09-645Z,OK
1642863,Khaman Maluach,-0.28,-0.2756112,-0.004388800000000026,-0.5142,rawAbilityRate_via_seasonalImpact,,0,1608,30,-8.27,-8.268336,-0.55,0.035800000000000054,provisional-seasonalImpact/30,drbl-war-v1,2025-26-g1225-2026-08-12T15-24-09-645Z,OK
1628396,Tony Bradley,-0.28,-0.2771148333333333,-0.0028851666666667164,-0.4415,rawAbilityRate_via_seasonalImpact,,0,1883,30,-8.31,-8.313445,0.01,-0.4515,provisional-seasonalImpact/30,drbl-war-v1,2025-26-g1225-2026-08-12T15-24-09-645Z,OK
1643016,Bez Mbeng,-0.28,-0.2832126,0.0032125999999999544,-0.3901,rawAbilityRate_via_seasonalImpact,,0,2178,30,-8.5,-8.496378,-0.18,-0.2101,provisional-seasonalImpact/30,drbl-war-v1,2025-26-g1225-2026-08-12T15-24-09-645Z,OK
1642959,Chris Youngblood,-0.28,-0.2842752,0.004275199999999979,-1.2114,rawAbilityRate_via_seasonalImpact,,0,704,30,-8.53,-8.528256,-0.49,-0.7214,provisional-seasonalImpact/30,drbl-war-v1,2025-26-g1225-2026-08-12T15-24-09-645Z,OK
1642876,Adou Thiero,-0.29,-0.28711786666666667,-0.0028821333333333143,-1.4167,rawAbilityRate_via_seasonalImpact,,0,608,30,-8.61,-8.613536,-0.18,-1.2367000000000001,provisional-seasonalImpact/30,drbl-war-v1,2025-26-g1225-2026-08-12T15-24-09-645Z,OK
1642380,Adama Bal,-0.29,-0.28987466666666667,-0.00012533333333331065,-0.8204,rawAbilityRate_via_seasonalImpact,,0,1060,30,-8.7,-8.69624,-0.26,-0.5604,provisional-seasonalImpact/30,drbl-war-v1,2025-26-g1225-2026-08-12T15-24-09-645Z,OK
202685,Jonas Valančiūnas,-0.29,-0.29202619999999996,0.002026199999999978,-0.2546,rawAbilityRate_via_seasonalImpact,,0,3441,30,-8.76,-8.760786,-0.63,0.3754,provisional-seasonalImpact/30,drbl-war-v1,2025-26-g1225-2026-08-12T15-24-09-645Z,OK
1642530,Yuki Kawamura,-0.29,-0.2923690666666667,0.002369066666666697,-0.9472,rawAbilityRate_via_seasonalImpact,,0,926,30,-8.77,-8.771072,-0.25,-0.6972,provisional-seasonalImpact/30,drbl-war-v1,2025-26-g1225-2026-08-12T15-24-09-645Z,OK
1642277,Johnny Furphy,-0.29,-0.2945445,0.004544500000000007,-0.3291,rawAbilityRate_via_seasonalImpact,,0,2685,30,-8.84,-8.836335,0.08,-0.4091,provisional-seasonalImpact/30,drbl-war-v1,2025-26-g1225-2026-08-12T15-24-09-645Z,OK
1641890,Tyler Smith,-0.3,-0.2985795,-0.0014204999999999912,-1.1709,rawAbilityRate_via_seasonalImpact,,0,765,30,-8.96,-8.957385,-0.34,-0.8309,provisional-seasonalImpact/30,drbl-war-v1,2025-26-g1225-2026-08-12T15-24-09-645Z,OK
1627741,Buddy Hield,-0.3,-0.2994952,-0.0005047999999999719,-0.2712,rawAbilityRate_via_seasonalImpact,,0,3313,30,-8.98,-8.984856,-0.35,0.07879999999999998,provisional-seasonalImpact/30,drbl-war-v1,2025-26-g1225-2026-08-12T15-24-09-645Z,OK
1642917,Max Shulga,-0.3,-0.2991711,-0.0008288999999999658,-5.8661,rawAbilityRate_via_seasonalImpact,,0,153,30,-8.98,-8.975133000000001,-0.55,-5.3161000000000005,provisional-seasonalImpact/30,drbl-war-v1,2025-26-g1225-2026-08-12T15-24-09-645Z,OK
1641727,Dariq Whitehead,-0.3,-0.30271926666666665,0.0027192666666666643,-1.1198,rawAbilityRate_via_seasonalImpact,,0,811,30,-9.08,-9.081578,-0.33,-0.7897999999999998,provisional-seasonalImpact/30,drbl-war-v1,2025-26-g1225-2026-08-12T15-24-09-645Z,OK
1630679,Ethan Thompson,-0.31,-0.3111948666666667,0.001194866666666683,-0.3406,rawAbilityRate_via_seasonalImpact,,0,2741,30,-9.34,-9.335846,-0.39,0.0494,provisional-seasonalImpact/30,drbl-war-v1,2025-26-g1225-2026-08-12T15-24-09-645Z,OK
1631093,Jaden Ivey,-0.31,-0.3143125333333333,0.004312533333333313,-0.3256,rawAbilityRate_via_seasonalImpact,,0,2896,30,-9.43,-9.429376,-0.36,0.034399999999999986,provisional-seasonalImpact/30,drbl-war-v1,2025-26-g1225-2026-08-12T15-24-09-645Z,OK
1642873,Amari Williams,-0.32,-0.3165430666666667,-0.0034569333333333008,-1.6988,rawAbilityRate_via_seasonalImpact,,0,559,30,-9.5,-9.496292,-0.32,-1.3788,provisional-seasonalImpact/30,drbl-war-v1,2025-26-g1225-2026-08-12T15-24-09-645Z,OK
1642950,Lachlan Olbrich,-0.32,-0.32018,0.00018000000000001348,-0.6861,rawAbilityRate_via_seasonalImpact,,0,1400,30,-9.61,-9.605400000000001,-0.53,-0.15610000000000002,provisional-seasonalImpact/30,drbl-war-v1,2025-26-g1225-2026-08-12T15-24-09-645Z,OK
1626204,Larry Nance Jr.,-0.32,-0.32424986666666666,0.004249866666666657,-0.5048,rawAbilityRate_via_seasonalImpact,,0,1927,30,-9.73,-9.727496,-0.43,-0.07480000000000003,provisional-seasonalImpact/30,drbl-war-v1,2025-26-g1225-2026-08-12T15-24-09-645Z,OK
1626172,Kevon Looney,-0.33,-0.32565226666666663,-0.004347733333333381,-0.7492,rawAbilityRate_via_seasonalImpact,,0,1304,30,-9.77,-9.769568,-0.38,-0.3692,provisional-seasonalImpact/30,drbl-war-v1,2025-26-g1225-2026-08-12T15-24-09-645Z,OK
1641752,Bobi Klintman,-0.33,-0.3261923333333333,-0.003807666666666709,-3.1567,rawAbilityRate_via_seasonalImpact,,0,310,30,-9.79,-9.78577,-1.25,-1.9066999999999998,provisional-seasonalImpact/30,drbl-war-v1,2025-26-g1225-2026-08-12T15-24-09-645Z,OK
1642857,Kasparas Jakučionis,-0.33,-0.3296025,-0.0003974999999999951,-0.2313,rawAbilityRate_via_seasonalImpact,,0,4275,30,-9.89,-9.888075,-0.44,0.2087,provisional-seasonalImpact/30,drbl-war-v1,2025-26-g1225-2026-08-12T15-24-09-645Z,OK
1630548,Johnny Juzang,-0.34,-0.33528506666666663,-0.004714933333333393,-2.7112,rawAbilityRate_via_seasonalImpact,,0,371,30,-10.06,-10.058551999999999,-0.82,-1.8912,provisional-seasonalImpact/30,drbl-war-v1,2025-26-g1225-2026-08-12T15-24-09-645Z,OK
1642271,Kyle Filipowski,-0.34,-0.3424593333333334,0.002459333333333369,-0.134,rawAbilityRate_via_seasonalImpact,,0,7667,30,-10.27,-10.273780000000002,-0.15,0.015999999999999986,provisional-seasonalImpact/30,drbl-war-v1,2025-26-g1225-2026-08-12T15-24-09-645Z,OK
1642918,Alijah Martin,-0.34,-0.34364,0.0036399999999999766,-1.815,rawAbilityRate_via_seasonalImpact,,0,568,30,-10.31,-10.3092,-0.45,-1.365,provisional-seasonalImpact/30,drbl-war-v1,2025-26-g1225-2026-08-12T15-24-09-645Z,OK
1630286,Trevon Scott,-0.37,-0.36988600000000005,-0.00011399999999994748,-1.4835,rawAbilityRate_via_seasonalImpact,,0,748,30,-11.1,-11.096580000000001,-0.42,-1.0635000000000001,provisional-seasonalImpact/30,drbl-war-v1,2025-26-g1225-2026-08-12T15-24-09-645Z,OK
1631110,Jeremy Sochan,-0.37,-0.37374416666666666,0.0037441666666666595,-0.5855,rawAbilityRate_via_seasonalImpact,,0,1915,30,-11.21,-11.212325,-0.85,0.26449999999999996,provisional-seasonalImpact/30,drbl-war-v1,2025-26-g1225-2026-08-12T15-24-09-645Z,OK
1628997,Caleb Martin,-0.37,-0.37479599999999996,0.004795999999999967,-0.3132,rawAbilityRate_via_seasonalImpact,,0,3590,30,-11.24,-11.243879999999999,-0.12,-0.19319999999999998,provisional-seasonalImpact/30,drbl-war-v1,2025-26-g1225-2026-08-12T15-24-09-645Z,OK
1630591,Jalen Suggs,-0.38,-0.3749141,-0.005085900000000032,-0.1707,rawAbilityRate_via_seasonalImpact,,0,6589,30,-11.25,-11.247423,-0.18,0.009300000000000003,provisional-seasonalImpact/30,drbl-war-v1,2025-26-g1225-2026-08-12T15-24-09-645Z,OK
1641778,Leaky Black,-0.38,-0.377022,-0.0029779999999999807,-0.6081,rawAbilityRate_via_seasonalImpact,,0,1860,30,-11.31,-11.31066,0.48,-1.0880999999999998,provisional-seasonalImpact/30,drbl-war-v1,2025-26-g1225-2026-08-12T15-24-09-645Z,OK
1631247,Luke Travers,-0.38,-0.3776089333333334,-0.002391066666666608,-2.6102,rawAbilityRate_via_seasonalImpact,,0,434,30,-11.33,-11.328268000000001,-0.97,-1.6401999999999999,provisional-seasonalImpact/30,drbl-war-v1,2025-26-g1225-2026-08-12T15-24-09-645Z,OK
1630700,Dyson Daniels,-0.38,-0.3837044,0.0037043999999999966,-0.1074,rawAbilityRate_via_seasonalImpact,,0,10718,30,-11.51,-11.511132,-0.61,0.5025999999999999,provisional-seasonalImpact/30,drbl-war-v1,2025-26-g1225-2026-08-12T15-24-09-645Z,OK
1628369,Jayson Tatum,-0.39,-0.3864175,-0.0035824999999999885,-0.5325,rawAbilityRate_via_seasonalImpact,,0,2177,30,-11.59,-11.592525,0.04,-0.5725,provisional-seasonalImpact/30,drbl-war-v1,2025-26-g1225-2026-08-12T15-24-09-645Z,OK
1630625,Dalano Banton,-0.4,-0.397836,-0.0021639999999999993,-4.626,rawAbilityRate_via_seasonalImpact,,0,258,30,-11.94,-11.935080000000001,-0.84,-3.7860000000000005,provisional-seasonalImpact/30,drbl-war-v1,2025-26-g1225-2026-08-12T15-24-09-645Z,OK
1631120,JD Davison,-0.4,-0.400114,0.00011400000000000299,-1.399,rawAbilityRate_via_seasonalImpact,,0,858,30,-12,-12.00342,-0.69,-0.7090000000000001,provisional-seasonalImpact/30,drbl-war-v1,2025-26-g1225-2026-08-12T15-24-09-645Z,OK
1641711,Gradey Dick,-0.4,-0.40274699999999997,0.002746999999999944,-0.2682,rawAbilityRate_via_seasonalImpact,,0,4505,30,-12.08,-12.08241,-0.23,-0.038199999999999984,provisional-seasonalImpact/30,drbl-war-v1,2025-26-g1225-2026-08-12T15-24-09-645Z,OK
1629651,Nic Claxton,-0.4,-0.40256480000000006,0.0025648000000000337,-0.1542,rawAbilityRate_via_seasonalImpact,,0,7832,30,-12.08,-12.076944000000001,0.19,-0.3442,provisional-seasonalImpact/30,drbl-war-v1,2025-26-g1225-2026-08-12T15-24-09-645Z,OK
1642345,Oso Ighodaro,-0.4,-0.4047675333333333,0.004767533333333296,-0.1687,rawAbilityRate_via_seasonalImpact,,0,7198,30,-12.14,-12.143025999999999,-0.39,0.22130000000000002,provisional-seasonalImpact/30,drbl-war-v1,2025-26-g1225-2026-08-12T15-24-09-645Z,OK
203914,Gary Harris,-0.41,-0.40591600000000005,-0.004083999999999921,-0.4578,rawAbilityRate_via_seasonalImpact,,0,2660,30,-12.18,-12.177480000000001,-0.53,0.07220000000000004,provisional-seasonalImpact/30,drbl-war-v1,2025-26-g1225-2026-08-12T15-24-09-645Z,OK
1627749,Dejounte Murray,-0.42,-0.42283813333333337,0.0028381333333333814,-0.7768,rawAbilityRate_via_seasonalImpact,,0,1633,30,-12.68,-12.685144000000001,0.38,-1.1568,provisional-seasonalImpact/30,drbl-war-v1,2025-26-g1225-2026-08-12T15-24-09-645Z,OK
1628989,Kevin Huerter,-0.42,-0.4247566666666666,0.004756666666666631,-0.1975,rawAbilityRate_via_seasonalImpact,,0,6452,30,-12.74,-12.7427,-0.42,0.22249999999999998,provisional-seasonalImpact/30,drbl-war-v1,2025-26-g1225-2026-08-12T15-24-09-645Z,OK
1642933,Keshon Gilbert,-0.43,-0.42618986666666664,-0.0038101333333333542,-4.1512,rawAbilityRate_via_seasonalImpact,,0,308,30,-12.79,-12.785696,-0.96,-3.1912000000000003,provisional-seasonalImpact/30,drbl-war-v1,2025-26-g1225-2026-08-12T15-24-09-645Z,OK
1642882,Julian Reese,-0.43,-0.4272666,-0.002733399999999997,-0.7461,rawAbilityRate_via_seasonalImpact,,0,1718,30,-12.82,-12.817998,-0.62,-0.1261,provisional-seasonalImpact/30,drbl-war-v1,2025-26-g1225-2026-08-12T15-24-09-645Z,OK
1631260,AJ Green,-0.43,-0.42896700000000004,-0.0010329999999999506,-0.1386,rawAbilityRate_via_seasonalImpact,,0,9285,30,-12.87,-12.869010000000001,-0.06,-0.0786,provisional-seasonalImpact/30,drbl-war-v1,2025-26-g1225-2026-08-12T15-24-09-645Z,OK
1642269,Devin Carter,-0.43,-0.42928419999999995,-0.0007158000000000442,-0.4562,rawAbilityRate_via_seasonalImpact,,0,2823,30,-12.88,-12.878525999999999,-0.39,-0.06619999999999998,provisional-seasonalImpact/30,drbl-war-v1,2025-26-g1225-2026-08-12T15-24-09-645Z,OK
1630256,Jae'Sean Tate,-0.44,-0.4361030333333334,-0.0038969666666666125,-0.8071,rawAbilityRate_via_seasonalImpact,,0,1621,30,-13.08,-13.083091000000001,-0.42,-0.38710000000000006,provisional-seasonalImpact/30,drbl-war-v1,2025-26-g1225-2026-08-12T15-24-09-645Z,OK
1641998,Trey Jemison III,-0.44,-0.43787400000000004,-0.0021259999999999613,-3.841,rawAbilityRate_via_seasonalImpact,,0,342,30,-13.14,-13.136220000000002,-0.47,-3.3710000000000004,provisional-seasonalImpact/30,drbl-war-v1,2025-26-g1225-2026-08-12T15-24-09-645Z,OK
1641730,Noah Clowney,-0.44,-0.4427699,0.002769899999999992,-0.1839,rawAbilityRate_via_seasonalImpact,,0,7223,30,-13.29,-13.283097,-0.34,0.15610000000000002,provisional-seasonalImpact/30,drbl-war-v1,2025-26-g1225-2026-08-12T15-24-09-645Z,OK
1641780,Johni Broome,-0.45,-0.44559176666666667,-0.0044082333333333446,-6.5851,rawAbilityRate_via_seasonalImpact,,0,203,30,-13.37,-13.367753,-1.1,-5.485099999999999,provisional-seasonalImpact/30,drbl-war-v1,2025-26-g1225-2026-08-12T15-24-09-645Z,OK
1628467,Maxi Kleber,-0.45,-0.44751786666666665,-0.0024821333333333584,-0.6784,rawAbilityRate_via_seasonalImpact,,0,1979,30,-13.43,-13.425536,-0.36,-0.3184,provisional-seasonalImpact/30,drbl-war-v1,2025-26-g1225-2026-08-12T15-24-09-645Z,OK
1627826,Ivica Zubac,-0.46,-0.4581906,-0.0018094000000000166,-0.2286,rawAbilityRate_via_seasonalImpact,,0,6013,30,-13.75,-13.745718,-0.14,-0.08859999999999998,provisional-seasonalImpact/30,drbl-war-v1,2025-26-g1225-2026-08-12T15-24-09-645Z,OK
1630526,Jeremiah Robinson-Earl,-0.47,-0.46604460000000003,-0.003955399999999942,-0.8997,rawAbilityRate_via_seasonalImpact,,0,1554,30,-13.98,-13.981338000000001,-0.78,-0.11970000000000003,provisional-seasonalImpact/30,drbl-war-v1,2025-26-g1225-2026-08-12T15-24-09-645Z,OK
1629111,Jock Landale,-0.47,-0.47146950000000004,0.001469500000000068,-0.2295,rawAbilityRate_via_seasonalImpact,,0,6163,30,-14.15,-14.144085,-0.29,0.06049999999999997,provisional-seasonalImpact/30,drbl-war-v1,2025-26-g1225-2026-08-12T15-24-09-645Z,OK
1631451,Javonte Cooke,-0.47,-0.47429113333333334,0.0042911333333333634,-3.7742,rawAbilityRate_via_seasonalImpact,,0,377,30,-14.23,-14.228734,-0.82,-2.9542,provisional-seasonalImpact/30,drbl-war-v1,2025-26-g1225-2026-08-12T15-24-09-645Z,OK
1630621,Hunter Dickinson,-0.47,-0.47449693333333337,0.004496933333333397,-7.3756,rawAbilityRate_via_seasonalImpact,,0,193,30,-14.23,-14.234908,-1.04,-6.3356,provisional-seasonalImpact/30,drbl-war-v1,2025-26-g1225-2026-08-12T15-24-09-645Z,OK
1630228,Jonathan Kuminga,-0.48,-0.4778488,-0.0021511999999999643,-0.4177,rawAbilityRate_via_seasonalImpact,,0,3432,30,-14.34,-14.335464,-0.88,0.4623,provisional-seasonalImpact/30,drbl-war-v1,2025-26-g1225-2026-08-12T15-24-09-645Z,OK
1628365,Markelle Fultz,-0.48,-0.47803813333333334,-0.001961866666666645,-8.7446,rawAbilityRate_via_seasonalImpact,,0,164,30,-14.34,-14.341144,-0.93,-7.8146,provisional-seasonalImpact/30,drbl-war-v1,2025-26-g1225-2026-08-12T15-24-09-645Z,OK
1641816,Hunter Tyson,-0.49,-0.49154746666666665,0.0015474666666666637,-2.2792,rawAbilityRate_via_seasonalImpact,,0,647,30,-14.75,-14.746424,-0.62,-1.6591999999999998,provisional-seasonalImpact/30,drbl-war-v1,2025-26-g1225-2026-08-12T15-24-09-645Z,OK
1642258,Zaccharie Risacher,-0.5,-0.49662466666666666,-0.0033753333333333413,-0.229,rawAbilityRate_via_seasonalImpact,,0,6506,30,-14.9,-14.89874,-0.46,0.231,provisional-seasonalImpact/30,drbl-war-v1,2025-26-g1225-2026-08-12T15-24-09-645Z,OK
1631174,Tyler Burton,-0.5,-0.49985233333333334,-0.00014766666666665706,-1.1447,rawAbilityRate_via_seasonalImpact,,0,1310,30,-15,-14.99557,-0.36,-0.7847000000000001,provisional-seasonalImpact/30,drbl-war-v1,2025-26-g1225-2026-08-12T15-24-09-645Z,OK
1630703,Scoot Henderson,-0.5,-0.500654,0.0006540000000000434,-0.462,rawAbilityRate_via_seasonalImpact,,0,3251,30,-15.02,-15.01962,-1.41,0.948,provisional-seasonalImpact/30,drbl-war-v1,2025-26-g1225-2026-08-12T15-24-09-645Z,OK
1630545,Terrence Shannon Jr.,-0.51,-0.5063832333333333,-0.00361676666666666,-0.6959,rawAbilityRate_via_seasonalImpact,,0,2183,30,-15.19,-15.191497,-1.41,0.7141,provisional-seasonalImpact/30,drbl-war-v1,2025-26-g1225-2026-08-12T15-24-09-645Z,OK
1630536,Sharife Cooper,-0.51,-0.5082671333333334,-0.0017328666666666104,-0.5039,rawAbilityRate_via_seasonalImpact,,0,3026,30,-15.25,-15.248014000000001,-1.11,0.6061000000000001,provisional-seasonalImpact/30,drbl-war-v1,2025-26-g1225-2026-08-12T15-24-09-645Z,OK
1642484,RayJ Dennis,-0.51,-0.5142738666666666,0.004273866666666626,-1.7572,rawAbilityRate_via_seasonalImpact,,0,878,30,-15.43,-15.428215999999999,-0.76,-0.9972000000000001,provisional-seasonalImpact/30,drbl-war-v1,2025-26-g1225-2026-08-12T15-24-09-645Z,OK
1641989,Elijah Harkless,-0.52,-0.5197499999999999,-0.0002500000000000835,-0.675,rawAbilityRate_via_seasonalImpact,,0,2310,30,-15.59,-15.5925,0.15,-0.8250000000000001,provisional-seasonalImpact/30,drbl-war-v1,2025-26-g1225-2026-08-12T15-24-09-645Z,OK
1628401,Derrick White,-0.53,-0.5285448,-0.0014551999999999898,-0.1512,rawAbilityRate_via_seasonalImpact,,0,10487,30,-15.85,-15.856344,-0.56,0.40880000000000005,provisional-seasonalImpact/30,drbl-war-v1,2025-26-g1225-2026-08-12T15-24-09-645Z,OK
1630702,Jaden Hardy,-0.53,-0.5290141333333334,-0.0009858666666666682,-0.4084,rawAbilityRate_via_seasonalImpact,,0,3886,30,-15.87,-15.870424,-0.56,0.15160000000000007,provisional-seasonalImpact/30,drbl-war-v1,2025-26-g1225-2026-08-12T15-24-09-645Z,OK
1631351,Lucas Williamson,-0.53,-0.5321666666666667,0.00216666666666665,-1.5965,rawAbilityRate_via_seasonalImpact,,0,1000,30,-15.96,-15.965,-0.48,-1.1165,provisional-seasonalImpact/30,drbl-war-v1,2025-26-g1225-2026-08-12T15-24-09-645Z,OK
1642502,Malevy Leons,-0.53,-0.532502,0.0025020000000000042,-1.471,rawAbilityRate_via_seasonalImpact,,0,1086,30,-15.98,-15.975060000000001,-1.06,-0.41100000000000003,provisional-seasonalImpact/30,drbl-war-v1,2025-26-g1225-2026-08-12T15-24-09-645Z,OK
1629234,Drew Eubanks,-0.54,-0.5380592,-0.0019408000000000758,-0.6863,rawAbilityRate_via_seasonalImpact,,0,2352,30,-16.14,-16.141776,-0.76,0.07369999999999999,provisional-seasonalImpact/30,drbl-war-v1,2025-26-g1225-2026-08-12T15-24-09-645Z,OK
1627759,Jaylen Brown,-0.55,-0.551208,0.0012079999999999869,-0.168,rawAbilityRate_via_seasonalImpact,,0,9843,30,-16.54,-16.53624,-0.26,0.092,provisional-seasonalImpact/30,drbl-war-v1,2025-26-g1225-2026-08-12T15-24-09-645Z,OK
1630587,Isaiah Livers,-0.55,-0.5524624,0.0024623999999999757,-1.1064,rawAbilityRate_via_seasonalImpact,,0,1498,30,-16.57,-16.573872,-0.56,-0.5464,provisional-seasonalImpact/30,drbl-war-v1,2025-26-g1225-2026-08-12T15-24-09-645Z,OK
203992,Bogdan Bogdanović,-0.56,-0.558301,-0.001699000000000006,-0.9357,rawAbilityRate_via_seasonalImpact,,0,1790,30,-16.75,-16.74903,-0.75,-0.18569999999999998,provisional-seasonalImpact/30,drbl-war-v1,2025-26-g1225-2026-08-12T15-24-09-645Z,OK
1631113,Kennedy Chandler,-0.56,-0.5621644,0.0021643999999999552,-1.0567,rawAbilityRate_via_seasonalImpact,,0,1596,30,-16.86,-16.864932,-0.4,-0.6567,provisional-seasonalImpact/30,drbl-war-v1,2025-26-g1225-2026-08-12T15-24-09-645Z,OK
1630214,Xavier Tillman,-0.56,-0.5645085000000001,0.004508500000000026,-2.4723,rawAbilityRate_via_seasonalImpact,,0,685,30,-16.94,-16.935255,-0.65,-1.8223000000000003,provisional-seasonalImpact/30,drbl-war-v1,2025-26-g1225-2026-08-12T15-24-09-645Z,OK
203903,Jordan Clarkson,-0.57,-0.5695782666666667,-0.0004217333333332851,-0.3316,rawAbilityRate_via_seasonalImpact,,0,5153,30,-17.09,-17.087348,-0.55,0.21840000000000004,provisional-seasonalImpact/30,drbl-war-v1,2025-26-g1225-2026-08-12T15-24-09-645Z,OK
1641796,Pelle Larsson,-0.59,-0.5847226666666666,-0.005277333333333356,-0.2171,rawAbilityRate_via_seasonalImpact,,0,8080,30,-17.55,-17.54168,-0.03,-0.1871,provisional-seasonalImpact/30,drbl-war-v1,2025-26-g1225-2026-08-12T15-24-09-645Z,OK
1629006,Josh Okogie,-0.61,-0.6068929999999999,-0.003107000000000082,-0.3353,rawAbilityRate_via_seasonalImpact,,0,5430,30,-18.21,-18.206789999999998,-0.62,0.2847,provisional-seasonalImpact/30,drbl-war-v1,2025-26-g1225-2026-08-12T15-24-09-645Z,OK
1642878,Tyrese Proctor,-0.61,-0.6095302666666667,-0.0004697333333333331,-0.8308,rawAbilityRate_via_seasonalImpact,,0,2201,30,-18.29,-18.285908,-0.86,0.029200000000000004,provisional-seasonalImpact/30,drbl-war-v1,2025-26-g1225-2026-08-12T15-24-09-645Z,OK
1642404,Chaz Lanier,-0.62,-0.6243223999999999,0.0043223999999999485,-1.7992,rawAbilityRate_via_seasonalImpact,,0,1041,30,-18.73,-18.729671999999997,-0.35,-1.4491999999999998,provisional-seasonalImpact/30,drbl-war-v1,2025-26-g1225-2026-08-12T15-24-09-645Z,OK
1643158,Andersson Garcia,-0.63,-0.6288408333333333,-0.001159166666666711,-2.6021,rawAbilityRate_via_seasonalImpact,,0,725,30,-18.86,-18.865225,-1.4,-1.2021000000000002,provisional-seasonalImpact/30,drbl-war-v1,2025-26-g1225-2026-08-12T15-24-09-645Z,OK
1628502,Nigel Hayes-Davis,-0.63,-0.6315150666666667,0.0015150666666666757,-2.4994,rawAbilityRate_via_seasonalImpact,,0,758,30,-18.95,-18.945452,-1.84,-0.6594,provisional-seasonalImpact/30,drbl-war-v1,2025-26-g1225-2026-08-12T15-24-09-645Z,OK
1641790,PJ Hall,-0.63,-0.6329072,0.0029071999999999987,-2.1382,rawAbilityRate_via_seasonalImpact,,0,888,30,-18.99,-18.987216,-1.2,-0.9381999999999999,provisional-seasonalImpact/30,drbl-war-v1,2025-26-g1225-2026-08-12T15-24-09-645Z,OK
203484,Kentavious Caldwell-Pope,-0.63,-0.6345791999999999,0.0045791999999998945,-0.4311,rawAbilityRate_via_seasonalImpact,,0,4416,30,-19.04,-19.037376,-0.14,-0.29109999999999997,provisional-seasonalImpact/30,drbl-war-v1,2025-26-g1225-2026-08-12T15-24-09-645Z,OK
201143,Al Horford,-0.64,-0.6379029,-0.002097099999999963,-0.4671,rawAbilityRate_via_seasonalImpact,,0,4097,30,-19.14,-19.137087,-0.28,-0.1871,provisional-seasonalImpact/30,drbl-war-v1,2025-26-g1225-2026-08-12T15-24-09-645Z,OK
1642353,Cam Christie,-0.65,-0.6535438,0.003543799999999986,-1.0122,rawAbilityRate_via_seasonalImpact,,0,1937,30,-19.61,-19.606314,-0.2,-0.8122,provisional-seasonalImpact/30,drbl-war-v1,2025-26-g1225-2026-08-12T15-24-09-645Z,OK
201145,Jeff Green,-0.66,-0.6632890666666668,0.003289066666666729,-2.6461,rawAbilityRate_via_seasonalImpact,,0,752,30,-19.9,-19.898672,-0.24,-2.4061000000000003,provisional-seasonalImpact/30,drbl-war-v1,2025-26-g1225-2026-08-12T15-24-09-645Z,OK
1642964,Brooks Barnhizer,-0.67,-0.6695892000000001,-0.00041079999999993344,-1.4588,rawAbilityRate_via_seasonalImpact,,0,1377,30,-20.09,-20.087676000000002,-0.33,-1.1288,provisional-seasonalImpact/30,drbl-war-v1,2025-26-g1225-2026-08-12T15-24-09-645Z,OK
1628371,Jonathan Isaac,-0.67,-0.6746176666666667,0.004617666666666631,-0.9815,rawAbilityRate_via_seasonalImpact,,0,2062,30,-20.24,-20.23853,-0.5,-0.48150000000000004,provisional-seasonalImpact/30,drbl-war-v1,2025-26-g1225-2026-08-12T15-24-09-645Z,OK
1630811,Keaton Wallace,-0.68,-0.67526,-0.0047400000000000775,-0.8885,rawAbilityRate_via_seasonalImpact,,0,2280,30,-20.26,-20.2578,-0.27,-0.6184999999999999,provisional-seasonalImpact/30,drbl-war-v1,2025-26-g1225-2026-08-12T15-24-09-645Z,OK
1642272,Jared McCain,-0.7,-0.7006140666666667,0.000614066666666746,-0.4399,rawAbilityRate_via_seasonalImpact,,0,4778,30,-21.02,-21.018422,-0.51,0.0701,provisional-seasonalImpact/30,drbl-war-v1,2025-26-g1225-2026-08-12T15-24-09-645Z,OK
203482,Kelly Olynyk,-0.72,-0.7193090666666666,-0.0006909333333333656,-1.4872,rawAbilityRate_via_seasonalImpact,,0,1451,30,-21.58,-21.579272,-0.56,-0.9272,provisional-seasonalImpact/30,drbl-war-v1,2025-26-g1225-2026-08-12T15-24-09-645Z,OK
1643253,Toby Okani,-0.72,-0.7228953333333334,0.002895333333333472,-2.2685,rawAbilityRate_via_seasonalImpact,,0,956,30,-21.69,-21.686860000000003,-0.67,-1.5985,provisional-seasonalImpact/30,drbl-war-v1,2025-26-g1225-2026-08-12T15-24-09-645Z,OK
1642869,Noah Penda,-0.73,-0.7257946000000001,-0.004205399999999915,-0.7361,rawAbilityRate_via_seasonalImpact,,0,2958,30,-21.77,-21.773838,-0.33,-0.40609999999999996,provisional-seasonalImpact/30,drbl-war-v1,2025-26-g1225-2026-08-12T15-24-09-645Z,OK
203078,Bradley Beal,-0.73,-0.7311305333333334,0.001130533333333461,-4.3177,rawAbilityRate_via_seasonalImpact,,0,508,30,-21.93,-21.933916000000004,-1.38,-2.9377000000000004,provisional-seasonalImpact/30,drbl-war-v1,2025-26-g1225-2026-08-12T15-24-09-645Z,OK
203500,Steven Adams,-0.73,-0.7338862666666667,0.0038862666666666934,-0.7271,rawAbilityRate_via_seasonalImpact,,0,3028,30,-22.02,-22.016588,0.1,-0.8271,provisional-seasonalImpact/30,drbl-war-v1,2025-26-g1225-2026-08-12T15-24-09-645Z,OK
1629162,Jordan McLaughlin,-0.73,-0.7344652,0.004465200000000058,-1.9362,rawAbilityRate_via_seasonalImpact,,0,1138,30,-22.03,-22.033956,-0.73,-1.2062,provisional-seasonalImpact/30,drbl-war-v1,2025-26-g1225-2026-08-12T15-24-09-645Z,OK
1627734,Domantas Sabonis,-0.74,-0.738276,-0.0017239999999999478,-0.924,rawAbilityRate_via_seasonalImpact,,0,2397,30,-22.15,-22.14828,-0.46,-0.464,provisional-seasonalImpact/30,drbl-war-v1,2025-26-g1225-2026-08-12T15-24-09-645Z,OK
1630224,Jalen Green,-0.75,-0.7477644999999999,-0.002235500000000057,-0.6635,rawAbilityRate_via_seasonalImpact,,0,3381,30,-22.43,-22.432934999999997,0.25,-0.9135,provisional-seasonalImpact/30,drbl-war-v1,2025-26-g1225-2026-08-12T15-24-09-645Z,OK
1642877,Micah Peavy,-0.76,-0.7564018666666665,-0.0035981333333334753,-0.5777,rawAbilityRate_via_seasonalImpact,,0,3928,30,-22.69,-22.692055999999997,-0.54,-0.037699999999999956,provisional-seasonalImpact/30,drbl-war-v1,2025-26-g1225-2026-08-12T15-24-09-645Z,OK
1642874,Danny Wolf,-0.76,-0.7598696,-0.00013039999999997498,-0.4679,rawAbilityRate_via_seasonalImpact,,0,4872,30,-22.79,-22.796088,-0.6,0.1321,provisional-seasonalImpact/30,drbl-war-v1,2025-26-g1225-2026-08-12T15-24-09-645Z,OK
1641748,Andre Jackson Jr.,-0.76,-0.7641833333333334,0.004183333333333428,-1.4108,rawAbilityRate_via_seasonalImpact,,0,1625,30,-22.93,-22.925500000000003,-0.34,-1.0708,provisional-seasonalImpact/30,drbl-war-v1,2025-26-g1225-2026-08-12T15-24-09-645Z,OK
1642260,Nikola Topić,-0.77,-0.7667567999999999,-0.0032432000000001127,-3.5498,rawAbilityRate_via_seasonalImpact,,0,648,30,-23,-23.002703999999998,-0.63,-2.9198,provisional-seasonalImpact/30,drbl-war-v1,2025-26-g1225-2026-08-12T15-24-09-645Z,OK
1641724,Jett Howard,-0.78,-0.7831037,0.0031036999999999315,-0.8571,rawAbilityRate_via_seasonalImpact,,0,2741,30,-23.49,-23.493111,-0.77,-0.08709999999999996,provisional-seasonalImpact/30,drbl-war-v1,2025-26-g1225-2026-08-12T15-24-09-645Z,OK
1629652,Luguentz Dort,-0.79,-0.7881992666666666,-0.0018007333333334152,-0.3106,rawAbilityRate_via_seasonalImpact,,0,7613,30,-23.65,-23.645978,-0.27,-0.04059999999999997,provisional-seasonalImpact/30,drbl-war-v1,2025-26-g1225-2026-08-12T15-24-09-645Z,OK
1628370,Malik Monk,-0.79,-0.7938119,0.003811899999999979,-0.3983,rawAbilityRate_via_seasonalImpact,,0,5979,30,-23.81,-23.814357,-0.07,-0.3283,provisional-seasonalImpact/30,drbl-war-v1,2025-26-g1225-2026-08-12T15-24-09-645Z,OK
1630590,Scotty Pippen Jr.,-0.8,-0.7962443,-0.0037557000000000285,-2.6571,rawAbilityRate_via_seasonalImpact,,0,899,30,-23.89,-23.887329,-1.33,-1.3270999999999997,provisional-seasonalImpact/30,drbl-war-v1,2025-26-g1225-2026-08-12T15-24-09-645Z,OK
1629636,Darius Garland,-0.8,-0.8043274,0.004327399999999981,-0.4206,rawAbilityRate_via_seasonalImpact,,0,5737,30,-24.13,-24.129822,-0.53,0.10940000000000005,provisional-seasonalImpact/30,drbl-war-v1,2025-26-g1225-2026-08-12T15-24-09-645Z,OK
1642259,Alex Sarr,-0.81,-0.8088464000000001,-0.0011535999999999769,-0.4454,rawAbilityRate_via_seasonalImpact,,0,5448,30,-24.27,-24.265392000000002,-0.31,-0.13540000000000002,provisional-seasonalImpact/30,drbl-war-v1,2025-26-g1225-2026-08-12T15-24-09-645Z,OK
1631132,Christian Koloko,-0.81,-0.8117322666666665,0.001732266666666482,-1.5772,rawAbilityRate_via_seasonalImpact,,0,1544,30,-24.35,-24.351967999999996,-0.7,-0.8772,provisional-seasonalImpact/30,drbl-war-v1,2025-26-g1225-2026-08-12T15-24-09-645Z,OK
1642278,Tyler Kolek,-0.81,-0.8140166666666666,0.004016666666666557,-0.845,rawAbilityRate_via_seasonalImpact,,0,2890,30,-24.42,-24.420499999999997,-0.74,-0.10499999999999998,provisional-seasonalImpact/30,drbl-war-v1,2025-26-g1225-2026-08-12T15-24-09-645Z,OK
202687,Bismack Biyombo,-0.82,-0.8168966666666667,-0.003103333333333236,-4.4558,rawAbilityRate_via_seasonalImpact,,0,550,30,-24.51,-24.5069,-1.03,-3.4257999999999997,provisional-seasonalImpact/30,drbl-war-v1,2025-26-g1225-2026-08-12T15-24-09-645Z,OK
201572,Brook Lopez,-0.82,-0.8172132333333334,-0.0027867666666665514,-0.3791,rawAbilityRate_via_seasonalImpact,,0,6467,30,-24.52,-24.516397,-0.48,0.10089999999999999,provisional-seasonalImpact/30,drbl-war-v1,2025-26-g1225-2026-08-12T15-24-09-645Z,OK
1630574,Ariel Hukporti,-0.83,-0.8253166,-0.004683400000000004,-1.2417,rawAbilityRate_via_seasonalImpact,,0,1994,30,-24.76,-24.759497999999997,-0.8,-0.4417,provisional-seasonalImpact/30,drbl-war-v1,2025-26-g1225-2026-08-12T15-24-09-645Z,OK
1630165,Killian Hayes,-0.83,-0.8267306666666666,-0.0032693333333333463,-1.4905,rawAbilityRate_via_seasonalImpact,,0,1664,30,-24.8,-24.80192,-0.15,-1.3405,provisional-seasonalImpact/30,drbl-war-v1,2025-26-g1225-2026-08-12T15-24-09-645Z,OK
1642860,Will Riley,-0.84,-0.8390113333333333,-0.0009886666666666377,-0.3695,rawAbilityRate_via_seasonalImpact,,0,6812,30,-25.17,-25.17034,0.22,-0.5895,provisional-seasonalImpact/30,drbl-war-v1,2025-26-g1225-2026-08-12T15-24-09-645Z,OK
1630322,Lindy Waters III,-0.84,-0.8448027000000001,0.00480270000000016,-2.1173,rawAbilityRate_via_seasonalImpact,,0,1197,30,-25.34,-25.344081000000003,-0.78,-1.3373000000000002,provisional-seasonalImpact/30,drbl-war-v1,2025-26-g1225-2026-08-12T15-24-09-645Z,OK
1631104,Blake Wesley,-0.85,-0.851316,0.0013159999999999838,-1.7445,rawAbilityRate_via_seasonalImpact,,0,1464,30,-25.54,-25.539479999999998,-0.78,-0.9644999999999999,provisional-seasonalImpact/30,drbl-war-v1,2025-26-g1225-2026-08-12T15-24-09-645Z,OK
200768,Kyle Lowry,-0.86,-0.8599297666666668,-0.00007023333333322501,-5.4541,rawAbilityRate_via_seasonalImpact,,0,473,30,-25.8,-25.797893000000002,-0.61,-4.8441,provisional-seasonalImpact/30,drbl-war-v1,2025-26-g1225-2026-08-12T15-24-09-645Z,OK
203083,Andre Drummond,-0.86,-0.8618458666666666,0.0018458666666666401,-0.5042,rawAbilityRate_via_seasonalImpact,,0,5128,30,-25.86,-25.855376,-0.21,-0.2942,provisional-seasonalImpact/30,drbl-war-v1,2025-26-g1225-2026-08-12T15-24-09-645Z,OK
1642883,Sion James,-0.87,-0.8726725,0.0026724999999999666,-0.3525,rawAbilityRate_via_seasonalImpact,,0,7427,30,-26.18,-26.180175,-0.38,0.027500000000000024,provisional-seasonalImpact/30,drbl-war-v1,2025-26-g1225-2026-08-12T15-24-09-645Z,OK
1642358,AJ Johnson,-0.88,-0.8841184333333332,0.004118433333333171,-1.4161,rawAbilityRate_via_seasonalImpact,,0,1873,30,-26.52,-26.523552999999996,-0.81,-0.6060999999999999,provisional-seasonalImpact/30,drbl-war-v1,2025-26-g1225-2026-08-12T15-24-09-645Z,OK
1627739,Kris Dunn,-0.89,-0.8871155999999999,-0.00288440000000012,-0.2961,rawAbilityRate_via_seasonalImpact,,0,8988,30,-26.61,-26.613467999999997,-0.25,-0.046099999999999974,provisional-seasonalImpact/30,drbl-war-v1,2025-26-g1225-2026-08-12T15-24-09-645Z,OK
1641731,Bilal Coulibaly,-0.9,-0.8952760000000001,-0.0047239999999999505,-0.4223,rawAbilityRate_via_seasonalImpact,,0,6360,30,-26.86,-26.85828,-0.47,0.047699999999999965,provisional-seasonalImpact/30,drbl-war-v1,2025-26-g1225-2026-08-12T15-24-09-645Z,OK
1642354,KJ Simpson,-0.9,-0.9001815,0.0001814999999999456,-2.5695,rawAbilityRate_via_seasonalImpact,,0,1051,30,-27.01,-27.005444999999998,-1.09,-1.4795,provisional-seasonalImpact/30,drbl-war-v1,2025-26-g1225-2026-08-12T15-24-09-645Z,OK
1631222,Jake LaRavia,-0.9,-0.9025856999999999,0.002585699999999913,-0.3177,rawAbilityRate_via_seasonalImpact,,0,8523,30,-27.08,-27.077571,-0.28,-0.037699999999999956,provisional-seasonalImpact/30,drbl-war-v1,2025-26-g1225-2026-08-12T15-24-09-645Z,OK
1631200,Kris Murray,-0.92,-0.9214397999999999,0.00143979999999988,-0.4946,rawAbilityRate_via_seasonalImpact,,0,5589,30,-27.64,-27.643193999999998,-0.23,-0.26459999999999995,provisional-seasonalImpact/30,drbl-war-v1,2025-26-g1225-2026-08-12T15-24-09-645Z,OK
1630192,Zeke Nnaji,-0.93,-0.9262955333333334,-0.0037044666666666837,-1.1246,rawAbilityRate_via_seasonalImpact,,0,2471,30,-27.79,-27.788866000000002,-0.43,-0.6946000000000001,provisional-seasonalImpact/30,drbl-war-v1,2025-26-g1225-2026-08-12T15-24-09-645Z,OK
1630174,Aaron Nesmith,-0.93,-0.9284447999999998,-0.0015552000000002009,-0.4896,rawAbilityRate_via_seasonalImpact,,0,5689,30,-27.85,-27.853343999999996,-0.28,-0.20959999999999995,provisional-seasonalImpact/30,drbl-war-v1,2025-26-g1225-2026-08-12T15-24-09-645Z,OK
1631212,Peyton Watson,-0.93,-0.9297397,-0.0002603000000001021,-0.4259,rawAbilityRate_via_seasonalImpact,,0,6549,30,-27.89,-27.892190999999997,-0.37,-0.055900000000000005,provisional-seasonalImpact/30,drbl-war-v1,2025-26-g1225-2026-08-12T15-24-09-645Z,OK
1642355,Bronny James,-0.93,-0.9331962666666667,0.003196266666666614,-1.8764,rawAbilityRate_via_seasonalImpact,,0,1492,30,-28,-27.995888,-0.91,-0.9664,provisional-seasonalImpact/30,drbl-war-v1,2025-26-g1225-2026-08-12T15-24-09-645Z,OK
203935,Marcus Smart,-0.94,-0.9354734666666666,-0.004526533333333305,-0.3811,rawAbilityRate_via_seasonalImpact,,0,7364,30,-28.06,-28.064204,-0.96,0.5789,provisional-seasonalImpact/30,drbl-war-v1,2025-26-g1225-2026-08-12T15-24-09-645Z,OK
1629656,Quentin Grimes,-0.95,-0.9482048333333334,-0.00179516666666657,-0.3095,rawAbilityRate_via_seasonalImpact,,0,9191,30,-28.44,-28.446145,-0.21,-0.0995,provisional-seasonalImpact/30,drbl-war-v1,2025-26-g1225-2026-08-12T15-24-09-645Z,OK
1630570,Trendon Watford,-0.95,-0.9481511,-0.0018488999999999312,-0.7527,rawAbilityRate_via_seasonalImpact,,0,3779,30,-28.44,-28.444533,-0.82,0.06729999999999992,provisional-seasonalImpact/30,drbl-war-v1,2025-26-g1225-2026-08-12T15-24-09-645Z,OK
1641738,Kobe Brown,-0.95,-0.9527411666666666,0.0027411666666666834,-0.7205,rawAbilityRate_via_seasonalImpact,,0,3967,30,-28.58,-28.582235,-0.48,-0.24050000000000005,provisional-seasonalImpact/30,drbl-war-v1,2025-26-g1225-2026-08-12T15-24-09-645Z,OK
1641723,Kobe Bufkin,-0.96,-0.9583672999999998,-0.0016327000000001535,-5.9037,rawAbilityRate_via_seasonalImpact,,0,487,30,-28.75,-28.751018999999996,-1.15,-4.7537,provisional-seasonalImpact/30,drbl-war-v1,2025-26-g1225-2026-08-12T15-24-09-645Z,OK
201567,Kevin Love,-0.98,-0.9849350000000001,0.004935000000000134,-1.1046,rawAbilityRate_via_seasonalImpact,,0,2675,30,-29.55,-29.548050000000003,-1,-0.10460000000000003,provisional-seasonalImpact/30,drbl-war-v1,2025-26-g1225-2026-08-12T15-24-09-645Z,OK
1642450,Daniss Jenkins,-0.99,-0.9946056,0.0046055999999999875,-0.4993,rawAbilityRate_via_seasonalImpact,,0,5976,30,-29.84,-29.838168,-0.23,-0.2693,provisional-seasonalImpact/30,drbl-war-v1,2025-26-g1225-2026-08-12T15-24-09-645Z,OK
1627827,Dorian Finney-Smith,-1.02,-1.0168363333333332,-0.0031636666666667868,-1.211,rawAbilityRate_via_seasonalImpact,,0,2519,30,-30.51,-30.50509,-0.88,-0.33100000000000007,provisional-seasonalImpact/30,drbl-war-v1,2025-26-g1225-2026-08-12T15-24-09-645Z,OK
203994,Jusuf Nurkić,-1.04,-1.0437357666666667,0.00373576666666664,-0.6563,rawAbilityRate_via_seasonalImpact,,0,4771,30,-31.31,-31.312073,-0.39,-0.2663,provisional-seasonalImpact/30,drbl-war-v1,2025-26-g1225-2026-08-12T15-24-09-645Z,OK
101108,Chris Paul,-1.05,-1.0521426666666667,0.002142666666666626,-3.4309,rawAbilityRate_via_seasonalImpact,,0,920,30,-31.56,-31.56428,-1.98,-1.4508999999999999,provisional-seasonalImpact/30,drbl-war-v1,2025-26-g1225-2026-08-12T15-24-09-645Z,OK
1630171,Isaac Okoro,-1.09,-1.0930281999999998,0.0030281999999997034,-0.4503,rawAbilityRate_via_seasonalImpact,,0,7282,30,-32.79,-32.790845999999995,-0.27,-0.18029999999999996,provisional-seasonalImpact/30,drbl-war-v1,2025-26-g1225-2026-08-12T15-24-09-645Z,OK
1641737,Adem Bona,-1.1,-1.1047927000000002,0.004792700000000094,-0.6457,rawAbilityRate_via_seasonalImpact,,0,5133,30,-33.14,-33.143781000000004,-0.31,-0.33570000000000005,provisional-seasonalImpact/30,drbl-war-v1,2025-26-g1225-2026-08-12T15-24-09-645Z,OK
1630552,Jalen Johnson,-1.14,-1.138596,-0.0014039999999999608,-0.3176,rawAbilityRate_via_seasonalImpact,,0,10755,30,-34.16,-34.15788,-0.33,0.012400000000000022,provisional-seasonalImpact/30,drbl-war-v1,2025-26-g1225-2026-08-12T15-24-09-645Z,OK
1642274,Yves Missi,-1.14,-1.1426539,0.002653900000000098,-0.6411,rawAbilityRate_via_seasonalImpact,,0,5347,30,-34.28,-34.279617,-0.51,-0.1311,provisional-seasonalImpact/30,drbl-war-v1,2025-26-g1225-2026-08-12T15-24-09-645Z,OK
1630579,Jericho Sims,-1.15,-1.1506161333333333,0.0006161333333334351,-0.6524,rawAbilityRate_via_seasonalImpact,,0,5291,30,-34.52,-34.518484,-0.19,-0.4624,provisional-seasonalImpact/30,drbl-war-v1,2025-26-g1225-2026-08-12T15-24-09-645Z,OK
1629618,Jalen Pickett,-1.15,-1.1530800666666667,0.0030800666666668253,-1.0634,rawAbilityRate_via_seasonalImpact,,0,3253,30,-34.59,-34.592402,-0.69,-0.37339999999999995,provisional-seasonalImpact/30,drbl-war-v1,2025-26-g1225-2026-08-12T15-24-09-645Z,OK
201587,Nicolas Batum,-1.15,-1.153866,0.003866000000000147,-0.662,rawAbilityRate_via_seasonalImpact,,0,5229,30,-34.61,-34.61598,-0.55,-0.11199999999999999,provisional-seasonalImpact/30,drbl-war-v1,2025-26-g1225-2026-08-12T15-24-09-645Z,OK
1631099,Keegan Murray,-1.2,-1.1958651333333334,-0.004134866666666515,-1.0586,rawAbilityRate_via_seasonalImpact,,0,3389,30,-35.87,-35.875954,-0.74,-0.3186,provisional-seasonalImpact/30,drbl-war-v1,2025-26-g1225-2026-08-12T15-24-09-645Z,OK
1631213,Tyrese Martin,-1.2,-1.2003378333333332,0.0003378333333332595,-1.1795,rawAbilityRate_via_seasonalImpact,,0,3053,30,-36.01,-36.010135,-0.8,-0.37949999999999995,provisional-seasonalImpact/30,drbl-war-v1,2025-26-g1225-2026-08-12T15-24-09-645Z,OK
1627824,Guerschon Yabusele,-1.21,-1.2145408000000002,0.0045408000000002335,-0.8448,rawAbilityRate_via_seasonalImpact,,0,4313,30,-36.44,-36.436224,-0.76,-0.08479999999999999,provisional-seasonalImpact/30,drbl-war-v1,2025-26-g1225-2026-08-12T15-24-09-645Z,OK
1629631,De'Andre Hunter,-1.23,-1.2319373666666666,0.0019373666666666622,-0.7349,rawAbilityRate_via_seasonalImpact,,0,5029,30,-36.96,-36.958121,-0.88,0.1451,provisional-seasonalImpact/30,drbl-war-v1,2025-26-g1225-2026-08-12T15-24-09-645Z,OK
1630598,Aaron Wiggins,-1.3,-1.2965303999999997,-0.0034696000000002947,-0.6597,rawAbilityRate_via_seasonalImpact,,0,5896,30,-38.9,-38.895911999999996,-0.43,-0.22969999999999996,provisional-seasonalImpact/30,drbl-war-v1,2025-26-g1225-2026-08-12T15-24-09-645Z,OK
1642856,Egor Dëmin,-1.3,-1.2991455333333335,-0.0008544666666665535,-0.7247,rawAbilityRate_via_seasonalImpact,,0,5378,30,-38.97,-38.974366,-0.51,-0.2147,provisional-seasonalImpact/30,drbl-war-v1,2025-26-g1225-2026-08-12T15-24-09-645Z,OK
1629018,Gary Trent Jr.,-1.31,-1.3056283333333334,-0.004371666666666663,-0.6902,rawAbilityRate_via_seasonalImpact,,0,5675,30,-39.17,-39.16885,-0.47,-0.22020000000000006,provisional-seasonalImpact/30,drbl-war-v1,2025-26-g1225-2026-08-12T15-24-09-645Z,OK
1631126,Caleb Love,-1.33,-1.3264328,-0.0035671999999999926,-0.9394,rawAbilityRate_via_seasonalImpact,,0,4236,30,-39.79,-39.792984000000004,-0.46,-0.4794,provisional-seasonalImpact/30,drbl-war-v1,2025-26-g1225-2026-08-12T15-24-09-645Z,OK
1630610,DeJon Jarreau,-1.33,-1.3339458666666668,0.003945866666666742,-4.1992,rawAbilityRate_via_seasonalImpact,,0,953,30,-40.02,-40.018376,-1.23,-2.9692000000000003,provisional-seasonalImpact/30,drbl-war-v1,2025-26-g1225-2026-08-12T15-24-09-645Z,OK
1642920,Kobe Sanders,-1.36,-1.3577766666666666,-0.002223333333333466,-0.7474,rawAbilityRate_via_seasonalImpact,,0,5450,30,-40.73,-40.7333,-1.25,0.5026,provisional-seasonalImpact/30,drbl-war-v1,2025-26-g1225-2026-08-12T15-24-09-645Z,OK
1629611,Terance Mann,-1.37,-1.3739583333333334,0.003958333333333286,-0.6595,rawAbilityRate_via_seasonalImpact,,0,6250,30,-41.22,-41.21875,-0.43,-0.22949999999999998,provisional-seasonalImpact/30,drbl-war-v1,2025-26-g1225-2026-08-12T15-24-09-645Z,OK
1631097,Bennedict Mathurin,-1.39,-1.3895109,-0.000489099999999798,-0.6151,rawAbilityRate_via_seasonalImpact,,0,6777,30,-41.69,-41.685327,-0.22,-0.3951,provisional-seasonalImpact/30,drbl-war-v1,2025-26-g1225-2026-08-12T15-24-09-645Z,OK
1642868,Carter Bryant,-1.39,-1.3928569000000002,0.002856900000000273,-1.2403,rawAbilityRate_via_seasonalImpact,,0,3369,30,-41.79,-41.785707,-0.81,-0.4302999999999999,provisional-seasonalImpact/30,drbl-war-v1,2025-26-g1225-2026-08-12T15-24-09-645Z,OK
1629216,Gabe Vincent,-1.39,-1.3927815000000001,0.0027815000000002144,-1.1205,rawAbilityRate_via_seasonalImpact,,0,3729,30,-41.79,-41.783445,-0.7,-0.4205000000000001,provisional-seasonalImpact/30,drbl-war-v1,2025-26-g1225-2026-08-12T15-24-09-645Z,OK
1642905,Yang Hansen,-1.43,-1.4309784,0.000978400000000157,-3.5073,rawAbilityRate_via_seasonalImpact,,0,1224,30,-42.93,-42.929352,-2.05,-1.4573,provisional-seasonalImpact/30,drbl-war-v1,2025-26-g1225-2026-08-12T15-24-09-645Z,OK
1629020,Jarred Vanderbilt,-1.45,-1.4471022999999998,-0.002897700000000114,-0.9107,rawAbilityRate_via_seasonalImpact,,0,4767,30,-43.41,-43.41306899999999,-0.47,-0.4407,provisional-seasonalImpact/30,drbl-war-v1,2025-26-g1225-2026-08-12T15-24-09-645Z,OK
1630578,Alperen Sengun,-1.46,-1.4622449333333334,0.002244933333333421,-0.4508,rawAbilityRate_via_seasonalImpact,,0,9731,30,-43.87,-43.867348,-0.48,0.029200000000000004,provisional-seasonalImpact/30,drbl-war-v1,2025-26-g1225-2026-08-12T15-24-09-645Z,OK
1641854,Craig Porter Jr.,-1.48,-1.4778035999999999,-0.0021964000000000983,-0.9369,rawAbilityRate_via_seasonalImpact,,0,4732,30,-44.33,-44.33410799999999,-0.59,-0.3469,provisional-seasonalImpact/30,drbl-war-v1,2025-26-g1225-2026-08-12T15-24-09-645Z,OK
1628971,Bruce Brown,-1.48,-1.4799523666666667,-0.00004763333333324127,-0.5501,rawAbilityRate_via_seasonalImpact,,0,8071,30,-44.4,-44.398571000000004,-0.3,-0.25010000000000004,provisional-seasonalImpact/30,drbl-war-v1,2025-26-g1225-2026-08-12T15-24-09-645Z,OK
1631246,Vince Williams Jr.,-1.48,-1.4821722666666668,0.002172266666666811,-1.3297,rawAbilityRate_via_seasonalImpact,,0,3344,30,-44.46,-44.465168000000006,-0.33,-0.9997,provisional-seasonalImpact/30,drbl-war-v1,2025-26-g1225-2026-08-12T15-24-09-645Z,OK
1628398,Kyle Kuzma,-1.48,-1.4831589,0.0031589000000000755,-0.5877,rawAbilityRate_via_seasonalImpact,,0,7571,30,-44.5,-44.494767,-0.43,-0.1577,provisional-seasonalImpact/30,drbl-war-v1,2025-26-g1225-2026-08-12T15-24-09-645Z,OK
1626145,Tyus Jones,-1.49,-1.4874319999999996,-0.0025680000000003478,-1.0937,rawAbilityRate_via_seasonalImpact,,0,4080,30,-44.62,-44.62295999999999,-0.61,-0.4836999999999999,provisional-seasonalImpact/30,drbl-war-v1,2025-26-g1225-2026-08-12T15-24-09-645Z,OK
1630558,Davion Mitchell,-1.49,-1.490137533333333,0.00013753333333310636,-0.5231,rawAbilityRate_via_seasonalImpact,,0,8546,30,-44.7,-44.704125999999995,-0.62,0.09689999999999999,provisional-seasonalImpact/30,drbl-war-v1,2025-26-g1225-2026-08-12T15-24-09-645Z,OK
1642880,Kam Jones,-1.49,-1.4928204999999999,0.0028204999999998925,-1.7205,rawAbilityRate_via_seasonalImpact,,0,2603,30,-44.79,-44.784614999999995,-0.82,-0.9005,provisional-seasonalImpact/30,drbl-war-v1,2025-26-g1225-2026-08-12T15-24-09-645Z,OK
1642273,Kyshawn George,-1.52,-1.5179470333333331,-0.0020529666666668778,-0.7691,rawAbilityRate_via_seasonalImpact,,0,5921,30,-45.54,-45.538410999999996,-0.82,0.050899999999999945,provisional-seasonalImpact/30,drbl-war-v1,2025-26-g1225-2026-08-12T15-24-09-645Z,OK
1629673,Jordan Poole,-1.52,-1.5194696,-0.0005303999999999309,-1.1416,rawAbilityRate_via_seasonalImpact,,0,3993,30,-45.59,-45.584088,-0.66,-0.4815999999999999,provisional-seasonalImpact/30,drbl-war-v1,2025-26-g1225-2026-08-12T15-24-09-645Z,OK
1631094,Paolo Banchero,-1.52,-1.5214603999999998,0.0014603999999998063,-0.4558,rawAbilityRate_via_seasonalImpact,,0,10014,30,-45.65,-45.643812,-0.38,-0.07579999999999998,provisional-seasonalImpact/30,drbl-war-v1,2025-26-g1225-2026-08-12T15-24-09-645Z,OK
1630175,Cole Anthony,-1.54,-1.5357986666666668,-0.004201333333333279,-2.1733,rawAbilityRate_via_seasonalImpact,,0,2120,30,-46.07,-46.07396,-1.33,-0.8432999999999997,provisional-seasonalImpact/30,drbl-war-v1,2025-26-g1225-2026-08-12T15-24-09-645Z,OK
1630529,Herbert Jones,-1.58,-1.5796736666666666,-0.0003263333333334284,-0.707,rawAbilityRate_via_seasonalImpact,,0,6703,30,-47.39,-47.390209999999996,-0.89,0.18300000000000005,provisional-seasonalImpact/30,drbl-war-v1,2025-26-g1225-2026-08-12T15-24-09-645Z,OK
201144,Mike Conley,-1.62,-1.6184922666666668,-0.0015077333333333165,-1.1768,rawAbilityRate_via_seasonalImpact,,0,4126,30,-48.55,-48.554768,-0.72,-0.4568000000000001,provisional-seasonalImpact/30,drbl-war-v1,2025-26-g1225-2026-08-12T15-24-09-645Z,OK
1629630,Ja Morant,-1.64,-1.6368516666666666,-0.0031483333333333086,-2.015,rawAbilityRate_via_seasonalImpact,,0,2437,30,-49.1,-49.10555,-0.77,-1.245,provisional-seasonalImpact/30,drbl-war-v1,2025-26-g1225-2026-08-12T15-24-09-645Z,OK
1641722,Jordan Hawkins,-1.65,-1.6504605,0.00046050000000019686,-1.7355,rawAbilityRate_via_seasonalImpact,,0,2853,30,-49.52,-49.513815,-1.54,-0.1955,provisional-seasonalImpact/30,drbl-war-v1,2025-26-g1225-2026-08-12T15-24-09-645Z,OK
1630208,Nick Richards,-1.69,-1.6883445000000001,-0.00165549999999981,-1.7679,rawAbilityRate_via_seasonalImpact,,0,2865,30,-50.65,-50.650335000000005,-1.6,-0.16789999999999994,provisional-seasonalImpact/30,drbl-war-v1,2025-26-g1225-2026-08-12T15-24-09-645Z,OK
1631321,Sidy Cissoko,-1.72,-1.7185941,-0.00140589999999996,-0.8563,rawAbilityRate_via_seasonalImpact,,0,6021,30,-51.56,-51.557823,-0.59,-0.2663,provisional-seasonalImpact/30,drbl-war-v1,2025-26-g1225-2026-08-12T15-24-09-645Z,OK
1630560,Cam Thomas,-1.74,-1.7413078000000002,0.0013078000000001921,-1.5177,rawAbilityRate_via_seasonalImpact,,0,3442,30,-52.24,-52.239234,-0.34,-1.1777,provisional-seasonalImpact/30,drbl-war-v1,2025-26-g1225-2026-08-12T15-24-09-645Z,OK
1641712,Rayan Rupert,-1.76,-1.7609412333333334,0.0009412333333334022,-1.1737,rawAbilityRate_via_seasonalImpact,,0,4501,30,-52.83,-52.828237,-0.75,-0.42369999999999997,provisional-seasonalImpact/30,drbl-war-v1,2025-26-g1225-2026-08-12T15-24-09-645Z,OK
1627747,Caris LeVert,-1.83,-1.8303264,0.00032639999999983793,-1.1673,rawAbilityRate_via_seasonalImpact,,0,4704,30,-54.91,-54.909791999999996,-0.29,-0.8773,provisional-seasonalImpact/30,drbl-war-v1,2025-26-g1225-2026-08-12T15-24-09-645Z,OK
1626156,D'Angelo Russell,-1.92,-1.9163970000000001,-0.003602999999999801,-2.8818,rawAbilityRate_via_seasonalImpact,,0,1995,30,-57.49,-57.491910000000004,-1.2,-1.6818000000000002,provisional-seasonalImpact/30,drbl-war-v1,2025-26-g1225-2026-08-12T15-24-09-645Z,OK
1631170,Jaime Jaquez Jr.,-1.94,-1.9443109333333335,0.004310933333333544,-0.6407,rawAbilityRate_via_seasonalImpact,,0,9104,30,-58.33,-58.329328000000004,-0.65,0.009299999999999975,provisional-seasonalImpact/30,drbl-war-v1,2025-26-g1225-2026-08-12T15-24-09-645Z,OK
1628366,Lonzo Ball,-1.98,-1.9786618333333337,-0.0013381666666663072,-1.9367,rawAbilityRate_via_seasonalImpact,,0,3065,30,-59.36,-59.35985500000001,-1.48,-0.4567000000000001,provisional-seasonalImpact/30,drbl-war-v1,2025-26-g1225-2026-08-12T15-24-09-645Z,OK
1642347,Jamal Shead,-1.99,-1.9923061000000002,0.0023061000000001997,-0.7853,rawAbilityRate_via_seasonalImpact,,0,7611,30,-59.77,-59.769183000000005,-0.5,-0.2853,provisional-seasonalImpact/30,drbl-war-v1,2025-26-g1225-2026-08-12T15-24-09-645Z,OK
1642264,Stephon Castle,-2.03,-2.034711066666666,0.004711066666666319,-0.7292,rawAbilityRate_via_seasonalImpact,,0,8371,30,-61.05,-61.04133199999999,-0.66,-0.06919999999999993,provisional-seasonalImpact/30,drbl-war-v1,2025-26-g1225-2026-08-12T15-24-09-645Z,OK
1629614,Andrew Nembhard,-2.07,-2.0710685666666664,0.0010685666666665483,-0.8411,rawAbilityRate_via_seasonalImpact,,0,7387,30,-62.13,-62.132056999999996,-0.54,-0.3010999999999999,provisional-seasonalImpact/30,drbl-war-v1,2025-26-g1225-2026-08-12T15-24-09-645Z,OK
1630311,Pat Spencer,-2.13,-2.132676,0.0026760000000001227,-1.274,rawAbilityRate_via_seasonalImpact,,0,5022,30,-63.98,-63.98028,-0.69,-0.5840000000000001,provisional-seasonalImpact/30,drbl-war-v1,2025-26-g1225-2026-08-12T15-24-09-645Z,OK
1642942,Jahmai Mashack,-2.15,-2.1546025,0.004602500000000287,-2.3293,rawAbilityRate_via_seasonalImpact,,0,2775,30,-64.64,-64.638075,-0.71,-1.6193,provisional-seasonalImpact/30,drbl-war-v1,2025-26-g1225-2026-08-12T15-24-09-645Z,OK
1642962,Drake Powell,-2.17,-2.1695520000000004,-0.00044799999999955986,-1.232,rawAbilityRate_via_seasonalImpact,,0,5283,30,-65.09,-65.08656,-0.72,-0.512,provisional-seasonalImpact/30,drbl-war-v1,2025-26-g1225-2026-08-12T15-24-09-645Z,OK
1630544,Tre Mann,-2.24,-2.2373496000000004,-0.0026503999999998307,-2.4786,rawAbilityRate_via_seasonalImpact,,0,2708,30,-67.12,-67.12048800000001,-1.18,-1.2986000000000002,provisional-seasonalImpact/30,drbl-war-v1,2025-26-g1225-2026-08-12T15-24-09-645Z,OK
1642848,Tre Johnson,-2.3,-2.299616,-0.00038399999999993994,-1.128,rawAbilityRate_via_seasonalImpact,,0,6116,30,-68.99,-68.98848,-0.25,-0.8779999999999999,provisional-seasonalImpact/30,drbl-war-v1,2025-26-g1225-2026-08-12T15-24-09-645Z,OK
1642847,Jeremiah Fears,-2.39,-2.3861125999999997,-0.0038874000000004294,-0.7991,rawAbilityRate_via_seasonalImpact,,0,8958,30,-71.58,-71.583378,-0.51,-0.2891,provisional-seasonalImpact/30,drbl-war-v1,2025-26-g1225-2026-08-12T15-24-09-645Z,OK
1641716,Jarace Walker,-2.44,-2.4350637333333336,-0.004936266666666356,-0.8732,rawAbilityRate_via_seasonalImpact,,0,8366,30,-73.05,-73.051912,-0.56,-0.3131999999999999,provisional-seasonalImpact/30,drbl-war-v1,2025-26-g1225-2026-08-12T15-24-09-645Z,OK
1630172,Patrick Williams,-2.46,-2.4648228333333333,0.004822833333333332,-1.1581,rawAbilityRate_via_seasonalImpact,,0,6385,30,-73.94,-73.94468499999999,-0.83,-0.32809999999999995,provisional-seasonalImpact/30,drbl-war-v1,2025-26-g1225-2026-08-12T15-24-09-645Z,OK
1642879,Ben Saraf,-2.59,-2.591815666666667,0.001815666666667326,-2.063,rawAbilityRate_via_seasonalImpact,,0,3769,30,-77.75,-77.75447000000001,-1.72,-0.3430000000000002,provisional-seasonalImpact/30,drbl-war-v1,2025-26-g1225-2026-08-12T15-24-09-645Z,OK
1642846,Ace Bailey,-2.63,-2.631760733333333,0.0017607333333331532,-0.9217,rawAbilityRate_via_seasonalImpact,,0,8566,30,-78.95,-78.952822,-0.91,-0.011699999999999933,provisional-seasonalImpact/30,drbl-war-v1,2025-26-g1225-2026-08-12T15-24-09-645Z,OK
1642363,Nique Clifford,-2.65,-2.6486571666666667,-0.0013428333333331821,-1.0085,rawAbilityRate_via_seasonalImpact,,0,7879,30,-79.46,-79.459715,-0.5,-0.5085,provisional-seasonalImpact/30,drbl-war-v1,2025-26-g1225-2026-08-12T15-24-09-645Z,OK
203114,Khris Middleton,-2.83,-2.8270490666666666,-0.0029509333333335164,-1.3786,rawAbilityRate_via_seasonalImpact,,0,6152,30,-84.81,-84.811472,-1,-0.37860000000000005,provisional-seasonalImpact/30,drbl-war-v1,2025-26-g1225-2026-08-12T15-24-09-645Z,OK
1631107,Nikola Jović,-2.97,-2.9660074,-0.003992600000000124,-2.4834,rawAbilityRate_via_seasonalImpact,,0,3583,30,-88.98,-88.980222,-0.97,-1.5134,provisional-seasonalImpact/30,drbl-war-v1,2025-26-g1225-2026-08-12T15-24-09-645Z,OK
1642268,Isaiah Collier,-3.03,-3.0267506666666666,-0.0032493333333332153,-1.4459,rawAbilityRate_via_seasonalImpact,,0,6280,30,-90.81,-90.80252,-0.89,-0.5559,provisional-seasonalImpact/30,drbl-war-v1,2025-26-g1225-2026-08-12T15-24-09-645Z,OK
1630581,Josh Giddey,-3.07,-3.0721502999999997,0.0021502999999998273,-1.2333,rawAbilityRate_via_seasonalImpact,,0,7473,30,-92.16,-92.164509,-0.45,-0.7833000000000001,provisional-seasonalImpact/30,drbl-war-v1,2025-26-g1225-2026-08-12T15-24-09-645Z,OK
1642265,Rob Dillingham,-3.21,-3.2126050999999998,0.002605099999999805,-2.2513,rawAbilityRate_via_seasonalImpact,,0,4281,30,-96.38,-96.378153,-1.18,-1.0713000000000001,provisional-seasonalImpact/30,drbl-war-v1,2025-26-g1225-2026-08-12T15-24-09-645Z,OK
1642383,Walter Clayton Jr.,-3.22,-3.2201919999999995,0.00019199999999930384,-1.648,rawAbilityRate_via_seasonalImpact,,0,5862,30,-96.61,-96.60575999999999,-0.66,-0.9879999999999999,provisional-seasonalImpact/30,drbl-war-v1,2025-26-g1225-2026-08-12T15-24-09-645Z,OK
1642262,Cody Williams,-3.25,-3.250278933333333,0.0002789333333330646,-1.4032,rawAbilityRate_via_seasonalImpact,,0,6949,30,-97.51,-97.50836799999999,-0.81,-0.5932,provisional-seasonalImpact/30,drbl-war-v1,2025-26-g1225-2026-08-12T15-24-09-645Z,OK
1631172,Ousmane Dieng,-3.28,-3.2765872666666667,-0.00341273333333314,-2.1661,rawAbilityRate_via_seasonalImpact,,0,4538,30,-98.3,-98.297618,-0.88,-1.2861000000000002,provisional-seasonalImpact/30,drbl-war-v1,2025-26-g1225-2026-08-12T15-24-09-645Z,OK
203471,Dennis Schröder,-3.3,-3.2961749333333334,-0.003825066666666377,-1.3904,rawAbilityRate_via_seasonalImpact,,0,7112,30,-98.89,-98.885248,-0.73,-0.6604000000000001,provisional-seasonalImpact/30,drbl-war-v1,2025-26-g1225-2026-08-12T15-24-09-645Z,OK
1642948,Ryan Nembhard,-3.42,-3.424150633333334,0.004150633333333875,-2.1089,rawAbilityRate_via_seasonalImpact,,0,4871,30,-102.72,-102.72451900000002,-1.52,-0.5889000000000002,provisional-seasonalImpact/30,drbl-war-v1,2025-26-g1225-2026-08-12T15-24-09-645Z,OK
1642852,Derik Queen,-3.83,-3.8321822000000005,0.002182200000000467,-1.3097,rawAbilityRate_via_seasonalImpact,,0,8778,30,-114.96,-114.96546600000002,-1.09,-0.2197,provisional-seasonalImpact/30,drbl-war-v1,2025-26-g1225-2026-08-12T15-24-09-645Z,OK
1642849,Nolan Traore,-4.32,-4.3169604,-0.003039600000000142,-2.5686,rawAbilityRate_via_seasonalImpact,,0,5042,30,-129.51,-129.508812,-1.24,-1.3286,provisional-seasonalImpact/30,drbl-war-v1,2025-26-g1225-2026-08-12T15-24-09-645Z,OK
201566,Russell Westbrook,-5.12,-5.120259333333333,0.0002593333333331671,-1.9988,rawAbilityRate_via_seasonalImpact,,0,7685,30,-153.61,-153.60778,-1.72,-0.27879999999999994,provisional-seasonalImpact/30,drbl-war-v1,2025-26-g1225-2026-08-12T15-24-09-645Z,OK
203110,Draymond Green,-5.22,-5.2179192,-0.0020807999999998827,-2.0319,rawAbilityRate_via_seasonalImpact,,0,7704,30,-156.53,-156.537576,-1.31,-0.7218999999999998,provisional-seasonalImpact/30,drbl-war-v1,2025-26-g1225-2026-08-12T15-24-09-645Z,OK
1642267,Bub Carrington,-5.67,-5.6663435,-0.0036564999999999515,-1.7643,rawAbilityRate_via_seasonalImpact,,0,9635,30,-169.99,-169.990305,-1.16,-0.6043000000000001,provisional-seasonalImpact/30,drbl-war-v1,2025-26-g1225-2026-08-12T15-24-09-645Z,OK
